,0.39123,0.40907,0.4269,0.44474,0.46257,0.48041,0.51608,0.53391,0.55175,0.58742,0.60525,0.64092,0.67659,0.69443,0.7301,0.76577,0.80144,0.83711,0.87278,0.90845,0.96195,0.99762,1.05113,1.0868,1.1403,1.19381,1.24731,1.30082,1.35432,1.42566,1.47917,1.54338,1.62898,1.68606,1.77166,1.85727,1.94288,2.02849,2.1141,2.1997,2.31385,2.39946,2.5136,2.62774,2.74189,2.88457,2.99871,3.14139,3.28407,3.42675,3.59797,3.76918,3.91186,4.11162,4.28283,4.48258,4.68234,4.88209,5.11038,5.33866,5.59549,5.85231,6.10914,6.36596,6.67986,6.96522,7.27911,7.62154,7.96398,8.30641,8.67738,9.07688,9.47638,9.90442,10.361,10.8176,11.3027,11.8163,12.3585,12.9292,13.5,14.0992,14.727,15.4119,16.0967,16.8101,17.5806,18.3796,19.2072,20.0632,20.9764,21.9181,22.8883,23.9441,25,26.1414,27.3114,28.5384,29.8225,31.1637,32.562,34.0459,35.5583,37.1848,38.8399,40.6092,42.4355,44.3188,46.3164,48.3995,50.5968
1e-08,17.0048,16.6803,14.7029,12.5563,8.82965,4.87824,0.98829,0.549802,0.323932,0.0426917,0.031571,0.0147694,0.0091953,0.00751713,0.00573836,0.00440398,0.00361875,0.00307455,0.00267909,0.00238064,0.002048,0.00188808,0.00168399,0.00157776,0.00144612,0.00133842,0.00124868,0.00117252,0.00110626,0.00103225,0.000983677,0.000931552,0.000872306,0.000836933,0.00078981,0.000748171,0.000711343,0.000677948,0.000648094,0.000620903,0.000588103,0.000565976,0.000538899,0.000514547,0.000492224,0.000467274,0.000448886,0.000427849,0.000408928,0.000391554,0.000372693,0.000355467,0.000342415,0.00032559,0.000312444,0.000298444,0.000285653,0.000273922,0.000261691,0.000250464,0.000238816,0.00024494,0.000234642,0.000225176,0.000214595,0.000205803,0.000196928,0.00018808,0.000179993,0.000172573,0.000165195,0.000157925,0.000151267,0.00014473,0.000138352,0.000132512,0.000126825,0.000121312,0.00011599,0.00011087,0.000106183,0.00010167,9.73356e-05,9.30103e-05,8.9053e-05,8.52737e-05,8.15366e-05,7.79919e-05,7.46317e-05,7.14472e-05,6.83369e-05,6.54009e-05,6.26286e-05,5.98669e-05,5.73386e-05,5.48349e-05,5.24859e-05,5.02292e-05,4.80664e-05,4.59978e-05,4.40225e-05,4.21038e-05,4.0313e-05,3.85496e-05,3.69069e-05,3.5299e-05,3.37798e-05,3.23443e-05,3.09494e-05,2.96173e-05,2.83311e-05
1.16e-08,17.5066,17.2042,15.3165,13.269,9.55185,5.59733,1.25836,0.724043,0.424675,0.0534935,0.0395382,0.0184787,0.0115004,0.00940068,0.00717563,0.00550661,0.00452457,0.00384405,0.00334955,0.00297636,0.00256043,0.00236049,0.00210531,0.00197249,0.00180791,0.00167326,0.00156106,0.00146584,0.00138299,0.00129047,0.00122975,0.00116458,0.00109052,0.00104629,0.00098738,0.000935318,0.000889281,0.000847533,0.000810211,0.000776221,0.000735214,0.000707552,0.000673703,0.000643255,0.000615348,0.000584158,0.000561174,0.000534872,0.000511219,0.000489499,0.000465918,0.000444385,0.000428066,0.000407033,0.000390597,0.000373097,0.000357106,0.000342439,0.000327151,0.000313116,0.000298554,0.000285167,0.000273178,0.000262158,0.000249838,0.000239603,0.000229271,0.00021897,0.000209554,0.000200915,0.000192326,0.000183861,0.00017611,0.000168499,0.000161074,0.000154275,0.000147654,0.000141235,0.000135039,0.000129078,0.000123622,0.000118367,0.000113321,0.000108286,0.000103678,9.92785e-05,9.49276e-05,9.08009e-05,8.68887e-05,8.31813e-05,7.95602e-05,7.6142e-05,7.29143e-05,6.96991e-05,6.67555e-05,6.38407e-05,6.11059e-05,5.84785e-05,5.59605e-05,5.35522e-05,5.12525e-05,4.90187e-05,4.69338e-05,4.48808e-05,4.29683e-05,4.10963e-05,3.93276e-05,3.76563e-05,3.60323e-05,3.44815e-05,3.2984e-05
1.46e-08,18.0386,17.7627,15.945,13.9737,10.3507,6.49278,1.61456,0.955594,0.557993,0.0670491,0.0495279,0.0231222,0.0143843,0.0117569,0.00897332,0.00688555,0.00565735,0.00480629,0.0041879,0.00372125,0.00320116,0.00295116,0.0026321,0.00246602,0.00226025,0.0020919,0.00195163,0.00183257,0.001729,0.00161332,0.00153741,0.00145593,0.00136333,0.00130804,0.0012344,0.00116931,0.00111175,0.00105956,0.0010129,0.000970405,0.000919139,0.000884559,0.000842242,0.000804177,0.000769288,0.000730292,0.000701557,0.000668676,0.000639109,0.000611953,0.000582473,0.000555554,0.000535154,0.000508856,0.000488312,0.000466431,0.000446441,0.000428104,0.000408991,0.000391446,0.000373242,0.000356505,0.000341517,0.00032774,0.000312338,0.000299542,0.000286625,0.000273747,0.000261977,0.000251177,0.000240439,0.000229856,0.000220166,0.000210651,0.000201368,0.000192869,0.000184591,0.000176567,0.000168821,0.000161369,0.000154547,0.000147978,0.00014167,0.000135375,0.000129615,0.000124114,0.000118675,0.000113516,0.000108625,0.00010399,9.94631e-05,9.51898e-05,9.11547e-05,8.71352e-05,8.34552e-05,7.98112e-05,7.63922e-05,7.31076e-05,6.99597e-05,6.69489e-05,6.4074e-05,6.12813e-05,5.86748e-05,5.61083e-05,5.37173e-05,5.1377e-05,4.91659e-05,4.70765e-05,4.50462e-05,4.31074e-05,4.12354e-05
1.82e-08,18.5675,18.3208,16.545,14.6177,11.2164,7.6054,2.08186,1.26147,0.733534,0.0841083,0.062081,0.0289412,0.0179948,0.014706,0.0112228,0.00861065,0.0070743,0.00600984,0.00523644,0.00465284,0.00400245,0.00368983,0.00329086,0.0030832,0.00282591,0.00261541,0.00244002,0.00229116,0.00216165,0.00201702,0.00192211,0.00182025,0.00170447,0.00163534,0.00154327,0.00146189,0.00138993,0.00132468,0.00126634,0.00121321,0.00114912,0.00110588,0.00105298,0.00100539,0.000961773,0.000913021,0.000877096,0.000835987,0.00079902,0.000765071,0.000728213,0.000694559,0.000669055,0.00063618,0.000610493,0.000583138,0.000558145,0.000535222,0.000511326,0.000489389,0.000466631,0.000445704,0.000426966,0.000409741,0.000390487,0.000374489,0.00035834,0.00034224,0.000327524,0.000314022,0.000300597,0.000287367,0.000275252,0.000263357,0.000251751,0.000241126,0.000230777,0.000220745,0.000211061,0.000201744,0.000193215,0.000185003,0.000177117,0.000169246,0.000162045,0.000155168,0.000148368,0.000141918,0.000135803,0.000130009,0.000124349,0.000119007,0.000113962,0.000108937,0.000104336,9.97803e-05,9.55059e-05,9.13994e-05,8.74639e-05,8.36997e-05,8.01055e-05,7.66142e-05,7.33555e-05,7.01468e-05,6.71576e-05,6.42317e-05,6.14674e-05,5.88553e-05,5.6317e-05,5.38931e-05,5.15526e-05
2.27e-08,19.1063,18.8884,17.141,15.2426,12.1351,8.85543,2.64435,1.63447,0.948167,0.1056,0.0778677,0.0362365,0.0225157,0.0183974,0.0140379,0.0107691,0.00884692,0.00751535,0.00654797,0.00581803,0.00500461,0.00461365,0.00411472,0.00385504,0.0035333,0.00327007,0.00305077,0.00286463,0.00270269,0.00252186,0.00240318,0.00227582,0.00213106,0.00204463,0.0019295,0.00182776,0.00173779,0.0016562,0.00158326,0.00151684,0.00143671,0.00138265,0.0013165,0.001257,0.00120247,0.00114152,0.0010966,0.0010452,0.000998983,0.000956538,0.000910457,0.00086838,0.000836493,0.000795388,0.000763274,0.000729073,0.000697826,0.000669165,0.000639289,0.000611863,0.000583409,0.000557243,0.000533817,0.000512281,0.000488208,0.000468206,0.000448016,0.000427887,0.000409489,0.000392608,0.000375823,0.000359282,0.000344136,0.000329263,0.000314753,0.000301469,0.00028853,0.000275987,0.00026388,0.000252231,0.000241568,0.000231301,0.000221441,0.000211601,0.000202598,0.000194,0.000185498,0.000177434,0.000169789,0.000162544,0.000155468,0.000148789,0.000142482,0.000136199,0.000130447,0.000124751,0.000119407,0.000114273,0.000109352,0.000104646,0.000100152,9.57872e-05,9.17131e-05,8.77014e-05,8.39641e-05,8.0306e-05,7.68499e-05,7.35841e-05,7.04106e-05,6.73801e-05,6.44539e-05
2.84e-08,19.654,19.4591,17.7366,15.8641,13.0318,10.0627,3.2649,2.05673,1.1933,0.132722,0.097748,0.045388,0.0281787,0.0230201,0.0175619,0.0134701,0.0110649,0.00939884,0.00818863,0.00727556,0.00625813,0.00576915,0.00514515,0.00482037,0.00441802,0.00408884,0.00381458,0.00358182,0.00337931,0.00315321,0.00300481,0.00284554,0.00266454,0.00255646,0.00241252,0.0022853,0.0021728,0.00207079,0.00197959,0.00189654,0.00179635,0.00172876,0.00164605,0.00157165,0.00150347,0.00142726,0.0013711,0.00130683,0.00124905,0.00119597,0.00113836,0.00108575,0.00104588,0.000994487,0.000954334,0.000911571,0.000872502,0.000836667,0.000799312,0.000765023,0.000729443,0.000696731,0.00066744,0.000640514,0.000610415,0.000585406,0.000560163,0.000534995,0.000511991,0.000490884,0.000469898,0.000449217,0.000430279,0.000411683,0.000393542,0.000376931,0.000360754,0.000345072,0.000329933,0.000315369,0.000302037,0.000289199,0.000276871,0.000264568,0.000253311,0.000242561,0.000231931,0.000221848,0.00021229,0.000203232,0.000194384,0.000186033,0.000178147,0.000170292,0.0001631,0.000155978,0.000149296,0.000142877,0.000136725,0.000130841,0.000125222,0.000119764,0.00011467,0.000109654,0.000104982,0.000100408,9.60867e-05,9.20034e-05,8.80355e-05,8.42464e-05,8.05879e-05
3.55e-08,20.2026,20.0202,18.3287,16.4903,13.8612,11.119,3.92708,2.52244,1.46704,0.167031,0.122827,0.0568778,0.0352759,0.0288108,0.0219747,0.0168512,0.0138406,0.0117558,0.0102415,0.0090991,0.0078263,0.00721465,0.00643412,0.0060279,0.00552466,0.00511297,0.00476997,0.00447888,0.00422561,0.00394286,0.00375729,0.00355812,0.00333178,0.00319663,0.00301663,0.00285755,0.00271688,0.00258932,0.00247528,0.00237143,0.00224614,0.00216163,0.00205821,0.00196519,0.00187992,0.00178463,0.00171441,0.00163405,0.0015618,0.00149544,0.00142339,0.00135761,0.00130776,0.0012435,0.00119329,0.00113982,0.00109097,0.00104616,0.000999451,0.000956574,0.000912088,0.000871189,0.000834564,0.000800895,0.000763259,0.000731989,0.000700424,0.000668955,0.000640191,0.000613799,0.000587558,0.000561698,0.000538018,0.000514767,0.000492082,0.000471313,0.000451084,0.000431476,0.000412547,0.000394336,0.000377665,0.000361613,0.000346198,0.000330814,0.000316739,0.000303297,0.000290005,0.000277398,0.000265446,0.00025412,0.000243057,0.000232615,0.000222754,0.000212932,0.000203939,0.000195034,0.000186679,0.000178653,0.00017096,0.000163603,0.000156577,0.000149753,0.000143383,0.000137111,0.000131269,0.00012555,0.000120146,0.000115041,0.000110079,0.000105341,0.000100767
4.44e-08,20.7242,20.5401,18.8923,17.1046,14.5987,11.9901,4.65385,3.05202,1.78209,0.21067,0.154598,0.071332,0.0441807,0.0360718,0.0275049,0.021086,0.0173163,0.0147064,0.0128111,0.0113815,0.00978882,0.00902354,0.00804702,0.00753885,0.00690932,0.00639435,0.00596532,0.00560122,0.00528441,0.0049308,0.0046987,0.00444961,0.00416654,0.00399751,0.0037724,0.00357345,0.00339753,0.003238,0.00309539,0.00296552,0.00280884,0.00270315,0.00257382,0.00245749,0.00235087,0.0022317,0.00214389,0.0020434,0.00195304,0.00187006,0.00177997,0.0016977,0.00163536,0.001555,0.00149222,0.00142535,0.00136426,0.00130823,0.00124982,0.0011962,0.00114057,0.00108942,0.00104362,0.00100152,0.000954452,0.000915349,0.000875877,0.000836525,0.000800555,0.000767553,0.000734739,0.000702401,0.000672789,0.000643713,0.000615347,0.000589375,0.000564079,0.000539558,0.000515888,0.000493115,0.000472269,0.000452196,0.000432919,0.000413682,0.000396081,0.000379271,0.00036265,0.000346885,0.000331939,0.000317776,0.000303942,0.000290883,0.000278553,0.00026627,0.000255025,0.000243889,0.000233441,0.000223404,0.000213785,0.000204584,0.000195799,0.000187265,0.0001793,0.000171457,0.000164151,0.000156999,0.000150242,0.000143858,0.000137653,0.000131729,0.000126008
5.55e-08,21.2208,21.0237,19.4319,17.7102,15.2844,12.7578,5.52846,3.70601,2.17298,0.266365,0.194946,0.0895357,0.0553605,0.0451813,0.0344382,0.0263921,0.0216698,0.0184014,0.0160284,0.0142387,0.0122454,0.0112876,0.0100656,0.00942975,0.0086421,0.00799781,0.0074611,0.00700561,0.00660926,0.00616696,0.00587663,0.00556506,0.00521099,0.00499958,0.00471802,0.00446918,0.00424914,0.00404962,0.00387126,0.00370883,0.00351287,0.00338069,0.00321894,0.00307345,0.0029401,0.00279106,0.00268123,0.00255555,0.00244255,0.00233876,0.00222609,0.00212321,0.00204524,0.00194474,0.00186622,0.0017826,0.00170619,0.00163612,0.00156307,0.00149601,0.00142644,0.00136245,0.00130517,0.00125252,0.00119366,0.00114476,0.00109539,0.00104618,0.00100119,0.000959918,0.00091888,0.000878438,0.000841405,0.000805042,0.000769566,0.000737085,0.000705449,0.000674784,0.00064518,0.000616701,0.00059063,0.000565526,0.000541418,0.000517359,0.000495347,0.000474325,0.000453538,0.000433822,0.00041513,0.000397417,0.000380117,0.000363785,0.000348365,0.000333003,0.000318939,0.000305013,0.000291947,0.000279394,0.000267364,0.000255857,0.00024487,0.000234198,0.000224237,0.000214428,0.000205291,0.000196347,0.000187897,0.000179912,0.000172152,0.000164743,0.000157589
6.94e-08,21.6904,21.4726,19.9435,18.2964,15.9323,13.4658,6.63003,4.54437,2.67492,0.337792,0.246367,0.112498,0.069409,0.0566178,0.0431358,0.0330434,0.0271248,0.0230299,0.0200577,0.0178167,0.0153209,0.0141221,0.0125926,0.0117968,0.010811,0.0100048,0.00933323,0.0087633,0.00826734,0.00771406,0.00735079,0.00696105,0.00651811,0.00625362,0.00590138,0.00559009,0.00531488,0.00506527,0.00484219,0.00463898,0.00439387,0.00422852,0.00402623,0.00384422,0.00367743,0.00349103,0.00335364,0.00319644,0.00305511,0.00292529,0.00278436,0.00265567,0.00255816,0.00243245,0.00233422,0.00222964,0.00213408,0.00204642,0.00195505,0.00187118,0.00178416,0.00170412,0.00163248,0.00156662,0.001493,0.00143183,0.00137009,0.00130853,0.00125227,0.00120064,0.00114931,0.00109873,0.00105241,0.00100693,0.000962554,0.000921927,0.000882358,0.000844003,0.000806976,0.000771354,0.000738745,0.000707346,0.000677193,0.0006471,0.000619568,0.000593274,0.000567274,0.000542613,0.000519235,0.000497079,0.00047544,0.000455014,0.000435726,0.000416512,0.000398921,0.000381503,0.00036516,0.000349459,0.000334412,0.00032002,0.000306278,0.000292929,0.00028047,0.000268201,0.000256772,0.000245586,0.000235016,0.000225029,0.000215324,0.000206056,0.000197108
8.67e-08,22.1303,21.8875,20.4211,18.849,16.5464,14.1395,7.933,5.54899,3.28292,0.430029,0.312224,0.141528,0.0870841,0.070991,0.0540561,0.0413867,0.0339639,0.028831,0.0251066,0.0222991,0.0191733,0.017672,0.015757,0.0147607,0.0135268,0.0125176,0.0116771,0.0109638,0.010343,0.00965075,0.00919626,0.00870854,0.00815427,0.00782335,0.0073827,0.00699325,0.00664887,0.00633666,0.00605751,0.00580333,0.00549668,0.00528983,0.00503672,0.00480903,0.00460039,0.00436717,0.0041953,0.00399865,0.00382183,0.00365944,0.00348312,0.00332214,0.00320015,0.00304289,0.00292004,0.00278919,0.00266965,0.00256,0.00244569,0.00234078,0.00223191,0.0021318,0.00204218,0.00195979,0.0018677,0.00179118,0.00171394,0.00163693,0.00156655,0.00150197,0.00143776,0.00137448,0.00131653,0.00125964,0.00120413,0.0011533,0.0011038,0.00105582,0.0010095,0.000964942,0.000924148,0.000884869,0.000847148,0.000809503,0.000775061,0.000742169,0.000709643,0.000678793,0.000649547,0.000621832,0.000594762,0.000569209,0.00054508,0.000521044,0.000499039,0.000477249,0.000456805,0.000437164,0.00041834,0.000400336,0.000383145,0.000366446,0.000350859,0.000335512,0.000321215,0.00030722,0.000293999,0.000281505,0.000269364,0.000257771,0.000246576
1.08e-07,22.5353,22.2655,20.856,19.3524,17.1236,14.7913,9.20875,6.54918,3.91342,0.550582,0.397286,0.178366,0.109366,0.0890846,0.0677853,0.0518631,0.0425462,0.0361072,0.0314374,0.0279182,0.0240012,0.0221207,0.0197217,0.018474,0.0169289,0.0156653,0.014613,0.01372,0.0129428,0.0120763,0.0115075,0.010897,0.0102034,0.00978926,0.00923775,0.00875035,0.00831944,0.00792866,0.0075794,0.00726129,0.0068776,0.00661878,0.00630207,0.00601717,0.00575607,0.00546428,0.00524924,0.00500317,0.0047819,0.00457871,0.00435813,0.0041567,0.00400406,0.00380731,0.00365357,0.00348986,0.00334027,0.00320308,0.00306007,0.0029288,0.00279259,0.00266733,0.00255519,0.00245211,0.00233688,0.00224114,0.0021445,0.00204814,0.00196008,0.00187927,0.00179893,0.00171976,0.00164726,0.00157607,0.00150661,0.00144302,0.00138109,0.00132105,0.0012631,0.00120734,0.0011563,0.00110715,0.00105996,0.00101286,0.000969763,0.000928607,0.000887911,0.000849311,0.000812719,0.000778041,0.000744171,0.000712198,0.000682009,0.000651935,0.000624401,0.000597137,0.000571557,0.000546982,0.00052343,0.000500903,0.000479394,0.000458499,0.000438998,0.000419795,0.000401906,0.000384396,0.000367853,0.000352221,0.00033703,0.000322524,0.000308518
1.36e-07,22.9011,22.6044,21.2429,19.7974,17.6607,15.4254,10.2672,7.40752,4.50614,0.711306,0.50867,0.225388,0.137544,0.111919,0.0850819,0.0650397,0.0533309,0.0452453,0.0393845,0.0349698,0.0300578,0.0277003,0.0246936,0.0231301,0.0211941,0.0196113,0.018293,0.0171747,0.0162011,0.0151164,0.0144041,0.0136397,0.0127712,0.0122527,0.0115623,0.0109522,0.0104128,0.00992364,0.00948644,0.00908826,0.00860798,0.00828397,0.00788757,0.00753101,0.00720421,0.00683897,0.00656982,0.00626185,0.0059849,0.00573061,0.0054545,0.0052024,0.00501135,0.00476509,0.00457269,0.00436777,0.00418057,0.00400887,0.00382987,0.00366556,0.00349508,0.0033382,0.00319787,0.00306885,0.00292464,0.00280482,0.00268387,0.00256329,0.00245307,0.00235194,0.00225139,0.0021523,0.00206157,0.00197247,0.00188555,0.00180597,0.00172846,0.00165332,0.00158079,0.00151101,0.00144713,0.00138562,0.00132656,0.00126761,0.00121367,0.00116217,0.00111124,0.00106293,0.00101713,0.000973731,0.000931343,0.000891328,0.000853546,0.000815908,0.000781449,0.000747328,0.000715314,0.000684558,0.000655082,0.000626889,0.000599969,0.00057382,0.000549414,0.000525381,0.000502993,0.000481079,0.000460375,0.00044081,0.000421799,0.000403645,0.000386116
1.69e-07,23.2438,22.9204,21.6004,20.2054,18.1778,16.0598,11.1723,8.1835,5.1116,0.928543,0.655879,0.285625,0.173232,0.140776,0.106896,0.0816261,0.066893,0.0567288,0.0493664,0.0438236,0.0376591,0.0347019,0.030931,0.0289706,0.0265437,0.0245597,0.0229078,0.0215065,0.0202864,0.0189278,0.0180354,0.0170781,0.0159904,0.015341,0.0144763,0.0137123,0.0130368,0.0124243,0.0118768,0.0113783,0.0107769,0.0103712,0.0098749,0.00942847,0.00901929,0.00856202,0.00822506,0.00783945,0.00749276,0.00717434,0.00682869,0.00651305,0.00627388,0.00596557,0.00572468,0.00546815,0.00523379,0.00501882,0.00479473,0.00458902,0.0043756,0.0041791,0.00400341,0.0038419,0.00366136,0.00351136,0.00335994,0.00320898,0.003071,0.0029444,0.00281852,0.00269447,0.00258088,0.00246934,0.00236052,0.00226089,0.00216386,0.00206979,0.00197899,0.00189163,0.00181166,0.00173466,0.00166072,0.00158692,0.0015194,0.00145492,0.00139116,0.00133068,0.00127335,0.00121901,0.00116595,0.00111585,0.00106855,0.00102144,0.000978297,0.00093558,0.000895502,0.000856998,0.000820097,0.000784803,0.000751102,0.000718366,0.000687811,0.000657725,0.000629697,0.000602263,0.000576343,0.000551851,0.000528051,0.000505323,0.000483379
2.12e-07,23.565,23.2154,21.9309,20.5792,18.671,16.6833,11.9674,8.93183,5.79297,1.22921,0.853576,0.363314,0.218576,0.177335,0.134464,0.102538,0.083971,0.0711769,0.0619177,0.0549512,0.0472079,0.0434953,0.0387623,0.0363025,0.0332583,0.0307701,0.0286987,0.0269418,0.0254117,0.0237095,0.0225912,0.0213913,0.0200284,0.0192148,0.0181315,0.0171743,0.016328,0.0155607,0.014875,0.0142505,0.0134972,0.0129891,0.0123674,0.0118082,0.0112957,0.010723,0.0103009,0.00981803,0.00938377,0.00898502,0.00855209,0.00815679,0.00785723,0.00747111,0.00716944,0.00684815,0.00655463,0.00628541,0.00600477,0.00574715,0.00547985,0.00523378,0.00501375,0.00481148,0.00458538,0.00439752,0.00420789,0.00401884,0.00384603,0.00368748,0.00352983,0.00337448,0.00323222,0.00309253,0.00295625,0.00283148,0.00270995,0.00259215,0.00247843,0.00236903,0.00226887,0.00217244,0.00207983,0.00198741,0.00190285,0.0018221,0.00174224,0.0016665,0.0015947,0.00152666,0.0014602,0.00139746,0.00133823,0.00127922,0.00122519,0.00117169,0.0011215,0.00107328,0.00102707,0.000982864,0.000940658,0.00089966,0.000861394,0.000823715,0.000788614,0.000754256,0.000721795,0.000691122,0.000661315,0.000632852,0.000605369
2.65e-07,23.8671,23.4923,22.2381,20.9238,19.1358,17.28,12.6932,9.71548,6.63416,1.65525,1.12509,0.464436,0.276412,0.223799,0.169393,0.128957,0.105513,0.0893827,0.0777214,0.0689545,0.059217,0.0545514,0.0486051,0.0455162,0.0416942,0.0385713,0.035972,0.0337679,0.0318477,0.0297136,0.0283112,0.0268068,0.025098,0.024078,0.02272,0.0215202,0.0204595,0.0194979,0.0186384,0.0178557,0.0169117,0.016275,0.0154959,0.0147952,0.014153,0.0134353,0.0129065,0.0123014,0.0117573,0.0112576,0.0107152,0.0102199,0.00984455,0.00936075,0.00898274,0.00858022,0.00821244,0.00787512,0.00752351,0.00720071,0.00686578,0.00655781,0.00628211,0.00602868,0.00574538,0.00550999,0.00527239,0.00503551,0.00481899,0.00462033,0.0044228,0.00422814,0.00404989,0.00387487,0.00370411,0.00354777,0.0033955,0.0032479,0.00310541,0.00296834,0.00284285,0.00272202,0.00260598,0.00249018,0.00238423,0.00228305,0.00218299,0.00208809,0.00199813,0.00191287,0.0018296,0.00175099,0.00167677,0.00160283,0.00153513,0.0014681,0.00140521,0.00134479,0.00128689,0.00123151,0.00117862,0.00112725,0.00107931,0.0010321,0.000988115,0.000945066,0.000904393,0.000865959,0.000828613,0.000792949,0.000758513
3.31e-07,24.1415,23.7432,22.5139,21.2303,19.5498,17.8123,13.3554,10.5681,7.69738,2.27874,1.52132,0.599346,0.350918,0.28332,0.213929,0.162496,0.132799,0.112408,0.0976862,0.0866304,0.0743622,0.0684892,0.0610069,0.0571221,0.0523173,0.0483927,0.0451272,0.0423587,0.039946,0.0372681,0.0355077,0.0336195,0.0314751,0.0301952,0.0284913,0.0269861,0.0256556,0.0244493,0.0233712,0.0223896,0.0212057,0.0204071,0.0194301,0.0185513,0.017746,0.0168461,0.0161829,0.0154241,0.0147418,0.0141153,0.0134351,0.0128141,0.0123434,0.0117368,0.0112628,0.0107581,0.010297,0.00987403,0.00943315,0.00902843,0.00860847,0.00822166,0.00787602,0.00755828,0.0072031,0.00690799,0.00661011,0.00631312,0.00604166,0.0057926,0.00554496,0.00530091,0.00507743,0.004858,0.00464392,0.00444792,0.00425701,0.00407196,0.00389332,0.00372146,0.00356414,0.00341265,0.00326717,0.00312199,0.00298916,0.0028623,0.00273686,0.00261788,0.00250509,0.0023982,0.0022938,0.00219525,0.0021022,0.0020095,0.00192463,0.00184059,0.00176174,0.001686,0.0016134,0.00154396,0.00147766,0.00141326,0.00135315,0.00129396,0.00123882,0.00118485,0.00113386,0.00108567,0.00103885,0.000994136,0.000950964
4.14e-07,24.4001,23.9793,22.7716,21.5148,19.929,18.2958,14.0005,11.4815,8.9088,3.17199,2.1235,0.782103,0.447387,0.359879,0.270895,0.20517,0.167428,0.141577,0.122947,0.108974,0.0934868,0.086081,0.0766505,0.0717577,0.0657087,0.0607701,0.0566625,0.0531812,0.0501456,0.0467823,0.0445702,0.0421979,0.0395041,0.0378967,0.0357569,0.0338669,0.0321963,0.030682,0.0293286,0.0280964,0.0266103,0.025608,0.0243817,0.0232788,0.0222681,0.0211387,0.0203064,0.0193542,0.018498,0.0177117,0.0168582,0.0160788,0.0154883,0.0147271,0.0141323,0.013499,0.0129203,0.0123896,0.0118364,0.0113286,0.0108016,0.0103154,0.00988178,0.00948312,0.00903749,0.00866723,0.00829348,0.00792086,0.00758027,0.00726778,0.00695707,0.00665087,0.00637049,0.00609517,0.00582658,0.00558065,0.00534113,0.00510896,0.00488482,0.0046692,0.0044718,0.00428174,0.00409921,0.00391706,0.0037504,0.00359123,0.00343385,0.00328457,0.00314305,0.00300894,0.00287796,0.00275431,0.00263755,0.00252125,0.00241477,0.00230933,0.0022104,0.00211536,0.00202428,0.00193716,0.00185397,0.00177317,0.00169775,0.00162349,0.00155431,0.00148659,0.00142261,0.00136216,0.00130341,0.00124731,0.00119314
5.17e-07,24.6458,24.2034,23.0147,21.7816,20.2781,18.7357,14.6443,12.3819,10.0897,4.4346,3.05507,1.03347,0.573079,0.459021,0.344169,0.259689,0.211522,0.178637,0.154991,0.137285,0.117689,0.108331,0.0964221,0.0902486,0.0826206,0.0763963,0.0712216,0.0668377,0.0630127,0.0587836,0.0560005,0.0530163,0.0496289,0.0476076,0.0449175,0.0425418,0.0404421,0.038539,0.0368383,0.0352901,0.0334228,0.0321635,0.0306229,0.0292374,0.0279678,0.026549,0.0255036,0.0243075,0.023232,0.0222445,0.0211724,0.0201935,0.0194518,0.0184957,0.0177488,0.0169533,0.0162266,0.01556,0.0148652,0.0142274,0.0135655,0.0129547,0.01241,0.0119094,0.0113497,0.0108847,0.0104154,0.00994742,0.0095197,0.00912725,0.00873705,0.0083525,0.00800038,0.00765463,0.00731731,0.00700847,0.00670767,0.00641609,0.00613461,0.00586381,0.00561592,0.00537722,0.005148,0.00491924,0.00470994,0.00451006,0.0043124,0.00412493,0.00394721,0.00377878,0.00361429,0.003459,0.00331238,0.00316631,0.00303259,0.00290018,0.00277594,0.00265658,0.00254219,0.00243278,0.00232832,0.00222684,0.00213212,0.00203886,0.00195198,0.00186694,0.00178659,0.00171066,0.00163689,0.00156644,0.00149841
6.46e-07,24.8798,24.4168,23.2448,22.0327,20.6006,19.1366,15.2899,13.22,11.1309,6.02991,4.3124,1.37089,0.738147,0.588073,0.438927,0.329732,0.267922,0.225904,0.19578,0.17327,0.148404,0.136549,0.121474,0.113667,0.104028,0.0961681,0.0896374,0.0841072,0.0792785,0.0739536,0.0704468,0.0666875,0.0624214,0.0598764,0.05649,0.0534998,0.0508575,0.0484628,0.0463231,0.0443752,0.0420263,0.0404423,0.0385045,0.036762,0.0351652,0.0333809,0.0320663,0.0305621,0.0292098,0.0279679,0.0266199,0.025389,0.0244564,0.0232542,0.022315,0.0213149,0.0204011,0.0195631,0.0186895,0.0178876,0.0170553,0.0162884,0.0156036,0.0149741,0.0142705,0.0136858,0.0130956,0.0125073,0.0119695,0.011476,0.0109854,0.0105019,0.0100592,0.00962446,0.00920033,0.00881201,0.0084338,0.00806719,0.00771327,0.0073728,0.00706111,0.00676099,0.00647278,0.00618514,0.00592198,0.00567066,0.00542215,0.00518643,0.00496297,0.00475121,0.00454438,0.00434913,0.00416478,0.00398113,0.00381299,0.0036465,0.00349029,0.00334022,0.00319639,0.00305883,0.00292748,0.00279989,0.0026808,0.00256354,0.0024543,0.00234737,0.00224634,0.00215088,0.00205812,0.00196954,0.00188401
8.08e-07,25.0995,24.6171,23.4598,22.2661,20.8946,19.4971,15.9185,13.9782,12.0174,7.56387,5.575,1.79848,0.958223,0.758252,0.56275,0.420492,0.340681,0.286636,0.248037,0.219277,0.187586,0.172513,0.153361,0.143458,0.131241,0.121288,0.113025,0.106031,0.0999186,0.0932007,0.0887723,0.0840266,0.0786431,0.0754323,0.0711612,0.0673905,0.0640593,0.0610406,0.0583438,0.055889,0.052929,0.0509332,0.0484918,0.0462965,0.0442849,0.0420373,0.0403814,0.0384869,0.0367835,0.0352195,0.0335217,0.0319715,0.0307969,0.029283,0.0281002,0.0268407,0.0256899,0.0246346,0.0235345,0.0225246,0.0214765,0.0205105,0.0196482,0.0188555,0.0179695,0.0172333,0.0164902,0.0157493,0.0150721,0.0144507,0.0138329,0.0132241,0.0126666,0.0121192,0.0115851,0.0110962,0.0106199,0.0101583,0.00971263,0.00928389,0.00889141,0.0085135,0.00815058,0.00778839,0.00745702,0.00714055,0.00682762,0.0065308,0.00624942,0.00598277,0.00572232,0.00547647,0.00524432,0.00501307,0.00480135,0.00459171,0.00439501,0.00420604,0.00402493,0.00385171,0.00368631,0.00352564,0.00337569,0.00322803,0.00309047,0.00295583,0.00282862,0.00270841,0.0025916,0.00248006,0.00237236
1.01e-06,25.3048,24.8042,23.6597,22.4822,21.1619,19.8208,16.5056,14.6567,12.7803,8.80267,6.64952,2.33709,1.25488,0.985516,0.72634,0.539033,0.435214,0.365311,0.315529,0.278553,0.237915,0.218644,0.194191,0.181571,0.166022,0.153369,0.142874,0.133999,0.126235,0.117735,0.112126,0.106117,0.0993052,0.0952436,0.0898424,0.0850755,0.0808654,0.0770509,0.0736437,0.0705428,0.0668042,0.0642837,0.0612007,0.0584288,0.055889,0.0530515,0.0509612,0.0485702,0.04642,0.0444458,0.0423029,0.0403463,0.0388639,0.0369531,0.0354604,0.0338708,0.0324186,0.0310866,0.0296983,0.0284239,0.0271008,0.0258751,0.0247873,0.0237873,0.0226695,0.0217407,0.0208032,0.0198686,0.0190142,0.0182304,0.017451,0.0166829,0.0159796,0.015289,0.0146153,0.0139984,0.0133976,0.0128152,0.012253,0.0117121,0.011217,0.0107402,0.0102824,0.00982548,0.00940743,0.00900819,0.00861341,0.00823896,0.00788399,0.00754759,0.00721902,0.00690886,0.006616,0.00632426,0.00605717,0.00579269,0.00554454,0.00530614,0.00507767,0.00485914,0.00465048,0.00444779,0.00425861,0.00407233,0.0038988,0.00372894,0.00356845,0.00341681,0.00326945,0.00312873,0.00299286
1.26e-06,25.5015,24.9835,23.8506,22.6877,21.4127,20.1212,17.0503,15.2786,13.4716,9.83588,7.60869,3.01828,1.65055,1.28863,0.94322,0.694798,0.558588,0.467484,0.402961,0.35519,0.302834,0.278084,0.246724,0.230564,0.210674,0.194513,0.181126,0.169819,0.159918,0.149124,0.141996,0.134363,0.125716,0.120562,0.113711,0.107668,0.102332,0.0974982,0.0931821,0.0892545,0.0845202,0.0813287,0.0774257,0.0739169,0.0707022,0.067111,0.0644663,0.0614425,0.0587218,0.0562236,0.0535122,0.0510367,0.0491612,0.0467437,0.0448552,0.0428442,0.0410071,0.0393222,0.0375659,0.0359538,0.0342776,0.0327185,0.031343,0.0300785,0.0286651,0.0274907,0.0263052,0.0251234,0.0240431,0.0230519,0.0220664,0.0210952,0.0202059,0.0193327,0.0184807,0.0177007,0.016941,0.0162046,0.0154937,0.0148097,0.0141837,0.0135808,0.0130019,0.0124241,0.0118955,0.0113907,0.0108915,0.010418,0.00996913,0.00954376,0.0091283,0.00873611,0.00836579,0.00799689,0.00765916,0.00732473,0.00701095,0.00670951,0.0064206,0.00614428,0.00588043,0.00562414,0.00538493,0.00514938,0.00492995,0.00471516,0.00451223,0.00432048,0.00413415,0.00395621,0.00378441
1.58e-06,25.6908,25.1559,24.0336,22.8841,21.6494,20.402,17.549,15.8513,14.1123,10.7297,8.50818,3.86133,2.16223,1.68783,1.23021,0.900693,0.720827,0.6012,0.516905,0.454752,0.386917,0.35497,0.314555,0.293779,0.268245,0.247535,0.230394,0.215944,0.203238,0.189508,0.180419,0.170691,0.159668,0.153102,0.144379,0.136689,0.129901,0.123755,0.118268,0.113277,0.107261,0.103207,0.0982496,0.0937936,0.0897117,0.0851523,0.0817968,0.0779641,0.0745104,0.0713395,0.0678981,0.0647562,0.0623759,0.0593081,0.0569115,0.0543596,0.0520284,0.0498903,0.0476618,0.0456163,0.0434793,0.0414882,0.0397441,0.0381407,0.0363484,0.0348592,0.033356,0.0318574,0.0304875,0.0292307,0.027981,0.0267495,0.0256218,0.0245145,0.0234342,0.0224451,0.0214818,0.020548,0.0196465,0.0187793,0.0179854,0.017221,0.0164869,0.0157542,0.0150839,0.0144438,0.0138108,0.0132104,0.0126412,0.0121018,0.011575,0.0110777,0.0106081,0.0101404,0.0097121,0.00928803,0.00889014,0.0085079,0.00814156,0.00779117,0.00745661,0.00713161,0.00682828,0.0065296,0.00625135,0.005979,0.00572168,0.00547853,0.00524225,0.00501663,0.00479877
1.97e-06,25.8735,25.3222,24.2095,23.0723,21.8739,20.6661,18.0032,16.3835,14.7193,11.5331,9.40003,4.9159,2.78958,2.19418,1.60285,1.17267,0.935063,0.777298,0.666496,0.585095,0.496629,0.455112,0.402673,0.375788,0.342836,0.316145,0.294101,0.275532,0.259154,0.24163,0.229986,0.217532,0.203439,0.195051,0.183913,0.174097,0.165433,0.1576,0.150602,0.144236,0.136567,0.131406,0.125089,0.119411,0.11421,0.108401,0.104124,0.0992344,0.0948402,0.0908025,0.0864207,0.0824205,0.0793901,0.0754845,0.0724337,0.0691852,0.0662177,0.0634962,0.0606596,0.058056,0.0553197,0.0527791,0.0505602,0.0485205,0.0462404,0.044346,0.0424337,0.0405272,0.0387846,0.0371857,0.0355959,0.0340293,0.0325947,0.031186,0.0298117,0.0285535,0.027328,0.02614,0.0249932,0.02389,0.02288,0.0219076,0.0209737,0.0200417,0.0191889,0.0183746,0.0175693,0.0168055,0.0160815,0.0153953,0.0147251,0.0140925,0.0134951,0.0129,0.0123552,0.0118157,0.0113096,0.0108233,0.0103572,0.0099115,0.00948589,0.00907245,0.00868657,0.0083066,0.00795263,0.00760615,0.00727881,0.00696948,0.00666891,0.00638187,0.00610473
2.47e-06,26.0435,25.4767,24.3726,23.2463,22.0791,20.9055,18.3997,16.8651,15.2866,12.2546,10.36,6.41202,3.51849,2.78521,2.06025,1.52593,1.21809,1.01116,0.865301,0.75815,0.641893,0.587502,0.518926,0.483872,0.440984,0.406315,0.377723,0.353669,0.332377,0.309873,0.29485,0.2788,0.260666,0.249875,0.235557,0.222946,0.211832,0.20177,0.192793,0.184637,0.174805,0.168183,0.160086,0.152813,0.146157,0.138718,0.133243,0.126983,0.121353,0.116184,0.110575,0.105455,0.101577,0.0965781,0.0926738,0.0885167,0.0847194,0.0812369,0.0776073,0.0742758,0.0707684,0.0674656,0.0646294,0.062022,0.0591075,0.0566859,0.0542415,0.0518045,0.0495769,0.0475331,0.045501,0.0434984,0.0416646,0.039864,0.0381073,0.0364989,0.0349324,0.0334139,0.031948,0.0305377,0.0292467,0.0280037,0.0268099,0.0256186,0.0245286,0.0234876,0.0224583,0.0214819,0.0205564,0.0196793,0.0188226,0.0180139,0.0172503,0.0164896,0.0157932,0.0151036,0.0144566,0.013835,0.0132393,0.0126695,0.0121255,0.011597,0.0111037,0.010618,0.0101656,0.00972268,0.00930424,0.00890885,0.00852463,0.00815773,0.00780346
3.08e-06,26.2078,25.6258,24.5296,23.4133,22.2746,21.1321,18.7635,17.3243,15.8452,12.953,11.3792,8.17191,4.43015,3.4413,2.58134,1.95529,1.57634,1.31353,1.12505,0.985405,0.833221,0.761943,0.672095,0.626214,0.570152,0.524893,0.487637,0.45632,0.428439,0.399428,0.379944,0.359154,0.335673,0.32172,0.303222,0.28694,0.272591,0.259613,0.248043,0.237524,0.224855,0.216326,0.205903,0.196536,0.187959,0.178386,0.171341,0.16329,0.156049,0.149399,0.142183,0.135597,0.130608,0.124179,0.119158,0.113811,0.108928,0.104449,0.099782,0.095498,0.0909845,0.0866984,0.0830536,0.079703,0.0759576,0.0728456,0.0697044,0.0665726,0.0637101,0.0610837,0.0584723,0.0558987,0.0535422,0.0512282,0.0489708,0.0469038,0.0448907,0.0429394,0.0410556,0.0392433,0.0375843,0.0359868,0.0344527,0.0329218,0.031521,0.0301833,0.0288605,0.0276059,0.0264165,0.0252893,0.0241884,0.0231492,0.0221679,0.0211904,0.0202955,0.0194093,0.0185778,0.017779,0.0170135,0.0162813,0.0155821,0.014903,0.0142691,0.013645,0.0130635,0.0124944,0.0119567,0.0114485,0.0109548,0.0104833,0.010028
3.85e-06,26.3671,25.7701,24.6812,23.5743,22.4617,21.3476,19.1,17.7658,16.3981,13.6471,12.3046,9.63398,5.73398,4.18454,3.14209,2.4338,1.99855,1.68462,1.45221,1.27624,1.08144,0.989207,0.872582,0.812836,0.73974,0.680707,0.632116,0.591292,0.554632,0.517186,0.49184,0.4648,0.434298,0.416179,0.392178,0.371059,0.35246,0.335649,0.320655,0.307038,0.290638,0.2796,0.266111,0.253993,0.242904,0.230521,0.221412,0.211013,0.201648,0.19305,0.183722,0.175209,0.168761,0.160452,0.153962,0.147056,0.140745,0.134957,0.128926,0.12339,0.11755,0.11201,0.107301,0.102972,0.0981335,0.0941131,0.0900547,0.0860086,0.0823104,0.0789172,0.0755433,0.0722185,0.0691739,0.0661844,0.0632679,0.0605975,0.0579967,0.0554756,0.0530418,0.0507004,0.048557,0.0464932,0.0445113,0.0425333,0.0407237,0.0389954,0.0372864,0.0356655,0.0341288,0.0326726,0.0312503,0.0299076,0.0286399,0.027377,0.0262208,0.0250759,0.0240017,0.0229697,0.0219806,0.0210346,0.0201314,0.019254,0.018435,0.0176286,0.0168774,0.0161421,0.0154474,0.014791,0.0141531,0.0135439,0.0129557
4.81e-06,26.522,25.9099,24.8279,23.7298,22.6413,21.5535,19.4137,18.1893,16.94,14.3471,13.1484,10.8052,7.17854,5.02745,3.74288,2.92595,2.45237,2.10282,1.83558,1.62711,1.38984,1.27478,1.12801,1.05196,0.95834,0.882381,0.819636,0.766832,0.718876,0.670789,0.637912,0.602822,0.563241,0.539728,0.508572,0.481172,0.457044,0.435222,0.415778,0.398105,0.376837,0.362514,0.345021,0.329305,0.314918,0.298862,0.287061,0.273597,0.261449,0.2503,0.238204,0.227165,0.218807,0.208034,0.199619,0.19066,0.182478,0.174974,0.167153,0.159975,0.152395,0.145293,0.139185,0.13357,0.127293,0.122078,0.116814,0.111565,0.106768,0.102367,0.0979904,0.0936775,0.0897283,0.0858505,0.0820673,0.0786035,0.0752298,0.0719596,0.0688027,0.0657656,0.0629853,0.0603083,0.0577374,0.0551717,0.0528243,0.0505825,0.0483658,0.0462632,0.0442699,0.042381,0.040536,0.0387944,0.03715,0.0355118,0.034012,0.0325269,0.0311335,0.0297949,0.028512,0.0272849,0.0261132,0.0249751,0.0239128,0.0228668,0.0218924,0.0209386,0.0200375,0.019186,0.0183585,0.0175684,0.0168054
6.02e-06,26.6703,26.0433,24.9676,23.8775,22.811,21.7471,19.7022,18.5841,17.45,15.0438,13.9371,11.7875,8.50143,6.19405,4.49139,3.40582,2.89645,2.5247,2.23684,2.00744,1.739,1.60473,1.43105,1.33921,1.22469,1.13072,1.05241,0.986048,0.924899,0.864424,0.822568,0.777792,0.727137,0.696995,0.657007,0.62179,0.590747,0.562662,0.5376,0.514821,0.487379,0.468894,0.446309,0.426012,0.407426,0.386679,0.371443,0.354094,0.338384,0.323964,0.308318,0.294037,0.283219,0.269279,0.258395,0.246801,0.236212,0.2265,0.216379,0.207089,0.197274,0.188198,0.180287,0.173013,0.164883,0.158128,0.151309,0.144511,0.138297,0.132596,0.126927,0.121341,0.116225,0.111202,0.106302,0.101815,0.0974454,0.0932095,0.0891203,0.0851864,0.0815851,0.0781175,0.0747875,0.0714641,0.0684235,0.0655197,0.0626483,0.0599248,0.057343,0.0548962,0.0525064,0.0502505,0.0481205,0.0459985,0.0440559,0.0421322,0.0403273,0.0385934,0.0369316,0.0353422,0.0338246,0.0323503,0.0309744,0.0296195,0.0283573,0.0271219,0.0259546,0.0248516,0.0237798,0.0227563,0.0217681
7.52e-06,26.812,26.1702,25.1003,24.0176,22.971,21.9289,19.9681,18.9465,17.9171,15.7223,14.6856,12.6634,10.2058,8.57566,5.77453,3.88582,3.31755,2.92214,2.61962,2.37766,2.09067,1.94387,1.75161,1.64784,1.51649,1.40704,1.31465,1.23551,1.16165,1.08852,1.03737,0.982391,0.91982,0.882447,0.832682,0.788716,0.749844,0.714592,0.683076,0.654377,0.619767,0.596416,0.567848,0.542154,0.518607,0.4923,0.472997,0.451077,0.431116,0.412786,0.392889,0.374725,0.360959,0.343215,0.329353,0.31459,0.301104,0.288734,0.27584,0.264004,0.251509,0.240431,0.230323,0.221031,0.210645,0.202015,0.193303,0.184618,0.17668,0.169396,0.162155,0.155018,0.148482,0.142066,0.135805,0.130073,0.12449,0.119079,0.113855,0.108829,0.104228,0.0997982,0.0955439,0.0912982,0.0874138,0.083704,0.0800357,0.0765563,0.0732579,0.0701321,0.0670791,0.0641971,0.0614758,0.058765,0.0562831,0.0538256,0.0515198,0.0493046,0.0471816,0.0451511,0.0432122,0.0413288,0.039571,0.0378401,0.0362276,0.0346492,0.033158,0.0317489,0.0303797,0.0290721,0.0278096
9.4e-06,26.9506,26.2936,25.2292,24.1536,23.1258,22.1041,20.2207,19.2864,18.3518,16.379,15.4107,13.5034,11.7893,10.8419,7.06802,4.42161,3.73777,3.30389,2.98235,2.72805,2.42646,2.27072,2.06522,1.95279,1.80875,1.68715,1.58325,1.49331,1.4088,1.32381,1.2641,1.19952,1.12547,1.08102,1.02154,0.968753,0.921887,0.879265,0.841049,0.806166,0.764,0.735499,0.700578,0.669115,0.640251,0.607953,0.584285,0.55748,0.532907,0.510327,0.485802,0.463396,0.446411,0.424511,0.407395,0.389162,0.372501,0.357216,0.34128,0.32665,0.311233,0.298003,0.285475,0.273958,0.261084,0.250388,0.239591,0.228826,0.218987,0.209959,0.200983,0.192137,0.184037,0.176084,0.168324,0.16122,0.1543,0.147593,0.141118,0.134889,0.129186,0.123695,0.118422,0.11316,0.108345,0.103747,0.0992006,0.0948881,0.0907999,0.0869255,0.0831414,0.0795693,0.0761965,0.0728365,0.0697604,0.0667144,0.0638564,0.0611108,0.0584795,0.0559627,0.0535596,0.0512252,0.0490464,0.046901,0.0449024,0.0429462,0.0410979,0.0393514,0.0376542,0.0360336,0.0344688
1.18e-05,27.0863,26.414,25.3548,24.2859,23.2758,22.2733,20.4616,19.6058,18.7564,17.0003,16.1097,14.3365,13.004,12.3713,8.24762,5.16363,4.18477,3.68305,3.33133,3.05978,2.74126,2.57693,2.35949,2.23973,2.08516,1.9535,1.84002,1.74096,1.64787,1.55206,1.48478,1.41164,1.32715,1.27621,1.20771,1.14665,1.09222,1.04258,0.997934,0.95709,0.907613,0.8741,0.832971,0.795861,0.761771,0.723568,0.695598,0.663983,0.634834,0.608034,0.578902,0.552276,0.532081,0.506033,0.485668,0.463967,0.444131,0.42593,0.406949,0.38952,0.371192,0.355064,0.340137,0.326415,0.311076,0.298331,0.285466,0.272641,0.260918,0.250161,0.239467,0.228927,0.219276,0.209799,0.200554,0.192089,0.183845,0.175853,0.168138,0.160716,0.153922,0.14738,0.141097,0.134827,0.129091,0.123612,0.118195,0.113057,0.108186,0.10357,0.099061,0.0948049,0.0907862,0.0867829,0.0831178,0.0794885,0.0760834,0.0728121,0.0696769,0.0666782,0.0638149,0.0610336,0.0584376,0.0558814,0.0535001,0.0511693,0.0489671,0.0468862,0.0448641,0.0429331,0.0410687
1.47e-05,27.2189,26.5311,25.4768,24.4142,23.4208,22.4366,20.6915,19.9063,19.1331,17.5785,16.7818,15.1829,14.098,13.6574,11.9798,8.5054,4.71521,4.08059,3.67918,3.38138,3.03946,2.86479,2.63389,2.5065,2.34153,2.20032,2.07793,1.97053,1.87001,1.76399,1.68987,1.60897,1.51502,1.45817,1.38146,1.31283,1.25146,1.19536,1.14479,1.09844,1.04219,1.00403,0.957141,0.91477,0.87581,0.832107,0.800127,0.764041,0.730611,0.699857,0.666414,0.635832,0.612628,0.582689,0.559274,0.534318,0.5115,0.490559,0.468718,0.448657,0.427596,0.408072,0.390917,0.375146,0.357517,0.34287,0.328085,0.313344,0.299871,0.287509,0.275217,0.263104,0.252012,0.241121,0.230496,0.220767,0.211292,0.202107,0.19324,0.18471,0.176902,0.169383,0.162162,0.154956,0.148363,0.142067,0.135841,0.129936,0.124337,0.119032,0.11385,0.108959,0.10434,0.099739,0.0955267,0.0913557,0.0874421,0.0836824,0.0800792,0.0766328,0.0733421,0.0701455,0.067162,0.0642242,0.0614874,0.0588085,0.0562776,0.053886,0.051562,0.0493428,0.0472
1.84e-05,27.3441,26.6411,25.5914,24.5346,23.5565,22.5889,20.9038,20.1799,19.4728,18.0938,17.4091,16.0332,15.1268,14.8108,13.7692,10.6728,6.19035,4.53873,4.03956,3.69901,3.32296,3.13468,2.88686,2.75068,2.57437,2.42325,2.29197,2.17644,2.06881,1.95326,1.87279,1.78476,1.68221,1.62001,1.53589,1.46045,1.39287,1.33099,1.27512,1.22387,1.16159,1.11929,1.06727,1.02024,0.976948,0.928357,0.892811,0.85274,0.815513,0.781255,0.743986,0.709895,0.684023,0.650633,0.624515,0.596672,0.571212,0.547842,0.523465,0.501075,0.477592,0.456638,0.437441,0.419794,0.400067,0.383676,0.367131,0.350636,0.335559,0.321726,0.307972,0.294417,0.282005,0.269818,0.257928,0.247041,0.236438,0.22616,0.216239,0.206693,0.197955,0.189542,0.181462,0.173398,0.166021,0.158975,0.152008,0.1454,0.139135,0.133198,0.1274,0.121926,0.116758,0.111609,0.106896,0.102228,0.0978489,0.0936418,0.0896097,0.0857532,0.0820708,0.0784938,0.0751552,0.0718677,0.0688052,0.0658075,0.0629754,0.0602992,0.0576986,0.0552152,0.0528174
2.3e-05,27.4671,26.7488,25.7034,24.6521,23.6887,22.737,21.1089,20.4418,19.7957,18.5774,18.0212,16.9098,16.1741,15.9522,15.1752,13.8212,10.4349,6.26092,4.45763,4.04275,3.61571,3.40903,3.13935,2.99244,2.80281,2.64047,2.49945,2.37525,2.26005,2.13483,2.04794,1.95277,1.84168,1.77422,1.68284,1.60079,1.52718,1.45973,1.39878,1.34281,1.27476,1.2285,1.1716,1.12011,1.0727,1.01946,0.980521,0.936648,0.89582,0.858239,0.817342,0.779928,0.751527,0.714871,0.686193,0.655618,0.627657,0.601989,0.575214,0.550618,0.524833,0.501869,0.48077,0.461375,0.439694,0.42168,0.403496,0.385368,0.368797,0.353594,0.338477,0.32358,0.309938,0.296544,0.283476,0.271511,0.259858,0.248562,0.237657,0.227167,0.217563,0.208316,0.199436,0.190574,0.182465,0.174722,0.167064,0.159802,0.152917,0.146392,0.140019,0.134003,0.128323,0.122664,0.117484,0.112354,0.107541,0.102917,0.0984857,0.0942472,0.0902,0.0862687,0.0825994,0.0789863,0.0756205,0.0723259,0.0692132,0.0662719,0.0634138,0.0606844,0.0580491
2.87e-05,27.5874,26.8538,25.8126,24.7666,23.8171,22.8806,21.3068,20.6925,20.1031,19.0326,18.6131,17.7889,17.2614,17.1229,16.4416,15.2014,12.9356,8.88742,5.02192,4.44111,3.93206,3.69961,3.40057,3.2401,3.03424,2.85875,2.70663,2.57281,2.44906,2.31385,2.22023,2.11763,1.9978,1.92497,1.82627,1.73758,1.65797,1.58499,1.519,1.45839,1.38465,1.33452,1.27282,1.21697,1.16555,1.10777,1.06551,1.0179,0.973567,0.932756,0.88834,0.847701,0.816849,0.777024,0.745866,0.712644,0.68226,0.654368,0.625269,0.598539,0.570524,0.545311,0.522386,0.501312,0.477754,0.458181,0.438423,0.418725,0.400721,0.384201,0.367776,0.351589,0.336767,0.322213,0.308014,0.295013,0.282351,0.270078,0.258229,0.24683,0.236396,0.226348,0.216699,0.20707,0.198259,0.189846,0.181526,0.173634,0.166153,0.159064,0.152139,0.145603,0.139431,0.133282,0.127653,0.12208,0.11685,0.111826,0.107011,0.102405,0.0980078,0.0937362,0.0897493,0.0858234,0.0821662,0.0785865,0.0752043,0.0720084,0.0689029,0.0659373,0.0630738
3.59e-05,27.7054,26.9566,25.9193,24.8783,23.9423,23.0205,21.4987,20.9343,20.3983,19.4651,19.1813,18.6443,18.4,18.3724,17.6787,16.413,14.2299,11.3633,7.63559,4.95513,4.29336,4.02284,3.68273,3.50456,3.27833,3.08688,2.9217,2.7768,2.6431,2.49711,2.39612,2.2855,2.15632,2.07783,1.97143,1.87582,1.78999,1.7113,1.64014,1.57477,1.49524,1.44115,1.37458,1.31432,1.25882,1.19646,1.15084,1.09942,1.05156,1.00749,0.959536,0.915653,0.882337,0.83933,0.80568,0.769801,0.736986,0.706862,0.675433,0.646561,0.616322,0.588597,0.563852,0.541105,0.515677,0.49455,0.473224,0.451963,0.432529,0.414698,0.396969,0.379497,0.363499,0.347789,0.332463,0.318431,0.304764,0.291516,0.278727,0.266423,0.25516,0.244315,0.2339,0.223506,0.213997,0.204915,0.195935,0.187417,0.179342,0.17169,0.164216,0.15716,0.150498,0.143862,0.137786,0.13177,0.126125,0.120702,0.115505,0.110534,0.105787,0.101177,0.0968733,0.0926359,0.0886884,0.0848245,0.0811739,0.0777243,0.0743722,0.0711712,0.0680805
4.48e-05,27.8187,27.0553,26.0218,24.9856,24.0623,23.1543,21.6815,21.1634,20.6771,19.8701,19.7109,19.438,19.5479,19.6918,18.9516,17.5768,15.2999,12.7584,9.27553,5.95228,4.73796,4.40264,3.99942,3.7968,3.54379,3.33222,3.15108,2.993,2.84737,2.68939,2.58012,2.46057,2.32115,2.23649,2.1218,2.01878,1.92634,1.84162,1.76501,1.69465,1.60907,1.55086,1.47922,1.41437,1.35465,1.28755,1.23843,1.18304,1.13154,1.08413,1.03253,0.985308,0.949459,0.903184,0.866976,0.828368,0.793058,0.760641,0.726822,0.695755,0.66324,0.63336,0.606734,0.582256,0.554895,0.532161,0.509214,0.486335,0.465423,0.446236,0.427159,0.408359,0.391143,0.374239,0.357747,0.342648,0.327942,0.313686,0.299924,0.286685,0.274565,0.262895,0.251689,0.240504,0.230272,0.220499,0.210836,0.20167,0.192981,0.184747,0.176704,0.169112,0.161944,0.154803,0.148265,0.141791,0.135717,0.129882,0.124289,0.11894,0.113833,0.108871,0.104241,0.099681,0.0954333,0.0912755,0.0873473,0.0836353,0.0800283,0.0765839,0.0732581
5.61e-05,27.9278,27.1503,26.1203,25.0886,24.1772,23.2822,21.8561,21.3816,20.9419,20.252,20.2039,20.166,20.6263,20.9598,20.3239,18.8473,16.3103,13.7412,11.1162,8.17566,5.37402,4.89206,4.37625,4.13716,3.84667,3.60835,3.40678,3.23228,3.07177,2.89984,2.78084,2.65093,2.49979,2.40814,2.28414,2.17286,2.0731,1.98172,1.89915,1.82334,1.73115,1.66846,1.59134,1.52152,1.45724,1.38503,1.33215,1.27245,1.21705,1.16604,1.11053,1.05974,1.02117,0.971398,0.932451,0.890924,0.852944,0.818078,0.781703,0.748289,0.713335,0.681405,0.652758,0.626424,0.596987,0.572529,0.547841,0.523227,0.500729,0.480086,0.459562,0.439335,0.420814,0.402627,0.384885,0.36864,0.352818,0.337481,0.322676,0.308432,0.295393,0.282838,0.270781,0.258748,0.247739,0.237225,0.226829,0.216968,0.20762,0.198761,0.190109,0.181941,0.174228,0.166546,0.159512,0.152547,0.146012,0.139734,0.133717,0.127963,0.122468,0.11713,0.112148,0.107242,0.102672,0.0981993,0.0939731,0.0899796,0.086099,0.0823933,0.0788152
7.01e-05,28.0346,27.2433,26.2168,25.1895,24.2898,23.4074,22.0264,21.5939,21.1993,20.6211,20.6733,20.8463,21.5912,22.0721,21.7874,20.3184,17.3849,14.6479,12.1579,9.66695,6.41494,5.60884,4.85499,4.55692,4.21065,3.93484,3.70581,3.5099,3.33006,3.14113,3.01021,2.86773,2.70258,2.60264,2.46769,2.34679,2.23854,2.13948,2.05006,1.96802,1.8683,1.80053,1.71717,1.64174,1.5723,1.49432,1.43718,1.37261,1.31281,1.25777,1.19786,1.14306,1.10145,1.04774,1.00573,0.960927,0.919956,0.882344,0.843107,0.807064,0.769379,0.73489,0.703995,0.675594,0.643847,0.617469,0.590842,0.564296,0.540032,0.517769,0.495634,0.47382,0.453845,0.434231,0.415096,0.397576,0.380512,0.363971,0.348003,0.332642,0.318579,0.305039,0.292035,0.279058,0.267185,0.255846,0.244633,0.233999,0.223917,0.214362,0.205031,0.196222,0.187904,0.179618,0.172032,0.164521,0.157473,0.150702,0.144213,0.138007,0.13208,0.126324,0.120951,0.11566,0.110732,0.105907,0.101349,0.0970424,0.0928571,0.0888605,0.0850016
8.76e-05,28.1392,27.3345,26.3114,25.2885,24.4001,23.53,22.1929,21.801,21.4497,20.9789,21.1212,21.4823,22.4366,23.0134,23.0715,21.8483,18.7044,15.5451,13.0299,10.8185,7.83777,6.65582,5.50232,5.10248,4.66803,4.33682,4.06908,3.844,3.63809,3.42759,3.28147,3.12319,2.94068,2.83057,2.68228,2.54975,2.43134,2.32312,2.22557,2.13615,2.02756,1.95381,1.86314,1.78114,1.70568,1.62095,1.55885,1.48859,1.42367,1.36393,1.29893,1.23946,1.19432,1.13606,1.09049,1.0419,0.99746,0.95667,0.914119,0.875033,0.834187,0.796598,0.763109,0.732323,0.69791,0.669317,0.640454,0.611679,0.585378,0.561246,0.537252,0.513606,0.491953,0.470693,0.449951,0.430959,0.412463,0.394533,0.377225,0.360573,0.34533,0.330652,0.316557,0.30249,0.28962,0.277329,0.265175,0.253647,0.242719,0.232362,0.222247,0.212698,0.203682,0.194701,0.186478,0.178335,0.170696,0.163356,0.156323,0.149595,0.143171,0.136931,0.131107,0.125372,0.12003,0.1148,0.109859,0.105191,0.100654,0.096322,0.0921391
0.000109,28.2416,27.4238,26.404,25.3853,24.5079,23.6499,22.3555,22.0031,21.694,21.326,21.5486,22.0759,23.1796,23.8144,24.0521,23.332,20.3408,16.5002,13.8422,11.6925,9.05824,7.79655,6.37927,5.83091,5.26246,4.84899,4.52549,4.2596,4.01758,3.77883,3.61274,3.43393,3.22921,3.1062,2.94116,2.79415,2.66315,2.54366,2.43615,2.33773,2.21835,2.13737,2.03786,1.94792,1.8652,1.77236,1.70427,1.62715,1.55611,1.49073,1.41962,1.35457,1.30521,1.2415,1.19167,1.13854,1.08997,1.04538,0.998866,0.956145,0.911521,0.870271,0.833684,0.800051,0.762455,0.731218,0.699686,0.66825,0.639516,0.613152,0.586939,0.561106,0.537451,0.514224,0.491564,0.470816,0.450609,0.431021,0.412112,0.393921,0.377267,0.361232,0.345834,0.330466,0.316405,0.302977,0.289699,0.277105,0.265166,0.253852,0.242801,0.23237,0.22252,0.212707,0.203724,0.194829,0.186482,0.178464,0.17078,0.16343,0.156412,0.149595,0.143232,0.136967,0.13113,0.125417,0.12002,0.114919,0.109963,0.10523,0.10066
0.000137,28.3387,27.5086,26.4919,25.4772,24.6103,23.7637,22.5097,22.1948,21.9259,21.6524,21.9433,22.6114,23.8153,24.482,24.7966,24.3468,21.7168,17.6856,14.6273,12.4405,9.92183,8.74316,7.32852,6.69372,6.00117,5.49324,5.09987,4.78128,4.49198,4.21672,4.02475,3.81946,3.5863,3.44685,3.26056,3.09526,2.94844,2.81483,2.69489,2.58527,2.45252,2.36258,2.25215,2.15243,2.06075,1.95793,1.8825,1.79698,1.71839,1.6461,1.56748,1.49559,1.44103,1.37064,1.31559,1.25691,1.20326,1.15401,1.10265,1.05547,1.00622,0.96077,0.920379,0.883248,0.841743,0.807257,0.772446,0.737741,0.706019,0.676914,0.647975,0.619455,0.593341,0.567698,0.542681,0.519776,0.497468,0.475843,0.454967,0.434884,0.416499,0.398797,0.381797,0.364831,0.349308,0.334484,0.319825,0.305922,0.292741,0.28025,0.26805,0.256534,0.245659,0.234827,0.224909,0.215089,0.205875,0.197023,0.188539,0.180425,0.172677,0.165151,0.158127,0.15121,0.144767,0.138459,0.132501,0.12687,0.121398,0.116173,0.111128
0.000171,28.4338,27.5919,26.5782,25.5674,24.7107,23.8752,22.661,22.3825,22.1525,21.9718,22.3237,23.115,24.3924,25.0786,25.4336,25.1038,23.077,19.2592,15.4638,13.1583,10.6592,9.5288,8.16117,7.51677,6.7758,6.20825,5.75821,5.39084,5.05457,4.73999,4.5196,4.28458,4.01873,3.86015,3.6489,3.46192,3.2962,3.14563,3.01072,2.8876,2.73867,2.63789,2.51422,2.40261,2.30004,2.18507,2.10071,2.005,1.91722,1.83647,1.74868,1.66841,1.60751,1.52894,1.4675,1.40202,1.34215,1.2872,1.22989,1.17726,1.12233,1.07232,1.02724,0.985798,0.939474,0.900984,0.862132,0.823397,0.787992,0.755507,0.723208,0.691378,0.662231,0.633611,0.60569,0.580125,0.555226,0.531091,0.507792,0.485377,0.464857,0.445099,0.426125,0.40719,0.389865,0.373319,0.356959,0.341441,0.32673,0.312789,0.299172,0.286319,0.274182,0.262091,0.251022,0.240062,0.229778,0.219898,0.21043,0.201374,0.192726,0.184326,0.176486,0.168766,0.161575,0.154535,0.147885,0.1416,0.135493,0.129662,0.124031
0.000214,28.5274,27.6739,26.6633,25.6562,24.8096,23.9852,22.8103,22.5675,22.3757,22.2842,22.6907,23.592,24.9243,25.6225,25.9996,25.7306,24.1387,20.667,16.4497,13.8812,11.3358,10.2199,8.87548,8.23714,7.48795,6.8975,6.41703,6.01826,5.64977,5.30165,5.05698,4.79536,4.49867,4.3215,4.08526,3.87602,3.69052,3.52193,3.37085,3.23301,3.06629,2.95351,2.81511,2.69018,2.57537,2.44667,2.35219,2.24493,2.14665,2.05626,1.95797,1.8681,1.79992,1.71196,1.64317,1.56985,1.50281,1.44129,1.37713,1.3182,1.25675,1.20172,1.1512,1.10476,1.05284,1.00971,0.966167,0.922758,0.883081,0.846676,0.810479,0.774808,0.742144,0.710071,0.67878,0.65013,0.622227,0.595179,0.569068,0.543948,0.520952,0.49881,0.477547,0.456326,0.436911,0.418369,0.400034,0.382643,0.366157,0.350533,0.335274,0.320869,0.307268,0.293719,0.281314,0.269031,0.257506,0.246434,0.235823,0.225674,0.215983,0.206569,0.197783,0.189132,0.181072,0.173184,0.16573,0.158687,0.151843,0.145308,0.138998
0.000267,28.619,27.7544,26.7467,25.7433,24.9067,24.093,22.9571,22.7493,22.5948,22.5893,23.0444,24.0423,25.4156,26.1208,26.5108,26.2736,24.862,21.9546,17.8536,14.6429,11.9807,10.8549,9.50742,8.86928,8.11583,7.51429,7.01703,6.59923,6.2122,5.83815,5.57553,5.29344,4.97173,4.77896,4.52112,4.29212,4.08858,3.90326,3.73692,3.58497,3.40102,3.27649,3.12357,2.98543,2.8584,2.71592,2.61126,2.49237,2.38344,2.28322,2.17422,2.07454,1.99889,1.90128,1.82494,1.74356,1.66915,1.60085,1.52961,1.46418,1.39604,1.33429,1.2782,1.22663,1.16899,1.1211,1.07276,1.02456,0.980503,0.940082,0.899892,0.860285,0.824018,0.788406,0.753663,0.721853,0.690872,0.66084,0.631848,0.603957,0.578424,0.55384,0.53023,0.506668,0.485111,0.464524,0.444166,0.424857,0.406552,0.389205,0.372262,0.356268,0.341166,0.326122,0.312349,0.29871,0.285914,0.273621,0.261839,0.25057,0.23981,0.229358,0.219603,0.209997,0.201048,0.192289,0.184014,0.176194,0.168595,0.161339,0.154332
0.000334,28.7073,27.832,26.8272,25.8274,25.0004,24.1972,23.0993,22.9251,22.8064,22.8822,23.3797,24.4607,25.8639,26.5729,26.9719,26.7507,25.4247,23.1121,19.3638,15.5063,12.6096,11.4529,10.0799,9.43382,8.66979,8.05604,7.54413,7.11091,6.71052,6.31461,6.03768,5.7391,5.39691,5.19124,4.91527,4.66946,4.45041,4.2506,4.07087,3.90647,3.70723,3.57219,3.40624,3.2562,3.11814,2.96317,2.84928,2.71986,2.60122,2.49204,2.37325,2.26458,2.1821,2.07565,1.99238,1.9036,1.82241,1.74788,1.67014,1.59873,1.52442,1.45732,1.39605,1.33973,1.27677,1.22446,1.17166,1.11902,1.07091,1.02676,0.982862,0.939603,0.899992,0.861097,0.823151,0.788408,0.75457,0.721769,0.690104,0.659642,0.631755,0.604904,0.579117,0.553383,0.529838,0.507353,0.485118,0.464029,0.444036,0.425089,0.406584,0.389116,0.372621,0.35619,0.341147,0.326251,0.312275,0.298849,0.285981,0.273673,0.261921,0.250505,0.23985,0.229359,0.219585,0.210018,0.20098,0.192439,0.184139,0.176214,0.168562
0.000418,28.7927,27.9073,26.9052,25.9089,25.0912,24.2982,23.2376,23.0959,23.0118,23.1648,23.6994,24.8524,26.278,26.9888,27.3968,27.1837,25.9016,23.8638,20.5632,16.6455,13.2515,12.0403,10.6208,9.95943,9.17807,8.54853,8.02065,7.5719,7.15865,6.74217,6.45206,6.13843,5.77771,5.56041,5.26819,5.00733,4.77443,4.56168,4.36999,4.19447,3.98154,3.8371,3.6595,3.4988,3.35087,3.18472,3.06261,2.92386,2.79652,2.6793,2.55173,2.43501,2.3464,2.23202,2.14253,2.04712,1.95985,1.87974,1.79616,1.71939,1.63954,1.56847,1.50253,1.44192,1.37416,1.31786,1.26103,1.20437,1.15259,1.10507,1.05783,1.01127,0.968638,0.926776,0.885936,0.848543,0.812124,0.776821,0.742741,0.709955,0.679941,0.651042,0.623289,0.595592,0.570251,0.54605,0.52212,0.499422,0.477904,0.457512,0.437596,0.418795,0.401043,0.383358,0.367168,0.351136,0.336094,0.321643,0.307793,0.294547,0.281899,0.269612,0.258145,0.246853,0.236334,0.226037,0.216309,0.207117,0.198184,0.189655,0.181418
0.000522,28.8768,27.9815,26.9822,25.9892,25.1809,24.3979,23.3744,23.2648,23.2148,23.4423,24.0103,25.2274,26.6705,27.382,27.8013,27.5928,26.332,24.4492,21.7488,18.0954,13.9479,12.6481,11.1564,10.4724,9.66682,9.01748,8.47159,8.00632,7.5794,7.14269,6.83958,6.51127,6.1327,5.90426,5.59655,5.32144,5.07546,4.85053,4.64762,4.46169,4.23596,4.08275,3.89427,3.72365,3.56653,3.38998,3.26024,3.11289,2.97746,2.85278,2.71706,2.59287,2.49858,2.37685,2.2816,2.18004,2.08714,2.00186,1.91288,1.83113,1.74613,1.67008,1.59987,1.53533,1.46318,1.40324,1.34272,1.2824,1.22726,1.17666,1.12636,1.07678,1.03139,0.986816,0.94333,0.903515,0.864736,0.827146,0.790859,0.755949,0.723991,0.693219,0.663668,0.634176,0.607194,0.581425,0.555944,0.531776,0.508865,0.487152,0.465945,0.445926,0.427024,0.408194,0.390954,0.373884,0.357867,0.34248,0.327733,0.313629,0.300161,0.287079,0.274868,0.262845,0.251644,0.240681,0.230323,0.220535,0.211024,0.201941,0.193171
0.000653,28.9595,28.0546,27.058,26.0684,25.2692,24.4963,23.5096,23.4315,23.415,23.7144,24.3126,25.5866,27.0434,27.7549,28.1887,27.9831,26.7281,24.9438,22.6868,19.4415,14.7534,13.3031,11.7002,10.984,10.1458,9.47195,8.90556,8.42249,7.9807,7.52396,7.20784,6.86496,6.46886,6.22956,5.90682,5.61796,5.35943,5.12285,4.90925,4.71339,4.47552,4.31398,4.11521,3.93521,3.7694,3.58304,3.44609,3.29057,3.14754,3.01583,2.87244,2.74122,2.64158,2.51294,2.41227,2.30492,2.20673,2.11658,2.02252,1.93611,1.84627,1.76482,1.69062,1.62242,1.54618,1.48283,1.41889,1.35514,1.29687,1.24341,1.19025,1.13786,1.08989,1.04279,0.996839,0.954765,0.913787,0.874065,0.835719,0.798829,0.765058,0.73254,0.701313,0.670149,0.641636,0.614406,0.58748,0.56194,0.537729,0.514785,0.492375,0.471221,0.451246,0.431348,0.41313,0.395092,0.378167,0.361907,0.346323,0.331419,0.317187,0.303363,0.29046,0.277754,0.265918,0.254333,0.243387,0.233044,0.222994,0.213396,0.204129
0.000816,29.0404,28.1263,27.1324,26.1462,25.3561,24.5931,23.643,23.5957,23.6119,23.9807,24.6057,25.9302,27.3977,28.1087,28.5604,28.3578,27.0973,25.3785,23.3783,20.7013,15.7587,14.0522,12.2686,11.5067,10.6241,9.9195,9.32936,8.82679,8.36886,7.89189,7.56256,7.20505,6.79155,6.54153,6.20406,5.90177,5.63103,5.38315,5.15922,4.9538,4.70423,4.5347,4.32604,4.13704,3.96291,3.76715,3.62329,3.45991,3.30961,3.17119,3.02048,2.88255,2.77781,2.64257,2.53674,2.42388,2.32064,2.22585,2.12695,2.03609,1.94165,1.85481,1.77683,1.70515,1.62502,1.55844,1.49124,1.42424,1.363,1.30681,1.25094,1.19588,1.14547,1.09596,1.04767,1.00345,0.960382,0.918634,0.878333,0.839562,0.804069,0.769893,0.737074,0.70432,0.674354,0.645735,0.617436,0.590594,0.565148,0.541034,0.517482,0.495248,0.474255,0.453342,0.434196,0.415238,0.39745,0.380361,0.363983,0.348318,0.333361,0.318831,0.30527,0.291917,0.279478,0.267302,0.255798,0.244927,0.234364,0.224277,0.214537
0.00102,29.1177,28.1949,27.2036,26.2205,25.4392,24.6858,23.7712,23.7533,23.8007,24.234,24.8825,26.25,27.7255,28.4357,28.9076,28.7086,27.435,25.7576,23.9228,21.7285,17.061,14.994,12.8809,12.0485,11.1035,10.3589,9.74043,9.21613,8.74054,8.24319,7.90052,7.52842,7.09778,6.83728,6.48549,6.17021,5.88774,5.62903,5.39522,5.18068,4.91998,4.74287,4.52484,4.32731,4.1453,3.94066,3.79025,3.61945,3.46228,3.31752,3.15991,3.01565,2.9061,2.76465,2.65395,2.53589,2.4279,2.32874,2.22528,2.13023,2.03145,1.94169,1.86006,1.78502,1.70114,1.63145,1.5611,1.49096,1.42685,1.36803,1.30954,1.2519,1.19913,1.14731,1.09675,1.05046,1.00537,0.961668,0.919478,0.878891,0.841735,0.805959,0.771602,0.737314,0.705944,0.675984,0.646359,0.61826,0.591623,0.566379,0.541723,0.518448,0.496472,0.474579,0.454536,0.434689,0.416068,0.398179,0.381034,0.364635,0.348977,0.333767,0.319571,0.305592,0.29257,0.279823,0.267781,0.256401,0.245343,0.234783,0.224587
0.00127,29.1937,28.2627,27.2739,26.294,25.5214,24.7774,23.8984,23.9095,23.9875,24.4833,25.1529,26.5592,28.0409,28.7502,29.2434,29.0485,27.7582,26.1093,24.4035,22.5351,18.691,16.2065,13.5956,12.65,11.6121,10.8132,10.1594,9.60974,9.1141,8.59508,8.23832,7.85099,7.40268,7.13145,6.7651,6.4367,6.14239,5.8728,5.62911,5.40544,5.13365,4.94899,4.72163,4.51563,4.32579,4.11233,3.95543,3.77722,3.61324,3.46222,3.29777,3.14725,3.03294,2.88533,2.76982,2.64662,2.53392,2.43045,2.32248,2.22328,2.12022,2.0268,1.94159,1.86326,1.7757,1.70296,1.62952,1.55631,1.48939,1.42799,1.36694,1.30678,1.25169,1.19759,1.14482,1.0965,1.04944,1.00382,0.95978,0.917413,0.878629,0.841285,0.805422,0.769631,0.736886,0.705613,0.67469,0.645359,0.617554,0.591203,0.565467,0.541172,0.518232,0.49538,0.474459,0.453742,0.434305,0.415631,0.397735,0.380617,0.364273,0.348396,0.333578,0.318986,0.305393,0.292088,0.279518,0.267639,0.256096,0.245074,0.234431
0.00159,29.2686,28.3295,27.3433,26.3665,25.6026,24.8682,24.0245,24.0641,24.1721,24.7282,25.417,26.858,28.3447,29.0529,29.567,29.3766,28.0679,26.4389,24.8383,23.2093,20.2837,17.6182,14.5,13.3565,12.172,11.2955,10.5953,10.0146,9.49547,8.95253,8.58051,8.17692,7.71007,7.42768,7.04627,6.70438,6.39798,6.11731,5.86358,5.63068,5.34768,5.15541,4.91867,4.70415,4.50645,4.28414,4.12073,3.93514,3.76434,3.60702,3.43573,3.27893,3.15984,3.00608,2.88574,2.7574,2.64,2.53219,2.41971,2.31637,2.20901,2.11135,2.02259,1.941,1.84978,1.774,1.6975,1.62123,1.55152,1.48756,1.42397,1.36129,1.30391,1.24755,1.19258,1.14224,1.09322,1.0457,0.99982,0.955686,0.915284,0.876382,0.839023,0.801739,0.767627,0.73505,0.702837,0.672283,0.643317,0.615868,0.589057,0.563749,0.539852,0.516047,0.494253,0.472672,0.452423,0.432971,0.414327,0.396496,0.37947,0.362931,0.347494,0.332294,0.318134,0.304274,0.291179,0.278805,0.26678,0.255298,0.244211
0.00199,29.3423,28.3955,27.4118,26.4382,25.683,24.9581,24.1498,24.2174,24.355,24.9694,25.6756,27.1476,28.6382,29.3451,29.8783,29.6921,28.3655,26.751,25.2389,23.7994,21.5973,19.3036,15.777,14.2537,12.8175,11.8241,11.0606,10.4405,9.89236,9.32283,8.93373,8.51227,8.0254,7.73108,7.33374,6.97769,6.65867,6.36648,6.10238,5.85996,5.56545,5.36537,5.11902,4.8958,4.69007,4.45873,4.28871,4.09569,3.91794,3.75422,3.57594,3.41276,3.28882,3.12879,3.00355,2.86997,2.74778,2.63559,2.51851,2.41096,2.29924,2.19672,2.10437,2.01947,1.92457,1.84572,1.76613,1.68678,1.61425,1.54771,1.48154,1.41633,1.35662,1.29799,1.24079,1.18842,1.13742,1.08797,1.04024,0.994326,0.95229,0.911815,0.872945,0.834154,0.798663,0.764769,0.731253,0.699464,0.669327,0.640768,0.612874,0.586542,0.561679,0.536911,0.514236,0.491782,0.470715,0.450476,0.431079,0.412527,0.394812,0.377604,0.361544,0.345729,0.330996,0.316576,0.302951,0.290077,0.277567,0.26562,0.254085
0.00249,29.4114,28.4576,27.4763,26.5057,25.7589,25.043,24.2687,24.3623,24.5273,25.1948,25.916,27.4144,28.9072,29.6123,30.1599,29.9768,28.6361,27.0326,25.5908,24.2958,22.5813,21.2795,18.4255,15.6886,13.6131,12.4145,11.5582,10.8862,10.3015,9.70186,9.29349,8.85228,8.3438,8.03677,7.62269,7.25189,6.91983,6.6158,6.34111,6.08901,5.78284,5.5749,5.31888,5.08691,4.87313,4.63273,4.45606,4.25547,4.07077,3.90066,3.71543,3.54588,3.41711,3.25084,3.12071,2.98192,2.85497,2.7384,2.61676,2.50501,2.38898,2.28454,2.1885,2.10021,2.00152,1.91952,1.83674,1.75422,1.67879,1.60958,1.54077,1.47296,1.41086,1.34989,1.2904,1.23594,1.18289,1.13147,1.08183,1.03408,0.990363,0.948269,0.907846,0.867504,0.830594,0.795345,0.760489,0.727428,0.696087,0.666386,0.637376,0.609992,0.584135,0.558377,0.534795,0.511444,0.489534,0.468486,0.448314,0.42902,0.410597,0.392701,0.375998,0.359551,0.34423,0.329233,0.315063,0.301674,0.288664,0.27624,0.264243
0.00311,29.4804,28.5198,27.541,26.5734,25.835,25.1284,24.3886,24.5082,24.7004,25.42,26.1551,27.6779,29.1722,29.8752,30.433,30.2521,28.9007,27.3079,25.929,24.7613,23.4378,22.8801,21.6595,19.9772,14.8769,13.1135,12.1199,11.3802,10.7501,10.1152,9.68439,9.22051,8.68757,8.36629,7.93355,7.54645,7.20006,6.88309,6.59685,6.33425,6.01547,5.79906,5.53263,5.29125,5.06882,4.81871,4.63489,4.42616,4.23403,4.05708,3.8644,3.68804,3.5541,3.38116,3.24581,3.10146,2.96941,2.84816,2.72165,2.60542,2.48478,2.37653,2.27662,2.18477,2.08211,1.9968,1.9107,1.82485,1.74638,1.67439,1.60281,1.53226,1.46767,1.40424,1.34236,1.2857,1.23052,1.17703,1.12539,1.07571,1.03024,0.98645,0.944399,0.902432,0.864037,0.827368,0.791109,0.756717,0.724114,0.693217,0.663039,0.634552,0.607654,0.580859,0.556328,0.532036,0.509245,0.487349,0.466364,0.446293,0.427129,0.408513,0.391137,0.374028,0.35809,0.342489,0.327749,0.313821,0.300286,0.287362,0.274883
0.00389,29.5489,28.5816,27.6053,26.6408,25.911,25.2137,24.5087,24.654,24.8731,25.6431,26.3911,27.9361,29.4311,30.1317,30.6946,30.5145,29.157,27.575,26.2521,25.1952,24.1804,24.0814,24.2938,24.1816,18.6112,14.1385,12.7495,11.9237,11.2403,10.5657,10.1098,9.62056,9.0604,8.7233,8.26994,7.86489,7.50278,7.17163,6.87279,6.59873,6.26626,6.04065,5.76294,5.51139,5.27961,5.01901,4.82748,4.60996,4.40982,4.22548,4.02478,3.84108,3.70157,3.52143,3.38046,3.23011,3.09258,2.96631,2.83455,2.7135,2.58787,2.4748,2.37076,2.27512,2.16821,2.07938,1.98971,1.90031,1.8186,1.74363,1.66909,1.59563,1.52836,1.46231,1.39787,1.33887,1.28141,1.2257,1.17193,1.1202,1.07284,1.02724,0.983453,0.939751,0.899768,0.861583,0.823824,0.78801,0.754059,0.721884,0.690458,0.660793,0.632783,0.60488,0.579334,0.554038,0.530304,0.507502,0.48565,0.464749,0.444792,0.425406,0.407312,0.389495,0.372898,0.356652,0.341302,0.326798,0.312704,0.299245,0.28625
0.00486,29.6168,28.6431,27.6693,26.7078,25.9866,25.2987,24.6289,24.7995,25.045,25.864,26.6239,28.1891,29.684,30.3818,30.9443,30.7638,29.4049,27.8344,26.5614,25.6017,24.8357,24.9925,25.5845,25.8342,24.6494,16.1891,13.5074,12.5117,11.7692,11.0524,10.5699,10.0537,9.46442,9.11032,8.63472,8.21026,7.83112,7.48459,7.17206,6.88559,6.53825,6.30267,6.01273,5.75014,5.50821,5.23623,5.03633,4.80928,4.60044,4.4081,4.1987,4.00703,3.86148,3.67355,3.52648,3.36963,3.22616,3.09442,2.95697,2.83069,2.69968,2.58097,2.47246,2.37272,2.26122,2.16858,2.07507,1.98183,1.89662,1.81843,1.74069,1.66408,1.59392,1.52504,1.45783,1.3963,1.33637,1.27828,1.2222,1.16825,1.11886,1.07131,1.02564,0.980065,0.938366,0.898543,0.859164,0.821814,0.786406,0.752851,0.720078,0.68914,0.659928,0.630828,0.604186,0.577805,0.553053,0.529273,0.506483,0.484686,0.463873,0.443655,0.424785,0.406204,0.388894,0.371951,0.355944,0.340817,0.326119,0.312082,0.29853
0.00608,29.6834,28.7035,27.7323,26.7738,26.0612,25.3828,24.7475,24.9428,25.2141,26.0806,26.8512,28.4345,29.9285,30.623,31.1794,30.9973,29.6418,28.0836,26.8551,25.9802,25.4169,25.7358,26.5028,26.8175,26.1997,21.0193,14.5901,13.1186,12.3155,11.5574,11.0503,10.5088,9.89128,9.5204,9.02248,8.57826,8.18157,7.81906,7.49223,7.19273,6.82967,6.5835,6.28057,6.00624,5.7535,5.46938,5.2605,5.02317,4.80502,4.60413,4.3854,4.18521,4.03319,3.8369,3.68329,3.51947,3.36962,3.23203,3.08847,2.95658,2.81982,2.69445,2.58117,2.47704,2.36064,2.26393,2.1663,2.06897,1.98001,1.89838,1.81722,1.73724,1.664,1.59209,1.52193,1.4577,1.39513,1.33449,1.27594,1.21962,1.16806,1.11841,1.07074,1.02316,0.979623,0.938049,0.896939,0.857947,0.820982,0.785952,0.751737,0.71944,0.688943,0.658563,0.63075,0.603209,0.577369,0.552544,0.528752,0.505996,0.484268,0.463161,0.443462,0.424064,0.405993,0.388305,0.371593,0.355802,0.340457,0.325804,0.311655
0.0076,29.7455,28.7602,27.7914,26.8359,26.1314,25.4617,24.8601,25.0783,25.3734,26.2828,27.0626,28.661,30.1533,30.8444,31.3896,31.2044,29.856,28.3109,27.1207,26.3161,25.9128,26.3373,27.2015,27.5264,27.0571,24.4761,15.6393,13.7029,12.8202,12.0218,11.4945,10.9329,10.2928,9.90824,9.39167,8.9305,8.51843,8.14171,7.80192,7.49045,7.11276,6.85659,6.54134,6.25581,5.99273,5.69696,5.47946,5.23226,5.00511,4.79592,4.56815,4.35967,4.20134,3.99691,3.83692,3.6663,3.51022,3.36692,3.21739,3.08001,2.93769,2.81068,2.69252,2.58389,2.46247,2.36159,2.25975,2.15822,2.06542,1.98027,1.89561,1.81218,1.73579,1.66077,1.58758,1.52058,1.45531,1.39205,1.33098,1.27223,1.21845,1.16666,1.11692,1.06729,1.02188,0.978514,0.935631,0.894957,0.856397,0.819856,0.784165,0.750475,0.718662,0.686972,0.657959,0.62923,0.602275,0.576379,0.551561,0.527824,0.505158,0.483141,0.462591,0.442357,0.423506,0.405055,0.387623,0.371151,0.355144,0.339858,0.325099
0.0095,29.8073,28.8167,27.8503,26.8978,26.2017,25.5412,24.973,25.2138,25.5323,26.4835,27.2718,28.8845,30.3747,31.0619,31.5924,31.4028,30.0636,28.5328,27.3791,26.6391,26.3793,26.8898,27.8393,28.1556,27.7712,26.1745,20.3272,14.6692,13.318,12.4674,11.9185,11.3371,10.676,10.279,9.74543,9.26882,8.84264,8.4528,8.10096,7.7783,7.38678,7.1211,6.79409,6.49786,6.22487,5.91789,5.69209,5.43531,5.19948,4.98228,4.74576,4.52925,4.36482,4.15251,3.98634,3.80912,3.647,3.49814,3.34281,3.2001,3.05243,2.92303,2.80015,2.68718,2.56091,2.45599,2.35008,2.24449,2.14798,2.05943,1.97139,1.88462,1.80517,1.72716,1.65105,1.58136,1.51349,1.4477,1.38419,1.32309,1.26715,1.21329,1.16157,1.10996,1.06273,1.01763,0.973032,0.930732,0.890631,0.852629,0.815512,0.780474,0.747391,0.714434,0.684261,0.654383,0.626351,0.59942,0.57361,0.548923,0.525351,0.502454,0.481083,0.46004,0.440436,0.421247,0.403118,0.385987,0.36934,0.353444,0.338095
0.0119,29.869,28.8732,27.9093,26.9597,26.2721,25.6209,25.0863,25.3496,25.6915,26.6832,27.4797,29.1056,30.5931,31.2763,31.7888,31.5933,30.2648,28.7495,27.6311,26.9511,26.8214,27.4049,28.4702,28.8008,28.4058,26.9705,24.617,15.7289,13.8334,12.9016,12.3259,11.7225,11.0401,10.6308,10.081,9.58989,9.1505,8.74838,8.38526,8.0521,7.64756,7.37291,7.03477,6.7284,6.44604,6.12845,5.89475,5.62885,5.38478,5.15996,4.91512,4.69099,4.52076,4.30093,4.12888,3.94537,3.7775,3.62335,3.4625,3.31471,3.16198,3.02714,2.89988,2.78289,2.65212,2.54346,2.43378,2.32443,2.22449,2.13278,2.0416,1.95175,1.86946,1.78867,1.70985,1.63768,1.56739,1.49926,1.43349,1.37021,1.31228,1.25651,1.20294,1.14949,1.10058,1.05387,1.00769,0.96388,0.922352,0.882996,0.844557,0.808271,0.774009,0.739879,0.708631,0.677689,0.648658,0.620768,0.594039,0.568473,0.544062,0.52035,0.498217,0.476424,0.456122,0.43625,0.417475,0.399734,0.382495,0.366032,0.350136
0.0148,29.9301,28.9293,27.9679,27.0213,26.3421,25.7002,25.1998,25.4853,25.8501,26.8813,27.6852,29.3231,30.8077,31.4865,31.978,31.7749,30.4583,28.9598,27.8754,27.2511,27.2396,27.8899,29.1491,29.5229,28.9914,27.6097,25.8421,17.8959,14.5192,13.3364,12.723,12.0918,11.3853,10.963,10.3968,9.89128,9.43912,9.02527,8.65145,8.30837,7.89157,7.60846,7.25988,6.94402,6.65287,6.32535,6.08427,5.80985,5.55807,5.32613,5.07353,4.84226,4.6666,4.43976,4.2622,4.07283,3.89957,3.74048,3.57447,3.42194,3.26451,3.1229,2.99162,2.87093,2.73602,2.62392,2.51077,2.39797,2.29486,2.20025,2.10619,2.01349,1.92861,1.84526,1.76394,1.68949,1.61698,1.54669,1.47883,1.41356,1.3538,1.29626,1.241,1.18585,1.1354,1.08721,1.03957,0.994373,0.951531,0.91093,0.871275,0.833841,0.798495,0.763285,0.731049,0.699128,0.669179,0.640407,0.612832,0.586457,0.561274,0.536811,0.513979,0.491496,0.470552,0.450051,0.430682,0.41238,0.394595,0.377611,0.361213
0.0185,29.9905,28.9851,28.0263,27.0828,26.4124,25.7799,25.3136,25.6207,26.0077,27.0774,27.888,29.5367,31.0178,31.6924,32.1603,31.9478,30.6435,29.1629,28.1117,27.5395,27.6363,28.3559,29.9323,30.2955,29.5336,28.1671,26.6164,25.0359,15.7861,13.7975,13.1262,12.4566,11.7205,11.2831,10.6988,10.1782,9.71308,9.2875,8.90317,8.55042,8.12177,7.83055,7.47198,7.14708,6.84759,6.51066,6.26261,5.98017,5.72111,5.48245,5.22252,4.98454,4.80377,4.57032,4.38759,4.19269,4.01438,3.85064,3.67977,3.52278,3.36098,3.21281,3.07774,2.95358,2.81478,2.69947,2.58306,2.467,2.36093,2.2636,2.16683,2.07146,1.98413,1.89838,1.81473,1.73813,1.66353,1.59122,1.52141,1.45425,1.39277,1.33358,1.27673,1.21999,1.16809,1.11851,1.06949,1.023,0.978925,0.937155,0.896359,0.857847,0.821484,0.78526,0.752096,0.719256,0.688444,0.658844,0.630475,0.603341,0.577433,0.552266,0.528776,0.505646,0.484099,0.463008,0.443082,0.424252,0.405955,0.388483,0.371612
0.0232,30.0466,29.037,28.0806,27.14,26.4777,25.8542,25.4202,25.7472,26.1546,27.2587,28.0752,29.7331,31.2108,31.8814,32.3245,32.1013,30.8084,29.3455,28.3251,27.7988,27.9887,28.7989,30.6734,30.9738,29.9911,28.6402,27.1951,26.0325,23.1824,22.8392,20.7969,12.8272,12.0487,11.5916,10.9858,10.4484,9.96947,9.53179,9.1369,8.77462,8.33449,8.0355,7.66745,7.33405,7.02675,6.68105,6.42651,6.13659,5.8708,5.62594,5.35925,5.11508,4.92961,4.69009,4.5026,4.30263,4.11967,3.95167,3.77636,3.61528,3.44953,3.3003,3.16155,3.03401,2.89143,2.77297,2.6534,2.53418,2.42521,2.32524,2.22583,2.12786,2.03816,1.95007,1.86414,1.78546,1.70883,1.63455,1.56284,1.49385,1.4307,1.36989,1.31149,1.25321,1.19989,1.14897,1.09862,1.05086,1.00558,0.962674,0.920766,0.881207,0.843853,0.806642,0.772575,0.738841,0.707191,0.676784,0.647643,0.61977,0.593156,0.567304,0.543175,0.519415,0.497281,0.475616,0.455147,0.435805,0.417009,0.399061,0.381731
0.029,30.1027,29.089,28.1351,27.1974,26.5435,25.9291,25.5281,25.8749,26.3025,27.4404,28.2622,29.9284,31.4028,32.0697,32.486,32.2504,30.9691,29.5244,28.5345,28.0533,28.3322,29.2608,31.3492,31.4867,30.4156,29.0947,27.7231,26.781,26.1816,26.544,25.3855,19.6706,12.4188,11.9328,11.2977,10.739,10.2433,9.79143,9.38446,9.01147,8.55863,8.25117,7.87285,7.53032,7.21469,6.85968,6.59824,6.30038,6.02749,5.77609,5.50229,5.25162,5.06121,4.81533,4.62286,4.41757,4.22976,4.0573,3.87733,3.71198,3.54214,3.38937,3.24688,3.1159,2.96947,2.84782,2.72501,2.60258,2.49067,2.388,2.28591,2.1853,2.09317,2.00271,1.91445,1.83365,1.75495,1.67866,1.60502,1.53417,1.46931,1.40686,1.34689,1.28704,1.23228,1.17998,1.12827,1.07922,1.03272,0.988657,0.945619,0.904991,0.866629,0.828414,0.793428,0.758783,0.726278,0.695051,0.665123,0.636498,0.609166,0.582616,0.557835,0.533434,0.510703,0.488453,0.467431,0.447567,0.428265,0.409832,0.392034
0.0362,30.1585,29.1409,28.1895,27.2548,26.6094,26.0042,25.6366,26.0027,26.4502,27.6208,28.4477,30.1216,31.5925,32.256,32.6438,32.3944,31.1247,29.6987,28.7386,28.3015,28.6651,29.7283,31.9296,31.9187,30.8147,29.528,28.2072,27.4083,27.0799,27.636,27.5351,25.8945,15.1288,12.3388,11.6588,11.0699,10.552,10.082,9.66015,9.27425,8.80641,8.48912,8.09903,7.74616,7.42116,7.05573,6.78658,6.47983,6.19908,5.94047,5.65883,5.401,5.20517,4.95228,4.75435,4.54324,4.35011,4.17276,3.98771,3.81768,3.64342,3.48557,3.33904,3.20433,3.05375,2.92864,2.80236,2.67645,2.56136,2.45577,2.35079,2.24732,2.15258,2.05955,1.96879,1.88569,1.80476,1.72631,1.65057,1.57771,1.51102,1.44679,1.38512,1.32357,1.26725,1.21347,1.16029,1.10985,1.06203,1.01672,0.972458,0.930677,0.891226,0.851927,0.815947,0.78032,0.746892,0.714778,0.684001,0.654564,0.626456,0.599152,0.573668,0.548575,0.525198,0.502317,0.480698,0.460271,0.44042,0.421464,0.403161
0.0453,30.2141,29.1927,28.2439,27.3122,26.6754,26.0797,25.7457,26.131,26.5979,27.8006,28.6322,30.3131,31.7805,32.4412,32.7986,32.5338,31.2754,29.8684,28.9381,28.5445,28.9896,30.1902,32.4125,32.2823,31.1925,29.9413,28.6597,27.9617,27.7961,28.4463,28.4124,27.7253,20.8212,15.1528,13.2028,11.4773,10.927,10.4316,9.98965,9.5868,9.09974,8.77012,8.36544,7.99995,7.66362,7.28569,7.0073,6.68985,6.39977,6.13262,5.84173,5.57547,5.37326,5.11216,4.90782,4.68989,4.49052,4.30746,4.11645,3.94097,3.76157,3.59723,3.446,3.30698,3.15158,3.02246,2.89213,2.76219,2.64342,2.53444,2.42609,2.31931,2.22154,2.12553,2.03186,1.9461,1.86258,1.78161,1.70345,1.62826,1.55942,1.49314,1.42949,1.36597,1.30785,1.25235,1.19746,1.14541,1.09606,1.04929,1.00361,0.960491,0.919777,0.879218,0.842086,0.805317,0.770819,0.737676,0.705913,0.675533,0.646524,0.618346,0.592045,0.566148,0.542023,0.518408,0.496097,0.475015,0.454529,0.434966,0.416076
0.0566,30.2694,29.2443,28.2982,27.3695,26.7415,26.1554,25.8551,26.2593,26.7454,27.9793,28.8151,30.5024,31.9665,32.6248,32.9502,32.6686,31.4195,30.0312,29.1328,28.7821,29.3059,30.6331,32.8198,32.4322,31.5349,30.3303,29.0845,28.4596,28.4101,29.152,29.1445,28.511,27.1338,26.2433,18.7952,12.0931,11.4371,10.8828,10.4119,9.98509,9.47154,9.12528,8.70117,8.31914,7.96812,7.57411,7.28385,6.95256,6.65065,6.37268,6.07011,5.79323,5.58299,5.31157,5.09918,4.8727,4.66553,4.47533,4.27688,4.09456,3.90876,3.73958,3.58237,3.43784,3.27629,3.14207,3.00657,2.87149,2.74802,2.63473,2.5221,2.41109,2.30945,2.20964,2.11227,2.02311,1.93628,1.85211,1.77086,1.69269,1.62113,1.55223,1.48606,1.42002,1.3596,1.3019,1.24485,1.19073,1.13943,1.09081,1.04332,0.998499,0.956173,0.91401,0.875408,0.837184,0.801321,0.766867,0.733847,0.702264,0.672108,0.642814,0.615473,0.588551,0.563471,0.538922,0.515729,0.493812,0.472515,0.452178,0.432541
0.0707,30.3208,29.2925,28.3488,27.4232,26.8035,26.2264,25.9575,26.3791,26.8828,28.1451,28.9845,30.677,32.1384,32.7951,33.0887,32.7897,31.5597,30.1939,29.3099,28.9986,29.5939,31.0206,33.1447,32.7558,31.8493,30.6636,29.4535,28.8801,28.9134,29.7896,29.7893,29.1233,27.9526,27.358,25.5654,23.8255,15.119,11.5218,11.0082,10.5466,9.99461,9.62437,9.17224,8.76657,8.3947,7.97797,7.67094,7.32026,7.00169,6.70852,6.38954,6.09774,5.87624,5.59035,5.36668,5.1282,4.91011,4.70989,4.50102,4.30914,4.11427,3.93616,3.77068,3.61856,3.44852,3.30724,3.16462,3.02244,2.89248,2.77324,2.65468,2.53784,2.43085,2.32579,2.2233,2.12946,2.03807,1.94947,1.86395,1.78167,1.70635,1.63382,1.56418,1.49467,1.43107,1.37034,1.31029,1.25332,1.19933,1.14815,1.09817,1.05099,1.00644,0.962057,0.921427,0.881193,0.843445,0.80718,0.772423,0.739181,0.707439,0.676606,0.647827,0.61949,0.593092,0.567252,0.542839,0.519771,0.497354,0.475948,0.455279
0.0884,30.3718,29.3403,28.3992,27.4766,26.8652,26.2974,26.0607,26.4993,27.02,28.3092,29.152,30.8493,32.3079,32.9635,33.2245,32.9072,31.6993,30.359,29.4849,29.2107,29.8772,31.3864,33.4379,33.0493,32.1402,30.973,29.8007,29.273,29.3804,30.4701,30.4583,29.696,28.6508,28.2057,28.0688,27.7916,22.4364,13.3788,11.7099,11.2098,10.6155,10.2186,9.73519,9.30249,8.90656,8.46353,8.13728,7.76471,7.42652,7.11535,6.77687,6.46728,6.23231,5.92905,5.69183,5.43892,5.20763,4.99533,4.77385,4.5704,4.36445,4.1839,4.008,3.84631,3.66556,3.51539,3.3638,3.21266,3.07452,2.94778,2.82176,2.69756,2.58384,2.47217,2.36323,2.26349,2.16634,2.07217,1.98126,1.8938,1.81374,1.73665,1.66262,1.58874,1.52114,1.45659,1.39275,1.33221,1.27481,1.22041,1.16729,1.11713,1.06978,1.02261,0.979419,0.936654,0.896529,0.857982,0.821038,0.785703,0.751964,0.71919,0.6886,0.658479,0.63042,0.602954,0.577005,0.552484,0.528657,0.505903,0.483933
0.111,30.4246,29.39,28.4516,27.532,26.9296,26.3713,26.168,26.6241,27.1625,28.4795,29.3254,31.0271,32.4827,33.1374,33.3638,33.0267,31.8389,30.5261,29.6669,29.4284,30.1694,31.7493,33.7202,33.3335,32.4929,31.2821,30.1442,29.6607,29.8416,31.2138,31.1654,30.2696,29.3012,28.9349,28.9379,28.7759,28.1084,15.1755,12.5197,11.9719,11.3275,10.8995,10.3801,9.91634,9.49288,9.01986,8.67185,8.27473,7.91417,7.58248,7.22173,6.89181,6.64143,6.31832,6.06557,5.79613,5.54973,5.32356,5.08763,4.87091,4.65229,4.4585,4.27107,4.09876,3.90615,3.74612,3.58458,3.42353,3.27632,3.14125,3.00696,2.87462,2.75343,2.63443,2.51834,2.41205,2.30853,2.20817,2.1113,2.0181,1.93279,1.85064,1.77175,1.69302,1.62098,1.55219,1.48417,1.41965,1.35848,1.30051,1.2439,1.19046,1.13999,1.08973,1.0437,0.998131,0.955373,0.914295,0.874927,0.837273,0.801319,0.766394,0.733796,0.701698,0.671797,0.642529,0.614876,0.588746,0.563355,0.539108,0.515696
0.116,30.4361,29.4008,28.463,27.5441,26.9436,26.3875,26.1913,26.6512,27.1934,28.5166,29.3632,31.0657,32.5206,33.1751,33.3938,33.0523,31.8676,30.5608,29.7067,29.4754,30.2328,31.8255,33.7784,33.3925,32.5878,31.3484,30.2161,29.7419,29.9387,31.3815,31.3199,30.3924,29.4339,29.0787,29.1042,28.9536,28.3143,15.3798,12.7078,12.1478,11.491,11.0556,10.5277,10.0567,9.62682,9.1469,8.7939,8.39119,8.02552,7.68915,7.32331,6.98874,6.73485,6.4072,6.15091,5.8777,5.62786,5.39853,5.1593,4.93955,4.71807,4.52015,4.33012,4.15544,3.96016,3.79792,3.63414,3.47086,3.32162,3.18469,3.04854,2.91436,2.7915,2.67086,2.55316,2.4454,2.34045,2.23871,2.14049,2.04601,1.95951,1.87623,1.79625,1.71643,1.6434,1.57365,1.50469,1.43928,1.37726,1.3185,1.2611,1.20692,1.15576,1.10479,1.05813,1.01193,0.968583,0.926937,0.887025,0.84885,0.812399,0.776991,0.743943,0.711401,0.681086,0.651413,0.623378,0.596887,0.571145,0.546562,0.522827
0.122,30.4475,29.4116,28.4743,27.5561,26.9576,26.4036,26.2146,26.6783,27.2243,28.5535,29.4007,31.1039,32.5582,33.2125,33.4236,33.0776,31.8965,30.5958,29.7462,29.522,30.2959,31.9005,33.8354,33.4504,32.6604,31.4115,30.2868,29.8218,30.0347,31.5421,31.4679,30.5143,29.5636,29.2185,29.2664,29.1259,28.5102,15.5919,12.9039,12.3299,11.6595,11.2161,10.6792,10.2006,9.76409,9.27702,8.91886,8.51037,8.13945,7.79826,7.4272,7.08788,6.83039,6.4981,6.23819,5.96111,5.70775,5.47518,5.23257,5.00973,4.78532,4.58319,4.39051,4.21339,4.01539,3.85088,3.68482,3.51927,3.36794,3.2291,3.09105,2.95501,2.83043,2.70811,2.58877,2.47951,2.37309,2.26993,2.17034,2.07454,1.98684,1.90239,1.8213,1.74036,1.66632,1.5956,1.52567,1.45935,1.39647,1.33689,1.27869,1.22375,1.17188,1.1202,1.07289,1.02604,0.98209,0.939864,0.899395,0.860688,0.823728,0.787826,0.754318,0.721322,0.690584,0.660497,0.632072,0.605211,0.57911,0.554184,0.530118
0.128,30.4581,29.4216,28.4848,27.5673,26.9706,26.4186,26.2365,26.7038,27.2532,28.5876,29.4353,31.1393,32.5929,33.247,33.4512,33.101,31.9238,30.6293,29.7828,29.5648,30.3544,31.968,33.8861,33.5023,32.6772,31.4639,30.3501,29.8939,30.1225,31.6763,31.5921,30.6268,29.6787,29.3406,29.4093,29.2749,28.6711,15.8093,13.1064,12.5153,11.8291,11.3771,10.8306,10.344,9.90072,9.40636,9.04298,8.62862,8.25244,7.90644,7.53019,7.18612,6.92504,6.58814,6.32462,6.04372,5.78685,5.55107,5.30512,5.07921,4.85192,4.64811,4.4527,4.27306,4.07226,3.90543,3.73702,3.56912,3.41565,3.27484,3.13484,2.99686,2.87052,2.74647,2.62544,2.51463,2.4067,2.30208,2.20109,2.10393,2.01498,1.92934,1.84709,1.76501,1.68992,1.6182,1.54728,1.48002,1.41625,1.35582,1.2968,1.24108,1.18847,1.13607,1.08809,1.04058,0.996001,0.953176,0.912134,0.872878,0.835396,0.798985,0.765002,0.731539,0.700366,0.669853,0.641024,0.613783,0.587312,0.562034,0.537626
0.134,30.4692,29.432,28.4959,27.579,26.9842,26.4343,26.2596,26.7305,27.2835,28.6234,29.4717,31.1764,32.6293,33.2833,33.4801,33.1256,31.9525,30.6646,29.8212,29.6099,30.4159,32.0389,33.9393,33.5569,32.6948,31.5188,30.4167,29.9696,30.2147,31.8173,31.7225,30.745,29.7996,29.4689,29.5594,29.4313,28.8401,16.0375,13.3191,12.71,12.0073,11.5461,10.9896,10.4946,10.0442,9.5422,9.17333,8.75281,8.3711,8.02006,7.63834,7.2893,7.02445,6.6827,6.4154,6.13047,5.86993,5.63078,5.38132,5.15219,4.92186,4.71516,4.51694,4.33471,4.13101,3.96177,3.79093,3.62061,3.46493,3.32209,3.18006,3.0401,2.91193,2.78609,2.66331,2.5509,2.44142,2.33529,2.23284,2.13428,2.04405,1.95717,1.87374,1.79048,1.7143,1.64155,1.5696,1.50137,1.43668,1.37538,1.31551,1.25899,1.20562,1.15246,1.10379,1.05559,1.01037,0.966928,0.925293,0.885471,0.847448,0.810512,0.776038,0.742093,0.71047,0.679517,0.650272,0.622638,0.595785,0.570142,0.545383
0.141,30.4807,29.4428,28.5072,27.591,26.9982,26.4505,26.2833,26.7579,27.3146,28.6601,29.509,31.2145,32.6666,33.3205,33.5098,33.1507,31.9818,30.7005,29.8606,29.6561,30.479,32.1114,33.9936,33.6124,32.718,31.5753,30.4846,30.0469,30.3094,31.9595,31.8541,30.866,29.9227,29.5994,29.713,29.591,29.0114,28.4881,13.5443,12.9149,12.1942,11.7232,11.156,10.6521,10.1942,9.68416,9.30953,8.88256,8.49506,8.13873,7.7513,7.39705,7.12827,6.78146,6.5102,6.22106,5.95668,5.71401,5.46088,5.22839,4.9949,4.7846,4.58345,4.39854,4.19185,4.02011,3.84675,3.67392,3.51595,3.37101,3.22689,3.08487,2.95482,2.82712,2.70253,2.58847,2.47737,2.36968,2.26572,2.16571,2.07415,1.98599,1.90133,1.81684,1.73954,1.66572,1.59272,1.52348,1.45784,1.39563,1.33488,1.27753,1.22337,1.16943,1.12004,1.07113,1.02525,0.981167,0.938919,0.898511,0.859927,0.822448,0.787466,0.753021,0.720932,0.689523,0.659848,0.631807,0.604559,0.578538,0.553414
0.148,30.4912,29.4527,28.5177,27.6022,27.0112,26.4655,26.3051,26.783,27.3431,28.694,29.5434,31.2494,32.7009,33.3546,33.5369,33.1735,32.008,30.7328,29.8966,29.6985,30.5376,32.1768,34.0418,33.6617,32.7678,31.6284,30.5456,30.1164,30.3976,32.0771,31.9634,30.9765,30.0314,29.7142,29.8527,29.7336,29.158,28.6549,13.7816,13.1326,12.3896,11.9072,11.3276,10.8141,10.3482,9.82964,9.44903,9.01531,8.62183,8.26005,7.86674,7.50714,7.23432,6.88231,6.607,6.31356,6.04525,5.79898,5.5421,5.30616,5.06946,4.85674,4.65256,4.46486,4.25505,4.08072,3.90475,3.72931,3.56896,3.42183,3.27554,3.13138,2.99936,2.86974,2.74328,2.62749,2.51472,2.40541,2.29988,2.19836,2.10542,2.01594,1.93,1.84424,1.76577,1.69083,1.61673,1.54645,1.47982,1.41668,1.35501,1.29679,1.24182,1.18706,1.13693,1.08728,1.04071,0.995959,0.953075,0.912057,0.872892,0.834848,0.799339,0.764374,0.731802,0.699919,0.669796,0.641333,0.613673,0.587261,0.561758
0.156,30.5022,29.4631,28.5287,27.6139,27.0248,26.4813,26.3281,26.8095,27.3729,28.7296,29.5795,31.2862,32.7369,33.3904,33.5654,33.1974,32.0356,30.7668,29.9345,29.743,30.599,32.2455,34.0925,33.7135,32.8201,31.6841,30.6096,30.1894,30.4901,32.2006,32.0782,31.0925,30.1456,29.8347,29.9994,29.8833,29.312,28.83,28.692,13.3611,12.5947,12.1005,11.5077,10.9841,10.5098,9.9824,9.59551,9.15471,8.75495,8.38744,7.98795,7.62274,7.34567,6.98821,6.70865,6.41068,6.13824,5.88819,5.62738,5.38783,5.14774,4.93194,4.7246,4.53399,4.32093,4.14391,3.96521,3.78706,3.62422,3.47481,3.32626,3.17986,3.04581,2.91418,2.78576,2.66818,2.55366,2.44265,2.33549,2.2324,2.13802,2.04715,1.95988,1.87279,1.79311,1.71701,1.64176,1.57039,1.50273,1.43861,1.37599,1.31687,1.26105,1.20544,1.15453,1.10412,1.05682,1.01138,0.967832,0.926179,0.886408,0.847774,0.811715,0.776209,0.743132,0.710756,0.680167,0.651263,0.623175,0.596354,0.570456
0.163,30.5132,29.4735,28.5397,27.6255,27.0384,26.4969,26.3509,26.8358,27.4028,28.7649,29.6153,31.3226,32.7726,33.426,33.5936,33.2212,32.0627,30.8001,29.9719,29.7872,30.6602,32.313,34.1421,33.7644,32.8957,31.7407,30.6721,30.2612,30.5843,32.3192,32.1892,31.2068,30.2572,29.9528,30.1469,30.0319,29.4621,28.9986,28.8777,13.6057,12.8123,12.3047,11.6977,11.163,10.6795,10.1426,9.74918,9.30091,8.89454,8.52101,8.11502,7.7439,7.46239,7.09919,6.81517,6.51246,6.23569,5.98168,5.71673,5.4734,5.22977,5.01063,4.79998,4.60634,4.38988,4.21003,4.02848,3.84749,3.68205,3.53026,3.37933,3.2306,3.09441,2.96067,2.83021,2.71075,2.59441,2.48163,2.37276,2.26802,2.17214,2.07981,1.99116,1.90267,1.82172,1.74441,1.66796,1.59545,1.52671,1.46157,1.39794,1.33788,1.28117,1.22467,1.17295,1.12174,1.07368,1.02752,0.983275,0.940958,0.900551,0.861301,0.824667,0.788595,0.75499,0.722097,0.69102,0.661655,0.633119,0.605869,0.579558
0.171,30.5239,29.4836,28.5504,27.6369,27.0516,26.5121,26.373,26.8614,27.4319,28.7991,29.65,31.3579,32.8072,33.4604,33.6208,33.244,32.0886,30.8319,30.0081,29.8299,30.72,32.3776,34.1891,33.813,33.0041,31.7975,30.7311,30.3299,30.679,32.4282,32.2923,31.3161,30.3629,30.065,30.2925,30.1759,29.6036,29.1539,29.0515,28.9041,13.0441,12.5212,11.8983,11.3515,10.8576,10.3107,9.91035,9.45421,9.04085,8.66098,8.24816,7.87084,7.58465,7.21544,6.92673,6.61904,6.33774,6.07957,5.8103,5.563,5.31566,5.09326,4.87914,4.6823,4.46227,4.27946,4.09492,3.91094,3.74277,3.58848,3.43506,3.28388,3.14544,3.0095,2.87688,2.75546,2.63719,2.52255,2.41189,2.30542,2.20796,2.11411,2.02399,1.93405,1.85176,1.77318,1.69547,1.62176,1.55189,1.48567,1.421,1.35994,1.3023,1.24487,1.1923,1.14024,1.09139,1.04446,0.999491,0.956476,0.915403,0.875506,0.838267,0.8016,0.767441,0.734006,0.702416,0.672566,0.64356,0.615861,0.589116
0.18,30.5351,29.4941,28.5616,27.6489,27.0655,26.5281,26.3963,26.8883,27.4624,28.835,29.6864,31.3949,32.8435,33.4965,33.6495,33.2681,32.1158,30.8653,30.0461,29.8748,30.7826,32.4454,34.2383,33.8641,33.1171,31.857,30.7931,30.4019,30.7784,32.5426,32.4004,31.4307,30.4737,30.1828,30.4454,30.327,29.7521,29.3169,29.2338,29.0941,13.2876,12.7485,12.109,11.5494,11.0447,10.4872,10.0796,9.61519,9.19451,8.80798,8.38799,8.00415,7.71304,7.33752,7.04389,6.73098,6.44491,6.18238,5.90856,5.65709,5.40585,5.18023,4.96245,4.76225,4.53846,4.35253,4.16484,3.97771,3.80668,3.64975,3.49372,3.33995,3.19914,3.06089,2.926,2.8025,2.68222,2.56563,2.45307,2.34479,2.24566,2.15021,2.05855,1.96708,1.88338,1.80345,1.72442,1.64945,1.57839,1.51104,1.44526,1.38316,1.32453,1.26613,1.21265,1.1597,1.11002,1.0623,1.01656,0.972807,0.931033,0.890455,0.852581,0.815287,0.780545,0.746539,0.71441,0.68405,0.654549,0.626377,0.599175
0.189,30.5455,29.504,28.572,27.6599,27.0785,26.5431,26.4178,26.9132,27.4906,28.8685,29.7204,31.4296,32.8772,33.5301,33.6759,33.2902,32.1407,30.8958,30.0811,29.9164,30.8416,32.5064,34.2831,33.9106,33.101,31.9007,30.8497,30.4683,30.8815,32.6431,32.4945,31.5339,30.5735,30.2908,30.5964,30.4699,29.8866,29.4606,29.393,29.2615,13.5587,12.9967,12.3364,11.7618,11.2451,10.6755,10.2595,9.78642,9.35786,8.96422,8.53656,8.14577,7.84941,7.46716,7.1683,6.84982,6.55868,6.2915,6.01285,5.75695,5.50156,5.27196,5.05033,4.84658,4.61883,4.4296,4.23859,4.04815,3.87409,3.71438,3.55559,3.39909,3.2558,3.11509,2.97782,2.85213,2.72972,2.61106,2.49651,2.38631,2.28543,2.18829,2.09501,2.00191,1.91673,1.83539,1.75495,1.67866,1.60634,1.5378,1.47085,1.40766,1.34799,1.28855,1.23413,1.18024,1.12968,1.08111,1.03456,0.990034,0.94752,0.906223,0.867678,0.829724,0.794367,0.759759,0.727061,0.696164,0.66614,0.637469,0.609785
0.199,30.5564,29.5144,28.5829,27.6716,27.092,26.5589,26.4404,26.9393,27.5203,28.9036,29.7561,31.466,32.9125,33.5653,33.7037,33.3134,32.1668,30.9277,30.118,29.9601,30.9034,32.5704,34.3302,33.9594,33.0841,31.9466,30.9092,30.5379,30.9899,32.7486,32.5933,31.6423,30.6783,30.4043,30.755,30.6201,30.0278,29.6114,29.5602,29.4373,28.9528,13.2601,12.5751,11.9849,11.4556,10.8733,10.4483,9.96622,9.52936,9.12828,8.69255,8.29446,7.9926,7.60328,7.29892,6.97459,6.67813,6.40608,6.12236,5.86181,5.60204,5.36899,5.14327,4.93578,4.70384,4.51112,4.3166,4.12265,3.94539,3.78274,3.62102,3.46165,3.31571,3.17242,3.03262,2.90462,2.77996,2.65911,2.54245,2.43023,2.32749,2.22856,2.13356,2.03875,1.95201,1.86917,1.78725,1.70955,1.6359,1.5661,1.49792,1.43356,1.3728,1.31226,1.25684,1.20196,1.15047,1.10101,1.0536,1.00825,0.964958,0.922901,0.883647,0.844994,0.808986,0.773741,0.740441,0.708975,0.678399,0.6492,0.621008
0.208,30.5669,29.5243,28.5935,27.6828,27.1051,26.574,26.4625,26.9648,27.5491,28.9375,29.7903,31.5007,32.9465,33.599,33.7302,33.3354,32.1916,30.9581,30.153,30.0021,30.9632,32.6324,34.3739,34.0052,33.1699,31.9986,30.9656,30.6035,31.101,32.8452,32.6839,31.7426,30.7754,30.5125,30.9101,30.7636,30.1613,29.7514,29.7152,29.5994,29.1141,13.5491,12.8361,12.2271,11.6833,11.0867,10.6518,10.1589,9.71336,9.30444,8.86001,8.45408,8.14629,7.74936,7.43907,7.10846,6.80626,6.52897,6.2398,5.97425,5.70977,5.47194,5.2419,5.03043,4.79404,4.59763,4.39937,4.20171,4.02104,3.85527,3.69046,3.52803,3.3793,3.23325,3.09077,2.96032,2.83326,2.7101,2.59121,2.47683,2.37212,2.2713,2.17447,2.07785,1.98944,1.90501,1.82152,1.74234,1.66727,1.59613,1.52664,1.46105,1.39912,1.33743,1.28094,1.22501,1.17253,1.12212,1.0738,1.02759,0.983462,0.940598,0.900591,0.861198,0.824499,0.788578,0.75464,0.722571,0.691408,0.661649,0.632916
0.219,30.5778,29.5346,28.6043,27.6943,27.1187,26.5897,26.4854,26.9912,27.579,28.9724,29.8257,31.5365,32.9816,33.6338,33.7575,33.3582,32.2172,30.9893,30.1891,30.0455,31.025,32.6965,34.4188,34.0524,33.279,32.0539,31.0237,30.671,31.2172,32.944,32.7766,31.8453,30.8749,30.6241,31.0709,30.9117,30.2987,29.8949,29.8743,29.7654,29.2835,13.8525,13.1122,12.483,11.9235,11.3118,10.8665,10.362,9.90727,9.49013,9.03651,8.62232,8.30827,7.90331,7.58677,7.24953,6.9413,6.65848,6.36356,6.09274,5.82329,5.58181,5.34715,5.13143,4.89029,4.68994,4.4877,4.28607,4.10178,3.93268,3.76455,3.59887,3.44715,3.29817,3.15283,3.01976,2.89015,2.76452,2.64323,2.52656,2.41975,2.3169,2.21813,2.11957,2.02938,1.94326,1.8581,1.77732,1.70074,1.62818,1.5573,1.49039,1.42721,1.36428,1.30666,1.24961,1.19608,1.14465,1.09536,1.04822,1.00321,0.959484,0.918674,0.878489,0.841054,0.804411,0.769792,0.737079,0.70529,0.674934,0.645624
0.23,30.5882,29.5444,28.6148,27.7055,27.1318,26.6049,26.5076,27.0167,27.6077,29.0061,29.8598,31.571,33.0152,33.667,33.7836,33.3799,32.2412,31.0185,30.2237,30.0871,31.0848,32.7559,34.4617,34.0973,33.3257,32.1013,31.0781,30.7349,31.3287,33.0369,32.8624,31.9409,30.9685,30.7311,31.2226,31.0505,30.43,30.0297,30.025,29.9215,29.4483,29.2011,13.4267,12.7672,12.1888,11.5594,11.1023,10.5853,10.1196,9.69257,9.2288,8.80609,8.48527,8.07153,7.74814,7.40362,7.08877,6.7999,6.49869,6.22211,5.94717,5.69984,5.46021,5.23993,4.9937,4.78911,4.5826,4.3767,4.18851,4.01584,3.84416,3.67496,3.52004,3.36791,3.2195,3.08361,2.95126,2.82297,2.69913,2.57998,2.47091,2.36589,2.26504,2.16438,2.0723,1.98435,1.89739,1.8149,1.73671,1.6626,1.59023,1.5219,1.45739,1.39313,1.33429,1.27603,1.22137,1.16885,1.11852,1.07039,1.02442,0.979772,0.9381,0.897065,0.858838,0.821421,0.786069,0.752664,0.720204,0.689206,0.659276
0.241,30.5989,29.5545,28.6255,27.717,27.1452,26.6204,26.5305,27.043,27.6373,29.0408,29.8948,31.6065,33.0496,33.7011,33.8104,33.4023,32.2657,31.0483,30.2592,30.1299,31.1467,32.8168,34.5056,34.1432,33.3703,32.1496,31.1337,30.8005,31.4427,33.1319,32.9499,32.0383,31.0643,30.8411,31.3776,31.1922,30.5648,30.1675,30.1794,30.0813,29.6084,29.3754,13.7626,13.0699,12.471,11.8225,11.3528,10.8224,10.345,9.90745,9.43289,9.001,8.67298,8.25002,7.91935,7.56711,7.24523,6.94995,6.64206,6.35936,6.07859,5.82716,5.58218,5.35698,5.10525,4.89609,4.68496,4.47447,4.28207,4.10555,3.93003,3.75706,3.59867,3.44314,3.29141,3.15249,3.01719,2.88603,2.75942,2.63761,2.52611,2.41874,2.31563,2.21273,2.11859,2.02868,1.93977,1.85544,1.7755,1.69974,1.62575,1.5559,1.48995,1.42425,1.3641,1.30453,1.24865,1.19496,1.14351,1.0943,1.0473,1.00166,0.959055,0.917104,0.878023,0.83977,0.803629,0.769477,0.736292,0.704601,0.674003
0.253,30.6095,29.5645,28.6361,27.7282,27.158,26.635,26.5525,27.0683,27.6659,29.0743,29.9287,31.6408,33.083,33.7342,33.8362,33.4237,32.2894,31.0771,30.2933,30.1713,31.2082,32.8766,34.5471,34.1872,33.4484,32.1987,31.1865,30.8638,31.5483,33.2219,33.0318,32.1294,31.1555,30.948,31.5221,31.3255,30.6946,30.2981,30.3266,30.2334,29.7579,29.5383,29.4383,13.4077,12.7843,12.1136,11.6293,11.0838,10.5938,10.1449,9.65839,9.21482,8.87857,8.44621,8.10762,7.74687,7.41725,7.11502,6.79976,6.51032,6.22308,5.965,5.71423,5.4837,5.22601,5.01191,4.79578,4.58031,4.38337,4.20266,4.02299,3.84593,3.6838,3.52459,3.36927,3.22707,3.08856,2.9543,2.82469,2.70001,2.58586,2.47596,2.37041,2.26508,2.1687,2.07667,1.98566,1.89933,1.8175,1.73995,1.66421,1.59271,1.52519,1.45794,1.39636,1.33539,1.27819,1.22323,1.17056,1.12018,1.07208,1.02535,0.981741,0.938798,0.898793,0.859635,0.822638,0.78768,0.753709,0.721269,0.689946
0.266,30.6201,29.5746,28.6467,27.7395,27.1712,26.6504,26.5749,27.094,27.6949,29.1082,29.963,31.6755,33.1167,33.7676,33.8623,33.4453,32.3132,31.1059,30.3278,30.2131,31.2696,32.9364,34.5888,34.2313,33.5102,32.2466,31.2395,30.9275,31.653,33.312,33.1134,32.2199,31.2471,31.0554,31.6651,31.4565,30.8248,30.4291,30.4748,30.3859,29.9071,29.7004,29.6133,13.7737,13.1203,12.4257,11.9257,11.3638,10.8603,10.3994,9.90011,9.44457,9.0996,8.65619,8.30901,7.93917,7.60133,7.29207,6.96893,6.67226,6.37815,6.11464,5.85757,5.62126,5.35711,5.13763,4.91609,4.69521,4.49332,4.30809,4.12391,3.94241,3.7762,3.61301,3.45379,3.30802,3.16604,3.02841,2.89555,2.76774,2.65073,2.53807,2.42987,2.32189,2.2231,2.12876,2.03547,1.94698,1.86309,1.7836,1.70595,1.63266,1.56345,1.49451,1.43139,1.36889,1.31025,1.25391,1.19992,1.14828,1.09897,1.05107,1.00637,0.962348,0.921339,0.881199,0.843275,0.807439,0.772616,0.739362,0.707254
0.279,30.6307,29.5847,28.6574,27.7509,27.1848,26.6663,26.5975,27.1198,27.724,29.1425,29.9976,31.7104,33.1505,33.8011,33.8884,33.467,32.3371,31.1348,30.3623,30.2553,31.3303,32.9956,34.6303,34.2751,33.5519,32.2927,31.2924,30.9913,31.7558,33.4015,33.194,32.309,31.3385,31.1625,31.8053,31.5836,30.9546,30.5597,30.6229,30.5377,30.0546,29.86,29.7864,29.5241,13.4812,12.7608,12.2439,11.6643,11.1463,10.6726,10.1596,9.69181,9.3376,8.88122,8.52475,8.14519,7.79858,7.48227,7.15066,6.84624,6.54481,6.27578,6.01194,5.76941,5.49829,5.27303,5.04565,4.81895,4.61174,4.42162,4.23259,4.0463,3.87572,3.70822,3.54481,3.3952,3.24947,3.10822,2.97186,2.84068,2.72059,2.60495,2.49391,2.38309,2.28169,2.18486,2.08911,1.99829,1.91219,1.8306,1.75091,1.67569,1.60465,1.5339,1.46911,1.40497,1.34478,1.28696,1.23154,1.17854,1.12793,1.07877,1.03289,0.987709,0.94562,0.904422,0.865498,0.828718,0.792977,0.758847,0.725892
0.293,30.6411,29.5946,28.6679,27.7621,27.1979,26.6815,26.6195,27.1452,27.7525,29.176,30.0315,31.7446,33.1835,33.8338,33.914,33.4881,32.36,31.1626,30.3958,30.2963,31.3893,33.0527,34.6705,34.3177,33.5824,32.3362,31.3436,31.0535,31.8534,33.4876,33.2702,32.3934,31.4264,31.2658,31.9369,31.7045,31.0802,30.6854,30.7651,30.6838,30.1951,30.0117,29.9497,29.6943,13.8577,13.1101,12.576,11.9784,11.4456,10.9588,10.4318,9.95137,9.58761,9.11883,8.75279,8.36308,8.0071,7.68115,7.34075,7.02826,6.71976,6.44575,6.17477,5.92567,5.64721,5.41585,5.1823,4.94947,4.73665,4.54138,4.34723,4.15589,3.98069,3.80866,3.64082,3.48715,3.33748,3.19241,3.05235,2.91762,2.79427,2.67551,2.56145,2.44763,2.34349,2.24404,2.14569,2.05241,1.96398,1.88018,1.79833,1.72107,1.64812,1.57544,1.5089,1.44302,1.3812,1.32182,1.2649,1.21046,1.15848,1.10799,1.06087,1.01446,0.971231,0.928917,0.888939,0.851163,0.814454,0.7794,0.745553
0.308,30.6516,29.6045,28.6784,27.7733,27.2111,26.6968,26.6417,27.1706,27.7811,29.2096,30.0655,31.779,33.2166,33.8665,33.9396,33.5093,32.3831,31.1904,30.4294,30.3375,31.4493,33.1101,34.7105,34.3604,33.6336,32.3813,31.3948,31.1157,31.9483,33.5736,33.3456,32.4766,31.5143,31.3686,32.0658,31.8228,31.2058,30.8102,30.9057,30.8264,30.3352,30.1617,30.1107,29.8589,29.5723,13.4668,12.9153,12.2992,11.7513,11.2512,10.7102,10.2169,9.84341,9.36219,8.98642,8.58635,8.22087,7.8857,7.53628,7.2155,6.89962,6.62038,6.34205,6.0862,5.8002,5.56257,5.3227,5.08355,4.86497,4.66441,4.465,4.26848,4.08853,3.91184,3.73946,3.58162,3.4279,3.27889,3.13504,2.99666,2.86997,2.74799,2.63085,2.51394,2.40698,2.30483,2.20382,2.10801,2.01719,1.93112,1.84705,1.7677,1.69276,1.61812,1.54978,1.48211,1.41862,1.35763,1.29917,1.24326,1.18987,1.13801,1.08961,1.04194,0.997543,0.954083,0.913022,0.874222,0.836519,0.800515,0.765751
0.323,30.6621,29.6144,28.689,27.7845,27.2243,26.7122,26.664,27.196,27.8097,29.2432,30.0995,31.8132,33.2498,33.8992,33.9652,33.5305,32.4061,31.2181,30.4629,30.3787,31.5099,33.1674,34.7501,34.4029,33.6982,32.4272,31.4455,31.1773,32.0397,33.659,33.4198,32.558,31.6013,31.4699,32.1909,31.9375,31.3304,30.9333,31.0435,30.9647,30.4736,30.3093,30.2682,30.0175,29.7399,13.8285,13.2592,12.6241,12.061,11.5475,10.9921,10.4859,10.1027,9.60904,9.22346,8.81293,8.43791,8.09402,7.73544,7.40625,7.08273,6.79637,6.51065,6.248,5.95439,5.71044,5.4642,5.2187,4.9943,4.78841,4.5837,4.38196,4.19722,4.01583,3.83887,3.67684,3.51903,3.36606,3.21839,3.07632,2.94627,2.82104,2.70079,2.58077,2.47097,2.3661,2.26241,2.16405,2.07082,1.98246,1.89616,1.81469,1.73777,1.66114,1.59098,1.52151,1.45633,1.39372,1.33371,1.27631,1.2215,1.16826,1.11857,1.06964,1.02406,0.979446,0.937294,0.897462,0.858757,0.821796,0.786108
0.34,30.6725,29.6244,28.6995,27.7958,27.2375,26.7276,26.6859,27.2213,27.8383,29.2767,30.1332,31.8472,33.2827,33.9318,33.9907,33.5515,32.4287,31.2454,30.496,30.4198,31.5705,33.2241,34.7892,34.4448,33.7414,32.4708,31.4957,31.2382,32.1279,33.7434,33.4925,32.6368,31.686,31.569,32.3124,32.0486,31.4529,31.0546,31.1779,31.1002,30.6082,30.4544,30.4213,30.1713,29.9012,29.7767,13.6054,12.9504,12.3717,11.8446,11.2749,10.7557,10.3628,9.85646,9.46104,9.04003,8.65543,8.30269,7.93497,7.59741,7.26629,6.97295,6.6798,6.41032,6.10909,5.8588,5.60616,5.35428,5.12405,4.91282,4.70279,4.4958,4.30627,4.12017,3.9386,3.77236,3.61046,3.45351,3.302,3.15625,3.02281,2.89433,2.77095,2.64782,2.53516,2.42757,2.32119,2.22028,2.12462,2.03396,1.94542,1.86184,1.78291,1.70429,1.63232,1.56104,1.49417,1.42993,1.36836,1.30947,1.25324,1.19861,1.14763,1.09743,1.05067,1.00489,0.961645,0.920779,0.881068,0.843146,0.806531
0.357,30.6829,29.6342,28.7099,27.8068,27.2507,26.7429,26.7081,27.2468,27.8671,29.3099,30.1667,31.8808,33.3153,33.9639,34.0158,33.5722,32.451,31.2722,30.529,30.4606,31.6303,33.2797,34.8278,34.4854,33.7869,32.5124,31.5447,31.2982,32.2126,33.8259,33.5624,32.7116,31.7701,31.6666,32.4285,32.1546,31.5725,31.1721,31.3071,31.2294,30.735,30.591,30.5672,30.318,30.0551,29.9458,29.8049,13.281,12.6856,12.1442,11.5598,11.0273,10.6244,10.1053,9.69987,9.26827,8.874,8.51239,8.13544,7.78939,7.45072,7.15147,6.85082,6.57444,6.2655,6.0088,5.74969,5.49136,5.25524,5.03859,4.82319,4.61091,4.41652,4.22565,4.03944,3.86895,3.70289,3.54193,3.38654,3.23705,3.1002,2.96844,2.8419,2.71561,2.60007,2.48973,2.38061,2.27712,2.17901,2.08604,1.99523,1.9095,1.82856,1.74793,1.67411,1.60101,1.53242,1.46654,1.40339,1.34299,1.28532,1.2293,1.17701,1.12553,1.07757,1.03062,0.986266,0.944353,0.903625,0.864733,0.82718
0.374,30.6932,29.644,28.7203,27.818,27.2637,26.7582,26.7305,27.2722,27.8954,29.3431,30.2003,31.9147,33.3477,33.9958,34.0408,33.5928,32.4732,31.2987,30.5616,30.5012,31.6899,33.3349,34.8657,34.5258,33.8301,32.5532,31.5931,31.3582,32.2959,33.9076,33.6327,32.7928,31.8532,31.7624,32.5406,32.2573,31.6907,31.2875,31.4332,31.3549,30.8608,30.7254,30.7087,30.4604,30.2047,30.104,29.967,13.6267,13.0116,12.4548,11.8546,11.3082,10.8948,10.3623,9.94653,9.50389,9.09958,8.72877,8.34226,7.98745,7.64095,7.33489,7.02653,6.74306,6.42619,6.16291,5.89715,5.6322,5.39002,5.16782,4.94689,4.72916,4.52979,4.33403,4.14304,3.96817,3.79786,3.63277,3.4734,3.32007,3.17972,3.04457,2.91478,2.78526,2.66675,2.55358,2.44167,2.33552,2.2349,2.13954,2.0464,1.95848,1.87546,1.79276,1.71704,1.64207,1.57173,1.50415,1.43938,1.37744,1.31829,1.26083,1.2072,1.1544,1.1052,1.05705,1.01156,0.968573,0.926801,0.886911,0.848395
0.393,30.7035,29.6539,28.7308,27.8291,27.2768,26.7734,26.7526,27.2976,27.924,29.3762,30.2336,31.9482,33.38,34.0277,34.0657,33.6133,32.4952,31.325,30.594,30.5418,31.7496,33.3897,34.9033,34.5661,33.8722,32.5934,31.6412,31.4178,32.3776,33.9886,33.7014,32.8707,31.9356,31.8578,32.6503,32.3572,31.8075,31.4009,31.5553,31.4768,30.9839,30.8568,30.8461,30.5984,30.3501,30.257,30.1187,30.0182,13.3562,12.7822,12.1651,11.6037,11.1792,10.6326,10.2058,9.75144,9.33653,8.95605,8.55946,8.19541,7.84067,7.5275,7.21105,6.92013,6.59494,6.32475,6.05202,5.7801,5.53157,5.30353,5.0768,4.85335,4.64875,4.44784,4.25184,4.07238,3.89759,3.72817,3.56461,3.40726,3.26322,3.12452,2.99133,2.8584,2.73678,2.62064,2.50579,2.39686,2.29359,2.19572,2.10014,2.00991,1.92471,1.83984,1.76213,1.68519,1.613,1.54365,1.47718,1.41361,1.3529,1.29394,1.2389,1.18471,1.13423,1.08481,1.03812,0.994008,0.951139,0.910202,0.870674
0.413,30.7138,29.6637,28.7411,27.84,27.2898,26.7885,26.7748,27.3229,27.9525,29.4094,30.267,31.9819,33.4123,34.0594,34.0905,33.6338,32.517,31.351,30.6263,30.5823,31.809,33.4443,34.9407,34.606,33.9142,32.6353,31.6889,31.4771,32.4574,34.0685,33.7686,32.9453,32.0169,31.9524,32.7579,32.4542,31.9229,31.5119,31.6747,31.5953,31.104,30.9845,30.9792,30.732,30.4909,30.4046,30.2649,30.1629,30.0357,13.1303,12.4948,11.9174,11.481,10.9193,10.4807,10.014,9.58784,9.19704,8.78974,8.41589,8.05238,7.73206,7.407,7.10818,6.77415,6.49662,6.21647,5.93717,5.68188,5.44765,5.21475,4.98524,4.77507,4.56871,4.36738,4.18304,4.00351,3.82948,3.66147,3.49985,3.35189,3.20943,3.07261,2.93607,2.81115,2.69185,2.57388,2.46199,2.35591,2.25539,2.15721,2.06452,1.97701,1.88983,1.81002,1.73099,1.65683,1.5856,1.51732,1.45202,1.38967,1.3291,1.27257,1.2169,1.16505,1.11429,1.06633,1.02102,0.976985,0.934935,0.894334
0.433,30.7241,29.6735,28.7516,27.8513,27.303,26.8039,26.7971,27.3484,27.9809,29.4425,30.3004,32.0155,33.4444,34.091,34.1152,33.6541,32.5386,31.3768,30.6584,30.6229,31.868,33.4984,34.9776,34.6455,33.9555,32.6772,31.7363,31.5363,32.5354,34.1473,33.8344,33.0184,32.0972,32.0461,32.8633,32.5488,32.0367,31.6203,31.7914,31.711,31.2209,31.1087,31.1076,30.8609,30.6271,30.5467,30.4059,30.3027,30.1821,13.4981,12.8442,12.2497,11.8008,11.223,10.7721,10.2922,9.8541,9.45238,9.03374,8.64949,8.27665,7.9488,7.61463,7.30743,6.96404,6.67873,6.39073,6.1036,5.84115,5.60035,5.36093,5.12498,4.90892,4.69677,4.4898,4.3003,4.11573,3.93682,3.76411,3.59795,3.44585,3.29939,3.15874,3.01838,2.88995,2.76731,2.64603,2.531,2.42195,2.31861,2.21767,2.12239,2.03243,1.94281,1.86075,1.77951,1.70328,1.63004,1.55985,1.49272,1.42862,1.36636,1.30824,1.25102,1.19771,1.14553,1.09623,1.04964,1.00437,0.961143,0.919403
0.455,30.7344,29.6833,28.7621,27.8626,27.3162,26.8191,26.8194,27.3738,28.0095,29.4757,30.3339,32.0491,33.4765,34.1224,34.1398,33.6744,32.56,31.4024,30.6903,30.6631,31.9268,33.5516,35.0143,34.6829,33.9961,32.7177,31.7833,31.5953,32.6115,34.2252,33.899,33.0905,32.177,32.14,32.9677,32.6418,32.1492,31.7279,31.9074,31.8246,31.3346,31.2293,31.2322,30.9857,30.7588,30.6833,30.5418,30.4382,30.3217,30.1616,13.2117,12.5995,12.1373,11.5426,11.0787,10.5851,10.1344,9.72116,9.29058,8.89541,8.51266,8.17665,7.83291,7.51691,7.16367,6.87018,6.57392,6.27856,6.00859,5.76089,5.5146,5.27189,5.04964,4.83141,4.6185,4.42357,4.23371,4.04967,3.87201,3.70109,3.54463,3.39397,3.24929,3.1049,2.9728,2.84663,2.72188,2.60355,2.49138,2.38507,2.28125,2.18323,2.09069,1.9985,1.91409,1.83052,1.7521,1.67677,1.60457,1.53551,1.46958,1.40552,1.34574,1.28688,1.23204,1.17836,1.12765,1.07973,1.03316,0.988695,0.945759
0.478,30.7447,29.6931,28.7725,27.8737,27.3292,26.8343,26.8414,27.3991,28.0379,29.5087,30.3671,32.0823,33.5084,34.1537,34.1643,33.6945,32.5813,31.4277,30.722,30.7031,31.9852,33.604,35.0504,34.722,34.0364,32.7577,31.8294,31.6539,32.687,34.3019,33.9626,33.161,32.2546,32.2343,33.0728,32.7321,32.2604,31.8303,32.0196,31.9358,31.4457,31.3464,31.353,31.1067,30.8869,30.8157,30.6731,30.5691,30.4571,30.3001,30.1764,12.9688,12.4918,11.8792,11.4014,10.8932,10.4292,10.0039,9.56078,9.15409,8.76066,8.41541,8.06162,7.7364,7.37285,7.07079,6.76588,6.4619,6.18404,5.92911,5.67563,5.42583,5.19709,4.97249,4.75336,4.55274,4.35733,4.16792,3.98507,3.80916,3.64813,3.49307,3.34417,3.19556,3.0596,2.92976,2.80136,2.67958,2.56413,2.45472,2.34786,2.24698,2.15174,2.05685,1.96999,1.88397,1.80326,1.72573,1.65142,1.58035,1.51249,1.44657,1.38504,1.32445,1.26801,1.21277,1.16058,1.11126,1.06333,1.01756,0.973374
0.502,30.755,29.7028,28.7829,27.8849,27.3426,26.85,26.8638,27.4245,28.0663,29.5414,30.4001,32.1157,33.5399,34.1846,34.1885,33.7145,32.6024,31.4528,30.7534,30.7438,32.0435,33.656,35.0858,34.7609,34.0756,32.798,31.8751,31.7123,32.7606,34.3772,34.025,33.2306,32.3306,32.3308,33.1818,32.8192,32.3682,31.9316,32.1299,32.046,31.5543,31.4603,31.4713,31.2243,31.0111,30.9438,30.8001,30.696,30.5878,30.4337,30.3155,30.1718,12.873,12.2398,11.747,11.223,10.7447,10.3063,9.84962,9.43055,9.02563,8.67046,8.30595,7.97087,7.5963,7.28509,6.97094,6.65774,6.37147,6.1088,5.84764,5.59027,5.3546,5.12319,4.89743,4.69072,4.48939,4.29424,4.10585,3.92461,3.7587,3.59894,3.44552,3.29241,3.15233,3.01855,2.88626,2.76079,2.64184,2.52911,2.41902,2.31509,2.21695,2.11919,2.02969,1.94107,1.85792,1.77803,1.70147,1.62825,1.55833,1.49041,1.42702,1.36459,1.30645,1.24953,1.19575,1.14494,1.09556,1.0484,1.00288
0.527,30.7651,29.7125,28.7932,27.8958,27.3554,26.8648,26.8858,27.4496,28.0944,29.5743,30.4331,32.1485,33.5715,34.2154,34.2126,33.7342,32.6232,31.4775,30.7846,30.7834,32.102,33.7075,35.1208,34.7866,34.1143,32.8368,31.9205,31.7706,32.8329,34.4509,34.0861,33.2988,32.4054,32.4364,33.3037,32.905,32.4732,32.0299,32.2409,32.1542,31.6604,31.5711,31.5855,31.3377,31.1311,31.0677,30.923,30.8187,30.714,30.5629,30.4502,30.309,30.2229,12.6452,12.1323,11.5903,11.0956,10.6426,10.1706,9.73766,9.31891,8.94989,8.57364,8.22775,7.84112,7.51987,7.1956,6.87231,6.57681,6.30568,6.0361,5.77044,5.52717,5.2883,5.05526,4.84189,4.63408,4.43264,4.23817,4.05109,3.87983,3.71493,3.55656,3.39852,3.25392,3.11583,2.97928,2.84976,2.72698,2.61062,2.49698,2.3897,2.2884,2.18749,2.0951,2.00362,1.91779,1.83533,1.75631,1.68072,1.60855,1.53844,1.47301,1.40857,1.34855,1.2898,1.23429,1.18183,1.13087,1.08219,1.0352
0.553,30.7754,29.7222,28.8035,27.907,27.3685,26.8801,26.9079,27.4748,28.1227,29.6068,30.4659,32.1816,33.6027,34.2459,34.2366,33.754,32.644,31.5022,30.8158,30.8235,32.1595,33.7585,35.1555,34.8262,34.1528,32.875,31.9653,31.8288,32.9037,34.5233,34.1464,33.3661,32.4794,32.5448,33.4291,32.9888,32.5769,32.1272,32.3543,32.2624,31.7646,31.68,31.6966,31.4491,31.2484,31.1876,31.0423,30.939,30.8369,30.6884,30.581,30.442,30.3599,30.2361,12.5944,12.021,11.5067,11.036,10.5457,10.0962,9.65873,9.27059,8.88085,8.52257,8.12208,7.78932,7.45343,7.11856,6.81247,6.53162,6.25239,5.9772,5.72522,5.47779,5.2364,5.01539,4.80013,4.59147,4.39004,4.19625,4.01885,3.84804,3.684,3.5203,3.37052,3.22748,3.08603,2.95188,2.82469,2.70417,2.58645,2.47532,2.3704,2.26587,2.17018,2.07542,1.98651,1.9011,1.81924,1.74094,1.66619,1.59357,1.52579,1.45904,1.39687,1.33601,1.27851,1.22418,1.17139,1.12097,1.07229
0.581,30.7854,29.732,28.8139,27.918,27.3819,26.896,26.9291,27.4993,28.1505,29.6397,30.4989,32.2146,33.6341,34.2765,34.2606,33.7738,32.6646,31.5265,30.8468,30.8635,32.2161,33.8088,35.1898,34.8765,34.1925,32.9134,32.01,31.8872,32.9737,34.5946,34.206,33.4327,32.5527,32.6512,33.5512,33.0714,32.6786,32.2226,32.4733,32.3733,31.8676,31.786,31.8055,31.5564,31.3636,31.3054,31.1581,31.0567,30.957,30.8109,30.7081,30.5715,30.4936,30.3719,30.2811,12.586,12.044,11.5485,11.0333,10.5613,10.0866,9.65786,9.25184,8.87859,8.46137,8.11471,7.76479,7.41592,7.09705,6.80448,6.51357,6.22689,5.96438,5.70662,5.45515,5.2249,5.00065,4.78327,4.57342,4.37155,4.18674,4.00879,3.8379,3.66735,3.51132,3.3623,3.21495,3.07519,2.94269,2.81713,2.69449,2.57873,2.46942,2.36053,2.26083,2.16212,2.06949,1.98051,1.89524,1.81367,1.73579,1.66014,1.58952,1.51999,1.45522,1.39182,1.33192,1.27532,1.22032,1.1678,1.11708
0.61,30.7956,29.7416,28.8242,27.929,27.3948,26.9112,26.952,27.525,28.1788,29.6722,30.5317,32.2474,33.665,34.3067,34.2844,33.7933,32.685,31.5507,30.8775,30.9032,32.2727,33.8586,35.2238,34.9139,34.2252,32.9518,32.0536,31.9447,33.0422,34.6637,34.2644,33.4987,32.6239,32.7517,33.6651,33.152,32.7773,32.3145,32.6187,32.4912,31.9687,31.8886,31.9115,31.6614,31.4745,31.4175,31.2707,31.1701,31.0733,30.9294,30.8311,30.6962,30.622,30.5028,30.4157,30.3206,12.9299,12.3936,11.8383,11.3294,10.7368,10.1451,9.71856,9.32649,8.88822,8.52407,8.1565,7.79003,7.45507,7.14774,6.84216,6.54102,6.26527,5.9945,5.73034,5.48848,5.25291,5.02457,4.80414,4.59208,4.39794,4.21102,4.03151,3.85236,3.68845,3.53192,3.37713,3.23032,3.09114,2.95925,2.83042,2.70882,2.59399,2.47961,2.37489,2.27119,2.17389,2.08042,1.99084,1.90516,1.82335,1.74388,1.66971,1.59667,1.52863,1.46204,1.39911,1.33966,1.28188,1.22671,1.17344
0.64,30.8057,29.7514,28.8345,27.9401,27.408,26.9266,26.9742,27.5503,28.2071,29.7049,30.5646,32.2804,33.6963,34.3371,34.3082,33.8129,32.7053,31.5748,30.9083,30.943,32.3281,33.9079,35.2579,34.9504,34.269,32.9904,32.092,32.002,33.111,34.7322,34.3222,33.5641,32.6949,32.8492,33.774,33.232,32.8741,32.4054,32.9587,32.6576,31.9256,31.9688,32.0167,31.7648,31.5834,31.5292,31.3815,31.2821,31.187,31.0452,30.9513,30.8186,30.7479,30.6309,30.5468,30.454,30.3671,30.2875,12.5723,12.0337,11.3883,10.7387,10.2872,9.87223,9.40832,9.02286,8.63378,8.24587,7.89131,7.56599,7.24254,6.92377,6.63188,6.34527,6.06565,5.80964,5.56029,5.31859,5.08526,4.86078,4.65529,4.45743,4.26741,4.07778,3.90428,3.73859,3.57475,3.41934,3.27202,3.13241,2.99605,2.86732,2.74578,2.6247,2.51385,2.40409,2.3011,2.20216,2.10734,2.01665,1.93005,1.84593,1.76741,1.6901,1.61808,1.54759,1.48098,1.41805,1.35689,1.29849,1.2421
0.672,30.8158,29.761,28.8448,27.9511,27.4207,26.9411,26.9967,27.5757,28.2354,29.7376,30.5973,32.3128,33.727,34.3671,34.3318,33.8322,32.7253,31.5984,30.9387,30.9826,32.3841,33.9568,35.2911,34.9849,34.3057,33.0284,32.1425,32.0606,33.1769,34.7985,34.3787,33.628,32.7635,32.9423,33.8763,33.31,32.9675,32.4938,33.2475,32.8147,32.0156,32.0664,32.1189,31.8654,31.6899,31.6371,31.4887,31.3908,31.2978,31.1581,31.0681,30.9368,30.8696,30.7546,30.6737,30.5829,30.4985,30.4216,30.3411,12.6733,12.0207,11.3788,10.9004,10.4607,9.9691,9.56067,9.1484,8.73737,8.36167,8.01696,7.67423,7.33646,7.02718,6.72348,6.4272,6.15592,5.89171,5.6356,5.38836,5.15051,4.93277,4.72311,4.52177,4.32084,4.137,3.96143,3.78782,3.62315,3.46705,3.31911,3.17463,3.03823,2.90944,2.78115,2.66369,2.54738,2.43826,2.33342,2.23295,2.13685,2.04509,1.95595,1.87276,1.79084,1.71453,1.63983,1.56926,1.50257,1.43777,1.37589,1.31614
0.706,30.826,29.7706,28.8551,27.9622,27.4338,26.9564,27.0187,27.6007,28.2634,29.7702,30.63,32.3453,33.7578,34.3971,34.3553,33.8514,32.7454,31.622,30.9689,31.0221,32.44,34.0057,35.3243,35.0162,34.3167,33.0619,32.184,32.1189,33.2431,34.8639,34.4348,33.6903,32.8319,33.0331,33.9747,33.3869,33.0597,32.5818,33.4288,32.9522,32.1049,32.1627,32.2202,31.9643,31.7947,31.743,31.5942,31.498,31.4067,31.2689,31.1829,31.0529,30.9892,30.8759,30.7979,30.7089,30.6271,30.5519,30.4736,30.401,30.3747,12.0512,11.5446,11.0788,10.5582,10.1257,9.68902,9.2537,8.8558,8.49072,8.12773,7.77001,7.44244,7.1208,6.80701,6.51971,6.23988,5.96864,5.70679,5.45488,5.22427,5.00222,4.78899,4.57618,4.38147,4.19553,4.01166,3.83726,3.67193,3.51526,3.36223,3.21777,3.08137,2.9455,2.8211,2.69792,2.58235,2.47131,2.3649,2.26312,2.16594,2.07154,1.98343,1.89667,1.81585,1.73674,1.66199,1.59136,1.52273,1.45719,1.39391
0.741,30.8361,29.7805,28.8655,27.9732,27.4469,26.9717,27.0411,27.6261,28.2916,29.8026,30.6627,32.3782,33.7885,34.4267,34.3783,33.8704,32.7653,31.6454,30.9992,31.0616,32.4945,34.0535,35.3572,35.0399,34.3741,33.1042,32.2276,32.1769,33.3082,34.9277,34.4898,33.7513,32.8998,33.1218,34.0692,33.4628,33.1478,32.6681,33.5748,33.0894,32.1934,32.2572,32.3203,32.0616,31.8974,31.8466,31.6972,31.6031,31.5134,31.3775,31.2951,31.1663,31.106,30.9941,30.9191,30.8318,30.7523,30.6787,30.6024,30.5317,30.5067,30.5105,30.4474,30.3961,11.2044,10.7453,10.282,9.82002,9.39777,9.01035,8.62514,8.24553,7.89792,7.55659,7.22359,6.91871,6.62176,6.33391,6.05604,5.78871,5.54399,5.30835,5.08207,4.85623,4.64962,4.45229,4.25717,4.0721,3.89665,3.73039,3.56799,3.4147,3.26995,3.12576,2.99375,2.86303,2.74038,2.62256,2.50963,2.40163,2.2985,2.19832,2.10482,2.01275,1.92698,1.84302,1.76371,1.68875,1.61592,1.54637,1.47922
0.778,30.8462,29.79,28.8758,27.9842,27.46,26.9872,27.0634,27.6515,28.32,29.8348,30.695,32.4105,33.8192,34.4566,34.4004,33.8882,32.785,31.6686,31.0294,31.1014,32.5494,34.1013,35.3898,35.0586,34.4098,33.1379,32.2704,32.2352,33.3725,34.9902,34.544,33.8109,32.9669,33.2084,34.1601,33.5373,33.233,32.753,33.7021,33.2351,32.281,32.3501,32.4202,32.1574,31.9985,31.9483,31.7982,31.7063,31.6178,31.4838,31.405,31.2772,31.2202,31.1094,31.0375,30.9514,30.8743,30.8021,30.7281,30.6588,30.6353,30.6394,30.5779,30.5279,30.4766,30.4247,11.031,10.5354,10.0824,9.66673,9.25346,8.84619,8.47326,8.10707,7.74981,7.42272,7.10413,6.79532,6.4972,6.2104,5.94786,5.69505,5.45228,5.21,4.98833,4.77663,4.56729,4.36874,4.18051,4.00214,3.82791,3.66345,3.50816,3.35346,3.21184,3.07159,2.94001,2.8136,2.69245,2.57658,2.46594,2.35846,2.25815,2.15937,2.06735,1.97728,1.89219,1.81178,1.73364,1.65902,1.58698
0.817,30.8563,29.7995,28.8859,27.9953,27.473,27.0023,27.0855,27.6766,28.3479,29.8672,30.7275,32.4427,33.8497,34.486,34.426,33.9096,32.8046,31.6917,31.0595,31.1411,32.6038,34.1484,35.4222,35.1219,34.4478,33.1753,32.3132,32.2943,33.4365,35.051,34.5967,33.8713,33.0335,33.2935,34.248,33.6051,33.3143,32.837,33.8178,33.3964,32.3683,32.4414,32.5185,32.2517,32.098,32.0482,31.8977,31.8078,31.7205,31.5882,31.5126,31.3858,31.332,31.2224,31.1533,31.0684,30.9936,30.9227,30.8506,30.7829,30.7605,30.765,30.705,30.6564,30.6064,30.5559,30.5096,30.4671,30.4246,30.3825,10.0733,9.62999,9.22401,8.82538,8.43647,8.08039,7.73358,7.39741,7.07287,6.76066,6.47485,6.19965,5.93537,5.67162,5.43031,5.19985,4.97197,4.75583,4.55092,4.35674,4.16708,3.98804,3.81899,3.65059,3.49641,3.34375,3.20051,3.0629,2.93101,2.80487,2.68442,2.56743,2.45822,2.3507,2.25053,2.15248,2.05984,1.9723,1.88724,1.80602,1.72759
0.858,30.8663,29.8093,28.8963,28.0062,27.486,27.0176,27.1076,27.7017,28.376,29.8994,30.7599,32.4753,33.8801,34.5155,34.4483,33.9276,32.8241,31.7145,31.0891,31.1804,32.6576,34.1951,35.4543,35.1248,34.4825,33.199,32.3544,32.3534,33.499,35.1108,34.6493,33.9306,33.0995,33.3774,34.3333,33.6706,33.3933,32.9208,33.9253,33.5763,32.4556,32.5318,32.6182,32.3448,32.1965,32.1462,31.995,31.9075,31.8213,31.6908,31.6185,31.4924,31.4417,31.3332,31.2667,31.1829,31.1103,31.0406,30.9703,30.904,30.8828,30.8878,30.8292,30.7819,30.7332,30.684,30.6389,30.5975,30.5561,30.5151,30.4775,30.4405,30.4066,30.3733,9.23561,8.8458,8.46614,8.09812,7.74285,7.40106,7.08818,6.78691,6.49759,6.20886,5.94469,5.6924,5.44293,5.20632,4.982,4.76942,4.5618,4.36581,4.18074,3.99639,3.82761,3.66048,3.50367,3.35303,3.20865,3.07056,2.9387,2.81062,2.69108,2.57336,2.4637,2.35637,2.25496,2.15913,2.06601,1.97709,1.89123
0.9,30.8761,29.8188,28.9065,28.0172,27.4992,27.0331,27.13,27.7267,28.4037,29.9311,30.7917,32.5068,33.9093,34.5439,34.4709,33.9462,32.8429,31.7369,31.1184,31.219,32.7103,34.2404,35.4857,35.1724,34.5189,33.2318,32.3924,32.4115,33.5612,35.1687,34.7,33.9871,33.1643,33.4584,34.4137,33.7088,33.4591,33.0021,34.0221,33.7053,32.541,32.6196,32.7188,32.435,32.2915,32.2402,32.0884,32.0037,31.9185,31.7897,31.7202,31.5948,31.5472,31.4393,31.3758,31.2931,31.2224,31.1537,31.0853,31.02,31.0,31.0053,30.948,30.9018,30.8544,30.8063,30.7623,30.722,30.6816,30.6415,30.6049,30.5688,30.5357,30.5032,30.4715,30.4425,30.4142,30.3867,30.3602,30.336,7.98453,7.64517,7.31927,6.99402,6.69644,6.41225,6.13124,5.8647,5.61202,5.37256,5.13868,4.9179,4.70943,4.50177,4.31164,4.12338,3.94674,3.77704,3.61441,3.45886,3.31033,3.16605,3.03139,2.89879,2.77526,2.65435,2.54011,2.43217,2.32727,2.22711,2.13039
0.904,30.8771,29.8197,28.9074,28.0182,27.5005,27.0346,27.1319,27.729,28.4063,29.9342,30.7947,32.5097,33.9123,34.5468,34.4731,33.9479,32.8448,31.739,31.1212,31.2227,32.7151,34.2446,35.4886,35.1993,34.5177,33.2684,32.3972,32.4169,33.5669,35.174,34.7046,33.9922,33.1703,33.4661,34.4212,33.7178,33.4672,33.01,34.0313,33.7223,32.5491,32.6277,32.7286,32.4436,32.3002,32.249,32.0971,32.0127,31.9275,31.7989,31.7297,31.6044,31.5571,31.4492,31.3859,31.3032,31.2328,31.1642,31.0959,31.0308,31.0109,31.0161,30.9589,30.9128,30.8655,30.8176,30.7737,30.7334,30.6931,30.6532,30.6166,30.5806,30.5476,30.5152,30.4835,30.4546,30.4263,30.399,30.3725,30.3483,30.3249,7.74885,7.41852,7.08887,6.78726,6.49921,6.21439,5.94423,5.68812,5.44542,5.20836,4.98459,4.7733,4.56282,4.37011,4.1793,4.00026,3.82827,3.66343,3.50576,3.35522,3.20898,3.0725,2.9381,2.8129,2.69035,2.57456,2.46515,2.35884,2.25731,2.15928
0.908,30.8781,29.8205,28.9083,28.0192,27.5017,27.0361,27.1338,27.7312,28.4088,29.9371,30.7976,32.5126,33.9152,34.5496,34.4751,33.9496,32.8465,31.741,31.1239,31.2263,32.7197,34.2486,35.4913,35.2257,34.5164,33.3044,32.4018,32.422,33.5723,35.179,34.709,33.9971,33.1762,33.4735,34.4284,33.7266,33.4751,33.0176,34.0401,33.7386,32.5569,32.6355,32.738,32.4518,32.3086,32.2575,32.1055,32.0213,31.9361,31.8077,31.7387,31.6136,31.5666,31.4587,31.3956,31.3129,31.2429,31.1743,31.1062,31.0412,31.0213,31.0266,30.9696,30.9236,30.8764,30.8286,30.7848,30.7446,30.7044,30.6645,30.6281,30.5921,30.5592,30.5268,30.4953,30.4664,30.4382,30.4109,30.3845,30.3603,30.337,30.3135,7.51628,7.18228,6.87669,6.58486,6.29627,6.02256,5.76308,5.51717,5.277,5.05028,4.8362,4.62294,4.4277,4.23437,4.05298,3.87871,3.7117,3.55196,3.39943,3.25127,3.11298,2.97681,2.84996,2.7258,2.60849,2.49764,2.38992,2.28706,2.18774
0.912,30.879,29.8213,28.9092,28.0202,27.5028,27.0374,27.1357,27.7333,28.4112,29.9399,30.8004,32.5154,33.9178,34.552,34.477,33.9512,32.8482,31.7429,31.1264,31.2297,32.7242,34.2525,35.494,35.2314,34.5187,33.3103,32.4058,32.4272,33.5776,35.1839,34.7131,34.0018,33.1817,33.4805,34.4353,33.7386,33.484,33.0247,34.0483,33.7541,32.5643,32.643,32.747,32.4596,32.3167,32.2656,32.1135,32.0295,31.9444,31.8161,31.7474,31.6223,31.5756,31.4678,31.4049,31.3223,31.2524,31.184,31.116,31.0511,31.0313,31.0367,30.9798,30.9339,30.8868,30.8391,30.7954,30.7553,30.7151,30.6754,30.639,30.6031,30.5703,30.538,30.5065,30.4776,30.4495,30.4223,30.396,30.3718,30.3485,30.3251,7.61297,7.27467,6.96516,6.66956,6.37727,6.10003,5.83721,5.58815,5.34488,5.11524,4.89841,4.68241,4.48466,4.28884,4.10511,3.92861,3.75945,3.59765,3.44316,3.29309,3.15303,3.01511,2.88663,2.76086,2.64204,2.52977,2.42066,2.31648,2.21588
0.915,30.8797,29.8221,28.91,28.021,27.5038,27.0386,27.1376,27.7354,28.4134,29.9425,30.803,32.5181,33.9201,34.5541,34.4788,33.9527,32.8497,31.7447,31.1287,31.2328,32.7286,34.2563,35.4965,35.2139,34.525,33.2828,32.409,32.4324,33.5827,35.1885,34.7172,34.0065,33.1871,33.4871,34.4419,33.7543,33.4941,33.0314,34.0559,33.7688,32.5716,32.6503,32.7558,32.4671,32.3245,32.2734,32.1212,32.0375,31.9524,31.8242,31.7558,31.6307,31.5843,31.4765,31.4138,31.3312,31.2616,31.1932,31.1254,31.0606,31.0409,31.0464,30.9896,30.9438,30.8968,30.8492,30.8055,30.7655,30.7255,30.6858,30.6495,30.6137,30.5809,30.5487,30.5172,30.4884,30.4604,30.4332,30.4069,30.3828,30.3596,30.3362,30.3148,7.36645,7.05303,6.7537,6.45772,6.17699,5.91085,5.65864,5.41231,5.17978,4.96021,4.74148,4.54123,4.34295,4.1569,3.97817,3.80688,3.64304,3.4866,3.33464,3.19281,3.05315,2.92304,2.79569,2.67537,2.56168,2.4512,2.3457,2.24383
0.919,30.8805,29.8228,28.9108,28.0219,27.5048,27.0398,27.1394,27.7374,28.4155,29.9449,30.8056,32.5207,33.9224,34.5561,34.4804,33.9542,32.8513,31.7465,31.131,31.2359,32.7328,34.2598,35.499,35.197,34.531,33.2564,32.4121,32.4374,33.5876,35.193,34.721,34.0109,33.1922,33.4935,34.4482,33.7694,33.5038,33.0378,34.0633,33.7828,32.5785,32.6574,32.7642,32.4742,32.332,32.2808,32.1285,32.0451,31.9601,31.832,31.7638,31.6388,31.5925,31.4848,31.4223,31.3398,31.2704,31.202,31.1344,31.0697,31.05,31.0557,30.9989,30.9532,30.9063,30.8588,30.8153,30.7753,30.7353,30.6957,30.6595,30.6238,30.591,30.5589,30.5275,30.4988,30.4708,30.4436,30.4174,30.3934,30.3702,30.3468,30.3255,30.305,7.1407,6.83766,6.538,6.25378,5.98433,5.72899,5.47959,5.24417,5.02187,4.80042,4.59769,4.39693,4.20858,4.02762,3.8542,3.68833,3.52994,3.37609,3.2325,3.0911,2.95938,2.83045,2.70863,2.59353,2.48167,2.37486,2.27173
0.922,30.8812,29.8236,28.9116,28.0227,27.5058,27.0409,27.1411,27.7393,28.4176,29.9474,30.808,32.5231,33.9247,34.5584,34.4822,33.9556,32.8527,31.7482,31.1332,31.2388,32.7368,34.2633,35.5014,35.1937,34.5351,33.2493,32.4152,32.442,33.5922,35.1972,34.7249,34.0152,33.1971,33.4996,34.4542,33.7857,33.5138,33.0441,34.0705,33.7971,32.5851,32.6639,32.7725,32.481,32.3392,32.2879,32.1356,32.0524,31.9674,31.8394,31.7715,31.6465,31.6005,31.4928,31.4304,31.348,31.2788,31.2105,31.143,31.0784,31.0588,31.0643,31.0077,30.962,30.9152,30.8678,30.8243,30.7844,30.7445,30.705,30.6688,30.6332,30.6005,30.5684,30.5371,30.5084,30.4805,30.4534,30.4272,30.4032,30.3801,30.3567,30.3354,30.315,30.2947,6.92177,6.61843,6.33071,6.05795,5.79946,5.547,5.30868,5.08364,4.85948,4.65424,4.45102,4.26035,4.07717,3.90161,3.7337,3.57337,3.41762,3.27226,3.12912,2.99578,2.86526,2.74195,2.62543,2.5122,2.40407,2.29967
0.925,30.8818,29.8242,28.9123,28.0235,27.5066,27.0418,27.1427,27.7411,28.4196,29.9497,30.8104,32.5254,33.927,34.5608,34.484,33.9569,32.8541,31.7498,31.1355,31.2417,32.7407,34.2666,35.5036,35.1968,34.5383,33.2516,32.4183,32.4463,33.5966,35.2014,34.7287,34.0193,33.2018,33.5055,34.46,33.8022,33.5237,33.0502,34.0775,33.8111,32.5914,32.6702,32.7806,32.4876,32.346,32.2948,32.1424,32.0593,31.9743,31.8465,31.7788,31.6538,31.6081,31.5004,31.4383,31.3559,31.2868,31.2186,31.1512,31.0867,31.0671,31.0728,31.0162,30.9707,30.924,30.8766,30.8332,30.7934,30.7536,30.7141,30.678,30.6424,30.6098,30.5778,30.5465,30.5179,30.49,30.4629,30.4368,30.4129,30.3898,30.3665,30.3452,30.3248,30.3045,7.00693,6.69985,6.40859,6.13247,5.87081,5.61524,5.37398,5.14618,4.91926,4.7115,4.50578,4.31276,4.12733,3.94961,3.77963,3.61733,3.45967,3.31252,3.16762,3.03264,2.90051,2.77568,2.65773,2.54311,2.43365,2.32796
0.929,30.8825,29.8249,28.913,28.0242,27.5074,27.0427,27.1442,27.7429,28.4216,29.952,30.8126,32.5276,33.9292,34.5631,34.4857,33.9583,32.8554,31.7514,31.1376,31.2445,32.7444,34.2698,35.5058,35.1999,34.5414,33.2539,32.4213,32.4505,33.6008,35.2053,34.7323,34.0232,33.2064,33.5112,34.4656,33.818,33.5332,33.056,34.0843,33.8247,32.5974,32.6761,32.7883,32.4938,32.3526,32.3013,32.1489,32.066,31.981,31.8533,31.7858,31.6609,31.6153,31.5078,31.4458,31.3635,31.2945,31.2264,31.1591,31.0946,31.0752,31.0807,31.0242,30.9787,30.9321,30.8848,30.8415,30.8018,30.762,30.7226,30.6866,30.651,30.6185,30.5865,30.5553,30.5267,30.4988,30.4718,30.4457,30.4219,30.3988,30.3755,30.3543,30.3339,30.3137,30.2951,6.78327,6.48838,6.20883,5.9439,5.68515,5.4409,5.21026,4.98051,4.77017,4.56188,4.36646,4.17872,3.99879,3.82669,3.66237,3.50274,3.35376,3.20706,3.0704,2.93663,2.81024,2.69082,2.57477,2.46395,2.35695
0.931,30.8831,29.8255,28.9137,28.0249,27.5083,27.0436,27.1457,27.7446,28.4235,29.9541,30.8147,32.5297,33.9312,34.5651,34.4873,33.9595,32.8566,31.7528,31.1396,31.2472,32.7479,34.2729,35.5079,35.2034,34.5439,33.268,32.4252,32.4544,33.6047,35.2091,34.7357,34.0268,33.2107,33.5166,34.4708,33.8332,33.5423,33.0615,34.0905,33.8373,32.6032,32.6819,32.7959,32.4998,32.3589,32.3075,32.155,32.0723,31.9874,31.8598,31.7925,31.6676,31.6223,31.5147,31.453,31.3707,31.3018,31.2338,31.1666,31.1022,31.0828,31.0884,31.0321,30.9867,30.9401,30.8929,30.8497,30.81,30.7703,30.731,30.695,30.6595,30.627,30.5951,30.5639,30.5354,30.5075,30.4806,30.4545,30.4307,30.4077,30.3845,30.3633,30.3429,30.3227,30.3042,30.2865,6.57075,6.28765,6.01936,5.75732,5.50997,5.2764,5.04373,4.83072,4.61979,4.42189,4.23176,4.04955,3.87527,3.70886,3.54721,3.39634,3.24777,3.10937,2.97391,2.84592,2.72498,2.60746,2.49523,2.38687
0.934,30.8837,29.8261,28.9143,28.0256,27.5091,27.0446,27.147,27.7461,28.4252,29.9561,30.8167,32.5317,33.9331,34.5669,34.4887,33.9607,32.8578,31.7543,31.1414,31.2497,32.7512,34.2757,35.5098,35.2073,34.546,33.2931,32.43,32.4582,33.6085,35.2127,34.7388,34.0302,33.2148,33.5216,34.4756,33.8478,33.5509,33.0669,34.0964,33.849,32.6089,32.6875,32.8032,32.5055,32.3649,32.3133,32.1609,32.0783,31.9936,31.866,31.7989,31.674,31.6288,31.5214,31.4598,31.3775,31.3088,31.2408,31.1738,31.1094,31.0901,31.0959,31.0396,30.9943,30.9478,30.9007,30.8575,30.8179,30.7782,30.739,30.703,30.6676,30.6352,30.6033,30.5722,30.5437,30.5159,30.489,30.463,30.4392,30.4162,30.393,30.3718,30.3515,30.3313,30.3129,30.2952,30.2778,6.36914,6.09737,5.83194,5.58137,5.34478,5.1091,4.89333,4.67966,4.4792,4.28661,4.10203,3.92549,3.75692,3.59318,3.44035,3.28986,3.14967,3.01245,2.8828,2.76029,2.64125,2.52757,2.4178
0.937,30.8843,29.8267,28.9149,28.0262,27.5099,27.0456,27.1484,27.7476,28.4269,29.958,30.8186,32.5336,33.9349,34.5686,34.4901,33.9618,32.859,31.7556,31.1432,31.2521,32.7544,34.2785,35.5117,35.2111,34.5479,33.3172,32.4346,32.4619,33.6122,35.2162,34.7418,34.0334,33.2187,33.5264,34.4803,33.8619,33.5593,33.072,34.102,33.8603,32.6144,32.6928,32.8103,32.5109,32.3707,32.3189,32.1664,32.0841,31.9995,31.8719,31.805,31.6801,31.6352,31.5277,31.4664,31.3841,31.3154,31.2476,31.1806,31.1163,31.0971,31.1028,31.0466,31.0013,30.9549,30.9079,30.8647,30.8252,30.7856,30.7464,30.7105,30.6751,30.6427,30.6109,30.5798,30.5514,30.5237,30.4968,30.4708,30.447,30.4241,30.401,30.3798,30.3595,30.3394,30.3209,30.3033,30.2859,6.45316,6.17781,5.90887,5.655,5.41529,5.1765,4.95788,4.7414,4.53828,4.34315,4.15614,3.97728,3.80648,3.64058,3.48574,3.33326,3.19122,3.05219,2.92083,2.79671,2.67609,2.56091,2.4497
0.94,30.8849,29.8273,28.9155,28.0269,27.5106,27.0465,27.1496,27.749,28.4285,29.9598,30.8205,32.5354,33.9366,34.5702,34.4914,33.9629,32.8601,31.7569,31.1449,31.2544,32.7575,34.2811,35.5134,35.2148,34.5498,33.3403,32.439,32.4654,33.6156,35.2195,34.7447,34.0365,33.2225,33.531,34.4847,33.8753,33.5673,33.0769,34.1074,33.8712,32.6196,32.698,32.8171,32.5161,32.3762,32.3243,32.1718,32.0897,32.0052,31.8777,31.8109,31.686,31.6412,31.5339,31.4727,31.3904,31.3218,31.2541,31.1872,31.1229,31.1038,31.1094,31.0533,31.0081,30.9618,30.9147,30.8717,30.8322,30.7927,30.7535,30.7177,30.6823,30.65,30.6182,30.5872,30.5588,30.5311,30.5042,30.4783,30.4546,30.4316,30.4085,30.3874,30.3672,30.347,30.3286,30.311,30.2937,30.2773,6.26043,5.9879,5.73064,5.48772,5.24573,5.02419,4.80481,4.59898,4.40124,4.21173,4.03047,3.8574,3.68927,3.53236,3.37784,3.2339,3.09301,2.9599,2.83411,2.71188,2.59516,2.48246
0.942,30.8855,29.8278,28.9161,28.0275,27.5114,27.0473,27.1509,27.7504,28.4301,29.9616,30.8223,32.5373,33.9382,34.5718,34.4927,33.964,32.8612,31.7582,31.1465,31.2566,32.7604,34.2836,35.5152,35.217,34.5514,33.327,32.44,32.4687,33.6191,35.2226,34.7474,34.0394,33.2262,33.5355,34.489,33.8868,33.5744,33.0814,34.1125,33.8818,32.6244,32.7028,32.8238,32.5212,32.3814,32.3294,32.1769,32.0949,32.0105,31.8831,31.8164,31.6916,31.6469,31.5396,31.4786,31.3964,31.3279,31.2602,31.1934,31.1292,31.1101,31.1158,31.0597,31.0145,30.9683,30.9213,30.8783,30.8389,30.7994,30.7603,30.7245,30.6893,30.6569,30.6252,30.5942,30.5658,30.5382,30.5114,30.4855,30.4618,30.4389,30.4158,30.3947,30.3745,30.3544,30.336,30.3184,30.3011,30.2847,30.2691,6.0687,5.80797,5.56177,5.31652,5.09198,4.86965,4.66104,4.46063,4.26856,4.08486,3.90945,3.73906,3.58002,3.42342,3.27754,3.13475,2.99984,2.87236,2.74848,2.63018,2.51596
0.945,30.8861,29.8283,28.9167,28.0282,27.5121,27.0481,27.1521,27.7518,28.4316,29.9634,30.824,32.539,33.9398,34.5733,34.4939,33.965,32.8622,31.7593,31.1481,31.2587,32.7632,34.286,35.5169,35.2189,34.5529,33.3096,32.4405,32.4719,33.6224,35.2256,34.75,34.0423,33.2298,33.5399,34.4931,33.8977,33.5811,33.0857,34.1174,33.8919,32.629,32.7074,32.8302,32.5261,32.3864,32.3344,32.1819,32.1,32.0156,31.8883,31.8218,31.6969,31.6524,31.5451,31.4842,31.402,31.3337,31.2661,31.1993,31.1353,31.1162,31.1218,31.0658,31.0207,30.9745,30.9276,30.8847,30.8453,30.8059,30.7668,30.7311,30.6959,30.6636,30.6319,30.6009,30.5726,30.545,30.5182,30.4923,30.4687,30.4458,30.4228,30.4017,30.3815,30.3614,30.343,30.3255,30.3082,30.2918,30.2763,30.2611,5.88565,5.63616,5.38763,5.16009,4.93478,4.72339,4.5203,4.32566,4.1395,3.96174,3.78907,3.62791,3.46921,3.32138,3.17668,3.03996,2.91078,2.78524,2.66536,2.54961
0.947,30.8866,29.8288,28.9172,28.0288,27.5127,27.0488,27.1532,27.7531,28.4331,29.965,30.8257,32.5407,33.9413,34.5748,34.4951,33.9659,32.8632,31.7605,31.1496,31.2607,32.7658,34.2883,35.5185,35.2208,34.5543,33.2929,32.4411,32.475,33.6256,35.2284,34.7525,34.045,33.2332,33.5441,34.497,33.9081,33.5876,33.0899,34.1221,33.9017,32.6333,32.7118,32.8364,32.5308,32.3912,32.3391,32.1866,32.1049,32.0205,31.8933,31.8269,31.702,31.6577,31.5504,31.4896,31.4075,31.3393,31.2717,31.205,31.1411,31.1221,31.1276,31.0717,31.0266,30.9805,30.9337,30.8908,30.8514,30.8121,30.7731,30.7374,30.7022,30.6699,30.6383,30.6074,30.5791,30.5515,30.5247,30.4989,30.4753,30.4524,30.4294,30.4084,30.3882,30.3681,30.3498,30.3323,30.315,30.2986,30.2831,30.268,5.9625,5.70975,5.45797,5.22746,4.99921,4.78505,4.57931,4.38214,4.19354,4.01346,3.83854,3.67527,3.51451,3.36474,3.21815,3.07965,2.94878,2.8216,2.70016,2.5829
0.949,30.8872,29.8293,28.9177,28.0293,27.5134,27.0495,27.1543,27.7544,28.4345,29.9666,30.8273,32.5423,33.9427,34.5762,34.4962,33.9668,32.8641,31.7616,31.151,31.2626,32.7684,34.2905,35.52,35.2226,34.5556,33.2769,32.4415,32.478,33.6287,35.2312,34.7549,34.0476,33.2364,33.5481,34.5007,33.9181,33.5938,33.0938,34.1266,33.9111,32.6376,32.716,32.8424,32.5353,32.3957,32.3437,32.1911,32.1095,32.0251,31.898,31.8318,31.7069,31.6627,31.5555,31.4948,31.4127,31.3447,31.2771,31.2105,31.1466,31.1277,31.1332,31.0773,31.0323,30.9862,30.9395,30.8966,30.8573,30.818,30.779,30.7434,30.7082,30.676,30.6444,30.6135,30.5852,30.5577,30.531,30.5052,30.4816,30.4588,30.4358,30.4148,30.3946,30.3746,30.3563,30.3388,30.3215,30.3052,30.2897,30.2745,30.2602,5.78149,5.52655,5.29314,5.06202,4.84518,4.63685,4.43719,4.24623,4.06389,3.88677,3.72145,3.55867,3.40702,3.25859,3.11835,2.98583,2.85706,2.73409,2.61535
0.951,30.8876,29.8297,28.9182,28.0299,27.514,27.0503,27.1554,27.7555,28.4357,29.9681,30.8288,32.5438,33.9441,34.5775,34.4972,33.9677,32.865,31.7626,31.1524,31.2644,32.7708,34.2926,35.5215,35.2246,34.5574,33.2718,32.4429,32.4808,33.6315,35.2338,34.7572,34.05,33.2395,33.5519,34.5043,33.9173,33.5958,33.0976,34.1309,33.9197,32.6417,32.7201,32.8484,32.5395,32.4001,32.348,32.1954,32.1139,32.0295,31.9026,31.8364,31.7116,31.6676,31.5604,31.4998,31.4178,31.3498,31.2823,31.2157,31.1519,31.133,31.1385,31.0827,31.0377,30.9917,30.945,30.9022,30.8629,30.8237,30.7847,30.7491,30.714,30.6818,30.6503,30.6194,30.5912,30.5637,30.537,30.5112,30.4876,30.4648,30.4419,30.4209,30.4008,30.3808,30.3624,30.345,30.3277,30.3114,30.2959,30.2808,30.2665,30.2527,5.59281,5.3566,5.12271,4.90327,4.69244,4.49039,4.29714,4.11261,3.93337,3.76607,3.60133,3.44787,3.29765,3.15573,3.02163,2.89131,2.76687,2.64671
0.953,30.888,29.8301,28.9187,28.0303,27.5146,27.0511,27.1563,27.7566,28.4369,29.9696,30.8303,32.5452,33.9454,34.5786,34.4981,33.9685,32.8658,31.7636,31.1537,31.2661,32.7732,34.2946,35.5229,35.2268,34.5594,33.2732,32.4448,32.4835,33.6342,35.2363,34.7594,34.0524,33.2423,33.5554,34.5078,33.9104,33.5954,33.1013,34.135,33.9278,32.6458,32.724,32.8543,32.5435,32.4043,32.3522,32.1995,32.1181,32.0337,31.9069,31.8409,31.7161,31.6722,31.565,31.5046,31.4226,31.3547,31.2872,31.2207,31.157,31.1381,31.1436,31.0878,31.0429,30.997,30.9503,30.9076,30.8683,30.8291,30.7902,30.7546,30.7196,30.6874,30.6559,30.6251,30.5969,30.5694,30.5427,30.517,30.4934,30.4706,30.4477,30.4267,30.4067,30.3867,30.3684,30.3509,30.3337,30.3174,30.3019,30.2868,30.2726,30.2587,30.2457,5.4196,5.18295,4.96093,4.74762,4.5432,4.34767,4.16098,3.97962,3.81036,3.64368,3.48841,3.33643,3.19284,3.05716,2.92531,2.7994,2.67783
0.955,30.8884,29.8305,28.9191,28.0307,27.5152,27.0519,27.1573,27.7576,28.438,29.9709,30.8316,32.5466,33.9466,34.5796,34.499,33.9693,32.8667,31.7645,31.1549,31.2678,32.7754,34.2965,35.5242,35.2289,34.5613,33.2744,32.4466,32.486,33.6368,35.2386,34.7615,34.0547,33.245,33.5588,34.5111,33.9037,33.595,33.1049,34.1389,33.9356,32.6497,32.7277,32.8599,32.5474,32.4083,32.3562,32.2034,32.1221,32.0377,31.911,31.8452,31.7204,31.6766,31.5694,31.5091,31.4272,31.3594,31.2919,31.2255,31.1618,31.1429,31.1485,31.0928,31.0479,31.002,30.9554,30.9127,30.8735,30.8343,30.7955,30.7599,30.7249,30.6928,30.6612,30.6305,30.6023,30.5748,30.5482,30.5225,30.499,30.4762,30.4533,30.4324,30.4123,30.3923,30.374,30.3566,30.3394,30.3231,30.3077,30.2926,30.2783,30.2645,30.2515,30.2392,5.24541,5.0207,4.80483,4.59794,4.40006,4.21111,4.02757,3.85627,3.68759,3.53045,3.37663,3.23131,3.094,2.96056,2.83314,2.7101
0.957,30.8888,29.8309,28.9195,28.0312,27.5158,27.0526,27.1582,27.7586,28.4391,29.9722,30.8329,32.5479,33.9478,34.5807,34.4998,33.97,32.8674,31.7654,31.1561,31.2693,32.7776,34.2984,35.5255,35.2309,34.5631,33.2756,32.4483,32.4885,33.6393,35.2409,34.7635,34.0568,33.2476,33.5621,34.5143,33.8973,33.5946,33.1082,34.1426,33.943,32.6535,32.7313,32.8654,32.5511,32.4121,32.36,32.2072,32.126,32.0416,31.915,31.8493,31.7245,31.6809,31.5737,31.5135,31.4316,31.3639,31.2964,31.2301,31.1664,31.1476,31.1532,31.0975,31.0527,31.0068,30.9602,30.9176,30.8784,30.8393,30.8005,30.765,30.73,30.6979,30.6664,30.6357,30.6075,30.5801,30.5535,30.5278,30.5043,30.4815,30.4587,30.4377,30.4177,30.3977,30.3795,30.3621,30.3449,30.3286,30.3132,30.2981,30.2839,30.2701,30.2571,30.2448,5.3121,5.08454,4.86592,4.6564,4.456,4.26466,4.07878,3.9053,3.73447,3.57533,3.41957,3.2724,3.13333,2.9982,2.86916,2.74456
0.959,30.8891,29.8313,28.9199,28.0316,27.5163,27.0533,27.159,27.7595,28.4401,29.9735,30.8342,32.5491,33.9489,34.5817,34.5006,33.9708,32.8682,31.7663,31.1573,31.2709,32.7796,34.3002,35.5267,35.2328,34.5649,33.2768,32.4499,32.4908,33.6416,35.2431,34.7654,34.0589,33.2501,33.5652,34.5174,33.8912,33.5942,33.1115,34.1462,33.9502,32.6571,32.7348,32.8706,32.5546,32.4158,32.3637,32.2108,32.1297,32.0453,31.9188,31.8532,31.7285,31.6849,31.5778,31.5177,31.4358,31.3682,31.3007,31.2345,31.1709,31.1521,31.1577,31.102,31.0573,31.0114,30.9649,30.9223,30.8832,30.844,30.8053,30.7698,30.7348,30.7028,30.6713,30.6406,30.6125,30.5851,30.5585,30.5329,30.5094,30.4867,30.4638,30.4429,30.4229,30.4029,30.3847,30.3673,30.3501,30.3339,30.3184,30.3034,30.2892,30.2754,30.2624,30.2501,30.238,5.15385,4.93225,4.71987,4.51675,4.32279,4.13438,3.95853,3.78538,3.62407,3.46618,3.31701,3.17605,3.03907,2.90827,2.78197
0.961,30.8895,29.8317,28.9202,28.032,27.5168,27.0539,27.1599,27.7605,28.4411,29.9747,30.8354,32.5503,33.95,34.5827,34.5015,33.9715,32.8689,31.7671,31.1584,31.2723,32.7815,34.3019,35.5279,35.2349,34.5665,33.291,32.4527,32.4931,33.6439,35.2452,34.7673,34.061,33.2526,33.5682,34.5203,33.8973,33.5984,33.1146,34.1496,33.9569,32.6604,32.738,32.8758,32.558,32.4193,32.3672,32.2143,32.1332,32.0489,31.9224,31.8569,31.7322,31.6888,31.5817,31.5217,31.4399,31.3723,31.3048,31.2387,31.1751,31.1563,31.162,31.1064,31.0616,31.0159,30.9694,30.9268,30.8877,30.8486,30.8099,30.7745,30.7395,30.7075,30.6761,30.6454,30.6173,30.5899,30.5634,30.5377,30.5142,30.4916,30.4687,30.4478,30.4278,30.4079,30.3897,30.3723,30.3551,30.3389,30.3235,30.3084,30.2942,30.2804,30.2675,30.2552,30.2431,30.2318,5.00471,4.78922,4.5831,4.3863,4.19512,4.01669,3.84099,3.67732,3.5171,3.36574,3.22271,3.08372,2.951,2.82284
0.962,30.8898,29.832,28.9206,28.0324,27.5173,27.0544,27.1607,27.7614,28.4421,29.9758,30.8365,32.5514,33.9512,34.5839,34.5024,33.9721,32.8696,31.7679,31.1594,31.2737,32.7834,34.3034,35.529,35.2372,34.5679,33.3214,32.4568,32.4952,33.6461,35.2472,34.769,34.063,33.2549,33.5711,34.523,33.9185,33.6082,33.1176,34.1529,33.9632,32.6635,32.7409,32.881,32.5612,32.4227,32.3705,32.2176,32.1366,32.0523,31.9259,31.8605,31.7358,31.6925,31.5854,31.5255,31.4437,31.3761,31.3087,31.2427,31.1791,31.1604,31.1661,31.1105,31.0658,31.0201,30.9736,30.9311,30.8921,30.853,30.8143,30.7789,30.744,30.712,30.6806,30.6499,30.6219,30.5945,30.568,30.5424,30.5189,30.4962,30.4734,30.4526,30.4326,30.4127,30.3945,30.3771,30.36,30.3437,30.3283,30.3133,30.2991,30.2853,30.2724,30.2601,30.248,30.2367,30.2258,4.86271,4.65344,4.45361,4.2595,4.07833,3.89994,3.73375,3.57108,3.41739,3.27216,3.13104,2.99628,2.86616
0.964,30.8902,29.8323,28.921,28.0328,27.5177,27.0549,27.1615,27.7623,28.4431,29.9769,30.8376,32.5524,33.9523,34.5851,34.5032,33.9728,32.8702,31.7686,31.1604,31.2751,32.7851,34.305,35.5301,35.2395,34.5693,33.3505,32.4608,32.4973,33.6482,35.2491,34.7707,34.0649,33.2571,33.5738,34.5256,33.9388,33.6175,33.1205,34.156,33.9692,32.6664,32.7438,32.886,32.5643,32.4259,32.3737,32.2207,32.1399,32.0556,31.9292,31.8639,31.7392,31.696,31.5889,31.5292,31.4473,31.3799,31.3125,31.2465,31.183,31.1643,31.17,31.1145,31.0699,31.0242,30.9778,30.9352,30.8962,30.8572,30.8185,30.7832,30.7483,30.7163,30.6849,30.6543,30.6263,30.5989,30.5724,30.5468,30.5234,30.5007,30.4779,30.4571,30.4371,30.4172,30.399,30.3817,30.3646,30.3483,30.333,30.3179,30.3038,30.29,30.277,30.2648,30.2527,30.2414,30.2305,30.2201,4.72412,4.52126,4.3242,4.14028,3.95918,3.79046,3.62532,3.4693,3.32187,3.1786,3.04179,2.9097
0.966,30.8905,29.8326,28.9213,28.0332,27.5182,27.0554,27.1622,27.7631,28.4441,29.9779,30.8386,32.5534,33.9533,34.5861,34.504,33.9734,32.8708,31.7694,31.1614,31.2764,32.7868,34.3064,35.5311,35.2416,34.5706,33.3784,32.4645,32.4992,33.6502,35.2509,34.7723,34.0667,33.2593,33.5765,34.5281,33.9582,33.6265,33.1232,34.159,33.975,32.6692,32.7465,32.8908,32.5672,32.4289,32.3768,32.2238,32.143,32.0588,31.9323,31.8671,31.7425,31.6994,31.5923,31.5327,31.4508,31.3834,31.3161,31.2502,31.1866,31.168,31.1736,31.1181,31.0735,31.0278,30.9815,30.939,30.9,30.861,30.8224,30.787,30.7522,30.7202,30.6889,30.6583,30.6302,30.6029,30.5764,30.5509,30.5274,30.5048,30.482,30.4612,30.4412,30.4213,30.4032,30.3858,30.3687,30.3525,30.3371,30.3221,30.308,30.2942,30.2813,30.2691,30.257,30.2457,30.2348,30.2243,4.79206,4.58628,4.38639,4.19982,4.01611,3.84498,3.67746,3.51919,3.36964,3.22432,3.08554,2.95154
0.967,30.8908,29.8329,28.9217,28.0335,27.5186,27.0558,27.1629,27.7639,28.445,29.9789,30.8396,32.5544,33.9543,34.5872,34.5048,33.974,32.8714,31.7701,31.1623,31.2776,32.7884,34.3078,35.5321,35.2436,34.5718,33.4051,32.4682,32.5011,33.6521,35.2527,34.7739,34.0685,33.2613,33.579,34.5305,33.9769,33.6352,33.1259,34.1619,33.9806,32.6719,32.7491,32.8954,32.57,32.4319,32.3797,32.2267,32.146,32.0618,31.9354,31.8703,31.7456,31.7026,31.5955,31.536,31.4542,31.3868,31.3195,31.2537,31.1902,31.1715,31.1772,31.1218,31.0772,31.0316,30.9852,30.9428,30.9038,30.8648,30.8262,30.7909,30.7561,30.7242,30.6928,30.6623,30.6343,30.607,30.5805,30.5549,30.5315,30.5089,30.4862,30.4653,30.4454,30.4255,30.4074,30.3901,30.373,30.3568,30.3414,30.3264,30.3122,30.2985,30.2856,30.2734,30.2613,30.25,30.2391,30.2287,30.2187,4.64652,4.444,4.25499,4.06886,3.89548,3.72576,3.56541,3.4139,3.26666,3.12607,2.99031
0.968,30.8911,29.8332,28.922,28.0339,27.5189,27.0562,27.1636,27.7647,28.4458,29.9798,30.8406,32.5554,33.9553,34.5882,34.5055,33.9745,32.872,31.7707,31.1632,31.2788,32.7899,34.3092,35.533,35.2456,34.573,33.4307,32.4717,32.5029,33.6539,35.2544,34.7754,34.0701,33.2633,33.5814,34.5328,33.9947,33.6434,33.1284,34.1646,33.9859,32.6745,32.7516,32.8998,32.5727,32.4347,32.3825,32.2295,32.1488,32.0647,31.9383,31.8733,31.7487,31.7057,31.5986,31.5393,31.4574,31.3901,31.3228,31.2571,31.1936,31.175,31.1807,31.1253,31.0807,31.0351,30.9888,30.9464,30.9075,30.8685,30.83,30.7947,30.7599,30.728,30.6967,30.6661,30.6381,30.6108,30.5844,30.5589,30.5355,30.5129,30.4901,30.4693,30.4494,30.4296,30.4114,30.3941,30.377,30.3608,30.3455,30.3305,30.3164,30.3026,30.2897,30.2775,30.2655,30.2541,30.2433,30.2329,30.2229,30.2134,4.49546,4.30426,4.11598,3.94058,3.7689,3.6067,3.45343,3.30449,3.16226,3.02494
0.97,30.8914,29.8335,28.9223,28.0342,27.5193,27.0566,27.1643,27.7655,28.4467,29.9808,30.8415,32.5562,33.9562,34.5892,34.5063,33.9751,32.8726,31.7714,31.164,31.2799,32.7914,34.3105,35.5339,35.2474,34.5742,33.4553,32.475,32.5047,33.6557,35.256,34.7768,34.0717,33.2652,33.5837,34.535,34.0118,33.6513,33.1308,34.1673,33.991,32.677,32.754,32.904,32.5753,32.4374,32.3852,32.2322,32.1516,32.0675,31.9411,31.8761,31.7516,31.7087,31.6016,31.5423,31.4604,31.3932,31.3259,31.2603,31.1968,31.1782,31.1838,31.1284,31.0839,31.0384,30.9921,30.9497,30.9108,30.8719,30.8333,30.798,30.7633,30.7314,30.7001,30.6696,30.6416,30.6143,30.5879,30.5624,30.539,30.5164,30.4937,30.4729,30.453,30.4332,30.415,30.3977,30.3807,30.3645,30.3491,30.3342,30.32,30.3063,30.2934,30.2812,30.2692,30.2579,30.247,30.2366,30.2266,30.2171,30.2079,4.34649,4.15636,3.97925,3.80588,3.64209,3.48732,3.33692,3.19329,3.05462
0.971,30.8917,29.8338,28.9226,28.0345,27.5197,27.057,27.1648,27.7661,28.4474,29.9817,30.8423,32.5571,33.957,34.59,34.5069,33.9756,32.8731,31.772,31.1648,31.281,32.7928,34.3117,35.5348,35.2478,34.5749,33.4437,32.475,32.5063,33.6573,35.2575,34.7782,34.0733,33.2669,33.5859,34.5371,34.0221,33.6566,33.133,34.1697,33.9957,32.6795,32.7564,32.9081,32.5778,32.44,32.3877,32.2347,32.1541,32.0701,31.9437,31.8789,31.7543,31.7115,31.6044,31.5452,31.4634,31.3962,31.329,31.2633,31.1999,31.1813,31.187,31.1317,31.0872,31.0416,30.9954,30.953,30.9142,30.8753,30.8367,30.8015,30.7667,30.7349,30.7036,30.6731,30.6451,30.6179,30.5915,30.566,30.5426,30.5201,30.4974,30.4766,30.4567,30.4369,30.4187,30.4014,30.3844,30.3682,30.3529,30.3379,30.3238,30.3101,30.2972,30.285,30.273,30.2617,30.2508,30.2404,30.2305,30.221,30.2118,30.2031,4.18989,4.01135,3.83659,3.67147,3.51545,3.36383,3.21905,3.07926
0.972,30.8919,29.834,28.9228,28.0348,27.52,27.0574,27.1653,27.7667,28.4481,29.9825,30.8432,32.5579,33.9578,34.5907,34.5074,33.976,32.8736,31.7726,31.1656,31.282,32.7942,34.3129,35.5355,35.2478,34.5755,33.4231,32.4742,32.5079,33.6589,35.2589,34.7795,34.0748,33.2686,33.588,34.5391,34.0303,33.6609,33.1351,34.1721,34.0002,32.6819,32.7587,32.912,32.5801,32.4424,32.3902,32.2371,32.1566,32.0725,31.9462,31.8815,31.7569,31.7142,31.6071,31.548,31.4662,31.3991,31.3318,31.2663,31.2028,31.1843,31.1901,31.1347,31.0903,31.0448,30.9986,30.9562,30.9174,30.8785,30.84,30.8048,30.7701,30.7382,30.707,30.6765,30.6486,30.6213,30.5949,30.5695,30.5461,30.5236,30.5009,30.4801,30.4602,30.4404,30.4223,30.405,30.388,30.3718,30.3565,30.3415,30.3274,30.3137,30.3008,30.2887,30.2766,30.2653,30.2545,30.2441,30.2342,30.2247,30.2154,30.2068,4.22066,4.04081,3.86476,3.69843,3.54126,3.38854,3.24269,3.10187
0.973,30.8922,29.8343,28.9231,28.035,27.5203,27.0578,27.1658,27.7673,28.4488,29.9834,30.844,32.5587,33.9585,34.5914,34.508,33.9765,32.874,31.7731,31.1663,31.283,32.7955,34.314,35.5363,35.2478,34.576,33.4033,32.4733,32.5094,33.6604,35.2602,34.7808,34.0762,33.2703,33.59,34.541,34.0381,33.6651,33.1372,34.1743,34.0045,32.6841,32.7609,32.9157,32.5824,32.4448,32.3925,32.2394,32.159,32.0749,31.9487,31.884,31.7594,31.7168,31.6097,31.5506,31.4689,31.4018,31.3346,31.269,31.2057,31.1871,31.1928,31.1375,31.0931,31.0476,31.0014,30.9591,30.9203,30.8814,30.843,30.8077,30.773,30.7412,30.71,30.6795,30.6516,30.6244,30.598,30.5725,30.5492,30.5267,30.504,30.4832,30.4633,30.4436,30.4255,30.4082,30.3912,30.375,30.3597,30.3447,30.3306,30.3169,30.304,30.2919,30.2799,30.2686,30.2577,30.2474,30.2374,30.2279,30.2187,30.2101,30.2018,4.07246,3.89504,3.72741,3.56901,3.41508,3.2681,3.12617
0.975,30.8924,29.8345,28.9233,28.0353,27.5206,27.0582,27.1662,27.7678,28.4494,29.9842,30.8448,32.5594,33.9592,34.5921,34.5085,33.9769,32.8745,31.7737,31.167,31.2839,32.7968,34.3151,35.537,35.2477,34.5765,33.3844,32.4725,32.5109,33.6619,35.2615,34.782,34.0775,33.2718,33.5919,34.5428,34.0456,33.6691,33.1391,34.1764,34.0087,32.6863,32.763,32.9193,32.5845,32.447,32.3947,32.2416,32.1612,32.0772,31.951,31.8864,31.7617,31.7193,31.6122,31.5531,31.4714,31.4044,31.3373,31.2717,31.2084,31.1898,31.1956,31.1403,31.0959,31.0505,31.0043,30.9621,30.9232,30.8844,30.846,30.8108,30.7761,30.7443,30.7131,30.6826,30.6547,30.6275,30.6012,30.5757,30.5524,30.5299,30.5072,30.4865,30.4666,30.4468,30.4287,30.4115,30.3944,30.3783,30.363,30.3481,30.334,30.3203,30.3074,30.2953,30.2832,30.272,30.2611,30.2507,30.2408,30.2313,30.2221,30.2135,30.2052,30.1972,3.93091,3.76173,3.60188,3.44653,3.29819,3.15496
0.976,30.8926,29.8347,28.9236,28.0356,27.5209,27.0586,27.1667,27.7683,28.45,29.9849,30.8456,32.5601,33.9599,34.5928,34.509,33.9773,32.8749,31.7742,31.1677,31.2848,32.798,34.3161,35.5377,35.2477,34.577,33.3662,32.4718,32.5123,33.6633,35.2628,34.7832,34.0788,33.2733,33.5937,34.5445,34.0528,33.673,33.141,34.1785,34.0126,32.6884,32.765,32.9227,32.5866,32.4492,32.3969,32.2437,32.1634,32.0794,31.9532,31.8887,31.764,31.7216,31.6145,31.5556,31.4739,31.4069,31.3398,31.2743,31.211,31.1925,31.1981,31.1429,31.0985,31.0531,31.0069,30.9647,30.9259,30.8871,30.8487,30.8135,30.7788,30.747,30.7158,30.6854,30.6575,30.6303,30.604,30.5785,30.5552,30.5327,30.5101,30.4893,30.4695,30.4497,30.4316,30.4144,30.3974,30.3812,30.3659,30.351,30.3369,30.3232,30.3104,30.2982,30.2862,30.2749,30.2641,30.2537,30.2438,30.2343,30.2251,30.2165,30.2082,30.2002,30.1926,3.80395,3.64229,3.48521,3.3352,3.19037
0.977,30.8929,29.8349,28.9238,28.0358,27.5212,27.0589,27.1671,27.7688,28.4506,29.9856,30.8463,32.5608,33.9606,34.5934,34.5095,33.9777,32.8753,31.7747,31.1684,31.2857,32.7991,34.3171,35.5383,35.2477,34.5775,33.3488,32.471,32.5136,33.6646,35.2639,34.7843,34.0801,33.2747,33.5955,34.5462,34.0597,33.6767,33.1427,34.1805,34.0164,32.6904,32.7669,32.9259,32.5886,32.4513,32.3989,32.2457,32.1655,32.0814,31.9554,31.8909,31.7662,31.7239,31.6168,31.5579,31.4763,31.4093,31.3422,31.2768,31.2134,31.1949,31.2007,31.1455,31.1011,31.0557,31.0096,30.9674,30.9286,30.8898,30.8514,30.8163,30.7816,30.7499,30.7187,30.6883,30.6604,30.6332,30.6069,30.5815,30.5582,30.5357,30.513,30.4923,30.4725,30.4527,30.4346,30.4174,30.4004,30.3843,30.369,30.3541,30.34,30.3263,30.3134,30.3013,30.2893,30.278,30.2672,30.2568,30.2469,30.2375,30.2283,30.2197,30.2114,30.2033,30.1958,30.1885,3.69192,3.53269,3.38064,3.23383
0.978,30.8931,29.8351,28.924,28.036,27.5215,27.0592,27.1675,27.7693,28.4511,29.9863,30.847,32.5614,33.9612,34.594,34.51,33.9781,32.8757,31.7751,31.169,31.2865,32.8002,34.318,35.539,35.2477,34.578,33.3322,32.4704,32.5149,33.6659,35.2651,34.7854,34.0813,33.2761,33.5972,34.5478,34.0663,33.6802,33.1444,34.1824,34.02,32.6923,32.7688,32.9291,32.5905,32.4532,32.4009,32.2477,32.1675,32.0834,31.9574,31.893,31.7683,31.7261,31.619,31.5601,31.4785,31.4116,31.3445,31.2791,31.2158,31.1973,31.203,31.1478,31.1035,31.0581,31.012,30.9698,30.931,30.8923,30.8539,30.8188,30.7841,30.7524,30.7212,30.6908,30.6629,30.6358,30.6095,30.5841,30.5608,30.5383,30.5156,30.4949,30.4751,30.4554,30.4373,30.4201,30.4031,30.3869,30.3717,30.3568,30.3427,30.329,30.3161,30.304,30.292,30.2808,30.2699,30.2596,30.2497,30.2402,30.231,30.2224,30.2141,30.2061,30.1985,30.1912,3.75194,3.59012,3.4356,3.2864
0.979,30.8933,29.8353,28.9242,28.0362,27.5218,27.0595,27.1679,27.7698,28.4517,29.987,30.8476,32.5621,33.9618,34.5946,34.5104,33.9785,32.8761,31.7756,31.1696,31.2873,32.8013,34.3189,35.5396,35.2477,34.5784,33.3162,32.4697,32.5161,33.6671,35.2662,34.7864,34.0824,33.2774,33.5988,34.5493,34.0726,33.6836,33.1461,34.1842,34.0235,32.6942,32.7705,32.9321,32.5923,32.4551,32.4028,32.2495,32.1694,32.0853,31.9594,31.895,31.7703,31.7281,31.6211,31.5622,31.4807,31.4138,31.3468,31.2814,31.2181,31.1996,31.2054,31.1502,31.1059,31.0606,31.0145,30.9723,30.9336,30.8948,30.8565,30.8213,30.7867,30.755,30.7238,30.6934,30.6656,30.6385,30.6122,30.5868,30.5635,30.541,30.5184,30.4977,30.4779,30.4581,30.4401,30.4228,30.4058,30.3897,30.3745,30.3596,30.3455,30.3318,30.319,30.3069,30.2949,30.2836,30.2728,30.2624,30.2525,30.2431,30.2339,30.2253,30.217,30.209,30.2014,30.1941,30.1872,3.65809,3.50065,3.34862
0.98,30.893549999999998,29.8356,28.924500000000002,28.0365,27.52215,27.05995,27.1685,27.77045,28.45245,29.988,30.848599999999998,32.56295,33.96265,34.5954,34.5111,33.97895,32.87665,31.77615,31.1704,31.28835,32.802800000000005,34.32025,35.54045,35.24805,34.57685,33.296800000000005,32.469,32.517849999999996,33.668850000000006,35.267700000000005,34.78785,34.084,33.2793,33.60105,34.551500000000004,34.07985,33.6877,33.14834999999999,34.1867,34.028400000000005,32.69675,32.772999999999996,32.93615,32.594899999999996,32.45785,32.40545,32.25215,32.17205,32.08805,31.9621,31.89785,31.77315,31.73105,31.62405,31.565199999999997,31.48375,31.4169,31.349899999999998,31.28455,31.2213,31.202849999999998,31.2087,31.1535,31.10925,31.06395,31.017899999999997,30.975749999999998,30.93705,30.89835,30.859949999999998,30.8249,30.790300000000002,30.7586,30.7275,30.6971,30.669249999999998,30.64215,30.615850000000002,30.5905,30.56725,30.54475,30.52215,30.50145,30.481650000000002,30.46195,30.443849999999998,30.426650000000002,30.4097,30.3936,30.378349999999998,30.36345,30.3494,30.335749999999997,30.3229,30.3108,30.2988,30.28755,30.27675,30.2664,30.2565,30.247,30.2379,30.229300000000002,30.221,30.213,30.2054,30.1981,30.19115,30.1845,16.87768,3.4617199999999997
0.981,30.8938,29.8358,28.9247,28.0368,27.5225,27.0604,27.169,27.771,28.4531,29.9888,30.8494,32.5637,33.9633,34.5961,34.5116,33.9794,32.8771,31.7765,31.1708,31.2893,32.8041,34.3213,35.5412,35.2496,34.5677,33.2924,32.4696,32.5193,33.6702,35.269,34.7891,34.0853,33.2808,33.6029,34.5532,34.0798,33.6888,33.1504,34.1888,34.0325,32.6989,32.7751,32.9388,32.597,32.46,32.4076,32.2543,32.1743,32.0903,31.9644,31.9002,31.7755,31.7335,31.6265,31.5677,31.4863,31.4195,31.3525,31.2872,31.224,31.2055,31.2112,31.1561,31.1119,31.0666,31.0206,30.9784,30.9397,30.9011,30.8627,30.8277,30.7931,30.7614,30.7303,30.6999,30.6721,30.645,30.6187,30.5934,30.5701,30.5477,30.5251,30.5044,30.4846,30.4649,30.4469,30.4297,30.4127,30.3966,30.3814,30.3665,30.3524,30.3388,30.3259,30.3138,30.3018,30.2906,30.2798,30.2695,30.2596,30.2501,30.2409,30.2324,30.2241,30.2161,30.2085,30.2012,30.1943,30.1876,30.1812,30.1752
0.982,30.893949999999997,29.835949999999997,28.9249,28.036949999999997,27.5227,27.060650000000003,27.169449999999998,27.771549999999998,28.45365,29.9893,30.849899999999998,32.56425,33.96385,34.59655,34.51195,33.979699999999994,32.877399999999994,31.77675,31.1711,31.289949999999997,32.805,34.32215,35.5417,35.2511,34.5591,33.292100000000005,32.4703,32.520300000000006,33.6712,35.269999999999996,34.790000000000006,34.08625,33.281949999999995,33.60425,34.55445,34.0783,33.689099999999996,33.151799999999994,34.1903,34.03545,32.7004,32.7765,32.9406,32.598600000000005,32.461600000000004,32.40915,32.2558,32.17585,32.09195,31.96605,31.901899999999998,31.7772,31.735300000000002,31.62825,31.56955,31.48805,31.4214,31.3544,31.289099999999998,31.22585,31.20745,31.2133,31.1582,31.11395,31.0687,31.0227,30.980600000000003,30.94195,30.90325,30.86495,30.82985,30.79535,30.76365,30.73255,30.702199999999998,30.6744,30.6473,30.62105,30.5957,30.572499999999998,30.549999999999997,30.52745,30.5068,30.487000000000002,30.4673,30.4493,30.4321,30.415100000000002,30.399,30.3838,30.3689,30.35485,30.3412,30.328400000000002,30.3163,30.304299999999998,30.29305,30.2823,30.27195,30.26205,30.2526,30.24345,30.23485,30.22655,30.21855,30.211,30.20375,30.19675,30.1901,30.18375,30.17765
0.983,30.89425,29.83615,28.925150000000002,28.03725,27.52295,27.061,27.16995,27.772100000000002,28.4543,29.99005,30.85065,32.564949999999996,33.96445,34.59715,34.5124,33.9801,32.87779999999999,31.777050000000003,31.17145,31.2908,32.806200000000004,34.32315,35.5424,35.25305,34.5482,33.291700000000006,32.4711,32.5216,33.6725,35.2712,34.7911,34.0874,33.2834,33.606,34.556,34.07645,33.68945,33.15365,34.19225,34.0392,32.70235,32.77835,32.94285,32.6005,32.46365,32.411100000000005,32.2578,32.1779,32.093999999999994,31.9682,31.904049999999998,31.77935,31.73755,31.63045,31.571849999999998,31.49035,31.4237,31.356749999999998,31.29145,31.228299999999997,31.209899999999998,31.21575,31.1607,31.11645,31.071199999999997,31.0253,30.98315,30.944499999999998,30.90585,30.86755,30.83255,30.798000000000002,30.76635,30.73525,30.70495,30.67715,30.65005,30.62385,30.59845,30.57525,30.55285,30.53025,30.5096,30.489800000000002,30.470100000000002,30.4521,30.4349,30.418,30.401899999999998,30.386699999999998,30.3718,30.3577,30.344099999999997,30.3313,30.319200000000002,30.3072,30.296,30.285200000000003,30.274900000000002,30.265,30.25555,30.2464,30.2378,30.22955,30.22155,30.214,30.206699999999998,30.19975,30.1931,30.186700000000002,30.18065
0.984,30.89445,29.836350000000003,28.92535,28.03745,27.523249999999997,27.061349999999997,27.170450000000002,27.77265,28.45495,29.99075,30.851300000000002,32.56555,33.965050000000005,34.597750000000005,34.51285,33.9804,32.87820000000001,31.7773,31.1718,31.29155,32.807249999999996,34.32415,35.54305,35.2548,34.5379,33.29135,32.4719,32.522800000000004,33.6737,35.2723,34.79215,34.08855,33.28475,33.6076,34.5575,34.07465,33.689750000000004,33.1554,34.194050000000004,34.04265,32.70415,32.78015,32.944900000000004,32.60235,32.46555,32.41295,32.25965,32.1798,32.09595,31.97015,31.906100000000002,31.781399999999998,31.73965,31.6326,31.57405,31.4925,31.42595,31.35895,31.29375,31.230600000000003,31.21225,31.218049999999998,31.16305,31.118850000000002,31.07365,31.02765,30.98555,30.94695,30.90835,30.87005,30.83505,30.8005,30.768900000000002,30.7378,30.707500000000003,30.679699999999997,30.652700000000003,30.6264,30.601100000000002,30.5779,30.555500000000002,30.532899999999998,30.51225,30.4925,30.4728,30.4548,30.4376,30.420650000000002,30.404600000000002,30.38935,30.374499999999998,30.36045,30.34685,30.33405,30.32195,30.30995,30.29875,30.28795,30.27765,30.26775,30.25835,30.24915,30.24065,30.23235,30.22435,30.21675,30.20955,30.20255,30.1959,30.18955,30.18345
0.985,30.8947,29.8366,28.92556666666667,28.0377,27.5236,27.061766666666667,27.171000000000003,27.77333333333333,28.45566666666667,29.991500000000002,30.852099999999997,32.566366666666674,33.96576666666667,34.598400000000005,34.5134,33.98083333333334,32.8786,31.77763333333333,31.172166666666666,31.29246666666667,32.808600000000006,34.325266666666664,35.5438,35.2569,34.525933333333334,33.2909,32.47286666666667,32.52426666666667,33.6751,35.27363333333333,34.793366666666664,34.0898,33.286333333333324,33.60946666666666,34.55923333333333,34.0725,33.690133333333335,33.1574,34.1961,34.0468,32.706266666666664,32.782199999999996,32.94736666666667,32.604533333333336,32.46776666666667,32.41513333333333,32.26176666666667,32.18203333333333,32.0982,31.9725,31.90846666666667,31.7838,31.742099999999997,31.63506666666667,31.57656666666667,31.495,31.4285,31.3616,31.296366666666668,31.23326666666667,31.214966666666665,31.22066666666667,31.165666666666667,31.121533333333332,31.076333333333334,31.03043333333333,30.988333333333333,30.949766666666665,30.911133333333336,30.872866666666667,30.837866666666667,30.803366666666665,30.771766666666668,30.740733333333335,30.710399999999996,30.682666666666666,30.655599999999996,30.629400000000004,30.604100000000003,30.5809,30.5585,30.535933333333332,30.5153,30.49553333333333,30.475866666666665,30.45786666666667,30.44066666666667,30.423766666666666,30.407666666666668,30.392466666666664,30.37766666666667,30.363566666666667,30.34996666666667,30.337166666666665,30.325066666666668,30.31316666666667,30.3019,30.29116666666667,30.2808,30.270966666666666,30.261499999999998,30.25236666666667,30.243800000000004,30.235533333333333,30.227566666666664,30.22,30.212733333333333,30.205766666666666,30.1991,30.192766666666667,30.186700000000002
0.986,30.89495,29.83685,28.92575,28.037950000000002,27.523850000000003,27.062150000000003,27.1715,27.7739,28.45635,29.99225,30.85285,32.567049999999995,33.9664,34.599050000000005,34.5138,33.9812,32.879000000000005,31.777949999999997,31.17255,31.29335,32.8098,34.3263,35.54445,35.258849999999995,34.514700000000005,33.290499999999994,32.473749999999995,32.52565,33.67645,35.27485,34.7945,34.091049999999996,33.287800000000004,33.61125,34.5608,34.07055,33.69045,33.15935,34.1981,34.050650000000005,32.70825,32.7841,32.9497,32.6065,32.469899999999996,32.41715,32.26375,32.1841,32.100300000000004,31.97465,31.91065,31.78605,31.7444,31.637349999999998,31.57895,31.49735,31.43095,31.36405,31.29885,31.235799999999998,31.2175,31.22325,31.16825,31.12415,31.07895,31.033099999999997,30.991,30.95245,30.91385,30.8756,30.840600000000002,30.8062,30.774549999999998,30.743499999999997,30.7132,30.685499999999998,30.658450000000002,30.63225,30.60695,30.583750000000002,30.5614,30.53885,30.518250000000002,30.49845,30.4788,30.46085,30.443649999999998,30.42675,30.41065,30.39545,30.38065,30.36665,30.35305,30.34015,30.32815,30.31615,30.304949999999998,30.294150000000002,30.28385,30.274,30.26455,30.25545,30.246850000000002,30.238599999999998,30.23065,30.22305,30.21585,30.208849999999998,30.20225,30.19585,30.189799999999998
0.987,30.8952,29.837,28.926000000000002,28.038133333333334,27.524199999999997,27.062466666666666,27.172,27.7745,28.45696666666667,29.992966666666664,30.853499999999997,32.56773333333333,33.967033333333326,34.5996,34.5143,33.98156666666666,32.87936666666667,31.7782,31.172866666666664,31.2941,32.8109,34.3273,35.54513333333333,35.260600000000004,34.504333333333335,33.29013333333333,32.4746,32.526900000000005,33.67763333333333,35.27603333333334,34.7956,34.092166666666664,33.2892,33.61286666666667,34.5623,34.0688,33.69076666666667,33.16106666666667,34.19990000000001,34.0542,32.710100000000004,32.7859,32.95183333333333,32.6084,32.4718,32.419000000000004,32.2656,32.186033333333334,32.10226666666667,31.976633333333336,31.9127,31.7881,31.746533333333332,31.639499999999998,31.581133333333337,31.499566666666666,31.433166666666665,31.36626666666667,31.3011,31.238100000000003,31.219800000000003,31.225533333333335,31.170599999999997,31.12646666666667,31.081366666666668,31.035466666666668,30.993466666666666,30.954866666666664,30.916299999999996,30.8781,30.84313333333333,30.808633333333333,30.777066666666666,30.746033333333333,30.715766666666667,30.688033333333333,30.661033333333332,30.634866666666667,30.609566666666666,30.586366666666663,30.56396666666667,30.54146666666667,30.520866666666667,30.50106666666667,30.481466666666666,30.463466666666665,30.44633333333333,30.4294,30.413366666666665,30.398166666666665,30.383333333333336,30.3693,30.3557,30.3429,30.330833333333334,30.3189,30.3077,30.29693333333333,30.286600000000004,30.276733333333336,30.267333333333337,30.2582,30.249633333333335,30.241366666666664,30.2334,30.225866666666665,30.2186,30.21166666666667,30.205,30.198666666666668,30.1926
0.988,30.8954,29.8372,28.92615,28.03835,27.52445,27.0628,27.1725,27.775,28.4576,29.9936,30.854149999999997,32.568349999999995,33.967600000000004,34.6002,34.514700000000005,33.981899999999996,32.87975,31.77845,31.17315,31.29485,32.812,34.3282,35.5457,35.262299999999996,34.49465,33.28975,32.47535,32.52805,33.67875,35.2771,34.7966,34.0932,33.29045,33.6144,34.56375,34.067049999999995,33.691050000000004,33.1627,34.2016,34.05755,32.7118,32.787549999999996,32.9538,32.610150000000004,32.47365,32.42075,32.26735,32.18785,32.104150000000004,31.9785,31.91465,31.79,31.7485,31.6415,31.583199999999998,31.5016,31.435299999999998,31.3684,31.30325,31.24025,31.222,31.227800000000002,31.172800000000002,31.128700000000002,31.0836,31.03775,30.99575,30.9572,30.91865,30.88045,30.8455,30.81105,30.77945,30.74845,30.718249999999998,30.6905,30.6635,30.637349999999998,30.61205,30.58885,30.56655,30.544,30.523400000000002,30.50365,30.48405,30.46605,30.448900000000002,30.432000000000002,30.415950000000002,30.400750000000002,30.38595,30.37195,30.35835,30.34555,30.3335,30.321550000000002,30.31035,30.299599999999998,30.28925,30.279400000000003,30.27,30.260849999999998,30.252299999999998,30.24405,30.2361,30.2285,30.2213,30.21435,30.207700000000003,30.201349999999998,30.1953
0.989,30.895625000000003,29.8374,28.926375,28.038574999999998,27.524724999999997,27.06315,27.173025,27.7756,28.458199999999998,29.994325,30.854824999999998,32.568999999999996,33.968199999999996,34.60075,34.51514999999999,33.98225,32.880125,31.77875,31.173550000000002,31.29565,32.8131,34.329224999999994,35.5464,35.264174999999994,34.48395,33.2894,32.476175,32.5293,33.68,35.278275,34.7977,34.094375,33.2919,33.61602500000001,34.56525,34.0652,33.69135,33.1645,34.2035,34.06117499999999,32.7137,32.789375,32.956050000000005,32.612075000000004,32.475575000000006,32.422675,32.269275,32.18985,32.10615,31.98055,31.916725,31.792125,31.75075,31.6437,31.58545,31.50385,31.4376,31.3707,31.305600000000002,31.24265,31.224425,31.230025,31.175125,31.131025,31.08595,31.040125,30.99815,30.9596,30.921075,30.8829,30.847975,30.813499999999998,30.782,30.750999999999998,30.720724999999998,30.693025,30.66605,30.639875,30.6146,30.591475,30.569074999999998,30.546574999999997,30.525975,30.506275,30.48665,30.468674999999998,30.45155,30.434649999999998,30.418625,30.403425000000002,30.388624999999998,30.374625,30.361025,30.348225,30.336199999999998,30.324225,30.313025,30.302300000000002,30.292,30.282125,30.272725,30.2636,30.255049999999997,30.2468,30.238825,30.231275,30.224050000000002,30.217100000000002,30.21045,30.204124999999998,30.198050000000002
0.99,30.895866666666667,29.8376,28.926599999999997,28.0388,27.524999999999995,27.063500000000005,27.17356666666667,27.7762,28.4589,29.99506666666667,30.855566666666665,32.56969999999999,33.96886666666666,34.60139999999999,34.51566666666667,33.98266666666667,32.8805,31.77903333333333,31.173900000000003,31.296533333333333,32.814299999999996,34.33026666666667,35.5471,35.266466666666666,34.47773333333333,33.295233333333336,32.477533333333334,32.5307,33.6813,35.279500000000006,34.798899999999996,34.09563333333333,33.293366666666664,33.617799999999995,34.5669,34.06383333333333,33.691966666666666,33.1664,34.20546666666667,34.06506666666667,32.7157,32.7913,32.9582,32.614066666666666,32.4777,32.424733333333336,32.27126666666667,32.19193333333333,32.10830000000001,31.982766666666667,31.919,31.7944,31.753066666666665,31.64603333333333,31.587866666666667,31.506266666666665,31.440033333333332,31.373166666666666,31.3081,31.245166666666666,31.227,31.23266666666667,31.1778,31.133733333333335,31.088666666666665,31.04286666666667,31.0009,30.9624,30.9239,30.8857,30.850800000000003,30.8164,30.78486666666667,30.7539,30.72366666666667,30.695966666666664,30.669,30.642866666666663,30.617566666666665,30.594466666666666,30.572133333333337,30.549633333333333,30.52903333333333,30.50933333333333,30.4897,30.471766666666667,30.454633333333334,30.437733333333338,30.4217,30.406533333333332,30.3917,30.377733333333335,30.364166666666666,30.351366666666667,30.339299999999998,30.327399999999997,30.3162,30.305466666666664,30.29516666666667,30.285300000000003,30.275900000000004,30.266766666666665,30.2582,30.25,30.242,30.234499999999997,30.2272,30.220299999999998,30.2137,30.2073,30.201300000000003
0.991,30.896075000000003,29.8378,28.9268,28.039,27.525275000000004,27.063850000000002,27.174,27.7767,28.459424999999996,29.9956,30.8561,32.57025,33.9694,34.602025,34.516175,33.983050000000006,32.880849999999995,31.779324999999996,31.17425,31.2973,32.8153,34.3311,35.54775,35.2704,34.49845,33.332525000000004,32.481275,32.5319,33.6823,35.28055,34.800250000000005,34.096775,33.29455,33.619299999999996,34.5684,34.065875000000005,33.69375,33.168075,34.20725,34.068425,32.717600000000004,32.79305,32.9593,32.61595,32.479625,32.426575,32.27315,32.193825000000004,32.110150000000004,31.98465,31.920925,31.796400000000002,31.755074999999998,31.648075,31.589975,31.508399999999998,31.4422,31.375375,31.3103,31.2474,31.2292,31.234875000000002,31.18,31.135975000000002,31.090899999999998,31.045099999999998,31.0032,30.9647,30.926175,30.888075,30.853175,30.818775,30.78725,30.7563,30.726075,30.6984,30.671425,30.6453,30.620025,30.596925,30.574600000000004,30.552125,30.531525000000002,30.511825,30.492225,30.47425,30.457150000000002,30.44025,30.42425,30.409100000000002,30.39425,30.3803,30.36675,30.35395,30.3419,30.32995,30.3188,30.30805,30.29775,30.287924999999998,30.278525,30.26935,30.260849999999998,30.252625,30.24465,30.237125,30.22985,30.22295,30.216325,30.20995,30.203925
0.992,30.896275,29.838050000000003,28.927,28.039250000000003,27.525550000000003,27.0642,27.17445,27.777225,28.459975,29.996175,30.85665,32.570825,33.96995,34.602650000000004,34.5167,33.983450000000005,32.88125,31.7796,31.17465,31.298075,32.816275000000005,34.331900000000005,35.548424999999995,35.274575,34.522225,33.3739,32.485350000000004,32.533150000000006,33.683274999999995,35.2816,34.801675,34.098,33.29575,33.6208,34.569975,34.068275,33.69565,33.169775,34.20915,34.071875,32.719575,32.79485,32.960350000000005,32.6178,32.48155,32.4285,32.275,32.195725,32.1121,31.986600000000003,31.922925,31.798450000000003,31.75715,31.65025,31.59215,31.510675000000003,31.444425,31.3776,31.312600000000003,31.249675000000003,31.231525,31.237225000000002,31.1824,31.138350000000003,31.09335,31.047575000000002,31.005674999999997,30.967174999999997,30.9287,30.8906,30.8557,30.8213,30.7898,30.758899999999997,30.7287,30.701,30.674075,30.647925,30.6227,30.5996,30.57725,30.5548,30.53425,30.51455,30.49495,30.476975,30.459874999999997,30.442975,30.427025,30.411849999999998,30.39705,30.38305,30.369500000000002,30.356725,30.344675,30.33275,30.3216,30.31085,30.300549999999998,30.290725000000002,30.281325000000002,30.272225,30.263675,30.255425,30.247474999999998,30.23995,30.232725,30.225775,30.219125,30.212825000000002,30.206775
0.999,30.8975,29.8393,28.9285,28.0409,27.5271,27.0657,27.1776,27.7806,28.4634,30.0003,30.8608,32.5745,33.9723,34.6049,34.5188,33.9856,32.8839,31.7818,31.1773,31.3033,32.8245,34.3386,35.5528,35.2901,34.5944,33.3065,32.4816,32.5404,33.6929,35.2886,34.8108,34.106,33.3047,33.6313,34.5802,34.073,33.7044,33.1808,34.2209,34.0967,32.7338,32.8072,32.9614,32.6302,32.4951,32.4418,32.2881,32.2092,32.1257,32.0003,31.937,31.8127,31.7718,31.6649,31.6073,31.5258,31.46,31.3931,31.3284,31.2657,31.2476,31.2549,31.2003,31.1564,31.1116,31.066,31.0242,30.9859,30.9475,30.9095,30.8748,30.8405,30.8091,30.7783,30.7482,30.7207,30.6938,30.6678,30.6426,30.6196,30.5974,30.575,30.5545,30.5349,30.5153,30.4975,30.4804,30.4636,30.4477,30.4326,30.4178,30.4039,30.3904,30.3776,30.3657,30.3538,30.3426,30.3319,30.3217,30.3119,30.3025,30.2934,30.2849,30.2767,30.2688,30.2613,30.2541,30.2472,30.2406,30.2343,30.2282
