,0.336,0.37463,0.39394,0.41326,0.43257,0.4712,0.49051,0.50983,0.54846,0.56777,0.58709,0.6064,0.64503,0.66048,0.68752,0.71456,0.7416,0.76864,0.79568,0.82272,0.84976,0.8768,0.90384,0.93088,0.95792,1.012,1.03904,1.06608,1.12016,1.1472,1.20128,1.22832,1.2824,1.33648,1.36352,1.4176,1.47168,1.52576,1.57984,1.63392,1.688,1.74208,1.8232,1.87728,1.93136,2.01248,2.0936,2.14768,2.2288,2.30992,2.39104,2.47216,2.55328,2.66144,2.74256,2.85072,2.93184,3.04,3.14816,3.25632,3.36448,3.49968,3.60784,3.74304,3.87824,4.01344,4.14864,4.31088,4.44608,4.60832,4.77056,4.9328,5.09504,5.28432,5.4736,5.66288,5.85216,6.06848,6.2848,6.50112,6.74448,6.9608,7.20416,7.47456,7.71792,7.98832,8.28576,8.55616,8.88064,9.17808,9.50256,9.82704,10.1786,10.5301,10.9086,11.2872,11.6928,12.0984,12.504,12.9637,13.3963,13.883,14.3698,14.8565,15.3973,15.9381,16.4789,17.0738,17.6686,18.2635,18.9125,19.5885,20.2645,20.9675,21.6976,22.4818,23.2659,24.0771,24.9154
1e-08,1.01698,0.447471,0.191366,0.0751754,0.0292276,0.00505737,0.00238268,0.00122946,0.00042075,0.00027621,0.000192618,0.000141316,8.53017e-05,7.21995e-05,5.61797e-05,4.54859e-05,3.80085e-05,3.25756e-05,2.84988e-05,2.53662e-05,2.28958e-05,2.09074e-05,1.92786e-05,1.79233e-05,1.67799e-05,1.49071e-05,1.41769e-05,1.35342e-05,1.24128e-05,1.19565e-05,1.11332e-05,1.07914e-05,1.01567e-05,9.61213e-06,9.38125e-06,8.93676e-06,8.54296e-06,8.19105e-06,7.87395e-06,7.58578e-06,7.32281e-06,7.08119e-06,6.74447e-06,6.54527e-06,6.35942e-06,6.09612e-06,5.85623e-06,5.71196e-06,5.50432e-06,5.31273e-06,5.13528e-06,4.97031e-06,4.81652e-06,4.62413e-06,4.49212e-06,4.32574e-06,4.21099e-06,4.06562e-06,3.93036e-06,3.80417e-06,3.68624e-06,3.54791e-06,3.44564e-06,3.32502e-06,3.21284e-06,3.10819e-06,3.01035e-06,2.90032e-06,2.81526e-06,2.7191e-06,2.62944e-06,2.54563e-06,2.4671e-06,2.38111e-06,2.30104e-06,2.22627e-06,2.15627e-06,2.08131e-06,2.01147e-06,1.94625e-06,1.87761e-06,1.82076e-06,1.76066e-06,1.6983e-06,1.64599e-06,1.59146e-06,1.53545e-06,1.48795e-06,1.43457e-06,1.38899e-06,1.34243e-06,1.29892e-06,1.25484e-06,1.21366e-06,1.17223e-06,1.13355e-06,1.09483e-06,1.05869e-06,1.02488e-06,9.8904e-07,9.57569e-07,9.24451e-07,8.93558e-07,8.64676e-07,8.34684e-07,8.0671e-07,7.80567e-07,7.5369e-07,7.28612e-07,7.05157e-07,6.81229e-07,6.57969e-07,6.36262e-07,6.15152e-07,5.9467e-07,5.74133e-07,5.54976e-07,5.36461e-07,5.1859e-07
1.2e-08,1.26036,0.545353,0.231197,0.0904591,0.0351123,0.0060701,0.0028595,0.00147543,0.000504909,0.000331456,0.000231144,0.000169581,0.000102363,8.66396e-05,6.74159e-05,5.45832e-05,4.56103e-05,3.90906e-05,3.41986e-05,3.04396e-05,2.7475e-05,2.50889e-05,2.31343e-05,2.1508e-05,2.01359e-05,1.78885e-05,1.70123e-05,1.6241e-05,1.48954e-05,1.43478e-05,1.33599e-05,1.29496e-05,1.21881e-05,1.15346e-05,1.12576e-05,1.07241e-05,1.02515e-05,9.82929e-06,9.44873e-06,9.10291e-06,8.78739e-06,8.49738e-06,8.09337e-06,7.85431e-06,7.63127e-06,7.31535e-06,7.02751e-06,6.85436e-06,6.60522e-06,6.37525e-06,6.1623e-06,5.96439e-06,5.77983e-06,5.54897e-06,5.39053e-06,5.19089e-06,5.05322e-06,4.87872e-06,4.71642e-06,4.56502e-06,4.42349e-06,4.25749e-06,4.13475e-06,3.99002e-06,3.85543e-06,3.72984e-06,3.61244e-06,3.48039e-06,3.37829e-06,3.26291e-06,3.15533e-06,3.05475e-06,2.96051e-06,2.85735e-06,2.76125e-06,2.67151e-06,2.58753e-06,2.49759e-06,2.41378e-06,2.33548e-06,2.25314e-06,2.1849e-06,2.11279e-06,2.03796e-06,1.9752e-06,1.90975e-06,1.84253e-06,1.78554e-06,1.72148e-06,1.6668e-06,1.61092e-06,1.55871e-06,1.5058e-06,1.4564e-06,1.40667e-06,1.36026e-06,1.3138e-06,1.27043e-06,1.22986e-06,1.18686e-06,1.14909e-06,1.10934e-06,1.07227e-06,1.03761e-06,1.00162e-06,9.68057e-07,9.36681e-07,9.04426e-07,8.74331e-07,8.46187e-07,8.17474e-07,7.89565e-07,7.63514e-07,7.38182e-07,7.13604e-07,6.8896e-07,6.6597e-07,6.43754e-07,6.22308e-07
1.44e-08,1.57696,0.667134,0.27973,0.108912,0.042191,0.00728596,0.00343182,0.00177063,0.000605905,0.000397755,0.000277374,0.000203498,0.000122836,0.000103968,8.08994e-05,6.54999e-05,5.47324e-05,4.69089e-05,4.10384e-05,3.65275e-05,3.297e-05,3.01068e-05,2.77612e-05,2.58096e-05,2.41631e-05,2.14662e-05,2.04148e-05,1.94893e-05,1.78744e-05,1.72174e-05,1.60318e-05,1.55396e-05,1.46258e-05,1.38415e-05,1.35091e-05,1.2869e-05,1.23019e-05,1.17951e-05,1.13385e-05,1.09235e-05,1.05448e-05,1.01969e-05,9.71203e-06,9.42519e-06,9.15757e-06,8.7784e-06,8.43302e-06,8.22522e-06,7.92623e-06,7.65032e-06,7.39478e-06,7.15726e-06,6.9358e-06,6.65877e-06,6.46864e-06,6.22908e-06,6.06384e-06,5.85447e-06,5.65972e-06,5.47802e-06,5.3082e-06,5.10899e-06,4.96172e-06,4.78805e-06,4.62651e-06,4.47581e-06,4.33491e-06,4.17645e-06,4.05396e-06,3.9155e-06,3.7864e-06,3.66569e-06,3.55262e-06,3.4288e-06,3.31351e-06,3.20583e-06,3.10505e-06,2.99711e-06,2.89653e-06,2.80258e-06,2.70376e-06,2.62188e-06,2.53535e-06,2.44555e-06,2.37024e-06,2.29171e-06,2.21104e-06,2.14266e-06,2.06579e-06,2.00016e-06,1.93311e-06,1.87045e-06,1.80696e-06,1.74767e-06,1.68801e-06,1.63232e-06,1.57655e-06,1.52452e-06,1.47583e-06,1.42423e-06,1.3789e-06,1.3312e-06,1.28672e-06,1.24513e-06,1.20194e-06,1.16167e-06,1.12402e-06,1.08532e-06,1.0492e-06,1.01543e-06,9.80966e-07,9.47477e-07,9.16214e-07,8.85821e-07,8.56322e-07,8.26751e-07,7.99164e-07,7.72505e-07,7.46768e-07
1.728e-08,1.99885,0.82007,0.339067,0.13122,0.0507111,0.00874579,0.0041188,0.00212492,0.000727106,0.000477314,0.000332855,0.0002442,0.000147404,0.000124762,9.70797e-05,7.86002e-05,6.56791e-05,5.62908e-05,4.92462e-05,4.38331e-05,3.9564e-05,3.61281e-05,3.33135e-05,3.09715e-05,2.89957e-05,2.57594e-05,2.44977e-05,2.33871e-05,2.14493e-05,2.06609e-05,1.92383e-05,1.86476e-05,1.7551e-05,1.66098e-05,1.62108e-05,1.54428e-05,1.47622e-05,1.41542e-05,1.36062e-05,1.31082e-05,1.26538e-05,1.22363e-05,1.16544e-05,1.13102e-05,1.09891e-05,1.05341e-05,1.01196e-05,9.87029e-06,9.51151e-06,9.18037e-06,8.87375e-06,8.58873e-06,8.32293e-06,7.99052e-06,7.7624e-06,7.4749e-06,7.27664e-06,7.02539e-06,6.79166e-06,6.57364e-06,6.36985e-06,6.13078e-06,5.95405e-06,5.74564e-06,5.55181e-06,5.371e-06,5.2019e-06,5.01175e-06,4.86476e-06,4.69859e-06,4.54369e-06,4.39884e-06,4.26314e-06,4.11456e-06,3.97621e-06,3.84699e-06,3.72605e-06,3.59652e-06,3.47584e-06,3.3631e-06,3.24451e-06,3.14626e-06,3.04242e-06,2.93467e-06,2.84429e-06,2.75005e-06,2.65325e-06,2.57119e-06,2.47894e-06,2.4002e-06,2.31973e-06,2.24454e-06,2.16835e-06,2.09721e-06,2.02561e-06,1.95877e-06,1.89187e-06,1.82942e-06,1.77099e-06,1.70907e-06,1.65469e-06,1.59745e-06,1.54407e-06,1.49416e-06,1.44233e-06,1.394e-06,1.34883e-06,1.30238e-06,1.25904e-06,1.21851e-06,1.17716e-06,1.13697e-06,1.09946e-06,1.06298e-06,1.02759e-06,9.92103e-07,9.59e-07,9.27006e-07,8.96124e-07
2.0736e-08,2.58435,1.01454,0.411926,0.15823,0.0609715,0.0104987,0.00494342,0.00255015,0.000872557,0.00057279,0.000399431,0.000293045,0.000176885,0.000149716,0.000116496,9.43206e-05,7.88151e-05,6.75492e-05,5.90954e-05,5.25999e-05,4.74769e-05,4.33539e-05,3.99763e-05,3.71659e-05,3.4795e-05,3.09114e-05,2.93973e-05,2.80646e-05,2.57392e-05,2.47931e-05,2.30859e-05,2.23771e-05,2.10612e-05,1.99318e-05,1.94531e-05,1.85313e-05,1.77147e-05,1.6985e-05,1.63275e-05,1.57299e-05,1.51846e-05,1.46836e-05,1.39853e-05,1.35723e-05,1.31869e-05,1.26409e-05,1.21435e-05,1.18443e-05,1.14138e-05,1.10164e-05,1.06485e-05,1.03065e-05,9.98754e-06,9.5886e-06,9.31486e-06,8.96989e-06,8.73196e-06,8.43047e-06,8.15002e-06,7.88838e-06,7.64381e-06,7.35695e-06,7.14486e-06,6.89477e-06,6.6622e-06,6.44519e-06,6.24229e-06,6.0141e-06,5.83773e-06,5.63832e-06,5.45242e-06,5.27862e-06,5.11577e-06,4.93749e-06,4.77146e-06,4.61639e-06,4.47127e-06,4.31584e-06,4.17101e-06,4.03574e-06,3.89342e-06,3.77552e-06,3.65091e-06,3.5216e-06,3.41314e-06,3.30006e-06,3.1839e-06,3.08542e-06,2.97474e-06,2.88023e-06,2.78368e-06,2.69346e-06,2.60203e-06,2.51665e-06,2.43073e-06,2.35053e-06,2.27024e-06,2.19531e-06,2.12519e-06,2.05089e-06,1.98562e-06,1.91694e-06,1.85288e-06,1.793e-06,1.7308e-06,1.6728e-06,1.61859e-06,1.56285e-06,1.51085e-06,1.46222e-06,1.41259e-06,1.36437e-06,1.31935e-06,1.27558e-06,1.23311e-06,1.19052e-06,1.1508e-06,1.11241e-06,1.07535e-06
2.4883e-08,3.45109,1.26612,0.501872,0.190996,0.0733366,0.0126039,0.00593332,0.0030605,0.0010471,0.00068736,0.000479323,0.000351655,0.000212263,0.000179659,0.000139795,0.000113184,9.45777e-05,8.10585e-05,7.09142e-05,6.31195e-05,5.69719e-05,5.20243e-05,4.79713e-05,4.45988e-05,4.17536e-05,3.70934e-05,3.52765e-05,3.36772e-05,3.08868e-05,2.97515e-05,2.77029e-05,2.68524e-05,2.52732e-05,2.3918e-05,2.33435e-05,2.22375e-05,2.12575e-05,2.03819e-05,1.95928e-05,1.88757e-05,1.82214e-05,1.76201e-05,1.67823e-05,1.62866e-05,1.58241e-05,1.5169e-05,1.45721e-05,1.42131e-05,1.36965e-05,1.32197e-05,1.27781e-05,1.23677e-05,1.1985e-05,1.15063e-05,1.11778e-05,1.07638e-05,1.04783e-05,1.01165e-05,9.77995e-06,9.46599e-06,9.17252e-06,8.82827e-06,8.57376e-06,8.27367e-06,7.99457e-06,7.73418e-06,7.4907e-06,7.21688e-06,7.0052e-06,6.76594e-06,6.54285e-06,6.33429e-06,6.13888e-06,5.92495e-06,5.72569e-06,5.53963e-06,5.36548e-06,5.17896e-06,5.00518e-06,4.84284e-06,4.67207e-06,4.53059e-06,4.38105e-06,4.2259e-06,4.09574e-06,3.96004e-06,3.82064e-06,3.70248e-06,3.56966e-06,3.45626e-06,3.34039e-06,3.23212e-06,3.12241e-06,3.01997e-06,2.91686e-06,2.82062e-06,2.72428e-06,2.63435e-06,2.55022e-06,2.46104e-06,2.38273e-06,2.30031e-06,2.22344e-06,2.15158e-06,2.07694e-06,2.00735e-06,1.94229e-06,1.87541e-06,1.813e-06,1.75465e-06,1.6951e-06,1.63723e-06,1.58321e-06,1.53069e-06,1.47972e-06,1.42862e-06,1.38095e-06,1.33488e-06,1.29041e-06
2.986e-08,4.87748,1.59983,0.613709,0.230844,0.0882536,0.0151327,0.00712187,0.00367314,0.0012566,0.000824871,0.000575208,0.000421999,0.000254722,0.000215595,0.000167758,0.000135824,0.000113495,9.72719e-05,8.50984e-05,7.57445e-05,6.83674e-05,6.24301e-05,5.75664e-05,5.35194e-05,5.01051e-05,4.45127e-05,4.23324e-05,4.04133e-05,3.70647e-05,3.57023e-05,3.3244e-05,3.22233e-05,3.03283e-05,2.8702e-05,2.80126e-05,2.66853e-05,2.55093e-05,2.44586e-05,2.35117e-05,2.26512e-05,2.1866e-05,2.11444e-05,2.0139e-05,1.95442e-05,1.89893e-05,1.82031e-05,1.74868e-05,1.7056e-05,1.6436e-05,1.58638e-05,1.5334e-05,1.48415e-05,1.43822e-05,1.38077e-05,1.34135e-05,1.29167e-05,1.25741e-05,1.21399e-05,1.17361e-05,1.13593e-05,1.10072e-05,1.05941e-05,1.02887e-05,9.92856e-06,9.59361e-06,9.28114e-06,8.98896e-06,8.66039e-06,8.40638e-06,8.11924e-06,7.85155e-06,7.60126e-06,7.36676e-06,7.11004e-06,6.87093e-06,6.64767e-06,6.43868e-06,6.21483e-06,6.00629e-06,5.8115e-06,5.60657e-06,5.43679e-06,5.25735e-06,5.07114e-06,4.91497e-06,4.75212e-06,4.58485e-06,4.44304e-06,4.28365e-06,4.14756e-06,4.00853e-06,3.8786e-06,3.74695e-06,3.62402e-06,3.50029e-06,3.3848e-06,3.26918e-06,3.16127e-06,3.06031e-06,2.95329e-06,2.85932e-06,2.76042e-06,2.66817e-06,2.58193e-06,2.49237e-06,2.40885e-06,2.33079e-06,2.25053e-06,2.17564e-06,2.10561e-06,2.03415e-06,1.96471e-06,1.89988e-06,1.83685e-06,1.77569e-06,1.71437e-06,1.65716e-06,1.60188e-06,1.54851e-06
3.5832e-08,7.28213,2.06017,0.754012,0.279437,0.106266,0.0181707,0.00854886,0.00440848,0.00150801,0.000989885,0.000690269,0.000506409,0.000305671,0.000258718,0.000201311,0.00016299,0.000136195,0.000116727,0.000102119,9.08937e-05,8.20412e-05,7.49163e-05,6.90798e-05,6.42233e-05,6.01263e-05,5.34154e-05,5.0799e-05,4.8496e-05,4.44777e-05,4.28428e-05,3.98928e-05,3.86679e-05,3.6394e-05,3.44424e-05,3.36152e-05,3.20224e-05,3.06113e-05,2.93504e-05,2.82141e-05,2.71815e-05,2.62392e-05,2.53734e-05,2.41668e-05,2.34531e-05,2.27871e-05,2.18437e-05,2.09842e-05,2.04672e-05,1.97232e-05,1.90366e-05,1.84008e-05,1.78098e-05,1.72586e-05,1.65693e-05,1.60962e-05,1.55001e-05,1.5089e-05,1.4568e-05,1.40833e-05,1.36312e-05,1.32086e-05,1.27129e-05,1.23464e-05,1.19143e-05,1.15123e-05,1.11374e-05,1.07868e-05,1.03925e-05,1.00877e-05,9.74311e-06,9.42185e-06,9.12151e-06,8.84012e-06,8.53205e-06,8.24514e-06,7.97721e-06,7.72642e-06,7.45782e-06,7.20755e-06,6.9738e-06,6.72789e-06,6.52416e-06,6.30882e-06,6.08538e-06,5.89797e-06,5.70254e-06,5.50183e-06,5.33165e-06,5.14038e-06,4.97708e-06,4.81024e-06,4.65433e-06,4.49635e-06,4.34882e-06,4.20034e-06,4.06176e-06,3.92302e-06,3.79353e-06,3.67237e-06,3.54396e-06,3.43118e-06,3.3125e-06,3.20181e-06,3.09832e-06,2.99085e-06,2.89062e-06,2.79695e-06,2.70063e-06,2.61077e-06,2.52673e-06,2.44099e-06,2.35765e-06,2.27986e-06,2.20423e-06,2.13083e-06,2.05724e-06,1.9886e-06,1.92226e-06,1.85822e-06
4.2998e-08,9.83576,2.73419,0.932183,0.338914,0.128044,0.0218211,0.0102623,0.00529116,0.00180971,0.00118791,0.000828343,0.000607701,0.000366807,0.000310461,0.000241574,0.000195588,0.000163434,0.000140072,0.000122542,0.000109072,9.84488e-05,8.98991e-05,8.28952e-05,7.70675e-05,7.2151e-05,6.40981e-05,6.09583e-05,5.81948e-05,5.33729e-05,5.1411e-05,4.7871e-05,4.64012e-05,4.36725e-05,4.13307e-05,4.03379e-05,3.84266e-05,3.67332e-05,3.52201e-05,3.38567e-05,3.26175e-05,3.14868e-05,3.04478e-05,2.9e-05,2.81435e-05,2.73444e-05,2.62122e-05,2.51808e-05,2.45604e-05,2.36677e-05,2.28438e-05,2.20807e-05,2.13716e-05,2.07102e-05,1.9883e-05,1.93153e-05,1.85999e-05,1.81066e-05,1.74814e-05,1.68999e-05,1.63573e-05,1.58502e-05,1.52554e-05,1.48156e-05,1.4297e-05,1.38147e-05,1.33648e-05,1.2944e-05,1.24709e-05,1.21051e-05,1.16916e-05,1.13061e-05,1.09457e-05,1.06081e-05,1.02384e-05,9.89409e-06,9.57257e-06,9.27163e-06,8.94931e-06,8.64901e-06,8.36849e-06,8.0734e-06,7.82892e-06,7.57052e-06,7.3024e-06,7.0775e-06,6.843e-06,6.60213e-06,6.39793e-06,6.16841e-06,5.97245e-06,5.77224e-06,5.58515e-06,5.39557e-06,5.21855e-06,5.04037e-06,4.87407e-06,4.70759e-06,4.55219e-06,4.40681e-06,4.25272e-06,4.11739e-06,3.97497e-06,3.84214e-06,3.71795e-06,3.58899e-06,3.46872e-06,3.35631e-06,3.24073e-06,3.1329e-06,3.03205e-06,2.92916e-06,2.82916e-06,2.73581e-06,2.64505e-06,2.55697e-06,2.46867e-06,2.3863e-06,2.3067e-06,2.22984e-06
5.1598e-08,11.8543,3.84781,1.1623,0.412056,0.154421,0.0262091,0.0123202,0.00635091,0.00217186,0.00142558,0.000994059,0.000729269,0.000440179,0.000372563,0.000289894,0.000234709,0.000196124,0.000168088,0.000147052,0.000130888,0.00011814,0.00010788,9.94753e-05,9.2482e-05,8.65821e-05,7.69184e-05,7.31508e-05,6.98345e-05,6.40481e-05,6.16939e-05,5.74458e-05,5.5682e-05,5.24075e-05,4.95972e-05,4.8406e-05,4.61124e-05,4.40803e-05,4.22646e-05,4.06284e-05,3.91414e-05,3.77845e-05,3.65377e-05,3.48004e-05,3.37725e-05,3.28136e-05,3.1455e-05,3.02173e-05,2.94728e-05,2.84015e-05,2.74128e-05,2.64971e-05,2.56461e-05,2.48525e-05,2.38598e-05,2.31786e-05,2.23202e-05,2.17281e-05,2.09779e-05,2.028e-05,1.9629e-05,1.90205e-05,1.83066e-05,1.77789e-05,1.71566e-05,1.65778e-05,1.60379e-05,1.5533e-05,1.49652e-05,1.45262e-05,1.40301e-05,1.35675e-05,1.3135e-05,1.27298e-05,1.22862e-05,1.1873e-05,1.14872e-05,1.11261e-05,1.07393e-05,1.03789e-05,1.00423e-05,9.68818e-06,9.3948e-06,9.08472e-06,8.76298e-06,8.49308e-06,8.21168e-06,7.92264e-06,7.6776e-06,7.40217e-06,7.16701e-06,6.92676e-06,6.70224e-06,6.47475e-06,6.26232e-06,6.0485e-06,5.84894e-06,5.64916e-06,5.46268e-06,5.28822e-06,5.10331e-06,4.94092e-06,4.77001e-06,4.61061e-06,4.46159e-06,4.30683e-06,4.16251e-06,4.02761e-06,3.88892e-06,3.75951e-06,3.6385e-06,3.51502e-06,3.39503e-06,3.28301e-06,3.17409e-06,3.0684e-06,2.96244e-06,2.86359e-06,2.76806e-06,2.67584e-06
6.1917e-08,13.4702,6.04939,1.46669,0.502514,0.186426,0.031485,0.0147919,0.00762316,0.00260647,0.0017108,0.00119292,0.000875146,0.000528222,0.000447079,0.000347875,0.000281651,0.000235349,0.000201705,0.000176461,0.000157065,0.000141768,0.000129456,0.00011937,0.000110978,0.000103898,9.23015e-05,8.77803e-05,8.38007e-05,7.68572e-05,7.40321e-05,6.89345e-05,6.68179e-05,6.28885e-05,5.95163e-05,5.80867e-05,5.53345e-05,5.2896e-05,5.07171e-05,4.87537e-05,4.69693e-05,4.53411e-05,4.38449e-05,4.17601e-05,4.05267e-05,3.93759e-05,3.77457e-05,3.62605e-05,3.53671e-05,3.40815e-05,3.28951e-05,3.17964e-05,3.07751e-05,2.98227e-05,2.86315e-05,2.78141e-05,2.6784e-05,2.60736e-05,2.51733e-05,2.43359e-05,2.35546e-05,2.28244e-05,2.19678e-05,2.13345e-05,2.05878e-05,1.98932e-05,1.92453e-05,1.86394e-05,1.79581e-05,1.74314e-05,1.6836e-05,1.62809e-05,1.57619e-05,1.52756e-05,1.47433e-05,1.42475e-05,1.37845e-05,1.33512e-05,1.2887e-05,1.24546e-05,1.20507e-05,1.16257e-05,1.12737e-05,1.09016e-05,1.05155e-05,1.01916e-05,9.85394e-06,9.50709e-06,9.21305e-06,8.88253e-06,8.60035e-06,8.31205e-06,8.04263e-06,7.76964e-06,7.51472e-06,7.25815e-06,7.01868e-06,6.77894e-06,6.55517e-06,6.34582e-06,6.12393e-06,5.92906e-06,5.72397e-06,5.53269e-06,5.35387e-06,5.16815e-06,4.99497e-06,4.8331e-06,4.66666e-06,4.51138e-06,4.36616e-06,4.218e-06,4.074e-06,3.93958e-06,3.80888e-06,3.68205e-06,3.5549e-06,3.43628e-06,3.32165e-06,3.21098e-06
7.4301e-08,14.8158,8.80203,1.88457,0.615256,0.225362,0.0378318,0.0177617,0.00915093,0.00312817,0.00205313,0.00143159,0.00105023,0.000633889,0.000536512,0.00041746,0.000337989,0.000282423,0.000242051,0.000211758,0.000188481,0.000170123,0.000155349,0.000143245,0.000133175,0.000124679,0.000110763,0.000105337,0.000100562,9.22294e-05,8.88395e-05,8.27226e-05,8.01822e-05,7.54668e-05,7.142e-05,6.97051e-05,6.64021e-05,6.34758e-05,6.08611e-05,5.85051e-05,5.63638e-05,5.44099e-05,5.26145e-05,5.01126e-05,4.86326e-05,4.72516e-05,4.52953e-05,4.3513e-05,4.2441e-05,4.08983e-05,3.94745e-05,3.8156e-05,3.69305e-05,3.57877e-05,3.43582e-05,3.33773e-05,3.21411e-05,3.12886e-05,3.02083e-05,2.92034e-05,2.82658e-05,2.73896e-05,2.63616e-05,2.56017e-05,2.47056e-05,2.38721e-05,2.30946e-05,2.23676e-05,2.15499e-05,2.09179e-05,2.02034e-05,1.95373e-05,1.89145e-05,1.8331e-05,1.76922e-05,1.70972e-05,1.65416e-05,1.60216e-05,1.54646e-05,1.49457e-05,1.44609e-05,1.3951e-05,1.35285e-05,1.30821e-05,1.26187e-05,1.22301e-05,1.18248e-05,1.14086e-05,1.10558e-05,1.06591e-05,1.03206e-05,9.97457e-06,9.65125e-06,9.32366e-06,9.01777e-06,8.70991e-06,8.42254e-06,8.1348e-06,7.86628e-06,7.6151e-06,7.34877e-06,7.11495e-06,6.86883e-06,6.63931e-06,6.42471e-06,6.20186e-06,5.99402e-06,5.79976e-06,5.60005e-06,5.41374e-06,5.23946e-06,5.06167e-06,4.88886e-06,4.72754e-06,4.57072e-06,4.41849e-06,4.26592e-06,4.12359e-06,3.98603e-06,3.85321e-06
8.9161e-08,15.9703,10.8462,2.49524,0.757149,0.272866,0.0454697,0.0213302,0.0109855,0.00375434,0.002464,0.00171803,0.00126034,0.00076069,0.000643831,0.000500962,0.000405593,0.000338912,0.000290464,0.000254111,0.000226178,0.000204148,0.000186419,0.000171895,0.000159811,0.000149615,0.000132916,0.000126406,0.000120674,0.000110676,0.000106608,9.9267e-05,9.62193e-05,9.05608e-05,8.57041e-05,8.3646e-05,7.96825e-05,7.61712e-05,7.30333e-05,7.02061e-05,6.76367e-05,6.52921e-05,6.31374e-05,6.01354e-05,5.83589e-05,5.6702e-05,5.43543e-05,5.22159e-05,5.09291e-05,4.9078e-05,4.73695e-05,4.57872e-05,4.43167e-05,4.29452e-05,4.12299e-05,4.00529e-05,3.85695e-05,3.75463e-05,3.625e-05,3.5044e-05,3.39189e-05,3.28676e-05,3.16339e-05,3.0722e-05,2.96467e-05,2.86467e-05,2.77135e-05,2.68412e-05,2.586e-05,2.51015e-05,2.42441e-05,2.34448e-05,2.26974e-05,2.19971e-05,2.12305e-05,2.05166e-05,1.985e-05,1.92259e-05,1.85575e-05,1.79348e-05,1.73532e-05,1.67412e-05,1.62343e-05,1.56985e-05,1.51425e-05,1.46761e-05,1.41898e-05,1.36904e-05,1.3267e-05,1.2791e-05,1.23847e-05,1.19695e-05,1.15816e-05,1.11884e-05,1.08213e-05,1.04518e-05,1.0107e-05,9.76176e-06,9.43955e-06,9.13809e-06,8.81855e-06,8.53797e-06,8.24263e-06,7.96717e-06,7.70964e-06,7.44221e-06,7.19287e-06,6.95972e-06,6.7201e-06,6.49645e-06,6.28737e-06,6.07401e-06,5.86665e-06,5.67303e-06,5.48483e-06,5.30223e-06,5.11913e-06,4.94829e-06,4.78321e-06,4.62387e-06
1.0699e-07,16.9828,12.4164,3.49723,0.938111,0.331034,0.0546656,0.025619,0.0131886,0.00450585,0.00295705,0.00206174,0.00151245,0.000912836,0.0007726,0.000601152,0.000486707,0.000406689,0.000348551,0.000304927,0.000271409,0.000244973,0.000223698,0.00020627,0.000191768,0.000179534,0.000159495,0.000151682,0.000144806,0.000132807,0.000127926,0.000119117,0.00011546,0.00010867,0.000102842,0.000100373,9.56166e-05,9.14029e-05,8.76377e-05,8.4245e-05,8.11615e-05,7.83486e-05,7.57631e-05,7.21602e-05,7.00293e-05,6.80407e-05,6.52233e-05,6.26571e-05,6.11135e-05,5.88921e-05,5.68419e-05,5.49433e-05,5.31784e-05,5.15331e-05,4.94745e-05,4.80622e-05,4.62822e-05,4.50545e-05,4.34988e-05,4.20518e-05,4.07018e-05,3.944e-05,3.79599e-05,3.68654e-05,3.55752e-05,3.4375e-05,3.32554e-05,3.22084e-05,3.10311e-05,3.01209e-05,2.90921e-05,2.81328e-05,2.72361e-05,2.6396e-05,2.54761e-05,2.46194e-05,2.38194e-05,2.30705e-05,2.22684e-05,2.15212e-05,2.08232e-05,2.0089e-05,1.94806e-05,1.88377e-05,1.81705e-05,1.76109e-05,1.70273e-05,1.6428e-05,1.59199e-05,1.53487e-05,1.48611e-05,1.4363e-05,1.38974e-05,1.34257e-05,1.29853e-05,1.25419e-05,1.21281e-05,1.17138e-05,1.13272e-05,1.09654e-05,1.0582e-05,1.02452e-05,9.89086e-06,9.56036e-06,9.25132e-06,8.93042e-06,8.63117e-06,8.35145e-06,8.06389e-06,7.79558e-06,7.54465e-06,7.28859e-06,7.0398e-06,6.80746e-06,6.58163e-06,6.36247e-06,6.14276e-06,5.93783e-06,5.73972e-06,5.5485e-06
1.2839e-07,17.8857,13.6968,5.58436,1.17333,0.40263,0.0657499,0.0307771,0.0158358,0.00540825,0.00354901,0.00247438,0.00181511,0.00109547,0.00092717,0.000721415,0.000584072,0.000488045,0.000418275,0.000365923,0.000325699,0.000293976,0.000268445,0.000247529,0.000230127,0.000215446,0.000191399,0.000182023,0.000173771,0.000159373,0.000153514,0.000142944,0.000138555,0.000130407,0.000123414,0.000120449,0.000114742,0.000109686,0.000105168,0.000101097,9.7396e-05,9.402e-05,9.09174e-05,8.65943e-05,8.40366e-05,8.16504e-05,7.827e-05,7.51901e-05,7.33375e-05,7.06721e-05,6.82118e-05,6.59334e-05,6.38155e-05,6.18407e-05,5.93706e-05,5.76758e-05,5.55396e-05,5.40664e-05,5.21997e-05,5.0463e-05,4.88432e-05,4.73288e-05,4.55525e-05,4.42395e-05,4.26911e-05,4.12508e-05,3.99073e-05,3.8651e-05,3.7238e-05,3.61458e-05,3.49114e-05,3.37602e-05,3.26841e-05,3.16758e-05,3.05718e-05,2.95438e-05,2.85837e-05,2.76851e-05,2.67227e-05,2.58259e-05,2.49884e-05,2.41072e-05,2.33772e-05,2.26057e-05,2.1805e-05,2.11334e-05,2.04332e-05,1.9714e-05,1.91043e-05,1.84189e-05,1.78337e-05,1.72359e-05,1.66773e-05,1.61112e-05,1.55826e-05,1.50506e-05,1.4554e-05,1.40569e-05,1.35929e-05,1.31588e-05,1.26987e-05,1.22946e-05,1.18693e-05,1.14726e-05,1.11018e-05,1.07167e-05,1.03576e-05,1.00219e-05,9.67684e-06,9.35486e-06,9.05371e-06,8.74647e-06,8.44789e-06,8.16914e-06,7.89814e-06,7.63516e-06,7.37148e-06,7.1255e-06,6.88781e-06,6.65834e-06
1.5407e-07,18.7009,14.7819,8.48166,1.48743,0.491266,0.0791188,0.0369818,0.0190165,0.0064916,0.00425959,0.00296964,0.00217835,0.00131466,0.00111267,0.000865741,0.000700915,0.000585675,0.000501946,0.000439121,0.000390849,0.000352779,0.000322141,0.000297042,0.000276158,0.00025854,0.000229683,0.000218433,0.000208529,0.000191251,0.000184221,0.000171535,0.000166269,0.000156491,0.0001481,0.000144542,0.000137693,0.000131625,0.000126203,0.000121318,0.000116878,0.000112826,0.000109103,0.000103915,0.000100846,9.79822e-05,9.39257e-05,9.02299e-05,8.80068e-05,8.48079e-05,8.18553e-05,7.91214e-05,7.65799e-05,7.42103e-05,7.12463e-05,6.9212e-05,6.66486e-05,6.48809e-05,6.26408e-05,6.05568e-05,5.86129e-05,5.67957e-05,5.46641e-05,5.30884e-05,5.12301e-05,4.95018e-05,4.78895e-05,4.63819e-05,4.46865e-05,4.33758e-05,4.18944e-05,4.0513e-05,3.92215e-05,3.80117e-05,3.6687e-05,3.54532e-05,3.43012e-05,3.32228e-05,3.20678e-05,3.09917e-05,2.99866e-05,2.89293e-05,2.80532e-05,2.71272e-05,2.61665e-05,2.53607e-05,2.45203e-05,2.36572e-05,2.29255e-05,2.21031e-05,2.14009e-05,2.06835e-05,2.00131e-05,1.93338e-05,1.86995e-05,1.8061e-05,1.74651e-05,1.68686e-05,1.63118e-05,1.57908e-05,1.52387e-05,1.47538e-05,1.42434e-05,1.37674e-05,1.33224e-05,1.28603e-05,1.24294e-05,1.20266e-05,1.16124e-05,1.1226e-05,1.08647e-05,1.0496e-05,1.01377e-05,9.80316e-06,9.47795e-06,9.16233e-06,8.84593e-06,8.55077e-06,8.26553e-06,7.99013e-06
1.8488e-07,19.4445,15.726,10.5518,1.92509,0.601839,0.0952568,0.044448,0.0228384,0.0077921,0.00511243,0.00356401,0.00261425,0.00157765,0.00133525,0.00103891,0.00084111,0.000702814,0.000602335,0.000526944,0.000469016,0.000423332,0.000386565,0.000356447,0.000331386,0.000310245,0.000275616,0.000262115,0.000250232,0.000229498,0.000221062,0.00020584,0.00019952,0.000187787,0.000177716,0.000173448,0.000165229,0.000157948,0.000151442,0.000145579,0.000140251,0.000135389,0.000130922,0.000124696,0.000121013,0.000117577,0.000112709,0.000108274,0.000105606,0.000101768,9.82249e-05,9.49443e-05,9.18946e-05,8.90509e-05,8.54941e-05,8.30534e-05,7.99774e-05,7.78559e-05,7.51678e-05,7.26671e-05,7.03343e-05,6.8154e-05,6.5596e-05,6.3705e-05,6.14753e-05,5.94013e-05,5.74665e-05,5.56574e-05,5.36229e-05,5.20502e-05,5.02724e-05,4.8615e-05,4.70652e-05,4.56132e-05,4.40236e-05,4.25432e-05,4.11607e-05,3.98667e-05,3.84809e-05,3.71896e-05,3.59834e-05,3.47145e-05,3.36633e-05,3.25522e-05,3.13994e-05,3.04323e-05,2.9424e-05,2.83882e-05,2.75103e-05,2.65233e-05,2.56807e-05,2.48199e-05,2.40154e-05,2.32002e-05,2.2439e-05,2.16729e-05,2.09579e-05,2.0242e-05,1.95738e-05,1.89487e-05,1.82861e-05,1.77042e-05,1.70919e-05,1.65207e-05,1.59867e-05,1.54322e-05,1.49151e-05,1.44317e-05,1.39347e-05,1.3471e-05,1.30374e-05,1.2595e-05,1.2165e-05,1.17636e-05,1.13734e-05,1.09946e-05,1.06149e-05,1.02608e-05,9.91846e-06,9.58805e-06
2.2186e-07,20.1286,16.5636,12.1066,2.58416,0.741267,0.114771,0.0534409,0.0274343,0.00935407,0.00613651,0.00427763,0.00313756,0.00189338,0.00160245,0.00124679,0.00100939,0.000843421,0.000722835,0.000632359,0.000562841,0.000508017,0.000463895,0.00042775,0.000397676,0.000372305,0.000330749,0.000314548,0.000300287,0.000275405,0.000265281,0.000247014,0.00023943,0.000225349,0.000213265,0.000208143,0.000198281,0.000189543,0.000181735,0.000174699,0.000168306,0.000162471,0.00015711,0.000149639,0.00014522,0.000141096,0.000135254,0.000129932,0.000126731,0.000122125,0.000117873,0.000113936,0.000110277,0.000106864,0.000102596,9.96666e-05,9.59752e-05,9.34296e-05,9.02035e-05,8.7203e-05,8.44035e-05,8.17868e-05,7.87172e-05,7.6448e-05,7.37723e-05,7.12834e-05,6.89617e-05,6.67907e-05,6.43492e-05,6.24619e-05,6.03284e-05,5.83394e-05,5.64797e-05,5.47373e-05,5.28298e-05,5.10533e-05,4.93941e-05,4.78414e-05,4.61781e-05,4.46286e-05,4.31812e-05,4.16585e-05,4.0397e-05,3.90637e-05,3.76802e-05,3.65197e-05,3.53097e-05,3.40669e-05,3.30132e-05,3.18288e-05,3.08177e-05,2.97846e-05,2.88192e-05,2.7841e-05,2.69275e-05,2.60082e-05,2.515e-05,2.42911e-05,2.34892e-05,2.2739e-05,2.19439e-05,2.12456e-05,2.05107e-05,1.98253e-05,1.91845e-05,1.85191e-05,1.78985e-05,1.73185e-05,1.67221e-05,1.61657e-05,1.56453e-05,1.51144e-05,1.45984e-05,1.41167e-05,1.36484e-05,1.31939e-05,1.27383e-05,1.23133e-05,1.19025e-05,1.15059e-05
2.6623e-07,20.7619,17.3172,13.3604,3.74521,0.919497,0.138396,0.0642769,0.0329608,0.0112297,0.0073659,0.00513417,0.00376561,0.00227226,0.00192307,0.00149623,0.00121132,0.00101214,0.000867426,0.000758846,0.00067542,0.000609628,0.00055668,0.000513305,0.000477216,0.00044677,0.000396901,0.000377459,0.000360346,0.000330487,0.000318339,0.000296418,0.000287317,0.00027042,0.000255919,0.000249772,0.000237938,0.000227452,0.000218082,0.00020964,0.000201967,0.000194966,0.000188533,0.000179567,0.000174264,0.000169315,0.000162305,0.000155919,0.000152078,0.00014655,0.000141448,0.000136723,0.000132332,0.000128237,0.000123115,0.0001196,0.00011517,0.000112116,0.000108244,0.000104643,0.000101284,9.81442e-05,9.44606e-05,9.17377e-05,8.85268e-05,8.55403e-05,8.27543e-05,8.01489e-05,7.72193e-05,7.49545e-05,7.23944e-05,7.00074e-05,6.77757e-05,6.56849e-05,6.33958e-05,6.1264e-05,5.9273e-05,5.74097e-05,5.54139e-05,5.35543e-05,5.18175e-05,4.99904e-05,4.84765e-05,4.68766e-05,4.52163e-05,4.38237e-05,4.23717e-05,4.08803e-05,3.96158e-05,3.81946e-05,3.69813e-05,3.57416e-05,3.45831e-05,3.34093e-05,3.23131e-05,3.12098e-05,3.01802e-05,2.91493e-05,2.8187e-05,2.72868e-05,2.63328e-05,2.54948e-05,2.46129e-05,2.37904e-05,2.30215e-05,2.22229e-05,2.14783e-05,2.07822e-05,2.00665e-05,1.93988e-05,1.87744e-05,1.81373e-05,1.75181e-05,1.69401e-05,1.63781e-05,1.58327e-05,1.5286e-05,1.47759e-05,1.4283e-05,1.38071e-05
3.1948e-07,21.3519,18.0029,14.417,6.41299,1.1519,0.167061,0.0773484,0.0396112,0.0134828,0.00884228,0.00616262,0.00451964,0.00272705,0.00230794,0.00179563,0.0014537,0.00121464,0.00104097,0.000910657,0.000810539,0.000731582,0.000668039,0.000615987,0.000572677,0.00053614,0.000476295,0.000452963,0.000432427,0.000396596,0.000382017,0.000355711,0.000344789,0.000324513,0.000307111,0.000299735,0.000285532,0.000272949,0.000261705,0.000251574,0.000242366,0.000233964,0.000226244,0.000215486,0.000209122,0.000203184,0.000194771,0.000187107,0.000182497,0.000175864,0.000169741,0.000164072,0.000158802,0.000153888,0.000147741,0.000143523,0.000138208,0.000134542,0.000129897,0.000125575,0.000121544,0.000117776,0.000113356,0.000110088,0.000106235,0.000102651,9.93073e-05,9.61811e-05,9.26653e-05,8.99475e-05,8.68752e-05,8.40108e-05,8.13328e-05,7.88236e-05,7.60767e-05,7.35184e-05,7.11294e-05,6.88933e-05,6.64982e-05,6.42668e-05,6.21824e-05,5.99899e-05,5.81732e-05,5.62531e-05,5.42609e-05,5.25898e-05,5.08473e-05,4.90575e-05,4.75402e-05,4.58346e-05,4.43786e-05,4.28909e-05,4.15007e-05,4.00921e-05,3.87766e-05,3.74528e-05,3.6217e-05,3.498e-05,3.38253e-05,3.2745e-05,3.16001e-05,3.05945e-05,2.95362e-05,2.85492e-05,2.76265e-05,2.66682e-05,2.57745e-05,2.49392e-05,2.40804e-05,2.32792e-05,2.25298e-05,2.17653e-05,2.10222e-05,2.03285e-05,1.96542e-05,1.89997e-05,1.83436e-05,1.77315e-05,1.714e-05,1.6569e-05
3.8338e-07,21.9042,18.6324,15.3333,9.12556,1.46383,0.201918,0.0931319,0.0476175,0.0161897,0.0106153,0.00739742,0.00542483,0.00327296,0.00276987,0.00215498,0.00174458,0.00145767,0.00124923,0.00109284,0.00097269,0.000877934,0.000801677,0.00073921,0.000687235,0.000643389,0.000571571,0.000543571,0.000518927,0.000475927,0.000458433,0.000426865,0.000413758,0.000389425,0.000368542,0.00035969,0.000342646,0.000327546,0.000314054,0.000301896,0.000290846,0.000280764,0.0002715,0.000258589,0.000250952,0.000243826,0.000233731,0.000224534,0.000219002,0.000211042,0.000203695,0.000196891,0.000190567,0.00018467,0.000177294,0.000172232,0.000165853,0.000161454,0.00015588,0.000150694,0.000145856,0.000141334,0.00013603,0.000132109,0.000127485,0.000123184,0.000119172,0.00011542,0.000111201,0.000107939,0.000104253,0.000100815,9.76016e-05,9.45907e-05,9.12942e-05,8.82243e-05,8.53572e-05,8.26739e-05,7.97998e-05,7.71219e-05,7.46208e-05,7.19895e-05,6.98095e-05,6.75053e-05,6.51146e-05,6.31091e-05,6.10181e-05,5.88704e-05,5.70496e-05,5.50029e-05,5.32556e-05,5.14703e-05,4.9802e-05,4.81116e-05,4.65331e-05,4.49443e-05,4.34614e-05,4.1977e-05,4.05913e-05,3.92949e-05,3.79209e-05,3.67143e-05,3.54443e-05,3.42598e-05,3.31525e-05,3.20025e-05,3.09302e-05,2.99278e-05,2.88972e-05,2.79356e-05,2.70364e-05,2.61189e-05,2.52273e-05,2.43948e-05,2.35856e-05,2.28002e-05,2.20128e-05,2.12784e-05,2.05685e-05,1.98832e-05
4.6005e-07,22.4233,19.2145,16.1439,10.9704,1.9023,0.244426,0.112212,0.0572614,0.019442,0.0127446,0.00887997,0.00651145,0.00392816,0.00332429,0.00258623,0.00209365,0.00174931,0.00149914,0.00131146,0.00116726,0.00105355,0.000962031,0.000887067,0.000824693,0.000772075,0.000685892,0.000652292,0.000622717,0.000571117,0.000550123,0.000512241,0.000496512,0.000467312,0.000442253,0.000431631,0.000411178,0.000393057,0.000376866,0.000362277,0.000349017,0.000336918,0.000325801,0.000310308,0.000301144,0.000292592,0.000280478,0.000269442,0.000262803,0.000253251,0.000244435,0.00023627,0.000228681,0.000221604,0.000212753,0.000206679,0.000199025,0.000193746,0.000187056,0.000180833,0.000175028,0.000169602,0.000163237,0.000158531,0.000152982,0.000147821,0.000143007,0.000138504,0.000133442,0.000129528,0.000125104,0.000120979,0.000117122,0.000113509,0.000109554,0.000105869,0.000102429,9.92089e-05,9.57601e-05,9.25467e-05,8.95452e-05,8.63877e-05,8.37717e-05,8.10068e-05,7.81378e-05,7.57312e-05,7.3222e-05,7.06446e-05,6.84596e-05,6.60037e-05,6.39068e-05,6.17646e-05,5.97626e-05,5.77341e-05,5.58399e-05,5.39334e-05,5.2154e-05,5.03725e-05,4.87097e-05,4.71541e-05,4.55053e-05,4.40573e-05,4.25333e-05,4.11119e-05,3.97832e-05,3.84032e-05,3.71163e-05,3.59135e-05,3.46767e-05,3.35229e-05,3.24438e-05,3.13428e-05,3.02728e-05,2.92739e-05,2.83028e-05,2.73603e-05,2.64155e-05,2.55341e-05,2.46823e-05,2.386e-05
5.5206e-07,22.9131,19.7563,16.8723,12.3773,2.57515,0.296465,0.135318,0.0688892,0.0233516,0.0153028,0.0106605,0.00781625,0.00471475,0.00398981,0.00310388,0.00251265,0.00209935,0.0017991,0.00157385,0.00140078,0.00126431,0.00115448,0.00106452,0.000989665,0.000926519,0.000823094,0.000782771,0.00074728,0.000685357,0.000660162,0.000614703,0.000595828,0.000560787,0.000530714,0.000517967,0.000493424,0.000471679,0.000452249,0.000434741,0.000418829,0.00040431,0.000390969,0.000372377,0.000361379,0.000351118,0.00033658,0.000323336,0.00031537,0.000303907,0.000293327,0.000283529,0.000274423,0.00026593,0.000255309,0.00024802,0.000238834,0.000232499,0.000224471,0.000217004,0.000210038,0.000203526,0.000195888,0.000190241,0.000183582,0.000177389,0.000171611,0.000166209,0.000160133,0.000155436,0.000150127,0.000145177,0.00014055,0.000136214,0.000131467,0.000127046,0.000122917,0.000119053,0.000114914,0.000111058,0.000107456,0.000103667,0.000100528,9.72099e-05,9.37671e-05,9.08793e-05,8.78681e-05,8.47752e-05,8.21532e-05,7.92059e-05,7.66897e-05,7.4119e-05,7.17165e-05,6.92823e-05,6.70092e-05,6.47213e-05,6.25859e-05,6.04482e-05,5.84528e-05,5.6586e-05,5.46073e-05,5.28697e-05,5.10409e-05,4.93353e-05,4.77407e-05,4.60847e-05,4.45404e-05,4.3097e-05,4.16129e-05,4.02282e-05,3.89333e-05,3.76121e-05,3.63281e-05,3.51294e-05,3.3964e-05,3.2833e-05,3.16992e-05,3.06415e-05,2.96193e-05,2.86325e-05
6.6247e-07,23.3769,20.2631,17.5344,13.5252,3.82711,0.36046,0.163353,0.0829216,0.0280523,0.0183767,0.0127992,0.00938309,0.00565905,0.00478874,0.00372524,0.00301555,0.00251946,0.0021591,0.00188874,0.00168104,0.00151725,0.00138544,0.00127747,0.00118764,0.00111186,0.000987743,0.000939349,0.00089676,0.000822449,0.000792215,0.000737661,0.000715011,0.00067296,0.000636872,0.000621575,0.000592121,0.000566026,0.00054271,0.0005217,0.000502605,0.000485181,0.000469172,0.000446862,0.000433664,0.00042135,0.000403904,0.000388012,0.000378452,0.000364695,0.000351999,0.000340242,0.000329314,0.000319123,0.000306377,0.00029763,0.000286606,0.000279005,0.000269371,0.00026041,0.00025205,0.000244236,0.00023507,0.000228294,0.000220303,0.000212871,0.000205937,0.000199454,0.000192164,0.000186527,0.000180156,0.000174216,0.000168663,0.00016346,0.000157763,0.000152458,0.000147504,0.000142867,0.0001379,0.000133272,0.00012895,0.000124403,0.000120636,0.000116654,0.000112523,0.000109057,0.000105444,0.000101732,9.85859e-05,9.50491e-05,9.20296e-05,8.89446e-05,8.60615e-05,8.31404e-05,8.04126e-05,7.76671e-05,7.51046e-05,7.25393e-05,7.01448e-05,6.79046e-05,6.55301e-05,6.3445e-05,6.12503e-05,5.92035e-05,5.72901e-05,5.53028e-05,5.34496e-05,5.17174e-05,4.99365e-05,4.82749e-05,4.67209e-05,4.51355e-05,4.35946e-05,4.21561e-05,4.07576e-05,3.94005e-05,3.80398e-05,3.67705e-05,3.55439e-05,3.43597e-05
7.9497e-07,23.8172,20.7393,18.1418,14.5004,6.89273,0.439632,0.197453,0.0998775,0.0337071,0.0220715,0.0153687,0.011265,0.00679287,0.00574792,0.00447118,0.00361924,0.00302374,0.00259119,0.00226669,0.0020174,0.00182083,0.00166264,0.00153305,0.00142525,0.0013343,0.00118535,0.00112728,0.00107616,0.000986985,0.000950701,0.000885225,0.000858047,0.000807583,0.000764278,0.000745915,0.00071057,0.000679259,0.000651277,0.000626062,0.000603148,0.000582238,0.000563024,0.000536252,0.000520413,0.000505636,0.000484704,0.000465631,0.00045416,0.000437652,0.000422412,0.000408305,0.000395193,0.000382961,0.000367666,0.000357168,0.00034394,0.000334818,0.000323258,0.000312504,0.000302471,0.000293093,0.000282093,0.000273962,0.000264372,0.000255454,0.000247135,0.000239353,0.000230604,0.000223841,0.000216195,0.000209067,0.000202403,0.000196159,0.000189323,0.000182956,0.00017701,0.000171446,0.000165486,0.000159932,0.000154745,0.00014929,0.000144768,0.00013999,0.000135032,0.000130873,0.000126537,0.000122083,0.000118307,0.000114063,0.000110439,0.000106737,0.000103277,9.97723e-05,9.64988e-05,9.32043e-05,9.01291e-05,8.70502e-05,8.41769e-05,8.14885e-05,7.86388e-05,7.61364e-05,7.3503e-05,7.10467e-05,6.87508e-05,6.6366e-05,6.41418e-05,6.2063e-05,5.9926e-05,5.79318e-05,5.60669e-05,5.41644e-05,5.23154e-05,5.05892e-05,4.89109e-05,4.7282e-05,4.56496e-05,4.41263e-05,4.26541e-05,4.1233e-05
9.5396e-07,24.2365,21.1886,18.7032,15.3512,9.46281,0.538316,0.239046,0.120393,0.0405122,0.0265134,0.0184561,0.0135255,0.00815424,0.0068995,0.00536662,0.00434386,0.00362901,0.00310979,0.00272029,0.00242108,0.00218514,0.00199529,0.00183977,0.00171038,0.00160124,0.00142247,0.00135279,0.00129144,0.00118442,0.00114088,0.00106231,0.00102969,0.000969129,0.000917163,0.000895127,0.00085271,0.000815135,0.000781555,0.000751297,0.000723801,0.000698707,0.000675652,0.000643523,0.000624519,0.000606783,0.000581661,0.000558774,0.000545005,0.000525195,0.000506914,0.000489979,0.000474243,0.000459567,0.000441211,0.000428613,0.00041274,0.000401792,0.00038792,0.000375013,0.000362976,0.000351723,0.000338522,0.000328764,0.000317256,0.000306555,0.00029657,0.000287234,0.000276733,0.000268616,0.000259443,0.000250887,0.000242889,0.000235397,0.000227194,0.000219554,0.000212418,0.000205741,0.000198589,0.000191925,0.0001857,0.000179152,0.000173727,0.000167993,0.000162043,0.000157053,0.000151848,0.000146504,0.000141973,0.00013688,0.000132531,0.000128088,0.000123937,0.00011973,0.000115801,0.000111848,0.000108158,0.000104464,0.000101015,9.77889e-05,9.43692e-05,9.13664e-05,8.82059e-05,8.52588e-05,8.2503e-05,7.96412e-05,7.69725e-05,7.44778e-05,7.19132e-05,6.95201e-05,6.72825e-05,6.49991e-05,6.27805e-05,6.07089e-05,5.86949e-05,5.67403e-05,5.47808e-05,5.29531e-05,5.11865e-05,4.94811e-05
1.1448e-06,24.6368,21.614,19.2257,16.1079,11.1927,0.662607,0.289989,0.145267,0.0487091,0.0318577,0.0221681,0.0162421,0.00978959,0.00828265,0.00644198,0.00521399,0.00435576,0.00373245,0.00326488,0.00290573,0.00262252,0.00239464,0.00220799,0.0020527,0.0019217,0.00170714,0.0016235,0.00154988,0.00142144,0.00136918,0.00127489,0.00123574,0.00116306,0.00110069,0.00107425,0.00102334,0.000978241,0.000937942,0.000901635,0.000868634,0.000838521,0.00081085,0.000772293,0.000749484,0.000728201,0.00069805,0.000670581,0.000654063,0.000630287,0.000608343,0.000588023,0.000569138,0.000551524,0.000529495,0.000514379,0.000495327,0.00048219,0.000465541,0.000450054,0.000435605,0.000422101,0.000406259,0.000394549,0.00038074,0.000367893,0.000355912,0.000344708,0.000332108,0.000322366,0.000311355,0.00030109,0.000291492,0.0002825,0.000272655,0.000263485,0.000254924,0.00024691,0.000238326,0.000230329,0.000222859,0.000215,0.00020849,0.000201609,0.000194468,0.000188478,0.000182234,0.000175819,0.000170381,0.000164269,0.00015905,0.000153719,0.000148736,0.000143688,0.000138973,0.000134228,0.0001298,0.000125366,0.000121228,0.000117356,0.000113253,0.000109649,0.000105856,0.000102318,9.90119e-05,9.5577e-05,9.23747e-05,8.93808e-05,8.63029e-05,8.34313e-05,8.07457e-05,7.80058e-05,7.53426e-05,7.28566e-05,7.04393e-05,6.80939e-05,6.57426e-05,6.3549e-05,6.1429e-05,5.93823e-05
1.3737e-06,25.0195,22.0178,19.7142,16.7902,12.5193,0.821174,0.352627,0.17547,0.058582,0.0382857,0.0266293,0.0195053,0.0117529,0.00994294,0.00773259,0.00625816,0.0052278,0.00447952,0.00391826,0.00348715,0.00314723,0.00287372,0.0026497,0.00246332,0.00230611,0.00204862,0.00194824,0.0018599,0.00170575,0.00164304,0.00152989,0.0014829,0.00139568,0.00132084,0.00128911,0.00122802,0.0011739,0.00112554,0.00108197,0.00104236,0.00100623,0.000973023,0.000926755,0.000899381,0.000873842,0.000837662,0.000804702,0.000784877,0.000756348,0.000730015,0.000705633,0.000682969,0.000661834,0.000635396,0.000617257,0.000594398,0.000578632,0.000558651,0.000540066,0.000522731,0.000506525,0.000487515,0.00047346,0.000456888,0.000441475,0.000427097,0.000413652,0.000398531,0.000386841,0.000373628,0.00036131,0.000349792,0.000339001,0.000327187,0.000316185,0.000305909,0.000296293,0.000285993,0.000276396,0.000267432,0.000258001,0.000250188,0.000241931,0.000233363,0.000226176,0.000218681,0.000210984,0.000204458,0.000197123,0.000190861,0.000184463,0.000178484,0.000172426,0.000166769,0.000161075,0.000155761,0.00015044,0.000145475,0.000140829,0.000135904,0.000131579,0.000127028,0.000122783,0.000118815,0.000114693,0.00011085,0.000107257,0.000103564,0.000100118,9.6895e-05,9.3607e-05,9.04116e-05,8.7428e-05,8.4528e-05,8.17132e-05,7.88915e-05,7.62588e-05,7.37149e-05,7.1259e-05
1.6484e-06,25.3863,22.4023,20.1733,17.4124,13.6076,1.02748,0.430152,0.212262,0.0704907,0.046026,0.0319958,0.0234284,0.0141116,0.0119373,0.00928257,0.00751198,0.00627479,0.0053764,0.00470261,0.0041851,0.00377708,0.00344879,0.0031799,0.00295621,0.00276751,0.00245849,0.00233802,0.00223199,0.002047,0.00197174,0.00183594,0.00177956,0.00167489,0.00158506,0.00154699,0.00147368,0.00140873,0.0013507,0.00129841,0.00125088,0.00120752,0.00116767,0.00111215,0.0010793,0.00104865,0.00100523,0.000965678,0.000941882,0.000907647,0.000876049,0.000846788,0.000819591,0.000794226,0.000762503,0.000740735,0.0007133,0.000694381,0.000670406,0.000648101,0.000627296,0.000607851,0.000585037,0.000568173,0.000548286,0.000529787,0.000512533,0.000496397,0.000478251,0.000464226,0.00044837,0.000433587,0.000419764,0.000406815,0.000392638,0.000379435,0.000367104,0.000355563,0.000343203,0.000331686,0.000320929,0.000309612,0.000300236,0.000290328,0.000280045,0.00027142,0.000262427,0.000253189,0.000245359,0.000236556,0.000229041,0.000221364,0.000214188,0.000206918,0.000200129,0.000193296,0.000186919,0.000180534,0.000174575,0.000168999,0.00016309,0.000157901,0.000152439,0.000147345,0.000142582,0.000137637,0.000133024,0.000128713,0.000124281,0.000120146,0.000116278,0.000112332,0.000108498,0.000104918,0.000101437,9.80589e-05,9.46729e-05,9.1514e-05,8.84611e-05,8.55137e-05
1.9781e-06,25.7387,22.7696,20.6065,17.9851,14.5361,1.30358,0.526859,0.257237,0.0848718,0.0553538,0.0384553,0.0281471,0.0169465,0.0143337,0.0111445,0.00901788,0.00753213,0.00645335,0.00564437,0.00502307,0.00453325,0.00413916,0.00381641,0.0035479,0.00332142,0.00295051,0.00280592,0.00267866,0.00245663,0.00236631,0.00220333,0.00213566,0.00201004,0.00190224,0.00185655,0.00176857,0.00169062,0.00162097,0.00155821,0.00150118,0.00144914,0.00140132,0.00133468,0.00129526,0.00125848,0.00120637,0.0011589,0.00113035,0.00108926,0.00105134,0.00101622,0.000983586,0.000953147,0.000915075,0.000888951,0.000856028,0.000833324,0.00080455,0.000777784,0.000752815,0.000729477,0.000702099,0.000681861,0.000657993,0.000635796,0.000615088,0.000595725,0.000573948,0.000557114,0.000538086,0.000520344,0.000503758,0.000488217,0.000471203,0.000455358,0.000440559,0.00042671,0.000411876,0.000398055,0.000385146,0.000371563,0.000360312,0.00034842,0.00033608,0.00032573,0.000314937,0.000303851,0.000294454,0.00028389,0.000274871,0.000265658,0.000257046,0.000248322,0.000240174,0.000231975,0.000224321,0.000216659,0.000209507,0.000202816,0.000195724,0.000189496,0.000182941,0.000176828,0.000171112,0.000165177,0.000159642,0.000154468,0.000149149,0.000144186,0.000139545,0.000134809,0.000130208,0.000125911,0.000121734,0.00011768,0.000113617,0.000109826,0.000106162,0.000102625
2.3738e-06,26.0778,23.121,21.0168,18.5159,15.3489,1.6901,0.648735,0.312444,0.10226,0.0666038,0.0462347,0.0338248,0.0203541,0.0172136,0.0133815,0.0108267,0.00904216,0.00774661,0.00677518,0.00602918,0.00544112,0.004968,0.00458054,0.00425823,0.00398636,0.00354115,0.0033676,0.00321485,0.00294837,0.00283995,0.00264434,0.00256313,0.00241236,0.00228297,0.00222813,0.00212254,0.00202899,0.0019454,0.00187008,0.00180163,0.00173917,0.00168178,0.0016018,0.00155449,0.00151035,0.00144782,0.00139085,0.00135658,0.00130727,0.00126176,0.00121961,0.00118044,0.00114391,0.00109822,0.00106687,0.00102735,0.0010001,0.000965572,0.000933449,0.000903483,0.000875475,0.000842618,0.000818329,0.000789684,0.000763045,0.00073819,0.000714951,0.000688818,0.000668616,0.000645779,0.000624487,0.00060458,0.000585928,0.00056551,0.000546492,0.000528733,0.000512113,0.000494308,0.000477722,0.000462228,0.000445929,0.000432425,0.000418152,0.000403343,0.000390921,0.000377969,0.000364665,0.000353385,0.000340709,0.000329884,0.000318826,0.000308492,0.000298021,0.000288243,0.000278402,0.000269216,0.000260021,0.000251437,0.000243408,0.000234896,0.000227422,0.000219555,0.000212218,0.000205359,0.000198236,0.000191593,0.000185384,0.000179,0.000173044,0.000167474,0.000161791,0.000156267,0.000151111,0.000146098,0.000141233,0.000136356,0.000131806,0.000127409,0.000123164
2.8485e-06,26.4043,23.4579,21.4063,19.0108,16.0738,2.27757,0.804413,0.380544,0.123309,0.08018,0.055606,0.0406573,0.0244501,0.0206739,0.0160685,0.0129989,0.0108551,0.00929908,0.00813249,0.00723673,0.00653067,0.00596269,0.00549755,0.00511063,0.00478429,0.0042499,0.00404159,0.00385825,0.00353841,0.00340829,0.00317351,0.00307604,0.0028951,0.00273981,0.00267399,0.00254726,0.00243499,0.00233468,0.00224429,0.00216213,0.00208717,0.0020183,0.00192232,0.00186554,0.00181257,0.00173752,0.00166915,0.00162802,0.00156884,0.00151423,0.00146365,0.00141664,0.0013728,0.00131797,0.00128034,0.00123292,0.00120022,0.00115878,0.00112023,0.00108427,0.00105065,0.00101122,0.00098207,0.000947695,0.000915726,0.000885899,0.00085801,0.000826647,0.000802402,0.000774995,0.000749443,0.000725552,0.00070317,0.000678664,0.000655843,0.000634531,0.000614583,0.000593217,0.000573311,0.000554717,0.000535157,0.000518951,0.000501823,0.00048405,0.000469143,0.000453598,0.000437632,0.000424096,0.000408882,0.000395892,0.000382621,0.00037022,0.000357653,0.000345919,0.000334109,0.000323085,0.000312049,0.000301749,0.000292112,0.000281898,0.000272927,0.000263487,0.000254682,0.00024645,0.000237902,0.00022993,0.000222479,0.000214817,0.000207669,0.000200984,0.000194164,0.000187536,0.000181347,0.000175331,0.000169493,0.00016364,0.00015818,0.000152903,0.000147809
3.4182e-06,26.7194,23.7816,21.7775,19.4748,16.7293,3.37582,1.00728,0.465161,0.148847,0.0965902,0.0669096,0.0488878,0.0293771,0.024835,0.0192982,0.015609,0.013033,0.0111637,0.00976252,0.00868676,0.00783894,0.00715696,0.00659852,0.00613401,0.00574225,0.00510075,0.0048507,0.00463063,0.00424672,0.00409054,0.00380875,0.00369175,0.00347458,0.00328821,0.0032092,0.00305711,0.00292236,0.00280196,0.00269347,0.00259488,0.00250492,0.00242226,0.00230706,0.00223892,0.00217534,0.00208527,0.00200322,0.00195386,0.00188284,0.00181729,0.00175659,0.00170017,0.00164755,0.00158175,0.00153659,0.00147968,0.00144043,0.0013907,0.00134443,0.00130127,0.00126093,0.00121361,0.00117862,0.00113737,0.001099,0.00106321,0.00102973,0.000992095,0.000962996,0.000930105,0.000899439,0.000870767,0.000843905,0.000814495,0.000787106,0.000761527,0.000737587,0.000711946,0.000688056,0.000665741,0.000642265,0.000622816,0.00060226,0.00058093,0.000563039,0.000544383,0.000525222,0.000508977,0.000490718,0.000475128,0.000459201,0.000444317,0.000429235,0.000415153,0.000400979,0.000387749,0.000374505,0.000362142,0.000350576,0.000338318,0.000327552,0.000316222,0.000305655,0.000295776,0.000285516,0.000275949,0.000267006,0.000257812,0.000249233,0.00024121,0.000233025,0.000225069,0.000217643,0.000210423,0.000203416,0.000196392,0.000189839,0.000183505,0.000177392
4.1019e-06,27.0239,24.0931,22.132,19.9117,17.3287,6.89176,1.27946,0.571252,0.179906,0.116456,0.0805577,0.0588095,0.0353064,0.0298404,0.0231812,0.0187458,0.0156498,0.0134037,0.0117203,0.0104281,0.00940993,0.00859099,0.00792044,0.00736273,0.00689237,0.00612225,0.00582208,0.0055579,0.00509705,0.00490957,0.00457133,0.00443091,0.00417022,0.00394653,0.0038517,0.00366915,0.00350742,0.00336291,0.0032327,0.00311436,0.00300639,0.00290717,0.00276892,0.00268713,0.00261082,0.00250272,0.00240424,0.00234501,0.00225977,0.0021811,0.00210824,0.00204053,0.00197738,0.0018984,0.0018442,0.0017759,0.00172879,0.0016691,0.00161358,0.00156178,0.00151336,0.00145656,0.00141457,0.00136506,0.00131901,0.00127605,0.00123588,0.0011907,0.00115578,0.0011163,0.0010795,0.00104508,0.00101285,0.000977548,0.000944676,0.000913977,0.000885245,0.000854471,0.000825798,0.000799016,0.000770841,0.000747498,0.000722826,0.000697227,0.000675753,0.000653363,0.000630366,0.000610869,0.000588954,0.000570245,0.000551129,0.000533265,0.000515164,0.000498262,0.000481251,0.000465373,0.000449477,0.00043464,0.000420759,0.000406047,0.000393125,0.000379527,0.000366844,0.000354988,0.000342674,0.000331191,0.000320459,0.000309423,0.000299127,0.000289498,0.000279674,0.000270127,0.000261214,0.000252547,0.000244138,0.000235707,0.000227842,0.000220242,0.000212904
4.9222e-06,27.3185,24.3934,22.4713,20.3246,17.8813,9.60734,1.66214,0.705845,0.217783,0.140543,0.0970532,0.0707784,0.0424443,0.0358627,0.0278503,0.0225159,0.0187938,0.0160941,0.0140714,0.0125192,0.0112961,0.0103126,0.0095074,0.00883773,0.008273,0.00734839,0.00698803,0.0066709,0.00611768,0.00589263,0.00548661,0.00531806,0.00500516,0.00473665,0.00462284,0.00440372,0.0042096,0.00403615,0.00387987,0.00373784,0.00360824,0.00348917,0.00332323,0.00322507,0.00313349,0.00300374,0.00288554,0.00281445,0.00271214,0.00261772,0.00253028,0.00244901,0.00237322,0.00227843,0.00221339,0.00213141,0.00207487,0.00200323,0.00193659,0.00187442,0.00181631,0.00174814,0.00169775,0.00163833,0.00158306,0.0015315,0.00148329,0.00142906,0.00138715,0.00133977,0.0012956,0.0012543,0.0012156,0.00117324,0.00113379,0.00109694,0.00106246,0.00102552,0.000991112,0.000958969,0.000925154,0.000897138,0.000867527,0.000836803,0.000811031,0.000784159,0.000756557,0.000733158,0.000706857,0.000684401,0.000661459,0.000640019,0.000618294,0.000598009,0.000577591,0.000558535,0.000539457,0.00052165,0.00050499,0.000487332,0.000471825,0.000455504,0.000440283,0.000426052,0.000411274,0.000397492,0.00038461,0.000371366,0.000359009,0.000347452,0.000335662,0.000324203,0.000313505,0.000303105,0.000293012,0.000282893,0.000273454,0.000264332,0.000255525
5.9067e-06,27.604,24.6833,22.7967,20.7165,18.3948,11.3344,2.25025,0.87953,0.264157,0.169824,0.117028,0.0852377,0.0510459,0.0431151,0.0334688,0.0270503,0.0225734,0.0193276,0.0168964,0.0150312,0.0135619,0.0123805,0.0114133,0.0106091,0.00993098,0.00882078,0.0083881,0.00800735,0.00734319,0.00707302,0.0065856,0.00638326,0.00600764,0.00568533,0.00554871,0.00528569,0.00505267,0.00484448,0.00465689,0.00448641,0.00433086,0.00418792,0.00398875,0.00387094,0.003761,0.00360527,0.0034634,0.00337807,0.00325528,0.00314195,0.003037,0.00293945,0.00284849,0.00273471,0.00265664,0.00255824,0.00249039,0.0024044,0.00232441,0.00224979,0.00218005,0.00209823,0.00203774,0.00196642,0.00190008,0.0018382,0.00178033,0.00171525,0.00166494,0.00160808,0.00155505,0.00150548,0.00145904,0.0014082,0.00136084,0.00131662,0.00127523,0.0012309,0.00118959,0.00115101,0.00111043,0.0010768,0.00104126,0.00100438,0.00097345,0.000941196,0.000908067,0.000879981,0.000848413,0.000821459,0.000793924,0.00076819,0.000742116,0.000717767,0.000693261,0.000670388,0.00064749,0.000626117,0.00060612,0.000584927,0.000566313,0.000546725,0.000528454,0.000511374,0.000493636,0.000477095,0.000461634,0.000445737,0.000430905,0.000417034,0.000402882,0.000389129,0.000376288,0.000363805,0.000351691,0.000339546,0.000328217,0.000317267,0.000306697
7.088e-06,27.8808,24.9636,23.1096,21.0893,18.8745,12.6461,3.39916,1.10911,0.321189,0.205514,0.141256,0.102726,0.0614175,0.0518529,0.0402319,0.0325046,0.0271178,0.023214,0.0202909,0.018049,0.0162834,0.014864,0.0137023,0.0127363,0.0119218,0.0105887,0.0100691,0.00961197,0.00881451,0.00849015,0.00790496,0.00766207,0.00721114,0.00682421,0.00666022,0.00634448,0.00606477,0.00581486,0.00558968,0.00538504,0.00519832,0.00502676,0.00478768,0.00464626,0.00451431,0.00432738,0.0041571,0.00405467,0.00390728,0.00377125,0.00364528,0.0035282,0.00341901,0.00328245,0.00318874,0.00307064,0.00298919,0.00288598,0.00278997,0.0027004,0.00261669,0.00251848,0.00244589,0.00236027,0.00228065,0.00220637,0.00213691,0.0020588,0.00199842,0.00193016,0.00186652,0.00180702,0.00175128,0.00169024,0.00163341,0.00158033,0.00153065,0.00147744,0.00142786,0.00138155,0.00133284,0.00129247,0.00124982,0.00120555,0.00116842,0.00112971,0.00108995,0.00105624,0.00101834,0.000985992,0.000952941,0.000922052,0.000890756,0.000861531,0.000832117,0.000804662,0.000777178,0.000751523,0.000727522,0.000702083,0.000679742,0.00065623,0.000634301,0.000613799,0.000592508,0.000572653,0.000554095,0.000535014,0.000517212,0.000500563,0.000483577,0.000467068,0.000451656,0.000436673,0.000422132,0.000407555,0.000393956,0.000380814,0.000368126
8.5056e-06,28.1496,25.235,23.4108,21.445,19.3251,13.7198,7.65144,1.42423,0.391754,0.249173,0.170716,0.123915,0.0739373,0.0623904,0.048379,0.0390701,0.0325845,0.0278869,0.0243711,0.0216756,0.0195533,0.0178476,0.0164518,0.0152914,0.014313,0.0127118,0.0120879,0.0115389,0.0105814,0.0101919,0.00948928,0.00919766,0.0086563,0.00819173,0.00799488,0.00761582,0.00728001,0.00698001,0.00670972,0.00646405,0.00623992,0.00603396,0.00574698,0.00557722,0.00541881,0.00519441,0.00499,0.00486706,0.00469013,0.00452685,0.00437562,0.00423509,0.00410403,0.00394011,0.00382761,0.00368585,0.0035881,0.00346421,0.00334895,0.00324144,0.00314095,0.00302307,0.00293594,0.00283318,0.00273759,0.00264843,0.00256505,0.0024713,0.00239882,0.00231687,0.00224048,0.00216906,0.00210215,0.0020289,0.00196068,0.00189695,0.00183732,0.00177345,0.00171395,0.00165835,0.00159988,0.00155143,0.00150023,0.00144709,0.00140252,0.00135606,0.00130832,0.00126787,0.00122238,0.00118354,0.00114387,0.0011068,0.00106923,0.00103414,0.000998842,0.000965883,0.000932893,0.0009021,0.000873289,0.000842751,0.000815934,0.000787714,0.000761387,0.000736778,0.000711223,0.000687391,0.000665112,0.000642208,0.000620841,0.000600856,0.000580467,0.000560651,0.000542152,0.000524167,0.000506712,0.000489213,0.00047289,0.000457114,0.000441886
1.0207e-05,28.4109,25.4981,23.7013,21.7854,19.7503,14.6371,10.243,1.88625,0.479754,0.302828,0.206649,0.149647,0.0890713,0.075113,0.0582027,0.0469787,0.039165,0.0335088,0.0292781,0.0260357,0.0234838,0.0214334,0.0197558,0.0183613,0.0171859,0.0152624,0.014513,0.0138536,0.0127036,0.0122359,0.0113922,0.011042,0.010392,0.00983424,0.00959786,0.00914272,0.00873956,0.00837939,0.00805483,0.00775992,0.00749082,0.00724355,0.00689904,0.00669524,0.00650509,0.00623573,0.00599034,0.00584274,0.00563034,0.00543432,0.00525279,0.00508407,0.00492675,0.00472995,0.00459491,0.00442473,0.00430737,0.00415863,0.0040203,0.00389123,0.00377061,0.00362908,0.00352448,0.00340112,0.00328638,0.00317935,0.00307925,0.0029667,0.00287968,0.00278133,0.00268962,0.00260388,0.00252355,0.00243562,0.00235371,0.00227723,0.00220565,0.00212896,0.00205752,0.00199079,0.0019206,0.00186244,0.00180097,0.00173718,0.00168369,0.0016279,0.0015706,0.00152202,0.00146742,0.0014208,0.00137318,0.00132867,0.00128357,0.00124146,0.00119907,0.00115951,0.00111991,0.00108294,0.00104835,0.00101169,0.000979503,0.000945624,0.00091402,0.00088448,0.000853799,0.000825188,0.000798444,0.00077095,0.000745296,0.000721308,0.000696831,0.000673042,0.000650832,0.000629242,0.000608291,0.000587283,0.000567687,0.000548748,0.000530467
1.2248e-05,28.6651,25.7533,23.9819,22.1116,20.1529,15.4417,11.9168,2.67167,0.590568,0.369111,0.250613,0.180959,0.107384,0.0904857,0.0700531,0.0565079,0.0470868,0.0402724,0.0351785,0.0312768,0.0282073,0.0257417,0.0237251,0.0220491,0.0206366,0.0183255,0.0174253,0.0166332,0.0152521,0.0146904,0.0136771,0.0132566,0.012476,0.0118063,0.0115224,0.010976,0.0104919,0.0100595,0.00966983,0.00931572,0.00899265,0.00869584,0.00828218,0.00803753,0.00780926,0.00748584,0.00719125,0.00701407,0.00675908,0.00652379,0.00630584,0.00610333,0.00591443,0.0056782,0.00551608,0.00531177,0.00517089,0.00499236,0.00482627,0.00467134,0.00452653,0.00435663,0.00423105,0.00408297,0.00394521,0.00381671,0.00369657,0.00356144,0.00345699,0.00333893,0.00322883,0.00312591,0.00302947,0.00292391,0.00282558,0.00273376,0.00264783,0.00255578,0.00247001,0.00238991,0.00230564,0.00223582,0.00216203,0.00208545,0.00202123,0.00195426,0.00188547,0.00182715,0.00176161,0.00170565,0.00164847,0.00159504,0.00154089,0.00149034,0.00143947,0.00139197,0.00134442,0.00130004,0.00125853,0.00121452,0.00117587,0.0011352,0.00109726,0.0010618,0.00102497,0.000990622,0.000958517,0.000925512,0.000894718,0.000865915,0.00083653,0.000807973,0.000781312,0.000755393,0.00073024,0.00070502,0.000681496,0.000658762,0.000636814
1.4698e-05,28.9126,26.0013,24.2535,22.4252,20.5358,16.162,13.2018,6.36118,0.732161,0.451654,0.304691,0.219209,0.129598,0.109101,0.0843748,0.0680077,0.0566366,0.0484195,0.042282,0.0375838,0.0338896,0.0309234,0.0284982,0.026483,0.024785,0.0220076,0.0209258,0.0199741,0.0183148,0.01764,0.0164229,0.0159178,0.0149803,0.014176,0.0138351,0.0131788,0.0125975,0.0120782,0.0116104,0.0111852,0.0107972,0.0104408,0.00994409,0.00965031,0.00937625,0.00898794,0.00863421,0.00842148,0.0081153,0.00783279,0.00757114,0.00732795,0.00710117,0.00681753,0.00662287,0.00637759,0.00620844,0.00599408,0.00579465,0.00560864,0.00543477,0.0052308,0.00508,0.00490221,0.00473684,0.00458254,0.0044383,0.00427606,0.00415064,0.00400888,0.0038767,0.00375314,0.00363736,0.00351059,0.00339254,0.0032823,0.00317911,0.00306861,0.00296563,0.00286946,0.00276827,0.00268444,0.00259585,0.0025039,0.00242679,0.00234639,0.0022638,0.00219379,0.00211508,0.0020479,0.00197925,0.00191509,0.00185009,0.00178939,0.0017283,0.00167127,0.00161419,0.00156091,0.00151106,0.00145822,0.00141182,0.00136299,0.00131743,0.00127486,0.00123063,0.0011894,0.00115085,0.00111122,0.00107425,0.00103967,0.00100439,0.000970099,0.00093809,0.000906967,0.000876766,0.00084649,0.000818242,0.000790948,0.000764598
1.7637e-05,29.1539,26.2424,24.5164,22.7269,20.9006,16.8156,14.2611,10.0139,0.91656,0.55538,0.371557,0.266092,0.15659,0.13167,0.101696,0.0818921,0.0681516,0.0582337,0.050833,0.0451721,0.0407238,0.0371539,0.034236,0.0318123,0.0297706,0.0264317,0.0251316,0.0239879,0.021994,0.0211833,0.0197212,0.0191144,0.0179882,0.0170221,0.0166127,0.0158246,0.0151264,0.0145028,0.0139409,0.0134303,0.0129644,0.0125364,0.01194,0.0115873,0.0112581,0.0107919,0.0103672,0.0101117,0.00974411,0.00940484,0.00909068,0.0087987,0.00852637,0.0081858,0.00795211,0.00765758,0.00745446,0.00719709,0.00695765,0.00673431,0.00652553,0.00628063,0.00609959,0.0058861,0.00568752,0.00550227,0.00532908,0.00513427,0.00498369,0.00481347,0.00465478,0.00450639,0.00436738,0.00421519,0.00407345,0.00394108,0.00381718,0.00368448,0.00356085,0.00344537,0.00332388,0.00322322,0.00311684,0.00300647,0.00291387,0.00281732,0.00271816,0.00263409,0.0025396,0.00245892,0.00237649,0.00229947,0.00222142,0.00214853,0.00207518,0.00200671,0.00193817,0.0018742,0.00181433,0.0017509,0.00169518,0.00163655,0.00158186,0.00153073,0.00147764,0.00142812,0.00138184,0.00133425,0.00128986,0.00124834,0.00120597,0.00116481,0.00112637,0.001089,0.00105274,0.00101639,0.000982474,0.000949697,0.000918059
2.1165e-05,29.3893,26.4773,24.7714,23.0181,21.2495,17.4158,15.1717,11.9573,1.16407,0.687544,0.454928,0.323891,0.189501,0.159115,0.122697,0.0986893,0.0820606,0.0700744,0.061141,0.0543142,0.0489535,0.044654,0.0411413,0.0382248,0.0357683,0.031753,0.0301897,0.0288147,0.0264182,0.0254438,0.0236868,0.0229577,0.0216045,0.0204438,0.019952,0.0190052,0.0181666,0.0174174,0.0167425,0.0161292,0.0155697,0.0150556,0.0143393,0.0139156,0.0135203,0.0129603,0.0124502,0.0121435,0.011702,0.0112946,0.0109173,0.0105666,0.0102396,0.00983054,0.00954988,0.00919619,0.00895229,0.00864318,0.00835563,0.00808739,0.00783668,0.00754258,0.00732516,0.00706876,0.00683031,0.00660785,0.00639983,0.0061659,0.00598507,0.00578064,0.00559006,0.00541186,0.00524492,0.00506214,0.00489191,0.00473295,0.00458417,0.00442481,0.00427634,0.00413764,0.00399175,0.00387087,0.00374312,0.00361055,0.00349936,0.00338342,0.00326433,0.00316337,0.00304988,0.002953,0.00285401,0.00276151,0.00266777,0.00258025,0.00249216,0.00240993,0.00232761,0.00225078,0.0021789,0.00210271,0.0020358,0.00196538,0.00189971,0.00183831,0.00177454,0.00171508,0.0016595,0.00160235,0.00154903,0.00149917,0.00144829,0.00139886,0.0013527,0.00130782,0.00126428,0.00122061,0.00117988,0.00114053,0.00110253
2.5398e-05,29.6191,26.706,25.0191,23.2992,21.5839,17.9715,15.975,13.3815,1.51262,0.859007,0.559888,0.39558,0.229755,0.192569,0.148202,0.119035,0.098875,0.0843684,0.0735717,0.0653305,0.0588652,0.0536832,0.0494519,0.0459402,0.0429837,0.0381526,0.0362724,0.0346189,0.0317373,0.030566,0.028454,0.0275777,0.0259515,0.0245568,0.0239658,0.0228282,0.0218205,0.0209206,0.0201097,0.0193729,0.0187008,0.0180833,0.0172228,0.0167139,0.0162391,0.0155664,0.0149537,0.0145852,0.014055,0.0135656,0.0131124,0.0126912,0.0122985,0.0118072,0.0114701,0.0110453,0.0107523,0.0103811,0.0100357,0.00971355,0.00941243,0.00905918,0.00879804,0.0084901,0.00820369,0.0079365,0.00768667,0.00740569,0.0071885,0.00694299,0.00671406,0.00650006,0.00629954,0.00608001,0.00587557,0.00568464,0.00550593,0.00531455,0.00513621,0.00496963,0.00479441,0.00464922,0.00449579,0.00433657,0.00420301,0.00406375,0.00392072,0.00379946,0.00366315,0.00354678,0.00342789,0.00331679,0.00320421,0.00309908,0.00299328,0.00289452,0.00279565,0.00270337,0.00261703,0.00252553,0.00244516,0.00236059,0.00228171,0.00220796,0.00213137,0.00205995,0.00199319,0.00192456,0.00186052,0.00180063,0.00173952,0.00168014,0.0016247,0.0015708,0.0015185,0.00146606,0.00141714,0.00136987,0.00132423
3.0477e-05,29.8438,26.9292,25.2597,23.5712,21.905,18.49,16.6973,14.5332,2.05283,1.08766,0.693871,0.485268,0.279211,0.233496,0.179259,0.14373,0.119235,0.101646,0.0885786,0.0786178,0.0708121,0.0645611,0.0594603,0.0552293,0.0516686,0.0458531,0.0435906,0.0416013,0.0381354,0.0367268,0.0341874,0.0331337,0.0311789,0.0295024,0.0287921,0.0274248,0.026214,0.0251325,0.0241582,0.0232729,0.0224653,0.0217233,0.0206895,0.0200781,0.0195077,0.0186996,0.0179635,0.0175208,0.0168838,0.0162959,0.0157516,0.0152456,0.0147737,0.0141836,0.0137786,0.0132683,0.0129164,0.0124704,0.0120556,0.0116686,0.0113068,0.0108825,0.0105688,0.0101989,0.00985482,0.00953385,0.00923374,0.00889621,0.00863531,0.00834039,0.0080654,0.00780832,0.00756745,0.00730373,0.00705814,0.0068288,0.00661413,0.0063842,0.00616998,0.00596988,0.00575939,0.00558498,0.00540067,0.00520939,0.00504895,0.00488167,0.00470985,0.00456419,0.00440045,0.00426067,0.00411784,0.00398437,0.00384913,0.00372285,0.00359575,0.00347711,0.00335835,0.00324749,0.00314378,0.00303386,0.00293732,0.00283572,0.00274096,0.00265237,0.00256037,0.00247457,0.00239438,0.00231192,0.00223499,0.00216306,0.00208965,0.00201832,0.00195172,0.00188697,0.00182414,0.00176114,0.00170238,0.00164559,0.00159076
3.6573e-05,30.0636,27.1471,25.494,23.8347,22.2143,18.9769,17.3561,15.5132,5.62948,1.40651,0.868342,0.598809,0.34034,0.283809,0.217217,0.173788,0.143944,0.122571,0.106725,0.0946668,0.0852303,0.0776814,0.0715265,0.0664243,0.0621325,0.0551274,0.0524031,0.0500084,0.0458375,0.0441426,0.0410879,0.0398207,0.0374698,0.0354539,0.0345998,0.0329561,0.0315005,0.0302004,0.0290293,0.0279653,0.0269947,0.0261029,0.0248605,0.0241257,0.0234402,0.0224691,0.0215846,0.0210527,0.0202872,0.0195808,0.0189266,0.0183187,0.0177517,0.0170426,0.016556,0.0159428,0.01552,0.0149841,0.0144856,0.0140206,0.013586,0.0130761,0.0126991,0.0122547,0.0118413,0.0114556,0.011095,0.0106895,0.010376,0.0100216,0.00969119,0.00938228,0.00909286,0.008776,0.0084809,0.00820531,0.00794738,0.00767111,0.00741372,0.00717328,0.00692036,0.0067108,0.00648933,0.0062595,0.00606673,0.00586573,0.00565927,0.00548424,0.0052875,0.00511953,0.00494792,0.00478755,0.00462506,0.00447331,0.00432059,0.00417804,0.00403534,0.00390214,0.00377752,0.00364543,0.00352943,0.00340736,0.00329349,0.00318704,0.00307649,0.00297341,0.00287705,0.00277797,0.00268554,0.00259909,0.00251089,0.00242518,0.00234515,0.00226735,0.00219185,0.00211616,0.00204556,0.00197732,0.00191144
4.3887e-05,30.2787,27.3599,25.7222,24.0903,22.5126,19.4364,17.9633,16.373,11.0606,1.89055,1.10224,0.744805,0.416433,0.345998,0.263786,0.210478,0.173995,0.147951,0.128694,0.11407,0.102645,0.0935167,0.0860814,0.0799225,0.0747453,0.0663007,0.0630183,0.0601339,0.0551116,0.0530714,0.0493951,0.0478702,0.0450419,0.042617,0.0415898,0.039613,0.0378625,0.0362992,0.0348912,0.0336119,0.0324449,0.0313729,0.0298794,0.0289961,0.0281721,0.0270048,0.0259417,0.0253023,0.0243823,0.0235332,0.022747,0.0220163,0.0213349,0.0204826,0.0198978,0.0191608,0.0186526,0.0180086,0.0174095,0.0168506,0.0163282,0.0157154,0.0152625,0.0147283,0.0142314,0.0137679,0.0133345,0.0128472,0.0124704,0.0120445,0.0116474,0.0112761,0.0109283,0.0105475,0.0101928,0.00986161,0.00955161,0.00921959,0.00891023,0.00862126,0.00831729,0.00806543,0.00779926,0.00752305,0.00729136,0.00704979,0.00680165,0.0065913,0.00635484,0.00615297,0.00594673,0.00575398,0.00555868,0.00537631,0.00519276,0.00502144,0.00484993,0.00468984,0.00454006,0.00438132,0.0042419,0.00409518,0.00395834,0.0038304,0.00369753,0.00357363,0.00345783,0.00333875,0.00322766,0.00312376,0.00301776,0.00291474,0.00281856,0.00272506,0.00263432,0.00254335,0.00245848,0.00237647,0.00229729
5.2665e-05,30.4895,27.5681,25.9448,24.3386,22.8008,19.8721,18.5281,17.144,13.3085,7.74943,1.43186,0.936981,0.512117,0.423469,0.321244,0.255454,0.210661,0.178818,0.15535,0.137575,0.123715,0.112658,0.103663,0.0962197,0.0899671,0.0797775,0.0758192,0.072342,0.0662904,0.0638328,0.0594055,0.0575696,0.054165,0.0512466,0.0500104,0.0476318,0.0455258,0.0436453,0.0419515,0.0404128,0.0390093,0.0377201,0.035924,0.0348618,0.0338709,0.0324673,0.031189,0.0304202,0.029314,0.0282932,0.0273479,0.0264694,0.0256501,0.0246254,0.0239224,0.0230363,0.0224253,0.021651,0.0209307,0.0202588,0.0196308,0.0188941,0.0183494,0.0177072,0.0171099,0.0165527,0.0160316,0.0154456,0.0149927,0.0144806,0.0140032,0.0135569,0.0131387,0.0126809,0.0122545,0.0118563,0.0114836,0.0110844,0.0107125,0.0103651,0.00999964,0.00969685,0.00937683,0.00904475,0.00876621,0.00847577,0.00817745,0.00792455,0.00764027,0.00739758,0.0071496,0.00691788,0.00668308,0.00646382,0.00624315,0.00603716,0.00583096,0.00563849,0.00545842,0.00526757,0.00509995,0.00492355,0.00475902,0.00460521,0.00444547,0.00429651,0.00415727,0.00401412,0.00388055,0.00375564,0.00362819,0.00350434,0.0033887,0.00327629,0.00316719,0.00305782,0.00295579,0.00285718,0.00276199
6.3197e-05,30.6962,27.7719,26.1619,24.5801,23.0797,20.2868,19.0571,17.846,14.8994,12.541,4.5723,1.19938,0.634017,0.52092,0.392607,0.310847,0.255559,0.216459,0.187761,0.166095,0.149243,0.135825,0.124925,0.115915,0.108354,0.0960447,0.0912667,0.0870711,0.079773,0.0768103,0.071475,0.0692632,0.0651623,0.0616478,0.0601595,0.0572959,0.054761,0.0524976,0.0504593,0.0486078,0.046919,0.0453679,0.043207,0.0419292,0.0407371,0.0390487,0.0375111,0.0365864,0.0352559,0.034028,0.0328911,0.0318344,0.0308491,0.0296167,0.0287711,0.0277054,0.0269706,0.0260393,0.0251731,0.024365,0.0236097,0.0227236,0.0220687,0.0212963,0.0205779,0.0199077,0.0192811,0.0185763,0.0180316,0.0174158,0.0168416,0.0163048,0.0158019,0.0152512,0.0147384,0.0142595,0.0138113,0.0133312,0.0128839,0.0124661,0.0120266,0.0116624,0.0112775,0.0108781,0.0105432,0.0101938,0.00983506,0.00953089,0.00918899,0.0088971,0.00859888,0.00832018,0.00803779,0.00777408,0.00750868,0.00726095,0.00701295,0.00678147,0.0065649,0.00633535,0.00613377,0.0059216,0.00572373,0.00553874,0.00534661,0.00516746,0.005,0.00482782,0.00466718,0.00451695,0.00436367,0.0042147,0.00407563,0.00394043,0.00380921,0.00367767,0.00355496,0.00343637,0.00332188
7.5837e-05,30.899,27.9714,26.3741,24.8152,23.35,20.683,19.5558,18.493,16.173,14.75,12.2922,4.74408,0.792417,0.645277,0.482072,0.379531,0.310813,0.262543,0.227299,0.200797,0.180247,0.163923,0.150687,0.139761,0.130602,0.11571,0.109936,0.104867,0.0960565,0.0924814,0.086046,0.0833789,0.0784353,0.0742,0.0724067,0.0689569,0.0659036,0.0631778,0.0607233,0.0584939,0.0564608,0.0545934,0.0519922,0.0504541,0.0490194,0.0469873,0.0451367,0.044024,0.0424228,0.0409453,0.0395771,0.0383056,0.0371199,0.0356369,0.0346194,0.0333371,0.0324529,0.0313323,0.03029,0.0293177,0.0284089,0.0273427,0.0265546,0.0256252,0.0247609,0.0239545,0.0232004,0.0223525,0.021697,0.020956,0.0202651,0.0196192,0.0190141,0.0183516,0.0177345,0.0171583,0.0166189,0.0160413,0.015503,0.0150003,0.0144714,0.0140332,0.0135701,0.0130896,0.0126865,0.0122662,0.0118345,0.0114685,0.0110571,0.0107058,0.010347,0.0100116,0.00967184,0.00935454,0.00903517,0.00873708,0.00843867,0.00816013,0.00789953,0.00762333,0.00738076,0.00712547,0.00688736,0.00666477,0.00643359,0.00621801,0.00601651,0.00580932,0.00561603,0.00543526,0.00525081,0.00507157,0.00490422,0.00474153,0.00458364,0.00442535,0.00427769,0.00413499,0.00399723
9.1004e-05,31.0982,28.1671,26.5816,25.0443,23.6124,21.0626,20.0282,19.0947,17.2532,16.3426,15.2157,13.2369,1.00378,0.806825,0.59565,0.465403,0.37922,0.319217,0.2757,0.243142,0.217993,0.198074,0.181959,0.168679,0.157562,0.139517,0.132526,0.126395,0.115745,0.111426,0.103655,0.100436,0.0944708,0.0893622,0.0871998,0.0830403,0.0793598,0.0760746,0.0731169,0.0704308,0.0679814,0.065732,0.0625986,0.0607462,0.0590184,0.056571,0.0543426,0.0530028,0.0510748,0.0492957,0.0476484,0.0461174,0.0446899,0.0429044,0.0416794,0.0401355,0.039071,0.0377219,0.0364671,0.0352964,0.0342023,0.0329187,0.0319699,0.0308511,0.0298104,0.0288396,0.0279319,0.026911,0.0261218,0.0252298,0.024398,0.0236204,0.0228919,0.0220942,0.0213514,0.0206576,0.0200083,0.0193129,0.0186649,0.0180596,0.0174229,0.0168954,0.0163378,0.0157592,0.015274,0.0147679,0.0142482,0.0138075,0.0133122,0.0128894,0.0124574,0.0120536,0.0116445,0.0112625,0.010878,0.0105191,0.0101599,0.0098245,0.00951076,0.00917822,0.00888618,0.00857882,0.00829216,0.00802416,0.00774583,0.00748628,0.00724368,0.00699424,0.00676152,0.00654387,0.00632181,0.006106,0.00590453,0.00570864,0.00551856,0.00532799,0.00515021,0.0049784,0.00481254
0.00010921,31.2941,28.359,26.7847,25.2679,23.8676,21.4275,20.4779,19.659,18.2015,17.6289,17.0812,16.483,1.29981,1.02322,0.742192,0.574029,0.464623,0.389361,0.335253,0.295031,0.264113,0.239715,0.22003,0.203843,0.190316,0.1684,0.159922,0.152492,0.139597,0.134372,0.124976,0.121085,0.113879,0.10771,0.105099,0.100079,0.0956379,0.0916748,0.0881074,0.0848681,0.0819146,0.0792025,0.0754252,0.0731922,0.0711096,0.0681599,0.0654743,0.0638598,0.0615366,0.0593927,0.0574078,0.0555632,0.0538432,0.0516918,0.0502159,0.0483558,0.0470733,0.0454479,0.043936,0.0425256,0.0412074,0.039661,0.0385179,0.0371699,0.0359161,0.0347465,0.0336529,0.0324229,0.0314722,0.0303974,0.0293954,0.0284585,0.0275808,0.0266198,0.0257248,0.024889,0.0241067,0.0232688,0.0224881,0.0217589,0.0209918,0.0203562,0.0196845,0.0189874,0.0184027,0.0177931,0.0171669,0.016636,0.0160392,0.0155298,0.0150092,0.0145228,0.0140299,0.0135696,0.0131064,0.012674,0.0122411,0.0118371,0.0114591,0.0110584,0.0107066,0.0103362,0.00999086,0.00966796,0.00933262,0.00901991,0.00872761,0.00842707,0.00814668,0.00788445,0.0076169,0.00735687,0.00711412,0.00687812,0.00664909,0.00641948,0.00620528,0.00599828,0.00579844
0.00013105,31.4866,28.5474,26.9835,25.4862,24.1158,21.7789,20.9073,20.1911,19.0527,18.725,18.5216,18.4405,18.2592,1.32711,0.936228,0.713607,0.572324,0.476797,0.408919,0.358884,0.320661,0.290636,0.266495,0.246697,0.230187,0.203502,0.193197,0.184174,0.168533,0.1622,0.150821,0.146112,0.137395,0.129936,0.12678,0.120714,0.11535,0.110564,0.106256,0.102346,0.0987815,0.0955086,0.0909507,0.0882568,0.0857445,0.0821863,0.0789471,0.0770001,0.0741981,0.0716129,0.0692193,0.0669949,0.0649208,0.0623267,0.0605471,0.0583042,0.0567578,0.054798,0.0529751,0.0512746,0.0496852,0.0478206,0.0464425,0.0448171,0.0433055,0.0418953,0.0405767,0.0390937,0.0379475,0.0366516,0.0354435,0.0343139,0.0332556,0.0320969,0.0310178,0.0300101,0.0290669,0.0280566,0.0271154,0.0262361,0.0253112,0.0245449,0.0237349,0.0228944,0.0221895,0.0214544,0.0206993,0.0200592,0.0193397,0.0187254,0.0180978,0.0175113,0.016917,0.016362,0.0158034,0.0152821,0.0147602,0.014273,0.0138172,0.0133341,0.0129098,0.0124633,0.0120468,0.0116575,0.0112532,0.0108761,0.0105237,0.0101613,0.00982318,0.00950699,0.00918438,0.00887085,0.00857815,0.00829357,0.00801741,0.00774054,0.00748227,0.00723267,0.0069917
0.00015726,31.6761,28.7325,27.1784,25.6996,24.3577,22.1183,21.3189,20.696,19.8293,19.6905,19.7215,19.9263,20.5202,19.4628,1.20375,0.89686,0.710207,0.586967,0.500795,0.437981,0.390379,0.353207,0.32345,0.29913,0.2789,0.246302,0.233741,0.222753,0.203736,0.196044,0.182236,0.176525,0.165961,0.156927,0.153107,0.145766,0.139277,0.133489,0.128282,0.123555,0.119248,0.115293,0.109787,0.106533,0.103499,0.0992019,0.0952907,0.09294,0.0895573,0.0864363,0.0835468,0.0808617,0.0783581,0.0752268,0.0730788,0.0703716,0.0685052,0.0661397,0.0639395,0.0618871,0.0599688,0.0577183,0.056055,0.0540933,0.0522689,0.0505669,0.0489754,0.0471856,0.0458021,0.0442381,0.04278,0.0414167,0.0401394,0.0387409,0.0374385,0.0362222,0.0350839,0.0338645,0.0327284,0.0316673,0.0305509,0.0296259,0.0286484,0.027634,0.0267831,0.0258959,0.0249845,0.0242119,0.0233435,0.0226021,0.0218445,0.0211366,0.0204193,0.0197494,0.0190752,0.018446,0.017816,0.017228,0.0166778,0.0160947,0.0155826,0.0150437,0.014541,0.0140711,0.013583,0.0131279,0.0127025,0.0122651,0.011857,0.0114753,0.0110859,0.0107075,0.0103542,0.0100107,0.00967735,0.00934316,0.00903141,0.00873013,0.00843927
0.00018871,31.8629,28.9144,27.3695,25.9084,24.5937,22.4468,21.7146,21.1769,20.5463,20.5592,20.7626,21.1521,22.106,21.4242,20.1347,1.14651,0.890595,0.72774,0.616557,0.53674,0.476895,0.430519,0.393603,0.363561,0.338652,0.298667,0.2833,0.269877,0.246686,0.237318,0.22052,0.213579,0.200748,0.189786,0.185153,0.176253,0.168388,0.161377,0.155072,0.149351,0.144137,0.139352,0.13269,0.128755,0.125085,0.119889,0.11516,0.112318,0.108229,0.104457,0.100964,0.0977188,0.094693,0.0909086,0.0883127,0.0850409,0.0827855,0.0799269,0.077268,0.0747878,0.0724698,0.0697502,0.0677402,0.0653697,0.063165,0.0611083,0.0591853,0.0570224,0.0553507,0.0534607,0.0516987,0.0500513,0.0485078,0.0468179,0.045244,0.0437743,0.0423986,0.0409251,0.0395522,0.0382699,0.0369208,0.0358031,0.0346218,0.0333959,0.0323676,0.0312955,0.0301941,0.0292605,0.028211,0.027315,0.0263996,0.025544,0.0246772,0.0238677,0.0230529,0.0222925,0.0215311,0.0208205,0.0201557,0.019451,0.0188321,0.0181808,0.0175733,0.0170054,0.0164155,0.0158655,0.0153514,0.0148228,0.0143296,0.0138684,0.0133978,0.0129404,0.0125134,0.0120983,0.0116955,0.0112916,0.0109148,0.0105507,0.0101992
0.00022645,32.0469,29.0935,27.5572,26.1128,24.8241,22.7653,22.0962,21.6369,21.2148,21.3529,21.6896,22.2091,23.3657,22.8561,21.9455,18.9059,1.1339,0.911297,0.764504,0.661392,0.585197,0.526749,0.480567,0.443189,0.41233,0.363027,0.344141,0.327674,0.299288,0.28784,0.267342,0.258881,0.243255,0.229919,0.224286,0.21347,0.203919,0.195409,0.187758,0.180818,0.174497,0.168696,0.160622,0.155854,0.151408,0.145114,0.139387,0.135946,0.130995,0.126428,0.1222,0.118271,0.114608,0.110027,0.106885,0.102925,0.100196,0.0967357,0.0935177,0.090516,0.0877105,0.0844191,0.0819865,0.0791176,0.0764495,0.0739604,0.071633,0.0690155,0.0669923,0.064705,0.0625725,0.0605787,0.0587108,0.0566655,0.0547608,0.052982,0.0513171,0.0495338,0.0478722,0.0463202,0.0446874,0.0433347,0.041905,0.0404213,0.0391768,0.0378792,0.0365462,0.0354163,0.034146,0.0330616,0.0319536,0.0309181,0.0298689,0.0288892,0.027903,0.0269826,0.0260611,0.025201,0.0243963,0.0235434,0.0227944,0.022006,0.0212707,0.0205833,0.0198694,0.0192037,0.0185814,0.0179416,0.0173446,0.0167863,0.0162167,0.0156632,0.0151463,0.0146439,0.0141563,0.0136674,0.0132114,0.0127707,0.0123452
0.00027174,32.2286,29.2697,27.7415,26.3132,25.0494,23.0746,22.4651,22.0785,21.8427,22.0866,22.5299,23.1458,24.4271,24.0118,23.2708,20.9598,1.48128,1.15828,0.957438,0.821064,0.722357,0.647689,0.58927,0.542329,0.503786,0.442582,0.419238,0.39893,0.36402,0.34997,0.324857,0.314506,0.295411,0.279134,0.272265,0.259083,0.247452,0.237095,0.227788,0.21935,0.211667,0.204619,0.194812,0.189021,0.183625,0.175984,0.169034,0.164859,0.158853,0.153312,0.148183,0.143418,0.138976,0.13342,0.12961,0.124807,0.121497,0.117302,0.1134,0.10976,0.106358,0.102367,0.0994177,0.095939,0.0927038,0.0896857,0.0868638,0.0836899,0.0812368,0.0784634,0.0758777,0.0734602,0.0711953,0.0687154,0.0664058,0.0642489,0.0622302,0.0600678,0.058053,0.0561711,0.0541912,0.052551,0.0508173,0.0490182,0.0475091,0.0459356,0.0443193,0.0429491,0.0414087,0.0400937,0.0387501,0.0374945,0.0362222,0.0350341,0.0338383,0.0327221,0.0316047,0.0305616,0.0295858,0.0285515,0.0276432,0.0266871,0.0257955,0.0249619,0.0240961,0.0232888,0.0225341,0.0217582,0.0210343,0.0203573,0.0196665,0.0189952,0.0183684,0.0177591,0.0171678,0.0165749,0.0160219,0.0154874,0.0149714
0.00032609,32.4079,29.4433,27.9228,26.5098,25.2699,23.3757,22.8224,22.5036,22.4362,22.7711,23.3017,23.9917,25.3524,24.9935,24.3403,22.3687,18.8654,6.4148,1.21681,1.02994,0.89886,0.801659,0.726641,0.666949,0.618293,0.541645,0.512571,0.487352,0.444157,0.426818,0.395897,0.383173,0.359737,0.339791,0.331382,0.315259,0.301045,0.288398,0.277042,0.266751,0.257385,0.248797,0.23685,0.2298,0.223231,0.213931,0.205475,0.200398,0.193092,0.186354,0.180118,0.174325,0.168924,0.162169,0.157538,0.1517,0.147677,0.142577,0.137834,0.13341,0.129276,0.124425,0.12084,0.116612,0.11268,0.109012,0.105582,0.101725,0.0987436,0.0953729,0.0922302,0.0892921,0.0865394,0.0835253,0.0807183,0.0780968,0.0756432,0.073015,0.0705663,0.068279,0.0658725,0.0638789,0.0617717,0.059585,0.0577508,0.0558382,0.0538736,0.0522081,0.0503359,0.0487375,0.0471043,0.0455781,0.0440316,0.0425874,0.0411339,0.0397771,0.0384189,0.037151,0.0359649,0.0347076,0.0336034,0.0324413,0.0313574,0.0303441,0.0292917,0.0283104,0.027393,0.0264498,0.0255698,0.0247469,0.0239071,0.0230911,0.0223292,0.0215885,0.0208696,0.0201489,0.0194767,0.0188269,0.0181997
0.0003913,32.5851,29.6145,28.1011,26.7027,25.4858,23.6689,23.1692,22.914,22.9996,23.414,24.0175,24.7658,26.1776,25.8533,25.2482,23.4734,20.6126,15.654,1.58406,1.31201,1.13124,1.00121,0.902823,0.825603,0.763285,0.66616,0.62959,0.597989,0.544118,0.522566,0.484245,0.468511,0.439585,0.415018,0.404674,0.38486,0.367414,0.351906,0.337993,0.325394,0.313934,0.303431,0.288827,0.280214,0.272191,0.260835,0.250514,0.24432,0.235406,0.227187,0.219581,0.212516,0.20593,0.197694,0.192047,0.184929,0.180024,0.173807,0.168026,0.162633,0.157593,0.15168,0.14731,0.142157,0.137364,0.132893,0.128713,0.12401,0.120377,0.116268,0.112437,0.108856,0.105501,0.101827,0.0984051,0.0952097,0.0922189,0.0890151,0.0860302,0.083242,0.0803085,0.0778784,0.0753096,0.0726439,0.070408,0.0680765,0.0656815,0.0636512,0.0613688,0.0594203,0.0574293,0.0555687,0.0536834,0.0519228,0.0501507,0.0484967,0.0468408,0.0452951,0.043849,0.0423162,0.0409701,0.0395533,0.0382318,0.0369965,0.0357134,0.0345169,0.0333985,0.0322486,0.0311757,0.0301723,0.0291485,0.0281535,0.0272246,0.0263215,0.0254451,0.0245664,0.0237468,0.0229546,0.0221898
0.00046956,32.7603,29.7833,28.2766,26.8922,25.6976,23.9551,23.5064,23.3113,23.5372,24.0215,24.687,25.4819,26.9252,26.6225,26.0432,24.3963,21.8864,18.2781,9.41916,1.71429,1.44834,1.26685,1.13369,1.03129,0.949827,0.824734,0.778107,0.738021,0.670111,0.643065,0.59516,0.575547,0.539581,0.509114,0.496308,0.47181,0.450273,0.431153,0.414018,0.398515,0.384425,0.37152,0.353585,0.343016,0.333174,0.319247,0.306597,0.29901,0.288091,0.278025,0.268711,0.260061,0.251999,0.241916,0.235005,0.226294,0.220292,0.212684,0.205609,0.19901,0.192844,0.185608,0.180262,0.173956,0.168092,0.162622,0.157507,0.151754,0.147308,0.142281,0.137594,0.133212,0.129107,0.124612,0.120425,0.116515,0.112856,0.108936,0.105283,0.101872,0.0982824,0.0953089,0.0921657,0.0889037,0.0861678,0.0833148,0.0803841,0.0778997,0.0751066,0.0727222,0.0702858,0.0680089,0.0657017,0.0635472,0.0613786,0.0593545,0.057328,0.0554364,0.0536667,0.0517908,0.0501434,0.0484095,0.0467923,0.0452804,0.0437101,0.0422458,0.040877,0.0394696,0.0381566,0.0369285,0.0356756,0.0344578,0.0333209,0.0322156,0.031143,0.0300675,0.0290643,0.0280948,0.0271588
0.00056348,32.9338,29.9499,28.4495,27.0786,25.9054,24.2347,23.8349,23.6966,24.0519,24.5983,25.317,26.1498,27.6109,27.3208,26.7539,25.1965,22.9126,19.8918,15.5017,2.35478,1.90943,1.63573,1.44609,1.30503,1.19525,1.0303,0.969706,0.917978,0.8311,0.796711,0.736115,0.711401,0.666234,0.628107,0.612116,0.581579,0.554788,0.531044,0.509794,0.490592,0.473156,0.457202,0.435045,0.422,0.409858,0.392683,0.377094,0.367751,0.354306,0.341914,0.330451,0.319807,0.309888,0.297484,0.288983,0.278268,0.270888,0.261532,0.252832,0.244717,0.237135,0.228238,0.221666,0.213913,0.206703,0.199977,0.193689,0.186615,0.181149,0.174969,0.169206,0.163819,0.158772,0.153245,0.148097,0.14329,0.138791,0.133971,0.12948,0.125285,0.120872,0.117215,0.113351,0.109339,0.105975,0.102467,0.0988632,0.0958082,0.0923736,0.0894414,0.0864453,0.0836454,0.0808081,0.0781585,0.0754916,0.0730023,0.0705101,0.0681839,0.0660074,0.0637004,0.0616744,0.0595419,0.0575529,0.0556935,0.0537622,0.0519612,0.0502778,0.0485469,0.0469319,0.0454215,0.0438804,0.0423827,0.0409844,0.0396249,0.0383056,0.0369828,0.0357489,0.0345564,0.0334051
0.00067617,33.1055,30.1145,28.6199,27.2619,26.1094,24.5083,24.1553,24.071,24.5463,25.1482,25.9128,26.7766,28.2457,27.962,27.3988,25.9066,23.7828,21.1122,17.6911,12.5804,2.67152,2.18893,1.89261,1.6847,1.52923,1.3037,1.22268,1.15423,1.0407,0.996156,0.918228,0.886612,0.829103,0.78079,0.760586,0.722097,0.688423,0.658647,0.632049,0.608051,0.586292,0.566404,0.538811,0.522586,0.507494,0.486157,0.466809,0.455226,0.438555,0.423196,0.408993,0.395807,0.383524,0.368161,0.357639,0.344373,0.335239,0.323659,0.312891,0.30285,0.293468,0.282458,0.274326,0.264732,0.255811,0.24749,0.23971,0.230957,0.224195,0.216548,0.209418,0.202753,0.196508,0.189669,0.1833,0.177352,0.171784,0.16582,0.160263,0.155072,0.149611,0.145086,0.140304,0.13534,0.131177,0.126835,0.122375,0.118595,0.114344,0.110715,0.107007,0.103542,0.10003,0.0967508,0.09345,0.090369,0.0872844,0.0844051,0.0817113,0.0788557,0.0763479,0.0737084,0.0712465,0.0689448,0.0665543,0.064325,0.0622412,0.0600985,0.0580994,0.0562298,0.0543221,0.052468,0.0507371,0.0490541,0.0474209,0.0457835,0.044256,0.0427797,0.0413544
0.0008114,33.2757,30.277,28.788,27.4424,26.31,24.7763,24.4684,24.4354,25.0226,25.6744,26.479,27.3682,28.8376,28.5562,27.9909,26.5478,24.5443,22.1135,19.196,15.5442,10.395,3.18232,2.59781,2.25103,2.01074,1.68254,1.56895,1.47467,1.32133,1.26196,1.15923,1.11787,1.04316,0.980819,0.954856,0.905569,0.862614,0.824753,0.791023,0.760657,0.733175,0.708097,0.673351,0.652954,0.634001,0.607221,0.582972,0.568473,0.547608,0.528394,0.510633,0.494151,0.478802,0.459605,0.446463,0.429894,0.418491,0.404031,0.390589,0.378054,0.366344,0.3526,0.342452,0.330478,0.319344,0.308959,0.29925,0.288327,0.279888,0.270345,0.261447,0.253129,0.245336,0.2368,0.228851,0.221428,0.21448,0.207036,0.2001,0.193621,0.186804,0.181157,0.175187,0.168991,0.163795,0.158375,0.152808,0.148088,0.142782,0.138252,0.133622,0.129296,0.124912,0.120818,0.116697,0.11285,0.108999,0.105404,0.102041,0.0984753,0.0953442,0.0920483,0.0889743,0.0861004,0.0831153,0.0803316,0.0777296,0.075054,0.0725576,0.070223,0.0678407,0.0655254,0.0633638,0.0612622,0.0592227,0.0571778,0.0552702,0.0534265,0.0516466
0.00097369,33.4445,30.4378,28.9539,27.6202,26.5072,25.0392,24.7747,24.7906,25.4824,26.1796,27.0192,27.9292,29.3933,29.1107,28.5393,27.1343,25.2251,22.9725,20.3829,17.3582,13.8481,9.76157,4.13024,3.2421,2.78296,2.24427,2.07184,1.93294,1.71425,1.63138,1.49019,1.43408,1.33382,1.25107,1.21682,1.15215,1.09611,1.04696,1.00334,0.964202,0.928876,0.896716,0.852247,0.826208,0.802044,0.767936,0.737116,0.718721,0.692253,0.667896,0.645397,0.624528,0.6051,0.580807,0.564187,0.543232,0.52882,0.510542,0.493552,0.477713,0.462917,0.445551,0.432732,0.417605,0.403541,0.390423,0.378159,0.36436,0.353703,0.341648,0.330409,0.319902,0.310058,0.299277,0.289235,0.279858,0.271081,0.261677,0.252915,0.24473,0.236117,0.228983,0.22144,0.213611,0.207046,0.200198,0.193163,0.187199,0.180494,0.174769,0.168919,0.163452,0.157912,0.152738,0.147529,0.142668,0.1378,0.133257,0.129005,0.124499,0.120541,0.116375,0.112489,0.108857,0.105083,0.101564,0.0982752,0.0948929,0.0917371,0.0887857,0.0857741,0.082847,0.0801143,0.0774574,0.0748788,0.0722935,0.0698818,0.0675509,0.0653005
0.0011684,33.6119,30.5967,29.1176,27.7955,26.7014,25.2973,25.0747,25.1375,25.9273,26.6657,27.5362,28.4632,29.9174,29.6314,29.0511,27.6759,25.8431,23.73,21.3793,18.7464,15.8251,12.8975,10.0959,6.89314,4.49059,3.20319,2.88775,2.65151,2.30452,2.1787,1.97148,1.89083,1.74915,1.6342,1.58706,1.49886,1.42318,1.3572,1.29903,1.24702,1.20038,1.15808,1.09966,1.06558,1.03403,0.989576,0.949536,0.925707,0.891429,0.859921,0.830845,0.803898,0.77883,0.747491,0.726072,0.699067,0.680511,0.656972,0.6351,0.614715,0.595676,0.573328,0.55684,0.537379,0.519288,0.502416,0.486644,0.468895,0.455191,0.439686,0.425232,0.41172,0.399061,0.385193,0.372278,0.360217,0.348929,0.336832,0.325561,0.315032,0.303952,0.294775,0.285071,0.274999,0.266552,0.257741,0.248689,0.241016,0.232386,0.22502,0.217492,0.210456,0.203326,0.196667,0.189963,0.183706,0.17744,0.171592,0.16612,0.160319,0.155224,0.149861,0.144859,0.140182,0.135324,0.130794,0.126559,0.122204,0.118141,0.114341,0.110463,0.106694,0.103175,0.0997542,0.0964338,0.0931047,0.089999,0.0869973,0.0840994
0.0014021,33.7782,30.7539,29.2794,27.9684,26.8927,25.5507,25.3692,25.4767,26.3588,27.1347,28.0325,28.9735,30.4142,30.123,29.5317,28.1803,26.4108,24.4116,22.2476,19.901,17.3425,14.8001,12.5834,10.6886,8.96597,5.66764,4.66155,4.0589,3.33757,3.10615,2.75138,2.61974,2.39694,2.22236,2.15208,2.02261,1.91342,1.81959,1.73766,1.6651,1.6005,1.54218,1.46225,1.41595,1.37324,1.31311,1.25933,1.22742,1.18162,1.13953,1.10076,1.06487,1.03159,0.989913,0.961477,0.925625,0.901027,0.869816,0.840831,0.813885,0.788675,0.759077,0.737256,0.711496,0.687555,0.66523,0.644365,0.620879,0.602752,0.58224,0.563118,0.545244,0.528499,0.51015,0.493063,0.477107,0.462172,0.446164,0.43125,0.417319,0.402654,0.39051,0.377668,0.364335,0.353155,0.341493,0.329508,0.319351,0.307925,0.298172,0.288205,0.278889,0.269446,0.260628,0.25175,0.243463,0.235164,0.227418,0.22017,0.212485,0.205736,0.198631,0.192004,0.185808,0.179372,0.173369,0.167758,0.161988,0.156604,0.151568,0.146429,0.141435,0.136772,0.132237,0.127837,0.123424,0.119308,0.11533,0.111489
0.0016825,33.9434,30.9096,29.4392,28.139,27.0812,25.8,25.6577,25.808,26.7777,27.588,28.51,29.4624,30.8867,30.5889,29.9853,28.6531,26.9372,25.0334,23.0226,20.9047,18.6269,16.3078,14.2764,12.6391,11.3,9.06106,8.10744,7.22503,5.70746,5.14923,4.33245,4.05037,3.60656,3.28316,3.15796,2.93561,2.75452,2.60317,2.47392,2.36172,2.26298,2.17512,2.0562,1.98803,1.92548,1.83824,1.76097,1.71547,1.65026,1.59066,1.53592,1.4853,1.43846,1.37987,1.34009,1.28985,1.25548,1.21192,1.17144,1.13376,1.09861,1.05734,1.02696,0.99114,0.957805,0.926732,0.897698,0.865007,0.839797,0.811256,0.784655,0.759791,0.736499,0.710969,0.687196,0.664996,0.644219,0.621942,0.601187,0.581799,0.561387,0.544487,0.52661,0.508046,0.492484,0.476244,0.459553,0.44541,0.429494,0.415911,0.402025,0.389047,0.375891,0.363604,0.351232,0.339683,0.328116,0.317319,0.307217,0.296503,0.287095,0.277189,0.267949,0.259309,0.250333,0.241962,0.234137,0.226088,0.218578,0.211554,0.204386,0.197418,0.190912,0.184586,0.178446,0.17229,0.166546,0.160994,0.155634
0.002019,34.1077,31.0638,29.5973,28.3075,27.2673,26.0455,25.9416,26.1335,27.1854,28.0273,28.9708,29.9324,31.338,31.0325,30.4156,29.099,27.4293,25.6075,23.7267,21.802,19.7702,17.6392,15.6788,14.1049,12.8673,10.9319,10.1665,9.48251,8.28056,7.79176,6.91863,6.56135,5.91626,5.38887,5.17444,4.78107,4.45485,4.18166,3.94995,3.75043,3.57728,3.4249,3.22126,3.10634,3.00215,2.85778,2.73228,2.65978,2.5557,2.46117,2.37464,2.29519,2.22168,2.13012,2.06811,1.98993,1.93678,1.86915,1.80652,1.7483,1.69406,1.63043,1.58364,1.52835,1.47702,1.4292,1.38454,1.33422,1.29547,1.25157,1.21066,1.17243,1.13662,1.09735,1.06078,1.02663,0.994718,0.96043,0.928485,0.898646,0.867213,0.841202,0.813671,0.785071,0.761103,0.736081,0.710353,0.688558,0.664015,0.643074,0.621659,0.601643,0.581345,0.562387,0.543293,0.525469,0.507613,0.490944,0.475346,0.458798,0.444269,0.428965,0.414689,0.401341,0.387468,0.374531,0.362436,0.349993,0.338383,0.327523,0.316438,0.305661,0.2956,0.285815,0.276317,0.266792,0.257905,0.249315,0.241021
0.0024228,34.271,31.2164,29.7536,28.474,27.4509,26.2873,26.2207,26.4536,27.5817,28.4534,29.4159,30.3847,31.7699,31.4558,30.825,29.5211,27.8917,26.1418,24.3741,22.6182,20.8149,18.8907,16.9744,15.3727,14.1324,12.2678,11.5561,10.9313,9.85002,9.41868,8.64435,8.32936,7.74539,7.25213,7.04895,6.65689,6.3159,6.01684,5.75228,5.51592,5.30397,5.1121,4.84674,4.69388,4.55293,4.35337,4.17671,4.07387,3.92435,3.78711,3.66046,3.54333,3.43433,3.29742,3.2044,3.08654,3.0061,2.90345,2.80808,2.71913,2.63615,2.53837,2.46651,2.38137,2.30222,2.22838,2.15935,2.08146,2.02146,1.95338,1.88986,1.83051,1.77488,1.71382,1.65694,1.60381,1.55407,1.50067,1.4509,1.40441,1.35541,1.31487,1.27194,1.22732,1.18994,1.15089,1.11074,1.07672,1.0384,1.00571,0.972265,0.941005,0.909299,0.879684,0.849852,0.822002,0.794099,0.768048,0.743671,0.717805,0.695094,0.671169,0.648849,0.62798,0.606289,0.586058,0.567144,0.547684,0.52952,0.512535,0.495196,0.47834,0.462601,0.447294,0.432436,0.417533,0.40363,0.39019,0.377212
0.0029074,34.4335,31.3677,29.9082,28.6384,27.6321,26.5257,26.4954,26.767,27.9696,28.8669,29.8471,30.8213,32.1846,31.8613,31.216,29.9226,28.3288,26.6429,24.9759,23.3711,21.7845,20.1098,18.2887,16.5972,15.2731,13.3552,12.6456,12.0315,10.9829,10.568,9.82199,9.51804,8.94937,8.46328,8.26148,7.86697,7.51858,7.20842,6.92991,6.67745,6.44786,6.23738,5.94208,5.76949,5.60872,5.379,5.17206,5.04984,4.87161,4.70676,4.55389,4.4116,4.27874,4.11137,3.99707,3.85196,3.75242,3.62539,3.50711,3.39666,3.29337,3.17166,3.08195,2.9757,2.87683,2.78453,2.69818,2.60077,2.52563,2.44042,2.36095,2.28661,2.21693,2.14047,2.06924,2.0027,1.94039,1.87354,1.81124,1.75302,1.6917,1.64093,1.5872,1.53139,1.4846,1.43575,1.38553,1.34298,1.29507,1.25419,1.21239,1.17331,1.13369,1.09668,1.05941,1.02462,0.989769,0.957234,0.92679,0.894498,0.866142,0.836278,0.808421,0.782374,0.755308,0.730065,0.706467,0.682193,0.659543,0.638357,0.616733,0.595713,0.576087,0.557002,0.538478,0.5199,0.502569,0.485817,0.469641
0.0034889,34.5952,31.5176,30.0612,28.801,27.8112,26.761,26.766,27.0751,28.3478,29.2703,30.2644,31.2425,32.5836,32.2506,31.5905,30.3058,28.7439,27.1157,25.5398,24.0726,22.6913,21.3056,19.7365,17.9509,16.4222,14.3175,13.5735,12.9426,11.8862,11.4714,10.7273,10.4228,9.8508,9.35753,9.15072,8.7446,8.3826,8.05735,7.76276,7.49368,7.24715,7.01969,6.69905,6.50994,6.33291,6.07957,5.84951,5.71239,5.51272,5.32761,5.15553,4.99506,4.84498,4.65602,4.52651,4.36231,4.24931,4.10531,3.97114,3.84578,3.72848,3.59039,3.48843,3.36781,3.25553,3.1507,3.05261,2.94205,2.85668,2.75996,2.66974,2.58535,2.50625,2.41952,2.33872,2.26324,2.19257,2.11679,2.04616,1.98018,1.9107,1.85317,1.7923,1.7291,1.6761,1.62081,1.56397,1.5158,1.4616,1.41534,1.36806,1.32386,1.27905,1.23721,1.19508,1.15575,1.11636,1.0796,1.04519,1.00871,0.97668,0.942951,0.91149,0.882075,0.851516,0.823017,0.796376,0.768976,0.743411,0.719501,0.695099,0.671381,0.649237,0.627705,0.606807,0.585852,0.566303,0.547408,0.529165
0.0041867,34.7563,31.6663,30.2128,28.9619,27.9883,26.9934,27.033,27.3782,28.7176,29.663,30.6711,31.6519,32.9685,32.6254,31.9504,30.6729,29.1399,27.5644,26.072,24.7315,23.5432,22.4592,21.3495,19.8493,17.8285,15.2392,14.4166,13.7429,12.6503,12.2268,11.4717,11.1618,10.5792,10.0738,9.85998,9.43981,9.06294,8.72237,8.41227,8.12768,7.8658,7.62327,7.2809,7.07767,6.88698,6.61413,6.36532,6.2161,5.9993,5.79807,5.6108,5.43601,5.27241,5.06665,4.92529,4.74631,4.62286,4.46579,4.3194,4.1826,4.05456,3.90397,3.79266,3.6611,3.53863,3.42428,3.31728,3.19678,3.10365,2.99823,2.8999,2.80793,2.72172,2.62727,2.53927,2.45707,2.38011,2.29763,2.22076,2.14895,2.07337,2.01076,1.94456,1.87584,1.8182,1.75808,1.69631,1.64395,1.58506,1.53479,1.48341,1.43539,1.38673,1.34129,1.29554,1.25283,1.21007,1.17016,1.13282,1.09323,1.05846,1.02186,0.987724,0.955809,0.922658,0.891744,0.862846,0.83313,0.805404,0.779474,0.753014,0.727298,0.703288,0.679945,0.657289,0.634575,0.613384,0.592905,0.573133
0.005024,34.9167,31.8138,30.3628,29.121,28.1633,27.2228,27.2962,27.6765,29.0793,30.0459,31.066,32.049,33.3395,32.9867,32.2967,31.0251,29.5184,27.9917,26.5767,25.3537,24.3444,23.5444,22.9311,22.4496,21.8572,16.2236,15.2345,14.4814,13.3229,12.8837,12.1095,11.7915,11.1949,10.6754,10.454,10.0193,9.62785,9.27269,8.94817,8.64945,8.37379,8.11789,7.75657,7.54109,7.33862,7.04916,6.78453,6.6251,6.39398,6.1793,5.97942,5.79276,5.61798,5.39838,5.24726,5.05616,4.92412,4.75636,4.59998,4.45384,4.31704,4.15629,4.03735,3.89691,3.76617,3.6441,3.52988,3.40132,3.30191,3.18946,3.08457,2.98647,2.89453,2.79383,2.70003,2.61241,2.53038,2.4425,2.36061,2.28411,2.20362,2.13693,2.06644,1.99328,1.93191,1.86792,1.80218,1.74644,1.68379,1.6303,1.57565,1.52457,1.47281,1.42448,1.37583,1.33042,1.28496,1.24253,1.20282,1.16074,1.12379,1.08489,1.04862,1.0147,0.979477,0.946631,0.915928,0.884359,0.854906,0.827361,0.799257,0.771943,0.746443,0.721652,0.697593,0.673472,0.650971,0.629225,0.608232
0.0060288,35.0765,31.96,30.5113,29.2785,28.3365,27.4497,27.5561,27.9703,29.4336,30.4198,31.4505,32.4343,33.7,33.3357,32.6309,31.3642,29.8817,28.4003,27.0578,25.9445,25.1,24.5493,24.3152,24.3819,24.5557,22.7495,16.1094,15.2018,13.9357,13.4736,12.673,12.3451,11.7323,11.1979,10.9687,10.5196,10.1141,9.74521,9.40734,9.0957,8.80757,8.53967,8.16151,7.93519,7.72234,7.41835,7.13997,6.97166,6.72816,6.50191,6.29116,6.09431,5.90995,5.67853,5.51905,5.31761,5.17824,5.00136,4.83649,4.6824,4.53816,4.3688,4.24338,4.09542,3.95767,3.82906,3.70872,3.57335,3.46862,3.35023,3.2398,3.13652,3.03974,2.93378,2.83508,2.74288,2.65658,2.56416,2.47803,2.39758,2.31296,2.24283,2.16872,2.09183,2.02732,1.96007,1.89099,1.83243,1.76661,1.71041,1.653,1.59935,1.54499,1.49424,1.44315,1.39547,1.34774,1.30319,1.26151,1.21734,1.17855,1.13773,1.09966,1.06406,1.0271,0.992634,0.960418,0.927296,0.896394,0.867495,0.838012,0.80936,0.782611,0.756606,0.731371,0.706072,0.682473,0.659667,0.63765
0.0072346,35.2358,32.1052,30.6589,29.4345,28.508,27.6742,27.8129,28.26,29.781,30.7855,31.8256,32.8092,34.0489,33.6741,32.9532,31.6915,30.2314,28.7927,27.5186,26.5084,25.8145,25.4746,25.5034,25.8221,26.1857,25.4967,23.3844,15.962,14.5129,14.0183,13.1833,12.8437,12.2128,11.6628,11.4258,10.9626,10.5436,10.1617,9.8114,9.48785,9.18828,8.90944,8.51608,8.27998,8.0578,7.74084,7.45023,7.27405,7.0196,6.78311,6.56279,6.35695,6.16415,5.92235,5.75554,5.54503,5.39923,5.21437,5.04206,4.88103,4.73028,4.55339,4.42232,4.26779,4.12392,3.98961,3.86394,3.72264,3.61328,3.48971,3.37446,3.26668,3.16567,3.05514,2.95217,2.85601,2.76599,2.66962,2.57981,2.49593,2.40771,2.3346,2.25735,2.17722,2.10999,2.0399,1.96794,1.90691,1.83835,1.77981,1.72001,1.66412,1.60751,1.55465,1.50146,1.45181,1.40211,1.35573,1.31234,1.26636,1.22597,1.18348,1.14385,1.10681,1.06834,1.03247,0.998943,0.964476,0.932321,0.90225,0.871573,0.841762,0.813932,0.786877,0.760624,0.734306,0.709757,0.686033,0.663131
0.0086815,35.3946,32.2493,30.8049,29.589,28.6777,27.8963,28.0666,28.5455,30.1216,31.143,32.1914,33.1741,34.3874,34.0017,33.2669,32.0077,30.5686,29.1702,27.961,27.0479,26.491,26.3266,26.5383,26.9925,27.434,27.0254,25.7912,22.4579,15.076,14.5346,13.6546,13.3011,12.6501,12.0839,11.839,11.362,10.9299,10.5357,10.1737,9.83901,9.52885,9.23993,8.83265,8.58763,8.35696,8.02823,7.72658,7.54327,7.27896,7.03328,6.80436,6.59047,6.39011,6.13902,5.96564,5.74704,5.59548,5.40351,5.22456,5.05733,4.90078,4.71718,4.58107,4.42069,4.27138,4.132,4.00158,3.85502,3.74153,3.61336,3.49382,3.38204,3.27729,3.16269,3.05594,2.95625,2.86293,2.76305,2.66998,2.58305,2.49165,2.41589,2.33586,2.25285,2.1832,2.11061,2.03608,1.97288,1.90188,1.84126,1.77934,1.72148,1.66287,1.60815,1.55309,1.50169,1.45026,1.40225,1.35734,1.30976,1.26797,1.224,1.18299,1.14466,1.10486,1.06775,1.03306,0.997404,0.964139,0.933031,0.901298,0.870462,0.841675,0.813692,0.786538,0.759319,0.733929,0.709393,0.685709
0.010418,35.5531,32.3924,30.9498,29.7421,28.8459,28.1162,28.3176,28.8274,30.4562,31.4933,32.549,33.53,34.7164,34.3198,33.5705,32.3137,30.8948,29.5347,28.3876,27.5662,27.134,27.1157,27.4586,27.9937,28.4725,28.1848,27.2011,25.4409,15.6531,15.0399,14.0993,13.7292,13.0555,12.4721,12.2192,11.7282,11.2834,10.8774,10.5042,10.159,9.83892,9.54058,9.12036,8.86709,8.62856,8.28901,7.97722,7.78738,7.51405,7.25997,7.0232,6.80196,6.59471,6.33516,6.1558,5.92984,5.77305,5.57461,5.38964,5.21678,5.05496,4.86528,4.72461,4.55892,4.40468,4.2607,4.12599,3.97465,3.85743,3.7251,3.60168,3.48627,3.37813,3.25985,3.14968,3.0468,2.9505,2.84744,2.75142,2.66174,2.56746,2.4893,2.40676,2.32116,2.24932,2.17447,2.09762,2.03245,1.95926,1.89675,1.83292,1.77328,1.71287,1.65646,1.59971,1.54675,1.49374,1.44427,1.39799,1.34896,1.30589,1.26059,1.21834,1.17885,1.13785,1.09962,1.06388,1.02715,0.992886,0.960843,0.928158,0.896397,0.866748,0.837926,0.809961,0.781929,0.75578,0.730513,0.706122
0.012501,35.711,32.5346,31.0935,29.8934,29.0125,28.3337,28.5658,29.1056,30.7847,31.8364,32.8984,33.8771,35.0364,34.6289,33.8651,32.6112,31.2105,29.8873,28.7996,28.0651,27.7461,27.8498,28.2896,28.8761,29.3729,29.1442,28.2812,26.8834,16.2904,15.5539,14.5275,14.1368,13.4367,12.8348,12.5737,12.0686,11.6111,11.1935,10.8096,10.4544,10.1249,9.81764,9.38528,9.12425,8.8784,8.52875,8.20755,8.01164,7.72997,7.46812,7.2241,6.99608,6.78247,6.51513,6.33026,6.09752,5.93591,5.73152,5.54101,5.36298,5.19632,5.00105,4.85618,4.68562,4.52686,4.37865,4.24,4.08427,3.96363,3.82748,3.7005,3.58176,3.47051,3.34886,3.23556,3.12975,3.03071,2.92475,2.82603,2.73382,2.6369,2.55655,2.47171,2.38373,2.30989,2.23296,2.15399,2.08702,2.01182,1.94759,1.88201,1.82073,1.75867,1.70073,1.64243,1.58802,1.53358,1.48276,1.43523,1.38488,1.34065,1.29413,1.25074,1.21019,1.16808,1.12883,1.09214,1.05443,1.01924,0.986345,0.952788,0.920182,0.889744,0.860156,0.831447,0.802672,0.775831,0.749894,0.724858
0.015002,35.8688,32.6758,31.2361,30.0444,29.1779,28.5498,28.8115,29.3804,31.1077,32.1731,33.2405,34.2162,35.3481,34.9297,34.1517,32.8999,31.517,30.2292,29.199,28.5469,28.331,28.5371,29.0503,29.6707,30.1749,29.9747,29.1812,27.961,23.3371,16.1088,14.9506,14.5332,13.8014,13.179,12.9091,12.3893,11.9191,11.4901,11.0957,10.7307,10.3921,10.0764,9.63247,9.36411,9.11132,8.75215,8.4221,8.22049,7.93099,7.66186,7.41105,7.17669,6.95714,6.68253,6.49252,6.25347,6.08736,5.87742,5.68175,5.4989,5.32773,5.12726,4.97847,4.80339,4.64041,4.48827,4.34595,4.18615,4.06232,3.92262,3.79233,3.6705,3.55636,3.43158,3.31536,3.20683,3.10525,2.99659,2.89536,2.8008,2.70144,2.61905,2.53206,2.44187,2.36618,2.28732,2.20638,2.13773,2.06066,1.99484,1.92764,1.86484,1.80125,1.74187,1.68214,1.6264,1.57062,1.51856,1.46986,1.41828,1.37297,1.32532,1.28088,1.23934,1.19621,1.15601,1.11843,1.0798,1.04377,1.01008,0.975716,0.942325,0.911155,0.880856,0.851459,0.821993,0.794509,0.767951,0.742316
0.018002,36.026,32.8161,31.3775,30.1936,29.3417,28.7638,29.0547,29.6519,31.4252,32.5031,33.5752,34.5474,35.6518,35.2225,34.4306,33.1806,31.8137,30.5611,29.5864,29.0128,28.8906,29.1836,29.7533,30.3963,30.9013,30.7121,29.9624,28.8496,25.5989,20.7821,15.3815,14.9276,14.156,13.5101,13.2305,12.6952,12.2119,11.7713,11.3665,10.9921,10.6446,10.3207,9.86563,9.59023,9.3308,8.96256,8.62409,8.41708,8.12015,7.84414,7.58692,7.34658,7.12142,6.83996,6.6451,6.40008,6.22974,6.01458,5.81404,5.62666,5.45124,5.24588,5.09342,4.91407,4.74713,4.5913,4.44553,4.2819,4.15508,4.01203,3.87863,3.7539,3.63704,3.50932,3.39036,3.27927,3.17531,3.06411,2.96052,2.86376,2.76209,2.67779,2.5888,2.49653,2.41909,2.33843,2.25564,2.18542,2.1066,2.03928,1.97054,1.90632,1.84129,1.78058,1.7195,1.6625,1.60547,1.55224,1.50245,1.44972,1.4034,1.35468,1.30925,1.26678,1.2227,1.1816,1.14319,1.10371,1.06688,1.03244,0.997322,0.963195,0.931337,0.900372,0.870328,0.840215,0.812127,0.784987,0.75879
0.021602,36.1831,32.9555,31.5181,30.3417,29.5043,28.9755,29.2955,29.9203,31.7376,32.8273,33.9033,34.8715,35.948,35.5079,34.7023,33.4539,32.1045,30.8842,29.9633,29.4645,29.428,29.795,30.4092,31.0668,31.5686,31.3797,30.659,29.6185,26.8895,25.1422,15.8407,15.3324,14.5081,13.834,13.5437,12.9913,12.4942,12.0417,11.6264,11.2424,10.8862,10.5542,10.0883,9.80606,9.54021,9.16322,8.81665,8.60444,8.3004,8.01779,7.75444,7.50837,7.27786,6.98985,6.79037,6.53968,6.3653,6.14516,5.93999,5.74829,5.56883,5.35881,5.20284,5.01944,4.84873,4.68938,4.54032,4.37305,4.24338,4.09716,3.9608,3.83331,3.71386,3.58334,3.46177,3.34826,3.24202,3.12842,3.02258,2.92373,2.81987,2.73375,2.64284,2.54861,2.46951,2.38712,2.30257,2.23086,2.15037,2.08162,2.01144,1.94587,1.87947,1.81748,1.75512,1.69693,1.6387,1.58437,1.53354,1.47971,1.43243,1.3827,1.33633,1.29298,1.24799,1.20604,1.16683,1.12654,1.08896,1.05381,1.01797,0.983141,0.950631,0.919031,0.888372,0.857645,0.828983,0.801289,0.774558
0.025923,36.3399,33.0942,31.6576,30.4887,29.6656,29.186,29.5342,30.1856,32.0454,33.1457,34.225,35.1886,36.2372,35.7863,34.9673,33.7203,32.3868,31.1989,30.3305,29.9031,29.9448,30.3755,31.025,31.6918,32.1873,31.9917,31.2906,30.3025,27.8851,26.6323,20.3909,18.9967,14.8663,14.1568,13.8538,13.2821,12.7699,12.3049,11.8787,11.4851,11.1202,10.7801,10.3034,10.0144,9.7423,9.35674,9.00229,8.78504,8.47409,8.18509,7.91581,7.66422,7.42855,7.13423,6.93028,6.67412,6.49584,6.27091,6.06128,5.86542,5.68207,5.46756,5.30823,5.12092,4.94657,4.78385,4.63163,4.46085,4.32844,4.17916,4.03995,3.90981,3.78788,3.65466,3.53059,3.41474,3.30632,3.19039,3.08239,2.98153,2.87557,2.78769,2.69495,2.59882,2.51812,2.43408,2.34785,2.27469,2.1926,2.12248,2.05091,1.98403,1.91631,1.8531,1.78951,1.73017,1.6708,1.61539,1.56357,1.50868,1.46047,1.40977,1.3625,1.3183,1.27244,1.22967,1.18971,1.14863,1.11032,1.07449,1.03795,1.00245,0.969316,0.937106,0.905857,0.874537,0.845324,0.817097,0.789853
0.031107,36.4963,33.2322,31.7962,30.6342,29.8258,29.3953,29.7704,30.4481,32.3483,33.4586,34.5404,35.499,36.5194,36.0578,35.2257,33.98,32.6619,31.5059,30.6884,30.3293,30.4427,30.9285,31.6061,32.2781,32.7653,32.5581,31.8706,30.9222,28.7226,27.7191,25.6909,23.352,19.6313,18.794,18.3017,13.5725,13.0433,12.5647,12.1271,11.7234,11.3495,11.0012,10.5137,10.2181,9.93966,9.54563,9.18339,8.96118,8.64345,8.34819,8.07312,7.81613,7.57541,7.27493,7.06664,6.80514,6.62308,6.39348,6.1795,5.97958,5.79244,5.57357,5.41096,5.21985,5.04197,4.87595,4.72066,4.54647,4.41139,4.25914,4.11716,3.98443,3.86008,3.72424,3.59773,3.47961,3.36906,3.25088,3.14078,3.03795,2.92995,2.84037,2.74583,2.64786,2.56561,2.47996,2.39207,2.31752,2.23387,2.16242,2.08948,2.02134,1.95234,1.88793,1.82314,1.76269,1.7022,1.64576,1.59296,1.53705,1.48793,1.43629,1.38813,1.34312,1.2964,1.25284,1.21213,1.17029,1.13127,1.09478,1.05757,1.02141,0.98766,0.954857,0.923031,0.891136,0.861386,0.83264,0.804895
0.037329,36.6525,33.3694,31.934,30.7796,29.9849,29.6027,30.0051,30.7077,32.6467,33.7662,34.8499,35.803,36.7951,36.3229,35.478,34.2335,32.9305,31.8055,31.038,30.7441,30.9234,31.4571,32.1573,32.8315,33.3089,33.0867,32.4084,31.4913,29.458,28.618,27.3907,27.0506,25.6368,19.9922,19.4109,17.9806,13.3194,12.8255,12.3753,11.9609,11.5776,11.2209,10.7223,10.4198,10.1351,9.73255,9.36252,9.13537,8.81089,8.50941,8.22858,7.96625,7.72054,7.41398,7.20139,6.93462,6.74882,6.51461,6.29634,6.09243,5.90155,5.67837,5.51252,5.31766,5.1363,4.96704,4.80871,4.63115,4.49345,4.33826,4.19355,4.05827,3.93154,3.79311,3.66419,3.54383,3.43119,3.31077,3.1986,3.09384,2.98381,2.89255,2.79626,2.69646,2.61268,2.52544,2.43593,2.36,2.2748,2.20203,2.12775,2.05836,1.9881,1.92251,1.85654,1.79498,1.73339,1.67592,1.62216,1.56523,1.51523,1.46265,1.41362,1.3678,1.32023,1.27589,1.23445,1.19186,1.15214,1.11499,1.07711,1.04031,1.00595,0.972564,0.94017,0.907705,0.877423,0.848165,0.819926
0.044794,36.8086,33.506,32.071,30.9237,30.1429,29.8086,30.2376,30.9647,32.9409,34.0689,35.1538,36.1009,37.0647,36.582,35.7244,34.4811,33.1928,32.0984,31.3797,31.1482,31.3882,31.9637,32.6821,33.3561,33.8227,33.5832,32.911,32.0193,30.1207,29.4022,28.5936,28.5679,28.6012,27.5394,24.7969,19.1246,13.6042,13.0922,12.6279,12.2018,11.8083,11.4426,10.9324,10.6229,10.3317,9.92037,9.5424,9.31024,8.97892,8.67116,8.38454,8.11684,7.86614,7.55346,7.33657,7.06452,6.87498,6.63615,6.41359,6.20568,6.01106,5.78357,5.61448,5.41588,5.23103,5.05851,4.89715,4.71623,4.57589,4.41776,4.27032,4.13249,4.00337,3.86235,3.73103,3.60841,3.49367,3.37103,3.25678,3.15009,3.03803,2.94509,2.84702,2.7454,2.66008,2.57125,2.48011,2.4028,2.31606,2.24197,2.16635,2.0957,2.02417,1.9574,1.89024,1.82758,1.76488,1.70638,1.65166,1.59372,1.54282,1.48931,1.4394,1.39276,1.34435,1.29922,1.25704,1.2137,1.17327,1.13547,1.09692,1.05947,1.02451,0.990527,0.957562,0.924526,0.893712,0.863939,0.835204
0.053753,36.9644,33.6421,32.207,31.0669,30.3001,30.0134,30.4684,31.2193,33.2312,34.367,35.4524,36.3933,37.3285,36.8353,35.9654,34.7231,33.4492,32.385,31.7141,31.5424,31.8383,32.4505,33.1835,33.8554,34.3103,34.0518,33.3836,32.5131,30.7285,30.1077,29.5839,29.7096,30.0338,29.6498,28.9716,20.6752,18.8322,13.3716,12.8905,12.4509,12.0461,11.6706,11.1479,10.831,10.5329,10.1124,9.7262,9.48886,9.15049,8.83627,8.54372,8.27054,8.01473,7.69582,7.47455,7.19712,7.00377,6.76024,6.53332,6.32133,6.12291,5.89103,5.71865,5.51623,5.32783,5.15201,4.98757,4.80321,4.66019,4.49908,4.34886,4.20843,4.07687,3.93322,3.79945,3.67454,3.55767,3.43275,3.31639,3.20772,3.0936,2.99894,2.89907,2.79559,2.70871,2.61825,2.52545,2.44673,2.35841,2.28297,2.20598,2.13405,2.06123,1.99325,1.92489,1.86109,1.79727,1.73772,1.68201,1.62303,1.57122,1.51675,1.46596,1.41848,1.36921,1.32327,1.28034,1.23623,1.19508,1.15661,1.11737,1.07926,1.04368,1.0091,0.975549,0.941929,0.91057,0.880272,0.851029
0.064504,37.1202,33.7776,32.343,31.2096,30.4566,30.2169,30.6976,31.4715,33.5176,34.6604,35.746,36.6802,37.5866,37.0832,36.2012,34.9598,33.7001,32.6655,32.0414,31.9271,32.2745,32.919,33.6636,34.3318,34.7745,34.4958,33.83,32.9775,31.2925,30.7544,30.4473,30.6667,31.1197,30.8958,30.4165,28.4476,20.1409,18.9157,18.2825,12.7148,12.2969,11.9103,11.3737,11.0485,10.7431,10.3127,9.91773,9.67493,9.32912,9.00813,8.70937,8.43048,8.16936,7.84397,7.61816,7.33514,7.13784,6.88944,6.65798,6.44178,6.23941,6.00298,5.82719,5.62081,5.42873,5.24949,5.08184,4.89393,4.74814,4.58393,4.43081,4.28769,4.15361,4.00722,3.8709,3.74363,3.62453,3.49725,3.37869,3.26797,3.15171,3.05527,2.95353,2.84811,2.7596,2.66745,2.57293,2.49273,2.40278,2.32594,2.24752,2.17426,2.10009,2.03086,1.96123,1.89626,1.83127,1.77062,1.71389,1.65383,1.60107,1.5456,1.49387,1.44553,1.39536,1.34858,1.30487,1.25996,1.21806,1.17888,1.13894,1.10013,1.0639,1.02869,0.994537,0.960308,0.928381,0.897534,0.867762
0.077405,37.2758,33.9126,32.478,31.3513,30.6121,30.4193,30.925,31.7213,33.8003,34.9494,36.0345,36.9615,37.8392,37.3256,36.4318,35.1913,33.9454,32.9402,32.3619,32.3025,32.6974,33.3703,34.1239,34.7873,35.2172,34.9175,34.2528,33.416,31.8203,31.3547,31.2229,31.507,32.0295,31.8686,31.4573,29.9657,27.8105,20.3607,19.5354,19.1546,18.7007,17.9114,11.6159,11.2816,10.9678,10.5266,10.1219,9.8732,9.51933,9.19104,8.88565,8.60066,8.3339,8.00161,7.77098,7.48203,7.28056,7.02698,6.79073,6.57005,6.36351,6.12225,5.94285,5.73228,5.5363,5.35343,5.18239,4.9907,4.84197,4.67448,4.5183,4.37232,4.23557,4.08627,3.94725,3.81745,3.696,3.56622,3.44532,3.33242,3.21388,3.11555,3.01181,2.90434,2.8141,2.72016,2.62379,2.54204,2.45034,2.37201,2.29207,2.21739,2.14179,2.07122,2.00025,1.93402,1.86778,1.80596,1.74814,1.68693,1.63316,1.57663,1.52391,1.47464,1.42351,1.37584,1.33129,1.28552,1.24283,1.2029,1.16219,1.12265,1.08573,1.04985,1.01505,0.980167,0.947634,0.916201,0.885864
0.092886,37.4314,34.0473,32.6126,31.4927,30.7671,30.6207,31.1511,31.9693,34.0795,35.2344,36.3185,37.238,38.0869,37.5632,36.6577,35.418,34.186,33.2095,32.6762,32.6693,33.1082,33.806,34.5665,35.2239,35.6406,35.3192,34.6547,33.8319,32.318,31.9177,31.9335,32.2647,32.8274,32.6937,32.3138,31.0142,29.5695,28.1628,24.442,20.4724,19.7971,19.1238,17.8968,11.539,11.2156,10.7617,10.3461,10.0907,9.72782,9.39141,9.07867,8.78698,8.51403,8.17419,7.9383,7.64287,7.43686,7.17764,6.93615,6.71061,6.49952,6.253,6.06967,5.85453,5.65431,5.46748,5.29274,5.09694,4.94501,4.77393,4.61441,4.46531,4.32564,4.17318,4.0312,3.89865,3.77463,3.6421,3.51866,3.40338,3.28235,3.18194,3.07603,2.9663,2.87417,2.77826,2.67988,2.59642,2.50281,2.42284,2.34124,2.265,2.18783,2.1158,2.04336,1.97576,1.90814,1.84505,1.78603,1.72355,1.66867,1.61097,1.55716,1.50687,1.45469,1.40604,1.36057,1.31386,1.27029,1.22954,1.188,1.14764,1.10996,1.07335,1.03783,1.00223,0.969034,0.936957,0.905999
0.11146,37.5869,34.1816,32.7466,31.6332,30.9215,30.8213,31.3756,32.2149,34.3552,35.5153,36.5979,37.5094,38.3295,37.7958,36.8789,35.6399,34.4212,33.4734,32.9841,33.0274,33.5068,34.2266,34.992,35.6424,36.0457,35.7021,35.037,34.2267,32.7887,32.4485,32.5913,32.9579,33.5438,33.4199,33.0561,31.8654,30.6969,29.9786,29.6306,28.9871,25.5304,20.3638,19.2059,18.7787,18.4981,11.0294,10.6007,10.3375,9.96403,9.61821,9.29704,8.99773,8.71776,8.36935,8.12753,7.82479,7.61366,7.34809,7.10072,6.86969,6.65349,6.40105,6.2133,5.99301,5.78801,5.59673,5.41784,5.21741,5.06187,4.88675,4.72347,4.57086,4.4279,4.27186,4.12656,3.9909,3.86397,3.72836,3.60203,3.48407,3.36022,3.25747,3.1491,3.03682,2.94255,2.84442,2.74376,2.65836,2.56259,2.48078,2.39729,2.31929,2.24034,2.16664,2.09253,2.02338,1.9542,1.88966,1.82928,1.76536,1.70922,1.6502,1.59516,1.54371,1.49033,1.44057,1.39406,1.34628,1.3017,1.26003,1.21753,1.17625,1.13771,1.10026,1.06393,1.02752,0.993561,0.960752,0.929086
0.13376,37.7427,34.3159,32.8804,31.7735,31.0755,31.0211,31.5993,32.4591,34.6279,35.7926,36.873,37.7765,38.5677,38.0241,37.0957,35.8577,34.6521,33.7326,33.2864,33.3779,33.8946,34.6336,35.4022,36.0449,36.4343,36.068,35.4017,34.6029,33.2363,32.9519,33.206,33.5999,34.1978,34.0741,33.7188,32.6009,31.6,31.1613,31.1781,31.1089,30.4463,28.7082,20.6147,20.0643,19.7856,19.3356,18.7141,18.2519,10.2445,9.88707,9.55567,9.24721,8.95886,8.60025,8.35142,8.04002,7.82287,7.54981,7.29549,7.05801,6.83579,6.57637,6.38343,6.15708,5.94645,5.74994,5.56616,5.36026,5.20048,5.0206,4.85289,4.69614,4.54931,4.38905,4.23982,4.10051,3.97015,3.83088,3.70115,3.58001,3.45283,3.34732,3.23603,3.12074,3.02394,2.92318,2.81982,2.73213,2.6338,2.54979,2.46407,2.38398,2.30292,2.22725,2.15116,2.08015,2.00913,1.94286,1.88087,1.81525,1.75761,1.697,1.6405,1.58768,1.53288,1.48179,1.43404,1.38498,1.33922,1.29643,1.25281,1.21042,1.17086,1.13241,1.09511,1.05773,1.02287,0.98919,0.956682
0.16051,37.8983,34.4499,33.0139,31.9136,31.2292,31.2204,31.8217,32.7016,34.8978,36.0665,37.1444,38.0397,38.8019,38.2482,37.3091,36.0713,34.8789,33.9872,33.5833,33.7208,34.272,35.0276,35.7979,36.4322,36.8075,36.4181,35.7503,34.9618,33.6627,33.4308,33.7832,34.1979,34.8003,34.6712,34.3197,33.2559,32.3777,32.1153,32.2936,32.3607,31.9308,31.0038,28.9188,25.128,21.4325,20.6828,19.981,19.6332,19.2169,18.9172,18.5147,9.56123,9.26214,8.89051,8.63283,8.3105,8.0858,7.80332,7.54029,7.29473,7.06498,6.7968,6.59738,6.36344,6.14578,5.94271,5.75282,5.54009,5.37501,5.18918,5.01592,4.85399,4.70231,4.53676,4.38261,4.2387,4.10405,3.9602,3.8262,3.70107,3.56971,3.46073,3.34578,3.2267,3.12671,3.02263,2.91588,2.82531,2.72375,2.63698,2.54844,2.46572,2.38199,2.30383,2.22524,2.15191,2.07855,2.0101,1.94608,1.8783,1.81876,1.75617,1.69781,1.64326,1.58665,1.53388,1.48456,1.43389,1.38663,1.34244,1.29738,1.2536,1.21274,1.17303,1.1345,1.0959,1.05989,1.0251,0.991523
0.19261,38.0543,34.5839,33.1475,32.0535,31.3824,31.4192,32.0432,32.9419,35.1645,36.3364,37.4114,38.2973,39.0313,38.4682,37.5182,36.281,35.1013,34.2372,33.8745,34.0557,34.6387,35.4088,36.1797,36.805,37.1661,36.7535,36.0835,35.3046,34.0696,33.8868,34.3262,34.7567,35.3581,35.2192,34.8691,33.8482,33.0698,32.9394,33.2157,33.3399,32.9856,32.2341,31.0574,30.5736,30.1171,27.915,21.5625,21.0743,20.6006,20.2876,19.9322,19.5617,9.68326,9.29291,9.02271,8.685,8.44981,8.15418,7.87904,7.62225,7.38209,7.10179,6.89343,6.64902,6.42165,6.20955,6.01124,5.78907,5.61671,5.42266,5.24176,5.07269,4.91433,4.74149,4.58055,4.4303,4.28973,4.13953,3.99963,3.86899,3.73184,3.61806,3.49805,3.37371,3.26932,3.16065,3.04919,2.95463,2.84857,2.75797,2.66552,2.57915,2.49172,2.4101,2.32804,2.25145,2.17485,2.10337,2.03651,1.96573,1.90355,1.83819,1.77724,1.72027,1.66115,1.60604,1.55453,1.50161,1.45225,1.4061,1.35903,1.31331,1.27063,1.22916,1.18892,1.1486,1.11099,1.07465,1.03958
0.20162,38.0935,34.6179,33.1809,32.0885,31.4209,31.4689,32.0987,33.0025,35.2313,36.4041,37.4782,38.3622,39.0883,38.5226,37.5703,36.3331,35.1566,34.2994,33.9471,34.1391,34.7297,35.5031,36.2737,36.8965,37.2539,36.8353,36.1649,35.3883,34.1691,33.9981,34.4579,34.8917,35.4919,35.35,34.9999,33.9886,33.2329,33.1314,33.4267,33.5598,33.2161,32.4897,31.4049,31.031,30.7513,29.5265,22.1404,21.5201,20.9881,20.648,20.2761,19.9043,9.82227,9.42549,9.15105,8.80818,8.56949,8.2695,7.99033,7.72985,7.48624,7.20194,6.99064,6.74279,6.51223,6.29717,6.0961,5.87084,5.69609,5.49934,5.31594,5.14453,4.98398,4.80874,4.64558,4.49325,4.35073,4.19846,4.05662,3.92418,3.78512,3.66977,3.54809,3.42203,3.31619,3.20602,3.093,2.99712,2.88959,2.79773,2.70399,2.61642,2.52777,2.44502,2.3618,2.28415,2.20648,2.134,2.0662,1.99443,1.93138,1.8651,1.8033,1.74553,1.68558,1.6297,1.57747,1.52381,1.47375,1.42694,1.37922,1.33286,1.28958,1.24752,1.20671,1.16582,1.12768,1.09083,1.05527
0.21995,38.1681,34.6812,33.2446,32.1548,31.4942,31.5638,32.2043,33.1169,35.3577,36.5318,37.6043,38.4839,39.1962,38.6262,37.6683,36.4314,35.2611,34.4171,34.0841,34.2961,34.9006,35.68,36.4502,37.0683,37.4188,36.9889,36.3174,35.545,34.3552,34.2066,34.7032,35.1425,35.74,35.5921,35.2417,34.2473,33.5327,33.4827,33.81,33.9562,33.6279,32.939,31.9868,31.7493,31.6416,30.9918,29.0646,22.6819,21.8353,21.3987,20.9706,20.5754,10.1554,9.74236,9.45745,9.10185,8.85464,8.54403,8.25517,7.98584,7.73399,7.4401,7.22179,6.96568,6.72752,6.50541,6.29777,6.06514,5.88472,5.68158,5.49222,5.31526,5.14952,4.96859,4.80014,4.64289,4.49575,4.33854,4.1921,4.05536,3.91178,3.79269,3.66706,3.53689,3.42761,3.31385,3.19715,3.09814,2.98709,2.89223,2.79543,2.70498,2.61343,2.52797,2.44202,2.36182,2.2816,2.20673,2.13671,2.06257,1.99745,1.92898,1.86514,1.80547,1.74354,1.68581,1.63185,1.57642,1.5247,1.47635,1.42704,1.37914,1.33443,1.29097,1.24881,1.20657,1.16716,1.12909,1.09234
0.24376,38.2564,34.7573,33.3194,32.2341,31.5809,31.6756,32.3286,33.2516,35.5062,36.6818,37.7522,38.6265,39.3226,38.7472,37.7833,36.5466,35.3834,34.5547,34.2444,34.4796,35.0998,35.8856,36.655,37.2676,37.6099,37.1666,36.4937,35.7262,34.5704,34.4472,34.9846,35.4295,36.0226,35.867,35.5159,34.5396,33.8706,33.8763,34.2354,34.3921,34.0762,33.4204,32.5836,32.4493,32.445,32.0234,30.9268,29.9547,26.6611,22.4957,21.9146,21.4491,10.7936,10.3441,10.0369,9.65503,9.39064,9.05887,8.75093,8.46424,8.19648,7.88417,7.65252,7.38163,7.12913,6.8937,6.67367,6.4272,6.23613,6.02101,5.82053,5.63321,5.45779,5.26607,5.08778,4.92135,4.76565,4.59922,4.44423,4.2995,4.14752,4.02147,3.88849,3.75068,3.635,3.51455,3.39097,3.28615,3.16854,3.06809,2.96556,2.86977,2.77279,2.68225,2.5912,2.50623,2.42124,2.34192,2.26772,2.18916,2.12015,2.04759,1.97993,1.91668,1.85104,1.78985,1.73266,1.67389,1.61907,1.56781,1.51553,1.46474,1.41734,1.37126,1.32656,1.28176,1.23997,1.1996,1.16063
0.27553,38.3619,34.8477,33.4098,32.3281,31.6836,31.8088,32.4763,33.4116,35.6822,36.8593,37.927,38.795,39.472,38.8901,37.9191,36.6827,35.5282,34.7173,34.4336,34.6955,35.3335,36.1265,36.8945,37.5003,37.8327,37.3736,36.6988,35.9368,34.8204,34.7265,35.3091,35.7592,36.346,36.1803,35.8276,34.8711,34.2528,34.3187,34.7092,34.8733,34.5666,33.9409,33.21,33.1616,33.2293,32.9264,32.1104,31.5821,30.8929,29.8823,23.4444,22.6843,22.2749,21.8529,11.9397,11.4725,11.1537,10.7541,10.3851,10.0426,9.72355,9.3516,9.0769,8.75761,8.45842,8.17979,7.91971,7.62804,7.40263,7.14841,6.91164,6.69049,6.48354,6.26617,6.05528,5.85848,5.67433,5.47729,5.29381,5.12247,4.94236,4.79313,4.63552,4.47209,4.33497,4.19214,4.04544,3.92103,3.7813,3.66198,3.54021,3.42634,3.311,3.20349,3.09515,2.99404,2.89284,2.79839,2.71003,2.61642,2.5342,2.44769,2.36702,2.2916,2.21329,2.14028,2.07204,2.00188,1.93643,1.87523,1.8128,1.75213,1.69549,1.64043,1.587,1.53345,1.48349,1.43521,1.38861
0.29384,38.4173,34.8951,33.4569,32.3775,31.7385,31.879,32.5542,33.4957,35.7744,36.952,38.0184,38.883,39.5497,38.9648,37.99,36.7536,35.6032,34.8021,34.5323,34.8079,35.4549,36.2512,37.0184,37.6204,37.9477,37.4802,36.8045,36.0453,34.9492,34.8703,35.4751,35.9274,36.5103,36.339,35.9853,35.0383,34.4453,34.5405,34.9449,35.1112,34.8075,34.1948,33.5112,33.4989,33.5931,33.3272,32.5846,32.1464,31.6952,31.1491,29.8583,23.5168,22.9485,22.4482,22.1267,12.3562,12.0214,11.6002,11.2098,10.8465,10.5074,10.1108,9.81766,9.47283,9.15231,8.85347,8.57421,8.26058,8.01805,7.74424,7.48903,7.25054,7.02713,6.78378,6.55619,6.34369,6.14485,5.93199,5.7337,5.54851,5.35378,5.19243,5.02197,4.84515,4.69681,4.54219,4.38342,4.24881,4.09756,3.96841,3.8365,3.71323,3.58835,3.4721,3.35476,3.24523,3.13561,3.03328,2.93755,2.83612,2.74703,2.6533,2.56588,2.48415,2.39929,2.32016,2.2462,2.17016,2.09922,2.03289,1.96521,1.89944,1.83805,1.77836,1.72044,1.66238,1.60822,1.55588,1.50536
0.3126,38.4708,34.9409,33.5024,32.425,31.7901,31.9466,32.6289,33.5764,35.8628,37.0412,38.106,38.9671,39.6242,39.0356,38.0576,36.8214,35.6753,34.8829,34.6268,34.9154,35.5708,36.3701,37.1362,37.7347,38.057,37.5814,36.9047,36.1482,35.0714,35.0067,35.6321,36.0863,36.6648,36.488,36.1332,35.1949,34.6256,34.7475,35.1638,35.3312,35.0295,34.4279,33.7861,33.8045,33.9197,33.6804,32.989,32.6089,32.2878,31.9417,31.1303,29.672,23.7431,23.0684,22.6897,22.2606,12.5891,12.1508,11.7442,11.3654,11.0117,10.5976,10.2912,9.93053,9.5952,9.28246,8.9901,8.66168,8.40761,8.12074,7.85329,7.6033,7.3691,7.11291,6.87432,6.65154,6.44305,6.21988,6.01196,5.81777,5.61359,5.44438,5.26562,5.08021,4.92465,4.7625,4.59601,4.45484,4.29624,4.16082,4.02249,3.89324,3.76229,3.64006,3.51703,3.4022,3.28726,3.17999,3.07963,2.97329,2.8799,2.78163,2.68998,2.60431,2.51535,2.4324,2.35487,2.27516,2.20081,2.13127,2.06033,1.99139,1.92704,1.86448,1.80377,1.74292,1.68615,1.63129,1.57834
0.3412,38.5465,35.0056,33.5667,32.4924,31.8641,32.0415,32.7341,33.6902,35.9872,37.1664,38.2291,39.0856,39.7289,39.136,38.1528,36.9168,35.7764,34.9973,34.7594,35.066,35.7328,36.5361,37.3008,37.8942,38.2094,37.7224,37.0443,36.2915,35.2417,35.1965,35.8495,36.3056,36.878,36.693,36.3365,35.4097,34.8723,35.03,35.4611,35.6287,35.3284,34.7407,34.1529,34.2098,34.3493,34.1376,33.4998,33.1785,32.9745,32.7662,32.2163,31.4558,30.6194,27.714,23.6035,23.0607,22.8206,12.7538,12.3278,11.9308,11.5598,11.1256,10.8041,10.4256,10.0736,9.74531,9.43831,9.09348,8.82661,8.52533,8.24443,7.98184,7.73582,7.46674,7.21615,6.98215,6.76316,6.52877,6.31041,6.10647,5.89205,5.71434,5.52663,5.33194,5.16858,4.99834,4.82354,4.67533,4.50883,4.36666,4.22146,4.08578,3.94834,3.82001,3.69089,3.57037,3.44976,3.33719,3.23187,3.12029,3.0223,2.91919,2.82304,2.73315,2.63982,2.5528,2.47146,2.38785,2.30985,2.2369,2.16249,2.09019,2.02269,1.95707,1.8934,1.82957,1.77003,1.7125,1.65696
0.36015,38.5934,35.0459,33.6065,32.5339,31.9095,32.1006,32.7998,33.7608,36.064,37.2437,38.3052,39.1587,39.7934,39.1977,38.2115,36.9752,35.8387,35.0677,34.8411,35.1586,35.8323,36.6379,37.4016,37.9917,38.3025,37.8085,37.1295,36.3789,35.3456,35.3123,35.9815,36.4387,37.0069,36.8166,36.459,35.5389,35.0208,35.1994,35.6383,35.8053,35.5053,34.9251,34.3682,34.4467,34.5985,34.3999,33.7881,33.4952,33.344,33.1864,32.7125,32.114,31.5873,30.5455,28.0826,23.6356,23.3439,22.9712,12.6383,12.2312,11.8509,11.4056,11.0759,10.6878,10.3269,9.99014,9.67528,9.32167,9.04795,8.73898,8.45091,8.18161,7.92932,7.6534,7.39643,7.15649,6.93193,6.69161,6.46773,6.25862,6.0388,5.8566,5.66416,5.46459,5.29712,5.12261,4.94344,4.79151,4.62087,4.47515,4.32633,4.18727,4.04642,3.9149,3.78258,3.65908,3.53548,3.42012,3.31221,3.19788,3.09746,2.99182,2.8933,2.8012,2.70558,2.61642,2.53309,2.44743,2.36752,2.29279,2.21656,2.14249,2.07334,2.00612,1.9409,1.87551,1.81453,1.75559,1.69871
0.38201,38.6446,35.0894,33.6499,32.5795,31.9601,32.1648,32.8706,33.8366,36.1475,37.3276,38.3873,39.2378,39.8632,39.2641,38.2749,37.0388,35.9063,35.1439,34.9294,35.2589,35.9398,36.7478,37.5102,38.0967,38.4028,37.9012,37.2212,36.4729,35.4574,35.4368,36.1231,36.581,37.1445,36.9485,36.5896,35.6765,35.1787,35.3791,35.8257,35.9914,35.6909,35.1182,34.5934,34.6935,34.8571,34.6698,34.082,33.8156,33.712,33.5952,33.1751,32.6779,32.3227,31.7098,30.8705,28.0028,24.0119,23.5525,23.1768,12.535,12.1449,11.6885,11.3503,10.9525,10.5824,10.2371,9.9143,9.5518,9.27114,8.9544,8.65908,8.38301,8.12436,7.84154,7.57815,7.33221,7.10204,6.85575,6.6263,6.412,6.18674,6.00001,5.80282,5.59832,5.42672,5.24791,5.06435,4.90868,4.73386,4.58457,4.43212,4.28966,4.14537,4.01065,3.87511,3.74861,3.62201,3.50386,3.39333,3.27623,3.17339,3.0652,2.9643,2.86998,2.77206,2.68076,2.59542,2.50771,2.42587,2.34935,2.2713,2.19545,2.12464,2.05582,1.98903,1.92209,1.85965,1.79931,1.74106
0.40573,38.6971,35.1341,33.6945,32.6261,32.0108,32.2311,32.9428,33.9155,36.2327,37.413,38.4714,39.3185,39.9345,39.3328,38.3396,37.1036,35.9751,35.2217,35.0198,35.3609,36.049,36.8592,37.6201,38.2034,38.5045,37.995,37.314,36.5682,35.5707,35.5629,36.2659,36.7245,37.2829,37.0809,36.7206,35.8144,35.3368,35.5585,36.0121,36.1759,35.8746,35.3088,34.8149,34.9353,35.1093,34.9312,34.3646,34.1222,34.0597,33.9747,33.5933,33.1628,32.9066,32.4964,31.954,30.9576,29.7396,24.2667,23.7978,23.4767,12.4326,11.9651,11.6186,11.2111,10.8321,10.4785,10.1478,9.77663,9.48918,9.16484,8.86244,8.57974,8.3149,8.02534,7.75568,7.50388,7.26824,7.01612,6.78124,6.56188,6.33131,6.14018,5.93835,5.72906,5.55342,5.37043,5.18258,5.02327,4.84438,4.69161,4.53561,4.38985,4.24221,4.10437,3.9657,3.83627,3.70675,3.58587,3.47279,3.353,3.24779,3.13712,3.0339,2.93742,2.83726,2.74386,2.65657,2.56685,2.48315,2.40488,2.32505,2.24747,2.17505,2.10466,2.03636,1.96789,1.90403,1.84232,1.78275
0.42798,38.7436,35.1741,33.7339,32.6668,32.0566,32.289,33.0078,33.9846,36.3081,37.4888,38.5457,39.3898,39.9972,39.3929,38.3967,37.161,36.0361,35.2901,35.0994,35.4508,36.1452,36.9573,37.7172,38.2969,38.5937,38.0773,37.3954,36.6516,35.67,35.6734,36.3906,36.8496,37.4033,37.196,36.8344,35.934,35.4739,35.7136,36.1727,36.3345,36.032,35.4718,35.0038,35.141,35.3228,35.1513,34.6013,34.3778,34.3471,34.2845,33.9289,33.5419,33.3441,33.0331,32.6165,31.9594,31.4579,30.1387,24.4626,24.0597,23.7418,12.2057,11.8521,11.4362,11.0493,10.6884,10.351,9.97219,9.67884,9.34789,9.03933,8.75089,8.48066,8.18525,7.91015,7.65327,7.41288,7.1557,6.91611,6.69235,6.45718,6.26222,6.05636,5.84291,5.66378,5.47715,5.28558,5.12312,4.9407,4.78491,4.62583,4.47719,4.32665,4.1861,4.0447,3.91273,3.78068,3.65743,3.54214,3.42001,3.31275,3.19991,3.09469,2.99632,2.89421,2.799,2.71001,2.61855,2.53323,2.45344,2.37206,2.29298,2.21916,2.1474,2.07778,2.00799,1.9429,1.88,1.81928
0.44742,38.7824,35.2071,33.7668,32.7017,32.0934,32.3378,33.0613,34.042,36.3708,37.5514,38.6073,39.4488,40.0493,39.4427,38.4441,37.2083,36.0865,35.347,35.1654,35.5253,36.2246,37.0383,37.7971,38.3741,38.6673,38.1451,37.4624,36.7204,35.7518,35.7644,36.493,36.9522,37.5019,37.2902,36.9274,36.0317,35.5859,35.8401,36.3032,36.463,36.1592,35.6032,35.1558,35.3062,35.4937,35.3264,34.7889,34.58,34.573,34.5261,34.1877,33.8301,33.6699,33.4138,33.0575,32.5502,32.2192,31.5078,30.1417,24.6407,24.249,23.8365,12.047,11.624,11.2306,10.8637,10.5205,10.1354,9.83716,9.5007,9.18701,8.89378,8.61907,8.31879,8.03915,7.77804,7.53369,7.2723,7.02879,6.80136,6.56236,6.36421,6.155,5.93808,5.75604,5.56638,5.37171,5.20662,5.02125,4.86294,4.7013,4.55026,4.3973,4.25449,4.11082,3.97674,3.84257,3.71735,3.60021,3.47613,3.36715,3.25251,3.14561,3.04568,2.94194,2.84521,2.75481,2.66189,2.57521,2.49416,2.41148,2.33115,2.25616,2.18327,2.11254,2.04165,1.97553,1.91163,1.84995
0.46763,38.821,35.2401,33.7995,32.7359,32.1316,32.386,33.1147,34.0994,36.433,37.6134,38.6683,39.5071,40.1013,39.4918,38.4911,37.2554,36.1361,35.4034,35.2309,35.5992,36.3034,37.1185,37.8762,38.4504,38.74,38.2121,37.5287,36.7883,35.8327,35.8543,36.5939,37.0532,37.599,37.3826,37.0187,36.1276,35.6958,35.964,36.4305,36.5881,36.2829,35.7308,35.3032,35.4659,35.6583,35.4944,34.9682,34.773,34.7878,34.7542,34.4301,34.0976,33.9686,33.7539,33.4376,33.0234,32.7898,32.2877,31.5681,30.4903,24.8594,24.3563,24.0894,11.8152,11.4152,11.042,10.6931,10.3016,9.99834,9.65628,9.33738,9.03928,8.76002,8.45479,8.17054,7.90513,7.65676,7.39109,7.14359,6.91245,6.66955,6.46817,6.25555,6.03511,5.8501,5.65737,5.45955,5.29177,5.10341,4.94254,4.77829,4.62482,4.46939,4.32428,4.1783,4.04207,3.90574,3.77851,3.65949,3.53343,3.4227,3.30623,3.19762,3.09609,2.99069,2.89242,2.80058,2.70618,2.61812,2.53577,2.45178,2.37017,2.29399,2.21994,2.14809,2.07607,2.0089,1.94399,1.88133
0.49149,38.8647,35.2775,33.8365,32.7742,32.1735,32.4402,33.1746,34.1641,36.503,37.6841,38.7367,39.5736,40.1588,39.5479,38.5438,37.3083,36.1927,35.4669,35.3044,35.682,36.3917,37.2082,37.9646,38.5357,38.8214,38.287,37.6027,36.8643,35.9231,35.9547,36.7064,37.1657,37.7069,37.4853,37.1201,36.234,35.8177,36.101,36.5711,36.726,36.4189,35.8708,35.4646,35.6402,35.8376,35.6765,35.1618,34.9811,35.0185,34.9978,34.6874,34.3792,34.2802,34.1024,33.8185,33.4743,33.3071,32.9342,32.4373,31.9198,31.1268,28.8671,24.7294,24.3541,11.6325,11.252,10.8963,10.4972,10.1881,9.83947,9.51444,9.21063,8.92603,8.61498,8.32532,8.05488,7.80179,7.53109,7.27891,7.0434,6.79592,6.59073,6.37411,6.14953,5.96104,5.76469,5.56316,5.39224,5.20035,5.03648,4.86916,4.71281,4.55449,4.40668,4.25797,4.1192,3.98034,3.85074,3.72951,3.6011,3.48832,3.36969,3.25906,3.15565,3.0483,2.94821,2.85466,2.75852,2.66883,2.58496,2.49942,2.4163,2.33871,2.26329,2.19011,2.11677,2.04835,1.98225,1.91844
0.50931,38.8959,35.3041,33.8626,32.8024,32.2043,32.4795,33.2177,34.2105,36.5531,37.7344,38.7861,39.6205,40.2004,39.5871,38.5816,37.3461,36.2328,35.5116,35.357,35.7411,36.4544,37.2722,38.0276,38.5966,38.8792,38.3402,37.6553,36.9183,35.9874,36.026,36.7862,37.2454,37.7832,37.5578,37.1917,36.3091,35.9037,36.1975,36.6699,36.8226,36.514,35.9687,35.5773,35.7617,35.9621,35.8023,35.2952,35.1243,35.1766,35.1639,34.862,34.5695,34.4892,34.333,34.0673,33.7608,33.6255,33.3093,32.9064,32.5234,32.0263,30.9886,29.3235,24.8422,24.4986,11.4115,11.0506,10.6458,10.3322,9.97859,9.64892,9.34079,9.05214,8.73669,8.44293,8.16866,7.91201,7.63749,7.38177,7.14295,6.89199,6.68393,6.46427,6.23655,6.04543,5.84633,5.64199,5.46868,5.27412,5.10796,4.93831,4.77979,4.61926,4.46939,4.31862,4.17792,4.03713,3.90573,3.78282,3.65263,3.53828,3.41801,3.30585,3.201,3.09217,2.9907,2.89585,2.79838,2.70745,2.62242,2.5357,2.45143,2.37277,2.29631,2.22212,2.14776,2.07841,2.01139,1.9467
0.53213,38.9345,35.337,33.8956,32.8361,32.2415,32.5278,33.2708,34.2669,36.6146,37.7959,38.8462,39.6782,40.2513,39.6363,38.6284,37.3919,36.2821,35.568,35.4213,35.8136,36.5316,37.3504,38.1046,38.6708,38.9499,38.4053,37.7196,36.9842,36.066,36.1132,36.8834,37.3424,37.8759,37.646,37.2787,36.4002,36.0081,36.3145,36.7894,36.9394,36.6288,36.0865,35.7127,35.9074,36.111,35.9524,35.4537,35.2942,35.3637,35.3596,35.0669,34.7919,34.7325,34.599,34.3518,34.0833,33.978,33.7097,33.3809,33.1018,32.7447,32.1538,31.5791,29.9367,25.1443,24.8107,11.2562,10.8437,10.5242,10.164,9.82816,9.51427,9.22025,8.89894,8.59974,8.32039,8.05899,7.77941,7.51897,7.27574,7.02017,6.80828,6.58459,6.35268,6.15805,5.9553,5.74721,5.57072,5.3726,5.20339,5.03064,4.86922,4.70576,4.55314,4.39962,4.25634,4.11298,3.97918,3.85402,3.72146,3.60502,3.48255,3.36834,3.26159,3.15077,3.04744,2.95087,2.85162,2.75903,2.67245,2.58415,2.49834,2.41825,2.3404,2.26486,2.18914,2.11852,2.05028,1.98442
0.55296,38.9684,35.3659,33.9243,32.8662,32.275,32.5697,33.3171,34.3165,36.6681,37.8499,38.899,39.7289,40.2965,39.6786,38.6683,37.4327,36.3252,35.6165,35.4778,35.877,36.599,37.4187,38.1719,38.7356,39.0116,38.4618,37.7757,37.0417,36.1345,36.1892,36.9679,37.4267,37.9565,37.7225,37.3541,36.4792,36.0985,36.4157,36.8925,37.0399,36.7276,36.1877,35.829,36.0322,36.2382,36.08,35.5882,35.4381,35.5216,35.524,35.2383,34.9775,34.9348,34.8183,34.5846,34.3444,34.26,34.0223,33.7374,33.5175,33.239,32.7885,32.4362,31.7952,30.5079,25.4332,25.1007,11.0384,10.7131,10.3463,10.0044,9.68488,9.38559,9.05852,8.75398,8.46966,8.2036,7.91905,7.65398,7.40644,7.14634,6.93069,6.70304,6.46702,6.26894,6.06261,5.85084,5.67123,5.46961,5.29741,5.12159,4.95732,4.79097,4.63566,4.47942,4.33361,4.18771,4.05155,3.92418,3.78927,3.67077,3.54614,3.42991,3.32127,3.20849,3.10334,3.00506,2.90406,2.80983,2.72172,2.63185,2.54453,2.46302,2.38379,2.30692,2.22987,2.15799,2.08855,2.02151
0.57276,38.9995,35.3925,33.9506,32.8939,32.3052,32.6088,33.3601,34.3628,36.7176,37.8992,38.9472,39.775,40.3367,39.7176,38.7054,37.4699,36.3646,35.6604,35.5286,35.9348,36.6604,37.481,38.2331,38.7947,39.0678,38.5136,37.8267,37.094,36.1969,36.2584,37.0447,37.5032,38.0295,37.7918,37.4224,36.5508,36.1806,36.5072,36.9855,37.1305,36.8164,36.2787,35.9333,36.1439,36.3518,36.1936,35.7076,35.5657,35.6612,35.6688,35.3887,35.14,35.1113,35.0086,34.7857,34.5681,34.4999,34.2846,34.0299,33.8482,33.617,33.2526,32.9855,32.5488,32.0047,31.1864,29.7698,25.3153,10.9119,10.5383,10.19,9.86456,9.55973,9.22662,8.91647,8.62691,8.35597,8.06619,7.79627,7.54419,7.27933,7.05973,6.82791,6.58758,6.38588,6.17577,5.96012,5.77723,5.57191,5.39656,5.21753,5.05025,4.88085,4.7227,4.5636,4.41512,4.26654,4.12788,3.99818,3.86079,3.74012,3.6132,3.49484,3.3842,3.26935,3.16227,3.06218,2.95932,2.86336,2.77363,2.68211,2.59319,2.51018,2.42949,2.3512,2.27273,2.19953,2.12881,2.06054
0.59143,39.0278,35.4166,33.9746,32.9189,32.3326,32.6438,33.3988,34.404,36.7628,37.9434,38.9915,39.8171,40.3743,39.7534,38.739,37.5035,36.4004,35.7013,35.5762,35.9874,36.7161,37.5375,38.2885,38.8481,39.1186,38.5603,37.8729,37.1414,36.2534,36.3209,37.1141,37.5723,38.0955,37.8543,37.484,36.6153,36.2544,36.5895,37.0691,37.2118,36.896,36.3602,36.0266,36.2438,36.4531,36.2946,35.8133,35.6788,35.7845,35.7961,35.5206,35.2821,35.2654,35.1739,34.9597,34.7607,34.7055,34.5073,34.2751,34.1201,33.9188,33.6101,33.3985,33.0479,32.6661,32.2102,31.5536,30.0783,25.5946,10.7473,10.392,10.0601,9.74926,9.40957,9.09331,8.79807,8.52182,8.22637,7.95117,7.69417,7.42412,7.20025,6.9639,6.71888,6.51324,6.29903,6.07917,5.89271,5.68337,5.50459,5.32206,5.1515,4.97879,4.81753,4.65531,4.50392,4.35243,4.21104,4.07879,3.9387,3.81566,3.68624,3.56555,3.45273,3.33561,3.22642,3.12436,3.01947,2.92161,2.83011,2.73678,2.6461,2.56145,2.47916,2.39932,2.3193,2.24466,2.17253,2.10291
0.61186,39.0579,35.4422,34.0002,32.9451,32.3619,32.6813,33.44,34.4486,36.8104,37.9919,39.0372,39.8616,40.4131,39.791,38.7747,37.5391,36.4384,35.7444,35.6259,36.0431,36.7751,37.5972,38.3473,38.9047,39.1724,38.6099,37.9217,37.1915,36.3131,36.387,37.1873,37.6452,38.1649,37.9201,37.5488,36.6831,36.3321,36.676,37.1568,37.2971,36.9793,36.4453,36.1241,36.3479,36.5586,36.3994,35.9229,35.7957,35.9117,35.9269,35.6557,35.4274,35.4225,35.3417,35.1358,34.9548,34.9118,34.7293,34.5177,34.3861,34.2091,33.9426,33.7725,33.4882,33.1883,32.8692,32.4855,31.8629,30.803,11.035,10.6702,10.3293,10.0101,9.6613,9.33662,9.03356,8.75002,8.44676,8.1643,7.90054,7.62338,7.39364,7.15108,6.8996,6.68858,6.46873,6.24307,6.05171,5.83684,5.65336,5.466,5.29094,5.11366,4.94813,4.78161,4.6262,4.47069,4.32555,4.18978,4.04596,3.91964,3.78677,3.66286,3.54703,3.42678,3.31466,3.20988,3.10217,3.0017,2.90774,2.81191,2.71879,2.63186,2.54736,2.46537,2.3832,2.30654,2.23247,2.16097
0.63099,39.0852,35.4656,34.0229,32.9697,32.3884,32.7158,33.4774,34.4882,36.8535,38.0347,39.0799,39.9014,40.4487,39.8249,38.8069,37.5713,36.4726,35.7825,35.6707,36.0933,36.8282,37.651,38.4002,38.9555,39.2208,38.6542,37.9655,37.2364,36.3668,36.4468,37.2529,37.7104,38.227,37.9789,37.6068,36.7439,36.4016,36.7533,37.235,37.3729,37.0535,36.5211,36.2108,36.4403,36.652,36.492,36.0195,35.8987,36.0233,36.0414,35.7734,35.5537,35.5588,35.4866,35.2874,35.1215,35.0884,34.9183,34.7229,34.6097,34.4502,34.213,34.0701,33.8288,33.5831,33.325,33.0369,32.6468,32.2348,11.4262,11.0478,25.8789,10.3638,10.0025,9.66635,9.35262,9.05916,8.74528,8.45297,8.18009,7.89327,7.6556,7.40464,7.14444,6.92612,6.69866,6.46517,6.26718,6.04484,5.85498,5.6611,5.47995,5.29647,5.12516,4.95281,4.79195,4.63098,4.48074,4.3402,4.19131,4.06054,3.92297,3.79468,3.67475,3.55024,3.43414,3.32563,3.2141,3.11005,3.01274,2.91349,2.81704,2.72701,2.63949,2.55457,2.46944,2.39004,2.31331,2.23924
0.64558,39.1056,35.483,34.0404,32.9872,32.4076,32.7403,33.5049,34.5184,36.8855,38.067,39.1105,39.9318,40.4756,39.8502,38.8307,37.5954,36.4982,35.812,35.7042,36.1307,36.8679,37.6911,38.4397,38.9934,39.2568,38.6872,37.9982,37.27,36.4069,36.4911,37.3018,37.759,38.2733,38.0227,37.6499,36.7889,36.4532,36.8107,37.293,37.4292,37.1083,36.5771,36.2748,36.5085,36.7209,36.5601,36.0904,35.9742,36.1051,36.1249,35.8591,35.6455,35.6576,35.5912,35.3967,35.2413,35.2149,35.0532,34.869,34.7678,34.6198,34.4007,34.2736,34.0565,33.8425,33.6207,33.3731,33.0574,32.7696,11.9319,11.5354,30.6795,10.8197,10.4419,10.0908,9.76301,9.45677,9.1292,8.82404,8.53938,8.24021,7.99239,7.73068,7.45929,7.23147,6.99426,6.75073,6.54427,6.31233,6.11431,5.91207,5.7231,5.53167,5.35294,5.17309,5.00523,4.83723,4.68043,4.53375,4.37832,4.24182,4.09819,3.96425,3.83903,3.70901,3.58778,3.47446,3.35797,3.24929,3.14766,3.04398,2.94323,2.84917,2.75773,2.669,2.58006,2.49709,2.41691,2.33951
0.66464,39.1318,35.5053,34.0623,33.0106,32.433,32.7732,33.5401,34.5557,36.9259,38.1075,39.1509,39.9692,40.5086,39.8822,38.8612,37.6256,36.5305,35.8484,35.7468,36.178,36.9178,37.7416,38.4892,39.0412,39.3021,38.7289,38.0394,37.3122,36.4572,36.5469,37.3632,37.82,38.3312,38.0775,37.704,36.8455,36.518,36.8825,37.3655,37.4994,37.1769,36.6471,36.3547,36.5935,36.8065,36.6446,36.1783,36.0678,36.2061,36.2279,35.9644,35.7582,35.7786,35.7188,35.5296,35.3867,35.3683,35.2161,35.0447,34.9577,34.8225,34.6236,34.5133,34.3204,34.1372,33.9518,33.7451,33.4858,33.2658,12.7248,12.3053,32.1839,11.5472,11.1462,10.7733,10.4252,10.0996,9.75129,9.42673,9.12371,8.80506,8.54117,8.26234,7.97322,7.73063,7.4777,7.21792,6.99772,6.75021,6.53891,6.32303,6.12129,5.91687,5.72599,5.53387,5.35456,5.17504,5.00748,4.85072,4.68457,4.53865,4.38508,4.24186,4.10796,3.96889,3.83921,3.718,3.59337,3.47709,3.36835,3.2574,3.14957,3.0489,2.95103,2.85605,2.76083,2.672,2.58616,2.50328
0.67958,39.1513,35.522,34.079,33.0278,32.4524,32.7971,33.5676,34.5847,36.9571,38.1384,39.1813,39.999,40.5342,39.9066,38.8845,37.6489,36.5552,35.8761,35.7783,36.2141,36.956,37.7802,38.5271,39.0777,39.3368,38.7607,38.0708,37.3444,36.4957,36.5895,37.4096,37.8665,38.3754,38.1193,37.7451,36.8885,36.5673,36.9371,37.4205,37.5527,37.2288,36.7001,36.4152,36.6577,36.8712,36.7084,36.2444,36.1382,36.282,36.305,36.0431,35.8421,35.8686,35.8133,35.6278,35.494,35.4812,35.3357,35.1733,35.0961,34.9697,34.7848,34.6856,34.5079,34.3435,34.1796,33.9982,33.7732,33.583,13.1599,12.7275,32.7795,11.9456,11.5319,11.1469,10.7875,10.4513,10.0912,9.7559,9.44275,9.11335,8.84056,8.55225,8.25309,8.00221,7.74059,7.47186,7.24406,6.98796,6.76934,6.54595,6.33719,6.12564,5.92809,5.72925,5.54365,5.35784,5.1844,5.02213,4.85013,4.69908,4.54009,4.39181,4.25319,4.10921,3.97495,3.84945,3.72041,3.60001,3.48741,3.37253,3.26087,3.15664,3.05529,2.95694,2.85833,2.76635,2.67745,2.59163
0.69347,39.1693,35.5376,34.0938,33.0435,32.47,32.8203,33.5921,34.6112,36.9856,38.1669,39.2088,40.0246,40.5578,39.9288,38.9055,37.6701,36.5775,35.9018,35.8081,36.2469,36.9906,37.8152,38.5615,39.1107,39.3681,38.7897,38.0992,37.3735,36.5306,36.628,37.4524,37.9085,38.4154,38.1571,37.7823,36.9274,36.6118,36.9865,37.4702,37.6007,37.2756,36.7478,36.4697,36.7155,36.9293,36.7656,36.3037,36.2012,36.3498,36.3738,36.1131,35.9167,35.9484,35.8968,35.7145,35.5883,35.5804,35.4404,35.2858,35.2169,35.0978,34.9245,34.8347,34.6691,34.5185,34.3702,34.2083,34.0111,33.8422,33.6313,13.0316,33.187,12.2318,11.8086,11.4147,11.0469,10.7028,10.3342,9.99094,9.67035,9.33312,9.05381,8.7586,8.45228,8.19537,7.92746,7.65226,7.41898,7.15671,6.93281,6.70403,6.49023,6.27357,6.07125,5.86761,5.67753,5.48722,5.30959,5.1434,4.96724,4.81253,4.64971,4.49784,4.35586,4.2084,4.07089,3.94235,3.81019,3.68688,3.57156,3.4539,3.33954,3.23278,3.12898,3.02825,2.92726,2.83305,2.742,2.6541
0.70845,39.1885,35.5537,34.1104,33.0609,32.4876,32.8433,33.6174,34.6392,37.0152,38.1966,39.2379,40.0532,40.5825,39.9523,38.9277,37.6924,36.6014,35.9283,35.8393,36.2815,37.0272,37.8522,38.5977,39.1455,39.4014,38.8199,38.1292,37.4044,36.5674,36.6686,37.497,37.9528,38.4574,38.1969,37.8214,36.9683,36.6588,37.0383,37.5224,37.6512,37.3247,36.7978,36.5268,36.7761,36.9902,36.8254,36.3656,36.267,36.4205,36.4453,36.1857,35.994,36.0309,35.9829,35.8036,35.6852,35.682,35.5474,35.4006,35.34,35.228,35.0662,34.9854,34.8314,34.6942,34.5596,34.4134,34.2398,34.0932,33.9079,33.7174,33.5296,12.4965,12.0642,11.6618,11.2861,10.9346,10.5581,10.2074,9.87985,9.53531,9.24993,8.94831,8.63532,8.37282,8.09909,7.8179,7.57955,7.31158,7.08281,6.84906,6.63061,6.40924,6.20253,5.99447,5.80026,5.60583,5.42434,5.25455,5.07457,4.91651,4.75016,4.595,4.44995,4.29929,4.15881,4.02749,3.89247,3.7665,3.64868,3.52847,3.41165,3.30258,3.19654,3.09363,2.99046,2.89422,2.80121,2.71141
0.72231,39.2058,35.5684,34.1249,33.0762,32.5049,32.8647,33.6412,34.6636,37.0426,38.2237,39.2643,40.0784,40.6049,39.9734,38.948,37.7125,36.6229,35.9524,35.8673,36.3128,37.0602,37.8855,38.6305,39.1771,39.4313,38.8475,38.1563,37.4321,36.6005,36.7053,37.5373,37.9927,38.4953,38.2327,37.8566,37.0051,36.701,37.085,37.5693,37.6965,37.3688,36.8427,36.578,36.8304,37.0446,36.8788,36.4209,36.3256,36.4834,36.5089,36.2502,36.0626,36.104,36.0589,35.882,35.7703,35.771,35.641,35.5007,35.4471,35.3411,35.1889,35.1157,34.9715,34.8451,34.7215,34.5873,34.431,34.3003,34.1375,33.9671,33.8018,12.717,12.2771,11.8676,11.4853,11.1275,10.7443,10.3874,10.0541,9.70341,9.41296,9.10598,8.78744,8.52027,8.24168,7.9555,7.71291,7.4402,7.20738,6.96949,6.74717,6.5219,6.31153,6.09979,5.90216,5.7043,5.51961,5.34682,5.16368,5.00284,4.83355,4.67567,4.52807,4.37477,4.23181,4.09819,3.9608,3.83261,3.71273,3.59042,3.47154,3.36056,3.25267,3.14796,3.04298,2.94506,2.85042,2.75905
0.73502,39.2217,35.5818,34.1383,33.0896,32.5203,32.885,33.6629,34.6866,37.067,38.2482,39.2882,40.1013,40.6247,39.9928,38.9663,37.7309,36.6424,35.9744,35.8927,36.3411,37.0901,37.9157,38.6601,39.2056,39.4583,38.872,38.1808,37.4573,36.6306,36.7387,37.5737,38.0288,38.5295,38.2651,37.8884,37.0384,36.7391,37.1271,37.6116,37.7373,37.4085,36.8832,36.6242,36.8793,37.0936,36.9268,36.4705,36.3782,36.5399,36.5658,36.3078,36.1237,36.169,36.1263,35.9515,35.8455,35.8496,35.7233,35.5886,35.5411,35.4401,35.2961,35.2293,35.0933,34.9762,34.8615,34.7369,34.5939,34.4747,34.3292,34.1771,34.028,33.8799,12.4623,12.0465,11.6584,11.2951,10.9062,10.5438,10.2054,9.84941,9.55454,9.2429,8.91952,8.64829,8.36549,8.07498,7.82871,7.55188,7.31553,7.07405,6.84838,6.6197,6.40616,6.19124,5.99063,5.78979,5.60233,5.42694,5.24105,5.07779,4.90597,4.74572,4.5959,4.44031,4.29521,4.15959,4.02014,3.89004,3.76837,3.64423,3.52358,3.41094,3.30144,3.19517,3.08863,2.98924,2.89319,2.80046
0.7488,39.2381,35.596,34.1522,33.1041,32.5357,32.9049,33.6851,34.7103,37.093,38.274,39.3134,40.1248,40.646,40.0131,38.9856,37.7501,36.6626,35.9978,35.9195,36.371,37.1217,37.9476,38.6913,39.2355,39.4869,38.8983,38.2067,37.4838,36.6623,36.7737,37.612,38.0668,38.5656,38.299,37.9218,37.0734,36.7792,37.1713,37.656,37.7801,37.4502,36.9256,36.6726,36.9304,37.1449,36.977,36.5223,36.4333,36.5987,36.625,36.3677,36.1871,36.2365,36.196,36.0232,35.9229,35.9303,35.8076,35.6786,35.637,35.541,35.4053,35.3448,35.2169,35.109,35.0028,34.8875,34.7567,34.648,34.5175,34.3822,34.2501,34.1168,33.9571,12.2324,11.8382,11.4693,11.0743,10.7063,10.3626,10.0011,9.7016,9.38511,9.05672,8.78128,8.49408,8.19908,7.94899,7.66787,7.42787,7.18266,6.95351,6.72131,6.50448,6.28624,6.08254,5.87862,5.68828,5.51019,5.32145,5.15569,4.98123,4.81852,4.66641,4.50843,4.36112,4.22342,4.08184,3.94975,3.82622,3.70018,3.57769,3.46333,3.35216,3.24427,3.1361,3.0352,2.93768,2.84355
0.76006,39.2515,35.6074,34.1632,33.1165,32.5487,32.9213,33.7034,34.7301,37.1133,38.2948,39.3337,40.1447,40.6629,40.0294,39.001,37.7656,36.6793,36.0163,35.9409,36.3951,37.1471,37.9732,38.7164,39.2597,39.5098,38.9193,38.2274,37.5051,36.6877,36.8018,37.6428,38.0973,38.5944,38.3263,37.9486,37.1014,36.8113,37.2068,37.6915,37.8143,37.4835,36.9595,36.7113,36.9713,37.1858,37.0169,36.5635,36.4771,36.6455,36.672,36.4152,36.2374,36.2898,36.251,36.0796,35.9838,35.9936,35.8736,35.7488,35.7118,35.6195,35.49,35.4344,35.3125,35.2113,35.112,35.0036,34.8815,34.7801,34.6596,34.536,34.4162,34.2951,34.1484,34.0061,11.9837,11.6102,11.2103,10.8377,10.4898,10.1238,9.8206,9.5002,9.16775,8.8889,8.59816,8.29952,8.04635,7.76178,7.51882,7.2706,7.03862,6.80357,6.58409,6.36317,6.15698,5.95056,5.75788,5.57762,5.38657,5.21878,5.04219,4.8775,4.72353,4.56362,4.41451,4.27513,4.13183,3.99813,3.87309,3.74552,3.62154,3.50579,3.39326,3.28406,3.17458,3.07245,2.97375,2.87847
0.77187,39.2654,35.6192,34.175,33.1283,32.5624,32.9387,33.7224,34.7505,37.1352,38.3164,39.3547,40.1649,40.6808,40.0464,39.0172,37.7814,36.6965,36.0361,35.9636,36.4199,37.1733,37.9997,38.7424,39.2846,39.5334,38.941,38.2489,37.5271,36.7141,36.8309,37.6745,38.1288,38.6242,38.3544,37.9763,37.1304,36.8445,37.2434,37.7282,37.8497,37.5178,36.9944,36.7511,37.0134,37.2279,37.0581,36.6059,36.5222,36.6936,36.7203,36.4638,36.2889,36.3444,36.3071,36.1372,36.0457,36.0579,35.9404,35.8198,35.7872,35.6985,35.5752,35.5243,35.4084,35.3139,35.2212,35.1195,35.0061,34.9113,34.8001,34.6862,34.5783,34.4687,34.3354,34.2051,34.0816,11.7602,11.3551,10.9776,10.6251,10.2544,9.94727,9.6227,9.28594,9.00347,8.70896,8.40646,8.15002,7.86177,7.61568,7.36425,7.12928,6.8912,6.66888,6.44513,6.23628,6.0272,5.83205,5.64947,5.45596,5.28601,5.10716,4.94035,4.7844,4.62244,4.47142,4.33025,4.18511,4.0497,3.92306,3.79385,3.66828,3.55105,3.43708,3.32648,3.2156,3.11217,3.01221,2.9157
0.78411,39.2796,35.6314,34.1872,33.1415,32.5767,32.957,33.7421,34.7705,37.1568,38.3383,39.3761,40.1854,40.6989,40.0635,39.0335,37.798,36.7139,36.0557,35.9863,36.4453,37.2001,38.0266,38.7688,39.3101,39.5577,38.9631,38.2707,37.5495,36.7409,36.8605,37.7068,38.1608,38.6545,38.383,38.0044,37.1598,36.8782,37.2805,37.7654,37.8855,37.5526,37.0299,36.7915,37.0561,37.2705,37.0997,36.6488,36.5677,36.7421,36.7689,36.5128,36.3406,36.3992,36.3633,36.1947,36.1074,36.1219,36.0068,35.8902,35.8618,35.7766,35.6592,35.6128,35.5026,35.415,35.3284,35.2332,35.128,35.0396,34.9367,34.8313,34.7331,34.6346,34.5144,34.3959,34.283,34.1761,11.51,11.1273,10.77,10.3942,10.0828,9.75383,9.41246,9.12613,8.8276,8.52097,8.26103,7.96885,7.71941,7.46455,7.22639,6.98507,6.75973,6.53293,6.32124,6.10932,5.91152,5.72646,5.53032,5.35807,5.17679,5.00771,4.84965,4.6855,4.53242,4.38934,4.24223,4.10498,3.97663,3.84567,3.7184,3.59958,3.48407,3.37197,3.25958,3.15475,3.05343,2.95562
0.79429,39.2912,35.6413,34.1973,33.1512,32.5876,32.9711,33.7577,34.7875,37.1756,38.3564,39.3937,40.2022,40.7137,40.0777,39.0468,37.8115,36.7282,36.0717,36.0049,36.4661,37.222,38.0487,38.7905,39.3308,39.5774,38.9812,38.2886,37.5677,36.7628,36.8847,37.7333,38.187,38.6793,38.4063,38.0274,37.1839,36.9058,37.3108,37.7957,37.9148,37.581,37.0588,36.8245,37.0908,37.3052,37.1335,36.6837,36.6046,36.7815,36.8084,36.5524,36.3825,36.4435,36.4087,36.2411,36.1572,36.1734,36.06,35.9465,35.9214,35.8388,35.726,35.6831,35.5774,35.4949,35.4131,35.323,35.2244,35.1408,35.044,34.9451,34.8537,34.7626,34.6526,34.5438,34.4392,34.34,34.225,11.259,10.8974,10.5171,10.202,9.86914,9.52372,9.23401,8.93195,8.62171,8.3587,8.06307,7.81068,7.55283,7.31185,7.06769,6.8397,6.61023,6.39605,6.18163,5.9815,5.79426,5.59581,5.42153,5.23811,5.06704,4.90712,4.74103,4.58616,4.44139,4.29255,4.15368,4.02381,3.89131,3.76254,3.64232,3.52544,3.41202,3.29832,3.19224,3.08974,2.99077
0.80477,39.3031,35.6513,34.2072,33.1623,32.599,32.9853,33.7732,34.8045,37.1933,38.3746,39.4115,40.2192,40.7285,40.0921,39.0606,37.8249,36.7428,36.0882,36.0235,36.4872,37.2441,38.0711,38.8124,39.352,39.5974,38.9996,38.3067,37.5863,36.785,36.9093,37.76,38.2134,38.7044,38.43,38.0509,37.2082,36.9337,37.3415,37.8264,37.9443,37.6097,37.0879,36.8577,37.1259,37.3402,37.1676,36.7188,36.6419,36.8212,36.848,36.5923,36.4246,36.488,36.4542,36.2874,36.2068,36.2248,36.113,36.0025,35.9805,35.9003,35.7919,35.7525,35.651,35.5734,35.4965,35.4111,35.3187,35.2401,35.1499,35.0568,34.9713,34.8864,34.7852,34.6859,34.5904,34.4983,34.3916,11.4054,11.039,10.6538,10.3347,9.99744,9.64754,9.35408,9.04811,8.73384,8.46743,8.16797,7.91232,7.65113,7.40704,7.15972,6.92877,6.69633,6.47937,6.26218,6.05945,5.86979,5.66877,5.49223,5.30644,5.13315,4.97115,4.80291,4.64603,4.49939,4.34861,4.20794,4.07639,3.94217,3.81172,3.68995,3.57155,3.45666,3.34147,3.23402,3.13018,3.02993
0.81434,39.3137,35.6605,34.2162,33.1717,32.6091,32.9985,33.788,34.8198,37.2098,38.3911,39.4275,40.2346,40.7421,40.105,39.0727,37.8372,36.7554,36.1029,36.0408,36.5061,37.2642,38.0912,38.8321,39.3709,39.6154,39.016,38.323,37.6031,36.805,36.9313,37.784,38.2372,38.7268,38.4511,38.0715,37.23,36.9587,37.369,37.8539,37.9708,37.6353,37.114,36.8875,37.1572,37.3715,37.1981,36.7501,36.6751,36.8565,36.8834,36.6278,36.462,36.5275,36.4945,36.3285,36.2507,36.2701,36.1597,36.0517,36.0324,35.9542,35.8496,35.813,35.7152,35.6419,35.5689,35.4878,35.4007,35.3263,35.2415,35.1535,35.073,34.9928,34.8991,34.8068,34.719,34.6343,34.5342,34.4419,11.183,10.7927,10.4694,10.1278,9.77334,9.47608,9.16614,8.8478,8.57794,8.27461,8.01564,7.75107,7.50382,7.25329,7.01936,6.7839,6.56413,6.34412,6.13876,5.94664,5.74301,5.56417,5.37596,5.20043,5.03632,4.86589,4.70696,4.55841,4.40567,4.26316,4.12989,3.99392,3.86177,3.7384,3.61846,3.50207,3.38538,3.27652,3.17132,3.06976
0.82411,39.3245,35.6697,34.225,33.1811,32.62,33.0123,33.802,34.8354,37.227,38.4078,39.4436,40.2501,40.7558,40.1181,39.0852,37.8498,36.7691,36.1179,36.058,36.5256,37.2844,38.1116,38.8521,39.3901,39.6336,39.0327,38.3393,37.62,36.8252,36.9536,37.8083,38.2611,38.7496,38.4726,38.0926,37.252,36.9839,37.3968,37.8817,37.9975,37.6613,37.1404,36.9175,37.1889,37.4031,37.2288,36.7818,36.7086,36.8922,36.919,36.6635,36.4996,36.5672,36.535,36.3697,36.2947,36.3155,36.2063,36.1008,36.084,36.0077,35.9067,35.8729,35.7785,35.7093,35.6402,35.5632,35.4816,35.4112,35.3316,35.2484,35.173,35.0981,35.0099,34.9243,34.8433,34.7654,34.6736,34.5868,34.5074,10.9598,10.6315,10.2846,9.92474,9.62292,9.30822,8.98499,8.711,8.403,8.14007,7.87144,7.6204,7.36602,7.12849,6.88941,6.66626,6.44286,6.23434,6.03925,5.83247,5.65088,5.45976,5.28151,5.11487,4.94179,4.7804,4.62955,4.47444,4.32972,4.19438,4.05629,3.92209,3.7968,3.67499,3.55678,3.43827,3.32772,3.22087,3.11773
0.83224,39.3334,35.6773,34.2328,33.1888,32.628,33.023,33.814,34.8484,37.2404,38.4215,39.457,40.2628,40.7668,40.1289,39.0952,37.8597,36.7793,36.1302,36.0721,36.5414,37.301,38.1283,38.8685,39.4058,39.6485,39.0464,38.3529,37.6339,36.8418,36.9719,37.8282,38.281,38.7683,38.4902,38.1099,37.2701,37.0047,37.4196,37.9045,38.0194,37.6826,37.162,36.9422,37.2148,37.4289,37.2539,36.8076,36.736,36.9213,36.948,36.6926,36.5303,36.5996,36.5679,36.4032,36.3304,36.3523,36.244,36.1404,36.1257,36.0508,35.9526,35.921,35.8292,35.7633,35.6973,35.6234,35.546,35.4788,35.4033,35.3242,35.2526,35.1816,35.0979,35.017,34.941,34.8685,34.7826,34.7021,34.6264,34.543,10.7985,10.4462,10.0807,9.77415,9.45456,9.1263,8.84807,8.53528,8.26828,7.99547,7.74053,7.4822,7.24097,6.99817,6.77154,6.54466,6.33288,6.13475,5.92473,5.7403,5.54618,5.36513,5.19587,5.02008,4.85614,4.70291,4.54535,4.39835,4.26088,4.12066,3.98433,3.85705,3.73331,3.61323,3.49283,3.38052,3.27198,3.16719
0.84053,39.3424,35.685,34.2404,33.1969,32.632,33.0339,33.8264,34.8612,37.2544,38.4351,39.4706,40.2757,40.7783,40.1397,39.1058,37.8699,36.7908,36.1427,36.0864,36.5574,37.3178,38.1452,38.885,39.4217,39.6636,39.0602,38.3666,37.6479,36.8585,36.9904,37.8483,38.3008,38.7871,38.5079,38.1273,37.2884,37.0256,37.4425,37.9274,38.0414,37.7039,37.1838,36.9669,37.2409,37.4549,37.2792,36.8336,36.7636,36.9506,36.9771,36.7218,36.561,36.632,36.6008,36.4367,36.3661,36.389,36.2816,36.1798,36.167,36.0935,35.998,35.9684,35.8792,35.8164,35.7533,35.6826,35.6091,35.5451,35.4737,35.3987,35.3308,35.2633,35.1841,35.1064,35.0357,34.9681,34.8885,34.8131,34.743,34.6634,34.6064,10.6654,10.2922,9.97934,9.65311,9.31803,9.03405,8.71442,8.44191,8.16347,7.90327,7.63959,7.39337,7.14553,6.9142,6.6826,6.46642,6.26417,6.04977,5.86149,5.66331,5.47848,5.30567,5.12619,4.95881,4.80236,4.64149,4.49139,4.35119,4.20778,4.06857,3.9386,3.81224,3.68961,3.56666,3.45196,3.34111,3.23409
0.84886,39.3514,35.6925,34.248,33.2046,32.646,33.0448,33.8392,34.874,37.268,38.4491,39.4837,40.2881,40.7897,40.1505,39.1159,37.8803,36.8017,36.155,36.1008,36.5733,37.3344,38.1619,38.9014,39.4375,39.6786,39.0739,38.3801,37.6618,36.8752,37.0088,37.8683,38.3206,38.8057,38.5255,38.1446,37.3064,37.0463,37.4653,37.9501,38.0633,37.7251,37.2053,36.9914,37.2667,37.4806,37.3042,36.8592,36.7908,36.9795,37.0059,36.7506,36.5914,36.664,36.6332,36.4696,36.4011,36.425,36.3184,36.2184,36.2074,36.1352,36.0422,36.0145,35.9278,35.8679,35.8075,35.7398,35.6702,35.6091,35.5417,35.4705,35.4066,35.3425,35.2672,35.195,35.1275,35.0629,34.989,34.9195,34.8538,34.78,34.7253,34.6646,10.6607,10.3365,9.99874,9.65161,9.35766,9.02705,8.74481,8.45656,8.18719,7.91421,7.6593,7.40269,7.16306,6.92325,6.69941,6.48998,6.26794,6.07297,5.86771,5.67627,5.49729,5.31137,5.13798,4.97591,4.80924,4.65373,4.5083,4.35987,4.21561,4.08093,3.94998,3.82289,3.69546,3.57658,3.46169,3.35076
0.85646,39.3594,35.6993,34.2549,33.2116,32.6528,33.055,33.8496,34.8865,37.2803,38.4613,39.4958,40.3,40.7998,40.1602,39.125,37.8897,36.8115,36.1657,36.1136,36.5875,37.3493,38.177,38.9161,39.4516,39.692,39.0862,38.3922,37.6742,36.8901,37.0252,37.8862,38.3381,38.8224,38.5412,38.1601,37.3226,37.0649,37.4857,37.9705,38.0828,37.7441,37.2246,37.0134,37.2898,37.5036,37.3265,36.8822,36.8151,37.0053,37.0316,36.7763,36.6184,36.6924,36.6621,36.4989,36.4323,36.457,36.3511,36.2526,36.2432,36.172,36.0812,36.0552,35.9704,35.9131,35.855,35.7899,35.7235,35.665,35.6009,35.5331,35.4725,35.4115,35.3402,35.2713,35.2074,35.1467,35.0758,35.0107,34.9499,34.8796,34.8293,34.771,34.7085,10.7053,10.3563,9.99748,9.69367,9.3517,9.05989,8.76163,8.48302,8.20048,7.93663,7.67097,7.42299,7.17466,6.94285,6.72597,6.49598,6.29412,6.08147,5.88314,5.6977,5.50504,5.32538,5.15743,4.98469,4.82351,4.67277,4.51892,4.36939,4.22977,4.09401,3.96225,3.83013,3.70687,3.58774,3.47271
0.86355,39.3669,35.7058,34.2604,33.2177,32.6602,33.0643,33.8599,34.8972,37.2921,38.4729,39.5073,40.3107,40.8093,40.1693,39.1336,37.8981,36.8206,36.1763,36.1256,36.6008,37.3633,38.191,38.9299,39.4649,39.7046,39.0977,38.4036,37.6859,36.9041,37.0407,37.9029,38.3546,38.838,38.556,38.1746,37.3378,37.0823,37.5048,37.9895,38.1011,37.7618,37.2426,37.0339,37.3114,37.5251,37.3473,36.9036,36.8378,37.0293,37.0556,36.8003,36.6436,36.719,36.6889,36.5261,36.4612,36.4867,36.3813,36.2843,36.2762,36.206,36.1172,36.0925,36.0096,35.9545,35.8985,35.8356,35.7723,35.7161,35.6551,35.5902,35.5326,35.4746,35.4066,35.3409,35.2801,35.2213,35.1548,35.0933,35.0362,34.9713,34.923,34.8687,34.8082,34.7656,10.5966,10.2301,9.91944,9.56982,9.27147,8.96648,8.68144,8.39261,8.12272,7.85096,7.59728,7.34321,7.10604,6.88413,6.64878,6.44214,6.22453,6.02156,5.83178,5.6346,5.45072,5.27882,5.10201,4.93703,4.78273,4.62525,4.47217,4.32925,4.19028,4.05539,3.92013,3.79394,3.67198,3.55421
0.87075,39.3744,35.7122,34.2673,33.2251,32.6677,33.0734,33.8694,34.9078,37.3036,38.4844,39.5185,40.3215,40.8188,40.178,39.1423,37.9069,36.8298,36.1863,36.1374,36.6141,37.3773,38.2051,38.9436,39.4781,39.7171,39.1092,38.4149,37.6975,36.918,37.056,37.9196,38.3711,38.8536,38.5706,38.189,37.3528,37.0996,37.5237,38.0084,38.1193,37.7793,37.2604,37.0543,37.3328,37.5464,37.3681,36.9248,36.8603,37.0532,37.0793,36.824,36.6686,36.7452,36.7155,36.553,36.4898,36.516,36.4112,36.3154,36.3087,36.2393,36.1523,36.1291,36.0478,35.9949,35.9409,35.8801,35.8196,35.7656,35.7075,35.6455,35.5908,35.5356,35.4711,35.4085,35.3506,35.2959,35.2311,35.1727,35.1193,35.0584,35.0138,34.9622,34.9057,34.8643,34.8196,10.4231,10.1067,9.75066,9.4468,9.13616,8.84581,8.55144,8.27651,7.99966,7.74123,7.48238,7.24074,7.01464,6.77485,6.56429,6.34256,6.13574,5.94237,5.74145,5.55406,5.3789,5.19872,5.0306,4.87336,4.71287,4.55687,4.41122,4.26959,4.13213,3.99428,3.86567,3.74137,3.62135
0.87732,39.3813,35.7181,34.2722,33.2312,32.675,33.0818,33.8791,34.9173,37.3144,38.495,39.5283,40.3309,40.8277,40.1866,39.1502,37.9148,36.838,36.1958,36.1485,36.6263,37.3899,38.218,38.9563,39.4901,39.7285,39.1197,38.4253,37.7081,36.9308,37.07,37.9348,38.3861,38.8679,38.584,38.2022,37.3667,37.1154,37.541,38.0257,38.1359,37.7955,37.2768,37.0729,37.3524,37.566,37.387,36.9443,36.8809,37.075,37.101,36.8456,36.6914,36.7692,36.7397,36.5776,36.5158,36.5427,36.4383,36.3437,36.3382,36.2696,36.1842,36.1622,36.0824,36.0313,35.979,35.9202,35.8621,35.81,35.7545,35.695,35.6429,35.5901,35.5287,35.4691,35.4139,35.3617,35.3009,35.2448,35.1936,35.1355,35.0939,35.0455,34.9919,34.9535,34.91,10.5761,10.2552,9.89393,9.58564,9.27046,8.97586,8.67718,8.39823,8.11731,7.85508,7.59243,7.34724,7.11781,6.87448,6.66082,6.43582,6.22595,6.02972,5.82583,5.63567,5.45791,5.27507,5.10446,4.9449,4.78203,4.62372,4.47592,4.33219,4.19268,4.05279,3.92228,3.79613,3.67433
0.88334,39.3874,35.7233,34.2777,33.2357,32.6803,33.0888,33.8876,34.9259,37.3238,38.5045,39.5379,40.34,40.8351,40.1939,39.1571,37.9215,36.8453,36.2042,36.1578,36.6371,37.4015,38.2295,38.9675,39.5008,39.7388,39.1291,38.4345,37.7176,36.9421,37.0826,37.9484,38.3995,38.8805,38.596,38.2139,37.3789,37.1295,37.5565,38.0411,38.1507,37.8098,37.2914,37.0895,37.3698,37.5832,37.4038,36.9615,36.8991,37.0944,37.1202,36.8648,36.7116,36.7904,36.7611,36.5992,36.5388,36.5662,36.4622,36.3687,36.3642,36.2962,36.2122,36.1912,36.1126,36.0631,36.0122,35.955,35.899,35.8487,35.7954,35.7381,35.6882,35.6376,35.5787,35.5217,35.4689,35.419,35.3606,35.307,35.2571,35.2028,35.1628,35.1172,35.0665,35.0298,34.9891,34.9445,10.3767,10.0112,9.69924,9.38032,9.08223,8.78,8.49773,8.21348,7.94813,7.68236,7.43425,7.20209,6.95587,6.73966,6.51199,6.29961,6.10105,5.89472,5.70231,5.52243,5.33741,5.16477,5.0033,4.83849,4.67829,4.52872,4.38328,4.24211,4.10055,3.96848,3.84083,3.71758
0.88932,39.3936,35.7286,34.2836,33.2415,32.6864,33.0974,33.8962,34.9357,37.3335,38.5139,39.5472,40.3489,40.8428,40.2013,39.1638,37.9284,36.8527,36.2126,36.1675,36.6479,37.4129,38.2409,38.9786,39.5117,39.749,39.1384,38.4437,37.727,36.9534,37.0951,37.962,38.4131,38.8932,38.6081,38.2257,37.3912,37.1436,37.5719,38.0564,38.1654,37.8241,37.3059,37.1061,37.3872,37.6005,37.4205,36.9787,36.9174,37.1137,37.1394,36.8839,36.7317,36.8115,36.7824,36.6208,36.5616,36.5896,36.486,36.3934,36.3899,36.3225,36.2399,36.2198,36.1424,36.0944,36.0449,35.9892,35.9353,35.8865,35.8353,35.7801,35.7324,35.6839,35.6276,35.573,35.5226,35.475,35.4191,35.3677,35.3193,35.2679,35.2302,35.1866,35.139,35.1043,35.0655,35.0238,34.9939,10.123,9.80758,9.48508,9.18365,8.87803,8.59259,8.30515,8.03682,7.76807,7.51717,7.28241,7.03343,6.81479,6.58456,6.3698,6.169,5.96037,5.76579,5.58389,5.39679,5.22221,5.05893,4.89227,4.73028,4.57903,4.43195,4.2892,4.14605,4.0125,3.88341,3.75877
0.89521,39.3996,35.7332,34.2876,33.2462,32.6928,33.1044,33.9035,34.9433,37.3423,38.523,39.5561,40.3575,40.8504,40.2085,39.1709,37.9356,36.86,36.221,36.1777,36.6584,37.4238,38.2522,38.9892,39.5222,39.7589,39.1476,38.4527,37.7363,36.9646,37.1073,37.9751,38.4262,38.9056,38.6195,38.2371,37.4032,37.1573,37.587,38.0714,38.1799,37.8381,37.3201,37.1223,37.4042,37.6173,37.4369,36.9955,36.9352,37.1325,37.158,36.9026,36.7513,36.8321,36.8032,36.6418,36.5839,36.6124,36.5091,36.4174,36.4149,36.348,36.2666,36.2475,36.1711,36.1246,36.0763,36.0221,35.97,35.9228,35.8736,35.8204,35.7746,35.728,35.6742,35.6219,35.5737,35.5282,35.4752,35.4259,35.3808,35.3303,35.2931,35.253,35.2075,35.175,35.1385,35.0986,35.0708,35.0334,9.91165,9.58571,9.28105,8.97217,8.68369,8.39318,8.12199,7.85037,7.5968,7.35953,7.10789,6.88693,6.65423,6.43719,6.23425,6.02339,5.82673,5.6429,5.4538,5.27736,5.11234,4.94391,4.78018,4.62732,4.47868,4.3344,4.18972,4.05475,3.92429,3.79832
0.90023,39.4047,35.7381,34.2931,33.2516,32.6976,33.1111,33.9105,34.9508,37.3507,38.5309,39.5637,40.3648,40.857,40.2146,39.1767,37.9415,36.8666,36.2282,36.1854,36.6675,37.4333,38.2617,38.9988,39.5311,39.7673,39.1554,38.4605,37.7442,36.974,37.1178,37.9866,38.4374,38.9161,38.6295,38.2469,37.4134,37.1691,37.5999,38.0842,38.1921,37.8501,37.3321,37.136,37.4186,37.6317,37.4508,37.0097,36.9502,37.1485,37.1739,36.9184,36.7679,36.8495,36.8208,36.6596,36.6027,36.6317,36.5286,36.4378,36.436,36.3695,36.2892,36.2708,36.1953,36.1499,36.1027,36.0497,35.9991,35.9531,35.9056,35.854,35.8099,35.765,35.7132,35.6628,35.6166,35.5729,35.5219,35.4747,35.4311,35.3827,35.3476,35.3078,35.2646,35.2335,35.199,35.161,35.1343,35.0991,35.0742,9.67181,9.36441,9.05273,8.76164,8.46851,8.19487,7.92079,7.66493,7.42552,7.17161,6.94865,6.71385,6.49485,6.29008,6.07731,5.87888,5.69339,5.50258,5.32455,5.15804,4.98809,4.82289,4.66865,4.51866,4.37308,4.2271,4.09091,3.95927,3.83217
0.90569,39.4102,35.7428,34.2967,33.2557,32.7021,33.1176,33.9184,34.9589,37.3586,38.539,39.5718,40.3725,40.8637,40.2212,39.1831,37.9477,36.8731,36.2358,36.1943,36.6771,37.4434,38.2719,39.0088,39.5405,39.7764,39.1637,38.4686,37.7526,36.984,37.1289,37.9985,38.4493,38.9273,38.64,38.2572,37.4243,37.1815,37.6135,38.0977,38.2051,37.8625,37.3449,37.1506,37.4339,37.6469,37.4655,37.0248,36.9663,37.1654,37.1907,36.9352,36.7855,36.868,36.8394,36.6784,36.6226,36.652,36.5492,36.4592,36.4582,36.3922,36.3129,36.2953,36.2207,36.1765,36.1303,36.0785,36.0295,35.9846,35.9389,35.8889,35.8466,35.8033,35.7535,35.7052,35.6609,35.6189,35.57,35.525,35.4835,35.4362,35.4035,35.3653,35.322,35.2928,35.2611,35.2256,35.2003,35.1664,35.1432,35.118,9.45412,9.13945,8.84555,8.54959,8.27331,7.99659,7.73827,7.49656,7.24019,7.01509,6.77803,6.55692,6.35018,6.13536,5.93502,5.74774,5.5551,5.37536,5.20724,5.03566,4.86887,4.71314,4.56171,4.41473,4.26734,4.12984,3.99694,3.86861
0.91036,39.4149,35.7467,34.3013,33.2599,32.7066,33.1233,33.9243,34.9664,37.3658,38.5466,39.5789,40.3794,40.8697,40.227,39.1884,37.9532,36.8788,36.2423,36.2019,36.6854,37.4522,38.2807,39.0174,39.5489,39.7843,39.1709,38.4757,37.7599,36.9928,37.1384,38.009,38.4596,38.937,38.6492,38.2662,37.4337,37.1923,37.6253,38.1095,38.2164,37.8735,37.356,37.1633,37.4472,37.6601,37.4783,37.0379,36.9802,37.1801,37.2052,36.9497,36.8007,36.884,36.8555,36.6947,36.6399,36.6696,36.567,36.4777,36.4774,36.4117,36.3334,36.3164,36.2425,36.1993,36.154,36.1031,36.0554,36.0116,35.9673,35.9187,35.8778,35.836,35.788,35.7414,35.6988,35.6586,35.6116,35.5684,35.5284,35.4832,35.451,35.4143,35.3741,35.3459,35.3141,35.2798,35.2562,35.2239,35.2015,35.1777,35.1576,9.21786,8.92143,8.62292,8.34426,8.06515,7.8046,7.5608,7.30223,7.07518,6.83609,6.61307,6.40454,6.18788,5.98581,5.79692,5.60262,5.42132,5.25176,5.07869,4.91046,4.75339,4.60066,4.45241,4.30375,4.16507,4.03102,3.90158
0.91532,39.4198,35.7501,34.3058,33.2645,32.7118,33.1296,33.9308,34.9724,37.3734,38.5538,39.5861,40.3862,40.8757,40.233,39.1942,37.9587,36.8845,36.2487,36.2096,36.694,37.4613,38.2897,39.0263,39.5575,39.7924,39.1782,38.483,37.7674,37.0018,37.1484,38.0196,38.4697,38.9471,38.6586,38.2755,37.4434,37.2035,37.6373,38.1216,38.2281,37.8848,37.3675,37.1762,37.4609,37.6737,37.4915,37.0514,36.9944,37.1952,37.2202,36.9646,36.8164,36.9005,36.8721,36.7114,36.6576,36.6877,36.5853,36.4967,36.4971,36.4318,36.3543,36.338,36.2649,36.2226,36.1782,36.1283,36.0819,36.0391,35.9961,35.949,35.9095,35.8691,35.8229,35.778,35.7371,35.6985,35.6534,35.612,35.5736,35.5305,35.4993,35.464,35.4253,35.3971,35.3671,35.3349,35.3122,35.282,35.2608,35.2378,35.2187,9.30316,9.00397,8.70269,8.42144,8.13974,7.87677,7.63071,7.36974,7.14058,6.89926,6.67417,6.46371,6.24503,6.04109,5.85044,5.65433,5.47135,5.30021,5.12553,4.95574,4.79721,4.64306,4.49343,4.34339,4.20341,4.06811,3.93748
0.91985,39.4244,35.7534,34.3097,33.2681,32.7165,33.1344,33.9374,34.9788,37.3804,38.5607,39.5924,40.3927,40.8813,40.2383,39.1992,37.9636,36.8901,36.2554,36.2167,36.7018,37.4695,38.2979,39.0345,39.5652,39.7998,39.1851,38.4898,37.7743,37.01,37.1575,38.0291,38.4796,38.9562,38.6674,38.284,37.4523,37.2136,37.6485,38.1328,38.2387,37.8951,37.378,37.1881,37.4734,37.6861,37.5035,37.0637,37.0075,37.209,37.2339,36.9782,36.8307,36.9155,36.8872,36.7266,36.6737,36.7042,36.602,36.5139,36.515,36.45,36.3733,36.3575,36.285,36.2437,36.2,36.1509,36.1056,36.0637,36.022,35.9761,35.9378,35.8987,35.854,35.8107,35.7712,35.7341,35.6906,35.6507,35.6141,35.5726,35.5427,35.5085,35.4713,35.4449,35.4155,35.3843,35.3624,35.3332,35.3133,35.2917,35.2727,35.254,9.08524,8.78123,8.49744,8.21319,7.94784,7.69955,7.43622,7.20499,6.96149,6.73436,6.52199,6.30133,6.09554,5.90316,5.70528,5.52064,5.34795,5.17168,5.00035,4.84038,4.68483,4.53385,4.38244,4.24119,4.10466,3.97284
0.92398,39.4285,35.7574,34.3133,33.272,32.7198,33.1399,33.9422,34.9849,37.3866,38.5672,39.599,40.3985,40.8865,40.2433,39.2037,37.9683,36.895,36.2606,36.2233,36.709,37.4768,38.3055,39.0418,39.5724,39.8066,39.1912,38.4958,37.7805,37.0169,37.1652,38.038,38.4884,38.9646,38.6751,38.2917,37.4603,37.2228,37.6586,38.1427,38.2483,37.9044,37.3874,37.199,37.4847,37.6974,37.5144,37.0749,37.0193,37.2215,37.2463,36.9906,36.8437,36.9291,36.9009,36.7405,36.6883,36.7191,36.617,36.5295,36.5312,36.4664,36.3905,36.3752,36.3032,36.2627,36.2196,36.1713,36.127,36.0859,36.0451,36.0003,35.9632,35.9251,35.8818,35.8398,35.8017,35.7658,35.7238,35.6853,35.6501,35.6093,35.5816,35.5484,35.5123,35.4865,35.4584,35.4273,35.4066,35.379,35.3598,35.3393,35.322,35.3029,35.2882,8.85989,8.57356,8.28676,8.01903,7.76852,7.50282,7.26952,7.02383,6.79466,6.58039,6.35775,6.15011,5.956,5.75634,5.57004,5.39579,5.21794,5.04506,4.88365,4.7267,4.57435,4.42158,4.27906,4.1413,4.00828
0.92801,39.4324,35.7616,34.3163,33.2754,32.7234,33.1448,33.9478,34.9905,37.3928,38.5733,39.6049,40.404,40.8916,40.2477,39.2081,37.9728,36.8999,36.2661,36.2295,36.7159,37.484,38.3127,39.049,39.5792,39.813,39.1972,38.5018,37.7866,37.0249,37.1738,38.0467,38.4972,38.9726,38.6827,38.2992,37.4682,37.2318,37.6685,38.1526,38.2577,37.9135,37.3967,37.2095,37.4957,37.7083,37.525,37.0857,37.0308,37.2337,37.2584,37.0026,36.8563,36.9423,36.9142,36.7538,36.7024,36.7335,36.6316,36.5447,36.5468,36.4823,36.407,36.3922,36.3208,36.2809,36.2385,36.1909,36.1475,36.1071,36.0674,36.0235,35.9874,35.9503,35.9083,35.8676,35.8308,35.7961,35.7555,35.7184,35.6844,35.6461,35.6185,35.5867,35.551,35.5255,35.4983,35.47,35.4491,35.4229,35.4042,35.3844,35.368,35.3502,35.336,35.3211,8.65684,8.36726,8.09694,7.84399,7.57571,7.34015,7.09207,6.86067,6.64432,6.4195,6.20984,6.01384,5.81223,5.62411,5.44817,5.26858,5.09402,4.93103,4.77254,4.6187,4.46444,4.32052,4.1814,4.04709
0.93191,39.4363,35.7651,34.3196,33.2785,32.7273,33.1496,33.9532,34.9961,37.3987,38.5791,39.6106,40.4094,40.8963,40.2522,39.2123,37.9768,36.9043,36.2714,36.2352,36.7227,37.4912,38.3199,39.0559,39.586,39.8194,39.203,38.5074,37.7925,37.0319,37.1815,38.055,38.5053,38.9805,38.6901,38.3064,37.4757,37.2405,37.6781,38.162,38.2668,37.9223,37.4056,37.2196,37.5063,37.7188,37.5352,37.0962,37.0419,37.2454,37.2699,37.0141,36.8684,36.955,36.9269,36.7667,36.716,36.7473,36.6456,36.5592,36.5618,36.4976,36.4229,36.4085,36.3376,36.2984,36.2565,36.2096,36.167,36.1273,36.0885,36.0455,36.0104,35.9743,35.9335,35.894,35.8583,35.8248,35.7855,35.7497,35.7169,35.6799,35.6535,35.6229,35.5891,35.5651,35.5385,35.5101,35.4903,35.4633,35.4458,35.4274,35.4109,35.3947,35.381,35.3667,35.3557,8.45829,8.18503,7.92934,7.65815,7.42002,7.16925,6.93533,6.71663,6.48936,6.27742,6.07928,5.87547,5.6853,5.50743,5.32588,5.14941,4.98463,4.82441,4.66889,4.51292,4.36742,4.22679,4.09099
0.93548,39.4398,35.768,34.3226,33.2828,32.7307,33.1539,33.9584,35.0019,37.4041,38.5844,39.6159,40.4145,40.9007,40.2568,39.2164,37.9812,36.9089,36.2758,36.2408,36.7288,37.4976,38.3264,39.0623,39.5921,39.8249,39.2082,38.5126,37.7979,37.0383,37.1886,38.0627,38.5126,38.9876,38.6968,38.313,37.4826,37.2484,37.6866,38.1706,38.275,37.9303,37.4137,37.2289,37.5161,37.7285,37.5446,37.1057,37.052,37.2561,37.2805,37.0247,36.8795,36.9666,36.9385,36.7785,36.7284,36.76,36.6583,36.5724,36.5755,36.5114,36.4374,36.4234,36.3528,36.3143,36.2729,36.2265,36.1847,36.1455,36.1076,36.0654,36.0311,35.9959,35.9561,35.9177,35.883,35.8505,35.8125,35.7779,35.7461,35.7103,35.6849,35.6554,35.6228,35.5996,35.5737,35.546,35.527,35.5014,35.4842,35.466,35.4505,35.4344,35.4212,35.408,35.397,8.56864,8.29183,8.03282,7.75801,7.51679,7.26275,7.02579,6.80424,6.57401,6.3593,6.15858,5.95211,5.75945,5.57925,5.39532,5.21653,5.0496,4.88727,4.72965,4.57164,4.42422,4.28173,4.14415
0.93894,39.4432,35.771,34.3254,33.2856,32.734,33.1582,33.9622,35.0063,37.4092,38.5893,39.6208,40.4194,40.9049,40.2608,39.2205,37.9848,36.9129,36.281,36.2461,36.7347,37.5038,38.3326,39.0684,39.5979,39.8308,39.2132,38.5177,37.803,37.0444,37.1955,38.0701,38.5203,38.9945,38.7033,38.3194,37.4893,37.2561,37.695,38.1789,38.283,37.938,37.4215,37.2378,37.5255,37.7378,37.5535,37.115,37.0618,37.2664,37.2907,37.0348,36.8901,36.9778,36.9498,36.7898,36.7404,36.7722,36.6706,36.5851,36.5886,36.5248,36.4513,36.4376,36.3675,36.3295,36.2886,36.2427,36.2016,36.163,36.1258,36.0844,36.0509,36.0164,35.9777,35.9402,35.9065,35.875,35.8381,35.8045,35.7738,35.7392,35.7146,35.6863,35.6546,35.6325,35.6073,35.5803,35.5619,35.5372,35.5203,35.5025,35.4878,35.4717,35.4593,35.4463,35.4365,35.4263,8.45578,8.19142,7.91126,7.6653,7.40625,7.16462,6.9387,6.70392,6.48497,6.28028,6.06972,5.87325,5.68948,5.50179,5.31945,5.1492,4.98364,4.82293,4.66177,4.51141,4.36608,4.22574
0.94224,39.4464,35.7733,34.328,33.2883,32.737,33.1617,33.967,35.0111,37.4145,38.5943,39.6256,40.4238,40.909,40.2645,39.2241,37.9885,36.9169,36.2853,36.2511,36.7401,37.5099,38.3385,39.0741,39.6033,39.836,39.2181,38.5224,37.8078,37.0502,37.2018,38.077,38.5268,39.0009,38.7093,38.3253,37.4955,37.2632,37.7028,38.1865,38.2904,37.9451,37.4288,37.2461,37.5342,37.7464,37.5618,37.1235,37.0709,37.276,37.3002,37.0442,36.9,36.9881,36.9602,36.8002,36.7514,36.7835,36.682,36.5969,36.6008,36.5371,36.4641,36.4508,36.381,36.3435,36.303,36.2577,36.2172,36.1791,36.1425,36.1018,36.069,36.0352,35.9974,35.9608,35.928,35.8974,35.8615,35.8289,35.7992,35.7656,35.7419,35.7144,35.684,35.6623,35.6382,35.6114,35.5938,35.5698,35.5526,35.5352,35.5216,35.5067,35.4945,35.4818,35.472,35.4622,35.455,8.42135,8.13338,7.88057,7.61429,7.36591,7.13368,6.89232,6.66723,6.45681,6.24032,6.03832,5.84938,5.65646,5.46896,5.2939,5.12365,4.9584,4.79265,4.63803,4.48855,4.34423
0.94549,39.4495,35.7761,34.3298,33.2912,32.741,33.1662,33.9708,35.0155,37.4192,38.5994,39.6303,40.4283,40.913,40.2683,39.2278,37.9922,36.9203,36.2896,36.2562,36.7459,37.5157,38.3443,39.0799,39.6088,39.8412,39.2229,38.5272,37.8127,37.0561,37.2082,38.0839,38.5339,39.0073,38.7154,38.3313,37.5017,37.2704,37.7106,38.1945,38.2979,37.9524,37.4361,37.2545,37.5429,37.7551,37.5702,37.1322,37.08,37.2856,37.3097,37.0537,36.91,36.9986,36.9706,36.8108,36.7626,36.7948,36.6934,36.6087,36.613,36.5495,36.477,36.464,36.3946,36.3576,36.3175,36.2726,36.2327,36.1951,36.1592,36.1191,36.087,36.0539,36.0169,35.9812,35.9493,35.9195,35.8847,35.853,35.8242,35.7917,35.7687,35.7422,35.7129,35.692,35.6686,35.6432,35.6256,35.6022,35.5864,35.5694,35.5553,35.5407,35.529,35.5169,35.5072,35.4977,35.4907,8.6103,8.316,8.05762,7.78544,7.53155,7.29416,7.04741,6.81729,6.60216,6.38081,6.17427,5.98107,5.78227,5.59059,5.41161,5.23755,5.06859,4.89913,4.74102,4.58819,4.44061
0.94862,39.4525,35.7789,34.3321,33.2932,32.7436,33.1696,33.9749,35.02,37.4238,38.6037,39.6348,40.4325,40.9167,40.272,39.2309,37.9957,36.9244,36.2934,36.2608,36.7512,37.5211,38.3498,39.0852,39.614,39.846,39.2274,38.5315,37.8172,37.0615,37.2142,38.0903,38.54,39.0134,38.7211,38.3369,37.5076,37.277,37.7179,38.2017,38.3048,37.9591,37.443,37.2623,37.5511,37.7632,37.5781,37.1402,37.0885,37.2946,37.3186,37.0626,36.9193,37.0083,36.9804,36.8206,36.7729,36.8054,36.7041,36.6197,36.6244,36.561,36.4889,36.4762,36.4071,36.3706,36.3309,36.2864,36.2471,36.2099,36.1746,36.1351,36.1036,36.0711,36.0349,36,35.9689,35.9399,35.906,35.8753,35.8473,35.8157,35.7935,35.7677,35.7394,35.7194,35.6966,35.6721,35.6551,35.6322,35.6167,35.6003,35.5859,35.5723,35.5602,35.5486,35.5401,35.5307,35.5237,35.5191,8.43439,8.17239,7.8965,7.63902,7.39827,7.14802,6.91462,6.69643,6.47192,6.26242,6.06647,5.86648,5.67199,5.49039,5.31378,5.14233,4.97037,4.80994,4.65486,4.5051
0.95163,39.4555,35.7814,34.3356,33.2965,32.7461,33.1732,33.9789,35.0234,37.4288,38.6084,39.6391,40.4365,40.9202,40.2752,39.2345,37.9987,36.928,36.2976,36.2656,36.7563,37.5264,38.3553,39.0906,39.6191,39.8509,39.2318,38.5359,37.8217,37.0668,37.2201,38.0971,38.5464,39.0193,38.7267,38.3424,37.5133,37.2837,37.7252,38.2089,38.3117,37.9658,37.4497,37.2699,37.5592,37.7712,37.5858,37.1481,37.0969,37.3034,37.3274,37.0713,36.9284,37.0179,36.99,36.8303,36.7831,36.8158,36.7145,36.6306,36.6356,36.5723,36.5007,36.4883,36.4195,36.3835,36.3441,36.3,36.2612,36.2244,36.1897,36.1507,36.1199,36.0879,36.0525,36.0183,35.988,35.9597,35.9266,35.8967,35.8695,35.8389,35.8174,35.7924,35.7649,35.7457,35.7239,35.7001,35.6837,35.6615,35.6464,35.6303,35.6171,35.6032,35.5918,35.5803,35.5712,35.5625,35.556,35.5514,35.5451,8.26803,7.98883,7.72836,7.4848,7.23163,6.99559,6.77483,6.54769,6.33573,6.13747,5.935,5.73822,5.55448,5.37579,5.20232,5.02833,4.86607,4.70914,4.55761
0.95439,39.4581,35.7832,34.3379,33.2981,32.7482,33.1766,33.9825,35.0281,37.4329,38.6123,39.643,40.4403,40.9233,40.2786,39.2372,38.0017,36.931,36.3009,36.2697,36.7606,37.5311,38.3601,39.0953,39.6236,39.8552,39.2358,38.5398,37.8256,37.0717,37.2254,38.1029,38.5521,39.0246,38.7316,38.3473,37.5184,37.2895,37.7315,38.2153,38.3179,37.9717,37.4558,37.2769,37.5663,37.7783,37.5927,37.1552,37.1043,37.3113,37.3352,37.079,36.9365,37.0264,36.9985,36.8389,36.7922,36.825,36.7238,36.6402,36.6455,36.5824,36.5111,36.499,36.4305,36.3948,36.3557,36.312,36.2737,36.2372,36.203,36.1645,36.1342,36.1027,36.068,36.0344,36.0047,35.9771,35.9448,35.9157,35.8892,35.8594,35.8385,35.8143,35.7876,35.7689,35.7479,35.7246,35.7087,35.687,35.6722,35.6567,35.6438,35.6303,35.6193,35.6073,35.5988,35.5902,35.584,35.5798,35.5737,35.5713,8.06638,7.80338,7.55746,7.30183,7.06342,6.84052,6.61116,6.39713,6.19694,5.99254,5.79384,5.6083,5.42785,5.25268,5.07699,4.91308,4.75462,4.6016
0.95717,39.4608,35.785,34.3403,33.301,32.7517,33.1804,33.9861,35.0318,37.4367,38.6165,39.6466,40.4441,40.927,40.2818,39.2401,38.0051,36.9342,36.305,36.274,36.7656,37.5363,38.3652,39.1002,39.6282,39.8596,39.2398,38.5438,37.8298,37.0765,37.2308,38.1088,38.5581,39.0301,38.7368,38.3523,37.5237,37.2956,37.7383,38.2219,38.3242,37.9778,37.462,37.2839,37.5739,37.7857,37.5998,37.1625,37.112,37.3195,37.3432,37.087,36.9449,37.0352,37.0073,36.8478,36.8016,36.8346,36.7334,36.6501,36.6557,36.5928,36.5219,36.51,36.4418,36.4065,36.3677,36.3244,36.2865,36.2504,36.2167,36.1787,36.1488,36.1179,36.0838,36.0509,36.0218,35.9948,35.9633,35.9349,35.9091,35.8801,35.8598,35.8363,35.8103,35.7923,35.7718,35.7497,35.7344,35.7135,35.6994,35.684,35.6712,35.6579,35.6473,35.6363,35.6277,35.6191,35.6128,35.6086,35.6028,35.6007,8.14014,7.87473,7.62655,7.36857,7.12796,6.90301,6.67154,6.45555,6.25351,6.04724,5.8467,5.65945,5.47734,5.30055,5.12323,4.9578,4.79788,4.64344
0.95972,39.4632,35.7868,34.3421,33.3034,32.7541,33.1828,33.9892,35.0346,37.44,38.6201,39.6506,40.4475,40.93,40.2846,39.2433,38.0074,36.9372,36.308,36.2779,36.7698,37.5409,38.3696,39.1045,39.6326,39.8637,39.2434,38.5473,37.8334,37.0811,37.2357,38.1137,38.5633,39.035,38.7414,38.3568,37.5285,37.3011,37.7442,38.2277,38.3298,37.9832,37.4676,37.2902,37.5802,37.7922,37.6061,37.169,37.1189,37.3267,37.3504,37.0942,36.9524,37.043,37.0152,36.8557,36.8099,36.8431,36.742,36.6589,36.6648,36.602,36.5314,36.5198,36.4518,36.4168,36.3783,36.3353,36.2978,36.262,36.2287,36.1911,36.1617,36.1312,36.0976,36.0653,36.0368,36.0103,35.9795,35.9517,35.9266,35.8983,35.8785,35.8556,35.8303,35.8128,35.7929,35.7714,35.7567,35.7364,35.7227,35.7079,35.6954,35.6824,35.6718,35.6611,35.6529,35.6434,35.6372,35.6332,35.6275,35.6255,35.6222,7.93703,7.68688,7.42685,7.18432,6.95757,6.72426,6.50654,6.3029,6.09498,5.89284,5.7041,5.52053,5.34233,5.16359,4.99684,4.83563,4.67996
0.96205,39.4655,35.7889,34.3434,33.3054,32.7561,33.1855,33.993,35.0383,37.4435,38.6232,39.6539,40.4506,40.9327,40.2873,39.2458,38.0097,36.9399,36.3109,36.2813,36.7736,37.5449,38.3736,39.1085,39.6364,39.8673,39.2467,38.5506,37.8368,37.085,37.2401,38.1185,38.568,39.0394,38.7456,38.3609,37.5328,37.306,37.7496,38.2331,38.335,37.9882,37.4726,37.2959,37.5864,37.7982,37.6119,37.1749,37.1252,37.3333,37.3569,37.1007,36.9592,37.0501,37.0223,36.8628,36.8175,36.8508,36.7497,36.667,36.6731,36.6103,36.5401,36.5287,36.4609,36.4263,36.388,36.3452,36.3081,36.2726,36.2396,36.2024,36.1734,36.1433,36.1102,36.0784,36.0503,36.0244,35.9941,35.967,35.9424,35.9147,35.8954,35.8731,35.8485,35.8314,35.8121,35.7911,35.7768,35.7564,35.7438,35.7293,35.7173,35.7045,35.6941,35.6836,35.6755,35.6673,35.6603,35.6561,35.6505,35.6485,35.6452,35.6437,7.73983,7.478,7.23378,7.00546,6.77053,6.5513,6.34624,6.13688,5.93333,5.74327,5.55843,5.37899,5.19901,5.03109,4.86876,4.71201
0.96437,39.4677,35.7917,34.3461,33.3074,32.7584,33.1886,33.9949,35.041,37.4467,38.6268,39.6571,40.454,40.9353,40.29,39.2479,38.0128,36.9422,36.3138,36.2846,36.7774,37.5487,38.3777,39.1124,39.6402,39.8709,39.25,38.5538,37.8402,37.0889,37.2445,38.1233,38.5727,39.0438,38.7497,38.365,37.537,37.3109,37.755,38.2384,38.3401,37.9931,37.4776,37.3016,37.5922,37.8041,37.6176,37.1807,37.1314,37.3398,37.3634,37.1071,36.966,37.0572,37.0294,36.87,36.825,36.8584,36.7574,36.6749,36.6813,36.6186,36.5487,36.5375,36.4699,36.4356,36.3975,36.355,36.3183,36.283,36.2504,36.2136,36.1849,36.1552,36.1226,36.0912,36.0637,36.0382,36.0085,35.9819,35.9578,35.9308,35.912,35.8902,35.8662,35.8495,35.8308,35.8103,35.7965,35.7775,35.7645,35.7504,35.7387,35.7264,35.7161,35.7057,35.6977,35.6896,35.6837,35.6788,35.6732,35.671,35.6678,35.6662,7.79183,7.52822,7.28235,7.05249,6.81596,6.59525,6.3888,6.17801,5.97309,5.78174,5.59564,5.41498,5.23378,5.06472,4.90129,4.74347
0.9666,39.4698,35.7935,34.3476,33.3091,32.76,33.191,33.9977,35.0441,37.4501,38.63,39.6598,40.4569,40.938,40.2925,39.2505,38.0152,36.9447,36.3168,36.288,36.781,37.5526,38.3816,39.1162,39.6437,39.8743,39.2532,38.557,37.8433,37.0928,37.2487,38.128,38.5772,39.0481,38.7537,38.369,37.5411,37.3156,37.7601,38.2436,38.345,37.9979,37.4824,37.3071,37.5981,37.8098,37.6231,37.1864,37.1374,37.3462,37.3696,37.1133,36.9725,37.064,37.0362,36.8768,36.8323,36.8658,36.7648,36.6826,36.6892,36.6266,36.557,36.5459,36.4785,36.4445,36.4066,36.3644,36.328,36.293,36.2607,36.2242,36.1959,36.1665,36.1343,36.1034,36.0763,36.0513,36.0221,35.996,35.9725,35.946,35.9276,35.9064,35.8829,35.8667,35.8484,35.8285,35.815,35.7965,35.7841,35.7704,35.7589,35.7469,35.7371,35.7269,35.719,35.7109,35.7051,35.7011,35.6956,35.6925,35.6893,35.6875,35.6878,7.57697,7.3295,7.09813,6.86006,6.6379,6.4301,6.21794,6.01167,5.81908,5.63176,5.44992,5.26753,5.09736,4.93286,4.77401
0.96865,39.4717,35.7951,34.3488,33.3097,32.7622,33.193,34.0004,35.0469,37.4531,38.633,39.6627,40.4596,40.9403,40.2946,39.2528,38.0175,36.9473,36.3195,36.291,36.7844,37.5561,38.3851,39.1196,39.647,39.8774,39.2561,38.5598,37.8463,37.0964,37.2526,38.1323,38.5811,39.052,38.7574,38.3726,37.5449,37.3199,37.7649,38.2483,38.3495,38.0023,37.4868,37.3123,37.6034,37.815,37.6282,37.1916,37.1428,37.3519,37.3753,37.1189,36.9784,37.0702,37.0424,36.8831,36.8389,36.8725,36.7716,36.6896,36.6964,36.6339,36.5645,36.5536,36.4864,36.4526,36.415,36.373,36.3368,36.3021,36.2701,36.2339,36.2059,36.1768,36.145,36.1145,36.0878,36.0632,36.0345,36.0089,35.9858,35.9598,35.9419,35.9211,35.8981,35.8823,35.8645,35.845,35.8319,35.8139,35.8018,35.7886,35.7774,35.7656,35.7561,35.7462,35.7384,35.7304,35.7246,35.7206,35.7151,35.713,35.7097,35.7074,35.7075,35.7058,7.37429,7.1415,6.90196,6.67843,6.46934,6.25587,6.04833,5.85455,5.66607,5.48311,5.29959,5.12837,4.96285,4.80302
0.97071,39.4736,35.7969,34.35,33.3121,32.764,33.1956,34.0036,35.0497,37.456,38.6361,39.666,40.4624,40.9429,40.297,39.2547,38.0197,36.9493,36.322,36.294,36.7878,37.5597,38.3887,39.1232,39.6504,39.8806,39.259,38.5628,37.8492,37.0999,37.2565,38.1365,38.5854,39.0559,38.7611,38.3762,37.5487,37.3243,37.7695,38.253,38.354,38.0066,37.4912,37.3173,37.6087,37.8203,37.6332,37.1967,37.1484,37.3577,37.381,37.1246,36.9844,37.0765,37.0487,36.8894,36.8455,36.8793,36.7784,36.6966,36.7036,36.6412,36.5721,36.5614,36.4943,36.4608,36.4233,36.3816,36.3457,36.3111,36.2795,36.2436,36.2159,36.1871,36.1557,36.1256,36.0992,36.075,36.0468,36.0216,35.9989,35.9735,35.9559,35.9356,35.9131,35.8977,35.8803,35.8613,35.8485,35.8309,35.8191,35.8064,35.7957,35.7841,35.7748,35.7652,35.7577,35.7499,35.7441,35.7401,35.7347,35.7325,35.7292,35.7267,35.7272,35.7259,7.42005,7.1858,6.94476,6.71983,6.50944,6.29463,6.08579,5.89079,5.70113,5.51702,5.33235,5.16006,4.9935,4.83266
0.97262,39.4755,35.798,34.3515,33.3132,32.7656,33.1976,34.0061,35.0517,37.4589,38.6388,39.6683,40.4649,40.945,40.2992,39.2571,38.0211,36.9515,36.3244,36.2971,36.7909,37.563,38.392,39.1264,39.6535,39.8836,39.2617,38.5655,37.852,37.1032,37.2601,38.1403,38.5893,39.0595,38.7645,38.3796,37.5522,37.3283,37.7739,38.2573,38.3582,38.0107,37.4954,37.3221,37.6136,37.8252,37.6379,37.2015,37.1535,37.3631,37.3863,37.1299,36.9899,37.0823,37.0545,36.8953,36.8517,36.8855,36.7847,36.7031,36.7103,36.6479,36.5791,36.5685,36.5016,36.4683,36.4311,36.3895,36.3539,36.3195,36.2882,36.2525,36.2251,36.1965,36.1655,36.1357,36.1098,36.0858,36.058,36.0333,36.011,35.986,35.9688,35.9489,35.9269,35.9119,35.8948,35.8763,35.8638,35.8467,35.8352,35.8227,35.8124,35.8012,35.792,35.7826,35.7753,35.7678,35.7621,35.7581,35.7527,35.7505,35.7464,35.7454,35.7443,35.7432,35.7433,7.22891,6.98641,6.76012,6.54845,6.33234,6.12223,5.92605,5.73524,5.55002,5.36422,5.19089,5.02332,4.8615
0.97451,39.4773,35.799,34.3541,33.3152,32.7669,33.2006,34.0086,35.0551,37.4611,38.6414,39.6711,40.4674,40.9474,40.3013,39.2592,38.0236,36.9537,36.3271,36.2997,36.794,37.5664,38.3953,39.1297,39.6566,39.8865,39.2643,38.568,37.8547,37.1064,37.2636,38.1443,38.5931,39.063,38.7679,38.3829,37.5557,37.3323,37.7784,38.2617,38.3623,38.0147,37.4994,37.3267,37.6184,37.8299,37.6426,37.2063,37.1586,37.3684,37.3916,37.1351,36.9954,37.088,37.0602,36.901,36.8578,36.8917,36.7909,36.7095,36.7169,36.6546,36.586,36.5756,36.5088,36.4758,36.4387,36.3973,36.3619,36.3278,36.2967,36.2613,36.2341,36.2058,36.1751,36.1457,36.12,36.0965,36.069,36.0447,36.0228,35.9983,35.9814,35.9619,35.9403,35.9256,35.909,35.8908,35.8787,35.8619,35.8507,35.8385,35.8284,35.8178,35.8089,35.7997,35.7925,35.7851,35.7797,35.7758,35.7704,35.7682,35.7649,35.7624,35.7626,35.7613,35.7613,35.7625,7.03026,6.80254,6.58953,6.37205,6.16061,5.96318,5.77116,5.58476,5.39779,5.22335,5.05472,4.89187
0.97626,39.4789,35.8013,34.3556,33.3169,32.7689,33.2019,34.0108,35.0576,37.4639,38.6438,39.6738,40.4699,40.9495,40.3032,39.261,38.0251,36.9559,36.3296,36.3021,36.7969,37.5695,38.3984,39.1326,39.6594,39.8892,39.2668,38.5704,37.8572,37.1094,37.267,38.1478,38.5966,39.0665,38.771,38.386,37.5589,37.336,37.7824,38.2657,38.3662,38.0184,37.5032,37.331,37.6229,37.8344,37.6468,37.2107,37.1632,37.3733,37.3964,37.14,37.0005,37.0933,37.0655,36.9064,36.8634,36.8974,36.7966,36.7154,36.723,36.6608,36.5924,36.5821,36.5154,36.4826,36.4457,36.4045,36.3694,36.3354,36.3045,36.2693,36.2424,36.2144,36.184,36.1548,36.1295,36.1062,36.0792,36.0552,36.0337,36.0095,35.993,35.9738,35.9527,35.9383,35.9219,35.9042,35.8923,35.8759,35.865,35.8531,35.8433,35.8328,35.8244,35.8154,35.8083,35.8011,35.7957,35.792,35.7868,35.7846,35.7812,35.7793,35.7782,35.777,35.777,35.7781,7.07502,6.84583,6.63145,6.41257,6.19977,6.00107,5.80782,5.62022,5.43204,5.25648,5.08676,4.92287
0.97798,39.4807,35.8025,34.3564,33.3185,32.7707,33.2036,34.0124,35.0602,37.4663,38.6464,39.6762,40.472,40.9515,40.305,39.2627,38.0273,36.9579,36.3315,36.3048,36.7998,37.5723,38.4013,39.1356,39.6622,39.8918,39.2692,38.573,37.8597,37.1123,37.2702,38.1514,38.6001,39.0697,38.7741,38.389,37.5621,37.3396,37.7863,38.2696,38.3699,38.022,37.5069,37.3351,37.6273,37.8388,37.6511,37.215,37.1677,37.3781,37.4012,37.1447,37.0054,37.0985,37.0707,36.9116,36.8689,36.903,36.8023,36.7213,36.729,36.6668,36.5986,36.5885,36.522,36.4894,36.4526,36.4116,36.3767,36.3428,36.3122,36.2772,36.2506,36.2227,36.1926,36.1638,36.1387,36.1157,36.089,36.0654,36.0442,36.0204,36.0042,35.9853,35.9646,35.9505,35.9345,35.9171,35.9055,35.8894,35.8787,35.8672,35.8575,35.8474,35.8391,35.8305,35.8237,35.8166,35.8113,35.8076,35.8025,35.8005,35.7969,35.7953,35.7947,35.7933,35.7932,35.7941,35.7945,6.89199,6.67615,6.45578,6.24153,6.04148,5.84691,5.65803,5.46857,5.29181,5.12093,4.95592
0.97961,39.4822,35.8041,34.3581,33.3192,32.7716,33.2059,34.0148,35.0616,37.4688,38.6489,39.6785,40.4742,40.9533,40.3071,39.2645,38.029,36.9599,36.3333,36.3072,36.8025,37.575,38.4042,39.1383,39.665,39.8944,39.2717,38.5753,37.862,37.1152,37.2733,38.1547,38.6033,39.0728,38.777,38.3918,37.5651,37.3431,37.7901,38.2733,38.3736,38.0255,37.5104,37.3392,37.6315,37.8429,37.6551,37.2191,37.1721,37.3827,37.4057,37.1492,37.0101,37.1034,37.0756,36.9165,36.8741,36.9084,36.8076,36.7267,36.7347,36.6725,36.6046,36.5945,36.5281,36.4957,36.459,36.4182,36.3835,36.3498,36.3194,36.2847,36.2582,36.2306,36.2008,36.1722,36.1474,36.1247,36.0983,36.075,36.0541,36.0306,36.0147,35.9962,35.9758,35.9619,35.9463,35.9292,35.9179,35.9021,35.8917,35.8803,35.8709,35.861,35.8529,35.8445,35.838,35.8312,35.8259,35.8224,35.8173,35.8153,35.8121,35.8103,35.8095,35.8083,35.8081,35.809,35.8093,35.8106,6.7284,6.50629,6.29035,6.08871,5.8926,5.70223,5.51127,5.3331,5.16087,4.99455
0.98116,39.4836,35.8054,34.3593,33.3207,32.7736,33.2075,34.0165,35.0638,37.4709,38.6512,39.6807,40.4764,40.955,40.3088,39.2659,38.0307,36.9617,36.3359,36.3095,36.8052,37.5777,38.4068,39.141,39.6674,39.8968,39.2737,38.5774,37.8643,37.1179,37.2762,38.1579,38.6066,39.0758,38.7798,38.3945,37.5679,37.3464,37.7936,38.2769,38.3769,38.0288,37.5138,37.343,37.6355,37.8468,37.6589,37.223,37.1762,37.3871,37.41,37.1535,37.0146,37.1081,37.0803,36.9212,36.8791,36.9134,36.8127,36.732,36.74,36.6779,36.6102,36.6002,36.534,36.5018,36.4652,36.4246,36.39,36.3565,36.3263,36.2917,36.2655,36.2381,36.2085,36.1801,36.1556,36.1331,36.107,36.084,36.0634,36.0403,36.0246,36.0063,35.9863,35.9727,35.9573,35.9405,35.9294,35.914,35.9037,35.8926,35.8834,35.8737,35.8658,35.8576,35.8512,35.8446,35.8398,35.8363,35.8313,35.8293,35.8261,35.8243,35.8238,35.8225,35.8222,35.823,35.8232,35.8245,6.79863,6.57418,6.35596,6.1522,5.95403,5.76164,5.56866,5.38862,5.21456,5.04648
0.98262,39.4849,35.8049,34.3594,33.3222,32.7752,33.2093,34.019,35.0662,37.4737,38.653,39.6822,40.478,40.9567,40.3103,39.2677,38.0319,36.9633,36.3375,36.3116,36.8075,37.5801,38.4092,39.1433,39.6697,39.8988,39.2757,38.5793,37.8662,37.1202,37.2788,38.1606,38.6092,39.0784,38.7822,38.397,37.5705,37.3493,37.7968,38.28,38.38,38.0316,37.5167,37.3464,37.639,37.8503,37.6623,37.2265,37.1799,37.3909,37.4138,37.1572,37.0186,37.1122,37.0845,36.9254,36.8835,36.9179,36.8171,36.7366,36.7448,36.6828,36.6152,36.6053,36.5392,36.5071,36.4707,36.4302,36.3958,36.3624,36.3324,36.298,36.2719,36.2446,36.2153,36.1871,36.1628,36.1405,36.1147,36.0919,36.0716,36.0487,36.0333,36.0153,35.9955,35.9822,35.9671,35.9506,35.9397,35.9245,35.9145,35.9036,35.8946,35.885,35.8773,35.8692,35.863,35.8566,35.8518,35.8485,35.8436,35.8416,35.8384,35.8366,35.8361,35.8347,35.8345,35.8354,35.8356,35.8367,35.8387,6.64515,6.42455,6.21857,6.01823,5.82375,5.62866,5.44665,5.27069,5.10077
0.98402,39.4862,35.8069,34.3613,33.3224,32.7765,33.211,34.0203,35.0678,37.4751,38.6551,39.6846,40.4798,40.9584,40.3119,39.2692,38.0337,36.9648,36.3395,36.3137,36.8097,37.5825,38.4116,39.1457,39.672,39.901,39.2777,38.5813,37.8682,37.1227,37.2815,38.1635,38.6119,39.081,38.7847,38.3994,37.5731,37.3522,37.8001,38.2832,38.383,38.0346,37.5197,37.3498,37.6426,37.8539,37.6657,37.23,37.1836,37.3949,37.4177,37.1611,37.0226,37.1165,37.0887,36.9297,36.8879,36.9224,36.8217,36.7413,36.7497,36.6877,36.6202,36.6105,36.5444,36.5126,36.4762,36.4358,36.4017,36.3684,36.3386,36.3043,36.2784,36.2513,36.2222,36.1943,36.1702,36.1481,36.1225,36.1,36.0799,36.0573,36.0421,36.0244,36.0049,35.9918,35.9769,35.9607,35.95,35.9351,35.9252,35.9146,35.9058,35.8964,35.8888,35.8809,35.8748,35.8685,35.8639,35.8607,35.856,35.854,35.8509,35.8491,35.8485,35.8472,35.847,35.8477,35.8479,35.8491,35.851,6.77353,6.54862,6.33862,6.13437,5.93608,5.73718,5.55161,5.37221,5.19888
0.98538,39.4875,35.8087,34.3617,33.3238,32.7768,33.2128,34.0219,35.0692,37.477,38.6571,39.6864,40.4819,40.9602,40.3135,39.2707,38.0346,36.9665,36.341,36.3155,36.8121,37.5849,38.4141,39.148,39.6742,39.9032,39.2796,38.5832,37.8702,37.125,37.2841,38.1663,38.6149,39.0836,38.7871,38.4018,37.5755,37.3551,37.8032,38.2862,38.3859,38.0375,37.5227,37.3531,37.6459,37.8574,37.669,37.2334,37.1872,37.3987,37.4215,37.1648,37.0266,37.1206,37.0928,36.9338,36.8923,36.9269,36.8262,36.7459,36.7544,36.6924,36.6252,36.6155,36.5496,36.5179,36.4816,36.4414,36.4074,36.3742,36.3445,36.3104,36.2847,36.2578,36.2289,36.2011,36.1772,36.1554,36.1301,36.1078,36.0879,36.0656,36.0506,36.0331,36.0139,36.001,35.9863,35.9704,35.9599,35.9452,35.9356,35.9251,35.9164,35.9073,35.8998,35.8921,35.8861,35.8799,35.8753,35.8722,35.8677,35.8659,35.8629,35.8611,35.8606,35.8592,35.859,35.8597,35.8598,35.8609,35.8628,35.8642,6.68574,6.4713,6.26274,6.06026,5.85715,5.66764,5.48444,5.30749
0.98668,39.4886,35.809,34.3634,33.3258,32.7785,33.2143,34.0234,35.071,37.4786,38.6587,39.6882,40.4833,40.9616,40.3148,39.2719,38.036,36.9672,36.3429,36.3177,36.8141,37.5871,38.4161,39.1498,39.6762,39.9051,39.2813,38.5849,37.872,37.1271,37.2864,38.1688,38.6174,39.086,38.7893,38.404,37.5778,37.3577,37.806,38.2889,38.3886,38.0401,37.5253,37.3561,37.6492,37.8604,37.672,37.2365,37.1906,37.4021,37.4248,37.1682,37.0301,37.1243,37.0965,36.9375,36.8962,36.9308,36.8301,36.75,36.7586,36.6967,36.6295,36.62,36.5541,36.5225,36.4864,36.4463,36.4124,36.3794,36.3499,36.3159,36.2903,36.2635,36.2348,36.2073,36.1835,36.1618,36.1367,36.1146,36.095,36.0729,36.0581,36.0408,36.0219,36.0091,35.9947,35.979,35.9687,35.9542,35.9448,35.9345,35.926,35.917,35.9097,35.9021,35.8962,35.8902,35.8857,35.8826,35.8782,35.8764,35.8736,35.8719,35.8713,35.8699,35.8696,35.8703,35.8704,35.8714,35.8732,35.8745,6.76672,6.5496,6.33849,6.13362,5.92795,5.7362,5.55068,5.37165
0.98794,39.4897,35.8107,34.3644,33.3256,32.7794,33.2162,34.0252,35.0734,37.4806,38.6607,39.69,40.485,40.963,40.3162,39.2732,38.0373,36.9692,36.3443,36.3194,36.8162,37.5892,38.4183,39.1521,39.6783,39.907,39.2832,38.5867,37.8737,37.1293,37.2888,38.1714,38.6199,39.0884,38.7915,38.4062,37.5801,37.3603,37.8089,38.2919,38.3914,38.0428,37.528,37.3592,37.6522,37.8637,37.6751,37.2397,37.1939,37.4056,37.4283,37.1717,37.0337,37.1281,37.1003,36.9413,36.9002,36.9349,36.8342,36.7543,36.763,36.7011,36.6341,36.6247,36.5589,36.5274,36.4914,36.4514,36.4177,36.3847,36.3554,36.3216,36.2961,36.2695,36.2409,36.2136,36.19,36.1685,36.1436,36.1218,36.1023,36.0805,36.0658,36.0488,36.0301,36.0175,36.0033,35.9878,35.9777,35.9634,35.9542,35.944,35.9357,35.9269,35.9197,35.9122,35.9065,35.9006,35.8962,35.8932,35.8888,35.8871,35.8843,35.8827,35.8822,35.8809,35.8806,35.8812,35.8813,35.8823,35.884,35.8853,35.8868,6.61406,6.40087,6.19391,5.98625,5.79254,5.60523,5.42437
0.98914,39.491,35.8115,34.3653,33.3267,32.7808,33.2179,34.0269,35.0744,37.4822,38.6624,39.6911,40.4869,40.9646,40.3175,39.2743,38.0388,36.9704,36.3457,36.3213,36.8181,37.5913,38.4204,39.1543,39.6802,39.9089,39.2848,38.5884,37.8754,37.1314,37.2911,38.1739,38.6223,39.0906,38.7938,38.4083,37.5823,37.3629,37.8117,38.2947,38.394,38.0453,37.5306,37.3621,37.6556,37.8667,37.6781,37.2427,37.197,37.409,37.4317,37.175,37.0373,37.1317,37.1039,36.945,36.9041,36.9388,36.8382,36.7583,36.7672,36.7053,36.6385,36.6291,36.5634,36.5321,36.4962,36.4563,36.4227,36.3898,36.3606,36.3269,36.3017,36.2752,36.2468,36.2196,36.1962,36.1749,36.1502,36.1285,36.1092,36.0876,36.0731,36.0563,36.0378,36.0254,36.0114,35.9961,35.9861,35.9721,35.963,35.953,35.9448,35.9361,35.9291,35.9217,35.9161,35.9102,35.9059,35.903,35.8986,35.897,35.8942,35.8926,35.8922,35.8909,35.8907,35.8914,35.8916,35.8926,35.8943,35.8955,35.8969,35.899,6.45126,6.24264,6.03334,5.83808,5.64928,5.46697
0.99026,39.492,35.812,34.3666,33.3276,32.7809,33.2185,34.028,35.0754,37.4837,38.6637,39.693,40.488,40.9659,40.3189,39.2758,38.0402,36.9715,36.3471,36.3229,36.8199,37.5931,38.422,39.1561,39.6819,39.9101,39.2863,38.5897,37.8769,37.1331,37.2931,38.176,38.6244,39.0926,38.7956,38.4101,37.5843,37.3651,37.8141,38.2971,38.3963,38.0475,37.5329,37.3646,37.6582,37.8694,37.6806,37.2453,37.1998,37.412,37.4345,37.1779,37.0402,37.1348,37.1071,36.9481,36.9074,36.9422,36.8416,36.7619,36.7707,36.7089,36.6422,36.6329,36.5673,36.5361,36.5002,36.4604,36.427,36.3942,36.3651,36.3316,36.3064,36.28,36.2518,36.2247,36.2015,36.1803,36.1558,36.1343,36.1152,36.0938,36.0794,36.0628,36.0444,36.0322,36.0184,36.0033,35.9934,35.9796,35.9705,35.9607,35.9527,35.9441,35.9371,35.9299,35.9244,35.9186,35.9144,35.9115,35.9072,35.9056,35.9028,35.9013,35.9008,35.8996,35.8993,35.9,35.9001,35.9011,35.9028,35.9041,35.9055,35.9075,6.49088,6.28096,6.07037,5.87389,5.68392,5.50047
0.99121,39.4929,35.8131,34.3668,33.3295,32.7824,33.219,34.0295,35.0769,37.4851,38.6652,39.6944,40.4895,40.9669,40.3201,39.2766,38.0411,36.9725,36.3486,36.3241,36.8213,37.5949,38.4238,39.1577,39.6835,39.912,39.2877,38.591,37.8783,37.1348,37.2949,38.178,38.6262,39.0945,38.7974,38.4119,37.586,37.3672,37.8162,38.2993,38.3984,38.0496,37.535,37.367,37.6607,37.8718,37.683,37.2477,37.2024,37.4147,37.4372,37.1805,37.043,37.1378,37.11,36.9511,36.9105,36.9454,36.8447,36.7651,36.7741,36.7123,36.6457,36.6365,36.5709,36.5398,36.5041,36.4643,36.431,36.3983,36.3693,36.3359,36.3108,36.2845,36.2564,36.2295,36.2064,36.1854,36.161,36.1396,36.1207,36.0994,36.0852,36.0687,36.0506,36.0385,36.0248,36.0099,36.0001,35.9865,35.9776,35.9679,35.9599,35.9515,35.9447,35.9376,35.9321,35.9264,35.9222,35.9194,35.9152,35.9136,35.9109,35.9093,35.9089,35.9076,35.9073,35.908,35.9081,35.9091,35.9107,35.9119,35.9133,35.9153,35.9175,6.31469,6.10295,5.9054,5.7144,5.52995
0.99213,39.4937,35.8139,34.3676,33.3302,32.7837,33.2207,34.0302,35.0783,37.4863,38.6666,39.6957,40.4907,40.9677,40.3208,39.2777,38.0422,36.9739,36.3497,36.3258,36.8228,37.5963,38.4254,39.1591,39.685,39.9133,39.2889,38.5923,37.8795,37.1363,37.2966,38.1792,38.6279,39.0961,38.7989,38.4134,37.5876,37.369,37.8182,38.3012,38.4003,38.0514,37.5368,37.3691,37.6629,37.874,37.6851,37.2499,37.2047,37.4171,37.4396,37.1828,37.0454,37.1403,37.1126,36.9537,36.9132,36.9481,36.8475,36.7679,36.777,36.7152,36.6487,36.6396,36.5741,36.5431,36.5074,36.4677,36.4345,36.4019,36.373,36.3397,36.3147,36.2885,36.2605,36.2337,36.2107,36.1898,36.1656,36.1443,36.1255,36.1044,36.0903,36.0739,36.056,36.044,36.0304,36.0157,36.0061,35.9926,35.9838,35.9743,35.9664,35.9581,35.9514,35.9444,35.9391,35.9335,35.9294,35.9266,35.9224,35.9208,35.9181,35.9166,35.9161,35.9149,35.9144,35.9151,35.9151,35.9162,35.9178,35.919,35.9203,35.9223,35.9244,6.3455,6.13271,5.93418,5.74224,5.55687
0.99304,39.4945,35.8146,34.3681,33.3309,32.7844,33.2213,34.0317,35.0794,37.4875,38.6677,39.6965,40.4918,40.9689,40.322,39.2786,38.0432,36.9747,36.3504,36.3265,36.8241,37.5976,38.427,39.1606,39.6863,39.9146,39.2902,38.5935,37.8808,37.1377,37.2981,38.1815,38.6299,39.0977,38.8004,38.4149,37.5892,37.3707,37.8203,38.3032,38.4022,38.0532,37.5386,37.3713,37.6651,37.8762,37.6872,37.252,37.2069,37.4195,37.4419,37.1852,37.0479,37.1429,37.1151,36.9562,36.9159,36.9509,36.8502,36.7708,36.78,36.7182,36.6518,36.6427,36.5772,36.5464,36.5107,36.4711,36.438,36.4054,36.3767,36.3434,36.3185,36.2924,36.2646,36.2379,36.215,36.1942,36.1701,36.149,36.1303,36.1094,36.0954,36.0792,36.0614,36.0496,36.0362,36.0217,36.0123,35.999,35.9904,35.9811,35.9734,35.9653,35.9588,35.9519,35.9467,35.9413,35.9371,35.9343,35.9301,35.9284,35.9257,35.9241,35.9236,35.9223,35.9214,35.922,35.9221,35.9235,35.925,35.9261,35.9274,35.9292,35.9312,6.37527,6.16148,5.962,5.76915,5.5829
0.995,39.4962,35.8161,34.3699,33.3313,32.7851,33.2233,34.0337,35.082,37.4909,38.6702,39.6991,40.4946,40.9712,40.3241,39.2805,38.0451,36.9768,36.3533,36.3299,36.8275,37.6012,38.4303,39.1639,39.6894,39.9176,39.2928,38.5962,37.8835,37.141,37.3018,38.1849,38.6334,39.1014,38.8038,38.4182,37.5927,37.3747,37.8245,38.3076,38.4064,38.0572,37.5427,37.3758,37.6698,37.881,37.6918,37.2568,37.2121,37.4248,37.4472,37.1904,37.0533,37.1486,37.1208,36.962,36.922,36.957,36.8564,36.7771,36.7865,36.7248,36.6586,36.6496,36.5843,36.5536,36.5181,36.4787,36.4458,36.4134,36.3848,36.3518,36.3271,36.3012,36.2736,36.2472,36.2245,36.2039,36.1802,36.1594,36.141,36.1204,36.1067,36.0909,36.0735,36.062,36.0489,36.0348,36.0257,36.0128,36.0045,35.9956,35.9879,35.98,35.9735,35.9667,35.9615,35.9562,35.9522,35.9494,35.9448,35.9438,35.9411,35.9396,35.939,35.9377,35.9374,35.938,35.9379,35.9387,35.9402,35.9412,35.9424,35.9442,35.946,35.948,35.9498,6.01539,5.82078,5.63284
0.999,39.5001,35.8193,34.3721,33.3351,32.7895,33.2289,34.0393,35.0873,37.4962,38.676,39.705,40.4994,40.9756,40.3285,39.2846,38.0495,36.9813,36.3585,36.3356,36.8341,37.6078,38.4369,39.1705,39.6959,39.9237,39.2984,38.6017,37.8893,37.1479,37.3093,38.1935,38.6417,39.1089,38.8109,38.4251,37.6,37.3832,37.8338,38.3166,38.415,38.0656,37.5512,37.3857,37.6801,37.891,37.7015,37.2667,37.2225,37.4359,37.4581,37.2012,37.0647,37.1605,37.1327,36.9739,36.9345,36.9698,36.8692,36.7903,36.8001,36.7384,36.6727,36.664,36.5989,36.5687,36.5335,36.4944,36.4619,36.4298,36.4017,36.369,36.3448,36.3193,36.2922,36.2662,36.2441,36.224,36.2007,36.1805,36.1626,36.1426,36.1293,36.1139,36.0971,36.086,36.0734,36.0597,36.0509,36.0385,36.0305,36.0218,36.0147,36.0071,36.0011,35.9947,35.99,35.9849,35.9812,35.9788,35.9751,35.9737,35.9712,35.9699,35.9694,35.9682,35.968,35.9685,35.9685,35.9692,35.9705,35.9715,35.9726,35.9742,35.9759,35.9777,35.9792,35.9812,35.9833,5.75302
