,0.33452,0.35496,0.39584,0.41628,0.43672,0.45716,0.49804,0.51848,0.53892,0.55936,0.5798,0.62068,0.64112,0.66156,0.69018,0.71879,0.74741,0.77602,0.80464,0.83326,0.86187,0.89049,0.94772,0.97634,1.00495,1.03357,1.06218,1.11942,1.14803,1.20526,1.23388,1.29111,1.31973,1.37696,1.43419,1.46281,1.52004,1.57727,1.6345,1.69174,1.74897,1.8062,1.86343,1.94928,2.00651,2.09236,2.14959,2.23544,2.32129,2.37852,2.46437,2.55022,2.66468,2.75053,2.83638,2.95084,3.03669,3.15115,3.26562,3.38008,3.49454,3.60901,3.75209,3.86655,4.00963,4.15271,4.29579,4.43887,4.61057,4.75365,4.92534,5.09704,5.29735,5.46905,5.66936,5.86967,6.06998,6.2703,6.49922,6.72815,6.95708,7.21462,7.47217,7.72971,7.98726,8.27342,8.55958,8.87435,9.18913,9.5039,9.81868,10.1907,10.5341,10.9061,11.2781,11.6787,12.0793,12.5086,12.9378,13.3957,13.8821,14.3686,14.8551,15.3988,15.9139,16.4862,17.0585,17.6595,18.289,18.9186,19.5767,20.2635,20.9789,21.7229,22.467,23.2682,24.0694,24.9279
1e-08,17.325,18.6843,15.5477,12.1644,4.24279,0.716441,0.0752747,0.0305067,0.0140246,0.00723853,0.00413574,0.0017115,0.00121474,0.000901221,0.000635646,0.000476345,0.000374247,0.000306637,0.000257716,0.000221904,0.000194872,0.00017393,0.000143308,0.000132354,0.000123214,0.000115501,0.000108898,9.78241e-05,9.34547e-05,8.58023e-05,8.27006e-05,7.70705e-05,7.47432e-05,7.03962e-05,6.66676e-05,6.50933e-05,6.20433e-05,5.93432e-05,5.69263e-05,5.47504e-05,5.27741e-05,5.09655e-05,4.93049e-05,4.69865e-05,4.56178e-05,4.36781e-05,4.25226e-05,4.08687e-05,3.93537e-05,3.84397e-05,3.71163e-05,3.589e-05,3.43648e-05,3.33255e-05,3.23519e-05,3.11267e-05,3.02846e-05,2.92173e-05,2.82265e-05,2.73044e-05,2.64434e-05,2.56371e-05,2.46897e-05,2.39896e-05,2.31622e-05,2.23918e-05,2.16726e-05,2.09995e-05,2.02414e-05,1.96553e-05,1.89918e-05,1.83727e-05,1.76974e-05,1.71603e-05,1.65715e-05,1.60224e-05,1.55091e-05,1.50283e-05,1.45127e-05,1.40319e-05,1.35825e-05,1.31091e-05,1.26679e-05,1.22561e-05,1.18703e-05,1.14687e-05,1.10936e-05,1.07081e-05,1.03487e-05,1.00128e-05,9.69824e-06,9.35038e-06,9.0512e-06,8.74781e-06,8.46426e-06,8.17865e-06,7.91176e-06,7.6444e-06,7.39463e-06,7.14553e-06,6.89852e-06,6.6681e-06,6.4527e-06,6.22768e-06,6.02871e-06,5.82187e-06,5.6288e-06,5.43939e-06,5.25416e-06,5.0812e-06,4.91215e-06,4.74729e-06,4.58697e-06,4.43129e-06,4.28589e-06,4.13959e-06,4.00296e-06,3.86624e-06
1.2e-08,17.8686,19.0803,16.0129,12.8698,6.39925,0.892091,0.0906567,0.0366629,0.0168414,0.00868947,0.00496396,0.002054,0.00145779,0.00108152,0.000762803,0.000571629,0.000449106,0.00036797,0.000309263,0.000266288,0.000233849,0.000208717,0.000171971,0.000158826,0.000147859,0.000138601,0.000130679,0.00011739,0.000112146,0.000102964,9.92414e-05,9.24849e-05,8.96922e-05,8.44755e-05,8.00015e-05,7.81124e-05,7.44522e-05,7.1212e-05,6.8312e-05,6.57007e-05,6.33294e-05,6.11588e-05,5.9166e-05,5.63842e-05,5.47413e-05,5.2414e-05,5.10272e-05,4.90428e-05,4.72245e-05,4.61278e-05,4.45395e-05,4.30682e-05,4.1238e-05,3.99908e-05,3.88225e-05,3.73523e-05,3.63415e-05,3.50608e-05,3.38719e-05,3.27655e-05,3.17321e-05,3.07647e-05,2.96276e-05,2.87877e-05,2.77947e-05,2.68703e-05,2.60073e-05,2.51995e-05,2.42898e-05,2.35864e-05,2.27903e-05,2.20473e-05,2.12369e-05,2.05925e-05,1.98858e-05,1.92269e-05,1.8611e-05,1.80339e-05,1.74154e-05,1.68385e-05,1.6299e-05,1.57309e-05,1.52017e-05,1.47074e-05,1.42445e-05,1.37625e-05,1.33124e-05,1.28498e-05,1.24184e-05,1.20154e-05,1.16379e-05,1.12205e-05,1.08615e-05,1.04974e-05,1.01572e-05,9.81442e-06,9.49413e-06,9.17329e-06,8.8736e-06,8.57465e-06,8.27823e-06,8.00176e-06,7.74326e-06,7.47322e-06,7.23446e-06,6.98622e-06,6.75459e-06,6.52729e-06,6.30502e-06,6.09744e-06,5.89456e-06,5.69677e-06,5.50435e-06,5.31759e-06,5.14309e-06,4.96752e-06,4.8036e-06,4.63949e-06
1.44e-08,18.3772,19.4563,16.4477,13.5026,8.09528,1.1235,0.109264,0.0440746,0.0202268,0.010432,0.0059583,0.00246507,0.00174949,0.0012979,0.000915403,0.000685978,0.000538941,0.000441573,0.000371121,0.00031955,0.000280623,0.000250463,0.000206367,0.000190592,0.000177431,0.000166323,0.000156814,0.000140868,0.000134576,0.000123557,0.00011909,0.000110983,0.000107631,0.000101371,9.60023e-05,9.37352e-05,8.93434e-05,8.5455e-05,8.19747e-05,7.8841e-05,7.59951e-05,7.3391e-05,7.09998e-05,6.76611e-05,6.569e-05,6.28968e-05,6.12332e-05,5.88513e-05,5.66695e-05,5.53534e-05,5.3448e-05,5.16819e-05,4.94856e-05,4.79892e-05,4.65871e-05,4.48227e-05,4.361e-05,4.20734e-05,4.06463e-05,3.93186e-05,3.80786e-05,3.69175e-05,3.55533e-05,3.45453e-05,3.33539e-05,3.22445e-05,3.12088e-05,3.02395e-05,2.91478e-05,2.83037e-05,2.73484e-05,2.64568e-05,2.54844e-05,2.4711e-05,2.38631e-05,2.30725e-05,2.23334e-05,2.16409e-05,2.08986e-05,2.02062e-05,1.95589e-05,1.88772e-05,1.8242e-05,1.76488e-05,1.70934e-05,1.65151e-05,1.59751e-05,1.54197e-05,1.49021e-05,1.44185e-05,1.39656e-05,1.34646e-05,1.30338e-05,1.2597e-05,1.21886e-05,1.17773e-05,1.1393e-05,1.1008e-05,1.06483e-05,1.02896e-05,9.93388e-06,9.60214e-06,9.29198e-06,8.96787e-06,8.68139e-06,8.38349e-06,8.10553e-06,7.83279e-06,7.56604e-06,7.317e-06,7.0735e-06,6.83618e-06,6.60525e-06,6.3811e-06,6.17175e-06,5.96104e-06,5.76432e-06,5.56743e-06
1.728e-08,18.8551,19.8141,16.8562,14.0769,9.38462,1.43896,0.131813,0.0530043,0.0242968,0.0125251,0.00715219,0.00295848,0.00209959,0.0015576,0.00109854,0.000823207,0.000646749,0.000529902,0.000445355,0.000383466,0.000336751,0.00030056,0.000247642,0.000228712,0.000212919,0.000199588,0.000188179,0.000169042,0.000161492,0.00014827,0.000142909,0.00013318,0.000129157,0.000121646,0.000115204,0.000112483,0.000107212,0.000102546,9.83702e-05,9.46095e-05,9.1195e-05,8.80692e-05,8.51999e-05,8.11934e-05,7.88284e-05,7.54768e-05,7.348e-05,7.06219e-05,6.8004e-05,6.64247e-05,6.41377e-05,6.20188e-05,5.9383e-05,5.7587e-05,5.59046e-05,5.37877e-05,5.23324e-05,5.04882e-05,4.8776e-05,4.71824e-05,4.56946e-05,4.43013e-05,4.26643e-05,4.14545e-05,4.00247e-05,3.86934e-05,3.74509e-05,3.62875e-05,3.49775e-05,3.39647e-05,3.28181e-05,3.17484e-05,3.05814e-05,2.96535e-05,2.86358e-05,2.7687e-05,2.68e-05,2.59691e-05,2.50784e-05,2.42475e-05,2.34707e-05,2.26527e-05,2.18906e-05,2.11786e-05,2.05122e-05,1.98182e-05,1.91701e-05,1.85037e-05,1.78827e-05,1.73024e-05,1.67588e-05,1.61576e-05,1.56407e-05,1.51164e-05,1.46265e-05,1.41329e-05,1.36717e-05,1.32097e-05,1.27781e-05,1.23476e-05,1.19207e-05,1.15226e-05,1.11504e-05,1.07615e-05,1.04177e-05,1.00603e-05,9.7267e-06,9.39938e-06,9.07932e-06,8.78042e-06,8.48825e-06,8.20344e-06,7.92634e-06,7.65737e-06,7.40613e-06,7.15332e-06,6.91722e-06,6.68096e-06
2.0736e-08,19.3057,20.1555,17.2412,14.6032,10.4264,1.89391,0.159194,0.0637714,0.0291918,0.0150398,0.00858586,0.00355075,0.0025198,0.00186927,0.00131833,0.000987895,0.000776129,0.0006359,0.000534438,0.000460167,0.000404108,0.000360677,0.000297174,0.000274458,0.000255506,0.000239508,0.000225817,0.000202853,0.000193792,0.000177924,0.000171492,0.000159816,0.00015499,0.000145977,0.000138245,0.00013498,0.000128655,0.000123056,0.000118044,0.000113532,0.000109434,0.000105684,0.000102241,9.7433e-05,9.45945e-05,9.05726e-05,8.81766e-05,8.47469e-05,8.16054e-05,7.97098e-05,7.69658e-05,7.44228e-05,7.12602e-05,6.91051e-05,6.7086e-05,6.45456e-05,6.27992e-05,6.05861e-05,5.85315e-05,5.66192e-05,5.48341e-05,5.31618e-05,5.11975e-05,4.97458e-05,4.803e-05,4.64324e-05,4.49412e-05,4.35454e-05,4.19733e-05,4.0758e-05,3.9382e-05,3.80982e-05,3.6698e-05,3.55842e-05,3.43631e-05,3.32245e-05,3.21602e-05,3.11632e-05,3.00942e-05,2.90972e-05,2.8165e-05,2.71834e-05,2.62688e-05,2.54146e-05,2.46148e-05,2.37819e-05,2.30042e-05,2.22046e-05,2.14593e-05,2.07629e-05,2.01107e-05,1.93893e-05,1.87689e-05,1.81398e-05,1.75519e-05,1.69595e-05,1.64061e-05,1.58517e-05,1.53337e-05,1.48171e-05,1.43049e-05,1.38272e-05,1.33806e-05,1.29139e-05,1.25013e-05,1.20724e-05,1.16721e-05,1.12793e-05,1.08952e-05,1.05365e-05,1.0186e-05,9.84416e-06,9.51165e-06,9.1889e-06,8.88741e-06,8.58399e-06,8.30074e-06,8.01717e-06
2.4883e-08,19.732,20.4818,17.6054,15.089,11.3042,2.62359,0.192529,0.0767668,0.0350813,0.0180616,0.0103076,0.0042617,0.00302417,0.00224335,0.00158211,0.00118553,0.000931387,0.0007631,0.000641339,0.000552209,0.000484935,0.000432815,0.000356611,0.00032935,0.000306608,0.00028741,0.00027098,0.000243423,0.000232551,0.000213509,0.00020579,0.00019178,0.000185988,0.000175172,0.000165894,0.000161976,0.000154387,0.000147667,0.000141653,0.000136239,0.000131321,0.00012682,0.000122688,0.000116919,0.000113513,0.000108687,0.000105812,0.000101696,9.7926e-05,9.5652e-05,9.23587e-05,8.9307e-05,8.55122e-05,8.29259e-05,8.05031e-05,7.74543e-05,7.53587e-05,7.27032e-05,7.02376e-05,6.79431e-05,6.58006e-05,6.37943e-05,6.14367e-05,5.96949e-05,5.7636e-05,5.5719e-05,5.39292e-05,5.22542e-05,5.03678e-05,4.89093e-05,4.72584e-05,4.57179e-05,4.40374e-05,4.27011e-05,4.12357e-05,3.98695e-05,3.85923e-05,3.73958e-05,3.61131e-05,3.49166e-05,3.3798e-05,3.262e-05,3.15225e-05,3.04975e-05,2.95378e-05,2.85383e-05,2.76051e-05,2.66455e-05,2.57512e-05,2.49154e-05,2.41328e-05,2.32671e-05,2.25227e-05,2.17677e-05,2.10622e-05,2.03514e-05,1.96873e-05,1.9022e-05,1.84005e-05,1.77806e-05,1.7166e-05,1.65926e-05,1.60566e-05,1.54967e-05,1.50015e-05,1.44869e-05,1.40065e-05,1.35352e-05,1.30743e-05,1.26439e-05,1.22231e-05,1.1813e-05,1.1414e-05,1.10267e-05,1.06649e-05,1.03008e-05,9.96087e-06,9.62062e-06
2.986e-08,20.1365,20.7944,17.9511,15.5403,12.0651,4.06406,0.233251,0.0924729,0.0421727,0.0216943,0.0123759,0.0051153,0.00362967,0.00269239,0.00189873,0.00142276,0.00111774,0.00091577,0.000769643,0.000662678,0.000581943,0.000519396,0.000427945,0.000395232,0.000367939,0.000344902,0.000325185,0.000292115,0.000279068,0.000256217,0.000246954,0.000230141,0.000223191,0.000210211,0.000199077,0.000194376,0.000185268,0.000177205,0.000169988,0.00016349,0.000157589,0.000152188,0.000147229,0.000140306,0.000136219,0.000130427,0.000126977,0.000122038,0.000117514,0.000114785,0.000110833,0.000107171,0.000102617,9.95131e-05,9.66059e-05,9.29475e-05,9.04325e-05,8.72458e-05,8.42869e-05,8.15333e-05,7.89626e-05,7.65547e-05,7.37256e-05,7.16353e-05,6.91646e-05,6.68642e-05,6.47166e-05,6.27065e-05,6.04427e-05,5.86924e-05,5.67114e-05,5.48626e-05,5.28461e-05,5.12423e-05,4.94839e-05,4.78444e-05,4.63116e-05,4.48759e-05,4.33366e-05,4.19007e-05,4.05584e-05,3.91449e-05,3.78278e-05,3.65978e-05,3.5446e-05,3.42467e-05,3.31269e-05,3.19753e-05,3.0902e-05,2.98991e-05,2.89599e-05,2.7921e-05,2.70278e-05,2.61218e-05,2.52752e-05,2.44222e-05,2.36252e-05,2.28269e-05,2.20811e-05,2.13372e-05,2.05996e-05,1.99116e-05,1.92684e-05,1.85964e-05,1.80022e-05,1.73846e-05,1.68082e-05,1.62426e-05,1.56894e-05,1.5173e-05,1.46681e-05,1.41759e-05,1.36971e-05,1.32323e-05,1.27981e-05,1.23612e-05,1.19533e-05,1.1545e-05
3.5832e-08,20.5213,21.0943,18.2799,15.962,12.7383,6.33791,0.283189,0.11148,0.0507152,0.0260622,0.0148608,0.00614008,0.00435647,0.00323136,0.00227871,0.00170744,0.00134137,0.00109898,0.000923609,0.00079524,0.000698351,0.00062329,0.000513544,0.000474286,0.000441534,0.000413888,0.000390228,0.000350543,0.000334886,0.000307464,0.000296348,0.000276173,0.000267832,0.000252256,0.000238896,0.000233253,0.000222324,0.000212648,0.000203987,0.00019619,0.000189108,0.000182627,0.000176677,0.000168369,0.000163465,0.000156514,0.000152374,0.000146447,0.000141018,0.000137743,0.000133001,0.000128606,0.000123141,0.000119417,0.000115928,0.000111538,0.00010852,0.000104696,0.000101145,9.78411e-05,9.47559e-05,9.18666e-05,8.84716e-05,8.59632e-05,8.29982e-05,8.02379e-05,7.76606e-05,7.52486e-05,7.25319e-05,7.04316e-05,6.80544e-05,6.58358e-05,6.34159e-05,6.14915e-05,5.93814e-05,5.74138e-05,5.55746e-05,5.38516e-05,5.20044e-05,5.02815e-05,4.86706e-05,4.69743e-05,4.53938e-05,4.39178e-05,4.25356e-05,4.10965e-05,3.97525e-05,3.83707e-05,3.70828e-05,3.58793e-05,3.47523e-05,3.35055e-05,3.24337e-05,3.13465e-05,3.03305e-05,2.93069e-05,2.83506e-05,2.73925e-05,2.64975e-05,2.56048e-05,2.47197e-05,2.38942e-05,2.31223e-05,2.23159e-05,2.16029e-05,2.08617e-05,2.017e-05,1.94913e-05,1.88275e-05,1.82077e-05,1.76019e-05,1.70112e-05,1.64366e-05,1.58789e-05,1.53579e-05,1.48336e-05,1.43441e-05,1.38541e-05
4.2998e-08,20.8881,21.3826,18.5935,16.3577,13.3426,8.05342,0.344742,0.134523,0.0610142,0.0313165,0.0178467,0.00737051,0.005229,0.00387829,0.0027348,0.00204912,0.00160975,0.00131885,0.00110837,0.000954317,0.000838042,0.000747962,0.000616262,0.00056915,0.000529846,0.00049667,0.000468277,0.000420654,0.000401865,0.000368959,0.00035562,0.000331408,0.0003214,0.000302708,0.000286675,0.000279904,0.000266789,0.000255178,0.000244785,0.000235429,0.000226931,0.000219153,0.000212013,0.000202043,0.000196158,0.000187817,0.000182849,0.000175737,0.000169222,0.000165292,0.000159601,0.000154328,0.00014777,0.000143301,0.000139114,0.000133846,0.000130224,0.000125635,0.000121375,0.00011741,0.000113707,0.00011024,0.000106166,0.000103156,9.95981e-05,9.62855e-05,9.3193e-05,9.02983e-05,8.70385e-05,8.45182e-05,8.16654e-05,7.90031e-05,7.60993e-05,7.37899e-05,7.12577e-05,6.88967e-05,6.66896e-05,6.46221e-05,6.24054e-05,6.03379e-05,5.84049e-05,5.63694e-05,5.44728e-05,5.27013e-05,5.10429e-05,4.93159e-05,4.77032e-05,4.6045e-05,4.44995e-05,4.30553e-05,4.17028e-05,4.02068e-05,3.89206e-05,3.76159e-05,3.63967e-05,3.51683e-05,3.40208e-05,3.28711e-05,3.17971e-05,3.07259e-05,2.96638e-05,2.86731e-05,2.77468e-05,2.67791e-05,2.59235e-05,2.50341e-05,2.4204e-05,2.33896e-05,2.25931e-05,2.18493e-05,2.11223e-05,2.04135e-05,1.9724e-05,1.90547e-05,1.84295e-05,1.78004e-05,1.72129e-05,1.6625e-05
5.1598e-08,21.2387,21.6603,18.8934,16.7307,13.8919,9.3314,0.421122,0.162527,0.073445,0.037641,0.0214363,0.00884826,0.00627668,0.00465499,0.00328229,0.00245926,0.0019319,0.00158273,0.00133014,0.00114525,0.0010057,0.000897593,0.00073954,0.000683002,0.000635835,0.000596022,0.000561949,0.000504799,0.000482251,0.000442761,0.000426754,0.0003977,0.000385688,0.000363258,0.000344018,0.000335893,0.000320154,0.000306221,0.000293749,0.000282521,0.000272323,0.00026299,0.000254421,0.000242457,0.000235395,0.000225386,0.000219423,0.000210889,0.000203071,0.000198355,0.000191526,0.000185198,0.000177328,0.000171964,0.00016694,0.000160618,0.000156273,0.000150766,0.000145653,0.000140895,0.000136452,0.000132291,0.000127402,0.00012379,0.00011952,0.000115545,0.000111834,0.00010836,0.000104449,0.000101424,9.80006e-05,9.48057e-05,9.13213e-05,8.85498e-05,8.55112e-05,8.26779e-05,8.00293e-05,7.75482e-05,7.48881e-05,7.2407e-05,7.00874e-05,6.76446e-05,6.53688e-05,6.3243e-05,6.12528e-05,5.91803e-05,5.72451e-05,5.52552e-05,5.34005e-05,5.16675e-05,5.00445e-05,4.82492e-05,4.67056e-05,4.51401e-05,4.3677e-05,4.22029e-05,4.08259e-05,3.94462e-05,3.81574e-05,3.68719e-05,3.55973e-05,3.44084e-05,3.32969e-05,3.21357e-05,3.11089e-05,3.00416e-05,2.90455e-05,2.80681e-05,2.71123e-05,2.62197e-05,2.53473e-05,2.44968e-05,2.36694e-05,2.28662e-05,2.21159e-05,2.13609e-05,2.0656e-05,1.99504e-05
6.1917e-08,21.5743,21.9279,19.1806,17.0834,14.3955,10.3559,0.516693,0.196647,0.0884636,0.0452567,0.0257524,0.010623,0.00753459,0.00558738,0.00393944,0.00295149,0.00231851,0.00189943,0.00159626,0.00137435,0.00120688,0.00107714,0.000887469,0.00081962,0.000763016,0.000715238,0.000674348,0.000605766,0.000578708,0.00053132,0.000512111,0.000477244,0.00046283,0.000435914,0.000412826,0.000403075,0.000384188,0.000367468,0.000352502,0.000339028,0.00032679,0.00031559,0.000305307,0.000290951,0.000282476,0.000270465,0.00026331,0.000253068,0.000243687,0.000238027,0.000229832,0.000222239,0.000212795,0.000206359,0.00020033,0.000192744,0.000187529,0.00018092,0.000174784,0.000169074,0.000163743,0.00015875,0.000152884,0.000148549,0.000143425,0.000138655,0.000134202,0.000130033,0.000125339,0.00012171,0.000117601,0.000113768,0.000109586,0.000106261,0.000102614,9.92142e-05,9.60358e-05,9.30585e-05,8.98664e-05,8.6889e-05,8.41053e-05,8.11742e-05,7.84431e-05,7.58922e-05,7.35039e-05,7.10169e-05,6.86945e-05,6.63067e-05,6.4081e-05,6.20014e-05,6.00538e-05,5.78994e-05,5.60472e-05,5.41685e-05,5.24127e-05,5.06439e-05,4.89914e-05,4.73358e-05,4.57892e-05,4.42465e-05,4.27171e-05,4.12904e-05,3.99566e-05,3.85631e-05,3.7331e-05,3.60501e-05,3.48548e-05,3.3682e-05,3.2535e-05,3.14639e-05,3.0417e-05,2.93963e-05,2.84034e-05,2.74396e-05,2.65393e-05,2.56333e-05,2.47874e-05,2.39407e-05
7.4301e-08,21.8963,22.1864,19.4564,17.418,14.861,11.2162,0.637663,0.23837,0.106639,0.054436,0.0309451,0.0127551,0.00904539,0.00670701,0.00472844,0.00354243,0.00278261,0.00227957,0.00191569,0.00164935,0.00144835,0.00129265,0.00106501,0.000983585,0.000915658,0.00085832,0.000809249,0.000726945,0.000694474,0.000637605,0.000614552,0.00057271,0.000555414,0.000523113,0.000495405,0.000483705,0.00046104,0.000440974,0.000423014,0.000406845,0.000392159,0.000378719,0.000366379,0.000349151,0.00033898,0.000324567,0.000315981,0.000303691,0.000292432,0.000285641,0.000275807,0.000266694,0.000255361,0.000247637,0.000240403,0.000231299,0.000225041,0.00021711,0.000209747,0.000202895,0.000196497,0.000190506,0.000183466,0.000178264,0.000172115,0.000166391,0.000161047,0.000156045,0.000150411,0.000146056,0.000141126,0.000136525,0.000131507,0.000127516,0.00012314,0.00011906,0.000115246,0.000111673,0.000107843,0.00010427,0.000100929,9.74117e-05,9.41344e-05,9.10731e-05,8.82072e-05,8.52226e-05,8.24358e-05,7.95703e-05,7.68994e-05,7.44038e-05,7.20666e-05,6.94813e-05,6.72585e-05,6.5004e-05,6.28971e-05,6.07744e-05,5.87913e-05,5.68045e-05,5.49486e-05,5.30974e-05,5.12619e-05,4.95499e-05,4.79492e-05,4.6277e-05,4.47984e-05,4.32614e-05,4.18269e-05,4.04195e-05,3.90431e-05,3.77578e-05,3.65015e-05,3.52766e-05,3.40851e-05,3.29284e-05,3.1848e-05,3.07608e-05,2.97456e-05,2.87296e-05
8.9161e-08,22.2056,22.4362,19.7215,17.7363,15.2938,11.9606,0.793147,0.289603,0.128671,0.0655083,0.0371948,0.0153169,0.0108599,0.00805141,0.00567564,0.00425178,0.00333965,0.00273583,0.00229904,0.00197939,0.00173814,0.00155127,0.00127807,0.00118036,0.00109884,0.00103002,0.000971133,0.000872361,0.000833393,0.000765148,0.000737483,0.000687271,0.000666514,0.000627751,0.000594501,0.00058046,0.000553261,0.000529181,0.000507629,0.000488224,0.000470601,0.000454473,0.000439665,0.000418991,0.000406785,0.000389488,0.000379185,0.000364437,0.000350926,0.000342776,0.000330975,0.00032004,0.00030644,0.000297171,0.000288489,0.000277564,0.000270055,0.000260538,0.000251702,0.00024348,0.000235802,0.000228612,0.000220164,0.000213921,0.000206543,0.000199673,0.00019326,0.000187258,0.000180497,0.000175271,0.000169355,0.000163834,0.000157812,0.000153023,0.000147772,0.000142876,0.000138299,0.000134011,0.000129414,0.000125126,0.000121118,0.000116897,0.000112964,0.00010929,0.000105851,0.000102269,9.89251e-05,9.54864e-05,9.22813e-05,8.92865e-05,8.64819e-05,8.33794e-05,8.0712e-05,7.80065e-05,7.54781e-05,7.29308e-05,7.05512e-05,6.81669e-05,6.59397e-05,6.37182e-05,6.15156e-05,5.94611e-05,5.75403e-05,5.55336e-05,5.37593e-05,5.19148e-05,5.01934e-05,4.85045e-05,4.68527e-05,4.53103e-05,4.38027e-05,4.23328e-05,4.0903e-05,3.9515e-05,3.82185e-05,3.69138e-05,3.56956e-05,3.44763e-05
1.0699e-07,22.5032,22.6779,19.9767,18.0399,15.6986,12.6185,0.99742,0.352852,0.155432,0.0788764,0.0447204,0.0183952,0.0130395,0.00966575,0.00681279,0.00510325,0.00400823,0.00328339,0.0027591,0.00237543,0.00208588,0.0018616,0.00153373,0.00141646,0.00131862,0.00123604,0.00116538,0.00104685,0.00100008,0.000918186,0.000884981,0.000824727,0.000799819,0.000753305,0.000713401,0.000696551,0.000663913,0.00063502,0.000609157,0.000585868,0.000564724,0.000545369,0.0005276,0.000502787,0.000488142,0.000467385,0.000455021,0.000437323,0.000421113,0.000411332,0.00039717,0.000384047,0.000367727,0.000356605,0.000346186,0.000333076,0.000324065,0.000312646,0.000302041,0.000292175,0.000282962,0.000274334,0.000264196,0.000256706,0.00024785,0.000239607,0.000231911,0.000224709,0.000216597,0.000210325,0.000203224,0.0001966,0.000189373,0.000183627,0.000177325,0.00017145,0.000165958,0.000160813,0.000155297,0.000150152,0.000145341,0.000140275,0.000135556,0.000131148,0.000127021,0.000122723,0.00011871,0.000114584,0.000110737,0.000107144,0.000103778,0.000100055,9.68539e-05,9.36079e-05,9.05736e-05,8.75165e-05,8.46614e-05,8.18006e-05,7.91273e-05,7.64621e-05,7.38185e-05,7.13533e-05,6.90482e-05,6.66402e-05,6.4511e-05,6.22977e-05,6.02319e-05,5.82051e-05,5.62231e-05,5.43726e-05,5.25633e-05,5.07994e-05,4.90837e-05,4.74181e-05,4.58621e-05,4.42965e-05,4.28348e-05,4.13714e-05
1.2839e-07,22.7901,22.9122,20.2229,18.3302,16.079,13.2093,1.27497,0.431521,0.18804,0.0950449,0.0537927,0.0220968,0.015659,0.0116054,0.00817866,0.0061258,0.00481105,0.00394084,0.00331145,0.00285089,0.00250335,0.00223414,0.00184063,0.00169988,0.00158246,0.00148335,0.00139854,0.00125629,0.00120017,0.00110189,0.00106204,0.000989726,0.000959837,0.00090401,0.000856126,0.000835905,0.00079674,0.000762062,0.000731026,0.00070308,0.000677698,0.000654471,0.00063315,0.000603375,0.0005858,0.000560893,0.000546052,0.000524816,0.000505358,0.000493621,0.000476627,0.000460881,0.000441296,0.000427949,0.000415444,0.000399711,0.000388897,0.000375195,0.000362469,0.000350628,0.000339572,0.000329218,0.000317052,0.00030806,0.000297435,0.000287543,0.000278309,0.000269664,0.00025993,0.000252403,0.000243883,0.000235931,0.00022726,0.000220364,0.000212802,0.000205751,0.00019916,0.000192986,0.000186365,0.000180192,0.000174419,0.00016834,0.000162676,0.000157386,0.000152433,0.000147275,0.000142459,0.000137507,0.000132892,0.000128579,0.00012454,0.000120072,0.000116231,0.000112335,0.000108694,0.000105026,0.000101599,9.81656e-05,9.49582e-05,9.17589e-05,8.85867e-05,8.5628e-05,8.28625e-05,7.99722e-05,7.74173e-05,7.47611e-05,7.22821e-05,6.98501e-05,6.74714e-05,6.525e-05,6.30788e-05,6.09623e-05,5.89031e-05,5.69043e-05,5.50374e-05,5.31583e-05,5.14044e-05,4.96484e-05
1.5407e-07,23.067,23.1395,20.4607,18.6084,16.4378,13.7463,1.67324,0.530253,0.227898,0.114627,0.0647371,0.0265489,0.0188076,0.0139357,0.00981912,0.00735367,0.00577492,0.00473009,0.00397449,0.00342159,0.00300442,0.00268128,0.00220897,0.00204003,0.00189911,0.00178017,0.00167838,0.00150765,0.0014403,0.00132235,0.00127453,0.00118775,0.00115187,0.00108488,0.00102741,0.00100315,0.00095614,0.000914528,0.00087728,0.000843741,0.000813289,0.000785412,0.000759822,0.000724091,0.000702998,0.000673107,0.000655301,0.000629811,0.000606465,0.000592379,0.000571983,0.000553085,0.000529582,0.000513565,0.000498561,0.000479681,0.000466702,0.000450257,0.000434986,0.000420776,0.000407508,0.000395083,0.000380483,0.000369694,0.000356942,0.000345072,0.000333988,0.000323614,0.000311931,0.000302898,0.000292676,0.000283134,0.000272727,0.000264451,0.000255376,0.000246915,0.000239005,0.000231595,0.000223651,0.000216241,0.000209313,0.000202019,0.000195222,0.000188873,0.00018293,0.00017674,0.00017096,0.000165018,0.000159479,0.000154303,0.000149456,0.000144094,0.000139485,0.00013481,0.000130439,0.000126037,0.000121925,0.000117805,0.000113956,0.000110117,0.00010631,0.00010276,9.944e-05,9.59723e-05,9.29055e-05,8.97179e-05,8.67431e-05,8.38244e-05,8.09703e-05,7.83046e-05,7.56989e-05,7.31588e-05,7.06878e-05,6.82892e-05,6.60483e-05,6.37936e-05,6.16884e-05,5.95813e-05
1.8488e-07,23.3345,23.3601,20.6906,18.8753,16.7773,14.2389,2.31028,0.655682,0.276814,0.138386,0.0779514,0.0319047,0.0225924,0.0167355,0.0117893,0.00882798,0.00693205,0.00567745,0.00477027,0.00410653,0.00360574,0.00321788,0.00265097,0.00244821,0.00227908,0.00213632,0.00201415,0.00180927,0.00172844,0.00158688,0.0015295,0.00142535,0.0013823,0.0013019,0.00123294,0.00120382,0.00114741,0.00109747,0.00105277,0.00101252,0.000975972,0.000942524,0.000911812,0.000868934,0.000843621,0.000807749,0.000786383,0.000755796,0.000727779,0.000710877,0.000686402,0.000663723,0.000635516,0.000616296,0.000598291,0.000575632,0.000560058,0.000540324,0.000522,0.000504946,0.000489023,0.000474111,0.000456591,0.000443646,0.000428344,0.000414097,0.000400797,0.000388348,0.000374329,0.000363489,0.000351221,0.000339771,0.000327282,0.000317351,0.00030646,0.000296306,0.000286814,0.000277922,0.000268389,0.000259496,0.000251183,0.000242429,0.000234273,0.000226654,0.000219521,0.000212094,0.000205158,0.000198027,0.00019138,0.000185169,0.000179353,0.000172919,0.000167386,0.000161776,0.000156532,0.00015125,0.000146314,0.00014137,0.000136751,0.000132143,0.000127576,0.000123315,0.000119331,0.00011517,0.00011149,0.000107665,0.000104095,0.000100592,9.7167e-05,9.39679e-05,9.08413e-05,8.77931e-05,8.48279e-05,8.19494e-05,7.92602e-05,7.65547e-05,7.40282e-05,7.14995e-05
2.2186e-07,23.5934,23.5746,20.9133,19.1321,17.0998,14.6944,3.64726,0.817848,0.337194,0.167296,0.093935,0.0383541,0.027146,0.0201018,0.0141571,0.0105992,0.00832191,0.00681519,0.00572585,0.00492893,0.00432771,0.0038621,0.00318159,0.00293822,0.00273522,0.00256388,0.00241725,0.00217134,0.00207432,0.00190443,0.00183556,0.00171057,0.00165891,0.00156241,0.00147965,0.0014447,0.001377,0.00131707,0.00126342,0.00121513,0.00117126,0.00113112,0.00109426,0.00104281,0.00101243,0.000969377,0.000943734,0.000907024,0.000873402,0.000853118,0.000823746,0.000796528,0.00076268,0.000739614,0.000718003,0.000690815,0.000672124,0.000648438,0.000626448,0.000605983,0.000586874,0.000568978,0.000547953,0.000532415,0.000514052,0.000496956,0.000480995,0.000466054,0.00044923,0.000436221,0.000421497,0.000407756,0.000392769,0.00038085,0.00036778,0.000355595,0.000344204,0.000333533,0.000322091,0.00031142,0.000301444,0.000290937,0.000281149,0.000272006,0.000263447,0.000254532,0.00024621,0.00023765,0.000229674,0.000222221,0.00021524,0.000207518,0.00020088,0.000194146,0.000187853,0.000181514,0.000175591,0.000169657,0.000164114,0.000158585,0.000153103,0.00014799,0.000143209,0.000138215,0.000133799,0.000129208,0.000124924,0.00012072,0.000116609,0.00011277,0.000109018,0.00010536,0.000101801,9.8347e-05,9.51198e-05,9.18726e-05,8.88408e-05,8.58062e-05
2.6623e-07,23.8441,23.7831,21.1291,19.3794,17.407,15.1184,6.28998,1.0327,0.412218,0.202567,0.113293,0.0461224,0.0326247,0.0241492,0.0170021,0.0127268,0.00999097,0.00818123,0.00687303,0.00591612,0.00519428,0.0046353,0.00381842,0.00352629,0.00328262,0.00307697,0.00290098,0.00260584,0.00248941,0.0022855,0.00220285,0.00205284,0.00199084,0.00187503,0.00177571,0.00173376,0.00165251,0.00158059,0.00151621,0.00145825,0.00140561,0.00135743,0.0013132,0.00125145,0.00121499,0.00116333,0.00113255,0.0010885,0.00104815,0.00102381,0.000988557,0.000955894,0.000915275,0.000887592,0.000861658,0.000829029,0.0008066,0.000778176,0.000751785,0.000727226,0.000704294,0.000682817,0.000657586,0.000638939,0.000616903,0.000596384,0.000577229,0.0005593,0.00053911,0.000523498,0.000505828,0.000489338,0.000471353,0.00045705,0.000441366,0.000426741,0.00041307,0.000400265,0.000386535,0.000373728,0.000361756,0.000349147,0.000337401,0.000326428,0.000316157,0.000305459,0.00029547,0.000285199,0.000275626,0.000266681,0.000258305,0.000249038,0.000241071,0.000232991,0.000225439,0.00021783,0.000210722,0.000203602,0.000196949,0.000190314,0.000183735,0.000177599,0.000171862,0.000165868,0.000160569,0.00015506,0.000149918,0.000144874,0.00013994,0.000135333,0.00013083,0.00012644,0.00012217,0.000118024,0.000114151,0.000110254,0.000106616,0.000102974
3.1948e-07,24.0872,23.9862,21.3386,19.618,17.7003,15.5153,8.10514,1.32859,0.506305,0.245774,0.136789,0.0554895,0.0392222,0.0290187,0.0204226,0.0152836,0.0119962,0.00982201,0.0082507,0.00710152,0.00623477,0.00556363,0.00458294,0.00423227,0.00393977,0.00369292,0.00348168,0.00312741,0.00298766,0.00274294,0.00264374,0.00246369,0.00238926,0.00225028,0.00213108,0.00208074,0.00198322,0.0018969,0.00181964,0.00175007,0.0016869,0.00162908,0.001576,0.00150189,0.00145813,0.00139613,0.0013592,0.00130633,0.0012579,0.00122869,0.00118638,0.00114719,0.00109844,0.00106521,0.00103409,0.000994935,0.000968014,0.000933903,0.000902229,0.000872755,0.000845234,0.000819462,0.00078918,0.000766803,0.000740357,0.000715733,0.000692743,0.000671227,0.000646995,0.00062826,0.000607055,0.000587266,0.00056568,0.000548514,0.000529691,0.00051214,0.000495733,0.000480365,0.000463888,0.000448519,0.000434149,0.000419018,0.00040492,0.000391753,0.000379425,0.000366587,0.000354599,0.000342273,0.000330784,0.000320049,0.000309997,0.000298876,0.000289314,0.000279616,0.000270553,0.000261423,0.000252892,0.000244346,0.000236363,0.0002284,0.000220504,0.00021314,0.000206255,0.000199062,0.000192702,0.00018609,0.00017992,0.000173866,0.000167945,0.000162416,0.000157012,0.000151743,0.000146618,0.000141643,0.000136995,0.000132318,0.000127952,0.000123581
3.8338e-07,24.3232,24.184,21.542,19.8485,17.981,15.8886,9.40239,1.76407,0.625726,0.298951,0.165378,0.0667944,0.0471717,0.0348799,0.0245363,0.0183569,0.0144054,0.0117929,0.00990522,0.00852493,0.00748403,0.00667814,0.00550071,0.00507973,0.00472859,0.00443227,0.0041787,0.00375347,0.00358573,0.00329198,0.00317292,0.00295682,0.00286749,0.00270068,0.00255761,0.00249719,0.00238016,0.00227656,0.00218383,0.00210034,0.00202452,0.00195512,0.00189142,0.00180247,0.00174997,0.00167555,0.00163122,0.00156778,0.00150966,0.0014746,0.00142383,0.00137678,0.00131827,0.0012784,0.00124105,0.00119406,0.00116175,0.00112081,0.0010828,0.00104743,0.0010144,0.000983465,0.000947122,0.000920269,0.000888527,0.000858977,0.000831387,0.000805565,0.000776483,0.000753999,0.000728548,0.000704799,0.000678894,0.000658291,0.000635701,0.000614639,0.000594949,0.000576504,0.000556729,0.000538283,0.000521039,0.000502879,0.000485961,0.000470157,0.000455362,0.000439955,0.000425569,0.000410775,0.000396987,0.000384103,0.000372038,0.000358691,0.000347216,0.000335578,0.000324701,0.000313742,0.000303506,0.000293249,0.000283668,0.000274111,0.000264635,0.000255797,0.000247534,0.000238901,0.000231269,0.000223334,0.000215928,0.000208663,0.000201557,0.000194922,0.000188436,0.000182113,0.000175962,0.000169991,0.000164413,0.0001588,0.00015356,0.000148314
4.6005e-07,24.5524,24.3769,21.7398,20.0714,18.2502,16.2408,10.4293,2.50496,0.779841,0.364792,0.200266,0.0804523,0.0567567,0.0419377,0.0294849,0.0220515,0.0173006,0.0141604,0.0118923,0.0102341,0.00898393,0.00801614,0.00660239,0.00609696,0.00567542,0.00531969,0.0050153,0.00450487,0.00430352,0.00395093,0.00380802,0.00354865,0.00344144,0.00324123,0.00306951,0.002997,0.00285654,0.00273219,0.00262089,0.0025207,0.0024297,0.00234642,0.00226996,0.00216321,0.00210019,0.00201089,0.00195769,0.00188154,0.00181179,0.00176971,0.00170878,0.00165232,0.00158211,0.00153426,0.00148943,0.00143303,0.00139425,0.00134512,0.0012995,0.00125705,0.00121741,0.00118029,0.00113667,0.00110444,0.00106635,0.00103089,0.000997775,0.000966786,0.000931884,0.000904899,0.000874355,0.000845851,0.000814763,0.000790036,0.000762927,0.000737648,0.000714018,0.000691882,0.000668148,0.000646012,0.000625316,0.000603522,0.000583218,0.000564252,0.000546496,0.000528005,0.000510738,0.000492985,0.000476438,0.000460976,0.000446496,0.000430478,0.000416707,0.000402738,0.000389685,0.000376534,0.000364247,0.000351938,0.000340439,0.00032897,0.000317598,0.000306991,0.000297075,0.000286714,0.000277554,0.000268031,0.000259143,0.000250423,0.000241896,0.000233933,0.000226148,0.00021856,0.000211178,0.000204012,0.000197318,0.000190582,0.000184293,0.000177997
5.5206e-07,24.7753,24.5652,21.9323,20.2874,18.5088,16.5747,11.2879,4.51877,0.983646,0.44698,0.243013,0.0969802,0.0683283,0.0504446,0.0354421,0.0264959,0.0207813,0.0170058,0.0142797,0.0122873,0.0107853,0.00962294,0.0079252,0.00731833,0.00681221,0.00638513,0.0060197,0.00540694,0.00516524,0.004742,0.00457045,0.00425913,0.00413044,0.00389012,0.00368402,0.00359698,0.00342839,0.00327914,0.00314556,0.00302531,0.00291609,0.00281613,0.00272437,0.00259625,0.00252061,0.00241343,0.00234958,0.00225819,0.00217447,0.00212397,0.00205084,0.00198308,0.00189881,0.00184138,0.00178758,0.00171989,0.00167336,0.00161438,0.00155963,0.00150868,0.00146111,0.00141656,0.00136421,0.00132553,0.00127981,0.00123725,0.00119751,0.00116031,0.00111843,0.00108604,0.00104938,0.00101517,0.000977862,0.000948186,0.000915648,0.00088531,0.00085695,0.000830382,0.000801899,0.00077533,0.000750492,0.000724336,0.000699966,0.000677204,0.000655893,0.0006337,0.000612978,0.000591671,0.00057181,0.000553254,0.000535875,0.000516651,0.000500123,0.000483359,0.000467692,0.000451908,0.000437163,0.000422389,0.000408588,0.000394823,0.000381175,0.000368445,0.000356543,0.000344108,0.000333114,0.000321685,0.000311019,0.000300553,0.000290318,0.000280761,0.000271419,0.000262311,0.000253451,0.000244851,0.000236817,0.000228733,0.000221184,0.000213629
6.6247e-07,24.9923,24.749,22.1197,20.4968,18.7578,16.8922,12.0303,7.25929,1.26343,0.550652,0.29564,0.117015,0.0823141,0.0607068,0.0426176,0.0318442,0.0249674,0.0204261,0.0171484,0.0147537,0.0129491,0.0115527,0.00951358,0.00878481,0.00817709,0.00766429,0.00722553,0.0064899,0.00619974,0.00569165,0.00548572,0.005112,0.00495753,0.00466908,0.00442167,0.0043172,0.00411485,0.00393571,0.00377538,0.00363103,0.00349994,0.00337997,0.00326983,0.00311606,0.00302527,0.00289662,0.00282,0.0027103,0.00260982,0.00254921,0.00246144,0.00238011,0.00227897,0.00221004,0.00214547,0.00206423,0.00200838,0.0019376,0.00187189,0.00181074,0.00175364,0.00170017,0.00163734,0.00159092,0.00153605,0.00148496,0.00143726,0.00139262,0.00134235,0.00130348,0.00125948,0.00121842,0.00117364,0.00113802,0.00109897,0.00106256,0.00102852,0.000996634,0.000962447,0.000930561,0.000900749,0.000869356,0.000840107,0.000812788,0.00078721,0.000760575,0.000735704,0.000710131,0.000686295,0.000664022,0.000643164,0.000620091,0.000600253,0.000580134,0.00056133,0.000542386,0.000524688,0.000506957,0.000490393,0.000473872,0.000457491,0.000442213,0.000427928,0.000413003,0.000399808,0.000386091,0.000373289,0.000360728,0.000348444,0.000336973,0.000325761,0.00031483,0.000304196,0.000293873,0.000284231,0.000274528,0.000265468,0.0002564
7.9497e-07,25.2036,24.9286,22.3025,20.7001,18.9979,17.1949,12.6871,8.90039,1.67333,0.683326,0.360843,0.141357,0.0992451,0.0731009,0.051268,0.0382847,0.0300041,0.0245391,0.0205967,0.0177176,0.0155487,0.0138707,0.0114212,0.010546,0.00981615,0.00920037,0.00867349,0.00779022,0.00744185,0.00683186,0.00658464,0.006136,0.00595056,0.00560428,0.0053073,0.0051819,0.00493899,0.00472396,0.00453151,0.00435824,0.00420089,0.00405689,0.00392469,0.00374011,0.00363115,0.00347673,0.00338475,0.00325309,0.00313249,0.00305974,0.00295439,0.00285677,0.00273537,0.00265264,0.00257514,0.00247762,0.00241059,0.00232564,0.00224677,0.00217337,0.00210484,0.00204066,0.00196525,0.00190952,0.00184366,0.00178234,0.0017251,0.00167152,0.00161117,0.00156452,0.00151171,0.00146243,0.00140868,0.00136593,0.00131906,0.00127536,0.0012345,0.00119623,0.00115519,0.00111692,0.00108114,0.00104346,0.00100835,0.000975563,0.000944864,0.000912894,0.000883042,0.000852347,0.000823737,0.000797005,0.000771969,0.000744276,0.000720465,0.000696316,0.000673747,0.000651008,0.000629767,0.000608484,0.000588604,0.000568774,0.000549113,0.000530774,0.000513628,0.000495715,0.000479877,0.000463413,0.000448047,0.000432971,0.000418226,0.000404459,0.000391001,0.00037788,0.000365117,0.000352727,0.000341154,0.000329507,0.000318633,0.000307749
9.5396e-07,25.4096,25.1043,22.4807,20.8976,19.2297,17.4843,13.2779,10.1098,2.36572,0.856583,0.442275,0.171008,0.119777,0.0880878,0.061705,0.0460448,0.0360673,0.0294868,0.0247426,0.0212799,0.0186722,0.0166554,0.0137124,0.012661,0.0117844,0.0110449,0.0104121,0.00935155,0.00893321,0.0082008,0.00790401,0.00736538,0.00714275,0.00672705,0.00637053,0.00622,0.0059284,0.00567028,0.00543926,0.00523128,0.00504239,0.00486954,0.00471084,0.00448929,0.00435849,0.00417314,0.00406274,0.00390471,0.00375994,0.00367262,0.00354617,0.003429,0.00328328,0.00318397,0.00309095,0.0029739,0.00289344,0.00279147,0.0026968,0.0026087,0.00252644,0.00244941,0.00235889,0.00229201,0.00221296,0.00213936,0.00207064,0.00200633,0.0019339,0.0018779,0.00181452,0.00175536,0.00169085,0.00163953,0.00158327,0.00153082,0.00148178,0.00143584,0.00138659,0.00134065,0.0012977,0.00125247,0.00121033,0.00117097,0.00113413,0.00109575,0.00105992,0.00102308,0.000988736,0.00095665,0.0009266,0.000893358,0.000864779,0.000835792,0.000808703,0.00078141,0.000755913,0.000730368,0.000706504,0.000682703,0.000659103,0.000637091,0.000616511,0.00059501,0.000575999,0.000556237,0.000537794,0.000519697,0.000502,0.000485474,0.000469321,0.000453572,0.000438253,0.000423381,0.000409489,0.00039551,0.000382458,0.000369394
1.1448e-06,25.6106,25.2761,22.6548,21.0898,19.454,17.7617,13.8164,11.086,4.52245,1.08992,0.545111,0.207261,0.144743,0.106246,0.0743162,0.055406,0.0433729,0.0354434,0.0297312,0.0255642,0.0224276,0.0200029,0.0164657,0.0152024,0.0141492,0.0132608,0.0125009,0.0112271,0.0107246,0.00984518,0.00948883,0.00884202,0.0085747,0.00807563,0.00764753,0.00746681,0.00711673,0.00680683,0.00652951,0.0062798,0.00605308,0.00584557,0.00565504,0.00538906,0.00523207,0.00500954,0.00487699,0.0046873,0.0045135,0.0044087,0.0042569,0.00411626,0.00394131,0.00382212,0.00371045,0.00356993,0.00347334,0.00335094,0.0032373,0.00313154,0.00303279,0.00294032,0.00283166,0.00275138,0.00265648,0.00256812,0.00248565,0.00240845,0.00232149,0.00225427,0.00217819,0.00210717,0.00202973,0.00196814,0.00190059,0.00183762,0.00177876,0.00172361,0.00166449,0.00160934,0.00155779,0.00150349,0.00145292,0.00140566,0.00136143,0.00131537,0.00127236,0.00122813,0.00118691,0.00114839,0.00111232,0.00107241,0.00103811,0.00100331,0.000970789,0.000938026,0.000907414,0.000876749,0.000848104,0.00081953,0.000791204,0.000764783,0.000740073,0.000714266,0.000691443,0.000667719,0.000645581,0.000623858,0.000602614,0.000582774,0.000563383,0.000544479,0.000526091,0.000508237,0.000491561,0.000474779,0.000459111,0.000443428
1.3737e-06,25.8068,25.4444,22.8248,21.2768,19.6711,18.0279,14.3117,11.9124,7.67722,1.42006,0.67681,0.251744,0.175163,0.128275,0.0895649,0.0667021,0.0521761,0.0426139,0.0357318,0.030715,0.026941,0.0240247,0.0197725,0.0182543,0.0169889,0.0159216,0.0150087,0.0134787,0.0128754,0.0118192,0.0113912,0.0106146,0.0102936,0.00969436,0.00918043,0.00896342,0.00854314,0.00817106,0.00783809,0.00753838,0.00726613,0.007017,0.00678833,0.00646901,0.00628056,0.00601344,0.00585434,0.00562661,0.00541799,0.00529217,0.00510995,0.0049411,0.00473111,0.00458802,0.004454,0.00428531,0.00416939,0.00402245,0.00388603,0.00375908,0.00364055,0.00352954,0.0033991,0.00330273,0.00318882,0.00308277,0.00298375,0.00289109,0.0027867,0.00270601,0.00261468,0.00252944,0.00243647,0.00236254,0.00228146,0.00220587,0.00213522,0.00206901,0.00199804,0.00193185,0.00186995,0.00180479,0.00174407,0.00168736,0.00163425,0.00157896,0.00152732,0.00147424,0.00142475,0.00137851,0.00133522,0.00128732,0.00124614,0.00120436,0.00116533,0.001126,0.00108926,0.00105245,0.00101807,0.000983768,0.000949761,0.000918037,0.000888384,0.000857402,0.00083001,0.000801533,0.000774955,0.000748877,0.000723376,0.000699563,0.000676284,0.00065359,0.000631517,0.000610086,0.000590071,0.000569926,0.000551117,0.000532292
1.6484e-06,25.9985,25.6092,22.9911,21.459,19.8817,18.2841,14.7714,12.634,9.37982,1.93615,0.849141,0.306648,0.212382,0.15508,0.108044,0.0803576,0.0627999,0.0512567,0.0429579,0.0369139,0.0323702,0.0288611,0.0237474,0.0219224,0.0204015,0.019119,0.018022,0.0161839,0.0154592,0.0141906,0.0136766,0.0127439,0.0123584,0.0116388,0.0110216,0.0107611,0.0102564,0.00980967,0.00940989,0.00905,0.00872318,0.00842409,0.00814953,0.00776616,0.00753987,0.00721919,0.00702821,0.00675481,0.00650434,0.0063533,0.00613452,0.00593185,0.00567976,0.00550795,0.00534704,0.00514454,0.00500535,0.00482897,0.0046652,0.00451278,0.00437049,0.00423723,0.00408066,0.00396494,0.00382819,0.00370087,0.00358202,0.00347075,0.00334546,0.0032486,0.00313894,0.00303662,0.002925,0.00283623,0.00273891,0.00264816,0.00256334,0.00248386,0.00239866,0.0023192,0.00224491,0.00216666,0.00209377,0.00202568,0.00196193,0.00189556,0.00183357,0.00176984,0.00171043,0.00165493,0.00160293,0.00154543,0.00149599,0.00144585,0.00139899,0.00135178,0.00130767,0.00126348,0.0012222,0.00118102,0.0011402,0.00110212,0.00106651,0.00102932,0.000996434,0.000962248,0.000930339,0.000899037,0.000868418,0.000839833,0.000811886,0.000784643,0.000758141,0.000732417,0.000708384,0.000684201,0.000661624,0.000639023
1.9781e-06,26.1859,25.7709,23.1538,21.6368,20.0861,18.5311,15.2009,13.2777,10.6216,3.01575,1.08195,0.374901,0.258131,0.187803,0.130488,0.0968929,0.0756374,0.0616846,0.0516674,0.0443794,0.0389053,0.0346802,0.0285275,0.0263327,0.0245042,0.0229624,0.021644,0.0194352,0.0185644,0.0170403,0.0164227,0.0153024,0.0148394,0.0139751,0.0132339,0.012921,0.0123149,0.0117784,0.0112983,0.0108662,0.0104737,0.0101145,0.00978484,0.00932458,0.00905286,0.00866781,0.00843848,0.0081102,0.00780949,0.0076281,0.00736546,0.00712208,0.00681943,0.00661315,0.00641994,0.00617681,0.00600971,0.00579792,0.00560128,0.0054183,0.00524745,0.00508745,0.00489946,0.00476052,0.00459634,0.00444348,0.00430075,0.00416719,0.00401675,0.00390044,0.00376879,0.00364592,0.00351193,0.00340535,0.0032885,0.00317954,0.00307768,0.00298228,0.00287998,0.00278456,0.00269535,0.00260142,0.0025139,0.00243215,0.00235562,0.00227592,0.00220149,0.00212497,0.00205364,0.001987,0.00192459,0.00185554,0.00179619,0.00173598,0.00167971,0.00162302,0.00157006,0.00151701,0.00146744,0.00141801,0.00136898,0.00132327,0.00128052,0.00123586,0.00119638,0.00115533,0.00111702,0.00107944,0.00104268,0.00100836,0.000974805,0.000942091,0.000910274,0.000879383,0.000850529,0.000821495,0.000794386,0.000767252
2.3738e-06,26.3693,25.9295,23.3132,21.8103,20.2848,18.7697,15.6044,13.8608,11.622,7.39311,1.41359,0.460528,0.314687,0.227904,0.157818,0.116953,0.0911715,0.0742799,0.0621732,0.0533764,0.0467755,0.041685,0.034278,0.0316373,0.029438,0.0275838,0.0259987,0.0233435,0.0222969,0.0204654,0.0197234,0.0183774,0.0178211,0.0167828,0.0158925,0.0155166,0.0147886,0.0141443,0.0135676,0.0130486,0.0125772,0.0121459,0.01175,0.0111972,0.0108709,0.0104085,0.0101331,0.00973888,0.00937777,0.00915995,0.00884455,0.0085523,0.00818886,0.00794116,0.00770915,0.0074172,0.00721651,0.0069622,0.0067261,0.00650637,0.0063012,0.00610907,0.00588333,0.00571651,0.00551934,0.00533578,0.00516441,0.005004,0.00482336,0.0046837,0.0045256,0.00437808,0.00421718,0.00408919,0.00394888,0.00381804,0.00369573,0.00358117,0.00345833,0.00334374,0.00323663,0.00312383,0.00301874,0.00292057,0.00282866,0.00273296,0.00264359,0.0025517,0.00246605,0.00238603,0.00231107,0.00222817,0.00215689,0.00208459,0.00201702,0.00194895,0.00188536,0.00182165,0.00176213,0.00170277,0.00164391,0.00158901,0.00153768,0.00148405,0.00143663,0.00138735,0.00134135,0.00129621,0.00125207,0.00121085,0.00117056,0.00113128,0.00109307,0.00105598,0.00102133,0.000986466,0.000953913,0.000921329
2.8485e-06,26.5487,26.0852,23.4692,21.9798,20.478,19.0004,15.9852,14.3952,12.4697,9.48909,1.94023,0.569243,0.385094,0.277265,0.191192,0.141335,0.109993,0.0895068,0.0748535,0.0642233,0.0562566,0.0501183,0.0411961,0.0380175,0.0353708,0.0331404,0.031234,0.0280413,0.0267831,0.0245817,0.0236899,0.0220724,0.021404,0.0201564,0.0190867,0.0186352,0.0177606,0.0169867,0.016294,0.0156706,0.0151044,0.0145863,0.0141108,0.0134469,0.013055,0.0124997,0.0121689,0.0116955,0.0112618,0.0110002,0.0106215,0.0102705,0.009834,0.00953656,0.00925793,0.00890733,0.00866634,0.00836092,0.00807737,0.0078135,0.00756712,0.00733638,0.00706529,0.00686496,0.0066282,0.00640775,0.00620194,0.00600934,0.0057924,0.00562467,0.00543483,0.00525765,0.00506441,0.00491073,0.00474221,0.0045851,0.00443822,0.00430063,0.00415311,0.00401553,0.00388688,0.00375143,0.00362522,0.00350733,0.00339696,0.00328203,0.00317471,0.00306436,0.00296151,0.0028654,0.00277539,0.00267583,0.00259023,0.00250341,0.00242227,0.00234052,0.00226415,0.00218764,0.00211616,0.00204487,0.00197418,0.00190825,0.00184661,0.00178221,0.00172527,0.00166608,0.00161083,0.00155663,0.00150362,0.00145412,0.00140574,0.00135857,0.00131268,0.00126814,0.00122653,0.00118466,0.00114556,0.00110644
3.4182e-06,26.7245,26.2381,23.6223,22.1455,20.6661,19.2238,16.3464,14.8897,13.2112,10.9024,3.17154,0.709731,0.473648,0.338437,0.23213,0.171069,0.132856,0.107952,0.0901843,0.0773191,0.0676922,0.0602832,0.0495269,0.0456983,0.0425117,0.039827,0.0375329,0.0336924,0.0321793,0.0295323,0.0284602,0.0265157,0.0257124,0.024213,0.0229275,0.0223849,0.021334,0.020404,0.0195719,0.0188228,0.0181427,0.0175204,0.016949,0.0161515,0.0156808,0.0150136,0.0146163,0.0140477,0.0135268,0.0132126,0.0127576,0.012336,0.0118118,0.0114545,0.0111198,0.0106987,0.0104092,0.0100424,0.00970184,0.0093849,0.00908897,0.00881183,0.0084862,0.00824561,0.00796122,0.00769645,0.00744925,0.0072179,0.00695734,0.00675588,0.00652784,0.00631506,0.00608296,0.00589836,0.00569597,0.00550725,0.00533084,0.00516559,0.0049884,0.00482312,0.00466861,0.00450592,0.00435432,0.00421273,0.00408016,0.00394212,0.0038132,0.00368066,0.00355713,0.00344169,0.00333358,0.00321399,0.00311118,0.0030069,0.00290944,0.00281125,0.00271953,0.00262762,0.00254177,0.00245614,0.00237124,0.00229205,0.00221801,0.00214066,0.00207227,0.00200117,0.00193481,0.00186971,0.00180604,0.00174659,0.00168847,0.00163181,0.0015767,0.0015232,0.00147322,0.00142293,0.00137597,0.00132897
4.1019e-06,26.8969,26.3885,23.7724,22.3076,20.8495,19.4405,16.6901,15.3509,13.8741,12.0082,8.77472,0.895937,0.586524,0.414869,0.282606,0.207461,0.160703,0.130342,0.108748,0.0931502,0.0814995,0.0725458,0.0595661,0.0549507,0.0511112,0.0478778,0.0451157,0.0404935,0.0386729,0.0354888,0.0341993,0.0318611,0.0308952,0.0290925,0.0275473,0.026895,0.025632,0.0245142,0.0235141,0.022614,0.0217967,0.0210489,0.0203624,0.0194041,0.0188385,0.018037,0.0175596,0.0168764,0.0162506,0.0158731,0.0153265,0.01482,0.0141902,0.0137609,0.0133589,0.012853,0.0125052,0.0120645,0.0116554,0.0112746,0.0109191,0.0105862,0.010195,0.00990591,0.00956427,0.00924619,0.00894923,0.00867129,0.00835826,0.00811625,0.0078423,0.00758666,0.00730783,0.00708606,0.00684291,0.00661621,0.00640427,0.00620573,0.00599287,0.00579433,0.00560871,0.00541324,0.00523113,0.00506103,0.00490176,0.00473593,0.00458106,0.00442183,0.00427342,0.00413473,0.00400485,0.00386119,0.00373767,0.00361239,0.00349531,0.00337734,0.00326715,0.00315674,0.00305361,0.00295073,0.00284874,0.0027536,0.00266465,0.00257172,0.00248956,0.00240414,0.00232443,0.00224622,0.00216973,0.0020983,0.00202849,0.00196042,0.0018942,0.00182993,0.00176989,0.00170947,0.00165305,0.00159659
4.9222e-06,27.0659,26.5363,23.9198,22.4663,21.0284,19.6509,17.0184,15.7835,14.4758,12.9319,10.7079,1.15279,0.73311,0.511399,0.345247,0.252197,0.194724,0.15758,0.131265,0.112312,0.0981874,0.0873513,0.0716707,0.066102,0.0614722,0.0575751,0.0542473,0.0486811,0.0464894,0.0426574,0.0411059,0.038293,0.0371313,0.0349632,0.033105,0.0323209,0.0308022,0.0294586,0.0282564,0.0271743,0.026192,0.0252931,0.0244681,0.0233164,0.0226366,0.0216734,0.0210997,0.0202787,0.0195266,0.019073,0.0184162,0.0178076,0.0170508,0.016535,0.0160519,0.015444,0.0150262,0.0144966,0.014005,0.0135475,0.0131203,0.0127202,0.0122502,0.0119029,0.0114924,0.0111101,0.0107533,0.0104194,0.0100432,0.00975244,0.00942326,0.0091161,0.00878106,0.0085146,0.00822243,0.00795001,0.00769536,0.0074568,0.00720103,0.00696247,0.00673943,0.00650456,0.00628573,0.00608134,0.00588997,0.00569069,0.00550461,0.00531328,0.00513494,0.0049683,0.00481225,0.00463962,0.0044912,0.00434066,0.00419998,0.00405823,0.00392583,0.00379316,0.00366923,0.00354562,0.00342306,0.00330874,0.00320186,0.0030902,0.00299147,0.00288884,0.00279305,0.00269907,0.00260716,0.00252133,0.00243744,0.00235565,0.00227609,0.00219886,0.00212671,0.00205411,0.00198632,0.00191848
5.9067e-06,27.2318,26.6818,24.0645,22.6219,21.2032,19.8555,17.3327,16.1919,15.0288,13.7335,12.072,1.53455,0.928981,0.635212,0.423695,0.307533,0.236475,0.190829,0.158649,0.135556,0.118395,0.105256,0.0862856,0.0795587,0.0739702,0.0692687,0.0652558,0.0585478,0.0559076,0.051293,0.0494251,0.0460394,0.0446413,0.0420326,0.0397972,0.0388538,0.0370274,0.0354113,0.0339655,0.0326645,0.0314832,0.0304025,0.0294105,0.0280259,0.0272087,0.0260507,0.0253611,0.0243742,0.0234702,0.022925,0.0221355,0.021404,0.0204942,0.0198743,0.0192936,0.0185629,0.0180607,0.0174242,0.0168333,0.0162834,0.0157699,0.0152891,0.0147241,0.0143067,0.0138133,0.0133539,0.012925,0.0125236,0.0120715,0.011722,0.0113263,0.0109571,0.0105545,0.0102342,0.009883,0.00955558,0.00924949,0.00896276,0.00865534,0.00836861,0.00810053,0.00781823,0.0075552,0.00730953,0.00707952,0.00684001,0.00661634,0.00638637,0.00617202,0.00597173,0.00578416,0.00557666,0.00539828,0.00521734,0.00504823,0.00487787,0.00471872,0.00455926,0.0044103,0.00426173,0.00411442,0.00397701,0.00384854,0.00371433,0.00359566,0.0034723,0.00335716,0.00324421,0.00313373,0.00303057,0.00292974,0.00283143,0.0027358,0.00264296,0.00255625,0.00246899,0.00238751,0.00230595
7.088e-06,27.3948,26.825,24.2067,22.7743,21.3739,20.0546,17.6347,16.5791,15.5417,14.4462,13.1602,5.54711,1.20324,0.797479,0.523087,0.37649,0.287976,0.231566,0.192044,0.163813,0.142905,0.126939,0.103949,0.0958121,0.0890582,0.08338,0.0785365,0.0704453,0.0672623,0.0617013,0.0594511,0.0553735,0.05369,0.0505494,0.0478588,0.0467235,0.0445255,0.0425811,0.0408417,0.0392766,0.0378557,0.0365558,0.0353627,0.0336974,0.0327146,0.0313221,0.0304929,0.0293061,0.0282191,0.0275635,0.0266142,0.0257346,0.0246408,0.0238954,0.0231972,0.0223186,0.0217148,0.0209495,0.0202391,0.0195779,0.0189606,0.0183825,0.0177032,0.0172013,0.0166081,0.0160557,0.0155401,0.0150575,0.0145139,0.0140937,0.013618,0.0131741,0.01269,0.0123049,0.0118827,0.011489,0.011121,0.0107763,0.0104066,0.0100619,0.00973957,0.00940016,0.00908393,0.00878855,0.008512,0.00822402,0.00795511,0.00767861,0.00742088,0.00718008,0.00695455,0.00670508,0.00649059,0.00627304,0.00606973,0.00586489,0.00567354,0.00548181,0.00530272,0.00512408,0.00494696,0.00478176,0.00462729,0.00446592,0.00432324,0.00417492,0.00403649,0.00390067,0.00376784,0.00364381,0.00352258,0.00340437,0.00328939,0.00317777,0.00307351,0.00296859,0.00287062,0.00277257
8.5056e-06,27.555,26.9661,24.3466,22.9238,21.5409,20.2486,17.9252,16.9476,16.0212,15.0915,14.0799,10.7117,4.06603,1.01741,0.651118,0.463311,0.351951,0.281728,0.232924,0.198265,0.172707,0.153253,0.125333,0.115473,0.107298,0.100431,0.0945779,0.0848079,0.0809667,0.0742593,0.0715462,0.0666316,0.064603,0.0608196,0.057579,0.0562118,0.0535654,0.0512245,0.0491308,0.047247,0.045537,0.0439727,0.0425371,0.0405333,0.0393509,0.0376755,0.0366779,0.0352502,0.0339426,0.033154,0.0320121,0.030954,0.0296382,0.0287417,0.0279019,0.0268451,0.0261188,0.0251983,0.0243437,0.0235485,0.022806,0.0221106,0.0212936,0.0206899,0.0199764,0.019312,0.0186918,0.0181113,0.0174576,0.0169521,0.01638,0.0158461,0.0152637,0.0148006,0.0142927,0.0138192,0.0133766,0.0129619,0.0125174,0.0121027,0.011715,0.0113068,0.0109264,0.0105711,0.0102385,0.0098921,0.00956865,0.00923606,0.00892608,0.00863642,0.00836516,0.00806509,0.0078071,0.00754542,0.00730088,0.0070545,0.00682433,0.00659373,0.00637831,0.00616343,0.00595039,0.00575168,0.00556589,0.00537178,0.00520016,0.00502176,0.00485525,0.00469189,0.00453212,0.00438293,0.0042371,0.00409492,0.00395662,0.00382236,0.00369695,0.00357075,0.00345291,0.00333497
1.0207e-05,27.7126,27.1053,24.4843,23.0706,21.7044,20.4379,18.2056,17.2998,16.4723,15.6833,14.8844,12.7555,10.8026,1.33374,0.820227,0.574172,0.432154,0.343896,0.283208,0.240429,0.209055,0.18527,0.151271,0.1393,0.129386,0.121068,0.113983,0.10217,0.0975291,0.0894302,0.0861556,0.0802265,0.0777799,0.0732182,0.0693122,0.0676646,0.0644758,0.0616557,0.0591338,0.056865,0.0548057,0.0529221,0.0511936,0.0487812,0.0473577,0.0453409,0.0441401,0.0424217,0.0408478,0.0398987,0.0385243,0.037251,0.0356674,0.0345884,0.0335778,0.032306,0.0314319,0.0303242,0.0292958,0.0283388,0.0274452,0.0266084,0.0256252,0.0248987,0.0240401,0.0232406,0.0224942,0.0217957,0.0210089,0.0204007,0.0197122,0.0190697,0.0183689,0.0178115,0.0172004,0.0166306,0.0160979,0.0155989,0.0150639,0.0145649,0.0140983,0.013607,0.0131493,0.0127217,0.0123214,0.0119046,0.0115153,0.0111151,0.0107421,0.0103935,0.010067,0.00970593,0.00939546,0.00908055,0.00878625,0.00848975,0.00821276,0.00793524,0.00767599,0.00741741,0.00716103,0.00692188,0.0066983,0.00646471,0.00625817,0.00604347,0.00584309,0.00564649,0.00545422,0.00527467,0.00509918,0.00492807,0.00476163,0.00460006,0.00444913,0.00429726,0.00415545,0.0040135
1.2248e-05,27.8676,27.2425,24.6198,23.2148,21.8645,20.6226,18.4765,17.6372,16.899,16.2315,15.604,14.1891,13.346,10.211,1.05157,0.718592,0.533892,0.421546,0.345398,0.29224,0.253525,0.224323,0.182793,0.16822,0.156172,0.146076,0.137485,0.12318,0.117565,0.107773,0.103817,0.0966561,0.0937024,0.0881972,0.0834851,0.0814979,0.0776525,0.0742526,0.0712128,0.0684784,0.0659969,0.0637273,0.0616448,0.0587386,0.057024,0.0545947,0.0531485,0.0510789,0.0491836,0.0480407,0.0463857,0.0448523,0.0429455,0.0416462,0.0404293,0.038898,0.0378456,0.0365118,0.0352735,0.0341212,0.0330454,0.0320379,0.030854,0.0299794,0.0289455,0.0279829,0.0270843,0.0262432,0.025296,0.0245636,0.0237346,0.022961,0.0221173,0.0214462,0.0207104,0.0200243,0.0193829,0.0187821,0.018138,0.0175371,0.0169754,0.0163838,0.0158327,0.0153179,0.014836,0.0143341,0.0138654,0.0133835,0.0129343,0.0125146,0.0121215,0.0116867,0.0113129,0.0109337,0.0105794,0.0102224,0.00988888,0.00955473,0.00924258,0.00893122,0.00862252,0.00833458,0.00806536,0.0077841,0.00753542,0.0072769,0.00703562,0.0067989,0.00656739,0.0063512,0.00613989,0.00593387,0.00573346,0.00553891,0.00535718,0.00517431,0.00500356,0.00483265
1.4698e-05,28.0204,27.378,24.7533,23.3565,22.0215,20.8032,18.739,17.9616,17.3045,16.7436,16.2586,15.3313,14.957,13.5997,1.39126,0.912216,0.665356,0.519678,0.422962,0.356318,0.30822,0.272173,0.221233,0.203436,0.188752,0.176466,0.166026,0.148668,0.141861,0.130004,0.125216,0.116556,0.112985,0.106333,0.100641,0.0982417,0.0935995,0.0894962,0.0858282,0.0825296,0.0795365,0.0767993,0.0742881,0.0707838,0.0687168,0.0657882,0.064045,0.0615505,0.0592662,0.0578888,0.0558943,0.0540464,0.0517484,0.0501828,0.0487164,0.0468711,0.0456029,0.0439958,0.0425037,0.0411152,0.0398189,0.0386048,0.0371784,0.0361244,0.0348787,0.0337188,0.032636,0.0316226,0.0304812,0.0295988,0.0285999,0.0276678,0.0266511,0.0258425,0.0249558,0.0241292,0.0233564,0.0226324,0.0218562,0.0211322,0.0204554,0.0197426,0.0190785,0.0184582,0.0178774,0.0172726,0.0167079,0.0161272,0.015586,0.0150803,0.0146066,0.0140827,0.0136322,0.0131754,0.0127484,0.0123182,0.0119163,0.0115136,0.0111375,0.0107623,0.0103903,0.0100434,0.00971896,0.00938004,0.00908037,0.00876886,0.00847812,0.00819287,0.00791389,0.00765339,0.00739875,0.00715049,0.006909,0.00667456,0.00645558,0.00623521,0.00602945,0.0058235
1.7637e-05,28.1709,27.5118,24.8849,23.4959,22.1755,20.9799,18.9936,18.274,17.6913,17.2251,16.861,16.2959,16.1936,15.4101,14.9837,1.18545,0.839117,0.645515,0.520636,0.436114,0.37584,0.331042,0.268246,0.246426,0.228469,0.213474,0.200751,0.179637,0.171369,0.156983,0.151179,0.140688,0.136365,0.128315,0.121431,0.11853,0.11292,0.107962,0.103531,0.0995474,0.0959335,0.0926291,0.089598,0.0853688,0.0828744,0.0793408,0.0772377,0.0742284,0.071473,0.0698117,0.067406,0.0651772,0.0624056,0.0605175,0.058749,0.0565236,0.0549943,0.0530561,0.0512567,0.0495823,0.048019,0.046555,0.0448348,0.0435639,0.0420616,0.040663,0.0393573,0.0381352,0.0367588,0.0356947,0.0344901,0.0333661,0.03214,0.0311649,0.0300957,0.0290988,0.0281669,0.0272939,0.0263579,0.0254848,0.0246686,0.023809,0.0230082,0.0222601,0.0215598,0.0208304,0.0201494,0.0194491,0.0187964,0.0181866,0.0176154,0.0169835,0.0164403,0.0158893,0.0153744,0.0148556,0.014371,0.0138854,0.0134318,0.0129793,0.0125307,0.0121123,0.011721,0.0113123,0.0109509,0.0105752,0.0102246,0.00988061,0.00954417,0.00923001,0.00892292,0.00862352,0.00833228,0.00804956,0.00778547,0.0075197,0.00727156,0.00702319
2.1165e-05,28.3193,27.644,25.0146,23.6331,22.3266,21.1528,19.2411,18.5758,18.0618,17.6806,17.4209,17.1394,17.2181,16.7374,16.7994,15.6979,1.07882,0.810721,0.645461,0.536545,0.460134,0.403963,0.32604,0.299153,0.277095,0.25872,0.24316,0.217399,0.207329,0.18983,0.182777,0.170041,0.164797,0.155037,0.146698,0.143185,0.136392,0.130392,0.125032,0.120214,0.115845,0.11185,0.108187,0.103076,0.100062,0.0957934,0.093253,0.0896184,0.0862907,0.0842847,0.0813796,0.0786884,0.0753418,0.073062,0.0709268,0.0682399,0.0663936,0.0640536,0.0618812,0.0598598,0.0579726,0.0562052,0.0541284,0.0525941,0.0507805,0.049092,0.0475157,0.0460404,0.0443787,0.0430942,0.04164,0.040283,0.0388028,0.0376256,0.0363349,0.0351314,0.0340063,0.0329524,0.0318224,0.0307683,0.0297829,0.0287452,0.0277784,0.0268753,0.0260298,0.0251493,0.0243271,0.0234817,0.0226936,0.0219574,0.0212678,0.020505,0.0198491,0.0191839,0.0185623,0.0179359,0.0173508,0.0167645,0.0162169,0.0156706,0.015129,0.0146238,0.0141515,0.013658,0.0132217,0.0127681,0.0123448,0.0119295,0.0115233,0.011144,0.0107732,0.0104117,0.0100601,0.00971876,0.00939992,0.00907905,0.00877945,0.00847958
2.5398e-05,28.4658,27.7748,25.1427,23.7681,22.4751,21.3222,19.4819,18.8679,18.4175,18.1133,17.9451,17.8937,18.1027,17.812,18.103,17.4392,14.3957,1.03452,0.808131,0.664607,0.56622,0.494965,0.397458,0.364116,0.336871,0.314245,0.295133,0.263583,0.251275,0.229927,0.221333,0.205832,0.199455,0.187597,0.177472,0.173209,0.164969,0.157696,0.1512,0.145364,0.140072,0.135236,0.130802,0.124616,0.12097,0.115805,0.112732,0.108337,0.104313,0.101887,0.0983743,0.0951205,0.0910743,0.0883182,0.085737,0.0824888,0.0802569,0.0774282,0.0748022,0.0723588,0.0700775,0.0679411,0.0654308,0.0635763,0.0613841,0.0593432,0.0574378,0.0556545,0.053646,0.0520933,0.0503355,0.0486953,0.0469061,0.0454832,0.043923,0.0424682,0.0411083,0.0398344,0.0384684,0.0371944,0.0360032,0.0347488,0.0335801,0.0324885,0.0314664,0.0304021,0.0294082,0.0283863,0.0274337,0.0265437,0.0257101,0.024788,0.0239952,0.0231911,0.0224396,0.0216825,0.0209751,0.0202664,0.0196044,0.0189441,0.0182893,0.0176786,0.0171077,0.0165111,0.0159837,0.0154354,0.0149236,0.0144216,0.0139305,0.013472,0.0130238,0.0125868,0.0121617,0.0117491,0.0113636,0.0109757,0.0106136,0.0102511
3.0477e-05,28.6105,27.9042,25.2691,23.9012,22.621,21.4883,19.7165,19.1511,18.7599,18.5262,18.4391,18.5791,18.8865,18.7268,19.1469,18.6759,16.5187,1.35668,1.02663,0.831049,0.701565,0.609733,0.486361,0.444671,0.410781,0.382747,0.35914,0.320316,0.30521,0.279066,0.268557,0.249632,0.241854,0.227404,0.215079,0.209894,0.199876,0.191038,0.18315,0.176065,0.169644,0.163777,0.158399,0.150899,0.14648,0.14022,0.136497,0.131172,0.126297,0.12336,0.119105,0.115165,0.110265,0.106928,0.103802,0.0998692,0.0971671,0.0937423,0.0905629,0.0876047,0.0848428,0.0822564,0.0792173,0.0769722,0.0743182,0.0718474,0.0695407,0.0673819,0.0649503,0.0630706,0.0609426,0.0589568,0.0567908,0.0550682,0.0531793,0.0514182,0.0497718,0.0482295,0.0465758,0.0450333,0.0435913,0.0420726,0.0406577,0.0393361,0.0380987,0.0368101,0.0356068,0.0343695,0.0332163,0.0321387,0.0311295,0.0300131,0.0290532,0.0280796,0.0271698,0.0262531,0.0253967,0.0245387,0.0237371,0.0229376,0.0221449,0.0214055,0.0207141,0.0199919,0.0193533,0.0186894,0.0180698,0.0174619,0.0168673,0.0163122,0.0157695,0.0152404,0.0147257,0.0142261,0.0137594,0.0132897,0.0128512,0.0124123
3.6573e-05,28.7535,28.0324,25.3941,24.0323,22.7646,21.6513,19.9455,19.4262,19.0906,18.9214,18.9071,19.2095,19.5941,19.5299,20.0289,19.6595,17.8762,14.2538,1.33586,1.0537,0.877634,0.756608,0.598128,0.545428,0.502877,0.467859,0.43849,0.390417,0.371775,0.3396,0.326694,0.303491,0.293968,0.276298,0.261245,0.254916,0.2427,0.23193,0.222323,0.2137,0.205888,0.198754,0.192215,0.1831,0.177731,0.170127,0.165606,0.159141,0.153224,0.149659,0.144495,0.139713,0.133767,0.129718,0.125926,0.121154,0.117876,0.113721,0.109864,0.106276,0.102925,0.0997878,0.096101,0.0933777,0.0901583,0.0871611,0.084363,0.0817443,0.0787946,0.0765145,0.0739332,0.0715244,0.0688969,0.0668073,0.064516,0.0623796,0.0603824,0.0585116,0.0565055,0.0546344,0.052885,0.0510428,0.0493263,0.047723,0.046222,0.0446588,0.043199,0.041698,0.040299,0.0389917,0.0377674,0.036413,0.0352486,0.0340675,0.0329637,0.0318515,0.0308126,0.0297716,0.0287992,0.0278292,0.0268675,0.0259705,0.0251318,0.0242555,0.0234807,0.0226753,0.0219236,0.021186,0.0204647,0.0197912,0.0191328,0.0184909,0.0178664,0.0172603,0.016694,0.0161242,0.0155922,0.0150596
4.3887e-05,28.8949,28.1594,25.5175,24.1617,22.9058,21.8114,20.1692,19.6939,19.4104,19.3009,19.3523,19.7946,20.2411,20.2491,20.7984,20.4864,18.9118,16.1085,9.10199,1.36579,1.11323,0.948343,0.740408,0.672805,0.618716,0.574506,0.537624,0.477623,0.454454,0.414611,0.398669,0.370075,0.358358,0.336653,0.318192,0.310438,0.295484,0.282312,0.270574,0.260044,0.250509,0.241806,0.233834,0.222724,0.216183,0.206921,0.201416,0.193546,0.186345,0.182007,0.175725,0.169907,0.162673,0.157748,0.153136,0.147332,0.143346,0.138293,0.133602,0.129238,0.125164,0.121349,0.116866,0.113554,0.10964,0.105995,0.102593,0.0994087,0.095822,0.0930496,0.0899108,0.0869819,0.0837868,0.0812461,0.0784598,0.075862,0.0734335,0.0711585,0.0687192,0.0664439,0.0643166,0.0620764,0.0599891,0.0580395,0.0562141,0.0543132,0.0525381,0.0507127,0.0490114,0.0474216,0.0459328,0.0442857,0.0428696,0.0414332,0.0400909,0.0387384,0.0374749,0.036209,0.0350264,0.0338468,0.0326771,0.0315862,0.0305662,0.0295005,0.0285582,0.0275787,0.0266645,0.0257675,0.0248902,0.0240711,0.0232703,0.0224896,0.0217302,0.0209929,0.0203043,0.0196113,0.0189642,0.0183165
5.2665e-05,29.0349,28.2853,25.6396,24.2894,23.045,21.9688,20.3879,19.9547,19.7205,19.6663,19.7774,20.342,20.839,20.9032,21.4846,21.2054,19.7631,17.3599,13.3641,1.84458,1.44387,1.20645,0.924849,0.836316,0.76638,0.709748,0.66284,0.587146,0.558084,0.508337,0.488499,0.45302,0.438514,0.411694,0.38893,0.379382,0.360985,0.344802,0.330394,0.317481,0.305798,0.295139,0.285382,0.271789,0.26379,0.252469,0.245743,0.23613,0.227337,0.222042,0.214373,0.207272,0.198444,0.192434,0.186807,0.179725,0.174862,0.168698,0.162976,0.157652,0.152683,0.148029,0.142561,0.138522,0.133747,0.129302,0.125152,0.121268,0.116893,0.113512,0.109683,0.106111,0.102213,0.0991145,0.095716,0.0925473,0.0895851,0.0868102,0.0838347,0.0810594,0.0784646,0.0757319,0.0731858,0.0708076,0.068581,0.0662621,0.0640968,0.0618701,0.0597947,0.0578554,0.0560392,0.0540299,0.0523024,0.0505502,0.0489126,0.0472627,0.0457213,0.0441769,0.0427342,0.0412951,0.0398682,0.0385373,0.0372929,0.0359927,0.0348432,0.0336482,0.0325328,0.0314385,0.0303683,0.0293688,0.0283919,0.0274395,0.0265129,0.0256134,0.0247733,0.0239278,0.0231383,0.0223481
6.3197e-05,29.1736,28.4103,25.7603,24.4154,23.1821,22.1235,20.6021,20.2092,20.0217,20.0191,20.1848,20.8571,21.396,21.5045,22.1058,21.8445,20.4926,18.3335,15.1327,9.62093,1.95016,1.57224,1.17018,1.05065,0.957993,0.88396,0.823246,0.72636,0.689447,0.626653,0.601721,0.557306,0.539198,0.505804,0.477536,0.465699,0.442923,0.422921,0.405136,0.389214,0.374823,0.361704,0.349702,0.332993,0.323168,0.309266,0.301013,0.289221,0.278438,0.271948,0.262548,0.253846,0.243028,0.235665,0.228772,0.220097,0.214142,0.206591,0.199584,0.193065,0.186979,0.181281,0.174584,0.169639,0.163792,0.158349,0.153268,0.148513,0.143156,0.139015,0.134328,0.129953,0.125181,0.121387,0.117225,0.113345,0.109718,0.10632,0.102677,0.0992782,0.0961008,0.0927545,0.0896366,0.0867244,0.0839977,0.081158,0.0785063,0.0757795,0.0732378,0.0708628,0.0686386,0.0661779,0.0640623,0.0619163,0.0599108,0.0578901,0.0560024,0.0541109,0.052344,0.0505815,0.0488339,0.0472038,0.0456797,0.0440873,0.0426794,0.0412157,0.0398496,0.0385093,0.0371984,0.0359743,0.0347777,0.0336111,0.0324762,0.0313745,0.0303454,0.0293098,0.0283428,0.0273749
7.5837e-05,29.3112,28.5343,25.8798,24.54,23.3173,22.2758,20.812,20.4579,20.3146,20.3603,20.5762,21.3443,21.9183,22.0624,22.6749,22.4218,21.1348,19.1423,16.3584,12.6298,2.94097,2.14053,1.5107,1.34087,1.21337,1.11359,1.03298,0.906368,0.858654,0.778178,0.746416,0.690131,0.667269,0.625257,0.58982,0.575013,0.546576,0.521654,0.499535,0.479761,0.461909,0.445654,0.430796,0.410126,0.397985,0.380812,0.370627,0.35608,0.342785,0.334788,0.323203,0.312482,0.299154,0.290087,0.281599,0.270918,0.263586,0.254291,0.245665,0.23764,0.23015,0.223137,0.214895,0.208809,0.201613,0.194915,0.188662,0.182809,0.176217,0.171122,0.165353,0.159969,0.154096,0.149427,0.144305,0.13953,0.135066,0.130884,0.1264,0.122217,0.118307,0.114188,0.11035,0.106766,0.10341,0.0999145,0.0966506,0.0932942,0.0901656,0.0872423,0.0845045,0.0814754,0.0788712,0.0762296,0.0737609,0.0712734,0.0689496,0.0666212,0.064446,0.0622763,0.0601249,0.0581181,0.0562419,0.0542815,0.0525482,0.0507463,0.0490645,0.0474144,0.0458005,0.0442935,0.0428204,0.0413841,0.0399869,0.0386305,0.0373635,0.0360884,0.0348979,0.0337062
9.1004e-05,29.4476,28.6575,25.9982,24.663,23.4506,22.4257,21.0183,20.701,20.6,20.6911,20.9534,21.807,22.4108,22.5836,23.201,22.9495,21.7107,19.8396,17.3226,14.2305,10.3552,3.3071,2.01612,1.7546,1.56836,1.42711,1.31557,1.14478,1.08148,0.97605,0.934796,0.86223,0.83291,0.779289,0.734279,0.715529,0.679609,0.648219,0.620424,0.595626,0.573276,0.552953,0.5344,0.508616,0.49349,0.47211,0.459444,0.441365,0.424852,0.414928,0.400549,0.387247,0.370713,0.35947,0.348947,0.335704,0.326618,0.315097,0.304407,0.294464,0.285183,0.276494,0.266282,0.258743,0.249828,0.241529,0.233783,0.226533,0.218366,0.212055,0.204908,0.198239,0.190962,0.185178,0.178833,0.172917,0.167387,0.162206,0.15665,0.151468,0.146623,0.14152,0.136765,0.132324,0.128165,0.123835,0.11979,0.115631,0.111755,0.108132,0.10474,0.100986,0.0977589,0.0944854,0.0914261,0.0883434,0.0854636,0.082578,0.0798823,0.0771934,0.0745271,0.07204,0.0697147,0.0672851,0.0651369,0.0629036,0.0608192,0.058774,0.0567737,0.0549058,0.0530799,0.0512997,0.0495679,0.0478867,0.0463163,0.0447358,0.0432601,0.041783
0.00010921,29.5832,28.78,26.1154,24.7847,23.5823,22.5736,21.2203,20.9392,20.8785,21.0124,21.3176,22.2484,22.8775,23.0736,23.6912,23.4367,22.2344,20.4562,18.1285,15.3965,12.3455,8.90882,2.89025,2.40134,2.09512,1.87851,1.71445,1.47265,1.38531,1.24226,1.18702,1.09096,1.05246,0.982536,0.924262,0.900087,0.853946,0.813787,0.778345,0.746813,0.71846,0.692729,0.669278,0.636735,0.61768,0.590768,0.574848,0.552149,0.531433,0.518995,0.500975,0.48431,0.4636,0.449528,0.43636,0.419787,0.408422,0.394011,0.380641,0.368207,0.356603,0.34574,0.332971,0.323547,0.312402,0.302028,0.292344,0.283282,0.273072,0.265183,0.256249,0.247913,0.238816,0.231585,0.223653,0.216258,0.209344,0.202868,0.195922,0.189443,0.183386,0.177005,0.171061,0.165508,0.160309,0.154893,0.149837,0.144636,0.139788,0.135259,0.131016,0.126322,0.122287,0.118193,0.114367,0.110512,0.106911,0.103302,0.0999303,0.0965673,0.0932325,0.0901219,0.0872135,0.0841746,0.0814877,0.0786943,0.0760871,0.0735289,0.0710269,0.0686904,0.0664065,0.0641796,0.0620133,0.0599103,0.0579458,0.0559688,0.0541228,0.052275
0.00013105,29.718,28.9017,26.2315,24.9051,23.7122,22.7193,21.419,21.172,21.1504,21.3247,21.6699,22.6704,23.3211,23.5362,24.1505,23.8896,22.7154,21.0107,18.8261,16.3347,13.6783,11.0515,5.39077,3.67185,2.99507,2.59702,2.32262,1.94847,1.8197,1.61551,1.53831,1.40627,1.35395,1.25982,1.18222,1.15023,1.08945,1.03681,0.99059,0.949642,0.912952,0.879754,0.849573,0.807788,0.783384,0.748965,0.72865,0.699726,0.673363,0.657557,0.634656,0.613493,0.587201,0.56935,0.552654,0.531641,0.517242,0.498979,0.482041,0.466292,0.451598,0.437843,0.421673,0.409744,0.395633,0.3825,0.370242,0.358771,0.345845,0.335861,0.324551,0.313998,0.302483,0.29333,0.283288,0.273926,0.265174,0.256975,0.248181,0.239979,0.23231,0.224231,0.216704,0.209673,0.20309,0.196233,0.189829,0.183244,0.177105,0.171368,0.165996,0.160051,0.15494,0.149755,0.144909,0.140026,0.135464,0.130893,0.126623,0.122363,0.118138,0.114198,0.110514,0.106664,0.10326,0.0997211,0.0964181,0.0931771,0.0900072,0.087047,0.0841533,0.0813319,0.0785872,0.0759226,0.0734335,0.0709285,0.0685895,0.0662481
0.00015726,29.8521,29.0229,26.3467,25.0242,23.8407,22.8631,21.6145,21.4016,21.4163,21.6288,22.0115,23.0754,23.7445,23.975,24.583,24.3135,23.1612,21.516,19.4447,17.13,14.7179,12.4323,8.47336,6.69859,5.07061,4.01871,3.41133,2.71537,2.49946,2.17722,2.0601,1.86549,1.78987,1.65642,1.54821,1.50405,1.42082,1.34951,1.28737,1.23259,1.18377,1.13979,1.09989,1.04491,1.01295,0.967861,0.941405,0.90373,0.869461,0.849016,0.819306,0.791878,0.757821,0.73473,0.713144,0.68603,0.667433,0.643843,0.621972,0.601644,0.582682,0.564937,0.544073,0.528689,0.510488,0.49355,0.477742,0.462951,0.446281,0.433408,0.418824,0.405216,0.390365,0.378563,0.365614,0.35354,0.342254,0.331681,0.320339,0.309759,0.299868,0.289447,0.279738,0.270668,0.262177,0.25333,0.245069,0.236572,0.228651,0.22125,0.214318,0.206646,0.200051,0.19336,0.187107,0.180805,0.174918,0.169018,0.163506,0.158008,0.152555,0.147469,0.142713,0.137743,0.13335,0.128781,0.124517,0.120333,0.11624,0.112419,0.108683,0.10504,0.101496,0.0980557,0.0948419,0.0916073,0.0885871,0.0855638
0.00018871,29.9856,29.1435,26.4608,25.142,23.9676,23.005,21.8069,21.6266,21.6762,21.9254,22.3431,23.4648,24.1498,24.3928,24.9923,24.7122,23.5771,21.9813,20.0026,17.8258,15.5862,13.4957,10.1202,8.8169,7.65449,6.59078,5.62477,4.1814,3.7384,3.13223,2.92646,2.60218,2.48079,2.27287,2.1093,2.04348,1.92155,1.81864,1.73003,1.65284,1.58456,1.52342,1.46847,1.39295,1.34931,1.28806,1.25225,1.20156,1.15552,1.12806,1.08835,1.05168,1.00626,0.975478,0.946731,0.910559,0.885839,0.854528,0.825464,0.798467,0.773294,0.749744,0.722051,0.701649,0.677502,0.655036,0.634073,0.614461,0.592352,0.575287,0.555948,0.537904,0.518208,0.502562,0.48542,0.469409,0.454441,0.44042,0.425375,0.411343,0.398223,0.384398,0.371517,0.359485,0.348219,0.336481,0.325519,0.314242,0.303731,0.293909,0.284709,0.274525,0.265771,0.256889,0.248588,0.240222,0.232406,0.224572,0.217254,0.209953,0.202712,0.195958,0.189642,0.183042,0.177207,0.171139,0.165475,0.159917,0.154481,0.149405,0.144442,0.139603,0.134895,0.130324,0.126054,0.121757,0.117744,0.113727
0.00022645,30.1187,29.2636,26.574,25.259,24.0932,23.1452,21.9965,21.8477,21.9318,22.2153,22.6655,23.8403,24.5388,24.7919,25.3811,25.0892,23.9675,22.4132,20.5123,18.448,16.3411,14.38,11.294,10.1752,9.22932,8.40455,7.65972,6.31535,5.76373,4.83881,4.48736,3.9172,3.70314,3.34336,3.06746,2.95852,2.76062,2.59712,2.45901,2.34036,2.23681,2.14526,2.06366,1.95265,1.88901,1.80032,1.74884,1.67658,1.61134,1.57257,1.5165,1.46488,1.401,1.35793,1.31771,1.26711,1.23268,1.1889,1.14838,1.11078,1.07574,1.04303,1.00449,0.976133,0.942557,0.91133,0.882201,0.854955,0.824228,0.80053,0.77366,0.748595,0.721262,0.699528,0.675666,0.65342,0.632623,0.613143,0.592234,0.572732,0.554497,0.535279,0.517372,0.500645,0.484982,0.468659,0.453415,0.437731,0.423111,0.409448,0.396651,0.382481,0.370302,0.357942,0.34639,0.334746,0.323867,0.312964,0.302776,0.292612,0.28253,0.273125,0.264332,0.25514,0.247014,0.238563,0.230675,0.222933,0.215361,0.208289,0.201375,0.194633,0.188074,0.181705,0.175756,0.169768,0.164176,0.158578
0.00027174,30.2515,29.3833,26.6864,25.3745,24.2174,23.2838,22.1834,22.0652,22.1821,22.4972,22.9794,24.2029,24.9131,25.1741,25.7517,25.447,24.3359,22.8169,20.9826,19.0135,17.0151,15.1493,12.2299,11.2028,10.3565,9.63749,9.00098,7.85599,7.38562,6.55258,6.21513,5.60954,5.3637,4.91562,4.5461,4.39536,4.11191,3.87174,3.66535,3.4868,3.33021,3.19141,3.06752,2.89903,2.80294,2.66899,2.59166,2.48364,2.3865,2.3291,2.24575,2.16919,2.07429,2.01045,1.95096,1.87612,1.82518,1.76044,1.70054,1.64498,1.59323,1.54486,1.48791,1.44607,1.39647,1.35035,1.30733,1.26709,1.22168,1.18669,1.14699,1.10995,1.06948,1.03736,1.00208,0.96919,0.938439,0.909633,0.878699,0.849844,0.822863,0.794415,0.767907,0.743145,0.719957,0.695782,0.673205,0.649968,0.628305,0.608061,0.589098,0.568092,0.550039,0.531714,0.514586,0.497318,0.481184,0.46501,0.449898,0.434817,0.419857,0.405901,0.392851,0.379208,0.367146,0.3546,0.342889,0.331396,0.320151,0.30965,0.299383,0.289369,0.279627,0.270166,0.261329,0.252433,0.244125,0.235808
0.00032609,30.3841,29.5026,26.7979,25.4891,24.3404,23.4208,22.3678,22.2794,22.4278,22.7751,23.2851,24.5539,25.274,25.5411,26.106,25.7877,24.6849,23.1965,21.4202,19.5337,17.6286,15.8393,13.0226,12.0448,11.2505,10.5845,10.0001,8.95038,8.52144,7.7562,7.44634,6.87896,6.64714,6.21191,5.84199,5.68928,5.39192,5.13212,4.90259,4.69877,4.51587,4.35045,4.20025,3.99124,3.87044,3.69908,3.5992,3.45782,3.32935,3.25309,3.14147,3.03822,2.90943,2.8224,2.74093,2.63794,2.56773,2.47819,2.39513,2.31791,2.24584,2.17831,2.09872,2.04018,1.9707,1.90601,1.84562,1.7891,1.72525,1.67603,1.62013,1.56797,1.51094,1.46568,1.41593,1.36954,1.32615,1.2855,1.24184,1.20111,1.16301,1.12284,1.08541,1.05043,1.01768,0.983527,0.95163,0.918798,0.888184,0.859578,0.832781,0.803096,0.777582,0.751684,0.727482,0.703075,0.680271,0.657409,0.636048,0.614731,0.593585,0.573857,0.55541,0.536124,0.519073,0.501337,0.484782,0.468534,0.452638,0.437792,0.423277,0.409121,0.395347,0.381973,0.369479,0.356901,0.345156,0.333397
0.0003913,30.5166,29.6215,26.9086,25.6027,24.4621,23.5564,22.5499,22.4904,22.6693,23.0465,23.5843,24.894,25.6227,25.8944,26.4455,26.1131,25.0167,23.5551,21.8301,20.0168,18.1952,16.4724,13.7217,12.7692,12.002,11.3634,10.8054,9.80217,9.39208,8.65678,8.35811,7.806,7.57899,7.14753,6.77575,6.62094,6.31553,6.04487,5.80242,5.58423,5.38613,5.20479,5.03842,4.80442,4.6675,4.47176,4.35647,4.19166,4.04076,3.95047,3.81814,3.69529,3.54148,3.437,3.33899,3.21489,3.12993,3.02159,2.92088,2.8271,2.73944,2.65728,2.5604,2.48899,2.40427,2.32534,2.25161,2.18257,2.10461,2.04444,1.97615,1.9124,1.84274,1.7874,1.72661,1.66991,1.61689,1.5672,1.51386,1.46409,1.41754,1.36848,1.32275,1.28003,1.24002,1.19833,1.15938,1.1193,1.08194,1.04702,1.01432,0.978099,0.946967,0.915373,0.885842,0.856074,0.828261,0.800383,0.774336,0.748346,0.722568,0.69852,0.676035,0.652531,0.63175,0.610139,0.589967,0.570171,0.550805,0.53272,0.515039,0.497797,0.481022,0.464734,0.449519,0.434203,0.419902,0.405585
0.00046956,30.6491,29.7402,27.0185,25.7154,24.5826,23.6905,22.7298,22.6984,22.9068,23.3125,23.8762,25.2243,25.9601,26.2352,26.7718,26.425,25.3334,23.8953,22.2163,20.4692,18.7246,17.0641,14.3579,13.4154,12.6595,12.0331,11.4871,10.5048,10.1024,9.37851,9.08296,8.53334,8.3056,7.86991,7.49066,7.33125,7.01518,6.73249,6.4771,6.24544,6.03354,5.83837,5.65823,5.40372,5.25358,5.03848,4.9108,4.72767,4.55937,4.45807,4.30983,4.17193,3.99923,3.88151,3.77095,3.63106,3.535,3.41265,3.29884,3.19277,3.09361,3.00061,2.89102,2.81012,2.71424,2.62489,2.54141,2.46323,2.37502,2.30687,2.22959,2.15744,2.07864,2.01601,1.94724,1.88311,1.82314,1.76694,1.70663,1.65037,1.59776,1.54232,1.49065,1.44238,1.39719,1.35009,1.30611,1.26087,1.21869,1.17927,1.14236,1.10149,1.06636,1.03072,0.997402,0.963827,0.932459,0.901023,0.871653,0.842352,0.813294,0.786188,0.760844,0.734357,0.710939,0.686589,0.663861,0.641559,0.619744,0.599373,0.579458,0.56004,0.541148,0.522807,0.505674,0.488431,0.472329,0.456211
0.00056348,30.7818,29.8587,27.1276,25.8269,24.7021,23.8233,22.9076,22.9038,23.1405,23.5736,24.1619,25.5447,26.2873,26.5645,27.086,26.7245,25.6366,24.2193,22.582,20.8957,19.2239,17.6253,14.9529,14.0088,13.2528,12.628,12.0843,11.107,10.7059,9.9834,9.68696,9.13368,8.9027,8.45923,8.07029,7.90535,7.57786,7.2831,7.01533,6.77113,6.54678,6.33929,6.14707,5.87508,5.71367,5.48238,5.34434,5.14616,4.96363,4.85328,4.69217,4.54213,4.35432,4.22599,4.1054,3.95297,3.84808,3.71466,3.5905,3.47476,3.36652,3.265,3.14548,3.05713,2.95253,2.85505,2.76397,2.67867,2.58248,2.50812,2.42386,2.3452,2.25933,2.19104,2.11611,2.04623,1.98089,1.91966,1.85399,1.79272,1.73543,1.67508,1.61884,1.56631,1.51712,1.46588,1.41803,1.36882,1.32294,1.28008,1.23993,1.1955,1.15731,1.11856,1.08235,1.04587,1.01178,0.97762,0.94571,0.913879,0.882315,0.852873,0.825345,0.796581,0.77115,0.74471,0.720033,0.69582,0.672138,0.650024,0.628407,0.60733,0.586826,0.566921,0.548328,0.529616,0.512144,0.494655
0.00067617,30.9147,29.9769,27.2361,25.9378,24.8204,23.9548,23.0834,23.1065,23.3707,23.83,24.4416,25.858,26.6049,26.8833,27.3893,27.0128,25.9275,24.5288,22.9298,21.2998,19.6983,18.164,15.5237,14.5689,13.803,13.1709,12.6217,11.6373,11.2332,10.5061,10.2065,9.64636,9.41095,8.95821,8.55888,8.38822,8.04946,7.74317,7.46384,7.20818,6.97256,6.75409,6.5512,6.26398,6.09278,5.8476,5.70064,5.48968,5.29513,5.17712,5.00518,4.84496,4.64455,4.50736,4.37841,4.21558,4.10335,3.96076,3.82806,3.70432,3.58859,3.48005,3.35236,3.25789,3.14612,3.04197,2.94466,2.85352,2.75081,2.67136,2.5814,2.49741,2.40577,2.33286,2.25291,2.17834,2.10862,2.04329,1.97324,1.9079,1.8468,1.78246,1.72251,1.66651,1.61408,1.55947,1.50848,1.45605,1.40718,1.36151,1.31874,1.27143,1.23075,1.1895,1.15094,1.11209,1.0758,1.03944,1.00547,0.971593,0.938002,0.90667,0.877376,0.846772,0.819712,0.791583,0.76533,0.739573,0.714383,0.69086,0.667868,0.645451,0.623646,0.602478,0.582705,0.562808,0.54423,0.525635
0.0008114,31.0479,30.095,27.3439,26.0478,24.9377,24.0852,23.2574,23.3067,23.5975,24.082,24.7157,26.1627,26.913,27.1925,27.6824,27.291,26.2074,24.8255,23.2617,21.6848,20.1519,18.6864,16.0861,15.1131,14.3277,13.6795,13.1172,12.1147,11.7041,10.9679,10.6638,10.095,9.85462,9.39203,8.98226,8.80595,8.45637,8.13925,7.84921,7.58305,7.33722,7.10885,6.89641,6.59572,6.41584,6.15848,6.00369,5.78163,5.57665,5.45199,5.2707,5.10169,4.89045,4.74564,4.60951,4.43778,4.31925,4.16883,4.02883,3.89828,3.77616,3.66164,3.52699,3.4273,3.30945,3.19963,3.09702,3.00092,2.89269,2.80892,2.71412,2.62562,2.5291,2.45228,2.36807,2.28954,2.21611,2.14732,2.07358,2.0048,1.94049,1.87278,1.80969,1.75076,1.69559,1.63815,1.58451,1.52936,1.47796,1.42993,1.38496,1.33521,1.29245,1.24907,1.20854,1.1677,1.12956,1.09134,1.05565,1.02004,0.984748,0.951827,0.921048,0.888896,0.860467,0.830918,0.803341,0.776286,0.749828,0.725122,0.700974,0.677433,0.654534,0.632305,0.611543,0.59065,0.571143,0.55162
0.00097369,31.1816,30.2129,27.4511,26.1569,25.0541,24.2143,23.4296,23.5046,23.8212,24.3298,24.9845,26.4601,27.2145,27.4927,27.9664,27.5599,26.4772,25.1106,23.5797,22.053,20.5879,19.1971,16.6564,15.6593,14.8439,14.1693,13.5851,12.5527,12.1324,11.3832,11.0735,10.4949,10.2492,9.7766,9.35657,9.17477,8.8149,8.48762,8.18765,7.91184,7.65667,7.41932,7.19825,6.88545,6.6978,6.42958,6.26782,6.03592,5.82172,5.69116,5.50162,5.32489,5.10414,4.95264,4.8102,4.63068,4.50662,4.34935,4.20297,4.06646,3.93877,3.81902,3.67831,3.57407,3.45092,3.33616,3.22894,3.12853,3.01549,2.92797,2.82896,2.73655,2.63578,2.55557,2.46766,2.38569,2.30905,2.23725,2.16031,2.08854,2.02144,1.95081,1.88501,1.82354,1.766,1.7061,1.65016,1.59267,1.53908,1.48901,1.44212,1.39028,1.3457,1.3005,1.25825,1.2157,1.17595,1.13614,1.09895,1.06185,1.02508,0.99079,0.958728,0.925238,0.895627,0.864852,0.836131,0.807955,0.780403,0.754675,0.72953,0.705017,0.681174,0.65803,0.636413,0.614662,0.594353,0.574028
0.0011684,31.3157,30.3308,27.5577,26.2653,25.1695,24.3424,23.6002,23.7002,24.0418,24.5736,25.2484,26.7505,27.5075,27.7839,28.2417,27.8202,26.7379,25.3851,23.8851,22.4065,21.0086,19.6991,17.2528,16.23,15.3716,14.6564,14.0388,12.9618,12.5278,11.762,11.4457,10.8565,10.6053,10.1226,9.69258,9.5055,9.13586,8.79904,8.48982,8.20507,7.94131,7.69573,7.46677,7.14299,6.94829,6.67027,6.5022,6.26146,6.039,5.90313,5.70621,5.52256,5.29332,5.13585,4.98778,4.80131,4.67234,4.50897,4.35692,4.2151,4.08246,3.95806,3.81197,3.70369,3.57584,3.4567,3.3454,3.24116,3.12386,3.03302,2.93029,2.8344,2.72989,2.64666,2.55549,2.47048,2.391,2.31654,2.23677,2.16236,2.0928,2.01959,1.95138,1.88768,1.82804,1.76597,1.70801,1.64844,1.59292,1.54105,1.49248,1.43878,1.3926,1.34579,1.30203,1.25797,1.21681,1.17558,1.13707,1.09866,1.06059,1.02509,0.991897,0.957229,0.926576,0.894721,0.864992,0.835829,0.807312,0.780685,0.754662,0.729293,0.704619,0.68067,0.6583,0.635792,0.614778,0.593748
0.0014021,31.4505,30.4486,27.6637,26.373,25.284,24.4694,23.7692,23.8938,24.2597,24.8138,25.5076,27.0346,27.7935,28.0688,28.5087,28.0727,26.9902,25.6502,24.1793,22.7471,21.4162,20.1946,17.8981,16.8589,15.9406,15.1629,14.4937,13.3512,12.8988,12.1119,11.7882,11.1874,10.9306,10.4379,9.99808,9.80592,9.42698,9.08115,8.76327,8.4702,8.19848,7.94529,7.70906,7.3752,7.17403,6.88706,6.71324,6.46445,6.23447,6.09379,5.89018,5.70026,5.46334,5.30045,5.1473,4.95455,4.82113,4.65226,4.49509,4.3485,4.21138,4.0828,3.93187,3.81994,3.68787,3.56478,3.4498,3.34213,3.221,3.12716,3.02109,2.92208,2.8142,2.72827,2.63417,2.54642,2.46439,2.38754,2.30523,2.22846,2.15668,2.08116,2.0108,1.94509,1.88357,1.81956,1.75978,1.69836,1.64111,1.58762,1.53753,1.48218,1.43457,1.3863,1.3412,1.29578,1.25335,1.21086,1.17117,1.13159,1.09236,1.05577,1.02156,0.985843,0.954258,0.921435,0.890805,0.860759,0.831379,0.803947,0.777138,0.751004,0.725586,0.700916,0.677873,0.654689,0.633043,0.611382
0.0016825,31.5858,30.5664,27.7692,26.48,25.3977,24.5955,23.9366,24.0853,24.4747,25.0503,25.7623,27.3125,28.0728,28.3458,28.7693,28.3182,27.2348,25.9065,24.4633,23.076,21.8122,20.6844,18.6168,17.6052,16.608,15.7249,14.9706,13.7295,13.2522,12.4387,12.1065,11.4932,11.2306,10.7279,10.2786,10.0815,9.6937,9.33934,9.01331,8.71244,8.43327,8.17301,7.93003,7.58685,7.3797,7.08448,6.90535,6.64917,6.41231,6.2672,6.05746,5.8618,5.61787,5.45003,5.29223,5.09376,4.95627,4.78239,4.62054,4.46959,4.32841,4.19601,4.04067,3.92543,3.7895,3.66283,3.5445,3.4337,3.30909,3.21253,3.10342,3.00158,2.89063,2.80225,2.70548,2.61525,2.5309,2.45189,2.36727,2.28835,2.21457,2.13695,2.06464,1.9971,1.93388,1.8681,1.80668,1.74357,1.68475,1.6298,1.57834,1.52148,1.47257,1.423,1.37667,1.33002,1.28645,1.24281,1.20204,1.1614,1.12112,1.08355,1.04843,1.01175,0.979318,0.94562,0.914174,0.883327,0.853167,0.825005,0.797484,0.770658,0.744567,0.719244,0.695592,0.671795,0.649579,0.627346
0.002019,31.722,30.6843,27.8743,26.5862,25.5106,24.7206,24.1027,24.275,24.6873,25.2836,26.013,27.5849,28.346,28.6162,29.0228,28.5566,27.4725,26.1551,24.7383,23.3947,22.1979,21.169,19.4256,18.5793,17.5315,16.43,15.5082,14.107,13.5951,12.7477,12.4056,11.7787,11.5102,10.9973,10.5387,10.3369,9.94047,9.57798,9.24421,8.93598,8.64981,8.3829,8.1336,7.78173,7.56901,7.26612,7.08206,6.81904,6.5758,6.42659,6.21117,6.01022,5.7598,5.5874,5.4253,5.22155,5.08032,4.90181,4.73567,4.58071,4.43577,4.29987,4.14047,4.02217,3.8827,3.75274,3.63133,3.51765,3.38985,3.29079,3.17888,3.07444,2.96068,2.87004,2.77083,2.67832,2.59185,2.51084,2.42411,2.34321,2.2676,2.18805,2.11395,2.04474,1.97996,1.91255,1.84962,1.78497,1.72471,1.66842,1.61571,1.55746,1.50737,1.45659,1.40915,1.36137,1.31674,1.27205,1.23031,1.18869,1.14745,1.10898,1.07302,1.03546,1.00226,0.967761,0.935566,0.903988,0.873112,0.844283,0.816111,0.78865,0.761944,0.736023,0.711813,0.687456,0.664716,0.641962
0.0024228,31.8589,30.8022,27.9788,26.6919,25.6227,24.8448,24.2673,24.4626,24.8973,25.5135,26.2595,27.8517,28.6131,28.8801,29.2697,28.7889,27.7036,26.3963,25.0049,23.7039,22.5741,21.6471,20.3042,19.8629,19.3699,17.7756,16.2078,14.4964,13.9347,13.0428,12.6891,12.0471,11.7724,11.2493,10.7815,10.575,10.1703,9.80001,9.45887,9.14365,8.85087,8.57769,8.32245,7.96243,7.74449,7.43442,7.24576,6.97634,6.72716,6.57413,6.35343,6.14754,5.89111,5.71447,5.54838,5.33973,5.19501,5.01222,4.84209,4.68341,4.535,4.39584,4.23269,4.11156,3.96881,3.8358,3.71154,3.5952,3.46443,3.36306,3.24857,3.14171,3.02535,2.93264,2.83116,2.73654,2.6481,2.56526,2.47657,2.39386,2.31654,2.23521,2.15945,2.0887,2.02248,1.95358,1.88925,1.82317,1.76159,1.70405,1.65018,1.59066,1.53948,1.48759,1.43911,1.39029,1.3447,1.29904,1.25639,1.21387,1.17174,1.13244,1.0957,1.05734,1.02343,0.988187,0.955303,0.923048,0.891513,0.862069,0.833296,0.80525,0.777975,0.751503,0.726779,0.701906,0.678684,0.655447
0.0029074,31.9966,30.9201,28.0829,26.797,25.7341,24.9681,24.431,24.6486,25.105,25.7404,26.5023,28.1135,28.8747,29.1381,29.5107,29.0154,27.9286,26.6308,25.2638,24.0047,22.9416,22.1182,21.192,21.1693,21.3435,21.3534,20.3925,14.9192,14.2805,13.3286,12.9609,12.3018,12.0205,11.4868,11.0099,10.7988,10.386,10.0082,9.66,9.3381,9.03901,8.75989,8.49902,8.13129,7.90842,7.5916,7.39859,7.12318,6.86841,6.71179,6.48614,6.27564,6.01357,5.83296,5.66313,5.4499,5.30193,5.11513,4.94127,4.77911,4.62745,4.48526,4.3186,4.19483,4.04902,3.91315,3.78624,3.66741,3.53389,3.43035,3.31345,3.20435,3.08557,2.99091,2.88732,2.79074,2.70047,2.61592,2.5254,2.44099,2.36209,2.27911,2.20181,2.12962,2.06204,1.99175,1.92613,1.85872,1.7959,1.73721,1.68226,1.62156,1.56935,1.51643,1.46699,1.4172,1.37071,1.32414,1.28066,1.2373,1.19434,1.15427,1.11681,1.0777,1.04312,1.00719,0.973667,0.940784,0.908635,0.878619,0.849287,0.820697,0.792894,0.76591,0.740707,0.715354,0.691683,0.667999
0.0034889,32.1352,31.0381,28.1865,26.9015,25.8446,25.0906,24.5932,24.8331,25.3103,25.9644,26.7414,28.3704,29.1311,29.3905,29.746,29.2365,28.1479,26.8591,25.5159,24.298,23.3012,22.5809,22.0327,22.2644,22.63,22.8045,22.4079,15.42,14.6461,13.6094,13.2243,12.5454,12.257,11.7124,11.2261,11.0105,10.5899,10.2047,9.84964,9.52132,9.2162,8.93139,8.66515,8.2901,8.06254,7.73933,7.5422,7.26112,7.00109,6.84107,6.61076,6.3959,6.12853,5.94416,5.77082,5.55328,5.40224,5.21167,5.03431,4.86888,4.71417,4.56912,4.39916,4.27291,4.12422,3.98568,3.85627,3.73511,3.599,3.49343,3.37427,3.26307,3.14201,3.04552,2.93996,2.84154,2.74955,2.66339,2.57116,2.48516,2.40477,2.32024,2.24149,2.16795,2.09912,2.02752,1.96069,1.89203,1.82805,1.76828,1.71232,1.6505,1.59734,1.54345,1.49311,1.44242,1.39507,1.34767,1.30339,1.25925,1.21551,1.17472,1.13659,1.09678,1.06157,1.025,0.990875,0.957404,0.924681,0.894129,0.864274,0.835175,0.806877,0.779413,0.753763,0.727959,0.703869,0.679765
0.0041867,32.2748,31.1563,28.2898,27.0055,25.9548,25.2124,24.7542,25.016,25.5136,26.1855,26.9772,28.6229,29.3826,29.6377,29.9761,29.4525,28.3621,27.0818,25.7617,24.5844,23.6536,23.0346,22.805,23.1794,23.6153,23.8373,23.5731,18.7507,15.0561,13.8905,13.4831,12.7807,12.4845,11.9282,11.4325,11.2123,10.7838,10.3914,10.0297,9.69515,9.3842,9.09393,8.82253,8.44048,8.20845,7.87913,7.67808,7.3916,7.12656,6.96332,6.72857,6.50958,6.23718,6.04926,5.87259,5.65097,5.49702,5.30288,5.1222,4.95368,4.79608,4.64832,4.47525,4.34664,4.19524,4.05417,3.9224,3.79903,3.66047,3.55298,3.43169,3.31849,3.19528,3.09708,2.98964,2.88948,2.79587,2.70819,2.61435,2.52684,2.44505,2.35905,2.27894,2.20413,2.13411,2.06128,1.99329,1.92346,1.85839,1.7976,1.74068,1.67782,1.62375,1.56896,1.51776,1.46621,1.41807,1.36987,1.32485,1.27997,1.2355,1.19402,1.15526,1.11478,1.07899,1.04181,1.00712,0.973095,0.939831,0.908772,0.878424,0.848845,0.820081,0.792165,0.766092,0.739865,0.715379,0.69088
0.005024,32.4153,31.2744,28.3927,27.1086,26.0641,25.3333,24.9141,25.1972,25.7147,26.404,27.2095,28.8708,29.6292,29.8796,30.2011,29.6636,28.5712,27.299,26.0014,24.8643,23.9989,23.4778,23.5094,23.9673,24.4335,24.672,24.4625,21.8577,15.5676,14.1781,13.7412,13.01,12.7049,12.1361,11.6305,11.4057,10.9693,10.5698,10.2015,9.86089,9.54428,9.24872,8.97236,8.58356,8.34723,8.01207,7.80726,7.51562,7.2458,7.07947,6.8405,6.61756,6.34037,6.14908,5.96923,5.74372,5.58701,5.38947,5.20564,5.03417,4.87382,4.72349,4.54746,4.41662,4.26264,4.11916,3.98515,3.85968,3.7188,3.60949,3.48617,3.37108,3.24583,3.14599,3.03678,2.93497,2.83982,2.75069,2.65533,2.56639,2.48327,2.39588,2.31447,2.23845,2.1673,2.09331,2.02423,1.95329,1.88718,1.82542,1.7676,1.70374,1.64881,1.59315,1.54115,1.48879,1.43989,1.39094,1.34521,1.29963,1.25447,1.21235,1.17297,1.13187,1.09553,1.05777,1.02254,0.987991,0.954213,0.922675,0.89186,0.861826,0.832619,0.804275,0.777802,0.751173,0.726312,0.701438
0.0060288,32.5567,31.3927,28.4951,27.2118,26.1726,25.4538,25.0728,25.3769,25.9136,26.6198,27.4386,29.1146,29.8712,30.1168,30.4212,29.8701,28.7757,27.5113,26.2358,25.1385,24.3375,23.9103,24.1548,24.6644,25.144,25.3865,25.2032,23.0743,20.399,14.4817,14.0036,13.2361,12.9209,12.338,11.8221,11.5925,11.148,10.7413,10.3666,10.02,9.69785,9.39714,9.11594,8.72062,8.48013,8.13932,7.93089,7.63429,7.35987,7.19058,6.94755,6.72083,6.43904,6.24451,6.06162,5.83239,5.67303,5.47224,5.28538,5.1111,4.94812,4.79533,4.61647,4.4835,4.32704,4.18126,4.04511,3.91764,3.77453,3.66348,3.53822,3.42132,3.29413,3.19272,3.08182,2.97843,2.8818,2.7913,2.69447,2.60418,2.51978,2.43106,2.34842,2.27125,2.19902,2.12391,2.05379,1.98178,1.91468,1.852,1.79331,1.7285,1.67276,1.61628,1.5635,1.51037,1.46075,1.41107,1.36467,1.31843,1.2726,1.22986,1.18991,1.14821,1.11134,1.07303,1.03729,1.00224,0.967968,0.935974,0.904712,0.874243,0.844615,0.815862,0.789007,0.761995,0.736776,0.711545
0.0072346,32.6992,31.5112,28.5976,27.3144,26.2812,25.5732,25.2308,25.5552,26.111,26.8332,27.6649,29.3544,30.109,30.3494,30.6369,30.0724,28.9759,27.7191,26.4654,25.4074,24.67,24.3319,24.7508,25.2936,25.778,26.0185,25.8477,23.9558,22.1965,14.8173,14.2776,13.4623,13.1348,12.5361,12.0089,11.7743,11.3215,10.9076,10.5263,10.1738,9.84619,9.5404,9.25447,8.85278,8.60824,8.26194,8.05,7.74858,7.46971,7.29756,7.05061,6.82024,6.53402,6.33636,6.15053,5.91771,5.7558,5.55188,5.36211,5.18512,5.01961,4.86445,4.68286,4.54783,4.38899,4.24101,4.10279,3.97339,3.82814,3.71542,3.58829,3.46966,3.34059,3.23767,3.12514,3.02024,2.9222,2.83037,2.73213,2.64053,2.55491,2.46491,2.38108,2.3028,2.22953,2.15335,2.08223,2.0092,1.94115,1.87758,1.81806,1.75234,1.69581,1.63853,1.58502,1.53114,1.48083,1.43046,1.38341,1.33652,1.29006,1.24673,1.20623,1.16395,1.12656,1.08773,1.0515,1.01596,0.981223,0.948789,0.917098,0.886213,0.856179,0.827033,0.799812,0.772431,0.746869,0.721293
0.0086815,32.8426,31.6298,28.6995,27.4162,26.3888,25.6924,25.3877,25.7322,26.3063,27.0441,27.8882,29.5903,30.3426,30.5775,30.8481,30.2704,29.1719,27.9223,26.6901,25.6712,24.9962,24.742,25.3046,25.8692,26.3536,26.5885,26.4227,24.6744,23.2267,15.2163,14.5737,13.692,13.3495,12.7321,12.1925,11.9526,11.491,11.0696,10.6818,10.3233,9.99025,9.67944,9.38884,8.98089,8.73238,8.38072,8.16535,7.85924,7.57605,7.40111,7.15035,6.91643,6.62592,6.42523,6.23656,6.00027,5.83588,5.62893,5.43634,5.25673,5.08877,4.93132,4.74708,4.61006,4.44893,4.2988,4.15859,4.02732,3.88001,3.76567,3.63673,3.51642,3.38553,3.28116,3.16706,3.06069,2.96128,2.86817,2.76857,2.6757,2.5889,2.49767,2.41269,2.33333,2.25906,2.18185,2.10976,2.03574,1.96677,1.90234,1.84202,1.77542,1.71813,1.66009,1.60585,1.55126,1.50028,1.44923,1.40157,1.35405,1.30697,1.26307,1.22203,1.1792,1.14132,1.10198,1.06527,1.02927,0.994074,0.961216,0.929112,0.897823,0.867398,0.837872,0.810296,0.78256,0.756665,0.730758
0.010418,32.9871,31.7486,28.8012,27.5182,26.4961,25.8111,25.5437,25.9079,26.4999,27.2529,28.1088,29.8227,30.5722,30.8015,31.0553,30.4646,29.3641,28.1216,26.9106,25.9306,25.3169,25.1413,25.8231,26.4023,26.8836,27.1109,26.9454,25.2933,24.016,17.952,14.9114,13.9306,13.5687,12.9288,12.3751,12.1294,11.6583,11.2291,10.8344,10.4699,10.1314,9.81553,9.52028,9.10611,8.85367,8.49673,8.27798,7.96727,7.67983,7.50216,7.24767,7.01029,6.71558,6.51193,6.32048,6.08079,5.91399,5.70408,5.50875,5.32657,5.15622,4.99653,4.80973,4.67077,4.50739,4.35518,4.21302,4.07993,3.9306,3.81468,3.68399,3.56204,3.42939,3.3236,3.20796,3.10016,2.99941,2.90506,2.80413,2.71003,2.62208,2.52964,2.44354,2.36314,2.2879,2.20967,2.13664,2.06166,1.99179,1.92652,1.86542,1.79796,1.73993,1.68114,1.62621,1.57092,1.51928,1.46759,1.41931,1.37119,1.32351,1.27905,1.23749,1.19412,1.15576,1.11592,1.07874,1.04229,1.00665,0.973381,0.940872,0.909191,0.878384,0.848488,0.820567,0.792484,0.766266,0.740035
0.012501,33.1324,31.8675,28.903,27.6196,26.6027,25.9292,25.6988,26.0824,26.6917,27.4594,28.3266,30.0514,30.7979,31.0213,31.2583,30.655,29.5524,28.3167,27.1268,26.1856,25.6318,25.5294,26.3111,26.8997,27.376,27.5944,27.4262,25.8423,24.6754,21.3804,15.3341,14.1854,13.7972,13.1289,12.5586,12.3063,11.8249,11.3873,10.9855,10.6147,10.2706,9.94967,9.64973,9.22933,8.97299,8.61078,8.38868,8.07342,7.78178,7.60142,7.34325,7.10246,6.80362,6.59706,6.40289,6.15987,5.9907,5.77788,5.57985,5.39516,5.22246,5.06058,4.87125,4.73039,4.5648,4.41055,4.26648,4.13161,3.9803,3.86284,3.73042,3.60685,3.47247,3.3653,3.24815,3.13894,3.03689,2.94131,2.83909,2.74377,2.65469,2.56107,2.47388,2.39245,2.31625,2.23703,2.16308,2.08715,2.0164,1.95032,1.88845,1.82014,1.76139,1.70186,1.64625,1.59027,1.53799,1.48566,1.43678,1.38807,1.3398,1.29479,1.25272,1.20882,1.16999,1.12966,1.09203,1.05513,1.01906,0.985381,0.952476,0.920409,0.889228,0.858969,0.83071,0.802286,0.77575,0.749202
0.015002,33.2786,31.9865,29.0042,27.7208,26.7095,26.0467,25.8533,26.2558,26.8819,27.6639,28.5418,30.2768,31.02,31.2373,31.4575,30.8418,29.7369,28.5083,27.3393,26.4365,25.9414,25.9072,26.7731,27.3676,27.8376,28.0461,27.8731,26.3397,25.2514,22.623,20.4843,14.4687,14.0423,13.3363,12.7459,12.486,11.9929,11.546,11.1366,10.7593,10.4093,10.0832,9.77847,9.35175,9.09147,8.72398,8.49853,8.17871,7.88289,7.69985,7.43802,7.19384,6.8909,6.68146,6.48458,6.23826,6.06674,5.85104,5.65034,5.46316,5.28814,5.12409,4.93225,4.78951,4.62175,4.46546,4.3195,4.18287,4.02961,3.9106,3.77648,3.65132,3.51523,3.40667,3.28804,3.17744,3.07409,2.9773,2.87379,2.77728,2.68708,2.59229,2.504,2.42157,2.34442,2.26422,2.18935,2.11249,2.04087,1.97397,1.91133,1.8422,1.78273,1.72247,1.66618,1.60952,1.55661,1.50364,1.45417,1.40487,1.35602,1.31047,1.26789,1.22346,1.18416,1.14335,1.10527,1.06793,1.03143,0.997347,0.964051,0.931602,0.900049,0.869431,0.840835,0.812074,0.785224,0.758362
0.018002,33.4257,32.1059,29.1053,27.8216,26.8156,26.1638,26.0069,26.428,27.0707,27.8663,28.7547,30.4988,31.2385,31.4493,31.653,31.025,29.918,28.6962,27.548,26.6835,26.2454,26.2745,27.212,27.8098,28.2724,28.4704,28.2911,26.7962,25.7676,23.5042,22.2833,14.8037,14.3157,13.5565,12.9403,12.6712,12.1643,11.7071,11.2894,10.905,10.5489,10.2173,9.90768,9.47447,9.21018,8.83731,8.60847,8.28405,7.98402,7.79829,7.53279,7.28522,6.97818,6.76585,6.56627,6.31664,6.14278,5.92421,5.72083,5.53117,5.35383,5.18761,4.99328,4.84865,4.67872,4.52041,4.37257,4.23418,4.07895,3.95842,3.82259,3.69585,3.55804,3.44811,3.32798,3.21601,3.11136,3.01336,2.90857,2.81086,2.71954,2.62358,2.53421,2.45076,2.37266,2.29148,2.2157,2.1379,2.06541,1.9977,1.93431,1.86433,1.80414,1.74317,1.68619,1.62886,1.57531,1.5217,1.47164,1.42175,1.37233,1.32623,1.28315,1.23819,1.19842,1.15713,1.1186,1.08082,1.04388,1.0094,0.975713,0.942881,0.910958,0.87998,0.851049,0.82195,0.794785,0.767609
0.021602,33.5737,32.2255,29.2066,27.9223,26.9215,26.2807,26.16,26.5987,27.2579,28.0669,28.9652,30.7178,31.4536,31.6579,31.8449,31.2049,30.0959,28.8807,27.7533,26.9268,26.5444,26.6321,27.6308,28.2299,28.6845,28.8715,28.685,27.22,26.239,24.2245,23.3342,21.0036,18.1372,17.1494,13.1467,12.8662,12.3424,11.8731,11.446,11.0539,10.6912,10.3538,10.039,9.59901,9.33056,8.95215,8.71984,8.39072,8.08638,7.89792,7.62869,7.37768,7.06649,6.85124,6.64893,6.39597,6.21974,5.99826,5.79219,5.60002,5.42034,5.25193,5.05508,4.90855,4.73642,4.57608,4.42633,4.28616,4.12896,4.00688,3.86933,3.74099,3.60145,3.49013,3.3685,3.25512,3.14917,3.04995,2.94385,2.84493,2.75248,2.65535,2.56488,2.4804,2.40135,2.31917,2.24247,2.16373,2.09035,2.02182,1.95766,1.88684,1.82593,1.76422,1.70656,1.64853,1.59434,1.5401,1.48944,1.43895,1.38894,1.34229,1.2987,1.2532,1.21297,1.17118,1.1322,1.09397,1.0566,1.02171,0.987621,0.954404,0.922105,0.890762,0.861491,0.832051,0.804567,0.777072
0.025923,33.7227,32.3454,29.3075,28.0228,27.027,26.3974,26.3125,26.7695,27.4439,28.2656,29.1734,30.9337,31.6653,31.8628,32.0334,31.3816,30.2706,29.0618,27.9552,27.1666,26.8382,26.9802,28.0317,28.6305,29.0766,29.2523,29.0579,27.6164,26.6746,24.849,24.1552,23.1936,22.8737,19.5252,17.2389,16.6184,12.531,12.047,11.609,11.2082,10.8383,10.4946,10.1742,9.72699,9.45417,9.06997,8.83405,8.50005,8.19127,7.99999,7.72693,7.47239,7.15694,6.93871,6.73361,6.47723,6.29859,6.07414,5.86532,5.67058,5.48851,5.31787,5.11844,4.96998,4.79561,4.63317,4.48148,4.33949,4.18028,4.05662,3.91731,3.78733,3.64602,3.53328,3.41011,3.2953,3.18802,3.08754,2.98012,2.87996,2.78636,2.68802,2.59642,2.5109,2.43086,2.34768,2.27003,2.19031,2.11604,2.04667,1.98172,1.91004,1.84838,1.78591,1.72755,1.66882,1.61397,1.55907,1.5078,1.4567,1.40608,1.35888,1.31476,1.26871,1.22799,1.18571,1.14626,1.10757,1.06975,1.03444,0.99995,0.966335,0.933651,0.901935,0.872315,0.842524,0.814714,0.786892
0.031107,33.8724,32.4655,29.4088,28.1232,27.132,26.5136,26.4642,26.9389,27.6283,28.4625,29.3794,31.1466,31.8739,32.0644,32.2186,31.5552,30.4421,29.2399,28.1537,27.4029,27.1268,27.3191,28.4161,29.0135,29.4507,29.6148,29.4119,27.9895,27.081,25.4084,24.854,24.3695,24.4261,24.3192,21.6529,17.6611,12.7359,12.2332,11.7819,11.371,10.9927,10.642,10.3155,9.86046,9.58297,9.19258,8.95285,8.6137,8.30026,8.10605,7.82898,7.57076,7.25088,7.02957,6.82157,6.56166,6.38051,6.15299,5.94132,5.74392,5.55938,5.38643,5.18433,5.03387,4.85717,4.69258,4.53887,4.395,4.2337,4.10841,3.96728,3.83559,3.69245,3.57825,3.45348,3.33719,3.22852,3.12675,3.01795,2.91651,2.82171,2.72211,2.62935,2.54274,2.46168,2.37744,2.29881,2.2181,2.14289,2.07264,2.00687,1.93429,1.87186,1.80861,1.74952,1.69006,1.63453,1.57894,1.52703,1.4753,1.42405,1.37626,1.3316,1.28498,1.24376,1.20096,1.16101,1.12185,1.08357,1.04783,1.01291,0.97888,0.945795,0.91369,0.883707,0.853552,0.825401,0.797239
0.037329,34.023,32.5858,29.5099,28.2235,27.2376,26.6296,26.6157,27.1074,27.8117,28.6577,29.5833,31.3568,32.0792,32.2627,32.4007,31.7257,30.6106,29.4148,28.3494,27.6357,27.4104,27.6492,28.7856,29.3807,29.8086,29.9612,29.7494,28.3423,27.4628,25.9204,25.4749,25.2768,25.4646,25.6399,24.7873,23.5606,17.0374,12.4377,11.9696,11.5462,11.1582,10.7994,10.4659,10.0022,9.71956,9.32242,9.07858,8.7339,8.41546,8.21813,7.93681,7.6747,7.35014,7.12556,6.91452,6.65088,6.4671,6.23634,6.02167,5.82148,5.63433,5.45895,5.25405,5.10148,4.92234,4.75547,4.59964,4.45379,4.29029,4.16329,4.02023,3.88676,3.74168,3.62593,3.49949,3.38163,3.27149,3.16836,3.05811,2.95531,2.85924,2.75833,2.66433,2.57657,2.49445,2.40909,2.32942,2.24764,2.17145,2.10027,2.03365,1.96012,1.89687,1.83279,1.77293,1.71269,1.65644,1.60013,1.54754,1.49514,1.44323,1.39482,1.34957,1.30236,1.2606,1.21724,1.17679,1.13712,1.09834,1.06214,1.02678,0.99231,0.9588,0.926283,0.895915,0.865373,0.836861,0.808338
0.044794,34.1745,32.7067,29.6111,28.3238,27.3428,26.7454,26.7667,27.2753,27.9937,28.8514,29.7852,31.5641,32.2816,32.4579,32.5794,31.8935,30.7763,29.5868,28.5418,27.8654,27.6891,27.9709,29.1417,29.7335,30.1519,30.2927,30.0718,28.6774,27.8236,26.3957,26.0405,26.0441,26.3,26.5719,25.9685,25.2593,21.4907,16.5414,12.1791,11.7398,11.3397,10.9712,10.6297,10.1559,9.86744,9.46273,9.21435,8.86356,8.53966,8.33894,8.05299,7.78667,7.45706,7.22898,7.01467,6.74702,6.56042,6.32619,6.10829,5.90512,5.71518,5.53719,5.32927,5.17444,4.99268,4.82337,4.66527,4.5173,4.35144,4.22258,4.07747,3.94207,3.79492,3.67751,3.54926,3.42971,3.31801,3.21341,3.10159,2.99734,2.89991,2.79757,2.70225,2.61326,2.52997,2.44342,2.36263,2.27971,2.20244,2.13028,2.06272,1.98817,1.92403,1.85907,1.79837,1.7373,1.68026,1.62317,1.56986,1.51673,1.4641,1.41503,1.36915,1.32129,1.27896,1.235,1.19399,1.15377,1.11446,1.07777,1.04191,1.00698,0.973005,0.940043,0.909259,0.878299,0.849397,0.820484
0.053753,34.3269,32.828,29.7125,28.4243,27.4474,26.8614,26.917,27.4423,28.1747,29.0434,29.9853,31.7688,32.4813,32.6501,32.7558,32.0585,30.9393,29.7561,28.7315,28.0919,27.963,28.2846,29.4852,30.0732,30.4818,30.6108,30.3804,28.9967,28.1662,26.8416,26.5644,26.7212,27.018,27.3322,26.8214,26.2403,24.4009,18.0575,16.5799,11.9606,11.5447,11.164,10.8126,10.3267,10.0315,9.61803,9.36446,9.00674,8.67669,8.47219,8.18108,7.9101,7.57491,7.34297,7.12507,6.85301,6.66333,6.42528,6.20385,5.99739,5.80439,5.62354,5.41232,5.25501,5.07037,4.89839,4.7378,4.5875,4.41904,4.28816,4.14078,4.00328,3.85384,3.7346,3.60436,3.48297,3.36954,3.26332,3.14978,3.04393,2.945,2.84109,2.74431,2.65396,2.5694,2.48152,2.3995,2.31532,2.23688,2.16361,2.09502,2.01934,1.95423,1.88829,1.82667,1.76467,1.70677,1.64882,1.59471,1.54078,1.48735,1.43754,1.39097,1.34239,1.29942,1.2548,1.21317,1.17235,1.13246,1.09521,1.05882,1.02336,0.988877,0.955421,0.924176,0.892753,0.863419,0.834074
0.064504,34.4801,32.9498,29.8143,28.5246,27.5533,26.9776,27.068,27.6089,28.3549,29.2337,30.1836,31.9712,32.6782,32.8395,32.9288,32.2211,31.0998,29.9227,28.9185,28.3156,28.2322,28.5906,29.8171,30.4005,30.7992,30.9163,30.6765,29.3015,28.4924,27.2631,27.0548,27.3334,27.656,27.9891,27.5218,26.9987,25.5259,23.7385,18.2957,17.3054,16.8338,11.3879,11.0235,10.5225,10.2189,9.79489,9.53517,9.16931,8.83208,8.62322,8.32619,8.04988,7.70833,7.47203,7.25007,6.97303,6.77987,6.53751,6.3121,6.10194,5.9055,5.72143,5.50649,5.3464,5.15851,4.98352,4.82012,4.66719,4.4958,4.36265,4.21271,4.07282,3.92081,3.79951,3.66703,3.54355,3.42817,3.32012,3.20464,3.09697,2.99635,2.89066,2.79223,2.70033,2.61433,2.52496,2.44154,2.35593,2.27615,2.20164,2.13189,2.05492,1.98871,1.92165,1.85899,1.79594,1.73706,1.67813,1.6231,1.56826,1.51394,1.46328,1.41593,1.36653,1.32284,1.27747,1.23514,1.19363,1.15306,1.11519,1.07819,1.04213,1.00707,0.973052,0.941283,0.909333,0.879506,0.849669
0.077405,34.6343,33.0723,29.9159,28.6255,27.6582,27.093,27.2181,27.7749,28.534,29.4233,30.3798,32.1712,32.8725,33.0261,33.0995,32.3812,31.2576,30.0867,29.1029,28.5359,28.4965,28.8889,30.1378,30.7162,31.1047,31.21,30.9605,29.5928,28.8036,27.6632,27.5171,27.8951,28.2345,28.5739,28.1285,27.6381,26.3419,25.1243,24.1143,22.1249,18.2174,17.3479,16.4654,10.7555,10.4411,10.0035,9.73616,9.36023,9.01426,8.80018,8.49604,8.21342,7.86436,7.62295,7.39625,7.11338,6.91618,6.6688,6.43875,6.22429,6.02384,5.83603,5.61674,5.45342,5.26176,5.08326,4.91659,4.76061,4.5858,4.45,4.29709,4.15443,3.99941,3.8757,3.7406,3.61469,3.49703,3.38686,3.2691,3.15931,3.05671,2.94895,2.84859,2.75488,2.66719,2.57607,2.49102,2.40373,2.32239,2.24643,2.17531,2.09684,2.02934,1.96096,1.89708,1.8328,1.77277,1.71269,1.65659,1.60068,1.54529,1.49365,1.44538,1.39501,1.35047,1.30422,1.26107,1.21875,1.17739,1.13878,1.10106,1.0643,1.02856,0.993883,0.961496,0.928925,0.898519,0.868103
0.092886,34.7895,33.195,30.0182,28.7264,27.7641,27.2094,27.3683,27.9405,28.7125,29.6121,30.5752,32.3689,33.0644,33.2099,33.2677,32.5387,31.4132,30.2483,29.2848,28.7536,28.7564,29.1802,30.4484,31.0213,31.3995,31.4927,31.2334,29.872,29.1013,28.045,27.9556,28.4162,28.7663,29.1048,28.6699,28.2,27.0151,26.0529,25.5854,25.3958,24.8005,21.046,17.7571,16.3332,10.7185,10.2621,9.98438,9.59513,9.23781,9.01706,8.70391,8.41338,8.055,7.8073,7.57479,7.28479,7.08266,6.82916,6.59346,6.37376,6.16844,5.97609,5.75152,5.58427,5.38802,5.20525,5.03461,4.87492,4.69597,4.55694,4.4004,4.25437,4.09568,3.96905,3.83077,3.70188,3.58145,3.46868,3.34815,3.23578,3.13077,3.02047,2.91775,2.82184,2.73209,2.63883,2.55178,2.46243,2.37919,2.30143,2.22865,2.14834,2.07925,2.00926,1.94389,1.8781,1.81666,1.75517,1.69775,1.64053,1.58384,1.53099,1.48159,1.43004,1.38445,1.33711,1.29295,1.24964,1.20731,1.16779,1.12919,1.09157,1.05499,1.0195,0.986353,0.953018,0.921899,0.89077
0.11146,34.9455,33.3184,30.1209,28.8275,27.8695,27.3262,27.5184,28.1057,28.89,29.7993,30.7686,32.5643,33.2542,33.3916,33.4335,32.6941,31.5664,30.4075,29.4643,28.9684,29.0117,29.4645,30.7491,31.316,31.6838,31.765,31.4959,30.1395,29.3865,28.4099,28.3725,28.9024,29.259,29.5918,29.1606,28.7047,27.6002,26.8027,26.5748,26.6473,26.4686,25.6473,23.6539,17.881,17.3407,16.7685,10.3122,9.90334,9.5298,9.29974,8.97413,8.67289,8.30206,8.04607,7.80595,7.50663,7.29812,7.03667,6.79365,6.56718,6.35557,6.15736,5.92597,5.75367,5.55151,5.36325,5.18749,5.02301,4.83871,4.69553,4.53433,4.38394,4.22052,4.09013,3.94773,3.815,3.69099,3.57487,3.45075,3.33504,3.22691,3.11333,3.00755,2.90879,2.81637,2.72033,2.63069,2.53869,2.45296,2.3729,2.29794,2.21524,2.14409,2.07202,2.0047,1.93695,1.87368,1.81036,1.75122,1.6923,1.63392,1.57949,1.52861,1.47552,1.42857,1.37983,1.33434,1.28974,1.24615,1.20545,1.16569,1.12695,1.08928,1.05272,1.01859,0.984254,0.952205,0.920144
0.13376,35.1027,33.4429,30.2239,28.9296,27.9756,27.4427,27.6689,28.2706,29.0668,29.9854,30.9608,32.7574,33.4412,33.5703,33.5972,32.8476,31.7177,30.5647,29.6417,29.1807,29.2629,29.7424,31.041,31.6015,31.9587,32.0278,31.7489,30.3968,29.6604,28.7602,28.7707,29.3588,29.7187,30.0428,29.6109,29.165,28.124,27.4515,27.3765,27.5635,27.489,26.9014,25.9009,23.5165,19.1464,18.2377,17.8067,17.0121,9.955,9.70947,9.36366,9.04565,8.65581,8.38745,8.13612,7.82318,7.60545,7.33253,7.07898,6.84281,6.62222,6.41565,6.17452,5.99505,5.78446,5.58839,5.40536,5.2341,5.04218,4.89312,4.72528,4.56871,4.39857,4.26282,4.11457,3.9764,3.84729,3.7264,3.59718,3.47671,3.36413,3.24588,3.13574,3.03292,2.93669,2.83669,2.74336,2.64755,2.55829,2.47491,2.39686,2.31073,2.23664,2.16159,2.09148,2.02092,1.95503,1.88907,1.82749,1.76611,1.70531,1.64862,1.59562,1.54033,1.49143,1.44065,1.39327,1.34681,1.3014,1.259,1.21759,1.17723,1.13798,1.0999,1.06434,1.02858,0.995187,0.961786
0.16051,35.2612,33.568,30.3275,29.0318,28.0823,27.5603,27.819,28.4356,29.2435,30.1708,31.1518,32.9488,33.6263,33.7481,33.759,32.9992,31.867,30.72,29.8172,29.3906,29.5098,30.0142,31.3245,31.8782,32.2247,32.2818,31.993,30.6444,29.924,29.097,29.1517,29.7888,30.1495,30.4623,30.0268,29.5882,28.6003,28.0311,28.0692,28.3215,28.2887,27.7818,26.9839,25.8671,25.3318,23.6454,19.5505,18.476,17.8076,17.5391,17.1161,9.71067,9.28074,8.98762,8.71457,8.37595,8.14132,7.84749,7.57498,7.32149,7.08497,6.86367,6.60539,6.41339,6.18808,5.97839,5.78273,5.5997,5.39457,5.23535,5.05602,4.88876,4.70697,4.56199,4.40361,4.25601,4.11811,3.98898,3.85093,3.72222,3.60195,3.47559,3.35791,3.24803,3.14521,3.03834,2.93858,2.83618,2.74076,2.65164,2.5682,2.47611,2.3969,2.31665,2.24168,2.16622,2.09576,2.02522,1.95935,1.8937,1.82866,1.76801,1.71132,1.65216,1.59984,1.54551,1.49482,1.4451,1.39651,1.35114,1.30682,1.26363,1.22163,1.18087,1.14281,1.10452,1.06878,1.03303
0.19261,35.4208,33.6942,30.4318,29.1343,28.1901,27.6782,27.9696,28.6005,29.4193,30.3552,31.3414,33.1394,33.8095,33.9232,33.9188,33.1488,32.0145,30.8733,29.9906,29.5977,29.7529,30.2797,31.5999,32.1466,32.4824,32.5274,32.2287,30.8829,30.1777,29.4211,29.5163,30.1947,30.5544,30.8542,30.4128,29.9795,29.0372,28.5581,28.6857,28.9792,28.9649,28.4968,27.7931,26.9995,26.8307,26.51,25.9066,23.0876,19.4024,19.0648,18.6334,18.1787,17.5637,17.1756,10.3732,9.95972,9.67659,9.32251,8.99568,8.69292,8.41106,8.14801,7.84087,7.61341,7.34627,7.09799,6.86653,6.65008,6.40736,6.21941,6.00743,5.80978,5.59477,5.42356,5.23631,5.06183,4.89882,4.74618,4.58284,4.43056,4.28817,4.13854,3.99918,3.86906,3.74727,3.6206,3.50235,3.38088,3.26769,3.16196,3.06296,2.95359,2.85953,2.7642,2.67513,2.58544,2.50167,2.41779,2.33945,2.26135,2.18394,2.11176,2.04428,1.97382,1.91152,1.8468,1.7864,1.72715,1.66923,1.61515,1.56231,1.5108,1.46071,1.41209,1.36668,1.321,1.27835,1.23567
0.20162,35.4611,33.7259,30.4579,29.1605,28.2171,27.7076,28.0079,28.6413,29.4633,30.4013,31.389,33.187,33.8556,33.9669,33.9587,33.1863,32.0512,30.9115,30.034,29.6492,29.8134,30.3457,31.6678,32.2127,32.5458,32.5878,32.2866,30.9414,30.2401,29.5009,29.6058,30.2933,30.6524,30.9486,30.5053,30.0732,29.1417,28.6835,28.8308,29.1321,29.1203,28.6588,27.972,27.2314,27.107,26.8643,26.3646,24.7081,19.8921,19.4738,18.9969,18.5237,17.9281,17.6079,10.8558,10.4284,10.1356,9.76914,9.43021,9.1157,8.82265,8.54879,8.22858,7.99149,7.71256,7.45314,7.21118,6.98491,6.73086,6.53412,6.31208,6.105,5.8796,5.70013,5.50376,5.32074,5.14972,4.98958,4.81813,4.65828,4.50889,4.35177,4.20542,4.06876,3.94085,3.80778,3.68355,3.55593,3.437,3.32589,3.22185,3.1069,3.00804,2.90784,2.81421,2.71992,2.63186,2.54367,2.4613,2.37918,2.29778,2.22187,2.15091,2.07682,2.0113,1.94322,1.8797,1.81739,1.75646,1.69958,1.64399,1.5898,1.53711,1.48596,1.43819,1.39013,1.34526,1.30036
0.21995,35.5379,33.7866,30.508,29.2097,28.2684,27.7643,28.08,28.7203,29.5469,30.4891,31.4792,33.277,33.9423,34.0496,34.0342,33.257,32.1209,30.9839,30.116,29.7473,29.9277,30.47,31.7959,32.3373,32.6651,32.7015,32.3956,31.0515,30.3572,29.6499,29.7733,30.4771,30.8349,31.1242,30.6773,30.247,29.3347,28.915,29.0975,29.4114,29.4029,28.9515,28.2927,27.6379,27.5796,27.4351,27.042,25.9585,24.1688,20.4397,19.7217,19.1705,18.5592,18.2621,11.5389,11.0904,10.783,10.3971,10.0398,9.70777,9.39806,9.10824,8.76899,8.51759,8.2216,7.94611,7.68902,7.44848,7.17826,6.96894,6.7326,6.51212,6.27208,6.0809,5.87168,5.67665,5.49438,5.32367,5.14091,4.97049,4.81119,4.64365,4.48758,4.34183,4.20541,4.06348,3.93097,3.79484,3.66797,3.54944,3.43846,3.31583,3.21037,3.10347,3.00358,2.90299,2.80904,2.71495,2.62707,2.53946,2.45262,2.37163,2.29592,2.21686,2.14696,2.07433,2.00655,1.94007,1.87506,1.81437,1.75506,1.69725,1.64102,1.58645,1.53548,1.4842,1.43633,1.38842
0.24376,35.6291,33.8585,30.5676,29.2684,28.3293,27.831,28.165,28.8132,29.6465,30.5927,31.5854,33.3828,34.0443,34.1469,34.123,33.3402,32.2027,31.069,30.2125,29.8628,30.0615,30.6153,31.9451,32.4823,32.804,32.8336,32.5221,31.1792,30.4931,29.8242,29.9672,30.6885,31.0444,31.3251,30.8735,30.4449,29.5542,29.1775,29.3976,29.7234,29.7165,29.2742,28.6431,28.0724,28.073,28.0002,27.6692,26.8306,26.0104,25.4519,21.0068,19.9968,19.2811,18.9666,12.1371,11.6678,11.3456,10.941,10.5662,10.2176,9.89229,9.58776,9.23123,8.96685,8.65556,8.36576,8.09523,7.84206,7.55767,7.33728,7.08848,6.85634,6.60362,6.4023,6.18199,5.97662,5.78468,5.60492,5.41247,5.23301,5.06527,4.88886,4.72452,4.57106,4.42741,4.27798,4.13846,3.99514,3.86157,3.73679,3.61996,3.49087,3.37986,3.26733,3.16218,3.05631,2.95742,2.8584,2.76591,2.67369,2.5823,2.49707,2.4174,2.33421,2.26065,2.18422,2.1129,2.04294,1.97455,1.91069,1.84828,1.78745,1.7283,1.67088,1.61726,1.56331,1.51294,1.46254
0.27553,35.7385,33.9449,30.6389,29.3381,28.4026,27.9112,28.2671,28.9235,29.7641,30.7156,31.7118,33.5084,34.1652,34.2622,34.2282,33.4388,32.2997,31.1698,30.3267,29.9993,30.2194,30.7864,32.1202,32.6523,32.9668,32.9883,32.6703,31.3285,30.652,30.027,30.193,30.9328,31.286,31.5563,31.0984,30.6716,29.8048,29.4766,29.7368,30.073,30.0655,29.6309,29.0275,28.5416,28.5963,28.5781,28.287,27.5834,27.0699,26.874,26.3512,24.9914,20.2687,19.8478,19.5133,12.227,11.8891,11.4651,11.0724,10.7072,10.3663,10.0471,9.67349,9.39628,9.06999,8.76616,8.48253,8.21709,7.91899,7.68788,7.42706,7.18369,6.91879,6.70772,6.4768,6.26153,6.06035,5.87192,5.67023,5.48216,5.30637,5.12152,4.94933,4.78853,4.63802,4.48147,4.33531,4.18518,4.04527,3.91456,3.79219,3.657,3.54073,3.42289,3.31278,3.20191,3.09837,2.99468,2.89784,2.8013,2.70562,2.61639,2.53299,2.4459,2.3689,2.2889,2.21424,2.14102,2.06944,2.0026,1.93729,1.87363,1.81172,1.75163,1.69552,1.63906,1.58636,1.53362
0.29384,35.7962,33.9905,30.6763,29.3755,28.4411,27.9536,28.3203,28.9821,29.8257,30.7807,31.778,33.5742,34.2285,34.3226,34.2832,33.4903,32.3504,31.2226,30.3867,30.0704,30.3025,30.8753,32.211,32.7405,33.051,33.0684,32.747,31.4057,30.7342,30.132,30.3095,31.0581,31.4096,31.6742,31.2128,30.7868,29.932,29.6281,29.9075,30.2477,30.239,29.8073,29.2167,28.7706,28.849,28.8515,28.5738,27.9159,27.4871,27.3626,27.0079,26.2081,22.9246,20.41,19.9955,19.4887,12.1465,11.713,11.3116,10.9383,10.5899,10.2637,9.88191,9.59858,9.26515,8.9547,8.66485,8.39359,8.08897,7.8528,7.58629,7.33763,7.067,6.85134,6.61543,6.39551,6.18997,5.99747,5.79144,5.59933,5.41976,5.23095,5.05507,4.89083,4.7371,4.57722,4.42795,4.27462,4.13174,3.99826,3.87329,3.73524,3.61651,3.49618,3.38375,3.27055,3.16483,3.05896,2.96009,2.86152,2.76384,2.67274,2.58758,2.49868,2.42007,2.3384,2.26219,2.18744,2.11436,2.04613,1.97946,1.91448,1.85129,1.78995,1.73267,1.67505,1.62125,1.56742
0.3126,35.8519,34.0344,30.7127,29.4111,28.4782,27.9944,28.372,29.0387,29.8855,30.8427,31.8416,33.6373,34.2892,34.3804,34.336,33.5396,32.399,31.2731,30.4441,30.1392,30.3816,30.9605,32.2977,32.8245,33.1313,33.1447,32.8201,31.4792,30.8123,30.2318,30.4202,31.1764,31.5265,31.7854,31.3207,30.8952,30.0517,29.7705,30.0671,30.4105,30.4002,29.9706,29.3913,28.9811,29.0799,29.0985,28.8309,28.2082,27.8415,27.7625,27.4943,26.889,25.6628,23.2275,20.5518,19.944,19.6484,11.9423,11.5326,11.1518,10.7964,10.4636,10.0743,9.78528,9.44524,9.12862,8.83303,8.5564,8.24581,8.00496,7.73322,7.47967,7.20375,6.98386,6.74332,6.51911,6.30957,6.11332,5.9033,5.70746,5.52442,5.33196,5.15269,4.98528,4.82859,4.66563,4.5135,4.35724,4.21163,4.0756,3.94823,3.80756,3.68657,3.56395,3.44938,3.33403,3.2263,3.11843,3.01769,2.91725,2.81773,2.72491,2.63815,2.54757,2.46748,2.38428,2.30663,2.23048,2.15604,2.08653,2.01861,1.95241,1.88803,1.82555,1.7672,1.7085,1.65369,1.59886
0.3412,35.9311,34.0969,30.7641,29.462,28.5309,28.0518,28.446,29.1178,29.9696,30.9304,31.9314,33.7262,34.3748,34.4619,34.4105,33.6095,32.4676,31.3444,30.5252,30.2357,30.4922,31.0799,32.4191,32.9421,33.2437,33.2514,32.9219,31.5818,30.9217,30.3714,30.5741,31.3407,31.6882,31.9394,31.4696,31.0449,30.2164,29.9664,30.2855,30.6323,30.619,30.1915,29.627,29.264,29.3883,29.4251,29.1682,28.5858,28.2881,28.2545,28.0581,27.5803,26.8555,26.3285,25.287,20.7469,20.344,19.9538,11.839,11.4476,11.0824,10.7405,10.3406,10.0438,9.69454,9.36939,9.06585,8.78178,8.46289,8.21558,7.9366,7.6763,7.39308,7.16734,6.92046,6.69032,6.47525,6.27383,6.05829,5.85731,5.66947,5.47198,5.28803,5.11625,4.95547,4.78828,4.63219,4.47188,4.32249,4.18294,4.05228,3.90797,3.78386,3.65808,3.54056,3.42225,3.31175,3.20111,3.09778,2.99478,2.8927,2.79752,2.70854,2.61565,2.53351,2.44818,2.36856,2.29047,2.21413,2.14286,2.07321,2.00533,1.93932,1.87525,1.81542,1.75523,1.69904,1.64282
0.36015,35.9803,34.1357,30.7961,29.4932,28.5632,28.088,28.491,29.1665,30.0218,30.9848,31.9869,33.7812,34.4276,34.5123,34.4564,33.6524,32.5098,31.3884,30.575,30.2947,30.5612,31.1532,32.4934,33.0142,33.3126,33.3167,32.9844,31.6446,30.9883,30.4568,30.6687,31.4411,31.7866,32.0327,31.5598,31.1354,30.3163,30.0847,30.417,30.7651,30.7496,30.3229,29.7667,29.431,29.5695,29.6151,29.3633,28.8019,28.5401,28.5278,28.3611,27.9276,27.3364,26.9995,26.462,24.362,20.8969,20.4075,20.012,11.6314,11.2601,10.9125,10.506,10.2043,9.84935,9.51891,9.21042,8.92174,8.59771,8.3464,8.06293,7.79846,7.5107,7.28135,7.03053,6.79672,6.57823,6.3736,6.15464,5.95048,5.75967,5.55907,5.37222,5.19773,5.03443,4.8646,4.70606,4.54324,4.39152,4.24978,4.11708,3.97053,3.84448,3.71674,3.59739,3.47725,3.36503,3.25267,3.14774,3.04314,2.93949,2.84283,2.75248,2.65815,2.57475,2.4881,2.40726,2.32797,2.25045,2.17808,2.10736,2.03844,1.97141,1.90636,1.84561,1.7845,1.72745,1.67037
0.38201,36.0339,34.1781,30.8309,29.5275,28.599,28.1265,28.541,29.2208,30.0784,31.0436,32.0473,33.8409,34.485,34.5669,34.5062,33.6991,32.5556,31.4359,30.6293,30.3598,30.6352,31.232,32.5739,33.0921,33.3869,33.3872,33.0517,31.7124,31.0607,30.549,30.7702,31.5485,31.8923,32.1327,31.6562,31.2322,30.4228,30.211,30.557,30.9059,30.8876,30.4614,29.9137,29.6064,29.759,29.8126,29.5652,29.0242,28.7969,28.8042,28.6621,28.2632,27.7651,27.536,27.1794,26.3008,25.1529,21.0208,20.518,20.1554,11.458,11.104,10.6902,10.383,10.0217,9.68538,9.3714,9.07759,8.74784,8.49208,8.20363,7.93451,7.64173,7.40835,7.15316,6.91529,6.69299,6.4848,6.26205,6.05436,5.86024,5.65618,5.46611,5.28862,5.1225,4.94976,4.7885,4.62289,4.46856,4.3244,4.18943,4.04037,3.91217,3.78226,3.66087,3.53868,3.42455,3.31029,3.20357,3.0972,2.99179,2.89349,2.80161,2.70569,2.62087,2.53276,2.45055,2.36992,2.29109,2.2175,2.14559,2.0755,2.00735,1.9412,1.87943,1.81729,1.75928,1.70124
0.40573,36.0891,34.2216,30.8668,29.5628,28.636,28.1674,28.5913,29.2752,30.1371,31.1044,32.109,33.9019,34.5436,34.6227,34.5572,33.7469,32.6025,31.4849,30.6847,30.4259,30.711,31.3135,32.6557,33.1712,33.4624,33.4588,33.1202,31.7812,31.134,30.6426,30.873,31.657,31.9987,32.2335,31.7533,31.3295,30.5299,30.3381,30.6967,31.0464,31.025,30.599,30.0595,29.7797,29.9455,30.0056,29.7618,29.2395,29.0439,29.0682,28.946,28.5738,28.1433,27.9797,27.7133,27.1035,26.6076,25.5198,21.1772,20.7027,20.382,11.3093,10.8876,10.5745,10.2064,9.86377,9.54392,9.24462,8.90876,8.64825,8.35447,8.08039,7.78223,7.54456,7.2847,7.04247,6.81611,6.60412,6.37732,6.16584,5.9682,5.76044,5.56692,5.38621,5.21708,5.04122,4.87705,4.70845,4.55134,4.40458,4.26718,4.11545,3.98494,3.85269,3.72913,3.60474,3.48857,3.37226,3.26363,3.15536,3.04806,2.94801,2.85448,2.75684,2.67051,2.58083,2.49715,2.41508,2.33486,2.25995,2.18676,2.11542,2.04606,1.97874,1.91587,1.85263,1.79358,1.73451
0.42798,36.1382,34.2603,30.8987,29.5936,28.6687,28.2033,28.6363,29.324,30.1885,31.1579,32.1638,33.9559,34.5955,34.672,34.6023,33.7891,32.644,31.5281,30.7333,30.4842,30.7772,31.3848,32.7277,33.2408,33.5289,33.5218,33.1804,31.8415,31.1983,30.7248,30.9633,31.7518,32.0917,32.3214,31.838,31.4144,30.6232,30.4485,30.818,31.1678,31.1435,30.7174,30.1846,29.9283,30.1047,30.1693,29.9279,29.4206,29.2506,29.2881,29.1801,28.8266,28.4431,28.3198,28.0986,27.6061,27.2712,26.7334,25.6676,21.3296,20.9018,20.5713,11.0745,10.7558,10.3813,10.0327,9.70724,9.40276,9.06112,8.79612,8.49731,8.21854,7.9153,7.67359,7.40931,7.16297,6.93277,6.71719,6.48656,6.27152,6.07054,5.85928,5.66251,5.47876,5.30679,5.12798,4.96105,4.78963,4.62989,4.48067,4.34097,4.1867,4.05401,3.91955,3.79393,3.66746,3.54935,3.4311,3.32066,3.21058,3.1015,2.99978,2.90469,2.80543,2.71766,2.6265,2.54142,2.45799,2.37643,2.30028,2.22587,2.15336,2.08284,2.0144,1.95049,1.8862,1.82617,1.76612
0.44742,36.1791,34.2925,30.9252,29.6203,28.6958,28.2323,28.6739,29.3648,30.231,31.2025,32.2092,34.0007,34.6385,34.713,34.6397,33.8241,32.6783,31.5635,30.774,30.5325,30.833,31.4433,32.7872,33.2984,33.5837,33.5738,33.2301,31.8914,31.2514,30.7926,31.0375,31.8298,32.1682,32.3936,31.9073,31.4839,30.6996,30.539,30.917,31.2666,31.2398,30.8135,30.286,30.0483,30.2329,30.3006,30.0607,29.5648,29.4149,29.462,29.3639,29.0232,28.6728,28.576,28.3813,27.9484,27.6876,27.309,26.6942,25.6579,21.4596,21.028,20.6282,10.9191,10.5387,10.1846,9.85423,9.54509,9.19824,8.92922,8.62588,8.34291,8.03508,7.78973,7.52149,7.27146,7.03782,6.81902,6.58495,6.3667,6.16273,5.94833,5.74863,5.56216,5.38763,5.20616,5.03676,4.86279,4.70069,4.54926,4.40748,4.25093,4.11628,3.97985,3.85236,3.72403,3.60417,3.48417,3.3721,3.26039,3.1497,3.04647,2.94998,2.84926,2.76019,2.66768,2.58135,2.49669,2.41392,2.33665,2.26115,2.18756,2.116,2.04656,1.9817,1.91646,1.85555,1.79461
0.46763,36.22,34.3248,30.9517,29.6464,28.7229,28.2628,28.7111,29.4048,30.2742,31.2468,32.2544,34.0453,34.6813,34.7536,34.6769,33.8588,32.7124,31.5994,30.8149,30.5803,30.888,31.5022,32.8461,33.3554,33.6381,33.6253,33.2792,31.9408,31.3042,30.8599,31.1112,31.9067,32.2432,32.4646,31.9756,31.5523,30.7749,30.628,31.0145,31.3634,31.3339,30.9071,30.3848,30.165,30.3573,30.4272,30.1885,29.7032,29.572,29.6278,29.5379,29.2086,28.8871,28.8123,28.6381,28.2473,28.0336,27.7468,27.2928,26.7311,25.8956,21.6149,21.0993,20.8284,10.7115,10.3515,10.0156,9.70131,9.34875,9.07531,8.76702,8.47943,8.16663,7.9173,7.64471,7.39064,7.15323,6.93091,6.69306,6.4713,6.26405,6.0462,5.84329,5.65382,5.47649,5.29211,5.11999,4.94323,4.77853,4.62467,4.48062,4.32156,4.18475,4.04612,3.91659,3.7862,3.66442,3.5425,3.42863,3.31513,3.20267,3.09779,2.99975,2.89742,2.80692,2.71293,2.62522,2.5392,2.45511,2.37659,2.29988,2.22511,2.15241,2.08185,2.01596,1.94967,1.88779,1.82588
0.49149,36.2662,34.3613,30.9816,29.676,28.7536,28.2961,28.7542,29.4503,30.322,31.2965,32.3054,34.0955,34.7295,34.7996,34.7188,33.8981,32.751,31.6395,30.8604,30.6348,30.9502,31.5678,32.912,33.4193,33.699,33.6831,33.3343,31.9962,31.3628,30.9347,31.1933,31.9925,32.3275,32.5438,32.0516,31.6284,30.8586,30.7269,31.1222,31.4705,31.4379,31.0103,30.4937,30.2934,30.4936,30.5654,30.3276,29.8533,29.7418,29.8066,29.7246,29.4061,29.1137,29.0599,28.9038,28.5492,28.3733,28.1504,27.7958,27.4078,26.985,26.3235,24.4233,21.4178,21.0375,10.5675,10.2244,9.90353,9.54355,9.2644,8.94969,8.65614,8.33686,8.0824,7.8042,7.54491,7.30263,7.07575,6.83303,6.60673,6.39524,6.17293,5.96587,5.77254,5.59159,5.40344,5.2278,5.04743,4.87936,4.72236,4.57537,4.41305,4.27344,4.13198,3.9998,3.86674,3.74247,3.61805,3.50186,3.38603,3.27127,3.16424,3.06419,2.95976,2.86741,2.77149,2.68198,2.5942,2.50838,2.42826,2.34997,2.27367,2.19948,2.12747,2.06022,1.99258,1.92943,1.86624
0.50931,36.2994,34.3874,31.0032,29.6966,28.7756,28.3202,28.784,29.483,30.3563,31.3325,32.3419,34.1315,34.764,34.8324,34.7487,33.926,32.7786,31.6681,30.8926,30.6734,30.9939,31.6148,32.9593,33.4648,33.7423,33.7241,33.3735,32.0355,31.4049,30.9888,31.252,32.0534,32.387,32.5999,32.1054,31.6823,30.9178,30.7968,31.1982,31.5459,31.5109,31.0829,30.5699,30.3833,30.5888,30.6616,30.424,29.9571,29.859,29.9294,29.8523,29.5406,29.2673,29.2266,29.081,28.7476,28.5927,28.4019,28.0917,27.7751,27.4582,27.0228,26.1953,24.82,21.4834,21.1442,10.4012,10.0746,9.70833,9.42435,9.10419,8.80559,8.48084,8.22203,7.93909,7.67539,7.42899,7.19827,6.95143,6.7213,6.50623,6.28016,6.0696,5.87298,5.68897,5.49764,5.31903,5.1356,4.96468,4.80502,4.65554,4.49047,4.34849,4.20462,4.07019,3.93488,3.80849,3.68196,3.56378,3.44599,3.32927,3.22041,3.11866,3.01245,2.91853,2.82097,2.72993,2.64065,2.55337,2.47187,2.39225,2.31464,2.23918,2.16594,2.09754,2.02873,1.96449,1.90022
0.53213,36.3403,34.4197,31.0298,29.7228,28.8027,28.3501,28.8207,29.5237,30.3995,31.3763,32.3867,34.1756,34.8063,34.8726,34.7855,33.9605,32.8124,31.7033,30.933,30.7211,31.048,31.6722,33.0169,33.5205,33.7954,33.7744,33.4215,32.0836,31.4562,31.0543,31.323,32.1276,32.4596,32.6682,32.1709,31.7478,30.9898,30.882,31.2904,31.6372,31.5993,31.1706,30.6621,30.4918,30.7031,30.7768,30.5394,30.081,29.9984,30.0753,30.0031,29.6991,29.447,29.4209,29.2864,28.975,28.842,28.682,28.4098,28.1519,27.914,27.5929,27.1105,26.6357,25.3139,21.733,21.3916,10.3368,9.96077,9.66933,9.34079,9.03443,8.70125,8.43579,8.14558,7.87513,7.62244,7.38584,7.13271,6.89671,6.67616,6.44433,6.22841,6.02679,5.8381,5.64189,5.45872,5.27062,5.09533,4.93159,4.77829,4.609,4.46339,4.31583,4.17796,4.03917,3.90954,3.77976,3.65854,3.53772,3.41798,3.30633,3.20195,3.093,2.99665,2.89657,2.80318,2.71159,2.62204,2.53844,2.45675,2.37713,2.29971,2.22457,2.15439,2.0838,2.0179,1.95196
0.55296,36.3766,34.4482,31.0533,29.7458,28.8265,28.3757,28.8543,29.5585,30.436,31.415,32.4262,34.2143,34.8435,34.908,34.8178,33.9908,32.842,31.7342,30.9683,30.7627,31.0953,31.7224,33.0674,33.5692,33.8418,33.8184,33.4634,32.1257,31.5011,31.1116,31.3853,32.1923,32.5228,32.7277,32.2279,31.8048,31.0525,30.9559,31.3703,31.7162,31.6756,31.2462,30.7416,30.585,30.8017,30.8754,30.638,30.1865,30.1169,30.1989,30.1303,29.832,29.5975,29.5826,29.4565,29.1617,29.0451,28.9071,28.6597,28.4373,28.2446,27.9842,27.6168,27.3148,26.7737,25.7887,21.9578,21.618,10.2681,9.96749,9.6286,9.31269,8.96917,8.6956,8.39651,8.11783,7.85748,7.61373,7.35294,7.10982,6.88264,6.6438,6.42137,6.21368,6.01931,5.81716,5.62847,5.43467,5.25408,5.08539,4.92745,4.753,4.60297,4.45092,4.30886,4.16583,4.03225,3.89849,3.77357,3.64904,3.52564,3.41056,3.30298,3.19067,3.09136,2.98819,2.89192,2.7975,2.70519,2.619,2.53478,2.4527,2.37287,2.2954,2.22305,2.15026,2.08231,2.01432
0.57276,36.4094,34.4743,31.0746,29.7668,28.8485,28.4003,28.8836,29.5907,30.4701,31.4508,32.4621,34.2497,34.8775,34.9401,34.8474,34.0184,32.8691,31.7625,31.0006,30.8004,31.1386,31.7682,33.1135,33.6136,33.8841,33.8584,33.5016,32.164,31.5423,31.1638,31.4426,32.2511,32.5802,32.7817,32.2795,31.8564,31.1093,31.0229,31.4426,31.7875,31.7445,31.3144,30.8131,30.6691,30.8901,30.9637,30.7261,30.2806,30.222,30.3086,30.2427,29.9491,29.7294,29.724,29.6044,29.3231,29.2199,29.099,28.8701,28.6728,28.5094,28.2865,27.9877,27.7547,27.3771,26.9271,26.2323,25.0008,21.7744,10.3832,10.0297,9.70039,9.34238,9.05747,8.74597,8.45582,8.18482,7.93113,7.65968,7.40666,7.17024,6.92167,6.69017,6.47405,6.27178,6.0614,5.86502,5.66329,5.47531,5.29972,5.13531,4.95368,4.79748,4.63917,4.49124,4.3423,4.20319,4.06389,3.93378,3.80407,3.67552,3.55564,3.44357,3.32656,3.22309,3.11559,3.01528,2.91689,2.82069,2.73087,2.6431,2.55755,2.47435,2.3936,2.31818,2.24231,2.17147,2.10059
0.59143,36.4397,34.4981,31.0942,29.7864,28.8684,28.422,28.9112,29.6209,30.5013,31.483,32.4951,34.282,34.9084,34.9697,34.8742,34.0435,32.8938,31.788,31.0298,30.8356,31.1781,31.81,33.1552,33.6539,33.9225,33.8948,33.5362,32.1987,31.5794,31.211,31.494,32.3041,32.6321,32.8303,32.3262,31.9031,31.1606,31.0835,31.5077,31.8517,31.8065,31.3756,30.8774,30.7444,30.9691,31.0425,30.8046,30.3643,30.3159,30.4057,30.3419,30.052,29.8451,29.8475,29.7331,29.463,29.3709,29.2635,29.0489,28.8708,28.7282,28.5296,28.2755,28.0856,27.7797,27.4592,27.0672,26.5093,25.26,21.9919,10.5262,10.1813,9.80617,9.5078,9.18144,8.87745,8.59353,8.32774,8.04323,7.77803,7.53023,7.26962,7.02692,6.80032,6.58824,6.36759,6.16162,5.94997,5.75276,5.56854,5.39604,5.2054,5.04148,4.8753,4.72002,4.56365,4.41759,4.27131,4.13468,3.99845,3.86343,3.7375,3.61978,3.49685,3.38815,3.2752,3.16979,3.0664,2.9653,2.87091,2.77866,2.68874,2.60128,2.51639,2.43711,2.35734,2.28287,2.20835
0.61186,36.4718,34.5237,31.115,29.8065,28.8898,28.4448,28.9401,29.6518,30.5347,31.5171,32.5299,34.3162,34.9412,35.0008,34.9028,34.0703,32.92,31.8153,31.0609,30.8715,31.2199,31.8541,33.1995,33.6966,33.9631,33.9333,33.5729,32.2356,31.6184,31.2612,31.5484,32.3603,32.6868,32.8818,32.3753,31.9522,31.2147,31.1472,31.5763,31.9192,31.8715,31.4398,30.9447,30.8233,31.0518,31.1247,30.8863,30.4513,30.4129,30.5064,30.4442,30.1579,29.9636,29.9737,29.8641,29.6048,29.5233,29.4288,29.2273,29.0669,28.9426,28.7638,28.5444,28.3875,28.1347,27.8821,27.6017,27.2779,26.7456,25.8911,22.2312,10.6403,10.2495,9.93867,9.59846,9.28146,8.98531,8.70802,8.41111,8.13429,7.8756,7.60345,7.34998,7.1133,6.89176,6.66123,6.44601,6.22484,6.01872,5.82616,5.64585,5.44655,5.27517,5.10141,4.93905,4.77552,4.62278,4.46979,4.32689,4.1844,4.04316,3.91142,3.78827,3.65966,3.54594,3.42776,3.31747,3.20929,3.1035,3.00473,2.90819,2.81409,2.72256,2.63372,2.55075,2.46726,2.38931,2.31131
0.63099,36.501,34.5466,31.1339,29.8253,28.9084,28.4659,28.9674,29.6806,30.5647,31.548,32.5615,34.3471,34.9708,35.029,34.9285,34.0944,32.9437,31.8398,31.089,30.9056,31.2575,31.8939,33.2388,33.735,33.9997,33.9678,33.6059,32.2687,31.654,31.3064,31.5972,32.4107,32.736,32.9279,32.4194,31.9964,31.2632,31.2044,31.6375,31.9794,31.9295,31.4971,31.0048,30.8936,31.1253,31.1976,30.9586,30.5282,30.4986,30.5949,30.5341,30.2506,30.0671,30.0833,29.9775,29.727,29.6546,29.5704,29.3793,29.233,29.1229,28.9587,28.7634,28.6281,28.4107,28.2016,27.972,27.7264,27.3882,27.0409,26.3707,10.9735,10.571,10.2508,9.90027,9.57364,9.26844,8.98266,8.6766,8.39124,8.12453,7.84394,7.58258,7.33852,7.11007,6.87233,6.65037,6.42226,6.20968,6.01107,5.82509,5.61952,5.44274,5.26351,5.09602,4.92734,4.76977,4.61196,4.46454,4.31755,4.17184,4.03594,3.9089,3.77621,3.65889,3.53697,3.42319,3.31157,3.20243,3.10053,3.00093,2.90384,2.80941,2.71776,2.63215,2.54601,2.46559,2.38511
0.64558,36.5228,34.5638,31.1482,29.8391,28.923,28.4819,28.9865,29.7017,30.5863,31.5714,32.5851,34.3703,34.9929,35.0503,34.9478,34.1124,32.9614,31.8585,31.11,30.9298,31.2856,31.9237,33.269,33.7636,34.027,33.9937,33.6306,32.2934,31.6804,31.3398,31.6337,32.4481,32.7725,32.9622,32.4522,32.0293,31.2993,31.2469,31.6831,32.0241,31.9726,31.5395,31.0493,30.9456,31.1797,31.2513,31.012,30.5848,30.5616,30.6599,30.5998,30.3182,30.1425,30.1629,30.0595,29.8152,29.749,29.6718,29.4878,29.3512,29.2505,29.0958,28.916,28.7933,28.5958,28.4124,28.2119,27.9997,27.7247,27.4748,27.1011,11.1925,10.7822,10.4557,10.0983,9.76526,9.45404,9.16261,8.85048,8.55945,8.28745,8.00127,7.7347,7.48578,7.25277,7.01028,6.78388,6.55122,6.33438,6.1318,5.94211,5.73242,5.55211,5.36929,5.19846,5.0264,4.86568,4.70471,4.55435,4.40441,4.25579,4.11717,3.98759,3.85225,3.73258,3.60822,3.49217,3.37832,3.267,3.16306,3.06147,2.96244,2.86612,2.77264,2.68531,2.59746,2.51543,2.43334
0.66464,36.5505,34.5855,31.1658,29.8569,28.9415,28.5023,29.0113,29.7289,30.6153,31.6007,32.6149,34.3995,35.021,35.0768,34.9721,34.1352,32.9837,31.8816,31.1365,30.9618,31.3211,31.961,33.3065,33.7997,34.0613,34.0261,33.6616,32.3245,31.7136,31.3823,31.6796,32.4952,32.8185,33.0052,32.4934,32.0704,31.3445,31.3003,31.7401,32.0801,32.0264,31.5926,31.1049,31.0106,31.2475,31.3183,31.0784,30.6552,30.6397,30.7405,30.6811,30.4017,30.2351,30.2606,30.16,29.9227,29.8639,29.7949,29.6189,29.4935,29.4035,29.2596,29.0969,28.9877,28.8103,28.6519,28.481,28.3027,28.0748,27.8838,27.6267,11.4484,11.0288,10.6949,10.3294,9.98874,9.67043,9.37234,9.0531,8.75542,8.4772,8.18449,7.91183,7.65721,7.41887,7.17084,6.93926,6.70128,6.47949,6.27228,6.07825,5.86377,5.67934,5.49235,5.31762,5.14164,4.97726,4.81261,4.65882,4.50547,4.35346,4.21169,4.07915,3.94073,3.81834,3.69115,3.57246,3.45602,3.34217,3.23586,3.13196,3.03068,2.93218,2.83657,2.74726,2.65741,2.57352,2.48956
0.67958,36.5717,34.6027,31.1796,29.8705,28.955,28.5175,29.0312,29.7496,30.6366,31.6227,32.6376,34.4218,35.0425,35.0973,34.9908,34.1527,33.0009,31.8996,31.1568,30.9857,31.3485,31.9898,33.3351,33.8273,34.0876,34.0511,33.6853,32.3482,31.739,31.4148,31.7146,32.5312,32.8536,33.0381,32.5249,32.1018,31.3792,31.3408,31.7835,32.1227,32.0673,31.6329,31.1471,31.06,31.2989,31.369,31.1285,30.7084,30.6987,30.8012,30.7421,30.4642,30.3043,30.3335,30.2346,30.0024,29.9488,29.8855,29.7151,29.5976,29.5152,29.3785,29.2278,29.1275,28.9629,28.8197,28.666,28.5089,28.3095,28.1432,27.9332,11.6364,11.2099,10.8705,10.499,10.1528,9.82922,9.52623,9.20175,8.89918,8.61639,8.31887,8.04173,7.78293,7.54067,7.28857,7.0532,6.81131,6.58589,6.37529,6.17808,5.96009,5.77264,5.58259,5.405,5.22615,5.05908,4.89175,4.73544,4.57959,4.4251,4.28102,4.14632,4.00565,3.88126,3.752,3.63137,3.51304,3.39734,3.2893,3.18372,3.08079,2.98068,2.88352,2.79276,2.70145,2.61619,2.53088
0.69347,36.591,34.6175,31.1921,29.8826,28.9687,28.5318,29.0478,29.7679,30.6566,31.6436,32.6584,34.4422,35.062,35.1154,35.0077,34.1685,33.0166,31.9158,31.1752,31.0072,31.373,32.0158,33.3611,33.8524,34.1115,34.0735,33.7068,32.3698,31.762,31.4441,31.7463,32.5637,32.8852,33.0678,32.5532,32.1301,31.4103,31.3776,31.8228,32.1611,32.1042,31.6691,31.1851,31.1044,31.345,31.4145,31.1735,30.756,30.7515,30.8555,30.7966,30.52,30.366,30.3982,30.3007,30.0727,30.0238,29.9651,29.7994,29.6888,29.6125,29.482,29.3412,29.2484,29.0941,28.9626,28.8218,28.6799,28.5027,28.3551,28.1701,11.8055,11.3728,11.0284,10.6515,10.3002,9.97191,9.66451,9.3353,9.02833,8.74143,8.43973,8.15857,7.896,7.65023,7.39446,7.15568,6.91029,6.6816,6.46794,6.26787,6.04674,5.85657,5.66378,5.48362,5.30218,5.1327,4.96295,4.80439,4.64629,4.48958,4.34342,4.20678,4.06408,3.9379,3.80678,3.68441,3.56438,3.44701,3.33742,3.23032,3.12591,3.02437,2.9258,2.83374,2.74112,2.65464,2.5681
0.70845,36.6115,34.6338,31.2046,29.8958,28.9822,28.5461,29.067,29.7875,30.6775,31.6647,32.6804,34.4637,35.0826,35.1355,35.0257,34.1853,33.0328,31.9328,31.1947,31.0309,31.3989,32.0429,33.3885,33.8789,34.1366,34.0973,33.7295,32.3925,31.7864,31.4748,31.7798,32.5981,32.9187,33.0991,32.5831,32.16,31.4431,31.4164,31.8639,32.2014,32.143,31.7073,31.2251,31.1511,31.3936,31.4622,31.2207,30.8059,30.8068,30.9122,30.8535,30.578,30.4301,30.4652,30.3691,30.1452,30.1009,30.0468,29.8857,29.7818,29.7117,29.5871,29.456,29.3705,29.2261,29.1058,28.9763,28.8477,28.6896,28.5595,28.3966,28.229,11.5474,11.1977,10.8149,10.4582,10.1249,9.81272,9.47844,9.16676,8.87545,8.56898,8.28351,8.01693,7.76739,7.50772,7.26529,7.01616,6.78398,6.56706,6.36395,6.13944,5.94638,5.75065,5.56775,5.38355,5.21149,5.03916,4.87819,4.71769,4.55859,4.41021,4.2715,4.12663,3.99854,3.86543,3.74121,3.61935,3.5002,3.38895,3.28022,3.17424,3.07115,2.9711,2.87764,2.78362,2.69583,2.60798
0.72231,36.6301,34.6485,31.2164,29.9076,28.9939,28.5599,29.0842,29.8055,30.696,31.6845,32.7003,34.4831,35.1012,35.1529,35.0419,34.2003,33.0477,31.9484,31.2124,31.0518,31.4226,32.0682,33.4133,33.9023,34.1592,34.1188,33.75,32.4131,31.8083,31.5031,31.8101,32.629,32.9488,33.1274,32.6102,32.1872,31.4729,31.4511,31.9011,32.2376,32.1778,31.7416,31.261,31.193,31.4371,31.505,31.2629,30.8505,30.8562,30.9629,30.9042,30.6297,30.487,30.5247,30.4296,30.2092,30.1688,30.1186,29.9612,29.863,29.7981,29.6784,29.5555,29.4759,29.3398,29.2287,29.1083,28.9897,28.8458,28.7288,28.5838,28.4342,28.2542,11.3563,10.9681,10.6063,10.2682,9.95161,9.61259,9.29649,9.00106,8.69025,8.40075,8.1304,7.87735,7.61401,7.36816,7.11552,6.88007,6.6601,6.45412,6.22646,6.03068,5.8322,5.64673,5.45994,5.28547,5.11072,4.94749,4.78473,4.6234,4.47294,4.33228,4.18538,4.05549,3.92051,3.79455,3.67099,3.55017,3.43736,3.32711,3.21963,3.1151,3.01365,2.91888,2.82354,2.73452,2.64544
0.73502,36.6471,34.6617,31.2283,29.918,29.0057,28.5715,29.0991,29.8227,30.7132,31.702,32.7184,34.5009,35.1181,35.1693,35.0565,34.2142,33.0613,31.9623,31.228,31.0702,31.4438,32.0906,33.4358,33.9245,34.18,34.1383,33.7685,32.4317,31.8279,31.5284,31.8374,32.657,32.976,33.153,32.6343,32.2114,31.4997,31.4827,31.9345,32.2704,32.2093,31.7725,31.2934,31.2307,31.4762,31.5434,31.3009,30.8906,30.9005,31.0083,30.9496,30.6759,30.5379,30.5778,30.4834,30.2661,30.229,30.182,30.0278,29.9344,29.8738,29.7583,29.6423,29.5678,29.4387,29.3352,29.2223,29.112,28.9788,28.8715,28.7404,28.6057,28.443,28.3116,11.115,10.7483,10.4056,10.0848,9.74123,9.42092,9.12153,8.80658,8.51321,8.23926,7.98283,7.716,7.46687,7.21087,6.97229,6.7494,6.54068,6.30999,6.11162,5.9105,5.72256,5.53329,5.3565,5.17942,5.01403,4.84911,4.68564,4.53318,4.39065,4.2418,4.11018,3.97341,3.84578,3.72058,3.59815,3.48384,3.37213,3.26323,3.15731,3.0545,2.95848,2.86187,2.77167,2.68141
0.7488,36.6649,34.6759,31.24,29.9298,29.0173,28.5841,29.1145,29.8397,30.7313,31.7208,32.7373,34.5196,35.1356,35.1863,35.072,34.2288,33.0755,31.9772,31.2454,31.0902,31.4665,32.1144,33.4595,33.9473,34.2015,34.1589,33.7881,32.4512,31.8492,31.5551,31.8663,32.6865,33.0048,33.1798,32.66,32.2368,31.5276,31.5158,31.9699,32.3049,32.2423,31.805,31.3274,31.2704,31.5174,31.5837,31.3406,30.9326,30.9469,31.0558,30.9969,30.7241,30.5908,30.6329,30.5392,30.3249,30.2912,30.2473,30.0961,30.0075,29.9512,29.8398,29.7307,29.6611,29.5388,29.443,29.3375,29.2349,29.1119,29.0131,28.8941,28.773,28.6278,28.5103,28.3693,10.9112,10.5633,10.2376,9.88882,9.56362,9.25973,8.94002,8.64223,8.36415,8.10386,7.83301,7.58014,7.32029,7.07812,6.85188,6.64002,6.40587,6.20451,6.00037,5.80961,5.61749,5.43804,5.25831,5.09043,4.92303,4.7571,4.60234,4.45767,4.30658,4.17298,4.03415,3.9046,3.77751,3.65324,3.53721,3.42381,3.31327,3.20575,3.1014,3.00393,2.90586,2.8143,2.72268
0.76006,36.6793,34.6871,31.2494,29.9386,29.0269,28.5949,29.1283,29.8537,30.746,31.7358,32.7528,34.5344,35.1503,35.1996,35.0846,34.2405,33.0869,31.9893,31.2591,31.107,31.4848,32.1335,33.4785,33.9656,34.219,34.1755,33.8038,32.4671,31.866,31.5766,31.8894,32.7101,33.0278,33.2013,32.6805,32.2575,31.5504,31.5425,31.9981,32.3325,32.2687,31.8313,31.3546,31.3021,31.5502,31.6158,31.3723,30.966,30.9838,31.0936,31.0346,30.7623,30.6328,30.6765,30.5834,30.3713,30.3401,30.2985,30.1497,30.0647,30.0116,29.9031,29.7993,29.7334,29.6162,29.5261,29.4262,29.3295,29.2139,29.1213,29.0106,28.8983,28.7654,28.6582,28.5288,11.0571,10.7045,10.3744,10.021,9.69143,9.38349,9.05952,8.75778,8.47601,8.21227,7.93783,7.68161,7.41832,7.17295,6.94371,6.72906,6.49179,6.28777,6.08093,5.88764,5.69298,5.51114,5.32902,5.15891,4.98929,4.82116,4.66434,4.51775,4.36465,4.22927,4.0886,3.95732,3.82854,3.70261,3.58503,3.47012,3.35811,3.24916,3.14341,3.04464,2.94527,2.85249,2.75963
0.77187,36.6942,34.6989,31.2589,29.9484,29.0361,28.6053,29.1409,29.868,30.7613,31.7515,32.7688,34.5501,35.1654,35.2138,35.0976,34.2526,33.0987,32.0015,31.2728,31.1237,31.5032,32.1533,33.4982,33.9846,34.2372,34.1925,33.82,32.4834,31.8835,31.5983,31.9133,32.7346,33.0517,33.2236,32.7019,32.2786,31.5739,31.57,32.0273,32.3609,32.296,31.8578,31.3827,31.3348,31.584,31.649,31.405,31.0005,31.0219,31.1325,31.0733,30.8015,30.6758,30.7212,30.6285,30.4187,30.3901,30.3507,30.204,30.1227,30.0725,29.967,29.8683,29.806,29.6938,29.6093,29.5147,29.4238,29.3154,29.2285,29.1253,29.0212,28.8994,28.8017,28.6839,28.5693,10.8728,10.5375,10.1785,9.84373,9.53097,9.20193,8.89548,8.60933,8.34149,8.06277,7.8026,7.5352,7.28601,7.05323,6.83523,6.59429,6.38709,6.17702,5.9807,5.78301,5.59834,5.41338,5.24062,5.06834,4.89757,4.73831,4.58942,4.43393,4.29644,4.15355,4.02021,3.88941,3.7615,3.64208,3.52536,3.41158,3.3009,3.19349,3.09316,2.99222,2.89797,2.80366
0.78411,36.7095,34.7111,31.2687,29.9581,29.0463,28.6173,29.1549,29.882,30.7764,31.7675,32.785,34.566,35.1802,35.2286,35.1107,34.2649,33.111,32.0142,31.2876,31.14,31.522,32.1736,33.5183,34.004,34.2556,34.2099,33.8368,32.5,31.9012,31.6216,31.9378,32.7595,33.0758,33.2462,32.7234,32.3002,31.5976,31.5979,32.0569,32.3896,32.3237,31.885,31.4112,31.3681,31.6183,31.6824,31.438,31.0353,31.0603,31.1717,31.1123,30.8411,30.7192,30.7662,30.6738,30.466,30.4401,30.4028,30.2581,30.1802,30.133,30.0302,29.9363,29.8774,29.7701,29.6909,29.6014,29.5161,29.4147,29.3333,29.2371,29.1403,29.0277,28.9388,28.8319,28.7269,28.6267,28.5318,10.3748,10.0336,9.71481,9.37943,9.06713,8.7755,8.50257,8.21854,7.95339,7.68092,7.42696,7.18975,6.96761,6.72205,6.51089,6.29682,6.09678,5.89529,5.70709,5.51858,5.34251,5.16692,4.99288,4.83055,4.67879,4.5203,4.38015,4.23451,4.0986,3.96526,3.83489,3.71315,3.59417,3.47819,3.36538,3.25588,3.1536,3.0507,2.95462,2.85846
0.79429,36.722,34.721,31.2771,29.966,29.0546,28.6256,29.1667,29.8947,30.7896,31.7811,32.7983,34.5789,35.1925,35.2401,35.1215,34.275,33.1204,32.0247,31.2993,31.1542,31.5382,32.19,33.5347,34.0198,34.2707,34.2241,33.8503,32.5136,31.9158,31.64,31.9576,32.7797,33.0956,33.2648,32.7414,32.3178,31.6171,31.6208,32.0811,32.4134,32.3463,31.9073,31.4344,31.395,31.6462,31.7098,31.4649,31.0637,31.0917,31.2037,31.1439,30.8733,30.7544,30.8026,30.7105,30.5044,30.4803,30.4448,30.3015,30.2263,30.1814,30.0806,29.9905,29.9342,29.8305,29.7555,29.6699,29.5889,29.4929,29.4157,29.3252,29.2335,29.1279,29.0447,28.9454,28.8493,28.7574,28.6688,10.5831,10.2351,9.90948,9.5678,9.24985,8.95203,8.67359,8.38399,8.11367,7.83579,7.57666,7.33498,7.10809,6.85769,6.64258,6.42418,6.22009,6.0145,5.82267,5.63043,5.45084,5.27169,5.0941,4.92854,4.77376,4.61205,4.46908,4.32051,4.18188,4.04583,3.91282,3.78862,3.66723,3.54892,3.43379,3.32206,3.21771,3.11271,3.01467,2.91656
0.80477,36.7348,34.7309,31.2851,29.9741,29.0635,28.6349,29.178,29.9064,30.8025,31.7948,32.8116,34.5919,35.2053,35.2521,35.1327,34.2854,33.131,32.0352,31.3114,31.169,31.5539,32.2067,33.5511,34.0359,34.2857,34.2385,33.8641,32.5273,31.9306,31.6587,31.9779,32.8004,33.1156,33.2835,32.7589,32.3357,31.6367,31.6439,32.1056,32.4372,32.3691,31.9297,31.4579,31.4224,31.6746,31.7373,31.4921,31.0923,31.1231,31.2359,31.1759,30.9055,30.7897,30.8392,30.7473,30.5429,30.5208,30.4867,30.3449,30.2723,30.2294,30.1306,30.0441,29.9902,29.89,29.819,29.7372,29.6603,29.5695,29.4965,29.411,29.3247,29.2252,29.147,29.0551,28.9662,28.881,28.7997,28.7053,10.5267,10.1794,9.82834,9.50182,9.1958,8.90983,8.61267,8.33582,8.05038,7.78399,7.53505,7.30342,7.04616,6.82484,6.60049,6.39097,6.18018,5.98245,5.78531,5.60085,5.4169,5.23464,5.06442,4.90539,4.73928,4.59227,4.43962,4.29728,4.1574,4.02072,3.8931,3.76836,3.64686,3.52839,3.41358,3.30633,3.19842,3.09766,2.99682
0.81434,36.7463,34.74,31.2926,29.9815,29.0712,28.6438,29.1875,29.9176,30.8138,31.8059,32.8239,34.604,35.2165,35.2633,35.1424,34.2947,33.1401,32.0445,31.3222,31.1816,31.5683,32.2216,33.5663,34.0503,34.2995,34.2515,33.8765,32.5398,31.9438,31.6758,31.996,32.8189,33.1336,33.3003,32.775,32.3518,31.6544,31.6647,32.1275,32.4585,32.3896,31.9497,31.4789,31.4468,31.6999,31.762,31.5164,31.1179,31.1513,31.2645,31.2044,30.9343,30.8212,30.8718,30.7799,30.5768,30.5566,30.5238,30.3832,30.3128,30.2717,30.1744,30.091,30.0392,29.9419,29.8742,29.7957,29.7223,29.6359,29.5664,29.4856,29.4036,29.3096,29.2358,29.1491,29.066,28.9868,28.9114,28.8237,28.741,10.4846,10.1231,9.78619,9.47215,9.17799,8.87184,8.5862,8.29238,8.01866,7.76533,7.52588,7.25878,7.03116,6.80024,6.58463,6.36729,6.16428,5.96089,5.7709,5.58133,5.39355,5.21828,5.05447,4.88332,4.73204,4.57476,4.42794,4.28396,4.14312,4.01161,3.88307,3.75771,3.63585,3.51751,3.40698,3.29575,3.19189,3.08794
0.82411,36.7579,34.7491,31.3001,29.9885,29.0789,28.6523,29.1981,29.9295,30.8261,31.8181,32.8363,34.6155,35.2286,35.2743,35.1524,34.3041,33.1494,32.0539,31.3331,31.1941,31.583,32.237,33.5815,34.0645,34.3134,34.2646,33.8889,32.5525,31.9572,31.6929,32.0142,32.8376,33.1518,33.3174,32.7912,32.3678,31.6722,31.6856,32.1497,32.4802,32.4103,31.97,31.5002,31.4715,31.7255,31.787,31.5408,31.1437,31.1798,31.2936,31.2331,30.9634,30.8529,30.9045,30.8128,30.6112,30.5926,30.5609,30.4215,30.3533,30.3138,30.218,30.1375,30.0877,29.9932,29.9287,29.8532,29.7833,29.7011,29.6351,29.5586,29.481,29.392,29.3222,29.2405,29.1624,29.0884,29.0185,28.9373,28.8606,28.7891,10.4118,10.0656,9.73983,9.44049,9.12626,8.83336,8.53126,8.24999,7.98878,7.74206,7.46832,7.24184,6.99698,6.78213,6.55839,6.34263,6.13996,5.94433,5.74921,5.55574,5.36983,5.20101,5.02493,4.87087,4.70903,4.55557,4.40972,4.26467,4.12933,3.99701,3.86692,3.74218,3.62028,3.50655,3.39195,3.285,3.17798
0.83224,36.7675,34.7569,31.3065,29.995,29.0845,28.6593,29.207,29.9384,30.8354,31.8286,32.8462,34.6255,35.2375,35.2834,35.1609,34.3119,33.1568,32.0621,31.3417,31.2045,31.5952,32.2497,33.594,34.0765,34.325,34.2754,33.8993,32.5626,31.9682,31.7067,32.0292,32.853,33.1668,33.3313,32.8045,32.3813,31.6869,31.7029,32.1679,32.4979,32.4272,31.9866,31.5176,31.4917,31.7463,31.8073,31.5609,31.1649,31.2031,31.3172,31.2566,30.987,30.8787,30.9311,30.8395,30.6389,30.6218,30.5911,30.4525,30.386,30.3478,30.2532,30.175,30.1266,30.0343,29.9724,29.8992,29.8319,29.753,29.6897,29.6167,29.5425,29.4578,29.3915,29.3134,29.2392,29.169,29.1035,29.0272,28.9555,28.8883,28.8132,10.2644,9.9352,9.62745,9.30695,9.00763,8.70003,8.41328,8.14529,7.89437,7.61682,7.37849,7.1361,6.91072,6.68237,6.46906,6.25613,6.05686,5.85798,5.66087,5.47671,5.30484,5.12525,4.96646,4.80139,4.64727,4.49617,4.34833,4.21028,4.07532,3.94376,3.81624,3.69152,3.5759,3.45866,3.34961,3.24046
0.84053,36.7772,34.7644,31.3122,30.0014,29.0914,28.6662,29.2161,29.9471,30.8453,31.8386,32.8563,34.6361,35.2472,35.2925,35.1692,34.3195,33.1645,32.07,31.3511,31.2154,31.6065,32.2619,33.6066,34.0891,34.3364,34.2863,33.9096,32.5731,31.9794,31.7211,32.0449,32.8684,33.1818,33.3455,32.8179,32.3946,31.7017,31.7201,32.1863,32.5158,32.4444,32.0033,31.5351,31.5123,31.7673,31.8278,31.581,31.1861,31.2264,31.341,31.2801,31.0108,30.9046,30.9579,30.8663,30.6667,30.651,30.6212,30.4834,30.4186,30.3816,30.2882,30.2121,30.1652,30.0749,30.0153,29.9444,29.8796,29.8039,29.7432,29.6736,29.6026,29.522,29.4587,29.3847,29.3138,29.2474,29.185,29.1135,29.0466,28.9836,28.9133,28.8486,10.1056,9.79242,9.4665,9.16259,8.84895,8.55778,8.28529,8.0301,7.74807,7.50533,7.25913,7.02898,6.79729,6.58076,6.36358,6.16079,5.95878,5.7583,5.57113,5.39648,5.21378,5.05206,4.88415,4.7276,4.57365,4.42326,4.28281,4.14553,4.01169,3.88152,3.75507,3.63705,3.51817,3.40722,3.29616
0.84886,36.7868,34.772,31.319,30.0072,29.0968,28.6727,29.2241,29.9563,30.8543,31.8481,32.8661,34.6461,35.2573,35.3017,35.1775,34.3273,33.1722,32.0778,31.3601,31.2265,31.6188,32.2746,33.6191,34.1011,34.3478,34.2972,33.9199,32.5834,31.9905,31.735,32.0601,32.8838,33.1968,33.3593,32.8314,32.408,31.7165,31.7377,32.2044,32.5333,32.4612,32.02,31.5525,31.5325,31.7881,31.8481,31.6011,31.2072,31.2495,31.3645,31.3033,31.0342,30.9302,30.9843,30.8927,30.6942,30.6797,30.6509,30.5138,30.4506,30.4148,30.3223,30.2484,30.2027,30.1144,30.057,29.9882,29.9258,29.853,29.7948,29.7283,29.6606,29.5838,29.5235,29.453,29.3859,29.3226,29.2636,29.1959,29.1327,29.074,29.0084,28.9473,28.8926,9.94461,9.61355,9.30471,8.98695,8.69084,8.41414,8.15505,7.86837,7.62192,7.37188,7.13814,6.90278,6.68287,6.4624,6.25654,6.05118,5.84756,5.65771,5.48013,5.29459,5.13054,4.95997,4.80081,4.64464,4.49189,4.34925,4.20982,4.07388,3.94164,3.81327,3.69334,3.57267,3.45996,3.34717
0.85646,36.7955,34.7787,31.3245,30.0129,29.1037,28.6783,29.2319,29.9645,30.863,31.8573,32.8761,34.655,35.2656,35.3097,35.1847,34.3343,33.179,32.0851,31.3679,31.2358,31.6295,32.2859,33.6303,34.1115,34.3582,34.3068,33.9291,32.5927,32.0004,31.7477,32.0735,32.8977,33.2102,33.372,32.8432,32.4199,31.7294,31.7529,32.2207,32.5492,32.4764,32.0349,31.5681,31.5505,31.8068,31.8662,31.6188,31.2259,31.2701,31.3856,31.3241,31.0552,30.9529,31.0078,30.9163,30.7187,30.7053,30.6772,30.5408,30.479,30.4442,30.3526,30.2804,30.2358,30.1491,30.0936,30.0265,29.9662,29.896,29.8399,29.7761,29.7111,29.6376,29.5801,29.5128,29.4486,29.3883,29.332,29.2675,29.2079,29.1523,29.0905,29.0337,28.9817,28.9338,9.74045,9.42737,9.10533,8.80532,8.52518,8.26258,7.97211,7.72246,7.46918,7.23237,6.99384,6.77098,6.54762,6.33903,6.13096,5.92465,5.73221,5.55228,5.36429,5.19808,5.02527,4.86401,4.70574,4.55097,4.40644,4.26516,4.12742,3.99344,3.86337,3.74185,3.61958,3.50538,3.39109
0.86355,36.8037,34.7852,31.3299,30.018,29.1083,28.6853,29.2398,29.9728,30.8716,31.8662,32.8843,34.6634,35.2732,35.3173,35.1918,34.3409,33.1854,32.0917,31.376,31.245,31.6395,32.2965,33.6409,34.1221,34.3677,34.3159,33.9378,32.6013,32.0094,31.7597,32.0862,32.9105,33.2228,33.3837,32.8543,32.431,31.742,31.7674,32.236,32.5641,32.4906,32.0491,31.5827,31.5675,31.8242,31.8832,31.6354,31.2434,31.2894,31.4052,31.3435,31.0748,30.9743,31.0297,30.9382,30.7414,30.7291,30.7017,30.5659,30.5053,30.4714,30.3805,30.3099,30.2664,30.1811,30.1273,30.0618,30.0032,29.9352,29.881,29.8196,29.7571,29.6866,29.6315,29.5672,29.5058,29.4481,29.3942,29.3329,29.2753,29.2228,29.1646,29.1105,29.0615,29.0169,28.9672,9.5409,9.21512,8.91126,8.62766,8.36203,8.06798,7.81529,7.55895,7.31944,7.07791,6.85248,6.62644,6.41532,6.20474,5.99587,5.80113,5.61906,5.42881,5.26059,5.08572,4.92233,4.76233,4.60571,4.45938,4.31638,4.17704,4.04144,3.90975,3.78675,3.66296,3.54746,3.43175
0.87075,36.8118,34.7918,31.3351,30.0231,29.1144,28.6904,29.2471,29.9801,30.8798,31.8743,32.8932,34.6718,35.2819,35.3249,35.1987,34.3474,33.1917,32.0985,31.3833,31.254,31.6499,32.3073,33.6513,34.1317,34.3772,34.325,33.9464,32.6099,32.019,31.7712,32.0989,32.9234,33.2352,33.3954,32.8655,32.4421,31.7539,31.7817,32.2511,32.5788,32.5046,32.0626,31.5971,31.5844,31.8415,31.8999,31.6521,31.2608,31.3086,31.4246,31.3627,31.0941,30.9955,31.0514,30.9599,30.7639,30.7526,30.7258,30.5906,30.5313,30.4982,30.408,30.3389,30.2963,30.2122,30.1601,30.096,30.0392,29.9733,29.9208,29.8618,29.8015,29.734,29.6812,29.6196,29.5611,29.5059,29.4544,29.3953,29.3409,29.2909,29.2353,29.184,29.1388,29.0961,29.0496,29.0075,9.32564,9.01835,8.73132,8.46241,8.16491,7.90911,7.64976,7.40727,7.16288,6.93466,6.70602,6.49232,6.27921,6.0679,5.87079,5.68647,5.49391,5.3237,5.14665,4.98144,4.8194,4.66083,4.51283,4.36812,4.22701,4.08976,3.95653,3.83207,3.70682,3.58984,3.47275
0.87732,36.8192,34.7974,31.3397,30.0278,29.1193,28.6958,29.253,29.9874,30.8871,31.8818,32.9011,34.6794,35.2892,35.3319,35.2053,34.3534,33.1977,32.1047,31.3899,31.2622,31.6592,32.3168,33.6609,34.1414,34.3861,34.3333,33.9543,32.6179,32.0274,31.7821,32.1103,32.9351,33.2467,33.4061,32.8757,32.4522,31.7655,31.7948,32.265,32.5923,32.5176,32.0752,31.6103,31.5998,31.8574,31.9153,31.6671,31.2768,31.3261,31.4425,31.3803,31.1118,31.0148,31.0713,30.9797,30.7844,30.7741,30.7478,30.6131,30.5549,30.5225,30.433,30.3652,30.3234,30.2406,30.1898,30.127,30.0715,30.0075,29.9566,29.8995,29.8413,29.7763,29.7256,29.6665,29.6104,29.5576,29.5083,29.4516,29.3994,29.3517,29.2982,29.25,29.2062,29.1665,29.1223,29.0826,29.04,9.12026,8.82997,8.55783,8.2572,7.99855,7.73612,7.49098,7.24386,7.01303,6.78173,6.56567,6.35014,6.13642,5.93707,5.7507,5.55596,5.38377,5.20477,5.03769,4.87377,4.71345,4.56372,4.41737,4.27468,4.13587,4.00111,3.87524,3.74855,3.63027,3.51188
0.88334,36.8259,34.8027,31.3442,30.0321,29.1235,28.7006,29.2592,29.9945,30.8942,31.8893,32.9072,34.6863,35.2958,35.3381,35.2109,34.3585,33.2029,32.1097,31.3963,31.2694,31.6675,32.3255,33.6695,34.1496,34.394,34.3407,33.9614,32.625,32.0347,31.7918,32.1208,32.9458,33.2569,33.4156,32.8847,32.4613,31.7753,31.8066,32.2773,32.6043,32.5291,32.0864,31.6221,31.6134,31.8714,31.929,31.6805,31.2909,31.3416,31.4583,31.3958,31.1276,31.0319,31.0889,30.9972,30.8026,30.793,30.7673,30.6329,30.5757,30.544,30.4549,30.3883,30.3472,30.2653,30.2158,30.154,30.0998,30.0373,29.9877,29.9323,29.8758,29.813,29.764,29.7072,29.6532,29.6023,29.5549,29.5004,29.4502,29.4036,29.3527,29.3065,29.2643,29.2264,29.1846,29.147,29.1066,9.21629,8.92294,8.64805,8.344,8.08262,7.81746,7.56967,7.31999,7.08673,6.853,6.63466,6.41687,6.20089,5.99945,5.81111,5.61431,5.44034,5.25943,5.0906,4.92495,4.76292,4.61164,4.46373,4.31952,4.17925,4.04307,3.91586,3.78785,3.66831,3.54864
0.88932,36.8325,34.8079,31.3477,30.0362,29.1278,28.7053,29.2653,30.0005,30.9005,31.8961,32.915,34.6931,35.3017,35.3442,35.2169,34.3639,33.208,32.1152,31.4025,31.2769,31.6752,32.334,33.678,34.1579,34.4017,34.3481,33.9685,32.6321,32.0424,31.8015,32.1311,32.9562,33.2671,33.4251,32.8938,32.4703,31.7854,31.8186,32.2896,32.6163,32.5406,32.0977,31.6338,31.627,31.8854,31.9427,31.6939,31.305,31.3571,31.474,31.4114,31.1432,31.0489,31.1063,31.0147,30.8206,30.812,30.7866,30.6527,30.5964,30.5653,30.4767,30.4112,30.3707,30.2898,30.2414,30.1806,30.1275,30.0666,30.0181,29.9644,29.9096,29.8487,29.8015,29.7467,29.6947,29.6459,29.6003,29.5481,29.4997,29.4552,29.406,29.3615,29.321,29.2847,29.2452,29.2097,29.171,29.1368,9.02317,8.74526,8.43781,8.17356,7.90542,7.65457,7.40205,7.16624,6.93004,6.70893,6.48879,6.27053,6.06687,5.87632,5.67737,5.50142,5.3185,5.14779,4.98028,4.81643,4.66342,4.51382,4.36797,4.22613,4.0884,3.95974,3.83031,3.70944,3.58838
0.89521,36.839,34.8134,31.3527,30.0405,29.1323,28.7108,29.2708,30.0063,30.9074,31.9024,32.9215,34.6997,35.3087,35.3504,35.222,34.3689,33.2131,32.1202,31.4088,31.2841,31.6835,32.3423,33.6868,34.1655,34.4095,34.3553,33.9752,32.639,32.0497,31.8107,32.1411,32.9664,33.277,33.4344,32.9029,32.4792,31.7951,31.8296,32.3017,32.628,32.5516,32.1089,31.6454,31.6405,31.8992,31.956,31.707,31.3186,31.3723,31.4894,31.4265,31.1584,31.0654,31.1234,31.0317,30.8382,30.8303,30.8055,30.6719,30.6165,30.5859,30.4978,30.4334,30.3935,30.3134,30.266,30.2062,30.1542,30.0946,30.0473,29.9951,29.9418,29.883,29.8373,29.7844,29.7344,29.6874,29.6437,29.5934,29.5469,29.504,29.4567,29.4138,29.375,29.3399,29.302,29.268,29.2319,29.1996,29.1707,8.85245,8.54119,8.27355,8.00214,7.74865,7.49305,7.25415,7.01494,6.79143,6.56846,6.3474,6.14122,5.94842,5.7471,5.56898,5.38366,5.21082,5.04124,4.87537,4.72048,4.56908,4.42146,4.27784,4.13843,4.0082,3.87713,3.75475,3.63226
0.90023,36.8446,34.8174,31.3563,30.0426,29.1349,28.7137,29.2765,30.0117,30.9129,31.9088,32.9272,34.7047,35.3139,35.3555,35.227,34.3735,33.2176,32.125,31.4138,31.2899,31.6905,32.3495,33.6935,34.1728,34.4159,34.3615,33.9812,32.6449,32.0562,31.8189,32.1497,32.9751,33.2854,33.4423,32.9101,32.4867,31.8034,31.8396,32.312,32.6381,32.5612,32.118,31.6552,31.6518,31.9109,31.9673,31.7183,31.3305,31.3852,31.5024,31.4394,31.1714,31.0796,31.1379,31.0461,30.8532,30.8459,30.8214,30.6881,30.6335,30.6034,30.5157,30.4522,30.4127,30.3334,30.2869,30.2277,30.1767,30.1182,30.0718,30.0208,29.9687,29.9115,29.867,29.8158,29.7673,29.7219,29.6797,29.6312,29.5863,29.5449,29.4992,29.4577,29.4202,29.3865,29.3498,29.3171,29.2823,29.2515,29.224,29.1997,8.6437,8.37293,8.09829,7.84163,7.58296,7.34134,7.0992,6.873,6.64735,6.42361,6.21491,6.01984,5.81587,5.63565,5.44835,5.27343,5.10179,4.93392,4.77716,4.62418,4.47459,4.32926,4.18815,4.05636,3.9237,3.79985,3.67586
0.90569,36.8506,34.8221,31.3601,30.0463,29.1398,28.719,29.281,30.018,30.9182,31.9142,32.9336,34.7115,35.32,35.3612,35.232,34.3784,33.2222,32.13,31.4191,31.2964,31.6978,32.357,33.7011,34.18,34.423,34.3681,33.9875,32.6509,32.063,31.8274,32.1588,32.9844,33.2945,33.4507,32.9182,32.4947,31.8122,31.8499,32.3229,32.6486,32.5713,32.1279,31.6654,31.6638,31.9233,31.9793,31.7299,31.3427,31.3987,31.5163,31.453,31.1851,31.0945,31.1532,31.0615,30.8689,30.8623,30.8383,30.7053,30.6514,30.6219,30.5345,30.4719,30.433,30.3543,30.3087,30.2503,30.2002,30.1428,30.0973,30.0475,29.9967,29.941,29.8979,29.8483,29.8015,29.7577,29.7171,29.6704,29.6273,29.5875,29.5435,29.5033,29.4673,29.4347,29.3992,29.3677,29.3345,29.3049,29.2787,29.2558,29.2268,8.49753,8.21943,7.95936,7.69738,7.45177,7.20617,6.97677,6.7478,6.52079,6.30881,6.11066,5.90347,5.72042,5.53014,5.35261,5.17855,5.00823,4.84909,4.69096,4.54108,4.39356,4.25034,4.11684,3.98218,3.85654,3.73105
0.91036,36.8556,34.8262,31.3634,30.0504,29.1433,28.722,29.2862,30.0226,30.9235,31.9198,32.9391,34.7168,35.3244,35.3659,35.2365,34.3821,33.2261,32.1341,31.4245,31.3018,31.704,32.3636,33.7077,34.186,34.429,34.3738,33.9928,32.6566,32.0685,31.8349,32.1668,32.9924,33.3023,33.458,32.9251,32.5017,31.8198,31.8589,32.3322,32.6577,32.58,32.1368,31.6744,31.6744,31.934,31.9897,31.7402,31.3536,31.4106,31.5283,31.4648,31.197,31.1075,31.1664,31.0746,30.8826,30.8767,30.8528,30.7201,30.6669,30.6378,30.5508,30.4889,30.4504,30.3723,30.3274,30.2697,30.2203,30.1638,30.1191,30.0703,30.0206,29.9662,29.9242,29.8759,29.8304,29.788,29.7487,29.7035,29.662,29.6236,29.5808,29.5415,29.5072,29.4756,29.4414,29.4109,29.3785,29.35,29.3249,29.3026,29.2754,29.2551,8.36059,8.0957,7.82879,7.57912,7.32943,7.09577,6.86286,6.63191,6.41646,6.21503,6.00452,5.81841,5.62491,5.44429,5.26711,5.09379,4.93189,4.77368,4.61937,4.46928,4.32355,4.18743,4.05043,3.9225,3.79442
0.91532,36.861,34.8303,31.3668,30.0544,29.1461,28.7265,29.2913,30.0271,30.9286,31.9251,32.9448,34.7222,35.3302,35.3709,35.2409,34.3866,33.2304,32.1384,31.4295,31.3076,31.7107,32.3705,33.7141,34.1928,34.4352,34.3796,33.9984,32.662,32.0746,31.8426,32.175,33.0008,33.3104,33.4656,32.9323,32.5089,31.8277,31.8679,32.3421,32.6672,32.5891,32.1453,31.6838,31.6852,31.9452,32.0005,31.7507,31.3647,31.4227,31.5406,31.4772,31.2094,31.1208,31.1802,31.0882,30.8966,30.8913,30.8679,30.7354,30.6829,30.6542,30.5674,30.5064,30.4683,30.3908,30.3467,30.2896,30.2409,30.1853,30.1414,30.0936,30.0449,29.9918,29.9509,29.904,29.8599,29.8186,29.7808,29.7372,29.697,29.66,29.6191,29.5815,29.5481,29.5177,29.4845,29.4551,29.4237,29.396,29.3718,29.3503,29.3238,29.3046,29.2847,8.28887,8.01558,7.76026,7.50434,7.26533,7.02689,6.79043,6.56987,6.36365,6.14813,5.9576,5.75947,5.57454,5.39308,5.21558,5.04982,4.88778,4.72977,4.57605,4.4268,4.28739,4.14706,4.01604,3.88487
0.91985,36.8658,34.8342,31.37,30.0574,29.15,28.7301,29.2946,30.0325,30.9336,31.9309,32.9496,34.7271,35.335,35.3754,35.2451,34.3906,33.2341,32.1426,31.4339,31.3133,31.7164,32.3768,33.7211,34.1989,34.4409,34.3849,34.0036,32.6671,32.0802,31.8496,32.1825,33.008,33.3178,33.4725,32.9389,32.5154,31.8349,31.8765,32.351,32.6758,32.5974,32.1538,31.6922,31.695,31.9553,32.0103,31.7604,31.3747,31.4338,31.552,31.4881,31.2205,31.133,31.1926,31.1006,30.9095,30.9047,30.8815,30.7493,30.6974,30.6691,30.5826,30.5222,30.4845,30.4076,30.364,30.3075,30.2595,30.2047,30.1614,30.1145,30.0666,30.0147,29.9747,29.9289,29.886,29.846,29.8092,29.767,29.728,29.6922,29.6525,29.6165,29.5838,29.5543,29.5222,29.4936,29.4632,29.4368,29.4132,29.3924,29.3671,29.3484,29.3292,29.313,8.19438,7.93602,7.67253,7.42769,7.18397,6.94233,6.71685,6.50604,6.28581,6.09103,5.88873,5.69966,5.51411,5.33261,5.16281,4.99711,4.83553,4.67834,4.52571,4.38314,4.23963,4.10566,3.97151
0.92398,36.8702,34.8377,31.3729,30.0599,29.1517,28.7322,29.2987,30.0363,30.9388,31.9348,32.9542,34.7316,35.3393,35.3795,35.2488,34.3939,33.2376,32.1462,31.4379,31.3177,31.7219,32.3824,33.7264,34.2044,34.4461,34.3899,34.0082,32.672,32.085,31.856,32.1893,33.0152,33.3245,33.4787,32.9448,32.5214,31.8415,31.8845,32.3591,32.6837,32.6049,32.1608,31.7,31.7038,31.9643,32.0192,31.7691,31.384,31.444,31.5622,31.4982,31.2305,31.144,31.2039,31.1118,30.9211,30.9169,30.8939,30.7619,30.7105,30.6825,30.5963,30.5365,30.4991,30.4226,30.3797,30.3236,30.2762,30.2222,30.1794,30.1332,30.0861,30.0352,29.996,29.9512,29.9093,29.8703,29.8344,29.7934,29.7556,29.7209,29.6828,29.6475,29.6158,29.5872,29.5561,29.5284,29.499,29.4725,29.4497,29.4299,29.4053,29.3874,29.3688,29.353,8.33419,8.06892,7.80304,7.55464,7.30679,7.06107,6.8317,6.61734,6.39331,6.1951,5.98911,5.79678,5.60934,5.42349,5.25104,5.08249,4.91813,4.75821,4.60295,4.45791,4.31192,4.1756,4.03913
0.92801,36.8746,34.8411,31.3757,30.0624,29.1548,28.7352,29.3022,30.04,30.9425,31.9397,32.9591,34.7361,35.3435,35.3835,35.2523,34.3976,33.241,32.1498,31.4414,31.323,31.7269,32.388,33.7318,34.2093,34.4509,34.3946,34.0128,32.6765,32.0899,31.8621,32.1959,33.0219,33.3311,33.4848,32.9506,32.5271,31.8479,31.8918,32.367,32.6912,32.6122,32.1679,31.7074,31.7126,31.9734,32.0279,31.7776,31.393,31.4538,31.5722,31.508,31.2404,31.1547,31.2149,31.1228,30.9323,30.9286,30.9059,30.774,30.7232,30.6955,30.6095,30.5503,30.5132,30.4373,30.3948,30.3391,30.2923,30.2388,30.1967,30.1512,30.1048,30.0548,30.0163,29.9725,29.9315,29.8935,29.8586,29.8186,29.782,29.7483,29.7111,29.6772,29.6464,29.6189,29.5886,29.5616,29.5325,29.5077,29.4856,29.4662,29.4421,29.4244,29.4067,29.3913,29.3755,8.18657,7.91644,7.66487,7.41337,7.16368,6.93139,6.71382,6.48396,6.28547,6.07557,5.88117,5.68796,5.50232,5.32756,5.15653,4.98974,4.82748,4.66992,4.52274,4.37459,4.23625,4.09776
0.93191,36.8787,34.8444,31.3782,30.0653,29.1584,28.7381,29.3062,30.0444,30.947,31.9434,32.9636,34.7404,35.3475,35.3874,35.2561,34.4009,33.2439,32.1531,31.4459,31.3275,31.7324,32.3933,33.7371,34.2148,34.4566,34.3992,34.0172,32.6807,32.0947,31.8682,32.2023,33.0286,33.3373,33.4907,32.9562,32.5327,31.8541,31.899,32.3744,32.6986,32.6192,32.1748,31.7146,31.721,31.982,32.0362,31.7858,31.4016,31.4633,31.5817,31.5174,31.2499,31.165,31.2254,31.1332,30.9432,30.9399,30.9174,30.7857,30.7354,30.708,30.6222,30.5636,30.5268,30.4512,30.4093,30.354,30.3077,30.2548,30.2131,30.1683,30.1226,30.0734,30.0356,29.9927,29.9526,29.9154,29.8814,29.8424,29.8066,29.7739,29.7377,29.7048,29.6749,29.6482,29.6188,29.5925,29.5645,29.5399,29.5182,29.4994,29.4761,29.4592,29.4418,29.4272,29.4121,29.3992,8.01558,7.76162,7.507,7.25438,7.01892,6.79862,6.56816,6.36483,6.15304,5.95552,5.76145,5.57188,5.39474,5.22153,5.05262,4.88828,4.72871,4.57965,4.4296,4.2895,4.14923
0.93548,36.8825,34.8474,31.3809,30.0679,29.161,28.7416,29.3096,30.0484,30.9509,31.9482,32.9673,34.7442,35.3513,35.391,35.2593,34.404,33.2468,32.156,31.4495,31.3312,31.737,32.3985,33.7416,34.219,34.4604,34.4034,34.0211,32.6848,32.0988,31.8735,32.2082,33.0343,33.3431,33.4961,32.9613,32.5378,31.8598,31.9057,32.3813,32.7054,32.6256,32.1811,31.7212,31.7287,31.9899,32.0438,31.7935,31.4095,31.472,31.5905,31.526,31.2585,31.1744,31.2351,31.1428,30.9531,30.9501,30.9279,30.7964,30.7465,30.7194,30.6338,30.5757,30.5391,30.4639,30.4225,30.3676,30.3216,30.2693,30.2281,30.1838,30.1387,30.0902,30.053,30.0109,29.9715,29.9351,29.9018,29.8638,29.829,29.7971,29.7618,29.7299,29.701,29.6748,29.6463,29.6207,29.5935,29.5695,29.5483,29.53,29.5072,29.4907,29.4737,29.4594,29.4447,29.4323,29.4199,7.84687,7.58947,7.33416,7.09597,6.87328,6.64053,6.43466,6.22061,6.02078,5.82464,5.63281,5.45363,5.2785,5.10775,4.9416,4.78031,4.62961,4.47787,4.33621,4.19441
0.93894,36.8862,34.8503,31.3837,30.0703,29.1623,28.744,29.3137,30.0517,30.9548,31.9517,32.9709,34.748,35.3549,35.3945,35.2625,34.4067,33.2501,32.159,31.4527,31.3355,31.7414,32.4031,33.7467,34.224,34.4647,34.4075,34.025,32.6888,32.103,31.8785,32.2141,33.0402,33.3486,33.5012,32.9662,32.5426,31.8651,31.9122,32.3881,32.7118,32.6319,32.1872,31.7276,31.7362,31.9974,32.0512,31.8005,31.4171,31.4802,31.5988,31.5343,31.2669,31.1834,31.2443,31.1521,30.9626,30.9601,30.9381,30.8067,30.7572,30.7304,30.645,30.5873,30.551,30.4761,30.4351,30.3805,30.335,30.2832,30.2423,30.1986,30.154,30.1062,30.0696,30.0281,29.9895,29.9539,29.9213,29.8841,29.8502,29.8191,29.7848,29.7539,29.7258,29.7007,29.6732,29.6486,29.6218,29.5984,29.5767,29.5595,29.5372,29.5215,29.5045,29.4904,29.4755,29.4635,29.4511,29.4415,7.66508,7.40722,7.16664,6.94175,6.70664,6.49872,6.28253,6.08074,5.88269,5.68896,5.50803,5.33113,5.15863,4.9908,4.82784,4.6756,4.52236,4.37926,4.236
0.94224,36.8896,34.8531,31.3843,30.0715,29.1644,28.7468,29.3161,30.0553,30.9576,31.9556,32.9748,34.7515,35.3583,35.3975,35.2651,34.4096,33.2527,32.1619,31.456,31.3388,31.7458,32.4074,33.751,34.2282,34.4687,34.4113,34.0286,32.6923,32.1071,31.8836,32.2189,33.0454,33.3538,33.506,32.9708,32.5473,31.8701,31.9181,32.3942,32.7179,32.638,32.1929,31.7335,31.7429,32.0044,32.0581,31.8071,31.4241,31.488,31.6067,31.542,31.2746,31.1919,31.253,31.1606,30.9715,30.9694,30.9474,30.8162,30.7672,30.7405,30.6553,30.5981,30.5619,30.4874,30.4468,30.3925,30.3473,30.296,30.2555,30.2122,30.1681,30.1209,30.0848,30.044,30.006,29.971,29.939,29.9026,29.8693,29.8389,29.8054,29.7751,29.7477,29.723,29.696,29.6718,29.6461,29.6234,29.6034,29.5854,29.5641,29.5483,29.5316,29.5182,29.5041,29.4921,29.4801,29.4703,29.4606,7.47593,7.23314,7.00619,6.76887,6.55907,6.34085,6.13717,5.93728,5.74173,5.5591,5.38055,5.20643,5.03701,4.87252,4.71885,4.56417,4.41973,4.27511
0.94549,36.8931,34.8558,31.387,30.0729,29.1678,28.7485,29.3191,30.0587,30.9617,31.9589,32.9786,34.755,35.3616,35.4008,35.268,34.4123,33.2552,32.1646,31.459,31.3433,31.75,32.412,33.7554,34.2324,34.4727,34.4151,34.0322,32.696,32.1108,31.8887,32.2244,33.0507,33.3589,33.5109,32.9755,32.552,31.8753,31.924,32.4007,32.7241,32.6434,32.1985,31.7394,31.7496,32.0114,32.0649,31.8139,31.4312,31.4956,31.6146,31.5498,31.2824,31.2003,31.2616,31.1692,30.9802,30.9786,30.9568,30.8257,30.7772,30.7507,30.6656,30.6089,30.5729,30.4987,30.4584,30.4044,30.3597,30.3087,30.2686,30.2258,30.1821,30.1355,30.0999,30.0597,30.0223,29.9879,29.9566,29.9209,29.8884,29.8587,29.826,29.7965,29.7698,29.7458,29.7195,29.696,29.6709,29.6488,29.6293,29.6121,29.5912,29.5757,29.5599,29.5453,29.532,29.5203,29.5088,29.4988,29.4874,29.4802,7.29992,7.07081,6.83124,6.61944,6.39914,6.19346,5.99166,5.79421,5.60985,5.42966,5.25401,5.08311,4.91713,4.76209,4.60597,4.46022,4.31426
0.94862,36.8963,34.8583,31.3896,30.0754,29.1687,28.752,29.322,30.0614,30.9642,31.9617,32.9816,34.7583,35.3648,35.4039,35.2708,34.4149,33.258,32.1674,31.4619,31.3466,31.754,32.416,33.7595,34.2363,34.4765,34.4187,34.0356,32.6993,32.1145,31.8931,32.2289,33.0558,33.3639,33.5154,32.9796,32.5563,31.8803,31.9296,32.4066,32.7296,32.6488,32.2038,31.745,31.7563,32.0182,32.0713,31.8202,31.4378,31.5029,31.6219,31.557,31.2897,31.2083,31.2697,31.1773,30.9886,30.9872,30.9656,30.8346,30.7865,30.7602,30.6752,30.6189,30.5832,30.5092,30.4693,30.4156,30.3711,30.3206,30.2808,30.2384,30.1952,30.1491,30.1139,30.0742,30.0374,30.0035,29.9728,29.9377,29.9059,29.8769,29.8446,29.8162,29.7901,29.7666,29.741,29.7178,29.6938,29.6725,29.6537,29.6358,29.6158,29.6013,29.5855,29.572,29.5582,29.5464,29.5351,29.5256,29.5161,29.5069,7.368,7.13661,6.89494,6.68119,6.45887,6.2514,6.04769,5.8485,5.66238,5.48048,5.303,5.13022,4.96255,4.80586,4.64832,4.50112,4.35379
0.95163,36.8995,34.8608,31.3911,30.0781,29.172,28.7543,29.3243,30.0638,30.968,31.9657,32.985,34.7616,35.3679,35.4072,35.2735,34.4174,33.2605,32.1701,31.4647,31.3502,31.7579,32.4199,33.7636,34.2402,34.4802,34.4221,34.0389,32.7027,32.1179,31.8976,32.2345,33.0608,33.3686,33.5199,32.984,32.5605,31.8847,31.9351,32.4122,32.7353,32.6541,32.2091,31.7506,31.7626,32.0247,32.0776,31.8264,31.4443,31.5102,31.6292,31.5641,31.2968,31.2161,31.2777,31.1852,30.9967,30.9957,30.9743,30.8434,30.7957,30.7696,30.6848,30.6287,30.5932,30.5195,30.48,30.4265,30.3824,30.3322,30.2927,30.2507,30.2079,30.1623,30.1276,30.0884,30.0521,30.0187,29.9884,29.954,29.9227,29.8943,29.863,29.8348,29.8093,29.7864,29.7615,29.739,29.7154,29.6944,29.6759,29.6596,29.6394,29.6233,29.6098,29.5967,29.5832,29.572,29.5607,29.5513,29.542,29.5309,29.5258,7.20503,6.96094,6.74514,6.52074,6.31128,6.10564,5.90447,5.7166,5.53289,5.35378,5.17939,5.01015,4.85217,4.69304,4.54444,4.39567
0.95439,36.9024,34.8631,31.3937,30.0805,29.1723,28.7564,29.3269,30.0674,30.9707,31.968,32.9876,34.7645,35.3707,35.4089,35.2762,34.4198,33.2626,32.1717,31.4675,31.3535,31.761,32.4237,33.7672,34.2437,34.4835,34.4252,34.0418,32.7055,32.1213,31.9018,32.2385,33.0651,33.3728,33.5239,32.9878,32.5643,31.8891,31.9397,32.4175,32.7403,32.6589,32.2138,31.7554,31.7684,32.0305,32.0832,31.8319,31.4501,31.5166,31.6357,31.5704,31.3031,31.2229,31.2848,31.1922,31.004,31.0033,30.982,30.8512,30.8038,30.7779,30.6932,30.6376,30.6022,30.5287,30.4895,30.4362,30.3924,30.3425,30.3033,30.2616,30.2191,30.174,30.1396,30.1008,30.065,30.0321,30.0022,29.9684,29.9377,29.9097,29.8791,29.8515,29.8266,29.8043,29.78,29.7575,29.735,29.7141,29.6964,29.6803,29.6607,29.6468,29.6317,29.6189,29.6057,29.5937,29.5829,29.5736,29.5646,29.5557,29.5486,29.5411,7.0265,6.80863,6.582,6.37063,6.16281,5.95996,5.77018,5.58449,5.40349,5.22761,5.05675,4.89726,4.73664,4.58665,4.43647
0.95717,36.9053,34.8655,31.3958,30.0814,29.175,28.757,29.3304,30.0702,30.9731,31.9706,32.9911,34.7674,35.3736,35.4121,35.2785,34.4221,33.265,32.1747,31.4705,31.3565,31.7649,32.4277,33.771,34.2472,34.4869,34.4284,34.0449,32.7088,32.1245,31.9059,32.2431,33.0698,33.3774,33.528,32.9917,32.5682,31.8935,31.9451,32.4226,32.7454,32.6638,32.2186,31.7604,31.7741,32.0365,32.0891,31.8376,31.4562,31.5231,31.6424,31.577,31.3098,31.2302,31.2922,31.1995,31.0114,31.0111,30.9899,30.8593,30.8122,30.7864,30.7018,30.6466,30.6114,30.5382,30.4992,30.4462,30.4027,30.3531,30.3141,30.2728,30.2307,30.186,30.1519,30.1136,30.0782,30.0457,30.0163,29.9829,29.9527,29.9253,29.8952,29.8681,29.8437,29.8219,29.798,29.7767,29.7542,29.7341,29.7165,29.7011,29.6819,29.6679,29.6534,29.6409,29.6282,29.6173,29.6063,29.597,29.5869,29.579,29.5716,29.5663,29.5579,6.88654,6.65731,6.44334,6.23339,6.02792,5.83616,5.64854,5.46567,5.29622,5.11686,4.95339,4.79865,4.64665,4.49446
0.95972,36.9079,34.8675,31.3955,30.0841,29.177,28.7596,29.3331,30.0727,30.9768,31.9737,32.9939,34.7701,35.3761,35.4144,35.2809,34.4242,33.2671,32.1767,31.4729,31.3595,31.7682,32.4307,33.7742,34.2504,34.4899,34.4313,34.0477,32.7115,32.1275,31.9098,32.247,33.0736,33.3812,33.5317,32.9952,32.5716,31.8972,31.9496,32.4274,32.7501,32.6682,32.2229,31.7651,31.7795,32.0418,32.0943,31.8429,31.4615,31.529,31.6482,31.5828,31.3156,31.2365,31.2986,31.2059,31.0182,31.018,30.997,30.8664,30.8196,30.794,30.7096,30.6546,30.6195,30.5465,30.5078,30.455,30.4117,30.3625,30.3237,30.2827,30.2409,30.1965,30.1628,30.1248,30.0898,30.0577,30.0287,29.9957,29.966,29.939,29.9093,29.8826,29.8587,29.8372,29.8138,29.7929,29.7707,29.7511,29.7339,29.7187,29.7,29.6862,29.6719,29.6599,29.6473,29.6365,29.6259,29.617,29.6081,29.5995,29.5924,29.5868,29.5801,29.5762,6.74425,6.52746,6.31468,6.10657,5.91229,5.72215,5.53687,5.35655,5.18143,5.01783,4.85321,4.69948,4.54545
0.96205,36.9103,34.8694,31.3985,30.0857,29.1784,28.7622,29.3352,30.0742,30.9788,31.9758,32.9962,34.7726,35.3785,35.4167,35.2829,34.426,33.2689,32.1787,31.4746,31.362,31.7706,32.4338,33.7771,34.2534,34.4927,34.434,34.0501,32.7138,32.13,31.9129,32.2509,33.0778,33.3848,33.535,32.9984,32.5749,31.9007,31.9537,32.4319,32.7542,32.6722,32.2268,31.7691,31.7843,32.0467,32.099,31.8474,31.4664,31.5343,31.6537,31.5881,31.321,31.2422,31.3045,31.2118,31.0242,31.0244,31.0034,30.8729,30.8264,30.801,30.7166,30.6619,30.627,30.5541,30.5157,30.463,30.42,30.371,30.3324,30.2917,30.2501,30.2061,30.1726,30.135,30.1003,30.0685,30.0398,30.0073,29.9779,29.9513,29.9221,29.8958,29.8723,29.8512,29.8281,29.8077,29.7859,29.7667,29.75,29.7351,29.7165,29.7032,29.6892,29.6768,29.6646,29.6544,29.644,29.6353,29.626,29.6179,29.611,29.6053,29.5988,29.5947,29.5898,6.64083,6.42436,6.21259,6.00575,5.82138,5.63285,5.44115,5.27112,5.10471,4.93715,4.7735,4.62401
0.96437,36.9127,34.8712,31.3991,30.087,29.1806,28.7633,29.3368,30.0764,30.9806,31.9792,32.9988,34.775,35.3808,35.4187,35.285,34.428,33.2703,32.1802,31.4768,31.3646,31.7737,32.4368,33.7802,34.2563,34.4954,34.4365,34.0527,32.7165,32.1327,31.9163,32.2544,33.0811,33.3884,33.5384,33.0016,32.5781,31.9043,31.9576,32.4361,32.7585,32.6762,32.2307,31.7732,31.789,32.0516,32.1037,31.8519,31.4712,31.5397,31.659,31.5934,31.3262,31.2481,31.3104,31.2177,31.0302,31.0307,31.0098,30.8794,30.8331,30.8078,30.7236,30.6692,30.6343,30.5617,30.5235,30.471,30.4282,30.3794,30.3411,30.3006,30.2592,30.2156,30.1823,30.145,30.1106,30.0792,30.0508,30.0186,29.9896,29.9633,29.9345,29.9087,29.8855,29.8647,29.8421,29.8223,29.8007,29.7817,29.7651,29.7506,29.7324,29.7192,29.7054,29.6937,29.6805,29.6712,29.661,29.6523,29.6442,29.6353,29.6286,29.6232,29.6168,29.6128,29.608,6.764,6.54348,6.32775,6.13979,5.92926,5.73715,5.56227,5.36867,5.1991,5.02838,4.87951,4.70934
0.9666,36.915,34.873,31.4009,30.0885,29.1823,28.7648,29.3392,30.0785,30.9829,31.9807,33.0012,34.7773,35.383,35.4211,35.2869,34.4295,33.2722,32.1822,31.4794,31.3667,31.7764,32.4398,33.783,34.2591,34.498,34.4391,34.0551,32.7188,32.1353,31.9198,32.2575,33.0844,33.3918,33.5416,33.0046,32.581,31.9077,31.9618,32.4401,32.7624,32.68,32.2344,31.7771,31.7935,32.0562,32.1082,31.8565,31.4758,31.5448,31.6643,31.5985,31.3313,31.2536,31.316,31.2233,31.036,31.0366,31.0159,30.8856,30.8396,30.8144,30.7302,30.6761,30.6414,30.569,30.5309,30.4786,30.436,30.3874,30.3493,30.309,30.2679,30.2246,30.1915,30.1546,30.1205,30.0893,30.0612,30.0294,30.0007,29.9748,29.9464,29.9209,29.8981,29.8777,29.8554,29.8357,29.8146,29.7962,29.7799,29.7657,29.748,29.735,29.7215,29.71,29.6981,29.6866,29.6779,29.6695,29.661,29.6528,29.6459,29.6405,29.634,29.63,29.6251,29.6214,6.66892,6.44574,6.23901,6.03846,5.8427,5.65223,5.46736,5.29462,5.12068,4.96315,4.80035
0.96865,36.9171,34.8752,31.4016,30.0897,29.1835,28.7661,29.3411,30.0806,30.985,31.9831,33.0033,34.7795,35.3851,35.423,35.2887,34.4315,33.2737,32.1839,31.4814,31.3696,31.779,32.4425,33.7857,34.2616,34.5005,34.4414,34.0571,32.721,32.1376,31.9228,32.2613,33.0878,33.3949,33.5445,33.0074,32.5837,31.9107,31.9654,32.4441,32.7661,32.6835,32.2378,31.7806,31.7977,32.0606,32.1123,31.8604,31.48,31.5494,31.669,31.6032,31.3362,31.2587,31.3212,31.2284,31.0413,31.0421,31.0215,30.8913,30.8455,30.8204,30.7363,30.6825,30.6479,30.5755,30.5378,30.4856,30.4431,30.3948,30.3569,30.3168,30.2759,30.2328,30.2,30.1633,30.1294,30.0986,30.0707,30.0392,30.0108,29.9852,29.9571,29.932,29.9095,29.8893,29.8674,29.848,29.8273,29.809,29.793,29.7789,29.7615,29.7488,29.7355,29.7241,29.7125,29.703,29.693,29.6849,29.6764,29.6681,29.6612,29.6557,29.6492,29.6452,29.6403,29.6368,29.6334,6.53384,6.32677,6.12325,5.92472,5.74063,5.54404,5.36884,5.19172,5.03758,4.86265
0.97071,36.9192,34.8765,31.4032,30.0908,29.1851,28.7685,29.343,30.0838,30.9875,31.9857,33.0058,34.7816,35.3871,35.425,35.2904,34.4331,33.2758,32.1853,31.4834,31.3717,31.7819,32.4454,33.7884,34.2642,34.503,34.4437,34.0594,32.7233,32.1402,31.926,32.2643,33.0911,33.3982,33.5474,33.0102,32.5866,31.9139,31.9689,32.4479,32.7697,32.6871,32.2413,31.7842,31.8018,32.0648,32.1165,31.8645,31.4844,31.554,31.6737,31.6078,31.3408,31.2636,31.3264,31.2336,31.0466,31.0477,31.0272,30.897,30.8514,30.8265,30.7425,30.6888,30.6543,30.5821,30.5446,30.4925,30.4503,30.4021,30.3643,30.3245,30.2838,30.241,30.2084,30.1719,30.1384,30.1077,30.0802,30.049,30.0209,29.9955,29.9678,29.9429,29.9207,29.9008,29.8793,29.8601,29.8397,29.8218,29.8061,29.7923,29.7752,29.7626,29.7497,29.7385,29.7269,29.7171,29.7073,29.699,29.6907,29.6827,29.6761,29.6708,29.6647,29.6607,29.6556,29.6522,29.6486,29.6453,6.40157,6.19568,6.00674,5.79939,5.60948,5.43225,5.2537,5.08702,4.92007
0.97262,36.9214,34.8778,31.406,30.0925,29.1859,28.7699,29.3445,30.0844,30.9889,31.9872,33.0077,34.7836,35.389,35.4268,35.2921,34.4347,33.2773,32.1876,31.485,31.3739,31.7843,32.448,33.7909,34.2666,34.5053,34.4458,34.0615,32.7252,32.1424,31.9286,32.2672,33.0939,33.4009,33.5501,33.0128,32.5892,31.9167,31.9721,32.4512,32.7732,32.6904,32.2445,31.7876,31.8057,32.0688,32.1203,31.8682,31.4883,31.5583,31.6781,31.6121,31.3451,31.2684,31.3313,31.2384,31.0515,31.0528,31.0323,30.9023,30.8568,30.8321,30.7481,30.6947,30.6603,30.5883,30.5509,30.4989,30.4569,30.4089,30.3713,30.3317,30.2912,30.2486,30.2162,30.1799,30.1466,30.1162,30.0888,30.0579,30.0301,30.005,29.9775,29.953,29.931,29.9113,29.8901,29.8713,29.8512,29.8336,29.8181,29.8046,29.7877,29.7754,29.7626,29.7507,29.7403,29.7307,29.721,29.7129,29.7047,29.6967,29.6902,29.685,29.6788,29.6748,29.6699,29.6658,29.6626,29.6593,6.46645,6.25833,6.05539,5.86625,5.67423,5.4871,5.30683,5.1384,4.96976
0.97451,36.9232,34.8794,31.4055,30.0937,29.1877,28.7713,29.3459,30.0863,30.991,31.9896,33.0096,34.7856,35.3909,35.4285,35.2937,34.4362,33.2788,32.1888,31.487,31.3758,31.7865,32.4504,33.7931,34.2689,34.5075,34.4479,34.0635,32.7274,32.1443,31.9314,32.2702,33.097,33.4039,33.5528,33.0154,32.5918,31.9192,31.9757,32.4547,32.7764,32.6935,32.2476,31.7909,31.8096,32.0727,32.1241,31.8719,31.4922,31.5627,31.6825,31.6164,31.3493,31.273,31.3361,31.2431,31.0564,31.0579,31.0375,30.9075,30.8623,30.8376,30.7537,30.7005,30.6662,30.5943,30.5571,30.5053,30.4634,30.4156,30.3781,30.3387,30.2984,30.256,30.2238,30.1878,30.1547,30.1245,30.0973,30.0667,30.0391,30.0142,29.987,29.9628,29.9411,29.9216,29.9007,29.882,29.8622,29.8448,29.8295,29.8161,29.7995,29.7872,29.7747,29.7638,29.7525,29.7432,29.7336,29.7255,29.7175,29.7096,29.7033,29.6979,29.6918,29.6878,29.6827,29.679,29.6758,29.6726,29.6702,6.31819,6.11336,5.91404,5.72042,5.5395,5.35743,5.18741,5.01713
0.97626,36.9249,34.8809,31.4074,30.0944,29.1885,28.772,29.3476,30.0881,30.9926,31.9912,33.0112,34.7874,35.3927,35.4302,35.2953,34.4376,33.2796,32.1904,31.4882,31.3778,31.7885,32.4526,33.7957,34.2711,34.5096,34.4499,34.0654,32.7292,32.1464,31.9339,32.273,33.0998,33.4067,33.5554,33.0178,32.5942,31.922,31.9785,32.4579,32.7796,32.6966,32.2505,31.7939,31.813,32.0764,32.1276,31.8754,31.4958,31.5668,31.6866,31.6203,31.3533,31.2774,31.3404,31.2475,31.0608,31.0626,31.0423,30.9123,30.8674,30.8427,30.7589,30.7059,30.6717,30.6,30.5629,30.5112,30.4694,30.4218,30.3844,30.3452,30.305,30.2629,30.2308,30.195,30.1621,30.1321,30.1052,30.0747,30.0474,30.0227,29.9958,29.9717,29.9503,29.9311,29.9103,29.8918,29.8723,29.8551,29.84,29.8267,29.8103,29.7983,29.7858,29.7751,29.7641,29.7547,29.7453,29.7373,29.7293,29.7216,29.7155,29.7098,29.7037,29.6998,29.695,29.6913,29.6878,29.6845,29.6821,29.6798,6.16731,5.96615,5.77083,5.58833,5.4046,5.23304,5.06123
0.97798,36.9267,34.8822,31.4094,30.0946,29.1901,28.7738,29.3486,30.0906,30.9946,31.9928,33.013,34.7892,35.3944,35.4318,35.2968,34.439,33.2813,32.1921,31.4898,31.3798,31.7908,32.4551,33.7979,34.2733,34.5116,34.4518,34.0669,32.7311,32.1485,31.936,32.2759,33.1025,33.4091,33.5578,33.02,32.5966,31.9246,31.9814,32.4613,32.7826,32.6995,32.2534,31.7969,31.8165,32.0799,32.1311,31.8788,31.4994,31.5706,31.6905,31.6242,31.3572,31.2816,31.3448,31.2518,31.0653,31.0672,31.047,30.917,30.8722,30.8477,30.764,30.7112,30.677,30.6054,30.5685,30.5169,30.4753,30.4279,30.3906,30.3515,30.3116,30.2696,30.2377,30.2021,30.1694,30.1396,30.1128,30.0826,30.0554,30.031,30.0043,29.9805,29.9592,29.9402,29.9196,29.9014,29.882,29.8651,29.8501,29.8371,29.8209,29.8091,29.7967,29.7862,29.7754,29.7659,29.7565,29.7485,29.7407,29.733,29.7266,29.7214,29.7153,29.7115,29.7067,29.7029,29.6994,29.696,29.6935,29.6912,29.6891,6.01926,5.82217,5.63798,5.45254,5.27942,5.10606
0.97961,36.9284,34.8836,31.4106,30.0956,29.1909,28.775,29.3503,30.0913,30.9969,31.9953,33.0149,34.7908,35.396,35.4333,35.2982,34.4404,33.2829,32.1929,31.4913,31.3817,31.7931,32.4568,33.7999,34.2753,34.5136,34.4536,34.0689,32.7328,32.1504,31.9388,32.2781,33.1049,33.4116,33.5602,33.0224,32.5988,31.9272,31.9844,32.4642,32.7857,32.7022,32.2562,31.7999,31.8198,32.0833,32.1344,31.882,31.5028,31.5743,31.6942,31.6279,31.3609,31.2856,31.3489,31.2558,31.0694,31.0715,31.0514,30.9215,30.8769,30.8525,30.7688,30.7162,30.6821,30.6106,30.5738,30.5224,30.4809,30.4336,30.3965,30.3575,30.3177,30.2759,30.2441,30.2087,30.1762,30.1466,30.12,30.0899,30.063,30.0388,30.0123,29.9886,29.9676,29.9488,29.9284,29.9104,29.8913,29.8745,29.8597,29.8469,29.8309,29.8191,29.807,29.7965,29.7859,29.7767,29.7675,29.7597,29.7519,29.7442,29.7379,29.7327,29.7267,29.7225,29.7178,29.7141,29.7108,29.7071,29.7046,29.7023,29.7004,29.6984,5.87433,5.68854,5.50146,5.33755,5.15179
0.98116,36.93,34.8849,31.4115,30.0976,29.1915,28.7752,29.3526,30.0928,30.9977,31.9969,33.0167,34.7925,35.3976,35.4348,35.2997,34.4417,33.2841,32.1939,31.4928,31.3829,31.7949,32.4588,33.802,34.2772,34.5154,34.4554,34.0707,32.7345,32.152,31.9412,32.2806,33.1074,33.414,33.5624,33.0244,32.6008,31.9293,31.9872,32.467,32.7884,32.7048,32.2588,31.8024,31.8229,32.0866,32.1375,31.8851,31.506,31.5778,31.6978,31.6314,31.3644,31.2894,31.3528,31.2597,31.0734,31.0757,31.0556,30.9257,30.8813,30.857,30.7733,30.7209,30.6869,30.6155,30.5789,30.5275,30.4862,30.439,30.402,30.3632,30.3235,30.2819,30.2503,30.215,30.1826,30.1532,30.1267,30.0969,30.0702,30.0461,30.0198,29.9964,29.9755,29.9569,29.9367,29.9188,29.8999,29.8833,29.8687,29.8558,29.8401,29.8285,29.8164,29.8062,29.7956,29.7865,29.7773,29.7696,29.7619,29.7543,29.748,29.7428,29.7368,29.7328,29.7281,29.7243,29.7207,29.7174,29.7148,29.7124,29.7102,29.7081,29.7063,5.74926,5.55346,5.37719,5.20045
0.98262,36.9314,34.886,31.4125,30.0973,29.1929,28.7771,29.3533,30.0951,30.9999,31.9983,33.0181,34.7938,35.3989,35.436,35.3007,34.4428,33.2854,32.1952,31.4944,31.3846,31.7964,32.4609,33.8038,34.279,34.517,34.457,34.0721,32.736,32.1535,31.9431,32.2826,33.1097,33.4163,33.5643,33.0263,32.6027,31.9315,31.9895,32.4695,32.791,32.7072,32.2611,31.8048,31.8258,32.0893,32.1402,31.8877,31.5089,31.581,31.701,31.6345,31.3675,31.2929,31.3562,31.2631,31.077,31.0793,31.0593,30.9295,30.8852,30.861,30.7774,30.7251,30.6912,30.6199,30.5834,30.5321,30.4909,30.4438,30.4069,30.3682,30.3287,30.2872,30.2557,30.2206,30.1884,30.159,30.1327,30.1031,30.0765,30.0525,30.0264,30.0032,29.9824,29.9639,29.9439,29.9262,29.9075,29.891,29.8765,29.8639,29.8482,29.8367,29.8248,29.8146,29.8041,29.7951,29.786,29.7783,29.7707,29.7631,29.7568,29.7517,29.7457,29.7418,29.737,29.7332,29.7297,29.7263,29.7237,29.7212,29.719,29.7169,29.7148,5.79836,5.60764,5.42955,5.26207
0.98402,36.9329,34.8872,31.4133,30.0998,29.1934,28.7782,29.3552,30.0956,31.0008,31.9999,33.0197,34.7954,35.4003,35.4374,35.302,34.4439,33.2864,32.1963,31.4958,31.386,31.7981,32.4625,33.8057,34.2808,34.5187,34.4584,34.0736,32.7374,32.1551,31.945,32.2848,33.1118,33.4183,33.5663,33.0283,32.6047,31.9337,31.9921,32.4723,32.7933,32.7096,32.2634,31.8073,31.8288,32.0922,32.1431,31.8905,31.5118,31.5841,31.7041,31.6377,31.3707,31.2962,31.3597,31.2666,31.0806,31.0831,31.0631,30.9334,30.8892,30.8651,30.7815,30.7294,30.6955,30.6243,30.588,30.5367,30.4956,30.4487,30.4119,30.3733,30.3339,30.2926,30.2612,30.2263,30.1942,30.165,30.1388,30.1093,30.0829,30.0591,30.0331,30.01,29.9895,29.9711,29.9512,29.9336,29.9151,29.8987,29.8844,29.8719,29.8563,29.8449,29.8331,29.823,29.8125,29.8036,29.7946,29.7869,29.7793,29.7718,29.7656,29.7604,29.7545,29.7505,29.7457,29.7419,29.7383,29.7349,29.7322,29.7298,29.7274,29.7253,29.7234,29.722,5.67799,5.49759,5.32394
0.98538,36.9343,34.8883,31.4136,30.1008,29.1951,28.7793,29.3555,30.0969,31.0023,32.0009,33.0211,34.7968,35.4017,35.4388,35.3033,34.445,33.2873,32.1975,31.4972,31.3879,31.8001,32.4643,33.8074,34.2824,34.5203,34.46,34.0751,32.7389,32.1569,31.9469,32.2871,33.1139,33.4203,33.5683,33.0299,32.6066,31.9357,31.9946,32.4747,32.7957,32.712,32.2657,31.8097,31.8315,32.0951,32.1458,31.8932,31.5146,31.5873,31.7073,31.6408,31.3738,31.2997,31.3632,31.27,31.0841,31.0868,31.0668,30.9371,30.8932,30.8691,30.7856,30.7336,30.6998,30.6286,30.5924,30.5413,30.5003,30.4535,30.4168,30.3783,30.339,30.2979,30.2666,30.2317,30.1998,30.1707,30.1447,30.1153,30.089,30.0654,30.0396,30.0167,29.9962,29.978,29.9583,29.9408,29.9224,29.9062,29.892,29.8795,29.8641,29.8528,29.8411,29.8311,29.8207,29.8118,29.8029,29.7953,29.7877,29.7802,29.774,29.7689,29.763,29.759,29.7542,29.7504,29.7468,29.7433,29.7406,29.7381,29.7358,29.7336,29.7316,29.7302,29.7285,5.59333,5.40951
0.98668,36.9355,34.8891,31.4149,30.1002,29.1961,28.779,29.3567,30.0984,31.0036,32.0024,33.0225,34.7981,35.4029,35.44,35.3043,34.446,33.2879,32.1985,31.4984,31.389,31.8015,32.4659,33.8089,34.2842,34.5218,34.4615,34.0764,32.7402,32.1581,31.9487,32.289,33.116,33.4224,33.5701,33.0317,32.6082,31.9376,31.9969,32.477,32.798,32.714,32.2676,31.8118,31.8341,32.0977,32.1483,31.8956,31.5171,31.59,31.7101,31.6435,31.3766,31.3025,31.3663,31.273,31.0872,31.09,31.0701,30.9404,30.8966,30.8726,30.7891,30.7372,30.7035,30.6324,30.5963,30.5453,30.5044,30.4577,30.421,30.3827,30.3435,30.3025,30.2713,30.2366,30.2048,30.1758,30.1499,30.1207,30.0945,30.071,30.0453,30.0225,30.0022,29.9841,29.9645,29.9472,29.9289,29.9128,29.8987,29.8864,29.8711,29.8599,29.8483,29.8383,29.828,29.8192,29.8104,29.8028,29.7953,29.7879,29.7817,29.7766,29.7707,29.7667,29.7619,29.7581,29.7544,29.751,29.7483,29.7457,29.7433,29.7411,29.739,29.7376,29.7359,5.70941,5.52155
0.98794,36.9368,34.8903,31.416,30.1015,29.196,28.7807,29.358,30.1001,31.0047,32.0037,33.0238,34.7994,35.404,35.4412,35.3053,34.447,33.2887,32.1999,31.4995,31.3909,31.8033,32.4676,33.8107,34.2856,34.5233,34.4629,34.0777,32.7414,32.1598,31.9509,32.2909,33.1179,33.4242,33.5719,33.0334,32.6099,31.9394,31.9991,32.4792,32.8002,32.7162,32.2698,31.8141,31.8365,32.1004,32.1508,31.8981,31.5197,31.5929,31.713,31.6464,31.3794,31.3058,31.3694,31.2762,31.0905,31.0934,31.0735,30.944,30.9002,30.8763,30.7928,30.7411,30.7074,30.6365,30.6005,30.5495,30.5086,30.4621,30.4255,30.3873,30.3482,30.3073,30.2762,30.2417,30.2099,30.1811,30.1553,30.1262,30.1002,30.0768,30.0513,30.0286,30.0084,29.9904,29.9709,29.9537,29.9355,29.9196,29.9056,29.8933,29.8782,29.8671,29.8555,29.8456,29.8354,29.8267,29.8178,29.8103,29.8029,29.7955,29.7893,29.7842,29.7783,29.7743,29.7695,29.7657,29.762,29.7585,29.7557,29.7532,29.7507,29.7484,29.7464,29.7448,29.7431,29.7419,5.63107
0.98914,36.9381,34.8913,31.4168,30.1027,29.197,28.782,29.3587,30.1012,31.0056,32.0046,33.0251,34.8007,35.4054,35.4423,35.3064,34.4477,33.2904,32.201,31.5008,31.3922,31.8043,32.4696,33.8123,34.2871,34.5247,34.4643,34.0789,32.7428,32.1612,31.9523,32.2928,33.12,33.4261,33.5736,33.0351,32.6115,31.9412,32.001,32.4816,32.8024,32.7182,32.2718,31.8163,31.8388,32.1029,32.1532,31.9005,31.5223,31.5956,31.7158,31.6491,31.3821,31.3087,31.3724,31.2792,31.0936,31.0966,31.0768,30.9472,30.9036,30.8797,30.7963,30.7448,30.7111,30.6403,30.6044,30.5534,30.5127,30.4662,30.4298,30.3917,30.3527,30.3119,30.2809,30.2464,30.2148,30.1861,30.1604,30.1315,30.1055,30.0823,30.0569,30.0343,30.0143,29.9964,29.977,29.9599,29.9419,29.926,29.9121,29.9,29.8849,29.8739,29.8624,29.8526,29.8425,29.8338,29.825,29.8176,29.8101,29.8028,29.7966,29.7916,29.7857,29.7816,29.7769,29.773,29.7693,29.7658,29.763,29.7604,29.7579,29.7556,29.7535,29.7519,29.7501,29.7488,29.7473
0.99026,36.9392,34.8921,31.4155,30.1038,29.1968,28.7828,29.3607,30.1028,31.0078,32.0057,33.0267,34.8018,35.4064,35.4433,35.3072,34.4489,33.2913,32.2017,31.5016,31.3928,31.8057,32.4707,33.8135,34.2883,34.526,34.4653,34.0801,32.7437,32.1623,31.9539,32.2944,33.1215,33.4277,33.575,33.0365,32.613,31.9428,32.0028,32.4834,32.8042,32.72,32.2735,31.8181,31.841,32.105,32.1553,31.9026,31.5244,31.598,31.7182,31.6514,31.3845,31.3113,31.375,31.2818,31.0961,31.0994,31.0797,30.95,30.9066,30.8828,30.7994,30.7479,30.7144,30.6436,30.6077,30.5569,30.5162,30.4699,30.4335,30.3954,30.3565,30.3158,30.2849,30.2506,30.2191,30.1904,30.1648,30.136,30.1102,30.087,30.0617,30.0393,30.0193,30.0015,29.9822,29.9652,29.9473,29.9315,29.9177,29.9056,29.8907,29.8797,29.8683,29.8585,29.8484,29.8398,29.831,29.8237,29.8163,29.8089,29.8028,29.7977,29.7918,29.7877,29.783,29.7792,29.7754,29.7718,29.769,29.7664,29.7638,29.7615,29.7593,29.7577,29.7559,29.7546,29.7531
0.99121,36.9401,34.893,31.418,30.1045,29.1979,28.7824,29.3608,30.1025,31.0081,32.0068,33.0274,34.8027,35.4074,35.4443,35.3082,34.4497,33.292,32.2022,31.5021,31.3944,31.807,32.4719,33.8149,34.2895,34.5271,34.4665,34.0812,32.7451,32.1633,31.9553,32.296,33.1229,33.4293,33.5765,33.0378,32.6143,31.9442,32.0046,32.4853,32.806,32.7217,32.2752,31.8197,31.8429,32.1071,32.1573,31.9045,31.5264,31.6002,31.7204,31.6536,31.3867,31.3136,31.3775,31.2842,31.0987,31.102,31.0822,30.9527,30.9093,30.8856,30.8022,30.7509,30.7173,30.6466,30.6109,30.5601,30.5195,30.4732,30.4369,30.3989,30.3601,30.3195,30.2887,30.2544,30.223,30.1944,30.1689,30.1402,30.1144,30.0913,30.0662,30.0438,30.0239,30.0062,29.9871,29.9701,29.9523,29.9366,29.9228,29.9108,29.8959,29.885,29.8737,29.8639,29.8539,29.8453,29.8367,29.8293,29.8218,29.8145,29.8084,29.8034,29.7974,29.7933,29.7886,29.7848,29.781,29.7774,29.7746,29.7719,29.7694,29.767,29.7648,29.7631,29.7612,29.7599,29.7584
0.99213,36.941,34.8937,31.4188,30.105,29.1982,28.783,29.3617,30.1035,31.0093,32.0074,33.0281,34.8036,35.4082,35.4451,35.309,34.4501,33.2927,32.2033,31.5029,31.3952,31.8084,32.4731,33.8157,34.2907,34.5281,34.4673,34.0821,32.7459,32.1643,31.9566,32.2973,33.1244,33.4306,33.5777,33.0391,32.6154,31.9454,32.0061,32.4869,32.8075,32.7232,32.2766,31.8212,31.8447,32.1087,32.159,31.9062,31.5282,31.6022,31.7224,31.6556,31.3886,31.3157,31.3796,31.2863,31.1009,31.1043,31.0846,30.955,30.9118,30.888,30.8047,30.7535,30.72,30.6493,30.6136,30.5629,30.5224,30.4761,30.4399,30.402,30.3632,30.3227,30.292,30.2578,30.2264,30.198,30.1725,30.1438,30.1182,30.0952,30.0701,30.0478,30.028,30.0104,29.9913,29.9744,29.9567,29.941,29.9274,29.9154,29.9006,29.8897,29.8784,29.8687,29.8587,29.8502,29.8415,29.8342,29.8268,29.8195,29.8134,29.8083,29.8024,29.7981,29.7936,29.7898,29.786,29.7824,29.7795,29.7768,29.7742,29.7718,29.7696,29.7679,29.766,29.7645,29.7629
0.99304,36.9418,34.8944,31.4187,30.1056,29.2,28.7845,29.3627,30.1046,31.01,32.0091,33.0295,34.8047,35.4092,35.4459,35.3097,34.4511,33.2934,32.2045,31.5048,31.3959,31.8089,32.474,33.8171,34.2914,34.5294,34.4684,34.0828,32.7467,32.1653,31.9578,32.299,33.1258,33.4318,33.5789,33.0402,32.6166,31.9467,32.0078,32.4883,32.809,32.7246,32.2783,31.8226,31.8466,32.1105,32.1607,31.9078,31.53,31.6042,31.7243,31.6575,31.3906,31.3178,31.3818,31.2884,31.1031,31.1065,31.0868,30.9573,30.9142,30.8905,30.8072,30.756,30.7226,30.652,30.6163,30.5657,30.5252,30.479,30.4428,30.405,30.3663,30.3259,30.2952,30.2611,30.2298,30.2014,30.176,30.1474,30.1219,30.099,30.074,30.0518,30.032,30.0145,29.9955,29.9787,29.961,29.9454,29.9318,29.9199,29.9052,29.8943,29.8831,29.8734,29.8635,29.8551,29.8464,29.8391,29.8317,29.8244,29.8184,29.8133,29.8073,29.8034,29.7986,29.7948,29.7909,29.7875,29.7846,29.7817,29.7792,29.7767,29.7744,29.7726,29.7708,29.7693,29.7676
0.995,36.9438,34.8957,31.4204,30.1062,29.2013,28.7848,29.3644,30.1063,31.0118,32.0113,33.0316,34.8066,35.4111,35.4477,35.3114,34.4524,33.2949,32.2055,31.5057,31.398,31.8114,32.4767,33.8197,34.2942,34.5314,34.4704,34.085,32.7489,32.1676,31.9606,32.3017,33.1289,33.4348,33.5817,33.0428,32.6192,31.9498,32.0111,32.492,32.8125,32.7278,32.2812,31.826,31.8505,32.1146,32.1645,31.9115,31.534,31.6085,31.7287,31.6617,31.3948,31.3225,31.3865,31.2932,31.1079,31.1116,31.0921,30.9625,30.9196,30.896,30.8128,30.7618,30.7284,30.6579,30.6225,30.5719,30.5316,30.4856,30.4495,30.4118,30.3733,30.3331,30.3025,30.2685,30.2374,30.2092,30.184,30.1556,30.1302,30.1074,30.0826,30.0606,30.041,30.0236,30.0048,29.9881,29.9706,29.9552,29.9417,29.9299,29.9153,29.9046,29.8935,29.8839,29.8741,29.8658,29.8571,29.8498,29.8425,29.8353,29.8292,29.8242,29.8184,29.8143,29.8095,29.8056,29.8017,29.7981,29.7952,29.7924,29.7898,29.7872,29.7849,29.7832,29.7811,29.7796,29.7779
0.999,36.9478,34.8991,31.4231,30.1093,29.2026,28.789,29.3681,30.1102,31.0156,32.015,33.0354,34.8108,35.415,35.4513,35.3147,34.4555,33.2978,32.2087,31.5099,31.4025,31.8166,32.4818,33.8247,34.2991,34.5361,34.475,34.0892,32.7531,32.1722,31.9665,32.3079,33.1351,33.4409,33.5873,33.0482,32.6245,31.9557,32.018,32.4993,32.8196,32.7346,32.2877,31.8331,31.8584,32.1227,32.1725,31.9194,31.5421,31.6173,31.7378,31.6706,31.4038,31.3321,31.3964,31.3029,31.118,31.122,31.1026,30.9733,30.9308,30.9074,30.8242,30.7737,30.7405,30.6703,30.6352,30.5848,30.5448,30.4991,30.4632,30.4259,30.3876,30.3478,30.3175,30.2839,30.2531,30.2252,30.2003,30.1722,30.1472,30.1247,30.1003,30.0786,30.0593,30.0421,30.0236,30.0073,29.99,29.9749,29.9616,29.95,29.9356,29.9251,29.9141,29.9047,29.895,29.8866,29.8782,29.8709,29.8636,29.8565,29.8504,29.8454,29.8395,29.8353,29.8305,29.8265,29.8226,29.8189,29.8158,29.8128,29.8101,29.8074,29.805,29.803,29.8009,29.7992,29.7973
