,0.3761,0.39315,0.4102,0.42725,0.4443,0.46135,0.4784,0.49545,0.5125,0.52955,0.5466,0.56365,0.5807,0.59775,0.6148,0.63185,0.6489,0.66595,0.683,0.70005,0.7171,0.73415,0.7512,0.76825,0.7853,0.80235,0.8194,0.83645,0.8535,0.87055,0.8876,0.90465,0.9217,0.93875,0.9558,0.97285,0.9899,1.00695,1.04105,1.07515,1.10925,1.14335,1.17745,1.21155,1.24565,1.2968,1.34795,1.41615,1.4673,1.5355,1.6037,1.65485,1.7401,1.8083,1.8765,2.047,2.13225,2.22602,2.3198,2.41357,2.51587,2.6267,2.73752,2.84835,2.9677,3.09557,3.22345,3.35985,3.50477,3.6497,3.80315,3.9566,4.1271,4.2976,4.48515,4.6727,4.86877,5.07337,5.2865,5.50815,5.73832,5.97702,6.23277,6.48852,6.76132,7.05117,7.34955,7.65645,7.97187,8.31287,8.6624,9.02897,9.40407,9.79622,10.214,10.6402,11.0835,11.5524,12.0383,12.5413,13.0698,13.6239,14.1951,14.7919,15.4057,16.0536,16.727,17.4346,18.1678,18.9265,19.7279,20.5548,21.4158,22.3194,23.2572,24.2291,25.2521,26.3091,27.4174,28.5683,29.7618,31.0149,32.3193,33.6748,35.0899,36.5647,38.0992,39.7019,41.3728,43.1034,44.9192,46.8033,48.7725,50.8185
1e-08,17.3805,16.2857,11.9513,5.46866,2.11331,0.679082,0.250767,0.0988054,0.0415302,0.0190025,0.00962337,0.0054172,0.00336273,0.00226765,0.00163437,0.00124108,0.000981769,0.000802164,0.000672644,0.000576088,0.000502091,0.000444046,0.000397603,0.0003598,0.000328567,0.00030242,0.000280273,0.00026132,0.000244944,0.000230675,0.000218145,0.000207066,0.000197204,0.000188373,0.000180424,0.000173231,0.000166691,0.00016072,0.000150206,0.00014124,0.000133496,0.00012673,0.000120759,0.000115445,0.000110677,0.000104355,9.88634e-05,9.25384e-05,8.83938e-05,8.3503e-05,7.9204e-05,7.62997e-05,7.19631e-05,6.88732e-05,6.60655e-05,5.89031e-05,5.63123e-05,5.41475e-05,5.19508e-05,4.99251e-05,4.78879e-05,4.58613e-05,4.39985e-05,4.22816e-05,4.05764e-05,3.88955e-05,3.73483e-05,3.58285e-05,3.43432e-05,3.29764e-05,3.16429e-05,3.04128e-05,2.90935e-05,2.79948e-05,2.68221e-05,2.57435e-05,2.47049e-05,2.37069e-05,2.27129e-05,2.18329e-05,2.09557e-05,2.01177e-05,1.9291e-05,1.85296e-05,1.77812e-05,1.70493e-05,1.63373e-05,1.57e-05,1.50781e-05,1.44589e-05,1.38749e-05,1.33111e-05,1.27797e-05,1.22677e-05,1.17557e-05,1.12847e-05,1.08334e-05,1.04014e-05,9.98126e-06,9.58066e-06,9.193e-06,8.81881e-06,8.46377e-06,8.12212e-06,7.79834e-06,7.48343e-06,7.18201e-06,6.89037e-06,6.61216e-06,6.34699e-06,6.08641e-06,5.84398e-06,5.60893e-06,5.3797e-06,5.16278e-06,4.95744e-06,4.75657e-06,4.56538e-06,4.38077e-06,4.20426e-06,4.0356e-06,3.87251e-06,3.71617e-06,3.56656e-06,3.42267e-06,3.28459e-06,3.15227e-06,3.025e-06,2.9028e-06,2.78624e-06,2.67358e-06,2.56546e-06,2.46232e-06,2.36316e-06
1.2e-08,18.2186,17.2132,13.5538,6.62086,2.85889,0.859685,0.306296,0.119339,0.0499629,0.0228273,0.0115538,0.00650235,0.00403591,0.00272148,0.0019614,0.00148939,0.00117818,0.000962637,0.000807201,0.000691327,0.000602525,0.00053287,0.000477135,0.00043177,0.000394288,0.000362911,0.000336335,0.000313589,0.000293938,0.000276815,0.000261779,0.000248483,0.000236648,0.000226052,0.000216512,0.00020788,0.000200032,0.000192866,0.000180249,0.00016949,0.000160196,0.000152077,0.000144913,0.000138535,0.000132814,0.000125228,0.000118637,0.000111048,0.000106073,0.000100204,9.50457e-05,9.15609e-05,8.63567e-05,8.26491e-05,7.92791e-05,7.06841e-05,6.75755e-05,6.49777e-05,6.23416e-05,5.99106e-05,5.74663e-05,5.50337e-05,5.27989e-05,5.07383e-05,4.8692e-05,4.66749e-05,4.48186e-05,4.29943e-05,4.12123e-05,3.95718e-05,3.79717e-05,3.64957e-05,3.49126e-05,3.35942e-05,3.21867e-05,3.08924e-05,2.96462e-05,2.84486e-05,2.72558e-05,2.61997e-05,2.51471e-05,2.41414e-05,2.31495e-05,2.22359e-05,2.13374e-05,2.04594e-05,1.9605e-05,1.88401e-05,1.80939e-05,1.73509e-05,1.66501e-05,1.59735e-05,1.53358e-05,1.47213e-05,1.4107e-05,1.35418e-05,1.30002e-05,1.24818e-05,1.19776e-05,1.14969e-05,1.10317e-05,1.05827e-05,1.01566e-05,9.74661e-06,9.3581e-06,8.98019e-06,8.61845e-06,8.26851e-06,7.93469e-06,7.61645e-06,7.30378e-06,7.01288e-06,6.73079e-06,6.45571e-06,6.19541e-06,5.949e-06,5.70792e-06,5.47851e-06,5.25699e-06,5.04515e-06,4.84277e-06,4.64703e-06,4.45943e-06,4.2799e-06,4.10724e-06,3.94155e-06,3.78275e-06,3.63002e-06,3.4834e-06,3.3435e-06,3.20832e-06,3.07859e-06,2.9548e-06,2.83582e-06
1.44e-08,18.9934,18.0803,14.8631,7.98846,3.67293,1.10659,0.375736,0.144343,0.0601395,0.027428,0.0138729,0.00780529,0.00484402,0.00326618,0.0023539,0.00178739,0.0014139,0.00115522,0.000968683,0.000829624,0.000723055,0.000639462,0.000572578,0.000518137,0.000473158,0.000435503,0.00040361,0.000376315,0.000352732,0.000332184,0.000314141,0.000298185,0.000283983,0.000271267,0.000259819,0.00024946,0.000240042,0.000231443,0.000216302,0.000203391,0.000192238,0.000182495,0.000173897,0.000166245,0.000159379,0.000150275,0.000142366,0.000133259,0.00012729,0.000120247,0.000114056,0.000109874,0.000103629,9.91801e-05,9.51361e-05,8.48223e-05,8.10915e-05,7.79741e-05,7.48106e-05,7.18936e-05,6.89602e-05,6.60412e-05,6.33591e-05,6.08869e-05,5.8431e-05,5.60106e-05,5.37828e-05,5.15938e-05,4.9455e-05,4.74868e-05,4.55666e-05,4.37953e-05,4.18956e-05,4.03135e-05,3.86246e-05,3.70713e-05,3.55759e-05,3.41388e-05,3.27073e-05,3.14398e-05,3.01769e-05,2.89701e-05,2.77797e-05,2.66833e-05,2.56053e-05,2.45515e-05,2.35263e-05,2.26084e-05,2.17129e-05,2.08213e-05,1.99803e-05,1.91684e-05,1.84031e-05,1.76658e-05,1.69285e-05,1.62504e-05,1.56004e-05,1.49783e-05,1.43733e-05,1.37964e-05,1.32381e-05,1.26994e-05,1.21881e-05,1.16961e-05,1.12298e-05,1.07764e-05,1.03423e-05,9.92232e-06,9.52171e-06,9.13985e-06,8.76463e-06,8.41551e-06,8.07703e-06,7.74694e-06,7.43457e-06,7.13889e-06,6.84957e-06,6.57428e-06,6.30844e-06,6.05424e-06,5.81139e-06,5.57651e-06,5.3514e-06,5.13594e-06,4.92876e-06,4.72991e-06,4.53936e-06,4.35609e-06,4.18011e-06,4.01224e-06,3.85003e-06,3.69435e-06,3.5458e-06,3.40302e-06
1.73e-08,19.7391,18.9255,15.999,9.67927,4.47576,1.45885,0.464133,0.175103,0.0725207,0.033003,0.0166788,0.00938077,0.00582089,0.00392457,0.00282827,0.00214755,0.00169876,0.00138795,0.00116382,0.000996746,0.000868706,0.000768271,0.000687912,0.000622503,0.000568462,0.000523223,0.000484905,0.000452111,0.000423779,0.000399091,0.000377413,0.000358243,0.00034118,0.000325903,0.000312149,0.000299704,0.00028839,0.000278058,0.000259868,0.000244356,0.000230957,0.000219251,0.000208922,0.000199728,0.00019148,0.000180541,0.00017104,0.000160098,0.000152927,0.000144466,0.000137028,0.000132003,0.000124501,0.000119155,0.000114297,0.000101906,9.74236e-05,9.36782e-05,8.98778e-05,8.63731e-05,8.28491e-05,7.93423e-05,7.612e-05,7.31496e-05,7.01993e-05,6.72913e-05,6.4615e-05,6.19851e-05,5.94157e-05,5.70508e-05,5.47438e-05,5.26161e-05,5.03335e-05,4.84329e-05,4.64036e-05,4.45377e-05,4.2741e-05,4.10144e-05,3.92947e-05,3.7772e-05,3.62547e-05,3.48047e-05,3.33746e-05,3.20574e-05,3.07623e-05,2.94963e-05,2.82645e-05,2.71619e-05,2.6086e-05,2.50148e-05,2.40045e-05,2.3029e-05,2.21096e-05,2.12238e-05,2.0338e-05,1.95233e-05,1.87424e-05,1.7995e-05,1.72681e-05,1.65752e-05,1.59043e-05,1.52571e-05,1.46428e-05,1.40518e-05,1.34916e-05,1.29468e-05,1.24252e-05,1.19207e-05,1.14395e-05,1.09807e-05,1.05299e-05,1.01105e-05,9.70378e-06,9.3072e-06,8.93192e-06,8.57668e-06,8.22912e-06,7.89836e-06,7.579e-06,7.27358e-06,6.98183e-06,6.69964e-06,6.4292e-06,6.17033e-06,5.92143e-06,5.68254e-06,5.45362e-06,5.23342e-06,5.02201e-06,4.82034e-06,4.62544e-06,4.4384e-06,4.25994e-06,4.0884e-06
2.07e-08,20.4577,19.7533,17.0167,11.497,5.27721,1.95409,0.574843,0.211963,0.0871562,0.0395617,0.0199735,0.0112294,0.00696675,0.00469673,0.00338457,0.00256987,0.0020328,0.00166085,0.00139265,0.0011927,0.00103948,0.000919301,0.000823141,0.000744873,0.000680207,0.000626073,0.000580222,0.000540981,0.000507078,0.000477538,0.000451598,0.000428659,0.000408244,0.000389964,0.000373506,0.000358614,0.000345075,0.000332712,0.000310947,0.000292386,0.000276353,0.000262346,0.000249987,0.000238985,0.000229116,0.000216027,0.000204658,0.000191566,0.000182984,0.00017286,0.00016396,0.000157949,0.000148972,0.000142576,0.000136763,0.000121935,0.000116572,0.000112091,0.000107543,0.00010335,9.91333e-05,9.49372e-05,9.10816e-05,8.75271e-05,8.39969e-05,8.05175e-05,7.73151e-05,7.41682e-05,7.10939e-05,6.82643e-05,6.55038e-05,6.29576e-05,6.02266e-05,5.79523e-05,5.55244e-05,5.32917e-05,5.11418e-05,4.90758e-05,4.70181e-05,4.51961e-05,4.33804e-05,4.16456e-05,3.99344e-05,3.83583e-05,3.68087e-05,3.52937e-05,3.38199e-05,3.25005e-05,3.12132e-05,2.99314e-05,2.87226e-05,2.75553e-05,2.64552e-05,2.53953e-05,2.43355e-05,2.33606e-05,2.24263e-05,2.15319e-05,2.06622e-05,1.9833e-05,1.90304e-05,1.82559e-05,1.75209e-05,1.68136e-05,1.61433e-05,1.54915e-05,1.48674e-05,1.42637e-05,1.36879e-05,1.31389e-05,1.25995e-05,1.20977e-05,1.16111e-05,1.11365e-05,1.06875e-05,1.02624e-05,9.84657e-06,9.45079e-06,9.06864e-06,8.70321e-06,8.3541e-06,8.01646e-06,7.69285e-06,7.38311e-06,7.08527e-06,6.79944e-06,6.52551e-06,6.26204e-06,6.00909e-06,5.76779e-06,5.53457e-06,5.31077e-06,5.09723e-06,4.89199e-06
2.49e-08,21.2031,20.6198,18.0273,13.1906,6.19339,2.63306,0.724052,0.258744,0.105418,0.0476969,0.0240515,0.0135154,0.00838309,0.00565095,0.00407195,0.0030917,0.00244551,0.001998,0.00167533,0.00143479,0.00125047,0.00110589,0.000990205,0.000896047,0.000818255,0.000753133,0.000697976,0.000650768,0.000609985,0.000574448,0.000543244,0.00051565,0.00049109,0.0004691,0.000449302,0.000431387,0.000415101,0.00040023,0.000374047,0.000351719,0.000332432,0.000315583,0.000300716,0.000287482,0.000275609,0.000259865,0.000246189,0.000230439,0.000220117,0.000207938,0.000197232,0.000190001,0.000179201,0.000171508,0.000164515,0.000146679,0.000140227,0.000134836,0.000129366,0.000124322,0.000119249,0.000114202,0.000109564,0.000105289,0.000101042,9.68562e-05,9.30038e-05,8.92187e-05,8.55201e-05,8.21164e-05,7.87957e-05,7.57331e-05,7.24479e-05,6.97121e-05,6.67914e-05,6.41058e-05,6.15195e-05,5.90343e-05,5.65591e-05,5.43673e-05,5.21833e-05,5.00963e-05,4.8038e-05,4.61419e-05,4.42779e-05,4.24556e-05,4.06827e-05,3.90956e-05,3.7547e-05,3.60052e-05,3.45511e-05,3.3147e-05,3.18236e-05,3.05485e-05,2.92737e-05,2.8101e-05,2.6977e-05,2.59012e-05,2.4855e-05,2.38575e-05,2.28921e-05,2.19604e-05,2.10762e-05,2.02254e-05,1.94192e-05,1.8635e-05,1.78843e-05,1.71582e-05,1.64654e-05,1.58051e-05,1.51562e-05,1.45525e-05,1.39672e-05,1.33964e-05,1.28562e-05,1.23449e-05,1.18446e-05,1.13685e-05,1.09089e-05,1.04693e-05,1.00493e-05,9.64318e-06,9.25389e-06,8.88131e-06,8.52303e-06,8.17918e-06,7.84968e-06,7.53273e-06,7.22846e-06,6.93818e-06,6.65765e-06,6.38844e-06,6.13158e-06,5.88466e-06
2.99e-08,21.9527,21.4804,19.026,14.6054,7.29014,3.37037,0.922106,0.316355,0.127426,0.0574304,0.0289175,0.01624,0.0100704,0.00678748,0.00489057,0.00371308,0.00293693,0.00239947,0.00201192,0.00172304,0.00150167,0.00132804,0.00118911,0.00107603,0.000982613,0.000904407,0.000838169,0.000781478,0.000732502,0.000689826,0.000652354,0.000619218,0.000589724,0.000563316,0.000539542,0.00051803,0.000498472,0.000480613,0.000449171,0.000422358,0.000399197,0.000378964,0.000361111,0.000345219,0.000330962,0.000312054,0.000295632,0.000276719,0.000264324,0.000249699,0.000236843,0.000228159,0.000215191,0.000205952,0.000197555,0.000176136,0.000168389,0.000161916,0.000155347,0.000149289,0.000143198,0.000137137,0.000131568,0.000126434,0.000121334,0.000116308,0.000111682,0.000107137,0.000102695,9.86079e-05,9.46204e-05,9.09428e-05,8.69977e-05,8.37124e-05,8.02052e-05,7.69801e-05,7.38745e-05,7.08902e-05,6.79179e-05,6.52861e-05,6.26633e-05,6.01573e-05,5.76854e-05,5.54088e-05,5.31703e-05,5.09819e-05,4.88531e-05,4.69471e-05,4.50876e-05,4.32362e-05,4.14899e-05,3.98038e-05,3.82148e-05,3.66836e-05,3.51527e-05,3.37445e-05,3.23948e-05,3.1103e-05,2.98466e-05,2.86488e-05,2.74894e-05,2.63707e-05,2.5309e-05,2.42873e-05,2.33192e-05,2.23775e-05,2.14761e-05,2.06041e-05,1.97722e-05,1.89792e-05,1.82001e-05,1.74751e-05,1.67723e-05,1.60868e-05,1.54381e-05,1.48241e-05,1.42234e-05,1.36517e-05,1.30997e-05,1.25718e-05,1.20675e-05,1.15798e-05,1.11123e-05,1.06649e-05,1.02347e-05,9.82181e-06,9.42615e-06,9.04554e-06,8.68015e-06,8.33158e-06,7.99472e-06,7.67143e-06,7.36298e-06,7.06648e-06
3.58e-08,22.6991,22.2941,20.0042,15.8337,8.67968,4.07883,1.19125,0.387236,0.153783,0.0689852,0.0346749,0.0194597,0.0120632,0.00812937,0.00585694,0.00444656,0.00351697,0.00287328,0.00240918,0.00206323,0.00179814,0.00159021,0.00142385,0.00128845,0.00117658,0.00108293,0.00100361,0.000935731,0.000877084,0.000825984,0.000781115,0.000741436,0.00070612,0.0006745,0.000646032,0.000620273,0.000596855,0.000575471,0.000537823,0.000505718,0.000477985,0.000453758,0.000432381,0.000413352,0.000396281,0.000373642,0.000353978,0.000331332,0.00031649,0.000298979,0.000283586,0.000273188,0.000257661,0.000246598,0.000236544,0.000210898,0.000201622,0.000193871,0.000186006,0.000178753,0.000171459,0.000164202,0.000157534,0.000151386,0.00014528,0.000139262,0.000133723,0.00012828,0.000122963,0.000118069,0.000113294,0.000108891,0.000104167,0.000100233,9.60342e-05,9.21726e-05,8.84541e-05,8.48808e-05,8.1322e-05,7.81706e-05,7.50304e-05,7.20297e-05,6.907e-05,6.63439e-05,6.36638e-05,6.10436e-05,5.84946e-05,5.62125e-05,5.39859e-05,5.17691e-05,4.96783e-05,4.76594e-05,4.57567e-05,4.39234e-05,4.20904e-05,4.04042e-05,3.87882e-05,3.72413e-05,3.57371e-05,3.43029e-05,3.29147e-05,3.15751e-05,3.03038e-05,2.90806e-05,2.79213e-05,2.67939e-05,2.57145e-05,2.46704e-05,2.36744e-05,2.27249e-05,2.1792e-05,2.09239e-05,2.00824e-05,1.92616e-05,1.8485e-05,1.77498e-05,1.70304e-05,1.6346e-05,1.5685e-05,1.5053e-05,1.44491e-05,1.38652e-05,1.33054e-05,1.27697e-05,1.22546e-05,1.17602e-05,1.12864e-05,1.08307e-05,1.03932e-05,9.97586e-06,9.57253e-06,9.18545e-06,8.81612e-06,8.46112e-06
4.3e-08,23.4472,23.0521,20.9451,17.0084,10.4612,4.80523,1.5829,0.478425,0.186537,0.0831886,0.0417246,0.0233957,0.0144977,0.00976809,0.00703685,0.005342,0.00422505,0.00345167,0.00289407,0.00247847,0.00215999,0.0019102,0.00171036,0.00154769,0.0014133,0.00130082,0.00120554,0.00112399,0.00105354,0.000992161,0.000938262,0.000890599,0.000848176,0.000810193,0.000775999,0.000745057,0.000716926,0.00069124,0.000646017,0.000607453,0.00057414,0.000545039,0.000519361,0.000496504,0.000475998,0.000448805,0.000425185,0.000397984,0.000380156,0.000359122,0.000340633,0.000328143,0.000309492,0.000296203,0.000284127,0.000253321,0.00024218,0.000232869,0.000223422,0.00021471,0.000205949,0.000197233,0.000189222,0.000181838,0.000174504,0.000167276,0.000160622,0.000154085,0.000147698,0.000141819,0.000136084,0.000130795,0.000125121,0.000120396,0.000115352,0.000110714,0.000106247,0.000101955,9.76805e-05,9.38952e-05,9.01232e-05,8.65189e-05,8.29639e-05,7.96895e-05,7.64702e-05,7.33229e-05,7.02612e-05,6.752e-05,6.48455e-05,6.21828e-05,5.96713e-05,5.72464e-05,5.49609e-05,5.27589e-05,5.05571e-05,4.85318e-05,4.65907e-05,4.47327e-05,4.29258e-05,4.12031e-05,3.95357e-05,3.79267e-05,3.63997e-05,3.49303e-05,3.35379e-05,3.21836e-05,3.08872e-05,2.9633e-05,2.84366e-05,2.72961e-05,2.61756e-05,2.5133e-05,2.41221e-05,2.31362e-05,2.22034e-05,2.13203e-05,2.04562e-05,1.96341e-05,1.88402e-05,1.8081e-05,1.73557e-05,1.66542e-05,1.59819e-05,1.53385e-05,1.47197e-05,1.41259e-05,1.35568e-05,1.30094e-05,1.24839e-05,1.19826e-05,1.14981e-05,1.10332e-05,1.05895e-05,1.01631e-05
5.16e-08,24.1545,23.7208,21.7775,18.1578,12.2949,5.59446,2.13899,0.594986,0.226547,0.100305,0.0501787,0.0281069,0.017409,0.0117271,0.00844707,0.00641207,0.00507113,0.00414275,0.00347343,0.00297457,0.00259231,0.00229249,0.00205263,0.0018574,0.00169612,0.0015611,0.00144676,0.00134889,0.00126435,0.00119067,0.00112599,0.00106878,0.00101787,0.00097229,0.000931252,0.000894118,0.000860359,0.000829533,0.000775261,0.00072898,0.000689003,0.000654078,0.000623263,0.000595833,0.000571224,0.000538591,0.000510245,0.000477602,0.000456207,0.000430965,0.000408777,0.000393788,0.000371406,0.000355459,0.000340967,0.000303997,0.000290627,0.000279454,0.000268116,0.000257662,0.000247149,0.000236688,0.000227076,0.000218214,0.000209413,0.000200739,0.000192754,0.000184909,0.000177244,0.00017019,0.000163307,0.00015696,0.000150151,0.000144481,0.000138428,0.000132862,0.000127502,0.000122351,0.000117221,0.000112679,0.000108152,0.000103827,9.95606e-05,9.56311e-05,9.17678e-05,8.7991e-05,8.43166e-05,8.10273e-05,7.78178e-05,7.46223e-05,7.16084e-05,6.86983e-05,6.59556e-05,6.33131e-05,6.06709e-05,5.82404e-05,5.5911e-05,5.36814e-05,5.1513e-05,4.94456e-05,4.74447e-05,4.55138e-05,4.36813e-05,4.19181e-05,4.0247e-05,3.86218e-05,3.70661e-05,3.5561e-05,3.41253e-05,3.27566e-05,3.14119e-05,3.01607e-05,2.89476e-05,2.77645e-05,2.66451e-05,2.55853e-05,2.45485e-05,2.35618e-05,2.26091e-05,2.1698e-05,2.08276e-05,1.99859e-05,1.91791e-05,1.84069e-05,1.76644e-05,1.69517e-05,1.62688e-05,1.56119e-05,1.49813e-05,1.43797e-05,1.37983e-05,1.32403e-05,1.27079e-05,1.21962e-05
6.19e-08,24.805,24.3084,22.4942,19.2617,13.8833,6.53166,2.83527,0.747443,0.275806,0.121025,0.0603531,0.0337638,0.0209013,0.0140757,0.0101373,0.00769442,0.00608495,0.00497074,0.00416753,0.0035689,0.00311022,0.00275047,0.00246266,0.00222842,0.0020349,0.0018729,0.00173571,0.00161829,0.00151685,0.00142846,0.00135085,0.00128223,0.00122114,0.00116645,0.00111722,0.00107266,0.00103217,0.00099518,0.000930068,0.00087455,0.000826586,0.000784686,0.000747717,0.000714809,0.000685286,0.000646135,0.000612129,0.000572968,0.000547301,0.000517018,0.000490398,0.000472417,0.000445565,0.000426434,0.000409048,0.000364696,0.000348656,0.000335252,0.000321651,0.000309109,0.000296497,0.000283947,0.000272416,0.000261785,0.000251226,0.000240819,0.000231241,0.00022183,0.000212634,0.000204171,0.000195915,0.0001883,0.000180132,0.000173329,0.000166068,0.00015939,0.00015296,0.000146781,0.000140627,0.000135177,0.000129747,0.000124558,0.00011944,0.000114726,0.000110091,0.00010556,0.000101152,9.72058e-05,9.33555e-05,8.9522e-05,8.59063e-05,8.24152e-05,7.91249e-05,7.59547e-05,7.2785e-05,6.98692e-05,6.70747e-05,6.43998e-05,6.17985e-05,5.93183e-05,5.69179e-05,5.46015e-05,5.24031e-05,5.02878e-05,4.82831e-05,4.63334e-05,4.4467e-05,4.26614e-05,4.0939e-05,3.92971e-05,3.76839e-05,3.61828e-05,3.47276e-05,3.33083e-05,3.19653e-05,3.06939e-05,2.945e-05,2.82663e-05,2.71234e-05,2.60304e-05,2.49862e-05,2.39764e-05,2.30085e-05,2.20821e-05,2.11914e-05,2.03364e-05,1.95171e-05,1.87291e-05,1.79725e-05,1.72508e-05,1.65533e-05,1.5884e-05,1.52453e-05,1.46314e-05
7.43e-08,25.3953,24.8303,23.1134,20.2521,15.2758,7.75075,3.56269,0.953692,0.337184,0.146298,0.0726739,0.0405945,0.0251132,0.0169066,0.0121739,0.00923927,0.00730614,0.00596804,0.0050035,0.00428467,0.00373391,0.00330198,0.00295642,0.00267518,0.00244284,0.00224836,0.00208364,0.00194267,0.00182089,0.00171478,0.00162162,0.00153922,0.0014659,0.00140024,0.00134114,0.00128765,0.00123904,0.00119463,0.00111647,0.00104982,0.000992243,0.00094194,0.00089756,0.000858061,0.000822618,0.000775623,0.000734803,0.000687787,0.000656981,0.000620627,0.000588671,0.000567088,0.000534855,0.00051189,0.00049102,0.000437778,0.000418523,0.000402434,0.000386107,0.000371051,0.000355912,0.000340847,0.000327005,0.000314244,0.00030157,0.000289078,0.00027758,0.000266282,0.000255244,0.000245085,0.000235174,0.000226034,0.000216228,0.000208063,0.000199346,0.00019133,0.000183611,0.000176194,0.000168807,0.000162265,0.000155747,0.000149518,0.000143374,0.000137716,0.000132152,0.000126713,0.000121422,0.000116685,0.000112063,0.000107461,0.000103121,9.89304e-05,9.49808e-05,9.11754e-05,8.73704e-05,8.38703e-05,8.05158e-05,7.7305e-05,7.41824e-05,7.12052e-05,6.83238e-05,6.55431e-05,6.29042e-05,6.0365e-05,5.79586e-05,5.56182e-05,5.33778e-05,5.12104e-05,4.91428e-05,4.71719e-05,4.52354e-05,4.34336e-05,4.16866e-05,3.99829e-05,3.83708e-05,3.68447e-05,3.53515e-05,3.39306e-05,3.25587e-05,3.12467e-05,2.99932e-05,2.8781e-05,2.76192e-05,2.65072e-05,2.54379e-05,2.44117e-05,2.34282e-05,2.24822e-05,2.15741e-05,2.07077e-05,1.98705e-05,1.9067e-05,1.83003e-05,1.75634e-05
8.92e-08,25.9267,25.2967,23.6534,21.0894,16.5819,9.40943,4.28307,1.24098,0.414194,0.177156,0.0875839,0.0488328,0.0301854,0.0203133,0.0146238,0.0110971,0.00877454,0.00716708,0.0060085,0.00514513,0.00448365,0.0039649,0.00354991,0.00321218,0.00293316,0.00269962,0.00250183,0.00233255,0.00218632,0.00205891,0.00194703,0.0018481,0.00176005,0.00168122,0.00161024,0.00154603,0.00148765,0.00143434,0.00134049,0.00126046,0.00119133,0.00113094,0.00107765,0.00103022,0.00098767,0.000931236,0.000882224,0.000825778,0.000788785,0.000745144,0.000706779,0.00068086,0.000642161,0.000614589,0.000589533,0.000525606,0.000502488,0.000483171,0.000463565,0.000445493,0.000427315,0.000409228,0.00039261,0.000377287,0.00036207,0.000347071,0.000333267,0.000319704,0.000306452,0.000294254,0.000282355,0.00027138,0.000259609,0.000249806,0.000239339,0.000229714,0.000220448,0.000211543,0.000202673,0.000194819,0.000186992,0.000179515,0.000172138,0.000165344,0.000158665,0.000152135,0.000145782,0.000140094,0.000134545,0.00012902,0.000123809,0.000118777,0.000114036,0.000109467,0.000104899,0.000100696,9.6669e-05,9.28139e-05,8.90651e-05,8.54901e-05,8.20307e-05,7.86922e-05,7.55238e-05,7.24757e-05,6.95863e-05,6.67761e-05,6.40864e-05,6.14844e-05,5.90017e-05,5.66354e-05,5.43106e-05,5.21471e-05,5.00497e-05,4.80044e-05,4.60688e-05,4.42364e-05,4.24436e-05,4.07379e-05,3.90905e-05,3.75154e-05,3.60103e-05,3.4555e-05,3.31602e-05,3.18251e-05,3.05414e-05,2.9309e-05,2.81283e-05,2.69926e-05,2.59022e-05,2.4862e-05,2.38568e-05,2.28922e-05,2.19718e-05,2.1087e-05
1.07e-07,26.4035,25.7154,24.1286,21.788,17.8397,11.3589,5.0441,1.6551,0.511363,0.21475,0.105549,0.0587179,0.0362605,0.0243901,0.0175542,0.0133188,0.0105302,0.00860047,0.00720981,0.00617357,0.00537972,0.00475718,0.00425919,0.00385391,0.00351912,0.00323888,0.00300155,0.00279845,0.00262298,0.00247011,0.00233588,0.00221718,0.00211155,0.00201696,0.00193181,0.00185476,0.00178472,0.00172076,0.00160816,0.00151214,0.00142921,0.00135675,0.00129282,0.00123592,0.00118487,0.00111717,0.00105837,0.000990659,0.000946278,0.000893915,0.000847887,0.000816801,0.000770372,0.000737294,0.000707232,0.000630539,0.000602808,0.000579636,0.000556119,0.000534435,0.000512629,0.000490931,0.000470992,0.000452613,0.000434357,0.000416366,0.000399804,0.000383532,0.000367633,0.000353,0.000338728,0.000325562,0.000311438,0.000299677,0.000287123,0.000275577,0.00026446,0.000253776,0.000243136,0.000233714,0.000224324,0.000215353,0.000206504,0.000198355,0.000190342,0.000182508,0.000174887,0.000168064,0.000161406,0.000154778,0.000148528,0.000142491,0.000136803,0.000131322,0.000125841,0.0001208,0.000115969,0.000111344,0.000106846,0.000102558,9.84079e-05,9.44033e-05,9.06021e-05,8.6945e-05,8.34791e-05,8.01083e-05,7.68812e-05,7.37594e-05,7.07813e-05,6.79428e-05,6.51534e-05,6.25584e-05,6.00423e-05,5.75882e-05,5.52662e-05,5.3068e-05,5.09174e-05,4.88709e-05,4.68951e-05,4.50053e-05,4.31998e-05,4.1454e-05,3.97805e-05,3.81789e-05,3.66387e-05,3.51606e-05,3.37442e-05,3.23816e-05,3.10736e-05,2.98257e-05,2.86199e-05,2.74626e-05,2.63583e-05,2.52969e-05
1.28e-07,26.8295,26.0909,24.5482,22.3747,18.9637,13.0942,5.91714,2.24121,0.634243,0.260175,0.126964,0.0704419,0.0434504,0.0292099,0.0210168,0.015943,0.0126034,0.0102929,0.00862807,0.00738766,0.00643746,0.00569237,0.00509636,0.00461134,0.00421068,0.00387533,0.00359132,0.00334827,0.00313832,0.00295539,0.00279477,0.00265274,0.00252633,0.00241316,0.00231128,0.00221909,0.00213528,0.00205876,0.00192403,0.00180915,0.00170991,0.00162323,0.00154673,0.00147865,0.00141757,0.00133658,0.00126623,0.00118521,0.00113212,0.00106947,0.00101441,0.000977206,0.00092166,0.000882086,0.00084612,0.000754365,0.000721185,0.000693461,0.000665326,0.000639384,0.000613296,0.000587336,0.000563484,0.000541496,0.000519656,0.00049813,0.000478315,0.00045885,0.000439828,0.000422321,0.000405244,0.000389494,0.000372597,0.000358528,0.000343507,0.000329693,0.000316393,0.000303611,0.000290882,0.00027961,0.000268376,0.000257644,0.000247057,0.000237306,0.000227721,0.000218348,0.00020923,0.000201068,0.000193103,0.000185174,0.000177694,0.000170474,0.000163668,0.000157111,0.000150554,0.000144522,0.000138742,0.000133209,0.000127828,0.000122698,0.000117733,0.000112942,0.000108394,0.000104019,9.98724e-05,9.58394e-05,9.19789e-05,8.82439e-05,8.46813e-05,8.12851e-05,7.7948e-05,7.48432e-05,7.18328e-05,6.88971e-05,6.61191e-05,6.34895e-05,6.09164e-05,5.8468e-05,5.6104e-05,5.38432e-05,5.16833e-05,4.95944e-05,4.75924e-05,4.56764e-05,4.38338e-05,4.20652e-05,4.03707e-05,3.87406e-05,3.71757e-05,3.56829e-05,3.42401e-05,3.28555e-05,3.15345e-05,3.02647e-05
1.54e-07,27.2306,26.4465,24.9405,22.9007,19.9321,14.6256,7.08519,2.99969,0.800988,0.318122,0.153815,0.0850509,0.0523862,0.0351924,0.0253117,0.0191966,0.0151733,0.0123904,0.0103855,0.00889194,0.00774791,0.00685092,0.00613342,0.00554958,0.00506731,0.00466366,0.00432182,0.0040293,0.0037766,0.00355643,0.00336313,0.00319219,0.00304006,0.00290386,0.00278125,0.0026703,0.00256944,0.00247735,0.00231522,0.00217696,0.00205755,0.00195323,0.00186119,0.00177926,0.00170576,0.0016083,0.00152364,0.00142615,0.00136226,0.00128688,0.00122061,0.00117586,0.00110902,0.00106139,0.00101812,0.000907699,0.00086778,0.000834418,0.000800564,0.000769348,0.000737961,0.000706723,0.000678021,0.000651563,0.000625284,0.000599382,0.000575542,0.000552118,0.000529229,0.000508167,0.000487617,0.000468665,0.000448335,0.000431403,0.00041333,0.00039671,0.000380705,0.000365326,0.000350009,0.000336445,0.000322929,0.000310015,0.000297276,0.000285543,0.000274008,0.000262731,0.00025176,0.000241938,0.000232354,0.000222814,0.000213815,0.000205126,0.000196936,0.000189046,0.000181157,0.000173899,0.000166944,0.000160286,0.000153812,0.000147639,0.000141664,0.000135899,0.000130427,0.000125162,0.000120173,0.00011532,0.000110675,0.000106181,0.000101894,9.78074e-05,9.37925e-05,9.00563e-05,8.64342e-05,8.29019e-05,7.95592e-05,7.63948e-05,7.32988e-05,7.03529e-05,6.75081e-05,6.47876e-05,6.21889e-05,5.96755e-05,5.72665e-05,5.49609e-05,5.27438e-05,5.06159e-05,4.85768e-05,4.66154e-05,4.47323e-05,4.29361e-05,4.12e-05,3.95341e-05,3.79444e-05,3.64165e-05
1.85e-07,27.5955,26.772,25.296,23.3614,20.7152,16.0272,8.73109,3.79141,1.02621,0.389876,0.186334,0.102607,0.0630898,0.0423476,0.030444,0.0230828,0.0182416,0.0148942,0.012483,0.0106871,0.00931165,0.00823327,0.00737077,0.00666895,0.00608927,0.0056041,0.00519325,0.00484168,0.00453797,0.00427338,0.00404107,0.00383564,0.00365283,0.00348916,0.00334181,0.00320849,0.00308729,0.00297662,0.0027818,0.00261567,0.00247218,0.00234683,0.00223623,0.00213779,0.00204947,0.00193236,0.00183064,0.00171351,0.00163674,0.00154616,0.00146655,0.00141277,0.00133246,0.00127525,0.00122325,0.00109057,0.00104261,0.00100253,0.000961853,0.000924347,0.000886635,0.000849106,0.000814623,0.000782833,0.000751259,0.000720138,0.000691496,0.000663351,0.000635852,0.000610545,0.000585857,0.000563085,0.000538659,0.000518319,0.000496603,0.000476635,0.000457405,0.000438927,0.000420524,0.000404228,0.00038799,0.000372473,0.000357168,0.000343071,0.000329212,0.000315662,0.000302481,0.000290681,0.000279166,0.000267703,0.000256891,0.000246452,0.000236613,0.000227132,0.000217653,0.000208934,0.000200577,0.000192579,0.0001848,0.000177383,0.000170205,0.000163278,0.000156704,0.000150378,0.000144384,0.000138554,0.000132972,0.000127573,0.000122422,0.000117513,0.000112688,0.0001082,0.000103848,9.96037e-05,9.55876e-05,9.17857e-05,8.80662e-05,8.45266e-05,8.11089e-05,7.78405e-05,7.4718e-05,7.1698e-05,6.88039e-05,6.60336e-05,6.33699e-05,6.08132e-05,5.83634e-05,5.60068e-05,5.37445e-05,5.15862e-05,4.95005e-05,4.74988e-05,4.55889e-05,4.37533e-05
2.22e-07,27.9307,27.0727,25.6217,23.7723,21.3631,17.3563,10.7989,4.61103,1.34324,0.479683,0.225894,0.123761,0.0759364,0.0509191,0.0365862,0.0277306,0.02191,0.0178869,0.0149896,0.012832,0.0111798,0.0098846,0.00884876,0.00800596,0.00730987,0.0067273,0.00623399,0.00581186,0.00544722,0.00512956,0.00485065,0.00460403,0.00438456,0.00418807,0.00401118,0.00385113,0.00370564,0.00357279,0.00333892,0.0031395,0.00296726,0.00281679,0.00268404,0.00256587,0.00245986,0.00231929,0.0021972,0.0020566,0.00196445,0.00185574,0.00176018,0.00169563,0.00159924,0.00153057,0.00146816,0.00130891,0.00125134,0.00120324,0.00115442,0.0011094,0.00106414,0.0010191,0.00097771,0.000939558,0.000901661,0.00086431,0.000829934,0.000796154,0.000763153,0.000732779,0.000703146,0.000675816,0.0006465,0.000622085,0.000596024,0.000572057,0.000548977,0.000526801,0.000504714,0.000485155,0.000465666,0.000447042,0.000428673,0.000411755,0.000395121,0.000378858,0.000363039,0.000348876,0.000335057,0.000321298,0.000308321,0.000295791,0.000283982,0.000272604,0.000261228,0.000250763,0.000240734,0.000231133,0.000221797,0.000212896,0.000204281,0.000195967,0.000188077,0.000180485,0.00017329,0.000166293,0.000159594,0.000153114,0.000146932,0.000141039,0.000135249,0.000129862,0.000124639,0.000119545,0.000114725,0.000110162,0.000105697,0.000101449,9.73469e-05,9.34243e-05,8.96765e-05,8.60522e-05,8.25785e-05,7.92537e-05,7.60566e-05,7.29882e-05,7.00477e-05,6.72195e-05,6.45041e-05,6.19139e-05,5.94106e-05,5.70082e-05,5.47161e-05,5.25128e-05
2.66e-07,28.2396,27.3514,25.9215,24.1423,21.9128,18.5163,12.6511,5.55017,1.80809,0.593121,0.274049,0.149207,0.0913158,0.0611576,0.043914,0.0332717,0.0262815,0.0214517,0.0179748,0.015386,0.0134039,0.0118504,0.010608,0.00959732,0.00876259,0.00806402,0.00747252,0.0069664,0.00652922,0.00614836,0.00581399,0.00551833,0.00525522,0.00501967,0.00480762,0.00461576,0.00444135,0.00428211,0.00400177,0.00376273,0.00355627,0.00337592,0.0032168,0.00307516,0.00294811,0.00277962,0.00263328,0.00246477,0.00235433,0.00222404,0.00210951,0.00203215,0.00191663,0.00183432,0.00175953,0.00156865,0.00149965,0.001442,0.0013835,0.00132955,0.00127531,0.00122132,0.00117172,0.001126,0.00108059,0.00103582,0.000994625,0.000954143,0.00091459,0.000878189,0.000842677,0.000809924,0.00077479,0.000745532,0.000714296,0.000685574,0.000657915,0.000631338,0.000604868,0.000581429,0.000558071,0.000535753,0.000513739,0.000493462,0.000473527,0.000454039,0.000435079,0.000418105,0.000401544,0.000385055,0.000369503,0.000354487,0.000340336,0.000326699,0.000313066,0.000300524,0.000288504,0.000276999,0.00026581,0.000255142,0.000244818,0.000234854,0.000225398,0.0002163,0.000207677,0.000199291,0.000191263,0.000183497,0.000176089,0.000169026,0.000162087,0.000155631,0.000149372,0.000143267,0.00013749,0.000132022,0.000126672,0.00012158,0.000116664,0.000111963,0.000107472,0.000103128,9.89652e-05,9.49805e-05,9.11492e-05,8.74717e-05,8.39479e-05,8.05584e-05,7.73042e-05,7.41998e-05,7.12e-05,6.83208e-05,6.55738e-05,6.29332e-05
3.19e-07,28.5296,27.6143,26.2027,24.4833,22.396,19.4618,14.1988,6.79931,2.50017,0.740895,0.333751,0.180288,0.109991,0.0735562,0.0527747,0.0399662,0.0315596,0.0257545,0.0215769,0.0184673,0.0160868,0.0142212,0.0127297,0.0115162,0.0105142,0.00967567,0.0089657,0.00835825,0.00783356,0.0073765,0.00697522,0.00662044,0.0063047,0.00602205,0.00576761,0.0055374,0.00532812,0.00513704,0.00480068,0.00451388,0.00426616,0.00404978,0.00385888,0.00368896,0.00353653,0.0033344,0.00315884,0.00295668,0.00282419,0.00266789,0.00253049,0.00243769,0.00229911,0.00220038,0.00211065,0.00188165,0.00179889,0.00172973,0.00165956,0.00159485,0.00152978,0.00146503,0.00140553,0.00135068,0.0012962,0.00124251,0.00119309,0.00114453,0.00109709,0.00105342,0.00101082,0.000971534,0.000929389,0.000894293,0.000856826,0.000822373,0.000789195,0.000757315,0.000725561,0.000697445,0.000669427,0.000642655,0.000616248,0.000591927,0.000568013,0.000544636,0.000521893,0.000501533,0.000481667,0.000461888,0.000443234,0.000425221,0.000408244,0.000391888,0.000375533,0.000360489,0.000346071,0.000332271,0.000318849,0.000306053,0.000293668,0.000281716,0.000270373,0.00025946,0.000249116,0.000239057,0.000229427,0.000220111,0.000211225,0.000202753,0.00019443,0.000186685,0.000179177,0.000171854,0.000164924,0.000158365,0.000151947,0.00014584,0.000139943,0.000134304,0.000128916,0.000123706,0.000118712,0.000113933,0.000109337,0.000104926,0.000100699,9.66328e-05,9.27292e-05,8.90055e-05,8.54069e-05,8.19533e-05,7.86582e-05,7.54907e-05
3.83e-07,28.8032,27.8635,26.468,24.8003,22.8288,20.229,15.6229,8.66255,3.38804,0.939055,0.408507,0.218467,0.132765,0.0886251,0.0635248,0.0480793,0.0379522,0.030963,0.0259357,0.0221948,0.0193318,0.0170885,0.015295,0.0138364,0.0126319,0.011624,0.0107707,0.0100407,0.00941014,0.0088609,0.00837873,0.00795243,0.00757306,0.00723345,0.00692775,0.00665116,0.00639974,0.00617019,0.00576609,0.00542156,0.00512398,0.00486406,0.00463474,0.00443062,0.00424752,0.00400473,0.00379386,0.00355104,0.00339191,0.00320417,0.00303915,0.00292768,0.00276124,0.00264266,0.00253489,0.00225982,0.00216042,0.00207737,0.00199309,0.00191537,0.00183722,0.00175946,0.001688,0.00162213,0.00155671,0.00149222,0.00143287,0.00137455,0.00131757,0.00126513,0.00121397,0.00116679,0.00111617,0.00107402,0.00102903,0.000987649,0.000947804,0.000909518,0.000871383,0.000837615,0.000803966,0.000771813,0.0007401,0.00071089,0.000682171,0.000654095,0.000626782,0.00060233,0.00057847,0.000554717,0.000532313,0.00051068,0.000490293,0.000470649,0.000451007,0.00043294,0.000415624,0.000399049,0.000382931,0.000367562,0.000352688,0.000338334,0.000324712,0.000311605,0.000299183,0.000287102,0.000275537,0.000264349,0.000253676,0.000243502,0.000233506,0.000224205,0.000215187,0.000206392,0.00019807,0.000190193,0.000182485,0.00017515,0.000168069,0.000161296,0.000154826,0.000148568,0.000142571,0.00013683,0.000131311,0.000126013,0.000120937,0.000116054,0.000111366,0.000106894,0.000102572,9.8424e-05,9.44666e-05,9.06625e-05
4.6e-07,29.0612,28.0996,26.7182,25.0954,23.22,20.8667,16.9805,10.9128,4.36574,1.21469,0.502683,0.265383,0.160496,0.106898,0.0765319,0.0578834,0.0456703,0.0372484,0.0311934,0.0266897,0.0232437,0.0205444,0.0183867,0.016632,0.0151833,0.0139712,0.0129451,0.0120673,0.0113092,0.0106488,0.0100691,0.00955665,0.0091006,0.00869236,0.00832489,0.00799243,0.00769022,0.00741431,0.00692862,0.00651453,0.0061569,0.00584452,0.00556892,0.00532363,0.00510359,0.00481183,0.00455843,0.00426664,0.00407543,0.00384984,0.00365155,0.00351762,0.00331763,0.00317514,0.00304567,0.00271509,0.00259567,0.00249589,0.00239463,0.00230125,0.00220736,0.00211393,0.00202808,0.00194894,0.00187033,0.00179285,0.00172154,0.00165148,0.00158302,0.00152001,0.00145855,0.00140186,0.00134104,0.0012904,0.00123634,0.00118663,0.00113875,0.00109275,0.00104694,0.00100636,0.000965938,0.000927307,0.000889204,0.000854109,0.000819605,0.000785874,0.000753056,0.000723678,0.000695012,0.000666473,0.000639556,0.000613564,0.000589069,0.000565468,0.000541869,0.000520162,0.000499357,0.000479444,0.000460078,0.000441614,0.000423742,0.000406497,0.000390131,0.000374383,0.000359458,0.000344943,0.000331048,0.000317606,0.000304783,0.000292559,0.000280549,0.000269374,0.00025854,0.000247973,0.000237975,0.00022851,0.000219249,0.000210437,0.000201929,0.000193791,0.000186018,0.000178499,0.000171294,0.000164397,0.000157765,0.000151401,0.000145301,0.000139435,0.000133802,0.000128429,0.000123236,0.000118253,0.000113498,0.000108928
5.52e-07,29.3037,28.3223,26.9535,25.3699,23.5752,21.4094,18.1585,12.7286,5.52353,1.61828,0.622032,0.32292,0.194116,0.128939,0.0921795,0.0696592,0.0549315,0.0447849,0.0374947,0.0320745,0.0279291,0.0246825,0.0220881,0.0199785,0.0182371,0.0167802,0.0155471,0.0144923,0.0135814,0.0127879,0.0120914,0.0114758,0.0109279,0.0104375,0.00999608,0.00959678,0.00923379,0.0089024,0.00831907,0.00782175,0.00739224,0.0070171,0.00668615,0.0063916,0.00612737,0.00577703,0.00547275,0.0051224,0.00489281,0.00462195,0.00438387,0.00422307,0.00398296,0.00381189,0.00365643,0.00325947,0.00311611,0.00299632,0.00287476,0.00276266,0.00264994,0.00253778,0.00243471,0.0023397,0.00224534,0.00215233,0.00206672,0.0019826,0.00190042,0.00182478,0.00175099,0.00168293,0.00160993,0.00154913,0.00148423,0.00142455,0.00136708,0.00131185,0.00125685,0.00120815,0.00115961,0.00111323,0.00106749,0.00102536,0.000983938,0.000943442,0.000904046,0.000868777,0.000834365,0.000800104,0.000767788,0.000736586,0.000707179,0.000678846,0.000650516,0.000624456,0.00059948,0.000575574,0.000552325,0.000530158,0.000508704,0.000488001,0.000468353,0.000449447,0.00043153,0.000414105,0.000397424,0.000381287,0.000365893,0.000351218,0.0003368,0.000323384,0.000310378,0.000297693,0.000285689,0.000274327,0.00026321,0.000252631,0.000242415,0.000232647,0.000223315,0.000214289,0.000205639,0.000197359,0.000189398,0.000181757,0.000174435,0.000167391,0.00016063,0.000154179,0.000147945,0.000141963,0.000136255,0.000130768
6.62e-07,29.5327,28.5334,27.1758,25.6269,23.901,21.8833,19.0984,14.2135,7.18373,2.25028,0.776086,0.393974,0.235035,0.155597,0.111044,0.0838286,0.0660616,0.0538347,0.0450567,0.0385339,0.0335473,0.0296433,0.0265242,0.0239886,0.0218958,0.0201454,0.0186639,0.0173967,0.0163026,0.0153496,0.0145132,0.0137738,0.0131159,0.0125271,0.011997,0.0115176,0.0110818,0.010684,0.00998366,0.00938662,0.00887104,0.00842074,0.00802351,0.00766994,0.0073528,0.00693231,0.00656713,0.00614666,0.00587112,0.00554607,0.00526037,0.00506739,0.00477925,0.00457397,0.00438742,0.00391096,0.00373895,0.00359521,0.00344935,0.00331485,0.00317961,0.00304502,0.00292136,0.00280735,0.00269413,0.00258253,0.00247981,0.00237888,0.00228027,0.00218951,0.00210097,0.00201931,0.00193172,0.00185877,0.00178089,0.00170928,0.00164032,0.00157406,0.00150806,0.00144962,0.00139139,0.00133574,0.00128086,0.00123031,0.0011806,0.00113201,0.00108474,0.00104243,0.00100113,0.000960025,0.000921251,0.000883812,0.000848528,0.000814531,0.000780539,0.00074927,0.000719302,0.000690617,0.000662721,0.000636124,0.000610382,0.000585541,0.000561966,0.000539281,0.000517783,0.000496875,0.00047686,0.000457497,0.000439026,0.000421418,0.000404118,0.000388022,0.000372415,0.000357194,0.000342792,0.000329158,0.000315819,0.000303125,0.000290869,0.000279148,0.00026795,0.00025712,0.000246741,0.000236807,0.000227254,0.000218086,0.0002093,0.000200849,0.000192736,0.000184996,0.000177516,0.000170338,0.000163489,0.000156906
7.95e-07,29.7519,28.7361,27.3886,25.8709,24.2054,22.3091,19.8582,15.6034,9.65,3.24221,0.98252,0.483453,0.285607,0.188284,0.134082,0.101093,0.0796026,0.0648337,0.0542406,0.0463745,0.0403639,0.0356601,0.0319033,0.0288501,0.0263307,0.0242237,0.0224407,0.0209159,0.0195994,0.018453,0.0174468,0.0165574,0.0157661,0.0150578,0.0144204,0.0138438,0.0133197,0.0128413,0.0119993,0.0112814,0.0106616,0.0101202,0.00964261,0.00921767,0.00883645,0.00833097,0.00789204,0.00738665,0.00705548,0.00666479,0.00632139,0.00608948,0.00574318,0.00549648,0.00527232,0.00469954,0.00449287,0.00432012,0.00414487,0.00398325,0.00382072,0.00365901,0.00351041,0.00337342,0.00323737,0.00310325,0.00297982,0.00285854,0.00274005,0.00263101,0.0025246,0.00242648,0.00232122,0.00223355,0.00213998,0.00205393,0.00197106,0.00189144,0.00181215,0.00174192,0.00167194,0.00160507,0.00153912,0.00147838,0.00141865,0.00136027,0.00130347,0.00125261,0.001203,0.0011536,0.001107,0.00106202,0.00101962,0.000978764,0.000937925,0.000900351,0.00086434,0.00082987,0.000796349,0.000764388,0.000733455,0.000703609,0.000675278,0.000648022,0.000622185,0.000597063,0.000573012,0.000549746,0.000527551,0.000506393,0.000485604,0.00046626,0.000447505,0.000429218,0.000411912,0.000395529,0.000379498,0.000364247,0.000349516,0.000335433,0.000321978,0.000308965,0.000296494,0.000284556,0.000273078,0.000262061,0.000251503,0.000241348,0.000231599,0.000222298,0.00021331,0.000204685,0.000196455,0.000188544
9.54e-07,29.9598,28.929,27.5906,26.1008,24.4881,22.6925,20.486,16.9282,11.761,4.53259,1.26733,0.596109,0.347726,0.228038,0.161961,0.121925,0.0959124,0.0780654,0.0652791,0.0557921,0.0485474,0.0428806,0.0383564,0.0346807,0.0316484,0.029113,0.0269679,0.0251337,0.0235503,0.0221716,0.0209617,0.0198923,0.0189409,0.0180896,0.0173233,0.0166302,0.0160003,0.0154253,0.0144133,0.0135506,0.0128058,0.0121553,0.0115815,0.0110709,0.0106129,0.0100056,0.00947831,0.00887124,0.00847345,0.00800417,0.00759174,0.00731318,0.00689726,0.00660095,0.00633169,0.00564354,0.00539533,0.00518794,0.00497745,0.00478336,0.00458819,0.00439399,0.00421553,0.00405104,0.00388765,0.0037266,0.00357838,0.00343275,0.00329046,0.00315948,0.00303171,0.00291389,0.00278748,0.00268222,0.00256983,0.00246651,0.002367,0.00227138,0.00217614,0.00209182,0.00200778,0.00192749,0.00184829,0.00177534,0.00170363,0.0016335,0.00156529,0.00150423,0.00144464,0.00138533,0.00132937,0.00127535,0.00122443,0.00117538,0.00112632,0.0010812,0.00103796,0.00099657,0.000956312,0.000917929,0.000880786,0.000844941,0.000810923,0.000778189,0.000747165,0.000716993,0.000688114,0.000660171,0.00063352,0.000608108,0.000583145,0.000559918,0.000537397,0.000515433,0.000494651,0.000474977,0.000455731,0.000437412,0.000419725,0.000402813,0.000386653,0.000371027,0.00035605,0.000341713,0.000327929,0.0003147,0.000302023,0.000289828,0.000278121,0.000266952,0.000256159,0.000245799,0.000235917,0.000226417
1.14e-06,30.1537,29.1093,27.7791,26.3141,24.7472,23.0354,21.0123,18.0447,13.2943,6.26241,1.67796,0.736868,0.422845,0.275514,0.195054,0.146568,0.115163,0.0936597,0.0782747,0.0668707,0.0581686,0.0513654,0.0459366,0.0415275,0.0378912,0.0348518,0.0322806,0.0300826,0.0281854,0.0265337,0.0250843,0.0238036,0.0226642,0.0216447,0.0207272,0.0198974,0.0191432,0.0184547,0.0172433,0.0162108,0.0153192,0.0145407,0.0138541,0.013243,0.0126949,0.0119683,0.0113374,0.0106111,0.0101351,0.00957374,0.00908032,0.00874711,0.00824954,0.00789511,0.00757305,0.00674959,0.00645275,0.00620466,0.00595294,0.00572081,0.0054874,0.00525515,0.00504173,0.00484499,0.00464957,0.00445697,0.00427968,0.00410549,0.00393533,0.0037787,0.00362589,0.00348496,0.00333379,0.00320789,0.0030735,0.00294991,0.00283091,0.00271654,0.00260264,0.00250179,0.00240129,0.00230525,0.00221052,0.00212328,0.00203751,0.00195365,0.00187207,0.00179903,0.00172778,0.00165683,0.00158991,0.0015253,0.00146441,0.00140573,0.00134707,0.0012931,0.00124138,0.00119188,0.00114374,0.00109783,0.0010534,0.00101054,0.000969851,0.000930698,0.000893599,0.000857517,0.000822974,0.000789558,0.00075768,0.000727291,0.000697434,0.000669655,0.000642718,0.000616452,0.000591596,0.000568065,0.000545044,0.000523137,0.000501984,0.000481759,0.000462433,0.000443742,0.000425831,0.000408685,0.0003922,0.000376376,0.000361214,0.000346628,0.000332626,0.000319269,0.000306361,0.000293973,0.000282153,0.00027079
1.37e-06,30.3451,29.2878,27.9652,26.5236,24.9989,23.3617,21.4894,18.9643,14.6727,9.09564,2.37559,0.926852,0.519703,0.335745,0.236714,0.177457,0.139229,0.113118,0.0944696,0.0806633,0.0701377,0.0619148,0.0553569,0.0500331,0.0456442,0.0419767,0.0388753,0.0362245,0.0339368,0.0319456,0.0301987,0.0286551,0.0272821,0.0260536,0.0249483,0.0239486,0.02304,0.0222109,0.0207518,0.0195084,0.0184348,0.0174975,0.0166708,0.0159351,0.0152754,0.0144007,0.0136413,0.0127671,0.0121943,0.0115187,0.010925,0.010524,0.00992524,0.00949871,0.00911116,0.00811991,0.00776278,0.00746436,0.00716151,0.00688227,0.00660145,0.00632205,0.0060653,0.0058286,0.00559353,0.00536181,0.00514854,0.004939,0.00473426,0.00454585,0.00436202,0.00419249,0.00401061,0.00385915,0.00369748,0.00354879,0.00340563,0.00326805,0.00313103,0.00300969,0.00288879,0.00277327,0.0026593,0.00255436,0.00245116,0.00235028,0.00225213,0.00216428,0.00207855,0.0019932,0.0019127,0.00183496,0.00176171,0.00169112,0.00162055,0.00155563,0.00149341,0.00143385,0.00137594,0.00132072,0.00126727,0.00121569,0.00116675,0.00111965,0.00107502,0.00103161,0.000990051,0.000949849,0.000911503,0.000874948,0.000839026,0.000805606,0.000773203,0.000741603,0.000711701,0.000683395,0.000655702,0.000629345,0.000603899,0.000579565,0.000556317,0.000533832,0.000512282,0.000491656,0.000471823,0.000452787,0.000434548,0.000417001,0.000400156,0.000384087,0.000368559,0.000353654,0.000339435,0.000325767
1.65e-06,30.5306,29.4611,28.1457,26.7257,25.2395,23.6682,21.9202,19.7124,16.029,11.4383,3.71214,1.18837,0.644204,0.411486,0.288582,0.215703,0.168924,0.137075,0.114375,0.0975956,0.0848179,0.0748443,0.0668958,0.0604468,0.0551326,0.0506938,0.0469414,0.0437349,0.0409686,0.0385612,0.0364496,0.0345839,0.0329249,0.0314405,0.0301051,0.0288974,0.0278001,0.0267986,0.0250367,0.0235353,0.0222392,0.0211077,0.0201097,0.0192218,0.0184256,0.0173701,0.0164537,0.0153988,0.0147078,0.0138927,0.0131764,0.0126926,0.0119703,0.0114559,0.0109884,0.00979203,0.00936134,0.00900145,0.00863627,0.00829949,0.0079609,0.00762392,0.0073143,0.00702887,0.00674537,0.00646595,0.00620879,0.00595609,0.00570919,0.00548196,0.00526026,0.00505582,0.0048365,0.00465385,0.00445889,0.00427958,0.00410693,0.00394102,0.00377579,0.00362947,0.00348367,0.00334434,0.00320693,0.00308035,0.00295592,0.00283426,0.00271591,0.00260996,0.00250657,0.00240365,0.00230656,0.00221283,0.00212449,0.00203937,0.00195426,0.00187597,0.00180094,0.00172912,0.00165928,0.00159268,0.00152824,0.00146604,0.00140701,0.00135021,0.00129639,0.00124404,0.00119393,0.00114545,0.00109921,0.00105512,0.0010118,0.000971501,0.000932428,0.000894319,0.000858259,0.000824125,0.000790727,0.000758945,0.000728257,0.000698909,0.000670876,0.000643762,0.000617773,0.000592901,0.000568984,0.000546029,0.000524032,0.000502873,0.00048256,0.000463181,0.000444453,0.000426481,0.000409333,0.000392851
1.98e-06,30.705,29.6244,28.3155,26.9149,25.463,23.9487,22.3027,20.3246,17.285,13.0051,6.06656,1.5565,0.801598,0.504434,0.35142,0.261717,0.2045,0.165694,0.138109,0.117754,0.102276,0.0902068,0.0805964,0.0728041,0.0663869,0.0610292,0.0565016,0.0526343,0.0492986,0.0463965,0.0438515,0.0416036,0.0396047,0.0378168,0.0362084,0.0347541,0.0334327,0.032227,0.0301059,0.0282988,0.0267391,0.0253775,0.0241769,0.0231086,0.0221508,0.0208811,0.0197789,0.0185104,0.0176793,0.0166992,0.0158379,0.0152563,0.014388,0.0137695,0.0132075,0.0117682,0.0112506,0.0108181,0.0103792,0.0099745,0.00956753,0.00916259,0.00879047,0.00844744,0.00810674,0.00777093,0.00746182,0.00715814,0.0068614,0.00658832,0.0063219,0.00607619,0.0058126,0.0055931,0.00535878,0.00514329,0.0049358,0.00473642,0.00453782,0.00436197,0.00418675,0.00401931,0.00385416,0.00370204,0.00355248,0.00340627,0.00326403,0.0031367,0.00301245,0.00288875,0.00277208,0.00265942,0.00255325,0.00245095,0.00234867,0.00225458,0.0021644,0.0020781,0.00199415,0.00191412,0.00183666,0.00176191,0.00169098,0.00162272,0.00155803,0.00149512,0.00143489,0.00137662,0.00132105,0.00126806,0.00121601,0.00116757,0.00112061,0.00107481,0.00103147,0.000990449,0.000950309,0.000912115,0.000875236,0.000839964,0.000806271,0.000773684,0.000742454,0.00071256,0.000683815,0.000656229,0.000629791,0.000604362,0.00057995,0.000556661,0.000534154,0.000512554,0.000491945,0.000472135
2.37e-06,30.8703,29.7796,28.4766,27.0937,25.6727,24.2085,22.6485,20.8458,18.3192,14.3142,9.57952,2.12964,1.0055,0.619943,0.428219,0.31747,0.247382,0.200073,0.166548,0.141868,0.12313,0.108538,0.0969311,0.0875276,0.0797884,0.0733307,0.0678762,0.0632188,0.0592033,0.0557107,0.0526487,0.0499446,0.0475409,0.0453911,0.0434574,0.0417094,0.0401214,0.0386725,0.036124,0.0339532,0.0320799,0.0304448,0.0290031,0.0277207,0.0265708,0.0250468,0.023724,0.0222016,0.0212043,0.0200283,0.0189949,0.0182971,0.0172555,0.0165135,0.0158394,0.0141115,0.0134909,0.0129723,0.0124459,0.0119607,0.0114727,0.0109871,0.0105408,0.0101295,0.00972096,0.00931825,0.00894765,0.00858348,0.00822767,0.0079002,0.00758073,0.00728608,0.00697002,0.0067068,0.00642582,0.00616742,0.00591861,0.00567954,0.0054414,0.00523053,0.00502041,0.00481963,0.0046216,0.00443919,0.00425986,0.00408454,0.00391398,0.00376128,0.00361229,0.00346396,0.00332405,0.00318897,0.00306165,0.00293899,0.00281634,0.00270352,0.00259539,0.00249189,0.00239123,0.00229526,0.00220238,0.00211275,0.00202769,0.00194583,0.00186826,0.00179282,0.0017206,0.00165074,0.00158409,0.00152056,0.00145814,0.00140006,0.00134375,0.00128883,0.00123686,0.00118767,0.00113954,0.00109374,0.00104951,0.00100722,0.000966816,0.000927742,0.000890289,0.000854445,0.000819978,0.000786896,0.000755196,0.000724703,0.00069543,0.000667502,0.000640515,0.000614615,0.000589901,0.000566147
2.85e-06,31.0335,29.933,28.6357,27.2697,25.8777,24.4599,22.9763,21.3179,19.167,15.6193,11.7361,3.33443,1.29028,0.771669,0.526827,0.38825,0.301459,0.243239,0.20215,0.171987,0.149134,0.131368,0.117253,0.105829,0.0964353,0.0886023,0.0819902,0.0763472,0.0714841,0.0672559,0.0635502,0.0602787,0.0573712,0.0547714,0.0524337,0.0503206,0.0484014,0.0466506,0.0435716,0.0409496,0.0386874,0.0367132,0.0349728,0.0334248,0.032037,0.030198,0.028602,0.0267653,0.0255624,0.0241439,0.0228977,0.0220562,0.0208001,0.0199055,0.0190926,0.0170072,0.0162592,0.0156341,0.0149998,0.014415,0.0138269,0.0132416,0.0127038,0.0122081,0.0117157,0.0112304,0.0107837,0.0103448,0.00991597,0.00952131,0.00913628,0.00878118,0.00840026,0.00808305,0.0077444,0.00743299,0.00713312,0.00684497,0.00655797,0.00630384,0.00605061,0.00580862,0.00556994,0.00535011,0.00513398,0.00492268,0.00471712,0.0045331,0.00435354,0.00417477,0.00400616,0.00384335,0.00368991,0.00354207,0.00339425,0.00325828,0.00312796,0.00300322,0.00288191,0.00276625,0.00265431,0.00254628,0.00244377,0.00234512,0.00225163,0.00216071,0.00207367,0.00198947,0.00190915,0.00183258,0.00175735,0.00168735,0.00161948,0.0015533,0.00149067,0.00143138,0.00137337,0.00131817,0.00126487,0.0012139,0.00116521,0.00111812,0.00107298,0.00102978,0.000988238,0.000948367,0.000910163,0.000873412,0.000838131,0.000804474,0.000771948,0.000740733,0.00071095,0.000682321
3.42e-06,31.189,30.0795,28.7874,27.4369,26.0714,24.6951,23.2779,21.7372,19.854,16.9018,13.1994,7.39726,1.6969,0.968123,0.650415,0.475626,0.367643,0.295778,0.245318,0.208406,0.180513,0.158871,0.141703,0.127826,0.116426,0.106929,0.0989176,0.0920847,0.0861993,0.0810845,0.0766035,0.0726491,0.0691357,0.0659951,0.0631717,0.0606201,0.0583033,0.05619,0.0524747,0.0493116,0.0465833,0.0442028,0.0421047,0.0402388,0.0385662,0.0363502,0.0344272,0.0322149,0.0307661,0.0290577,0.0275571,0.0265439,0.0250316,0.0239545,0.0229761,0.0204627,0.0195627,0.0188106,0.0180474,0.0173437,0.0166361,0.0159319,0.0152849,0.0146884,0.014096,0.0135121,0.0129747,0.0124466,0.0119307,0.0114558,0.0109925,0.0105653,0.010107,0.00972531,0.00931787,0.00894319,0.00858238,0.00823569,0.00789038,0.00758461,0.00727993,0.00698878,0.00670162,0.00643712,0.00617707,0.00592284,0.00567552,0.0054541,0.00523806,0.00502297,0.0048201,0.00462421,0.00443961,0.00426172,0.00408388,0.00392027,0.00376348,0.0036134,0.00346744,0.00332828,0.0031936,0.00306362,0.00294028,0.00282159,0.00270911,0.00259971,0.00249499,0.00239368,0.00229704,0.00220491,0.0021144,0.00203018,0.00194852,0.00186889,0.00179353,0.0017222,0.0016524,0.00158599,0.00152186,0.00146054,0.00140195,0.00134529,0.00129098,0.001239,0.00118902,0.00114105,0.00109508,0.00105087,0.00100842,0.000967923,0.000928787,0.000891231,0.000855396,0.000820952
4.1e-06,31.3382,30.2203,28.933,27.5969,26.2558,24.9172,23.5589,22.117,20.4353,18.0276,14.4675,10.8248,2.35273,1.23025,0.808438,0.585043,0.449591,0.360376,0.298141,0.252818,0.218679,0.192256,0.171336,0.154452,0.1406,0.129071,0.119354,0.111073,0.103945,0.0977533,0.0923318,0.0875494,0.083302,0.0795065,0.0760954,0.0730137,0.0702161,0.0676648,0.0631809,0.0593647,0.0560742,0.0532038,0.0506745,0.0484257,0.0464101,0.0437402,0.0414238,0.0387593,0.0370147,0.0349579,0.0331514,0.0319318,0.0301116,0.0288155,0.027638,0.024609,0.0235266,0.0226222,0.0217044,0.0208581,0.0200071,0.0191602,0.0183821,0.0176647,0.0169523,0.01625,0.0156037,0.0149687,0.0143482,0.0137771,0.01322,0.0127061,0.012155,0.011696,0.0112059,0.0107553,0.0103214,0.00990448,0.00948921,0.00912149,0.00875506,0.00840491,0.00805956,0.00774147,0.00742873,0.00712299,0.00682555,0.00655927,0.00629945,0.00604078,0.00579679,0.00556122,0.0053392,0.00512528,0.00491139,0.00471464,0.00452607,0.00434558,0.00417005,0.00400269,0.00384072,0.00368441,0.00353607,0.00339333,0.00325806,0.00312649,0.00300055,0.00287871,0.00276249,0.0026517,0.00254284,0.00244155,0.00234335,0.00224758,0.00215695,0.00207117,0.00198723,0.00190736,0.00183024,0.00175649,0.00168602,0.00161788,0.00155257,0.00149006,0.00142995,0.00137226,0.00131698,0.00126381,0.00121275,0.00116405,0.00111699,0.00107182,0.00102873,0.000987301
4.92e-06,31.4832,30.3572,29.0745,27.752,26.4337,25.13,23.8248,22.4686,20.9467,18.9426,15.7344,12.5333,3.99233,1.6011,1.0166,0.725468,0.553141,0.441247,0.363864,0.307835,0.265807,0.233378,0.207765,0.187133,0.170232,0.156184,0.144358,0.134287,0.125626,0.118108,0.111529,0.105728,0.100579,0.0959793,0.0918473,0.0881154,0.0847287,0.081641,0.0762163,0.0716015,0.0676236,0.064155,0.0610992,0.058383,0.0559491,0.0527256,0.0499297,0.0467145,0.0446097,0.0421287,0.0399499,0.0384792,0.0362845,0.0347217,0.0333022,0.0296443,0.0283405,0.027251,0.0261454,0.0251259,0.0241007,0.0230806,0.0221433,0.0212792,0.0204209,0.019575,0.0187964,0.0180314,0.017284,0.016596,0.0159249,0.015306,0.014642,0.0140891,0.0134988,0.012956,0.0124333,0.0119311,0.0114308,0.0109879,0.0105464,0.0101247,0.00970864,0.00932546,0.00894874,0.00858044,0.00822214,0.00790137,0.0075884,0.0072768,0.00698289,0.00669911,0.00643167,0.00617398,0.00591632,0.00567931,0.00545216,0.00523473,0.00502329,0.00482169,0.00462657,0.00443828,0.00425958,0.00408764,0.00392469,0.00376621,0.0036145,0.00346773,0.00332773,0.00319427,0.00306313,0.00294112,0.00282283,0.00270746,0.00259829,0.00249495,0.00239384,0.00229763,0.00220473,0.00211588,0.00203101,0.00194892,0.00187024,0.00179495,0.00172254,0.00165305,0.00158645,0.00152239,0.0014609,0.00140223,0.00134554,0.00129113,0.00123921,0.00118931
5.91e-06,31.624,30.4905,29.2121,27.9025,26.6056,25.3342,24.0774,22.7967,21.406,19.6929,17.032,13.8733,10.4071,2.17336,1.29967,0.90887,0.685923,0.543622,0.446383,0.37652,0.324399,0.284342,0.252801,0.227457,0.206736,0.189541,0.175084,0.162789,0.152224,0.143062,0.135049,0.12799,0.121727,0.116135,0.111114,0.106581,0.102469,0.0987214,0.09214,0.0865443,0.081723,0.0775204,0.0738195,0.0705307,0.0675845,0.0636837,0.0603014,0.0564128,0.0538678,0.0508687,0.0482354,0.0464582,0.0438063,0.0419185,0.0402038,0.0357756,0.0342022,0.0328873,0.031553,0.0303227,0.0290855,0.0278544,0.0267232,0.0256803,0.0246446,0.0236237,0.0226841,0.0217609,0.0208588,0.0200286,0.0192187,0.0184717,0.0176704,0.0170031,0.0162908,0.0156357,0.0150049,0.0143988,0.0137951,0.0132605,0.0127278,0.0122187,0.0117167,0.0112543,0.0107996,0.0103551,0.00992272,0.0095356,0.0091579,0.00878185,0.00842716,0.00808469,0.00776192,0.00745094,0.00713999,0.00685396,0.00657983,0.00631743,0.00606226,0.00581896,0.00558348,0.00535625,0.00514059,0.00493309,0.00473643,0.00454517,0.00436208,0.00418496,0.004016,0.00385494,0.00369668,0.00354943,0.00340667,0.00326744,0.0031357,0.00301098,0.00288896,0.00277284,0.00266073,0.00255351,0.00245108,0.00235201,0.00225707,0.00216619,0.00207881,0.00199494,0.00191457,0.00183727,0.00176306,0.00169225,0.00162383,0.00155817,0.00149552,0.0014353
7.09e-06,31.7594,30.6187,29.3445,28.0468,26.7699,25.5283,24.3154,23.1012,21.8197,20.3227,18.1923,15.1224,12.3617,3.2616,1.698,1.15111,0.856406,0.673306,0.549725,0.461881,0.396818,0.347077,0.308067,0.276817,0.251331,0.230224,0.212508,0.197463,0.18455,0.173364,0.163591,0.154986,0.147358,0.140552,0.134444,0.128933,0.123935,0.119383,0.111392,0.104602,0.0987554,0.0936614,0.0891772,0.0851938,0.0816265,0.0769049,0.0728125,0.0681093,0.0650321,0.0614066,0.0582241,0.0560766,0.0528729,0.0505925,0.0485215,0.0431595,0.0412612,0.0396749,0.0380653,0.036581,0.0350885,0.0336033,0.0322386,0.0309806,0.029731,0.0284994,0.0273659,0.0262521,0.0251639,0.0241624,0.0231852,0.0222841,0.0213174,0.0205124,0.0196531,0.0188628,0.0181018,0.0173706,0.0166422,0.0159973,0.0153547,0.0147406,0.0141349,0.013577,0.0130286,0.0124924,0.0119707,0.0115037,0.011048,0.0105944,0.0101665,0.00975331,0.00936393,0.00898875,0.00861363,0.00826857,0.00793785,0.00762131,0.00731346,0.00701995,0.00673587,0.00646174,0.00620157,0.00595124,0.00571399,0.00548326,0.00526238,0.00504871,0.00484487,0.00465056,0.00445964,0.00428201,0.00410978,0.00394182,0.00378288,0.00363243,0.00348522,0.00334514,0.00320988,0.00308053,0.00295696,0.00283745,0.00272291,0.00261328,0.00250786,0.00240668,0.00230973,0.00221647,0.00212694,0.00204153,0.00195898,0.00187977,0.00180418,0.00173153
8.51e-06,31.8909,30.7435,29.4731,28.1868,26.9286,25.715,24.5426,23.3883,22.201,20.8737,19.1415,16.427,13.7717,10.68,2.31179,1.48589,1.08237,0.841183,0.682068,0.5702,0.488031,0.425665,0.377013,0.338198,0.306644,0.280581,0.258751,0.240246,0.224388,0.210668,0.198695,0.188165,0.178838,0.170522,0.163065,0.15634,0.150245,0.144696,0.134963,0.1267,0.119589,0.113397,0.107949,0.103111,0.0987812,0.093052,0.0880886,0.0823869,0.0786577,0.0742654,0.0704111,0.0678108,0.0639325,0.0611725,0.0586662,0.0521566,0.0498627,0.0479457,0.0460006,0.0442069,0.0424032,0.0406084,0.0389592,0.0374389,0.0359289,0.0344405,0.0330707,0.0317247,0.0304096,0.0291993,0.0280185,0.0269295,0.0257614,0.0247885,0.02375,0.022795,0.0218753,0.0209917,0.0201116,0.0193322,0.0185556,0.0178135,0.0170815,0.0164074,0.0157445,0.0150965,0.0144662,0.0139018,0.0133511,0.0128029,0.0122858,0.0117865,0.011316,0.0108626,0.0104093,0.00999227,0.00959261,0.00921007,0.00883805,0.00848335,0.00814006,0.00780877,0.00749438,0.00719186,0.00690516,0.00662632,0.0063594,0.00610118,0.00585485,0.00562004,0.00538932,0.00517465,0.00496652,0.00476355,0.00457148,0.00438965,0.00421176,0.00404248,0.00387903,0.00372271,0.00357338,0.00342896,0.00329054,0.00315805,0.00303066,0.00290839,0.00279123,0.00267852,0.00257033,0.00246711,0.00236736,0.00227163,0.00218029,0.0020925
1.02e-05,32.0174,30.8637,29.5969,28.3213,27.0807,25.893,24.7578,23.6575,22.552,21.362,19.9153,17.7431,15.0461,12.7152,3.43743,1.96819,1.38783,1.06115,0.851987,0.707711,0.603015,0.524063,0.462857,0.414295,0.374988,0.342631,0.315607,0.29275,0.273202,0.256318,0.241604,0.22868,0.217245,0.20706,0.197934,0.189711,0.182264,0.175487,0.163612,0.153539,0.144878,0.137342,0.130716,0.124836,0.119574,0.112616,0.106592,0.0996753,0.0951535,0.0898297,0.0851595,0.0820097,0.077313,0.0739714,0.0709376,0.0630273,0.0602553,0.0579388,0.0555882,0.0534206,0.0512411,0.0490722,0.0470793,0.0452421,0.0434173,0.0416188,0.0399635,0.0383369,0.0367477,0.0352852,0.0338583,0.0325423,0.0311306,0.0299551,0.0287001,0.027546,0.0264347,0.0253669,0.0243033,0.0233615,0.022423,0.0215262,0.0206417,0.0198271,0.0190261,0.018243,0.0174812,0.0167993,0.0161338,0.0154713,0.0148465,0.0142431,0.0136745,0.0131266,0.0125788,0.0120749,0.0115919,0.0111297,0.0106801,0.0102515,0.00983664,0.00943631,0.00905638,0.00869081,0.00834436,0.00800741,0.00768485,0.00737281,0.00707515,0.00679139,0.00651258,0.00625318,0.00600167,0.00575638,0.00552428,0.00530457,0.0050896,0.00488503,0.00468751,0.00449861,0.00431816,0.00414364,0.00397637,0.00381627,0.00366232,0.00351457,0.00337298,0.00323679,0.00310604,0.00298131,0.00286077,0.00274509,0.00263472,0.00252862
1.22e-05,32.1388,30.9791,29.7157,28.4502,27.226,26.0624,24.9614,23.9101,22.8766,21.801,20.5675,18.882,16.3548,14.1524,11.7072,2.71797,1.81578,1.3558,1.07384,0.884126,0.748695,0.647843,0.57033,0.509117,0.459751,0.419305,0.385652,0.357277,0.333072,0.312211,0.294066,0.278153,0.264092,0.251585,0.24039,0.230312,0.221194,0.212903,0.198389,0.186093,0.175531,0.16635,0.158283,0.151128,0.144731,0.136275,0.12896,0.120566,0.115081,0.108627,0.102968,0.0991522,0.0934645,0.089419,0.085747,0.0761276,0.0727794,0.0699815,0.0671423,0.0645242,0.0618916,0.0592719,0.0568648,0.0546457,0.0524417,0.0502693,0.0482699,0.0463053,0.0443858,0.0426193,0.0408958,0.0393063,0.0376012,0.0361813,0.0346654,0.0332715,0.0319292,0.0306394,0.0293548,0.0282172,0.0270837,0.0260005,0.0249322,0.0239481,0.0229807,0.0220349,0.0211148,0.020291,0.0194873,0.0186871,0.0179323,0.0172036,0.0165167,0.015855,0.0151933,0.0145847,0.0140013,0.013443,0.0129,0.0123823,0.0118812,0.0113977,0.0109388,0.0104972,0.0100787,0.00967177,0.00928216,0.00890526,0.00854573,0.00820299,0.00786624,0.00755291,0.00724912,0.00695286,0.00667251,0.00640713,0.00614748,0.00590039,0.00566182,0.00543366,0.0052157,0.0050049,0.00480286,0.00460948,0.00442354,0.00424508,0.00407406,0.00390956,0.00375164,0.00360098,0.00345539,0.00331567,0.00318235,0.0030542
1.47e-05,32.2615,31.0959,29.8359,28.5803,27.3724,26.2324,25.1649,24.1605,23.1946,22.2217,21.1638,19.8489,17.8268,15.5344,13.6632,10.2898,2.48913,1.79022,1.38933,1.12928,0.947922,0.815058,0.714127,0.635206,0.572033,0.520551,0.477877,0.441948,0.411412,0.385175,0.362414,0.342497,0.324933,0.309335,0.295395,0.282864,0.271538,0.261251,0.243267,0.228057,0.21501,0.203681,0.193737,0.184925,0.177053,0.166656,0.157669,0.147365,0.140638,0.132726,0.125792,0.121119,0.114157,0.109207,0.104714,0.0928758,0.088791,0.0853775,0.0819136,0.0787196,0.0755078,0.0723118,0.0693751,0.0666678,0.0639789,0.0613286,0.0588894,0.0564925,0.0541507,0.0519955,0.0498929,0.0479537,0.0458735,0.0441412,0.0422919,0.0405913,0.0389537,0.0373801,0.0358128,0.034425,0.0330421,0.0317206,0.0304172,0.0292167,0.0280364,0.0268826,0.02576,0.024755,0.0237745,0.0227982,0.0218774,0.0209884,0.0201504,0.0193431,0.0185359,0.0177933,0.0170817,0.0164005,0.015738,0.0151064,0.0144951,0.0139052,0.0133453,0.0128066,0.0122961,0.0117996,0.0113242,0.0108644,0.0104258,0.0100077,0.00959682,0.00921455,0.00884393,0.00848249,0.00814047,0.0078167,0.00749992,0.00719848,0.00690742,0.00662907,0.00636316,0.00610598,0.00585949,0.00562358,0.00539673,0.005179,0.00497036,0.00476967,0.004577,0.0043932,0.00421558,0.00404512,0.00388247,0.00372613
1.76e-05,32.3767,31.2057,29.9488,28.7023,27.5093,26.391,25.3538,24.3916,23.4851,22.5995,21.6811,20.6285,19.1573,16.9634,15.1493,13.4709,3.53474,2.41099,1.82084,1.45484,1.20706,1.02927,0.896257,0.793474,0.711924,0.645946,0.591547,0.546081,0.507551,0.474522,0.445986,0.421018,0.399024,0.379537,0.362156,0.346558,0.332484,0.319719,0.297442,0.278639,0.262539,0.24858,0.236343,0.225512,0.215843,0.203093,0.192079,0.179465,0.171237,0.161566,0.153098,0.147394,0.138899,0.132862,0.127386,0.112848,0.107884,0.103737,0.0995282,0.0956473,0.0917449,0.0878616,0.0842934,0.0810039,0.0777369,0.0745166,0.0715528,0.0686406,0.0657952,0.0631765,0.0606218,0.0582656,0.0557381,0.0536332,0.0513862,0.0493199,0.0473302,0.0454182,0.043514,0.0418277,0.0401474,0.0385418,0.0369581,0.0354995,0.0340654,0.0326634,0.0312994,0.0300783,0.0288869,0.0277007,0.0265819,0.0255017,0.0244836,0.0235026,0.0225218,0.0216196,0.0207549,0.0199272,0.0191223,0.0183548,0.0176121,0.0168953,0.0162151,0.0155605,0.0149402,0.0143369,0.0137594,0.0132007,0.0126677,0.0121597,0.0116605,0.011196,0.0107457,0.0103065,0.00989098,0.00949759,0.0091127,0.00874643,0.00839278,0.00805457,0.00773148,0.007419,0.00711951,0.00683286,0.00655723,0.00629268,0.00603918,0.00579534,0.00556123,0.00533791,0.00512209,0.00491497,0.00471734,0.00452739
2.12e-05,32.4923,31.316,30.0622,28.8248,27.6465,26.5494,25.5418,24.6204,23.7705,22.9657,22.1701,21.3269,20.2848,18.631,16.6795,15.275,13.8723,3.3765,2.47206,1.93281,1.57872,1.33095,1.14911,1.0107,0.90224,0.815291,0.744182,0.685097,0.635306,0.592826,0.556227,0.524395,0.496441,0.471734,0.449746,0.430023,0.41229,0.396205,0.368198,0.344571,0.324389,0.306927,0.291647,0.278143,0.266104,0.250262,0.236586,0.220947,0.210757,0.198794,0.188328,0.181283,0.170799,0.163353,0.156602,0.138505,0.132414,0.127323,0.122157,0.117394,0.112605,0.107838,0.103459,0.0994214,0.0954115,0.0914592,0.0878214,0.0842471,0.0807548,0.0775407,0.0744051,0.0715132,0.068411,0.0658275,0.0630697,0.0605336,0.0580914,0.0557448,0.0534075,0.0513379,0.0492755,0.0473049,0.0453611,0.0435708,0.0418107,0.0400899,0.0384158,0.0369171,0.0354548,0.0339989,0.0326258,0.0312999,0.0300503,0.0288463,0.0276425,0.0265351,0.0254738,0.024458,0.02347,0.0225281,0.0216164,0.0207367,0.0199018,0.0190984,0.0183371,0.0175966,0.0168878,0.0162021,0.0155479,0.0149244,0.0143117,0.0137416,0.0131889,0.0126499,0.0121399,0.011657,0.0111846,0.0107351,0.010301,0.0098859,0.00948935,0.00910582,0.00873824,0.00838642,0.00804812,0.00772342,0.00741228,0.007113,0.00682567,0.00655157,0.00628668,0.00603246,0.00578991,0.00555676
2.54e-05,32.6017,31.4204,30.1695,28.9405,27.7758,26.6984,25.718,24.8339,24.0351,23.3014,22.6098,21.9316,21.1888,20.1486,18.4214,16.9203,15.9372,15.0136,3.37265,2.59782,2.09095,1.74058,1.48752,1.29784,1.15118,1.03484,0.940602,0.862923,0.797909,0.742768,0.695456,0.654443,0.618602,0.587028,0.558975,0.533918,0.511402,0.491059,0.455707,0.426016,0.40072,0.378855,0.359787,0.34294,0.327945,0.308144,0.291166,0.271778,0.259168,0.244376,0.231438,0.22275,0.209812,0.200641,0.192321,0.169759,0.162292,0.156053,0.149722,0.143884,0.138013,0.132172,0.126804,0.121856,0.116941,0.112097,0.107638,0.103257,0.0989769,0.0950375,0.0911943,0.0876499,0.0838477,0.0806813,0.0773011,0.0741928,0.0711996,0.0683234,0.0654588,0.0629221,0.0603944,0.057979,0.0555967,0.0534024,0.0512451,0.049136,0.0470842,0.0452473,0.0434551,0.0416707,0.0399876,0.0383626,0.036831,0.0353554,0.0338799,0.0325227,0.0312219,0.0299768,0.028766,0.0276115,0.0264941,0.0254159,0.0243926,0.0234079,0.0224748,0.0215673,0.0206985,0.019858,0.0190563,0.018292,0.0175411,0.0168424,0.016165,0.0155043,0.0148792,0.0142874,0.0137084,0.0131574,0.0126254,0.0121166,0.0116306,0.0111605,0.01071,0.0102788,0.00986415,0.00946619,0.00908484,0.00871802,0.00836586,0.00802991,0.00770524,0.00739367,0.00709638,0.00681062
3.05e-05,32.7094,31.5234,30.2753,29.0544,27.9029,26.8445,25.8905,25.0421,24.2916,23.6242,23.0264,22.4888,21.9762,21.3787,20.4245,18.889,17.8723,17.3808,16.8986,15.7481,2.80553,2.31959,1.96557,1.7007,1.49745,1.33775,1.20963,1.10483,1.01778,0.944406,0.881872,0.827956,0.781017,0.739835,0.703388,0.670939,0.641832,0.615603,0.570218,0.532263,0.500039,0.472274,0.448089,0.426774,0.40784,0.382907,0.361564,0.33726,0.321469,0.302975,0.286825,0.27599,0.259886,0.24846,0.238126,0.209657,0.200436,0.19273,0.184911,0.177701,0.170451,0.163236,0.156607,0.150495,0.144425,0.138443,0.132936,0.127526,0.122239,0.117374,0.112628,0.10825,0.103554,0.0996439,0.0954693,0.0916304,0.0879337,0.0843815,0.0808436,0.0777107,0.0745889,0.0716059,0.0686636,0.0659536,0.0632892,0.0606845,0.0581504,0.0558818,0.0536683,0.0514645,0.049386,0.047379,0.0454874,0.043665,0.0418427,0.0401665,0.03856,0.0370223,0.0355268,0.034101,0.0327211,0.0313894,0.0301256,0.0289095,0.0277571,0.0266362,0.0255632,0.0245253,0.0235351,0.0225912,0.0216638,0.0208009,0.0199642,0.0191483,0.0183762,0.0176454,0.0169303,0.0162498,0.0155927,0.0149644,0.0143641,0.0137836,0.0132272,0.0126946,0.0121825,0.011691,0.01122,0.010767,0.0103321,0.00991718,0.00951621,0.00913141,0.00876424,0.00841133
3.66e-05,32.814,31.6235,30.378,29.1649,28.0261,26.9859,26.0569,25.2423,24.5373,23.931,23.4179,23.0014,22.6712,22.3776,22.0369,21.4659,20.3938,19.7176,19.2985,18.5093,17.1057,3.06057,2.60528,2.25058,1.97356,1.75448,1.57861,1.43523,1.31671,1.21734,1.13309,1.06077,0.998162,0.943432,0.895198,0.852415,0.814177,0.779829,0.720607,0.671331,0.629671,0.593915,0.562837,0.535559,0.511387,0.479571,0.452464,0.421656,0.401703,0.37836,0.358031,0.344397,0.324164,0.309827,0.29687,0.260496,0.249039,0.239465,0.22975,0.220791,0.211783,0.202819,0.194582,0.186988,0.179447,0.172013,0.165172,0.158449,0.151881,0.145836,0.139939,0.1345,0.128665,0.123806,0.118619,0.11385,0.109256,0.104843,0.100447,0.0965546,0.0926758,0.0889694,0.0853137,0.0819465,0.0786361,0.0753997,0.0722512,0.0694324,0.0666822,0.063944,0.0613614,0.0588677,0.0565176,0.0542532,0.0519891,0.0499064,0.0479103,0.0459997,0.0441416,0.0423701,0.0406555,0.0390009,0.0374306,0.0359197,0.0344878,0.0330952,0.031762,0.0304723,0.029242,0.0280693,0.026917,0.0258448,0.0248053,0.0237915,0.0228322,0.0219241,0.0210356,0.0201902,0.0193738,0.0185931,0.0178472,0.0171259,0.0164346,0.0157729,0.0151366,0.014526,0.0139408,0.0133779,0.0128375,0.012322,0.0118238,0.0113457,0.0108895,0.010451
4.39e-05,32.9156,31.7208,30.4779,29.2723,28.1456,27.1228,26.2182,25.4355,24.7733,24.2242,23.7883,23.4786,23.2991,23.2278,23.2523,23.397,23.701,24.0282,22.6392,20.7773,19.2781,3.8937,3.35112,2.9301,2.58655,2.30581,2.07493,1.88373,1.72423,1.58991,1.47585,1.37804,1.29344,1.2197,1.15489,1.09756,1.04647,1.00071,0.922129,0.857083,0.80227,0.755453,0.71495,0.679451,0.648116,0.606947,0.572012,0.532457,0.506897,0.477087,0.451169,0.433818,0.408112,0.389942,0.373523,0.326281,0.31193,0.299939,0.28777,0.276549,0.265266,0.254038,0.243721,0.23421,0.224764,0.215453,0.206883,0.198463,0.190236,0.182665,0.175278,0.168466,0.161158,0.155072,0.148575,0.142601,0.136848,0.13132,0.125814,0.120938,0.11608,0.111437,0.106858,0.102641,0.0984945,0.0944408,0.0904972,0.0869666,0.0835218,0.0800922,0.0768574,0.073734,0.0707903,0.067954,0.0651182,0.0625095,0.0600094,0.0576163,0.055289,0.05307,0.0509225,0.04885,0.0468832,0.0449907,0.0431972,0.0414529,0.039783,0.0381677,0.0366267,0.0351578,0.0337145,0.0323715,0.0310695,0.0297997,0.0285982,0.0274608,0.0263479,0.0252889,0.0242664,0.0232885,0.0223543,0.0214508,0.0205849,0.0197561,0.0189592,0.0181943,0.0174613,0.0167563,0.0160794,0.0154337,0.0148097,0.0142108,0.0136394,0.0130902
5.27e-05,33.0152,31.8163,30.5759,29.3775,28.2625,27.2566,26.3748,25.6236,25.0025,24.5074,24.1432,23.9297,23.8786,23.9792,24.24,24.7122,25.4375,26.2809,26.7979,26.5732,21.423,19.3517,4.1354,3.65267,3.26995,2.95044,2.6799,2.44912,2.25122,2.08082,1.93352,1.80555,1.69386,1.5959,1.50941,1.4327,1.36428,1.30296,1.19768,1.11073,1.03764,0.975386,0.921644,0.87472,0.83337,0.779179,0.733422,0.681786,0.648511,0.609804,0.576263,0.553841,0.520702,0.49731,0.4762,0.413521,0.395334,0.380135,0.364713,0.350492,0.336192,0.321962,0.308886,0.296832,0.28486,0.27306,0.262199,0.251528,0.241101,0.231505,0.222143,0.213509,0.204248,0.196534,0.188301,0.180729,0.173438,0.166431,0.159453,0.153274,0.147117,0.141233,0.13543,0.130085,0.12483,0.119692,0.114694,0.110219,0.105854,0.101507,0.0974073,0.0934488,0.089718,0.0861234,0.0825293,0.0792231,0.0760545,0.0730216,0.070072,0.0672598,0.064538,0.0619114,0.0594187,0.0570202,0.0547471,0.0525364,0.0504201,0.0483728,0.0464199,0.0445582,0.0427289,0.0410269,0.0393768,0.0377675,0.0362447,0.0348031,0.0333927,0.0320506,0.0307546,0.0295153,0.0283314,0.0271863,0.0260888,0.0250385,0.0240284,0.023059,0.0221301,0.0212365,0.0203787,0.0195603,0.0187695,0.0180105,0.0172863,0.0165902
6.32e-05,33.1118,31.9089,30.6709,29.4795,28.3758,27.3861,26.5265,25.8051,25.223,24.7788,24.4811,24.3543,24.4137,24.6504,25.0739,25.7217,26.5898,27.5062,28.115,28.249,27.8096,21.275,18.9234,16.7213,3.94229,3.59455,3.30347,3.05239,2.83387,2.64189,2.47221,2.32167,2.1876,2.06784,1.96056,1.86413,1.77722,1.69865,1.56239,1.44877,1.35279,1.27069,1.19976,1.13778,1.08315,1.01137,0.951047,0.883089,0.839402,0.788655,0.744767,0.715496,0.672278,0.641822,0.61437,0.529711,0.506413,0.486945,0.467189,0.448972,0.430654,0.412425,0.395676,0.380235,0.3649,0.349784,0.335871,0.322201,0.308845,0.296553,0.284561,0.273501,0.261636,0.251756,0.241209,0.23151,0.22217,0.213195,0.204256,0.196341,0.188453,0.180916,0.173483,0.166636,0.159904,0.153323,0.146921,0.141189,0.135596,0.130028,0.124777,0.119706,0.114927,0.110322,0.105718,0.101483,0.0974241,0.093539,0.0897606,0.0861582,0.0826717,0.0793071,0.0761141,0.0730416,0.0701298,0.067298,0.064587,0.0619645,0.0594628,0.057078,0.0547348,0.0525546,0.0504408,0.0483793,0.0464286,0.044582,0.0427753,0.0410561,0.039396,0.0378084,0.0362918,0.034825,0.0334192,0.0320737,0.0307799,0.0295381,0.0283481,0.0272035,0.0261046,0.0250563,0.0240433,0.023071,0.0221434,0.0212517
7.58e-05,33.2062,31.9995,30.7639,29.5792,28.4864,27.5124,26.6743,25.9816,25.4372,25.0414,24.806,24.7586,24.9147,25.2624,25.8044,26.5594,27.4927,28.425,29.0487,29.2553,29.0423,28.289,20.5916,18.1843,15.9248,4.22032,3.90036,3.63154,3.40019,3.19746,3.01752,2.8563,2.71107,2.5797,2.46034,2.35159,2.25218,2.1611,2.00041,1.86357,1.746,1.64413,1.55508,1.47666,1.40704,1.31465,1.23695,1.14902,1.09231,1.02638,0.969285,0.93114,0.874862,0.835194,0.799434,0.685022,0.654893,0.629716,0.604168,0.58061,0.556921,0.533348,0.511688,0.49172,0.471888,0.45234,0.434349,0.41667,0.399398,0.383502,0.367994,0.353691,0.338348,0.325571,0.311931,0.299388,0.28731,0.275703,0.264144,0.253908,0.243708,0.233961,0.224348,0.215493,0.206788,0.198277,0.189998,0.182585,0.175353,0.168152,0.161361,0.154803,0.148623,0.142668,0.136715,0.131238,0.125989,0.120965,0.116078,0.11142,0.106911,0.10256,0.0984306,0.0944574,0.0906919,0.0870297,0.0835239,0.0801325,0.0768972,0.0738132,0.070783,0.0679636,0.06523,0.0625641,0.0600415,0.0576534,0.055317,0.0530937,0.0509469,0.0488939,0.0469326,0.0450357,0.0432177,0.0414777,0.0398045,0.0381986,0.0366598,0.0351796,0.0337585,0.0324028,0.0310927,0.0298355,0.0286358,0.0274827
9.1e-05,33.2989,32.0886,30.8551,29.677,28.5944,27.636,26.819,26.1543,25.6464,25.2973,25.1207,25.1467,25.3888,25.8289,26.4606,27.2862,28.2541,29.1865,29.8085,30.0411,29.904,29.3517,28.2067,19.6463,17.287,15.0307,4.49363,4.19034,3.93748,3.72019,3.52966,3.3602,3.20797,3.0701,2.94449,2.82948,2.72376,2.62617,2.45197,2.30125,2.16978,2.05417,1.95175,1.86041,1.77849,1.66787,1.57419,1.46699,1.39721,1.31547,1.2442,1.19639,1.1255,1.07534,1.02998,0.883064,0.844225,0.81177,0.778836,0.748467,0.717929,0.687541,0.659619,0.633878,0.608312,0.583113,0.55992,0.537131,0.514866,0.494374,0.474382,0.455944,0.436166,0.419695,0.402111,0.385942,0.370372,0.35541,0.340509,0.327313,0.314164,0.3016,0.289207,0.277793,0.266571,0.2556,0.244926,0.235371,0.226048,0.216766,0.208011,0.199558,0.191591,0.183914,0.176239,0.169179,0.162413,0.155936,0.149637,0.143632,0.137819,0.13221,0.126887,0.121765,0.116911,0.11219,0.107671,0.103299,0.0991285,0.0951529,0.0912466,0.0876121,0.0840882,0.0806516,0.0773997,0.0743212,0.0713094,0.0684432,0.0656758,0.0630292,0.0605009,0.0580557,0.0557121,0.053469,0.0513121,0.049242,0.0472582,0.0453501,0.0435182,0.0417706,0.0400817,0.038461,0.0369145,0.0354281
0.000109,33.3883,32.1745,30.9432,29.7713,28.6988,27.7547,26.9582,26.3205,25.8474,25.5425,25.4209,25.514,25.8317,26.3481,27.0486,27.9226,28.9097,29.8369,30.4523,30.696,30.5963,30.1206,29.197,27.5964,18.5764,16.3159,14.0761,4.75738,4.4633,4.21962,4.01082,3.82792,3.66522,3.51885,3.386,3.26463,3.15309,3.05015,2.86605,2.70596,2.56531,2.44064,2.32931,2.22926,2.13873,2.0148,1.90909,1.78676,1.70635,1.61134,1.52778,1.47136,1.38717,1.32723,1.27281,1.10182,1.05336,1.01286,0.97177,0.933878,0.895775,0.85786,0.82302,0.790903,0.759004,0.727563,0.698625,0.67019,0.642409,0.616841,0.591897,0.568891,0.544213,0.523662,0.501723,0.481548,0.462121,0.443453,0.42486,0.408396,0.39199,0.376313,0.36085,0.346608,0.332606,0.318917,0.3056,0.293678,0.282045,0.270463,0.25954,0.248992,0.239052,0.229474,0.219898,0.211088,0.202646,0.194564,0.186705,0.179212,0.17196,0.164962,0.15832,0.151929,0.145873,0.139982,0.134343,0.128888,0.123685,0.118724,0.11385,0.109315,0.104919,0.100631,0.0965732,0.0927322,0.0889742,0.0853981,0.0819451,0.0786429,0.0754883,0.0724373,0.0695132,0.0667144,0.0640232,0.0614403,0.0589651,0.0565843,0.0542986,0.0521181,0.0500109,0.0479886,0.046059,0.0442043
0.000131,33.4773,32.2601,31.031,29.8653,28.803,27.8732,27.0964,26.4856,26.0471,25.7854,25.717,25.8734,26.2597,26.8424,27.5983,28.5078,29.5062,30.4261,31.0335,31.2831,31.2075,30.7716,29.9345,28.6722,26.3493,17.5281,15.3842,13.1283,5.04148,4.74648,4.50452,4.29828,4.11805,3.95789,3.81379,3.68292,3.56317,3.45295,3.25622,3.08524,2.93476,2.80103,2.68119,2.57301,2.47474,2.33972,2.22359,2.08818,1.99855,1.89196,1.7976,1.73354,1.63746,1.56871,1.50601,1.31974,1.2617,1.21319,1.16397,1.11859,1.07295,1.02753,0.985802,0.947333,0.909125,0.871465,0.836803,0.802745,0.769469,0.738843,0.708966,0.68141,0.651851,0.627235,0.600957,0.576792,0.553522,0.531162,0.508891,0.489171,0.46952,0.450742,0.432222,0.415163,0.398391,0.381995,0.366043,0.351763,0.33783,0.323957,0.310873,0.29824,0.286333,0.274861,0.26339,0.252839,0.242726,0.233047,0.223633,0.214658,0.205971,0.197589,0.189634,0.181979,0.174724,0.167669,0.160915,0.154381,0.148148,0.142206,0.136368,0.130937,0.12567,0.120534,0.115674,0.111073,0.106572,0.102289,0.0981527,0.0941974,0.0904189,0.0867644,0.0832619,0.0799096,0.0766861,0.0735923,0.0706276,0.0677759,0.0650381,0.0624263,0.0599023,0.0574801,0.0551689,0.0529473
0.000157,33.5631,32.3427,31.1156,29.9558,28.9032,27.9873,27.2296,26.6443,26.2389,26.0182,25.9993,26.2143,26.6613,27.2997,28.0995,29.035,30.0396,30.9521,31.5516,31.8054,31.7478,31.3357,30.5364,29.4021,27.8111,18.7909,16.5177,14.4847,12.1308,5.33927,5.03398,4.78725,4.5785,4.39688,4.23582,4.09105,3.95959,3.83923,3.62563,3.44076,3.2784,3.13418,3.00485,2.88796,2.78161,2.63516,2.50877,2.3608,2.26245,2.14505,2.04069,1.96961,1.86265,1.78588,1.71571,1.51774,1.45099,1.39521,1.3386,1.2864,1.23392,1.18169,1.1337,1.08946,1.04552,1.00221,0.962347,0.923179,0.88491,0.84969,0.81533,0.78364,0.749647,0.721338,0.691117,0.663326,0.636566,0.610851,0.585239,0.56256,0.539961,0.518366,0.497067,0.477449,0.458161,0.439304,0.42096,0.404537,0.388513,0.37256,0.357513,0.342984,0.329291,0.316098,0.302906,0.290772,0.279142,0.26801,0.257184,0.246863,0.236873,0.227233,0.218084,0.209281,0.200938,0.192824,0.185056,0.177542,0.170374,0.163541,0.156827,0.150581,0.144524,0.138618,0.133028,0.127737,0.122561,0.117635,0.112878,0.10833,0.103984,0.0997815,0.0957535,0.0918983,0.0881912,0.0846332,0.0812237,0.0779441,0.0747956,0.071792,0.0688893,0.0661037,0.0634457,0.0608909
0.000189,33.649,32.4254,31.2004,30.0464,29.0036,28.1018,27.3632,26.8034,26.4308,26.2506,26.2808,26.5485,27.0544,27.7424,28.5786,29.5339,30.542,31.4471,32.0393,32.2975,32.2563,31.862,31.0775,30.0078,28.6393,26.6238,17.6841,15.6232,13.6848,11.1595,5.69913,5.36571,5.10371,4.88516,4.69654,4.5301,4.38096,4.24575,4.00823,3.80455,3.62665,3.46915,3.32817,3.20087,3.08508,2.92546,2.78763,2.62602,2.51842,2.38975,2.27515,2.19697,2.07911,1.99435,1.91677,1.70578,1.63076,1.56807,1.50445,1.44579,1.3868,1.3281,1.27416,1.22444,1.17505,1.12638,1.08158,1.03756,0.994547,0.954964,0.916346,0.88073,0.842525,0.810708,0.776743,0.74551,0.715433,0.686533,0.657748,0.632259,0.60686,0.582589,0.558651,0.536603,0.514925,0.493733,0.473115,0.454658,0.436649,0.418719,0.401807,0.385478,0.370089,0.355261,0.340435,0.326797,0.313726,0.301215,0.289048,0.277448,0.26622,0.255386,0.245103,0.23521,0.225833,0.216714,0.207984,0.199539,0.191483,0.183803,0.176258,0.169237,0.16243,0.155792,0.14951,0.143564,0.137746,0.132209,0.126864,0.121751,0.116867,0.112144,0.107617,0.103284,0.0991177,0.0951189,0.091287,0.0876011,0.0840625,0.0806868,0.0774244,0.0742937,0.0713064,0.0684351
0.000226,33.73,32.5035,31.2805,30.132,29.0983,28.2099,27.4895,26.9536,26.6118,26.4694,26.5442,26.8642,27.4172,28.144,29.0118,29.9818,30.9916,31.8901,32.4761,32.7394,32.7134,32.3346,31.5518,30.5119,29.2561,27.6486,18.9932,16.6758,14.7896,12.9389,9.90714,6.11198,5.72768,5.43942,5.20419,5.00372,4.82821,4.67173,4.40138,4.17301,3.97546,3.80166,3.64676,3.50732,3.38073,3.20677,3.05647,2.88032,2.76303,2.62275,2.49773,2.41239,2.28367,2.19103,2.1062,1.88081,1.79809,1.72896,1.65882,1.59413,1.52909,1.46437,1.4049,1.35008,1.29562,1.24195,1.19256,1.14402,1.0966,1.05295,1.01037,0.9711,0.928974,0.893893,0.856443,0.822005,0.788842,0.756976,0.725238,0.697134,0.669128,0.642368,0.615973,0.591662,0.56776,0.544393,0.521661,0.501309,0.481452,0.461682,0.443035,0.425031,0.408062,0.391713,0.375366,0.360329,0.345917,0.332122,0.318707,0.305916,0.293537,0.28159,0.270253,0.259344,0.249005,0.23895,0.229325,0.220013,0.21113,0.202663,0.194343,0.186602,0.179097,0.171777,0.164851,0.158294,0.151879,0.145775,0.139881,0.134244,0.128859,0.123651,0.118659,0.113882,0.109288,0.104879,0.100654,0.0965896,0.0926879,0.0889658,0.0853688,0.0819168,0.078623,0.075457
0.000272,33.8122,32.5828,31.3617,30.2188,29.1945,28.3196,27.6177,27.1063,26.7955,26.6909,26.8097,27.1785,27.7782,28.5439,29.4352,30.4172,31.4275,32.3198,32.9005,33.1702,33.1601,32.7978,32.01,30.9799,29.7952,28.3823,26.4702,17.8503,15.8421,14.1054,12.382,10.0349,6.73172,6.21368,5.86844,5.59955,5.37603,5.18335,4.86093,4.59589,4.37043,4.17429,4.00087,3.84562,3.70528,3.51346,3.34797,3.15449,3.02585,2.87214,2.73526,2.64186,2.501,2.39966,2.30686,2.06348,1.97273,1.89689,1.81993,1.74897,1.67761,1.6066,1.54135,1.4812,1.42146,1.36258,1.30838,1.25513,1.2031,1.15522,1.1085,1.06542,1.0192,0.980714,0.939626,0.901843,0.865459,0.830498,0.795678,0.764844,0.734118,0.704758,0.6758,0.649128,0.622904,0.597268,0.572327,0.549999,0.528214,0.506524,0.486066,0.466313,0.447696,0.429759,0.411824,0.395326,0.379515,0.36438,0.349662,0.335629,0.322047,0.30894,0.296502,0.284533,0.27319,0.262159,0.251598,0.241382,0.231637,0.222347,0.213219,0.204726,0.196492,0.188461,0.180862,0.173669,0.166631,0.159933,0.153467,0.147282,0.141374,0.135661,0.130184,0.124943,0.119903,0.115065,0.11043,0.105971,0.10169,0.0976067,0.0936603,0.089873,0.0862593,0.0827859
0.000326,33.8909,32.6588,31.4395,30.302,29.2866,28.4248,27.7406,27.2527,26.9716,26.9028,27.0627,27.4764,28.1174,28.915,29.8272,30.8182,31.8285,32.7154,33.2919,33.5686,33.5778,33.2297,32.4353,31.3999,30.2587,28.962,27.3828,24.7591,16.8988,15.1141,13.5267,11.9774,10.2068,7.7548,6.87184,6.40646,6.07608,5.81358,5.40221,5.08077,4.81516,4.58833,4.39034,4.21473,4.05706,3.84344,3.6597,3.44582,3.3041,3.13513,2.98494,2.88258,2.72839,2.61755,2.51612,2.25109,2.15209,2.06935,1.9854,1.90798,1.83013,1.75267,1.68149,1.61587,1.5507,1.48646,1.42734,1.36925,1.31249,1.26025,1.20929,1.16229,1.11187,1.06988,1.02506,0.983838,0.944146,0.906007,0.86802,0.834383,0.800864,0.768834,0.737244,0.708146,0.679539,0.651571,0.624363,0.600005,0.576238,0.552576,0.530258,0.508709,0.4884,0.468832,0.449267,0.431269,0.41402,0.397509,0.381453,0.366144,0.351327,0.337029,0.323459,0.310402,0.298028,0.285994,0.274473,0.263328,0.252697,0.242562,0.232605,0.223339,0.214357,0.205596,0.197306,0.189459,0.181781,0.174475,0.16742,0.160673,0.154228,0.147995,0.14202,0.136302,0.130804,0.125527,0.12047,0.115606,0.110936,0.106481,0.102176,0.0980442,0.094102,0.0903127
0.000391,33.9683,32.7335,31.5161,30.3838,29.3772,28.5283,27.8618,27.3971,27.1453,27.1111,27.3107,27.7667,28.4457,29.2714,30.2014,31.1996,32.2094,33.0917,33.6647,33.9487,34.0082,33.6446,32.8461,31.7952,30.6795,29.4634,28.0665,26.2655,18.1556,16.121,14.5219,13.0983,11.7614,10.427,9.01946,7.85297,7.16864,6.71804,6.11419,5.69081,5.35964,5.08596,4.85216,4.64794,4.46663,4.22413,4.0168,3.77723,3.6193,3.43175,3.26559,3.15261,2.98274,2.86085,2.74945,2.45714,2.34907,2.25876,2.16712,2.08262,1.99765,1.91309,1.8354,1.76378,1.69264,1.62252,1.55799,1.49458,1.43262,1.3756,1.31998,1.26867,1.21364,1.16781,1.11888,1.07389,1.03057,0.988934,0.947471,0.910755,0.874167,0.839206,0.804724,0.772964,0.741737,0.71121,0.681512,0.654924,0.628982,0.603154,0.578794,0.555272,0.533104,0.511745,0.490389,0.470743,0.451915,0.433894,0.416367,0.399657,0.383484,0.367877,0.353066,0.338814,0.325307,0.312171,0.299596,0.287431,0.275827,0.264764,0.253895,0.243782,0.233977,0.224414,0.215366,0.2068,0.198419,0.190444,0.182744,0.17538,0.168345,0.161541,0.15502,0.148778,0.142777,0.137017,0.131497,0.126187,0.12109,0.116227,0.111528,0.107018,0.102715,0.0985791
0.00047,34.045,32.8077,31.592,30.4651,29.4672,28.6312,27.9824,27.5407,27.3179,27.3178,27.5558,28.0521,28.7664,29.6172,30.5627,31.5666,32.5758,33.4539,34.0239,34.3147,34.5045,34.0434,33.2491,32.1766,31.0722,29.9151,28.6417,27.141,24.9435,17.257,15.5048,14.0778,12.8288,11.7046,10.6711,9.71235,8.85062,8.13496,7.15416,6.52867,6.07859,5.72596,5.43516,5.18735,4.97124,4.68777,4.44796,4.17395,3.99483,3.78337,3.59699,3.47071,3.28142,3.14598,3.02244,2.69463,2.57612,2.47708,2.37659,2.28392,2.19073,2.098,2.0128,1.93425,1.85624,1.77935,1.70857,1.63904,1.57109,1.50856,1.44756,1.3913,1.33094,1.28068,1.22703,1.17769,1.13017,1.08452,1.03905,0.998784,0.95866,0.92032,0.882505,0.847675,0.81343,0.779952,0.747383,0.718225,0.689776,0.661452,0.634737,0.608942,0.584631,0.561208,0.537787,0.516243,0.495595,0.475832,0.456611,0.438286,0.42055,0.403435,0.387192,0.371562,0.35675,0.342344,0.328554,0.315213,0.302487,0.290355,0.278435,0.267345,0.256592,0.246105,0.236182,0.226788,0.217598,0.208852,0.200407,0.192331,0.184616,0.177155,0.170003,0.163159,0.156577,0.15026,0.144207,0.138384,0.132794,0.127461,0.122308,0.117362,0.112643,0.108107
0.000563,34.119,32.8791,31.6652,30.5433,29.5539,28.7303,28.0986,27.6792,27.4844,27.5166,27.7908,28.3245,29.0706,29.9433,30.9017,31.9101,32.9186,33.7932,34.3604,34.6562,34.9487,34.4127,33.6331,32.5388,31.4329,30.3184,29.1344,27.8124,26.1693,18.9239,16.5453,15.0106,13.751,12.6707,11.7277,10.8944,10.1536,9.49636,8.4162,7.61168,7.01152,6.54676,6.17302,5.86212,5.59635,5.25499,4.97091,4.65106,4.44425,4.20203,3.99004,3.84708,3.63369,3.48159,3.34323,2.96999,2.83937,2.73021,2.61945,2.51731,2.4146,2.3124,2.21848,2.13191,2.04593,1.96117,1.88317,1.80653,1.73164,1.66272,1.59548,1.53347,1.46695,1.41155,1.35241,1.29803,1.24567,1.19535,1.14523,1.10085,1.05662,1.01437,0.972687,0.934297,0.896553,0.859654,0.823757,0.79162,0.760264,0.729045,0.6996,0.671169,0.644374,0.618556,0.592743,0.568997,0.546239,0.524456,0.503272,0.483074,0.463525,0.444661,0.426758,0.409531,0.393206,0.377328,0.362128,0.347424,0.333397,0.320026,0.306888,0.294664,0.282813,0.271254,0.260317,0.249963,0.239834,0.230194,0.220886,0.211985,0.203482,0.195258,0.187376,0.179831,0.172577,0.165615,0.158943,0.152525,0.146364,0.140486,0.134806,0.129355,0.124154,0.119155
0.000676,34.1922,32.95,31.7379,30.6211,29.6401,28.8289,28.2144,27.8174,27.6504,27.7145,28.0238,28.5932,29.369,30.2613,31.2311,32.243,33.2509,34.1224,34.6864,34.985,35.3376,34.7662,34.0095,32.8991,31.78,30.6965,29.583,28.3901,27.0216,25.1602,17.917,16.0171,14.6636,13.56,12.6287,11.8295,11.1349,10.525,9.50651,8.69626,8.04219,7.50677,7.06287,6.68953,6.36975,5.9602,5.62251,5.2457,5.00404,4.72294,4.4785,4.31441,4.07052,3.89738,3.74034,3.30922,3.16367,3.04205,2.91863,2.80482,2.69039,2.57651,2.47187,2.37541,2.27961,2.18517,2.09826,2.01286,1.92942,1.85263,1.77771,1.70862,1.6345,1.57277,1.50688,1.44629,1.38794,1.33187,1.27603,1.22658,1.17731,1.13022,1.08378,1.04101,0.998955,0.957841,0.917844,0.882036,0.847098,0.812314,0.779506,0.747827,0.717972,0.689206,0.660444,0.633986,0.608629,0.584358,0.560754,0.538249,0.516468,0.495449,0.475501,0.456307,0.438116,0.420425,0.403489,0.387106,0.371477,0.356578,0.34194,0.32832,0.315114,0.302236,0.29005,0.278513,0.267227,0.256486,0.246115,0.236197,0.226723,0.217559,0.208777,0.200371,0.192288,0.184531,0.177097,0.169946,0.163081,0.156532,0.150203,0.14413,0.138334,0.132764
0.000811,34.2639,33.0193,31.809,30.6971,29.7245,28.9254,28.3279,27.953,27.813,27.908,28.2509,28.8539,29.6568,30.5667,31.5462,32.5608,33.5682,34.4369,34.9968,35.2956,35.6762,35.0973,34.3689,33.2553,32.1124,31.0491,29.9917,28.8979,27.7101,26.2863,24.0314,17.2602,15.6325,14.4369,13.4696,12.6609,11.9713,11.3739,10.3844,9.59351,8.94155,8.39184,7.92311,7.52018,7.16997,6.71548,6.33669,5.91135,5.63772,5.31904,5.0418,4.85578,4.57942,4.38334,4.20565,3.71595,3.55252,3.41594,3.27736,3.14956,3.02106,2.89319,2.77569,2.66737,2.55979,2.45375,2.35616,2.26026,2.16657,2.08034,1.99621,1.91862,1.83539,1.76608,1.69209,1.62405,1.55853,1.49557,1.43287,1.37734,1.32201,1.26914,1.21699,1.16896,1.12174,1.07557,1.03066,0.990447,0.951215,0.912155,0.875314,0.839743,0.806217,0.773916,0.741619,0.711909,0.683435,0.656181,0.629676,0.604405,0.579947,0.556344,0.533944,0.512391,0.491965,0.472099,0.453082,0.434685,0.417135,0.400405,0.383968,0.368673,0.353845,0.339384,0.325699,0.312745,0.300071,0.288011,0.276365,0.265228,0.254589,0.2443,0.234438,0.224999,0.215922,0.207211,0.198864,0.190834,0.183125,0.175772,0.168665,0.161845,0.155337,0.149082
0.000974,34.3346,33.0878,31.8792,30.7723,29.8078,29.021,28.4403,28.0875,27.9743,28.0992,28.4748,29.1099,29.9377,30.8633,31.8514,32.8681,33.8752,34.741,35.2957,35.5919,35.9806,35.4099,34.7123,33.6135,32.4385,31.3849,30.3732,29.3599,28.3078,27.1422,25.6572,22.5631,16.8282,15.3896,14.3257,13.4702,12.7572,12.149,11.1551,10.3664,9.71467,9.15993,8.68085,8.2643,7.89883,7.42023,7.01697,6.56009,6.26405,5.91728,5.61414,5.40996,5.10579,4.88936,4.6928,4.1627,3.97961,3.82662,3.67137,3.52821,3.38426,3.24102,3.10939,2.98805,2.86754,2.74875,2.63942,2.532,2.42704,2.33044,2.2362,2.14929,2.05605,1.97841,1.89552,1.8193,1.7459,1.67538,1.60513,1.54293,1.48095,1.42172,1.3633,1.3095,1.25659,1.20488,1.15456,1.10952,1.06557,1.02182,0.980548,0.940699,0.903144,0.866959,0.830779,0.797497,0.7656,0.735069,0.705378,0.677069,0.64967,0.623229,0.598137,0.573992,0.55111,0.528857,0.507553,0.486944,0.467284,0.448543,0.43013,0.412997,0.396385,0.380185,0.364856,0.350345,0.336147,0.322636,0.309591,0.297115,0.285197,0.27367,0.262623,0.252049,0.241881,0.232123,0.222772,0.213777,0.205141,0.196904,0.188942,0.181302,0.174012,0.167005
0.00117,34.404,33.1552,31.9483,30.8462,29.8898,29.1152,28.5512,28.2203,28.1334,28.2878,28.6945,29.36,30.2107,31.1506,32.146,33.1644,34.1713,35.0343,35.5817,35.8726,36.2575,35.7028,35.0359,33.9705,32.762,31.7065,30.7313,29.7848,28.8404,27.8573,26.7436,25.2144,19.6336,16.5741,15.2714,14.3112,13.542,12.9008,11.873,11.068,10.406,9.84115,9.35079,8.92225,8.5445,8.0462,7.62464,7.14405,6.83084,6.46235,6.13867,5.91994,5.59293,5.35948,5.14693,4.59308,4.39107,4.22226,4.05096,3.893,3.73416,3.57611,3.43087,3.29699,3.16401,3.03294,2.91231,2.79378,2.67797,2.57139,2.4674,2.3715,2.26863,2.18296,2.0915,2.0074,1.92641,1.84859,1.77109,1.70245,1.63406,1.56871,1.50425,1.44488,1.38651,1.32945,1.27394,1.22423,1.17574,1.12746,1.08193,1.03796,0.99652,0.956594,0.916673,0.879951,0.844756,0.811068,0.778307,0.747071,0.716839,0.687665,0.659978,0.633338,0.60809,0.583535,0.560029,0.537289,0.515597,0.494918,0.474601,0.455696,0.437368,0.419493,0.402579,0.386567,0.370901,0.355994,0.341599,0.327834,0.314683,0.301965,0.289775,0.278108,0.26689,0.256122,0.245804,0.235879,0.226351,0.217261,0.208477,0.200047,0.192003,0.184272
0.0014,34.4708,33.22,32.0148,30.9173,29.9689,29.206,28.6583,28.3485,28.2869,28.4688,28.9055,29.5993,30.4707,31.423,32.4248,33.4443,34.4512,35.311,35.8495,36.1334,36.5075,35.972,35.3323,34.3128,33.0811,32.0108,31.063,30.1717,29.314,28.4677,27.5917,26.5871,25.0969,18.985,16.4529,15.2454,14.3625,13.6569,12.5612,11.7219,11.0385,10.4571,9.95181,9.50943,9.11855,8.60144,8.16239,7.65986,7.33122,6.9433,6.60147,6.36993,6.02287,5.77453,5.54796,4.97571,4.75687,4.574,4.38843,4.21731,4.04524,3.87402,3.71669,3.57165,3.4276,3.28561,3.15493,3.02652,2.90106,2.7856,2.67295,2.56906,2.45762,2.36481,2.26574,2.17463,2.0869,2.00259,1.91863,1.84428,1.77019,1.6994,1.62957,1.56525,1.50202,1.4402,1.38006,1.32622,1.27369,1.22139,1.17206,1.12443,1.07954,1.03628,0.993038,0.953257,0.91513,0.878636,0.843145,0.809307,0.776557,0.744952,0.714959,0.686099,0.658748,0.632148,0.606683,0.582049,0.558549,0.536148,0.514138,0.493659,0.473804,0.45444,0.436116,0.418771,0.4018,0.38565,0.370057,0.355145,0.340899,0.327121,0.313915,0.301276,0.289123,0.277459,0.266281,0.25553,0.245208,0.235361,0.225845,0.216712,0.207999,0.199623
0.00168,34.5375,33.2847,32.0811,30.9884,30.048,29.2971,28.7656,28.4771,28.4409,28.6503,29.1158,29.837,30.7278,31.6915,32.6988,33.7192,34.7262,35.5822,36.1097,36.3851,36.7425,36.2292,35.6131,34.6453,33.413,32.313,31.3844,30.5406,29.757,29.0219,28.3207,27.6258,26.8677,25.7765,19.2289,16.5215,15.3457,14.5057,13.2815,12.3814,11.6621,11.0557,10.5306,10.0712,9.66528,9.12747,8.66997,8.14503,7.80091,7.39381,7.03432,6.79033,6.42406,6.16152,5.92166,5.33013,5.0957,4.8998,4.70102,4.51771,4.33339,4.14997,3.98143,3.82606,3.67174,3.51964,3.37965,3.2421,3.10771,2.98402,2.86335,2.75206,2.63268,2.53326,2.42713,2.32953,2.23555,2.14524,2.05529,1.97565,1.89628,1.82044,1.74564,1.67675,1.60901,1.54279,1.47836,1.42069,1.36442,1.30839,1.25554,1.20452,1.15643,1.1101,1.06377,1.02116,0.980315,0.941221,0.903202,0.866954,0.831871,0.798016,0.765886,0.73497,0.705671,0.677176,0.649897,0.623508,0.598335,0.574338,0.55076,0.528822,0.507553,0.486809,0.467181,0.4486,0.43042,0.41312,0.396416,0.380442,0.365181,0.350422,0.336276,0.322736,0.309718,0.297222,0.285249,0.273731,0.262674,0.252126,0.241932,0.232149,0.222814,0.213842
0.00202,34.6037,33.349,32.1471,31.059,30.1268,29.388,28.8729,28.6055,28.5946,28.831,29.3244,30.073,30.9818,31.9551,32.9673,33.9881,34.9955,35.8465,36.3608,36.627,36.9646,36.4736,35.8771,34.9596,33.7583,32.6154,31.6963,30.8926,30.1728,29.5298,28.9628,28.474,28.0664,27.7406,27.4893,27.2768,26.7006,15.5789,14.0824,13.0741,12.2973,11.6537,11.1016,10.621,10.1972,9.63607,9.15861,8.61013,8.25008,7.82356,7.44635,7.19007,6.80486,6.52845,6.27571,5.66294,5.41387,5.20574,4.99454,4.79979,4.60395,4.40908,4.23002,4.06495,3.901,3.7394,3.59067,3.44453,3.30175,3.17033,3.04213,2.92389,2.79706,2.69143,2.57867,2.47498,2.37513,2.27918,2.18362,2.099,2.01468,1.93411,1.85464,1.78144,1.70947,1.63912,1.57067,1.50939,1.44961,1.39008,1.33394,1.27973,1.22864,1.17941,1.13019,1.08492,1.04152,0.999989,0.959597,0.921085,0.883811,0.847842,0.813706,0.78086,0.749731,0.719457,0.690475,0.662439,0.635694,0.610199,0.585149,0.561841,0.539243,0.517205,0.496351,0.476609,0.457295,0.438915,0.421168,0.404196,0.387982,0.372301,0.357272,0.342888,0.329056,0.31578,0.303059,0.290822,0.279075,0.267868,0.257037,0.246644,0.236726,0.227194
0.00267,34.7018,33.4444,32.2449,31.1638,30.2438,29.5227,29.0323,28.7968,28.8232,29.099,29.6336,30.4194,31.3528,32.3398,33.3586,34.3795,35.3875,36.2287,36.7199,36.9715,37.2802,36.817,36.2425,35.388,34.2808,33.0793,32.1497,31.3926,30.7521,30.2209,29.8061,29.5246,29.3992,29.4532,29.6963,30.1055,30.6085,31.096,31.6081,31.0927,13.3377,12.5969,11.9815,11.4554,10.9961,10.3917,9.87958,9.29194,8.9062,8.44903,8.04441,7.76929,7.35541,7.05817,6.78621,6.13739,5.86745,5.64188,5.41299,5.20192,4.98968,4.77848,4.58442,4.40552,4.22783,4.0527,3.89151,3.73312,3.57837,3.43595,3.297,3.16886,3.0314,2.91692,2.79472,2.68234,2.57412,2.47014,2.36657,2.27486,2.18348,2.09615,2.01002,1.93069,1.85269,1.77644,1.70226,1.63585,1.57106,1.50655,1.4457,1.38695,1.33157,1.27822,1.22488,1.17581,1.12878,1.08377,1.03999,0.998255,0.957859,0.918876,0.88188,0.846282,0.812545,0.779734,0.748324,0.717939,0.688953,0.661322,0.634173,0.608913,0.584422,0.560537,0.537936,0.51654,0.495608,0.475688,0.456454,0.43806,0.420488,0.403493,0.387205,0.371615,0.356625,0.342237,0.32845,0.315188,0.302456,0.29031,0.278572,0.267308,0.25656,0.246229
0.00352,34.7965,33.5365,32.3394,31.2652,30.3571,29.6536,29.1876,28.9829,29.0453,29.3589,29.9322,30.7521,31.7072,32.7057,33.7293,34.7503,35.759,36.5869,37.0531,37.2899,37.5717,37.1293,36.5687,35.7613,34.7526,33.5639,32.5847,31.8559,31.2776,30.8335,30.5311,30.3893,30.4265,30.6497,31.0365,31.5336,32.0664,32.5499,33.0304,32.9261,31.5967,13.686,12.9504,12.3473,11.8336,11.1688,10.6114,9.97608,9.56051,9.06893,8.63442,8.33916,7.89516,7.57633,7.28466,6.59298,6.30301,6.06069,5.8148,5.58807,5.36008,5.1332,4.92473,4.73255,4.54167,4.35354,4.18038,4.01024,3.844,3.69101,3.54175,3.40409,3.25642,3.13345,3.00217,2.88145,2.7652,2.6535,2.54225,2.44373,2.34556,2.25175,2.15923,2.07401,1.99022,1.90831,1.82863,1.75729,1.68768,1.61838,1.55301,1.4899,1.43042,1.37311,1.31581,1.2631,1.21258,1.16422,1.11719,1.07236,1.02896,0.987086,0.947344,0.909103,0.872862,0.837616,0.803874,0.771233,0.740096,0.710414,0.681249,0.654114,0.627805,0.602147,0.577868,0.554884,0.532397,0.510999,0.490337,0.470578,0.451701,0.433445,0.415948,0.399201,0.383097,0.367642,0.352831,0.338585,0.324908,0.31186,0.299251,0.287151,0.275605,0.264507
0.00464,34.8889,33.6264,32.4318,31.3643,30.4679,29.7819,29.3401,29.1666,29.2636,29.6138,30.2233,31.0746,32.0489,33.0573,34.0851,35.1054,36.1146,36.9254,37.3653,37.5878,37.8446,37.4167,36.8642,36.0903,35.1582,34.0619,33.0153,32.293,31.763,31.3892,31.1752,31.1373,31.2852,31.6086,32.0666,32.6043,33.1858,33.925,36.4267,35.6656,33.0488,31.1735,14.1673,13.4208,12.8109,12.0482,11.423,10.721,10.266,9.73099,9.26014,8.94104,8.46218,8.1189,7.80519,7.05772,6.74731,6.48792,6.2247,5.98198,5.73791,5.49504,5.27188,5.06615,4.86182,4.66042,4.47506,4.29292,4.11497,3.95119,3.79141,3.64405,3.48597,3.35433,3.2138,3.08457,2.96013,2.84055,2.72145,2.61599,2.5109,2.41048,2.31144,2.22021,2.13052,2.04283,1.95753,1.88116,1.80665,1.73246,1.66249,1.59493,1.53125,1.4699,1.40856,1.35213,1.29805,1.24629,1.19595,1.14795,1.1015,1.05667,1.01412,0.973187,0.934391,0.89666,0.86054,0.825598,0.792266,0.760492,0.729271,0.700223,0.672059,0.644593,0.618602,0.593999,0.569927,0.54702,0.524901,0.503749,0.483542,0.463999,0.445268,0.427341,0.410102,0.393557,0.377703,0.362452,0.347811,0.333844,0.320346,0.307392,0.295032,0.283152
0.00613,34.9797,33.715,32.5227,31.4622,30.5775,29.909,29.4909,29.3482,29.4794,29.8644,30.5107,31.3908,32.3819,33.3987,34.4298,35.4491,36.4586,37.2479,37.6646,37.8701,38.1018,37.6846,37.1357,36.3862,35.5096,34.5202,33.4583,32.7126,32.2185,31.9032,31.7627,31.8078,32.0389,32.4306,32.9354,33.5294,34.4867,36.5813,37.4847,36.6594,34.1754,32.5858,30.4673,14.7592,14.0352,13.1395,12.4163,11.6169,11.1053,10.5093,9.98898,9.63821,9.11414,8.73987,8.3987,7.56992,7.23698,6.95876,6.67644,6.41611,6.15433,5.89383,5.65447,5.43382,5.21466,4.99864,4.79983,4.60447,4.4136,4.23794,4.06656,3.90851,3.73896,3.59776,3.44703,3.30843,3.17495,3.0467,2.91896,2.80584,2.69312,2.58542,2.47918,2.38134,2.28513,2.19109,2.09959,2.01768,1.93776,1.85819,1.78314,1.71067,1.64238,1.57658,1.51078,1.45026,1.39225,1.33673,1.28274,1.23126,1.18143,1.13335,1.08772,1.04381,1.0022,0.961733,0.922992,0.885514,0.849763,0.815682,0.782197,0.75104,0.720833,0.691373,0.663496,0.637107,0.611288,0.586718,0.562995,0.540308,0.518634,0.497673,0.477583,0.458354,0.439865,0.422119,0.405113,0.388756,0.373053,0.358072,0.343594,0.329701,0.316444,0.303701
0.00809,35.0681,33.8012,32.6114,31.5576,30.6846,30.0334,29.6392,29.5262,29.6905,30.1091,30.7897,31.6987,32.7033,33.7269,34.7606,35.7784,36.7875,37.5516,38.0581,38.1276,38.3407,37.9323,37.3836,36.6524,35.8162,34.9009,33.9092,33.1145,32.644,32.3772,32.2993,32.4133,32.7097,33.152,33.7011,34.4811,36.296,37.6568,38.1556,37.3204,35.1552,33.6622,32.0031,30.0087,15.2225,14.2875,13.5179,12.6515,12.0909,11.4345,10.8606,10.4739,9.89692,9.48559,9.1112,8.17155,7.81216,7.51182,7.20706,6.92604,6.64346,6.36226,6.10387,5.86568,5.6291,5.39592,5.1813,4.97042,4.76438,4.57476,4.38976,4.21914,4.03612,3.8837,3.72099,3.57137,3.42729,3.28884,3.15094,3.02884,2.90716,2.7909,2.67622,2.5706,2.46675,2.36523,2.26646,2.17804,2.09177,2.00587,1.92486,1.84663,1.77291,1.70188,1.63085,1.56552,1.50291,1.44297,1.38469,1.32912,1.27533,1.22343,1.17417,1.12677,1.08185,1.03817,0.996348,0.955892,0.917299,0.88051,0.844363,0.81073,0.778122,0.746321,0.716228,0.687742,0.659871,0.633349,0.60774,0.58325,0.559854,0.537226,0.51554,0.494783,0.474824,0.455667,0.437311,0.419653,0.402702,0.38653,0.370902,0.355904,0.341594,0.327838
0.0107,35.1551,33.8862,32.699,31.6518,30.7906,30.1568,29.787,29.7033,29.8998,30.3508,31.0648,31.9981,33.0178,34.0464,35.0821,36.0982,37.1057,37.8412,38.5062,38.7204,38.4224,38.1645,37.614,36.8951,36.0883,35.2284,34.3259,33.5097,33.046,32.8229,32.8005,32.9743,33.3246,33.8091,34.432,35.6333,37.4592,38.3791,38.6828,37.8464,36.0914,34.6847,33.0889,31.7475,30.4888,15.1976,14.4227,13.5489,12.9786,12.303,11.7059,11.3004,10.6913,10.2544,9.85514,8.85632,8.4668,8.1413,7.811,7.50643,7.20017,6.8954,6.61537,6.35721,6.10081,5.84809,5.61548,5.38693,5.16363,4.95811,4.75761,4.5727,4.37434,4.20915,4.0328,3.87064,3.71449,3.56444,3.41499,3.28265,3.15078,3.02477,2.90048,2.78601,2.67346,2.56343,2.45639,2.36055,2.26705,2.17396,2.08616,2.00138,1.92148,1.84449,1.76752,1.69671,1.62885,1.56389,1.50072,1.44049,1.3822,1.32595,1.27256,1.22119,1.17251,1.12517,1.07984,1.03599,0.994167,0.954296,0.915119,0.878668,0.843327,0.808861,0.776247,0.745374,0.715167,0.686422,0.658668,0.632125,0.606768,0.582245,0.558741,0.536245,0.514613,0.493852,0.473956,0.45482,0.436447,0.418921,0.401983,0.385728,0.370218,0.355311
0.0141,35.239,33.9683,32.7836,31.7429,30.8931,30.2765,29.93,29.8754,30.1029,30.5846,31.3298,32.2868,33.3178,34.3516,35.3886,36.4025,37.4072,38.112,38.8441,38.6226,38.6508,38.3786,37.8246,37.1151,36.3308,35.512,34.6806,33.8876,33.4224,33.2353,33.2629,33.4888,33.8842,34.4102,35.1959,36.725,38.2128,38.9489,39.1175,38.2835,36.9099,35.6736,34.05,32.845,32.1206,31.9257,15.1121,14.2222,13.6426,12.9553,12.3451,11.9291,11.3016,10.8496,10.4351,9.44357,9.02823,8.68114,8.32894,8.00417,7.6776,7.35263,7.05403,6.77875,6.50535,6.23587,5.98784,5.74414,5.50602,5.28688,5.07309,4.87591,4.6644,4.48825,4.30022,4.1273,3.96079,3.80079,3.64143,3.50032,3.35971,3.22534,3.09281,2.97075,2.85073,2.73341,2.61927,2.51708,2.41738,2.31812,2.22449,2.13409,2.04889,1.9668,1.88472,1.80922,1.73686,1.66759,1.60023,1.53601,1.47385,1.41387,1.35695,1.30217,1.25026,1.19977,1.15144,1.10469,1.06009,1.01757,0.9758,0.936932,0.899248,0.862496,0.82772,0.794799,0.762589,0.731939,0.702343,0.674041,0.647003,0.620853,0.595791,0.571803,0.548737,0.526598,0.505384,0.484978,0.465388,0.446699,0.428638,0.411306,0.394767,0.378871
0.0186,35.3215,34.0492,32.867,31.8329,30.9944,30.3956,30.0722,30.046,30.3036,30.8152,31.5904,32.5694,33.6102,34.6485,35.6863,36.6976,37.6978,38.3705,39.1372,38.8486,38.8597,38.5801,38.0215,37.3189,36.5524,35.7657,34.9897,34.2508,33.7791,33.6262,33.7004,33.9734,34.4086,34.9892,36.0185,37.6037,38.8052,39.436,39.4961,38.6667,37.5787,36.5111,35.0003,33.7541,33.1968,33.3634,15.7053,14.779,14.1825,13.4774,12.8518,12.4248,11.7795,11.3138,10.8862,9.8986,9.46325,9.09944,8.73027,8.38985,8.04754,7.70691,7.39392,7.10538,6.81881,6.53634,6.27636,6.02091,5.77133,5.54163,5.31753,5.11085,4.88915,4.70452,4.50742,4.32617,4.15164,3.98393,3.81689,3.66898,3.52159,3.38075,3.24184,3.11389,2.98809,2.86512,2.74548,2.63837,2.53386,2.42981,2.33167,2.23692,2.14761,2.06157,1.97553,1.89639,1.82054,1.74794,1.67734,1.61002,1.54487,1.482,1.42233,1.36491,1.3105,1.25758,1.20693,1.15792,1.11117,1.06661,1.02282,0.982077,0.942577,0.904055,0.867603,0.833096,0.799334,0.767207,0.736185,0.706519,0.678178,0.650769,0.624498,0.599355,0.575177,0.551972,0.529736,0.508347,0.487812,0.468223,0.449292,0.431124,0.413789,0.397127
0.0246,35.4028,34.1288,32.9491,31.9217,31.0953,30.5137,30.2139,30.216,30.503,31.0445,31.8483,32.8476,33.8971,34.9392,35.9773,36.9854,37.9791,38.618,39.4023,39.0601,39.1561,38.7717,38.2072,37.5099,36.7578,35.996,35.2648,34.5909,34.1202,34.0007,34.1188,34.435,34.9079,35.5822,36.7936,38.2977,39.3054,39.8667,39.8356,39.0117,38.1391,37.1477,35.8478,34.5729,34.0648,34.4256,35.7963,15.2911,14.6674,13.9369,13.2918,12.852,12.1878,11.7088,11.2683,10.2729,9.82105,9.44349,9.06036,8.70707,8.35182,7.99831,7.67349,7.37404,7.07663,6.78348,6.51367,6.24857,5.98954,5.75116,5.51859,5.3041,5.07401,4.8824,4.67785,4.48975,4.30861,4.13456,3.96121,3.80771,3.65474,3.50858,3.36441,3.23163,3.10108,2.97345,2.84928,2.73812,2.62966,2.52168,2.41984,2.3215,2.22881,2.13952,2.05023,1.9681,1.88938,1.81403,1.74076,1.6709,1.60328,1.53803,1.47611,1.41652,1.36005,1.30513,1.25256,1.2017,1.15318,1.10693,1.06149,1.01921,0.978216,0.938237,0.900407,0.864595,0.829557,0.796215,0.764021,0.733233,0.70382,0.675374,0.648111,0.622016,0.596925,0.572842,0.549765,0.527567,0.506256,0.485927,0.46628,0.447425,0.429434,0.412142
0.0324,35.4813,34.2058,33.0286,32.0079,31.1929,30.6285,30.3516,30.3814,30.6968,31.2661,32.0979,33.115,34.1719,35.2169,36.2544,37.2596,38.2445,38.8504,39.641,39.6793,39.2651,38.9484,38.3788,37.6853,36.9452,36.204,35.5079,34.8919,34.4405,34.3513,34.5112,34.8665,35.3782,36.1994,37.468,38.8626,39.7371,40.2452,40.1393,39.3195,38.6061,37.6371,36.4634,35.3151,34.8032,35.3412,37.578,37.6514,15.1353,14.3683,13.698,13.2431,12.5577,12.0641,11.6106,10.5978,10.1317,9.74222,9.34697,8.98251,8.61602,8.25133,7.91622,7.6073,7.30048,6.99806,6.71972,6.44623,6.17901,5.93309,5.69316,5.47188,5.23452,5.03684,4.82582,4.63177,4.44491,4.26535,4.08652,3.92816,3.77035,3.61957,3.47084,3.33385,3.19917,3.06751,2.93941,2.82474,2.71285,2.60145,2.49638,2.39493,2.29932,2.2072,2.11509,2.03035,1.94915,1.87142,1.79583,1.72375,1.654,1.58668,1.5228,1.46133,1.40308,1.34642,1.29218,1.23971,1.18966,1.14195,1.09507,1.05145,1.00916,0.967917,0.92889,0.891945,0.855799,0.821402,0.788189,0.756427,0.726085,0.696739,0.668613,0.641693,0.615808,0.590963,0.567156,0.544256,0.522271,0.501298,0.48103,0.461579,0.443019,0.42518
0.0428,35.559,34.2823,33.1077,32.0936,31.2901,30.7432,30.4885,30.5466,30.8892,31.4865,32.3446,33.379,34.4422,35.4897,36.5277,37.528,38.5015,39.0748,39.8646,39.8819,39.4467,39.1176,38.5423,37.8517,37.1219,36.3984,35.7325,35.1658,34.7488,34.69,34.8909,35.2831,35.8429,36.8198,38.0681,39.3494,40.1294,40.5922,40.4166,39.605,39.0138,38.0521,36.9513,35.9665,35.4853,36.236,38.587,38.5131,37.3377,14.8285,14.1203,13.6447,12.9323,12.421,11.9524,10.9105,10.4306,10.0296,9.62269,9.24748,8.87018,8.49473,8.14974,7.83171,7.51584,7.2045,6.91795,6.63638,6.36128,6.1081,5.8611,5.63329,5.38893,5.18542,4.96818,4.7684,4.57603,4.39117,4.20706,4.04403,3.88157,3.72634,3.57322,3.4322,3.29354,3.15799,3.02612,2.90806,2.79288,2.67819,2.57002,2.46558,2.36715,2.27231,2.17748,2.09025,2.00664,1.92662,1.8488,1.7746,1.70279,1.63349,1.56772,1.50444,1.44446,1.38614,1.3303,1.27628,1.22476,1.17564,1.12737,1.08247,1.03893,0.996469,0.956291,0.918256,0.881044,0.845632,0.81144,0.778741,0.747503,0.717292,0.688336,0.660622,0.633973,0.608396,0.583886,0.560311,0.537677,0.516086,0.495219,0.475194,0.456087,0.437722
0.0565,35.635,34.3568,33.1847,32.1778,31.386,30.8562,30.6254,30.7094,31.0788,31.703,32.5855,33.6363,34.7053,35.7544,36.7917,37.7877,38.7469,39.2895,40.0731,40.0627,39.657,39.2781,38.6958,38.0077,37.2857,36.5783,35.9387,35.4165,35.0413,35.0146,35.2547,35.6818,36.311,37.3877,38.5989,39.7779,40.4872,40.9055,40.6736,39.8686,39.369,38.4091,37.3548,36.4931,36.1652,37.2636,39.3876,39.1826,38.1868,36.7984,14.612,14.1021,13.3491,12.8135,12.325,11.2333,10.7392,10.3264,9.90742,9.5211,9.13264,8.74608,8.39089,8.06344,7.73823,7.41767,7.12264,6.83275,6.54951,6.28884,6.03452,5.79998,5.54838,5.33886,5.11518,4.9095,4.71143,4.52111,4.33155,4.16369,3.99643,3.8366,3.67895,3.53375,3.391,3.25144,3.11566,2.99411,2.87551,2.75744,2.64607,2.53853,2.43719,2.33954,2.24191,2.1521,2.06602,1.98363,1.9035,1.82711,1.75317,1.68182,1.61411,1.54895,1.48721,1.42715,1.36966,1.31405,1.261,1.21042,1.16073,1.1145,1.06967,1.02595,0.984587,0.945427,0.907113,0.870653,0.835449,0.801783,0.769621,0.738516,0.708703,0.680169,0.652732,0.626398,0.601163,0.57689,0.553587,0.531356,0.509872,0.489255,0.469583,0.450674
0.0746,35.7096,34.4304,33.2612,32.2605,31.4802,30.968,30.7601,30.8708,31.264,31.916,32.824,33.8879,34.9615,36.0127,37.0485,38.0386,38.9823,39.4946,40.2693,40.2342,39.7928,39.4291,38.842,38.1545,37.4404,36.7469,36.1312,35.6472,35.3197,35.3275,35.6056,36.0677,36.7986,37.8969,39.0717,40.1626,40.8187,41.1945,40.9129,40.1143,39.6837,38.7242,37.7042,36.9335,36.823,39.2023,40.1103,39.7412,38.8559,37.5551,36.7313,37.6464,38.5051,13.3228,12.8004,11.6082,11.0976,10.671,10.238,9.83883,9.4374,9.03794,8.67089,8.33252,7.99645,7.6652,7.36033,7.06076,6.76807,6.4987,6.2359,5.99353,5.73353,5.51702,5.28588,5.07333,4.86865,4.67198,4.47609,4.30264,4.12979,3.96463,3.80172,3.65168,3.50416,3.35994,3.21964,3.09403,2.97147,2.84945,2.73437,2.62325,2.51852,2.41761,2.31672,2.22391,2.13496,2.04982,1.96703,1.88808,1.81168,1.73795,1.66797,1.60064,1.53683,1.47478,1.41537,1.3579,1.30308,1.25081,1.19947,1.15169,1.10537,1.06019,1.01744,0.976976,0.937384,0.899708,0.863329,0.828539,0.795304,0.76316,0.732353,0.702867,0.674514,0.647301,0.621224,0.596141,0.57206,0.549088,0.526887,0.505582,0.485253,0.465713
0.1,35.7866,34.5065,33.3403,32.3465,31.5788,31.0845,30.8995,31.0385,31.4604,32.1377,33.0694,34.1464,35.225,36.2773,37.3117,38.2958,39.2195,39.7024,40.4647,40.4058,39.9618,39.5812,38.9878,38.3014,37.5943,36.914,36.3217,35.8749,35.5984,35.6463,35.9623,36.4642,37.3209,38.3827,39.5214,40.5289,41.1444,41.4756,41.149,40.3566,39.9828,39.0213,38.0302,37.3369,37.4307,40.1249,40.7816,40.2424,39.4384,38.1928,37.5634,38.7034,39.3217,38.0412,13.6925,12.172,11.6366,11.1893,10.7353,10.3167,9.8958,9.47694,9.09206,8.73726,8.38487,8.03753,7.71784,7.40372,7.09682,6.81436,6.5388,6.28465,6.01203,5.78499,5.54263,5.31976,5.10514,4.89891,4.69351,4.51163,4.33039,4.1572,3.98638,3.82905,3.67436,3.52314,3.37602,3.24431,3.1158,2.98786,2.86718,2.75067,2.64085,2.53504,2.42925,2.33193,2.23867,2.14939,2.06257,1.97979,1.89968,1.82236,1.74899,1.67839,1.61148,1.54641,1.48412,1.42386,1.36637,1.31157,1.25773,1.20763,1.15906,1.11169,1.06686,1.02443,0.982915,0.943409,0.905263,0.868784,0.833934,0.800229,0.767925,0.737007,0.707277,0.678742,0.651399,0.625097,0.599847,0.575759,0.55248,0.530139,0.508823,0.488334
0.12,35.8339,34.5531,33.3885,32.3995,31.6392,31.1565,30.9875,31.1422,31.5782,32.2722,33.2196,34.3043,35.3851,36.4384,37.4717,38.4517,39.362,39.8278,40.581,40.5084,40.0585,39.6724,39.0747,38.3886,37.6853,37.0129,36.4339,36.0097,35.7641,35.8394,36.1793,36.7085,37.6351,38.6609,39.7816,40.7414,41.3365,41.6405,41.288,40.4997,40.1539,39.1915,38.2176,37.5656,37.7792,40.4997,41.1372,40.5192,39.7551,38.5276,38.0441,40.0024,39.7346,39.2512,38.7824,38.2439,12.2091,11.7397,11.2634,10.8242,10.3826,9.94312,9.53931,9.16705,8.79732,8.43289,8.09748,7.76791,7.44591,7.14956,6.86044,6.5938,6.30776,6.06956,5.81527,5.58144,5.35626,5.13989,4.92439,4.73356,4.5434,4.36169,4.18247,4.0174,3.85511,3.69644,3.54209,3.4039,3.26907,3.13483,3.00822,2.88597,2.77075,2.65974,2.54875,2.44664,2.34879,2.25512,2.16403,2.07718,1.99312,1.91201,1.83502,1.76095,1.69075,1.62248,1.55712,1.4939,1.43358,1.37609,1.31959,1.26703,1.21607,1.16637,1.11934,1.07482,1.03127,0.989816,0.949793,0.911519,0.874955,0.839593,0.8057,0.773261,0.742068,0.71213,0.683442,0.655846,0.629353,0.60408,0.579656,0.556217,0.533852,0.512355
0.14,35.8733,34.5921,33.429,32.4436,31.6902,31.2169,31.0605,31.2291,31.6806,32.386,33.345,34.4366,35.5194,36.5726,37.6047,38.5811,39.4795,39.9307,40.6767,40.5922,40.1316,39.7468,39.1459,38.4603,37.76,37.094,36.5261,36.1201,35.9014,36,36.3598,36.9149,37.8885,38.8854,39.9909,40.9126,41.4932,41.7734,41.4016,40.6171,40.2918,39.3285,38.3656,37.7489,38.0621,40.7748,41.4042,40.7352,40.0039,38.7835,38.4737,40.5336,40.0463,39.8377,39.1999,38.546,37.6268,12.4033,11.9001,11.4361,10.9695,10.5052,10.0786,9.68526,9.29463,8.9096,8.55523,8.20703,7.86683,7.55372,7.24826,6.96654,6.66434,6.41267,6.14401,5.89695,5.65905,5.43045,5.20276,5.00114,4.80024,4.60826,4.41891,4.2445,4.07303,3.9054,3.74232,3.59632,3.45387,3.31205,3.17828,3.04912,2.92738,2.8101,2.69283,2.58495,2.48156,2.3826,2.28636,2.1946,2.10579,2.02009,1.93876,1.8605,1.78633,1.7142,1.64515,1.57834,1.51462,1.45388,1.39419,1.33866,1.28482,1.23231,1.18262,1.13558,1.08956,1.04577,1.00349,0.963047,0.924416,0.887055,0.851246,0.816973,0.784017,0.752386,0.722076,0.692921,0.664931,0.638229,0.612424,0.58766,0.564031,0.541318
0.16,35.9072,34.6255,33.4638,32.4818,31.7339,31.269,31.1234,31.3042,31.767,32.4857,33.4539,34.5498,35.6334,36.6874,37.7184,38.6914,39.5798,40.0183,40.7574,40.6633,40.216,39.8097,39.2063,38.5208,37.8231,37.1623,36.6039,36.2133,36.0171,36.1371,36.5132,37.0959,38.0985,39.0727,40.1659,41.0561,41.6252,41.8847,41.4972,40.7148,40.4062,39.4399,38.486,37.9006,38.2993,40.9913,41.6142,40.9122,40.2037,38.9884,38.9614,40.8908,40.2936,40.2092,39.506,38.7915,37.9137,38.4029,38.6711,11.9725,11.484,10.9979,10.5512,10.1395,9.73055,9.32746,8.95647,8.59194,8.23578,7.90799,7.5882,7.29327,6.9769,6.71342,6.43216,6.17352,5.92446,5.68513,5.44677,5.2357,5.02537,4.82439,4.62616,4.44357,4.26406,4.08857,3.91784,3.76499,3.61586,3.46738,3.32734,3.19212,3.06468,2.94189,2.81912,2.70618,2.59795,2.49435,2.39359,2.29753,2.20455,2.11483,2.02969,1.94776,1.87011,1.79459,1.7223,1.65237,1.58566,1.52206,1.45958,1.40144,1.34507,1.2901,1.23808,1.18884,1.14066,1.09482,1.05055,1.00821,0.967772,0.928658,0.891169,0.855289,0.820787,0.787673,0.755942,0.725419,0.696116,0.668162,0.641147,0.615221,0.590484,0.566706
0.18,35.9368,34.6548,33.4943,32.5153,31.7723,31.3148,31.1784,31.37,31.8429,32.5719,33.549,34.6491,35.7335,36.7873,37.8176,38.7875,39.6656,40.0944,40.8274,40.725,40.2729,39.8637,39.2583,38.573,37.8775,37.2213,36.6711,36.2939,36.1173,36.2568,36.6472,37.2575,38.2759,39.2325,40.315,41.1785,41.7383,41.9803,41.5796,40.7993,40.503,39.5358,38.5899,38.0304,38.5057,41.1694,41.7873,41.0608,40.3742,39.1577,39.6166,41.1607,40.4976,40.4867,39.7472,38.9971,38.1547,38.6835,38.9295,38.2368,11.925,11.4202,10.9564,10.5289,10.1042,9.68566,9.30042,8.92189,8.55205,8.21168,7.87961,7.57335,7.24482,6.97123,6.67917,6.4106,6.15197,5.90345,5.65594,5.43676,5.21835,5.00965,4.80381,4.61421,4.42781,4.24558,4.06829,3.90957,3.75472,3.60054,3.45511,3.3147,3.18237,3.05487,2.92738,2.81011,2.69771,2.59013,2.48551,2.38576,2.28921,2.19605,2.10763,2.02255,1.94193,1.86351,1.78844,1.71582,1.64655,1.58051,1.51563,1.45526,1.39673,1.33964,1.28563,1.2345,1.18447,1.13686,1.09089,1.04693,1.00494,0.96432,0.925392,0.888134,0.852307,0.817922,0.784971,0.753277,0.722848,0.693821,0.665768,0.638847,0.61316,0.588469
0.2,35.9631,34.6808,33.5214,32.5449,31.8065,31.3556,31.2281,31.4286,31.9104,32.6485,33.6328,34.7369,35.8221,36.8763,37.9054,38.8725,39.7416,40.1614,40.8877,40.7792,40.3006,39.9117,39.3041,38.6189,37.9252,37.2731,36.7301,36.3648,36.2056,36.3628,36.7659,37.4043,38.4295,39.3713,40.4452,41.2843,41.837,42.0636,41.6519,40.8743,40.5874,39.6186,38.68,38.1439,38.6866,41.3207,41.9332,41.1883,40.5156,39.3012,40.0868,41.3786,40.6704,40.7091,39.944,39.1733,38.3621,38.9226,39.1487,38.449,12.3312,11.8092,11.3296,10.8875,10.4484,10.0156,9.61719,9.22577,8.84334,8.49137,8.14799,7.8313,7.49158,7.20868,6.90666,6.62894,6.36151,6.10453,5.84858,5.62194,5.39609,5.18028,4.96743,4.77138,4.57862,4.39018,4.20686,4.04273,3.8826,3.72317,3.5728,3.4276,3.29076,3.15891,3.02709,2.90582,2.7896,2.67835,2.57017,2.46702,2.36718,2.27085,2.17942,2.09144,2.00807,1.92698,1.84936,1.77426,1.70263,1.63435,1.56725,1.50483,1.4443,1.38527,1.32942,1.27654,1.22481,1.17558,1.12805,1.08259,1.03916,0.997165,0.956911,0.918384,0.881337,0.84578,0.811708,0.778933,0.747469,0.717452,0.688444,0.660606,0.634044,0.608512
0.22,35.9868,34.7043,33.5459,32.5716,31.8373,31.3923,31.2725,31.4815,31.9713,32.7174,33.7082,34.8153,35.9021,36.9561,37.9841,38.9489,39.8095,40.2214,40.9422,40.8274,40.377,39.9544,39.3449,38.6601,37.9677,37.319,36.7827,36.428,36.2838,36.4573,36.8725,37.539,38.564,39.4935,40.5603,41.3788,41.9235,42.1374,41.716,40.9405,40.6615,39.6917,38.7592,38.2439,38.847,41.4517,42.059,41.2999,40.6408,39.4266,40.4129,41.5608,40.8194,40.8934,40.1086,39.3269,38.5436,39.1301,39.3383,38.6323,38.4913,38.9008,11.6911,11.2349,10.7817,10.3351,9.92404,9.52013,9.12549,8.7623,8.40796,8.08117,7.73061,7.43868,7.12703,6.84045,6.56448,6.2993,6.03519,5.80131,5.56826,5.34557,5.12592,4.92361,4.72471,4.53026,4.34108,4.17172,4.00648,3.84196,3.68679,3.53696,3.39576,3.2597,3.12367,2.99853,2.8786,2.76381,2.65217,2.54573,2.44271,2.3433,2.24895,2.15817,2.07214,1.98846,1.90836,1.83087,1.75696,1.68649,1.61726,1.55284,1.49038,1.42947,1.37183,1.31727,1.26389,1.21309,1.16404,1.11713,1.07232,1.02898,0.987442,0.947686,0.909457,0.872766,0.837606,0.803786,0.771317,0.740344,0.71041,0.681684,0.654274,0.627928
0.24,36.0082,34.7255,33.5679,32.596,31.8653,31.4259,31.3121,31.5297,32.0266,32.7794,33.777,34.8874,35.9741,37.0278,38.0554,39.0175,39.8707,40.2754,40.992,40.8709,40.4213,39.9926,39.3815,38.6964,38.0059,37.3609,36.8299,36.485,36.3554,36.5441,36.9685,37.6634,38.6832,39.6026,40.663,41.4623,42.0023,42.2036,41.7736,40.9996,40.7269,39.7568,38.8299,38.3332,38.9914,41.5658,42.1692,41.3982,40.7516,39.5362,40.6645,41.7163,40.9504,41.0512,40.2499,39.4628,38.7051,39.3132,39.5051,38.7936,38.6872,39.0945,12.05,11.5798,11.1127,10.6524,10.2287,9.81238,9.40562,9.03128,8.66606,8.32924,7.96792,7.66703,7.34581,7.05043,6.76599,6.49267,6.22045,5.9794,5.73919,5.50966,5.28327,5.07476,4.86974,4.66932,4.47434,4.29979,4.12947,3.9599,3.79997,3.64554,3.5,3.35977,3.21956,3.09058,2.96697,2.84865,2.73359,2.62388,2.5177,2.41523,2.31799,2.22442,2.13575,2.04951,1.96695,1.88708,1.81089,1.73826,1.6669,1.60051,1.53613,1.47335,1.41395,1.35771,1.30269,1.25033,1.19977,1.15143,1.10524,1.06057,1.01775,0.976778,0.937375,0.899558,0.863319,0.82846,0.794995,0.76307,0.732218,0.70261,0.674358,0.647204
0.26,36.0281,34.7449,33.5883,32.6183,31.8911,31.4566,31.3502,31.572,32.0773,32.8374,33.8402,34.9527,36.0404,37.0939,38.1205,39.0803,39.9264,40.3248,41.0364,40.9102,40.4567,40.0274,39.4147,38.7297,38.0405,37.398,36.8728,36.5367,36.4196,36.6227,37.0576,37.7787,38.7901,39.7014,40.7559,41.5389,42.0737,42.2633,41.8261,41.0549,40.7864,39.8151,38.8939,38.4145,39.1216,41.6678,42.2679,41.4865,40.8497,39.6312,40.8738,41.8524,41.0664,41.1876,40.3739,39.5845,38.8502,39.4765,39.6536,38.9371,38.8621,39.2661,38.7585,11.9269,11.4459,10.9717,10.5354,10.1066,9.68762,9.30205,8.92588,8.57896,8.20681,7.89689,7.56605,7.26181,6.96885,6.68733,6.40695,6.15867,5.91126,5.67485,5.44167,5.2269,5.01575,4.80932,4.60849,4.4287,4.25328,4.07862,3.91389,3.75484,3.60493,3.4605,3.31609,3.18324,3.05592,2.93406,2.81554,2.70255,2.59318,2.48764,2.38749,2.29111,2.19978,2.11095,2.02592,1.94366,1.86518,1.79038,1.71688,1.64849,1.58219,1.51753,1.45634,1.39841,1.34174,1.28781,1.23574,1.18595,1.13837,1.09237,1.04827,1.00606,0.965479,0.926528,0.889202,0.853299,0.81883,0.785948,0.754171,0.723675,0.694577,0.666608
0.28,36.0464,34.763,33.607,32.6388,31.9149,31.4849,31.3846,31.6146,32.1241,32.8904,33.8979,35.0125,36.1008,37.1543,38.1803,39.1379,39.9774,40.3699,41.0781,40.9466,40.4523,40.0593,39.4452,38.7603,38.0722,37.4323,36.9122,36.5844,36.4797,36.6955,37.1383,37.8869,38.8865,39.791,40.8415,41.608,42.1379,42.3177,41.8735,41.1056,40.8407,39.8685,38.9516,38.4896,39.2406,41.76,42.3557,41.5667,40.9378,39.718,41.054,41.9721,41.1707,41.3082,40.4834,39.6944,38.9819,39.6236,39.7871,39.0662,39.0198,39.4198,38.903,38.7985,11.7836,11.2955,10.8462,10.4048,9.97348,9.57653,9.18927,8.83211,8.44898,8.12992,7.78931,7.4761,7.17448,6.88466,6.59601,6.3404,6.08569,5.8423,5.60225,5.38114,5.16375,4.95123,4.74448,4.55938,4.37878,4.19898,4.02939,3.86564,3.71131,3.56261,3.41394,3.27717,3.1461,3.02064,2.89862,2.78229,2.6697,2.56105,2.45794,2.35872,2.26469,2.17324,2.0857,2.00101,1.92022,1.84321,1.76754,1.69714,1.62888,1.56231,1.49931,1.43968,1.38134,1.32582,1.27221,1.22094,1.17197,1.1246,1.0792,1.03575,0.993969,0.953868,0.915441,0.878478,0.842992,0.80914,0.776425,0.745029,0.715072,0.686278
0.3,36.0627,34.7794,33.6244,32.6579,31.9368,31.5113,31.4164,31.6524,32.1675,32.9394,33.9517,35.0678,36.1571,37.2108,38.2355,39.1912,40.0246,40.4115,41.1149,40.9799,40.5277,40.0888,39.4733,38.7882,38.1014,37.4639,36.9484,36.6282,36.5345,36.7626,37.2144,37.9857,38.975,39.8734,40.9179,41.6722,42.1972,42.3677,41.9176,41.1541,40.8901,39.9176,39.0038,38.5581,39.3497,41.8435,42.4355,41.6391,41.0178,39.797,41.2152,42.0787,41.2649,41.4164,40.5823,39.7945,39.1024,39.7573,39.9083,39.1833,39.1632,39.5588,39.0336,38.9506,39.1989,11.6256,11.1632,10.7088,10.2649,9.85638,9.4578,9.09021,8.69588,8.36749,8.01693,7.69457,7.38414,7.08585,6.78876,6.52568,6.26353,6.01303,5.76596,5.53839,5.31465,5.09592,4.88312,4.69262,4.50674,4.32168,4.14714,3.9786,3.81976,3.66672,3.5137,3.37294,3.23804,3.10891,2.98333,2.8636,2.74772,2.63589,2.52977,2.42765,2.33087,2.23675,2.14665,2.05948,1.97634,1.89707,1.81919,1.74673,1.67648,1.60796,1.54313,1.48175,1.4217,1.36456,1.30939,1.25662,1.20621,1.15746,1.11074,1.06602,1.02302,0.981742,0.942192,0.90415,0.867627,0.832785,0.799114,0.766801,0.735969,0.706333
0.32,36.0784,34.7949,33.6405,32.6756,31.9574,31.5359,31.4463,31.6878,32.2081,32.9853,34.0018,35.1207,36.2096,37.2633,38.287,39.2408,40.0682,40.4506,41.1497,41.0109,40.5593,40.1157,39.4993,38.8142,38.1284,37.4932,36.982,36.6691,36.5857,36.8253,37.2838,38.0777,39.0555,39.9491,40.9899,41.7316,42.252,42.414,41.9581,41.1991,40.9355,39.9619,39.0521,38.6214,39.451,41.9205,42.5082,41.706,41.091,39.8692,41.3565,42.1757,41.3511,41.5122,40.6697,39.8861,39.2131,39.8795,40.0188,39.2902,39.2944,39.6853,39.1525,39.0893,39.3354,38.8756,11.4928,11.025,10.568,10.1474,9.73706,9.35861,8.95264,8.61456,8.25365,7.92176,7.60217,7.29507,6.98921,6.71836,6.44847,6.19057,5.93621,5.70192,5.47157,5.24638,5.02731,4.83117,4.63981,4.44929,4.26959,4.09607,3.93255,3.77499,3.61745,3.47253,3.33364,3.2007,3.07142,2.94815,2.82885,2.71372,2.60446,2.49933,2.39969,2.30279,2.21003,2.12029,2.03469,1.95309,1.87291,1.79831,1.72598,1.65544,1.58869,1.5255,1.46368,1.40485,1.34805,1.29372,1.24183,1.19164,1.14353,1.09749,1.05322,1.01073,0.970012,0.930846,0.893245,0.857374,0.822709,0.789442,0.757699,0.727188
0.34,36.093,34.8094,33.656,32.6924,31.9766,31.559,31.474,31.721,32.2461,33.0282,34.0486,35.1691,36.2583,37.3121,38.3349,39.287,40.1087,40.4862,41.1827,41.0396,40.5833,40.1412,39.5234,38.8384,38.1534,37.5204,37.0133,36.707,36.6332,36.8837,37.3508,38.164,39.1303,40.0189,41.0566,41.786,42.303,42.4567,41.9959,41.24,40.9776,40.003,39.0969,38.6805,39.5448,41.9912,42.5743,41.7675,41.1578,39.9353,41.4836,42.2637,41.4267,41.6007,40.7505,39.9708,39.3159,39.9921,40.1206,39.3887,39.4155,39.8015,39.2617,39.2171,39.4605,38.9959,39.1472,11.3636,10.8926,10.4591,10.0361,9.64603,9.2276,8.87913,8.50714,8.16506,7.83565,7.51912,7.20386,6.9247,6.64652,6.3807,6.11852,5.87704,5.63962,5.40751,5.18171,4.97955,4.78231,4.58594,4.40072,4.22188,4.05333,3.89093,3.72855,3.57918,3.43603,3.29901,3.16575,3.0387,2.91573,2.79707,2.68445,2.57609,2.47339,2.37352,2.27791,2.18541,2.09718,2.01307,1.93043,1.85354,1.77899,1.70628,1.63748,1.57235,1.50863,1.448,1.38945,1.33346,1.27997,1.22824,1.17865,1.1312,1.08557,1.04177,0.999804,0.959435,0.920678,0.883707,0.847977,0.813688,0.78097,0.749522
0.36,36.1067,34.823,33.6699,32.708,31.9947,31.5807,31.5005,31.752,32.2799,33.0686,34.0922,35.214,36.3043,37.3579,38.3804,39.3303,40.1468,40.5208,41.2129,41.0665,40.5641,40.1649,39.5461,38.8609,38.177,37.5459,37.0425,36.7426,36.6779,36.9386,37.413,38.2451,39.1993,40.0841,41.1176,41.837,42.3503,42.4972,42.0308,41.2784,41.0165,40.0414,39.1388,38.7357,39.6321,42.0566,42.6357,41.8243,41.2197,39.9965,41.6003,42.3446,41.9494,41.6831,40.8241,40.0493,39.4115,40.0964,40.2147,39.4798,39.5277,39.9086,39.3624,39.3353,39.5758,39.1068,39.2731,39.1657,11.2606,10.8124,10.3751,9.97189,9.53931,9.17908,8.79452,8.44088,8.10035,7.77312,7.44722,7.15862,6.87104,6.59625,6.32521,6.07557,5.83013,5.59018,5.35675,5.14777,4.94386,4.74085,4.54938,4.36449,4.19025,4.02237,3.8545,3.70009,3.5521,3.41045,3.27269,3.14135,3.01423,2.89155,2.77513,2.66311,2.55695,2.4537,2.35486,2.25924,2.16802,2.08107,1.99564,1.91615,1.83908,1.76392,1.6928,1.62547,1.5596,1.49691,1.43639,1.3785,1.32321,1.26973,1.21847,1.16941,1.12224,1.07696,1.03358,0.991845,0.95178,0.913559,0.876622,0.841175,0.807352,0.774842
0.38,36.1197,34.8358,33.6833,32.7228,32.0119,31.6012,31.5254,31.7815,32.3135,33.1066,34.1342,35.2571,36.3473,37.4011,38.4227,39.3711,40.1825,40.5509,41.2414,41.0918,40.6376,40.1867,39.5673,38.8822,38.199,37.5698,37.0701,36.7761,36.72,36.9905,37.472,38.3208,39.2641,40.1448,41.1752,41.8848,42.3949,42.5346,42.0641,41.318,41.0531,40.077,39.1777,38.7877,39.7129,42.1176,42.6931,41.8775,41.2771,40.0534,41.7074,42.4191,42.4,41.7573,40.8923,40.1224,39.5009,40.1934,40.3022,39.5645,39.6322,40.008,39.4558,39.4453,39.6824,39.2096,39.3897,39.2749,11.7102,11.2442,10.7895,10.3701,9.92026,9.54564,9.14572,8.77796,8.42383,8.08354,7.74462,7.4445,7.14543,6.85967,6.57781,6.3182,6.06295,5.81342,5.57067,5.35334,5.14129,4.93018,4.73105,4.53879,4.35759,4.183,4.00843,3.84785,3.69395,3.54664,3.40338,3.26679,3.1346,3.00703,2.88596,2.76946,2.65906,2.55168,2.4489,2.34946,2.2546,2.16418,2.07534,1.99267,1.91252,1.83436,1.7604,1.69038,1.62188,1.55669,1.49375,1.43355,1.37605,1.32043,1.26713,1.21611,1.16706,1.11997,1.07485,1.03145,0.989789,0.950041,0.911629,0.874766,0.839593,0.805785
0.4,36.1319,34.848,33.696,32.7368,32.0281,31.6213,31.549,31.8094,32.3477,33.1415,34.1736,35.2981,36.3877,37.4424,38.463,39.4096,40.2162,40.58,41.2684,41.1157,40.6616,40.2078,39.5871,38.9021,38.2197,37.5923,37.096,36.8077,36.7598,37.0394,37.5275,38.3921,39.3249,40.2016,41.2296,41.9298,42.4365,42.5697,42.0954,41.3625,41.0875,40.1107,39.2142,38.8367,39.7892,42.1746,42.7465,41.9273,41.3311,40.1066,41.8064,42.488,42.0854,41.8266,40.9552,40.1908,39.5848,40.284,40.3838,39.6436,39.7299,40.1006,39.5429,39.548,39.7817,39.3053,39.4983,39.3764,39.2211,11.7843,11.3078,10.8683,10.3968,10.0042,9.58509,9.19967,8.82852,8.47188,8.11668,7.80214,7.48871,7.18921,6.89381,6.62173,6.35423,6.09271,5.83829,5.61052,5.38829,5.16703,4.95834,4.75684,4.56693,4.38395,4.201,4.03271,3.87141,3.71703,3.56689,3.42374,3.28519,3.15149,3.0246,2.90251,2.7868,2.67427,2.56654,2.46233,2.36292,2.26815,2.17504,2.0884,2.0044,1.92249,1.84497,1.77159,1.6998,1.63148,1.56551,1.50242,1.44216,1.38387,1.328,1.27454,1.22312,1.17378,1.12649,1.08101,1.03734,0.995683,0.955425,0.916791,0.879928,0.844496
0.42,36.1435,34.8595,33.7081,32.7501,32.0435,31.6399,31.5713,31.836,32.3761,33.1769,34.2106,35.3364,36.4265,37.481,38.501,39.446,40.2482,40.771,41.2938,41.1383,40.6843,40.2275,39.606,38.9212,38.2393,37.6136,37.1205,36.8376,36.7974,37.0859,37.5801,38.4592,39.3818,40.2557,41.28,41.9722,42.476,42.6028,42.1246,41.412,41.1197,40.1423,39.2487,38.8832,39.8631,42.2282,42.7965,41.9735,41.3812,40.1565,41.8988,42.5523,42.1435,41.8912,41.0137,40.255,39.6639,40.3689,40.4603,39.7178,39.8216,40.1872,39.6243,39.6442,39.8743,39.3948,39.5998,39.4711,39.3238,39.3996,11.8159,11.3567,10.864,10.4537,10.0158,9.61304,9.22522,8.85255,8.48139,8.15272,7.82521,7.51225,7.20358,6.91927,6.63974,6.36648,6.10063,5.86262,5.6304,5.3992,5.18113,4.97058,4.77214,4.58094,4.38977,4.21391,4.04537,3.88405,3.72716,3.57758,3.4328,3.29309,3.16051,3.03293,2.91202,2.79444,2.68187,2.57297,2.46909,2.37007,2.27277,2.18224,2.09447,2.00887,1.92787,1.85119,1.77617,1.70478,1.63585,1.56993,1.50696,1.44605,1.38768,1.33181,1.27808,1.22652,1.17711,1.12958,1.08395,1.04042,0.998356,0.957986,0.919466,0.882442
0.44,36.1548,34.8705,33.7195,32.7628,32.0582,31.6568,31.5926,31.8612,32.4067,33.2095,34.2461,35.3734,36.4636,37.5176,38.537,39.4806,40.2784,40.6374,41.3177,41.1595,40.7053,40.246,39.6238,38.9388,38.2579,37.6337,37.1436,36.866,36.8332,37.13,37.6304,38.5223,39.4358,40.3064,41.3269,42.0123,42.5136,42.6338,42.1525,41.4671,41.15,40.1722,39.2811,38.927,39.9338,42.2787,42.8436,42.0176,41.4278,40.2032,41.9856,42.6125,42.2093,41.9505,41.069,40.3155,39.7385,40.4487,40.5321,39.7875,39.9079,40.2685,39.7007,39.7347,39.9612,39.4788,39.6951,39.5597,39.4202,39.4946,39.2668,11.7471,11.2375,10.8131,10.3601,9.94351,9.54236,9.15688,8.77296,8.43299,8.09421,7.7705,7.45122,7.15713,6.868,6.58534,6.31035,6.06416,5.82396,5.58481,5.35925,5.14145,4.93619,4.73842,4.54068,4.35877,4.18444,4.01757,3.85529,3.70056,3.55081,3.4063,3.26916,3.13719,3.01213,2.8905,2.77406,2.66142,2.55397,2.45154,2.3509,2.25726,2.16647,2.07793,1.99415,1.91483,1.83723,1.76339,1.69209,1.6239,1.55876,1.49576,1.43538,1.37759,1.32202,1.26868,1.21757,1.16841,1.12121,1.07619,1.03268,0.990919,0.951075,0.912778
0.46,36.1651,34.881,33.7305,32.7748,32.0722,31.6744,31.6129,31.8854,32.4342,33.2392,34.2799,35.408,36.4979,37.5524,38.5715,39.5135,40.3069,40.6632,41.3409,41.1797,40.7213,40.2637,39.6409,38.9558,38.2755,37.653,37.1657,36.893,36.8672,37.1721,37.6787,38.5821,39.4865,40.3543,41.3722,42.0504,42.5484,42.6634,42.179,41.5061,41.1787,40.2003,39.3119,38.9689,39.9991,42.3256,42.888,42.06,41.4722,40.2474,42.0662,42.6689,42.2735,42.0066,41.1204,40.3726,39.8093,40.5241,40.5999,39.8533,39.9894,40.345,39.7727,39.8201,40.0429,39.5579,39.7848,39.6429,39.511,39.5839,39.3575,39.4576,11.5534,11.1171,10.6514,10.2231,9.81065,9.41434,9.01962,8.67009,8.32179,7.98898,7.66072,7.35837,7.0611,6.77049,6.48777,6.23466,5.98771,5.74184,5.50993,5.28601,5.07498,4.87165,4.66834,4.48133,4.30209,4.13053,3.96368,3.80461,3.65065,3.50207,3.36107,3.2254,3.09682,2.97177,2.85206,2.73625,2.62578,2.52047,2.417,2.32073,2.22738,2.13635,2.05021,1.96867,1.88889,1.81297,1.73966,1.66956,1.60259,1.53782,1.47574,1.41632,1.35919,1.30435,1.25181,1.20126,1.15274,1.10645,1.06171,1.01878,0.977816,0.938441
0.48,36.1752,34.891,33.7409,32.7866,32.0854,31.69,31.6325,31.9081,32.4588,33.2702,34.3116,35.4417,36.5316,37.5851,38.6043,39.5455,40.3345,40.6875,41.3628,41.199,40.7001,40.2807,39.6571,38.9719,38.2922,37.6711,37.1869,36.9189,36.8996,37.2122,37.7253,38.6392,39.5341,40.3999,41.4152,42.0866,42.5819,42.6916,42.2038,41.5479,41.2058,40.227,39.341,39.0081,40.0625,42.3704,42.93,42.0991,41.5142,40.2891,42.1426,42.7216,42.3231,42.0597,41.1688,40.4267,39.8765,40.5954,40.664,39.9156,40.0666,40.4172,39.8407,39.9009,40.12,39.6326,39.8694,39.7214,39.5969,39.6679,39.4431,39.5456,39.3545,11.4001,10.9225,10.4833,10.0603,9.65393,9.24916,8.89074,8.53358,8.19229,7.85568,7.54563,7.2408,6.9428,6.65288,6.39333,6.14009,5.88796,5.65015,5.42054,5.20413,4.99563,4.78715,4.59537,4.41157,4.23565,4.06456,3.90143,3.74355,3.5912,3.44661,3.30748,3.17563,3.0474,2.92464,2.80589,2.6926,2.58462,2.47851,2.37979,2.28407,2.19072,2.10239,2.01877,1.93696,1.85911,1.78394,1.71205,1.64337,1.57695,1.51329,1.45237,1.39378,1.33755,1.28366,1.23183,1.18207,1.13461,1.08873,1.04471,1.0027,0.962324
0.5,36.1848,34.9006,33.7509,32.7974,32.0983,31.7053,31.6511,31.9302,32.4857,33.2986,34.3426,35.4736,36.5638,37.6176,38.6356,39.5749,40.3606,40.7108,41.3832,41.2174,40.7611,40.2968,39.6725,38.9873,38.3082,37.6884,37.207,36.9433,36.9309,37.2506,37.7699,38.6928,39.5802,40.443,41.4559,42.121,42.6137,42.7184,42.2278,41.5882,41.2318,40.2526,39.3688,39.0462,40.1222,42.4134,42.9697,42.136,41.5534,40.329,42.2148,42.7716,42.3725,42.11,41.2147,40.4781,39.9406,40.663,40.7247,39.9746,40.1398,40.4857,39.9051,39.9776,40.1929,39.7033,39.9495,39.7955,39.6782,39.7474,39.5242,39.6287,39.4378,39.4897,11.1952,10.745,10.3116,9.89501,9.48013,9.11276,8.74668,8.39687,8.05185,7.73406,7.42162,7.11617,6.81902,6.55299,6.29342,6.035,5.79125,5.5559,5.33409,5.12038,4.90669,4.71013,4.52174,4.34142,4.16606,3.99886,3.83704,3.68088,3.53268,3.39008,3.25493,3.1235,2.99768,2.87596,2.75985,2.64916,2.5404,2.43921,2.34111,2.24543,2.15489,2.06918,1.98533,1.90553,1.82849,1.7548,1.68441,1.61633,1.55108,1.48864,1.42858,1.37095,1.31572,1.2626,1.21159,1.16294,1.11592,1.0708,1.02774,0.986355
0.52,36.1941,34.9097,33.7605,32.8079,32.1105,31.7198,31.6689,31.9513,32.51,33.3255,34.3719,35.5034,36.5948,37.6483,38.6655,39.604,40.3856,40.7331,41.4032,41.235,40.779,40.3122,39.6869,39.002,38.3234,37.705,37.2262,36.9662,36.9607,37.2875,37.8128,38.7438,39.624,40.4843,41.4947,42.1538,42.6434,42.7438,42.2506,41.6254,41.2564,40.2768,39.3952,39.0829,40.1806,42.454,43.0074,42.1713,41.5911,40.3675,42.283,42.8194,42.4208,42.1569,41.258,40.527,40.0016,40.7273,40.7824,40.0308,40.2095,40.5506,39.9663,40.0505,40.262,39.7705,40.0256,39.8658,39.7555,39.8226,39.6011,39.7074,39.5169,39.5701,39.4467,11.0205,10.5759,10.1486,9.72314,9.34635,8.97089,8.61211,8.25824,7.93231,7.61186,7.29859,6.99381,6.72096,6.45474,6.18969,5.9397,5.69832,5.47082,5.25163,5.03247,4.83087,4.63765,4.45271,4.27285,4.10136,3.9354,3.77523,3.62323,3.47698,3.33837,3.20357,3.07452,2.94968,2.83059,2.71707,2.60552,2.50174,2.40112,2.30299,2.21013,2.12222,2.03622,1.95438,1.87536,1.79978,1.72759,1.65777,1.59084,1.52679,1.4652,1.40609,1.34945,1.29496,1.24265,1.19275,1.14452,1.09824,1.05408,1.01164
0.54,36.2028,34.9185,33.7697,32.8182,32.1222,31.734,31.6861,31.9718,32.5333,33.3503,34.401,35.5335,36.6242,37.6779,38.6943,39.6311,40.4095,40.7544,41.4223,41.2521,40.7957,40.327,39.7011,39.0161,38.338,37.7209,37.2446,36.9895,36.9893,37.3228,37.8534,38.7931,39.6656,40.524,41.5318,42.1848,42.6727,42.7682,42.2723,41.6625,41.2799,40.3002,39.4207,39.1183,40.2358,42.493,43.0434,42.205,41.6267,40.4026,42.3476,42.8637,42.4616,42.2014,41.299,40.5736,40.06,40.7885,40.8374,40.0843,40.2759,40.6124,40.0245,40.1199,40.3277,39.8344,40.0979,39.9325,39.8291,39.894,39.6744,39.7822,39.592,39.6463,39.5242,39.5013,10.8516,10.4133,9.97666,9.59005,9.20479,8.83666,8.47357,8.13914,7.81033,7.48889,7.17617,6.8962,6.62304,6.35108,6.09457,5.84689,5.61347,5.38856,5.16368,4.95682,4.75857,4.56881,4.38426,4.2083,4.03801,3.87367,3.71771,3.56764,3.42541,3.2871,3.15468,3.02659,2.90439,2.78791,2.67346,2.56697,2.46372,2.36303,2.26775,2.17756,2.08931,2.00534,1.92425,1.84671,1.77263,1.70099,1.63232,1.5666,1.50341,1.44275,1.38463,1.32872,1.27505,1.22385,1.17437,1.12688,1.08157,1.03802
0.56,36.2113,34.927,33.7786,32.828,32.1339,31.7477,31.7027,31.9913,32.5556,33.3773,34.4279,35.5612,36.6522,37.7063,38.7212,39.6576,40.4324,40.775,41.4408,41.2682,40.8118,40.3409,39.7145,39.0295,38.3521,37.7361,37.2623,37.0115,37.0168,37.3561,37.893,38.8396,39.705,40.5621,41.5673,42.215,42.7002,42.7916,42.2936,41.6941,41.3025,40.3226,39.4446,39.1521,40.289,42.5305,43.0777,42.2374,41.6607,40.4362,42.4086,42.907,42.6634,42.2434,41.3382,40.6182,40.116,40.847,40.8898,40.1354,40.3393,40.6713,40.08,40.1862,40.3903,39.8953,40.1668,39.996,39.8992,39.962,39.7442,39.8533,39.6637,39.7188,39.5981,39.5742,39.544,10.6716,10.2242,9.82797,9.43316,9.0559,8.6838,8.34107,8.0041,7.67468,7.35421,7.0673,6.78736,6.50865,6.24577,5.99195,5.75274,5.52225,5.29179,5.0798,4.87663,4.68216,4.49303,4.31271,4.13819,3.96977,3.80994,3.65615,3.5104,3.36865,3.23295,3.10168,2.97645,2.85708,2.73979,2.63066,2.52485,2.42166,2.32402,2.23158,2.14115,2.05509,1.97199,1.89253,1.81661,1.74319,1.67282,1.60547,1.54071,1.47855,1.41898,1.36169,1.30669,1.25421,1.2035,1.15484,1.1084,1.06377
0.58,36.2196,34.935,33.7871,32.8374,32.1448,31.761,31.7187,32.0102,32.5772,33.4016,34.4547,35.5885,36.6791,37.7333,38.7486,39.6829,40.4547,40.7947,41.4587,41.2839,40.8271,40.3544,39.7275,39.0424,38.3655,37.7508,37.2793,37.0324,37.0433,37.3897,37.9316,38.8839,39.7427,40.5978,41.6014,42.2438,42.7268,42.8142,42.3136,41.7254,41.3243,40.3437,39.4679,39.185,40.3414,42.566,43.1105,42.2681,41.6934,40.4687,42.4673,42.9469,42.5435,42.278,41.3748,40.6608,40.1696,40.9028,40.9399,40.1842,40.4,40.7275,40.133,40.2496,40.45,39.9536,40.2326,40.0566,39.9663,40.0268,39.811,39.9211,39.7321,39.7879,39.6686,39.6437,39.6165,39.5274,10.4611,10.0557,9.65179,9.26578,8.88505,8.53438,8.18961,7.85256,7.52465,7.23109,6.94467,6.6595,6.39053,6.13083,5.88606,5.65023,5.41444,5.19753,4.98965,4.79067,4.59716,4.41266,4.2341,4.06178,3.89824,3.74088,3.59176,3.44672,3.30788,3.17356,3.04543,2.92329,2.80329,2.69163,2.58337,2.47779,2.37788,2.2833,2.19077,2.10272,2.0177,1.93639,1.85871,1.78359,1.71159,1.64268,1.57642,1.51282,1.45187,1.39325,1.33697,1.28328,1.23139,1.1816,1.13409,1.08842
0.6,36.2275,34.9429,33.7955,32.8465,32.1553,31.7736,31.7341,32.0283,32.5978,33.425,34.4797,35.614,36.7058,37.7596,38.7733,39.7073,40.4756,40.8136,41.4753,41.2989,40.842,40.3675,39.7401,39.0548,38.3784,37.7649,37.2957,37.0515,37.0689,37.4213,37.9691,38.9271,39.7791,40.6325,41.6342,42.2719,42.7521,42.8358,42.333,41.7537,41.3452,40.3641,39.4903,39.2169,40.3928,42.6003,43.1419,42.2985,41.7242,40.4997,42.523,42.9856,42.5919,42.332,41.4071,40.7017,40.2213,40.9565,40.9881,40.2312,40.4583,40.7814,40.1839,40.3105,40.5073,40.0095,40.2957,40.1147,40.0307,40.0889,39.875,39.986,39.7977,39.8541,39.7362,39.7101,39.686,39.5951,39.5923,10.276,9.86315,9.46869,9.07963,8.72128,8.36896,8.02452,7.68944,7.38945,7.09675,6.80534,6.53048,6.26509,6.01496,5.77397,5.53301,5.31136,5.09892,4.89558,4.69784,4.5093,4.32682,4.15073,3.98361,3.82281,3.67041,3.5222,3.38032,3.24306,3.11213,2.98731,2.86468,2.75057,2.63994,2.53205,2.42995,2.33331,2.23875,2.14877,2.06188,1.9788,1.89942,1.82265,1.74907,1.67865,1.61094,1.54595,1.48367,1.42376,1.36625,1.31138,1.25836,1.20748,1.15893,1.11226
0.62,36.2351,34.9505,33.8034,32.8553,32.1656,31.7859,31.7489,32.0459,32.6181,33.4477,34.5044,35.6394,36.7309,37.7849,38.7989,39.7309,40.4961,40.8318,41.4917,41.3132,40.856,40.3799,39.7519,39.0668,38.3909,37.7784,37.3114,37.0716,37.0936,37.4515,38.0053,38.9687,39.8146,40.6663,41.6652,42.2989,42.7769,42.8565,42.3516,41.7818,41.3648,40.3834,39.5116,39.2473,40.4423,42.633,43.172,42.3272,41.7542,40.5293,42.5752,43.0226,42.6262,42.3601,41.4591,40.741,40.271,41.0079,41.0341,40.2761,40.5142,40.8329,40.2326,40.3687,40.5619,40.063,40.356,40.1701,40.0923,40.1481,39.9363,40.048,39.8604,39.9172,39.8008,39.7735,39.7524,39.6598,39.6585,39.6132,10.074,9.67113,9.27375,8.90774,8.54789,8.19609,7.85384,7.54743,7.24848,6.95083,6.6701,6.39903,6.14356,5.89742,5.65131,5.42491,5.20794,5.00025,4.79828,4.60571,4.41933,4.23947,4.06878,3.90454,3.74889,3.59751,3.45259,3.3124,3.17866,3.05118,2.92592,2.80938,2.69638,2.58618,2.4819,2.38319,2.28661,2.19471,2.10597,2.0211,1.94003,1.86162,1.78647,1.71454,1.64538,1.579,1.51539,1.4542,1.39546,1.33942,1.28527,1.23329,1.1837,1.13604
0.64,36.2425,34.9578,33.8112,32.8638,32.1756,31.7979,31.7629,32.0629,32.6377,33.4695,34.528,35.6636,36.7557,37.8094,38.8228,39.7539,40.5158,40.8495,41.5075,41.327,40.8696,40.3921,39.7634,39.0784,38.4029,37.7915,37.3266,37.0906,37.1174,37.4813,38.0391,39.0066,39.848,40.6982,41.6956,42.3245,42.8004,42.8765,42.37,41.8091,41.3842,40.4022,39.5321,39.2769,40.4914,42.6644,43.2009,42.3546,41.7827,40.5577,42.6256,43.0581,42.656,42.396,41.4754,40.7787,40.3188,41.0572,41.0783,40.3193,40.5678,40.8824,40.2793,40.4247,40.6143,40.1144,40.4138,40.2232,40.1515,40.2048,39.9951,40.1073,39.9206,39.9777,39.8628,39.8343,39.816,39.7217,39.7218,39.6778,39.62,39.5997,9.47399,9.10007,8.73245,8.37305,8.02341,7.71039,7.40498,7.10091,6.81412,6.5372,6.27621,6.02475,5.77333,5.54204,5.32038,5.10821,4.90188,4.70515,4.51475,4.33101,4.15663,3.98884,3.82983,3.67518,3.52713,3.38392,3.2473,3.11706,2.9891,2.87004,2.7546,2.64202,2.53549,2.43465,2.33598,2.24209,2.15144,2.06474,1.98192,1.90181,1.82504,1.75156,1.68091,1.61309,1.54811,1.4856,1.42559,1.36834,1.31302,1.25992,1.20926,1.16057
0.66,36.2496,34.9649,33.8185,32.8721,32.1851,31.8093,31.7774,32.0793,32.6564,33.4908,34.5506,35.6871,36.7796,37.833,38.846,39.7757,40.5349,40.8665,41.5224,41.3406,40.8827,40.4039,39.7747,39.0895,38.4145,37.8042,37.3414,37.109,37.1406,37.5099,38.0743,39.0454,39.8803,40.7292,41.7245,42.349,42.823,42.8958,42.3872,41.8331,41.4025,40.4198,39.5518,39.3053,40.54,42.6949,43.2288,42.3815,41.8102,40.585,42.6746,43.0927,42.6934,42.4302,41.5069,40.815,40.3649,41.1046,41.1208,40.3608,40.6194,40.9298,40.3242,40.4786,40.6647,40.1637,40.4694,40.2742,40.2083,40.2593,40.0517,40.1644,39.9785,40.0358,39.9223,39.8925,39.877,39.7812,39.7827,39.7398,39.6813,39.6616,39.6341,9.3059,8.92996,8.56243,8.20489,7.88479,7.57247,7.26152,6.96824,6.68506,6.41817,6.16102,5.90391,5.6674,5.44072,5.22375,5.01275,4.81157,4.61686,4.42896,4.25065,4.07906,3.91645,3.75831,3.60691,3.46045,3.32074,3.18756,3.0567,2.93495,2.8169,2.70178,2.59284,2.48972,2.38882,2.29281,2.2001,2.11144,2.02674,1.94483,1.86632,1.79118,1.71892,1.64958,1.58312,1.5192,1.45783,1.39929,1.34271,1.28842,1.23661,1.18682
0.68,36.2565,34.9718,33.8258,32.88,32.1944,31.8207,31.7909,32.0954,32.6747,33.5113,34.5731,35.7109,36.8023,37.8558,38.8683,39.7969,40.5533,40.8831,41.5368,41.3535,40.8954,40.4149,39.7855,39.1003,38.4257,37.8164,37.3556,37.1266,37.163,37.5376,38.1069,39.0819,39.9122,40.7586,41.7525,42.373,42.8449,42.9145,42.404,41.8572,41.4204,40.4377,39.5708,39.333,40.5879,42.7242,43.2556,42.4068,41.836,40.6113,42.7226,43.1254,42.7252,42.4631,41.5374,40.8501,40.4096,41.1505,41.1618,40.401,40.6694,40.9758,40.3676,40.5305,40.7133,40.2114,40.5229,40.3234,40.2633,40.3119,40.1063,40.2194,40.0344,40.0918,39.9798,39.9487,39.936,39.8386,39.8413,39.7997,39.7403,39.7213,39.6948,39.6562,9.14723,8.77076,8.40451,8.07663,7.75671,7.4382,7.13778,6.84771,6.57432,6.31092,6.04755,5.80529,5.57309,5.35085,5.13471,4.92864,4.72919,4.53672,4.35407,4.17831,4.01174,3.84975,3.69467,3.54465,3.40154,3.26512,3.13108,3.00636,2.88544,2.76751,2.65593,2.55029,2.44694,2.34859,2.25363,2.16281,2.07606,1.99215,1.91173,1.83476,1.76075,1.68971,1.62164,1.55616,1.4933,1.43334,1.37538,1.31977,1.2667,1.21569
0.7,36.2632,34.9785,33.8327,32.8878,32.2034,31.8314,31.8041,32.1089,32.6924,33.5312,34.5946,35.7324,36.8245,37.8781,38.8901,39.8175,40.5711,40.8991,41.5514,41.3658,40.9076,40.4257,39.7959,39.1107,38.4365,37.8282,37.3694,37.1437,37.1847,37.5643,38.1385,39.1166,39.942,40.7874,41.7796,42.3966,42.8663,42.9324,42.4202,41.8795,41.4375,40.4541,39.5894,39.3597,40.6356,42.7522,43.2815,42.4314,41.8613,40.6363,42.7671,43.1502,42.7547,42.4943,41.5673,40.8838,40.4526,41.1945,41.2013,40.4396,40.7173,41.0198,40.4092,40.5806,40.7599,40.2573,40.5745,40.3705,40.3161,40.3623,40.1588,40.2721,40.0881,40.1455,40.0351,40.0025,39.9926,39.8936,39.8975,39.8571,39.797,39.7785,39.753,39.7148,39.6779,9.00942,8.63321,8.2964,7.96778,7.6406,7.332,7.03404,6.75322,6.48265,6.21211,5.96325,5.72475,5.49645,5.27443,5.06275,4.85788,4.66017,4.47255,4.29201,4.12091,3.9545,3.79521,3.6411,3.4941,3.35397,3.21628,3.08817,2.96396,2.84282,2.7282,2.61969,2.51352,2.4125,2.31495,2.22167,2.13255,2.04636,1.96375,1.88468,1.80866,1.73569,1.66577,1.59851,1.53394,1.47234,1.41281,1.35568,1.30117,1.24877
0.72,36.2697,34.9849,33.8395,32.8953,32.2121,31.8419,31.8169,32.1235,32.7096,33.5507,34.6142,35.7542,36.8459,37.8994,38.9109,39.8375,40.5884,40.9145,41.5653,41.3778,40.9194,40.4365,39.8061,39.1208,38.447,37.8397,37.3828,37.1602,37.2057,37.5902,38.1701,39.1507,39.9713,40.8157,41.8057,42.419,42.8869,42.9498,42.4357,41.8999,41.4542,40.4706,39.6073,39.3858,40.6838,42.7793,43.3064,42.4546,41.8854,40.6606,42.8103,43.1841,42.8559,42.524,41.5946,40.9164,40.4943,41.2371,41.2394,40.4769,40.7637,41.0623,40.4494,40.6289,40.8049,40.3015,40.6241,40.416,40.3671,40.4108,40.2095,40.3229,40.1399,40.1972,40.0884,40.0544,40.0472,39.9466,39.9516,39.9125,39.8516,39.8336,39.8091,39.7712,39.7343,39.7037,39.6756,8.55373,8.21491,7.87758,7.55942,7.25221,6.96268,6.68372,6.40479,6.14821,5.90231,5.66693,5.43803,5.21978,5.00855,4.80472,4.61127,4.42513,4.24872,4.07716,3.91292,3.75404,3.60247,3.45799,3.31603,3.18395,3.05589,2.931,2.81282,2.70094,2.59149,2.48733,2.38675,2.29057,2.19869,2.10983,2.02466,1.94314,1.86476,1.78952,1.71743,1.64809,1.58151,1.518,1.45663,1.39773,1.34153,1.28751
0.74,36.2761,34.9913,33.8461,32.9026,32.2206,31.8521,31.8293,32.1406,32.7263,33.5688,34.6345,35.7746,36.8667,37.9204,38.9314,39.8571,40.6053,40.9271,41.5785,41.3897,40.9312,40.4468,39.8158,39.1306,38.4571,37.8507,37.3957,37.1763,37.2262,37.6156,38.2022,39.1832,39.9996,40.8423,41.8308,42.4407,42.9068,42.9667,42.451,41.9209,41.4701,40.4864,39.6243,39.4109,40.7309,42.8056,43.3304,42.4774,41.9089,40.6841,42.8515,43.2112,42.8117,42.5471,41.621,40.9481,40.5348,41.2783,41.2763,40.5131,40.8087,41.1035,40.4884,40.6758,40.8484,40.3444,40.6722,40.46,40.4165,40.4578,40.2587,40.3721,40.1902,40.2473,40.1401,40.1046,40.1001,39.9979,40.004,39.9662,39.9045,39.887,39.8634,39.8259,39.789,39.7585,39.7307,39.7061,39.6814,8.17202,7.84196,7.52327,7.22292,6.93353,6.64418,6.37801,6.12291,5.87874,5.64128,5.41488,5.19575,4.9843,4.78362,4.59052,4.40752,4.22955,4.05917,3.89435,3.73712,3.58724,3.43997,3.30295,3.1701,3.04054,2.91795,2.80189,2.68834,2.58029,2.47596,2.37619,2.28087,2.18869,2.10033,2.01577,1.93445,1.85641,1.78162,1.70969,1.64062,1.57474,1.51107,1.44997,1.39167,1.33563
0.76,36.2822,34.9973,33.8524,32.9097,32.2288,31.8622,31.8413,32.1549,32.7427,33.5875,34.6544,35.7943,36.8873,37.9402,38.9512,39.8756,40.6218,41.3979,41.5912,41.4011,40.9423,40.4567,39.8253,39.14,38.4671,37.8615,37.4082,37.1919,37.2461,37.6402,38.2316,39.2149,40.0269,40.8685,41.8553,42.4613,42.9258,42.983,42.4656,41.9408,41.4857,40.5015,39.641,39.4354,40.7781,42.8308,43.3538,42.4987,41.932,40.7069,42.8922,43.2385,42.8399,42.5956,41.6468,40.9786,40.574,41.318,41.3119,40.548,40.8521,41.1431,40.526,40.7209,40.8904,40.3858,40.7186,40.5024,40.4642,40.503,40.3061,40.4194,40.2386,40.2954,40.1898,40.1529,40.151,40.0473,40.0544,40.0179,39.9553,39.9383,39.9156,39.8784,39.8415,39.8112,39.7836,39.7593,39.7349,39.71,8.17999,7.84756,7.53426,7.2324,6.93057,6.65293,6.38684,6.13214,5.88445,5.64828,5.41972,5.19914,4.98982,4.7884,4.59751,4.41186,4.23414,4.06221,3.89821,3.74187,3.58825,3.44533,3.30675,3.17161,3.04373,2.92267,2.80423,2.69152,2.58269,2.47861,2.37919,2.28303,2.19087,2.10266,2.01784,1.93643,1.85842,1.78338,1.71134,1.64262,1.57621,1.51247,1.45166,1.3932
0.78,36.2882,35.0033,33.8588,32.9166,32.2369,31.8719,31.8531,32.1687,32.7583,33.6053,34.6742,35.8151,36.9068,37.9602,38.9703,39.8939,40.6371,40.9576,41.6042,41.412,40.9489,40.4659,39.8345,39.1493,38.4766,37.8719,37.4204,37.207,37.2655,37.6641,38.2615,39.2457,40.0534,40.8935,41.8791,42.4829,42.9444,42.9989,42.4801,41.9595,41.5006,40.5159,39.6571,39.4594,40.8249,42.8557,43.3767,42.5198,41.9539,40.7288,42.9297,43.2654,42.8673,42.6084,41.6715,41.0082,40.612,41.3566,41.3463,40.5818,40.8941,41.1815,40.5623,40.7646,40.9309,40.4259,40.7634,40.5434,40.5103,40.5468,40.352,40.4651,40.2855,40.342,40.238,40.1995,40.2002,40.095,40.1031,40.0678,40.0045,39.9878,39.9661,39.9293,39.8923,39.8621,39.8348,39.8107,39.7866,39.7619,39.7387,39.7164,7.81064,7.4977,7.1848,6.89698,6.62112,6.35708,6.1003,5.85548,5.61852,5.38986,5.17285,4.96405,4.76616,4.5737,4.38946,4.21122,4.0412,3.87913,3.71988,3.57171,3.42805,3.28795,3.15538,3.02988,2.90709,2.79025,2.67743,2.56953,2.46646,2.36677,2.27123,2.17979,2.09186,2.00746,1.92659,1.8488,1.77412,1.70288,1.63403,1.56795,1.50491,1.44431
0.8,36.294,35.0091,33.8648,32.9234,32.2449,31.8813,31.8646,32.1822,32.7737,33.6227,34.6928,35.8345,36.926,37.9798,38.9888,39.9116,40.6525,40.9713,41.616,41.4228,40.9438,40.4756,39.8435,39.1582,38.4859,37.8821,37.4323,37.2218,37.2844,37.6873,38.29,39.2757,40.0791,40.9177,41.9021,42.503,42.9625,43.0143,42.4939,41.9774,41.5151,40.5303,39.6728,39.4825,40.8708,42.8798,43.3984,42.5405,41.9751,40.7501,42.9677,43.2908,42.8961,42.6352,41.6952,41.037,40.649,41.3941,41.3798,40.6147,40.9349,41.2188,40.5977,40.8072,40.9703,40.4648,40.8069,40.5831,40.5552,40.5892,40.3967,40.5096,40.331,40.3872,40.2848,40.2448,40.2481,40.1414,40.1504,40.1164,40.0523,40.0359,40.0152,39.9786,39.9416,39.9115,39.8844,39.8606,39.8368,39.8124,39.7893,39.7673,39.7466,39.7266,7.39222,7.09608,6.81226,6.5406,6.27641,6.02451,5.78072,5.54546,5.32219,5.10735,4.90375,4.70573,4.51617,4.3328,4.15787,3.99111,3.82727,3.67482,3.52701,3.38287,3.24647,3.11735,2.99101,2.8708,2.75472,2.64371,2.53766,2.4351,2.3368,2.24271,2.15225,2.06542,1.98221,1.90217,1.82534,1.75204,1.6812,1.61322,1.54835,1.486
0.82,36.2997,35.0149,33.8707,32.9299,32.2525,31.8906,31.8758,32.1954,32.7888,33.6395,34.7108,35.8534,36.9446,37.9981,39.0074,39.9292,40.6679,40.9848,41.628,41.4334,40.9721,40.4846,39.8522,39.167,38.495,37.892,37.4439,37.2363,37.3028,37.7101,38.3178,39.3045,40.104,40.9418,41.9241,42.5225,42.9803,43.0292,42.5076,41.9943,41.5296,40.5441,39.6881,39.5055,40.9115,42.903,43.4197,42.5612,41.9959,40.771,43.0036,43.3159,42.9209,42.6596,41.7152,41.0648,40.6849,41.4303,41.4122,40.6465,40.9744,41.2548,40.6318,40.8483,41.0083,40.5025,40.849,40.6216,40.5986,40.6302,40.4398,40.5524,40.3751,40.4308,40.3301,40.2885,40.2943,40.1862,40.196,40.1633,40.0984,40.0824,40.0625,40.0263,39.9892,39.9592,39.9323,39.9088,39.8852,39.861,39.8382,39.8164,39.7959,39.776,39.7556,39.7369,39.7193,6.70829,6.43732,6.17897,5.92892,5.68763,5.45863,5.23829,5.02947,4.82638,4.63196,4.44388,4.26446,4.09343,3.92539,3.76903,3.61744,3.46959,3.3297,3.19727,3.0677,2.9444,2.82534,2.71149,2.60272,2.49753,2.39671,2.30021,2.20742,2.11837,2.03303,1.95094,1.87213,1.79695,1.7243,1.65457,1.58805,1.5241
0.84,36.3053,35.0202,33.8765,32.9363,32.2599,31.8995,31.8867,32.2083,32.8034,33.656,34.7295,35.8711,36.9628,38.0166,39.0251,39.9458,40.6824,40.9978,41.6396,41.4437,40.9825,40.4932,39.8606,39.1754,38.5038,37.9016,37.4551,37.2503,37.3208,37.7322,38.346,39.3324,40.1284,40.9646,41.9462,42.5411,42.9972,43.0437,42.5207,42.0119,41.5432,40.5576,39.703,39.5277,40.9446,42.9254,43.4401,42.5811,42.0159,40.791,43.0383,43.3394,42.945,42.6791,41.7755,41.0919,40.7198,41.4654,41.4436,40.6774,41.0128,41.2898,40.665,40.8882,41.0452,40.5391,40.8898,40.6588,40.6407,40.6699,40.4818,40.5939,40.4179,40.4731,40.374,40.3308,40.3391,40.2296,40.2402,40.2087,40.143,40.1273,40.1084,40.0725,40.0354,40.0054,39.9788,39.9554,39.9321,39.9081,39.8855,39.8639,39.8437,39.824,39.8037,39.7851,39.7677,39.7507,39.7343,6.33155,6.07533,5.82808,5.59343,5.36764,5.15366,4.94556,4.74634,4.55361,4.36977,4.19452,4.02232,3.8621,3.70677,3.55527,3.41192,3.27622,3.14345,3.01711,2.89511,2.77845,2.66699,2.5592,2.45589,2.35701,2.26193,2.17068,2.08323,1.99912,1.91836,1.84133,1.76688,1.69543,1.62726,1.56173
0.86,36.3107,35.0257,33.8821,32.9426,32.2672,31.9084,31.8973,32.2207,32.8177,33.6721,34.7466,35.8882,36.9805,38.0341,39.0424,39.9622,40.696,41.0106,41.6509,41.4536,40.9925,40.5023,39.8689,39.1837,38.5123,37.9111,37.466,37.264,37.3383,37.7537,38.3727,39.3594,40.1518,40.9872,41.9672,42.5596,43.0137,43.0579,42.5334,42.0281,41.5564,40.5708,39.7174,39.5491,40.9749,42.9471,43.4601,42.6,42.0351,40.8106,43.0705,43.3633,42.969,42.7197,41.7616,41.1182,40.7539,41.4997,41.4743,40.7075,41.0502,41.3238,40.6973,40.9271,41.0811,40.5748,40.9295,40.695,40.6817,40.7085,40.5226,40.6344,40.4596,40.5142,40.4168,40.372,40.3828,40.2719,40.2833,40.253,40.1866,40.1711,40.153,40.1175,40.0803,40.0504,40.024,40.0008,39.9778,39.954,39.9316,39.9102,39.8902,39.8706,39.8505,39.8321,39.8148,39.7979,39.7817,39.7661,39.7511,39.7365,5.72974,5.49845,5.27926,5.06608,4.86201,4.66459,4.47626,4.29674,4.12034,3.95622,3.7971,3.64191,3.49507,3.35606,3.22006,3.09063,2.96567,2.84616,2.73199,2.62157,2.51574,2.41445,2.31706,2.22358,2.134,2.04784,1.96511,1.8862,1.80994,1.73675,1.66692,1.59979
0.88,36.3158,35.0308,33.8876,32.9485,32.2743,31.9172,31.9077,32.233,32.8317,33.6872,34.7638,35.9053,36.9977,38.0515,39.0592,39.9782,40.7098,41.0229,41.6617,41.4632,41.0022,40.5105,39.877,39.1916,38.5207,37.9201,37.4768,37.2773,37.3554,37.7747,38.3994,39.3855,40.1749,41.0093,41.9874,42.5772,43.0299,43.0716,42.5458,42.0436,41.5696,40.5835,39.7314,39.5703,41.0157,42.9684,43.4795,42.6181,42.0541,40.8299,43.1035,43.3857,42.9979,42.7309,41.7831,41.1439,40.7871,41.533,41.504,40.7368,41.0866,41.3569,40.7287,40.965,41.116,40.6095,40.9681,40.7303,40.7216,40.7461,40.5624,40.6737,40.5001,40.5542,40.4585,40.412,40.4252,40.313,40.325,40.2961,40.2288,40.2136,40.1964,40.1613,40.124,40.0941,40.0679,40.0449,40.0221,39.9985,39.9763,39.9551,39.9353,39.9159,39.8959,39.8776,39.8605,39.8438,39.8276,39.8122,39.7973,39.7828,39.7692,39.756,39.7435,39.7314,4.97655,4.77448,4.58172,4.39797,4.21742,4.04943,3.88656,3.72772,3.57741,3.43513,3.29592,3.16345,3.03554,2.91321,2.79635,2.68334,2.57501,2.47134,2.37165,2.27596,2.18428,2.09608,2.01141,1.93064,1.85258,1.77767,1.70619,1.63749
0.9,36.321,35.0358,33.8931,32.9546,32.2812,31.9253,31.9179,32.245,32.8453,33.703,34.7799,35.9228,37.0152,38.0683,39.0758,39.9938,40.7233,41.0353,41.6727,41.4727,41.0115,40.5186,39.8847,39.1996,38.5288,37.929,37.4869,37.2903,37.3721,37.7952,38.4248,39.4113,40.1973,41.0312,42.0074,42.5942,43.0455,43.0851,42.5579,42.0588,41.5822,40.5959,39.7451,39.591,41.0559,42.9886,43.4988,42.6353,42.072,40.8481,43.1339,43.4074,43.0141,42.7487,41.8041,41.1687,40.8191,41.565,41.5328,40.7651,41.1218,41.3888,40.759,41.0015,41.1496,40.6429,41.0054,40.7642,40.7602,40.7822,40.6008,40.7115,40.5393,40.5927,40.4986,40.4505,40.4661,40.3525,40.3652,40.3376,40.2696,40.2545,40.2382,40.2034,40.166,40.1362,40.1101,40.0874,40.0647,40.0413,40.0194,39.9984,39.9788,39.9595,39.9396,39.9215,39.9045,39.8879,39.8718,39.8565,39.8417,39.8274,39.8138,39.8008,39.7884,39.7763,39.7648,39.7537,39.743,39.7329,4.31529,4.1434,3.97675,3.81422,3.66043,3.51484,3.3724,3.23686,3.10598,2.98082,2.86125,2.7456,2.63477,2.52869,2.42668,2.32878,2.23496,2.14472,2.05809,1.97544,1.89557,1.81892,1.74578,1.67548
0.91,36.3235,35.0382,33.8958,32.9575,32.2847,31.9296,31.9229,32.2508,32.852,33.7106,34.7884,35.9315,37.0236,38.0764,39.0837,40.0015,40.7299,41.0411,41.6777,41.4775,41.0161,40.5227,39.8886,39.2034,38.5328,37.9334,37.4924,37.2967,37.3804,37.8054,38.4375,39.4239,40.2086,41.0413,42.0171,42.6032,43.0532,43.0917,42.564,42.0664,41.5884,40.6021,39.7518,39.6014,41.0757,42.9989,43.5081,42.6444,42.0813,40.8572,43.1505,43.4181,43.0215,42.7751,41.8146,41.181,40.8352,41.581,41.5471,40.7792,41.1393,41.4047,40.7741,41.0197,41.1664,40.6596,41.0239,40.7811,40.7794,40.8002,40.6199,40.7303,40.5588,40.6118,40.5186,40.4697,40.4864,40.3722,40.3853,40.3582,40.2899,40.2749,40.259,40.2243,40.187,40.1571,40.1311,40.1085,40.086,40.0627,40.0408,40.0199,40.0004,39.9812,39.9614,39.9433,39.9264,39.9098,39.8939,39.8786,39.8639,39.8496,39.8361,39.8231,39.8107,39.7987,39.7872,39.7761,39.7655,39.7554,39.7455,39.7363,4.02304,3.85862,3.70304,3.55576,3.41166,3.27454,3.14214,3.01552,2.89455,2.77757,2.66544,2.55812,2.45493,2.35589,2.26098,2.16969,2.08205,1.99844,1.91764,1.84009,1.76611,1.69499
0.92,36.3261,35.0412,33.8984,32.9605,32.2881,31.9336,31.9279,32.2568,32.8586,33.7168,34.796,35.9395,37.0313,38.0847,39.0916,40.0091,40.7366,41.0469,41.683,41.4823,41.0205,40.5268,39.8924,39.2072,38.537,37.9377,37.4975,37.3031,37.3885,37.8154,38.4509,39.4362,40.219,41.0515,42.027,42.6117,43.0609,43.0982,42.5699,42.0733,41.5948,40.608,39.7585,39.6114,41.0947,43.0089,43.517,42.6534,42.0901,40.8662,43.1649,43.429,43.0343,42.7759,41.8246,41.193,40.8507,41.5966,41.561,40.7929,41.1562,41.4201,40.7888,41.0374,41.1826,40.6758,41.0419,40.7975,40.798,40.8177,40.6385,40.7486,40.5777,40.6304,40.538,40.4883,40.5062,40.3914,40.4047,40.3783,40.3095,40.2946,40.2791,40.2447,40.2073,40.1774,40.1515,40.129,40.1065,40.0834,40.0616,40.0408,40.0214,40.0023,39.9825,39.9645,39.9476,39.9311,39.9152,39.9,39.8853,39.8711,39.8576,39.8447,39.8324,39.8204,39.809,39.7979,39.7873,39.7773,39.7674,39.7582,39.7493,39.7406,39.7323,3.59835,3.45252,3.31375,3.17977,3.05163,2.92922,2.81083,2.69736,2.58876,2.48433,2.3841,2.28806,2.19567,2.10698,2.02237,1.9406,1.86213,1.78726,1.71529
0.93,36.3286,35.0434,33.901,32.9634,32.2914,31.9376,31.9327,32.2624,32.8652,33.7254,34.8042,35.9477,37.0399,38.0926,39.0996,40.0163,40.7428,41.0509,41.6881,41.4869,41.025,40.5307,39.8962,39.211,38.5407,37.9419,37.5021,37.3093,37.3966,37.8253,38.4628,39.4486,40.2299,41.0619,42.0364,42.6202,43.0687,43.1046,42.5757,42.0804,41.6006,40.614,39.765,39.6209,41.1134,43.019,43.526,42.6614,42.0989,40.8751,43.1793,43.4391,43.0433,42.7859,41.8311,41.2049,40.8662,41.6121,41.5748,40.8065,41.1732,41.4355,40.8034,41.055,41.1988,40.6919,41.0598,40.8138,40.8165,40.8351,40.657,40.7668,40.5965,40.6489,40.5573,40.5068,40.5258,40.4104,40.424,40.3982,40.3291,40.3143,40.2992,40.2649,40.2275,40.1976,40.1718,40.1494,40.127,40.104,40.0823,40.0616,40.0422,40.0232,40.0035,39.9855,39.9687,39.9523,39.9364,39.9213,39.9066,39.8925,39.8791,39.8661,39.8539,39.842,39.8306,39.8196,39.809,39.799,39.7891,39.78,39.7711,39.7624,39.7542,39.7464,39.7388,39.7316,39.7246,3.0895,2.96557,2.84571,2.73084,2.62089,2.51516,2.41369,2.31646,2.22292,2.13313,2.04747,1.96469,1.88524,1.80944,1.73658
0.94,36.3311,35.0458,33.9035,32.9661,32.2947,31.9414,31.9375,32.2679,32.8696,33.7326,34.8115,35.956,37.0482,38.1007,39.1074,40.0243,40.7492,41.5567,41.6934,41.4912,41.0296,40.5346,39.8998,39.2146,38.5445,37.9462,37.507,37.3155,37.4045,37.835,38.4751,39.4608,40.2402,41.0723,42.0456,42.6283,43.0757,43.1109,42.5816,42.0877,41.6067,40.6199,39.7714,39.6311,41.1321,43.0285,43.5353,42.67,42.1074,40.8839,43.1939,43.4494,43.0536,42.792,41.8777,41.2167,40.8815,41.6273,41.5884,40.82,41.1898,41.4506,40.8178,41.0723,41.2147,40.7078,41.0774,40.8299,40.8348,40.8522,40.6752,40.7847,40.6151,40.6671,40.5764,40.525,40.5452,40.4292,40.4431,40.4179,40.3484,40.3337,40.319,40.2849,40.2474,40.2176,40.1918,40.1695,40.1472,40.1242,40.1027,40.0821,40.0628,40.0439,40.0241,40.0063,39.9896,39.9732,39.9574,39.9423,39.9277,39.9136,39.9002,39.8873,39.8751,39.8633,39.8519,39.8409,39.8304,39.8204,39.8106,39.8015,39.7926,39.784,39.7758,39.7681,39.7605,39.7533,39.7463,39.7397,39.7333,39.7272,39.7213,2.65612,2.54897,2.44614,2.34759,2.2528,2.1618,2.07499,1.99109,1.91058,1.83376,1.75992
0.95,36.3333,35.0483,33.906,32.9689,32.298,31.9455,31.9422,32.2737,32.8781,33.7389,34.8198,35.9635,37.0555,38.1087,39.1149,40.031,40.7558,41.064,41.6983,41.4956,41.0339,40.5383,39.9035,39.2182,38.5483,37.9503,37.5119,37.3216,37.4124,37.8446,38.4876,39.4724,40.2509,41.0823,42.0555,42.6365,43.0831,43.1172,42.5871,42.0944,41.6126,40.6257,39.7778,39.641,41.1508,43.0381,43.5434,42.6784,42.116,40.8925,43.2084,43.4595,43.0683,42.8252,41.8524,41.2283,40.8965,41.6424,41.6018,40.8332,41.2062,41.4654,40.8319,41.0893,41.2303,40.7234,41.0947,40.8456,40.8527,40.869,40.6931,40.8022,40.6333,40.685,40.5951,40.5429,40.5642,40.4475,40.4617,40.4372,40.3673,40.3526,40.3384,40.3044,40.2669,40.2371,40.2114,40.1891,40.167,40.1441,40.1226,40.1021,40.0829,40.0641,40.0444,40.0266,40.0099,39.9936,39.9779,39.9628,39.9483,39.9342,39.9209,39.908,39.8959,39.8841,39.8727,39.8618,39.8513,39.8414,39.8316,39.8225,39.8137,39.805,39.7969,39.7892,39.7816,39.7745,39.7675,39.7609,39.7546,39.7484,39.7426,39.7369,39.7315,39.7263,39.7214,2.28596,2.19362,2.10553,2.0204,1.9387,1.86075,1.78582
0.96,36.3359,35.0507,33.9085,32.9717,32.3012,31.9494,31.947,32.2792,32.8843,33.7469,34.8275,35.9715,37.0634,38.1165,39.1228,40.0385,40.7616,41.0694,41.7032,41.4996,41.0381,40.5421,39.9071,39.2218,38.552,37.9544,37.5172,37.3277,37.4201,37.8541,38.4999,39.484,40.2611,41.0918,42.0645,42.6448,43.0903,43.1235,42.5928,42.1019,41.6183,40.6313,39.7841,39.6501,41.1685,43.0476,43.5523,42.687,42.1243,40.901,43.2229,43.4695,43.0789,42.8182,41.8623,41.2397,40.9115,41.6573,41.6151,40.8463,41.2225,41.4802,40.8459,41.1062,41.2459,40.739,41.1119,40.8613,40.8705,40.8857,40.7108,40.8197,40.6514,40.7027,40.6136,40.5607,40.5831,40.4658,40.4803,40.4563,40.3861,40.3715,40.3576,40.3239,40.2863,40.2565,40.2309,40.2087,40.1867,40.1639,40.1424,40.1221,40.103,40.0842,40.0645,40.0468,40.0302,40.0139,39.9983,39.9832,39.9688,39.9547,39.9414,39.9287,39.9165,39.9048,39.8935,39.8826,39.8722,39.8622,39.8525,39.8434,39.8346,39.826,39.8179,39.8102,39.8027,39.7955,39.7886,39.782,39.7757,39.7696,39.7637,39.7581,39.7528,39.7476,39.7426,39.7379,39.7333,39.7289,39.7247,39.7207,39.7168,1.81516
0.97,36.3382,35.0529,33.911,32.9744,32.3044,31.9533,31.9519,32.2848,32.8907,33.7536,34.8348,35.9793,37.0709,38.124,39.1305,40.0455,40.7679,41.0753,41.7081,41.5039,41.0427,40.546,39.9108,39.2255,38.5558,37.9584,37.5215,37.3338,37.4279,37.8637,38.5125,39.4962,40.2712,41.1015,42.0732,42.6531,43.0976,43.1292,42.5984,42.1089,41.6242,40.637,39.7904,39.6604,41.1861,43.0569,43.5608,42.6953,42.1327,40.9094,43.2367,43.4794,43.0867,42.8291,41.8718,41.2511,40.9263,41.672,41.6282,40.8593,41.2385,41.4947,40.8598,41.1229,41.2612,40.7543,41.1289,40.8767,40.8881,40.9021,40.7284,40.8369,40.6693,40.7202,40.632,40.5782,40.6017,40.4839,40.4986,40.4753,40.4046,40.3901,40.3767,40.3431,40.3055,40.2756,40.2501,40.228,40.2061,40.1834,40.162,40.1417,40.1227,40.104,40.0844,40.0668,40.0502,40.034,40.0184,40.0034,39.989,39.975,39.9617,39.949,39.9369,39.9252,39.9139,39.9031,39.8927,39.8828,39.8731,39.864,39.8553,39.8467,39.8386,39.831,39.8235,39.8163,39.8094,39.8029,39.7966,39.7905,39.7847,39.7791,39.7737,39.7686,39.7636,39.7589,39.7543,39.75,39.7458,39.7417,39.7379,39.7342
0.98,36.3404,35.0554,33.9133,32.9771,32.3076,31.9572,31.9563,32.2903,32.8952,33.761,34.8421,35.9868,37.0785,38.1318,39.1377,40.0526,40.7739,41.0809,41.7133,41.5076,41.0469,40.5496,39.9142,39.2289,38.5595,37.9625,37.5263,37.3397,37.4355,37.873,38.5241,39.5074,40.281,41.1113,42.0823,42.6608,43.1048,43.1351,42.6039,42.1156,41.6297,40.6426,39.7966,39.6696,41.2037,43.0658,43.5691,42.7037,42.1405,40.9179,43.25,43.4889,43.0937,42.8391,41.8809,41.2623,40.9409,41.6865,41.6412,40.8721,41.2544,41.5091,40.8735,41.1394,41.2763,40.7694,41.1456,40.892,40.9055,40.9184,40.7457,40.8539,40.687,40.7375,40.6501,40.5955,40.6202,40.5017,40.5166,40.494,40.423,40.4085,40.3954,40.3621,40.3244,40.2946,40.2691,40.2471,40.2252,40.2026,40.1814,40.1612,40.1422,40.1236,40.104,40.0864,40.07,40.0537,40.0382,40.0233,40.0089,39.995,39.9818,39.9691,39.9571,39.9453,39.9341,39.9233,39.913,39.9031,39.8934,39.8844,39.8757,39.8671,39.8591,39.8514,39.844,39.8369,39.83,39.8234,39.8172,39.8111,39.8053,39.7997,39.7944,39.7892,39.7843,39.7796,39.775,39.7707,39.7665,39.7625,39.7587,39.755
0.99,36.3426,35.0575,33.916,32.9799,32.3105,31.9609,31.9609,32.2956,32.903,33.7678,34.85,35.9941,37.0856,38.1388,39.1445,40.0597,40.78,41.0863,41.7177,41.5065,41.051,40.5533,39.9179,39.2325,38.5631,37.9665,37.5315,37.3455,37.4431,37.8822,38.5347,39.5186,40.2903,41.1206,42.0914,42.6689,43.1112,43.1411,42.6092,42.1222,41.6356,40.6482,39.8026,39.6791,41.2205,43.0744,43.5767,42.7125,42.1485,40.9259,43.2614,43.4986,43.1034,42.8481,41.8907,41.2734,40.9553,41.7007,41.654,40.8847,41.27,41.5233,40.887,41.1555,41.2913,40.7844,41.1621,40.9071,40.9226,40.9344,40.7628,40.8707,40.7044,40.7546,40.6679,40.6126,40.6383,40.5192,40.5345,40.5123,40.441,40.4266,40.4139,40.3807,40.343,40.3132,40.2878,40.2659,40.2441,40.2216,40.2004,40.1803,40.1615,40.1429,40.1234,40.1058,40.0894,40.0733,40.0578,40.0429,40.0286,40.0147,40.0015,39.9889,39.9769,39.9652,39.9541,39.9433,39.9329,39.9231,39.9135,39.9045,39.8958,39.8873,39.8792,39.8716,39.8642,39.8571,39.8503,39.8437,39.8375,39.8314,39.8256,39.8201,39.8148,39.8096,39.8047,39.8,39.7955,39.7912,39.787,39.783,39.7792,39.7755
0.995,36.3436,35.0584,33.9166,32.9811,32.3122,31.9629,31.9631,32.2981,32.9037,33.7713,34.8518,35.9974,37.0893,38.1419,39.1472,40.0612,40.783,41.0887,41.72,41.5133,41.0526,40.5547,39.9194,39.2343,38.565,37.9685,37.5333,37.3483,37.4468,37.8871,38.5334,39.5234,40.2941,41.1236,42.0942,42.6722,43.1136,43.1441,42.6121,42.1253,41.6384,40.651,39.8057,39.6839,41.2288,43.0779,43.5798,42.7179,42.1525,40.9299,43.2654,43.503,43.109,42.8524,41.8948,41.2789,40.9625,41.7078,41.6604,40.891,41.2777,41.5303,40.8937,41.1636,41.2986,40.7918,41.1703,40.9145,40.931,40.9423,40.7712,40.8789,40.713,40.763,40.6767,40.621,40.6472,40.5279,40.5432,40.5214,40.4499,40.4355,40.423,40.3899,40.3522,40.3224,40.2971,40.2751,40.2534,40.2309,40.2098,40.1898,40.171,40.1524,40.1329,40.1154,40.099,40.0829,40.0674,40.0526,40.0383,40.0244,40.0113,39.9987,39.9867,39.9751,39.9639,39.9531,39.9428,39.933,39.9234,39.9144,39.9057,39.8972,39.8892,39.8816,39.8742,39.8671,39.8603,39.8538,39.8475,39.8415,39.8357,39.8302,39.8248,39.8197,39.8148,39.8101,39.8056,39.8013,39.7971,39.7931,39.7893,39.7857
0.9999,36.3456,35.0605,33.9187,32.9835,32.3147,31.965,31.965,32.3001,32.9087,33.7744,34.856,36.0008,37.0927,38.1454,39.1497,40.0603,40.7827,41.0889,41.7211,41.515,41.0504,40.5539,39.9188,39.2342,38.5654,37.9696,37.5348,37.3502,37.452,37.8944,38.5247,39.5161,40.2955,41.1208,42.092,42.6711,43.1123,43.1466,42.6153,42.1281,41.6355,40.6507,39.8071,39.6864,41.2354,43.0781,43.5797,42.7214,42.1502,40.9303,43.2637,43.505,43.1128,42.8515,41.8951,41.283,40.9678,41.7132,41.6651,40.8957,41.2837,41.5356,40.8987,41.1698,41.3042,40.7974,41.1765,40.9201,40.9375,40.9483,40.7777,40.8852,40.7196,40.7694,40.6835,40.6274,40.6541,40.5345,40.5499,40.5284,40.4567,40.4423,40.43,40.397,40.3592,40.3294,40.3041,40.2822,40.2605,40.2381,40.217,40.1969,40.1782,40.1596,40.1402,40.1227,40.1063,40.0902,40.0748,40.0599,40.0456,40.0318,40.0187,40.0061,39.9941,39.9825,39.9713,39.9606,39.9503,39.9405,39.9308,39.9219,39.9132,39.9047,39.8967,39.8891,39.8817,39.8746,39.8678,39.8613,39.8551,39.849,39.8433,39.8377,39.8324,39.8273,39.8224,39.8177,39.8132,39.8089,39.8047,39.8007,39.7969,39.7933
