,0.33452,0.35496,0.3754,0.39584,0.41628,0.43672,0.45716,0.4776,0.49804,0.51848,0.53892,0.55936,0.5798,0.60024,0.62068,0.64112,0.66156,0.69018,0.71879,0.74741,0.77602,0.80464,0.83326,0.86187,0.89049,0.94772,0.97634,1.00495,1.03357,1.06218,1.11942,1.14803,1.20526,1.23388,1.29111,1.31973,1.37696,1.43419,1.46281,1.52004,1.57727,1.6345,1.69174,1.74897,1.8062,1.86343,1.94928,2.00651,2.09236,2.14959,2.23544,2.32129,2.37852,2.46437,2.55022,2.66468,2.75053,2.83638,2.95084,3.03669,3.15115,3.26562,3.38008,3.49454,3.60901,3.75209,3.86655,4.00963,4.15271,4.29579,4.43887,4.61057,4.75365,4.92534,5.09704,5.29735,5.46905,5.66936,5.86967,6.06998,6.2703,6.49922,6.72815,6.95708,7.21462,7.47217,7.72971,7.98726,8.27342,8.55958,8.87435,9.18913,9.5039,9.81868,10.1907,10.5341,10.9061,11.2781,11.6787,12.0793,12.5086,12.9378,13.3957,13.8821,14.3686,14.8551,15.3988,15.9139,16.4862,17.0585,17.6595,18.289,18.9186,19.5767,20.2635,20.9789,21.7229,22.467,23.2682,24.0694,24.9279
1e-08,12.1769,13.999,13.4576,11.4113,8.16954,2.25136,0.468497,0.14499,0.0529925,0.0217325,0.0101022,0.00526705,0.00303987,0.00191104,0.00129135,0.00092489,0.000692044,0.0004929,0.000372732,0.000299073,0.000245958,0.000208353,0.000180755,0.000159882,0.000143684,0.000119285,0.000110851,0.000103808,9.78762e-05,9.27947e-05,8.38477e-05,8.05064e-05,7.43101e-05,7.19585e-05,6.73877e-05,6.5636e-05,6.2096e-05,5.90608e-05,5.78897e-05,5.53953e-05,5.31861e-05,5.1204e-05,4.94207e-05,4.77988e-05,4.63094e-05,4.49417e-05,4.29609e-05,4.18323e-05,4.01674e-05,3.92124e-05,3.77881e-05,3.64803e-05,3.57205e-05,3.45736e-05,3.35089e-05,3.21581e-05,3.12529e-05,3.04031e-05,2.93115e-05,2.85746e-05,2.76202e-05,2.67322e-05,2.59051e-05,2.51316e-05,2.44056e-05,2.35417e-05,2.291e-05,2.21532e-05,2.14477e-05,2.07883e-05,2.01702e-05,1.94677e-05,1.89283e-05,1.8312e-05,1.77363e-05,1.71042e-05,1.66039e-05,1.60515e-05,1.5536e-05,1.50536e-05,1.46013e-05,1.41139e-05,1.36589e-05,1.32331e-05,1.27829e-05,1.23632e-05,1.19708e-05,1.16032e-05,1.1219e-05,1.08601e-05,1.049e-05,1.01448e-05,9.82211e-06,9.51967e-06,9.18385e-06,8.89536e-06,8.60217e-06,8.32804e-06,8.05132e-06,7.7927e-06,7.53318e-06,7.29059e-06,7.04834e-06,6.80778e-06,6.58331e-06,6.37342e-06,6.1537e-06,5.95948e-06,5.75721e-06,5.56841e-06,5.38297e-06,5.20147e-06,5.03196e-06,4.8661e-06,4.70429e-06,4.54682e-06,4.39382e-06,4.25087e-06,4.10687e-06,3.97238e-06,3.83769e-06
1.2e-08,12.7563,14.4479,13.9002,11.9256,8.89229,3.2968,0.578865,0.175456,0.0637856,0.0261123,0.01213,0.00632248,0.00364852,0.00229351,0.00154976,0.00110994,0.00083049,0.000591499,0.00044729,0.000358894,0.000295154,0.000250026,0.000216909,0.000191861,0.000172423,0.000143142,0.00013302,0.000124571,0.000117452,0.000111354,0.000100618,9.66079e-05,8.91723e-05,8.63505e-05,8.08651e-05,7.87632e-05,7.45154e-05,7.08734e-05,6.94681e-05,6.64748e-05,6.38238e-05,6.14448e-05,5.93052e-05,5.73587e-05,5.55715e-05,5.39303e-05,5.15532e-05,5.0199e-05,4.82009e-05,4.70549e-05,4.53458e-05,4.37764e-05,4.28646e-05,4.14884e-05,4.02108e-05,3.85898e-05,3.75036e-05,3.64838e-05,3.51737e-05,3.42898e-05,3.31442e-05,3.20789e-05,3.10863e-05,3.01579e-05,2.92868e-05,2.82502e-05,2.74919e-05,2.65838e-05,2.57374e-05,2.4946e-05,2.42042e-05,2.33613e-05,2.27139e-05,2.19744e-05,2.12836e-05,2.05251e-05,1.99248e-05,1.92619e-05,1.86433e-05,1.80643e-05,1.75215e-05,1.69368e-05,1.63907e-05,1.58798e-05,1.53395e-05,1.48359e-05,1.4365e-05,1.39238e-05,1.34629e-05,1.30322e-05,1.2588e-05,1.21739e-05,1.17866e-05,1.14237e-05,1.10207e-05,1.06745e-05,1.03227e-05,9.99368e-06,9.66165e-06,9.35125e-06,9.03983e-06,8.74878e-06,8.45803e-06,8.16935e-06,7.90003e-06,7.64809e-06,7.38446e-06,7.15135e-06,6.90868e-06,6.68207e-06,6.45958e-06,6.2418e-06,6.03837e-06,5.83934e-06,5.64519e-06,5.45618e-06,5.27259e-06,5.10104e-06,4.92825e-06,4.76689e-06,4.60525e-06
1.44e-08,13.3056,14.8777,14.3232,12.4116,9.55589,4.50736,0.721288,0.212723,0.0768258,0.0313827,0.0145665,0.00758989,0.00437922,0.00275261,0.00185989,0.00133202,0.000996642,0.000709827,0.000536763,0.000430683,0.00035419,0.000300036,0.000260294,0.000230235,0.000206909,0.000171772,0.000159626,0.000149486,0.000140943,0.000133626,0.000120742,0.000115931,0.000107007,0.000103621,9.70389e-05,9.45164e-05,8.94186e-05,8.50482e-05,8.33618e-05,7.97699e-05,7.65888e-05,7.37341e-05,7.11665e-05,6.88308e-05,6.66858e-05,6.47164e-05,6.18642e-05,6.02389e-05,5.78414e-05,5.64663e-05,5.44151e-05,5.25322e-05,5.14377e-05,4.97862e-05,4.82532e-05,4.63082e-05,4.50047e-05,4.37807e-05,4.22086e-05,4.11478e-05,3.97734e-05,3.84947e-05,3.73038e-05,3.61898e-05,3.51443e-05,3.39003e-05,3.29906e-05,3.19008e-05,3.0885e-05,2.99353e-05,2.90451e-05,2.80338e-05,2.72569e-05,2.63695e-05,2.55404e-05,2.46302e-05,2.39097e-05,2.31143e-05,2.23721e-05,2.16774e-05,2.10261e-05,2.03242e-05,1.9669e-05,1.90558e-05,1.84075e-05,1.78031e-05,1.7238e-05,1.67087e-05,1.61555e-05,1.56387e-05,1.51057e-05,1.46087e-05,1.4144e-05,1.37084e-05,1.32249e-05,1.28094e-05,1.23872e-05,1.19924e-05,1.1594e-05,1.12216e-05,1.08478e-05,1.04985e-05,1.01497e-05,9.80326e-06,9.48006e-06,9.17777e-06,8.86135e-06,8.58168e-06,8.29044e-06,8.01857e-06,7.75156e-06,7.49018e-06,7.24605e-06,7.00724e-06,6.77425e-06,6.54745e-06,6.32714e-06,6.12129e-06,5.91393e-06,5.72031e-06,5.52632e-06
1.728e-08,13.8277,15.29,14.7282,12.8727,10.1694,5.60329,0.909606,0.258513,0.0926033,0.0377289,0.0174951,0.00911208,0.00525649,0.00330372,0.00223213,0.00159857,0.00119605,0.000851831,0.00064414,0.000516833,0.000425039,0.000360049,0.000312357,0.000276285,0.000248293,0.000206129,0.000191553,0.000179384,0.000169132,0.000160352,0.000144891,0.000139117,0.00012841,0.000124346,0.000116447,0.000113421,0.000107303,0.000102058,0.000100035,9.57241e-05,9.1907e-05,8.84813e-05,8.53998e-05,8.25973e-05,8.00233e-05,7.766e-05,7.42373e-05,7.22871e-05,6.94101e-05,6.77598e-05,6.52984e-05,6.30385e-05,6.17257e-05,5.9744e-05,5.79042e-05,5.557e-05,5.40058e-05,5.25372e-05,5.06506e-05,4.93775e-05,4.77283e-05,4.61937e-05,4.47646e-05,4.34281e-05,4.21733e-05,4.06806e-05,3.95889e-05,3.82812e-05,3.70621e-05,3.59226e-05,3.48545e-05,3.36407e-05,3.27084e-05,3.16435e-05,3.06487e-05,2.95565e-05,2.86918e-05,2.77373e-05,2.68466e-05,2.6013e-05,2.52313e-05,2.43891e-05,2.36029e-05,2.28671e-05,2.20891e-05,2.13638e-05,2.06858e-05,2.00505e-05,1.93867e-05,1.87664e-05,1.8127e-05,1.75305e-05,1.69728e-05,1.64502e-05,1.58699e-05,1.53714e-05,1.48647e-05,1.4391e-05,1.39129e-05,1.34659e-05,1.30174e-05,1.25983e-05,1.21797e-05,1.1764e-05,1.13761e-05,1.10134e-05,1.06337e-05,1.02981e-05,9.94856e-06,9.62227e-06,9.30187e-06,8.98825e-06,8.69531e-06,8.40874e-06,8.12912e-06,7.85698e-06,7.59259e-06,7.34555e-06,7.09676e-06,6.86438e-06,6.6316e-06
2.0736e-08,14.3252,15.6862,15.1167,13.3112,10.7403,6.56893,1.16813,0.315094,0.111727,0.0453754,0.021016,0.0109406,0.00630984,0.00396528,0.00267893,0.00191847,0.00143536,0.00102225,0.000773001,0.000620221,0.000510059,0.000432069,0.000374835,0.000331547,0.000297955,0.000247357,0.000229865,0.000215263,0.000202961,0.000192424,0.00017387,0.000166941,0.000154092,0.000149216,0.000139738,0.000136105,0.000128765,0.000122471,0.000120042,0.00011487,0.000110289,0.000106178,0.000102481,9.91171e-05,9.60286e-05,9.31929e-05,8.90851e-05,8.67452e-05,8.32925e-05,8.13124e-05,7.83587e-05,7.5647e-05,7.40715e-05,7.16928e-05,6.94851e-05,6.66842e-05,6.48072e-05,6.30448e-05,6.07813e-05,5.92533e-05,5.7274e-05,5.54328e-05,5.37178e-05,5.21138e-05,5.06083e-05,4.88169e-05,4.7507e-05,4.59377e-05,4.44749e-05,4.31073e-05,4.18256e-05,4.03689e-05,3.92504e-05,3.79724e-05,3.67787e-05,3.5468e-05,3.44304e-05,3.32851e-05,3.22161e-05,3.12157e-05,3.02778e-05,2.92672e-05,2.83236e-05,2.74406e-05,2.65072e-05,2.56367e-05,2.48231e-05,2.40607e-05,2.32642e-05,2.25199e-05,2.17525e-05,2.10367e-05,2.03675e-05,1.97404e-05,1.9044e-05,1.84458e-05,1.78378e-05,1.72693e-05,1.66955e-05,1.61592e-05,1.5621e-05,1.5118e-05,1.46156e-05,1.41169e-05,1.36515e-05,1.32161e-05,1.27605e-05,1.23577e-05,1.19383e-05,1.15468e-05,1.11623e-05,1.0786e-05,1.04344e-05,1.00905e-05,9.755e-06,9.4284e-06,9.11114e-06,8.81473e-06,8.51616e-06,8.23731e-06,7.95797e-06
2.4883e-08,14.8005,16.0676,15.4902,13.7296,11.2745,7.42694,1.54583,0.385523,0.134956,0.0545963,0.0252509,0.0131373,0.0075747,0.00475948,0.00321525,0.00230244,0.00172258,0.00122678,0.000927642,0.000744289,0.000612085,0.000518491,0.000449808,0.000397861,0.000357549,0.000296829,0.000275839,0.000258316,0.000243553,0.000230909,0.000208645,0.00020033,0.000184911,0.000179059,0.000167685,0.000163326,0.000154517,0.000146965,0.000144051,0.000137844,0.000132346,0.000127414,0.000122977,0.000118941,0.000115235,0.000111831,0.000106902,0.000104094,9.99508e-05,9.75744e-05,9.40303e-05,9.07762e-05,8.88857e-05,8.60314e-05,8.33822e-05,8.00211e-05,7.77685e-05,7.56539e-05,7.29373e-05,7.1104e-05,6.87289e-05,6.65195e-05,6.44613e-05,6.25364e-05,6.073e-05,5.85802e-05,5.70083e-05,5.51252e-05,5.33696e-05,5.17286e-05,5.01906e-05,4.84428e-05,4.71004e-05,4.55669e-05,4.41343e-05,4.25614e-05,4.13163e-05,3.99419e-05,3.86592e-05,3.74587e-05,3.63332e-05,3.51204e-05,3.39882e-05,3.29287e-05,3.18085e-05,3.0764e-05,2.97877e-05,2.88728e-05,2.7917e-05,2.70238e-05,2.61029e-05,2.5244e-05,2.44409e-05,2.36884e-05,2.28527e-05,2.21349e-05,2.14053e-05,2.07232e-05,2.00346e-05,1.9391e-05,1.87452e-05,1.81416e-05,1.75388e-05,1.69403e-05,1.63817e-05,1.58593e-05,1.53126e-05,1.48292e-05,1.4326e-05,1.38562e-05,1.33948e-05,1.29431e-05,1.25213e-05,1.21086e-05,1.1706e-05,1.13141e-05,1.09334e-05,1.05777e-05,1.02194e-05,9.88475e-06,9.54958e-06
2.986e-08,15.2554,16.4353,15.8498,14.1297,11.7768,8.19831,2.1634,0.474063,0.163251,0.0657287,0.0303473,0.0157776,0.00909402,0.00571317,0.00385914,0.00276336,0.00206736,0.00147227,0.00111325,0.000893202,0.00073454,0.000622216,0.00053979,0.000477449,0.000429072,0.000356206,0.000331016,0.000309988,0.000292272,0.000277097,0.000250379,0.000240402,0.000221898,0.000214876,0.000201227,0.000195996,0.000185425,0.000176362,0.000172864,0.000165416,0.000158819,0.0001529,0.000147575,0.000142732,0.000138284,0.0001342,0.000128285,0.000124915,0.000119943,0.000117092,0.000112839,0.000108934,0.000106665,0.00010324,0.000100061,9.60273e-05,9.3324e-05,9.07867e-05,8.75267e-05,8.53265e-05,8.24762e-05,7.9825e-05,7.73552e-05,7.50453e-05,7.28775e-05,7.02976e-05,6.84114e-05,6.61516e-05,6.40449e-05,6.20756e-05,6.023e-05,5.81325e-05,5.65216e-05,5.46813e-05,5.29623e-05,5.10748e-05,4.95806e-05,4.79313e-05,4.63922e-05,4.49515e-05,4.36009e-05,4.21455e-05,4.07867e-05,3.95154e-05,3.8171e-05,3.69176e-05,3.5746e-05,3.46481e-05,3.35011e-05,3.24293e-05,3.13242e-05,3.02935e-05,2.93298e-05,2.84267e-05,2.74239e-05,2.65624e-05,2.56869e-05,2.48683e-05,2.4042e-05,2.32697e-05,2.24948e-05,2.17704e-05,2.10469e-05,2.03287e-05,1.96585e-05,1.90316e-05,1.83754e-05,1.77955e-05,1.71916e-05,1.66278e-05,1.60741e-05,1.55321e-05,1.50259e-05,1.45307e-05,1.40475e-05,1.35772e-05,1.31203e-05,1.26935e-05,1.22635e-05,1.1862e-05,1.14598e-05
3.5832e-08,15.6918,16.7902,16.1966,14.5131,12.2508,8.89931,3.23847,0.586822,0.197827,0.0791835,0.0364833,0.0189514,0.010919,0.00685827,0.00463209,0.00331664,0.00248116,0.0017669,0.001336,0.0010719,0.000881489,0.000746687,0.000647768,0.000572953,0.000514898,0.000427454,0.000397225,0.000371991,0.00035073,0.000332521,0.000300459,0.000288486,0.000266281,0.000257854,0.000241474,0.000235198,0.000222512,0.000211636,0.000207439,0.000198501,0.000190585,0.000183482,0.000177092,0.00017128,0.000165943,0.000161042,0.000153944,0.0001499,0.000143934,0.000140512,0.000135408,0.000130722,0.000127999,0.000123889,0.000120074,0.000115234,0.00011199,0.000108945,0.000105033,0.000102393,9.89727e-05,9.5791e-05,9.2827e-05,9.00552e-05,8.74539e-05,8.4358e-05,8.20944e-05,7.93827e-05,7.68547e-05,7.44916e-05,7.22767e-05,6.97596e-05,6.78266e-05,6.56183e-05,6.35553e-05,6.12904e-05,5.94974e-05,5.75182e-05,5.5671e-05,5.39424e-05,5.23215e-05,5.0575e-05,4.89446e-05,4.74189e-05,4.58056e-05,4.43015e-05,4.28955e-05,4.15781e-05,4.02017e-05,3.89155e-05,3.75894e-05,3.63525e-05,3.51961e-05,3.41123e-05,3.29089e-05,3.18752e-05,3.08246e-05,2.98423e-05,2.88507e-05,2.7924e-05,2.6994e-05,2.61248e-05,2.52566e-05,2.43947e-05,2.35904e-05,2.28381e-05,2.20508e-05,2.13548e-05,2.06301e-05,1.99535e-05,1.92891e-05,1.86387e-05,1.80312e-05,1.7437e-05,1.68572e-05,1.62928e-05,1.57446e-05,1.52323e-05,1.47164e-05,1.42345e-05,1.37518e-05
4.2998e-08,16.111,17.1335,16.5316,14.8812,12.6998,9.54235,4.48822,0.733106,0.240258,0.0954703,0.0438759,0.0227678,0.0131115,0.00823339,0.00556011,0.00398078,0.00297785,0.00212051,0.00160333,0.00128636,0.00105783,0.000896056,0.000777342,0.000687559,0.000617888,0.000512951,0.000476676,0.000446393,0.00042088,0.000399028,0.000360553,0.000346184,0.000319539,0.000309426,0.000289771,0.000282238,0.000267016,0.000253964,0.000248928,0.000238202,0.000228702,0.000220179,0.00021251,0.000205536,0.000199131,0.000193251,0.000184733,0.00017988,0.000172721,0.000168614,0.00016249,0.000156866,0.000153599,0.000148667,0.000144089,0.000138281,0.000134388,0.000130734,0.00012604,0.000122872,0.000118767,0.000114949,0.000111393,0.000108067,0.000104945,0.00010123,9.85136e-05,9.52594e-05,9.22258e-05,8.93899e-05,8.67322e-05,8.37118e-05,8.13921e-05,7.87421e-05,7.62667e-05,7.35487e-05,7.13971e-05,6.9022e-05,6.68054e-05,6.47309e-05,6.2786e-05,6.06902e-05,5.87336e-05,5.69028e-05,5.49669e-05,5.3162e-05,5.14748e-05,4.98939e-05,4.82422e-05,4.66988e-05,4.51073e-05,4.36231e-05,4.22354e-05,4.09348e-05,3.94908e-05,3.82503e-05,3.69896e-05,3.58108e-05,3.46209e-05,3.35088e-05,3.23928e-05,3.13498e-05,3.0308e-05,2.92737e-05,2.83086e-05,2.74059e-05,2.6461e-05,2.56258e-05,2.47562e-05,2.39442e-05,2.3147e-05,2.23665e-05,2.16375e-05,2.09244e-05,2.02287e-05,1.95514e-05,1.88935e-05,1.82788e-05,1.76597e-05,1.70814e-05,1.65022e-05
5.1598e-08,16.5145,17.4658,16.8556,15.2353,13.1266,10.1368,5.59897,0.928157,0.292615,0.115225,0.0527914,0.0273596,0.0157468,0.00988527,0.00667456,0.00477821,0.00357413,0.00254498,0.00192422,0.00154377,0.0012695,0.00107533,0.000932858,0.000825107,0.000741496,0.000615562,0.000572029,0.000535688,0.00050507,0.000478847,0.000432674,0.000415431,0.000383455,0.00037132,0.000347733,0.000338694,0.000320426,0.000304763,0.00029872,0.000285848,0.000274449,0.00026422,0.000255018,0.000246649,0.000238963,0.000231905,0.000221684,0.000215861,0.000207269,0.000202341,0.000194992,0.000188243,0.000184323,0.000178404,0.00017291,0.000165941,0.00016127,0.000156884,0.000151251,0.000147449,0.000142524,0.000137942,0.000133674,0.000129683,0.000125936,0.000121478,0.000118219,0.000114314,0.000110673,0.00010727,0.000104081,0.000100456,9.76727e-05,9.44926e-05,9.15219e-05,8.82603e-05,8.56783e-05,8.28282e-05,8.01683e-05,7.76788e-05,7.53448e-05,7.28298e-05,7.04818e-05,6.82848e-05,6.59618e-05,6.37958e-05,6.17711e-05,5.98741e-05,5.78919e-05,5.60397e-05,5.413e-05,5.23488e-05,5.06836e-05,4.91229e-05,4.739e-05,4.59013e-05,4.43885e-05,4.29739e-05,4.1546e-05,4.02114e-05,3.88722e-05,3.76206e-05,3.63704e-05,3.51292e-05,3.3971e-05,3.28877e-05,3.17539e-05,3.07516e-05,2.97081e-05,2.87337e-05,2.77769e-05,2.68404e-05,2.59656e-05,2.51099e-05,2.42749e-05,2.34622e-05,2.26727e-05,2.19351e-05,2.11921e-05,2.04982e-05,1.98031e-05
6.1917e-08,16.9035,17.7879,17.1694,15.5765,13.5334,10.6899,6.56655,1.19971,0.357657,0.139238,0.063552,0.0328864,0.0189145,0.0118696,0.00801281,0.00573557,0.0042899,0.00305446,0.00230934,0.0018527,0.0015235,0.00129047,0.00111948,0.000990163,0.00088982,0.000738689,0.000686447,0.000642836,0.000606093,0.000574624,0.000519215,0.000498524,0.000460151,0.000445588,0.000417283,0.000406435,0.000384514,0.000365718,0.000358467,0.00034302,0.000329341,0.000317067,0.000306024,0.00029598,0.000286758,0.000278289,0.000266023,0.000259035,0.000248725,0.000242812,0.000233992,0.000225894,0.000221189,0.000214087,0.000207494,0.00019913,0.000193525,0.000188262,0.000181502,0.00017694,0.00017103,0.000165532,0.00016041,0.00015562,0.000151125,0.000145775,0.000141863,0.000137177,0.000132809,0.000128725,0.000124898,0.000120548,0.000117208,0.000113392,0.000109827,0.000105913,0.000102815,9.93944e-05,9.62025e-05,9.32152e-05,9.04144e-05,8.73965e-05,8.45788e-05,8.19423e-05,7.91546e-05,7.65554e-05,7.41259e-05,7.18493e-05,6.94707e-05,6.72481e-05,6.49564e-05,6.28191e-05,6.08207e-05,5.89479e-05,5.68685e-05,5.5082e-05,5.32665e-05,5.1569e-05,4.98556e-05,4.82541e-05,4.6647e-05,4.5145e-05,4.36447e-05,4.21554e-05,4.07655e-05,3.94656e-05,3.8105e-05,3.69023e-05,3.56499e-05,3.44807e-05,3.33326e-05,3.22087e-05,3.11589e-05,3.0132e-05,2.91301e-05,2.81548e-05,2.72074e-05,2.63222e-05,2.54307e-05,2.4598e-05,2.37639e-05
7.4301e-08,17.2789,18.1006,17.4737,15.906,13.9222,11.2076,7.42119,1.6089,0.43921,0.168515,0.0765586,0.0395437,0.0227242,0.0142543,0.00962039,0.0068853,0.00514935,0.00366612,0.00277165,0.00222352,0.00182839,0.00154869,0.00134346,0.00118827,0.00106784,0.000886466,0.00082377,0.000771433,0.000727339,0.000689573,0.000623079,0.000598248,0.000552198,0.000534722,0.000500755,0.000487737,0.000461431,0.000438875,0.000430172,0.000411637,0.00039522,0.000380491,0.000367239,0.000355186,0.000344119,0.000333955,0.000319236,0.00031085,0.000298478,0.000291382,0.000280798,0.00027108,0.000265434,0.000256911,0.000249,0.000238963,0.000232236,0.000225921,0.000217809,0.000212334,0.000205241,0.000198643,0.000192497,0.000186749,0.000181355,0.000174935,0.000170241,0.000164617,0.000159375,0.000154475,0.000149882,0.000144662,0.000140653,0.000136074,0.000131796,0.000127099,0.000123381,0.000119277,0.000115446,0.000111861,0.0001085,0.000104879,0.000101497,9.83335e-05,9.49883e-05,9.18691e-05,8.89535e-05,8.62216e-05,8.33672e-05,8.07e-05,7.79499e-05,7.5385e-05,7.29869e-05,7.07394e-05,6.82441e-05,6.61003e-05,6.39216e-05,6.18846e-05,5.98284e-05,5.79065e-05,5.5978e-05,5.41755e-05,5.23752e-05,5.05879e-05,4.892e-05,4.736e-05,4.57272e-05,4.42839e-05,4.27811e-05,4.13781e-05,4.00002e-05,3.86516e-05,3.73918e-05,3.61594e-05,3.49571e-05,3.37867e-05,3.26498e-05,3.15876e-05,3.05177e-05,2.95184e-05,2.85175e-05
8.9161e-08,17.6417,18.4044,17.7692,16.2244,14.2946,11.6944,8.18654,2.32198,0.542711,0.204335,0.0923013,0.047568,0.0273077,0.0171206,0.0115515,0.00826604,0.00618127,0.0044004,0.00332658,0.0026686,0.00219431,0.0018586,0.00161228,0.00142601,0.00128148,0.0010638,0.000988563,0.000925752,0.000872835,0.000827514,0.000747717,0.000717917,0.000662655,0.000641683,0.00060092,0.000585298,0.000553729,0.000526662,0.000516218,0.000493975,0.000474274,0.000456599,0.000440697,0.000426233,0.000412952,0.000400755,0.000383092,0.000373028,0.000358181,0.000349665,0.000336964,0.000325303,0.000318527,0.0003083,0.000298806,0.000286761,0.000278689,0.000271111,0.000261377,0.000254806,0.000246295,0.000238377,0.000231002,0.000224104,0.00021763,0.000209926,0.000204293,0.000197545,0.000191254,0.000185374,0.000179862,0.000173598,0.000168788,0.000163292,0.000158159,0.000152522,0.00014806,0.000143135,0.000138538,0.000134236,0.000130203,0.000125857,0.0001218,0.000118003,0.000113988,0.000110245,0.000106747,0.000103468,0.000100043,9.68421e-05,9.35419e-05,9.0464e-05,8.75862e-05,8.48892e-05,8.18947e-05,7.93221e-05,7.67076e-05,7.42631e-05,7.17956e-05,6.94893e-05,6.7175e-05,6.5012e-05,6.28515e-05,6.07067e-05,5.87053e-05,5.68332e-05,5.48738e-05,5.31419e-05,5.13385e-05,4.96547e-05,4.80013e-05,4.63829e-05,4.48712e-05,4.33923e-05,4.19495e-05,4.05449e-05,3.91807e-05,3.79059e-05,3.6622e-05,3.54229e-05,3.42217e-05
1.0699e-07,17.9928,18.6998,18.0564,16.5326,14.6519,12.1539,8.88037,3.56458,0.676308,0.248355,0.111389,0.0572476,0.032824,0.0205663,0.0138717,0.00992428,0.00742027,0.00528184,0.00399266,0.00320279,0.00263345,0.00223049,0.00193485,0.00171129,0.00153783,0.0012766,0.0011863,0.00111092,0.00104742,0.000993028,0.000897267,0.000861502,0.000795193,0.000770022,0.000721106,0.000702359,0.000664476,0.000631995,0.000619462,0.000592769,0.000569129,0.000547918,0.000528835,0.000511479,0.000495541,0.000480906,0.000459709,0.000447633,0.000429817,0.000419598,0.000404356,0.000390363,0.000382232,0.000369959,0.000358566,0.000344113,0.000334426,0.000325333,0.000313651,0.000305767,0.000295553,0.000286052,0.000277202,0.000268925,0.000261155,0.00025191,0.00024515,0.000237054,0.000229505,0.000222447,0.000215834,0.000208318,0.000202546,0.000195951,0.000189789,0.000183026,0.000177672,0.000171763,0.000166245,0.000161084,0.000156244,0.000151028,0.000146159,0.000141604,0.000136786,0.000132294,0.000128095,0.000124161,0.000120051,0.00011621,0.00011225,0.000108556,0.000105103,0.000101867,9.82736e-05,9.51861e-05,9.20487e-05,8.91158e-05,8.61546e-05,8.33868e-05,8.06102e-05,7.80143e-05,7.54221e-05,7.28482e-05,7.04466e-05,6.81997e-05,6.58485e-05,6.37703e-05,6.16061e-05,5.95855e-05,5.76015e-05,5.56593e-05,5.38454e-05,5.20707e-05,5.03393e-05,4.8654e-05,4.70166e-05,4.54872e-05,4.39463e-05,4.25076e-05,4.10659e-05
1.2839e-07,18.3332,18.9876,18.3357,16.8315,14.9957,12.5897,9.51582,4.83815,0.853181,0.302788,0.134595,0.0689425,0.0394704,0.0247121,0.0166611,0.011917,0.00890874,0.00634053,0.00479255,0.0038442,0.0031607,0.00267699,0.0023221,0.00205376,0.00184557,0.00153203,0.00142366,0.00133319,0.00125698,0.0011917,0.00107678,0.00103387,0.00095428,0.000924078,0.000865374,0.000842875,0.000797412,0.000758435,0.00074339,0.000711357,0.000682989,0.000657534,0.000634636,0.000613805,0.000594679,0.000577117,0.00055168,0.000537186,0.000515806,0.000503543,0.000485251,0.000468459,0.000458701,0.000443973,0.000430302,0.000412955,0.00040133,0.000390419,0.000376399,0.000366938,0.00035468,0.000343278,0.000332658,0.000322725,0.000313403,0.000302308,0.000294196,0.000284478,0.000275419,0.00026695,0.000259013,0.000249993,0.000243065,0.000235152,0.00022776,0.000219642,0.000213218,0.000206124,0.000199506,0.000193309,0.000187502,0.000181244,0.000175399,0.000169932,0.000164151,0.000158761,0.000153722,0.000149002,0.000144068,0.00013946,0.000134707,0.000130274,0.00012613,0.000122246,0.000117934,0.00011423,0.000110464,0.000106944,0.00010339,0.00010007,9.67371e-05,9.3622e-05,9.05105e-05,8.7422e-05,8.45401e-05,8.18437e-05,7.90223e-05,7.65284e-05,7.3931e-05,7.15062e-05,6.91251e-05,6.67945e-05,6.46175e-05,6.24882e-05,6.04103e-05,5.83874e-05,5.64231e-05,5.45872e-05,5.27382e-05,5.10115e-05,4.92819e-05
1.5407e-07,18.6633,19.2679,18.6078,17.1216,15.327,13.0041,10.1029,5.92958,1.09664,0.37059,0.162881,0.0830881,0.0474825,0.0297014,0.0200151,0.0143117,0.0106968,0.00761192,0.00575296,0.00461425,0.00379364,0.00321293,0.00278692,0.00246482,0.00221492,0.0018386,0.00170853,0.00159996,0.00150849,0.00143015,0.00129223,0.00124072,0.00114521,0.00110896,0.00103851,0.00101151,0.000956951,0.000910172,0.00089212,0.000853677,0.000819633,0.000789082,0.0007616,0.000736604,0.000713655,0.000692574,0.000662048,0.000644659,0.000618999,0.000604282,0.000582332,0.00056218,0.000550471,0.000532794,0.000516388,0.000495572,0.000481625,0.000468529,0.000451705,0.00044035,0.000425641,0.000411958,0.000399212,0.000387291,0.000376103,0.000362791,0.000353055,0.000341392,0.000330521,0.000320357,0.000310834,0.000300008,0.000291694,0.000282198,0.000273326,0.000263585,0.000255874,0.000247362,0.000239419,0.000231984,0.000225014,0.000217503,0.000210491,0.000203929,0.000196992,0.000190523,0.000184477,0.000178812,0.000172892,0.00016736,0.000161657,0.000156338,0.000151365,0.000146704,0.000141528,0.000137082,0.000132564,0.00012834,0.000124076,0.00012009,0.000116091,0.000112353,0.000108619,0.000104912,0.000101453,9.82181e-05,9.4832e-05,9.18388e-05,8.87218e-05,8.58124e-05,8.29551e-05,8.01582e-05,7.75454e-05,7.49897e-05,7.24964e-05,7.0069e-05,6.77111e-05,6.55081e-05,6.32895e-05,6.1217e-05,5.91412e-05
1.8488e-07,18.984,19.5413,18.873,17.4033,15.6467,13.3993,10.6487,6.87387,1.45573,0.455875,0.197476,0.100223,0.057148,0.0357082,0.0240484,0.0171897,0.0128448,0.00913869,0.00690605,0.00553864,0.00455335,0.00385616,0.00334476,0.00295811,0.00265815,0.00220647,0.00205036,0.00192006,0.00181028,0.00171626,0.00155074,0.00148892,0.0013743,0.0013308,0.00124625,0.00121385,0.00114838,0.00109223,0.00107058,0.00102444,0.000983589,0.00094693,0.000913946,0.000883954,0.000856409,0.000831115,0.000794482,0.000773612,0.000742818,0.000725158,0.000698819,0.000674634,0.000660583,0.000639371,0.000619683,0.000594705,0.000577965,0.000562248,0.00054206,0.000528435,0.000510783,0.000494363,0.000479066,0.000464763,0.000451337,0.000435358,0.000423676,0.000409683,0.000396636,0.000384441,0.00037301,0.00036002,0.000350044,0.000338648,0.000328,0.000316312,0.000307059,0.000296843,0.00028731,0.00027839,0.000270025,0.000261011,0.000252597,0.000244723,0.000236397,0.000228634,0.000221379,0.000214579,0.000207476,0.000200838,0.000193994,0.000187611,0.000181642,0.00017605,0.000169839,0.000164504,0.000159082,0.000154013,0.000148895,0.000144112,0.000139312,0.000134827,0.000130346,0.000125898,0.000121747,0.000117865,0.000113801,0.000110209,0.00010647,0.000102978,9.95488e-05,9.61925e-05,9.30571e-05,8.999e-05,8.6998e-05,8.4085e-05,8.12557e-05,7.86122e-05,7.59496e-05,7.34627e-05,7.09716e-05
2.2186e-07,19.2958,19.8083,19.1318,17.6774,15.9558,13.7771,11.1595,7.70673,2.06877,0.564663,0.239994,0.121032,0.0688269,0.0429483,0.0289035,0.0206512,0.0154268,0.0109733,0.00829122,0.00664888,0.00546566,0.00462853,0.00401453,0.00355035,0.00319027,0.0026481,0.00246073,0.00230433,0.00217257,0.00205972,0.00186106,0.00178687,0.0016493,0.0015971,0.00149563,0.00145674,0.00137817,0.00131079,0.0012848,0.00122943,0.00118039,0.0011364,0.00109682,0.00106083,0.00102777,0.000997411,0.000953449,0.000928405,0.000891454,0.000870256,0.000838647,0.000809623,0.000792759,0.000767305,0.000743675,0.000713699,0.00069361,0.000674747,0.000650521,0.00063417,0.000612984,0.000593279,0.000574924,0.000557758,0.000541646,0.000522472,0.000508452,0.000491656,0.000476,0.000461364,0.000447647,0.000432057,0.000420085,0.000406407,0.000393631,0.000379604,0.000368498,0.000356241,0.000344799,0.000334093,0.000324055,0.000313238,0.000303139,0.00029369,0.000283698,0.000274383,0.000265675,0.000257515,0.00024899,0.000241024,0.000232811,0.000225151,0.000217989,0.000211276,0.000203823,0.00019742,0.000190913,0.000184829,0.000178688,0.000172948,0.000167188,0.000161805,0.000156428,0.00015109,0.000146108,0.000141449,0.000136572,0.000132262,0.000127774,0.000123583,0.000119468,0.00011544,0.000111677,0.000107997,0.000104406,0.00010091,9.75144e-05,9.4342e-05,9.11467e-05,8.81621e-05,8.51727e-05
2.6623e-07,19.5993,20.0691,19.3845,17.9442,16.2551,14.1393,11.6399,8.45291,3.30841,0.706081,0.292533,0.146359,0.082953,0.0516792,0.0347486,0.0248146,0.0185306,0.0131774,0.00995489,0.00798205,0.00656097,0.0055557,0.00481848,0.00426121,0.00382893,0.00317812,0.00295321,0.00276548,0.00260733,0.0024719,0.00223346,0.00214442,0.00197931,0.00191666,0.00179488,0.00174822,0.00165391,0.00157305,0.00154186,0.00147541,0.00141657,0.00136377,0.00131627,0.00127307,0.0012334,0.00119697,0.00114421,0.00111416,0.00106981,0.00104437,0.00100644,0.000971606,0.00095137,0.000920825,0.000892466,0.00085649,0.000832382,0.00080975,0.000780676,0.000761051,0.000735629,0.000711982,0.000689952,0.000669352,0.000650015,0.000627004,0.000610181,0.000590025,0.000571235,0.000553671,0.000537209,0.000518502,0.000504133,0.00048772,0.000472386,0.000455553,0.000442226,0.000427514,0.000413787,0.000400937,0.00038889,0.000375909,0.000363791,0.000352451,0.000340459,0.000329281,0.00031883,0.000309039,0.000298808,0.000289248,0.000279391,0.000270198,0.000261602,0.000253547,0.000244603,0.000236919,0.00022911,0.000221809,0.000214439,0.000207551,0.000200639,0.000194178,0.000187725,0.000181319,0.000175342,0.00016975,0.000163897,0.000158724,0.000153338,0.000148309,0.000143371,0.000138537,0.000134021,0.000129604,0.000125295,0.0001211,0.000117025,0.000113218,0.000109383,0.000105801,0.000102214
3.1948e-07,19.895,20.3242,19.6315,18.2043,16.5452,14.4872,12.0937,9.13051,4.73102,0.895335,0.357954,0.177291,0.100073,0.0622216,0.0417927,0.0298263,0.0222638,0.0158268,0.011954,0.00958355,0.00787648,0.00666911,0.00578381,0.00511468,0.00459568,0.00381438,0.0035444,0.00331906,0.00312923,0.00296667,0.00268048,0.00257361,0.00237545,0.00230025,0.00215409,0.00209808,0.0019849,0.00188786,0.00185042,0.00177068,0.00170005,0.00163669,0.00157968,0.00152784,0.00148023,0.00143651,0.00137319,0.00133712,0.00128389,0.00125337,0.00120784,0.00116604,0.00114176,0.00110509,0.00107107,0.00102789,0.000998956,0.000971792,0.0009369,0.000913348,0.000882839,0.00085446,0.000828023,0.000803299,0.000780094,0.000752478,0.000732289,0.000708099,0.000685551,0.00066447,0.000644714,0.000622262,0.00060502,0.000585321,0.00056692,0.000546717,0.000530723,0.000513067,0.000496591,0.000481172,0.000466714,0.000451136,0.000436591,0.000422982,0.000408593,0.000395176,0.000382634,0.000370882,0.000358604,0.000347132,0.000335302,0.000324269,0.000313954,0.000304287,0.000293553,0.000284331,0.00027496,0.000266197,0.000257352,0.000249086,0.000240791,0.000233037,0.000225292,0.000217605,0.00021043,0.00020372,0.000196696,0.000190488,0.000184024,0.000177988,0.000172062,0.00016626,0.000160842,0.000155541,0.000150369,0.000145334,0.000140444,0.000135875,0.000131272,0.000126974,0.000122669
3.8338e-07,20.1833,20.5738,19.873,18.458,16.8267,14.8222,12.524,9.75197,5.91731,1.1608,0.440214,0.215218,0.120863,0.0749665,0.0502881,0.0358621,0.0267557,0.0190123,0.0143564,0.0115076,0.00945652,0.00800617,0.0069429,0.00613934,0.00551617,0.00457817,0.00425406,0.00398355,0.00375569,0.00356055,0.00321703,0.00308876,0.00285092,0.00276065,0.00258523,0.00251801,0.00238217,0.0022657,0.00222076,0.00212506,0.0020403,0.00196425,0.00189584,0.00183361,0.00177647,0.001724,0.00164801,0.00160472,0.00154085,0.00150421,0.00144957,0.0013994,0.00137026,0.00132626,0.00128542,0.0012336,0.00119888,0.00116628,0.0011244,0.00109614,0.00105953,0.00102546,0.000993737,0.000964067,0.000936216,0.000903075,0.000878843,0.000849813,0.000822751,0.000797455,0.000773745,0.000746798,0.000726106,0.000702465,0.00068038,0.000656134,0.000636939,0.000615751,0.000595977,0.000577472,0.00056012,0.000541424,0.000523968,0.000507636,0.000490366,0.000474264,0.000459213,0.00044511,0.000430375,0.000416605,0.000402409,0.000389167,0.000376787,0.000365185,0.000352304,0.000341237,0.000329989,0.000319473,0.000308858,0.000298937,0.000288981,0.000279676,0.000270382,0.000261155,0.000252545,0.000244492,0.000236063,0.000228612,0.000220854,0.000213611,0.000206498,0.000199535,0.000193032,0.00018667,0.000180463,0.000174421,0.000168552,0.000163068,0.000157545,0.000152387,0.000147219
4.6005e-07,20.4645,20.8181,20.1093,18.7057,17.1003,15.1452,12.9332,10.3268,6.92304,1.56872,0.545034,0.261954,0.146174,0.0903962,0.0605428,0.0431356,0.0321624,0.0228433,0.0172439,0.0138192,0.0113544,0.00961182,0.0083346,0.00736953,0.0066212,0.00549498,0.00510587,0.00478112,0.00450758,0.00427335,0.003861,0.00370703,0.00342155,0.00331321,0.00310267,0.00302198,0.00285894,0.00271916,0.00266522,0.00255036,0.00244863,0.00235736,0.00227525,0.00220057,0.002132,0.00206903,0.00197783,0.00192587,0.00184921,0.00180525,0.00173968,0.00167947,0.00164449,0.00159168,0.00154267,0.00148049,0.00143881,0.00139969,0.00134943,0.00131551,0.00127157,0.00123069,0.00119261,0.00115701,0.00112358,0.00108381,0.00105473,0.00101989,0.000987411,0.000957048,0.000928594,0.000896256,0.000871421,0.00084305,0.000816545,0.000787447,0.000764411,0.000738983,0.000715252,0.000693041,0.000672218,0.00064978,0.000628832,0.00060923,0.000588505,0.00056918,0.000551116,0.000534191,0.000516507,0.000499982,0.000482943,0.000467052,0.000452195,0.000438271,0.000422811,0.00040953,0.000396031,0.00038341,0.000370671,0.000358764,0.000346816,0.000335649,0.000324494,0.000313421,0.000303088,0.000293423,0.000283307,0.000274365,0.000265054,0.000256362,0.000247825,0.000239469,0.000231664,0.00022403,0.00021658,0.000209329,0.000202285,0.000195704,0.000189075,0.000182884,0.000176683
5.5206e-07,20.7393,21.0576,20.3408,18.9477,17.3665,15.4572,13.3238,10.8626,7.79871,2.34997,0.681188,0.31994,0.177096,0.109116,0.0729397,0.0519101,0.0386762,0.0274536,0.0207166,0.0165981,0.0136349,0.0115407,0.0100062,0.00884693,0.00794815,0.00659576,0.00612857,0.00573868,0.00541028,0.00512907,0.00463408,0.00444926,0.00410658,0.00397654,0.00372381,0.00362697,0.00343127,0.0032635,0.00319877,0.0030609,0.0029388,0.00282926,0.00273071,0.00264107,0.00255877,0.0024832,0.00237374,0.00231138,0.00221938,0.00216661,0.00208791,0.00201565,0.00197367,0.0019103,0.00185147,0.00177684,0.00172682,0.00167987,0.00161955,0.00157884,0.0015261,0.00147705,0.00143135,0.00138861,0.00134849,0.00130076,0.00126586,0.00122404,0.00118506,0.00114863,0.00111448,0.00107567,0.00104586,0.00101181,0.000979999,0.000945075,0.000917427,0.00088691,0.000858428,0.000831773,0.000806781,0.000779853,0.00075471,0.000731184,0.00070631,0.000683117,0.000661438,0.000641125,0.0006199,0.000600067,0.000579618,0.000560547,0.000542715,0.000526004,0.000507448,0.000491508,0.000475309,0.000460161,0.000444872,0.000430582,0.000416241,0.000402839,0.000389452,0.000376162,0.00036376,0.00035216,0.000340019,0.000329288,0.000318113,0.00030768,0.000297434,0.000287406,0.000278039,0.000268876,0.000259935,0.000251232,0.000242779,0.00023488,0.000226924,0.000219494,0.000212051
6.6247e-07,21.0079,21.2923,20.5676,19.1844,17.6257,15.759,13.6977,11.3647,8.57689,3.93216,0.863149,0.392505,0.215025,0.13188,0.087948,0.0625064,0.0465291,0.0330045,0.0248944,0.0199392,0.0163757,0.0138583,0.0120141,0.0106213,0.00954166,0.00791748,0.00735646,0.00688832,0.00649402,0.0061564,0.00556215,0.00534027,0.0049289,0.00477281,0.00446945,0.0043532,0.0041183,0.00391691,0.00383922,0.00367374,0.00352719,0.00339571,0.00327743,0.00316984,0.00307106,0.00298035,0.00284898,0.00277413,0.00266371,0.00260038,0.00250592,0.0024192,0.00236881,0.00229275,0.00222215,0.00213257,0.00207254,0.00201619,0.0019438,0.00189494,0.00183164,0.00177276,0.00171791,0.00166662,0.00161847,0.00156118,0.00151929,0.00146911,0.00142232,0.00137859,0.0013376,0.00129102,0.00125525,0.00121438,0.0011762,0.00113429,0.0011011,0.00106448,0.00103029,0.0009983,0.000968307,0.000935985,0.00090581,0.000877575,0.00084772,0.000819885,0.000793864,0.000769484,0.000744011,0.000720207,0.000695664,0.000672774,0.000651372,0.000631316,0.000609046,0.000589914,0.000570471,0.000552291,0.00053394,0.000516789,0.000499578,0.000483491,0.000467425,0.000451473,0.000436589,0.000422667,0.000408095,0.000395214,0.000381803,0.000369281,0.000356985,0.000344949,0.000333706,0.000322708,0.000311977,0.000301532,0.000291386,0.000281906,0.000272357,0.00026344,0.000254507
7.9497e-07,21.2706,21.5226,20.79,19.416,17.8784,16.0515,14.0563,11.8378,9.27945,5.36655,1.11801,0.48439,0.261799,0.159647,0.106155,0.0753207,0.0560066,0.0396931,0.0299235,0.0239584,0.0196712,0.0166437,0.0144268,0.0127529,0.0114557,0.00950476,0.008831,0.0082688,0.00779533,0.00738994,0.00667646,0.00641008,0.00591622,0.00572883,0.00536465,0.0052251,0.00494312,0.00470138,0.00460812,0.00440949,0.00423358,0.00407576,0.00393378,0.00380465,0.00368608,0.0035772,0.00341952,0.00332968,0.00319715,0.00312113,0.00300776,0.00290367,0.00284319,0.0027519,0.00266715,0.00255964,0.00248759,0.00241995,0.00233306,0.00227442,0.00219845,0.00212777,0.00206194,0.00200038,0.00194259,0.00187383,0.00182355,0.00176331,0.00170716,0.00165467,0.00160548,0.00154957,0.00150663,0.00145758,0.00141175,0.00136144,0.00132162,0.00127765,0.00123662,0.00119823,0.00116222,0.00112343,0.00108721,0.00105332,0.00101749,0.000984079,0.000952848,0.000923585,0.00089301,0.00086444,0.000834982,0.000807508,0.00078182,0.000757747,0.000731017,0.000708054,0.000684717,0.000662896,0.000640871,0.000620284,0.000599627,0.000580319,0.000561035,0.000541889,0.000524023,0.000507313,0.000489823,0.000474363,0.000458266,0.000443236,0.000428477,0.000414031,0.000400536,0.000387336,0.000374456,0.00036192,0.000349741,0.000338363,0.000326902,0.000316198,0.000305476
9.5396e-07,21.5279,21.7487,21.0083,19.6428,18.125,16.3352,14.4011,12.2854,9.92131,6.53283,1.50935,0.602635,0.319867,0.193639,0.12829,0.090841,0.0674568,0.0477582,0.0359805,0.028795,0.0236343,0.0199921,0.017326,0.0153138,0.0137549,0.011411,0.0106017,0.00992652,0.00935789,0.00887105,0.00801435,0.00769451,0.00710158,0.00687659,0.00643938,0.00627186,0.00593335,0.00564316,0.0055312,0.00529276,0.0050816,0.00489216,0.00472173,0.00456673,0.00442441,0.00429371,0.00410444,0.00399661,0.00383752,0.00374629,0.0036102,0.00348526,0.00341267,0.00330309,0.00320137,0.00307233,0.00298585,0.00290466,0.00280036,0.00272997,0.00263879,0.00255396,0.00247494,0.00240105,0.00233169,0.00224915,0.0021888,0.0021165,0.00204911,0.0019861,0.00192705,0.00185994,0.00180841,0.00174953,0.00169453,0.00163414,0.00158634,0.00153357,0.00148432,0.00143823,0.00139502,0.00134846,0.00130498,0.00126431,0.00122129,0.00118119,0.00114371,0.00110858,0.00107188,0.00103759,0.00100223,0.000969255,0.000938422,0.000909527,0.000877442,0.000849881,0.000821868,0.000795677,0.00076924,0.00074453,0.000719735,0.00069656,0.000673412,0.000650433,0.000628988,0.00060893,0.000587938,0.000569381,0.000550059,0.000532019,0.000514304,0.000496963,0.000480766,0.000464921,0.000449462,0.000434414,0.000419797,0.000406139,0.000392382,0.000379535,0.000366665
1.1448e-06,21.7799,21.9707,21.2226,19.8651,18.3659,16.611,14.7332,12.7107,10.5137,7.52175,2.28135,0.758525,0.392628,0.235462,0.15529,0.109683,0.0813148,0.0574965,0.0432834,0.0346208,0.0284045,0.02402,0.0208124,0.0183925,0.0165183,0.0137016,0.0127292,0.011918,0.011235,0.0106503,0.00962143,0.00923731,0.00852533,0.00825521,0.0077302,0.00752909,0.00712264,0.00677425,0.00663985,0.00635361,0.00610007,0.00587269,0.00566804,0.00548198,0.00531114,0.00515423,0.00492703,0.00479761,0.0046066,0.00449707,0.00433375,0.00418375,0.0040966,0.00396507,0.00384298,0.00368806,0.00358423,0.00348678,0.0033616,0.00327709,0.00316763,0.0030658,0.00297097,0.00288224,0.002799,0.0026999,0.00262747,0.00254067,0.00245977,0.00238414,0.00231326,0.0022327,0.00217084,0.00210017,0.00203414,0.00196166,0.00190427,0.00184092,0.00178181,0.00172648,0.0016746,0.00161872,0.00156653,0.0015177,0.00146606,0.00141793,0.00137293,0.00133076,0.00128671,0.00124555,0.0012031,0.00116351,0.0011265,0.00109182,0.0010533,0.00102021,0.000986587,0.000955153,0.00092341,0.000893749,0.000863989,0.000836167,0.00080838,0.000780797,0.000755055,0.000730974,0.000705775,0.000683498,0.000660301,0.000638649,0.00061738,0.000596564,0.000577125,0.000558102,0.000539543,0.00052148,0.000503935,0.00048754,0.000471026,0.000455604,0.000440155
1.3737e-06,22.0268,22.1888,21.4331,20.0829,18.6012,16.879,15.0537,13.1157,11.0644,8.38505,4.11625,0.971762,0.484842,0.287194,0.188322,0.132597,0.0981048,0.0692609,0.0520902,0.0416378,0.0341447,0.0288638,0.025003,0.0220918,0.0198381,0.0164523,0.0152838,0.0143093,0.0134888,0.0127864,0.0115507,0.0110894,0.0102344,0.00991004,0.00927965,0.00903817,0.00855022,0.00813189,0.00797054,0.00762685,0.00732252,0.00704951,0.00680388,0.00658054,0.00637542,0.00618708,0.0059143,0.00575896,0.00552968,0.0053982,0.00520212,0.00502207,0.00491748,0.0047596,0.00461301,0.00442707,0.00430246,0.00418549,0.00403521,0.00393376,0.00380239,0.00368016,0.0035663,0.00345982,0.00335987,0.00324094,0.00315397,0.0030498,0.00295268,0.00286189,0.00277682,0.00268012,0.00260585,0.00252101,0.00244177,0.00235474,0.00228587,0.00220983,0.00213887,0.00207245,0.00201018,0.00194308,0.00188045,0.00182183,0.00175985,0.00170206,0.00164805,0.00159744,0.00154455,0.00149515,0.00144419,0.00139667,0.00135224,0.00131061,0.00126438,0.00122466,0.0011843,0.00114655,0.00110846,0.00107286,0.00103712,0.00100373,0.000970372,0.000937261,0.00090636,0.000877456,0.000847207,0.000820471,0.000792627,0.000766629,0.0007411,0.000716114,0.000692776,0.000669946,0.000647666,0.000625984,0.00060492,0.000585239,0.000565417,0.000546903,0.000528359
1.6484e-06,22.269,22.4033,21.6401,20.2968,18.8314,17.1401,15.3636,13.5031,11.5802,9.15518,5.67525,1.28416,0.603769,0.351726,0.228943,0.160566,0.118502,0.0835024,0.0627283,0.0501016,0.0410608,0.0346953,0.0300451,0.026541,0.0238295,0.0197583,0.0183539,0.0171827,0.0161967,0.0153529,0.0138684,0.0133143,0.0122874,0.0118978,0.0111409,0.0108508,0.0102649,0.00976258,0.00956887,0.00915622,0.0087908,0.00846299,0.00816809,0.00789995,0.0076537,0.00742757,0.0071001,0.00691357,0.00663835,0.00648055,0.00624512,0.00602898,0.0059034,0.00571384,0.00553789,0.00531469,0.00516507,0.00502465,0.00484424,0.00472246,0.00456473,0.004418,0.00428132,0.00415349,0.0040335,0.00389074,0.00378633,0.00366127,0.00354468,0.0034357,0.00333355,0.00321746,0.00312833,0.00302648,0.00293133,0.00282688,0.00274418,0.00265289,0.00256771,0.00248797,0.00241323,0.00233268,0.00225747,0.00218711,0.00211271,0.00204333,0.00197849,0.00191773,0.00185425,0.00179493,0.00173376,0.00167671,0.00162338,0.00157339,0.00151789,0.00147021,0.00142175,0.00137645,0.00133071,0.00128797,0.00124507,0.00120499,0.00116494,0.00112519,0.00108809,0.00105339,0.00101708,0.000984981,0.000951551,0.000920348,0.0008897,0.000859702,0.000831685,0.000804276,0.000777532,0.000751501,0.000726212,0.000702585,0.000678787,0.000656562,0.000634298
1.9781e-06,22.5068,22.6145,21.8438,20.5068,19.0568,17.3946,15.6638,13.8745,12.0658,9.85311,6.9078,1.82327,0.761054,0.433092,0.279202,0.194843,0.143353,0.100777,0.0755981,0.0603222,0.0494013,0.041721,0.0361158,0.031895,0.028631,0.0237335,0.0220448,0.0206367,0.0194515,0.0184374,0.0166537,0.0159879,0.0147543,0.0142863,0.0133771,0.0130287,0.012325,0.0117218,0.0114891,0.0109936,0.0105548,0.0101611,0.00980706,0.00948503,0.00918938,0.0089179,0.00852471,0.00830072,0.0079703,0.00778079,0.00749813,0.00723863,0.00708786,0.00686028,0.00664902,0.00638099,0.0062014,0.00603279,0.00581618,0.00566998,0.00548059,0.00530442,0.00514032,0.00498685,0.0048428,0.00467138,0.00454605,0.00439588,0.00425592,0.00412506,0.00400241,0.00386304,0.00375601,0.00363372,0.0035195,0.00339409,0.0032948,0.0031852,0.00308292,0.0029872,0.00289745,0.00280074,0.00271045,0.00262596,0.00253662,0.00245334,0.00237548,0.00230253,0.00222631,0.00215509,0.00208165,0.00201315,0.00194912,0.0018891,0.00182246,0.00176522,0.00170703,0.00165264,0.00159773,0.00154641,0.0014949,0.00144678,0.00139869,0.00135097,0.00130642,0.00126477,0.00122117,0.00118262,0.00114249,0.00110502,0.00106823,0.00103221,0.000998567,0.000965658,0.000933551,0.000902294,0.000871935,0.000843567,0.000814995,0.00078831,0.00076158
2.3738e-06,22.7403,22.8224,22.0444,20.7133,19.2776,17.643,15.955,14.2314,12.5252,10.4932,7.94217,3.57415,0.977597,0.537186,0.341872,0.237057,0.173731,0.121778,0.0911933,0.0726801,0.0594695,0.0501919,0.0434289,0.0383411,0.0344093,0.0285148,0.0264832,0.0247898,0.0233647,0.0221455,0.0200016,0.0192015,0.0177191,0.0171568,0.0160645,0.015646,0.0148006,0.0140761,0.0137966,0.0132015,0.0126744,0.0122017,0.0117764,0.0113897,0.0110346,0.0107086,0.0102364,0.00996746,0.00957067,0.00934311,0.00900368,0.00869207,0.00851107,0.00823776,0.00798408,0.00766226,0.00744658,0.00724412,0.00698403,0.0068085,0.00658109,0.00636951,0.00617248,0.00598817,0.00581522,0.00560938,0.00545888,0.00527858,0.00511049,0.00495338,0.00480611,0.00463874,0.00451022,0.0043634,0.00422622,0.00407563,0.0039564,0.00382481,0.00370198,0.00358703,0.00347927,0.00336315,0.00325472,0.00315327,0.00304601,0.00294599,0.0028525,0.0027649,0.00267337,0.00258785,0.00249966,0.00241742,0.00234052,0.00226845,0.00218844,0.0021197,0.00204983,0.00198451,0.00191857,0.00185695,0.00179511,0.00173731,0.00167958,0.00162226,0.00156878,0.00151875,0.00146639,0.00142011,0.00137192,0.00132693,0.00128275,0.0012395,0.0011991,0.00115958,0.00112102,0.00108349,0.00104704,0.00101297,0.000978661,0.000946618,0.000914519
2.8485e-06,22.9698,23.0271,22.2419,20.9162,19.494,17.8855,16.2378,14.5751,12.9615,11.0856,8.8412,5.54201,1.29907,0.673131,0.420802,0.289359,0.21101,0.147372,0.110122,0.0876392,0.0716323,0.0604106,0.0522421,0.0461037,0.0413643,0.0342656,0.0318205,0.0297831,0.028069,0.0266027,0.0240251,0.0230634,0.0212818,0.0206061,0.0192935,0.0187907,0.017775,0.0169046,0.0165689,0.0158539,0.0152209,0.0146531,0.0141423,0.0136779,0.0132514,0.0128598,0.0122928,0.0119698,0.0114932,0.0112199,0.0108123,0.0104381,0.0102208,0.00989255,0.00958791,0.00920143,0.00894246,0.0086993,0.00838697,0.00817617,0.00790308,0.00764905,0.00741242,0.0071911,0.00698341,0.00673622,0.00655548,0.00633897,0.00613714,0.00594844,0.00577161,0.00557064,0.00541629,0.00523995,0.00507524,0.00489438,0.00475123,0.00459319,0.0044457,0.00430766,0.00417824,0.00403878,0.00390858,0.00378676,0.00365795,0.00353784,0.00342557,0.00332037,0.00321046,0.00310775,0.00300185,0.00290308,0.00281074,0.00272419,0.0026281,0.00254555,0.00246165,0.00238321,0.00230403,0.00223002,0.00215575,0.00208634,0.00201701,0.00194819,0.00188396,0.00182388,0.001761,0.00170543,0.00164755,0.00159352,0.00154046,0.00148852,0.00144001,0.00139255,0.00134625,0.00130117,0.00125739,0.00121648,0.00117528,0.0011368,0.00109825
3.4182e-06,23.1954,23.229,22.4366,21.116,19.7064,18.1225,16.5128,14.9068,13.3775,11.6386,9.64154,6.96973,1.88232,0.856616,0.521688,0.354732,0.257025,0.178689,0.133167,0.105789,0.0863534,0.072757,0.062877,0.0554627,0.049744,0.0411889,0.0382444,0.0357916,0.0337288,0.0319647,0.0288644,0.027708,0.025566,0.0247537,0.023176,0.0225717,0.0213512,0.0203052,0.0199019,0.0190428,0.0182823,0.0176001,0.0169865,0.0164286,0.0159163,0.0154459,0.0147648,0.0143768,0.0138043,0.0134761,0.0129866,0.0125371,0.012276,0.0118818,0.0115159,0.0110517,0.0107407,0.0104486,0.0100735,0.0098203,0.00949233,0.00918719,0.00890298,0.0086372,0.0083877,0.00809082,0.00787377,0.00761372,0.00737129,0.00714466,0.00693227,0.00669087,0.0065055,0.00629373,0.00609588,0.00587867,0.00570671,0.0055169,0.00533974,0.00517395,0.00501851,0.00485101,0.00469464,0.00454831,0.00439359,0.00424934,0.00411448,0.00398813,0.00385612,0.00373276,0.00360556,0.00348693,0.00337601,0.00327207,0.00315665,0.0030575,0.00295673,0.00286251,0.0027674,0.00267852,0.00258931,0.00250594,0.00242267,0.00234,0.00226286,0.0021907,0.00211518,0.00204842,0.00197891,0.00191401,0.00185028,0.00178789,0.00172963,0.00167262,0.00161701,0.00156287,0.00151028,0.00146115,0.00141166,0.00136544,0.00131914
4.1019e-06,23.4173,23.4281,22.6286,21.3127,19.915,18.3544,16.7807,15.2277,13.7754,12.1581,10.3663,8.12971,4.44238,1.11871,0.653339,0.437371,0.314229,0.217182,0.161312,0.127864,0.104203,0.0876951,0.0757247,0.0667569,0.059849,0.0495291,0.0459804,0.0430259,0.0405419,0.0384181,0.0346874,0.0332961,0.0307198,0.0297429,0.027846,0.0271195,0.0256523,0.0243951,0.0239103,0.0228779,0.0219639,0.0211442,0.0204069,0.0197364,0.0191209,0.0185558,0.0177374,0.0172713,0.0165836,0.0161892,0.0156011,0.0150611,0.0147474,0.0142739,0.0138344,0.0132767,0.012903,0.0125522,0.0121016,0.0117974,0.0114034,0.0110368,0.0106954,0.0103761,0.0100764,0.00971977,0.00945903,0.00914662,0.00885538,0.00858315,0.008328,0.00803802,0.00781533,0.00756091,0.00732324,0.00706229,0.00685573,0.0066277,0.00641489,0.00621571,0.00602898,0.00582776,0.0056399,0.00546411,0.00527824,0.00510494,0.00494296,0.00479116,0.00463257,0.00448437,0.00433156,0.00418905,0.0040558,0.00393092,0.00379227,0.00367316,0.0035521,0.0034389,0.00332465,0.00321786,0.0031107,0.00301055,0.0029105,0.00281119,0.00271852,0.00263182,0.0025411,0.0024609,0.00237739,0.00229942,0.00222286,0.00214791,0.00207791,0.00200943,0.00194262,0.00187758,0.0018144,0.00175538,0.00169592,0.00164039,0.00158477
4.9222e-06,23.6358,23.6247,22.8181,21.5064,20.1199,18.5815,17.0417,15.5384,14.1571,12.6485,11.0308,9.12072,6.43882,1.54381,0.830674,0.543473,0.385999,0.264762,0.195817,0.154785,0.125889,0.105796,0.0912636,0.0803989,0.0720429,0.0595814,0.055301,0.0517391,0.0487459,0.0461877,0.041696,0.0400213,0.0369213,0.0357461,0.0334644,0.0325907,0.0308263,0.0293147,0.0287319,0.0274908,0.0263921,0.0254068,0.0245207,0.0237149,0.0229752,0.0222961,0.0213126,0.0207524,0.019926,0.0194522,0.0187455,0.0180966,0.0177198,0.0171508,0.0166227,0.0159526,0.0155036,0.0150821,0.0145407,0.0141752,0.0137018,0.0132614,0.0128512,0.0124675,0.0121074,0.0116789,0.0113656,0.0109902,0.0106403,0.0103132,0.0100067,0.00965823,0.00939067,0.00908498,0.00879942,0.00848588,0.00823769,0.00796369,0.00770798,0.00746867,0.00724431,0.00700254,0.0067768,0.00656559,0.00634227,0.00613404,0.00593939,0.00575701,0.00556644,0.00538838,0.00520476,0.00503353,0.00487342,0.00472338,0.00455676,0.00441364,0.00426818,0.00413217,0.00399489,0.00386657,0.00373781,0.00361747,0.00349726,0.00337792,0.00326656,0.0031624,0.00305338,0.00295702,0.00285667,0.00276299,0.00267099,0.00258094,0.00249682,0.00241454,0.00233426,0.00225611,0.0021802,0.00210927,0.00203783,0.0019711,0.00190427
5.9067e-06,23.8511,23.8188,23.0053,21.6975,20.3214,18.804,17.2965,15.8398,14.5242,13.1139,11.6465,9.99376,7.89108,4.06224,1.08331,0.682935,0.477236,0.324043,0.238354,0.18775,0.152318,0.127782,0.110095,0.0969053,0.0867803,0.0717124,0.0665437,0.0622456,0.0586355,0.0555514,0.0501395,0.0481226,0.0443902,0.0429756,0.0402297,0.0391784,0.0370558,0.0352375,0.0345365,0.033044,0.0317228,0.030538,0.0294726,0.0285038,0.0276146,0.0267981,0.0256158,0.0249426,0.0239492,0.0233797,0.0225302,0.0217504,0.0212975,0.0206136,0.0199788,0.0191735,0.0186338,0.0181273,0.0174765,0.0170373,0.0164683,0.015939,0.015446,0.0149849,0.0145521,0.0140371,0.0136605,0.0132094,0.0127888,0.0123957,0.0120272,0.0116085,0.0112869,0.0109195,0.0105763,0.0101995,0.00990114,0.00957184,0.00926452,0.00897687,0.00870721,0.00841663,0.00814532,0.00789146,0.00762304,0.00737277,0.00713882,0.00691961,0.00669057,0.00647654,0.00625587,0.00605005,0.00585761,0.00567727,0.00547702,0.00530499,0.00513016,0.00496669,0.00480168,0.00464745,0.00449269,0.00434804,0.00420356,0.00406012,0.00392628,0.00380108,0.00367005,0.00355422,0.00343361,0.00332101,0.00321043,0.0031022,0.00300109,0.00290219,0.0028057,0.00271177,0.00262052,0.00253527,0.0024494,0.00236921,0.00228887
7.088e-06,24.0632,24.0106,23.1901,21.8859,20.5197,19.0223,17.5454,16.1328,14.8782,13.5572,12.2215,10.7786,9.07347,6.64419,1.49098,0.873067,0.595332,0.398645,0.291134,0.228299,0.184632,0.154554,0.132961,0.116908,0.104614,0.0863656,0.0801161,0.0749235,0.070565,0.0668435,0.0603177,0.0578867,0.0533899,0.0516861,0.0483796,0.047114,0.044559,0.0423709,0.0415274,0.0397316,0.0381423,0.0367171,0.0354356,0.0342705,0.033201,0.0322192,0.0307975,0.0299879,0.0287935,0.0281087,0.0270874,0.0261498,0.0256052,0.0247831,0.0240199,0.0230516,0.0224029,0.0217939,0.0210115,0.0204835,0.0197994,0.0191631,0.0185703,0.018016,0.0174957,0.0168766,0.0164239,0.0158815,0.0153759,0.0149033,0.0144603,0.0139568,0.0135702,0.0131285,0.0127159,0.0122628,0.0119042,0.0115083,0.0111388,0.010793,0.0104688,0.0101194,0.00979325,0.00948803,0.00916532,0.00886442,0.00858314,0.00831959,0.00804422,0.0077869,0.00752159,0.00727413,0.00704276,0.00682594,0.00658518,0.00637835,0.00616815,0.00597161,0.00577322,0.00558779,0.00540172,0.0052278,0.00505409,0.00488164,0.00472071,0.00457019,0.00441264,0.00427338,0.00412838,0.00399299,0.00386004,0.0037299,0.00360835,0.00348943,0.00337342,0.00326048,0.00315077,0.00304827,0.00294503,0.0028486,0.00275202
8.5056e-06,24.2725,24.2003,23.3729,22.0719,20.7149,19.2365,17.7889,16.4179,15.2202,13.9811,12.7622,11.495,10.0861,8.31161,5.36325,1.15063,0.752477,0.493867,0.357215,0.278492,0.224322,0.187266,0.1608,0.141201,0.126236,0.104092,0.0965238,0.0902418,0.0849728,0.0804768,0.0725999,0.069667,0.0642448,0.0621909,0.0582067,0.056682,0.0536047,0.0509699,0.0499544,0.0477925,0.0458795,0.0441644,0.0426222,0.0412203,0.0399336,0.0387524,0.0370419,0.0360681,0.0346312,0.0338076,0.032579,0.0314513,0.0307964,0.0298076,0.0288897,0.0277251,0.0269449,0.0262125,0.0252714,0.0246365,0.0238137,0.0230484,0.0223355,0.0216689,0.0210431,0.0202985,0.019754,0.0191017,0.0184936,0.0179252,0.0173924,0.0167869,0.0163219,0.0157907,0.0152944,0.0147495,0.0143182,0.013842,0.0133976,0.0129817,0.0125918,0.0121716,0.0117793,0.0114122,0.011024,0.0106621,0.0103238,0.0100069,0.00967565,0.00936615,0.00904703,0.00874941,0.00847113,0.00821034,0.00792075,0.00767199,0.00741916,0.00718276,0.00694414,0.00672111,0.0064973,0.00628812,0.00607918,0.00587175,0.00567819,0.00549714,0.00530764,0.00514014,0.00496573,0.00480288,0.00464297,0.00448644,0.00434023,0.0041972,0.00405765,0.00392181,0.00378986,0.00366656,0.00354238,0.0034264,0.00331022
1.0207e-05,24.479,24.388,23.5537,22.2556,20.9072,19.447,18.0272,16.6957,15.5513,14.3878,13.2734,12.1567,10.9802,9.62464,7.83977,3.78208,0.971434,0.617913,0.440962,0.341129,0.273355,0.227409,0.194811,0.170789,0.152514,0.125577,0.116393,0.108779,0.102399,0.0969601,0.0874401,0.0838976,0.0773528,0.0748745,0.0700694,0.068231,0.0645216,0.0613466,0.0601232,0.0575189,0.0552148,0.0531494,0.0512924,0.0496046,0.0480555,0.0466337,0.0445747,0.0434026,0.0416732,0.040682,0.0392036,0.0378465,0.0370585,0.0358685,0.0347641,0.0333627,0.0324239,0.0315426,0.0304102,0.0296462,0.0286562,0.0277353,0.0268776,0.0260753,0.0253224,0.0244264,0.0237713,0.0229864,0.0222547,0.0215707,0.0209296,0.020201,0.0196415,0.0190023,0.0184051,0.0177494,0.0172304,0.0166574,0.0161227,0.0156222,0.015153,0.0146473,0.0141753,0.0137335,0.0132664,0.0128309,0.0124238,0.0120424,0.0116438,0.0112714,0.0108874,0.0105292,0.0101944,0.00988053,0.00953204,0.00923269,0.00892844,0.00864396,0.0083568,0.00808841,0.00781908,0.00756735,0.00731592,0.0070663,0.00683336,0.00661549,0.00638744,0.00618586,0.00597597,0.00578,0.00558756,0.00539919,0.00522324,0.00505111,0.00488317,0.0047197,0.0045609,0.00441253,0.00426308,0.00412351,0.00398369
1.2248e-05,24.683,24.5738,23.7327,22.4371,21.0967,19.6539,18.2606,16.9667,15.8724,14.7789,13.7589,12.7729,11.7854,10.7294,9.51445,7.86007,1.3064,0.784566,0.548858,0.420104,0.334345,0.27691,0.236511,0.206926,0.184521,0.151658,0.140487,0.131241,0.123502,0.11691,0.105388,0.101103,0.093194,0.0902007,0.0843995,0.0821809,0.0777058,0.0738766,0.0724015,0.069262,0.0664849,0.0639959,0.0617585,0.0597252,0.0578592,0.0561467,0.0536668,0.0522553,0.0501727,0.0489792,0.0471991,0.0455651,0.0446165,0.0431838,0.0418541,0.0401669,0.0390367,0.0379757,0.0366125,0.0356927,0.0345009,0.0333923,0.0323597,0.0313939,0.0304875,0.0294088,0.0286201,0.0276752,0.0267943,0.0259709,0.0251991,0.0243219,0.0236484,0.0228788,0.0221599,0.0213705,0.0207456,0.0200558,0.019412,0.0188094,0.0182445,0.0176358,0.0170674,0.0165356,0.0159732,0.0154489,0.0149588,0.0144995,0.0140197,0.0135713,0.0131089,0.0126777,0.0122745,0.0118967,0.0114771,0.0111167,0.0107504,0.0104078,0.0100621,0.00973896,0.00941468,0.0091116,0.00880886,0.00850831,0.00822785,0.00796551,0.00769095,0.00744824,0.00719552,0.00695956,0.00672786,0.00650105,0.00628919,0.00608194,0.00587974,0.0056829,0.0054917,0.00531305,0.00513311,0.00496506,0.00479671
1.4698e-05,24.8847,24.7579,23.91,22.6166,21.2837,19.8574,18.4895,17.2315,16.1844,15.1562,14.2223,13.3515,12.522,11.6946,10.8414,9.87139,7.62416,1.02135,0.691519,0.521244,0.411004,0.338416,0.28794,0.251275,0.22367,0.183422,0.169794,0.158534,0.149124,0.141117,0.127145,0.121954,0.112381,0.10876,0.101747,0.0990662,0.0936608,0.0890375,0.0872571,0.0834684,0.0801179,0.0771157,0.0744175,0.0719657,0.069716,0.0676515,0.0646623,0.0629611,0.0604511,0.059013,0.0568679,0.0548991,0.0537562,0.05203,0.0504279,0.0483952,0.0470335,0.0457553,0.0441129,0.0430048,0.041569,0.0402334,0.0389893,0.0378258,0.0367339,0.0354342,0.0344841,0.0333457,0.0322845,0.0312924,0.0303626,0.0293058,0.0284943,0.0275671,0.0267009,0.0257498,0.024997,0.0241659,0.0233902,0.0226643,0.0219836,0.0212502,0.0205654,0.0199246,0.0192471,0.0186153,0.0180248,0.0174715,0.0168933,0.016353,0.0157959,0.0152763,0.0147905,0.0143353,0.0138297,0.0133954,0.012954,0.0125413,0.0121247,0.0117354,0.0113446,0.0109794,0.0106147,0.0102525,0.00991456,0.00959846,0.00926761,0.00897517,0.00867065,0.00838633,0.00810713,0.00783383,0.00757855,0.00732882,0.00708516,0.00684798,0.00661759,0.00640232,0.00618549,0.00598298,0.00578013
1.7637e-05,25.0841,24.9405,24.0856,22.7942,21.4682,20.0577,18.7142,17.4904,16.488,15.5207,14.6659,13.8976,13.2031,12.5576,11.9605,11.3758,10.0346,8.39547,0.888062,0.653529,0.508594,0.415488,0.351756,0.305955,0.271728,0.222209,0.205522,0.191765,0.180289,0.17054,0.153559,0.147257,0.13565,0.131263,0.122772,0.119527,0.112989,0.1074,0.105249,0.100672,0.0966251,0.093,0.0897428,0.0867838,0.084069,0.0815781,0.0779715,0.0759196,0.0728919,0.0711576,0.0685707,0.0661964,0.0648185,0.0627371,0.0608053,0.0583542,0.0567125,0.0551714,0.0531911,0.0518553,0.0501241,0.0485138,0.0470138,0.0456111,0.0442946,0.0427276,0.0415821,0.0402095,0.03893,0.0377339,0.0366129,0.0353387,0.0343602,0.0332423,0.0321979,0.0310512,0.0301434,0.0291413,0.0282061,0.0273307,0.0265101,0.0256257,0.0248,0.0240273,0.0232103,0.0224486,0.0217365,0.0210693,0.0203721,0.0197206,0.0190488,0.0184223,0.0178365,0.0172875,0.0166779,0.0161542,0.0156219,0.0151243,0.0146219,0.0141524,0.0136812,0.0132408,0.0128009,0.0123642,0.0119566,0.0115755,0.0111765,0.0108238,0.0104566,0.0101137,0.00977702,0.00944744,0.00913959,0.00883843,0.0085446,0.00825857,0.00798072,0.00772112,0.00745963,0.00721542,0.00697078
2.1165e-05,25.2815,25.1216,24.2599,22.97,21.6504,20.255,18.9349,17.7438,16.7839,15.874,15.0921,14.4161,13.8387,13.3429,12.9391,12.6092,11.7155,11.064,9.00362,0.832769,0.635313,0.513341,0.431704,0.37388,0.331094,0.269796,0.249265,0.232389,0.218342,0.206431,0.185732,0.178062,0.163954,0.158627,0.148326,0.144392,0.13647,0.129703,0.127099,0.12156,0.116666,0.112283,0.108345,0.104769,0.101489,0.0984799,0.0941233,0.0916453,0.0879889,0.0858951,0.0827718,0.0799055,0.0782424,0.0757299,0.0733982,0.0704394,0.0684579,0.0665979,0.0642076,0.0625954,0.0605059,0.0585623,0.056752,0.055059,0.05347,0.0515787,0.0501962,0.0485395,0.0469952,0.0455515,0.0441984,0.0426604,0.0414795,0.0401301,0.0388695,0.0374853,0.0363896,0.03518,0.0340511,0.0329945,0.0320039,0.0309364,0.0299397,0.029007,0.0280208,0.0271013,0.0262417,0.0254363,0.0245946,0.0238082,0.0229973,0.022241,0.0215338,0.0208711,0.0201351,0.0195029,0.0188604,0.0182596,0.0176531,0.0170863,0.0165174,0.0159858,0.0154547,0.0149275,0.0144355,0.0139753,0.0134937,0.0130679,0.0126245,0.0122106,0.0118041,0.0114062,0.0110346,0.010671,0.0103162,0.00997091,0.00963547,0.00932205,0.00900636,0.00871152,0.00841616
2.5398e-05,25.477,25.3015,24.4327,23.1442,21.8305,20.4495,19.1517,17.9922,17.0726,16.2168,15.5027,14.9105,14.4359,14.0661,13.8149,13.6679,13.05,12.8368,11.7111,7.50721,0.804641,0.639711,0.533021,0.458979,0.404918,0.328453,0.303043,0.282233,0.26496,0.250347,0.225028,0.215663,0.198468,0.191982,0.179455,0.174675,0.165056,0.156845,0.153688,0.146974,0.141044,0.135736,0.130969,0.126641,0.122672,0.119032,0.113762,0.110765,0.106344,0.103812,0.100037,0.0965721,0.0945624,0.0915257,0.0887077,0.0851318,0.0827372,0.0804896,0.077601,0.075653,0.073128,0.0707793,0.0685917,0.0665459,0.0646258,0.0623402,0.0606697,0.0586677,0.0568015,0.0550569,0.0534218,0.0515631,0.0501361,0.0485054,0.046982,0.0453091,0.043985,0.0425232,0.0411588,0.0398819,0.0386847,0.0373945,0.0361899,0.0350627,0.0338708,0.0327594,0.0317205,0.030747,0.0297298,0.0287793,0.0277991,0.026885,0.0260303,0.0252292,0.0243397,0.0235755,0.0227989,0.0220727,0.0213397,0.0206545,0.0199669,0.0193243,0.0186824,0.0180451,0.0174504,0.0168941,0.0163119,0.0157972,0.0152613,0.014761,0.0142696,0.0137886,0.0133394,0.0128999,0.012471,0.0120536,0.0116481,0.0112692,0.0108876,0.0105312,0.0101742
3.0477e-05,25.6707,25.4803,24.6044,23.3169,22.0084,20.6413,19.3651,18.2357,17.3547,16.55,15.8992,15.3836,15.0004,14.7385,14.6116,14.6034,14.1743,14.2119,13.4703,11.0539,1.04251,0.807234,0.663598,0.566897,0.497595,0.401239,0.369548,0.343716,0.322353,0.304331,0.273222,0.261741,0.240708,0.232784,0.217505,0.21168,0.19997,0.189984,0.186147,0.177991,0.170791,0.164348,0.158566,0.153318,0.148507,0.144095,0.137709,0.134079,0.128724,0.125659,0.121088,0.116893,0.114461,0.110785,0.107374,0.103046,0.100148,0.0974277,0.0939316,0.0915743,0.0885184,0.0856759,0.0830285,0.0805528,0.0782291,0.075463,0.0734414,0.0710185,0.0687599,0.0666486,0.0646697,0.0624201,0.0606931,0.0587194,0.0568756,0.0548509,0.0532483,0.0514789,0.0498276,0.048282,0.046833,0.0452712,0.0438132,0.0424488,0.0410059,0.0396607,0.0384031,0.0372248,0.0359934,0.0348428,0.0336563,0.0325497,0.031515,0.0305453,0.0294685,0.0285434,0.0276032,0.0267241,0.0258367,0.0250072,0.0241748,0.0233968,0.0226197,0.0218482,0.0211282,0.0204547,0.0197498,0.0191268,0.018478,0.0178722,0.0172773,0.016695,0.016151,0.0156189,0.0150998,0.0145944,0.0141034,0.0136447,0.0131827,0.0127512,0.0123189
3.6573e-05,25.863,25.6581,24.775,23.4881,22.1845,20.8307,19.5752,18.4749,17.6307,16.8747,16.2831,15.838,15.5369,15.3689,15.3455,15.4468,15.1553,15.3535,14.8178,13.0081,8.31124,1.03913,0.836168,0.706138,0.615476,0.492371,0.452443,0.420097,0.393472,0.371094,0.33265,0.318502,0.292656,0.282936,0.264226,0.257103,0.242799,0.230615,0.225938,0.216,0.207235,0.199397,0.192366,0.185986,0.18014,0.174782,0.167026,0.162621,0.15612,0.152401,0.146855,0.141767,0.138817,0.134359,0.130223,0.124973,0.121459,0.118161,0.113921,0.111063,0.107358,0.103911,0.100701,0.0976995,0.0948821,0.0915279,0.0890769,0.0861389,0.0834002,0.0808401,0.0784406,0.0757127,0.0736185,0.0712251,0.0689893,0.0665339,0.0645905,0.0624447,0.0604421,0.0585678,0.0568104,0.0549164,0.0531481,0.0514933,0.0497434,0.0481118,0.0465866,0.0451574,0.0436639,0.0422683,0.0408292,0.039487,0.038232,0.0370558,0.0357496,0.0346275,0.0334871,0.0324207,0.0313443,0.0303381,0.0293284,0.0283847,0.027442,0.0265061,0.0256327,0.0248158,0.0239606,0.0232048,0.0224177,0.0216829,0.0209612,0.0202548,0.0195949,0.0189494,0.0183195,0.0177064,0.0171108,0.0165544,0.0159938,0.0154703,0.0149459
4.3887e-05,26.0538,25.835,24.9445,23.6581,22.3588,21.0176,19.7822,18.7098,17.901,17.1913,16.6554,16.2755,16.0488,15.9634,16.0277,16.2175,16.031,16.3387,15.9267,14.4305,11.129,1.38786,1.07348,0.890268,0.768076,0.607759,0.556766,0.515797,0.482283,0.45425,0.406388,0.388836,0.356892,0.344904,0.321883,0.313131,0.295584,0.280661,0.274939,0.262789,0.252081,0.242515,0.233939,0.226162,0.219038,0.212512,0.203067,0.197706,0.189794,0.185272,0.178526,0.172339,0.168754,0.163334,0.158306,0.151924,0.147653,0.143645,0.138492,0.135019,0.130515,0.126326,0.122425,0.118777,0.115353,0.111276,0.108298,0.104727,0.101399,0.0982871,0.0953709,0.0920553,0.0895101,0.086601,0.0838834,0.0808987,0.0785365,0.0759282,0.0734939,0.0712155,0.0690793,0.0667769,0.0646272,0.0626156,0.0604883,0.0585047,0.0566504,0.0549129,0.0530972,0.0514005,0.0496508,0.0480189,0.046493,0.045063,0.0434748,0.0421105,0.0407239,0.0394273,0.0381184,0.036895,0.0356672,0.0345197,0.0333734,0.0322353,0.0311733,0.0301799,0.0291401,0.028221,0.0272639,0.0263702,0.0254926,0.0246336,0.0238311,0.0230461,0.0222802,0.0215346,0.0208103,0.0201336,0.0194519,0.0188152,0.0181775
5.2665e-05,26.2435,26.0112,25.1133,23.8268,22.5314,21.2023,19.9862,18.9409,18.166,17.5006,17.0173,16.6981,16.5392,16.5272,16.6671,16.93,16.8257,17.2112,16.8781,15.5707,12.8629,8.30838,1.42535,1.14389,0.971017,0.756253,0.689881,0.637167,0.594406,0.558872,0.498689,0.476726,0.436939,0.422049,0.393543,0.382727,0.361083,0.342711,0.335678,0.320754,0.307618,0.295892,0.28539,0.275874,0.267162,0.259184,0.247642,0.241096,0.231435,0.225917,0.217686,0.210139,0.20577,0.19916,0.193029,0.185246,0.18004,0.175155,0.168873,0.16464,0.15915,0.154044,0.149289,0.144842,0.140669,0.1357,0.132069,0.127717,0.123659,0.119866,0.116311,0.112269,0.109167,0.10562,0.102307,0.0986682,0.0957885,0.0926083,0.0896404,0.0868625,0.0842579,0.0814505,0.0788293,0.0763765,0.0737824,0.0713636,0.0691025,0.0669837,0.0647695,0.0627003,0.0605665,0.0585763,0.0567154,0.0549714,0.0530344,0.0513705,0.0496793,0.0480979,0.0465015,0.0450093,0.0435118,0.0421121,0.040714,0.0393258,0.0380304,0.0368187,0.0355503,0.0344292,0.0332617,0.0321716,0.0311011,0.0300532,0.0290743,0.0281167,0.0271824,0.0262728,0.0253892,0.0245637,0.0237321,0.0229554,0.0221774
6.3197e-05,26.432,26.1868,25.2812,23.9944,22.7025,21.3849,20.1874,19.1683,18.4261,17.8031,17.3697,17.107,17.0102,17.0642,17.2699,17.594,17.5556,17.9974,17.7161,16.533,14.1663,10.7373,2.06181,1.51973,1.25307,0.951749,0.862936,0.793578,0.737984,0.692201,0.615507,0.587698,0.537637,0.518972,0.483378,0.469906,0.443017,0.420251,0.411552,0.393111,0.376905,0.362458,0.349532,0.33783,0.327126,0.31733,0.303163,0.295135,0.283289,0.27653,0.266446,0.257204,0.251858,0.243767,0.236263,0.226736,0.220366,0.214389,0.206701,0.201524,0.194807,0.188559,0.182742,0.177302,0.172197,0.166116,0.161675,0.156349,0.151385,0.146744,0.142395,0.137449,0.133653,0.129313,0.125259,0.120805,0.117282,0.11339,0.109757,0.106358,0.10317,0.099734,0.0965257,0.0935235,0.0903482,0.0873874,0.0846197,0.0820262,0.0793156,0.0767826,0.0741703,0.0717339,0.0694557,0.0673206,0.0649491,0.062912,0.0608414,0.0589052,0.0569505,0.0551235,0.05329,0.0515761,0.0498641,0.0481643,0.0465781,0.0450944,0.0435412,0.0421683,0.0407386,0.0394037,0.0380928,0.0368095,0.0356107,0.034438,0.0332937,0.0321798,0.0310978,0.0300867,0.0290683,0.0281171,0.0271642
7.5837e-05,26.6198,26.362,25.4483,24.161,22.8721,21.5655,20.386,19.3923,18.6816,18.0993,17.7133,17.5037,17.4642,17.5777,17.8413,18.2175,18.2328,18.7159,18.4688,17.3715,15.2284,12.3309,8.48991,2.19286,1.67656,1.21878,1.09445,1.00001,0.925691,0.865297,0.765686,0.729893,0.666013,0.642314,0.597362,0.580404,0.546673,0.518212,0.507362,0.484395,0.464251,0.446325,0.430309,0.415827,0.402593,0.390493,0.372999,0.363101,0.348494,0.34017,0.327753,0.316377,0.309803,0.299848,0.290617,0.278897,0.271065,0.263717,0.254263,0.247899,0.23964,0.231959,0.224807,0.21812,0.211844,0.204368,0.198909,0.192361,0.186258,0.180552,0.175205,0.169122,0.164455,0.159119,0.154134,0.148657,0.144323,0.139537,0.13507,0.130888,0.126968,0.122742,0.118795,0.115102,0.111196,0.107554,0.104149,0.100959,0.097624,0.0945077,0.0912937,0.0882959,0.0854929,0.0828659,0.0799478,0.0774412,0.0748932,0.0725106,0.0701053,0.067857,0.0656005,0.0634914,0.0613844,0.0592925,0.0573402,0.0555142,0.0536025,0.0519128,0.0501531,0.0485101,0.0468965,0.045317,0.0438414,0.0423979,0.0409895,0.0396183,0.0382863,0.0370418,0.0357881,0.0346172,0.0334442
9.1004e-05,26.8069,26.5369,25.6149,24.3266,23.0402,21.7444,20.5822,19.6131,18.9323,18.3897,18.0488,17.8892,17.9028,18.0702,18.3854,18.8063,18.8657,19.3788,19.1539,18.1186,16.1336,13.5584,10.4599,6.72591,2.46531,1.6053,1.4184,1.28269,1.17885,1.09614,0.962991,0.915803,0.832623,0.801982,0.744299,0.722636,0.679754,0.643736,0.630049,0.601133,0.575842,0.553385,0.53336,0.515282,0.498784,0.483718,0.461949,0.449653,0.431508,0.421186,0.405789,0.391692,0.383556,0.371226,0.359798,0.345285,0.335593,0.326501,0.314801,0.30693,0.29671,0.287207,0.278359,0.270086,0.262323,0.253072,0.246319,0.238218,0.230666,0.223606,0.21699,0.209463,0.203689,0.197085,0.190915,0.184136,0.178774,0.172849,0.16732,0.162144,0.157291,0.152059,0.147174,0.142602,0.137765,0.133256,0.12904,0.125089,0.12096,0.117101,0.113121,0.109408,0.105937,0.102683,0.0990687,0.0959641,0.092808,0.0898569,0.0868773,0.0840922,0.0812969,0.0786842,0.076074,0.0734823,0.0710637,0.0688013,0.0664328,0.0643393,0.062159,0.0601233,0.058124,0.0561667,0.0543384,0.0525497,0.0508044,0.0491053,0.0474548,0.0459125,0.0443589,0.0429078,0.0414542
0.00010921,26.9936,26.7117,25.781,24.4913,23.2072,21.9215,20.7761,19.831,19.1801,18.6747,18.3769,18.2645,18.3276,18.5444,18.9054,19.3651,19.4614,19.9961,19.7846,18.7948,16.9281,14.5725,11.8699,8.97648,5.9168,2.2398,1.90876,1.69266,1.53678,1.41702,1.23116,1.16665,1.05478,1.01404,0.938202,0.909909,0.854303,0.807907,0.79035,0.753374,0.721157,0.692641,0.667281,0.644438,0.62363,0.60466,0.577273,0.561841,0.539072,0.526147,0.506873,0.489239,0.479081,0.463672,0.449396,0.431261,0.419164,0.407817,0.393208,0.383389,0.370633,0.358773,0.347732,0.33741,0.327723,0.316177,0.307753,0.297642,0.288217,0.279408,0.271151,0.261755,0.254549,0.246305,0.238603,0.230139,0.223444,0.216046,0.209142,0.20268,0.19662,0.190085,0.183984,0.178274,0.172233,0.166599,0.161333,0.156398,0.151239,0.146417,0.141444,0.136805,0.132467,0.128402,0.123885,0.120005,0.11606,0.112372,0.108648,0.105167,0.101673,0.0984068,0.0951439,0.091904,0.0888804,0.086052,0.0830909,0.0804736,0.0777475,0.0752022,0.0727024,0.0702551,0.0679689,0.0657323,0.0635498,0.0614251,0.059361,0.0574323,0.0554894,0.0536748,0.0518568
0.00013105,27.1799,26.8862,25.9466,24.6552,23.3729,22.0969,20.9679,20.046,19.4236,18.9542,18.6981,18.6304,18.7395,19.0016,19.4038,19.8973,20.0245,20.5743,20.3701,19.4141,17.6391,15.444,12.996,10.4917,8.12488,3.77323,2.80218,2.362,2.08837,1.8943,1.61344,1.51971,1.36239,1.30601,1.20274,1.16461,1.09036,1.02903,1.00597,0.957583,0.915616,0.878648,0.845905,0.816511,0.78981,0.765527,0.730521,0.710862,0.681865,0.665458,0.641,0.618651,0.605809,0.586305,0.568244,0.545297,0.53001,0.515677,0.497211,0.484817,0.468701,0.453721,0.439777,0.426743,0.414512,0.399926,0.389293,0.376521,0.364618,0.353491,0.343063,0.331192,0.322091,0.311675,0.301944,0.291246,0.282788,0.273438,0.264712,0.256544,0.248885,0.240624,0.232909,0.22569,0.218051,0.210927,0.204267,0.198026,0.1915,0.185401,0.17911,0.173241,0.167753,0.162609,0.156894,0.151984,0.146993,0.142325,0.137612,0.133206,0.128783,0.124649,0.120519,0.116418,0.11259,0.109009,0.10526,0.101946,0.0984948,0.0952719,0.0921064,0.0890074,0.0861124,0.08328,0.0805161,0.0778253,0.0752111,0.0727684,0.0703075,0.0680091,0.0657064
0.00015726,27.3662,27.0608,26.1117,24.8184,23.5374,22.2708,21.1577,20.2584,19.6636,19.2295,19.013,18.9876,19.14,19.4438,19.8832,20.4063,20.5594,21.1194,20.9176,19.987,18.2852,16.214,13.9467,11.677,9.61276,6.18446,4.84334,3.77009,3.10939,2.70874,2.2109,2.05827,1.81599,1.73184,1.58225,1.5279,1.42394,1.3393,1.3078,1.24217,1.18582,1.13654,1.09309,1.05429,1.01919,0.987391,0.941567,0.916013,0.878266,0.857057,0.82539,0.796507,0.780021,0.754861,0.731585,0.702003,0.682336,0.663904,0.640182,0.62426,0.603533,0.584272,0.56635,0.5496,0.533885,0.515131,0.501472,0.485054,0.469752,0.455451,0.442048,0.426781,0.415084,0.401688,0.389174,0.375412,0.364534,0.352505,0.341278,0.330768,0.320913,0.31028,0.30035,0.291057,0.281221,0.272048,0.263472,0.255435,0.24703,0.239174,0.231069,0.223508,0.216437,0.20981,0.202443,0.196117,0.189683,0.183667,0.177591,0.171911,0.166209,0.160879,0.155553,0.150264,0.145328,0.14071,0.135875,0.131601,0.127148,0.122991,0.118907,0.114909,0.111174,0.10752,0.103954,0.100482,0.0971083,0.0939562,0.0907805,0.0878144,0.0848424
0.00018871,27.5526,27.2355,26.2766,24.9808,23.7008,22.4433,21.3456,20.4683,19.9004,19.5008,19.3221,19.3368,19.5299,19.8723,20.3455,20.8946,21.0697,21.6355,21.4324,20.5207,18.879,16.9064,14.7765,12.668,10.7766,7.78757,6.71049,5.78762,4.98733,4.30177,3.29687,2.99797,2.56165,2.41834,2.17622,2.09071,1.93217,1.8066,1.76043,1.66575,1.58559,1.51625,1.4558,1.4022,1.35398,1.31061,1.24837,1.21387,1.16307,1.13468,1.09244,1.05398,1.03214,0.998737,0.967882,0.928703,0.9027,0.87835,0.846918,0.825919,0.798584,0.773151,0.749498,0.727399,0.706669,0.681906,0.663898,0.642225,0.622031,0.603158,0.58547,0.565308,0.549874,0.532183,0.515657,0.497471,0.483105,0.467238,0.452399,0.438509,0.425483,0.411422,0.39829,0.386,0.372985,0.360849,0.349501,0.338865,0.327739,0.31734,0.306606,0.296594,0.28723,0.278453,0.268693,0.260311,0.251786,0.243814,0.235761,0.228232,0.220674,0.213607,0.206546,0.199532,0.192986,0.186862,0.180448,0.174779,0.168872,0.163357,0.157938,0.152633,0.147677,0.142828,0.138095,0.133486,0.129009,0.124825,0.120609,0.116671,0.112725
0.00022645,27.7392,27.4104,26.4411,25.1426,23.8636,22.6145,21.5317,20.6759,20.1342,19.7677,19.6253,19.6781,19.91,20.2883,20.7922,21.3644,21.558,22.1264,21.9194,21.0215,19.4296,17.5382,15.5177,13.5294,11.7511,8.99589,8.05066,7.26715,6.6005,6.01312,4.95295,4.55217,3.86638,3.62283,3.20517,3.05787,2.79064,2.58444,2.50993,2.35991,2.23535,2.12945,2.03841,1.95869,1.88783,1.8246,1.73456,1.68515,1.61266,1.57256,1.51323,1.45948,1.42912,1.38267,1.33987,1.28535,1.24944,1.21581,1.17231,1.14344,1.10562,1.07052,1.03791,1.0075,0.978938,0.944767,0.919978,0.890088,0.862243,0.836223,0.81184,0.784009,0.762736,0.738319,0.715508,0.690417,0.670588,0.648624,0.628122,0.608927,0.590926,0.571479,0.553316,0.536315,0.518301,0.5015,0.485791,0.471066,0.455652,0.441245,0.426368,0.412489,0.399509,0.38734,0.3738,0.362174,0.350345,0.339283,0.328105,0.317655,0.307159,0.297347,0.287539,0.277795,0.2687,0.260191,0.251277,0.243399,0.235188,0.22752,0.219986,0.212609,0.205717,0.198971,0.192388,0.185977,0.179747,0.173925,0.168058,0.162578,0.157086
0.00027174,27.9264,27.5856,26.6055,25.3038,24.0251,22.7845,21.7162,20.8815,20.3653,20.0308,19.9236,20.0131,20.2812,20.6929,21.2249,21.8174,22.0269,22.595,22.3818,21.494,19.9439,18.121,16.1908,14.2984,12.6006,9.98324,9.10854,8.39836,7.80553,7.28933,6.33872,5.97678,5.31139,5.06319,4.59187,4.41704,4.07335,3.79227,3.68934,3.47391,3.29172,3.13513,2.99985,2.88112,2.77547,2.6812,2.54665,2.47357,2.36588,2.30698,2.21984,2.14125,2.09737,2.02956,1.96713,1.88744,1.83517,1.78631,1.72292,1.68097,1.62585,1.57471,1.52721,1.48287,1.44128,1.39138,1.3553,1.31165,1.27099,1.233,1.19739,1.15666,1.12558,1.08984,1.05644,1.0196,0.990559,0.958343,0.928267,0.900104,0.873689,0.845116,0.818427,0.79344,0.766939,0.742219,0.719101,0.697428,0.674724,0.6535,0.631568,0.611105,0.591964,0.574017,0.55403,0.536872,0.519407,0.503071,0.486557,0.471116,0.455603,0.441099,0.426595,0.412182,0.398728,0.38614,0.372946,0.361286,0.349129,0.337775,0.326618,0.31569,0.30548,0.295486,0.285729,0.276226,0.266991,0.25836,0.249661,0.241535,0.233389
0.00032609,28.1144,27.7611,26.7696,25.4644,24.1859,22.9532,21.8992,21.085,20.5937,20.2904,20.2173,20.3423,20.6438,21.087,21.6448,22.2554,22.4781,23.0438,22.8229,21.9421,20.4276,18.6631,16.81,14.9976,13.3625,10.8297,9.99395,9.32374,8.77069,8.29203,7.40346,7.06712,6.43782,6.20448,5.74762,5.57877,5.23327,4.94267,4.83659,4.60423,4.40239,4.22455,4.06733,3.9267,3.79926,3.68385,3.51518,3.42282,3.28409,3.20783,3.09332,2.98919,2.93086,2.83993,2.7557,2.64739,2.57614,2.5093,2.42209,2.36431,2.28807,2.2172,2.15123,2.08952,2.03156,1.96187,1.91144,1.85034,1.79336,1.74007,1.69008,1.63285,1.58917,1.53889,1.49189,1.44001,1.39911,1.35372,1.31132,1.27162,1.23437,1.19406,1.15641,1.12115,1.08374,1.04885,1.01621,0.985615,0.953556,0.923583,0.892609,0.863707,0.83667,0.81132,0.783083,0.758844,0.734169,0.711088,0.687755,0.665938,0.644017,0.623521,0.603026,0.582657,0.563644,0.545854,0.527208,0.510729,0.493548,0.477502,0.461733,0.446287,0.431855,0.417727,0.403936,0.390504,0.377451,0.365251,0.352956,0.341469,0.329955
0.0003913,28.3032,27.9371,26.9336,25.6244,24.3458,23.1209,22.0807,21.2867,20.8197,20.5468,20.5065,20.6651,20.9992,21.4708,22.0529,22.6797,22.9134,23.4749,23.2447,22.3684,20.8848,19.1711,17.3851,15.6428,14.0597,11.5799,10.7642,10.1151,9.58271,9.12336,8.26581,7.94089,7.32738,7.09948,6.64719,6.47943,6.13054,5.83276,5.72327,5.47994,5.26549,5.07374,4.90212,4.74659,4.60404,4.47356,4.28111,4.17417,4.01283,3.92284,3.78695,3.66235,3.59177,3.48204,3.37999,3.24872,3.16167,3.07983,2.97317,2.90206,2.80856,2.72144,2.64021,2.56415,2.49264,2.40683,2.34451,2.26917,2.19888,2.13311,2.07141,2.00088,1.94693,1.88495,1.827,1.76312,1.71268,1.65678,1.60457,1.55568,1.50981,1.46024,1.41393,1.37057,1.32461,1.28174,1.24164,1.20406,1.16471,1.12792,1.08993,1.05449,1.02133,0.990248,0.955656,0.925954,0.895732,0.867465,0.8389,0.812195,0.785373,0.760296,0.735228,0.710322,0.687076,0.665327,0.64254,0.622402,0.601412,0.58181,0.562552,0.543691,0.52607,0.508825,0.491992,0.4756,0.459672,0.444786,0.429785,0.415773,0.40173
0.00046956,28.4931,28.1135,27.0975,25.784,24.505,23.2875,22.2609,21.4867,21.0435,20.8001,20.7916,20.9824,21.3472,21.8469,22.4502,23.0914,23.3345,23.8901,23.6496,22.7758,21.319,19.6503,17.9238,16.245,14.7089,12.2624,11.4543,10.8136,10.2902,9.83909,8.99414,8.67253,8.06249,7.83432,7.37855,7.20773,6.85055,6.54215,6.42705,6.1711,5.94321,5.73757,5.55186,5.38221,5.22568,5.08147,4.86853,4.74865,4.5682,4.46625,4.31251,4.17098,4.08984,3.9647,3.84808,3.69844,3.59861,3.50465,3.38268,3.30085,3.19374,3.09388,3.00072,2.91345,2.83141,2.73321,2.66165,2.57542,2.49495,2.41966,2.34903,2.26845,2.2067,2.1359,2.06972,1.99686,1.93927,1.87553,1.81602,1.76029,1.70802,1.65159,1.59888,1.54954,1.49729,1.44856,1.403,1.36028,1.3156,1.27384,1.23074,1.19053,1.15292,1.11767,1.07847,1.04481,1.01058,0.978559,0.94622,0.915989,0.885636,0.857261,0.828906,0.800743,0.774458,0.74987,0.724119,0.701359,0.677646,0.655503,0.633752,0.612455,0.59256,0.573092,0.554093,0.535594,0.517621,0.500826,0.483905,0.4681,0.452263
0.00056348,28.6843,28.2905,27.2613,25.9431,24.6635,23.4532,22.4399,21.685,21.2652,21.0507,21.0729,21.2946,21.6888,22.2143,22.8371,23.4918,23.7426,24.2909,24.0393,23.1664,21.7331,20.1045,18.432,16.8123,15.3218,12.8974,12.0874,11.4461,10.9232,10.4725,9.62794,9.3048,8.69103,8.4595,7.99595,7.82008,7.4521,7.13164,7.01003,6.74099,6.49971,6.28064,6.08155,5.89877,5.72939,5.57268,5.34176,5.21037,5.01343,4.90096,4.73202,4.57615,4.48593,4.34784,4.21903,4.05421,3.94374,3.83972,3.70518,3.6145,3.49628,3.38606,3.2832,3.18684,3.09626,2.9881,2.90908,2.81412,2.7255,2.64259,2.56482,2.47626,2.40829,2.3305,2.25778,2.17784,2.11459,2.04467,1.9794,1.91829,1.86098,1.79917,1.74144,1.68741,1.63025,1.57693,1.52709,1.48038,1.43155,1.38591,1.33883,1.29491,1.25385,1.21536,1.1726,1.13587,1.09852,1.06361,1.02835,0.995392,0.962313,0.931393,0.900503,0.86983,0.841206,0.81443,0.786399,0.761622,0.735816,0.711721,0.688056,0.664889,0.643248,0.622076,0.601416,0.581303,0.561764,0.543507,0.525116,0.507938,0.490729
0.00067617,28.8769,28.4682,27.4251,26.1018,24.8212,23.6179,22.6177,21.8818,21.4849,21.2986,21.3506,21.6021,22.0241,22.574,23.2161,23.8817,24.1388,24.6788,24.4152,23.5418,22.1294,20.537,18.9141,17.3507,15.9066,13.5005,12.6812,12.0316,11.502,11.0457,10.1921,9.86403,9.24186,9.00517,8.53154,8.34965,7.96992,7.637,7.50867,7.22679,6.97266,6.74089,6.52938,6.3345,6.15341,5.98539,5.73848,5.5968,5.38539,5.26363,5.08148,4.91321,4.81506,4.66582,4.52653,4.34879,4.22923,4.11662,3.97144,3.87322,3.74563,3.62667,3.51564,3.41163,3.31387,3.19737,3.1121,3.00984,2.91442,2.82516,2.74144,2.64625,2.5731,2.48951,2.41138,2.32558,2.25763,2.18261,2.11258,2.04703,1.98556,1.91932,1.85746,1.79958,1.73837,1.6813,1.62795,1.57795,1.52571,1.4769,1.42656,1.37962,1.33573,1.29459,1.24892,1.20968,1.1698,1.13251,1.09487,1.0597,1.0244,0.991402,0.958448,0.925733,0.895205,0.866651,0.836766,0.81035,0.782844,0.757164,0.731945,0.707261,0.684203,0.661648,0.639641,0.61822,0.597412,0.57797,0.558388,0.540099,0.521779
0.0008114,29.0712,28.6464,27.5889,26.26,24.9782,23.7817,22.7944,22.0772,21.7028,21.544,21.6249,21.9051,22.3538,22.9267,23.5861,24.2621,24.5242,25.0549,24.7789,23.9038,22.51,20.9506,19.3739,17.8651,16.4703,14.0857,13.2511,12.5856,12.0426,11.5746,10.7034,10.3677,9.7338,9.49086,9.00588,8.81753,8.42574,8.08047,7.94546,7.65124,7.38495,7.1413,6.91826,6.71222,6.52041,6.34209,6.08081,5.92987,5.70556,5.57549,5.38166,5.20245,5.09726,4.93823,4.78976,4.60074,4.47322,4.35312,4.19869,4.0939,3.95818,3.83164,3.71354,3.60292,3.49895,3.37528,3.2846,3.17606,3.0748,2.98008,2.89126,2.79038,2.71279,2.62422,2.54146,2.45066,2.37869,2.29931,2.22523,2.15588,2.09087,2.02085,1.95548,1.89431,1.82967,1.76939,1.71306,1.66027,1.60514,1.55363,1.50054,1.45102,1.40473,1.36135,1.31321,1.27185,1.22982,1.19053,1.15088,1.11382,1.07664,1.0419,1.0072,0.972761,0.940625,0.91057,0.879121,0.851321,0.822381,0.795363,0.768834,0.742871,0.718619,0.694898,0.671757,0.649234,0.627357,0.606917,0.586332,0.567108,0.547853
0.00097369,29.2673,28.8255,27.7528,26.418,25.1348,23.9447,22.9701,22.2713,21.9191,21.7872,21.8963,22.2039,22.6782,23.2729,23.9484,24.6334,24.8997,25.4204,25.1313,24.2537,22.8765,21.3476,19.8143,18.3594,17.0183,14.6666,13.8118,13.1228,12.5586,12.0724,11.1744,10.8284,10.1798,9.92981,9.43265,9.23763,8.83375,8.47639,8.33489,8.02889,7.75111,7.49636,7.26258,7.04626,6.84459,6.65683,6.3825,6.22312,5.98718,5.84958,5.64527,5.45626,5.34475,5.17697,5.0203,4.82127,4.68668,4.55991,4.39728,4.28666,4.14376,4.01053,3.88618,3.76971,3.66028,3.53029,3.43485,3.32079,3.21439,3.11487,3.02156,2.9157,2.83421,2.74129,2.65447,2.55929,2.48381,2.40062,2.32299,2.25033,2.18221,2.1089,2.04046,1.97643,1.90879,1.84573,1.78679,1.73158,1.67393,1.62007,1.56458,1.51283,1.46445,1.41912,1.36884,1.32563,1.28174,1.24071,1.19931,1.16062,1.12182,1.08555,1.04934,1.01341,0.979878,0.948521,0.915717,0.886718,0.856536,0.82836,0.800697,0.773626,0.748341,0.723612,0.69949,0.676012,0.653211,0.631908,0.610457,0.590423,0.57036
0.0011684,29.4654,29.0052,27.9167,26.5756,25.2907,24.1068,23.1447,22.4641,22.1337,22.0282,22.1646,22.4989,22.9975,23.6129,24.3035,24.9966,25.2662,25.776,25.4736,24.5924,23.2303,21.7297,20.2377,18.8362,17.5541,15.2578,14.3807,13.6589,13.0635,12.5506,11.6147,11.2554,10.5891,10.3314,9.82143,9.61964,9.20379,8.8347,8.68691,8.36969,8.08105,7.81588,7.57209,7.34619,7.13539,6.93892,6.65263,6.4855,6.23896,6.09447,5.88065,5.68276,5.56549,5.3898,5.22573,5.01767,4.87669,4.74392,4.57392,4.45805,4.30869,4.16946,4.0395,3.9178,3.80346,3.66782,3.56812,3.44913,3.33814,3.23433,3.13702,3.02671,2.94174,2.84494,2.75451,2.65543,2.57682,2.49024,2.40945,2.33385,2.26298,2.18674,2.11558,2.049,1.9787,1.91317,1.85192,1.79455,1.73468,1.67874,1.62112,1.56739,1.51716,1.4701,1.41792,1.37308,1.32754,1.28497,1.24203,1.2019,1.16165,1.12404,1.08649,1.04924,1.01448,0.981971,0.94797,0.917913,0.886635,0.857436,0.828772,0.800724,0.774527,0.748908,0.723919,0.699601,0.675984,0.65392,0.631704,0.610957,0.590181
0.0014021,29.6656,29.1857,28.0808,26.733,25.4462,24.2683,23.3184,22.6558,22.3468,22.2673,22.4302,22.7902,23.3123,23.9473,24.6519,25.3524,25.6241,26.1229,25.8066,24.9212,23.5727,22.0987,20.6463,19.2984,18.0808,15.8766,14.9821,14.216,13.5745,13.022,12.0326,11.6564,10.969,10.7028,10.1795,9.97087,9.54319,9.16271,9.00883,8.6809,8.38197,8.10697,7.85379,7.61893,7.39963,7.19505,6.8977,6.7234,6.46709,6.31625,6.09369,5.88766,5.76511,5.58218,5.41134,5.19506,5.04824,4.90998,4.73329,4.61262,4.4574,4.31271,4.17767,4.0512,3.93242,3.79165,3.68808,3.56463,3.44948,3.34179,3.24085,3.12653,3.03841,2.93811,2.84441,2.74181,2.66037,2.57074,2.4871,2.40884,2.33548,2.25661,2.18298,2.11411,2.04143,1.97367,1.91034,1.85103,1.78915,1.73134,1.6718,1.61629,1.56441,1.51579,1.46191,1.4156,1.36858,1.32462,1.28029,1.23887,1.19733,1.15851,1.11977,1.08133,1.04546,1.01192,0.976849,0.945842,0.913581,0.883465,0.853904,0.824979,0.797965,0.771549,0.745784,0.720712,0.696365,0.673619,0.650718,0.629333,0.607918
0.0016825,29.8681,29.3671,28.245,26.8901,25.6011,24.4288,23.4912,22.8464,22.5586,22.5044,22.6933,23.0781,23.6226,24.2764,24.9941,25.7012,25.9743,26.461,26.1314,25.241,23.9048,22.4558,21.0418,19.7476,18.6002,16.5416,15.6547,14.8321,14.1174,13.5029,12.4358,12.0378,11.325,11.0495,10.5121,10.2966,9.85721,9.46565,9.30587,8.96767,8.65896,8.37466,8.11262,7.86934,7.64206,7.42989,7.12225,6.94128,6.6759,6.51915,6.28851,6.07497,5.94752,5.7579,5.58082,5.35698,5.20479,5.06148,4.87862,4.75355,4.59294,4.44325,4.30354,4.17271,4.04984,3.9044,3.79728,3.66973,3.55078,3.43955,3.33529,3.2173,3.12629,3.02279,2.92612,2.8203,2.73629,2.64386,2.55763,2.47695,2.40132,2.32004,2.24418,2.17323,2.09836,2.02857,1.96336,1.90228,1.83857,1.77906,1.71778,1.66066,1.60726,1.55723,1.5018,1.45416,1.40579,1.36058,1.31498,1.27238,1.22967,1.18976,1.14993,1.11041,1.07354,1.03907,1.00302,0.97115,0.937996,0.907049,0.876673,0.846955,0.819199,0.79206,0.765591,0.739836,0.714827,0.691463,0.667941,0.645977,0.623984
0.002019,30.073,29.5496,28.4096,27.0472,25.7557,24.5894,23.6633,23.0359,22.7691,22.7398,22.954,23.363,23.9291,24.6007,25.3307,26.0437,26.3175,26.7921,26.4481,25.5527,24.2278,22.8024,21.4258,20.1859,19.1136,17.2685,16.4675,15.6006,14.7488,14.0209,12.8332,12.406,11.6621,11.3762,10.824,10.6014,10.1503,9.74793,9.58243,9.23434,8.91625,8.62309,8.35264,8.1014,7.86659,7.64728,7.32998,7.14273,6.86888,6.70661,6.46843,6.24788,6.11585,5.92002,5.73713,5.50626,5.34908,5.20108,5.01252,4.88336,4.71776,4.56343,4.41939,4.28453,4.15789,4.0081,3.8977,3.76638,3.64392,3.52941,3.42209,3.30072,3.20705,3.1006,3.00117,2.8924,2.80601,2.71101,2.62238,2.53947,2.46175,2.37826,2.30035,2.22747,2.15059,2.07894,2.01199,1.94928,1.88389,1.82282,1.75995,1.70133,1.64655,1.59522,1.53837,1.4895,1.43989,1.39353,1.34678,1.3031,1.25931,1.21839,1.17756,1.13706,1.09927,1.06393,1.02699,0.994335,0.960364,0.928654,0.897532,0.867086,0.838651,0.810849,0.783735,0.757354,0.731738,0.707807,0.683718,0.661223,0.6387
0.0024228,30.2804,29.7328,28.5743,27.204,25.9099,24.7488,23.8347,23.2247,22.9783,22.9735,23.2123,23.6446,24.2316,24.9201,25.6617,26.3799,26.6539,27.1159,26.7578,25.8565,24.5421,23.1393,21.7992,20.6139,19.6209,18.0528,17.4875,16.859,15.7137,14.6412,13.2348,12.7671,11.984,11.6864,11.1181,10.8884,10.4256,10.0125,9.84146,9.4838,9.15672,8.85508,8.57662,8.31781,8.07586,7.84979,7.52338,7.33022,7.0484,6.88092,6.63568,6.40856,6.27224,6.07059,5.88227,5.64484,5.483,5.33061,5.13673,5.00375,4.8335,4.67484,4.52678,4.38815,4.25799,4.10418,3.99073,3.85589,3.73016,3.61261,3.50244,3.37792,3.28179,3.17259,3.07061,2.95909,2.87049,2.77311,2.68226,2.59728,2.51763,2.43209,2.35226,2.2776,2.19887,2.12549,2.05693,1.99272,1.92578,1.86325,1.7989,1.73891,1.68284,1.63031,1.57214,1.52214,1.47139,1.42396,1.37614,1.33146,1.28668,1.24483,1.20308,1.16166,1.12302,1.08689,1.04913,1.01574,0.981014,0.9486,0.916788,0.885669,0.856607,0.828193,0.800484,0.773525,0.747348,0.722895,0.698281,0.675296,0.652285
0.0029074,30.4904,29.9172,28.7391,27.3607,26.0637,24.908,24.0052,23.4124,23.1864,23.2055,23.4684,23.9234,24.5304,25.2353,25.9877,26.7104,26.9841,27.4332,27.061,26.1537,24.8488,23.4675,22.1633,21.033,20.1223,18.8639,18.5979,18.4584,18.1686,16.8881,13.6571,13.1292,12.2949,11.9837,11.3978,11.1606,10.686,10.2624,10.0858,9.71886,9.38307,9.07328,8.78714,8.52109,8.27234,8.03983,7.70479,7.50601,7.21664,7.04424,6.79232,6.55901,6.41863,6.2115,6.01807,5.77447,5.60823,5.45173,5.25284,5.11627,4.94165,4.77894,4.62709,4.48494,4.35148,4.19389,4.07757,3.93945,3.81065,3.69025,3.57742,3.44996,3.35151,3.23975,3.13537,3.02129,2.93063,2.83102,2.73809,2.65117,2.56972,2.48226,2.40065,2.32433,2.24386,2.16887,2.0988,2.03319,1.96479,1.90092,1.83519,1.77391,1.71664,1.663,1.6036,1.55254,1.50073,1.4523,1.40348,1.35787,1.31216,1.26945,1.22683,1.18457,1.14514,1.10827,1.06974,1.03567,1.00024,0.967169,0.934716,0.90297,0.873324,0.84434,0.816077,0.78858,0.761882,0.736943,0.71184,0.6884,0.664934
0.0034889,30.7031,30.1025,28.9045,27.5174,26.2172,25.0665,24.1749,23.5992,23.3933,23.4362,23.7223,24.1994,24.8259,25.5462,26.3088,27.0356,27.3084,27.7444,27.3581,26.4444,25.1484,23.7879,22.5191,21.4441,20.6173,19.6636,19.6294,19.7286,19.6995,19.1456,14.1316,13.5032,12.5987,12.2712,11.6657,11.4207,10.9338,10.4997,10.3177,9.94163,9.59738,9.27971,8.98617,8.71317,8.45789,8.21923,7.87595,7.67182,7.37528,7.19818,6.93993,6.70074,6.55651,6.34418,6.14591,5.89647,5.72608,5.56568,5.36206,5.2221,5.04336,4.87682,4.7214,4.57592,4.43935,4.27819,4.15917,4.01795,3.88627,3.76317,3.64783,3.5176,3.41697,3.3028,3.19618,3.07968,2.98707,2.88536,2.79049,2.70175,2.61859,2.52934,2.44605,2.36816,2.28607,2.20956,2.13808,2.07114,2.00139,1.93624,1.86922,1.80673,1.74834,1.69364,1.6331,1.58105,1.52823,1.47887,1.42912,1.38264,1.33605,1.29253,1.24911,1.20604,1.16587,1.12831,1.08906,1.05435,1.01826,0.984578,0.951524,0.919192,0.888998,0.85948,0.830698,0.802696,0.77551,0.750115,0.724555,0.700688,0.676795
0.0041867,30.9186,30.289,29.07,27.674,26.3703,25.2247,24.3443,23.7854,23.5993,23.6654,23.9746,24.473,25.1182,25.8535,26.6256,27.3559,27.6274,28.05,27.6496,26.7292,25.4415,24.1013,22.8675,21.8482,21.1056,20.4299,20.5548,20.7781,20.8582,20.4999,14.7567,13.9075,12.9002,12.5526,11.9243,11.6709,11.1714,10.7266,10.5393,10.1541,9.8016,9.47625,9.17553,8.89582,8.63424,8.38965,8.03847,7.8292,7.5258,7.34421,7.07991,6.83511,6.68721,6.46993,6.26704,6.01206,5.83771,5.67359,5.46549,5.32229,5.13963,4.96946,4.81065,4.66201,4.52248,4.35795,4.23636,4.0922,3.95778,3.83214,3.71442,3.58156,3.47886,3.3624,3.25365,3.13487,3.04042,2.93673,2.84001,2.74955,2.66478,2.57382,2.48894,2.40958,2.32594,2.248,2.17519,2.107,2.03596,1.96961,1.90136,1.83774,1.77828,1.72259,1.66096,1.60797,1.55421,1.50396,1.45333,1.40602,1.35862,1.31433,1.27014,1.22633,1.18545,1.14724,1.10731,1.072,1.03529,1.00102,0.967399,0.934513,0.903803,0.873781,0.844509,0.816032,0.788384,0.762559,0.736567,0.712298,0.688003
0.005024,31.1369,30.4765,29.2358,27.8306,26.5233,25.3822,24.5128,23.9708,23.8042,23.8932,24.2248,24.7439,25.4073,26.1568,26.9378,27.6713,27.941,28.35,27.9356,27.0085,25.7286,24.408,23.209,22.2453,21.5863,21.1548,21.3897,21.6864,21.8244,21.5582,18.6416,14.382,13.2044,12.831,12.1759,11.9133,11.4004,10.9447,10.7519,10.3578,9.99708,9.66421,9.3565,9.07026,8.80259,8.55228,8.19347,7.97926,7.66926,7.48336,7.21325,6.96309,6.81166,6.58964,6.38234,6.12206,5.94393,5.77627,5.56387,5.4176,5.2312,5.05756,4.89552,4.74386,4.60151,4.43376,4.30973,4.16276,4.02574,3.89767,3.77768,3.64233,3.53767,3.41903,3.30825,3.18729,3.09109,2.98551,2.88703,2.79494,2.70864,2.61605,2.52968,2.4489,2.3638,2.2845,2.21042,2.14104,2.06878,2.00129,1.93188,1.86717,1.8067,1.75007,1.6874,1.63353,1.57887,1.52779,1.47631,1.42822,1.38004,1.33502,1.29011,1.24558,1.20405,1.16521,1.12463,1.08875,1.05145,1.01664,0.982475,0.949063,0.917863,0.887364,0.857627,0.828698,0.800614,0.774381,0.74798,0.723328,0.698653
0.0060288,31.3581,30.6651,29.402,27.9871,26.676,25.5395,24.681,24.1555,24.0082,24.1197,24.4733,25.0126,25.6934,26.4565,27.246,27.982,28.2496,28.6448,28.2165,27.2825,26.0101,24.7087,23.5442,22.6363,22.0591,21.8393,22.153,22.4971,22.6691,22.4542,20.1287,17.0206,13.5192,13.1111,12.4231,12.1502,11.6228,11.1558,10.9575,10.5543,10.1854,9.84511,9.53052,9.23791,8.9643,8.70841,8.34222,8.12321,7.80684,7.61677,7.34107,7.08573,6.9309,6.70432,6.49278,6.2274,6.04564,5.87458,5.65807,5.50883,5.31885,5.14187,4.97674,4.82218,4.67714,4.5063,4.37993,4.23027,4.09076,3.96036,3.8382,3.70045,3.5939,3.47318,3.36047,3.23743,3.13955,3.03216,2.932,2.83834,2.75057,2.65644,2.56862,2.4865,2.4,2.31939,2.2441,2.17359,2.10015,2.03157,1.96105,1.89531,1.83388,1.77634,1.71269,1.65796,1.60245,1.55057,1.49829,1.44945,1.40052,1.35481,1.30921,1.264,1.22183,1.1824,1.1412,1.10478,1.06691,1.03157,0.996896,0.962983,0.931315,0.90036,0.870179,0.84082,0.812318,0.785696,0.758904,0.733888,0.708849
0.0072346,31.5825,30.8549,29.5687,28.1438,26.8285,25.6966,24.8488,24.3397,24.2115,24.3452,24.72,25.2791,25.9768,26.7531,27.5504,28.2885,28.5535,28.9348,28.4929,27.5519,26.2866,25.0041,23.8741,23.0217,22.5242,22.4873,22.8593,23.2354,23.4282,23.2441,21.2121,19.2915,13.8571,13.3989,12.6687,12.3839,11.8405,11.3615,11.1575,10.7451,10.368,10.0203,9.69893,9.40003,9.12059,8.85925,8.48585,8.26217,7.93959,7.74547,7.46434,7.20399,7.04587,6.81487,6.59923,6.32893,6.14365,5.9693,5.74882,5.59672,5.40328,5.22309,5.05496,4.89761,4.74996,4.57615,4.44752,4.29528,4.15335,4.02072,3.89646,3.75641,3.64805,3.52532,3.41073,3.28569,3.18619,3.07707,2.97529,2.88011,2.79094,2.69531,2.60611,2.52269,2.43484,2.35298,2.27652,2.20492,2.13036,2.06073,1.98914,1.9224,1.86004,1.80164,1.73703,1.68149,1.62515,1.5725,1.51945,1.4699,1.42025,1.37387,1.3276,1.28174,1.23895,1.19895,1.15717,1.12022,1.08181,1.04596,1.01079,0.976399,0.944281,0.912887,0.88228,0.852507,0.823604,0.796607,0.76944,0.744074,0.718685
0.0086815,31.8097,31.0457,29.7357,28.3006,26.981,25.853,25.0163,24.5232,24.4139,24.5691,24.9649,25.5434,26.2575,27.0462,27.8509,28.5906,28.8526,29.22,28.7645,27.8165,26.5581,25.2943,24.1987,23.4015,22.9806,23.1021,23.5182,23.9165,24.1219,23.9565,22.1035,20.5545,14.2412,13.7026,12.9159,12.6169,12.0552,11.5633,11.3534,10.9314,10.546,10.1908,9.86268,9.55754,9.27235,9.00565,8.62516,8.39691,8.06828,7.8702,7.58378,7.31855,7.15722,6.92194,6.70231,6.42723,6.23855,6.06101,5.83667,5.6818,5.485,5.3017,5.13067,4.97062,4.82045,4.64375,4.51293,4.35819,4.21393,4.07913,3.95284,3.81056,3.70044,3.57577,3.45937,3.33239,3.23133,3.12052,3.01718,2.92055,2.83001,2.73294,2.64239,2.55772,2.46857,2.3855,2.3079,2.23525,2.1596,2.08896,2.01633,1.94863,1.88537,1.82613,1.76061,1.70427,1.64714,1.59374,1.53995,1.4897,1.43935,1.39233,1.34542,1.29892,1.25555,1.215,1.17264,1.13518,1.09625,1.05992,1.02427,0.989408,0.956856,0.925038,0.894018,0.863845,0.834555,0.807197,0.779666,0.753962,0.728235
0.010418,32.0401,31.2378,29.9032,28.4576,27.1334,26.0094,25.1831,24.7064,24.6156,24.7925,25.2087,25.8059,26.5357,27.3364,28.1478,28.8888,29.1474,29.5006,29.0318,28.0768,26.8252,25.5799,24.5187,23.7765,23.429,23.688,24.1384,24.5521,24.7644,24.6103,22.8782,21.5273,14.7365,14.0376,13.1692,12.8526,12.2694,11.7632,11.547,11.1149,10.7209,10.3581,10.0231,9.71176,9.42084,9.14881,8.76132,8.52856,8.19396,7.99199,7.70038,7.43036,7.2659,7.02641,6.80288,6.52313,6.33113,6.15047,5.92237,5.7648,5.56472,5.37839,5.20453,5.04184,4.88921,4.7097,4.57675,4.41956,4.27303,4.13611,4.00785,3.86339,3.75156,3.625,3.50684,3.37796,3.27538,3.16293,3.05806,2.96,2.86813,2.76966,2.6778,2.59191,2.50149,2.41724,2.33854,2.26486,2.18815,2.11652,2.04288,1.97424,1.91011,1.85005,1.78363,1.72653,1.66861,1.61449,1.55998,1.50905,1.45803,1.41037,1.36284,1.31572,1.27178,1.23069,1.18777,1.14982,1.11038,1.07357,1.03745,1.00214,0.969163,0.936933,0.905511,0.874948,0.845281,0.81757,0.789686,0.763651,0.737595
0.012501,32.2734,31.4311,30.0712,28.6147,27.2856,26.1657,25.3498,24.8891,24.8166,25.0145,25.4511,26.0663,26.8113,27.6234,28.4411,29.183,29.4378,29.7769,29.2948,28.3328,27.0877,25.8608,24.8341,24.1464,23.869,24.248,24.7251,25.1494,25.3647,25.2165,23.5712,22.3464,18.5727,14.4358,13.4346,13.095,12.4856,11.9631,11.74,11.297,10.8939,10.5233,10.1814,9.86369,9.567,9.28964,8.89517,8.65793,8.31742,8.1116,7.81487,7.54013,7.37258,7.12896,6.9016,6.61727,6.422,6.23827,6.00649,5.84625,5.64297,5.45365,5.27702,5.11175,4.9567,4.77444,4.63939,4.4798,4.33105,4.19205,4.06186,3.91527,3.80176,3.67334,3.55345,3.42272,3.31865,3.20459,3.09822,2.99877,2.90559,2.80574,2.7126,2.62551,2.53384,2.44843,2.36866,2.29397,2.21621,2.14361,2.06899,1.99943,1.93444,1.87358,1.80629,1.74842,1.68975,1.63492,1.57969,1.5281,1.47641,1.42814,1.38,1.33227,1.28776,1.24614,1.20268,1.16425,1.1243,1.08703,1.05046,1.01469,0.981303,0.948667,0.916852,0.885906,0.855868,0.827811,0.799581,0.773222,0.746843
0.015002,32.5099,31.6256,30.2397,28.7721,27.438,26.3218,25.5164,25.0715,25.0171,25.2358,25.6922,26.3249,27.0847,27.9077,28.7312,29.4733,29.7242,30.0489,29.5539,28.5847,27.3462,26.1377,25.1456,24.5118,24.3009,24.7853,25.2836,25.7148,25.93,25.7841,24.2038,23.0676,20.0979,17.3552,13.7222,13.3503,12.7072,12.1654,11.9346,11.4796,11.0668,10.688,10.3388,10.0147,9.71213,9.42939,9.02788,8.78616,8.43973,8.23009,7.92825,7.64882,7.4782,7.23049,6.99933,6.71045,6.51195,6.3252,6.08976,5.92691,5.72044,5.52819,5.34881,5.18099,5.02355,4.83856,4.70145,4.53949,4.38854,4.24749,4.11538,3.96668,3.85151,3.72125,3.59966,3.4671,3.36154,3.24589,3.13805,3.03721,2.94275,2.84153,2.74712,2.65886,2.56595,2.4794,2.39855,2.32286,2.24408,2.17052,2.09492,2.02445,1.95861,1.89696,1.8288,1.77019,1.71076,1.65522,1.59929,1.54704,1.4947,1.44581,1.39706,1.34874,1.30367,1.26153,1.21752,1.17861,1.13817,1.10043,1.06341,1.02721,0.993405,0.960368,0.928162,0.896838,0.866433,0.838033,0.809459,0.78278,0.756081
0.018002,32.7491,31.8213,30.4088,28.9297,27.5901,26.4779,25.6826,25.2536,25.217,25.4561,25.9318,26.5816,27.3558,28.1891,29.0177,29.7598,30.0063,30.3165,29.8088,28.8326,27.6004,26.4103,25.4529,24.8724,24.7245,25.3018,25.817,26.2522,26.4651,26.3187,24.7885,23.7189,21.1715,19.6791,14.0497,13.6277,12.9387,12.3731,12.1334,11.6647,11.2412,10.8536,10.4968,10.166,9.85739,9.56915,9.16048,8.91422,8.56183,8.34834,8.04138,7.75725,7.58358,7.33177,7.09683,6.80342,6.6017,6.41194,6.17286,6.0074,5.79777,5.60258,5.42048,5.25011,5.0903,4.9026,4.76343,4.59911,4.44597,4.30288,4.16887,4.01806,3.90124,3.76916,3.64586,3.51147,3.40445,3.28721,3.17789,3.07569,2.97994,2.87736,2.78168,2.69224,2.59811,2.51041,2.4285,2.35181,2.27201,2.19749,2.12091,2.04953,1.98285,1.9204,1.85138,1.79202,1.73184,1.6756,1.61896,1.56605,1.51306,1.46356,1.41421,1.36528,1.31965,1.277,1.23245,1.19306,1.15212,1.11392,1.07645,1.0398,1.00559,0.972151,0.939556,0.907853,0.877081,0.84834,0.819422,0.792423,0.765403
0.021602,32.9913,32.0183,30.5785,29.0877,27.7428,26.6339,25.8487,25.4355,25.4163,25.6757,26.1702,26.8371,27.6247,28.4678,29.3012,30.0427,30.2845,30.5799,30.06,29.0767,27.8508,26.6792,25.7566,25.2285,25.1403,25.8002,26.3288,26.7656,26.9745,26.8254,25.3349,24.3177,22.0517,20.9622,16.9269,13.9454,13.1873,12.5906,12.3399,11.855,11.4194,11.0222,10.6572,10.3193,10.0044,9.71047,9.29442,9.04353,8.68504,8.46765,8.15549,7.86661,7.68985,7.43391,7.19515,6.89718,6.69223,6.49944,6.25671,6.08862,5.87581,5.67768,5.49283,5.31991,5.1577,4.96728,4.82604,4.65936,4.50401,4.35887,4.22294,4.07002,3.95154,3.81761,3.6926,3.55637,3.44787,3.32904,3.21823,3.11464,3.0176,2.91365,2.8167,2.72607,2.6307,2.54185,2.45886,2.38117,2.30033,2.22485,2.14728,2.07499,2.00745,1.94421,1.87431,1.8142,1.75325,1.69631,1.63896,1.58539,1.53174,1.48162,1.43165,1.38212,1.33593,1.29275,1.24765,1.20777,1.16634,1.12767,1.08974,1.05265,1.01802,0.984177,0.951187,0.919101,0.887958,0.85887,0.829605,0.802282,0.774939
0.025923,33.2362,32.2165,30.749,29.2461,27.8954,26.79,26.0143,25.6174,25.6156,25.8946,26.4075,27.0908,27.8916,28.744,29.5816,30.3221,30.5588,30.84,30.3074,29.3171,28.0974,26.9443,26.0566,25.5801,25.5482,26.2818,26.8209,27.2577,27.461,27.3076,25.8491,24.8749,22.8187,21.9584,20.3124,19.4012,13.4644,12.8239,13.5936,12.0541,11.6043,11.196,10.8221,10.4765,10.1549,9.85499,9.4312,9.17551,8.81072,8.58933,8.27183,7.97808,7.79818,7.53803,7.29539,6.99278,6.78455,6.58869,6.34224,6.17149,5.95546,5.75433,5.56671,5.39118,5.22656,5.03337,4.89003,4.72094,4.56335,4.41612,4.27825,4.12318,4.00301,3.86721,3.74046,3.60236,3.49235,3.3719,3.25958,3.15458,3.05622,2.95088,2.85263,2.76078,2.66415,2.57412,2.49004,2.41133,2.32943,2.25296,2.17439,2.10117,2.03275,1.96869,1.8979,1.83702,1.7753,1.71763,1.65955,1.6053,1.55098,1.50023,1.44964,1.39949,1.35272,1.30899,1.26334,1.22297,1.18102,1.14187,1.10347,1.06593,1.03087,0.996615,0.963221,0.930744,0.899221,0.869778,0.840157,0.812502,0.784827
0.031107,33.4839,32.4161,30.9199,29.4048,28.048,26.9457,26.1807,25.799,25.8142,26.1129,26.6438,27.3431,28.1565,29.0175,29.8589,30.598,30.8293,31.0959,30.5511,29.5538,28.3402,27.2056,26.3528,25.9269,25.9482,26.7477,27.295,27.7303,27.9269,27.768,26.3355,25.3975,23.5095,22.8072,21.8137,21.5926,20.7882,13.0828,14.0788,12.2668,11.7994,11.3783,10.9942,10.6401,10.3112,10.0048,9.57271,9.31197,8.94056,8.71501,8.39196,8.09316,7.91003,7.64553,7.3989,7.09151,6.8799,6.6809,6.43063,6.25716,6.03781,5.83361,5.64313,5.46494,5.29784,5.1018,4.95631,4.78473,4.62485,4.47548,4.3356,4.17832,4.05641,3.91869,3.79014,3.65011,3.53855,3.41642,3.30254,3.19609,3.09637,2.98959,2.89,2.7969,2.69896,2.60772,2.52251,2.44274,2.35975,2.28227,2.20266,2.12846,2.05915,1.99424,1.92253,1.86085,1.79832,1.7399,1.68107,1.62612,1.57109,1.5197,1.46845,1.41766,1.37029,1.32601,1.27977,1.23889,1.19641,1.15677,1.11788,1.07986,1.04437,1.00968,0.975862,0.942977,0.911059,0.881248,0.851257,0.823257,0.795237
0.037329,33.7343,32.617,31.0919,29.5641,28.2013,27.1022,26.3469,25.9807,26.0128,26.3305,26.8792,27.5937,28.4194,29.2886,30.1333,30.8706,31.0961,31.3482,30.7913,29.7869,28.5793,27.4632,26.6455,26.2692,26.3406,27.1993,27.7529,28.1853,28.3744,28.2091,26.798,25.8914,24.145,23.5637,22.9444,22.9473,22.762,21.4005,19.3042,13.7935,12.0102,11.5732,11.177,10.8132,10.4761,10.1626,9.7215,9.45534,9.07683,8.84687,8.51795,8.21383,8.02731,7.75826,7.50745,7.19507,6.97996,6.77767,6.52342,6.34712,6.12433,5.91693,5.72347,5.54251,5.37282,5.17381,5.02607,4.85192,4.68963,4.53802,4.39605,4.23646,4.11275,3.97301,3.84258,3.70053,3.58736,3.46347,3.34796,3.23998,3.13884,3.03055,2.92955,2.83514,2.73583,2.64332,2.55692,2.47604,2.39191,2.31335,2.23265,2.15743,2.08717,2.02138,1.94868,1.88617,1.8228,1.76358,1.70396,1.64827,1.5925,1.54042,1.48849,1.43702,1.38902,1.34415,1.2973,1.25587,1.21283,1.17266,1.13326,1.09475,1.05878,1.02364,0.989378,0.956063,0.923727,0.893527,0.863144,0.834779,0.806395
0.044794,33.9874,32.8194,31.2651,29.7239,28.3549,27.2585,26.513,26.1624,26.2111,26.5477,27.1136,27.8433,28.6804,29.5575,30.4048,31.1399,31.3594,31.5969,31.0282,30.0166,28.8149,27.7174,26.9346,26.6069,26.7254,27.6374,28.1956,28.6242,28.8051,28.6325,27.2393,26.3604,24.7379,24.2558,23.8951,24.0146,24.0501,23.2098,22.3076,14.5735,13.559,11.7871,11.3759,11.0004,10.6538,10.3321,9.88092,9.60879,9.2225,8.98777,8.65249,8.34266,8.15254,7.87862,7.62337,7.30567,7.08685,6.8811,6.62264,6.44335,6.21689,6.0061,5.8095,5.6256,5.45317,5.251,5.1009,4.924,4.75916,4.60518,4.46099,4.29895,4.1733,4.03142,3.899,3.7548,3.63989,3.51414,3.39689,3.28729,3.18463,3.07472,2.97223,2.87641,2.77564,2.68177,2.5941,2.51203,2.42666,2.34696,2.26509,2.18878,2.1175,2.05076,1.97702,1.9136,1.84932,1.78926,1.72879,1.6723,1.61574,1.56291,1.51025,1.45805,1.40937,1.36387,1.31635,1.27434,1.2307,1.18997,1.15002,1.11096,1.07449,1.03885,1.00412,0.970338,0.937552,0.906931,0.876127,0.847367,0.81859
0.053753,34.2433,33.0233,31.4388,29.8848,28.5089,27.4159,26.6797,26.3449,26.4096,26.7648,27.3474,28.0916,28.94,29.8243,30.6738,31.4066,31.6195,31.8422,31.2617,30.2431,29.0472,27.9682,27.2204,26.94,27.1028,28.0629,28.6243,29.0481,29.2201,29.0397,27.6616,26.8075,25.2967,24.8994,24.7344,24.9261,25.0733,24.4244,23.7578,21.3426,14.2543,13.5298,11.5985,11.2083,10.85,10.5187,10.0557,9.77676,9.38167,9.14165,8.79932,8.48318,8.28914,8.0099,7.74983,7.42636,7.20353,6.99405,6.73101,6.5485,6.31809,6.10365,5.90363,5.71657,5.54117,5.33559,5.18292,5.00305,4.83546,4.6789,4.53231,4.36759,4.23986,4.09565,3.96106,3.81452,3.69774,3.56995,3.4508,3.33944,3.23512,3.12346,3.01932,2.92198,2.81961,2.72424,2.63518,2.55182,2.46511,2.38415,2.30099,2.22349,2.15109,2.0833,2.00842,1.94402,1.87874,1.81775,1.75633,1.69898,1.64154,1.5879,1.53442,1.48142,1.432,1.38579,1.33755,1.2949,1.25059,1.20923,1.16867,1.12902,1.092,1.05582,1.02056,0.986263,0.952981,0.921896,0.890625,0.861431,0.832218
0.064504,34.502,33.2288,31.614,30.0462,28.6636,27.5733,26.8471,26.5273,26.608,26.981,27.5807,28.3383,29.198,30.089,30.9403,31.6699,31.8763,32.0844,31.4924,30.4665,29.2762,28.2158,27.5027,27.2685,27.4729,28.4763,29.0395,29.4578,29.6204,29.4315,28.0662,27.235,25.8267,25.5043,25.4956,25.7356,25.9476,25.3942,24.8269,23.0552,20.4299,14.3395,13.8048,13.457,11.0736,10.7302,10.2527,9.9657,9.56026,9.31417,8.96374,8.64044,8.44201,8.15679,7.89134,7.56143,7.33416,7.12054,6.85244,6.66639,6.43159,6.21309,6.00931,5.81874,5.64006,5.43069,5.27519,5.09202,4.92136,4.76194,4.61268,4.44499,4.31495,4.16814,4.03113,3.88198,3.76311,3.63304,3.51178,3.39844,3.29228,3.17864,3.07267,2.97361,2.86945,2.77241,2.68179,2.59697,2.50875,2.42638,2.34178,2.26294,2.18928,2.12032,2.04414,1.97862,1.91222,1.85018,1.78771,1.72936,1.67094,1.61638,1.56199,1.50808,1.45781,1.41082,1.36176,1.31837,1.2733,1.23125,1.19,1.14967,1.11202,1.07523,1.03936,1.00449,0.970643,0.939032,0.907232,0.877543,0.847837
0.077405,34.7631,33.4359,31.7903,30.2085,28.8189,27.7313,27.0145,26.7105,26.8069,27.1977,27.8132,28.5848,29.454,30.3517,31.2043,31.9303,32.13,32.3235,31.7202,30.6867,29.502,28.46,27.7815,27.5921,27.8355,28.8779,29.4417,29.8536,30.0063,29.8084,28.4541,27.644,26.3316,26.0767,26.1965,26.4708,26.7224,26.2237,25.7098,24.2141,22.5959,20.7535,15.2077,14.2168,13.732,13.2384,10.4827,10.1857,9.76739,9.51398,9.15384,8.82205,8.61852,8.32633,8.05465,7.71731,7.48498,7.26665,6.99275,6.80267,6.56288,6.33975,6.13167,5.9371,5.75469,5.54098,5.38224,5.1953,5.02113,4.85845,4.70613,4.53503,4.40233,4.25255,4.11276,3.9606,3.83933,3.70664,3.58294,3.46732,3.35903,3.24312,3.13503,3.03399,2.92775,2.82878,2.73636,2.64985,2.55987,2.47587,2.38959,2.30918,2.23407,2.16374,2.08606,2.01925,1.95154,1.88827,1.82457,1.76508,1.70551,1.64987,1.5944,1.53944,1.48818,1.44027,1.39024,1.34601,1.30006,1.25718,1.21512,1.174,1.13561,1.0981,1.06154,1.02598,0.991475,0.959246,0.926825,0.896557,0.866271
0.092886,35.027,33.645,31.9681,30.3719,28.9752,27.8901,27.1829,26.8939,27.0062,27.4148,28.0454,28.8306,29.7097,30.6127,31.4662,32.1885,32.3809,32.56,31.9448,30.9042,29.7248,28.7013,28.0572,27.9112,28.1912,29.2685,29.8318,30.2368,30.379,30.1718,28.8266,28.0362,26.8144,26.6212,26.8496,27.1485,27.4246,26.9593,26.4783,25.1442,23.9076,23.0296,22.3237,20.923,14.7862,14.0326,13.1836,10.4544,10.0189,9.7561,9.38353,9.04106,8.83126,8.53051,8.25126,7.90495,7.66656,7.44262,7.16181,6.96696,6.72121,6.49257,6.27939,6.08007,5.89322,5.67434,5.51177,5.32033,5.14198,4.97539,4.81943,4.64425,4.50839,4.35504,4.21193,4.05616,3.93201,3.79618,3.66955,3.55119,3.44034,3.32169,3.21104,3.10762,2.99887,2.89757,2.80297,2.71442,2.62232,2.53634,2.44803,2.36573,2.28885,2.21686,2.13735,2.06897,1.99966,1.93491,1.86971,1.80882,1.74785,1.6909,1.63413,1.57788,1.52542,1.47638,1.42518,1.3799,1.33287,1.28898,1.24594,1.20386,1.16457,1.12617,1.08875,1.05236,1.01705,0.98406,0.950878,0.9199,0.888903
0.11146,35.2933,33.8557,32.1472,30.5364,29.1321,28.0495,27.3518,27.0776,27.2056,27.6316,28.2774,29.0751,29.9635,30.872,31.7257,32.4439,32.6289,32.7933,32.167,31.1188,29.9446,28.9395,28.3295,28.2254,28.5396,29.648,30.2098,30.6072,30.7386,30.5217,29.1842,28.4124,27.2765,27.1402,27.4611,27.7777,28.0685,27.6239,27.165,25.9422,24.9297,24.4156,24.2075,23.7635,22.5107,18.8094,14.1821,13.84,13.4104,10.0687,9.67846,9.32131,9.10314,8.79096,8.50184,8.1439,7.8978,7.66678,7.37719,7.17636,6.9231,6.68754,6.46795,6.26266,6.07024,5.84484,5.67746,5.48035,5.29673,5.12524,4.96469,4.78435,4.6445,4.48664,4.33933,4.17898,4.05118,3.91136,3.78101,3.65918,3.54507,3.42293,3.30903,3.20257,3.09062,2.98633,2.88894,2.79778,2.70297,2.61446,2.52354,2.43881,2.35966,2.28555,2.20369,2.13328,2.06193,1.99525,1.92813,1.86543,1.80265,1.74402,1.68557,1.62764,1.57362,1.52313,1.47041,1.42379,1.37536,1.33017,1.28585,1.24251,1.20205,1.16252,1.12398,1.08651,1.05014,1.01617,0.982002,0.950101,0.91818
0.13376,35.5627,34.0689,32.3282,30.7021,29.2902,28.2099,27.5217,27.2631,27.4053,27.8486,28.509,29.3192,30.2161,31.1298,31.9835,32.6974,32.8747,33.0245,32.3869,31.3311,30.1618,29.1751,28.5988,28.5354,28.8814,30.0176,30.577,30.9662,31.0863,30.8594,29.5283,28.7739,27.7201,27.6365,28.0369,28.3662,28.6645,28.2323,27.7891,26.6514,25.7992,25.5003,25.4982,25.2795,24.5091,23.1626,18.7384,15.1074,14.4851,14.2136,13.6845,9.71875,9.48738,9.1575,8.85361,8.47863,8.22154,7.98052,7.67857,7.46949,7.20578,6.9606,6.73213,6.51861,6.31852,6.08409,5.9101,5.70516,5.51426,5.33599,5.1691,4.9816,4.83624,4.67214,4.51899,4.35226,4.21941,4.07403,3.9385,3.81182,3.69317,3.56616,3.44771,3.33699,3.22055,3.11207,3.01078,2.91596,2.81732,2.72524,2.63065,2.54249,2.46014,2.38303,2.29784,2.22458,2.15032,2.08093,2.01107,1.94582,1.88047,1.81944,1.7586,1.6983,1.64207,1.5895,1.53462,1.48608,1.43566,1.38861,1.34246,1.29734,1.25521,1.21404,1.17392,1.13489,1.09702,1.06164,1.02606,0.992836,0.959591
0.16051,35.8349,34.2841,32.5111,30.8692,29.4496,28.3717,27.6928,27.4496,27.607,28.066,28.7411,29.5629,30.4687,31.3863,32.2397,32.9486,33.118,33.2535,32.6047,31.5412,30.3769,29.4082,28.8654,28.8411,29.2169,30.3775,30.9338,31.3141,31.4227,31.1855,29.8597,29.1217,28.1464,28.1115,28.5802,28.9182,29.2186,28.793,28.3611,27.293,26.5688,26.4228,26.5379,26.4171,25.8074,24.8318,23.1755,22.0733,17.8213,15.6133,14.91,14.4318,14.2598,13.9497,9.45928,9.05047,8.77277,8.51363,8.18969,7.96644,7.68469,7.42311,7.17962,6.95225,6.73931,6.48967,6.30473,6.08667,5.88362,5.69406,5.51663,5.31715,5.16266,4.9881,4.82521,4.64778,4.50649,4.35179,4.20756,4.07275,3.94648,3.81124,3.68511,3.56721,3.44317,3.32761,3.21969,3.11866,3.01354,2.91538,2.81452,2.72052,2.63271,2.55047,2.45959,2.38143,2.3022,2.22816,2.15359,2.08394,2.01419,1.94903,1.88406,1.81967,1.75961,1.70346,1.64483,1.59299,1.53911,1.48884,1.43952,1.3913,1.34627,1.30227,1.25937,1.21766,1.17716,1.13934,1.10129,1.06576,1.03021
0.19261,36.1101,34.5015,32.6958,31.0379,29.6097,28.5344,27.8651,27.6368,27.8093,28.2842,28.9732,29.8062,30.72,31.6415,32.4941,33.198,33.3595,33.4806,32.8205,31.7489,30.5895,29.639,29.1291,29.1422,29.5457,30.7281,31.2805,31.6516,31.7483,31.5008,30.1789,29.4563,28.5562,28.5661,29.0933,29.4368,29.7351,29.3118,28.8883,27.8789,27.2634,27.2366,27.4281,27.3597,26.8286,26.0108,24.8957,24.4816,23.718,22.6958,16.7384,15.9116,15.6832,15.341,15.0054,14.5388,14.2671,9.96885,9.58618,9.32614,8.99662,8.69189,8.40929,8.14583,7.89955,7.60976,7.39639,7.14377,6.90874,6.68943,6.48415,6.25269,6.07414,5.87165,5.68272,5.47637,5.3125,5.13256,4.96479,4.80793,4.66099,4.50325,4.35611,4.21846,4.07345,3.93832,3.81209,3.69389,3.57069,3.45564,3.33726,3.22691,3.12379,3.02719,2.92023,2.8283,2.735,2.6478,2.55991,2.47778,2.39547,2.31857,2.24183,2.16573,2.09473,2.02835,1.95896,1.89762,1.83382,1.77427,1.71583,1.65866,1.60528,1.55308,1.50218,1.45266,1.40457,1.35965,1.31444,1.27222,1.22995
0.20162,36.1794,34.5564,32.7425,31.0802,29.6503,28.5757,27.9088,27.6841,27.8601,28.3398,29.0312,29.8671,30.7831,31.7055,32.5578,33.2604,33.4198,33.5372,32.8743,31.8008,30.6424,29.6965,29.1943,29.2173,29.6275,30.8147,31.3659,31.7346,31.8283,31.5781,30.2573,29.5385,28.6567,28.6775,29.2179,29.5622,29.8593,29.4359,29.0141,28.0183,27.4281,27.4272,27.6338,27.5743,27.0572,26.2666,25.2332,24.8945,24.2886,23.4871,20.5783,16.329,16.0619,15.6906,15.3401,14.8798,14.6462,14.417,10.0154,9.7474,9.40734,9.09227,8.79966,8.52668,8.27119,7.97004,7.7485,7.48561,7.2409,7.01244,6.79859,6.55707,6.37083,6.15941,5.96208,5.74639,5.57515,5.38698,5.2115,5.04739,4.89364,4.72851,4.57444,4.43037,4.27844,4.13684,4.00456,3.88069,3.75154,3.63092,3.50677,3.39103,3.28286,3.18153,3.0693,2.97283,2.87492,2.7834,2.69114,2.60493,2.5185,2.43776,2.35718,2.27724,2.20268,2.13295,2.06006,1.99562,1.92859,1.86603,1.80462,1.74454,1.68844,1.63359,1.58009,1.52803,1.47749,1.43027,1.38274,1.33835,1.29391
0.21995,36.3122,34.6615,32.8318,31.1614,29.7276,28.6541,27.9921,27.7736,27.9569,28.4444,29.142,29.9836,30.9027,31.827,32.6787,33.3788,33.5342,33.6448,32.9765,31.8991,30.7429,29.8057,29.3192,29.3594,29.7818,30.9781,31.5271,31.8911,31.979,31.7238,30.4045,29.6928,28.8452,28.886,29.4502,29.7958,30.0902,29.6661,29.2471,28.2757,27.7313,27.7767,28.0085,27.9633,27.4683,26.7219,25.8167,25.5862,25.1747,24.5961,22.9353,19.147,16.8362,16.3562,15.9576,15.4796,15.2541,15.0528,14.7144,14.491,10.0109,9.67859,9.3696,9.08113,8.81077,8.49173,8.25688,7.97797,7.71817,7.4755,7.24826,6.99147,6.79341,6.56846,6.35845,6.12882,5.9465,5.74609,5.55916,5.38433,5.2205,5.04452,4.88032,4.72675,4.56479,4.41385,4.27282,4.14074,4.00303,3.87441,3.74201,3.61858,3.50322,3.39516,3.27545,3.17256,3.06813,2.97051,2.87209,2.78013,2.68794,2.60181,2.51585,2.43058,2.35104,2.27666,2.19889,2.13015,2.05864,1.99189,1.92637,1.86228,1.80242,1.7439,1.68682,1.63128,1.57736,1.52698,1.47627,1.42891,1.3815
0.24376,36.4699,34.7862,32.9378,31.2579,29.8196,28.7468,28.0897,27.881,28.0721,28.5679,29.2732,30.1209,31.0442,31.9703,32.8211,33.5181,33.6689,33.7714,33.0967,32.0147,30.861,29.9341,29.4661,29.5259,29.9624,31.1685,31.7148,32.0732,32.1543,31.893,30.5752,29.8716,29.0638,29.1271,29.7171,30.0635,30.3538,29.928,29.5118,28.5673,28.0738,28.1688,28.4253,28.3926,27.9183,27.2147,26.4309,26.293,26.0221,25.5712,24.398,22.9687,21.7731,17.2544,16.6906,16.1485,15.9071,15.6963,15.366,15.1896,14.9456,10.2025,9.87714,9.57322,9.28827,8.95207,8.70435,8.41025,8.13626,7.88025,7.64048,7.36962,7.16058,6.92325,6.70166,6.45944,6.26704,6.05562,5.85841,5.67397,5.50113,5.31552,5.14233,4.98036,4.80957,4.6504,4.50169,4.36242,4.21723,4.08163,3.94207,3.81197,3.69038,3.57647,3.45033,3.3419,3.23185,3.12899,3.0253,2.92841,2.8313,2.74056,2.65001,2.5602,2.47642,2.39808,2.31619,2.24379,2.16848,2.09819,2.02921,1.96173,1.89871,1.83709,1.777,1.71854,1.66177,1.60874,1.55536,1.50551,1.45561
0.27553,36.6595,34.9364,33.0653,31.3737,29.9299,28.8587,28.2078,28.0086,28.2102,28.7158,29.43,30.2844,31.2127,32.1408,32.9904,33.6837,33.8289,33.9218,33.2395,32.1521,31.0014,30.0863,29.6398,29.7228,30.1754,31.3925,31.9352,32.2868,32.3597,32.0913,30.7749,30.0806,29.3195,29.4076,30.0255,30.372,30.6563,30.2273,29.8137,28.8988,28.4621,28.6098,28.8897,28.8672,28.4119,27.7506,27.0851,27.0297,26.8668,26.498,25.5782,24.7389,24.3034,23.2565,20.3699,16.9862,16.6841,16.4366,16.0774,15.897,15.6574,10.7154,10.373,10.053,9.75312,9.3995,9.13868,8.82929,8.54098,8.27164,8.01936,7.73457,7.51462,7.26506,7.03205,6.77747,6.57516,6.35296,6.14571,5.95188,5.77025,5.57527,5.39335,5.22322,5.04389,4.87676,4.72062,4.57441,4.42202,4.27969,4.13325,3.99674,3.86916,3.74965,3.61734,3.50361,3.3882,3.28032,3.17159,3.07001,2.96819,2.87307,2.77815,2.68402,2.59621,2.51411,2.42829,2.35242,2.27352,2.19988,2.12761,2.05692,1.9909,1.92635,1.86342,1.80218,1.74273,1.68719,1.6313,1.5791,1.52684
0.29384,36.7596,35.0157,33.1328,31.4349,29.988,28.9171,28.2711,28.0771,28.2826,28.7933,29.5123,30.3705,31.3013,32.2302,33.0792,33.7705,33.9127,34.0005,33.3143,32.2236,31.0749,30.1659,29.731,29.8254,30.2862,31.5088,32.0495,32.3975,32.466,32.1938,30.878,30.1886,29.4513,29.5522,30.1832,30.5295,30.8103,30.3797,29.9667,29.0663,28.6576,28.8307,29.1208,29.1018,28.6544,28.0124,27.4013,27.3814,27.2602,26.92,26.082,25.3925,25.0962,24.4048,23.0239,17.5482,17.1393,16.8487,16.4576,16.2669,16.0192,10.959,10.6083,10.2806,9.97347,9.61146,9.34432,9.02759,8.73243,8.45674,8.19848,7.90699,7.68184,7.42647,7.18804,6.92759,6.72058,6.49329,6.28128,6.083,5.89721,5.69781,5.51176,5.33778,5.15441,4.98353,4.82389,4.6744,4.51862,4.37312,4.22344,4.08391,3.95351,3.83137,3.69617,3.57994,3.462,3.35177,3.24068,3.13689,3.03286,2.93568,2.83872,2.74256,2.65286,2.56899,2.48134,2.40384,2.32325,2.24804,2.17423,2.10203,2.03461,1.9687,1.90442,1.84189,1.78119,1.72448,1.6674,1.6141,1.56075
0.3126,36.8563,35.0923,33.1979,31.494,30.0441,28.9744,28.3302,28.1413,28.3523,28.8685,29.592,30.4536,31.3863,32.3163,33.1645,33.8538,33.9931,34.0763,33.3861,32.2927,31.145,30.2425,29.8183,29.9247,30.3924,31.6197,32.1585,32.5029,32.5672,32.2914,30.9761,30.2913,29.5767,29.6896,30.3325,30.6784,30.9554,30.522,30.1104,29.2234,28.8412,29.0368,29.3352,29.3187,28.8778,28.2528,27.6902,27.7006,27.6128,27.2951,26.5188,25.9337,25.7211,25.2111,24.247,21.898,17.6884,17.2924,16.8462,16.638,16.3764,11.1843,10.8258,10.4909,10.177,9.80721,9.53421,9.21068,8.90923,8.62758,8.36379,8.06618,7.83622,7.57547,7.33204,7.06618,6.85482,6.62279,6.40639,6.20402,6.0144,5.81091,5.62107,5.44353,5.25645,5.08212,4.91925,4.76674,4.60784,4.45943,4.30677,4.16445,4.03146,3.9069,3.76903,3.6505,3.53025,3.41785,3.30458,3.19875,3.0927,2.99362,2.89478,2.79675,2.70532,2.61982,2.53048,2.45149,2.36935,2.29269,2.21746,2.14388,2.07517,2.00799,1.94249,1.87877,1.81691,1.75912,1.70096,1.64665,1.59228
0.3412,36.9939,35.2013,33.2906,31.5779,30.124,29.0552,28.4155,28.2344,28.4514,28.9755,29.7043,30.5706,31.5066,32.4377,33.2851,33.9715,34.1067,34.1831,33.4875,32.39,31.2442,30.3504,29.9414,30.0635,30.5412,31.7753,32.3112,32.6507,32.7089,32.4278,31.1132,30.4347,29.7517,29.8807,30.5394,30.8843,31.1558,30.7194,30.3082,29.4392,29.0927,29.3177,29.6263,29.612,29.1786,28.5754,28.0757,28.1239,28.0749,27.7805,27.0741,26.6014,26.4689,26.1044,25.409,24.1755,23.0754,20.5121,17.4849,17.221,16.9206,16.6523,11.1266,10.7817,10.4584,10.0778,9.79669,9.46375,9.15354,8.86373,8.59232,8.28621,8.04962,7.78146,7.53112,7.2578,7.04047,6.80196,6.57951,6.3715,6.17659,5.96748,5.7724,5.58997,5.39777,5.21868,5.05136,4.89469,4.73148,4.57906,4.42229,4.27614,4.13958,4.01167,3.87012,3.74843,3.62497,3.50959,3.39332,3.28469,3.17584,3.07415,2.9727,2.8721,2.77827,2.69054,2.59886,2.5178,2.43353,2.35487,2.27769,2.2022,2.1317,2.06279,1.9956,1.93023,1.86677,1.80749,1.74783,1.69213,1.63637
0.36015,37.0793,35.2691,33.3483,31.6301,30.1736,29.1055,28.4685,28.292,28.5138,29.0409,29.7747,30.6436,31.5812,32.513,33.3595,34.0443,34.1769,34.2491,33.5501,32.4499,31.3054,30.417,30.0173,30.149,30.6335,31.8708,32.4049,32.7411,32.7957,32.5114,31.1971,30.5224,29.8587,29.9972,30.6656,31.0093,31.2771,30.8378,30.4275,29.5694,29.2439,29.4864,29.7997,29.786,29.3564,28.7654,28.3018,28.3708,28.3417,28.0593,27.3886,26.9719,26.876,26.5709,25.9658,25.0038,24.313,23.2581,18.0242,17.6509,17.2993,17.0034,16.7648,10.9616,10.6325,10.2452,9.95911,9.62037,9.30476,9.00991,8.7338,8.42246,8.18179,7.90906,7.65447,7.37654,7.15553,6.91301,6.68683,6.47534,6.27718,6.0646,5.86629,5.68085,5.48549,5.30345,5.1334,4.97417,4.8083,4.6534,4.49408,4.34557,4.2068,4.07683,3.93301,3.80936,3.68393,3.5667,3.44857,3.33821,3.22763,3.12432,3.02126,2.91907,2.82376,2.73464,2.64151,2.55918,2.47358,2.39369,2.31529,2.23862,2.16702,2.09703,2.02879,1.96241,1.89796,1.83776,1.77717,1.7206,1.66397
0.38201,37.1727,35.3432,33.4114,31.6871,30.2277,29.1605,28.5266,28.3544,28.5811,29.1137,29.8499,30.7222,31.6622,32.5947,33.4405,34.1233,34.2531,34.3208,33.6181,32.5151,31.372,30.4894,30.0998,30.2418,30.7329,31.974,32.5061,32.8389,32.8894,32.6016,31.2875,30.617,29.974,30.1231,30.8006,31.1432,31.4069,30.9647,30.5548,29.708,29.4049,29.6649,29.983,29.9692,29.543,28.9644,28.5379,28.6275,28.617,28.3458,27.7093,27.3455,27.2825,27.0272,26.4908,25.7094,25.2405,24.5855,22.9483,20.3729,17.7808,17.4287,17.1632,16.962,10.8255,10.4308,10.1392,9.79402,9.47244,9.17205,8.89074,8.57362,8.32845,8.05068,7.79139,7.50838,7.28331,7.03637,6.80608,6.59074,6.38898,6.17258,5.97069,5.78192,5.58307,5.39778,5.2247,5.06263,4.89382,4.73617,4.57404,4.42292,4.2817,4.14943,4.0031,3.87728,3.74965,3.63038,3.51019,3.39791,3.28541,3.1803,3.07546,2.97151,2.87454,2.78388,2.68916,2.60541,2.51833,2.43707,2.35733,2.27934,2.20652,2.13533,2.06592,1.9984,1.93285,1.87163,1.81001,1.75247,1.69489
0.40573,37.2688,35.4195,33.4763,31.7458,30.2835,29.2165,28.5861,28.4185,28.6494,29.1875,29.9282,30.8032,31.7452,32.6784,33.5235,34.2042,34.3312,34.3943,33.6877,32.5818,31.4402,30.5634,30.184,30.3365,30.8337,32.0791,32.6091,32.9382,32.9846,32.6932,31.3793,30.713,30.091,30.2503,30.9364,31.2785,31.5375,31.0923,30.6827,29.8471,29.5663,29.8428,30.1653,30.1508,29.7274,29.1606,28.7696,28.8784,28.8843,28.6225,28.0172,27.7012,27.6664,27.451,26.9678,26.3102,25.971,25.5075,24.4802,23.5216,20.9107,17.9477,17.6251,17.3962,17.1968,10.6284,10.331,9.97901,9.65112,9.34484,9.05804,8.7348,8.48487,8.20176,7.9375,7.6491,7.41973,7.16811,6.93345,6.71404,6.50847,6.288,6.08233,5.89002,5.68747,5.49872,5.32241,5.15733,4.98539,4.82482,4.6597,4.50579,4.36197,4.22727,4.07824,3.95012,3.82016,3.6987,3.57631,3.46198,3.34743,3.24041,3.13367,3.02782,2.9291,2.83679,2.74035,2.65508,2.56644,2.4837,2.40252,2.32313,2.24899,2.17652,2.10587,2.03713,1.97041,1.90808,1.84536,1.78679,1.72817
0.42798,37.3543,35.4874,33.5342,31.7979,30.3327,29.2668,28.6408,28.4771,28.7118,29.2539,29.9976,30.8753,31.819,32.7528,33.5969,34.2759,34.4002,34.4593,33.7495,32.6408,31.5004,30.6287,30.2585,30.4202,30.9231,32.1716,32.6997,33.0257,33.0683,32.7737,31.46,30.7974,30.1937,30.3619,31.056,31.3964,31.6513,31.2034,30.7939,29.9679,29.7062,29.9971,30.3223,30.3069,29.8859,29.3279,28.967,29.0913,29.1094,28.8547,28.2742,27.9962,27.9829,27.7967,27.3506,26.776,26.5131,26.1455,25.363,24.7532,23.684,21.212,18.1182,17.8361,17.6077,17.3443,10.5112,10.1529,9.81907,9.50731,9.21539,8.88643,8.63206,8.34398,8.07507,7.78164,7.54825,7.29226,7.05352,6.83031,6.62118,6.3969,6.18769,5.99207,5.78603,5.59405,5.41472,5.24681,5.07193,4.90862,4.74069,4.58416,4.43789,4.3009,4.14935,4.01906,3.88689,3.76338,3.63893,3.52266,3.40618,3.29735,3.18881,3.08118,2.9808,2.88694,2.78888,2.70218,2.61204,2.52792,2.44539,2.36466,2.28928,2.2156,2.14376,2.07388,2.00604,1.94267,1.8789,1.81936,1.75976
0.44742,37.4256,35.5441,33.5824,31.8414,30.3725,29.3085,28.685,28.5248,28.7626,29.3079,30.0543,30.935,31.8802,32.8142,33.6579,34.3354,34.4576,34.5133,33.8005,32.6897,31.5504,30.6831,30.3205,30.4895,30.9976,32.2477,32.7746,33.0979,33.1375,32.8402,31.5265,30.8669,30.2778,30.4538,31.1538,31.4932,31.7446,31.2942,30.8849,30.0666,29.8205,30.1226,30.4497,30.4332,30.013,29.463,29.1257,29.2618,29.2887,29.0389,28.4771,28.2286,28.2311,28.0653,27.6448,27.1273,26.9124,26.6001,25.9405,25.4805,24.7538,23.6111,21.26,18.2749,17.997,17.7038,17.5542,10.3081,9.9691,9.65247,9.35602,9.02197,8.76368,8.47118,8.19816,7.90026,7.66331,7.40343,7.16107,6.93448,6.72218,6.49452,6.28215,6.08359,5.87445,5.67959,5.49757,5.32714,5.14964,4.98389,4.81344,4.65457,4.50612,4.36708,4.21327,4.08102,3.94688,3.82153,3.69523,3.57723,3.45901,3.34857,3.23842,3.12919,3.02731,2.93207,2.83255,2.74456,2.65309,2.56772,2.48396,2.40204,2.32555,2.25077,2.17787,2.10696,2.03811,1.97381,1.9091,1.84867,1.78819
0.46763,37.4968,35.6006,33.6306,31.885,30.4157,29.3507,28.7291,28.5725,28.8136,29.3623,30.1123,30.9939,31.9411,32.8758,33.7187,34.3946,34.5147,34.567,33.8514,32.7386,31.6001,30.7367,30.382,30.5585,31.071,32.3239,32.8489,33.1694,33.206,32.906,31.5924,30.9357,30.3624,30.5447,31.2503,31.5882,31.8364,31.3835,30.9742,30.1635,29.9326,30.2453,30.5741,30.5562,30.137,29.594,29.2792,29.4263,29.4607,29.2152,28.6709,28.4493,28.4659,28.3181,27.9196,27.4512,27.2757,27.0038,26.4296,26.0647,25.5248,24.7353,23.674,21.7144,18.4651,18.1111,17.9388,17.7135,10.1324,9.81051,9.50916,9.16962,8.9071,8.60982,8.33235,8.02961,7.78882,7.52473,7.27846,7.04821,6.83249,6.60116,6.38538,6.18361,5.97112,5.77313,5.58818,5.41501,5.23466,5.06625,4.89308,4.73166,4.58082,4.43956,4.28328,4.14892,4.01264,3.88527,3.75694,3.63706,3.51695,3.40474,3.29281,3.18184,3.07833,2.98156,2.88045,2.79105,2.69811,2.61138,2.52627,2.44304,2.36532,2.28935,2.21528,2.14323,2.07328,2.00794,1.94219,1.8808,1.81935
0.49149,37.5775,35.6647,33.6853,31.9341,30.4621,29.398,28.7778,28.6259,28.8712,29.4234,30.1766,31.0612,32.0101,32.9446,33.7872,34.4614,34.5791,34.6276,33.9088,32.7935,31.6562,30.7978,30.4514,30.6359,31.1537,32.4089,32.9322,33.2497,33.2828,32.9798,31.6661,31.013,30.4559,30.6462,31.3579,31.6948,31.9387,31.4828,31.0736,30.2712,30.0569,30.381,30.7113,30.6917,30.2732,29.7377,29.4472,29.6056,29.6473,29.4057,28.8794,28.6859,28.7169,28.5864,28.2098,27.7899,27.6515,27.416,26.9125,26.6189,26.2085,25.6227,24.9339,24.1366,22.8571,18.6772,18.4469,18.1819,17.9767,10.0129,9.70535,9.35883,9.09095,8.7876,8.50449,8.1956,7.94994,7.6805,7.42926,7.19435,6.97428,6.73829,6.51814,6.31231,6.09553,5.89354,5.70485,5.5282,5.34421,5.17239,4.99571,4.83103,4.67714,4.53302,4.37358,4.23649,4.09745,3.9675,3.83657,3.71425,3.5917,3.47721,3.36301,3.24978,3.14417,3.04542,2.94226,2.85104,2.75621,2.66771,2.58087,2.49594,2.41663,2.33911,2.26353,2.19001,2.11863,2.05196,1.98486,1.92222,1.85951
0.50931,37.6354,35.7107,33.7243,31.9692,30.4944,29.432,28.8148,28.6646,28.9124,29.4678,30.223,31.1101,32.0593,32.9947,33.8362,34.5092,34.6253,34.6709,33.9498,32.8328,31.6963,30.8412,30.501,30.6914,31.2124,32.4696,32.9915,33.3068,33.3374,33.0323,31.7186,31.0676,30.523,30.7184,31.4341,31.7701,32.011,31.5531,31.1437,30.3472,30.1448,30.4765,30.8077,30.7866,30.3685,29.838,29.5642,29.7302,29.7763,29.537,29.0225,28.848,28.8881,28.7686,28.4058,28.0167,27.9014,27.6875,27.2242,26.9691,26.6221,26.1285,25.5809,24.9976,24.2157,22.512,18.904,18.5736,18.3381,18.1482,9.86936,9.51703,9.24473,8.93635,8.64857,8.33457,8.08488,7.81101,7.55564,7.31689,7.09321,6.85334,6.62957,6.42036,6.20001,5.99471,5.80292,5.62335,5.43632,5.26167,5.08206,4.91464,4.75821,4.61169,4.44959,4.31023,4.16887,4.03675,3.90364,3.77927,3.65467,3.53826,3.42215,3.30702,3.19963,3.09923,2.99432,2.90157,2.80514,2.71514,2.62684,2.54048,2.45983,2.381,2.30414,2.22937,2.15678,2.08898,2.02074,1.95703,1.89326
0.53213,37.7068,35.7676,33.773,32.0129,30.5371,29.4737,28.8573,28.713,28.9648,29.523,30.2801,31.169,32.12,33.0556,33.8965,34.568,34.6818,34.7243,34.0003,32.8811,31.7455,30.8953,30.5615,30.7594,31.2846,32.544,33.0642,33.3768,33.4044,33.0966,31.7829,31.135,30.6049,30.8066,31.5272,31.8618,32.099,31.6385,31.229,30.4397,30.2514,30.5922,30.9242,30.9013,30.4833,29.9587,29.7047,29.8794,29.93,29.6932,29.1921,29.0394,29.0899,28.9821,28.6346,28.2804,28.1901,27.9987,27.5769,27.3605,27.0729,26.6572,26.2268,25.7942,25.245,24.377,23.4929,21.6262,18.8594,18.6263,18.4421,9.75619,9.47727,9.16135,8.86657,8.54491,8.28921,8.0087,7.74715,7.50263,7.27356,7.02786,6.79868,6.58439,6.35867,6.14834,5.95188,5.76793,5.57631,5.39738,5.21335,5.04181,4.88152,4.73139,4.56527,4.42245,4.27758,4.14218,4.00574,3.87827,3.75055,3.63123,3.5122,3.39417,3.28408,3.18115,3.07359,2.9785,2.87963,2.78735,2.69681,2.60825,2.52555,2.44471,2.36589,2.28921,2.21477,2.14523,2.07525,2.0099,1.9445
0.55296,37.7698,35.8176,33.8157,32.0514,30.5735,29.5106,28.8962,28.7549,29.0089,29.5705,30.3306,31.2211,32.1734,33.109,33.9495,34.6196,34.7313,34.7711,34.0447,32.9233,31.7883,30.942,30.6152,30.819,31.348,32.6092,33.1278,33.438,33.4629,33.1528,31.839,31.1937,30.6761,30.8835,31.6081,31.9416,32.1754,31.7127,31.3031,30.5198,30.3438,30.6924,31.0247,31,30.5821,30.0625,29.8251,30.0067,30.0609,29.8258,29.3356,29.2008,29.2595,29.1607,28.8251,28.4988,28.428,28.2535,27.8632,27.6752,27.4291,27.0628,26.7016,26.3592,25.9253,25.2827,24.7444,23.7718,22.1832,19.1264,18.8973,18.6576,9.75515,9.43027,9.12721,8.79644,8.53366,8.2453,7.97646,7.72514,7.48972,7.23713,7.00153,6.78126,6.54916,6.33291,6.1309,5.94176,5.7447,5.56067,5.37137,5.19491,5.03002,4.87558,4.70464,4.5577,4.40861,4.26927,4.12884,3.99765,3.86618,3.74335,3.62081,3.49929,3.38593,3.27995,3.16919,3.07126,2.96944,2.87439,2.78113,2.68991,2.60473,2.52145,2.44024,2.36124,2.28455,2.2129,2.14079,2.07346,2.00605
0.57276,37.8275,35.8636,33.8549,32.0866,30.6073,29.5448,28.9322,28.7937,29.0511,29.6143,30.3762,31.2694,32.2219,33.1586,33.9979,34.6668,34.7767,34.8139,34.0853,32.9625,31.8283,30.9847,30.6641,30.8734,31.4059,32.6682,33.1858,33.4938,33.5162,33.204,31.8901,31.2469,30.741,30.9535,31.6818,32.0142,32.2449,31.7798,31.3702,30.5922,30.4274,30.7828,31.1154,31.0889,30.6709,30.1555,29.933,30.1207,30.1775,29.9435,29.4627,29.3433,29.4088,29.3171,28.9913,28.6887,28.634,28.4732,28.1082,27.943,27.729,27.3988,27.0849,26.8003,26.4418,25.9255,25.5195,24.8675,24.0624,22.7071,19.3951,19.0981,18.9336,9.79796,9.48372,9.14065,8.86837,8.56943,8.29078,8.03032,7.78636,7.52449,7.28023,7.05187,6.81115,6.58687,6.37736,6.18119,5.97672,5.78577,5.58929,5.40613,5.23496,5.07464,4.89711,4.74451,4.58965,4.4449,4.299,4.16268,4.02604,3.89837,3.77099,3.64464,3.52678,3.41657,3.30138,3.19954,3.09361,2.99474,2.89771,2.80279,2.71415,2.62748,2.54296,2.46073,2.38088,2.3063,2.23121,2.1611,2.09091
0.59143,37.8803,35.9056,33.8912,32.1188,30.638,29.5757,28.9667,28.8277,29.0886,29.6554,30.4187,31.3125,32.2667,33.2033,34.0421,34.7099,34.8183,34.853,34.1223,32.9975,31.8642,31.0239,30.7082,30.9232,31.458,32.7224,33.2385,33.5445,33.5646,33.2505,31.9365,31.2953,30.8,31.017,31.7482,32.0795,32.3075,31.8405,31.4307,30.6578,30.5029,30.8643,31.1968,31.1687,30.7505,30.2388,30.0295,30.2226,30.2811,30.048,29.5752,29.4691,29.5402,29.4542,29.1364,28.8538,28.8125,28.6627,28.3185,28.1719,27.9833,27.6809,27.4023,27.1575,26.848,26.4186,26.0895,25.5725,25.0137,24.327,23.2719,19.5796,19.3712,19.1449,9.92381,9.56637,9.28295,8.97146,8.68112,8.40967,8.15541,7.88227,7.62748,7.38924,7.13798,6.90382,6.68507,6.48022,6.2666,6.06708,5.86168,5.67019,5.49124,5.32359,5.13783,4.97818,4.81611,4.66463,4.51187,4.36914,4.22604,4.09233,3.95888,3.82649,3.70298,3.58748,3.46672,3.35996,3.2489,3.14522,3.04345,2.94389,2.8509,2.75997,2.67128,2.58498,2.50118,2.42289,2.34407,2.27047,2.19677
0.61186,37.9365,35.9504,33.9291,32.1531,30.6705,29.608,29.0004,28.8671,29.1281,29.6969,30.464,31.3589,32.3141,33.2504,34.089,34.7556,34.8626,34.8945,34.1615,33.035,31.9025,31.066,30.7553,30.9755,31.5141,32.7793,33.2942,33.5981,33.6158,33.2997,31.9854,31.347,30.8623,31.0841,31.8183,32.1486,32.3736,31.9044,31.4943,30.7267,30.5822,30.9497,31.2822,31.2521,30.8337,30.326,30.1302,30.3285,30.3887,30.1562,29.6913,29.5987,29.6753,29.5945,29.2844,29.0216,28.9931,28.8539,28.5297,28.4009,28.2362,27.9595,27.7129,27.5023,27.2318,26.8701,26.6042,26.1822,25.7477,25.2715,24.7079,23.8273,22.7634,19.6444,19.4233,9.98255,9.68824,9.3645,9.06263,8.78035,8.51588,8.23161,7.96637,7.71832,7.45656,7.21261,6.98467,6.77119,6.54848,6.34045,6.12623,5.9265,5.73982,5.56492,5.37105,5.20445,5.03528,4.87715,4.71766,4.56863,4.41919,4.27954,4.14015,4.00185,3.87282,3.75216,3.62597,3.51443,3.39836,3.29001,3.18364,3.07957,2.98236,2.8873,2.79458,2.70435,2.61672,2.53486,2.45243,2.37545,2.29837
0.63099,37.9875,35.991,33.9636,32.1838,30.6978,29.6375,29.0315,28.9004,29.1655,29.7365,30.5041,31.4009,32.3563,33.2934,34.1313,34.7969,34.902,34.9319,34.197,33.069,31.9371,31.1035,30.7986,31.023,31.5641,32.8309,33.3443,33.6463,33.6619,33.3439,32.0297,31.3931,30.9183,31.1443,31.8813,32.2104,32.4328,31.9614,31.5516,30.7885,30.6532,31.0259,31.3583,31.3265,30.9077,30.4034,30.2195,30.4224,30.4838,30.2517,29.7935,29.7123,29.7935,29.7168,29.4129,29.1666,29.1488,29.0178,28.7102,28.5961,28.4507,28.1944,27.9731,27.7887,27.5464,27.2307,27.0072,26.653,26.2944,25.9093,25.4973,24.9188,24.3599,23.2664,19.9249,10.2919,9.989,9.65569,9.34484,9.05421,8.78181,8.48896,8.2157,7.96013,7.69038,7.43898,7.20407,6.98405,6.75449,6.54005,6.31921,6.11331,5.92085,5.74053,5.54064,5.36886,5.19443,5.03137,4.8669,4.71322,4.55911,4.4151,4.27134,4.1287,3.99563,3.87118,3.74104,3.62599,3.50627,3.39451,3.28479,3.17744,3.07717,2.97912,2.88347,2.7904,2.7,2.61555,2.53052,2.45112,2.3716
0.64558,38.0257,36.0214,33.9895,32.2074,30.7222,29.661,29.0562,28.9258,29.1917,29.7648,30.5338,31.4317,32.3889,33.3255,34.1631,34.8278,34.9317,34.96,34.2235,33.0942,31.9629,31.1316,30.8304,31.0584,31.6018,32.8693,33.382,33.6824,33.6963,33.3769,32.0627,31.4275,30.9602,31.1892,31.9282,32.2566,32.4768,32.0042,31.5939,30.8344,30.7059,31.0826,31.4147,31.3816,30.9625,30.4607,30.2856,30.4915,30.5536,30.3217,29.8684,29.7955,29.8797,29.8058,29.5061,29.2714,29.2609,29.1356,28.8393,28.7354,28.6032,28.3606,28.1565,27.9896,27.7655,27.4784,27.2791,26.9642,26.6534,26.3179,25.9658,25.5011,25.0882,24.484,23.5075,10.498,10.1892,9.84929,9.53231,9.23585,8.95805,8.65938,8.38068,8.12002,7.8449,7.58848,7.34887,7.12445,6.8903,6.67157,6.44632,6.23629,6.03997,5.85605,5.65214,5.47692,5.299,5.13267,4.96491,4.80815,4.65094,4.50405,4.35741,4.21191,4.07617,3.94923,3.81647,3.69912,3.577,3.463,3.35108,3.24158,3.1393,3.03928,2.94172,2.84678,2.75458,2.66844,2.5817,2.50071,2.4196
0.66464,38.0743,36.06,34.0225,32.237,30.7476,29.6872,29.0859,28.9575,29.227,29.8017,30.5725,31.472,32.4293,33.3658,34.2032,34.8669,34.9694,34.9954,34.2571,33.1262,31.9955,31.1669,30.8705,31.1032,31.649,32.9178,33.4293,33.7278,33.7397,33.4184,32.1041,31.4709,31.0129,31.2456,31.9872,32.3145,32.5321,32.0575,31.6471,30.8919,30.772,31.1534,31.4854,31.4504,31.0309,30.5321,30.3678,30.5774,30.6404,30.4086,29.961,29.8981,29.9861,29.9151,29.6203,29.3995,29.3974,29.2784,28.9954,28.9036,28.7865,28.5599,28.3755,28.2285,28.0249,27.7695,27.5954,27.3194,27.0567,26.776,26.4801,26.0974,25.7867,25.3677,24.8721,10.7403,10.4243,10.0766,9.75227,9.44895,9.16472,8.85914,8.57399,8.30728,8.0258,7.76344,7.51829,7.28868,7.04911,6.82533,6.59487,6.37999,6.17914,5.99097,5.78237,5.60311,5.42108,5.25092,5.0793,4.91893,4.75811,4.60784,4.45783,4.30899,4.17014,4.04028,3.90448,3.78443,3.65951,3.5429,3.42842,3.31641,3.21179,3.10948,3.00969,2.91257,2.81826,2.73016,2.64144,2.5586,2.47564
0.67958,38.1112,36.0899,34.0478,32.2595,30.7714,29.7103,29.1075,28.9834,29.2535,29.83,30.6015,31.5027,32.4604,33.3978,34.234,34.8968,34.9983,35.0226,34.2828,33.1507,32.0206,31.1943,30.9011,31.1376,31.6854,32.9549,33.4654,33.7625,33.7728,33.4503,32.1359,31.5041,31.0532,31.2887,32.0321,32.3587,32.5743,32.0981,31.688,30.9357,30.8223,31.2074,31.5389,31.5026,31.0827,30.5861,30.4301,30.6426,30.7059,30.4741,30.0307,29.9752,30.0658,29.9968,29.7053,29.4946,29.4984,29.3837,29.1101,29.0268,28.9204,28.7049,28.5344,28.4012,28.2118,27.978,27.8208,27.5691,27.3351,27.0875,26.8303,26.4948,26.2265,25.879,25.512,10.9188,10.5975,10.2439,9.91417,9.60576,9.31675,9.00606,8.71613,8.44496,8.15878,7.89204,7.6428,7.40935,7.1658,6.93829,6.704,6.48555,6.28136,6.09007,5.87801,5.69578,5.51074,5.33776,5.1633,5.00028,4.83681,4.68405,4.53157,4.38028,4.23914,4.10715,3.96911,3.84708,3.72011,3.60158,3.48522,3.37137,3.26504,3.16105,3.05963,2.96092,2.86507,2.77552,2.68536,2.60116,2.51684
0.69347,38.1451,36.1169,34.0708,32.2802,30.7914,29.7286,29.1286,29.0047,29.2772,29.8551,30.629,31.5296,32.4886,33.4253,34.2619,34.924,35.0249,35.0473,34.3062,33.173,32.0431,31.2191,30.9295,31.1685,31.7182,32.9885,33.4979,33.794,33.8028,33.4791,32.1646,31.5341,31.0897,31.3278,32.0727,32.3986,32.6123,32.1349,31.7244,30.9753,30.8678,31.256,31.5872,31.5497,31.1294,30.6349,30.486,30.701,30.7645,30.5326,30.093,30.044,30.1369,30.0694,29.7807,29.5786,29.5875,29.4764,29.2107,29.1346,29.0372,28.8311,28.6724,28.5507,28.3731,28.1574,28.014,27.7816,27.5695,27.3467,27.1185,26.8225,26.5835,26.2796,25.9695,11.0793,10.7531,10.3943,10.0596,9.74664,9.45334,9.13804,8.84382,8.56864,8.27823,8.00756,7.75464,7.51775,7.27061,7.03976,6.80215,6.58048,6.3733,6.17919,5.96403,5.77913,5.59138,5.41587,5.23887,5.07346,4.90761,4.75262,4.59792,4.44443,4.30123,4.16732,4.02727,3.90347,3.77465,3.6544,3.53636,3.42086,3.31298,3.20749,3.10459,3.00446,2.90722,2.81638,2.72491,2.63949,2.55396
0.70845,38.1809,36.1453,34.0953,32.302,30.812,29.7514,29.1504,29.0299,29.303,29.8824,30.6567,31.5586,32.5181,33.4554,34.2915,34.9529,35.0523,35.0735,34.3309,33.1968,32.0674,31.2445,30.9588,31.2015,31.7532,33.0234,33.5328,33.8273,33.8346,33.5095,32.1949,31.5659,31.1281,31.3691,32.1155,32.4407,32.6524,32.1736,31.7629,31.017,30.9157,31.3071,31.6379,31.599,31.1784,30.6859,30.5447,30.7623,30.8259,30.594,30.1579,30.1157,30.2108,30.1448,29.8588,29.6655,29.6793,29.5716,29.3137,29.2448,29.1561,28.9591,28.8122,28.7019,28.5358,28.3377,28.2077,27.9941,27.8024,27.6013,27.3983,27.1383,26.9293,26.6601,26.3901,11.2509,10.9196,10.5551,10.2152,9.89733,9.59944,9.27923,8.98042,8.70096,8.40603,8.13116,7.87432,7.63375,7.38279,7.14836,6.90697,6.68189,6.47151,6.27441,6.05594,5.86819,5.67756,5.49936,5.31963,5.15169,4.98329,4.82593,4.66886,4.51302,4.36762,4.23166,4.08948,3.96379,3.833,3.71092,3.59107,3.47381,3.36428,3.25718,3.15272,3.05106,2.95234,2.86012,2.76726,2.68054,2.59371
0.72231,38.2134,36.1713,34.1174,32.322,30.8309,29.7708,29.1724,29.0499,29.3262,29.9065,30.6822,31.5859,32.5454,33.4825,34.3183,34.9789,35.0776,35.097,34.3533,33.2181,32.0889,31.2688,30.9855,31.2308,31.7845,33.0561,33.5642,33.8573,33.8633,33.537,32.2223,31.5945,31.1629,31.4064,32.1541,32.4785,32.6886,32.2086,31.7975,31.0545,30.9587,31.3531,31.6836,31.6434,31.2223,30.7317,30.5972,30.8171,30.8806,30.6485,30.2159,30.1794,30.2766,30.2117,29.928,29.7421,29.7601,29.6552,29.4038,29.3411,29.2596,29.0703,28.9333,28.8325,28.676,28.4928,28.3739,28.1759,28.0009,27.8168,27.6327,27.3996,27.2148,26.9764,26.7341,11.4111,11.075,10.7053,10.3605,10.038,9.73586,9.41107,9.108,8.82455,8.52544,8.24666,7.98616,7.74218,7.48766,7.24991,7.00509,6.77682,6.56346,6.36358,6.14202,5.95162,5.75829,5.57757,5.39531,5.225,5.05422,4.89464,4.73536,4.57732,4.42988,4.292,4.14782,4.02035,3.88773,3.76392,3.64239,3.52348,3.41242,3.30381,3.19788,3.09479,2.99468,2.90116,2.807,2.71906,2.63101
0.73502,38.243,36.195,34.1374,32.3399,30.848,29.7881,29.1888,29.0706,29.3466,29.9289,30.7063,31.6094,32.5703,33.5073,34.3427,35.0025,35.1002,35.1185,34.3736,33.2377,32.1089,31.2903,31.0099,31.2581,31.8128,33.0852,33.5926,33.8845,33.8893,33.5619,32.2471,31.6204,31.1938,31.44,32.1892,32.5129,32.7213,32.24,31.829,31.0882,30.9975,31.3946,31.7247,31.6834,31.2618,30.773,30.6446,30.8663,30.9299,30.6975,30.2678,30.2366,30.3353,30.2714,29.9896,29.8103,29.8319,29.7292,29.4833,29.4258,29.3504,29.1676,29.039,28.9462,28.7979,28.6273,28.5177,28.3328,28.1719,28.0018,27.8326,27.6201,27.4537,27.2406,27.0231,26.7577,11.2232,10.8485,10.499,10.1723,9.86605,9.5369,9.22978,8.94255,8.63947,8.35698,8.09302,7.84579,7.58789,7.34698,7.09891,6.86761,6.65142,6.44888,6.22438,6.03145,5.83556,5.65244,5.46776,5.29519,5.12215,4.96045,4.79905,4.63892,4.48952,4.34982,4.20372,4.07456,3.94018,3.81473,3.69158,3.57109,3.45856,3.34851,3.24117,3.13672,3.03528,2.94052,2.8451,2.756,2.66678
0.7488,38.2742,36.2197,34.1589,32.3582,30.8663,29.8066,29.2081,29.0921,29.3694,29.9523,30.7304,31.6354,32.5962,33.5334,34.3684,35.0272,35.1247,35.1413,34.3951,33.2578,32.1297,31.3134,31.0355,31.2865,31.8428,33.1154,33.6225,33.9131,33.9167,33.5882,32.2734,31.6478,31.2276,31.4756,32.2259,32.5489,32.7558,32.2731,31.862,31.1242,31.0385,31.4381,31.7678,31.7253,31.3034,30.8162,30.6942,30.9178,30.9813,30.7488,30.322,30.2962,30.3966,30.3335,30.0536,29.8809,29.906,29.8054,29.565,29.5127,29.4433,29.2667,29.1464,29.0616,28.9213,28.7632,28.6628,28.4909,28.3438,28.1873,28.0325,27.839,27.6887,27.4984,27.3053,27.0678,26.8826,11.0115,10.6569,10.3252,10.0144,9.68035,9.36865,9.07714,8.76953,8.48284,8.21496,7.96406,7.70232,7.45783,7.20607,6.97133,6.75192,6.54637,6.31852,6.12272,5.92391,5.73807,5.55063,5.37549,5.19987,5.03576,4.87195,4.70942,4.5578,4.416,4.26772,4.13664,4.00024,3.87291,3.74793,3.62563,3.51141,3.39971,3.29077,3.18475,3.08179,2.9856,2.88876,2.79832,2.70775
0.76006,38.2995,36.2399,34.176,32.3744,30.8807,29.8191,29.2255,29.1074,29.3861,29.972,30.7508,31.6561,32.6171,33.5544,34.389,35.0478,35.1441,35.1596,34.4124,33.2742,32.1462,31.3311,31.0569,31.3097,31.8671,33.1405,33.6465,33.9363,33.9385,33.6093,32.2943,31.6698,31.2537,31.5039,32.2555,32.578,32.7833,32.2996,31.8884,31.1527,31.0712,31.4731,31.8024,31.7588,31.3365,30.8508,30.7337,30.9589,31.0224,30.7896,30.3651,30.3435,30.4452,30.3829,30.1041,29.9366,29.9644,29.8653,29.629,29.5807,29.5158,29.3438,29.2298,29.1509,29.0165,28.8679,28.7745,28.6123,28.4757,28.3296,28.1856,28.0054,27.8667,27.6921,27.5158,27.3001,27.1311,26.9248,10.797,10.461,10.1462,9.80783,9.4921,9.19684,8.88523,8.59483,8.32349,8.06935,7.80422,7.55656,7.30154,7.06376,6.84151,6.63329,6.40248,6.20414,6.00274,5.81448,5.6246,5.44718,5.26926,5.103,4.93705,4.7724,4.61878,4.47513,4.3249,4.1921,4.05392,3.92492,3.79829,3.67438,3.55865,3.44548,3.3351,3.22768,3.12336,3.0259,2.92777,2.83614,2.74438
0.77187,38.3256,36.2608,34.1938,32.3904,30.8959,29.8368,29.2411,29.1263,29.4048,29.9914,30.7718,31.6775,32.6387,33.5763,34.4105,35.0683,35.1639,35.1784,34.4303,33.2916,32.1639,31.3503,31.0783,31.3332,31.8921,33.1661,33.671,33.9602,33.9615,33.6311,32.3161,31.6926,31.2818,31.5336,32.2861,32.6079,32.8117,32.3273,31.9159,31.1823,31.1051,31.5091,31.838,31.7934,31.3708,30.8864,30.7745,31.0013,31.0645,30.8315,30.4094,30.3922,30.495,30.4331,30.1559,29.9935,30.024,29.9264,29.6941,29.6496,29.5889,29.4214,29.3137,29.2404,29.1118,28.9725,28.8858,28.7331,28.6068,28.4708,28.3374,28.1707,28.0422,27.8818,27.721,27.5254,27.3729,27.1853,10.9625,10.6214,10.3019,9.95837,9.63795,9.33828,9.02198,8.72729,8.45189,8.19394,7.92484,7.67349,7.41461,7.17326,6.94768,6.73633,6.50205,6.3007,6.09627,5.90514,5.7124,5.53228,5.35164,5.18285,5.01436,4.84719,4.69123,4.54538,4.39285,4.25802,4.11772,3.98673,3.85814,3.73233,3.61483,3.4999,3.38781,3.27873,3.17279,3.07381,2.97415,2.8811,2.78791
0.78411,38.3524,36.2823,34.2122,32.4068,30.9115,29.8524,29.2585,29.1438,29.4251,30.0119,30.7927,31.6991,32.6608,33.5987,34.4319,35.0895,35.1847,35.1983,34.4486,33.309,32.1812,31.3695,31.1001,31.3573,31.918,33.1921,33.6969,33.9845,33.9847,33.6535,32.3382,31.7157,31.3101,31.5634,32.3172,32.6384,32.8407,32.3553,31.9436,31.2121,31.1396,31.5456,31.8741,31.8284,31.4054,30.9225,30.8158,31.0441,31.1072,30.8738,30.4541,30.4412,30.5452,30.4838,30.208,30.0506,30.0836,29.9873,29.7589,29.7181,29.6615,29.4982,29.3963,29.3285,29.2054,29.0751,28.9947,28.8511,28.7346,28.6084,28.4851,28.3313,28.2127,28.0653,27.9179,27.7406,27.6036,27.4336,27.2699,10.8189,10.4936,10.1439,9.81774,9.51267,9.19071,8.89066,8.61032,8.34777,8.07381,7.81793,7.55438,7.30868,7.079,6.86382,6.62526,6.42025,6.21206,6.01745,5.82115,5.63772,5.45376,5.28186,5.11026,4.93999,4.78112,4.63256,4.47718,4.33983,4.19689,4.06345,3.93245,3.80426,3.68454,3.56745,3.45324,3.34209,3.23413,3.13328,3.03173,2.93689,2.84192
0.79429,38.3743,36.2997,34.2272,32.4202,30.9221,29.865,29.2698,29.1586,29.4405,30.0278,30.809,31.7167,32.6793,33.6173,34.4504,35.1075,35.2012,35.2137,34.4636,33.3232,32.1957,31.3854,31.1177,31.3775,31.9388,33.2135,33.7177,34.0047,34.0038,33.6718,32.3564,31.7347,31.3333,31.588,32.3425,32.6633,32.8644,32.3778,31.9662,31.2368,31.1677,31.5755,31.9037,31.857,31.4337,30.9519,30.8496,31.079,31.1419,30.9082,30.4905,30.481,30.5861,30.5248,30.2499,30.0967,30.1317,30.0365,29.8109,29.7731,29.7196,29.5595,29.4621,29.3985,29.2796,29.1559,29.0806,28.9441,28.8352,28.7164,28.6011,28.4573,28.3467,28.2092,28.0715,27.907,27.7812,27.6266,27.4763,27.3325,10.695,10.3386,10.006,9.69529,9.36768,9.06234,8.77694,8.50938,8.23064,7.96998,7.70155,7.4513,7.21726,6.9981,6.75495,6.54629,6.33415,6.1359,5.93587,5.74901,5.56157,5.38636,5.21146,5.03794,4.87598,4.72462,4.56623,4.42624,4.28054,4.14451,4.01097,3.88028,3.75818,3.63892,3.52235,3.40901,3.29902,3.19618,3.09257,2.9959,2.89904
0.80477,38.3967,36.3177,34.2423,32.4325,30.9371,29.8775,29.2852,29.1733,29.4556,30.0457,30.8267,31.735,32.6978,33.635,34.4686,35.1253,35.2186,35.2299,34.4786,33.3376,32.2106,31.4015,31.1365,31.3972,31.9598,33.2351,33.7385,34.0246,34.023,33.6902,32.3748,31.7541,31.3563,31.6129,32.3682,32.6885,32.8885,32.4012,31.9893,31.2617,31.1963,31.6057,31.9335,31.886,31.4623,30.9816,30.8835,31.1143,31.1768,30.943,30.527,30.521,30.627,30.5661,30.2921,30.143,30.1798,30.0855,29.8629,29.828,29.7773,29.6203,29.5272,29.4675,29.3525,29.2354,29.1648,29.035,28.9334,28.8218,28.7141,28.58,28.4769,28.3488,28.2207,28.0679,27.9515,27.8094,27.6723,27.5408,27.4148,10.6029,10.2636,9.94644,9.60909,9.2972,9.00393,8.73121,8.44427,8.17822,7.90273,7.64701,7.40606,7.18158,6.93356,6.71966,6.50235,6.29911,6.09383,5.9028,5.7099,5.5303,5.35158,5.17304,5.00673,4.85152,4.68962,4.54539,4.39583,4.25633,4.11918,3.98503,3.8598,3.73759,3.61777,3.50145,3.39238,3.28291,3.17641,3.07725,2.97723
0.81434,38.4168,36.3335,34.2561,32.4461,30.9487,29.8901,29.2964,29.1856,29.4702,30.0599,30.8427,31.7515,32.7136,33.6524,34.4848,35.1412,35.234,35.2442,34.4924,33.3508,32.2245,31.416,31.1529,31.4159,31.9788,33.2545,33.7577,34.0428,34.0403,33.7068,32.391,31.7713,31.3773,31.6351,32.3913,32.7111,32.9099,32.4219,32.0099,31.284,31.2216,31.6327,31.9601,31.9117,31.4879,31.008,30.9139,31.1457,31.2081,30.974,30.5595,30.5568,30.6634,30.6028,30.3295,30.1841,30.2225,30.1289,29.9087,29.8763,29.8281,29.6736,29.5842,29.5278,29.4161,29.3045,29.2378,29.1137,29.0183,28.9129,28.8117,28.686,28.5894,28.4697,28.3497,28.2066,28.0981,27.9661,27.8403,27.7204,27.6038,27.4683,10.5542,10.2288,9.88332,9.56208,9.26223,8.98123,8.68782,8.41364,8.13134,7.86793,7.62181,7.39329,7.13525,6.91545,6.69208,6.48312,6.27247,6.07544,5.8779,5.69321,5.50876,5.32571,5.15496,4.99516,4.82805,4.68038,4.52656,4.38291,4.24194,4.10391,3.97494,3.8554,3.72582,3.60605,3.49005,3.38095,3.27149,3.1692,3.06676
0.82411,38.4373,36.35,34.2701,32.4584,30.9582,29.9015,29.3104,29.1994,29.484,30.0762,30.8583,31.7671,32.7304,33.6693,34.5016,35.1574,35.2492,35.2589,34.5065,33.3642,32.2375,31.4301,31.1693,31.4341,31.9984,33.2742,33.7765,34.0614,34.0579,33.7237,32.4079,31.7886,31.3984,31.6578,32.4148,32.7339,32.9318,32.4425,32.0307,31.3064,31.2474,31.6601,31.9871,31.9381,31.5137,31.035,30.9445,31.1775,31.2396,31.0052,30.5925,30.5927,30.7003,30.6398,30.3673,30.2252,30.2654,30.1724,29.9546,29.9246,29.8787,29.7266,29.6408,29.5875,29.479,29.3726,29.3097,29.1911,29.1017,29.0021,28.9072,28.7895,28.6991,28.5876,28.4753,28.3419,28.2405,28.1177,28.0006,27.8894,27.7843,27.6586,27.5437,10.5038,10.1505,9.8215,9.51389,9.22553,8.92473,8.64377,8.35417,8.08421,7.83185,7.59988,7.33263,7.10699,6.87762,6.66326,6.4469,6.24471,6.04182,5.85212,5.66282,5.47502,5.29957,5.13603,4.96389,4.81215,4.65412,4.50651,4.3616,4.21976,4.0873,3.95809,3.83319,3.70999,3.59046,3.4766,3.36411,3.259,3.15507
0.83224,38.4541,36.3634,34.2814,32.4682,30.9703,29.9115,29.3211,29.2119,29.4956,30.0883,30.8715,31.7812,32.7452,33.6832,34.5153,35.1707,35.2625,35.2713,34.5178,33.3746,32.249,31.4421,31.1832,31.4487,32.0142,33.2903,33.7924,34.0763,34.0723,33.7375,32.4219,31.8032,31.4159,31.6767,32.4339,32.7528,32.9496,32.4597,32.0479,31.3248,31.2685,31.6825,32.0093,31.9593,31.5348,31.057,30.9695,31.2035,31.2653,31.0307,30.6194,30.622,30.7303,30.6699,30.398,30.2586,30.3001,30.2077,29.9918,29.9636,29.9196,29.7694,29.6864,29.6355,29.5293,29.4272,29.3671,29.2526,29.1679,29.0729,28.9829,28.8714,28.7862,28.681,28.5752,28.4488,28.3537,28.238,28.1283,28.024,27.9268,27.8118,27.7007,27.6015,10.348,10.0125,9.6992,9.40614,9.09986,8.81366,8.51859,8.24347,7.98627,7.74537,7.4776,7.2477,7.01405,6.79562,6.5751,6.36899,6.16213,5.96882,5.77574,5.58407,5.40521,5.23795,5.06286,4.90812,4.74697,4.5965,4.44873,4.30408,4.16895,4.03661,3.90779,3.7822,3.66018,3.54617,3.4313,3.32404,3.21663
0.84053,38.4709,36.3769,34.2932,32.4788,30.9791,29.9219,29.331,29.2223,29.5075,30.1005,30.8859,31.7951,32.759,33.6972,34.5291,35.1842,35.2754,35.2833,34.5296,33.386,32.2602,31.4545,31.1963,31.4644,32.03,33.3067,33.8086,34.0919,34.0869,33.7512,32.4357,31.8177,31.4335,31.6954,32.4532,32.7718,32.9676,32.477,32.0651,31.3437,31.2898,31.705,32.0316,31.981,31.556,31.0791,30.9951,31.2297,31.2912,31.0563,30.6464,30.6516,30.7604,30.7,30.4288,30.2923,30.3349,30.243,30.0289,30.0026,29.9604,29.8119,29.7316,29.6829,29.579,29.4807,29.4233,29.313,29.2327,29.1421,29.0568,28.9514,28.8711,28.7721,28.6724,28.5538,28.4641,28.3551,28.2517,28.1543,28.0637,27.9562,27.8554,27.7611,27.6543,10.1809,9.86271,9.56499,9.25351,8.96293,8.66302,8.38343,8.12208,7.87676,7.60485,7.37111,7.1336,6.91163,6.68743,6.47786,6.26752,6.07093,5.87467,5.67968,5.49771,5.32768,5.1496,4.99225,4.82835,4.67539,4.52508,4.37794,4.2405,4.10598,3.97468,3.84694,3.72283,3.60684,3.49008,3.38108,3.27166
0.84886,38.4879,36.3903,34.3047,32.4895,30.9899,29.931,29.3419,29.2335,29.5197,30.1139,30.8993,31.8079,32.7734,33.7107,34.5429,35.197,35.2883,35.2951,34.541,33.397,32.2714,31.4671,31.2101,31.4798,32.0464,33.3229,33.8245,34.1069,34.1012,33.7652,32.4495,31.8321,31.451,31.7138,32.4724,32.7906,32.9856,32.4942,32.0822,31.3618,31.3112,31.7274,32.0536,32.0023,31.5773,31.101,31.0201,31.2555,31.3168,31.0819,30.673,30.6806,30.7901,30.7298,30.4592,30.3253,30.3692,30.2777,30.0653,30.0408,30.0002,29.8534,29.7756,29.7291,29.6273,29.5327,29.478,29.3713,29.2952,29.2087,29.1279,29.0282,28.9525,28.8595,28.7658,28.6542,28.5701,28.4677,28.3706,28.2794,28.1946,28.0953,28.0008,27.9142,27.8146,27.7236,10.0142,9.71196,9.39602,9.1008,8.79637,8.51256,8.24713,7.99838,7.72217,7.48468,7.24367,7.01817,6.79052,6.57775,6.36422,6.16464,5.96526,5.76735,5.58267,5.40994,5.22913,5.06934,4.90291,4.74749,4.59482,4.44544,4.30587,4.16935,4.03608,3.90639,3.78033,3.66243,3.54395,3.43317,3.32215
0.85646,38.503,36.4024,34.3151,32.4986,30.9984,29.9399,29.3518,29.2439,29.5309,30.1252,30.9111,31.821,32.785,33.7237,34.5545,35.2091,35.2999,35.306,34.5512,33.4068,32.2812,31.4775,31.2231,31.4935,32.0607,33.3372,33.8382,34.1205,34.1143,33.7776,32.4618,31.8448,31.4664,31.7305,32.4897,32.8074,33.0015,32.5095,32.0975,31.3786,31.3301,31.7473,32.0733,32.0216,31.596,31.1207,31.0423,31.2785,31.3396,31.1043,30.6967,30.7066,30.8166,30.7563,30.4861,30.3547,30.3996,30.3085,30.0976,30.0748,30.0355,29.8901,29.8145,29.7699,29.6698,29.5784,29.5258,29.4223,29.3497,29.2667,29.1898,29.095,29.0232,28.9353,28.8468,28.7414,28.6622,28.5656,28.4741,28.3881,28.3081,28.2137,28.1268,28.0467,27.9537,27.8687,10.1454,9.83912,9.51911,9.22009,8.91175,8.62416,8.35539,8.10327,7.82341,7.58307,7.3388,7.11038,6.87977,6.66417,6.44792,6.24559,6.0436,5.84314,5.65602,5.481,5.29781,5.13589,4.96725,4.80984,4.65518,4.50383,4.36238,4.22405,4.08905,3.95761,3.82991,3.7106,3.5904,3.47815,3.36567
0.86355,38.5174,36.4138,34.3248,32.5074,31.0067,29.949,29.3596,29.2542,29.5422,30.1353,30.9226,31.8321,32.7971,33.7355,34.5668,35.2203,35.3106,35.3163,34.5609,33.4159,32.2908,31.4883,31.2345,31.5056,32.0737,33.3512,33.852,34.1334,34.1266,33.7894,32.4733,31.8571,31.4813,31.7463,32.5058,32.8231,33.0165,32.524,32.1119,31.394,31.3478,31.7662,32.0918,32.0393,31.6136,31.1389,31.0634,31.3003,31.361,31.1254,30.719,30.7308,30.8413,30.7811,30.5113,30.382,30.4279,30.3371,30.1277,30.1062,30.0682,29.9241,29.8505,29.8074,29.709,29.6204,29.5696,29.4689,29.3995,29.3196,29.246,29.1556,29.0874,29.0041,28.9201,28.8204,28.7456,28.6547,28.5676,28.4862,28.4107,28.3223,28.2396,28.1644,28.0777,27.9991,27.9267,9.95717,9.63313,9.33065,9.0186,8.72758,8.45554,8.20045,7.9173,7.67409,7.42683,7.19563,6.96235,6.74405,6.52528,6.32062,6.11615,5.91329,5.72393,5.54678,5.36147,5.1975,5.02682,4.8675,4.71105,4.55784,4.41479,4.27473,4.13811,4.00505,3.87582,3.75503,3.63338,3.51976,3.40593
0.87075,38.5316,36.4251,34.3346,32.5161,31.0144,29.9551,29.3692,29.2627,29.5514,30.1467,30.9327,31.8433,32.8087,33.7471,34.5783,35.2321,35.3217,35.3269,34.5706,33.4251,32.3001,31.498,31.246,31.5188,32.0868,33.3648,33.8652,34.1459,34.1386,33.8008,32.4847,31.869,31.4957,31.7619,32.5218,32.8389,33.0314,32.5385,32.1261,31.4092,31.3653,31.7849,32.1102,32.0571,31.6311,31.1571,31.0841,31.3217,31.3822,31.1464,30.7411,30.7549,30.8658,30.8056,30.5362,30.4093,30.4559,30.3654,30.1572,30.1371,30.1004,29.9574,29.8857,29.8443,29.7473,29.6612,29.6123,29.5143,29.4478,29.3708,29.3005,29.2142,29.1493,29.0704,28.9908,28.8966,28.8262,28.74,28.6584,28.5816,28.5106,28.4265,28.3496,28.278,28.1967,28.1239,28.0565,27.9958,9.7483,9.44202,9.12629,8.83182,8.55652,8.29852,8.01194,7.7658,7.5155,7.28154,7.04534,6.82479,6.60325,6.39622,6.18932,5.98402,5.7924,5.61312,5.42556,5.2597,5.08705,4.92579,4.76744,4.61237,4.46755,4.32583,4.18753,4.05291,3.92213,3.79994,3.67683,3.56186,3.44664
0.87732,38.5446,36.4357,34.3432,32.5241,31.023,29.9652,29.3772,29.2713,29.5599,30.1551,30.9425,31.8541,32.8198,33.7579,34.5889,35.2422,35.3315,35.3363,34.5795,33.4329,32.3084,31.5075,31.2558,31.5308,32.0997,33.3772,33.8774,34.1578,34.1497,33.8115,32.4956,31.8801,31.5094,31.7759,32.5364,32.8533,33.0451,32.5515,32.1392,31.4236,31.3815,31.8016,32.1271,32.0735,31.6474,31.1739,31.1032,31.3413,31.4016,31.1655,30.7612,30.7769,30.8882,30.8279,30.559,30.4338,30.4815,30.3912,30.1842,30.1654,30.1297,29.9877,29.9177,29.8776,29.7819,29.6982,29.6508,29.5551,29.4912,29.4167,29.3492,29.2665,29.2045,29.1294,29.0538,28.9645,28.8979,28.8165,28.7391,28.6663,28.5993,28.5197,28.4466,28.3797,28.304,28.2337,28.1714,28.1149,28.0513,9.54801,9.22877,8.93101,8.65269,8.39177,8.10198,7.85307,7.60012,7.36352,7.12474,6.90148,6.67749,6.46813,6.25898,6.0513,5.85751,5.67628,5.48655,5.31888,5.14424,4.98118,4.82103,4.66424,4.51776,4.37444,4.23462,4.09848,3.96622,3.84264,3.71813,3.60185,3.48535
0.88334,38.5562,36.445,34.3511,32.5312,31.0294,29.9713,29.3831,29.2798,29.5683,30.1649,30.9521,31.8638,32.8294,33.7675,34.5983,35.251,35.3405,35.3446,34.5871,33.441,32.3164,31.5155,31.2652,31.541,32.1102,33.3884,33.8882,34.168,34.1596,33.821,32.5049,31.8901,31.5211,31.7887,32.5495,32.866,33.0572,32.5631,32.1507,31.436,31.396,31.8171,32.142,32.088,31.6614,31.1887,31.1201,31.3587,31.4188,31.1825,30.7791,30.7962,30.908,30.8478,30.5791,30.4557,30.504,30.4139,30.208,30.1902,30.1555,30.0144,29.9458,29.9068,29.8122,29.7305,29.6845,29.5906,29.5289,29.4566,29.3914,29.3117,29.2523,29.1805,29.1081,29.0229,28.9597,28.8822,28.8088,28.7397,28.6768,28.6,28.5302,28.4664,28.3953,28.3287,28.2702,28.2181,28.1572,28.1046,9.32487,9.0241,8.74279,8.47922,8.18633,7.93497,7.67935,7.44036,7.19906,6.97355,6.7472,6.53564,6.32431,6.11448,5.91872,5.7356,5.5439,5.37445,5.19799,5.03322,4.87139,4.71296,4.56496,4.42015,4.27886,4.14129,4.00764,3.88276,3.75698,3.63948,3.52175
0.88932,38.5679,36.4542,34.3593,32.5382,31.0352,29.9781,29.3907,29.286,29.5774,30.1736,30.962,31.8735,32.8387,33.7771,34.6078,35.2608,35.3492,35.3528,34.5952,33.4486,32.3239,31.5232,31.2746,31.5514,32.1216,33.3995,33.899,34.1785,34.1695,33.8304,32.5143,31.9,31.5331,31.8013,32.5626,32.8788,33.0694,32.5748,32.1624,31.4487,31.4103,31.8322,32.1569,32.1022,31.6756,31.2034,31.1367,31.376,31.4359,31.1994,30.7969,30.8156,30.9277,30.8674,30.599,30.4775,30.5265,30.4365,30.2316,30.2149,30.181,30.0408,29.9736,29.9358,29.8421,29.7624,29.7176,29.6256,29.566,29.4956,29.4326,29.3559,29.2988,29.2301,29.161,29.0797,29.0197,28.9462,28.8765,28.8114,28.7505,28.679,28.6121,28.552,28.4824,28.4212,28.3659,28.3167,28.2607,28.2108,28.1567,9.12436,8.83965,8.5732,8.27741,8.02305,7.76464,7.52299,7.27906,7.05089,6.8222,6.60829,6.39473,6.18259,5.98462,5.79945,5.60569,5.43445,5.25601,5.08943,4.92579,4.76543,4.61559,4.46933,4.32651,4.18736,4.05235,3.92605,3.79877,3.67989,3.5609
0.89521,38.5793,36.4636,34.3672,32.5452,31.0427,29.9838,29.3968,29.2934,29.5857,30.1814,30.9697,31.8825,32.848,33.7865,34.617,35.2697,35.3578,35.3611,34.6028,33.4561,32.3315,31.5316,31.2841,31.5614,32.1318,33.4104,33.9096,34.1887,34.1792,33.8394,32.5236,31.9094,31.5447,31.8137,32.5753,32.8914,33.0813,32.5864,32.1736,31.461,31.4241,31.8471,32.1714,32.1162,31.6894,31.2177,31.1533,31.3931,31.4526,31.216,30.8141,30.8347,30.9469,30.8866,30.6185,30.4987,30.5483,30.4585,30.2545,30.2388,30.2058,30.0664,30.0006,29.9637,29.8711,29.7932,29.7495,29.6592,29.6015,29.533,29.4721,29.3981,29.3432,29.2775,29.2113,29.1338,29.0768,29.007,28.941,28.8791,28.8219,28.7531,28.6905,28.6334,28.567,28.5085,28.4559,28.4093,28.357,28.3111,28.2608,28.2169,8.94586,8.67637,8.37668,8.11966,7.85819,7.61374,7.36689,7.13599,6.90462,6.6882,6.47201,6.25733,6.05696,5.86965,5.67335,5.50008,5.31952,5.15095,4.98531,4.82332,4.67187,4.52369,4.37906,4.2383,4.10151,3.97371,3.84493,3.72465,3.60417
0.90023,38.589,36.4711,34.3738,32.5511,31.0485,29.9909,29.4042,29.3011,29.5916,30.1886,30.9772,31.8909,32.8557,33.7945,34.6249,35.2774,35.3653,35.3681,34.6096,33.4622,32.3372,31.5394,31.2923,31.5696,32.1409,33.4199,33.9182,34.1973,34.1874,33.8476,32.5314,31.9179,31.5545,31.8244,32.5859,32.9021,33.0913,32.5959,32.1832,31.4715,31.4363,31.8596,32.1838,32.1283,31.7012,31.23,31.1674,31.4075,31.4669,31.2302,30.8289,30.8507,30.9634,30.9032,30.6351,30.5167,30.5669,30.4772,30.274,30.2592,30.2268,30.0881,30.0234,29.9874,29.8955,29.8191,29.7763,29.6874,29.6313,29.5643,29.5051,29.4333,29.3802,29.3168,29.253,29.1786,29.124,29.0572,28.9942,28.9353,28.8807,28.8154,28.7556,28.7012,28.6381,28.5819,28.5318,28.4877,28.4381,28.3949,28.3477,28.3057,9.0511,8.77845,8.4755,8.21538,7.95092,7.70362,7.45393,7.22052,6.98628,6.76732,6.54854,6.33133,6.12867,5.93909,5.7406,5.56529,5.38262,5.21208,5.04454,4.88054,4.72722,4.57739,4.43108,4.28864,4.15024,4.02091,3.89061,3.7689,3.64696
0.90569,38.5994,36.4793,34.381,32.5574,31.0544,29.9969,29.4088,29.308,29.5992,30.1963,30.9852,31.8984,32.8642,33.803,34.6333,35.2855,35.373,35.3755,34.6166,33.4689,32.3448,31.5464,31.301,31.5789,32.1507,33.429,33.9278,34.2063,34.1961,33.8559,32.5399,31.9264,31.5654,31.8356,32.5976,32.9134,33.102,32.6062,32.1936,31.4823,31.4489,31.873,32.197,32.1409,31.7138,31.2431,31.182,31.4228,31.4819,31.2449,30.8445,30.8677,30.9807,30.9202,30.6526,30.5356,30.5864,30.4969,30.2945,30.2806,30.2489,30.1108,30.0473,30.0121,29.9211,29.8462,29.8043,29.7169,29.6624,29.5969,29.5394,29.4698,29.4185,29.3576,29.2962,29.2249,29.1728,29.1093,29.0494,28.9935,28.942,28.8801,28.8232,28.7712,28.7119,28.6582,28.611,28.5691,28.5224,28.4816,28.4364,28.3978,28.3643,8.90487,8.59761,8.33398,8.06542,7.81388,7.56114,7.32638,7.08885,6.86564,6.64415,6.42451,6.2194,6.02726,5.82587,5.64777,5.46233,5.2893,5.11932,4.95289,4.79753,4.64537,4.49695,4.3524,4.21195,4.08074,3.94854,3.82502,3.70122
0.91036,38.6084,36.4866,34.3871,32.5629,31.0574,30.0023,29.4166,29.3144,29.6058,30.2029,30.9937,31.9067,32.8721,33.8104,34.6405,35.2927,35.3799,35.3819,34.6218,33.4748,32.3506,31.5538,31.308,31.5868,32.1592,33.438,33.9366,34.2145,34.2038,33.8633,32.5468,31.9342,31.5743,31.8453,32.6078,32.9231,33.1113,32.6152,32.2026,31.4922,31.46,31.8846,32.2084,32.152,31.7247,31.2544,31.195,31.436,31.495,31.2578,30.8582,30.8825,30.9956,30.9352,30.6677,30.552,30.6033,30.5139,30.3122,30.2991,30.268,30.1305,30.0679,30.0335,29.9432,29.8695,29.8285,29.7422,29.689,29.6248,29.5688,29.501,29.4512,29.3922,29.3329,29.2642,29.2142,29.1532,29.096,29.0426,28.9934,28.9344,28.8801,28.8306,28.774,28.7224,28.6778,28.6376,28.5931,28.5539,28.5116,28.4748,28.4442,28.4179,8.74395,8.47287,8.20519,7.95025,7.68821,7.44776,7.20635,6.98084,6.75537,6.5316,6.32257,6.12718,5.92261,5.74187,5.55352,5.37767,5.20491,5.03576,4.87775,4.72311,4.57221,4.42527,4.28249,4.14907,4.01463,3.88923,3.7634
0.91532,38.6177,36.4943,34.3935,32.5686,31.063,30.0072,29.4219,29.3197,29.6132,30.2105,31.0005,31.9137,32.8798,33.8181,34.6481,35.3,35.3868,35.3883,34.6289,33.4807,32.3568,31.5599,31.3158,31.5952,32.1683,33.4469,33.9452,34.2228,34.2116,33.8708,32.5543,31.9421,31.5838,31.8554,32.6181,32.9332,33.121,32.6243,32.2115,31.502,31.4713,31.8966,32.2202,32.1634,31.7359,31.266,31.2083,31.4497,31.5085,31.2713,30.872,30.8976,31.0112,30.9506,30.6833,30.569,30.6208,30.5315,30.3305,30.3181,30.2877,30.1507,30.0892,30.0555,29.9658,29.8934,29.8532,29.768,29.7162,29.6532,29.5986,29.5326,29.4843,29.4273,29.37,29.3038,29.256,29.1977,29.143,29.0922,29.0457,28.9897,28.9383,28.8915,28.8373,28.7889,28.7458,28.7076,28.6647,28.628,28.5875,28.5529,28.5237,28.4996,28.4667,8.66745,8.38883,8.1284,7.86683,7.6197,7.37297,7.14234,6.91191,6.68302,6.46951,6.26978,6.06061,5.87572,5.68312,5.50327,5.32658,5.15356,4.99192,4.83373,4.67934,4.52899,4.38289,4.24637,4.10879,3.98027,3.8515
0.91985,38.6262,36.501,34.399,32.5735,31.07,30.013,29.4274,29.3267,29.6177,30.217,31.0064,31.9202,32.8858,33.825,34.6548,35.3067,35.3934,35.3946,34.6348,33.4857,32.3621,31.5659,31.3223,31.6029,32.176,33.4549,33.9535,34.2303,34.2188,33.8777,32.5614,31.9492,31.5929,31.8649,32.6276,32.9425,33.1298,32.6329,32.2201,31.5111,31.4818,31.9077,32.2309,32.1738,31.746,31.2766,31.2206,31.462,31.5208,31.2833,30.8848,30.9115,31.0252,30.9647,30.6976,30.5845,30.6367,30.5474,30.3471,30.3354,30.3055,30.169,30.1084,30.0754,29.9862,29.9149,29.8755,29.7913,29.7407,29.6788,29.6253,29.5609,29.5139,29.4586,29.4031,29.3391,29.2931,29.237,29.1846,29.1361,29.0915,29.0382,28.9893,28.9446,28.892,28.8468,28.8058,28.7687,28.7283,28.6924,28.6544,28.6217,28.5947,28.5712,28.5411,28.5218,8.56914,8.30409,8.03526,7.78439,7.53259,7.29932,7.06418,6.83045,6.61234,6.40674,6.19279,6.00406,5.80739,5.62372,5.44324,5.2665,5.10139,4.93978,4.78211,4.6287,4.47942,4.33991,4.19931,4.06797,3.93635
0.92398,38.634,36.5072,34.4048,32.5786,31.0745,30.0158,29.4301,29.3303,29.6238,30.223,31.0128,31.9263,32.893,33.8314,34.6611,35.3129,35.3993,35.4002,34.6392,33.4905,32.3666,31.5711,31.3282,31.6104,32.1828,33.4623,33.9599,34.237,34.2253,33.884,32.5673,31.9556,31.6004,31.8734,32.6363,32.951,33.1378,32.6406,32.2279,31.5193,31.4912,31.9175,32.2407,32.1834,31.7554,31.2863,31.2315,31.4735,31.5318,31.2943,30.8963,30.9242,31.038,30.9774,30.7105,30.5984,30.651,30.5618,30.3621,30.3511,30.3216,30.1855,30.1257,30.0933,30.0047,29.9344,29.8955,29.8123,29.7627,29.7017,29.6493,29.5863,29.5404,29.4865,29.4326,29.3706,29.3261,29.272,29.2216,29.1751,29.1323,29.0814,29.034,28.9915,28.942,28.8979,28.8583,28.8235,28.785,28.7502,28.714,28.6824,28.658,28.6364,28.6068,28.5887,8.71311,8.44124,8.1706,7.91387,7.65802,7.41888,7.17984,6.94242,6.72092,6.51368,6.29656,6.10476,5.90488,5.71818,5.53476,5.35506,5.1872,5.03048,4.86255,4.70639,4.55454,4.41275,4.27078,4.13618,4.0036
0.92801,38.6416,36.5132,34.4098,32.5832,31.0788,30.0197,29.435,29.3358,29.6285,30.2291,31.018,31.9332,32.8991,33.8376,34.6674,35.3187,35.405,35.4054,34.6451,33.496,32.3724,31.5761,31.3346,31.617,32.1901,33.4694,33.9672,34.2438,34.2317,33.8901,32.5737,31.9617,31.6081,31.8814,32.6445,32.9593,33.1456,32.6481,32.2352,31.5273,31.5001,31.9273,32.2502,32.1924,31.7645,31.2956,31.2421,31.4847,31.5428,31.305,30.9076,30.9363,31.0505,30.9897,30.7229,30.6119,30.6649,30.5758,30.3766,30.3662,30.3372,30.2015,30.1425,30.1106,30.0224,29.9532,29.9148,29.8325,29.7838,29.7237,29.6723,29.6106,29.5657,29.5132,29.4607,29.4005,29.3575,29.3054,29.2568,29.2121,29.1713,29.1223,29.0776,29.0369,28.9898,28.9477,28.91,28.8768,28.8393,28.807,28.7727,28.7423,28.7167,28.6977,28.6696,28.6518,28.6343,8.56122,8.28335,8.02662,7.76723,7.52503,7.28251,7.04176,6.8171,6.60696,6.38674,6.19224,5.98957,5.80017,5.61413,5.43191,5.26164,5.09618,4.9323,4.77387,4.6199,4.47601,4.33167,4.19551,4.05959
0.93191,38.6489,36.519,34.4148,32.5878,31.0808,30.0262,29.4394,29.3401,29.6337,30.2346,31.0258,31.9382,32.9054,33.8436,34.6732,35.3244,35.4105,35.4107,34.6499,33.5001,32.3773,31.5816,31.3409,31.6228,32.1973,33.4762,33.9739,34.2503,34.2378,33.8958,32.5792,31.9678,31.6156,31.889,32.6528,32.9671,33.1531,32.6552,32.2424,31.535,31.509,31.9365,32.2592,32.2013,31.7732,31.3047,31.2526,31.4952,31.5533,31.3153,30.9184,30.9481,31.0624,31.0016,30.735,30.625,30.6784,30.5893,30.3906,30.3808,30.3522,30.2169,30.1586,30.1272,30.0395,29.9711,29.9333,29.8517,29.8039,29.7447,29.6943,29.6337,29.5897,29.5386,29.4874,29.4289,29.3873,29.3368,29.2899,29.2468,29.2078,29.1606,29.1177,29.0787,29.0335,28.9933,28.9573,28.9256,28.8897,28.8587,28.8244,28.7965,28.773,28.754,28.7278,28.7121,28.6954,28.6829,8.38747,8.1259,7.86338,7.61793,7.37261,7.12882,6.90131,6.68881,6.46615,6.26934,6.06412,5.87252,5.68419,5.49975,5.32742,5.15891,4.99397,4.8336,4.67771,4.53201,4.38527,4.24797,4.11043
0.93548,38.6555,36.5243,34.4194,32.5918,31.0843,30.0294,29.4435,29.3462,29.6383,30.2393,31.0297,31.9443,32.9105,33.8491,34.6785,35.3297,35.4156,35.4155,34.6545,33.505,32.3815,31.5869,31.3457,31.6288,32.2031,33.4826,33.9797,34.2561,34.2434,33.9012,32.5846,31.9736,31.6226,31.8962,32.6602,32.9743,33.16,32.6618,32.2489,31.5421,31.5171,31.9448,32.2678,32.2094,31.7811,31.313,31.262,31.5049,31.5627,31.3247,30.9283,30.9589,31.0733,31.0125,30.746,30.6369,30.6906,30.6017,30.4033,30.3941,30.3658,30.231,30.1732,30.1423,30.0549,29.9874,29.95,29.8692,29.8222,29.7636,29.7141,29.6545,29.6114,29.5614,29.5113,29.4543,29.4139,29.3649,29.3196,29.2781,29.2404,29.1951,29.1539,29.1166,29.0735,29.0345,29.0001,28.9698,28.9354,28.9056,28.8739,28.8465,28.8239,28.8058,28.7807,28.7657,28.749,28.7378,28.7262,8.21344,7.94801,7.69999,7.45206,7.20569,6.97573,6.76059,6.53575,6.33688,6.12971,5.93599,5.74562,5.55929,5.38506,5.21474,5.04819,4.88612,4.72855,4.58124,4.43281,4.2941,4.15509
0.93894,38.662,36.5295,34.424,32.596,31.0883,30.0334,29.4481,29.3503,29.644,30.244,31.0339,31.9489,32.9155,33.8541,34.6838,35.3348,35.4204,35.4202,34.6589,33.5092,32.3853,31.5911,31.3515,31.6348,32.2089,33.4888,33.9859,34.2618,34.2488,33.9065,32.5897,31.9789,31.6289,31.9034,32.6673,32.9812,33.1665,32.6681,32.2551,31.549,31.525,31.9531,32.2757,32.2172,31.7888,31.321,31.2712,31.5141,31.5719,31.3338,30.9377,30.9691,31.0837,31.0229,30.7566,30.6482,30.7024,30.6134,30.4157,30.4068,30.3789,30.2444,30.1873,30.1568,30.0699,30.003,29.9661,29.8859,29.8397,29.7818,29.733,29.6744,29.6321,29.5831,29.5341,29.4785,29.4392,29.3916,29.3479,29.3078,29.2716,29.228,29.1889,29.1531,29.112,29.0745,29.0423,29.0135,28.9811,28.953,28.9224,28.8962,28.8744,28.8569,28.8321,28.8173,28.802,28.7912,28.7797,28.772,8.0272,7.77674,7.5263,7.27758,7.04542,6.8283,6.60089,6.39993,6.19048,5.99485,5.80258,5.61431,5.43838,5.26619,5.09803,4.93429,4.77512,4.62636,4.4764,4.33637,4.19593
0.94224,38.6682,36.5343,34.4277,32.5985,31.0943,30.0368,29.4515,29.3523,29.6484,30.2489,31.0396,31.9543,32.9203,33.859,34.6886,35.3395,35.4245,35.4245,34.6628,33.5129,32.3891,31.5947,31.3556,31.6397,32.2151,33.4945,33.9912,34.2675,34.2539,33.9112,32.5948,31.9841,31.6349,31.9097,32.6738,32.9877,33.1726,32.6739,32.261,31.5554,31.5324,31.9609,32.2832,32.2244,31.7959,31.3285,31.2795,31.5229,31.5805,31.3423,30.9467,30.9787,31.0935,31.0326,30.7664,30.6589,30.7133,30.6243,30.427,30.4187,30.3911,30.2568,30.2003,30.1702,30.0836,30.0175,29.981,29.9014,29.8558,29.7985,29.7504,29.6927,29.6511,29.603,29.555,29.5005,29.4622,29.4159,29.3733,29.3344,29.2995,29.2573,29.2191,29.1854,29.1448,29.1091,29.0776,29.0499,29.0183,28.991,28.961,28.9357,28.9148,28.898,28.8746,28.8608,28.8492,28.8361,28.8255,28.8184,8.10121,7.84847,7.59585,7.34485,7.1106,6.89152,6.66197,6.45915,6.24768,6.05023,5.85617,5.6661,5.48849,5.31466,5.14494,4.97965,4.81899,4.66885,4.51753,4.3761,4.23446
0.94549,38.6741,36.5392,34.4305,32.6023,31.0969,30.0401,29.4554,29.3581,29.6527,30.2533,31.0432,31.9591,32.9256,33.8638,34.6935,35.3442,35.4295,35.4287,34.6669,33.5168,32.3931,31.5997,31.3603,31.6455,32.2207,33.5002,33.9971,34.2725,34.2588,33.916,32.5994,31.9887,31.6411,31.9164,32.6805,32.9941,33.1789,32.68,32.2671,31.5617,31.5397,31.9687,32.2909,32.2317,31.8031,31.3359,31.288,31.5315,31.5891,31.3507,30.9555,30.9883,31.1032,31.0424,30.7763,30.6695,30.7242,30.6353,30.4383,30.4304,30.4032,30.2692,30.2133,30.1836,30.0973,30.032,29.9958,29.9167,29.8719,29.8152,29.7677,29.7109,29.6699,29.6228,29.5757,29.5224,29.4851,29.44,29.3986,29.361,29.3273,29.2866,29.2502,29.2171,29.1788,29.1449,29.115,29.0888,29.0587,29.033,29.0047,28.9807,28.961,28.9452,28.9231,28.9101,28.8962,28.8862,28.8758,28.8648,28.8631,7.92116,7.66643,7.41322,7.17683,6.95557,6.72374,6.51908,6.30571,6.10634,5.91057,5.71874,5.53942,5.36388,5.19232,5.02557,4.8632,4.71182,4.559,4.41675,4.273
0.94862,38.6797,36.5437,34.4346,32.6037,31.1006,30.043,29.4582,29.3619,29.6568,30.257,31.0476,31.9638,32.9299,33.8688,34.698,35.3487,35.4333,35.4328,34.6708,33.5206,32.3967,31.604,31.3651,31.65,32.2253,33.5055,34.0023,34.2774,34.2637,33.9207,32.6041,31.9939,31.6468,31.9225,32.6867,33.0003,33.1847,32.6855,32.2725,31.5675,31.5466,31.9759,32.298,32.2386,31.8098,31.3427,31.2959,31.5397,31.5971,31.3588,30.9638,30.9973,31.1124,31.0515,30.7855,30.6795,30.7343,30.6455,30.449,30.4415,30.4146,30.2809,30.2255,30.1961,30.1101,30.0453,30.0096,29.9311,29.8868,29.8306,29.7837,29.7277,29.6874,29.641,29.5948,29.5426,29.5061,29.4621,29.4218,29.3853,29.3526,29.3134,29.2783,29.2465,29.2095,29.1774,29.1483,29.1241,29.0956,29.0706,29.0436,29.0189,29.0018,28.9867,28.9657,28.9529,28.9395,28.9301,28.9192,28.9136,28.9076,28.9051,7.73616,7.4804,7.2418,7.01867,6.78494,6.57815,6.36273,6.16136,5.96375,5.77019,5.58948,5.41265,5.24003,5.07165,4.90791,4.75507,4.60082,4.45692,4.31254
0.95163,38.6853,36.5481,34.4397,32.6096,31.1043,30.0455,29.4619,29.3647,29.6607,30.261,31.054,31.9683,32.9346,33.8732,34.7021,35.353,35.4381,35.4368,34.6743,33.5243,32.401,31.6079,31.3695,31.655,32.2307,33.5107,34.0074,34.2824,34.2684,33.9252,32.6086,31.9983,31.6524,31.9283,32.6928,33.0064,33.1903,32.691,32.2778,31.5735,31.5532,31.9827,32.3048,32.2451,31.8164,31.3497,31.3038,31.5478,31.605,31.3664,30.972,31.0063,31.1216,31.0604,30.7945,30.6893,30.7445,30.6556,30.4594,30.4525,30.4258,30.2923,30.2375,30.2084,30.1227,30.0586,30.0231,29.9451,29.9014,29.8458,29.7996,29.7442,29.7045,29.6589,29.6134,29.5622,29.5265,29.4835,29.4443,29.4088,29.3773,29.3391,29.3051,29.2746,29.2392,29.2078,29.1801,29.1564,29.1289,29.1053,29.0794,29.0571,29.0397,29.0254,29.006,28.9931,28.9804,28.9717,28.9629,28.9524,28.9505,28.9487,28.9426,7.55162,7.31082,7.08552,6.84953,6.64099,6.42358,6.22034,6.02086,5.82542,5.64283,5.4641,5.28957,5.11959,4.9544,4.80001,4.64441,4.49895,4.35331
0.95439,38.6903,36.5521,34.4432,32.613,31.1071,30.0478,29.4647,29.368,29.6647,30.2649,31.058,31.9721,32.9387,33.8773,34.7066,35.3569,35.4418,35.4404,34.678,33.5259,32.4034,31.6115,31.3741,31.6596,32.2354,33.5153,34.012,34.2867,34.2726,33.9291,32.6124,32.0027,31.6576,31.9336,32.6983,33.0118,33.1954,32.696,32.2829,31.5791,31.5592,31.9893,32.3111,32.2512,31.8223,31.3559,31.3107,31.5549,31.612,31.3734,30.9792,31.0143,31.1296,31.0684,30.8026,30.698,30.7535,30.6646,30.4687,30.4622,30.4357,30.3025,30.2481,30.2193,30.1339,30.0703,30.0351,29.9576,29.9144,29.8592,29.8134,29.7587,29.7195,29.6745,29.6298,29.5795,29.5445,29.5024,29.4641,29.4295,29.3989,29.3619,29.3289,29.2996,29.2654,29.2353,29.2092,29.1865,29.1603,29.138,29.1127,29.0927,29.0757,29.0622,29.0403,29.0297,29.0182,29.0095,29.0004,28.9949,28.9897,28.9872,28.9853,28.9842,7.37761,7.15166,6.91328,6.70305,6.48347,6.2786,6.07731,5.87924,5.69522,5.51507,5.33867,5.16736,5.00059,4.84455,4.68753,4.54092,4.3937
0.95717,38.6955,36.5564,34.4469,32.6148,31.1101,30.0519,29.4678,29.3711,29.6675,30.2695,31.0603,31.9765,32.9428,33.8817,34.7107,35.361,35.4458,35.4438,34.6814,33.5302,32.4076,31.615,31.3778,31.6642,32.2401,33.5199,34.0167,34.2914,34.2769,33.9332,32.6166,32.0067,31.6627,31.9392,32.7039,33.0173,33.2007,32.701,32.2879,31.5845,31.5655,31.9956,32.3174,32.2573,31.8284,31.3622,31.3178,31.5624,31.6193,31.3805,30.9869,31.0225,31.1379,31.0766,30.811,30.7071,30.7627,30.6738,30.4783,30.4721,30.4459,30.3129,30.259,30.2306,30.1454,30.0824,30.0475,29.9704,29.9277,29.8729,29.8277,29.7736,29.7349,29.6907,29.6465,29.5971,29.5628,29.5216,29.4842,29.4504,29.4206,29.3847,29.3526,29.3242,29.2912,29.2621,29.2369,29.215,29.1899,29.1685,29.1445,29.1253,29.1092,29.0967,29.0781,29.066,29.0557,29.0475,29.0387,29.0303,29.0284,29.0264,29.0249,29.0238,7.4614,7.23154,6.99072,6.77791,6.55612,6.34895,6.14536,5.94579,5.76863,5.57705,5.4075,5.2254,5.05677,4.89912,4.74033,4.59922,4.44311
0.95972,38.7001,36.5599,34.4499,32.6193,31.1127,30.0554,29.4715,29.3757,29.6715,30.2714,31.0658,31.9793,32.9473,33.8854,34.7144,35.3646,35.4492,35.4474,34.6844,33.5337,32.4101,31.6184,31.3816,31.6685,32.2443,33.5246,34.021,34.2953,34.2808,33.9369,32.6202,32.0106,31.6673,31.9443,32.7092,33.0222,33.2053,32.7055,32.2923,31.5893,31.571,32.0015,32.323,32.2628,31.8338,31.3677,31.3244,31.5689,31.6257,31.3869,30.9935,31.0297,31.1451,31.0839,30.8183,30.715,30.7709,30.682,30.4869,30.4809,30.4551,30.3222,30.2686,30.2405,30.1556,30.093,30.0584,29.9817,29.9395,29.8851,29.8403,29.7867,29.7485,29.7048,29.6612,29.6125,29.5788,29.5384,29.5017,29.4688,29.4397,29.4047,29.3735,29.346,29.3141,29.286,29.2615,29.2404,29.2163,29.1955,29.1727,29.1537,29.1382,29.1259,29.1078,29.0977,29.0868,29.0796,29.0716,29.0669,29.0619,29.0605,29.0591,29.0583,29.0606,7.32409,7.0803,6.86482,6.64018,6.43564,6.22418,6.02215,5.83338,5.64866,5.46823,5.29317,5.12171,4.96328,4.80113,4.65118,4.50014
0.96205,38.7043,36.5631,34.4528,32.6192,31.1128,30.0582,29.4757,29.3785,29.6746,30.2751,31.0674,31.9827,32.9506,33.8887,34.7178,35.3679,35.4525,35.4504,34.687,33.5361,32.412,31.6214,31.385,31.6722,32.2482,33.5284,34.0248,34.299,34.2843,33.9404,32.6232,32.0142,31.6715,31.9488,32.7136,33.0266,33.2094,32.7096,32.2965,31.5936,31.576,32.0068,32.3284,32.2679,31.8388,31.3728,31.3301,31.5748,31.6316,31.3927,30.9997,31.0363,31.1519,31.0906,30.8251,30.7223,30.7784,30.6895,30.4946,30.489,30.4633,30.3307,30.2775,30.2496,30.1648,30.1027,30.0683,29.992,29.9501,29.8961,29.8517,29.7986,29.7607,29.7176,29.6746,29.6265,29.5934,29.5536,29.5176,29.4853,29.457,29.4227,29.3924,29.3656,29.3345,29.3073,29.2835,29.2633,29.2401,29.2203,29.1983,29.1799,29.1651,29.1534,29.1362,29.1267,29.1161,29.1101,29.1018,29.0974,29.0924,29.0916,29.0901,29.0894,29.0915,29.0965,7.18991,6.97125,6.74311,6.54041,6.32079,6.1157,5.93276,5.74488,5.56143,5.38271,5.20903,5.03919,4.883,4.73001,4.57003
0.96437,38.7085,36.5666,34.4559,32.6204,31.1143,30.0604,29.4781,29.3792,29.6759,30.2785,31.0719,31.987,32.9538,33.8922,34.721,35.3712,35.4555,35.4534,34.6897,33.5383,32.4161,31.6244,31.3884,31.676,32.2519,33.5325,34.0287,34.3026,34.2878,33.9437,32.6269,32.0176,31.6757,31.953,32.7181,33.031,33.2138,32.7137,32.3005,31.5981,31.5809,32.012,32.3336,32.2729,31.8437,31.378,31.336,31.5808,31.6375,31.3985,31.0056,31.0429,31.1585,31.0972,30.8317,30.7296,30.7858,30.6969,30.5024,30.497,30.4715,30.339,30.2862,30.2586,30.174,30.1123,30.0781,30.0021,29.9607,29.907,29.863,29.8104,29.7728,29.7302,29.6877,29.6403,29.6076,29.5685,29.5332,29.5015,29.4738,29.4403,29.4108,29.3848,29.3544,29.328,29.3052,29.2858,29.2634,29.2441,29.2231,29.2053,29.1913,29.1801,29.1634,29.1542,29.1438,29.137,29.1303,29.1262,29.1221,29.1208,29.1198,29.1199,29.122,29.1268,7.34632,7.10802,6.87545,6.65838,6.45901,6.24925,6.04062,5.84937,5.66261,5.48068,5.30383,5.14948,4.97188,4.81617,4.67023
0.9666,38.7125,36.5699,34.4572,32.6231,31.1197,30.0632,29.4789,29.3837,29.6792,30.2806,31.0745,31.9903,32.9571,33.8953,34.7244,35.3743,35.4585,35.4563,34.6928,33.5416,32.4174,31.6273,31.392,31.6791,32.2557,33.5361,34.0323,34.3062,34.2911,33.9465,32.6302,32.021,31.6799,31.9574,32.7225,33.0356,33.2179,32.7176,32.3044,31.6021,31.5859,32.017,32.3386,32.2776,31.8484,31.383,31.3414,31.5866,31.6431,31.4043,31.0115,31.0493,31.165,31.1036,30.8381,30.7366,30.7929,30.7041,30.5098,30.5047,30.4794,30.3471,30.2946,30.2672,30.1828,30.1215,30.0875,30.0118,29.9708,29.9174,29.8737,29.8216,29.7844,29.7422,29.7002,29.6534,29.6212,29.5827,29.5479,29.5169,29.4897,29.457,29.4281,29.4028,29.3733,29.3478,29.3257,29.307,29.2852,29.2669,29.2466,29.2299,29.2164,29.2058,29.1901,29.1814,29.1721,29.1658,29.159,29.1552,29.1515,29.1496,29.1496,29.149,29.1511,29.1559,29.1593,7.23602,6.99958,6.78467,6.56924,6.3487,6.15429,5.95956,5.76923,5.58398,5.40382,5.2315,5.06554,4.90697,4.74439
0.96865,38.7162,36.5727,34.4611,32.6276,31.122,30.0655,29.4819,29.3861,29.6828,30.2836,31.0778,31.9932,32.9597,33.8985,34.7273,35.3772,35.4614,35.4588,34.6953,33.544,32.421,31.6293,31.3949,31.6822,32.2591,33.5395,34.0354,34.3092,34.2942,33.9498,32.6332,32.0241,31.6834,31.9616,32.7266,33.0395,33.2217,32.7213,32.308,31.6061,31.5902,32.0219,32.343,32.282,31.8527,31.3873,31.3467,31.592,31.6482,31.4092,31.0167,31.0549,31.1709,31.1094,30.8441,30.7429,30.7995,30.7106,30.5165,30.5117,30.4865,30.3544,30.3023,30.275,30.1908,30.1299,30.0961,30.0208,29.98,29.9269,29.8836,29.8318,29.795,29.7532,29.7116,29.6653,29.6335,29.5955,29.5613,29.5309,29.5042,29.4721,29.4439,29.4193,29.3904,29.3656,29.3441,29.3259,29.3048,29.2871,29.2676,29.2521,29.2386,29.2286,29.2135,29.2051,29.196,29.19,29.1834,29.1798,29.1763,29.1756,29.175,29.1747,29.1771,29.182,29.1856,29.1924,7.0951,6.872,6.65239,6.43667,6.23441,6.03711,5.85504,5.65667,5.48404,5.30323,5.14103,4.98017,4.81013
0.97071,38.7199,36.5757,34.4626,32.631,31.1243,30.067,29.4852,29.3888,29.6848,30.2861,31.0804,31.9957,32.9631,33.9016,34.7302,35.3801,35.4641,35.4613,34.6978,33.5464,32.4234,31.6323,31.3975,31.6864,32.263,33.543,34.0389,34.3127,34.2973,33.9527,32.636,32.0273,31.6874,31.9652,32.7307,33.0433,33.2254,32.7248,32.3115,31.6098,31.5945,32.0264,32.3476,32.2864,31.857,31.3918,31.3517,31.5971,31.6535,31.4142,31.0222,31.0607,31.1767,31.1153,30.85,30.7492,30.806,30.7172,30.5232,30.5188,30.4938,30.3619,30.3099,30.2829,30.1989,30.1382,30.1047,30.0297,29.9892,29.9364,29.8934,29.8421,29.8055,29.7641,29.7229,29.6771,29.6458,29.6083,29.5746,29.5447,29.5185,29.487,29.4594,29.4353,29.4072,29.3829,29.3622,29.3446,29.3242,29.3071,29.2882,29.2725,29.2603,29.2508,29.2363,29.2285,29.2201,29.2135,29.2085,29.2054,29.2022,29.2013,29.201,29.2008,29.2033,29.2081,29.2116,29.2183,29.2238,6.95284,6.72969,6.51154,6.30764,6.10796,5.91304,5.72314,5.5385,5.36588,5.19185,5.02927,4.8662
0.97262,38.7233,36.5785,34.4657,32.6331,31.1261,30.0696,29.4851,29.3892,29.6867,30.2899,31.0833,31.9987,32.9654,33.9044,34.7331,35.3828,35.4667,35.464,34.6999,33.5478,32.4249,31.634,31.4,31.6891,32.266,33.5464,34.0423,34.3157,34.3002,33.9556,32.6386,32.0301,31.6908,31.9687,32.7345,33.0468,33.229,32.7281,32.3149,31.6134,31.5987,32.0308,32.3519,32.2906,31.861,31.396,31.3566,31.602,31.6583,31.419,31.027,31.066,31.1822,31.1207,30.8555,30.7551,30.812,30.7233,30.5295,30.5253,30.5005,30.3687,30.317,30.2902,30.2063,30.146,30.1127,30.0378,29.9977,29.9451,29.9024,29.8515,29.8152,29.7742,29.7333,29.6881,29.6571,29.6201,29.5869,29.5573,29.5317,29.5007,29.4736,29.45,29.4226,29.399,29.3788,29.3617,29.3419,29.3254,29.3071,29.2921,29.2803,29.2712,29.2573,29.2499,29.242,29.2369,29.2299,29.2285,29.2256,29.225,29.2248,29.2247,29.2269,29.2316,29.2351,29.2416,29.247,7.0219,6.79708,6.57676,6.37985,6.16917,5.98067,5.7884,5.5939,5.41963,5.24551,5.07951,4.91481
0.97451,38.7267,36.5813,34.4683,32.6351,31.1281,30.0718,29.4895,29.3925,29.6899,30.2918,31.086,32.0013,32.9686,33.9069,34.7357,35.3854,35.4692,35.4663,34.7024,33.5508,32.4276,31.6367,31.403,31.6917,32.2694,33.5496,34.0453,34.3186,34.303,33.9582,32.6415,32.0327,31.6944,31.973,32.7383,33.0506,33.2325,32.7313,32.3181,31.6172,31.6027,32.0348,32.3559,32.2946,31.865,31.4001,31.3612,31.6068,31.6629,31.4237,31.0318,31.0713,31.1876,31.126,30.8608,30.7609,30.818,30.7292,30.5357,30.5317,30.507,30.3754,30.3241,30.2974,30.2137,30.1537,30.1205,30.0459,30.0061,29.9538,29.9114,29.8607,29.8247,29.7841,29.7436,29.6988,29.6681,29.6316,29.5988,29.5697,29.5445,29.5141,29.4875,29.4644,29.4376,29.4145,29.3948,29.3782,29.359,29.3432,29.3252,29.3108,29.2994,29.2907,29.2772,29.27,29.2626,29.2577,29.2524,29.2498,29.2472,29.2465,29.2464,29.2466,29.2493,29.254,29.2576,29.2642,29.2696,29.2763,6.86142,6.63901,6.43119,6.22992,6.02891,5.83529,5.64692,5.47091,5.29345,5.12759,4.96132
0.97626,38.7299,36.5839,34.4705,32.637,31.1299,30.0725,29.4915,29.3944,29.6926,30.2938,31.0868,32.0035,32.9712,33.9097,34.7383,35.3878,35.4716,35.4686,34.7045,33.5518,32.43,31.6394,31.4056,31.6945,32.2722,33.5526,34.0481,34.3213,34.3057,33.9607,32.6439,32.0355,31.6973,31.9761,32.7416,33.0543,33.2356,32.7345,32.3211,31.6203,31.6064,32.0388,32.36,32.2984,31.8687,31.4041,31.3653,31.6114,31.6674,31.4279,31.0364,31.0765,31.1927,31.1309,30.8658,30.7665,30.8236,30.7348,30.5414,30.5376,30.5132,30.3816,30.3306,30.3041,30.2205,30.1609,30.1278,30.0534,30.0139,29.9618,29.9196,29.8693,29.8335,29.7932,29.753,29.7086,29.6783,29.6422,29.6098,29.5811,29.5562,29.5263,29.5002,29.4776,29.4512,29.4287,29.4095,29.3933,29.3746,29.3588,29.3418,29.3279,29.3169,29.3085,29.2955,29.2896,29.2816,29.277,29.272,29.2695,29.2677,29.2666,29.2665,29.2668,29.2697,29.2743,29.2777,29.2843,29.2896,29.2963,29.303,6.69703,6.48735,6.28209,6.08156,5.8862,5.69626,5.51868,5.33963,5.17235,5.0046
0.97798,38.733,36.5861,34.4724,32.6391,31.1317,30.0754,29.492,29.3957,29.695,30.2957,31.0896,32.007,32.9736,33.9121,34.7408,35.3903,35.4739,35.4707,34.7068,33.5546,32.4321,31.6409,31.4076,31.697,32.275,33.5554,34.051,34.3242,34.308,33.9632,32.6464,32.0382,31.7004,31.9795,32.745,33.0572,33.239,32.7376,32.3242,31.6236,31.6101,32.0429,32.3636,32.3021,31.8723,31.4077,31.3698,31.6157,31.6717,31.4322,31.0408,31.0812,31.1975,31.1359,30.8708,30.7717,30.829,30.7402,30.547,30.5435,30.5192,30.3877,30.3369,30.3106,30.2271,30.1678,30.1349,30.0607,30.0215,29.9695,29.9277,29.8776,29.8421,29.8021,29.7622,29.7182,29.6882,29.6524,29.6205,29.5922,29.5677,29.5382,29.5125,29.4903,29.4645,29.4424,29.4237,29.408,29.3898,29.3747,29.3579,29.3444,29.3338,29.3259,29.3133,29.307,29.3,29.2958,29.291,29.2887,29.2864,29.2863,29.2864,29.2868,29.2904,29.2946,29.2975,29.3042,29.3094,29.3161,29.3224,29.3291,6.54453,6.33751,6.13522,5.93802,5.74643,5.56728,5.38665,5.21787,5.04864
0.97961,38.736,36.5886,34.4748,32.6402,31.1336,30.0766,29.4953,29.3981,29.6968,30.2982,31.0921,32.0085,32.9757,33.9146,34.7432,35.3926,35.4762,35.4729,34.7086,33.5564,32.4342,31.6435,31.41,31.7002,32.2777,33.5581,34.0537,34.3267,34.3105,33.9652,32.6489,32.0404,31.7037,31.9823,32.7481,33.0605,33.2416,32.7404,32.327,31.6266,31.6136,32.0464,32.3674,32.3055,31.8758,31.4113,31.3738,31.6199,31.6758,31.4363,31.0451,31.0857,31.2021,31.1404,30.8754,30.7767,30.8342,30.7454,30.5523,30.5491,30.5248,30.3934,30.343,30.3167,30.2334,30.1743,30.1415,30.0677,30.0286,29.9769,29.9353,29.8855,29.8502,29.8105,29.7709,29.7273,29.6975,29.6621,29.6305,29.6025,29.5784,29.5493,29.5241,29.5023,29.477,29.4554,29.4371,29.4219,29.4041,29.3895,29.3732,29.3601,29.3498,29.3422,29.33,29.324,29.3175,29.3136,29.3093,29.3072,29.3052,29.3051,29.3055,29.306,29.3087,29.3135,29.317,29.3234,29.3284,29.3348,29.3412,29.3479,6.60284,6.39381,6.18971,6.00288,5.80915,5.62804,5.44541,5.27478,5.09347
0.98116,38.7388,36.5911,34.4763,32.6424,31.1341,30.0781,29.497,29.3995,29.698,30.3005,31.0955,32.0108,32.9783,33.9169,34.7454,35.3948,35.4783,35.4749,34.7103,33.5585,32.4345,31.6457,31.4121,31.7027,32.2803,33.5608,34.0562,34.3291,34.313,33.9676,32.6509,32.0424,31.7064,31.9853,32.7512,33.0635,33.2445,32.7431,32.3297,31.6297,31.617,32.05,32.3708,32.3088,31.8789,31.4146,31.3777,31.6239,31.6797,31.4401,31.0491,31.0901,31.2065,31.1449,30.8798,30.7814,30.8391,30.7503,30.5574,30.5544,30.5302,30.3989,30.3486,30.3226,30.2393,30.1806,30.1479,30.0742,30.0354,29.9839,29.9424,29.893,29.8578,29.8184,29.7791,29.7358,29.7063,29.6713,29.64,29.6123,29.5885,29.5599,29.535,29.5136,29.4886,29.4674,29.4495,29.4346,29.4172,29.4031,29.3872,29.3745,29.3647,29.3574,29.3456,29.3398,29.3335,29.3298,29.3254,29.3238,29.3218,29.3214,29.3223,29.3229,29.3257,29.3304,29.334,29.3402,29.3447,29.3516,29.3578,29.3644,29.3717,6.45383,6.24782,6.04706,5.85189,5.66944,5.48545,5.31369,5.14119
0.98262,38.7412,36.5927,34.4785,32.6439,31.1349,30.0803,29.4984,29.4012,29.6996,30.3024,31.0965,32.0126,32.98,33.9189,34.7474,35.3967,35.4802,35.4765,34.7121,33.5599,32.4361,31.6475,31.4142,31.7048,32.2822,33.5632,34.0586,34.3313,34.3151,33.9698,32.6529,32.0448,31.7084,31.9881,32.754,33.0661,33.2471,32.7455,32.332,31.6322,31.62,32.0532,32.374,32.3118,31.8819,31.4178,31.3811,31.6273,31.6831,31.4434,31.0527,31.0942,31.2105,31.1488,30.8838,30.7859,30.8434,30.7546,30.562,30.559,30.535,30.4038,30.3537,30.3278,30.2446,30.1861,30.1536,30.0801,30.0415,29.9901,29.9488,29.8996,29.8647,29.8255,29.7864,29.7433,29.7141,29.6793,29.6483,29.621,29.5974,29.5691,29.5445,29.5234,29.4989,29.478,29.4605,29.4459,29.4289,29.4151,29.3995,29.3872,29.3777,29.3707,29.3592,29.3538,29.3478,29.3442,29.3399,29.3384,29.3367,29.337,29.3374,29.3381,29.3408,29.3456,29.349,29.3552,29.3577,29.3665,29.3721,29.3788,29.3859,29.3929,6.30819,6.10551,5.92043,5.736,5.53849,5.37581,5.19084
0.98402,38.7438,36.595,34.4787,32.6454,31.1357,30.081,29.4979,29.4028,29.7025,30.3045,31.0979,32.0146,32.9822,33.9208,34.7494,35.3987,35.4819,35.4783,34.7137,33.5613,32.4376,31.649,31.4164,31.7069,32.2852,33.5654,34.0609,34.3335,34.3172,33.9718,32.655,32.0469,31.7111,31.9907,32.7568,33.0688,33.2496,32.748,32.3345,31.635,31.623,32.0564,32.3769,32.3148,31.8849,31.4207,31.3846,31.6308,31.6867,31.447,31.0564,31.0979,31.2144,31.1527,30.8878,30.79,30.8478,30.759,30.5665,30.5638,30.5398,30.4088,30.3589,30.3331,30.25,30.1917,30.1593,30.0859,30.0475,29.9964,29.9553,29.9063,29.8715,29.8326,29.7937,29.751,29.722,29.6875,29.6568,29.6297,29.6065,29.5784,29.5542,29.5334,29.5092,29.4887,29.4715,29.4572,29.4406,29.427,29.4118,29.3998,29.3905,29.3837,29.3726,29.3674,29.3616,29.3582,29.3543,29.3527,29.3511,29.3516,29.3521,29.3529,29.3556,29.3602,29.3636,29.3697,29.3746,29.3806,29.3867,29.3928,29.3997,29.4066,29.4134,6.18134,5.98841,5.80291,5.61156,5.43744,5.25519
0.98538,38.7463,36.5969,34.4817,32.647,31.1394,30.083,29.5016,29.4062,29.7034,30.3065,31.1004,32.0174,32.9847,33.9228,34.7514,35.4006,35.4839,35.4802,34.715,33.5622,32.44,31.6512,31.419,31.709,32.2874,33.5678,34.0631,34.3357,34.3193,33.9738,32.6567,32.0489,31.7138,31.9934,32.7595,33.0714,33.2521,32.7504,32.337,31.6375,31.6261,32.0594,32.3799,32.3177,31.8877,31.4238,31.3882,31.6344,31.69,31.4503,31.0599,31.1019,31.2183,31.1566,30.8917,30.7943,30.8522,30.7633,30.5709,30.5684,30.5446,30.4136,30.3639,30.3383,30.2552,30.1972,30.1649,30.0917,30.0535,30.0025,29.9616,29.9128,29.8782,29.8395,29.8009,29.7584,29.7296,29.6954,29.665,29.6382,29.6151,29.5874,29.5635,29.543,29.5191,29.4989,29.482,29.468,29.4517,29.4384,29.4236,29.4118,29.4028,29.3963,29.3855,29.3804,29.3748,29.3716,29.368,29.3665,29.365,29.3654,29.366,29.3668,29.3696,29.3742,29.3777,29.3837,29.3885,29.3945,29.4005,29.4065,29.4133,29.4201,29.4268,6.30078,6.08481,5.89512,5.70371,5.53708,5.3456
0.98668,38.7485,36.5987,34.4831,32.6484,31.1391,30.0841,29.5006,29.4079,29.7039,30.3074,31.1028,32.0195,32.9863,33.9248,34.7532,35.4023,35.4855,35.4818,34.717,33.5645,32.4407,31.6523,31.4205,31.7106,32.2891,33.5699,34.0651,34.3376,34.3211,33.9756,32.6587,32.0509,31.7161,31.9957,32.7619,33.0739,33.2544,32.7525,32.3391,31.6396,31.6289,32.0621,32.3826,32.3203,31.8903,31.4263,31.3912,31.6375,31.6931,31.4533,31.063,31.1052,31.2219,31.16,30.8951,30.798,30.856,30.7672,30.5749,30.5725,30.5487,30.4179,30.3684,30.3428,30.2599,30.202,30.1698,30.0967,30.0587,30.0078,29.9671,29.9185,29.8841,29.8456,29.8072,29.765,29.7364,29.7024,29.6722,29.6456,29.6228,29.5954,29.5718,29.5515,29.5279,29.508,29.4914,29.4776,29.4616,29.4487,29.4341,29.4226,29.4139,29.4074,29.3971,29.3923,29.3869,29.3838,29.3804,29.3793,29.3777,29.3782,29.3789,29.3799,29.3826,29.3872,29.3906,29.3966,29.4014,29.4073,29.4132,29.4191,29.4258,29.4324,29.439,29.4455,6.20955,6.0159,5.82065,5.64018,5.45563
0.98794,38.7508,36.6007,34.4848,32.6497,31.1392,30.0842,29.5033,29.4092,29.7074,30.3093,31.1044,32.0204,32.988,33.9266,34.755,35.4041,35.4872,35.4832,34.7187,33.565,32.443,31.6542,31.4224,31.7129,32.2916,33.5721,34.0672,34.3396,34.3229,33.9773,32.6603,32.053,31.7181,31.998,32.7643,33.0762,33.2567,32.7544,32.3414,31.6423,31.6313,32.0649,32.3854,32.323,31.8929,31.4292,31.3943,31.6407,31.6963,31.4564,31.0663,31.1088,31.2254,31.1636,30.8987,30.8018,30.86,30.7712,30.579,30.5768,30.5532,30.4223,30.373,30.3476,30.2648,30.2071,30.175,30.1021,30.0643,30.0135,29.973,29.9246,29.8903,29.852,29.8138,29.7718,29.7434,29.7097,29.6797,29.6534,29.6308,29.6036,29.5803,29.5603,29.537,29.5174,29.501,29.4875,29.4718,29.4592,29.4448,29.4336,29.4251,29.4192,29.4087,29.4041,29.3989,29.396,29.3927,29.392,29.3902,29.3909,29.3916,29.393,29.3954,29.3999,29.4033,29.4091,29.4139,29.4197,29.4254,29.4313,29.4379,29.4444,29.4507,29.4571,29.4635,6.13248,5.93401,5.74165,5.55523
0.98914,38.7529,36.6022,34.4865,32.6513,31.1405,30.0852,29.5061,29.4099,29.7075,30.3116,31.1056,32.0216,32.9902,33.9285,34.7566,35.4058,35.4889,35.4846,34.7199,33.5674,32.4441,31.656,31.4236,31.7145,32.2936,33.5742,34.0692,34.3416,34.3247,33.9789,32.6623,32.0548,31.7203,32.0004,32.7666,33.0785,33.2589,32.7566,32.3434,31.6444,31.6339,32.0676,32.3882,32.3255,31.8955,31.4319,31.3971,31.6439,31.6993,31.4594,31.0693,31.1121,31.2289,31.167,30.9021,30.8056,30.8638,30.7751,30.583,30.5809,30.5573,30.4266,30.3774,30.3521,30.2693,30.2118,30.1799,30.1071,30.0694,30.0188,29.9784,29.9302,29.8961,29.858,29.8199,29.7782,29.75,29.7165,29.6868,29.6607,29.6383,29.6114,29.5883,29.5686,29.5456,29.5262,29.5101,29.4969,29.4814,29.469,29.455,29.4441,29.4358,29.4299,29.4199,29.4154,29.4104,29.4077,29.4043,29.4035,29.4023,29.4031,29.4038,29.4048,29.4077,29.4122,29.4156,29.4212,29.4261,29.4318,29.4372,29.4432,29.4496,29.4561,29.4622,29.4685,29.4749,6.21013,6.00838,5.81991,5.63136
0.99026,38.7548,36.6038,34.4871,32.6497,31.1444,30.0855,29.5072,29.411,29.7096,30.3135,31.1064,32.0227,32.9919,33.9301,34.7582,35.4073,35.4902,35.4863,34.7214,33.5686,32.4463,31.6572,31.4252,31.717,32.2951,33.5758,34.071,34.3432,34.3263,33.9806,32.6635,32.0563,31.7222,32.0024,32.7687,33.0806,33.2609,32.7586,32.3452,31.6465,31.636,32.07,32.3904,32.3277,31.8978,31.4341,31.3997,31.6466,31.7019,31.4619,31.0721,31.1151,31.2318,31.1699,30.9052,30.8089,30.867,30.7782,30.5864,30.5844,30.5609,30.4302,30.3813,30.356,30.2733,30.216,30.1841,30.1115,30.074,30.0235,29.9832,29.9352,29.9012,29.8632,29.8253,29.7838,29.7557,29.7224,29.6929,29.667,29.6448,29.6181,29.5952,29.5757,29.5529,29.5338,29.5179,29.5049,29.4896,29.4774,29.4636,29.453,29.4448,29.4391,29.4293,29.425,29.4201,29.4175,29.4145,29.4135,29.4124,29.4131,29.4139,29.4149,29.4178,29.4222,29.4257,29.4315,29.4359,29.4414,29.4473,29.453,29.4593,29.4656,29.4718,29.4777,29.484,29.4905,6.07014,5.8798,5.68887
0.99121,38.7565,36.6059,34.4878,32.6511,31.1453,30.087,29.5066,29.4111,29.7099,30.3151,31.1077,32.0241,32.9929,33.9314,34.7595,35.4087,35.4915,35.4874,34.7225,33.5698,32.4472,31.6576,31.4271,31.7178,32.2965,33.5776,34.0725,34.3448,34.3278,33.9819,32.665,32.0575,31.724,32.0043,32.7709,33.0826,33.2625,32.7602,32.3469,31.6481,31.6383,32.0722,32.3927,32.3299,31.8997,31.4362,31.4022,31.6489,31.7044,31.4643,31.0746,31.1178,31.2346,31.1726,30.9079,30.8118,30.87,30.7813,30.5895,30.5876,30.5642,30.4337,30.3848,30.3596,30.277,30.2199,30.188,30.1155,30.0781,30.0277,29.9876,29.9397,29.9058,29.868,29.8303,29.789,29.761,29.7279,29.6986,29.6728,29.6508,29.6243,29.6016,29.5822,29.5597,29.5408,29.5251,29.5122,29.4972,29.4851,29.4716,29.461,29.4531,29.4474,29.4378,29.4337,29.4289,29.4264,29.4235,29.4226,29.4215,29.4224,29.4233,29.4242,29.4271,29.4316,29.435,29.4406,29.4452,29.4508,29.4563,29.4617,29.468,29.4742,29.4803,29.4863,29.4923,29.4987,29.5048,5.93328,5.74832
0.99213,38.758,36.6063,34.4892,32.6536,31.1463,30.0902,29.5087,29.4125,29.7112,30.3155,31.1095,32.0259,32.9936,33.9324,34.7608,35.4099,35.4929,35.4883,34.7236,33.5706,32.4475,31.6595,31.4273,31.72,32.2979,33.579,34.074,34.3461,34.3291,33.9832,32.6661,32.059,31.7256,32.0059,32.7724,33.0843,33.2641,32.7617,32.3485,31.6497,31.6401,32.0743,32.3945,32.3318,31.9015,31.438,31.4045,31.6512,31.7065,31.4665,31.0768,31.1201,31.2371,31.175,30.9103,30.8144,30.8727,30.784,30.5923,30.5905,30.5672,30.4367,30.3878,30.3628,30.2803,30.2232,30.1915,30.119,30.0818,30.0315,29.9915,29.9437,29.9099,29.8723,29.8346,29.7935,29.7657,29.7327,29.7035,29.6779,29.656,29.6297,29.6072,29.588,29.5657,29.5469,29.5314,29.5186,29.5038,29.4919,29.4785,29.4681,29.4603,29.4548,29.4454,29.4413,29.4367,29.4343,29.4315,29.4308,29.4295,29.4303,29.4315,29.4326,29.4355,29.44,29.4432,29.4488,29.4535,29.4591,29.4643,29.4697,29.4759,29.4819,29.4882,29.4938,29.4999,29.5063,29.5122,5.9833,5.79788
0.99304,38.7595,36.6074,34.4906,32.6545,31.1472,30.0891,29.5086,29.415,29.7122,30.3174,31.1105,32.0275,32.9949,33.9339,34.7623,35.4112,35.4941,35.4896,34.7245,33.5718,32.4489,31.6604,31.4294,31.7207,32.2993,33.5805,34.0754,34.3472,34.3305,33.9845,32.6674,32.0601,31.7274,32.008,32.7739,33.0858,33.2656,32.7633,32.3499,31.6513,31.642,32.076,32.3965,32.3336,31.9034,31.4399,31.4067,31.6533,31.7086,31.4686,31.079,31.1227,31.2396,31.1774,30.9127,30.817,30.8754,30.7866,30.5951,30.5933,30.5701,30.4396,30.391,30.3659,30.2835,30.2266,30.1949,30.1226,30.0854,30.0352,29.9953,29.9477,29.914,29.8764,29.8389,29.7979,29.7702,29.7375,29.7084,29.6829,29.6612,29.6351,29.6127,29.5936,29.5715,29.553,29.5375,29.525,29.5103,29.4985,29.4855,29.4752,29.4675,29.4622,29.4531,29.4491,29.4446,29.4421,29.4396,29.439,29.438,29.4387,29.4399,29.4411,29.4441,29.4486,29.4519,29.4575,29.4622,29.4678,29.4729,29.4782,29.4843,29.4903,29.4967,29.502,29.5082,29.5146,29.5203,29.5254,5.83586
0.995,38.7629,36.61,34.493,32.6571,31.1484,30.0925,29.5121,29.4159,29.7145,30.3185,31.1142,32.0301,32.998,33.937,34.765,35.4138,35.4967,35.4921,34.7268,33.5738,32.451,31.6628,31.4318,31.724,32.3027,33.5837,34.0786,34.3504,34.3333,33.9872,32.6702,32.0632,31.7307,32.0113,32.7779,33.0896,33.2691,32.7667,32.3533,31.6549,31.6462,32.0806,32.4007,32.3376,31.9074,31.444,31.4114,31.6583,31.7134,31.4733,31.0839,31.1279,31.2448,31.1828,30.9181,30.8229,30.8814,30.7926,30.6012,30.5998,30.5766,30.4463,30.3979,30.373,30.2907,30.2341,30.2025,30.1305,30.0936,30.0436,30.0039,29.9566,29.9231,29.8858,29.8486,29.808,29.7806,29.7481,29.7194,29.6942,29.6728,29.647,29.625,29.6063,29.5845,29.5663,29.5513,29.5391,29.5248,29.5134,29.5006,29.4908,29.4835,29.4784,29.4695,29.4659,29.4617,29.4596,29.4572,29.4566,29.456,29.4571,29.4581,29.4593,29.4623,29.4667,29.47,29.4755,29.4798,29.4851,29.4904,29.4956,29.5015,29.5073,29.513,29.5186,29.5242,29.5302,29.5357,29.5415,29.547
0.999,38.77,36.6159,34.498,32.6618,31.1532,30.0966,29.5143,29.4208,29.721,30.3245,31.12,32.0363,33.0037,33.9428,34.7707,35.4194,35.5022,35.497,34.7312,33.5783,32.4561,31.6681,31.4376,31.73,32.3097,33.5904,34.085,34.3567,34.3393,33.9929,32.676,32.0687,31.738,32.0188,32.7857,33.0972,33.2763,32.7735,32.3601,31.6623,31.6545,32.0896,32.4095,32.346,31.9156,31.4526,31.4211,31.6683,31.7233,31.4831,31.0941,31.139,31.2561,31.1939,30.9294,30.8349,30.8938,30.8049,30.614,30.613,30.5901,30.4601,30.4122,30.3877,30.3056,30.2496,30.2184,30.1467,30.1104,30.0608,30.0216,29.9748,29.9418,29.9051,29.8685,29.8285,29.8016,29.7698,29.7417,29.7172,29.6964,29.6713,29.65,29.6319,29.6109,29.5935,29.5791,29.5675,29.5538,29.5431,29.531,29.5217,29.5149,29.5102,29.5019,29.4986,29.4948,29.493,29.4908,29.4904,29.4898,29.4911,29.4921,29.4932,29.4961,29.5004,29.5034,29.5086,29.5127,29.5177,29.5226,29.5274,29.533,29.5384,29.5437,29.549,29.5542,29.5598,29.5649,29.5703,29.5751
