,0.342,0.35905,0.3761,0.39315,0.4102,0.42725,0.4443,0.46135,0.49545,0.5125,0.52955,0.56365,0.5807,0.6148,0.63185,0.66595,0.70005,0.73415,0.76825,0.80235,0.83645,0.87055,0.9217,0.9558,0.9899,1.04105,1.0922,1.14335,1.1945,1.24565,1.2968,1.365,1.41615,1.48435,1.54232,1.62416,1.706,1.76056,1.8424,1.92424,2.03336,2.1152,2.19704,2.30616,2.41528,2.5244,2.63352,2.76992,2.87904,3.01544,3.15184,3.28824,3.45192,3.58832,3.752,3.91568,4.10664,4.2976,4.48856,4.67952,4.89776,5.116,5.33424,5.57976,5.85256,6.09808,6.37088,6.67096,6.97104,7.27112,7.59848,7.95312,8.30776,8.68968,9.0716,9.4808,9.91728,10.3538,10.8175,11.3086,11.8269,12.3725
1e-08,26.627,24.9445,22.2154,16.913,1.37134,0.43536,0.15721,0.0615716,0.0121043,0.00611193,0.00335533,0.00126173,0.000848946,0.000443477,0.000267999,0.00021717,0.000152041,0.000113821,8.96357e-05,7.33933e-05,6.1949e-05,5.35619e-05,4.45924e-05,4.01911e-05,3.51238e-05,3.24722e-05,2.9258e-05,2.67087e-05,2.4636e-05,2.29155e-05,2.14618e-05,1.98373e-05,1.84834e-05,1.76049e-05,1.66769e-05,1.55999e-05,1.46741e-05,1.41245e-05,1.33832e-05,1.27252e-05,1.19528e-05,1.14384e-05,1.08234e-05,1.04073e-05,9.90326e-06,9.44874e-06,9.03635e-06,8.57125e-06,8.23368e-06,7.84877e-06,7.49936e-06,7.18061e-06,6.83299e-06,6.56859e-06,6.27761e-06,5.96966e-06,5.7291e-06,5.47217e-06,5.23752e-06,5.02238e-06,4.79734e-06,4.59176e-06,4.38071e-06,4.1883e-06,4.01217e-06,3.83314e-06,3.66946e-06,3.51924e-06,3.36762e-06,3.21649e-06,3.07837e-06,2.95165e-06,2.81642e-06,2.7015e-06,2.58005e-06,2.46906e-06,2.36723e-06,2.26154e-06,2.16489e-06,2.07118e-06,1.98069e-06,1.89778e-06
1.2e-08,27.0667,25.4082,22.8426,18.5032,1.76826,0.532372,0.189912,0.0740816,0.0145332,0.0073364,0.00402704,0.00151417,0.00101878,0.000532184,0.000321604,0.000260607,0.00018245,0.000136586,0.000107563,8.80724e-05,7.43391e-05,6.42745e-05,5.3511e-05,4.82295e-05,4.21486e-05,3.89668e-05,3.51097e-05,3.20505e-05,2.95633e-05,2.74987e-05,2.57542e-05,2.38048e-05,2.21802e-05,2.1126e-05,2.00123e-05,1.872e-05,1.76089e-05,1.69494e-05,1.60598e-05,1.52703e-05,1.43434e-05,1.37261e-05,1.29881e-05,1.24888e-05,1.18839e-05,1.13385e-05,1.08436e-05,1.02855e-05,9.88044e-06,9.41852e-06,8.99923e-06,8.61672e-06,8.19959e-06,7.8823e-06,7.53315e-06,7.1636e-06,6.87492e-06,6.56659e-06,6.28505e-06,6.02686e-06,5.75683e-06,5.51013e-06,5.25686e-06,5.02596e-06,4.81461e-06,4.59977e-06,4.40336e-06,4.22309e-06,4.04115e-06,3.85979e-06,3.69405e-06,3.54198e-06,3.3797e-06,3.2418e-06,3.09605e-06,2.96287e-06,2.84069e-06,2.71385e-06,2.59788e-06,2.48542e-06,2.37683e-06,2.27734e-06
1.44e-08,27.4722,25.8324,23.3961,19.6216,2.35644,0.654086,0.229746,0.0891821,0.0174513,0.00880671,0.00483338,0.00181714,0.0012226,0.00063864,0.00038593,0.000312733,0.000218944,0.000163904,0.000129077,0.000105687,8.92071e-05,7.71296e-05,6.42134e-05,5.78756e-05,5.05785e-05,4.67602e-05,4.21317e-05,3.84606e-05,3.5476e-05,3.29984e-05,3.09051e-05,2.85658e-05,2.66162e-05,2.53512e-05,2.40148e-05,2.2464e-05,2.11307e-05,2.03393e-05,1.92719e-05,1.83243e-05,1.72121e-05,1.64713e-05,1.55857e-05,1.49866e-05,1.42607e-05,1.36062e-05,1.30124e-05,1.23426e-05,1.18566e-05,1.13022e-05,1.07991e-05,1.03401e-05,9.83954e-06,9.45878e-06,9.03978e-06,8.59633e-06,8.24993e-06,7.87994e-06,7.54206e-06,7.23225e-06,6.90821e-06,6.61215e-06,6.30824e-06,6.03117e-06,5.77754e-06,5.51974e-06,5.28403e-06,5.06772e-06,4.84938e-06,4.63175e-06,4.43286e-06,4.25038e-06,4.05565e-06,3.89016e-06,3.71528e-06,3.55545e-06,3.40882e-06,3.25663e-06,3.11746e-06,2.98252e-06,2.8522e-06,2.73281e-06
1.728e-08,27.8483,26.2233,23.8918,20.501,3.37206,0.808664,0.278434,0.107432,0.0209581,0.0105724,0.00580141,0.00218077,0.00146721,0.000766394,0.000463127,0.000375287,0.000262735,0.000196686,0.000154893,0.000126826,0.000107049,9.25558e-05,7.70562e-05,6.94508e-05,6.06943e-05,5.61124e-05,5.05582e-05,4.61529e-05,4.25713e-05,3.95982e-05,3.70862e-05,3.4279e-05,3.19396e-05,3.04215e-05,2.88178e-05,2.69568e-05,2.53569e-05,2.44072e-05,2.31263e-05,2.19893e-05,2.06546e-05,1.97656e-05,1.8703e-05,1.79839e-05,1.71129e-05,1.63275e-05,1.56149e-05,1.48112e-05,1.42279e-05,1.35627e-05,1.29589e-05,1.24081e-05,1.18075e-05,1.13506e-05,1.08478e-05,1.03156e-05,9.89994e-06,9.45593e-06,9.0505e-06,8.67872e-06,8.28985e-06,7.9346e-06,7.56988e-06,7.23742e-06,6.93306e-06,6.62369e-06,6.34085e-06,6.08126e-06,5.81927e-06,5.55811e-06,5.31945e-06,5.10047e-06,4.86678e-06,4.66821e-06,4.45834e-06,4.26655e-06,4.0906e-06,3.90796e-06,3.74095e-06,3.57902e-06,3.42265e-06,3.27937e-06
2.0736e-08,28.1991,26.5859,24.3411,21.2317,13.7668,1.00831,0.338192,0.129521,0.0251739,0.0126931,0.00696363,0.00261722,0.00176078,0.000919711,0.000555767,0.000450355,0.000315287,0.000236026,0.000185873,0.000152191,0.00012846,0.000111068,9.24679e-05,8.33414e-05,7.28334e-05,6.73351e-05,6.06699e-05,5.53836e-05,5.10857e-05,4.7518e-05,4.45036e-05,4.11349e-05,3.83275e-05,3.65058e-05,3.45814e-05,3.23482e-05,3.04284e-05,2.92887e-05,2.77516e-05,2.63871e-05,2.47855e-05,2.37187e-05,2.24436e-05,2.15807e-05,2.05355e-05,1.9593e-05,1.87379e-05,1.77734e-05,1.70735e-05,1.62753e-05,1.55508e-05,1.48898e-05,1.4169e-05,1.36207e-05,1.30173e-05,1.23787e-05,1.18799e-05,1.13471e-05,1.08606e-05,1.04145e-05,9.94785e-06,9.52154e-06,9.0839e-06,8.68491e-06,8.31968e-06,7.94845e-06,7.60904e-06,7.29754e-06,6.98314e-06,6.66975e-06,6.38334e-06,6.12058e-06,5.84015e-06,5.60186e-06,5.35001e-06,5.11986e-06,4.90872e-06,4.68956e-06,4.48916e-06,4.29483e-06,4.10718e-06,3.93526e-06
2.4883e-08,28.5275,26.9238,24.7519,21.8594,16.6253,1.27245,0.411926,0.156305,0.030243,0.0152407,0.00835909,0.00314105,0.00211311,0.0011037,0.000666935,0.000540435,0.000378348,0.000283233,0.000223049,0.00018263,0.000154151,0.000133281,0.000110961,0.000100009,8.73998e-05,8.08017e-05,7.28036e-05,6.64599e-05,6.13026e-05,5.70213e-05,5.3404e-05,4.93616e-05,4.59928e-05,4.38067e-05,4.14974e-05,3.88177e-05,3.65138e-05,3.51462e-05,3.33017e-05,3.16644e-05,2.97425e-05,2.84623e-05,2.69322e-05,2.58967e-05,2.46425e-05,2.35115e-05,2.24853e-05,2.1328e-05,2.04881e-05,1.95302e-05,1.86608e-05,1.78676e-05,1.70027e-05,1.63447e-05,1.56207e-05,1.48544e-05,1.42558e-05,1.36165e-05,1.30327e-05,1.24973e-05,1.19374e-05,1.14258e-05,1.09006e-05,1.04218e-05,9.98357e-06,9.53808e-06,9.1308e-06,8.75699e-06,8.37972e-06,8.00366e-06,7.65997e-06,7.34465e-06,7.00814e-06,6.72219e-06,6.41998e-06,6.1438e-06,5.89043e-06,5.62744e-06,5.38696e-06,5.15377e-06,4.92859e-06,4.72228e-06
2.986e-08,28.8363,27.2402,25.1305,22.4108,18.0837,1.63536,0.503544,0.18886,0.0363421,0.0183021,0.0100351,0.00376991,0.00253606,0.00132453,0.000800363,0.00064855,0.000454035,0.000339889,0.000267665,0.000219161,0.000184985,0.00015994,0.000133156,0.000120014,0.000104881,9.69634e-05,8.73661e-05,7.97533e-05,7.35643e-05,6.84267e-05,6.40858e-05,5.92349e-05,5.51922e-05,5.25689e-05,4.97978e-05,4.65819e-05,4.38173e-05,4.21761e-05,3.99627e-05,3.79978e-05,3.56915e-05,3.41553e-05,3.23191e-05,3.10766e-05,2.95714e-05,2.82142e-05,2.69828e-05,2.5594e-05,2.45861e-05,2.34367e-05,2.23933e-05,2.14415e-05,2.04035e-05,1.9614e-05,1.87452e-05,1.78256e-05,1.71073e-05,1.634e-05,1.56394e-05,1.4997e-05,1.43251e-05,1.37112e-05,1.30809e-05,1.25064e-05,1.19805e-05,1.14459e-05,1.09571e-05,1.05085e-05,1.00558e-05,9.60454e-06,9.19212e-06,8.81373e-06,8.40991e-06,8.06675e-06,7.70409e-06,7.37268e-06,7.06863e-06,6.75304e-06,6.46445e-06,6.18462e-06,5.91441e-06,5.66682e-06
3.5832e-08,29.1276,27.5376,25.4814,22.9032,19.13,2.16627,0.61838,0.228534,0.0436828,0.0219813,0.0120479,0.00452476,0.00304366,0.00158956,0.000960478,0.000778288,0.000544855,0.000407875,0.000321203,0.000262996,0.000221985,0.000191929,0.000159788,0.000144016,0.000125859,0.000116357,0.00010484,9.57043e-05,8.82774e-05,8.21124e-05,7.69034e-05,7.10819e-05,6.62309e-05,6.30829e-05,5.97575e-05,5.58985e-05,5.2581e-05,5.06115e-05,4.79554e-05,4.55976e-05,4.283e-05,4.09866e-05,3.8783e-05,3.7292e-05,3.54858e-05,3.38572e-05,3.23796e-05,3.07129e-05,2.95034e-05,2.81241e-05,2.68721e-05,2.57299e-05,2.44843e-05,2.35369e-05,2.24943e-05,2.13907e-05,2.05288e-05,1.96081e-05,1.87674e-05,1.79965e-05,1.71901e-05,1.64535e-05,1.56972e-05,1.50077e-05,1.43766e-05,1.37351e-05,1.31486e-05,1.26103e-05,1.2067e-05,1.15255e-05,1.10306e-05,1.05765e-05,1.00919e-05,9.68014e-06,9.24494e-06,8.84724e-06,8.48239e-06,8.10367e-06,7.75736e-06,7.42157e-06,7.09731e-06,6.80021e-06
4.2998e-08,29.4031,27.8181,25.8084,23.3483,19.9604,3.05439,0.76404,0.277051,0.0525237,0.0264046,0.0144657,0.00543089,0.00365294,0.00190761,0.00115263,0.000933978,0.00065384,0.000489457,0.000385446,0.000315597,0.000266381,0.000230315,0.000191745,0.00017282,0.00015103,0.000139628,0.000125807,0.000114845,0.000105932,9.85345e-05,9.22835e-05,8.52983e-05,7.94767e-05,7.5699e-05,7.17086e-05,6.70778e-05,6.30968e-05,6.07335e-05,5.75464e-05,5.47169e-05,5.13959e-05,4.91838e-05,4.65392e-05,4.475e-05,4.25827e-05,4.06285e-05,3.88551e-05,3.68552e-05,3.54038e-05,3.37487e-05,3.22464e-05,3.08757e-05,2.93811e-05,2.82441e-05,2.69929e-05,2.56687e-05,2.46344e-05,2.35295e-05,2.25207e-05,2.15957e-05,2.0628e-05,1.9744e-05,1.88365e-05,1.80092e-05,1.72518e-05,1.6482e-05,1.57782e-05,1.51322e-05,1.44803e-05,1.38305e-05,1.32366e-05,1.26918e-05,1.21103e-05,1.16161e-05,1.10939e-05,1.06166e-05,1.01788e-05,9.72433e-06,9.30874e-06,8.90587e-06,8.51676e-06,8.16018e-06
5.1598e-08,29.6645,28.0834,26.1147,23.7547,20.6544,12.9504,0.951868,0.336652,0.0631806,0.0317249,0.017371,0.00651891,0.00438438,0.00228939,0.00138325,0.00112084,0.000784644,0.00058737,0.000462549,0.000378725,0.000319665,0.000276384,0.000230099,0.000207387,0.000181239,0.000167556,0.000150971,0.000137815,0.000127121,0.000118243,0.000110742,0.000102359,9.53733e-05,9.084e-05,8.60513e-05,8.04946e-05,7.57174e-05,7.28813e-05,6.90561e-05,6.56609e-05,6.16758e-05,5.90211e-05,5.58479e-05,5.3701e-05,5.11001e-05,4.87546e-05,4.6627e-05,4.42268e-05,4.24852e-05,4.04989e-05,3.86961e-05,3.70512e-05,3.52576e-05,3.38933e-05,3.23919e-05,3.08029e-05,2.95617e-05,2.82359e-05,2.70252e-05,2.59151e-05,2.47538e-05,2.36931e-05,2.26041e-05,2.16113e-05,2.07024e-05,1.97787e-05,1.89342e-05,1.8159e-05,1.73766e-05,1.65968e-05,1.58841e-05,1.52303e-05,1.45324e-05,1.39394e-05,1.33128e-05,1.27401e-05,1.22147e-05,1.16694e-05,1.11707e-05,1.06871e-05,1.02202e-05,9.79235e-06
6.1917e-08,29.913,28.335,26.4024,24.1285,21.253,16.091,1.19976,0.410261,0.0760363,0.0381264,0.0208625,0.00782519,0.0052624,0.00274757,0.00166001,0.00134508,0.000941606,0.00070486,0.000555067,0.000454475,0.0003836,0.000331662,0.000276118,0.000248865,0.000217487,0.000201067,0.000181164,0.000165379,0.000152544,0.000141891,0.00013289,0.000122831,0.000114447,0.000109008,0.000103262,9.65928e-05,9.08604e-05,8.74568e-05,8.28673e-05,7.87929e-05,7.40106e-05,7.08249e-05,6.70173e-05,6.4441e-05,6.13198e-05,5.85054e-05,5.5952e-05,5.30722e-05,5.0982e-05,4.85985e-05,4.64351e-05,4.44615e-05,4.23091e-05,4.06718e-05,3.88702e-05,3.69633e-05,3.54739e-05,3.3883e-05,3.24301e-05,3.10979e-05,2.97045e-05,2.84317e-05,2.71248e-05,2.59335e-05,2.48429e-05,2.37343e-05,2.27208e-05,2.17906e-05,2.08519e-05,1.99161e-05,1.9061e-05,1.82762e-05,1.74389e-05,1.67273e-05,1.59753e-05,1.52881e-05,1.46576e-05,1.40032e-05,1.34048e-05,1.28245e-05,1.22642e-05,1.17508e-05
7.4301e-08,30.1498,28.5743,26.6739,24.4748,21.7805,17.5574,1.53893,0.501838,0.0915645,0.045834,0.0250604,0.00939401,0.00631665,0.0032976,0.00199222,0.00161424,0.00113,0.000845872,0.000666106,0.000545386,0.000460333,0.000398005,0.00033135,0.000298644,0.000260988,0.000241285,0.000217401,0.000198458,0.000183056,0.000170272,0.00015947,0.000147399,0.000137339,0.000130812,0.000123916,0.000115914,0.000109034,0.00010495,9.94423e-05,9.4553e-05,8.8814e-05,8.49911e-05,8.04218e-05,7.73302e-05,7.35847e-05,7.02077e-05,6.71434e-05,6.36873e-05,6.11795e-05,5.83192e-05,5.57229e-05,5.33545e-05,5.07715e-05,4.8807e-05,4.6645e-05,4.43567e-05,4.25692e-05,4.06602e-05,3.89168e-05,3.7318e-05,3.56461e-05,3.41185e-05,3.25501e-05,3.11206e-05,2.98118e-05,2.84816e-05,2.72654e-05,2.61492e-05,2.50227e-05,2.38997e-05,2.28734e-05,2.19318e-05,2.09269e-05,2.0073e-05,1.91706e-05,1.8346e-05,1.75894e-05,1.68041e-05,1.60859e-05,1.53896e-05,1.47172e-05,1.41012e-05
8.9161e-08,30.3758,28.8022,26.9306,24.7972,22.2528,18.5975,2.03206,0.616819,0.110344,0.0551198,0.0301088,0.0112781,0.00758243,0.00395782,0.00239092,0.00193725,0.00135608,0.00101509,0.000799354,0.000654481,0.000552411,0.000477614,0.000397625,0.000358377,0.000313189,0.000289545,0.000260884,0.000238151,0.00021967,0.000204328,0.000191366,0.00017688,0.000164808,0.000156975,0.0001487,0.000139097,0.000130842,0.000125941,0.000119331,0.000113464,0.000106577,0.00010199,9.65068e-05,9.27968e-05,8.83023e-05,8.42496e-05,8.05724e-05,7.64252e-05,7.34156e-05,6.99835e-05,6.68678e-05,6.40257e-05,6.09263e-05,5.85687e-05,5.59743e-05,5.32284e-05,5.10833e-05,4.87925e-05,4.67003e-05,4.47819e-05,4.27756e-05,4.09424e-05,3.90604e-05,3.73449e-05,3.57744e-05,3.41781e-05,3.27187e-05,3.13792e-05,3.00274e-05,2.86798e-05,2.74483e-05,2.63183e-05,2.51125e-05,2.40878e-05,2.30049e-05,2.20153e-05,2.11074e-05,2.0165e-05,1.93033e-05,1.84677e-05,1.76608e-05,1.69215e-05
1.0699e-07,30.5921,29.0199,27.1741,25.0989,22.6805,19.4196,2.84363,0.762982,0.133089,0.0663141,0.0361819,0.0135411,0.00910222,0.00475026,0.00286941,0.0023249,0.00162737,0.00121814,0.000959238,0.00078538,0.000662893,0.000573133,0.000477145,0.000430048,0.000375822,0.000347449,0.000313056,0.000285777,0.000263599,0.000245189,0.000229635,0.000212252,0.000197766,0.000188366,0.000178436,0.000166913,0.000157007,0.000151126,0.000143195,0.000136155,0.00012789,0.000122386,0.000115806,0.000111354,0.000105961,0.000101097,9.66852e-05,9.17086e-05,8.80969e-05,8.39782e-05,8.02399e-05,7.68294e-05,7.31101e-05,7.0281e-05,6.71677e-05,6.38727e-05,6.12988e-05,5.85496e-05,5.60393e-05,5.37374e-05,5.13296e-05,4.91299e-05,4.68717e-05,4.4813e-05,4.29284e-05,4.10129e-05,3.92616e-05,3.76542e-05,3.60321e-05,3.4415e-05,3.29373e-05,3.15813e-05,3.01344e-05,2.89048e-05,2.76053e-05,2.64178e-05,2.53284e-05,2.41975e-05,2.31635e-05,2.21607e-05,2.11925e-05,2.03054e-05
1.2839e-07,30.7992,29.2281,27.4057,25.3823,23.0719,20.1056,12.8158,0.952099,0.160706,0.0798285,0.0434949,0.0162607,0.010928,0.00570185,0.00344388,0.00279027,0.00195306,0.0014619,0.00115116,0.000942509,0.00079551,0.00068779,0.000572596,0.000516076,0.000451002,0.000416953,0.000375678,0.000342942,0.000316329,0.000294236,0.00027557,0.00025471,0.000237326,0.000226046,0.00021413,0.000200302,0.000188413,0.000181356,0.000171839,0.00016339,0.000153473,0.000146867,0.000138971,0.000133628,0.000127156,0.00012132,0.000116025,0.000110053,0.000105719,0.000100777,9.62905e-05,9.21976e-05,8.77344e-05,8.43394e-05,8.06035e-05,7.66491e-05,7.35606e-05,7.02616e-05,6.72489e-05,6.44864e-05,6.15972e-05,5.89574e-05,5.62475e-05,5.37771e-05,5.15155e-05,4.92168e-05,4.71152e-05,4.51864e-05,4.32396e-05,4.12992e-05,3.95258e-05,3.78987e-05,3.61622e-05,3.46867e-05,3.31273e-05,3.17022e-05,3.03949e-05,2.90378e-05,2.77968e-05,2.65936e-05,2.54317e-05,2.43671e-05
1.5407e-07,30.998,29.4275,27.6264,25.6495,23.4327,20.697,15.8709,1.20293,0.194313,0.0961597,0.0523049,0.0195291,0.0131212,0.0068444,0.00413352,0.00334891,0.00234396,0.00175444,0.0013815,0.00113108,0.000954663,0.000825386,0.000687144,0.000619315,0.000541222,0.00050036,0.000450829,0.000411545,0.000379606,0.000353094,0.000330693,0.000305661,0.0002848,0.000271263,0.000256963,0.000240369,0.000226103,0.000217634,0.000206212,0.000196073,0.000184172,0.000176245,0.00016677,0.000160358,0.000152592,0.000145588,0.000139234,0.000132067,0.000126867,0.000120935,0.000115552,0.00011064,0.000105284,0.00010121,9.67268e-05,9.19816e-05,8.8275e-05,8.43161e-05,8.07009e-05,7.73858e-05,7.39186e-05,7.07508e-05,6.74988e-05,6.45343e-05,6.18203e-05,5.90617e-05,5.65398e-05,5.42251e-05,5.18889e-05,4.95604e-05,4.74321e-05,4.54796e-05,4.33958e-05,4.16251e-05,3.97538e-05,3.80437e-05,3.64748e-05,3.48463e-05,3.33571e-05,3.19132e-05,3.05189e-05,2.92413e-05
1.8488e-07,31.189,29.6189,27.8371,25.9022,23.7673,21.2181,17.3,1.54871,0.235331,0.11592,0.062924,0.0234577,0.0157557,0.00821615,0.00496125,0.00401937,0.00281308,0.00210549,0.00165789,0.00135734,0.00114562,0.000990483,0.000824583,0.000743184,0.000649471,0.000600435,0.000540996,0.000493854,0.000455527,0.000423712,0.000396832,0.000366792,0.000341759,0.000325514,0.000308354,0.000288441,0.000271322,0.000261159,0.000247453,0.000235287,0.000221006,0.000211493,0.000200123,0.000192429,0.000183109,0.000174705,0.00016708,0.00015848,0.000152239,0.000145122,0.000138661,0.000132768,0.00012634,0.000121451,0.000116071,0.000110377,0.00010593,0.000101179,9.68406e-05,9.28626e-05,8.87017e-05,8.49006e-05,8.09981e-05,7.74406e-05,7.4184e-05,7.08738e-05,6.78474e-05,6.50698e-05,6.22665e-05,5.9472e-05,5.69182e-05,5.45752e-05,5.20748e-05,4.99499e-05,4.77043e-05,4.56522e-05,4.37695e-05,4.18154e-05,4.00283e-05,3.82956e-05,3.66225e-05,3.50894e-05
2.2186e-07,31.3728,29.8028,28.0388,26.1419,24.0794,21.685,18.3174,2.05895,0.285609,0.139883,0.0757419,0.0281832,0.0189227,0.00986391,0.00595526,0.00482443,0.00337631,0.00252693,0.00198968,0.00162896,0.00137485,0.00118866,0.000989558,0.000891871,0.000779404,0.000720557,0.000649226,0.000592651,0.000546657,0.000508477,0.000476218,0.000440169,0.000410127,0.000390633,0.00037004,0.000346143,0.000325599,0.000313403,0.000296956,0.000282355,0.000265217,0.000253802,0.000240156,0.000230924,0.000219739,0.000209654,0.000200504,0.000190183,0.000182694,0.000174153,0.0001664,0.000159327,0.000151614,0.000145747,0.000139291,0.000132458,0.00012712,0.000121419,0.000116213,0.000111439,0.000106446,0.000101885,9.72014e-05,9.29323e-05,8.90242e-05,8.50518e-05,8.14199e-05,7.80867e-05,7.47225e-05,7.13691e-05,6.83045e-05,6.54928e-05,6.2492e-05,5.99422e-05,5.72474e-05,5.47847e-05,5.25254e-05,5.01803e-05,4.80358e-05,4.59565e-05,4.39486e-05,4.21089e-05
2.6623e-07,31.5498,29.9797,28.2319,26.3698,24.3719,22.1081,19.1239,2.93024,0.347518,0.168995,0.0912266,0.033868,0.0227293,0.0118429,0.00714863,0.00579085,0.00405232,0.00303272,0.00238785,0.00195491,0.00164993,0.00142646,0.00118752,0.00107028,0.000935315,0.000864694,0.000779091,0.000711199,0.000656004,0.000610185,0.000571474,0.000528214,0.000492162,0.000468768,0.000444057,0.000415379,0.000390726,0.000376091,0.000356353,0.000338832,0.000318266,0.000304567,0.000288193,0.000277113,0.000263691,0.000251589,0.000240609,0.000228224,0.000219236,0.000208987,0.000199683,0.000191196,0.00018194,0.0001749,0.000167152,0.000158952,0.000152547,0.000145705,0.000139458,0.000133729,0.000127737,0.000122263,0.000116644,0.000111521,0.000106831,0.000102064,9.77055e-05,9.37055e-05,8.96686e-05,8.56445e-05,8.19668e-05,7.85926e-05,7.49917e-05,7.19318e-05,6.86979e-05,6.57427e-05,6.30315e-05,6.02173e-05,5.7644e-05,5.51487e-05,5.27392e-05,5.05315e-05
3.1948e-07,31.7205,30.1502,28.4173,26.587,24.647,22.4956,19.7988,14.1741,0.424249,0.204472,0.109964,0.0407123,0.0273078,0.0142207,0.00858189,0.00695138,0.00486396,0.00363994,0.00286582,0.00234615,0.00198011,0.0017119,0.00142512,0.00128442,0.00112244,0.00103769,0.000934957,0.000853486,0.000787247,0.000732258,0.000685801,0.000633886,0.000590621,0.000562547,0.000532891,0.000498477,0.000468891,0.000451328,0.000427642,0.000406616,0.000381935,0.000365496,0.000345846,0.000332549,0.000316443,0.000301919,0.000288743,0.00027388,0.000263094,0.000250794,0.00023963,0.000229444,0.000218337,0.000209888,0.000200591,0.00019075,0.000183064,0.000174854,0.000167357,0.000160482,0.000153291,0.000146722,0.000139978,0.00013383,0.000128202,0.000122482,0.000117252,0.000112451,0.000107607,0.000102777,9.83642e-05,9.4315e-05,8.99937e-05,8.63218e-05,8.2441e-05,7.88945e-05,7.56409e-05,7.22637e-05,6.91756e-05,6.61812e-05,6.32896e-05,6.06403e-05
3.8338e-07,31.8853,30.3146,28.5955,26.7944,24.9068,22.8531,20.3821,16.303,0.520118,0.247846,0.132676,0.0489567,0.0328161,0.0170782,0.0103033,0.00834505,0.00583846,0.00436886,0.00343956,0.00281576,0.00237639,0.00205448,0.00171029,0.00154142,0.00134702,0.00124531,0.00112202,0.00102424,0.000944745,0.000878755,0.000823007,0.000760704,0.000708782,0.000675089,0.0006395,0.000598201,0.000562694,0.00054162,0.000513194,0.000487961,0.000458343,0.000438615,0.000415034,0.000399078,0.000379749,0.00036232,0.000346507,0.000328671,0.000315728,0.000300967,0.000287568,0.000275346,0.000262016,0.000251877,0.00024072,0.00022891,0.000219687,0.000209834,0.000200837,0.000192587,0.000183958,0.000176075,0.000167981,0.000160603,0.00015385,0.000146984,0.000140708,0.000134948,0.000129134,0.000123339,0.000118042,0.000113183,0.000107997,0.000103591,9.89336e-05,9.46777e-05,9.07732e-05,8.67204e-05,8.30144e-05,7.9421e-05,7.59509e-05,7.27716e-05
4.6005e-07,32.0445,30.4733,28.767,26.9928,25.1528,23.185,20.8974,17.5543,0.641179,0.301097,0.160261,0.0588944,0.0394462,0.0205124,0.012371,0.0100187,0.00700841,0.00524385,0.00412818,0.00337936,0.00285197,0.0024656,0.00205249,0.00184983,0.00161652,0.00149445,0.00134648,0.00122914,0.00113374,0.00105455,0.000987645,0.000912874,0.000850563,0.000810135,0.000767428,0.000717866,0.000675257,0.000649963,0.000615852,0.00058557,0.000550027,0.000526355,0.000498054,0.000478906,0.000455713,0.000434797,0.000415821,0.000394418,0.000378884,0.000361169,0.000345092,0.000330425,0.000314428,0.000302261,0.000288872,0.000274701,0.000263631,0.000251807,0.00024101,0.000231111,0.000220755,0.000211296,0.000201583,0.00019273,0.000184625,0.000176386,0.000168855,0.000161941,0.000154965,0.000148011,0.000141654,0.000135823,0.0001296,0.000124313,0.000118724,0.000113616,0.000108931,0.000104068,9.96203e-05,9.53079e-05,9.11436e-05,8.7328e-05
5.5206e-07,32.1985,30.6267,28.9323,27.183,25.3864,23.495,21.3601,18.4871,0.796344,0.366843,0.19386,0.0708868,0.0474329,0.0246423,0.0148554,0.0120292,0.00841347,0.00629447,0.00495493,0.00405595,0.00342286,0.00295908,0.00246324,0.00222,0.00193999,0.00179348,0.0016159,0.00147507,0.00136057,0.00126554,0.00118524,0.00109551,0.00102073,0.000972215,0.00092096,0.000861485,0.000810351,0.00078,0.000739061,0.000702724,0.000660066,0.000631656,0.000597696,0.000574718,0.00054688,0.000521781,0.000499008,0.000473322,0.000454684,0.000433425,0.000414131,0.000396529,0.000377332,0.000362732,0.000346663,0.000329656,0.000316373,0.000302184,0.000289228,0.000277347,0.000264919,0.000253567,0.000241911,0.000231287,0.00022156,0.000211674,0.000202636,0.000194339,0.000185967,0.000177621,0.000169995,0.000162996,0.000155528,0.000149182,0.000142476,0.000136346,0.000130723,0.000124887,0.00011955,0.000114375,0.000109378,0.000104799
6.6247e-07,32.3476,30.7751,29.0917,27.3655,25.6089,23.7859,21.7807,19.2441,0.999374,0.448582,0.234918,0.0853743,0.0570606,0.0296102,0.0178413,0.0144449,0.010101,0.00755602,0.00594748,0.00486814,0.00410813,0.0035514,0.00295624,0.00266429,0.0023282,0.00215236,0.00193924,0.00177022,0.00163281,0.00151875,0.00142239,0.00131471,0.00122496,0.00116673,0.00110522,0.00103385,0.000972481,0.000936054,0.000886929,0.000843315,0.000792128,0.000758035,0.000717279,0.000689703,0.000656297,0.000626174,0.000598843,0.000568021,0.000545653,0.000520142,0.000496985,0.00047586,0.000452825,0.000435303,0.00041602,0.00039561,0.00037967,0.000362642,0.000347093,0.000332834,0.000317921,0.000304298,0.00029031,0.00027756,0.000265888,0.000254023,0.000243176,0.00023322,0.000223173,0.000213157,0.000204005,0.000195606,0.000186644,0.000179028,0.00017098,0.000163625,0.000156877,0.000149873,0.000143468,0.000137257,0.00013126,0.000125766
7.9497e-07,32.4921,30.9187,29.2456,27.5411,25.8212,24.0599,22.1667,19.8869,1.27344,0.551146,0.285305,0.102903,0.0686783,0.0355896,0.0214311,0.0173483,0.0121283,0.00907114,0.00713933,0.0058433,0.00493082,0.00426246,0.00354803,0.00319759,0.00279419,0.00258314,0.00232735,0.00212448,0.00195957,0.00182268,0.00170703,0.00157779,0.00147009,0.00140021,0.00132638,0.00124072,0.00116708,0.00112336,0.0010644,0.00101206,0.000950633,0.000909714,0.000860805,0.000827709,0.000787617,0.000751468,0.000718671,0.000681679,0.000654834,0.000624219,0.000596429,0.00057108,0.000543434,0.000522405,0.000499262,0.00047477,0.000455639,0.000435205,0.000416543,0.000399433,0.000381536,0.000365185,0.000348399,0.000333098,0.000319091,0.000304852,0.000291835,0.000279887,0.000267829,0.000255809,0.000244825,0.000234746,0.000223991,0.000214851,0.000205193,0.000196365,0.000188268,0.000179862,0.000172175,0.000164722,0.000157525,0.000150931
9.5396e-07,32.6322,31.0579,29.3945,27.71,26.0242,24.3189,22.5238,20.4486,1.66268,0.681414,0.347458,0.124143,0.0827117,0.04279,0.0257483,0.0208384,0.0145641,0.0108909,0.00857046,0.00701406,0.00591842,0.00511602,0.00425837,0.0038377,0.00335349,0.00310017,0.00279315,0.00254966,0.00235173,0.00218744,0.00204863,0.00189352,0.00176427,0.0016804,0.00159181,0.001489,0.00140062,0.00134815,0.00127739,0.00121458,0.00114086,0.00109175,0.00103305,0.000993335,0.000945223,0.000901836,0.000862477,0.000818082,0.000785867,0.000749125,0.000715775,0.000685352,0.000652174,0.000626936,0.000599165,0.000569772,0.000546811,0.000522289,0.000499893,0.000479359,0.00045788,0.000438259,0.000418114,0.00039975,0.000382939,0.000365852,0.000350229,0.000335891,0.00032142,0.000306997,0.000293814,0.000281718,0.000268811,0.000257842,0.000246251,0.000235657,0.000225939,0.000215852,0.000206627,0.000197683,0.000189045,0.000181132
1.1448e-06,32.7682,31.193,29.5385,27.8729,26.2187,24.5647,22.8563,20.9494,2.27256,0.84976,0.424675,0.149947,0.0996929,0.05147,0.0309439,0.0250369,0.0174923,0.0130777,0.0102898,0.0084203,0.00710453,0.00614104,0.00511134,0.00460631,0.00402504,0.00372096,0.00335241,0.00306016,0.00282257,0.00262537,0.00245877,0.0022726,0.00211746,0.0020168,0.00191046,0.00178707,0.00168099,0.00161802,0.0015331,0.00145771,0.00136923,0.00131029,0.00123984,0.00119218,0.00113443,0.00108236,0.00103512,0.000981843,0.000943177,0.000899079,0.000859055,0.00082254,0.000782721,0.000752433,0.000719103,0.000683824,0.000656268,0.000626836,0.000599958,0.000575313,0.000549535,0.000525987,0.000501809,0.000479769,0.000459594,0.000439086,0.000420336,0.000403127,0.000385761,0.000368448,0.000352627,0.000338111,0.00032262,0.000309455,0.000295543,0.00028283,0.000271166,0.000259059,0.000247988,0.000237253,0.000226887,0.00021739
1.3737e-06,32.9001,31.324,29.678,28.0301,26.4053,24.7984,23.1674,21.4023,14.615,1.07256,0.521387,0.181353,0.120261,0.0619351,0.0371958,0.0300859,0.021011,0.015704,0.012354,0.0101083,0.00852814,0.00737119,0.00613488,0.0055286,0.00483083,0.00446581,0.00402344,0.00367265,0.00338749,0.0031508,0.00295084,0.0027274,0.0025412,0.00242039,0.00229277,0.00214468,0.00201737,0.0019418,0.00183988,0.00174941,0.00164321,0.00157248,0.00148794,0.00143073,0.00136143,0.00129894,0.00124225,0.00117831,0.0011319,0.00107898,0.00103095,0.000987128,0.000939341,0.000902993,0.000862991,0.000820654,0.000787586,0.000752265,0.000720009,0.000690433,0.000659497,0.000631233,0.00060222,0.00057577,0.000551556,0.000526945,0.000504443,0.000483792,0.000462949,0.000442173,0.000423186,0.000405766,0.000387174,0.000371376,0.00035468,0.000339422,0.000325425,0.000310895,0.000297609,0.000284727,0.000272286,0.000260889
1.6484e-06,33.0284,31.4512,29.8131,28.182,26.5847,25.0213,23.4602,21.8167,16.7836,1.37901,0.644022,0.219722,0.145239,0.074573,0.0447277,0.0361643,0.0252432,0.0188611,0.0148344,0.0121361,0.0102379,0.00884845,0.00736392,0.00663599,0.00579828,0.00536008,0.00482905,0.00440796,0.00406566,0.00378157,0.00354156,0.00327337,0.00304988,0.00290488,0.00275171,0.00257396,0.00242117,0.00233047,0.00220814,0.00209956,0.00197211,0.00188722,0.00178575,0.00171709,0.00163392,0.00155893,0.00149089,0.00141415,0.00135845,0.00129494,0.00123729,0.0011847,0.00112735,0.00108372,0.00103572,0.000984908,0.000945219,0.000902827,0.000864116,0.000828621,0.000791493,0.000757575,0.000722752,0.000691009,0.000661949,0.000632412,0.000605408,0.000580622,0.000555608,0.000530673,0.000507886,0.000486978,0.000464666,0.000445706,0.000425669,0.000407357,0.000390559,0.000373121,0.000357176,0.000341715,0.000326784,0.000313105
1.9781e-06,33.1531,31.5749,29.9443,28.3288,26.7575,25.2343,23.7367,22.1993,18.0516,1.82957,0.802101,0.266798,0.175656,0.0898562,0.0538098,0.0434877,0.0303363,0.0226576,0.0178158,0.0145727,0.012292,0.0106229,0.00884002,0.00796591,0.00696005,0.00643394,0.0057964,0.00529088,0.00487997,0.00453894,0.00425083,0.0039289,0.00366065,0.00348658,0.00330273,0.00308939,0.00290599,0.00279712,0.0026503,0.00251997,0.00236699,0.00226511,0.00214332,0.00206091,0.00196108,0.00187107,0.00178941,0.0016973,0.00163045,0.00155422,0.00148503,0.00142191,0.00135308,0.00130072,0.00124309,0.00118211,0.00113448,0.0010836,0.00103714,0.000994532,0.00094997,0.000909261,0.000867466,0.000829367,0.000794487,0.000759036,0.000726624,0.000696877,0.000666854,0.000636927,0.000609577,0.000584484,0.000557704,0.000534948,0.000510899,0.00048892,0.000468757,0.000447829,0.00042869,0.000410134,0.000392215,0.000375796
2.3738e-06,33.2745,31.6952,30.0717,28.4711,26.924,25.4385,23.9989,22.5553,19.005,14.3288,1.0107,0.324855,0.212816,0.108368,0.0647714,0.0523175,0.0364689,0.0272249,0.0214003,0.0175011,0.0147601,0.0127547,0.010613,0.0095632,0.00835529,0.00772356,0.00695806,0.00635111,0.00585779,0.00544836,0.00510249,0.00471602,0.00439399,0.00418505,0.00396435,0.00370825,0.00348811,0.00335742,0.00318118,0.00302474,0.00284112,0.00271882,0.00257263,0.00247371,0.00235389,0.00224585,0.00214782,0.00203727,0.00195703,0.00186553,0.00178248,0.00170672,0.00162409,0.00156125,0.00149208,0.00141888,0.00136171,0.00130064,0.00124487,0.00119373,0.00114025,0.00109138,0.00104122,0.000995484,0.000953622,0.000911068,0.000872164,0.000836458,0.000800422,0.000764502,0.000731673,0.000701554,0.00066941,0.000642097,0.000613229,0.00058685,0.000562648,0.000537527,0.000514556,0.000492283,0.000470773,0.000451067
2.8485e-06,33.3926,31.8122,30.1954,28.6088,27.0847,25.6343,24.2482,22.8884,19.7858,17.0736,1.29594,0.396901,0.258376,0.130825,0.0780111,0.0629692,0.0438543,0.0327195,0.0257097,0.0210201,0.017725,0.015315,0.0127421,0.0114811,0.0100304,0.00927178,0.00835258,0.00762384,0.00703155,0.00654,0.00612476,0.00566081,0.00527423,0.0050234,0.00475847,0.00445105,0.00418679,0.00402992,0.00381837,0.00363059,0.00341018,0.00326338,0.00308791,0.00296917,0.00282535,0.00269566,0.002578,0.0024453,0.002349,0.00223917,0.00213949,0.00204854,0.00194937,0.00187394,0.00179092,0.00170306,0.00163444,0.00156113,0.0014942,0.00143282,0.00136862,0.00130996,0.00124975,0.00119486,0.00114461,0.00109354,0.00104684,0.00100399,0.000960732,0.000917617,0.000878214,0.000842062,0.00080348,0.000770696,0.000736048,0.000704384,0.000675335,0.000645184,0.000617612,0.000590877,0.00056506,0.000541407
3.4182e-06,33.5077,31.9261,30.3157,28.7425,27.2401,25.8227,24.486,23.2018,20.4553,18.4608,1.71108,0.487122,0.314547,0.158144,0.0940318,0.0758386,0.0527595,0.0393362,0.0308948,0.0252518,0.0212891,0.0183921,0.0153002,0.0137852,0.0120426,0.0111315,0.0100276,0.00915245,0.00844119,0.00785098,0.00735248,0.00679542,0.0063313,0.00603017,0.00571211,0.00534306,0.00502581,0.00483749,0.00458354,0.00435811,0.00409352,0.0039173,0.00370666,0.00356413,0.00339148,0.00323581,0.00309457,0.00293527,0.00281967,0.00268784,0.00256818,0.00245901,0.00233997,0.00224942,0.00214977,0.0020443,0.00196193,0.00187394,0.00179359,0.00171991,0.00164284,0.00157244,0.00150016,0.00143427,0.00137396,0.00131265,0.0012566,0.00120515,0.00115323,0.00110148,0.00105418,0.00101078,0.000964473,0.000925118,0.000883528,0.00084552,0.000810651,0.000774458,0.000741362,0.00070927,0.00067828,0.000649888
4.1019e-06,33.6198,32.0372,30.4327,28.8722,27.3904,26.004,24.7134,23.4981,21.0458,19.4829,16.5362,0.601423,0.384256,0.191478,0.113451,0.0914092,0.0635075,0.0473099,0.0371368,0.0303427,0.0255749,0.0220912,0.0183744,0.0165539,0.0144602,0.0133656,0.0120397,0.0109886,0.0101345,0.00942573,0.008827,0.00815817,0.00760091,0.00723933,0.00685747,0.00641435,0.00603347,0.00580735,0.00550245,0.00523183,0.00491418,0.00470262,0.00444975,0.00427862,0.00407138,0.00388448,0.00371493,0.00352371,0.00338493,0.00322664,0.00308301,0.00295195,0.00280904,0.00270035,0.00258072,0.00245411,0.00235522,0.00224958,0.00215312,0.00206468,0.00197218,0.00188766,0.00180088,0.00172179,0.00164939,0.00157578,0.0015085,0.00144674,0.00138441,0.00132227,0.00126551,0.0012134,0.00115781,0.00111057,0.00106063,0.00101502,0.000973157,0.000929708,0.000889972,0.000851453,0.000814248,0.000780165
4.9222e-06,33.7291,32.1454,30.5466,28.9982,27.536,26.179,24.9314,23.7792,21.577,20.3151,18.4901,0.748524,0.471494,0.232295,0.137036,0.110276,0.0764915,0.0569239,0.0446538,0.0364685,0.0307294,0.0265382,0.022069,0.0198807,0.0173647,0.0160496,0.0144567,0.0131941,0.0121682,0.011317,0.010598,0.00979473,0.00912553,0.00869137,0.00823286,0.00770082,0.00724345,0.00697199,0.00660597,0.006281,0.00589964,0.00564564,0.00534203,0.00513663,0.00488778,0.0046634,0.00445985,0.00423026,0.00406366,0.00387367,0.0037012,0.00354387,0.00337229,0.00324179,0.00309819,0.00294619,0.00282748,0.00270066,0.00258487,0.00247868,0.00236762,0.00226614,0.00216199,0.00206703,0.00198011,0.00189175,0.00181097,0.00173682,0.001662,0.00158741,0.00151924,0.00145671,0.00138997,0.00133325,0.00127331,0.00121854,0.00116828,0.00111612,0.00106842,0.00102218,0.000977516,0.000936598
5.9067e-06,33.8358,32.2509,30.6576,29.1208,27.6771,26.348,25.1408,24.0469,22.0618,21.0276,19.7386,0.942299,0.581961,0.28253,0.165764,0.133192,0.0922043,0.068532,0.0537161,0.0438464,0.0369334,0.0318884,0.0265121,0.0238808,0.0208563,0.0192758,0.0173615,0.0158446,0.0146121,0.0135895,0.0127259,0.0117612,0.0109574,0.010436,0.00988538,0.0092464,0.00869726,0.00837124,0.00793168,0.00754148,0.00708356,0.00677856,0.00641405,0.00616737,0.00586858,0.00559919,0.00535476,0.0050791,0.00487905,0.00465093,0.00444387,0.00425496,0.00404896,0.00389227,0.00371984,0.00353736,0.0033948,0.00324256,0.00310352,0.00297603,0.00284267,0.00272086,0.00259579,0.00248177,0.00237742,0.00227132,0.00217433,0.00208532,0.00199548,0.00190593,0.00182409,0.00174899,0.00166887,0.00160076,0.0015288,0.00146303,0.0014027,0.00134007,0.0012828,0.00122728,0.00117365,0.00112452
7.088e-06,33.9399,32.3539,30.7657,29.2399,27.8141,26.5114,25.3423,24.3027,22.5092,21.6561,20.7084,1.20675,0.724042,0.344717,0.200867,0.161095,0.111249,0.0825619,0.0646491,0.0527369,0.0444034,0.0383271,0.0318565,0.0286911,0.0250541,0.0231539,0.020853,0.01903,0.0175491,0.0163204,0.0152829,0.0141239,0.0131585,0.0125322,0.0118708,0.0111034,0.0104438,0.0100523,0.00952439,0.00905585,0.00850589,0.00813963,0.00770187,0.00740563,0.00704689,0.00672336,0.00642986,0.00609884,0.00585864,0.00558469,0.00533605,0.00510922,0.00486186,0.0046737,0.00446665,0.00424751,0.00407637,0.00389353,0.00372659,0.00357349,0.00341338,0.00326711,0.00311693,0.00298003,0.0028547,0.00272732,0.00261086,0.00250397,0.00239609,0.00228855,0.00219029,0.00210012,0.00200389,0.00192214,0.00183572,0.00175675,0.0016843,0.0016091,0.00154034,0.00147366,0.00140928,0.00135028
8.5056e-06,34.0416,32.4544,30.8712,29.356,27.9472,26.6697,25.5367,24.5477,22.9258,22.2222,21.5196,19.5388,0.911044,0.42232,0.243943,0.195184,0.134385,0.0995467,0.0778555,0.0634605,0.0534052,0.0460811,0.0382885,0.0344789,0.0301034,0.0278181,0.0250515,0.02286,0.0210799,0.0196034,0.0183566,0.016964,0.0158041,0.0150517,0.0142571,0.0133352,0.0125429,0.0120727,0.0114386,0.0108758,0.0102152,0.00977534,0.00924953,0.0088938,0.00846287,0.00807434,0.00772186,0.0073243,0.00703583,0.00670682,0.00640822,0.0061358,0.00583873,0.00561278,0.00536411,0.00510095,0.00489539,0.00467583,0.00447533,0.0042915,0.0040992,0.00392353,0.00374318,0.00357877,0.00342828,0.0032753,0.00313543,0.00300706,0.00287752,0.00274837,0.00263036,0.00252208,0.00240653,0.00230833,0.00220455,0.00210972,0.00202271,0.0019324,0.00184983,0.00176975,0.00169242,0.00162158
1.0207e-05,34.1409,32.5526,30.9741,29.469,28.0765,26.8232,25.7244,24.783,23.3165,22.7398,22.2259,21.226,20.5566,0.520218,0.297103,0.237018,0.162572,0.12015,0.0938321,0.0764109,0.0642637,0.0554272,0.0460354,0.0414475,0.0361806,0.0334308,0.0301029,0.0274674,0.0253271,0.023552,0.0220532,0.0203795,0.0189855,0.0180813,0.0171266,0.0160189,0.0150669,0.0145019,0.0137401,0.0130639,0.0122704,0.0117419,0.0111103,0.010683,0.0101653,0.0096986,0.00927518,0.00879764,0.0084511,0.00805592,0.00769724,0.00737,0.00701318,0.00674178,0.00644308,0.00612699,0.00588008,0.00561636,0.00537553,0.0051547,0.00492373,0.00471271,0.0044961,0.00429861,0.00411784,0.00393409,0.00376609,0.00361191,0.0034563,0.00330119,0.00315943,0.00302937,0.00289057,0.00277263,0.00264798,0.00253407,0.00242956,0.00232108,0.0022219,0.00212572,0.00203284,0.00194774
1.2248e-05,34.2379,32.6485,31.0745,29.5792,28.2024,26.9721,25.906,25.0095,23.685,23.2182,22.8565,22.4197,22.3707,22.9476,25.0392,25.7883,0.197018,0.14519,0.113183,0.0920628,0.077369,0.0666968,0.0553681,0.0498392,0.0434958,0.0401855,0.0361806,0.0330099,0.0304355,0.0283009,0.0264988,0.0244866,0.0228108,0.021724,0.0205765,0.0192453,0.0181013,0.0174224,0.0165069,0.0156945,0.014741,0.014106,0.0133472,0.0128337,0.0122119,0.0116511,0.0111424,0.0105687,0.0101524,0.00967763,0.00924671,0.00885362,0.00842493,0.00809889,0.00774007,0.00736033,0.00706371,0.00674689,0.00645759,0.0061923,0.00591484,0.00566135,0.00540113,0.00516389,0.00494672,0.00472599,0.00452418,0.00433895,0.00415202,0.00396568,0.00379539,0.00363915,0.00347242,0.00333073,0.00318099,0.00304414,0.00291861,0.0027883,0.00266914,0.0025536,0.00244203,0.0023398
1.4698e-05,34.3328,32.7422,31.1726,29.6867,28.325,27.1169,26.082,25.2281,24.0345,23.6647,23.4297,23.3816,23.6196,24.836,26.8417,27.4353,25.1631,0.175728,0.136686,0.111023,0.0932168,0.0803089,0.0666284,0.0599591,0.052313,0.0483251,0.0435022,0.0396854,0.0365874,0.034019,0.0318512,0.029431,0.0274158,0.0261089,0.0247292,0.0231287,0.0217534,0.0209372,0.0198368,0.0188603,0.0177143,0.0169512,0.0160391,0.015422,0.0146746,0.0140007,0.0133894,0.0127,0.0121997,0.0116291,0.0111113,0.0106389,0.0101238,0.00973196,0.00930081,0.00884448,0.00848803,0.00810733,0.00775969,0.0074409,0.00710748,0.00680289,0.00649018,0.00620511,0.00594416,0.00567891,0.0054364,0.00521384,0.00498921,0.0047653,0.00456068,0.00437293,0.00417258,0.00400232,0.00382238,0.00365795,0.0035071,0.00335051,0.00320733,0.00306849,0.00293442,0.00281159
1.7637e-05,34.4255,32.8339,31.2684,29.7915,28.4443,27.2576,26.2527,25.4393,24.3673,24.084,23.9572,24.2016,24.6151,26.0978,28.0277,28.5351,26.8181,0.213082,0.165284,0.134019,0.112398,0.0967612,0.0802199,0.0721668,0.0629424,0.0581346,0.0523231,0.0477258,0.0439956,0.040904,0.038295,0.0353828,0.0329584,0.0313864,0.029727,0.0278022,0.0261484,0.025167,0.0238439,0.0226697,0.021292,0.0203745,0.0192781,0.0185363,0.0176378,0.0168278,0.016093,0.0152642,0.0146629,0.0139771,0.0133547,0.0127869,0.0121678,0.0116968,0.0111786,0.0106301,0.0102017,0.00974412,0.00932628,0.00894315,0.0085424,0.00817631,0.00780047,0.00745784,0.0071442,0.00682539,0.00653394,0.00626643,0.00599645,0.00572735,0.00548141,0.00525575,0.00501495,0.00481033,0.00459406,0.00439643,0.00421512,0.00402692,0.00385483,0.00368797,0.00352684,0.0033792
2.1165e-05,34.5163,32.9236,31.3621,29.894,28.5608,27.3947,26.4185,25.6438,24.6856,24.4805,24.4479,24.9242,25.4593,27.0918,28.9537,29.3958,27.8689,0.259022,0.20022,0.161996,0.135674,0.116692,0.0966575,0.0869203,0.0757787,0.0699764,0.0629668,0.0574248,0.05293,0.0492058,0.0460638,0.0425576,0.0396392,0.0377472,0.0357503,0.0334342,0.0314444,0.0302638,0.0286721,0.0272598,0.0256026,0.0244991,0.0231805,0.0222884,0.0212079,0.0202338,0.0193501,0.0183536,0.0176304,0.0168058,0.0160574,0.0153747,0.0146302,0.0140639,0.0134407,0.0127813,0.0122661,0.011716,0.0112135,0.0107529,0.010271,0.00983085,0.00937894,0.00896699,0.00858987,0.00820655,0.00785612,0.00753447,0.00720987,0.00688629,0.00659059,0.00631929,0.00602974,0.00578371,0.00552369,0.00528606,0.00506807,0.00484178,0.00463487,0.00443424,0.00424049,0.00406299
2.5398e-05,34.6052,33.0114,31.4538,29.994,28.6744,27.5282,26.5798,25.8421,24.9908,24.857,24.9077,25.5745,26.1998,27.9272,29.7262,30.1139,28.677,23.714,0.243047,0.19612,0.163973,0.140871,0.116559,0.104767,0.0912918,0.0842811,0.0758179,0.0691309,0.0637101,0.0592205,0.055434,0.0512096,0.0476945,0.0454161,0.0430117,0.0402233,0.0378282,0.0364071,0.0344915,0.0327919,0.0307978,0.0294701,0.0278834,0.0268101,0.0255102,0.0243383,0.0232752,0.0220764,0.0212065,0.0202145,0.0193142,0.0184929,0.0175974,0.0169162,0.0161667,0.0153734,0.0147538,0.014092,0.0134877,0.0129336,0.012354,0.0118245,0.011281,0.0107855,0.0103319,0.00987083,0.00944931,0.00906244,0.00867199,0.00828281,0.00792713,0.0076008,0.00725254,0.00695661,0.00664385,0.00635805,0.00609584,0.00582368,0.00557479,0.00533348,0.00510044,0.00488694
3.0477e-05,34.6921,33.0973,31.5434,30.0918,28.7854,27.6584,26.7368,26.0348,25.2844,25.2161,25.3412,26.1684,26.8637,28.6549,30.3949,30.735,29.3448,25.3658,0.295815,0.237896,0.198479,0.170277,0.140703,0.126394,0.110069,0.101586,0.0913545,0.083277,0.076733,0.0713155,0.0667482,0.0616545,0.0574174,0.0546716,0.0517747,0.0484155,0.0455306,0.0438192,0.0415123,0.0394658,0.0370649,0.0354664,0.0335564,0.0322644,0.0306997,0.0292891,0.0280096,0.0265666,0.0255196,0.0243258,0.0232423,0.0222539,0.0211762,0.0203564,0.0194544,0.0184998,0.0177541,0.0169577,0.0162305,0.0155637,0.0148662,0.0142291,0.013575,0.0129787,0.0124329,0.011878,0.0113708,0.0109053,0.0104354,0.00996709,0.00953909,0.00914639,0.00872732,0.00837121,0.00799486,0.00765092,0.0073354,0.00700789,0.0067084,0.00641802,0.00613759,0.00588067
3.6573e-05,34.7773,33.1814,31.6311,30.1874,28.8938,27.7855,26.8899,26.2222,25.5675,25.5599,25.7522,26.7172,27.4684,29.3037,30.9878,31.2849,29.919,26.4007,0.361279,0.289299,0.240721,0.206157,0.170071,0.152666,0.132847,0.122564,0.110175,0.100403,0.0924924,0.0859475,0.0804321,0.0742838,0.0691714,0.0658593,0.0623658,0.0583156,0.0548379,0.052775,0.049995,0.0475289,0.044636,0.0427103,0.0404093,0.038853,0.0369682,0.0352692,0.0337281,0.0319903,0.0307293,0.0292916,0.0279867,0.0267965,0.0254986,0.0245115,0.0234253,0.0222757,0.0213778,0.0204189,0.0195432,0.0187402,0.0179004,0.0171332,0.0163456,0.0156276,0.0149703,0.0143023,0.0136915,0.0131309,0.0125652,0.0120013,0.0114859,0.0110131,0.0105085,0.0100797,0.00962651,0.00921239,0.00883247,0.00843812,0.00807751,0.00772785,0.0073902,0.00708084
4.3887e-05,34.8608,33.2639,31.717,30.281,28.9997,27.9097,27.0392,26.4047,25.8412,25.8899,26.1434,27.2283,28.0253,29.8912,31.5218,31.7795,30.4251,27.1933,0.44317,0.352903,0.292653,0.250085,0.205889,0.184652,0.160531,0.14804,0.133008,0.121167,0.11159,0.103672,0.0970031,0.0895727,0.0833973,0.0793978,0.0751807,0.0702924,0.0660962,0.0636076,0.0602543,0.05728,0.0537917,0.0514698,0.0486957,0.0468195,0.0445476,0.0424996,0.0406421,0.0385476,0.0370279,0.0352952,0.0337227,0.0322883,0.0307243,0.0295348,0.0282258,0.0268406,0.0257587,0.0246031,0.0235479,0.0225804,0.0215684,0.020644,0.019695,0.0188298,0.0180379,0.0172329,0.016497,0.0158215,0.0151399,0.0144604,0.0138394,0.0132697,0.0126617,0.012145,0.011599,0.0111,0.0106423,0.0101671,0.00973259,0.0093113,0.00890446,0.00853171
5.2665e-05,34.9426,33.3447,31.8012,30.3726,29.1034,28.0311,27.1851,26.5827,26.1063,26.2078,26.5173,27.7077,28.5428,30.4296,32.0088,32.2301,30.879,27.8476,22.467,0.432244,0.356892,0.304137,0.249746,0.223738,0.194286,0.179069,0.160787,0.146408,0.13479,0.125193,0.117116,0.108122,0.100652,0.0958159,0.0907187,0.0848115,0.0797424,0.0767367,0.0726873,0.0690964,0.0648854,0.0620829,0.0587351,0.056471,0.0537296,0.0512587,0.0490177,0.0464909,0.0446576,0.0425674,0.0406706,0.0389404,0.037054,0.0356192,0.0340405,0.0323697,0.0310648,0.0296711,0.0283985,0.0272316,0.0260112,0.0248963,0.0237517,0.0227083,0.0217532,0.0207825,0.0198949,0.0190804,0.0182583,0.0174388,0.01669,0.0160029,0.0152696,0.0146466,0.0139881,0.0133863,0.0128342,0.0122612,0.0117372,0.0112291,0.0107385,0.010289
6.3197e-05,35.0228,33.4238,31.8836,30.4623,29.2048,28.1498,27.3277,26.7565,26.3634,26.5146,26.8757,28.1599,29.0269,30.9275,32.457,32.6442,31.2912,28.4095,23.9211,0.532213,0.436936,0.371027,0.303684,0.271679,0.235577,0.216976,0.194675,0.177166,0.16304,0.151383,0.141581,0.130675,0.121623,0.115765,0.109595,0.102446,0.0963132,0.0926781,0.0877817,0.0834407,0.0783511,0.0749644,0.0709193,0.068184,0.0648724,0.0618877,0.059181,0.0561293,0.0539155,0.0513913,0.0491008,0.0470116,0.0447338,0.0430014,0.0410953,0.039078,0.0375026,0.0358199,0.0342834,0.0328747,0.0314013,0.0300553,0.0286735,0.0274139,0.0262608,0.0250888,0.0240174,0.023034,0.0220416,0.0210523,0.0201482,0.0193188,0.0184336,0.0176814,0.0168864,0.01616,0.0154935,0.0148018,0.0141692,0.0135558,0.0129635,0.0124209
7.5837e-05,35.1014,33.5015,31.9644,30.5501,29.3042,28.266,27.4672,26.9264,26.6135,26.8113,27.2202,28.5883,29.4825,31.3913,32.8728,33.0279,31.6694,28.9047,24.9083,0.660015,0.537707,0.454475,0.370434,0.330808,0.286325,0.263491,0.236182,0.214791,0.197562,0.183365,0.171438,0.158182,0.147188,0.140079,0.132595,0.123927,0.116494,0.11209,0.10616,0.100903,0.0947418,0.0906429,0.0857479,0.0824384,0.0784319,0.0748216,0.0715477,0.0678568,0.0651794,0.0621271,0.0593573,0.0568312,0.054077,0.0519825,0.0496779,0.0472391,0.0453344,0.0433001,0.0414426,0.0397395,0.0379583,0.0363312,0.0346608,0.0331381,0.0317442,0.0303275,0.0290322,0.0278435,0.0266438,0.025448,0.0243551,0.0233525,0.0222824,0.0213732,0.0204123,0.0195341,0.0187285,0.0178923,0.0171276,0.0163862,0.0156702,0.0150143
9.1004e-05,35.1786,33.5777,32.0437,30.6363,29.4015,28.3798,27.6038,27.0926,26.8568,27.0988,27.5522,28.9958,29.9132,31.8258,33.2606,33.3853,32.0192,29.3488,25.685,19.1654,0.666276,0.559637,0.453659,0.404206,0.349042,0.320855,0.287252,0.261008,0.239916,0.222565,0.208008,0.191847,0.17846,0.16981,0.16071,0.150175,0.141148,0.135801,0.128603,0.122225,0.114752,0.109782,0.103847,0.0998355,0.09498,0.090605,0.0866383,0.0821668,0.0789234,0.075226,0.0718712,0.0688117,0.0654761,0.0629395,0.0601486,0.0571953,0.0548888,0.0524255,0.0501764,0.0481142,0.0459574,0.0439872,0.0419647,0.040121,0.0384334,0.036718,0.0351498,0.0337106,0.0322581,0.0308102,0.029487,0.0282731,0.0269776,0.0258767,0.0247133,0.0236501,0.0226747,0.0216623,0.0207365,0.0198389,0.018972,0.0181778
0.00010921,35.2543,33.6524,32.1214,30.7207,29.497,28.4914,27.7378,27.2554,27.0941,27.378,27.8728,29.3848,30.322,32.2349,33.6244,33.7202,32.3447,29.7525,26.3358,21.3871,0.833541,0.69408,0.558523,0.49615,0.427147,0.392101,0.350494,0.318118,0.292171,0.27087,0.25303,0.233255,0.216896,0.206336,0.195237,0.182395,0.1714,0.16489,0.156131,0.148372,0.139286,0.133244,0.126032,0.121158,0.11526,0.109947,0.10513,0.0997008,0.0957632,0.0912748,0.0872027,0.0834892,0.0794409,0.0763625,0.0729756,0.0693918,0.066593,0.063604,0.0608749,0.0583728,0.0557559,0.0533654,0.0509115,0.0486746,0.0466271,0.0445459,0.0426433,0.0408971,0.0391349,0.0373784,0.0357731,0.0343003,0.0327286,0.031393,0.0299816,0.0286917,0.0275084,0.0262801,0.025157,0.024068,0.0230163,0.0220528
0.00013105,35.3286,33.7258,32.1977,30.8035,29.5905,28.6009,27.8691,27.415,27.3257,27.6493,28.1828,29.7569,30.7113,32.6216,33.967,34.0352,32.6493,30.123,26.9006,22.622,1.05726,0.869283,0.692398,0.612595,0.525294,0.481309,0.42937,0.389151,0.357033,0.330738,0.308762,0.284449,0.264373,0.251429,0.23784,0.222129,0.20869,0.200738,0.190044,0.180578,0.169495,0.16213,0.153342,0.147404,0.140219,0.133749,0.127884,0.121274,0.116482,0.111019,0.106064,0.101545,0.0966193,0.0928739,0.0887535,0.0843937,0.0809891,0.0773533,0.0740337,0.0709902,0.0678074,0.0648999,0.0619152,0.0591947,0.0567044,0.0541733,0.0518594,0.0497358,0.0475926,0.0454563,0.0435041,0.0417129,0.0398015,0.0381773,0.0364608,0.0348921,0.0334531,0.0319594,0.0305935,0.0292691,0.0279902,0.0268185
0.00015726,35.4015,33.7978,32.2725,30.8848,29.6823,28.7083,27.998,27.5715,27.5519,27.9134,28.4833,30.114,31.083,32.9886,34.2907,34.3326,32.9355,30.4658,27.4026,23.5551,18.0373,1.10448,0.866734,0.762508,0.650281,0.59436,0.528804,0.478369,0.438282,0.405579,0.378324,0.348246,0.323466,0.307515,0.290794,0.271481,0.254979,0.245224,0.232113,0.220515,0.206946,0.197932,0.187182,0.179921,0.171139,0.163231,0.156065,0.147991,0.142138,0.135467,0.129416,0.1239,0.117887,0.113315,0.108286,0.102965,0.0988101,0.0943732,0.0903224,0.0866086,0.0827248,0.0791772,0.0755356,0.0722162,0.0691779,0.0660897,0.0632667,0.0606757,0.058061,0.0554547,0.053073,0.0508878,0.0485558,0.0465743,0.0444802,0.0425665,0.0408109,0.0389887,0.0373223,0.0357066,0.0341464,0.0327169
0.00018871,35.4731,33.8685,32.346,30.9646,29.7724,28.8137,28.1245,27.7252,27.7732,28.1708,28.7748,30.4572,31.439,33.3377,34.5978,34.6144,33.2057,30.7851,27.8561,24.327,19.8564,1.4355,1.10024,0.959948,0.812343,0.739927,0.655902,0.591833,0.541235,0.500154,0.466043,0.428526,0.397708,0.377913,0.357203,0.333312,0.312929,0.300893,0.28473,0.270445,0.253747,0.242662,0.229449,0.220528,0.209743,0.200035,0.19124,0.181334,0.174154,0.165973,0.158554,0.15179,0.144419,0.138816,0.132652,0.126131,0.121039,0.115603,0.110639,0.106089,0.101331,0.0969844,0.0925231,0.0884567,0.0847346,0.0809517,0.0774934,0.0743196,0.0711167,0.0679242,0.0650067,0.0623301,0.0594736,0.0570465,0.0544814,0.0521374,0.049987,0.047755,0.0457139,0.0437349,0.0418239,0.040073
0.00022645,35.5434,33.938,32.4182,31.0429,29.8609,28.9173,28.2489,27.8763,27.9899,28.422,29.0581,30.788,31.7807,33.6709,34.8898,34.8821,33.4614,31.0843,28.271,24.9958,21.0475,16.5084,1.42768,1.22915,1.028,0.931698,0.821595,0.738703,0.673812,0.621475,0.578241,0.530907,0.492184,0.467383,0.441501,0.411694,0.386318,0.371354,0.351283,0.333565,0.312875,0.299154,0.282809,0.271782,0.258456,0.246466,0.235609,0.223385,0.214527,0.204437,0.195288,0.18695,0.177864,0.170958,0.163362,0.155327,0.149054,0.142356,0.136242,0.130637,0.124776,0.119423,0.113928,0.10892,0.104336,0.0996777,0.095419,0.0915107,0.0875665,0.0836353,0.0800427,0.0767467,0.0732295,0.0702408,0.0670823,0.064196,0.0615482,0.0587998,0.0562867,0.0538499,0.0514968,0.0493409
0.00027174,35.6125,34.0062,32.4891,31.1198,29.9479,29.0191,28.3713,28.0248,28.2023,28.6672,29.3337,31.1071,32.1092,33.9896,35.1681,35.1371,33.7044,31.3658,28.6543,25.5922,22.0019,18.2573,1.92769,1.61855,1.32709,1.19327,1.04389,0.93361,0.848437,0.780409,0.724619,0.663932,0.614566,0.583071,0.550323,0.512693,0.480745,0.461943,0.436764,0.414573,0.3887,0.371562,0.351168,0.33742,0.320817,0.30589,0.29238,0.277176,0.266163,0.253623,0.242256,0.231899,0.220616,0.212041,0.202612,0.19264,0.184855,0.176544,0.168957,0.162004,0.154733,0.148092,0.141277,0.135065,0.12938,0.123602,0.11832,0.113473,0.108582,0.103706,0.0992512,0.095164,0.0908023,0.0870963,0.0831796,0.0796006,0.0763172,0.0729092,0.0697929,0.0667713,0.0638535,0.0611802
0.00032609,35.6804,34.0733,32.5587,31.1954,30.0333,29.1193,28.4917,28.1709,28.4105,28.907,29.602,31.4156,32.4258,34.2951,35.4341,35.3806,33.9358,31.6318,29.0111,26.1343,22.8299,19.4284,14.9822,2.25465,1.77346,1.5717,1.3563,1.20264,1.08655,0.995255,0.921218,0.841455,0.777132,0.736329,0.694131,0.645798,0.604938,0.580959,0.54892,0.520742,0.487962,0.466286,0.44053,0.423186,0.40226,0.383467,0.366468,0.34735,0.333511,0.31776,0.303489,0.290493,0.276337,0.265582,0.253758,0.241255,0.231497,0.221081,0.211574,0.202861,0.193752,0.185433,0.176896,0.169115,0.161995,0.154758,0.148144,0.142074,0.135949,0.129844,0.124265,0.119147,0.113686,0.109045,0.104141,0.0996598,0.0955487,0.0912817,0.0873799,0.0835967,0.0799436,0.0765966
0.0003913,35.7471,34.1392,32.6272,31.2697,30.1174,29.2178,28.6102,28.3148,28.6149,29.1416,29.8637,31.7142,32.7312,34.5884,35.6887,35.6135,34.1566,31.8839,29.3454,26.6342,23.5812,20.3885,16.5712,14.4787,2.56292,2.18915,1.8346,1.60019,1.43062,1.30096,1.19788,1.08866,1.0018,0.947219,0.891229,0.82744,0.773866,0.742552,0.700864,0.664337,0.62197,0.594032,0.560902,0.538631,0.511804,0.487737,0.465996,0.441575,0.423909,0.403817,0.385625,0.369064,0.35104,0.33735,0.322304,0.3064,0.29399,0.280747,0.268662,0.257589,0.246013,0.235444,0.224597,0.214714,0.20567,0.196479,0.188078,0.18037,0.172593,0.164841,0.157757,0.151258,0.144324,0.138432,0.132206,0.126516,0.121297,0.11588,0.110926,0.106123,0.101485,0.0972361
0.00046956,35.8127,34.204,32.6945,31.3428,30.2,29.3148,28.727,28.4566,28.8156,29.3713,30.1189,32.0036,33.0263,34.8706,35.9329,35.8367,34.3678,32.1238,29.6603,27.1,24.283,21.2522,17.6493,15.9016,13.6785,12.1409,2.7481,2.2833,1.98995,1.78119,1.62255,1.46019,1.3346,1.25708,1.17872,1.09034,1.01693,0.974354,0.918003,0.868912,0.8123,0.775125,0.731203,0.701771,0.666397,0.634733,0.606187,0.574169,0.551043,0.524776,0.501015,0.479404,0.4559,0.438065,0.41847,0.397769,0.381624,0.364401,0.34869,0.334298,0.319256,0.305525,0.291437,0.278602,0.266858,0.254926,0.244021,0.234015,0.223919,0.21386,0.204666,0.196233,0.187235,0.17959,0.171511,0.164128,0.157356,0.150328,0.143901,0.137669,0.131652,0.12614
0.00056348,35.8773,34.2678,32.7607,31.4146,30.2814,29.4103,28.8421,28.5964,29.0129,29.5964,30.3682,32.2844,33.3119,35.1425,36.1675,36.051,34.5703,32.3526,29.9584,27.5379,24.9512,22.0804,18.5332,16.8947,14.9876,13.8635,12.2972,10.8123,9.10725,2.78492,2.43666,2.12718,1.90868,1.78053,1.65577,1.51859,1.40767,1.34442,1.2618,1.19074,1.10974,1.05705,0.995237,0.954061,0.904811,0.860944,0.821525,0.777477,0.745753,0.709791,0.677341,0.647872,0.615878,0.591625,0.565013,0.536932,0.515048,0.491718,0.470451,0.450978,0.430638,0.412077,0.393042,0.375708,0.35985,0.34374,0.329021,0.315517,0.301895,0.28832,0.275919,0.264544,0.252408,0.242097,0.231202,0.221247,0.212116,0.202639,0.193974,0.185573,0.17746,0.170029
0.00067617,35.9407,34.3305,32.8258,31.4853,30.3614,29.5044,28.9556,28.7343,29.2069,29.817,30.6118,32.5572,33.5886,35.4048,36.3932,36.257,34.7647,32.5713,30.2416,27.952,25.5952,22.9169,19.3335,17.7097,15.902,14.8839,13.5429,12.4028,11.4163,10.5469,9.76856,8.83724,7.98688,7.36845,6.58628,2.58812,2.31038,2.17016,2.00035,1.86354,1.71552,1.62293,1.51735,1.44859,1.36779,1.29693,1.2341,1.16469,1.11516,1.05944,1.0095,0.964403,0.915689,0.878902,0.838686,0.79639,0.763509,0.728545,0.696735,0.667654,0.637316,0.609674,0.581357,0.555592,0.532047,0.508144,0.48632,0.466306,0.446124,0.426023,0.407668,0.390835,0.372879,0.357629,0.341518,0.326799,0.313301,0.299293,0.286486,0.274073,0.262087,0.251106
0.0008114,36.0031,34.3921,32.8899,31.5549,30.4403,29.5972,29.0676,28.8704,29.3978,30.0335,30.8501,32.8223,33.8569,35.6582,36.6106,36.4554,34.9517,32.7809,30.5117,28.3461,26.2201,23.8005,20.1223,18.4422,16.6403,15.6557,14.3888,13.3365,12.4438,11.6727,10.9984,10.2199,9.55182,9.10968,8.63591,8.07936,7.59591,7.30727,6.91667,6.56916,6.16098,5.88928,5.56499,5.34598,5.08126,4.84317,4.62769,4.38531,4.20984,4.01018,3.82936,3.66472,3.48551,3.34942,3.19986,3.04179,2.91847,2.78687,2.66682,2.55681,2.44184,2.33686,2.22915,2.13103,2.04125,1.95002,1.86664,1.79012,1.71291,1.63596,1.56565,1.50115,1.43232,1.37384,1.31204,1.25557,1.20376,1.14999,1.10083,1.05315,1.00712,0.964948
0.00097369,36.0645,34.4529,32.9529,31.6234,30.5179,29.6887,29.1782,29.0048,29.5857,30.246,31.0832,33.0804,34.1175,35.9033,36.8204,36.6467,35.1318,32.9822,30.7701,28.7226,26.8282,24.7626,20.9826,19.1559,17.2852,16.2968,15.0514,14.0316,13.1708,12.4276,11.7765,11.0217,10.3701,9.93624,9.46597,8.91197,8.42584,8.13311,7.73365,7.37478,6.94873,6.66226,6.31721,6.08221,5.79602,5.53663,5.30027,5.03262,4.83774,4.61486,4.41204,4.2266,4.02398,3.8696,3.69947,3.51916,3.37816,3.22741,3.08962,2.96319,2.83086,2.7099,2.58565,2.47234,2.36858,2.26308,2.16659,2.078,1.98858,1.89942,1.81793,1.74314,1.66332,1.59549,1.52379,1.45826,1.39814,1.33573,1.27865,1.22331,1.16987,1.1209
0.0011684,36.125,34.5126,33.015,31.6908,30.5945,29.779,29.2874,29.1375,29.7707,30.4546,31.3115,33.3318,34.3706,36.1405,37.0229,36.8313,35.3054,33.1758,31.018,29.0838,27.4192,25.8099,22.0927,19.9237,17.8846,16.861,15.6063,14.5956,13.7461,13.0118,12.3661,11.614,10.9607,10.5232,10.0456,9.48103,8.98247,8.68078,8.26729,7.89406,7.44884,7.14822,6.78485,6.53661,6.23352,5.9581,5.70661,5.42123,5.21308,4.9747,4.75748,4.55866,4.34119,4.17535,3.99247,3.7985,3.64674,3.4844,3.33596,3.1997,3.05704,2.92659,2.79257,2.67032,2.55835,2.44448,2.34033,2.2447,2.14815,2.05188,1.96388,1.88312,1.79692,1.72365,1.64621,1.57543,1.51049,1.44308,1.38142,1.32164,1.2639,1.211
0.0014021,36.1845,34.5714,33.0761,31.7573,30.6699,29.8681,29.3953,29.2687,29.953,30.6596,31.5352,33.5768,34.6169,36.3706,37.2187,37.0097,35.4732,33.3623,31.2565,29.4315,27.9924,26.8986,24.6866,28.9604,30.3406,17.3823,16.0916,15.0759,14.2277,13.4943,12.8477,12.0914,11.4314,10.9877,10.5009,9.92413,9.41271,9.10229,8.67575,8.28967,7.82788,7.51537,7.1369,6.87794,6.56131,6.27322,6.00987,5.71074,5.49237,5.24212,5.01392,4.80495,4.57626,4.40179,4.20933,4.00514,3.84533,3.67435,3.51797,3.3744,3.22407,3.08659,2.94532,2.81644,2.6984,2.57833,2.46851,2.36767,2.26586,2.16434,2.07153,1.98636,1.89544,1.81817,1.73649,1.66184,1.59334,1.52223,1.4572,1.39414,1.33324,1.27744
0.0016825,36.243,34.6293,33.1363,31.8227,30.7443,29.9561,29.502,29.3984,30.1326,30.8611,31.7544,33.8159,34.8566,36.5937,37.4083,37.1823,35.6353,33.5423,31.4863,29.767,28.5461,27.9472,29.3034,31.1923,31.884,29.7224,16.5301,15.498,14.645,13.9082,13.2576,12.4945,11.8262,11.3756,10.8795,10.2907,9.76721,9.44881,9.01054,8.61313,8.13697,7.81426,7.42298,7.15497,6.82703,6.5284,6.25523,5.94476,5.718,5.45801,5.22085,5.0036,4.76578,4.58431,4.38408,4.1716,4.00527,3.8273,3.66451,3.51503,3.3585,3.21534,3.06823,2.93402,2.81107,2.68602,2.57163,2.4666,2.36055,2.2548,2.15812,2.06939,1.97469,1.89419,1.8091,1.73133,1.65997,1.5859,1.51815,1.45245,1.38901,1.33088
0.002019,36.3007,34.6864,33.1956,31.8872,30.8177,30.043,29.6075,29.5268,30.3097,31.0593,31.9694,34.0492,35.0902,36.8103,37.5918,37.3495,35.7923,33.7163,31.7084,30.0915,29.0791,28.8982,30.7666,32.2776,32.7842,31.3446,16.9382,15.8782,15.0155,14.2728,13.6166,12.8453,12.168,11.7105,11.2054,10.6053,10.0706,9.74494,9.2961,8.88859,8.39975,8.06811,7.66567,7.38983,7.05211,6.74441,6.46282,6.14265,5.90872,5.64044,5.39565,5.17136,4.92579,4.73837,4.53156,4.31206,4.14022,3.95633,3.78812,3.63366,3.47189,3.32394,3.17189,3.03317,2.90609,2.77683,2.65859,2.55001,2.44038,2.33107,2.23113,2.13941,2.0415,1.95828,1.87032,1.78992,1.71615,1.63957,1.56953,1.50162,1.43603,1.37593
0.0024228,36.3575,34.7426,33.254,31.9508,30.8901,30.1289,29.7118,29.6537,30.4845,31.2542,32.1803,34.2771,35.3179,37.0209,37.7698,37.5115,35.9443,33.8848,31.9233,30.4061,29.5905,29.7389,31.7593,33.0819,33.4704,32.2166,17.3298,16.2277,15.3508,14.6,13.9371,13.157,12.4707,12.0063,11.4927,10.882,10.3369,10.0046,9.54611,9.1295,8.62929,8.28969,7.87734,7.59458,7.24822,6.93254,6.64355,6.31487,6.07465,5.79912,5.54766,5.31722,5.06489,4.87229,4.65973,4.43412,4.25749,4.06845,3.89552,3.73671,3.57039,3.41827,3.26194,3.11929,2.98862,2.8557,2.73411,2.62246,2.50973,2.39731,2.29454,2.20021,2.09953,2.01395,1.92349,1.84081,1.76494,1.68619,1.61416,1.54431,1.47686,1.41505
0.0029074,36.4135,34.7979,33.3115,32.0134,30.9616,30.2138,29.8151,29.7794,30.6568,31.446,32.3874,34.4999,35.54,37.2257,37.9426,37.6686,36.0918,34.048,32.1317,30.7116,30.0801,30.4814,32.5414,33.7404,34.0386,32.8719,17.7191,16.5551,15.6591,14.8984,14.2279,13.4385,12.7432,12.2721,11.7505,11.1296,10.5749,10.2364,9.76919,9.34427,8.83375,8.48694,8.06566,7.77667,7.42257,7.09973,6.80412,6.46783,6.22201,5.94001,5.6826,5.4467,5.18835,4.99113,4.77347,4.54243,4.36153,4.16791,3.99079,3.82813,3.65777,3.50195,3.34181,3.19569,3.06182,2.92566,2.8011,2.68672,2.57123,2.45607,2.35078,2.25415,2.151,2.06333,1.97065,1.88594,1.80822,1.72753,1.65374,1.58219,1.51308,1.44976
0.0034889,36.4686,34.8525,33.3682,32.0753,31.0322,30.2977,29.9174,29.9039,30.8269,31.6348,32.5908,34.7177,35.7569,37.425,38.1103,37.8212,36.235,34.2063,32.3341,31.0087,30.5481,31.1425,33.1986,34.3059,34.5294,33.411,29.7978,16.868,15.9466,15.174,14.4951,13.696,12.9918,12.5142,11.9848,11.3545,10.7907,10.4465,9.97112,9.53855,9.01855,8.66516,8.23573,7.94106,7.57992,7.25058,6.94896,6.60578,6.35489,6.06703,5.80426,5.5634,5.29962,5.09824,4.87597,4.64002,4.45528,4.25754,4.07664,3.9105,3.7365,3.57734,3.41376,3.26451,3.12777,2.98869,2.86145,2.74461,2.62664,2.509,2.40144,2.30274,2.19736,2.10781,2.01313,1.9266,1.84721,1.76478,1.6894,1.6163,1.54571,1.48102
0.0041867,36.5229,34.9063,33.4242,32.1362,31.1019,30.3808,30.0186,30.0272,30.9948,31.8207,32.7905,34.9308,35.9687,37.6191,38.2733,37.9695,36.3741,34.3601,32.5311,31.298,30.995,31.7377,33.7715,34.8056,34.9645,33.875,30.7969,17.1736,16.2185,15.4316,14.7433,13.9343,13.221,12.7371,12.2004,11.5609,10.9887,10.6391,10.1561,9.71638,9.18761,8.82813,8.39119,8.09128,7.72367,7.38837,7.08124,6.73174,6.4762,6.18298,5.91529,5.66992,5.40116,5.19598,4.9695,4.72908,4.54081,4.33931,4.15496,3.98565,3.80832,3.64612,3.47941,3.3273,3.18794,3.04619,2.91651,2.79743,2.67719,2.55728,2.44766,2.34706,2.23966,2.14838,2.05189,1.9637,1.88277,1.79877,1.72193,1.64743,1.57548,1.50955
0.005024,36.5764,34.9593,33.4793,32.1964,31.1708,30.4629,30.119,30.1494,31.1606,32.0038,32.9868,35.1395,36.1757,37.8083,38.4318,38.1136,36.5093,34.5096,32.7229,31.58,31.4219,32.2791,34.2828,35.2558,35.3571,34.2854,31.4904,17.48,16.4795,15.6751,14.9765,14.1568,13.4345,12.9444,12.4005,11.7523,11.172,10.8173,10.3271,9.88077,9.3438,8.97865,8.53471,8.22995,7.85633,7.5155,7.20326,6.84792,6.58808,6.28991,6.01768,5.76813,5.49478,5.28609,5.05572,4.81117,4.61966,4.41469,4.22715,4.05492,3.87453,3.70951,3.53992,3.38517,3.24339,3.09918,2.96725,2.8461,2.72378,2.60179,2.49027,2.38791,2.27865,2.18578,2.08762,1.99789,1.91556,1.83009,1.75192,1.67612,1.60292,1.53584
0.0060288,36.6292,35.0115,33.5337,32.2558,31.2389,30.5443,30.2185,30.2705,31.3245,32.1844,33.1799,35.344,36.3782,37.9928,38.5861,38.2539,36.641,34.6552,32.9101,31.8555,31.8301,32.7765,34.7468,35.6671,35.7161,34.6553,32.0458,17.798,16.7342,15.9083,15.1977,14.3668,13.6353,13.139,12.588,11.9314,11.3433,10.9838,10.4869,10.0342,9.48948,9.119,8.66849,8.35918,7.97992,7.63392,7.31692,6.95611,6.69226,6.38946,6.113,5.85955,5.58193,5.36997,5.13598,4.88757,4.69305,4.48484,4.29434,4.11939,3.93614,3.76851,3.59623,3.43903,3.295,3.1485,3.01448,2.89141,2.76714,2.64321,2.52992,2.42594,2.31494,2.22059,2.12087,2.02971,1.94607,1.85924,1.77983,1.70283,1.62846,1.56032
0.0072346,36.6812,35.0631,33.5874,32.3144,31.3061,30.6248,30.317,30.3906,31.4862,32.3622,33.3697,35.5442,36.5762,38.1728,38.7363,38.3904,36.7691,34.7969,33.0928,32.1244,32.2204,33.2367,35.1727,36.0465,36.0473,34.9928,32.5176,29.4767,16.9872,16.134,15.4097,14.5666,13.8255,13.323,12.7651,12.1002,11.5047,11.1405,10.637,10.1783,9.6263,9.25076,8.79405,8.48044,8.09588,7.745,7.42351,7.05756,6.78994,6.4828,6.20236,5.94526,5.66362,5.44859,5.21121,4.95919,4.76184,4.55059,4.35732,4.17981,3.99388,3.82381,3.64901,3.4895,3.34337,3.19472,3.05874,2.93386,2.80777,2.68203,2.56708,2.46157,2.34895,2.25322,2.15203,2.05954,1.97467,1.88657,1.806,1.72786,1.6524,1.58326
0.0086815,36.7325,35.1139,33.6403,32.3723,31.3727,30.7045,30.4148,30.5096,31.646,32.5374,33.5563,35.7405,36.77,38.3484,38.8826,38.5234,36.894,34.9351,33.2715,32.3873,32.594,33.6655,35.5673,36.3993,36.3553,35.3041,32.9325,30.4395,17.2445,16.3559,15.6152,14.7586,14.0074,13.4985,12.9337,12.2607,11.6578,11.2892,10.7794,10.3149,9.75585,9.37548,8.91285,8.59515,8.20554,7.85004,7.52428,7.15347,6.88228,6.57103,6.28682,6.02626,5.74082,5.52288,5.28229,5.02686,4.82683,4.61272,4.41682,4.2369,4.04844,3.87605,3.69887,3.5372,3.38907,3.2384,3.10056,2.97398,2.84617,2.71872,2.60219,2.49525,2.38108,2.28405,2.18148,2.08772,2.0017,1.91239,1.83072,1.75152,1.67503,1.60494
0.010418,36.7831,35.164,33.6925,32.4295,31.4384,30.7836,30.5118,30.6277,31.804,32.7102,33.74,35.9331,36.9598,38.52,39.0253,38.6531,37.0157,35.07,33.4464,32.6445,32.9522,34.0675,35.9357,36.7296,36.6435,35.5934,33.3054,31.1467,17.5143,16.5775,15.8169,14.9449,14.183,13.6674,13.0956,12.4144,11.8043,11.4313,10.9154,10.4453,9.87945,9.49443,9.02612,8.70449,8.31005,7.95012,7.62029,7.24483,6.97022,6.65505,6.36724,6.10338,5.81433,5.59362,5.34997,5.09129,4.88871,4.67187,4.47347,4.29125,4.10038,3.92579,3.74634,3.5826,3.43258,3.27998,3.14037,3.01217,2.88273,2.75364,2.63562,2.52731,2.41168,2.31341,2.20952,2.11456,2.02744,1.93699,1.85427,1.77405,1.69658,1.62559
0.012501,36.833,35.2135,33.7441,32.486,31.5035,30.8619,30.6081,30.7449,31.9602,32.8807,33.9209,36.122,37.1458,38.6877,39.1645,38.7796,37.1346,35.2017,33.6179,32.8963,33.2961,34.4462,36.2818,37.0406,36.9147,35.8641,33.6458,31.7314,17.8091,16.8036,16.0178,15.1278,14.3541,13.8315,13.2524,12.563,11.9457,11.5682,11.0463,10.5708,9.99829,9.60876,9.13494,8.80952,8.41041,8.04621,7.71246,7.33251,7.05462,6.73567,6.44442,6.17738,5.88485,5.66148,5.4149,5.15309,4.94807,4.72861,4.52781,4.34338,4.15021,3.9735,3.79188,3.62616,3.47432,3.31987,3.17857,3.04882,2.9178,2.78715,2.6677,2.55807,2.44104,2.34157,2.23642,2.14032,2.05213,1.96058,1.87686,1.79567,1.71726,1.64541
0.015002,36.8822,35.2623,33.795,32.5418,31.568,30.9395,30.7036,30.8613,32.1145,33.0488,34.0989,36.3074,37.3281,38.8517,39.3003,38.903,37.2506,35.3305,33.7861,33.143,33.6267,34.8045,36.6084,37.3345,37.1709,36.1187,33.9601,32.2413,31.8873,17.0402,16.2213,15.3098,14.5226,13.9924,13.4058,12.7078,12.0832,11.7014,11.1734,10.6925,10.1135,9.71952,9.24031,8.91119,8.50754,8.13917,7.80161,7.41732,7.13625,6.81363,6.51903,6.24893,5.95303,5.72709,5.47766,5.21284,5.00545,4.78345,4.58034,4.39378,4.19838,4.01962,3.8359,3.66826,3.51466,3.35843,3.21549,3.08424,2.95171,2.81954,2.69871,2.58781,2.46942,2.3688,2.26244,2.16522,2.07601,1.9834,1.89871,1.81658,1.73726,1.66458
0.018002,36.9307,35.3104,33.8452,32.5969,31.6317,31.0165,30.7984,30.9767,32.2671,33.2146,34.2742,36.4894,37.5067,39.012,39.4329,39.0234,37.3639,35.4564,33.9511,33.3846,33.9448,35.1446,36.9178,37.6133,37.4137,36.3591,34.2528,32.6994,32.6354,33.9141,16.4318,15.4934,14.6906,14.152,13.5572,12.8503,12.2181,11.8319,11.2979,10.8115,10.226,9.82771,9.34319,9.01042,8.60229,8.22985,7.88855,7.50001,7.21582,6.88963,6.59176,6.31866,6.01948,5.79103,5.53883,5.27106,5.06136,4.8369,4.63152,4.44289,4.24531,4.06456,3.8788,3.70928,3.55398,3.396,3.25147,3.11876,2.98475,2.85111,2.72893,2.61679,2.49709,2.39535,2.28779,2.18949,2.09929,2.00565,1.92001,1.83696,1.75676,1.68327
0.021602,36.9786,35.358,33.8948,32.6514,31.6948,31.0929,30.8926,31.0913,32.4181,33.3783,34.4469,36.6682,37.682,39.1689,39.5624,39.1412,37.4747,35.5797,34.1134,33.6216,34.2515,35.4687,37.2122,37.8789,37.6448,36.5872,34.5277,33.12,33.2779,34.5757,35.5004,15.6822,14.8608,14.3125,13.7087,12.9922,12.3522,11.9613,11.4212,10.9292,10.3372,9.93452,9.44468,9.10828,8.69571,8.31922,7.97422,7.58146,7.2942,6.96447,6.66338,6.38732,6.0849,5.85397,5.59904,5.32837,5.11641,4.88951,4.6819,4.49123,4.2915,4.1088,3.92102,3.74967,3.59268,3.43299,3.2869,3.15274,3.01728,2.88219,2.75868,2.64533,2.52433,2.42148,2.31277,2.2134,2.12222,2.02756,1.94099,1.85704,1.77597,1.70168
0.025923,37.0259,35.4049,33.9438,32.7053,31.7573,31.1686,30.9862,31.2051,32.5673,33.5399,34.617,36.8439,37.8539,39.3225,39.689,39.2562,37.583,35.7005,34.2729,33.8539,34.5474,35.7783,37.493,38.1323,37.8651,36.8041,34.787,33.511,33.848,35.1474,35.9955,35.4198,15.0359,14.4762,13.8623,13.1352,12.4868,12.091,11.5445,11.0469,10.4482,10.041,9.5458,9.20573,8.7887,8.40816,8.05944,7.66247,7.37213,7.03889,6.73458,6.45557,6.14992,5.91653,5.65888,5.38533,5.1711,4.94179,4.73197,4.53926,4.33741,4.15276,3.96298,3.78981,3.63114,3.46975,3.3221,3.18651,3.04961,2.91308,2.78826,2.6737,2.55141,2.44747,2.33759,2.23716,2.14501,2.04935,1.96186,1.87702,1.79508,1.72
0.031107,37.0725,35.4512,33.9922,32.7586,31.8192,31.2438,31.0792,31.3181,32.715,33.6994,34.7848,37.0165,38.0228,39.4729,39.8127,39.3687,37.689,35.8189,34.43,34.082,34.8335,36.075,37.7617,38.3749,38.0759,37.0112,35.0332,33.8788,34.3643,35.6553,36.4385,35.8328,15.2201,14.6463,14.0206,13.2816,12.6239,12.2229,11.6695,11.166,10.5604,10.1486,9.64785,9.30404,8.88245,8.49777,8.1453,7.74406,7.4506,7.11379,6.80624,6.52426,6.21535,5.97948,5.71909,5.44264,5.22613,4.99438,4.78234,4.58759,4.3836,4.19699,4.0052,3.83019,3.66984,3.50674,3.35753,3.2205,3.08214,2.94417,2.81803,2.70225,2.57867,2.47362,2.36258,2.26109,2.16796,2.07128,1.98287,1.89712,1.81432,1.73844
0.037329,37.1186,35.497,34.0401,32.8113,31.8806,31.3185,31.1716,31.4304,32.8611,33.8569,34.9502,37.1863,38.1885,39.6203,39.9338,39.4787,37.7928,35.935,34.5847,34.3058,35.1102,36.3598,38.0193,38.6076,38.2779,37.2093,35.2678,34.2274,34.8382,36.1145,36.8412,36.2057,34.2617,14.827,14.187,13.4339,12.7658,12.3591,11.7983,11.2883,10.6754,10.2588,9.75226,9.40456,8.97825,8.58931,8.23295,7.82733,7.53068,7.19021,6.87933,6.59431,6.28208,6.04367,5.78049,5.50106,5.28224,5.04801,4.83369,4.63686,4.43068,4.24208,4.04824,3.87136,3.7093,3.54445,3.39364,3.25515,3.11532,2.97587,2.84838,2.73137,2.60646,2.5003,2.38807,2.2855,2.19137,2.09366,2.0043,1.91764,1.83395,1.75727
0.044794,37.1641,35.5422,34.0873,32.8635,31.9413,31.3926,31.2634,31.5419,33.0056,34.0123,35.1131,37.3531,38.3512,39.7646,40.0522,39.5864,37.8943,36.0489,34.7371,34.5254,35.378,36.6335,38.2667,38.8311,38.4717,37.399,35.492,34.5595,35.2772,36.5347,37.2109,36.5464,34.6733,15.024,14.3656,13.5956,12.9154,12.5022,11.9331,11.4161,10.7952,10.3734,9.86075,9.50892,9.07763,8.68421,8.32379,7.91358,7.6136,7.26933,6.95499,6.6668,6.35112,6.11008,5.844,5.5615,5.34027,5.10347,4.88681,4.68782,4.47938,4.28872,4.09276,3.91394,3.75011,3.58346,3.431,3.291,3.14964,3.00867,2.87979,2.7615,2.63523,2.52791,2.41445,2.31076,2.21561,2.11683,2.02649,1.93889,1.85429,1.77677
0.053753,37.209,35.5868,34.1341,32.9151,32.0016,31.4662,31.3547,31.6528,33.1487,34.166,35.274,37.5174,38.5112,39.9063,40.1682,39.6918,37.9939,36.1609,34.8876,34.7413,35.638,36.8977,38.5051,39.0465,38.6583,37.5816,35.7074,34.8782,35.6876,36.9238,37.5542,36.8615,35.0458,34.2097,14.5634,13.7717,13.0769,12.656,12.0773,11.5524,10.9227,10.4951,9.97582,9.61952,9.18286,8.78462,8.41985,8.00474,7.70121,7.35289,7.03487,6.74334,6.42399,6.18017,5.91102,5.62527,5.4015,5.16199,4.94284,4.74158,4.53076,4.33792,4.13972,3.95886,3.79316,3.62461,3.47042,3.32883,3.18586,3.04328,2.91293,2.7933,2.66559,2.55704,2.4423,2.33742,2.24119,2.14129,2.04992,1.96132,1.87576,1.79736
0.064504,37.2533,35.6309,34.1802,32.9662,32.0614,31.5393,31.4455,31.7629,33.2903,34.3178,35.4326,37.679,38.6684,40.0451,40.2818,39.7951,38.0916,36.2708,35.0359,34.9533,35.8901,37.1525,38.7349,39.2541,38.8381,37.7571,35.9145,35.1847,36.0728,37.2862,37.8745,37.1545,35.3873,34.6703,35.072,36.1665,13.2556,12.8253,12.2353,11.7011,11.0612,10.6272,10.1004,9.7391,9.2965,8.89297,8.52343,8.10298,7.79558,7.44287,7.12087,6.8257,6.5024,6.25557,5.98311,5.69386,5.46735,5.22491,5.0031,4.79938,4.58601,4.39082,4.19022,4.00716,3.83946,3.66887,3.51281,3.3695,3.2248,3.0805,2.94857,2.82749,2.69824,2.58838,2.47225,2.36611,2.26872,2.16761,2.07514,1.98547,1.89887,1.81952
0.077405,37.2972,35.6745,34.2259,33.0167,32.1206,31.612,31.5358,31.8725,33.4305,34.4678,35.5892,37.8381,38.823,40.1813,40.393,39.8963,38.1873,36.379,35.1825,35.1617,36.1352,37.3989,38.9569,39.4546,39.0115,37.9265,36.1145,35.4807,36.4366,37.6261,38.1755,37.4291,35.7041,35.0935,35.5982,36.6423,36.0796,13.018,12.4136,11.8681,11.2161,10.7745,10.2389,9.87196,9.42258,9.01305,8.63813,8.21166,7.89994,7.54232,7.21588,6.91667,6.58898,6.33881,6.06268,5.76955,5.54002,5.29434,5.06958,4.86316,4.64695,4.44918,4.24592,4.06045,3.89053,3.71769,3.55957,3.41437,3.26776,3.12156,2.9879,2.86522,2.73427,2.62297,2.50531,2.39777,2.29909,2.19665,2.10297,2.01212,1.92438,1.84399
0.092886,37.3404,35.7176,34.2711,33.0668,32.1794,31.6843,31.6257,31.9813,33.5692,34.616,35.7436,37.9947,38.975,40.315,40.5021,39.9955,38.2813,36.4853,35.3274,35.3665,36.3734,37.6374,39.1716,39.6485,39.1791,38.09,36.3079,35.7672,36.7813,37.9465,38.4595,37.6875,36.0004,35.4874,36.0753,37.0703,36.4783,35.4782,12.6224,12.0624,11.3951,10.9441,10.3981,10.0243,9.56685,9.15025,8.76904,8.33559,8.01886,7.65556,7.32401,7.02017,6.68744,6.43345,6.15313,5.85557,5.62259,5.37323,5.1451,4.9356,4.71617,4.51546,4.30918,4.12096,3.94853,3.77313,3.61268,3.46533,3.31656,3.1682,3.03256,2.90808,2.77519,2.66225,2.54285,2.43373,2.3336,2.22965,2.13458,2.0424,1.95336,1.87179
0.11146,37.3832,35.7602,34.3157,33.1164,32.2377,31.7561,31.7151,32.0895,33.7066,34.7625,35.8961,38.1488,39.1245,40.4463,40.6089,40.0927,38.3735,36.59,35.4705,35.5677,36.6052,37.8686,39.3794,39.8362,39.3412,38.2481,36.4953,36.045,37.1089,38.2496,38.7284,37.9318,36.2794,35.8578,36.5134,37.4608,36.8401,35.8688,35.3528,12.299,11.6113,11.1481,10.5885,10.2061,9.73863,9.31332,8.92441,8.48246,8.15966,7.78953,7.45185,7.14246,6.80372,6.54519,6.25988,5.95706,5.71998,5.46626,5.23415,5.02101,4.79778,4.59359,4.38375,4.19228,4.01688,3.83846,3.67525,3.52538,3.37405,3.22315,3.08519,2.95857,2.82341,2.70853,2.58709,2.4761,2.37426,2.26853,2.17184,2.07807,1.98752,1.90455
0.13376,37.4255,35.8023,34.3599,33.1655,32.2957,31.8276,31.8041,32.1972,33.8427,34.9074,36.0468,38.3008,39.2716,40.5752,40.7138,40.1881,38.4641,36.6932,35.6121,35.7658,36.8312,38.0932,39.5811,40.0182,39.4984,38.4012,36.6775,36.3153,37.4217,38.5379,38.9844,38.1638,36.5439,36.2091,36.92,37.8213,37.1727,36.2252,35.8372,36.6197,11.8898,11.409,10.8304,10.4361,9.95516,9.51825,9.11922,8.66623,8.33562,7.95674,7.61124,7.29481,6.94847,6.6842,6.39262,6.08321,5.841,5.58182,5.34475,5.12705,4.89908,4.69056,4.47629,4.28078,4.10168,3.91952,3.75288,3.59986,3.44537,3.2913,3.15045,3.02119,2.8832,2.76592,2.64195,2.52864,2.42467,2.31673,2.21802,2.1223,2.02986,1.94515
0.16051,37.4672,35.8439,34.4037,33.2142,32.3532,31.8986,31.8927,32.3042,33.9774,35.0506,36.1954,38.4505,39.4164,40.7018,40.8167,40.2817,38.5531,36.7948,35.7522,35.9606,37.0513,38.3112,39.7767,40.1947,39.6507,38.5497,36.8546,36.5782,37.7206,38.8125,39.2283,38.3846,36.7957,36.5438,37.2994,38.1561,37.4808,36.5538,36.2814,37.0824,36.8394,11.7777,11.1678,10.7547,10.2529,9.79863,9.38471,8.91573,8.57395,8.18271,7.82627,7.50005,7.14322,6.87107,6.57091,6.2525,6.00332,5.73673,5.49293,5.26909,5.03471,4.82036,4.60011,4.39917,4.21511,4.02791,3.85668,3.69944,3.54069,3.38239,3.23767,3.10486,2.96309,2.84259,2.71522,2.5988,2.49199,2.3811,2.27969,2.18135,2.08637,1.99935
0.19261,37.5085,35.885,34.4469,33.2623,32.4103,31.9694,31.981,32.4105,34.1107,35.1923,36.3424,38.5981,39.559,40.8262,40.9176,40.3737,38.6405,36.8949,35.8909,36.1523,37.2662,38.5233,39.9668,40.3663,39.7985,38.6938,37.0274,36.8345,38.0071,39.075,39.4616,38.5955,37.0366,36.8643,37.656,38.4696,37.7685,36.86,36.6943,37.5039,37.2181,36.341,36.5888,11.2968,10.7494,10.2595,9.81657,9.31771,8.95572,8.54264,8.16729,7.82443,7.45001,7.16483,6.85059,6.51756,6.25712,5.97864,5.72411,5.4905,5.24596,5.02239,4.79272,4.58323,4.39138,4.19629,4.01785,3.85402,3.68863,3.52371,3.37295,3.23461,3.08693,2.96142,2.82876,2.70751,2.59625,2.48077,2.37515,2.27273,2.17383,2.0832
0.20162,37.5188,35.8953,34.4577,33.2743,32.4246,31.9871,32.003,32.4371,34.1442,35.2276,36.3789,38.6347,39.5944,40.8571,40.9426,40.3964,38.6622,36.9198,35.9255,36.1998,37.3192,38.5756,40.0137,40.4085,39.8349,38.7293,37.0701,36.8978,38.0771,39.1391,39.5185,38.647,37.0954,36.9427,37.7422,38.5452,37.8377,36.9338,36.7936,37.6041,37.3078,36.4378,36.7104,36.9851,10.9576,10.4481,9.9903,9.47697,9.10563,8.68278,8.2992,7.94929,7.56755,7.27703,6.9571,6.61823,6.35333,6.07019,5.81145,5.57405,5.32559,5.09848,4.86521,4.65245,4.45762,4.25954,4.07837,3.91205,3.74414,3.57672,3.42368,3.28324,3.13334,3.00595,2.87129,2.74821,2.63529,2.51807,2.41088,2.30693,2.20654,2.11456
0.21995,37.5383,35.9147,34.4782,33.2972,32.4517,32.0207,32.045,32.4877,34.2074,35.2945,36.4483,38.7042,39.6615,40.9155,40.99,40.4396,38.7033,36.9671,35.9911,36.2899,37.4194,38.6743,40.1021,40.4882,39.9035,38.7962,37.1507,37.0173,38.2087,39.2593,39.6253,38.7435,37.2059,37.0899,37.903,38.6862,37.9669,37.0711,36.9785,37.7896,37.4737,36.6169,36.9342,37.1982,16.5547,11.306,10.67,10.0509,9.62524,9.15292,8.73193,8.35221,7.94144,7.6307,7.29,6.9305,6.65029,6.35142,6.07881,5.82904,5.56795,5.32953,5.08484,4.86185,4.65777,4.45041,4.26084,4.08684,3.91123,3.73618,3.57619,3.4294,3.27274,3.13962,2.99892,2.87034,2.75237,2.62992,2.51795,2.40937,2.30452,2.20846
0.24376,37.5612,35.9376,34.5022,33.324,32.4835,32.0603,32.0944,32.5473,34.2816,35.3731,36.5296,38.7857,39.7401,40.9839,41.0454,40.49,38.7514,37.0224,36.0682,36.3955,37.5363,38.7892,40.2049,40.5809,39.9834,38.874,37.2447,37.1566,38.3608,39.3982,39.7488,38.8549,37.3337,37.2604,38.0876,38.8477,38.1146,37.2284,37.1903,38,37.6617,36.8198,37.1864,37.4371,36.7549,16.4001,15.6713,14.8567,14.2689,13.6009,12.9961,12.4452,11.8449,11.3884,10.8862,10.3545,9.93917,9.4954,9.09001,8.71815,8.32907,7.97348,7.6083,7.27529,6.97037,6.66039,6.37693,6.1167,5.854,5.59208,5.35266,5.13295,4.89844,4.69914,4.48847,4.29594,4.11929,3.93591,3.76821,3.6056,3.44856,3.30467
0.27553,37.5883,35.9646,34.5306,33.3559,32.5214,32.1074,32.1533,32.6181,34.3694,35.4662,36.6259,38.8819,39.8329,41.0646,41.1107,40.5495,38.8082,37.0878,36.1596,36.52,37.6736,38.924,40.3255,40.6896,40.077,38.9653,37.3552,37.3202,38.5379,39.5597,39.8924,38.9844,37.4827,37.4592,38.3006,39.0338,38.2848,37.4097,37.4341,38.2401,37.8757,37.0511,37.4721,37.7063,37.0136,36.8909,16.2282,15.3935,14.7902,14.1034,13.4806,12.9126,12.2929,11.8213,11.3019,10.7517,10.3216,9.86185,9.44166,9.0561,8.65255,8.28364,7.90468,7.55904,7.2425,6.92064,6.62629,6.35604,6.0832,5.81115,5.56246,5.33423,5.09062,4.88358,4.66473,4.4647,4.28117,4.09066,3.91642,3.74747,3.5843,3.4348
0.29384,37.6024,35.9787,34.5455,33.3725,32.5412,32.1321,32.1841,32.6551,34.4154,35.5148,36.6762,38.9321,39.8812,41.1066,41.1446,40.5804,38.8377,37.122,36.2074,36.5849,37.7448,38.9939,40.388,40.7459,40.1254,39.0125,37.4127,37.4051,38.6292,39.6428,39.9663,39.0511,37.5596,37.5617,38.4095,39.1289,38.3716,37.5023,37.5586,38.3618,37.984,37.1685,37.6162,37.8416,37.1434,37.0467,37.3458,15.6339,15.0224,14.3262,13.6946,13.1184,12.4897,12.011,11.4838,10.9252,10.4885,10.0216,9.59481,9.20317,8.79324,8.41847,8.03348,7.68231,7.36069,7.03365,6.73456,6.45994,6.1827,5.90625,5.65353,5.42161,5.17404,4.96364,4.74124,4.53797,4.35146,4.15785,3.98078,3.80908,3.64326,3.49133
0.3126,37.616,35.9923,34.5598,33.3885,32.5603,32.1558,32.2137,32.6908,34.4596,35.5615,36.7244,38.9802,39.9276,41.1468,41.1771,40.61,38.866,37.1547,36.2532,36.6471,37.813,39.0606,40.4477,40.7997,40.1717,39.0577,37.4676,37.4862,38.716,39.7219,40.0366,39.1144,37.6328,37.6593,38.5127,39.2188,38.4538,37.59,37.6765,38.4764,38.086,37.2791,37.7515,37.9683,37.2649,37.1927,37.4905,15.8506,15.2313,14.5261,13.8863,13.3025,12.6654,12.1804,11.6461,11.0799,10.6372,10.1638,9.73116,9.33409,8.91844,8.53844,8.14805,7.79195,7.4658,7.13416,6.83084,6.55234,6.27118,5.99081,5.73452,5.49931,5.24824,5.03485,4.80929,4.60314,4.41398,4.21762,4.03804,3.8639,3.69573,3.54163
0.3412,37.6351,36.0113,34.5799,33.411,32.5871,32.1892,32.2556,32.741,34.5216,35.6271,36.7922,39.0478,39.9926,41.2032,41.2227,40.6516,38.9057,37.2007,36.3178,36.7344,37.9083,39.1539,40.531,40.8748,40.2363,39.1207,37.5445,37.5998,38.8368,39.8318,40.1344,39.2025,37.7348,37.7954,38.6556,39.3433,38.5674,37.7115,37.8396,38.6341,38.2262,37.4316,37.9372,38.1417,37.431,37.3928,37.6877,37.1052,15.5113,14.7934,14.1422,13.548,12.8995,12.4057,11.8617,11.2853,10.8346,10.3526,9.91207,9.50774,9.08448,8.6975,8.29994,7.93729,7.60514,7.26737,6.95845,6.67481,6.38845,6.1029,5.84186,5.6023,5.34659,5.12925,4.89951,4.68954,4.49688,4.29688,4.11397,3.93661,3.76531,3.60836
0.36015,37.6468,36.0231,34.5923,33.4249,32.6037,32.2099,32.2814,32.7721,34.5599,35.6675,36.8339,39.0894,40.0327,41.2379,41.2508,40.6771,38.9302,37.2291,36.3576,36.788,37.9668,39.2111,40.5821,40.9208,40.2758,39.1593,37.5917,37.6694,38.9106,39.8989,40.194,39.2562,37.7971,37.8785,38.7424,39.4189,38.6364,37.7852,37.9386,38.7294,38.3109,37.5239,38.049,38.2459,37.5309,37.5133,37.8057,37.2195,37.321,14.9541,14.2957,13.6951,13.0395,12.5404,11.9906,11.408,10.9524,10.4653,10.02,9.61133,9.18351,8.79236,8.39051,8.02395,7.6882,7.34679,7.03453,6.74782,6.45836,6.16973,5.90586,5.66371,5.40522,5.18553,4.95331,4.74106,4.54631,4.34415,4.15926,3.97997,3.80682,3.64817
0.38201,37.6596,36.0358,34.6057,33.44,32.6217,32.2324,32.3095,32.8058,34.6016,35.7114,36.8792,39.1345,40.0761,41.2755,41.2811,40.7048,38.9566,37.2598,36.4009,36.8462,38.0301,39.2729,40.6374,40.9705,40.3186,39.201,37.6429,37.7448,38.9901,39.9711,40.2582,39.3141,37.8643,37.9681,38.8356,39.5,38.7104,37.8645,38.0449,38.8313,38.4013,37.6227,38.1683,38.3569,37.6373,37.6418,37.931,37.3409,37.46,37.4545,14.4618,13.8539,13.1907,12.6858,12.1296,11.5402,11.0794,10.5866,10.1362,9.72283,9.29008,8.89443,8.48796,8.11717,7.77757,7.43222,7.11637,6.82636,6.53357,6.24161,5.97471,5.72976,5.4683,5.24608,5.01119,4.79649,4.5995,4.39501,4.20799,4.02664,3.8515,3.69102
0.40573,37.6726,36.0488,34.6194,33.4553,32.6401,32.2553,32.3382,32.8403,34.644,35.7561,36.9254,39.1805,40.1202,41.3137,41.312,40.733,38.9836,37.2911,36.4449,36.9054,38.0943,39.3357,40.6933,41.0209,40.3619,39.2433,37.6949,37.8212,39.0704,40.0441,40.3231,39.3725,37.9324,38.0589,38.9294,39.5817,38.7848,37.9443,38.152,38.9335,38.492,37.722,38.2878,38.4678,37.7436,37.7704,38.0558,37.462,37.5986,37.5864,14.6328,14.0173,13.346,12.835,12.2722,11.6758,11.2095,10.711,10.2552,9.83701,9.39921,8.99893,8.58771,8.2126,7.86903,7.51966,7.20012,6.90674,6.61054,6.31518,6.04517,5.79737,5.53287,5.30806,5.07043,4.85323,4.65395,4.44708,4.25788,4.07441,3.89723,3.73489
0.42798,37.6841,36.0602,34.6315,33.4689,32.6563,32.2756,32.3636,32.8707,34.6814,35.7956,36.9661,39.2209,40.1592,41.3474,41.3392,40.7577,39.0073,37.3187,36.4838,36.9576,38.1507,39.3908,40.7425,41.0652,40.4,39.2805,37.7406,37.8884,39.1407,40.108,40.3799,39.4236,37.9921,38.1384,39.0114,39.6529,38.8497,38.0141,38.2454,39.0224,38.5709,37.8085,38.3914,38.5638,37.8357,37.882,38.1637,37.5667,37.7185,37.7001,37.3879,14.1651,13.4863,12.9696,12.4007,11.798,11.3267,10.8229,10.3624,9.93979,9.49741,9.09296,8.67746,8.29845,7.95131,7.59831,7.27546,6.97903,6.67976,6.38134,6.10853,5.85818,5.59093,5.3638,5.12371,4.90427,4.70292,4.4939,4.30275,4.11739,3.93837,3.77435
0.44742,37.6936,36.0698,34.6416,33.4802,32.6698,32.2926,32.3848,32.8961,34.7126,35.8284,36.9999,39.2546,40.1915,41.3754,41.3617,40.7783,39.027,37.3417,36.5162,37.0009,38.1976,39.4365,40.7833,41.1019,40.4315,39.3113,37.7786,37.9442,39.1989,40.1608,40.4269,39.4659,38.0416,38.2042,39.0789,39.7116,38.9033,38.0716,38.3224,39.0954,38.6356,37.8798,38.4765,38.6426,37.9112,37.9736,38.252,37.6524,37.8166,37.793,37.4856,37.6537,13.607,13.0854,12.5112,11.9029,11.4273,10.919,10.4543,10.0279,9.58161,9.17356,8.75438,8.37202,8.02181,7.6657,7.34,7.04097,6.73907,6.43803,6.16283,5.91027,5.64068,5.41155,5.16935,4.94799,4.74488,4.53403,4.3412,4.15421,3.97363,3.80816
0.46763,37.7031,36.0792,34.6516,33.4914,32.6833,32.3094,32.4058,32.9213,34.7435,35.861,37.0335,39.288,40.2236,41.4031,41.3841,40.7987,39.0465,37.3645,36.5484,37.0438,38.2439,39.4817,40.8236,41.1381,40.4627,39.3417,37.8162,37.9993,39.2563,40.2129,40.4732,39.5076,38.0904,38.2692,39.1454,39.7693,38.9559,38.1283,38.3981,39.1671,38.6992,37.9498,38.5599,38.7197,37.9852,38.0634,38.3382,37.7362,37.9126,37.8835,37.5811,37.7533,37.4406,13.2053,12.6254,12.0113,11.5313,11.0181,10.5492,10.1189,9.66846,9.25669,8.8337,8.44787,8.0945,7.73517,7.40654,7.10482,6.8002,6.49646,6.21878,5.96396,5.69195,5.46077,5.2164,4.99305,4.78812,4.57538,4.38082,4.19216,4.00996,3.84301
0.49149,37.7137,36.0898,34.6628,33.504,32.6984,32.3283,32.4294,32.9496,34.7782,35.8975,37.0712,39.3254,40.2595,41.4341,41.4091,40.8215,39.0684,37.39,36.5844,37.092,38.2958,39.5322,40.8687,41.1787,40.4975,39.3758,37.8584,38.0611,39.3204,40.271,40.5249,39.5541,38.145,38.3418,39.2194,39.8336,39.0145,38.1914,38.4824,39.2467,38.7697,38.0277,38.6523,38.8051,38.0672,38.1629,38.4335,37.8289,38.0188,37.9833,37.6867,37.8631,37.548,37.6531,12.7614,12.1403,11.6548,11.136,10.6619,10.2269,9.77156,9.35536,8.92782,8.53786,8.18072,7.81757,7.48545,7.18053,6.8727,6.56574,6.28513,6.02762,5.75274,5.51912,5.27218,5.04647,4.83938,4.6244,4.42779,4.23714,4.05302,3.88432
0.50931,37.7213,36.0974,34.6708,33.513,32.7091,32.3418,32.4463,32.9699,34.803,35.9237,37.0981,39.3521,40.2851,41.4563,41.427,40.8378,39.084,37.4082,36.6103,37.1263,38.3327,39.5682,40.9008,41.2076,40.5223,39.4,37.8884,38.105,39.3659,40.3123,40.5615,39.5871,38.1838,38.3934,39.2719,39.8791,39.0559,38.2361,38.5421,39.3029,38.8195,38.0828,38.7175,38.8653,38.125,38.2332,38.5006,37.8942,38.0936,38.0535,37.7611,37.9402,37.6235,37.7341,12.8655,12.2388,11.7492,11.2259,10.7478,10.3092,9.85014,9.43053,8.99951,8.6064,8.24638,7.8803,7.54553,7.23817,6.92787,6.61847,6.33563,6.07607,5.799,5.56352,5.31462,5.08712,4.87838,4.6617,4.46353,4.27137,4.08579,3.91575
0.53213,37.7306,36.1067,34.6806,33.5241,32.7224,32.3584,32.4672,32.9948,34.8335,35.9557,37.1312,39.3848,40.3166,41.4834,41.4489,40.8578,39.1032,37.4306,36.6421,37.1684,38.378,39.6123,40.9401,41.2429,40.5527,39.4297,37.9253,38.1589,39.4215,40.3627,40.6064,39.6274,38.2313,38.4565,39.3359,39.9347,39.1065,38.2908,38.615,39.3713,38.8802,38.1501,38.7969,38.9385,38.1953,38.3187,38.5821,37.9737,38.1845,38.1386,37.8516,38.0338,37.715,37.8324,37.6272,12.3704,11.875,11.3458,10.8623,10.4188,9.95471,9.53053,9.09486,8.69752,8.33365,7.96368,7.62535,7.31475,7.00118,6.68852,6.4027,6.14041,5.86044,5.62249,5.37097,5.14109,4.93017,4.71122,4.51098,4.31681,4.12928,3.95746
0.55296,37.7388,36.1149,34.6892,33.5338,32.734,32.373,32.4854,33.0166,34.8602,35.9837,37.1601,39.4135,40.3441,41.5072,41.468,40.8752,39.12,37.4502,36.6699,37.2053,38.4176,39.6508,40.9744,41.2738,40.5792,39.4556,37.9575,38.2058,39.47,40.4066,40.6454,39.6626,38.2727,38.5115,39.3914,39.9829,39.1504,38.3383,38.6783,39.4307,38.9327,38.2085,38.8656,39.0017,38.2561,38.3928,38.6524,38.0423,38.2631,38.212,37.9297,38.1144,37.794,37.9171,37.7084,37.7495,11.9977,11.4624,10.9736,10.5253,10.0563,9.6276,9.18736,8.7859,8.41827,8.0445,7.70272,7.38895,7.0722,6.75638,6.46767,6.20273,5.91994,5.67959,5.42554,5.19335,4.98031,4.75915,4.5569,4.36078,4.17138,3.99783
0.57276,37.7462,36.1223,34.6971,33.5426,32.7447,32.3863,32.502,33.0365,34.8845,36.0093,37.1865,39.4397,40.3692,41.5288,41.4854,40.8911,39.1352,37.4681,36.6952,37.2388,38.4536,39.6858,41.0056,41.3018,40.6033,39.4791,37.9868,38.2486,39.514,40.4465,40.6809,39.6944,38.3104,38.5615,39.4419,40.0266,39.1902,38.3814,38.7357,39.4844,38.9803,38.2614,38.9277,39.0589,38.3111,38.4597,38.7159,38.1043,38.3341,38.2781,38.0004,38.1871,37.8653,37.9935,37.7816,37.8276,37.6649,11.583,11.0885,10.6352,10.1609,9.72754,9.28254,8.87679,8.50526,8.12756,7.7822,7.46518,7.14514,6.82606,6.53437,6.26671,5.981,5.73819,5.48154,5.24697,5.03175,4.80833,4.60401,4.40588,4.21455,4.03923
0.59143,37.753,36.1291,34.7043,33.5507,32.7544,32.3984,32.5173,33.0547,34.9068,36.0327,37.2105,39.4635,40.3921,41.5486,41.5013,40.9056,39.1492,37.4844,36.7184,37.2695,38.4864,39.7177,41.034,41.3274,40.6253,39.5006,38.0136,38.2876,39.554,40.4828,40.7131,39.7234,38.3448,38.607,39.4876,40.0663,39.2264,38.4206,38.7878,39.5331,39.0234,38.3095,38.9839,39.1107,38.3609,38.5204,38.7733,38.1605,38.3983,38.3378,38.0643,38.2527,37.9297,38.0624,37.8476,37.8981,37.734,11.711,11.2103,10.7514,10.2715,9.83305,9.38296,8.97261,8.59692,8.21503,7.86588,7.5454,7.2219,6.89936,6.60453,6.33398,6.04521,5.79979,5.54039,5.30331,5.08579,4.85999,4.6535,4.45326,4.25988,4.0827
0.61186,37.7602,36.1363,34.7118,33.5592,32.7646,32.4113,32.5333,33.0739,34.9302,36.0573,37.2359,39.4886,40.4162,41.5693,41.5181,40.9209,39.1638,37.5016,36.7427,37.3016,38.5209,39.7512,41.0638,41.3543,40.6483,39.5232,38.0417,38.3285,39.596,40.5208,40.747,39.7539,38.3808,38.6548,39.5356,40.1079,39.2642,38.4616,38.8424,39.584,39.0684,38.3599,39.0427,39.1647,38.4129,38.5838,38.8331,38.2191,38.4653,38.4001,38.131,38.321,37.9969,38.1343,37.9163,37.9716,37.8059,37.8281,11.3674,10.901,10.4135,9.96836,9.51153,9.09516,8.71405,8.32672,7.97266,7.64772,7.31975,6.99277,6.6939,6.41966,6.12696,5.87821,5.61529,5.37501,5.15455,4.9257,4.71642,4.51349,4.31752,4.13796
0.63099,37.7666,36.1427,34.7187,33.567,32.7739,32.4229,32.5479,33.0914,34.9515,36.0797,37.2589,39.5114,40.4381,41.5882,41.5333,40.9347,39.1771,37.5172,36.7648,37.3308,38.5521,39.7816,41.0909,41.3786,40.6692,39.5436,38.0673,38.3657,39.634,40.5553,40.7776,39.7814,38.4135,38.698,39.5789,40.1454,39.2984,38.4987,38.8917,39.6299,39.1091,38.4054,39.0957,39.2134,38.4598,38.6409,38.887,38.2719,38.5256,38.4561,38.1912,38.3825,38.0573,38.1989,37.9781,38.0376,37.8706,37.8953,37.7867,11.0847,10.5871,10.1332,9.66769,9.24365,8.85569,8.46154,8.1014,7.77096,7.4375,7.1051,6.80131,6.52257,6.2251,5.97231,5.70513,5.46097,5.23696,5.00444,4.7918,4.58562,4.38651,4.20408
0.64558,37.7715,36.1476,34.7238,33.5727,32.7808,32.4316,32.5588,33.1043,34.9673,36.0962,37.276,39.5283,40.4543,41.6021,41.5445,40.945,39.187,37.5288,36.7813,37.3525,38.5753,39.8041,41.1109,41.3966,40.6847,39.5587,38.0862,38.3932,39.662,40.5807,40.8001,39.8017,38.4376,38.73,39.6109,40.1731,39.3236,38.5261,38.9281,39.6637,39.139,38.4389,39.1347,39.2492,38.4943,38.683,38.9266,38.3108,38.57,38.4972,38.2354,38.4276,38.1017,38.2463,38.0235,38.086,37.918,37.9445,37.8364,37.8068,10.7895,10.3233,9.84614,9.41219,9.01562,8.61311,8.24565,7.90872,7.56886,7.23018,6.92072,6.63684,6.33393,6.07656,5.80457,5.55604,5.32804,5.0914,4.87501,4.6652,4.4626,4.27697
0.66464,37.7776,36.1537,34.7303,33.58,32.7895,32.4426,32.5725,33.1208,34.9873,36.1172,37.2976,39.5497,40.4748,41.6198,41.5587,40.958,39.1995,37.5434,36.8021,37.3799,38.6046,39.8325,41.1362,41.4194,40.7042,39.5778,38.1102,38.428,39.6975,40.6128,40.8287,39.8274,38.4682,38.7704,39.6512,40.2081,39.3555,38.5607,38.974,39.7064,39.1768,38.4813,39.1838,39.2944,38.5378,38.736,38.9765,38.3598,38.6259,38.5489,38.2912,38.4844,38.1576,38.3061,38.0806,38.147,37.9777,38.0064,37.899,37.8693,13.7315,13.1418,12.5373,11.9867,11.4831,10.9715,10.5041,10.0752,9.64255,9.21131,8.81719,8.45557,8.06964,7.74167,7.39505,7.07827,6.78764,6.48597,6.21009,5.94259,5.68426,5.44757
0.67958,37.7822,36.1583,34.7352,33.5855,32.7962,32.451,32.5831,33.1334,35.0026,36.1333,37.3141,39.5661,40.4905,41.6333,41.5696,40.9679,39.209,37.5546,36.818,37.4009,38.6269,39.8543,41.1556,41.4367,40.7191,39.5924,38.1285,38.4545,39.7246,40.6373,40.8505,39.847,38.4915,38.8012,39.682,40.2347,39.3797,38.5871,39.009,39.7388,39.2055,38.5136,39.2212,39.3287,38.5709,38.7764,39.0143,38.397,38.6684,38.5881,38.3335,38.5275,38.2001,38.3514,38.1238,38.1932,38.023,38.0534,37.9464,37.9167,37.8771,13.2893,12.6785,12.1222,11.6133,11.0962,10.6236,10.1901,9.75261,9.31656,8.91803,8.55235,8.16207,7.8304,7.47985,7.15949,6.86556,6.56046,6.28145,6.0109,5.74963,5.51025
0.69347,37.7865,36.1626,34.7397,33.5906,32.8023,32.4586,32.5926,33.1448,35.0165,36.1479,37.3291,39.581,40.5048,41.6456,41.5795,40.9769,39.2177,37.5648,36.8325,37.42,38.6472,39.874,41.1731,41.4525,40.7327,39.6057,38.1451,38.4787,39.7492,40.6595,40.8703,39.8647,38.5127,38.8292,39.7098,40.2589,39.4017,38.6111,39.0407,39.7682,39.2315,38.5429,39.255,39.3597,38.6009,38.8129,39.0486,38.4307,38.7068,38.6236,38.3719,38.5665,38.2385,38.3923,38.1629,38.2349,38.0639,38.0958,37.9893,37.9595,37.9212,13.4117,12.7957,12.2345,11.7211,11.1993,10.7225,10.285,9.84357,9.40352,9.00133,8.63229,8.23841,7.90368,7.54989,7.22656,6.92991,6.62197,6.34037,6.06731,5.80361,5.562
0.70845,37.7909,36.167,34.7444,33.596,32.8088,32.4667,32.6027,33.1569,35.0312,36.1634,37.3449,39.5966,40.5198,41.6586,41.5899,40.9864,39.2268,37.5756,36.8478,37.4401,38.6686,39.8948,41.1916,41.4692,40.747,39.6196,38.1627,38.5041,39.775,40.6829,40.891,39.8834,38.5351,38.8586,39.7391,40.2842,39.4248,38.6363,39.074,39.7991,39.2588,38.5737,39.2905,39.3923,38.6323,38.8512,39.0845,38.466,38.7471,38.6608,38.4122,38.6073,38.2788,38.4353,38.2039,38.2787,38.1067,38.1402,38.0342,38.0043,37.9675,37.8907,12.9116,12.3456,11.8276,11.3013,10.8202,10.3788,9.93339,9.48939,9.08357,8.7112,8.31376,7.976,7.61901,7.29275,6.99341,6.68268,6.39852,6.12298,5.85688,5.61307
0.72231,37.795,36.1711,34.7487,33.6008,32.8146,32.4741,32.6119,33.1678,35.0445,36.1773,37.3593,39.6109,40.5334,41.6703,41.5993,40.995,39.2351,37.5853,36.8617,37.4583,38.688,39.9136,41.2084,41.4842,40.7599,39.6323,38.1786,38.5271,39.7984,40.7041,40.9098,39.9003,38.5553,38.8853,39.7656,40.3072,39.4457,38.659,39.1041,39.827,39.2834,38.6015,39.3225,39.4216,38.6606,38.8858,39.1169,38.4979,38.7835,38.6943,38.4485,38.644,38.3151,38.4739,38.2409,38.3181,38.1454,38.1802,38.0747,38.0446,38.0092,37.9321,37.8941,12.442,11.92,11.3897,10.9049,10.4601,10.0112,9.56379,9.15483,8.77957,8.37904,8.03866,7.67889,7.35009,7.04841,6.73526,6.44889,6.1712,5.90303,5.65732
0.73502,37.7986,36.1747,34.7526,33.6051,32.8198,32.4806,32.6201,33.1777,35.0564,36.1899,37.3722,39.6236,40.5456,41.6808,41.6078,41.0027,39.2425,37.5941,36.8741,37.4746,38.7054,39.9304,41.2233,41.4977,40.7714,39.6436,38.1928,38.5477,39.8192,40.723,40.9266,39.9154,38.5733,38.9091,39.7892,40.3276,39.4643,38.6794,39.131,39.8518,39.3054,38.6264,39.3511,39.4478,38.6859,38.9167,39.1457,38.5264,38.8159,38.7242,38.4809,38.6768,38.3475,38.5084,38.2738,38.3532,38.1798,38.2158,38.1107,38.0805,38.0463,37.969,37.9312,12.5261,12.0007,11.4668,10.9788,10.531,10.0791,9.62865,9.21694,8.83916,8.43594,8.09327,7.73107,7.40006,7.09635,6.78109,6.49279,6.21323,5.94325,5.69588
0.7488,37.8025,36.1786,34.7567,33.6098,32.8254,32.4876,32.6289,33.1881,35.0692,36.2033,37.3859,39.6372,40.5587,41.692,41.6168,41.0109,39.2504,37.6034,36.8874,37.492,38.7239,39.9484,41.2393,41.512,40.7838,39.6557,38.208,38.5697,39.8415,40.7431,40.9446,39.9315,38.5926,38.9344,39.8144,40.3494,39.4841,38.7011,39.1596,39.8783,39.3288,38.6528,39.3815,39.4757,38.7129,38.9495,39.1764,38.5567,38.8504,38.7559,38.5154,38.7116,38.3819,38.545,38.3087,38.3905,38.2164,38.2537,38.1491,38.1186,38.0858,38.0082,37.9707,37.94,12.0857,11.548,11.0566,10.6056,10.1506,9.69698,9.28237,8.90193,8.49587,8.15078,7.78604,7.45269,7.14684,6.82936,6.53902,6.25749,5.9856,5.73649
0.76006,37.8056,36.1818,34.76,33.6135,32.8299,32.4933,32.636,33.1966,35.0794,36.214,37.397,39.6481,40.5692,41.701,41.624,41.0176,39.2568,37.6109,36.8981,37.506,38.7387,39.9628,41.2522,41.5236,40.7937,39.6654,38.2202,38.5874,39.8594,40.7593,40.9589,39.9445,38.6081,38.9548,39.8346,40.3669,39.5001,38.7185,39.1826,39.8995,39.3476,38.6741,39.4059,39.498,38.7345,38.9759,39.201,38.581,38.878,38.7813,38.5431,38.7395,38.4095,38.5744,38.3367,38.4204,38.2457,38.284,38.1799,38.1491,38.1174,38.0395,38.0023,37.9722,12.1538,11.6132,11.119,10.6655,10.2079,9.75171,9.33478,8.9522,8.54386,8.19684,7.83006,7.49484,7.18728,6.86801,6.57605,6.29293,6.01953,5.76901
0.77187,37.8088,36.185,34.7634,33.6173,32.8345,32.4991,32.6433,33.2053,35.0899,36.2251,37.4083,39.6593,40.5799,41.7103,41.6315,41.0244,39.2633,37.6186,36.9091,37.5204,38.754,39.9776,41.2653,41.5354,40.8038,39.6753,38.2328,38.6055,39.8777,40.7759,40.9737,39.9577,38.624,38.9757,39.8553,40.3849,39.5164,38.7363,39.2061,39.9212,39.3668,38.6958,39.4308,39.5209,38.7565,39.0028,39.2261,38.6058,38.9062,38.8073,38.5713,38.768,38.4377,38.6043,38.3653,38.4509,38.2756,38.3149,38.2112,38.1803,38.1496,38.0716,38.0345,38.005,37.9602,11.6802,11.1832,10.7271,10.2668,9.80802,9.3887,9.00392,8.59324,8.24423,7.87534,7.53819,7.22887,6.90777,6.61413,6.32939,6.05442,5.80247
0.78411,37.8121,36.1882,34.7669,33.6213,32.8392,32.5051,32.6507,33.2142,35.1007,36.2364,37.42,39.6708,40.5909,41.7197,41.6391,41.0313,39.27,37.6265,36.9204,37.5351,38.7695,39.9928,41.2788,41.5475,40.8142,39.6855,38.2456,38.6241,39.8965,40.7928,40.9888,39.9713,38.6403,38.9971,39.8765,40.4032,39.533,38.7546,39.2302,39.9434,39.3865,38.7181,39.4563,39.5442,38.7791,39.0304,39.2517,38.6311,38.9351,38.8338,38.6002,38.797,38.4665,38.6349,38.3945,38.482,38.3061,38.3464,38.2432,38.212,38.1825,38.1042,38.0673,38.0385,37.9941,37.9491,11.2498,10.7909,10.328,9.86645,9.44463,9.05758,8.64446,8.29338,7.9223,7.58316,7.272,6.94901,6.65363,6.3672,6.0906,5.83716
0.79429,37.8148,36.1909,34.7697,33.6245,32.8431,32.5099,32.6568,33.2214,35.1095,36.2456,37.4294,39.6802,40.5999,41.7275,41.6453,41.037,39.2755,37.6329,36.9295,37.5471,38.7823,40.0051,41.2898,41.5574,40.8227,39.6938,38.2561,38.6392,39.9118,40.8067,41.001,39.9823,38.6535,39.0145,39.8937,40.4181,39.5466,38.7694,39.2498,39.9615,39.4024,38.7362,39.477,39.5631,38.7974,39.0527,39.2726,38.6518,38.9586,38.8553,38.6237,38.8206,38.4899,38.6598,38.4182,38.5073,38.3309,38.372,38.2692,38.2378,38.2092,38.1307,38.094,38.0657,38.0215,37.9767,11.3051,10.844,10.3787,9.91493,9.49104,9.10209,8.68695,8.33415,7.96126,7.62046,7.30778,6.98321,6.68639,6.39856,6.12061,5.86593
0.80477,37.8175,36.1936,34.7726,33.6277,32.847,32.5149,32.663,33.2288,35.1185,36.255,37.4391,39.6897,40.609,41.7353,41.6516,41.0427,39.281,37.6395,36.9388,37.5593,38.7952,40.0177,41.301,41.5674,40.8313,39.7022,38.2667,38.6545,39.9272,40.8207,41.0135,39.9935,38.667,39.0322,39.9111,40.4332,39.5604,38.7845,39.2696,39.9798,39.4186,38.7546,39.498,39.5823,38.816,39.0754,39.2936,38.6726,38.9823,38.877,38.6475,38.8445,38.5136,38.6849,38.4422,38.5328,38.356,38.398,38.2955,38.2639,38.2362,38.1576,38.121,38.0932,38.0493,38.0045,37.9684,10.8991,10.4314,9.96528,9.53924,9.14832,8.73108,8.37649,8.00171,7.65919,7.34494,7.01872,6.7204,6.43112,6.15177,5.89581
0.81434,37.82,36.1961,34.7752,33.6307,32.8506,32.5193,32.6686,33.2355,35.1266,36.2636,37.4478,39.6984,40.6173,41.7424,41.6573,41.048,39.2861,37.6454,36.9473,37.5704,38.8069,40.029,41.3111,41.5765,40.8391,39.7098,38.2764,38.6684,39.9413,40.8334,41.0248,40.0037,38.6792,39.0483,39.927,40.4469,39.5728,38.7982,39.2876,39.9964,39.4332,38.7713,39.517,39.5997,38.8329,39.096,39.3128,38.6916,39.0038,38.8968,38.6691,38.8661,38.5351,38.7077,38.4639,38.556,38.3787,38.4214,38.3194,38.2875,38.2607,38.1819,38.1454,38.1181,38.0745,38.0298,37.9937,10.9506,10.4808,10.0124,9.58435,9.19158,8.77236,8.41611,8.03956,7.69542,7.37969,7.05194,6.75221,6.46158,6.18091,5.92375
0.82411,37.8225,36.1986,34.7778,33.6336,32.8542,32.5238,32.6742,33.2422,35.1347,36.2721,37.4566,39.707,40.6256,41.7495,41.6631,41.0532,39.2911,37.6514,36.9558,37.5814,38.8186,40.0404,41.3212,41.5856,40.8469,39.7175,38.2861,38.6824,39.9553,40.8461,41.0361,40.0138,38.6914,39.0643,39.9428,40.4606,39.5853,38.8118,39.3056,40.0129,39.4479,38.7879,39.536,39.6171,38.8497,39.1165,39.3318,38.7105,39.0253,38.9164,38.6906,38.8877,38.5565,38.7303,38.4856,38.5791,38.4014,38.4448,38.3432,38.3111,38.2851,38.2061,38.1697,38.143,38.0995,38.0549,38.019,37.9891,10.5318,10.0612,9.63102,9.23632,8.81507,8.45708,8.0787,7.7329,7.41563,7.08629,6.78512,6.49307,6.21105,5.95264
0.83224,37.8245,36.2006,34.78,33.6361,32.8571,32.5275,32.6789,33.2477,35.1414,36.2791,37.4638,39.7142,40.6324,41.7554,41.6678,41.0575,39.2953,37.6563,36.9628,37.5906,38.8283,40.0498,41.3295,41.5931,40.8533,39.7237,38.294,38.6938,39.9669,40.8565,41.0454,40.0222,38.7014,39.0775,39.9558,40.4718,39.5955,38.8231,39.3203,40.0265,39.4599,38.8016,39.5516,39.6313,38.8635,39.1333,39.3475,38.726,39.0429,38.9326,38.7083,38.9054,38.5741,38.749,38.5034,38.5981,38.42,38.464,38.3627,38.3304,38.3051,38.226,38.1897,38.1634,38.1201,38.0756,38.0397,38.01,10.5755,10.1029,9.67096,9.27463,8.85162,8.49215,8.1122,7.76496,7.44638,7.11569,6.81327,6.52002,6.23683,5.97735
0.84053,37.8266,36.2027,34.7822,33.6385,32.8601,32.5313,32.6836,33.2533,35.1482,36.2862,37.4711,39.7213,40.6393,41.7613,41.6725,41.0618,39.2994,37.6612,36.9698,37.5998,38.838,40.0592,41.3379,41.6006,40.8598,39.7301,38.3021,38.7054,39.9785,40.8671,41.0547,40.0306,38.7116,39.0908,39.9689,40.4832,39.6058,38.8344,39.3352,40.0402,39.472,38.8154,39.5673,39.6457,38.8774,39.1503,39.3632,38.7416,39.0606,38.9489,38.7261,38.9232,38.5918,38.7678,38.5213,38.6171,38.4387,38.4834,38.3823,38.3498,38.3253,38.246,38.2098,38.1839,38.1409,38.0963,38.0606,38.031,37.9996,10.1468,9.71298,9.31491,8.89006,8.52902,8.14742,7.79868,7.47872,7.14659,6.84286,6.54834,6.26393,6.00333
0.84886,37.8286,36.2047,34.7843,33.641,32.863,32.535,32.6882,33.2589,35.1549,36.2933,37.4783,39.7285,40.6462,41.7672,41.6772,41.0662,39.3036,37.6661,36.9769,37.6089,38.8477,40.0686,41.3463,41.6081,40.8662,39.7364,38.31,38.7169,39.9901,40.8775,41.064,40.0389,38.7216,39.1041,39.9819,40.4944,39.6161,38.8457,39.35,40.0538,39.484,38.8291,39.5828,39.6599,38.8912,39.1672,39.3789,38.7572,39.0782,38.965,38.7438,38.9409,38.6094,38.7864,38.5391,38.6361,38.4573,38.5025,38.4018,38.3691,38.3453,38.2658,38.2297,38.2042,38.1614,38.1169,38.0813,38.0518,38.0206,10.1927,9.75688,9.357,8.93021,8.56753,8.18421,7.83389,7.51248,7.17885,6.87376,6.57792,6.29222,6.03046
0.85646,37.8304,36.2066,34.7863,33.6432,32.8657,32.5384,32.6924,33.2639,35.161,36.2996,37.4849,39.735,40.6524,41.7725,41.6815,41.0701,39.3074,37.6706,36.9832,37.6172,38.8564,40.0771,41.3538,41.6149,40.872,39.7421,38.3173,38.7273,40.0006,40.887,41.0724,40.0465,38.7307,39.116,39.9936,40.5046,39.6253,38.8558,39.3634,40.0661,39.4949,38.8415,39.5969,39.6728,38.9037,39.1823,39.393,38.7712,39.0941,38.9795,38.7597,38.9569,38.6253,38.8032,38.5551,38.6531,38.4741,38.5198,38.4194,38.3865,38.3633,38.2837,38.2477,38.2225,38.1799,38.1355,38.0999,38.0706,38.0395,38.0072,9.79886,9.39724,8.9686,8.60435,8.21937,7.86753,7.54475,7.20968,6.90328,6.60617,6.31925,6.05636
0.86355,37.8322,36.2083,34.7881,33.6453,32.8682,32.5415,32.6963,33.2685,35.1666,36.3055,37.4909,39.7409,40.6581,41.7775,41.6854,41.0737,39.3108,37.6747,36.9891,37.6248,38.8645,40.0849,41.3608,41.6212,40.8774,39.7473,38.3239,38.7369,40.0102,40.8957,41.0802,40.0535,38.7392,39.1271,40.0045,40.514,39.6339,38.8652,39.3757,40.0775,39.5049,38.853,39.6099,39.6847,38.9152,39.1964,39.406,38.7841,39.1088,38.993,38.7744,38.9716,38.6399,38.8187,38.5699,38.6689,38.4896,38.5358,38.4357,38.4026,38.38,38.3003,38.2643,38.2395,38.197,38.1527,38.1171,38.0879,38.057,38.0248,9.84013,9.43679,9.00632,8.64052,8.25391,7.90059,7.57644,7.23997,6.93227,6.63391,6.34579,6.0818
0.87075,37.8339,36.21,34.7899,33.6473,32.8707,32.5446,32.7002,33.2732,35.1723,36.3115,37.497,39.747,40.6638,41.7824,41.6894,41.0773,39.3143,37.6788,36.995,37.6325,38.8727,40.0928,41.3678,41.6275,40.8828,39.7526,38.3307,38.7466,40.02,40.9045,41.088,40.0605,38.7476,39.1382,40.0154,40.5234,39.6425,38.8747,39.3881,40.0888,39.515,38.8645,39.6229,39.6966,38.9268,39.2105,39.4191,38.7971,39.1235,39.0065,38.7892,38.9864,38.6547,38.8342,38.5848,38.6847,38.5051,38.5518,38.452,38.4187,38.3967,38.3169,38.2809,38.2565,38.2142,38.1699,38.1344,38.1053,38.0745,38.0424,38.013,9.47946,9.04701,8.67954,8.29116,7.93623,7.61061,7.27261,6.96352,6.66382,6.3744,6.10922
0.87732,37.8354,36.2116,34.7916,33.6492,32.8729,32.5474,32.7038,33.2774,35.1774,36.3169,37.5026,39.7524,40.6691,41.7869,41.693,41.0806,39.3175,37.6826,37.0003,37.6395,38.8801,40.1,41.3742,41.6332,40.8877,39.7574,38.3367,38.7553,40.0287,40.9125,41.0951,40.0668,38.7553,39.1482,40.0253,40.532,39.6503,38.8832,39.3993,40.0992,39.5241,38.8749,39.6347,39.7074,38.9372,39.2232,39.4309,38.8089,39.1368,39.0186,38.8026,38.9997,38.668,38.8483,38.5982,38.699,38.5192,38.5663,38.4667,38.4332,38.4118,38.3319,38.296,38.2718,38.2297,38.1854,38.15,38.1211,38.0904,38.0584,38.0291,9.52131,9.08692,8.71779,8.32768,7.97117,7.6441,7.3046,6.99415,6.69312,6.40242,6.13608
0.88334,37.8369,36.213,34.7931,33.6509,32.875,32.55,32.707,33.2813,35.1821,36.3218,37.5076,39.7574,40.6738,41.791,41.6963,41.0836,39.3204,37.686,37.0052,37.6458,38.8868,40.1065,41.3799,41.6384,40.8922,39.7618,38.3423,38.7633,40.0367,40.9197,41.1015,40.0726,38.7623,39.1574,40.0343,40.5398,39.6573,38.891,39.4095,40.1085,39.5324,38.8844,39.6455,39.7172,38.9468,39.2348,39.4417,38.8196,39.149,39.0297,38.8148,39.0119,38.6801,38.8611,38.6104,38.712,38.532,38.5794,38.4801,38.4465,38.4256,38.3455,38.3097,38.2858,38.2438,38.1996,38.1642,38.1353,38.1048,38.0729,38.0437,38.0168,9.12655,8.75578,8.36393,8.00585,7.67734,7.33635,7.02453,6.72219,6.43022,6.16272
0.88932,37.8383,36.2144,34.7946,33.6526,32.877,32.5526,32.7102,33.2851,35.1867,36.3266,37.5126,39.7623,40.6785,41.795,41.6995,41.0866,39.3232,37.6893,37.01,37.6521,38.8934,40.1129,41.3856,41.6435,40.8966,39.7661,38.3478,38.7711,40.0446,40.9268,41.1078,40.0783,38.7692,39.1664,40.0431,40.5474,39.6643,38.8987,39.4196,40.1178,39.5406,38.8938,39.656,39.7269,38.9561,39.2463,39.4523,38.8301,39.1609,39.0406,38.8268,39.0239,38.692,38.8737,38.6224,38.7248,38.5445,38.5924,38.4933,38.4595,38.4391,38.3589,38.3231,38.2995,38.2577,38.2135,38.1782,38.1494,38.119,38.0871,38.058,38.0313,9.16982,8.79723,8.40348,8.04367,7.71358,7.37095,7.05765,6.75386,6.46051,6.19174
0.89521,37.8396,36.2158,34.796,33.6542,32.879,32.5551,32.7134,33.2888,35.1912,36.3313,37.5174,39.7671,40.6831,41.7989,41.7027,41.0894,39.326,37.6926,37.0147,37.6582,38.8999,40.1192,41.3912,41.6485,40.9009,39.7703,38.3531,38.7788,40.0523,40.9338,41.114,40.0839,38.7759,39.1752,40.0518,40.5549,39.6711,38.9062,39.4294,40.1268,39.5485,38.9029,39.6663,39.7363,38.9653,39.2574,39.4626,38.8404,39.1725,39.0513,38.8385,39.0355,38.7036,38.886,38.6342,38.7373,38.5568,38.605,38.5062,38.4722,38.4523,38.372,38.3363,38.3129,38.2713,38.2271,38.1918,38.1631,38.1328,38.1011,38.072,38.0454,9.2178,8.84318,8.4473,8.08556,7.75371,7.40926,7.0943,6.78892,6.49402,6.22384
0.90023,37.8408,36.2169,34.7972,33.6556,32.8806,32.5572,32.716,33.292,35.1949,36.3353,37.5215,39.7711,40.6869,41.8022,41.7053,41.0919,39.3284,37.6954,37.0186,37.6633,38.9053,40.1244,41.3959,41.6527,40.9045,39.7738,38.3576,38.7852,40.0587,40.9396,41.1192,40.0885,38.7815,39.1826,40.059,40.5611,39.6768,38.9124,39.4376,40.1343,39.5552,38.9105,39.6749,39.7442,38.9729,39.2667,39.4712,38.849,39.1823,39.0602,38.8483,39.0453,38.7134,38.8962,38.644,38.7477,38.5671,38.6156,38.517,38.4828,38.4633,38.3829,38.3472,38.3241,38.2825,38.2384,38.2032,38.1746,38.1443,38.1127,38.0837,38.0571,38.0284,8.88756,8.4896,8.12597,7.7924,7.44619,7.12962,6.82268,6.52629,6.25475
0.90569,37.842,36.2182,34.7986,33.6571,32.8824,32.5595,32.7188,33.2954,35.1991,36.3396,37.5259,39.7755,40.6911,41.8058,41.7082,41.0945,39.3309,37.6984,37.023,37.669,38.9112,40.1302,41.401,41.6573,40.9084,39.7777,38.3625,38.7923,40.0658,40.946,41.1249,40.0936,38.7877,39.1907,40.0669,40.568,39.683,38.9193,39.4466,40.1426,39.5625,38.9189,39.6844,39.7528,38.9813,39.277,39.4807,38.8584,39.1929,39.0699,38.859,39.0559,38.724,38.9075,38.6547,38.7591,38.5783,38.6271,38.5287,38.4944,38.4754,38.3949,38.3592,38.3364,38.2949,38.2508,38.2156,38.1871,38.157,38.1254,38.0965,38.07,38.0413,8.94721,8.54638,8.18017,7.84425,7.49563,7.17688,6.86784,6.56943,6.29605
0.91036,37.8431,36.2193,34.7997,33.6584,32.884,32.5614,32.7213,33.2983,35.2026,36.3433,37.5297,39.7792,40.6947,41.8089,41.7107,41.0968,39.3331,37.701,37.0266,37.6737,38.9163,40.1351,41.4053,41.6612,40.9117,39.781,38.3666,38.7983,40.0718,40.9515,41.1297,40.098,38.793,39.1976,40.0736,40.5738,39.6884,38.9251,39.4542,40.1496,39.5687,38.926,39.6924,39.7602,38.9884,39.2857,39.4887,38.8664,39.202,39.0782,38.8682,39.065,38.7331,38.917,38.6638,38.7688,38.5879,38.637,38.5388,38.5043,38.4857,38.4051,38.3694,38.3468,38.3055,38.2614,38.2262,38.1978,38.1677,38.1362,38.1074,38.0809,38.0523,38.0283,8.61208,8.24275,7.90402,7.55253,7.23119,6.91967,6.61889,6.34336
0.91532,37.8442,36.2204,34.8009,33.6597,32.8856,32.5634,32.7238,33.3013,35.2063,36.3471,37.5336,39.7831,40.6984,41.8121,41.7133,41.0991,39.3353,37.7036,37.0305,37.6787,38.9215,40.1401,41.4098,41.6652,40.9152,39.7844,38.371,38.8045,40.078,40.9571,41.1347,40.1025,38.7984,39.2047,40.0806,40.5799,39.6939,38.9312,39.4622,40.1569,39.5751,38.9334,39.7007,39.7678,38.9958,39.2947,39.4971,38.8748,39.2114,39.0868,38.8776,39.0744,38.7425,38.9269,38.6733,38.7789,38.5978,38.6471,38.5492,38.5145,38.4963,38.4157,38.38,38.3576,38.3164,38.2723,38.2372,38.2088,38.1789,38.1474,38.1187,38.0923,38.0637,38.0398,10.3178,9.8756,9.46997,9.04894,7.3626,7.0411,6.7323,6.45018
0.91985,37.8452,36.2214,34.802,33.6609,32.8871,32.5653,32.7262,33.3041,35.2096,36.3507,37.5373,39.7867,40.7019,41.8151,41.7156,41.1013,39.3374,37.7061,37.034,37.6833,38.9264,40.1448,41.414,41.669,40.9184,39.7875,38.375,38.8102,40.0838,40.9623,41.1393,40.1067,38.8034,39.2113,40.0871,40.5855,39.6989,38.9368,39.4695,40.1636,39.5811,38.9402,39.7084,39.7748,39.0027,39.303,39.5048,38.8824,39.2201,39.0947,38.8864,39.0831,38.7511,38.9361,38.682,38.7882,38.6069,38.6566,38.5588,38.524,38.5061,38.4254,38.3898,38.3676,38.3265,38.2824,38.2473,38.2191,38.1892,38.1578,38.1291,38.1027,38.0742,38.0504,10.3543,9.91057,9.50352,9.08102,8.69484,8.32023,7.95849,7.62706
0.92398,37.8462,36.2223,34.8029,33.662,32.8884,32.567,32.7283,33.3066,35.2126,36.3538,37.5405,39.7899,40.7049,41.8177,41.7178,41.1032,39.3393,37.7083,37.0371,37.6874,38.9307,40.149,41.4177,41.6723,40.9213,39.7903,38.3786,38.8153,40.0889,40.9669,41.1435,40.1104,38.8079,39.2172,40.0928,40.5904,39.7035,38.9418,39.476,40.1696,39.5864,38.9463,39.7153,39.7811,39.0088,39.3104,39.5116,38.8893,39.2278,39.1018,38.8941,39.0909,38.7589,38.9442,38.6898,38.7965,38.6151,38.6649,38.5673,38.5324,38.5149,38.4341,38.3985,38.3764,38.3354,38.2914,38.2564,38.2281,38.1983,38.167,38.1384,38.112,38.0836,38.0598,38.0347,9.94081,9.53253,9.10876,8.72124,8.3455,7.98266,7.65023
0.92801,37.8471,36.2232,34.8039,33.6631,32.8897,32.5686,32.7304,33.3091,35.2156,36.357,37.5437,39.7931,40.708,41.8203,41.7198,41.1051,39.3411,37.7105,37.0403,37.6914,38.935,40.1532,41.4214,41.6756,40.9241,39.7931,38.3821,38.8204,40.094,40.9716,41.1476,40.114,38.8124,39.223,40.0985,40.5954,39.708,38.9467,39.4825,40.1755,39.5916,38.9523,39.7221,39.7873,39.0148,39.3177,39.5184,38.8961,39.2355,39.1088,38.9018,39.0985,38.7665,38.9523,38.6975,38.8047,38.6231,38.6732,38.5758,38.5407,38.5235,38.4427,38.4071,38.3852,38.3443,38.3003,38.2653,38.2371,38.2074,38.1761,38.1475,38.1213,38.0929,38.0691,38.0441,9.97004,9.56058,9.13557,8.74692,8.37009,8.00619,7.67278
0.93191,37.8479,36.2241,34.8048,33.6642,32.891,32.5702,32.7323,33.3114,35.2185,36.3599,37.5468,39.796,40.7108,41.8228,41.7218,41.1069,39.3429,37.7126,37.0432,37.6953,38.939,40.1571,41.4249,41.6787,40.9268,39.7957,38.3854,38.8252,40.0988,40.9759,41.1514,40.1175,38.8166,39.2285,40.1039,40.6,39.7122,38.9514,39.4886,40.1811,39.5966,38.958,39.7285,39.7931,39.0205,39.3247,39.5248,38.9024,39.2427,39.1154,38.9091,39.1057,38.7737,38.9599,38.7048,38.8124,38.6307,38.681,38.5837,38.5486,38.5317,38.4508,38.4152,38.3935,38.3527,38.3087,38.2737,38.2456,38.2159,38.1847,38.1562,38.13,38.1016,38.0779,38.0529,9.997,9.58643,9.16028,8.7706,8.39275,8.02787,7.69357
0.93548,37.8487,36.2249,34.8057,33.6651,32.8921,32.5717,32.7341,33.3136,35.2211,36.3627,37.5496,39.7988,40.7135,41.8251,41.7237,41.1086,39.3445,37.7145,37.0459,37.6988,38.9428,40.1607,41.4281,41.6817,40.9293,39.7982,38.3886,38.8297,40.1033,40.9799,41.155,40.1207,38.8205,39.2336,40.1089,40.6044,39.7161,38.9558,39.4943,40.1863,39.6012,38.9633,39.7344,39.7986,39.0258,39.3311,39.5308,38.9084,39.2494,39.1215,38.9159,39.1125,38.7805,38.967,38.7116,38.8196,38.6378,38.6883,38.5912,38.5559,38.5393,38.4584,38.4228,38.4012,38.3605,38.3166,38.2816,38.2535,38.2239,38.1927,38.1642,38.1381,38.1098,38.0861,38.0612,10.0218,9.6102,9.183,8.79235,8.41357,8.0478,7.71267
0.93894,37.8495,36.2256,34.8065,33.666,32.8932,32.573,32.7359,33.3156,35.2236,36.3653,37.5523,39.8015,40.716,41.8272,41.7254,41.1102,39.346,37.7163,37.0485,37.7022,38.9464,40.1642,41.4312,41.6844,40.9317,39.8005,38.3915,38.8339,40.1075,40.9838,41.1584,40.1238,38.8242,39.2384,40.1136,40.6084,39.7199,38.9599,39.4997,40.1913,39.6056,38.9683,39.7401,39.8037,39.0308,39.3372,39.5364,38.914,39.2557,39.1273,38.9223,39.1188,38.7868,38.9737,38.7179,38.8264,38.6445,38.6952,38.5982,38.5628,38.5465,38.4655,38.4299,38.4085,38.3679,38.3239,38.2889,38.261,38.2314,38.2003,38.1718,38.1457,38.1174,38.0938,38.0689,38.0461,9.63226,9.20409,8.81255,8.43291,8.0663,7.7304
0.94224,37.8502,36.2264,34.8072,33.6669,32.8943,32.5744,32.7375,33.3176,35.226,36.3678,37.5549,39.804,40.7185,41.8293,41.7271,41.1117,39.3475,37.7181,37.0511,37.7055,38.9498,40.1675,41.4342,41.6871,40.934,39.8028,38.3944,38.838,40.1116,40.9875,41.1617,40.1268,38.8278,39.2431,40.1183,40.6124,39.7235,38.9639,39.5049,40.196,39.6098,38.9732,39.7455,39.8087,39.0356,39.3431,39.5419,38.9195,39.2619,39.133,38.9285,39.125,38.793,38.9802,38.7242,38.833,38.651,38.7019,38.605,38.5695,38.5535,38.4724,38.4369,38.4156,38.3751,38.3311,38.2962,38.2682,38.2387,38.2076,38.1792,38.1531,38.1249,38.1013,38.0765,38.0537,9.65359,9.22448,8.83208,8.4516,8.08418,7.74755
0.94549,37.8509,36.2271,34.808,33.6677,32.8953,32.5757,32.7391,33.3196,35.2283,36.3702,37.5574,39.8065,40.7208,41.8313,41.7287,41.1132,39.3489,37.7198,37.0535,37.7086,38.9531,40.1707,41.437,41.6896,40.9362,39.8049,38.3971,38.8419,40.1155,40.991,41.1649,40.1296,38.8312,39.2476,40.1226,40.6162,39.727,38.9677,39.5099,40.2006,39.6138,38.9778,39.7508,39.8135,39.0403,39.3488,39.5471,38.9247,39.2678,39.1383,38.9345,39.1309,38.7989,38.9864,38.7301,38.8393,38.6572,38.7082,38.6115,38.5759,38.5601,38.479,38.4435,38.4224,38.3819,38.338,38.303,38.2751,38.2457,38.2147,38.1863,38.1602,38.132,38.1085,38.0837,38.061,9.67377,9.24377,8.85055,8.46928,8.1011,7.76376
0.94862,37.8516,36.2278,34.8087,33.6686,32.8963,32.5769,32.7407,33.3214,35.2306,36.3726,37.5598,39.8089,40.7232,41.8333,41.7303,41.1147,39.3504,37.7214,37.0559,37.7117,38.9564,40.1739,41.4398,41.6922,40.9383,39.807,38.3998,38.8458,40.1194,40.9945,41.168,40.1324,38.8346,39.2521,40.127,40.62,39.7304,38.9715,39.5148,40.2051,39.6178,38.9824,39.7559,39.8182,39.0449,39.3544,39.5523,38.9299,39.2736,39.1436,38.9403,39.1367,38.8047,38.9925,38.7359,38.8455,38.6633,38.7145,38.618,38.5823,38.5667,38.4855,38.45,38.429,38.3886,38.3447,38.3098,38.282,38.2525,38.2216,38.1933,38.1672,38.1391,38.1155,38.0908,38.0681,38.0471,9.26272,8.8687,8.48665,8.11772,7.7797
0.95163,37.8522,36.2284,34.8094,33.6693,32.8973,32.5781,32.7422,33.3232,35.2327,36.3749,37.5621,39.8112,40.7253,41.8352,41.7318,41.116,39.3517,37.723,37.0581,37.7146,38.9594,40.1768,41.4425,41.6945,40.9404,39.809,38.4023,38.8494,40.123,40.9978,41.1709,40.135,38.8378,39.2562,40.131,40.6235,39.7336,38.975,39.5194,40.2093,39.6216,38.9867,39.7607,39.8226,39.0491,39.3596,39.5571,38.9347,39.2791,39.1486,38.9458,39.1421,38.8101,38.9982,38.7414,38.8513,38.669,38.7204,38.6239,38.5881,38.5728,38.4916,38.4561,38.4352,38.3949,38.351,38.3161,38.2883,38.2589,38.228,38.1997,38.1738,38.1456,38.1221,38.0974,38.0747,38.0538,9.28032,8.88556,8.50278,8.13315,7.79449
0.95439,37.8528,36.229,34.81,33.6701,32.8981,32.5792,32.7436,33.3248,35.2347,36.3769,37.5642,39.8132,40.7273,41.8369,41.7332,41.1173,39.3529,37.7244,37.0601,37.7172,38.9622,40.1795,41.4448,41.6967,40.9422,39.8108,38.4046,38.8527,40.1263,41.0008,41.1735,40.1374,38.8407,39.26,40.1347,40.6267,39.7365,38.9782,39.5236,40.2132,39.625,38.9906,39.7651,39.8266,39.053,39.3643,39.5615,38.939,39.284,39.1531,38.9508,39.1471,38.8151,39.0034,38.7464,38.8566,38.6743,38.7257,38.6294,38.5935,38.5784,38.4972,38.4616,38.4409,38.4007,38.3568,38.3219,38.2941,38.2648,38.2339,38.2057,38.1797,38.1516,38.1281,38.1034,38.0808,38.0598,9.29636,8.90092,8.51749,8.14722,7.80797
0.95717,37.8535,36.2296,34.8107,33.6708,32.899,32.5803,32.745,33.3265,35.2367,36.379,37.5664,39.8154,40.7293,41.8386,41.7346,41.1186,39.3541,37.7259,37.0622,37.72,38.9651,40.1823,41.4473,41.6989,40.9441,39.8127,38.407,38.8561,40.1298,41.0039,41.1763,40.1399,38.8437,39.2639,40.1386,40.63,39.7395,38.9815,39.528,40.2172,39.6285,38.9946,39.7697,39.8308,39.0571,39.3692,39.566,38.9436,39.2891,39.1578,38.9559,39.1522,38.8202,39.0088,38.7515,38.8621,38.6797,38.7313,38.6351,38.5991,38.5842,38.5029,38.4674,38.4468,38.4066,38.3627,38.3279,38.3001,38.2708,38.24,38.2118,38.1859,38.1578,38.1343,38.1097,38.0871,38.0662,9.31301,8.91687,8.53275,8.16182,7.82197
0.95972,37.854,36.2302,34.8113,33.6714,32.8998,32.5813,32.7462,33.328,35.2385,36.3809,37.5683,39.8173,40.7312,41.8402,41.7358,41.1197,39.3552,37.7272,37.0641,37.7224,38.9677,40.1848,41.4495,41.7009,40.9458,39.8143,38.4091,38.8592,40.1328,41.0066,41.1787,40.1421,38.8463,39.2674,40.1419,40.6329,39.7421,38.9844,39.5318,40.2207,39.6316,38.9982,39.7737,39.8344,39.0606,39.3736,39.57,38.9476,39.2937,39.1619,38.9605,39.1567,38.8247,39.0136,38.7561,38.8669,38.6844,38.7362,38.6401,38.604,38.5894,38.508,38.4725,38.452,38.4119,38.368,38.3331,38.3054,38.2762,38.2454,38.2172,38.1913,38.1633,38.1398,38.1152,38.0927,38.0717,38.0501,8.93095,8.54623,8.17472,7.83433
0.96205,37.8545,36.2307,34.8118,33.6721,32.9005,32.5822,32.7474,33.3294,35.2401,36.3827,37.5701,39.8191,40.7329,41.8417,41.737,41.1208,39.3563,37.7284,37.0659,37.7247,38.9701,40.1871,41.4516,41.7027,40.9474,39.8159,38.4111,38.862,40.1357,41.0092,41.181,40.1441,38.8489,39.2707,40.1451,40.6357,39.7447,38.9872,39.5355,40.224,39.6345,39.0016,39.7775,39.8379,39.064,39.3777,39.5739,38.9514,39.298,39.1659,38.9648,39.161,38.829,39.0181,38.7604,38.8715,38.689,38.7408,38.6448,38.6087,38.5942,38.5128,38.4773,38.4569,38.4168,38.373,38.3381,38.3105,38.2813,38.2505,38.2224,38.1965,38.1685,38.1451,38.1205,38.0979,38.077,38.0554,8.94433,8.55904,8.18697,7.84608
0.96437,37.855,36.2312,34.8123,33.6726,32.9012,32.5831,32.7485,33.3307,35.2418,36.3844,37.5719,39.8208,40.7345,41.8431,41.7381,41.1218,39.3573,37.7296,37.0675,37.7269,38.9724,40.1894,41.4536,41.7045,40.9489,39.8174,38.413,38.8648,40.1384,41.0117,41.1832,40.1461,38.8513,39.2738,40.1482,40.6383,39.7471,38.9899,39.539,40.2272,39.6374,39.0049,39.7812,39.8412,39.0673,39.3817,39.5775,38.9551,39.3021,39.1696,38.969,39.1651,38.8331,39.0225,38.7645,38.8759,38.6933,38.7453,38.6494,38.6131,38.5988,38.5174,38.4819,38.4616,38.4216,38.3777,38.3429,38.3153,38.2861,38.2554,38.2273,38.2014,38.1734,38.15,38.1255,38.103,38.0821,38.0604,8.95713,8.57128,8.19869,7.8573
0.9666,37.8555,36.2317,34.8128,33.6732,32.9019,32.584,32.7496,33.332,35.2433,36.386,37.5735,39.8224,40.7361,41.8444,41.7392,41.1228,39.3582,37.7307,37.0692,37.729,38.9746,40.1915,41.4555,41.7062,40.9504,39.8189,38.4149,38.8674,40.141,41.0141,41.1853,40.148,38.8536,39.2768,40.1511,40.6409,39.7494,38.9925,39.5423,40.2303,39.6401,39.008,39.7846,39.8444,39.0704,39.3854,39.581,38.9585,39.306,39.1732,38.9729,39.1691,38.8371,39.0266,38.7685,38.8801,38.6974,38.7495,38.6537,38.6174,38.6033,38.5218,38.4863,38.4661,38.4261,38.3823,38.3475,38.3199,38.2908,38.2601,38.232,38.2061,38.1782,38.1548,38.1303,38.1078,38.0869,38.0653,8.96943,8.58306,8.20995,7.8681
0.96865,37.8559,36.2321,34.8133,33.6737,32.9026,32.5848,32.7506,33.3332,35.2447,36.3875,37.5751,39.8239,40.7375,41.8457,41.7402,41.1237,39.3591,37.7318,37.0706,37.7309,38.9766,40.1935,41.4572,41.7078,40.9517,39.8202,38.4165,38.8698,40.1434,41.0162,41.1873,40.1497,38.8557,39.2796,40.1538,40.6432,39.7515,38.9948,39.5454,40.2331,39.6425,39.0108,39.7878,39.8474,39.0732,39.3889,39.5842,38.9617,39.3096,39.1765,38.9766,39.1727,38.8407,39.0304,38.7721,38.8839,38.7012,38.7534,38.6577,38.6213,38.6073,38.5259,38.4904,38.4702,38.4303,38.3865,38.3517,38.3241,38.295,38.2643,38.2363,38.2105,38.1825,38.1592,38.1347,38.1122,38.0913,38.0697,8.98074,8.59388,8.2203,7.87803
0.97071,37.8564,36.2325,34.8138,33.6743,32.9032,32.5856,32.7516,33.3344,35.2462,36.389,37.5767,39.8255,40.739,41.847,41.7413,41.1247,39.36,37.7328,37.0722,37.7329,38.9788,40.1956,41.4591,41.7094,40.9532,39.8216,38.4183,38.8723,40.146,41.0185,41.1893,40.1516,38.8579,39.2825,40.1567,40.6456,39.7537,38.9972,39.5486,40.236,39.6451,39.0138,39.7912,39.8504,39.0762,39.3925,39.5875,38.9651,39.3134,39.1799,38.9804,39.1764,38.8445,39.0344,38.7759,38.888,38.7052,38.7575,38.6619,38.6254,38.6116,38.5301,38.4946,38.4746,38.4347,38.3909,38.3561,38.3285,38.2995,38.2688,38.2408,38.215,38.1871,38.1638,38.1393,38.1168,38.096,38.0744,38.0547,8.60531,8.23123,7.8885
0.97262,37.8568,36.2329,34.8142,33.6748,32.9038,32.5864,32.7525,33.3355,35.2475,36.3904,37.5781,39.8269,40.7404,41.8481,41.7422,41.1255,39.3608,37.7338,37.0736,37.7347,38.9807,40.1974,41.4607,41.7109,40.9544,39.8228,38.4199,38.8746,40.1482,41.0206,41.1911,40.1532,38.8598,39.285,40.1592,40.6478,39.7557,38.9994,39.5514,40.2386,39.6474,39.0164,39.7942,39.8531,39.0788,39.3957,39.5905,38.968,39.3167,39.183,38.9838,39.1798,38.8478,39.0379,38.7793,38.8915,38.7087,38.7611,38.6655,38.629,38.6154,38.5338,38.4983,38.4784,38.4386,38.3947,38.36,38.3324,38.3034,38.2728,38.2448,38.219,38.1911,38.1678,38.1433,38.1209,38.1001,38.0785,38.0589,8.61543,8.24091,7.89778
0.97451,37.8571,36.2333,34.8146,33.6752,32.9044,32.5871,32.7534,33.3366,35.2488,36.3918,37.5795,39.8283,40.7417,41.8492,41.7431,41.1263,39.3616,37.7348,37.0749,37.7364,38.9825,40.1992,41.4623,41.7123,40.9556,39.824,38.4214,38.8768,40.1504,41.0225,41.1929,40.1548,38.8618,39.2875,40.1616,40.6499,39.7576,39.0016,39.5542,40.2412,39.6497,39.0191,39.7971,39.8558,39.0814,39.3989,39.5934,38.971,39.32,39.186,38.9871,39.1831,38.8511,39.0413,38.7826,38.8951,38.7122,38.7647,38.6692,38.6326,38.6191,38.5375,38.502,38.4822,38.4424,38.3986,38.3638,38.3363,38.3073,38.2767,38.2487,38.223,38.1951,38.1718,38.1474,38.1249,38.1041,38.0826,38.063,8.62548,8.25054,7.907
0.97626,37.8575,36.2337,34.815,33.6757,32.9049,32.5877,32.7543,33.3376,35.25,36.393,37.5808,39.8296,40.7429,41.8503,41.7439,41.1271,39.3624,37.7356,37.0762,37.7381,38.9842,40.2008,41.4638,41.7137,40.9568,39.8251,38.4228,38.8788,40.1524,41.0244,41.1945,40.1562,38.8636,39.2899,40.1639,40.6519,39.7594,39.0035,39.5568,40.2435,39.6518,39.0215,39.7998,39.8583,39.0838,39.4018,39.5961,38.9737,39.3231,39.1887,38.9902,39.1861,38.8541,39.0445,38.7857,38.8983,38.7154,38.768,38.6725,38.6359,38.6225,38.5409,38.5055,38.4857,38.4459,38.4021,38.3673,38.3399,38.3109,38.2803,38.2523,38.2266,38.1988,38.1755,38.1511,38.1287,38.1079,38.0863,38.0667,8.63482,8.25946,7.91556
0.97798,37.8579,36.2341,34.8154,33.6761,32.9054,32.5884,32.7551,33.3386,35.2513,36.3943,37.5821,39.8309,40.7442,41.8514,41.7448,41.1279,39.3631,37.7365,37.0775,37.7398,38.986,40.2026,41.4653,41.715,40.958,39.8263,38.4243,38.8809,40.1545,41.0263,41.1962,40.1578,38.8654,39.2923,40.1663,40.6539,39.7613,39.0056,39.5595,40.246,39.654,39.024,39.8026,39.8608,39.0863,39.4048,39.5989,38.9765,39.3262,39.1916,38.9933,39.1892,38.8573,39.0479,38.7888,38.9017,38.7187,38.7714,38.676,38.6393,38.6261,38.5445,38.509,38.4893,38.4496,38.4058,38.371,38.3435,38.3146,38.2841,38.2561,38.2304,38.2026,38.1793,38.1549,38.1325,38.1117,38.0902,38.0706,8.64456,8.26878,7.92449
0.97961,37.8582,36.2344,34.8158,33.6765,32.9059,32.5891,32.7559,33.3395,35.2524,36.3955,37.5833,39.8321,40.7453,41.8523,41.7456,41.1286,39.3638,37.7374,37.0787,37.7413,38.9876,40.2041,41.4667,41.7163,40.959,39.8273,38.4256,38.8828,40.1564,41.028,41.1977,40.1591,38.8671,39.2945,40.1684,40.6558,39.763,39.0074,39.5619,40.2482,39.6559,39.0262,39.8051,39.8631,39.0885,39.4076,39.6014,38.979,39.329,39.1942,38.9962,39.1921,38.8601,39.0508,38.7917,38.9047,38.7217,38.7744,38.6791,38.6424,38.6293,38.5476,38.5122,38.4925,38.4528,38.409,38.3743,38.3469,38.3179,38.2874,38.2595,38.2338,38.206,38.1827,38.1584,38.136,38.1152,38.0937,38.0741,38.0551,8.27716,7.93252
0.98116,37.8586,36.2347,34.8161,33.6769,32.9064,32.5896,32.7567,33.3404,35.2535,36.3966,37.5845,39.8332,40.7464,41.8533,41.7463,41.1293,39.3645,37.7381,37.0798,37.7427,38.9891,40.2056,41.468,41.7174,40.96,39.8283,38.4269,38.8846,40.1582,41.0296,41.1991,40.1604,38.8686,39.2965,40.1704,40.6575,39.7645,39.0092,39.5641,40.2503,39.6577,39.0283,39.8075,39.8653,39.0906,39.4101,39.6038,38.9813,39.3317,39.1966,38.9989,39.1947,38.8628,39.0537,38.7944,38.9076,38.7245,38.7773,38.6821,38.6453,38.6323,38.5506,38.5152,38.4956,38.4559,38.4121,38.3774,38.35,38.3211,38.2906,38.2627,38.237,38.2092,38.186,38.1616,38.1392,38.1185,38.097,38.0774,38.0584,8.28517,7.94019
0.98262,37.8589,36.235,34.8164,33.6773,32.9068,32.5902,32.7573,33.3412,35.2545,36.3977,37.5855,39.8343,40.7474,41.8541,41.747,41.1299,39.3651,37.7389,37.0808,37.7441,38.9905,40.2069,41.4692,41.7186,40.961,39.8292,38.428,38.8863,40.1599,41.0311,41.2005,40.1616,38.8701,39.2984,40.1723,40.6591,39.766,39.0108,39.5663,40.2522,39.6595,39.0303,39.8097,39.8673,39.0926,39.4126,39.606,38.9836,39.3342,39.1989,39.0014,39.1973,38.8653,39.0563,38.7969,38.9102,38.7271,38.78,38.6849,38.648,38.6352,38.5535,38.518,38.4984,38.4588,38.4151,38.3803,38.3529,38.3241,38.2936,38.2657,38.24,38.2122,38.189,38.1647,38.1423,38.1216,38.1001,38.0806,38.0615,8.29275,7.94746
0.98402,37.8591,36.2353,34.8167,33.6776,32.9073,32.5907,32.758,33.342,35.2554,36.3987,37.5866,39.8353,40.7484,41.855,41.7477,41.1305,39.3657,37.7396,37.0818,37.7454,38.9919,40.2083,41.4704,41.7196,40.9619,39.8301,38.4292,38.8879,40.1615,41.0326,41.2018,40.1628,38.8715,39.3003,40.1741,40.6607,39.7674,39.0124,39.5683,40.2541,39.6611,39.0322,39.8118,39.8693,39.0945,39.4149,39.6081,38.9857,39.3367,39.2011,39.0039,39.1997,38.8677,39.0588,38.7993,38.9128,38.7297,38.7826,38.6876,38.6506,38.6379,38.5562,38.5207,38.5012,38.4616,38.4179,38.3831,38.3558,38.3269,38.2964,38.2685,38.2429,38.2151,38.192,38.1676,38.1453,38.1246,38.1031,38.0835,38.0645,8.30005,7.95446
0.98538,37.8594,36.2356,34.8171,33.678,32.9077,32.5913,32.7587,33.3428,35.2564,36.3997,37.5876,39.8363,40.7494,41.8558,41.7484,41.1312,39.3663,37.7403,37.0829,37.7467,38.9933,40.2096,41.4716,41.7207,40.9628,39.831,38.4304,38.8896,40.1632,41.0341,41.2031,40.164,38.873,39.3022,40.1759,40.6623,39.7689,39.014,39.5705,40.256,39.6628,39.0342,39.8141,39.8713,39.0965,39.4173,39.6104,38.9879,39.3392,39.2034,39.0064,39.2022,38.8702,39.0615,38.8018,38.9155,38.7323,38.7853,38.6903,38.6534,38.6407,38.559,38.5235,38.5041,38.4645,38.4208,38.386,38.3587,38.3299,38.2994,38.2715,38.2459,38.2182,38.195,38.1707,38.1483,38.1276,38.1062,38.0866,38.0676,8.3077,7.96179
0.98668,37.8597,36.2359,34.8173,33.6783,32.9081,32.5918,32.7593,33.3436,35.2573,36.4006,37.5886,39.8373,40.7503,41.8566,41.749,41.1317,39.3668,37.7409,37.0838,37.7479,38.9946,40.2109,41.4727,41.7217,40.9636,39.8318,38.4314,38.8911,40.1647,41.0355,41.2043,40.1651,38.8743,39.3039,40.1776,40.6638,39.7702,39.0155,39.5724,40.2578,39.6644,39.036,39.816,39.8731,39.0983,39.4194,39.6123,38.9899,39.3414,39.2054,39.0087,39.2044,38.8725,39.0638,38.8041,38.9179,38.7347,38.7877,38.6928,38.6558,38.6432,38.5615,38.526,38.5066,38.4671,38.4233,38.3886,38.3613,38.3325,38.3021,38.2742,38.2486,38.2209,38.1977,38.1734,38.1511,38.1304,38.1089,38.0894,38.0704,8.31454,7.96835
0.98794,37.86,36.2362,34.8176,33.6786,32.9085,32.5922,32.7599,33.3443,35.2581,36.4015,37.5895,39.8382,40.7511,41.8573,41.7496,41.1323,39.3673,37.7415,37.0847,37.749,38.9958,40.212,41.4737,41.7226,40.9644,39.8326,38.4324,38.8925,40.1662,41.0368,41.2055,40.1661,38.8756,39.3056,40.1792,40.6652,39.7715,39.0169,39.5742,40.2594,39.6659,39.0377,39.818,39.8749,39.1,39.4215,39.6143,38.9918,39.3435,39.2074,39.0108,39.2065,38.8746,39.0661,38.8062,38.9202,38.7369,38.7901,38.6952,38.6581,38.6457,38.5639,38.5284,38.5091,38.4696,38.4258,38.3911,38.3638,38.335,38.3046,38.2768,38.2512,38.2235,38.2003,38.176,38.1537,38.133,38.1116,38.0921,38.0731,8.32122,7.97475
0.98914,37.8602,36.2364,34.8179,33.6789,32.9088,32.5927,32.7605,33.3449,35.259,36.4024,37.5904,39.839,40.752,41.858,41.7502,41.1328,39.3678,37.7421,37.0855,37.7501,38.997,40.2132,41.4747,41.7235,40.9652,39.8334,38.4334,38.8939,40.1675,41.038,41.2066,40.1671,38.8768,39.3071,40.1808,40.6665,39.7727,39.0182,39.5759,40.261,39.6673,39.0393,39.8198,39.8765,39.1016,39.4235,39.6161,38.9936,39.3456,39.2093,39.0129,39.2086,38.8767,39.0682,38.8083,38.9224,38.7391,38.7923,38.6974,38.6603,38.648,38.5662,38.5307,38.5114,38.472,38.4282,38.3935,38.3662,38.3374,38.307,38.2792,38.2537,38.2259,38.2028,38.1785,38.1562,38.1355,38.1141,38.0946,38.0756,38.0573,7.98087
0.99026,37.8605,36.2366,34.8181,33.6792,32.9092,32.5931,32.761,33.3456,35.2597,36.4032,37.5912,39.8398,40.7527,41.8587,41.7507,41.1333,39.3683,37.7427,37.0863,37.7512,38.998,40.2142,41.4757,41.7243,40.9659,39.8341,38.4343,38.8952,40.1688,41.0392,41.2076,40.1681,38.8779,39.3086,40.1822,40.6677,39.7738,39.0194,39.5776,40.2625,39.6686,39.0408,39.8215,39.8781,39.1031,39.4253,39.6178,38.9953,39.3475,39.211,39.0148,39.2105,38.8786,39.0703,38.8102,38.9244,38.7411,38.7944,38.6995,38.6624,38.6501,38.5683,38.5328,38.5136,38.4742,38.4304,38.3957,38.3685,38.3397,38.3093,38.2815,38.2559,38.2282,38.2051,38.1808,38.1585,38.1379,38.1165,38.097,38.078,38.0597,7.98662
0.99121,37.8606,36.2368,34.8183,33.6794,32.9094,32.5935,32.7614,33.3461,35.2604,36.4038,37.5919,39.8405,40.7534,41.8593,41.7511,41.1337,39.3687,37.7432,37.087,37.752,38.999,40.2151,41.4764,41.725,40.9665,39.8347,38.435,38.8963,40.1699,41.0402,41.2085,40.1688,38.8789,39.3099,40.1834,40.6688,39.7748,39.0205,39.5789,40.2638,39.6697,39.0421,39.8229,39.8794,39.1044,39.4269,39.6192,38.9968,39.3491,39.2125,39.0165,39.2121,38.8802,39.072,38.8119,38.9261,38.7428,38.7961,38.7013,38.6642,38.652,38.5701,38.5347,38.5155,38.4761,38.4323,38.3976,38.3703,38.3416,38.3112,38.2834,38.2579,38.2302,38.2071,38.1828,38.1605,38.1399,38.1185,38.099,38.08,38.0617,7.99151
0.99213,37.8609,36.237,34.8185,33.6797,32.9097,32.5939,32.7619,33.3467,35.261,36.4046,37.5926,39.8412,40.7541,41.8599,41.7516,41.1341,39.3691,37.7437,37.0877,37.753,38.9999,40.216,41.4773,41.7258,40.9672,39.8353,38.4358,38.8974,40.1711,41.0412,41.2094,40.1697,38.8799,39.3112,40.1847,40.6699,39.7758,39.0216,39.5804,40.2651,39.6709,39.0435,39.8245,39.8808,39.1057,39.4285,39.6208,38.9983,39.3509,39.2141,39.0182,39.2139,38.882,39.0738,38.8136,38.928,38.7446,38.798,38.7033,38.6661,38.6539,38.5721,38.5366,38.5175,38.4781,38.4343,38.3996,38.3724,38.3437,38.3133,38.2855,38.26,38.2323,38.2092,38.1849,38.1627,38.142,38.1206,38.1011,38.0822,38.0639,7.9968
0.99304,37.861,36.2372,34.8187,33.6799,32.91,32.5942,32.7623,33.3472,35.2617,36.4052,37.5933,39.8419,40.7547,41.8604,41.7521,41.1345,39.3695,37.7441,37.0883,37.7538,39.0008,40.2169,41.478,41.7265,40.9678,39.8359,38.4366,38.8985,40.1721,41.0421,41.2103,40.1704,38.8808,39.3124,40.1859,40.6709,39.7767,39.0226,39.5818,40.2663,39.672,39.0447,39.8259,39.8821,39.107,39.4301,39.6221,38.9997,39.3525,39.2155,39.0198,39.2154,38.8835,39.0755,38.8152,38.9297,38.7463,38.7997,38.705,38.6677,38.6557,38.5739,38.5383,38.5193,38.4799,38.4362,38.4015,38.3742,38.3455,38.3152,38.2874,38.2618,38.2342,38.2111,38.1868,38.1646,38.1439,38.1225,38.1031,38.0841,38.0658,8.00154
0.999,37.8625,36.2386,34.8203,33.6816,32.9121,32.5968,32.7656,33.3511,35.2663,36.4101,37.5983,39.8468,40.7594,41.8644,41.7553,41.1375,39.3724,37.7475,37.0932,37.7601,39.0075,40.2233,41.4838,41.7316,40.9722,39.8402,38.4421,38.9064,40.18,41.0493,41.2166,40.1761,38.8877,39.3214,40.1947,40.6785,39.7837,39.0303,39.5918,40.2755,39.6801,39.054,39.8363,39.8916,39.1163,39.4414,39.6326,39.0101,39.3643,39.2263,39.0318,39.2272,38.8954,39.0879,38.827,38.9423,38.7587,38.8124,38.7181,38.6805,38.6691,38.5871,38.5516,38.5328,38.4936,38.4498,38.4152,38.388,38.3594,38.3291,38.3014,38.276,38.2484,38.2253,38.2012,38.179,38.1584,38.1371,38.1176,38.0987,38.0805,38.0638
