,0.343376,0.393362,0.421925,0.443347,0.493333,0.521896,0.571882,0.593304,0.64329,0.671853,0.700416,0.764683,0.793246,0.82895,0.864654,0.900358,0.936062,0.978907,1.01699,1.05508,1.10268,1.15029,1.19789,1.2455,1.30262,1.35975,1.41688,1.474,1.53589,1.59302,1.66442,1.73583,1.80724,1.87865,1.96434,2.05003,2.13572,2.22141,2.32138,2.40707,2.52132,2.62129,2.73554,2.8498,2.96405,3.09258,3.22112,3.36393,3.49247,3.64957,3.79238,3.96376,4.12086,4.29224,4.4779,4.66356,4.8635,5.06344,5.26339,5.49189,5.7204,5.97747,6.23454,6.4916,6.74867,7.03431,7.3485,7.63413,7.97689,8.29109,8.66241,9.00517,9.40505,9.77637,10.2048,10.6333,11.0903,11.5473,12.0329,12.547,13.0611,13.6038,14.1751,14.7749,15.4033,16.0603,16.7172,17.4313,18.1454,18.9166,19.7164,20.5447,21.4016,22.3156,23.2296,24.2294,25.2291,26.1431,27.3142,28.5424,29.8277,31.1702,32.5698,34.0265,35.5689,37.1685,38.8537,40.5961,42.4241,44.3378,46.3373,48.4224,50.5932,52.8782,55.249,57.734,60.3332,63.0467,65.9031
1e-08,14.2954,16.4409,14.514,12.8552,10.4672,9.13348,5.35071,1.55976,0.173907,0.0929216,0.0376375,0.0102222,0.00633289,0.00372359,0.00233081,0.00142207,0.000987659,0.000668487,0.000474061,0.000336201,0.000247496,0.000187999,0.000139944,0.000112144,8.81416e-05,7.09042e-05,5.81788e-05,4.7187e-05,4.02141e-05,3.33446e-05,2.81175e-05,2.40551e-05,2.02766e-05,1.73556e-05,1.54006e-05,1.32032e-05,1.16968e-05,1.02665e-05,9.10372e-06,8.14501e-06,7.34453e-06,6.58078e-06,5.94323e-06,5.34351e-06,4.84136e-06,4.4161e-06,4.01518e-06,3.67437e-06,3.38182e-06,3.105e-06,2.86641e-06,2.64153e-06,2.43174e-06,2.26358e-06,2.09267e-06,1.94414e-06,1.81403e-06,1.69641e-06,1.58127e-06,1.47997e-06,1.37973e-06,1.29159e-06,1.21355e-06,1.13674e-06,1.06871e-06,1.00807e-06,9.48565e-07,8.90926e-07,8.39681e-07,7.93843e-07,7.49368e-07,7.06591e-07,6.68321e-07,6.33893e-07,5.98563e-07,5.68771e-07,5.38339e-07,5.10945e-07,4.84777e-07,4.59874e-07,4.36247e-07,4.149e-07,3.94601e-07,3.7534e-07,3.57098e-07,3.39846e-07,3.2355e-07,3.0817e-07,2.93664e-07,2.79523e-07,2.66675e-07,2.5418e-07,2.4245e-07,2.31432e-07,2.20787e-07,2.10812e-07,2.01214e-07,1.9356e-07,1.84217e-07,1.75551e-07,6.18049e-07,5.87838e-07,5.59388e-07,5.32609e-07,5.06981e-07,4.8292e-07,4.59975e-07,4.38145e-07,4.17418e-07,3.97768e-07,3.7916e-07,3.61562e-07,3.44729e-07,3.28851e-07,3.13714e-07,2.99161e-07,2.8549e-07,2.72396e-07,2.60001e-07
1.32e-08,15.2367,16.5077,14.5731,12.9232,10.5897,9.33113,6.07686,2.22814,0.232532,0.123568,0.0498534,0.0135084,0.00836538,0.00491722,0.00307749,0.00187745,0.00130385,0.000882469,0.000625793,0.000443802,0.000326704,0.000248164,0.000184729,0.000148032,0.000116348,9.35942e-05,7.67968e-05,6.22871e-05,5.30829e-05,4.4015e-05,3.71153e-05,3.17528e-05,2.67652e-05,2.29095e-05,2.03289e-05,1.74283e-05,1.54398e-05,1.35518e-05,1.20169e-05,1.07514e-05,9.69479e-06,8.68663e-06,7.84505e-06,7.05344e-06,6.39059e-06,5.82927e-06,5.30005e-06,4.85018e-06,4.464e-06,4.09858e-06,3.78366e-06,3.48682e-06,3.20991e-06,2.98795e-06,2.76234e-06,2.56628e-06,2.39452e-06,2.23926e-06,2.08728e-06,1.95357e-06,1.82125e-06,1.7049e-06,1.60187e-06,1.5005e-06,1.41069e-06,1.33065e-06,1.25211e-06,1.17602e-06,1.10838e-06,1.04787e-06,9.89166e-07,9.32701e-07,8.82184e-07,8.36739e-07,7.90102e-07,7.50778e-07,7.10608e-07,6.74447e-07,6.39906e-07,6.07034e-07,5.75847e-07,5.47669e-07,5.20873e-07,4.95449e-07,4.71369e-07,4.48598e-07,4.27087e-07,4.06785e-07,3.87637e-07,3.68971e-07,3.52011e-07,3.35518e-07,3.20034e-07,3.0549e-07,2.91439e-07,2.78271e-07,2.65603e-07,2.555e-07,2.43167e-07,2.31726e-07,8.15826e-07,7.75946e-07,7.38391e-07,7.03044e-07,6.69214e-07,6.37456e-07,6.07168e-07,5.78353e-07,5.50992e-07,5.25054e-07,5.00493e-07,4.77262e-07,4.55042e-07,4.34084e-07,4.14103e-07,3.94893e-07,3.76849e-07,3.59565e-07,3.43202e-07
1.74e-08,16.0162,16.5711,14.6295,12.9881,10.7047,9.51245,6.66588,3.16576,0.312317,0.164732,0.0661093,0.0178574,0.0110527,0.00649436,0.0040637,0.00247874,0.00172134,0.00116497,0.000826103,0.000585848,0.000431265,0.000327586,0.000243848,0.000195406,0.000153583,0.000123546,0.000101372,8.22199e-05,7.00699e-05,5.81002e-05,4.89924e-05,4.19139e-05,3.53302e-05,3.02406e-05,2.68342e-05,2.30054e-05,2.03806e-05,1.78884e-05,1.58624e-05,1.41919e-05,1.27971e-05,1.14664e-05,1.03555e-05,9.31052e-06,8.4356e-06,7.69466e-06,6.99607e-06,6.40224e-06,5.89249e-06,5.41012e-06,4.99444e-06,4.6026e-06,4.23708e-06,3.94408e-06,3.64629e-06,3.38748e-06,3.16078e-06,2.95583e-06,2.75521e-06,2.5787e-06,2.40405e-06,2.25048e-06,2.11449e-06,1.98067e-06,1.86212e-06,1.75646e-06,1.65278e-06,1.55235e-06,1.46306e-06,1.38319e-06,1.30571e-06,1.23116e-06,1.16448e-06,1.1045e-06,1.04293e-06,9.91028e-07,9.38001e-07,8.90271e-07,8.44674e-07,8.01289e-07,7.60117e-07,7.22925e-07,6.87551e-07,6.53995e-07,6.22207e-07,5.92149e-07,5.63756e-07,5.36956e-07,5.11681e-07,4.87041e-07,4.64655e-07,4.42884e-07,4.22444e-07,4.03247e-07,3.84699e-07,3.67318e-07,3.50595e-07,3.3726e-07,3.2098e-07,3.05879e-07,1.07689e-06,1.02425e-06,9.74679e-07,9.28018e-07,8.83365e-07,8.41442e-07,8.01464e-07,7.63428e-07,7.2731e-07,6.93071e-07,6.60652e-07,6.29986e-07,6.00655e-07,5.72991e-07,5.46615e-07,5.21259e-07,4.97441e-07,4.74625e-07,4.53028e-07
2.3e-08,16.6728,16.6315,14.6833,13.0501,10.8132,9.67995,7.15422,4.24304,0.422094,0.220358,0.0877997,0.0236182,0.0146078,0.0085789,0.00536656,0.00327286,0.00227261,0.00153796,0.00109056,0.000773369,0.000569298,0.00043243,0.000321888,0.000257942,0.000202732,0.000163083,0.000133813,0.000108531,9.24932e-05,7.66927e-05,6.46707e-05,5.53267e-05,4.66361e-05,3.99178e-05,3.54213e-05,3.03673e-05,2.69025e-05,2.36127e-05,2.09384e-05,1.87334e-05,1.68923e-05,1.51357e-05,1.36693e-05,1.22899e-05,1.1135e-05,1.0157e-05,9.23483e-06,8.451e-06,7.7781e-06,7.1414e-06,6.59267e-06,6.07546e-06,5.59295e-06,5.2062e-06,4.81311e-06,4.47149e-06,4.17224e-06,3.90169e-06,3.63689e-06,3.4039e-06,3.17335e-06,2.97062e-06,2.79113e-06,2.61448e-06,2.45801e-06,2.31852e-06,2.18168e-06,2.04911e-06,1.93124e-06,1.82582e-06,1.72353e-06,1.62514e-06,1.53712e-06,1.45793e-06,1.37668e-06,1.30816e-06,1.23817e-06,1.17516e-06,1.11497e-06,1.0577e-06,1.00336e-06,9.54259e-07,9.07572e-07,8.63271e-07,8.21316e-07,7.81638e-07,7.44157e-07,7.08781e-07,6.75418e-07,6.42898e-07,6.13344e-07,5.84607e-07,5.57629e-07,5.32287e-07,5.07802e-07,4.8486e-07,4.62786e-07,4.45185e-07,4.23696e-07,4.03761e-07,1.4215e-06,1.35202e-06,1.28658e-06,1.22499e-06,1.16604e-06,1.11071e-06,1.05793e-06,1.00773e-06,9.60054e-07,9.14857e-07,8.72063e-07,8.31585e-07,7.92869e-07,7.5635e-07,7.21535e-07,6.88064e-07,6.56623e-07,6.26508e-07,5.97998e-07
3.04e-08,17.2343,16.689,14.7349,13.1094,10.9158,9.83565,7.56873,5.21353,0.57547,0.296152,0.116847,0.0312572,0.0193141,0.0113352,0.00708818,0.00432177,0.00300061,0.00203046,0.00143971,0.00102094,0.00075152,0.000570834,0.000424908,0.000340493,0.000267613,0.000215274,0.000176637,0.000143263,0.000122092,0.000101236,8.53657e-05,7.3032e-05,6.156e-05,5.26919e-05,4.67564e-05,4.0085e-05,3.55115e-05,3.11689e-05,2.76388e-05,2.47281e-05,2.22979e-05,1.99791e-05,1.80435e-05,1.62228e-05,1.46983e-05,1.34072e-05,1.219e-05,1.11553e-05,1.02671e-05,9.42664e-06,8.70233e-06,8.01963e-06,7.38273e-06,6.8722e-06,6.35331e-06,5.90236e-06,5.50735e-06,5.15024e-06,4.8007e-06,4.49314e-06,4.18882e-06,3.92123e-06,3.68429e-06,3.45112e-06,3.24457e-06,3.06045e-06,2.87981e-06,2.70482e-06,2.54924e-06,2.41009e-06,2.27506e-06,2.14519e-06,2.029e-06,1.92447e-06,1.81721e-06,1.72677e-06,1.63438e-06,1.55121e-06,1.47177e-06,1.39616e-06,1.32443e-06,1.25962e-06,1.19799e-06,1.13952e-06,1.08414e-06,1.03176e-06,9.82288e-07,9.35594e-07,8.91554e-07,8.48622e-07,8.09617e-07,7.71685e-07,7.36071e-07,7.02619e-07,6.703e-07,6.40016e-07,6.10877e-07,5.87643e-07,5.59278e-07,5.32966e-07,1.87639e-06,1.78466e-06,1.69829e-06,1.61699e-06,1.53918e-06,1.46614e-06,1.39648e-06,1.3302e-06,1.26727e-06,1.20761e-06,1.15113e-06,1.09769e-06,1.04659e-06,9.98385e-07,9.52427e-07,9.08246e-07,8.66745e-07,8.26992e-07,7.89358e-07
4.01e-08,17.7207,16.7439,14.7842,13.1661,11.0133,9.98119,7.92791,5.99874,0.794486,0.400628,0.155939,0.041402,0.0255505,0.0149818,0.00936392,0.00570751,0.00396213,0.00268081,0.00190071,0.00134778,0.000992085,0.000753548,0.000560904,0.000449467,0.000353259,0.000284168,0.000233165,0.00018911,0.000161164,0.000133633,0.000112684,9.64026e-05,8.12599e-05,6.95535e-05,6.17188e-05,5.29126e-05,4.68755e-05,4.11431e-05,3.64834e-05,3.26412e-05,2.94333e-05,2.63724e-05,2.38174e-05,2.14141e-05,1.94017e-05,1.76975e-05,1.60908e-05,1.4725e-05,1.35526e-05,1.24432e-05,1.14871e-05,1.05859e-05,9.7452e-06,9.07131e-06,8.38636e-06,7.79113e-06,7.2697e-06,6.79832e-06,6.33692e-06,5.93095e-06,5.52925e-06,5.17601e-06,4.86326e-06,4.55547e-06,4.28284e-06,4.03979e-06,3.80136e-06,3.57036e-06,3.365e-06,3.18131e-06,3.00307e-06,2.83165e-06,2.67828e-06,2.54031e-06,2.39872e-06,2.27933e-06,2.15738e-06,2.0476e-06,1.94274e-06,1.84293e-06,1.74825e-06,1.6627e-06,1.58135e-06,1.50417e-06,1.43106e-06,1.36192e-06,1.29662e-06,1.23499e-06,1.17685e-06,1.12018e-06,1.06869e-06,1.01862e-06,9.71611e-07,9.27455e-07,8.84795e-07,8.4482e-07,8.06358e-07,7.75689e-07,7.38243e-07,7.03512e-07,2.47683e-06,2.35576e-06,2.24174e-06,2.13443e-06,2.03172e-06,1.9353e-06,1.84335e-06,1.75587e-06,1.6728e-06,1.59405e-06,1.51949e-06,1.44896e-06,1.3815e-06,1.31787e-06,1.25721e-06,1.19889e-06,1.14411e-06,1.09163e-06,1.04196e-06
5.29e-08,18.1466,16.7962,14.8315,13.2206,11.1061,10.1179,8.24463,6.63204,1.11709,0.547033,0.20891,0.054902,0.0338245,0.01981,0.0123736,0.00753876,0.00523233,0.00353973,0.00250947,0.00177934,0.0013097,0.000994771,0.000740441,0.000593327,0.000466322,0.000375115,0.000307786,0.000249631,0.000212741,0.000176398,0.000148745,0.000127253,0.000107264,9.18115e-05,8.14697e-05,6.98452e-05,6.18761e-05,5.43095e-05,4.81582e-05,4.30865e-05,3.8852e-05,3.48118e-05,3.14392e-05,2.82667e-05,2.56104e-05,2.33609e-05,2.124e-05,1.94371e-05,1.78895e-05,1.64251e-05,1.5163e-05,1.39734e-05,1.28637e-05,1.19742e-05,1.107e-05,1.02843e-05,9.59604e-06,8.97381e-06,8.36476e-06,7.82889e-06,7.29862e-06,6.83236e-06,6.41951e-06,6.01324e-06,5.65335e-06,5.33254e-06,5.0178e-06,4.7129e-06,4.44182e-06,4.19933e-06,3.96407e-06,3.73778e-06,3.53533e-06,3.35322e-06,3.16632e-06,3.00873e-06,2.84775e-06,2.70284e-06,2.56441e-06,2.43268e-06,2.30769e-06,2.19477e-06,2.08739e-06,1.9855e-06,1.889e-06,1.79775e-06,1.71154e-06,1.63018e-06,1.55345e-06,1.47864e-06,1.41068e-06,1.34458e-06,1.28253e-06,1.22425e-06,1.16793e-06,1.11517e-06,1.0644e-06,1.02391e-06,9.74484e-07,9.28638e-07,3.26945e-06,3.10961e-06,2.95913e-06,2.81747e-06,2.68189e-06,2.55462e-06,2.43324e-06,2.31776e-06,2.20811e-06,2.10416e-06,2.00573e-06,1.91264e-06,1.82359e-06,1.73959e-06,1.65952e-06,1.58254e-06,1.51023e-06,1.44096e-06,1.37539e-06
6.98e-08,18.5232,16.8463,14.8769,13.273,11.1947,10.2469,8.52797,7.15575,1.61293,0.757187,0.281374,0.0729156,0.0448208,0.0262086,0.0163562,0.00995966,0.00691073,0.00467429,0.00331343,0.0023492,0.00172906,0.00131324,0.000977469,0.000783247,0.000615579,0.000495175,0.000406293,0.000329524,0.000280826,0.000232851,0.000196347,0.000167977,0.000141591,0.000121193,0.000107541,9.21967e-05,8.16773e-05,7.16889e-05,6.35695e-05,5.68749e-05,5.12852e-05,4.5952e-05,4.14999e-05,3.73124e-05,3.38058e-05,3.08366e-05,2.80369e-05,2.56572e-05,2.36143e-05,2.16812e-05,2.00152e-05,1.8445e-05,1.69802e-05,1.58059e-05,1.46125e-05,1.35753e-05,1.26668e-05,1.18455e-05,1.10415e-05,1.03342e-05,9.63421e-06,9.01875e-06,8.47379e-06,7.9375e-06,7.46246e-06,7.03898e-06,6.62352e-06,6.22104e-06,5.86321e-06,5.54314e-06,5.23259e-06,4.93388e-06,4.66666e-06,4.42626e-06,4.17956e-06,3.97153e-06,3.75903e-06,3.56775e-06,3.38503e-06,3.21114e-06,3.04616e-06,2.8971e-06,2.75536e-06,2.62087e-06,2.49349e-06,2.37303e-06,2.25924e-06,2.15185e-06,2.05055e-06,1.95181e-06,1.8621e-06,1.77485e-06,1.69294e-06,1.61601e-06,1.54168e-06,1.47202e-06,1.40501e-06,1.35156e-06,1.28632e-06,1.22581e-06,4.31569e-06,4.10473e-06,3.90606e-06,3.71906e-06,3.5401e-06,3.37213e-06,3.2119e-06,3.05946e-06,2.91474e-06,2.7775e-06,2.64759e-06,2.52469e-06,2.40715e-06,2.29629e-06,2.19059e-06,2.08896e-06,1.99351e-06,1.90207e-06,1.81553e-06
9.22e-08,18.8589,16.8942,14.9205,13.3234,11.2796,10.3692,8.78455,7.60048,2.40936,1.07014,0.381857,0.0970397,0.0594675,0.0346996,0.0216305,0.0131615,0.00912923,0.00617327,0.00437533,0.00310174,0.0022828,0.00173373,0.0012904,0.00103398,0.000812624,0.000653668,0.000536333,0.000434989,0.000370703,0.000307372,0.000259185,0.000221735,0.000186904,0.000159978,0.000141956,0.000121701,0.000107815,9.46307e-05,8.39128e-05,7.50757e-05,6.76971e-05,6.06572e-05,5.47803e-05,4.92526e-05,4.46242e-05,4.07045e-05,3.70088e-05,3.38678e-05,3.11709e-05,2.86193e-05,2.64202e-05,2.43476e-05,2.24139e-05,2.08639e-05,1.92886e-05,1.79195e-05,1.67203e-05,1.56361e-05,1.45749e-05,1.36411e-05,1.27172e-05,1.19048e-05,1.11854e-05,1.04775e-05,9.85048e-06,9.29148e-06,8.74305e-06,8.21179e-06,7.73946e-06,7.31696e-06,6.90703e-06,6.51274e-06,6.16e-06,5.84268e-06,5.51703e-06,5.24244e-06,4.96194e-06,4.70944e-06,4.46825e-06,4.23871e-06,4.02094e-06,3.82419e-06,3.63709e-06,3.45955e-06,3.29141e-06,3.13241e-06,2.9822e-06,2.84044e-06,2.70674e-06,2.5764e-06,2.45798e-06,2.34281e-06,2.23469e-06,2.13313e-06,2.03502e-06,1.94307e-06,1.85461e-06,1.78407e-06,1.69795e-06,1.61807e-06,5.69674e-06,5.41828e-06,5.15603e-06,4.90922e-06,4.67297e-06,4.45121e-06,4.23973e-06,4.03852e-06,3.84747e-06,3.66635e-06,3.49484e-06,3.33262e-06,3.17746e-06,3.0311e-06,2.8916e-06,2.75745e-06,2.63145e-06,2.51076e-06,2.3965e-06
1.22e-07,19.1603,16.94,14.9625,13.3719,11.3611,10.4855,9.01933,7.9868,3.61644,1.56222,0.523997,0.129509,0.0790364,0.0459871,0.0286231,0.0173992,0.0120629,0.00815433,0.00577823,0.00409571,0.00301405,0.00228898,0.00170357,0.00136501,0.00107276,0.000862906,0.000708007,0.000574217,0.000489351,0.000405747,0.000342136,0.000292699,0.000246719,0.000211175,0.000187387,0.000160648,0.000142318,0.000124914,0.000110766,9.9101e-05,8.93614e-05,8.00683e-05,7.2311e-05,6.5014e-05,5.89044e-05,5.37304e-05,4.88522e-05,4.47056e-05,4.11461e-05,3.77778e-05,3.48749e-05,3.21391e-05,2.95865e-05,2.75406e-05,2.5461e-05,2.3654e-05,2.20708e-05,2.06398e-05,1.92388e-05,1.80063e-05,1.67869e-05,1.57144e-05,1.47648e-05,1.38304e-05,1.30027e-05,1.22648e-05,1.15409e-05,1.08396e-05,1.02161e-05,9.65843e-06,9.11732e-06,8.59686e-06,8.13124e-06,7.71237e-06,7.2825e-06,6.92004e-06,6.54978e-06,6.21649e-06,5.89811e-06,5.59512e-06,5.30766e-06,5.04795e-06,4.80097e-06,4.56663e-06,4.34468e-06,4.13479e-06,3.93652e-06,3.7494e-06,3.57291e-06,3.40086e-06,3.24454e-06,3.09252e-06,2.9498e-06,2.81574e-06,2.68623e-06,2.56486e-06,2.4481e-06,2.35498e-06,2.2413e-06,2.13586e-06,7.51978e-06,7.15221e-06,6.80605e-06,6.48022e-06,6.1684e-06,5.87568e-06,5.59649e-06,5.3309e-06,5.0787e-06,4.83962e-06,4.61323e-06,4.39911e-06,4.19428e-06,4.00111e-06,3.81693e-06,3.63988e-06,3.47356e-06,3.31423e-06,3.16342e-06
1.61e-07,19.4325,16.984,15.0029,13.4188,11.4395,10.5965,9.23604,8.32869,4.94185,2.39487,0.731293,0.173515,0.10529,0.0610273,0.0379068,0.0230123,0.0159447,0.0107736,0.00763215,0.0054088,0.00397989,0.00302222,0.00224915,0.0018021,0.00141622,0.00113916,0.000934649,0.000758019,0.000645984,0.000535615,0.000451641,0.000386378,0.000325681,0.00027876,0.000247357,0.000212061,0.000187865,0.000164891,0.000146214,0.000130816,0.000117959,0.000105692,9.54517e-05,8.58199e-05,7.77548e-05,7.0925e-05,6.44858e-05,5.90121e-05,5.43132e-05,4.98671e-05,4.60355e-05,4.24237e-05,3.90546e-05,3.6354e-05,3.36088e-05,3.12235e-05,2.91339e-05,2.72446e-05,2.53956e-05,2.37687e-05,2.21588e-05,2.07432e-05,1.94897e-05,1.82563e-05,1.71636e-05,1.61896e-05,1.5234e-05,1.43083e-05,1.34854e-05,1.27492e-05,1.20349e-05,1.1348e-05,1.07333e-05,1.01804e-05,9.61295e-06,9.13447e-06,8.64575e-06,8.20581e-06,7.78556e-06,7.38561e-06,7.00616e-06,6.66333e-06,6.33731e-06,6.02798e-06,5.73501e-06,5.45795e-06,5.19623e-06,4.94923e-06,4.71626e-06,4.48915e-06,4.28281e-06,4.08215e-06,3.89375e-06,3.7168e-06,3.54585e-06,3.38564e-06,3.2315e-06,3.10858e-06,2.95853e-06,2.81935e-06,9.92628e-06,9.44104e-06,8.98411e-06,8.55402e-06,8.14241e-06,7.75601e-06,7.3875e-06,7.03688e-06,6.704e-06,6.38839e-06,6.08957e-06,5.8069e-06,5.53655e-06,5.28154e-06,5.03842e-06,4.80469e-06,4.58516e-06,4.37486e-06,4.17577e-06
2.12e-07,19.6797,17.0262,15.0418,13.4641,11.5151,10.7028,9.43763,8.63591,6.01708,3.78451,1.04939,0.233739,0.140711,0.0811312,0.0502561,0.0304557,0.0210848,0.0142382,0.0100829,0.00714388,0.00525577,0.00399068,0.00296963,0.00237926,0.00186972,0.00150389,0.00123388,0.00100068,0.000852769,0.000707058,0.0005962,0.000510045,0.000429918,0.000367978,0.000326523,0.00027993,0.000247988,0.000217661,0.000193008,0.00017268,0.000155709,0.000139516,0.000125999,0.000113284,0.000102638,9.36224e-05,8.51222e-05,7.78969e-05,7.16944e-05,6.58253e-05,6.07674e-05,5.6e-05,5.15526e-05,4.79875e-05,4.4364e-05,4.12151e-05,3.8457e-05,3.59632e-05,3.35223e-05,3.13747e-05,2.92497e-05,2.73812e-05,2.57266e-05,2.40985e-05,2.26562e-05,2.13705e-05,2.01091e-05,1.88872e-05,1.78007e-05,1.6829e-05,1.58861e-05,1.49793e-05,1.4168e-05,1.34381e-05,1.26892e-05,1.20576e-05,1.14124e-05,1.08317e-05,1.0277e-05,9.74904e-06,9.24819e-06,8.79564e-06,8.36531e-06,7.95698e-06,7.57025e-06,7.20451e-06,6.85903e-06,6.53302e-06,6.22547e-06,5.9257e-06,5.65334e-06,5.38844e-06,5.13975e-06,4.90619e-06,4.68053e-06,4.46906e-06,4.26559e-06,4.10333e-06,3.90527e-06,3.72155e-06,1.31029e-05,1.24624e-05,1.18592e-05,1.12915e-05,1.07482e-05,1.02381e-05,9.75165e-06,9.28884e-06,8.84939e-06,8.43279e-06,8.03835e-06,7.66522e-06,7.30835e-06,6.97173e-06,6.65081e-06,6.34229e-06,6.05249e-06,5.7749e-06,5.5121e-06
2.8e-07,19.9054,17.0668,15.0794,13.5079,11.5882,10.8049,9.6264,8.91545,6.84915,5.33959,1.58306,0.31732,0.18888,0.10812,0.0667251,0.0403412,0.0278982,0.0188243,0.0133244,0.00943737,0.00694167,0.00527004,0.00392123,0.00314147,0.00246856,0.00198548,0.00162895,0.00132105,0.00112577,0.000933399,0.000787044,0.000673308,0.000567524,0.000485755,0.00043103,0.000369522,0.000327357,0.000287322,0.000254778,0.000227944,0.000205541,0.000184165,0.000166322,0.000149538,0.000135485,0.000123584,0.000112363,0.000102826,9.46379e-05,8.68908e-05,8.02139e-05,7.39208e-05,6.80503e-05,6.33442e-05,5.85613e-05,5.44046e-05,5.07636e-05,4.74719e-05,4.425e-05,4.14151e-05,3.86099e-05,3.61434e-05,3.39594e-05,3.18102e-05,2.99064e-05,2.82092e-05,2.65442e-05,2.49312e-05,2.34973e-05,2.22145e-05,2.097e-05,1.97728e-05,1.8702e-05,1.77385e-05,1.67498e-05,1.59161e-05,1.50645e-05,1.42979e-05,1.35657e-05,1.28688e-05,1.22076e-05,1.16103e-05,1.10422e-05,1.05032e-05,9.99279e-06,9.50999e-06,9.054e-06,8.62362e-06,8.21769e-06,7.82199e-06,7.46246e-06,7.11281e-06,6.78454e-06,6.4762e-06,6.17832e-06,5.89919e-06,5.6306e-06,5.41644e-06,5.155e-06,4.91245e-06,1.72962e-05,1.64507e-05,1.56545e-05,1.49051e-05,1.41879e-05,1.35146e-05,1.28724e-05,1.22615e-05,1.16815e-05,1.11315e-05,1.06108e-05,1.01183e-05,9.64722e-06,9.20288e-06,8.77925e-06,8.372e-06,7.98945e-06,7.62301e-06,7.27612e-06
3.69e-07,20.1123,17.1057,15.1157,13.5503,11.6589,10.9032,9.80421,9.1725,7.51874,6.53113,2.66697,0.43577,0.255124,0.144567,0.0887658,0.053497,0.036942,0.0249006,0.0176142,0.0124705,0.00917008,0.00696058,0.00517834,0.00414825,0.00325945,0.00262146,0.00215065,0.00174409,0.00148623,0.00123224,0.00103901,0.000888846,0.000749195,0.000641241,0.000568999,0.000487799,0.000432134,0.000379284,0.000336322,0.000300899,0.000271324,0.000243107,0.000219552,0.000197396,0.000178845,0.000163135,0.000148323,0.000135733,0.000124925,0.000114699,0.000105885,9.75778e-05,8.98282e-05,8.36162e-05,7.73024e-05,7.18156e-05,6.70093e-05,6.26641e-05,5.84109e-05,5.46689e-05,5.0966e-05,4.77101e-05,4.48271e-05,4.19901e-05,3.9477e-05,3.72368e-05,3.50388e-05,3.29098e-05,3.10168e-05,2.93236e-05,2.76806e-05,2.61005e-05,2.46868e-05,2.34152e-05,2.21101e-05,2.10096e-05,1.98855e-05,1.88735e-05,1.79069e-05,1.6987e-05,1.61143e-05,1.53258e-05,1.4576e-05,1.38645e-05,1.31906e-05,1.25533e-05,1.19514e-05,1.13833e-05,1.08475e-05,1.03251e-05,9.85051e-06,9.38897e-06,8.95569e-06,8.54869e-06,8.15551e-06,7.787e-06,7.4325e-06,7.14977e-06,6.80465e-06,6.48453e-06,2.28318e-05,2.17157e-05,2.06647e-05,1.96754e-05,1.87286e-05,1.78398e-05,1.69922e-05,1.61858e-05,1.542e-05,1.46941e-05,1.40067e-05,1.33566e-05,1.27347e-05,1.21482e-05,1.1589e-05,1.10514e-05,1.05464e-05,1.00627e-05,9.60477e-06
4.88e-07,20.3027,17.1432,15.1508,13.5915,11.7275,10.9981,9.97254,9.41094,8.07993,7.42931,5.18017,0.609245,0.347727,0.194194,0.118402,0.071052,0.0489684,0.0329608,0.0232964,0.0164837,0.0121169,0.00919516,0.00683942,0.00547829,0.00430411,0.0034614,0.00283959,0.00230268,0.00196218,0.00162682,0.00137168,0.00117342,0.000989038,0.000846519,0.000751139,0.000643942,0.000570457,0.000500686,0.000443967,0.000397206,0.000358165,0.000320915,0.000289821,0.000260573,0.000236084,0.000215345,0.000195793,0.000179173,0.000164906,0.000151406,0.000139772,0.000128806,0.000118576,0.000110376,0.000102041,9.47986e-05,8.84541e-05,8.27181e-05,7.7104e-05,7.21642e-05,6.72765e-05,6.29784e-05,5.91728e-05,5.54279e-05,5.21105e-05,4.91533e-05,4.62521e-05,4.34416e-05,4.09427e-05,3.87076e-05,3.6539e-05,3.44532e-05,3.25871e-05,3.09083e-05,2.91856e-05,2.7733e-05,2.62492e-05,2.49134e-05,2.36374e-05,2.24232e-05,2.12711e-05,2.02303e-05,1.92404e-05,1.83013e-05,1.74118e-05,1.65706e-05,1.57761e-05,1.50261e-05,1.43188e-05,1.36293e-05,1.30029e-05,1.23936e-05,1.18216e-05,1.12844e-05,1.07654e-05,1.0279e-05,9.81098e-06,9.43779e-06,8.98225e-06,8.55967e-06,3.01391e-05,2.86659e-05,2.72784e-05,2.59725e-05,2.47227e-05,2.35495e-05,2.24305e-05,2.1366e-05,2.03552e-05,1.93969e-05,1.84896e-05,1.76314e-05,1.68105e-05,1.60362e-05,1.5298e-05,1.45884e-05,1.39218e-05,1.32833e-05,1.26788e-05
6.44e-07,20.4785,17.1793,15.1847,13.6314,11.7942,11.0899,10.1326,9.63381,8.56539,8.14929,7.24788,0.878202,0.48044,0.262571,0.158515,0.0945646,0.0650005,0.0436703,0.0308311,0.0217985,0.016016,0.0121501,0.00903502,0.00723589,0.00568427,0.00457092,0.00374953,0.0030404,0.00259072,0.00214785,0.00181094,0.00154916,0.00130571,0.00111754,0.000991616,0.000850083,0.000753068,0.000660956,0.000586082,0.000524351,0.000472807,0.000423634,0.000382585,0.000343975,0.000311646,0.000284269,0.000258458,0.000236519,0.000217685,0.000199864,0.000184505,0.00017003,0.000156525,0.000145701,0.000134699,0.000125138,0.000116763,0.000109191,0.00010178,9.52594e-05,8.88071e-05,8.31336e-05,7.81099e-05,7.31665e-05,6.87874e-05,6.48838e-05,6.1054e-05,5.73439e-05,5.40455e-05,5.10952e-05,4.82325e-05,4.54791e-05,4.30158e-05,4.07999e-05,3.85258e-05,3.66082e-05,3.46494e-05,3.28862e-05,3.1202e-05,2.95991e-05,2.80784e-05,2.67044e-05,2.53978e-05,2.41581e-05,2.2984e-05,2.18736e-05,2.08247e-05,1.98348e-05,1.89011e-05,1.7991e-05,1.7164e-05,1.63598e-05,1.56048e-05,1.48956e-05,1.42105e-05,1.35684e-05,1.29507e-05,1.24581e-05,1.18567e-05,1.12989e-05,3.97858e-05,3.7841e-05,3.60094e-05,3.42855e-05,3.26356e-05,3.1087e-05,2.961e-05,2.82046e-05,2.68703e-05,2.56053e-05,2.44076e-05,2.32746e-05,2.21911e-05,2.11688e-05,2.01945e-05,1.92577e-05,1.83777e-05,1.75349e-05,1.67368e-05
8.5e-07,20.6415,17.2141,15.2176,13.6702,11.8591,11.179,10.2855,9.84347,8.99539,8.75527,8.49655,1.34678,0.6785,0.35842,0.213309,0.126215,0.0864437,0.0579303,0.0408377,0.0288441,0.021179,0.01606,0.0119385,0.00955927,0.00750817,0.00603688,0.00495162,0.00401483,0.00342085,0.00283593,0.00239101,0.00204531,0.00172385,0.00147539,0.00130912,0.00112226,0.000994169,0.000872555,0.000773704,0.000692203,0.000624158,0.00055924,0.000505049,0.000454075,0.000411399,0.000375257,0.000341183,0.000312221,0.000287359,0.000263831,0.000243558,0.000224449,0.000206622,0.000192333,0.000177809,0.000165188,0.000154132,0.000144137,0.000134354,0.000125746,0.000117229,0.00010974,0.000103108,9.65826e-05,9.08019e-05,8.56489e-05,8.05935e-05,7.5696e-05,7.1342e-05,6.74473e-05,6.36685e-05,6.00338e-05,5.67822e-05,5.38571e-05,5.08552e-05,4.8324e-05,4.57384e-05,4.34108e-05,4.11875e-05,3.90717e-05,3.70643e-05,3.52506e-05,3.35259e-05,3.18894e-05,3.03395e-05,2.88738e-05,2.74892e-05,2.61825e-05,2.495e-05,2.37486e-05,2.2657e-05,2.15954e-05,2.05987e-05,1.96626e-05,1.87582e-05,1.79107e-05,1.70953e-05,1.6445e-05,1.56512e-05,1.49148e-05,5.25211e-05,4.99536e-05,4.75359e-05,4.526e-05,4.30822e-05,4.10377e-05,3.90877e-05,3.72327e-05,3.54713e-05,3.38014e-05,3.22201e-05,3.07246e-05,2.9294e-05,2.79448e-05,2.66584e-05,2.54217e-05,2.42601e-05,2.31474e-05,2.20941e-05
1.12e-06,20.793,17.2476,15.2495,13.708,11.9224,11.2656,10.432,10.0418,9.38322,9.28298,9.40422,2.55708,0.997255,0.496395,0.289152,0.16912,0.115255,0.0769741,0.0541534,0.0381973,0.0280226,0.0212376,0.0157802,0.0126322,0.00991954,0.00797439,0.00654005,0.0053022,0.00451747,0.00374479,0.00315713,0.00270056,0.00227602,0.00194792,0.00172837,0.00148163,0.0013125,0.00115194,0.00102142,0.000913817,0.000823982,0.000738272,0.000666728,0.000599433,0.000543091,0.000495379,0.000450395,0.000412161,0.000379338,0.000348282,0.000321516,0.000296289,0.000272758,0.000253893,0.00023472,0.000218059,0.000203464,0.000190271,0.000177355,0.000165992,0.000154749,0.000144862,0.000136108,0.000127494,0.000119863,0.000113061,0.000106387,9.99225e-05,9.41747e-05,8.90335e-05,8.40452e-05,7.92474e-05,7.4955e-05,7.10936e-05,6.7131e-05,6.37897e-05,6.03765e-05,5.7304e-05,5.43692e-05,5.15761e-05,4.89263e-05,4.65321e-05,4.42554e-05,4.20952e-05,4.00493e-05,3.81145e-05,3.62868e-05,3.45618e-05,3.29349e-05,3.1349e-05,2.9908e-05,2.85067e-05,2.7191e-05,2.59553e-05,2.47615e-05,2.36427e-05,2.25663e-05,2.17079e-05,2.06601e-05,1.96881e-05,6.93343e-05,6.59449e-05,6.27532e-05,5.9749e-05,5.68737e-05,5.41747e-05,5.16005e-05,4.91515e-05,4.68262e-05,4.46216e-05,4.25344e-05,4.05601e-05,3.86715e-05,3.68904e-05,3.51922e-05,3.35597e-05,3.20262e-05,3.05573e-05,2.91667e-05
1.48e-06,20.9342,17.28,15.2803,13.7448,11.9841,11.3498,10.5729,10.2303,9.73798,9.75388,10.1283,8.81129,1.60717,0.703903,0.396211,0.227857,0.154209,0.102508,0.071921,0.0506372,0.0371066,0.028101,0.0208674,0.0166988,0.013109,0.0105362,0.00863973,0.0070035,0.00596645,0.00494552,0.00416916,0.00356605,0.00300531,0.00257198,0.00228204,0.0019562,0.00173287,0.00152085,0.00134851,0.00120644,0.00108782,0.000974655,0.000880194,0.000791348,0.000716963,0.00065397,0.000594583,0.000544104,0.000500773,0.000459771,0.000424437,0.000391134,0.000360066,0.000335164,0.000309854,0.000287858,0.00026859,0.000251173,0.000234124,0.000219124,0.000204281,0.00019123,0.000179673,0.000168301,0.000158228,0.000149248,0.000140439,0.000131904,0.000124317,0.00011753,0.000110946,0.000104611,9.89453e-05,9.38481e-05,8.8617e-05,8.42062e-05,7.97006e-05,7.56448e-05,7.17705e-05,6.80835e-05,6.45855e-05,6.14251e-05,5.84196e-05,5.5568e-05,5.28673e-05,5.03131e-05,4.79005e-05,4.56235e-05,4.34758e-05,4.13822e-05,3.94801e-05,3.76303e-05,3.58936e-05,3.42624e-05,3.26864e-05,3.12096e-05,2.97887e-05,2.86556e-05,2.72723e-05,2.59893e-05,9.15333e-05,8.70584e-05,8.28449e-05,7.88785e-05,7.50828e-05,7.15195e-05,6.81211e-05,6.48881e-05,6.18182e-05,5.89078e-05,5.61524e-05,5.35457e-05,5.10528e-05,4.87012e-05,4.64593e-05,4.43041e-05,4.22797e-05,4.03404e-05,3.85047e-05
1.95e-06,21.0661,17.3112,15.3103,13.7806,12.0445,11.432,10.7087,10.4103,10.0662,10.1816,10.7355,10.0886,8.28077,1.04314,0.552034,0.309413,0.207337,0.136929,0.0957151,0.067224,0.0491858,0.0372113,0.0276106,0.0220847,0.0173303,0.0139251,0.0114163,0.00925261,0.00788157,0.0065322,0.00550629,0.00470943,0.00396866,0.00339626,0.00301329,0.00258294,0.002288,0.002008,0.00178043,0.00159282,0.00143619,0.00128677,0.00116205,0.00104474,0.000946524,0.000863357,0.000784951,0.000718304,0.000661096,0.000606964,0.000560314,0.000516348,0.000475333,0.000442457,0.000409041,0.000380004,0.000354569,0.000331574,0.000309066,0.000289264,0.000269671,0.00025244,0.000237184,0.000222173,0.000208874,0.00019702,0.00018539,0.000174125,0.000164108,0.000155149,0.000146456,0.000138094,0.000130615,0.000123886,0.00011698,0.000111158,0.00010521,9.98563e-05,9.47416e-05,8.9875e-05,8.52569e-05,8.10853e-05,7.71172e-05,7.33534e-05,6.97879e-05,6.64164e-05,6.32317e-05,6.02256e-05,5.73908e-05,5.46272e-05,5.21162e-05,4.96741e-05,4.73817e-05,4.52283e-05,4.3148e-05,4.11986e-05,3.93227e-05,3.78271e-05,3.60009e-05,3.43071e-05,0.000120843,0.000114936,0.000109373,0.000104136,9.9125e-05,9.44206e-05,8.9934e-05,8.56657e-05,8.16128e-05,7.77704e-05,7.41325e-05,7.06912e-05,6.73998e-05,6.42954e-05,6.13356e-05,5.84902e-05,5.58175e-05,5.32573e-05,5.08337e-05
2.58e-06,21.1897,17.3414,15.3394,13.8156,12.1036,11.5123,10.84,10.5827,10.3726,10.5755,11.2608,10.9169,9.93149,1.72546,0.791024,0.42509,0.280709,0.183683,0.12774,0.0894158,0.0652879,0.0493269,0.0365612,0.0292263,0.0229225,0.0184116,0.0150903,0.0122274,0.0104139,0.00862974,0.0072736,0.00622041,0.00524151,0.00448525,0.0039793,0.00341082,0.00302124,0.00265142,0.00235087,0.0021031,0.00189625,0.00169893,0.00153424,0.00137934,0.00124965,0.00113984,0.00103631,0.000948315,0.00087278,0.00080131,0.000739722,0.000681671,0.00062752,0.000584114,0.00054,0.000501663,0.000468082,0.000437725,0.000408012,0.000381868,0.000356,0.000333253,0.000313113,0.000293294,0.000275739,0.00026009,0.000244736,0.000229863,0.00021664,0.000204813,0.000193337,0.000182299,0.000172424,0.000163542,0.000154426,0.000146739,0.000138888,0.00013182,0.000125068,0.000118643,0.000112547,0.000107039,0.000101802,9.68328e-05,9.21264e-05,8.76754e-05,8.34709e-05,7.9503e-05,7.57605e-05,7.21123e-05,6.87976e-05,6.5574e-05,6.25475e-05,5.97051e-05,5.69589e-05,5.43853e-05,5.19091e-05,4.99346e-05,4.75242e-05,4.52881e-05,0.000159548,0.000151748,0.000144403,0.000137489,0.000130873,0.000124661,0.000118738,0.000113102,0.000107751,0.000102678,9.78751e-05,9.33317e-05,8.89861e-05,8.48872e-05,8.09795e-05,7.72228e-05,7.3694e-05,7.03138e-05,6.71139e-05
3.4e-06,21.3057,17.3706,15.3677,13.8498,12.1616,11.5908,10.9673,10.7484,10.6607,10.9419,11.7246,11.549,10.8409,8.96394,1.19843,0.594775,0.383925,0.247872,0.171143,0.119245,0.086824,0.065479,0.0484638,0.0387095,0.0303392,0.0243567,0.0199557,0.0161646,0.0137644,0.0114039,0.00961035,0.00821784,0.00692387,0.00592436,0.00525577,0.00450463,0.00398992,0.00350138,0.00310436,0.00277709,0.0025039,0.0022433,0.00202579,0.00182122,0.00164996,0.00150495,0.00136824,0.00125205,0.00115231,0.00105794,0.000976614,0.000899967,0.000828467,0.000771158,0.000712913,0.000662297,0.000617961,0.000577879,0.000538648,0.000504134,0.00046998,0.000439951,0.000413361,0.000387196,0.000364019,0.000343358,0.000323088,0.000303453,0.000285996,0.000270382,0.000255231,0.00024066,0.000227624,0.000215897,0.000203862,0.000193714,0.000183349,0.000174018,0.000165105,0.000156623,0.000148575,0.000141304,0.00013439,0.00012783,0.000121617,0.000115742,0.000110191,0.000104953,0.000100012,9.51961e-05,9.08202e-05,8.65645e-05,8.25693e-05,7.88167e-05,7.51915e-05,7.17942e-05,6.85253e-05,6.59188e-05,6.27367e-05,5.97851e-05,0.000210664,0.000200365,0.000190666,0.000181537,0.000172801,0.000164599,0.000156778,0.000149336,0.000142271,0.000135573,0.00012923,0.000123231,0.000117494,0.000112081,0.000106922,0.000101961,9.73022e-05,9.28391e-05,8.86139e-05
4.49e-06,21.4148,17.3988,15.3953,13.8831,12.2185,11.6678,11.0908,10.9082,10.9334,11.2856,12.1404,12.0663,11.504,10.2653,2.16055,0.858758,0.533324,0.337377,0.230539,0.159597,0.115758,0.0870848,0.0643311,0.0513271,0.040191,0.0322446,0.0264054,0.0213801,0.0182005,0.0150753,0.0127018,0.0108596,0.00914836,0.00782678,0.00694298,0.00595021,0.00526998,0.00462445,0.0040999,0.00366752,0.00330662,0.00296237,0.00267507,0.00240488,0.00217869,0.00198717,0.00180662,0.00165317,0.00152146,0.00139684,0.00128945,0.00118824,0.00109382,0.00101815,0.000941241,0.000874407,0.000815868,0.000762945,0.000711147,0.000665575,0.000620482,0.000580833,0.000545726,0.00051118,0.000480579,0.000453301,0.00042654,0.000400616,0.000377569,0.000356954,0.000336952,0.000317714,0.000300504,0.000285021,0.000269133,0.000255736,0.000242051,0.000229732,0.000217966,0.000206767,0.000196143,0.000186544,0.000177416,0.000168755,0.000160553,0.000152796,0.000145469,0.000138553,0.000132031,0.000125673,0.000119895,0.000114278,0.000109003,0.000104049,9.92632e-05,9.47784e-05,9.04632e-05,8.70221e-05,8.28213e-05,7.89244e-05,0.000278183,0.000264582,0.000251774,0.000239719,0.000228182,0.000217352,0.000207023,0.000197197,0.000187866,0.000179021,0.000170646,0.000162724,0.000155147,0.000148,0.000141187,0.000134637,0.000128484,0.000122591,0.000117012
5.93e-06,21.5177,17.4261,15.4221,13.9158,12.2743,11.7432,11.211,11.0626,11.1927,11.61,12.5174,12.507,12.0348,11.0677,9.37688,1.32335,0.760149,0.465141,0.312971,0.214676,0.154874,0.116118,0.0855539,0.0681595,0.0533047,0.0427277,0.0349674,0.0282968,0.0240799,0.0199382,0.0167945,0.0143558,0.0120913,0.010343,0.0091741,0.00786137,0.00696216,0.00610884,0.00541556,0.0048442,0.00436733,0.00391245,0.00353291,0.00317595,0.00287715,0.00262416,0.00238569,0.00218301,0.00200904,0.00184446,0.00170263,0.00156896,0.00144428,0.00134435,0.00124278,0.00115453,0.00107722,0.00100734,0.000938941,0.000878765,0.000819222,0.000766868,0.000720513,0.000674899,0.000634495,0.000598479,0.000563144,0.000528916,0.000498485,0.000471266,0.000444858,0.000419458,0.000396735,0.000376293,0.000355316,0.000337629,0.00031956,0.000303296,0.000287761,0.000272976,0.00025895,0.000246277,0.000234226,0.000222792,0.000211962,0.000201721,0.000192047,0.000182917,0.000174306,0.000165912,0.000158285,0.000150868,0.000143905,0.000137365,0.000131046,0.000125125,0.000119428,0.000114885,0.000109339,0.000104195,0.000367387,0.000349423,0.000332509,0.000316585,0.000301348,0.000287044,0.000273404,0.000260426,0.000248103,0.000236421,0.00022536,0.000214898,0.000204892,0.000195453,0.000186455,0.000177805,0.000169679,0.000161896,0.000154527
7.83e-06,21.6148,17.4526,15.4482,13.9478,12.3293,11.8174,11.3281,11.2121,11.4405,11.9178,12.8622,12.8921,12.4807,11.6698,10.4449,2.64041,1.13812,0.654531,0.429787,0.290826,0.208216,0.155378,0.114069,0.0906953,0.0708095,0.0566915,0.0463547,0.0374837,0.0318822,0.0263864,0.0222182,0.0189867,0.0159874,0.0136731,0.0121262,0.0103895,0.00920011,0.00807169,0.00715503,0.00639971,0.00576936,0.00516817,0.00466656,0.00419488,0.00380009,0.00346582,0.00315077,0.00288301,0.00265319,0.00243578,0.00224843,0.00207188,0.0019072,0.00177521,0.00164107,0.00152451,0.00142242,0.00133013,0.0012398,0.00116033,0.0010817,0.00101256,0.000951349,0.000891115,0.000837762,0.000790202,0.000743543,0.000698347,0.000658165,0.000622225,0.000587354,0.000553815,0.000523812,0.00049682,0.000469123,0.000445769,0.000421912,0.000400438,0.000379926,0.000360405,0.000341885,0.000325152,0.000309241,0.000294144,0.000279846,0.000266324,0.000253552,0.000241498,0.000230129,0.000219045,0.000208976,0.000199184,0.00018999,0.000181355,0.000173013,0.000165195,0.000157674,0.000151676,0.000144353,0.000137561,0.000485273,0.000461544,0.000439199,0.000418167,0.000398039,0.000379144,0.000361124,0.000343983,0.000327705,0.000312274,0.000297663,0.000283844,0.000270626,0.000258158,0.000246273,0.000234847,0.000224114,0.000213833,0.0002041
1.03e-05,21.7061,17.4783,15.4736,13.9791,12.3834,11.8902,11.4424,11.3572,11.6782,12.2112,13.1799,13.2351,12.867,12.1581,11.1601,9.31056,1.94679,0.955167,0.600872,0.39812,0.281865,0.208934,0.152622,0.121015,0.0942644,0.0753482,0.0615376,0.0497112,0.042255,0.0349494,0.0294146,0.0251272,0.0211508,0.0180842,0.0160353,0.0137359,0.0121617,0.0106686,0.00945597,0.00845695,0.00762336,0.0068285,0.00616535,0.00554184,0.00502,0.00457823,0.00416188,0.00380805,0.00350439,0.00321714,0.00296962,0.00273636,0.00251881,0.00234446,0.00216725,0.00201329,0.00187844,0.00175653,0.00163722,0.00153226,0.00142841,0.0013371,0.00125625,0.0011767,0.00110624,0.00104343,0.000981813,0.000922127,0.000869063,0.000821602,0.000775554,0.000731264,0.000691643,0.000656002,0.000619426,0.000588587,0.000557085,0.000528729,0.000501643,0.000475867,0.000451412,0.000429318,0.000408308,0.000388373,0.000369494,0.00035164,0.000334775,0.000318859,0.000303847,0.000289213,0.000275917,0.000262988,0.000250849,0.000239447,0.000228432,0.00021811,0.000208179,0.00020026,0.000190592,0.000181624,0.000641127,0.000609772,0.000580246,0.000552458,0.000525863,0.000500899,0.00047709,0.000454441,0.000432934,0.000412547,0.000393243,0.000374986,0.000357521,0.000341049,0.000325348,0.000310252,0.000296071,0.000282489,0.000269631
1.36e-05,21.7926,17.5031,15.4984,14.0098,12.4367,11.962,11.554,11.4983,11.9069,12.4916,13.4744,13.5446,13.2086,12.5715,11.7114,10.3163,8.44429,1.50887,0.866162,0.553799,0.385424,0.282918,0.205202,0.162084,0.125856,0.100379,0.08185,0.0660304,0.0560775,0.0463437,0.0389798,0.0332819,0.0280021,0.0239336,0.0212169,0.0181696,0.0160842,0.014107,0.0125017,0.0111795,0.0100766,0.00902501,0.00814782,0.00732325,0.0066332,0.00604915,0.0054987,0.005031,0.00462963,0.00424995,0.00392284,0.00361459,0.00332711,0.00309673,0.00286259,0.00265918,0.00248101,0.00231994,0.00216234,0.00202368,0.00188649,0.00176587,0.00165908,0.001554,0.00146094,0.00137797,0.00129658,0.00121775,0.00114766,0.00108498,0.00102416,0.000965667,0.00091334,0.000866269,0.000817964,0.000777236,0.000735634,0.000698186,0.000662416,0.000628376,0.000596081,0.000566904,0.000539159,0.000512834,0.000487903,0.000464326,0.000442055,0.000421037,0.000401213,0.000381889,0.000364332,0.000347258,0.000331229,0.000316173,0.000301628,0.000287998,0.000274884,0.000264427,0.000251661,0.000239819,0.000847271,0.000805831,0.000766807,0.000730076,0.000694928,0.000661932,0.000630468,0.000600533,0.00057211,0.000545165,0.000519653,0.000495524,0.000472445,0.000450678,0.000429926,0.000409975,0.000391236,0.000373287,0.000356295
1.8e-05,21.8747,17.5272,15.5226,14.0399,12.4893,12.0327,11.6633,11.6357,12.1276,12.7603,13.7489,13.827,13.5153,12.9312,12.1646,11.0033,9.74225,6.50157,1.32849,0.79111,0.535192,0.387025,0.277811,0.218242,0.168713,0.134152,0.109151,0.0878925,0.0745562,0.0615459,0.0517226,0.0441329,0.0371089,0.0317022,0.0280948,0.0240508,0.0212851,0.0186641,0.016537,0.0147856,0.013325,0.0119329,0.0107719,0.00968071,0.00876776,0.00799512,0.00726706,0.00664853,0.00611777,0.00561576,0.00518331,0.00477581,0.0043958,0.00409125,0.00378181,0.00351296,0.0032775,0.00306465,0.00285639,0.00267316,0.00249189,0.00233252,0.00219143,0.0020526,0.00192964,0.00182004,0.00171252,0.00160838,0.00151579,0.00143298,0.00135264,0.00127538,0.00120625,0.00114408,0.00108028,0.00102648,0.000971524,0.000922067,0.00087482,0.000829862,0.000787206,0.000748671,0.000712027,0.000677255,0.000644329,0.00061319,0.000583779,0.00055602,0.000529839,0.000504317,0.000481128,0.000458582,0.000437411,0.000417527,0.000398319,0.000380318,0.000363,0.000349189,0.000332331,0.000316692,0.00112012,0.00106533,0.00101373,0.00096516,0.000918685,0.00087506,0.000833457,0.000793877,0.000756299,0.000720674,0.000686946,0.000655044,0.000624532,0.000595752,0.000568317,0.000541943,0.000517169,0.00049344,0.000470977
2.38e-05,21.9525,17.5507,15.5463,14.0695,12.5412,12.1024,11.7703,11.7696,12.3411,13.0185,14.0058,14.0868,13.7939,13.2503,12.5511,11.5364,10.5307,8.95681,2.5284,1.18945,0.762158,0.537759,0.379927,0.296085,0.227443,0.18008,0.146077,0.11733,0.0993665,0.081902,0.0687507,0.0586103,0.0492416,0.0420403,0.0372405,0.0318647,0.0281911,0.0247118,0.0218897,0.0195672,0.017631,0.0157862,0.0142482,0.0128031,0.0115942,0.0105715,0.00960784,0.00878934,0.00808711,0.00742299,0.00685092,0.00631197,0.0058094,0.00540669,0.00499752,0.00464207,0.00433078,0.0040494,0.00377408,0.0035319,0.0032923,0.00308166,0.00289519,0.00271171,0.00254922,0.00240439,0.00226231,0.00212469,0.00200236,0.00189294,0.00178679,0.0016847,0.00159337,0.00151123,0.00142694,0.00135586,0.00128327,0.00121792,0.00115551,0.00109611,0.00103977,0.000988863,0.000940451,0.000894528,0.000851029,0.000809896,0.000771046,0.000734374,0.000699792,0.000666084,0.000635456,0.000605672,0.00057771,0.000551449,0.000526076,0.000502299,0.000479425,0.000461182,0.000438917,0.000418262,0.00148157,0.00140908,0.00134081,0.00127656,0.00121508,0.00115736,0.00110233,0.00104997,0.00100026,0.000953135,0.000908519,0.00086632,0.000825961,0.000787893,0.000751604,0.000716718,0.000683951,0.000652565,0.000622854
3.14e-05,22.0265,17.5734,15.5694,14.0986,12.5926,12.1711,11.8752,11.9004,12.5481,13.2669,14.2472,14.3275,14.0495,13.5374,12.8892,11.976,11.1179,9.93578,8.33483,2.05842,1.13842,0.766646,0.527652,0.406191,0.309114,0.243243,0.196472,0.15725,0.132878,0.109296,0.0916021,0.0779972,0.0654565,0.0558358,0.0494325,0.0422692,0.0373793,0.032752,0.0290017,0.025917,0.0233468,0.020899,0.0188591,0.0169431,0.015341,0.0139858,0.0127093,0.0116253,0.0106954,0.00981621,0.00905898,0.00834568,0.00768062,0.00714779,0.00660647,0.00613624,0.0057245,0.00535233,0.00498822,0.00466795,0.00435112,0.00407262,0.00382606,0.0035835,0.00336866,0.00317719,0.00298939,0.00280748,0.00264578,0.00250116,0.00236086,0.00222593,0.00210524,0.00199667,0.00188527,0.00179135,0.00169542,0.00160906,0.00152659,0.0014481,0.00137365,0.00130638,0.00124242,0.00118173,0.00112427,0.00106992,0.00101858,0.000970139,0.000924449,0.000879908,0.000839443,0.000800094,0.000763153,0.000728458,0.000694935,0.000663527,0.000633307,0.000609209,0.000579793,0.000552505,0.00196098,0.00186499,0.0017746,0.00168954,0.00160814,0.00153174,0.00145888,0.00138957,0.00132376,0.00126138,0.00120232,0.00114646,0.00109304,0.00104266,0.000994623,0.00094845,0.00090508,0.00086354,0.000824216
4.14e-05,22.0968,17.5955,15.5919,14.1273,12.6433,12.2391,11.9782,12.0281,12.7491,13.5063,14.4749,14.5519,14.2855,13.7987,13.1902,12.3518,11.5918,10.6129,9.51706,7.60397,1.92242,1.14746,0.751598,0.566921,0.425188,0.331527,0.266122,0.211925,0.178519,0.14641,0.122444,0.104086,0.0872179,0.0743118,0.0657384,0.056163,0.0496359,0.0434663,0.038471,0.0343658,0.0309476,0.0276942,0.0249844,0.0224405,0.0203142,0.0185163,0.0168234,0.0153862,0.0141537,0.0129886,0.0119854,0.0110405,0.0101598,0.00945421,0.00873752,0.00811504,0.00757004,0.00707747,0.00659564,0.00617186,0.00575268,0.00538422,0.00505807,0.00473721,0.00445306,0.00419983,0.00395145,0.00371089,0.00349706,0.00330583,0.00312031,0.00294192,0.00278234,0.00263881,0.00249154,0.00236737,0.00224055,0.0021264,0.00201738,0.00191364,0.00181522,0.00172631,0.00164177,0.00156156,0.00148561,0.00141377,0.00134593,0.00128191,0.00122152,0.00116266,0.00110919,0.00105718,0.00100836,0.00096251,0.000918216,0.000876706,0.000836773,0.000804928,0.000766057,0.00073,0.0025978,0.00247057,0.00235079,0.00223806,0.00213019,0.00202894,0.00193239,0.00184056,0.00175336,0.00167071,0.00159246,0.00151846,0.00144768,0.00138093,0.0013173,0.00125613,0.00119868,0.00114365,0.00109156
5.47e-05,22.1639,17.6169,15.614,14.1554,12.6935,12.3062,12.0793,12.1532,12.9447,13.7372,14.6902,14.7621,14.505,14.0385,13.4617,12.681,11.9919,11.1427,10.2795,9.06105,7.07853,1.94999,1.12287,0.814571,0.595964,0.458001,0.364205,0.287892,0.24142,0.197182,0.164406,0.139436,0.116594,0.0991821,0.0876459,0.0747902,0.0660442,0.0577903,0.0511164,0.0456379,0.0410804,0.0367463,0.033139,0.0297547,0.0269278,0.0245385,0.0222899,0.0203817,0.0187458,0.0171999,0.0158691,0.0146161,0.0134484,0.0125131,0.0115633,0.0107385,0.0100165,0.00936405,0.00872591,0.00816472,0.00760969,0.00712188,0.00669012,0.00626541,0.00588933,0.00555419,0.0052255,0.00490717,0.00462425,0.00437123,0.00412581,0.00388981,0.00367871,0.00348886,0.00329406,0.00312983,0.00296209,0.00281114,0.00266695,0.00252976,0.00239961,0.00228204,0.00217025,0.0020642,0.00196376,0.00186879,0.00177909,0.00169443,0.0016146,0.00153678,0.00146608,0.00139733,0.00133279,0.00127218,0.00121362,0.00115875,0.00110596,0.00106387,0.00101248,0.000964819,0.00344551,0.00327667,0.0031177,0.00296811,0.00282498,0.00269064,0.00256254,0.0024407,0.00232502,0.00221538,0.00211158,0.00201341,0.00191952,0.00183098,0.00174658,0.00166545,0.00158925,0.00151627,0.00144719
7.22e-05,22.2278,17.6378,15.6356,14.1832,12.7433,12.3727,12.1786,12.2756,13.1354,13.9601,14.8944,14.9597,14.7101,14.2603,13.7093,12.9744,12.3397,11.5835,10.8663,9.9167,8.71788,6.87887,1.89449,1.23912,0.862962,0.646529,0.506367,0.395722,0.329613,0.267598,0.222149,0.187797,0.156571,0.132892,0.117262,0.099898,0.0881173,0.0770231,0.0680695,0.0607307,0.0546335,0.0488416,0.0440258,0.0395119,0.0357442,0.0325621,0.0295691,0.0270305,0.0248552,0.0228005,0.0210324,0.0193682,0.0178177,0.0165764,0.015316,0.0142217,0.0132641,0.0123988,0.0115527,0.0108087,0.0100731,0.00942664,0.00885455,0.00829188,0.00779369,0.00734978,0.00691444,0.00649289,0.00611824,0.00578325,0.00545831,0.00514588,0.00486644,0.00461514,0.0043573,0.00413994,0.00391796,0.00371819,0.00352739,0.00334585,0.00317365,0.00301809,0.00287018,0.00272987,0.002597,0.00247136,0.00235269,0.0022407,0.0021351,0.00203217,0.00193865,0.00184772,0.00176236,0.00168218,0.00160474,0.00153217,0.00146235,0.00140668,0.00133872,0.00127569,0.00457712,0.00435264,0.0041413,0.00394244,0.00375219,0.00357363,0.00340339,0.00324146,0.00308774,0.00294204,0.00280411,0.00267368,0.00254895,0.00243131,0.00231919,0.00221141,0.00211019,0.00201325,0.00192149
9.53e-05,22.2887,17.6581,15.6568,14.2105,12.7926,12.4384,12.2763,12.3956,13.3214,14.1756,15.0886,15.1464,14.9027,14.4666,13.9369,13.2394,12.6484,11.965,11.3584,10.5725,9.61536,8.50062,6.48767,2.23652,1.33503,0.948637,0.72258,0.554016,0.456569,0.367273,0.302931,0.254874,0.211598,0.17903,0.157647,0.133995,0.118011,0.103002,0.0909207,0.0810393,0.0728439,0.0650708,0.0586167,0.0525744,0.0475366,0.0432855,0.0392905,0.0359044,0.0330048,0.0302674,0.0279131,0.0256982,0.0236356,0.0219849,0.0203094,0.0188553,0.017583,0.0164336,0.0153102,0.0143226,0.0133463,0.0124885,0.0117295,0.0109831,0.0103224,0.00973375,0.00915653,0.0085977,0.00810109,0.00765708,0.00722647,0.00681246,0.00644222,0.00610927,0.00576769,0.00547977,0.00518574,0.00492115,0.00466846,0.00442805,0.00420001,0.00399403,0.00379819,0.00361242,0.0034365,0.00327017,0.00311308,0.00296484,0.00282505,0.0026888,0.00256502,0.00244467,0.00233169,0.00222558,0.00212309,0.00202704,0.00193465,0.00186098,0.00177105,0.00168764,0.00609349,0.0057943,0.00551267,0.00524769,0.00499419,0.0047563,0.00452952,0.00431382,0.00410908,0.00391503,0.00373135,0.00355766,0.00339157,0.00323495,0.00308567,0.00294219,0.00280744,0.00267839,0.00255625
0.000126,22.347,17.6779,15.6776,14.2374,12.8414,12.5035,12.3724,12.5133,13.5032,14.3838,15.2737,15.3232,15.0842,14.6595,14.1476,13.4813,12.9267,12.3047,11.7976,11.1499,10.2965,9.38068,8.18486,6.85445,2.62211,1.51598,1.08309,0.800424,0.64736,0.512942,0.418814,0.349836,0.288616,0.24307,0.2134,0.180793,0.158877,0.138386,0.121954,0.108553,0.0974652,0.0869717,0.0782754,0.0701477,0.0633811,0.0576786,0.0523253,0.0477926,0.0439146,0.0402562,0.0371121,0.0341561,0.0314049,0.0292043,0.0269717,0.025035,0.0233412,0.0218113,0.0203167,0.0190032,0.017705,0.0165648,0.0155561,0.0145645,0.0136868,0.012905,0.0121386,0.0113967,0.0107375,0.0101482,0.00957678,0.00902747,0.00853629,0.00809464,0.0076416,0.00725976,0.00686986,0.00651902,0.006184,0.00586529,0.005563,0.00528998,0.00503042,0.0047842,0.00455108,0.00433066,0.0041225,0.00392609,0.00374087,0.00356036,0.00339638,0.00323694,0.00308727,0.00294672,0.00281096,0.00268375,0.00256137,0.0024638,0.0023447,0.00223424,0.00813608,0.00773598,0.00735942,0.00700517,0.00666633,0.00634838,0.0060453,0.00575709,0.00548354,0.00522431,0.00497895,0.00474695,0.00452514,0.00431598,0.00411664,0.00392506,0.00374515,0.00357287,0.00340982
0.000166,22.4027,17.6972,15.6979,14.264,12.8899,12.568,12.4669,12.6287,13.6811,14.5852,15.4505,15.4912,15.2559,14.8406,14.3438,13.7041,13.181,12.6145,12.2135,11.7419,10.9079,10.0358,9.06234,8.20718,6.94925,4.03643,1.84312,1.23154,0.957851,0.737769,0.591916,0.488636,0.399169,0.333822,0.291772,0.246005,0.215497,0.187153,0.164542,0.146182,0.131044,0.116761,0.104955,0.0939477,0.0848026,0.0771089,0.0698977,0.0638003,0.0585898,0.0536796,0.0494637,0.0455035,0.0418208,0.0388771,0.0358927,0.0333053,0.0310436,0.0290016,0.0270078,0.0252564,0.0235261,0.0220069,0.0206634,0.019343,0.0181747,0.0171343,0.0161146,0.0151277,0.0142511,0.0134677,0.0127081,0.011978,0.0113253,0.0107385,0.0101367,0.00962948,0.00911166,0.00864578,0.00820096,0.00777784,0.00737657,0.00701418,0.00666969,0.00634295,0.0060336,0.00574114,0.00546497,0.0052044,0.0049587,0.00471926,0.00450176,0.00429029,0.0040918,0.00390541,0.00372538,0.00355669,0.00339443,0.00326506,0.00310715,0.0029607,0.0109073,0.0103698,0.00986399,0.00938825,0.0089333,0.00850647,0.00809967,0.00771289,0.00734584,0.00699805,0.00666892,0.00635776,0.00606028,0.00577982,0.00551255,0.00525571,0.00501455,0.00478363,0.0045651
0.000219,22.456,17.7159,15.7179,14.2904,12.9381,12.6319,12.5601,12.7422,13.8553,14.78,15.6197,15.6512,15.4187,15.0114,14.5274,13.9108,13.4157,12.9032,12.6354,12.5645,11.5953,10.5985,9.69547,8.99558,8.12346,7.12458,5.70118,2.33079,1.56502,1.12401,0.87036,0.702927,0.564501,0.466693,0.405041,0.338989,0.295527,0.255535,0.223891,0.198358,0.177413,0.157738,0.14154,0.126487,0.114018,0.103554,0.0937677,0.085509,0.0784632,0.0718334,0.0661487,0.0608152,0.0558612,0.0519051,0.0478979,0.0444267,0.0413948,0.0386585,0.0359891,0.0336457,0.0313316,0.0293009,0.027506,0.0257426,0.024183,0.0227946,0.0214342,0.0201181,0.0189494,0.0179052,0.016893,0.0159204,0.0150512,0.0142698,0.0134686,0.0127935,0.0121044,0.0114845,0.0108927,0.0103299,0.00979623,0.00931433,0.00885629,0.0084219,0.00801068,0.00762197,0.00725493,0.00690866,0.00658219,0.00626405,0.0059751,0.00569419,0.00543053,0.00518297,0.00494386,0.00471984,0.00450436,0.00433257,0.0041229,0.00392846,0.0147056,0.0139787,0.0132949,0.012652,0.0120372,0.0114607,0.0109113,0.010389,0.00989355,0.00942417,0.00898005,0.00856025,0.00815899,0.00778074,0.00742034,0.00707406,0.00674896,0.00643772,0.00614321
0.000289,22.507,17.7342,15.7374,14.3163,12.9859,12.6952,12.6518,12.8536,14.026,14.9686,15.7819,15.8039,15.5737,15.173,14.7,14.1038,13.6346,13.1777,13.1026,14.8955,13.952,11.1586,10.2117,9.57781,8.84965,8.10847,7.31189,6.19089,4.55649,2.02869,1.39706,1.07115,0.830967,0.672439,0.576408,0.476479,0.412193,0.353975,0.308504,0.272179,0.242617,0.215032,0.192453,0.171576,0.154359,0.139961,0.126538,0.115242,0.105628,0.0966008,0.0888751,0.0816391,0.0749286,0.0695774,0.0641637,0.0594797,0.0553926,0.0517065,0.0481146,0.0449639,0.041855,0.0391287,0.0367204,0.0343557,0.0322655,0.0304057,0.0285842,0.0268229,0.0252594,0.0238629,0.0225098,0.0212101,0.0200488,0.0190053,0.0179355,0.0170344,0.0161147,0.0152877,0.0144983,0.0137477,0.0130361,0.0123937,0.0117832,0.0112043,0.0106564,0.0101385,0.00964956,0.00918837,0.0087536,0.00832998,0.00794527,0.0075713,0.00722034,0.00689083,0.00657261,0.00627451,0.00598779,0.00575921,0.00548026,0.00522159,0.0199881,0.0189958,0.0180628,0.0171857,0.0163476,0.0155617,0.0148132,0.0141018,0.0134271,0.0127882,0.0121838,0.0116127,0.0110669,0.0105525,0.0100626,0.00959191,0.00915013,0.00872726,0.0083272
0.000382,22.556,17.752,15.7567,14.3419,13.0335,12.758,12.7422,12.9632,14.1934,15.1511,15.9377,15.9501,15.7214,15.3263,14.8629,14.2848,13.8403,13.4443,13.6794,15.9507,15.2489,11.9095,10.6711,10.0527,9.39363,8.76044,8.12949,7.37137,6.69115,5.61904,3.56975,1.93224,1.33739,1.0281,0.858916,0.693359,0.591421,0.501894,0.433603,0.379977,0.336901,0.297142,0.264899,0.235316,0.211082,0.190927,0.172226,0.156553,0.143261,0.130818,0.120199,0.110278,0.101098,0.0937924,0.0864146,0.0800418,0.0744892,0.069486,0.0646188,0.0603541,0.0561504,0.0524676,0.0492172,0.0460284,0.0432117,0.0407072,0.038256,0.035887,0.0337855,0.0319094,0.0300925,0.028348,0.02679,0.0253906,0.0239565,0.0227489,0.021517,0.0204094,0.0193526,0.018348,0.0173958,0.0165365,0.01572,0.0149459,0.0142135,0.0135213,0.012868,0.0122518,0.0116711,0.0111053,0.0105916,0.0100923,0.00962374,0.00918392,0.00875922,0.00836141,0.00797884,0.00767389,0.00730176,0.00695673,0.0274969,0.0261229,0.0248318,0.0236189,0.0224605,0.0213749,0.0203414,0.0193598,0.0184292,0.0175483,0.0167154,0.0159286,0.015177,0.014469,0.0137948,0.0131473,0.0125398,0.0119585,0.0114086
0.000504,22.6029,17.7694,15.7755,14.3673,13.0807,12.8203,12.8312,13.0711,14.3578,15.3278,16.0875,16.0902,15.8626,15.4721,15.0171,14.4556,14.0354,13.7088,14.4434,16.544,15.816,14.0399,11.1224,10.4669,9.83758,9.26047,8.70658,8.0751,7.56327,6.87242,6.13205,5.2536,3.41842,1.87801,1.43075,1.08377,0.896129,0.742455,0.630872,0.546078,0.479663,0.419588,0.371656,0.328257,0.293093,0.264106,0.237412,0.215186,0.196437,0.17897,0.164125,0.150307,0.137567,0.127456,0.117273,0.108499,0.10087,0.0940052,0.0873426,0.0815142,0.075778,0.0707595,0.0663358,0.0620008,0.0581758,0.0547781,0.0514556,0.0482475,0.0454038,0.042867,0.0404119,0.0380563,0.0359537,0.0340662,0.032133,0.030506,0.0288469,0.0273559,0.0259339,0.0245826,0.0233024,0.0221474,0.0210503,0.0200106,0.019027,0.0180979,0.0172211,0.0163943,0.0156153,0.0148566,0.0141678,0.0134984,0.0128705,0.0122811,0.0117121,0.0111792,0.0106669,0.0102585,0.00976022,0.00929831,0.0385435,0.0365973,0.0347704,0.033056,0.0314201,0.0298884,0.0284314,0.0270487,0.0257388,0.0244997,0.023329,0.0222238,0.0211687,0.0201753,0.0192299,0.0183225,0.0174715,0.0166575,0.015888
0.000665,22.6479,17.7863,15.7941,14.3924,13.1278,12.8822,12.9191,13.1772,14.5193,15.499,16.2318,16.2247,15.9978,15.6112,15.1635,14.6174,14.2216,13.9768,15.3016,16.9823,16.2211,14.8719,11.6435,10.8526,10.2208,9.67274,9.16101,8.59307,8.15376,7.58054,7.01737,6.45245,5.74564,4.94019,4.03123,2.21154,1.57762,1.21049,0.985629,0.830163,0.715335,0.615834,0.538977,0.471083,0.417245,0.373582,0.333903,0.301234,0.273923,0.248677,0.227367,0.207648,0.189564,0.17528,0.160951,0.14865,0.13799,0.128417,0.119159,0.11108,0.103146,0.0962195,0.0901248,0.0841624,0.0789099,0.0742506,0.0697003,0.0653122,0.0614273,0.0579653,0.054618,0.0514094,0.0485481,0.0459813,0.0433545,0.0411453,0.038894,0.0368722,0.0349449,0.0331147,0.0313816,0.0298187,0.028335,0.0269294,0.0256003,0.0243453,0.0231613,0.0220454,0.0209943,0.0199708,0.019042,0.0181397,0.0172934,0.0164993,0.0157329,0.0150153,0.0143254,0.0137757,0.0131051,0.0124835,0.0558027,0.0529309,0.0502429,0.0477227,0.0453221,0.0430783,0.0409474,0.038928,0.0370177,0.0352132,0.0335102,0.0319045,0.0303733,0.0289332,0.027564,0.026251,0.0250208,0.0238451,0.0227346
0.000878,22.6912,17.8029,15.8124,14.4173,13.1746,12.9436,13.0058,13.2817,14.678,15.6648,16.371,16.354,16.1275,15.7441,15.303,14.7713,14.4008,14.2536,16.0384,17.3375,16.5455,15.3482,12.5527,11.2428,10.5682,10.0296,9.54104,9.0091,8.60924,8.09258,7.60014,7.12703,6.57783,6.03906,5.58804,4.92649,4.27775,3.20627,1.99876,1.47876,1.19366,0.982818,0.835526,0.713968,0.622074,0.550068,0.486373,0.435048,0.392851,0.35443,0.322405,0.293083,0.266444,0.245566,0.224764,0.207016,0.191715,0.178024,0.164855,0.153406,0.142202,0.132453,0.123898,0.115551,0.108215,0.101722,0.0953929,0.0893013,0.0839177,0.0791278,0.0745033,0.0700768,0.0661344,0.0626021,0.0589912,0.0559575,0.0528689,0.0500978,0.0474586,0.0449542,0.0425847,0.0404494,0.0384237,0.0365059,0.0346935,0.0329831,0.0313705,0.0298513,0.028421,0.027029,0.0257663,0.0245401,0.0233906,0.0223123,0.0212719,0.0202981,0.0193624,0.0186169,0.0177078,0.0168654,0.0861534,0.081539,0.0772359,0.0732223,0.0694141,0.0658679,0.0625089,0.0593361,0.0563462,0.0535276,0.0508749,0.04838,0.0460066,0.0437793,0.0416661,0.0396439,0.037751,0.0359468,0.0342456
0.00116,22.7328,17.819,15.8303,14.4419,13.2212,13.0045,13.0913,13.3847,14.8341,15.8255,16.5054,16.4786,16.2521,15.8713,15.4361,14.9182,14.5746,14.5438,16.6325,17.6392,16.8198,15.704,13.9262,11.6967,10.9003,10.3515,9.87269,9.36106,8.98456,8.49967,8.04408,7.61386,7.12657,6.66605,6.2992,5.80556,5.39488,4.92043,4.43528,3.90945,3.27179,2.28327,1.62131,1.25677,1.03703,0.885304,0.761884,0.668274,0.594623,0.529697,0.476991,0.429781,0.38769,0.355191,0.323195,0.296229,0.273209,0.25275,0.233255,0.21642,0.200044,0.185871,0.173494,0.161468,0.150942,0.141656,0.132635,0.123978,0.116349,0.109579,0.103057,0.0968281,0.0912918,0.0863404,0.0812876,0.0770493,0.0727409,0.0688807,0.0652091,0.0617295,0.0584412,0.0554812,0.0526758,0.0500226,0.0475175,0.0451553,0.04293,0.0408353,0.0388645,0.0369479,0.0352104,0.0335243,0.0319445,0.0304634,0.0290352,0.027699,0.0264156,0.0253936,0.0241478,0.022994,0.163359,0.153069,0.143685,0.135104,0.127108,0.119787,0.112961,0.106598,0.100675,0.0951626,0.0900275,0.0852454,0.080736,0.0765425,0.0725922,0.0688418,0.0653553,0.0620513,0.0589546
0.00153,22.7727,17.8348,15.848,14.4662,13.2677,13.0649,13.1757,13.4863,14.9876,15.9813,16.6354,16.5988,16.372,15.9934,15.5634,15.059,14.7442,14.8496,17.1266,17.903,17.0592,15.995,14.5622,12.4161,11.2426,10.6549,10.1729,9.67022,9.30731,8.8411,8.40679,8.00019,7.54456,7.11997,6.78714,6.34934,5.99696,5.60863,5.24079,4.88924,4.5495,4.169,3.78684,3.33394,2.81049,2.15413,1.5607,1.2403,1.04085,0.88899,0.777381,0.684218,0.605559,0.547304,0.491775,0.446219,0.408127,0.374787,0.343594,0.317029,0.291499,0.269617,0.250675,0.232418,0.21656,0.202662,0.18924,0.176433,0.165202,0.155279,0.145759,0.136701,0.128678,0.121524,0.114246,0.108157,0.101983,0.0964635,0.0912254,0.0862714,0.0815988,0.0774001,0.0734274,0.0696759,0.0661389,0.0628084,0.059675,0.0567291,0.0539606,0.0512712,0.0488356,0.0464743,0.044264,0.0421936,0.0401987,0.0383339,0.036544,0.0351197,0.0333846,0.0317786,0.383897,0.364781,0.346723,0.329683,0.313339,0.297972,0.283296,0.26932,0.256042,0.243451,0.231529,0.220256,0.209484,0.199329,0.189662,0.180379,0.171675,0.163351,0.155489
0.00202,22.8112,17.8502,15.8654,14.4904,13.3139,13.1249,13.259,13.5864,15.1387,16.1323,16.7612,16.7149,16.4876,16.1108,15.6855,15.1944,14.9111,15.1696,17.5517,18.1381,17.2725,16.2444,14.9839,13.6288,11.6432,10.9576,10.4555,9.95104,9.59435,9.13841,8.71653,8.32372,7.88603,7.48078,7.1652,6.75354,6.42575,6.06927,5.73758,5.42782,5.1374,4.82626,4.53428,4.22516,3.93282,3.65343,3.35314,3.05694,2.75543,2.40004,1.99497,1.54735,1.21908,1.0293,0.877693,0.768063,0.684053,0.614651,0.553439,0.503386,0.456863,0.418149,0.385385,0.354447,0.328016,0.305167,0.283395,0.262842,0.245028,0.229411,0.214563,0.200534,0.188195,0.177263,0.1662,0.156989,0.147691,0.139413,0.131588,0.124218,0.117292,0.111089,0.105237,0.0997272,0.0945461,0.0896794,0.0851115,0.0808261,0.0768071,0.0729103,0.0693877,0.0659782,0.0627917,0.0598116,0.056944,0.0542671,0.051701,0.0496613,0.0471791,0.0448843,0.465054,0.443859,0.423757,0.404706,0.386358,0.369028,0.352405,0.336503,0.321326,0.306867,0.293112,0.280046,0.267495,0.255611,0.244239,0.233268,0.222927,0.212992,0.203557
0.00267,22.8483,17.8653,15.8825,14.5144,13.3601,13.1845,13.3413,13.6851,15.2874,16.2788,16.8831,16.8271,16.5991,16.2237,15.8027,15.3249,15.0764,15.4982,17.9267,18.3508,17.4655,16.4643,15.3135,14.3324,12.2752,11.2882,10.7351,10.2153,9.85776,9.40544,8.98994,8.60489,8.17748,7.78319,7.47712,7.07929,6.76384,6.42237,6.10647,5.81341,5.54079,5.2516,4.98369,4.70482,4.44704,4.20784,3.96124,3.73234,3.51887,3.29948,3.09392,2.88307,2.66739,2.47724,2.26253,2.0507,1.8359,1.60062,1.34017,1.11699,0.936716,0.810596,0.717357,0.637986,0.575467,0.524683,0.478613,0.436987,0.402147,0.372508,0.345004,0.319594,0.297672,0.278557,0.259497,0.243848,0.22823,0.214477,0.201604,0.189577,0.178376,0.168404,0.159067,0.150323,0.142149,0.134511,0.127377,0.12071,0.114484,0.108476,0.103062,0.0978388,0.0929735,0.088437,0.0840845,0.0800322,0.0761574,0.0730813,0.0693494,0.0659073,0.512991,0.490161,0.468471,0.447884,0.428025,0.409237,0.39119,0.373899,0.357372,0.341603,0.326582,0.312291,0.298547,0.285515,0.273028,0.260966,0.249583,0.238631,0.22822
0.00352,22.8839,17.8801,15.8995,14.5383,13.406,13.2436,13.4227,13.7826,15.4338,16.4209,17.0012,16.9357,16.7069,16.3325,15.9156,15.4513,15.2413,15.8269,18.2633,18.5451,17.642,16.6619,15.5903,14.7954,13.6988,11.7231,11.0338,10.4751,10.1078,9.65247,9.23832,8.8566,8.43441,8.04602,7.74512,7.35472,7.04573,6.71185,6.40359,6.11822,5.85337,5.57318,5.31445,5.04619,4.79937,4.5716,4.33836,4.12363,3.92534,3.72407,3.53843,3.35178,3.16604,3.00798,2.83789,2.68137,2.53678,2.40033,2.25844,2.12711,1.99032,1.86354,1.74531,1.62242,1.50699,1.39757,1.2827,1.16235,1.04631,0.935552,0.825696,0.724981,0.643946,0.579397,0.520674,0.476196,0.434741,0.400335,0.369668,0.342239,0.317593,0.296376,0.277016,0.259333,0.243148,0.22831,0.214692,0.202174,0.190635,0.179641,0.169852,0.160504,0.151888,0.143921,0.13634,0.129332,0.122684,0.117439,0.111108,0.105306,0.548039,0.523917,0.50098,0.479193,0.458158,0.438245,0.419101,0.400747,0.383191,0.366428,0.35045,0.335239,0.3206,0.306712,0.293396,0.280525,0.268373,0.256675,0.245549
0.00464,22.9183,17.8945,15.9161,14.5619,13.4519,13.3022,13.503,13.8788,15.578,16.5588,17.116,17.041,16.8111,16.4375,16.0243,15.5741,15.4067,16.1479,18.5693,18.7242,17.8049,16.8419,15.8325,15.1602,14.5584,13.8566,11.404,10.7476,10.3556,9.88872,9.47068,9.08832,8.66739,8.28129,7.9827,7.59578,7.28987,6.95958,6.65485,6.37293,6.11142,5.83494,5.57979,5.31543,5.0724,4.84833,4.61909,4.40831,4.21392,4.01691,3.83554,3.65356,3.47292,3.31966,3.15531,3.00471,2.86626,2.73767,2.60351,2.4804,2.35355,2.23755,2.1311,2.02269,1.92345,1.83227,1.74021,1.64843,1.56458,1.48768,1.41131,1.33612,1.26737,1.20429,1.13827,1.08158,1.02267,0.96874,0.916377,0.865808,0.817119,0.772523,0.729555,0.688267,0.648698,0.610841,0.574692,0.540232,0.507437,0.47522,0.445764,0.417021,0.390024,0.364749,0.340521,0.318118,0.296952,0.280435,0.260788,0.243143,0.576048,0.550855,0.526889,0.504112,0.482113,0.461276,0.441236,0.422015,0.40362,0.386052,0.369298,0.353343,0.337983,0.323404,0.309422,0.295904,0.283135,0.270841,0.259143
0.00613,22.9515,17.9086,15.9326,14.5855,13.4977,13.3604,13.5825,13.9739,15.72,16.6927,17.2275,17.143,16.912,16.539,16.1293,15.6936,15.5734,16.4555,18.8501,18.8904,17.9564,17.0078,16.0497,15.4711,15.1251,15.2001,15.1288,11.0675,10.617,10.1244,9.69549,9.30808,8.88453,8.49765,8.19912,7.81284,7.50773,7.17849,6.87484,6.59395,6.33341,6.05794,5.80369,5.54021,5.29792,5.07447,4.8458,4.63546,4.4414,4.24465,4.06344,3.88154,3.70089,3.54754,3.383,3.23215,3.0934,2.96508,2.83044,2.70683,2.57937,2.46275,2.35566,2.24654,2.14657,2.05468,1.96184,1.86923,1.78456,1.70688,1.62967,1.55364,1.48408,1.42022,1.35338,1.29596,1.23628,1.18164,1.12861,1.07739,1.02809,0.982953,0.939495,0.897775,0.857823,0.81964,0.783215,0.748519,0.71551,0.683066,0.653362,0.624269,0.596772,0.570786,0.545533,0.52174,0.498732,0.480305,0.457715,0.43667,0.599615,0.573502,0.548653,0.52503,0.502205,0.480581,0.459777,0.439818,0.420712,0.402459,0.385048,0.368464,0.352494,0.337333,0.322789,0.308725,0.295438,0.282642,0.270465
0.00809,22.9835,17.9224,15.9488,14.6089,13.5433,13.418,13.6611,14.0678,15.8599,16.8228,17.3359,17.2421,17.0098,16.6372,16.2309,15.8105,15.7423,16.7475,19.1098,19.0455,18.0979,17.1618,16.2483,15.7479,15.5824,15.8504,15.8959,15.3233,10.9237,10.374,9.92269,9.52407,9.09327,8.70236,8.40174,8.01361,7.70747,7.37737,7.07306,6.7916,6.53052,6.25443,5.99954,5.73528,5.49217,5.26782,5.03809,4.82664,4.63142,4.43333,4.25075,4.0673,3.88495,3.73,3.56357,3.41083,3.27019,3.14035,3.00353,2.87777,2.74792,2.62895,2.51956,2.40793,2.30551,2.21123,2.11582,2.02049,1.93319,1.85296,1.77308,1.69426,1.62202,1.55557,1.48589,1.42591,1.36343,1.30612,1.25038,1.19642,1.14437,1.0966,1.05051,1.00615,0.963577,0.922791,0.883788,0.846544,0.811024,0.776023,0.743897,0.712352,0.68246,0.654137,0.626544,0.600477,0.575206,0.554916,0.529982,0.506688,0.620171,0.593245,0.567616,0.543246,0.519695,0.497378,0.475903,0.455296,0.435566,0.416714,0.398729,0.381593,0.36509,0.349421,0.334388,0.319848,0.30611,0.292877,0.280283
0.0107,23.0143,17.936,15.9648,14.6321,13.5889,13.4752,13.7388,14.1606,15.9977,16.9491,17.4414,17.3384,17.1047,16.7323,16.3292,15.9251,15.9136,17.0234,19.3512,19.1909,18.2309,17.3058,16.4321,16.0012,15.9784,16.3317,16.3877,15.9717,15.3107,10.6657,10.167,9.74661,9.30173,8.90259,8.59737,8.20471,7.89573,7.56302,7.25657,6.97324,6.71049,6.4326,6.17601,5.90989,5.66497,5.43883,5.20714,4.99373,4.79657,4.59637,4.4117,4.226,4.04124,3.88409,3.71516,3.55996,3.4169,3.28497,3.14551,3.01718,2.88453,2.76285,2.65085,2.53641,2.43129,2.33441,2.23626,2.13806,2.04801,1.96515,1.88255,1.80094,1.72604,1.65706,1.58462,1.52218,1.45707,1.39726,1.33901,1.28254,1.228,1.17788,1.12945,1.08279,1.03794,0.994924,0.953733,0.914349,0.876741,0.839636,0.805536,0.772011,0.740205,0.710032,0.680603,0.652769,0.625754,0.604042,0.577331,0.552348,0.638623,0.610961,0.584627,0.559582,0.535375,0.512432,0.490352,0.469162,0.448871,0.42948,0.410978,0.393348,0.376367,0.360242,0.34477,0.329804,0.315662,0.302039,0.289072
0.0141,23.0441,17.9492,15.9806,14.6553,13.6344,13.5319,13.8157,14.2523,16.1334,17.072,17.5442,17.432,17.1969,16.8245,16.4245,16.0378,16.0874,17.2838,19.5768,19.3277,18.3563,17.4412,16.6041,16.2375,16.3325,16.7244,16.7725,16.4123,15.9561,14.9952,10.4579,9.99219,9.52089,9.10692,8.79354,8.39287,8.07887,7.7416,7.43144,7.14497,6.87945,6.59873,6.33952,6.07068,5.82318,5.5946,5.36029,5.14438,4.94479,4.74201,4.55484,4.36649,4.17895,4.01933,3.8476,3.6897,3.54405,3.40979,3.26755,3.13655,3.00103,2.8766,2.76196,2.64473,2.53694,2.43752,2.3367,2.23574,2.14307,2.05772,1.97256,1.88835,1.81099,1.73968,1.66473,1.60007,1.53258,1.47053,1.41005,1.35138,1.29465,1.24247,1.19202,1.14337,1.09658,1.05165,1.0086,0.967413,0.92805,0.889185,0.853441,0.818277,0.784892,0.7532,0.722269,0.692996,0.664566,0.641704,0.613562,0.587225,0.655625,0.627281,0.600293,0.574623,0.54981,0.526289,0.503652,0.481923,0.461115,0.441227,0.422249,0.404165,0.386744,0.370201,0.354326,0.338968,0.324455,0.310474,0.297165
0.0186,23.0729,17.9622,15.9963,14.6782,13.6798,13.5882,13.8918,14.343,16.2671,17.1915,17.6443,17.5231,17.2864,16.914,16.5171,16.149,16.2637,17.53,19.7884,19.4569,18.475,17.5691,16.7665,16.4608,16.6544,17.0604,17.0959,16.7641,16.3925,15.7782,15.2148,10.2957,9.76922,9.32794,9.00036,8.58625,8.26411,7.91961,7.60376,7.3126,7.04306,6.75832,6.49556,6.2231,5.97229,5.74063,5.50313,5.28421,5.08178,4.87602,4.68602,4.49473,4.30416,4.14187,3.96716,3.80642,3.65807,3.52136,3.3763,3.2426,3.1042,2.97703,2.8598,2.73983,2.62946,2.52758,2.42421,2.32061,2.22547,2.13778,2.05023,1.96359,1.88395,1.8105,1.73325,1.66656,1.59691,1.53284,1.47035,1.40969,1.35101,1.29701,1.24476,1.19435,1.14584,1.09924,1.05457,1.0118,0.970914,0.930524,0.893361,0.856783,0.82204,0.789046,0.756831,0.72633,0.696696,0.672857,0.643502,0.61602,0.671703,0.64271,0.615103,0.588841,0.563453,0.539386,0.516221,0.493983,0.472686,0.45233,0.432904,0.414391,0.396556,0.379618,0.363364,0.347638,0.332777,0.318459,0.304829
0.0246,23.1008,17.975,16.0118,14.7012,13.7252,13.6439,13.9672,14.4327,16.3987,17.3078,17.742,17.6118,17.3736,17.0009,16.6071,16.2592,16.4418,17.7633,19.9876,19.5794,18.5878,17.6904,16.9208,16.674,16.95,17.3562,17.3783,17.0631,16.741,16.2668,16.2093,16.816,15.9372,9.58891,9.23457,8.79697,8.46137,8.10542,7.78088,7.48279,7.2075,6.9172,6.64964,6.37244,6.11741,5.88194,5.64057,5.41808,5.21233,5.00317,4.80999,4.61544,4.42155,4.25638,4.0785,3.91478,3.7636,3.62435,3.47638,3.33994,3.19864,3.06874,2.94893,2.82627,2.71336,2.60909,2.50323,2.3971,2.29958,2.20965,2.11983,2.0309,1.94911,1.87365,1.79424,1.72566,1.65401,1.58806,1.52373,1.46124,1.40077,1.3451,1.29121,1.23921,1.18914,1.14103,1.09489,1.05071,1.00845,0.966692,0.928258,0.890419,0.854467,0.820315,0.786959,0.755371,0.724671,0.69997,0.669545,0.641054,0.68734,0.657716,0.629505,0.602667,0.576721,0.552123,0.528445,0.505714,0.483943,0.463133,0.443273,0.424345,0.406109,0.38879,0.372169,0.356088,0.34089,0.326247,0.312307
0.0324,23.1277,17.9875,16.0271,14.7241,13.7705,13.6992,14.0419,14.5215,16.5283,17.421,17.8374,17.6982,17.4584,17.0854,16.6947,16.3686,16.6211,17.9851,20.1757,19.6958,18.6951,17.8059,17.0684,16.879,17.2235,17.6218,17.6309,17.3263,17.0378,16.6553,16.8872,17.4677,16.749,15.4438,9.53201,9.0472,8.68725,8.3119,7.97344,7.6647,7.38089,7.08261,6.80839,6.52481,6.26427,6.02393,5.77773,5.5509,5.34119,5.12805,4.9312,4.73295,4.53535,4.367,4.18566,4.01872,3.86453,3.72256,3.57156,3.43228,3.28799,3.1553,3.03287,2.90749,2.79203,2.68537,2.57706,2.46842,2.36856,2.27644,2.1844,2.09325,2.00939,1.93198,1.8505,1.78012,1.70656,1.63883,1.57273,1.50852,1.44636,1.38912,1.3337,1.2802,1.22868,1.17916,1.13166,1.08615,1.04263,0.999603,0.959996,0.920993,0.883928,0.848711,0.814309,0.781723,0.750048,0.724557,0.693156,0.663744,0.703049,0.672789,0.643971,0.616555,0.590048,0.564918,0.540726,0.517501,0.495257,0.473992,0.453698,0.434356,0.415721,0.398021,0.381035,0.3646,0.349067,0.334101,0.319853
0.0428,23.1537,17.9997,16.0422,14.7468,13.8157,13.754,14.1158,14.6094,16.656,17.5313,17.9305,17.7826,17.541,17.1676,16.7801,16.4775,16.8005,18.1965,20.3538,19.8066,18.7976,17.9163,17.2103,17.0771,17.4779,17.8638,17.8604,17.5629,17.2995,16.9902,17.4397,17.9184,17.2084,16.3996,15.8711,9.39185,8.97711,8.56357,8.20002,7.87331,7.57582,7.26528,6.9812,6.68851,6.42035,6.17346,5.92093,5.68855,5.47389,5.25586,5.05459,4.85195,4.65003,4.47803,4.29277,4.12223,3.9647,3.81973,3.66543,3.5231,3.37562,3.23997,3.11479,2.98657,2.86847,2.75935,2.64851,2.53731,2.43508,2.34075,2.24648,2.15309,2.06716,1.98782,1.9043,1.83213,1.75668,1.6872,1.61938,1.55349,1.48968,1.43091,1.37401,1.31906,1.26613,1.21525,1.16644,1.11967,1.07492,1.03069,0.989963,0.94985,0.911725,0.875495,0.840098,0.806565,0.773966,0.747729,0.715403,0.685122,0.71944,0.688515,0.659063,0.631044,0.603953,0.578268,0.553542,0.529803,0.507067,0.485331,0.464587,0.444816,0.425767,0.407674,0.39031,0.373509,0.35763,0.34233,0.327765
0.0565,23.1789,18.0118,16.0572,14.7695,13.8608,13.8084,14.1891,14.6964,16.7817,17.6388,18.0215,17.8649,17.6215,17.2477,16.8634,16.5864,16.9792,18.3986,20.5228,19.9124,18.8957,18.022,17.3474,17.2695,17.7156,18.0866,18.0716,17.779,17.5355,17.2919,17.9039,18.276,17.5595,16.8829,16.6588,16.6308,16.2765,8.92492,8.50318,8.13981,7.81672,7.48473,7.18434,6.87727,6.59755,6.34108,6.07959,5.83955,5.61823,5.39376,5.1868,4.97863,4.77136,4.5949,4.40493,4.23012,4.06869,3.92025,3.76218,3.61639,3.46533,3.3264,3.19819,3.06686,2.94589,2.83411,2.72057,2.60665,2.50189,2.40523,2.30862,2.2129,2.12481,2.04347,1.95783,1.88382,1.80644,1.73517,1.6656,1.59799,1.53251,1.4722,1.4138,1.35739,1.30305,1.25081,1.20068,1.15266,1.1067,1.06126,1.01942,0.978204,0.939029,0.901798,0.865419,0.830953,0.797444,0.770472,0.737239,0.706104,0.737347,0.705692,0.675546,0.646866,0.619136,0.592846,0.567537,0.54324,0.519967,0.49772,0.476487,0.45625,0.436752,0.418233,0.40046,0.383263,0.36701,0.35135,0.336441
0.0746,23.2033,18.0236,16.0721,14.7921,13.9058,13.8624,14.2618,14.7826,16.9054,17.7437,18.1106,17.9453,17.7001,17.3258,16.9449,16.6955,17.1563,18.5923,20.6836,20.0136,18.9897,18.1235,17.4803,17.4566,17.9388,18.2934,18.2677,17.9784,17.7515,17.5714,18.3013,18.5771,17.8516,17.2572,17.1657,17.2467,17.0262,16.5536,9.0496,8.55958,8.16811,7.78706,7.45325,7.11902,6.81885,6.54629,6.27039,6.0185,5.78721,5.55339,5.33837,5.12255,4.90804,4.72568,4.52959,4.34932,4.18298,4.03019,3.86751,3.71753,3.56219,3.41937,3.2876,3.15266,3.02838,2.91356,2.79694,2.67994,2.57236,2.4731,2.37389,2.2756,2.18514,2.10162,2.01367,1.93767,1.8582,1.78501,1.71356,1.64412,1.57687,1.51492,1.45492,1.39698,1.34115,1.28748,1.23598,1.18663,1.13941,1.09271,1.04972,1.00736,0.967096,0.928829,0.891436,0.856008,0.821561,0.793833,0.759667,0.727657,0.758045,0.725538,0.694583,0.665135,0.636663,0.609671,0.583687,0.558742,0.534851,0.512013,0.490217,0.469444,0.44943,0.430421,0.412178,0.394528,0.377846,0.361773,0.346472
0.1,23.2283,18.0358,16.0876,14.816,13.9525,13.9188,14.3378,14.8728,17.034,17.8517,18.2025,18.0282,17.7811,17.4062,17.0291,16.8113,17.3408,18.7887,20.8452,20.116,19.085,18.2266,17.6169,17.649,18.1605,18.4973,18.461,18.1742,17.9624,17.8501,18.6661,18.8534,18.1185,17.5919,17.5964,17.7088,17.5125,17.1674,17.0515,17.0739,16.661,8.43299,7.94964,7.52588,7.16967,6.85801,6.55013,6.27382,6.02311,5.77193,5.54257,5.31361,5.0871,4.89523,4.68952,4.50088,4.32718,4.16796,3.9986,3.84265,3.68131,3.53311,3.39648,3.25666,3.12797,3.00912,2.88847,2.76748,2.65626,2.55368,2.45118,2.34965,2.25623,2.16999,2.07919,2.00074,1.91872,1.84318,1.76945,1.69779,1.6284,1.56449,1.50259,1.44281,1.38523,1.32986,1.27674,1.22583,1.17712,1.12896,1.0846,1.04091,0.999384,0.959914,0.921344,0.884801,0.849271,0.82067,0.785429,0.752411,0.78546,0.751801,0.719754,0.68927,0.659802,0.631868,0.604981,0.579172,0.554456,0.530832,0.508287,0.486803,0.466105,0.446449,0.427586,0.409336,0.392089,0.375473,0.359656
0.12,23.2434,18.0433,16.0972,14.8308,13.9819,13.9535,14.3848,14.9285,17.1129,17.9175,18.2587,18.0788,17.8305,17.4552,17.0806,16.8837,17.4539,18.9071,20.9419,20.1774,19.1424,18.2889,17.7002,17.7662,18.292,18.6176,18.5751,18.2894,18.0862,18.0172,18.8707,19.0089,18.2686,17.7798,17.8316,17.9486,17.7577,17.4507,17.4339,17.4962,17.1328,16.8143,10.4859,8.12439,7.58597,7.19005,6.82672,6.51378,6.23673,5.96377,5.71751,5.47387,5.23452,5.03286,4.81757,4.62083,4.44018,4.275,4.0996,3.93836,3.77178,3.61896,3.47822,3.33431,3.20197,3.07984,2.95593,2.83174,2.71764,2.61244,2.50736,2.40332,2.30762,2.21929,2.12633,2.04602,1.96207,1.88478,1.80935,1.73605,1.66508,1.59972,1.53642,1.4753,1.41643,1.35983,1.30553,1.2535,1.20371,1.15449,1.10917,1.06452,1.02209,0.98176,0.942353,0.905019,0.86872,0.839501,0.803499,0.769771,0.807713,0.773088,0.740127,0.708781,0.678483,0.649769,0.622135,0.595613,0.570216,0.545945,0.522787,0.50072,0.479464,0.459278,0.439909,0.421172,0.403467,0.38641,0.370174
0.14,23.2559,18.0496,16.1053,14.8433,14.0068,13.9826,14.4244,14.9753,17.179,17.9724,18.3057,18.121,17.8718,17.4961,17.1236,16.9452,17.5484,19.005,21.0214,20.2282,19.1899,18.3404,17.7697,17.8639,18.3996,18.7158,18.6683,18.3833,18.1871,18.1555,19.0328,19.1324,18.3879,17.9295,18.0159,18.1321,17.9437,17.661,17.7131,17.7798,17.4219,17.1902,11.5121,10.7892,10.002,8.02191,7.2894,6.86235,6.52312,6.2066,5.93021,5.66251,5.40351,5.18764,4.95902,4.75143,4.56174,4.389,4.20613,4.03848,3.86567,3.70745,3.56197,3.41343,3.277,3.15123,3.02373,2.89606,2.77885,2.67086,2.56305,2.45636,2.35827,2.26777,2.17256,2.09034,2.00442,1.92534,1.84818,1.77322,1.70065,1.63384,1.56915,1.50669,1.44654,1.38872,1.33325,1.28011,1.22927,1.17901,1.13274,1.08716,1.04384,1.00268,0.962458,0.924355,0.887311,0.857495,0.820758,0.786344,0.832185,0.796453,0.762448,0.730119,0.698881,0.669283,0.640805,0.61348,0.587321,0.562326,0.538481,0.515764,0.493886,0.473114,0.453185,0.433908,0.415696,0.398153,0.381456
0.16,23.2666,18.055,16.1123,14.8541,14.0283,14.008,14.4585,15.0157,17.2358,18.0194,18.3459,18.1573,17.9071,17.5311,17.1605,16.9987,17.6294,19.0883,21.0888,20.2713,19.2302,18.3843,17.8294,17.9475,18.4904,18.7985,18.7468,18.4623,18.2718,18.2735,19.166,19.2342,18.4864,18.0537,18.1664,18.2798,18.0926,17.8279,17.9338,17.993,17.6341,17.4504,12.0328,11.3818,10.7804,10.2006,9.54484,8.76407,7.14925,6.61065,6.24415,5.92024,5.62211,5.3808,5.13011,4.90569,4.70265,4.51916,4.32605,4.14986,3.96898,3.80391,3.65255,3.49836,3.35702,3.22693,3.09525,2.96355,2.8428,2.73164,2.62077,2.51113,2.41041,2.31754,2.21989,2.1356,2.04756,1.96656,1.88756,1.81084,1.73659,1.66825,1.6021,1.53825,1.47677,1.41768,1.36101,1.30673,1.25481,1.20348,1.15624,1.10971,1.06549,1.02348,0.982434,0.943554,0.905758,0.875339,0.837863,0.802758,0.861056,0.823933,0.788627,0.755078,0.722677,0.691992,0.662482,0.634178,0.607091,0.58122,0.556547,0.533049,0.510425,0.48895,0.468353,0.448435,0.429621,0.411502,0.394261
0.18,23.2759,18.0598,16.1184,14.8637,14.0473,14.0303,14.4885,15.0512,17.2856,18.0605,18.3811,18.1889,17.9379,17.5617,17.1928,17.0462,17.7002,19.1607,21.1471,20.3087,19.2653,18.4225,17.8816,18.0204,18.5686,18.8697,18.8144,18.5303,18.3448,18.3762,19.2786,19.3204,18.5699,18.1596,18.293,18.4028,18.2161,17.9658,18.1157,18.1625,17.8018,17.652,17.6327,11.7996,11.2193,10.6897,10.1403,9.61746,9.10636,8.53023,7.83414,6.49275,5.99451,5.67498,5.371,5.11189,4.88412,4.68215,4.47253,4.28327,4.09055,3.91583,3.75641,3.59467,3.44691,3.31131,3.17436,3.0377,2.91262,2.79766,2.68315,2.57006,2.46627,2.37066,2.27021,2.18358,2.09315,2.01001,1.92896,1.85028,1.77419,1.70417,1.63643,1.57106,1.50814,1.4477,1.38974,1.33423,1.28115,1.2287,1.18042,1.13289,1.08772,1.04481,1.0029,0.963205,0.924622,0.893574,0.855326,0.819504,0.898909,0.859762,0.822578,0.787289,0.753245,0.721037,0.690091,0.660434,0.632077,0.605012,0.579219,0.554669,0.531047,0.508636,0.487153,0.466389,0.446784,0.427911,0.409961
0.2,23.2841,18.064,16.1239,14.872,14.0642,14.0502,14.5153,15.0829,17.3298,18.0969,18.4124,18.217,17.9653,17.5888,17.2215,17.0888,17.763,19.2247,21.1984,20.3416,19.2962,18.4562,17.928,18.085,18.6373,18.9321,18.8737,18.5898,18.4086,18.467,19.3758,19.3949,18.6423,18.2517,18.402,18.5077,18.3214,18.083,18.2697,18.3026,17.9401,17.817,17.8087,17.6262,11.571,11.0437,10.5135,10.0254,9.56932,9.09643,8.64545,8.16791,7.64486,7.0997,5.99066,5.4967,5.17925,4.92677,4.67939,4.46376,4.24928,4.05804,3.8856,3.71223,3.55498,3.41146,3.26718,3.12376,2.99294,2.87302,2.75384,2.63638,2.52877,2.4298,2.32596,2.2365,2.14323,2.05755,1.9741,1.89316,1.81493,1.74299,1.67343,1.60634,1.5418,1.47982,1.42042,1.36355,1.30919,1.25548,1.20607,1.15743,1.11123,1.06734,1.02449,0.983906,0.94447,0.912741,0.873662,0.837066,0.96254,0.918972,0.877829,0.83898,0.801669,0.766511,0.732851,0.700694,0.670031,0.640841,0.613085,0.586721,0.5614,0.53742,0.514468,0.492315,0.471426,0.451343,0.432262
0.22,23.2915,18.0678,16.1288,14.8797,14.0795,14.0681,14.5395,15.1114,17.3697,18.1295,18.4405,18.2422,17.9898,17.6132,17.2474,17.1275,17.8194,19.2819,21.2441,20.3711,19.3238,18.4864,17.9698,18.143,18.6984,18.9876,18.9264,18.6427,18.4654,18.5485,19.461,19.4604,18.7059,18.3331,18.4972,18.5991,18.4128,18.1849,18.4028,18.4215,18.0574,17.9565,17.955,17.778,17.6818,11.3504,10.8138,10.3305,9.88693,9.43552,9.01566,8.58762,8.15268,7.77259,7.34794,6.93231,6.50469,6.00625,5.18613,4.80809,4.51332,4.27624,4.07329,3.87573,3.70045,3.54289,3.38629,3.23208,3.09244,2.96516,2.83925,2.71565,2.6028,2.49929,2.39095,2.29782,2.20089,2.11199,2.02553,1.94177,1.86092,1.78665,1.71489,1.64574,1.57927,1.51548,1.45437,1.39592,1.34006,1.28491,1.23419,1.18428,1.13689,1.0919,1.04797,1.00639,0.965995,0.933502,0.89349,0.856031,1.18404,1.12779,1.07423,1.0233,0.974072,0.927403,0.882473,0.839378,0.798141,0.758816,0.721466,0.686121,0.652422,0.620839,0.590988,0.562584,0.536171,0.51113,0.487644
0.24,23.2981,18.0712,16.1333,14.8867,14.0935,14.0846,14.5615,15.1375,17.4058,18.1592,18.466,18.2651,18.0121,17.6353,17.2708,17.163,17.8704,19.3336,21.2853,20.3976,19.3488,18.5138,18.0078,18.1955,18.7533,19.0374,18.9738,18.6902,18.5164,18.6222,19.5367,19.5187,18.7625,18.406,18.5817,18.6796,18.4934,18.2747,18.5195,18.5242,18.1591,18.0771,18.0799,17.9065,17.8294,17.7965,11.0868,10.593,10.1474,9.69936,9.28713,8.87154,8.45536,8.09835,7.71024,7.34831,7.00856,6.69763,6.34875,6.01168,5.63335,5.21573,4.62788,4.22228,3.96521,3.76113,3.57127,3.3919,3.23382,3.09231,2.95419,2.82006,2.69861,2.58792,2.4727,2.37409,2.27184,2.17837,2.08772,2.00011,1.91573,1.83836,1.76372,1.69191,1.62296,1.55688,1.49364,1.4332,1.3755,1.31857,1.26625,1.21481,1.16599,1.11967,1.07447,1.0317,0.990169,0.956775,0.91567,0.877202,1.28464,1.22813,1.1744,1.12339,1.07416,1.02758,0.982823,0.939934,0.898934,0.859813,0.822546,0.78709,0.752995,0.720667,0.6897,0.659788,0.631567,0.604424,0.578626
0.26,23.3042,18.0744,16.1374,14.8932,14.1063,14.0996,14.5818,15.1614,17.439,18.1863,18.4893,18.286,18.0325,17.6555,17.2923,17.1958,17.9171,19.3808,21.3227,20.4218,19.3715,18.5387,18.0426,18.2435,18.8032,19.0826,19.0167,18.7333,18.5627,18.6894,19.6048,19.5711,18.8136,18.4719,18.6574,18.7516,18.5653,18.3551,18.6231,18.6146,18.2487,18.1832,18.1887,18.018,17.9573,17.9295,17.7567,10.8415,10.383,9.9287,9.5148,9.10066,8.68884,8.33793,7.95921,7.60941,7.28488,6.99225,6.67085,6.37175,6.05839,5.76595,5.49092,5.20217,4.92492,4.65194,4.33592,3.90733,3.5655,3.34666,3.16063,2.99382,2.84972,2.72222,2.59227,2.48278,2.37058,2.26897,2.17116,2.07721,1.9872,1.90501,1.82603,1.75027,1.67773,1.60837,1.54213,1.47895,1.41873,1.35941,1.30496,1.25149,1.2008,1.15275,1.10594,1.06165,1.01868,0.98415,0.941674,0.901948,1.33975,1.28176,1.2266,1.17417,1.12355,1.0756,1.02949,0.985275,0.942968,0.902567,0.864048,0.827373,0.792073,0.758577,0.72646,0.695413,0.666098,0.637876,0.611032
0.28,23.3098,18.0773,16.1413,14.8992,14.1182,14.1136,14.6005,15.1835,17.4695,18.2112,18.5108,18.3053,18.0513,17.6741,17.3121,17.2262,17.96,19.4241,21.357,20.444,19.3924,18.5616,18.0747,18.2877,18.8488,19.1239,19.056,18.7726,18.6051,18.7513,19.6664,19.6186,18.8599,18.5321,18.7259,18.8166,18.6302,18.4277,18.716,18.695,18.3286,18.2778,18.2848,18.1163,18.0702,18.0452,17.8754,17.83,10.6136,10.1437,9.72138,9.30245,8.88848,8.53741,8.16008,7.81299,7.49228,7.20416,6.88922,6.59802,6.29542,6.01615,5.75743,5.4913,5.24475,5.01545,4.78064,4.54242,4.32001,4.11049,3.89436,3.66903,3.4431,3.19768,2.91635,2.72879,2.56913,2.43712,2.31676,2.20534,2.10134,2.00818,1.91992,1.8362,1.75678,1.6814,1.60987,1.54198,1.47757,1.41436,1.35654,1.29992,1.24639,1.19576,1.14652,1.10003,1.05499,1.01885,0.97445,0.932978,1.38052,1.32123,1.2648,1.21115,1.15931,1.1102,1.06295,1.01762,0.974228,0.932774,0.893236,0.855575,0.819311,0.784887,0.751868,0.719937,0.689775,0.660728,0.63309
0.3,23.3149,18.08,16.1448,14.9048,14.1292,14.1265,14.6179,15.2041,17.4978,18.2343,18.5307,18.3232,18.0687,17.6913,17.3305,17.2546,17.9998,19.4641,21.3886,20.4645,19.4117,18.5828,18.1045,18.3285,18.8907,19.162,19.0922,18.8088,18.644,18.8084,19.7228,19.6621,18.9023,18.5873,18.7884,18.8757,18.6892,18.4938,18.8,18.7673,18.4007,18.3629,18.3709,18.204,18.1712,18.1475,17.9801,17.9433,17.8504,10.3601,9.9213,9.49178,9.07089,8.71586,8.33576,7.98724,7.66605,7.37798,7.06387,6.77409,6.47368,6.19718,5.9418,5.67995,5.43851,5.21516,4.988,4.75977,4.54957,4.35527,4.16064,3.9673,3.78877,3.62328,3.44806,3.29554,3.13452,2.98418,2.83454,2.68533,2.53457,2.38587,2.2286,2.07605,1.94811,1.8407,1.74661,1.66194,1.58449,1.51037,1.44385,1.37965,1.31966,1.26345,1.20949,1.15859,1.10956,1.0704,1.02248,0.97791,1.41411,1.35366,1.29611,1.24139,1.1885,1.13837,1.09014,1.04385,0.999533,0.957183,0.916781,0.878287,0.841214,0.806013,0.772241,0.739577,0.708714,0.678988,0.650697
0.32,23.3197,18.0825,16.1482,14.9101,14.1395,14.1386,14.6341,15.2233,17.5243,18.2558,18.5493,18.3398,18.0849,17.7074,17.3477,17.2813,18.0368,19.5013,21.4179,20.4835,19.4296,18.6024,18.1323,18.3665,18.9296,19.1972,19.1256,18.8424,18.6801,18.8615,19.7745,19.7021,18.9414,18.6384,18.8458,18.9299,18.7432,18.5545,18.8764,18.8328,18.4662,18.4402,18.4486,18.2831,18.2627,18.2391,18.0737,18.0442,17.9529,17.8837,10.1281,9.67986,9.2467,8.8842,8.49809,8.14539,7.82121,7.53089,7.21498,6.92395,6.62263,6.34563,6.09007,5.82831,5.58725,5.36451,5.13828,4.91133,4.70268,4.51021,4.31788,4.12739,3.95216,3.79043,3.62021,3.47318,3.31952,3.17807,3.04004,2.90589,2.77606,2.65649,2.54067,2.42878,2.32089,2.21705,2.11721,2.02129,1.92918,1.83766,1.75301,1.6689,1.58797,1.50985,1.4319,1.35632,1.28168,1.22215,1.1517,1.08965,1.44341,1.3819,1.32335,1.26765,1.21381,1.16278,1.11366,1.06652,1.02138,0.978239,0.937073,0.897846,0.860062,0.82418,0.789751,0.756446,0.724975,0.694658,0.665801
0.34,23.3242,18.0848,16.1513,14.915,14.1492,14.15,14.6494,15.2413,17.549,18.2759,18.5667,18.3554,18.1,17.7224,17.3637,17.3064,18.0713,19.536,21.4452,20.5012,19.4463,18.6208,18.1584,18.4021,18.9658,19.2299,19.1568,18.8735,18.7137,18.9111,19.8224,19.739,18.9776,18.6859,18.8988,18.9798,18.793,18.6106,18.9465,18.8927,18.5263,18.511,18.5193,18.355,18.3461,18.3218,18.1583,18.1349,18.0448,17.9825,17.9193,9.87937,9.42555,9.05099,8.65525,8.29572,7.96646,7.67214,7.35267,7.05881,6.75491,6.4758,6.21848,5.9551,5.71267,5.48876,5.26144,5.03349,4.82399,4.63081,4.43783,4.24678,4.07109,3.90901,3.73849,3.59129,3.43754,3.2961,3.15819,3.02429,2.89484,2.77576,2.66061,2.54957,2.44276,2.34025,2.24205,2.14811,2.05838,1.96983,1.88844,1.80841,1.73249,1.66047,1.59024,1.52384,1.4594,1.40763,1.34396,1.28443,1.46999,1.4075,1.348,1.2914,1.23669,1.18482,1.13489,1.08697,1.04107,0.9972,0.955336,0.91544,0.877009,0.840509,0.805483,0.771598,0.739576,0.708726,0.67936
0.36,23.3284,18.087,16.1542,14.9196,14.1582,14.1607,14.6638,15.2582,17.5723,18.2949,18.583,18.37,18.1143,17.7365,17.3789,17.3301,18.1038,19.5686,21.4708,20.5178,19.462,18.6381,18.1829,18.4354,18.9996,19.2605,19.1859,18.9027,18.7452,18.9577,19.8669,19.7734,19.0112,18.7303,18.9479,19.0261,18.8391,18.6628,19.0112,18.9478,18.5817,18.5762,18.5843,18.421,18.4228,18.3971,18.2355,18.2173,18.1281,18.072,18.0104,10.1125,9.62002,9.22542,8.81467,8.44491,8.10815,7.80803,7.48339,7.18535,6.8776,6.59528,6.33521,6.06919,5.82446,5.59851,5.36917,5.13925,4.92797,4.73317,4.53857,4.34591,4.16874,4.00527,3.83329,3.6848,3.52968,3.38696,3.24777,3.11261,2.9819,2.86165,2.74532,2.63311,2.52515,2.42151,2.32218,2.22714,2.13633,2.04668,1.96424,1.88316,1.8062,1.73318,1.66193,1.59453,1.52911,1.47653,1.41183,1.35132,1.49482,1.4314,1.371,1.31354,1.25799,1.20532,1.15463,1.10596,1.05935,1.0148,0.972282,0.931759,0.89272,0.855643,0.82006,0.785634,0.7531,0.721754,0.691914
0.38,23.3324,18.0891,16.157,14.9241,14.1668,14.1708,14.6774,15.2743,17.5942,18.3127,18.5984,18.3838,18.1277,17.7498,17.3931,17.3526,18.1343,19.5993,21.4948,20.5334,19.4767,18.6543,18.2061,18.4668,19.0313,19.2893,19.2132,18.93,18.7747,19.0014,19.9084,19.8055,19.0427,18.7719,18.9938,19.0692,18.8821,18.7114,19.071,18.9987,18.633,18.6365,18.6441,18.4819,18.4938,18.4663,18.3063,18.2927,18.204,18.1538,18.093,18.0227,9.85488,9.42152,8.98551,8.59993,8.25218,7.94384,7.61207,7.30839,6.99551,6.70893,6.44527,6.17581,5.92808,5.69948,5.46753,5.23506,5.02148,4.82457,4.62788,4.43315,4.25407,4.08882,3.91494,3.76478,3.6079,3.46352,3.32268,3.18588,3.05355,2.93176,2.81391,2.7002,2.59076,2.48565,2.38488,2.28843,2.19621,2.10514,2.02137,1.93893,1.86065,1.78633,1.71379,1.64514,1.57846,1.52484,1.45884,1.39707,1.51857,1.45423,1.39295,1.33466,1.27829,1.22486,1.17342,1.12404,1.07674,1.03153,0.988381,0.947257,0.907636,0.870006,0.833891,0.798949,0.765925,0.734107,0.703816
0.4,23.3361,18.0911,16.1596,14.9283,14.175,14.1805,14.6903,15.2895,17.6149,18.3295,18.613,18.3969,18.1404,17.7623,17.4066,17.3741,18.1632,19.6282,21.5174,20.5481,19.4906,18.6697,18.228,18.4965,19.0612,19.3163,19.239,18.9557,18.8024,19.0427,19.9473,19.8357,19.0723,18.811,19.0367,19.1095,18.9223,18.757,19.1267,19.0459,18.6809,18.6927,18.6997,18.5383,18.5598,18.53,18.3718,18.3621,18.2738,18.229,18.1688,18.1018,18.0429,9.67266,9.18408,8.771,8.40597,8.08551,7.74371,7.43239,7.11272,6.82068,6.55246,6.27872,6.02731,5.79549,5.56042,5.32492,5.10864,4.90927,4.71017,4.51306,4.3318,4.16454,3.98853,3.83653,3.67769,3.53149,3.38886,3.2503,3.11622,2.9928,2.87335,2.75806,2.64707,2.54044,2.43818,2.34027,2.24665,2.15415,2.06903,1.98525,1.90567,1.83008,1.75628,1.68641,1.61853,1.56392,1.49669,1.43374,1.54178,1.47652,1.41437,1.35524,1.29807,1.24387,1.1917,1.14161,1.09363,1.04777,1.004,0.962287,0.922097,0.883924,0.847289,0.811842,0.778342,0.746063,0.715334
0.42,23.3396,18.093,16.1621,14.9323,14.1828,14.1896,14.7025,15.3039,17.6347,18.3455,18.6268,18.4092,18.1524,17.7743,17.4195,17.3945,18.1905,19.6556,21.5387,20.562,19.5038,18.6842,18.2489,18.5246,19.0894,19.3418,19.2633,18.98,18.8287,19.0817,19.9838,19.864,19.1001,18.8479,19.077,19.1473,18.96,18.7999,19.1787,19.0901,18.7256,18.7451,18.7514,18.5909,18.6215,18.5891,18.4326,18.4264,18.3384,18.2987,18.2385,18.1748,18.1175,18.0652,9.45585,8.97913,8.5821,8.24165,7.88471,7.56248,7.23356,6.93432,6.66026,6.38116,6.12524,5.88954,5.65076,5.41173,5.19232,4.99017,4.78833,4.58858,4.40491,4.23545,4.05714,3.90314,3.74222,3.5941,3.44958,3.30917,3.17329,3.04819,2.92709,2.8102,2.69764,2.58949,2.48575,2.38641,2.29138,2.19749,2.11107,2.02598,1.94514,1.86835,1.79335,1.72233,1.65331,1.59778,1.52939,1.46535,1.56494,1.49873,1.43568,1.37571,1.31772,1.26275,1.20983,1.15902,1.11036,1.06385,1.01946,0.977151,0.936389,0.897674,0.860519,0.824569,0.790593,0.757856,0.726691
0.44,23.343,18.0948,16.1645,14.936,14.1902,14.1983,14.7142,15.3177,17.6534,18.3607,18.6399,18.421,18.1638,17.7856,17.4317,17.414,18.2165,19.6816,21.559,20.5752,19.5162,18.698,18.2688,18.5514,19.1161,19.366,19.2863,19.003,18.8536,19.1188,20.0183,19.8907,19.1263,18.8829,19.115,19.1829,18.9955,18.8404,19.2274,19.1314,18.7676,18.7943,18.7998,18.6401,18.6793,18.6442,18.4893,18.4863,18.3984,18.3636,18.3032,18.2424,18.1865,18.1367,18.0821,9.30084,8.81131,8.42925,8.04572,7.70621,7.36367,7.05437,6.77251,6.48645,6.22485,5.98438,5.74113,5.4979,5.27485,5.06949,4.86458,4.66186,4.47552,4.30365,4.12283,3.9667,3.80356,3.6534,3.5069,3.36457,3.22682,3.09999,2.97722,2.85869,2.74456,2.63487,2.52966,2.42889,2.33249,2.23722,2.14952,2.06316,1.9811,1.90314,1.82699,1.75486,1.68476,1.62835,1.55887,1.4938,1.58851,1.52132,1.45734,1.39647,1.33763,1.28185,1.22816,1.17662,1.12726,1.08007,1.03504,0.992122,0.950776,0.911506,0.873819,0.837356,0.802895,0.769693,0.738084
0.46,23.3461,18.0965,16.1668,14.9397,14.1972,14.2066,14.7253,15.3309,17.6713,18.3751,18.6525,18.4322,18.1747,17.7964,17.4433,17.4327,18.2412,19.7064,21.5782,20.5877,19.5281,18.7111,18.2877,18.5768,19.1415,19.389,19.3081,19.0249,18.8773,19.154,20.0509,19.916,19.1512,18.9161,19.1509,19.2165,19.029,18.8788,19.2732,19.1702,18.8072,18.8406,18.8453,18.6862,18.7337,18.6957,18.5425,18.5422,18.4544,18.4242,18.3634,18.3054,18.2506,18.2032,18.1498,18.1032,9.32948,8.70428,8.25222,7.87875,7.51289,7.18797,6.89471,6.59902,6.32986,6.08324,5.83436,5.586,5.35859,5.14945,4.94095,4.73484,4.54551,4.37094,4.18737,4.0289,3.86336,3.71102,3.56241,3.41804,3.27834,3.14972,3.0252,2.90501,2.78925,2.67802,2.57131,2.4691,2.37132,2.27468,2.18571,2.0981,2.01484,1.93573,1.85845,1.78525,1.71409,1.65683,1.5863,1.52023,1.61311,1.54484,1.47985,1.41803,1.35828,1.30164,1.24712,1.19479,1.14468,1.09679,1.05108,1.00752,0.965559,0.925707,0.887464,0.850464,0.815498,0.78181,0.74974
0.48,23.3492,18.0981,16.169,14.9432,14.2039,14.2146,14.736,15.3434,17.6884,18.389,18.6645,18.4429,18.1852,17.8067,17.4545,17.4506,18.2648,19.73,21.5966,20.5997,19.5395,18.7237,18.3059,18.6011,19.1657,19.4109,19.3289,19.0456,18.8998,19.1876,20.0819,19.94,19.1749,18.9478,19.1849,19.2484,19.0607,18.9152,19.3165,19.2068,18.8447,18.8843,18.8881,18.7298,18.785,18.744,18.5926,18.5946,18.5069,18.4811,18.4197,18.3643,18.3104,18.2652,18.2128,18.1683,18.1204,10.1444,8.64786,8.12677,7.70417,7.34918,7.03657,6.72586,6.44566,6.19046,5.93406,5.67907,5.44616,5.23238,5.01957,4.80946,4.61664,4.43898,4.25229,4.09121,3.92301,3.76829,3.61739,3.47084,3.32904,3.19852,3.07218,2.95023,2.8328,2.71996,2.61171,2.50802,2.40884,2.3108,2.22055,2.13168,2.04721,1.96696,1.88855,1.81429,1.7421,1.684,1.61242,1.54537,1.63948,1.57001,1.50388,1.441,1.38023,1.32264,1.26722,1.21403,1.1631,1.11442,1.06798,1.02372,0.981097,0.940617,0.901773,0.864195,0.828685,0.794476,0.761913
0.5,23.3521,18.0997,16.1711,14.9466,14.2104,14.2222,14.7462,15.3555,17.7047,18.4022,18.6759,18.4532,18.1951,17.8166,17.4651,17.4679,18.2874,19.7526,21.614,20.6111,19.5503,18.7356,18.3233,18.6243,19.1887,19.4317,19.3488,19.0655,18.9213,19.2197,20.1113,19.9628,19.1973,18.9779,19.2173,19.2787,19.0909,18.9499,19.3573,19.2414,18.8801,18.9256,18.9285,18.7709,18.8336,18.7896,18.6398,18.644,18.5563,18.5347,18.4726,18.4196,18.3665,18.3234,18.2719,18.2292,18.1823,18.248,10.0168,9.4044,8.06017,7.5827,7.22219,6.88194,6.58259,6.31378,6.04614,5.78177,5.54142,5.32157,5.10326,4.88816,4.69109,4.50977,4.3194,4.1553,3.98406,3.82663,3.67318,3.5242,3.38012,3.24753,3.11922,2.99539,2.87617,2.76163,2.65176,2.54653,2.44588,2.34641,2.25483,2.16466,2.07896,1.99754,1.918,1.84265,1.76941,1.71046,1.63784,1.56982,1.66886,1.59795,1.53048,1.46635,1.4044,1.3457,1.28923,1.23504,1.18318,1.13361,1.08634,1.0413,0.997915,0.956728,0.91721,0.878988,0.842873,0.808085,0.774973
0.52,23.3549,18.1012,16.1731,14.9498,14.2166,14.2295,14.7561,15.3671,17.7204,18.4149,18.6869,18.463,18.2047,17.8261,17.4754,17.4845,18.3091,19.7743,21.6308,20.6221,19.5606,18.7471,18.34,18.6465,19.2108,19.4516,19.3678,19.0844,18.9419,19.2504,20.1393,19.9845,19.2188,19.0067,19.248,19.3075,19.1195,18.983,19.3961,19.2742,18.9138,18.9648,18.9668,18.8098,18.8797,18.8325,18.6845,18.6906,18.6029,18.5853,18.5224,18.4717,18.4193,18.3782,18.3273,18.2864,18.2404,18.3077,18.2608,9.86139,9.32065,8.74119,7.60599,7.12027,6.76826,6.47086,6.18272,5.90282,5.651,5.42228,5.1963,4.9745,4.7719,4.5859,4.39097,4.22318,4.04831,3.88771,3.73129,3.57953,3.43285,3.29792,3.16742,3.04152,2.92035,2.80395,2.69233,2.58546,2.48324,2.38224,2.28926,2.19772,2.11074,2.0281,1.94737,1.8709,1.79658,1.73676,1.66308,1.59406,1.70348,1.6307,1.56152,1.49579,1.43233,1.37225,1.31448,1.25907,1.20605,1.15542,1.10713,1.06114,1.01687,0.974834,0.934523,0.895541,0.858713,0.823248,0.789498
0.54,23.3575,18.1026,16.175,14.9529,14.2226,14.2367,14.7655,15.3783,17.7355,18.427,18.6975,18.4725,18.2139,17.8352,17.4852,17.5005,18.3298,19.795,21.6468,20.6326,19.5706,18.7582,18.3561,18.6679,19.2319,19.4707,19.3859,19.1026,18.9616,19.2798,20.1661,20.0053,19.2393,19.0343,19.2774,19.3349,19.1469,19.0146,19.4329,19.3054,18.9459,19.0021,19.0032,18.8469,18.9236,18.8732,18.7269,18.7347,18.647,18.6333,18.5694,18.521,18.4691,18.4299,18.3796,18.3402,18.295,18.3639,18.3181,18.2756,9.64642,9.18047,8.7311,8.22163,7.34851,6.74329,6.38307,6.06456,5.78999,5.54554,5.30696,5.07495,4.86427,4.67168,4.47061,4.29799,4.11844,3.95385,3.79378,3.63866,3.48888,3.35122,3.21817,3.08989,2.96649,2.848,2.73444,2.62572,2.52179,2.41911,2.32461,2.2316,2.14323,2.05928,1.97729,1.89964,1.82417,1.76343,1.68862,1.61856,1.74866,1.67297,1.60116,1.53308,1.46744,1.40538,1.34577,1.28866,1.23406,1.18197,1.13233,1.08508,1.03962,0.996501,0.955155,0.91519,0.877456,0.841128,0.80657
0.56,23.3601,18.104,16.1769,14.9559,14.2284,14.2434,14.7746,15.389,17.75,18.4387,18.7077,18.4816,18.2227,17.8439,17.4947,17.5159,18.3498,19.815,21.6622,20.6426,19.5801,18.7687,18.3715,18.6884,19.2521,19.489,19.4033,19.12,18.9805,19.308,20.1917,20.0251,19.2589,19.0608,19.3055,19.3611,19.173,19.045,19.4679,19.335,18.9765,19.0376,19.0377,18.8821,18.9654,18.9118,18.7672,18.7766,18.6888,18.6789,18.6139,18.5676,18.5161,18.4789,18.429,18.3911,18.3466,18.4169,18.3722,18.3305,18.2885,9.44366,9.02706,8.5935,8.18159,7.77983,7.31337,6.43997,6.02377,5.7275,5.45783,5.20467,4.97942,4.77592,4.56517,4.38529,4.19912,4.02899,3.86399,3.70449,3.55075,3.40966,3.27345,3.14227,3.0162,2.89526,2.7794,2.66857,2.56265,2.45806,2.36185,2.26718,2.17726,2.09187,2.00848,1.92953,1.85281,1.79109,1.71506,1.64387,1.82732,1.74372,1.66538,1.59177,1.52134,1.45515,1.3919,1.33156,1.27406,1.21937,1.16738,1.118,1.07061,1.02571,0.982752,0.94128,0.902166,0.864559,0.828807
0.58,23.3626,18.1053,16.1787,14.9588,14.2339,14.25,14.7834,15.3994,17.7639,18.45,18.7174,18.4903,18.2312,17.8523,17.5038,17.5309,18.369,19.8342,21.6769,20.6523,19.5893,18.7789,18.3865,18.7081,19.2715,19.5066,19.4201,19.1367,18.9987,19.3351,20.2162,20.0442,19.2777,19.0862,19.3323,19.3862,19.198,19.074,19.5013,19.3633,19.0058,19.0715,19.0707,18.9157,19.0053,18.9485,18.8056,18.8164,18.7286,18.7222,18.6561,18.6119,18.5608,18.5253,18.4758,18.4393,18.3955,18.4671,18.4234,18.3824,18.3414,18.3026,9.25379,8.83236,8.44298,8.07974,7.70434,7.3165,6.94009,6.54864,5.86705,5.43941,5.15942,4.92567,4.69282,4.49871,4.3006,4.12132,3.94865,3.78253,3.62303,3.47717,3.33667,3.20166,3.07213,2.94801,2.8293,2.71584,2.6075,2.50063,2.40237,2.30574,2.21401,2.12694,2.04196,1.96152,1.88338,1.82053,1.74315,1.6707,2.03435,1.94015,1.8501,1.76407,1.68043,1.60069,1.52356,1.4494,1.37873,1.31211,1.24978,1.19165,1.13682,1.0857,1.0374,0.991297,0.948207,0.907089,0.868259
0.6,23.3649,18.1066,16.1804,14.9616,14.2393,14.2563,14.7919,15.4094,17.7774,18.4609,18.7269,18.4988,18.2394,17.8605,17.5127,17.5453,18.3875,19.8527,21.6911,20.6616,19.5981,18.7888,18.4009,18.7271,19.2902,19.5235,19.4362,19.1528,19.0162,19.3612,20.2397,20.0624,19.2958,19.1106,19.3581,19.4103,19.222,19.1019,19.5333,19.3904,19.0338,19.1039,19.1023,18.9478,19.0435,18.9835,18.8423,18.8543,18.7665,18.7636,18.6963,18.6541,18.6033,18.5695,18.5202,18.4852,18.4419,18.5148,18.4719,18.4316,18.3915,18.3535,18.3177,9.03715,8.64933,8.29232,7.92945,7.56356,7.224,6.90633,6.58245,6.25026,5.92392,5.56867,4.99201,4.70646,4.46351,4.25815,4.06711,3.88717,3.71682,3.5627,3.41523,3.27422,3.13946,3.01082,2.88803,2.77094,2.65936,2.54945,2.44855,2.34942,2.25541,2.16626,2.07931,1.99706,1.91721,1.85303,1.77402,1.7001,2.12858,2.03588,1.9477,1.86387,1.78292,1.70625,1.63252,1.56181,1.49415,1.42956,1.368,1.30938,1.25298,1.19949,1.14822,1.09866,1.0519,1.0069,0.964132
0.62,23.3672,18.1079,16.1821,14.9643,14.2445,14.2624,14.8001,15.4191,17.7904,18.4714,18.736,18.5069,18.2473,17.8683,17.5212,17.5593,18.4053,19.8705,21.7048,20.6706,19.6067,18.7983,18.4148,18.7455,19.3082,19.5398,19.4517,19.1683,19.0331,19.3864,20.2623,20.08,19.3132,19.1342,19.3828,19.4334,19.245,19.1288,19.5639,19.4163,19.0607,19.135,19.1324,18.9786,19.08,19.017,18.8774,18.8906,18.8027,18.8032,18.7347,18.6944,18.6437,18.6117,18.5625,18.5288,18.486,18.5601,18.5181,18.4784,18.4391,18.4019,18.3667,18.331,8.84081,8.47947,8.11564,7.75227,7.41848,7.11016,6.80085,6.49266,6.20658,5.93956,5.65384,5.40067,5.12459,4.84632,4.47645,4.11303,3.88643,3.70255,3.53507,3.37939,3.23324,3.09547,2.96517,2.84182,2.72495,2.61028,2.50537,2.40256,2.3053,2.21324,2.12356,2.03889,1.95677,1.89081,1.80971,1.7339,2.18907,2.09522,2.00592,1.92101,1.83899,1.76127,1.6865,1.61479,1.54614,1.48058,1.41805,1.3585,1.30119,1.24679,1.19462,1.14418,1.09656,1.05071,1.0071
0.64,23.3694,18.1091,16.1838,14.9669,14.2496,14.2684,14.8081,15.4284,17.803,18.4815,18.7448,18.5148,18.255,17.8759,17.5294,17.5729,18.4226,19.8878,21.7181,20.6793,19.6149,18.8074,18.4283,18.7632,19.3256,19.5555,19.4667,19.1832,19.0493,19.4106,20.284,20.0969,19.3299,19.1569,19.4066,19.4556,19.2672,19.1547,19.5932,19.4411,19.0866,19.1648,19.1613,19.0081,19.1151,19.0489,18.911,18.9252,18.8373,18.8411,18.7713,18.7329,18.6824,18.6519,18.6029,18.5704,18.5281,18.6033,18.5621,18.5229,18.4844,18.4479,18.4133,18.3783,18.3458,8.6655,8.29221,7.92302,7.58647,7.27745,6.96932,6.66432,6.38353,6.12385,5.84977,5.61197,5.36218,5.13072,4.90295,4.67894,4.45816,4.24934,4.03741,3.81023,3.51724,3.28222,3.11193,2.96473,2.83132,2.70395,2.58945,2.47867,2.37482,2.27724,2.18269,2.09382,2.00792,1.93915,1.85484,1.77621,2.23813,2.14288,2.05222,1.96599,1.88266,1.80368,1.72769,1.65477,1.58495,1.51824,1.4546,1.39397,1.33559,1.28016,1.22698,1.17556,1.12698,1.08019,1.03567
0.66,23.3716,18.1102,16.1853,14.9695,14.2544,14.2741,14.8158,15.4375,17.8152,18.4913,18.7534,18.5224,18.2624,17.8833,17.5374,17.5861,18.4393,19.9044,21.7308,20.6877,19.6229,18.8163,18.4414,18.7804,19.3424,19.5707,19.4811,19.1976,19.0651,19.4341,20.305,20.1132,19.3461,19.1789,19.4296,19.477,19.2885,19.1797,19.6213,19.465,19.1115,19.1934,19.1891,19.0364,19.1488,19.0795,18.9433,18.9584,18.8704,18.8775,18.8063,18.7697,18.7193,18.6905,18.6415,18.6101,18.5684,18.6445,18.6041,18.5654,18.5277,18.4918,18.4577,18.4234,18.3915,18.3618,8.47981,8.09567,7.74958,7.43433,7.12172,6.81381,6.53144,6.27128,5.99774,5.76147,5.51441,5.28679,5.06439,4.8479,4.63785,4.44394,4.2557,4.0734,3.89698,3.72638,3.56138,3.40156,3.24619,3.08845,2.93627,2.77046,2.58122,2.42759,2.30429,2.19738,2.09846,2.02118,1.92805,1.84239,2.28213,2.18538,2.09327,2.00566,1.92097,1.8407,1.76346,1.68932,1.61831,1.55046,1.48572,1.42403,1.36462,1.3082,1.25406,1.20169,1.15221,1.10455,1.05919
0.68,23.3737,18.1114,16.1869,14.9719,14.2592,14.2797,14.8233,15.4463,17.827,18.5009,18.7616,18.5298,18.2696,17.8904,17.5452,17.5989,18.4554,19.9206,21.7432,20.6958,19.6306,18.8249,18.4541,18.797,19.3586,19.5854,19.4951,19.2116,19.0803,19.4568,20.3252,20.1289,19.3616,19.2001,19.4517,19.4977,19.309,19.2039,19.6484,19.4879,19.1354,19.221,19.2158,19.0637,19.1812,19.1089,18.9744,18.9903,18.9022,18.9124,18.8399,18.8051,18.7547,18.7275,18.6785,18.6482,18.6068,18.684,18.6443,18.6061,18.569,18.5338,18.5002,18.4664,18.435,18.4059,18.3761,18.346,7.92653,7.5975,7.27465,6.95903,6.67106,6.40682,6.12972,5.8911,5.64212,5.41321,5.19006,4.97328,4.76352,4.57037,4.38337,4.20282,4.02887,3.86167,3.70111,3.5473,3.4,3.25439,3.12024,2.98798,2.86216,2.74242,2.6252,2.51387,2.4053,2.31757,2.20889,2.10619,2.32416,2.22581,2.13216,2.04309,1.95699,1.87539,1.79684,1.72145,1.64926,1.58026,1.51442,1.45167,1.39123,1.33384,1.27876,1.22547,1.17513,1.12662,1.08045
0.7,23.3757,18.1125,16.1883,14.9744,14.2638,14.2852,14.8306,15.4549,17.8385,18.5101,18.7697,18.537,18.2765,17.8973,17.5527,17.6114,18.4711,19.9362,21.7551,20.7036,19.638,18.8332,18.4664,18.8131,19.3743,19.5996,19.5086,19.2251,19.0951,19.4787,20.3447,20.144,19.3767,19.2206,19.473,19.5176,19.3289,19.2273,19.6744,19.51,19.1586,19.2475,19.2415,19.0899,19.2125,19.1372,19.0043,19.0209,18.9328,18.946,18.8721,18.839,18.7887,18.7629,18.714,18.6847,18.6437,18.7218,18.6828,18.6451,18.6086,18.5739,18.5408,18.5076,18.4767,18.4481,18.4187,18.3891,18.3618,7.79443,7.44675,7.11527,6.81631,6.54388,6.25983,6.01603,5.7624,5.5298,5.30339,5.08387,4.87168,4.67656,4.48785,4.30577,4.13057,3.96226,3.80086,3.64635,3.49858,3.35259,3.21824,3.08598,2.96036,2.84104,2.72449,2.61419,2.50701,2.42081,2.31469,2.21536,2.36651,2.26636,2.17102,2.08036,1.99273,1.90967,1.82974,1.75303,1.67958,1.60937,1.54238,1.47854,1.41704,1.35864,1.3026,1.2484,1.19716,1.14781,1.10083
0.72,23.3776,18.1135,16.1898,14.9767,14.2683,14.2904,14.8376,15.4632,17.8496,18.519,18.7775,18.544,18.2833,17.904,17.56,17.6235,18.4862,19.9514,21.7667,20.7112,19.6453,18.8413,18.4784,18.8287,19.3895,19.6133,19.5217,19.2381,19.1094,19.4999,20.3636,20.1587,19.3913,19.2405,19.4936,19.5368,19.348,19.2499,19.6995,19.5313,19.1809,19.2731,19.2662,19.1153,19.2426,19.1643,19.0331,19.0503,18.9622,18.9783,18.9031,18.8716,18.8213,18.7971,18.748,18.7198,18.6791,18.7581,18.7197,18.6824,18.6465,18.6125,18.5798,18.5471,18.5167,18.4884,18.4596,18.4304,18.4035,18.3785,18.3535,7.31747,6.98967,6.69904,6.40138,6.14829,5.88653,5.64752,5.41567,5.19138,4.97501,4.77635,4.58442,4.39946,4.22158,4.05085,3.88721,3.73058,3.58089,3.43303,3.29699,3.16309,3.03594,2.91517,2.79726,2.68564,2.57719,2.48996,2.38254,2.282,2.41167,2.30938,2.21204,2.11952,2.03012,1.9454,1.86389,1.78569,1.71083,1.63929,1.57104,1.506,1.44336,1.38388,1.32681,1.27161,1.21944,1.16918,1.12135
0.74,23.3795,18.1146,16.1912,14.979,14.2726,14.2955,14.8445,15.4713,17.8605,18.5278,18.7851,18.5507,18.2899,17.9105,17.5672,17.6353,18.501,19.9662,21.778,20.7186,19.6523,18.8491,18.4901,18.8439,19.4043,19.6267,19.5345,19.2508,19.1233,19.5206,20.3819,20.1729,19.4054,19.2598,19.5136,19.5555,19.3666,19.2719,19.7238,19.5518,19.2025,19.2978,19.2902,19.1397,19.2717,19.1905,19.061,19.0787,18.9906,19.0096,18.9329,18.9031,18.8528,18.83,18.7808,18.7536,18.7132,18.793,18.7553,18.7184,18.6831,18.6495,18.6173,18.5851,18.5551,18.5273,18.4988,18.47,18.4435,18.4189,18.3943,18.3698,7.32284,6.93183,6.58865,6.31136,6.0316,5.7798,5.53825,5.30609,5.08304,4.8789,4.68212,4.49286,4.31111,4.13684,3.97001,3.81043,3.65799,3.50751,3.36911,3.23291,3.1036,2.98082,2.86095,2.74748,2.63723,2.54857,2.43938,2.33716,2.46445,2.35912,2.25898,2.16393,2.07221,1.98539,1.90193,1.82185,1.74527,1.6721,1.60233,1.53588,1.4719,1.41115,1.35288,1.29653,1.24329,1.19201,1.14322
0.76,23.3813,18.1156,16.1926,14.9812,14.2768,14.3005,14.8512,15.4792,17.871,18.5362,18.7924,18.5573,18.2962,17.9168,17.5741,17.6468,18.5153,19.9805,21.7888,20.7258,19.6591,18.8567,18.5014,18.8586,19.4186,19.6396,19.5468,19.2631,19.1367,19.5405,20.3996,20.1867,19.4191,19.2785,19.5329,19.5734,19.3845,19.2932,19.7471,19.5716,19.2234,19.3217,19.3132,19.1633,19.2997,19.2157,19.0878,19.1061,19.0179,19.0397,18.9616,18.9333,18.883,18.8616,18.8123,18.786,18.746,18.8265,18.7894,18.7529,18.7181,18.6851,18.6532,18.6214,18.5919,18.5644,18.5364,18.508,18.4819,18.4576,18.4333,18.4091,18.3868,18.3661,7.57533,6.72021,6.26649,5.96799,5.69864,5.44753,5.21041,4.99575,4.79045,4.59434,4.4067,4.22728,4.05587,3.89221,3.73608,3.58208,3.4406,3.30149,3.16952,3.04422,2.92195,2.80624,2.69387,2.60348,2.49219,2.38804,2.53922,2.42778,2.3225,2.22297,2.12719,2.03681,1.95012,1.86714,1.78789,1.71229,1.6403,1.57181,1.50592,1.44344,1.38355,1.32566,1.27101,1.21839,1.16836
0.78,23.3831,18.1165,16.1939,14.9834,14.2809,14.3054,14.8577,15.4869,17.8812,18.5444,18.7996,18.5637,18.3025,17.923,17.5808,17.6581,18.5293,19.9944,21.7994,20.7328,19.6657,18.8642,18.5124,18.8729,19.4325,19.6522,19.5587,19.2751,19.1498,19.56,20.4167,20.2,19.4324,19.2967,19.5516,19.5909,19.4019,19.3139,19.7698,19.5908,19.2437,19.3448,19.3355,19.1862,19.3269,19.2401,19.1137,19.1325,19.0443,19.0688,18.9894,18.9626,18.9122,18.8922,18.8427,18.8173,18.7776,18.8589,18.8224,18.7861,18.7519,18.7193,18.6879,18.6565,18.6273,18.6003,18.5726,18.5446,18.5188,18.4949,18.4709,18.4471,18.425,18.4046,18.3831,18.3644,7.22305,6.887,6.53723,5.78485,5.42565,5.17046,4.94057,4.72699,4.52622,4.33639,4.15657,3.9858,3.82363,3.66433,3.51842,3.37523,3.23956,3.11096,2.98558,2.86708,2.752,2.65953,2.54573,2.43926,2.81582,2.67381,2.52935,2.38306,2.25335,2.14242,2.04161,1.94816,1.86067,1.77838,1.7008,1.62755,1.55754,1.49142,1.42832,1.36752,1.31028,1.25531,1.20312
0.8,23.3848,18.1175,16.1953,14.9855,14.285,14.3102,14.864,15.4944,17.8912,18.5525,18.8066,18.5699,18.3085,17.929,17.5874,17.6691,18.5429,20.008,21.8097,20.7396,19.6722,18.8714,18.5232,18.8869,19.446,19.6644,19.5704,19.2867,19.1626,19.5789,20.4334,20.213,19.4453,19.3144,19.5698,19.6078,19.4188,19.334,19.7917,19.6095,19.2634,19.3672,19.3571,19.2084,19.3532,19.2636,19.1389,19.1581,19.0699,19.097,19.0162,18.9909,18.9404,18.9218,18.8721,18.8476,18.8081,18.8902,18.8542,18.8183,18.7845,18.7524,18.7213,18.6904,18.6616,18.6349,18.6076,18.5799,18.5545,18.5309,18.5072,18.4836,18.4619,18.4418,18.4205,18.402,18.3827,18.3649,6.85028,6.54601,6.24908,5.97125,5.69451,5.41017,4.82872,4.53308,4.31658,4.12349,3.94564,3.77396,3.61855,3.46733,3.32493,3.19055,3.06009,2.93709,2.81802,2.72243,2.60507,2.49543,2.96482,2.83583,2.71297,2.5961,2.48315,2.37602,2.27292,2.1739,2.07907,1.98836,1.90177,1.81918,1.73955,1.66381,1.59101,1.5204,1.45347,1.38867,1.32664
0.82,23.3865,18.1184,16.1965,14.9876,14.2889,14.3148,14.8702,15.5017,17.9009,18.5603,18.8134,18.576,18.3144,17.9348,17.5938,17.6798,18.5561,20.0212,21.8198,20.7462,19.6785,18.8784,18.5337,18.9005,19.4591,19.6763,19.5817,19.298,19.175,19.5972,20.4495,20.2255,19.4578,19.3315,19.5874,19.6243,19.4351,19.3536,19.8129,19.6275,19.2824,19.3889,19.3781,19.2298,19.3786,19.2864,19.1633,19.1828,19.0946,19.1243,19.0421,19.0182,18.9676,18.9504,18.9005,18.8767,18.8376,18.9203,18.8849,18.8492,18.8159,18.7843,18.7536,18.723,18.6945,18.6682,18.6412,18.6139,18.5888,18.5654,18.5421,18.5188,18.4973,18.4774,18.4564,18.4382,18.4191,18.4015,18.3843,18.3675,6.47372,6.20286,5.94137,5.68907,5.4458,5.21108,4.98426,4.76463,4.55072,4.33218,4.11459,3.67424,3.48155,3.32253,3.17534,3.04012,2.9113,2.80908,2.68444,2.56875,3.05395,2.92308,2.79858,2.68021,2.56586,2.45749,2.35325,2.25321,2.15748,2.06601,1.97879,1.89568,1.81567,1.73974,1.66689,1.59644,1.52992,1.46586,1.40492
0.84,23.3882,18.1193,16.1978,14.9896,14.2927,14.3193,14.8763,15.5088,17.9104,18.5679,18.82,18.5819,18.3202,17.9405,17.6,17.6902,18.5689,20.034,21.8295,20.7526,19.6846,18.8853,18.544,18.9137,19.4719,19.6878,19.5927,19.309,19.187,19.6151,20.4652,20.2377,19.47,19.3482,19.6045,19.6402,19.451,19.3726,19.8334,19.6449,19.3009,19.4099,19.3983,19.2506,19.4033,19.3084,19.1869,19.2067,19.1185,19.1507,19.0671,19.0446,18.994,18.9781,18.9279,18.9049,18.8661,18.9494,18.9145,18.8791,18.8463,18.8151,18.7847,18.7545,18.7263,18.7003,18.6737,18.6467,18.6219,18.5988,18.5757,18.5527,18.5315,18.5119,18.4911,18.4731,18.4543,18.4369,18.4198,18.4032,18.3871,18.3722,6.14186,5.88152,5.63352,5.39729,5.172,4.95677,4.75126,4.54824,4.36146,4.17736,4.00217,3.83531,3.6718,3.51618,3.36392,3.24023,3.08562,2.9365,3.13689,3.00242,2.87462,2.75326,2.63606,2.52516,2.41849,2.31618,2.21826,2.12476,2.03554,1.95059,1.86877,1.79112,1.71661,1.64457,1.57653,1.51097,1.44861
0.86,23.3898,18.1202,16.1989,14.9915,14.2964,14.3237,14.8822,15.5157,17.9196,18.5753,18.8265,18.5877,18.3258,17.9461,17.6061,17.7005,18.5815,20.0466,21.839,20.7588,19.6906,18.8919,18.554,18.9266,19.4844,19.6991,19.6035,19.3197,19.1988,19.6325,20.4805,20.2496,19.4819,19.3645,19.6212,19.6558,19.4665,19.3912,19.8534,19.6619,19.319,19.4304,19.418,19.2709,19.4273,19.3298,19.2098,19.2299,19.1418,19.1763,19.0914,19.0703,19.0195,19.0049,18.9544,18.9323,18.8937,18.9776,18.9433,18.9081,18.8757,18.8449,18.8148,18.7849,18.7571,18.7314,18.7051,18.6784,18.6539,18.6311,18.6083,18.5856,18.5646,18.5452,18.5247,18.5069,18.4883,18.471,18.4542,18.4378,18.4219,18.4072,18.3929,18.3791,18.3658,5.59343,5.3526,5.12624,4.91244,4.70314,4.51162,4.32405,4.1468,3.97877,3.81503,3.66018,3.5099,3.3891,3.24038,3.10124,3.2395,3.09762,2.96345,2.83658,2.7145,2.59916,2.48851,2.38254,2.28131,2.18469,2.09268,2.00507,1.9208,1.84083,1.76416,1.69008,1.62011,1.55271,1.48864
0.88,23.3913,18.1211,16.2,14.9935,14.3001,14.328,14.888,15.5226,17.9287,18.5826,18.8328,18.5934,18.3313,17.9515,17.6121,17.7105,18.5938,20.0589,21.8483,20.765,19.6964,18.8985,18.5638,18.9392,19.4966,19.7101,19.614,19.3301,19.2103,19.6495,20.4954,20.2612,19.4935,19.3805,19.6374,19.6709,19.4816,19.4093,19.8728,19.6784,19.3365,19.4503,19.4372,19.2906,19.4506,19.3506,19.2321,19.2525,19.1643,19.2013,19.115,19.0952,19.0443,19.031,18.9802,18.9589,18.9205,19.005,18.9712,18.9362,18.9042,18.8739,18.844,18.8145,18.787,18.7616,18.7355,18.7092,18.6849,18.6624,18.6398,18.6174,18.5966,18.5774,18.5572,18.5396,18.5212,18.5041,18.4875,18.4713,18.4555,18.441,18.4269,18.4132,18.4001,18.3874,18.3752,18.3635,5.16418,4.90862,4.69264,4.48796,4.29788,4.12,3.94803,3.78651,3.63045,3.50548,3.3521,3.20896,3.6721,3.50123,3.33502,3.16936,2.96349,2.74592,2.61113,2.48995,2.37758,2.27224,2.17306,2.07944,1.98995,1.90549,1.82479,1.74701,1.67376,1.6034,1.53659
0.9,23.3929,18.1219,16.201,14.9954,14.3036,14.3322,14.8936,15.5292,17.9374,18.5897,18.839,18.5989,18.3366,17.9568,17.6179,17.7203,18.6057,20.0708,21.8573,20.7709,19.7021,18.9048,18.5734,18.9515,19.5084,19.7208,19.6242,19.3403,19.2215,19.666,20.5099,20.2725,19.5047,19.396,19.6532,19.6856,19.4962,19.4269,19.8915,19.6943,19.3535,19.4696,19.4558,19.3097,19.4731,19.3707,19.2537,19.2744,19.1862,19.2254,19.1378,19.1193,19.0683,19.0562,19.0052,18.9846,18.9465,19.0315,18.9981,18.9635,18.9317,18.9018,18.8724,18.843,18.8158,18.7907,18.7649,18.7389,18.7148,18.6926,18.6702,18.648,18.6275,18.6085,18.5884,18.5711,18.5528,18.536,18.5195,18.5035,18.4879,18.4735,18.4596,18.4461,18.4331,18.4205,18.4085,18.3969,18.3858,18.3748,18.3647,18.3547,5.02554,4.80453,4.58418,4.04788,3.8177,3.66931,3.49632,3.33948,3.84957,3.68075,3.52057,3.36867,3.22214,3.0835,2.95022,2.82243,2.70014,2.58332,2.47192,2.36574,2.2635,2.16637,2.07316,1.98293,1.8976,1.81532,1.73685
0.91,23.3937,18.1224,16.2016,14.9963,14.3054,14.3343,14.8964,15.5324,17.9418,18.5932,18.842,18.6016,18.3392,17.9594,17.6208,17.7252,18.6116,20.0767,21.8618,20.7739,19.7049,18.908,18.5781,18.9576,19.5143,19.7261,19.6292,19.3453,19.2271,19.6741,20.517,20.278,19.5102,19.4037,19.661,19.6929,19.5035,19.4356,19.9008,19.7022,19.362,19.4791,19.4649,19.3191,19.4842,19.3806,19.2644,19.2851,19.197,19.2373,19.149,19.1311,19.0801,19.0686,19.0175,18.9972,18.9592,19.0445,19.0114,18.9768,18.9453,18.9155,18.8862,18.857,18.83,18.805,18.7793,18.7534,18.7295,18.7074,18.6852,18.6631,18.6427,18.6238,18.6038,18.5865,18.5684,18.5517,18.5353,18.5193,18.5038,18.4895,18.4757,18.4622,18.4493,18.4368,18.4248,18.4133,18.4023,18.3913,18.3813,18.3713,18.3619,18.3529,4.73324,4.53185,4.33624,4.1785,3.98289,3.79717,3.94165,3.7652,3.59922,3.44269,3.2923,3.15048,3.01444,2.88432,2.76003,2.64151,2.52864,2.42124,2.31792,2.21995,2.12605,2.03529,1.94962,1.86715,1.78869
0.92,23.3944,18.1228,16.2022,14.9972,14.3071,14.3364,14.8991,15.5357,17.946,18.5966,18.845,18.6043,18.3418,17.962,17.6236,17.7299,18.6174,20.0825,21.8661,20.7768,19.7076,18.9111,18.5828,18.9636,19.52,19.7313,19.6342,19.3503,19.2325,19.6821,20.524,20.2835,19.5157,19.4112,19.6686,19.7,19.5105,19.4442,19.9099,19.7099,19.3702,19.4884,19.4739,19.3283,19.4951,19.3903,19.2748,19.2956,19.2075,19.249,19.1601,19.1427,19.0917,19.0808,19.0295,19.0095,18.9717,19.0572,19.0244,18.9899,18.9585,18.9289,18.8998,18.8708,18.8438,18.819,18.7935,18.7677,18.7439,18.7219,18.6998,18.6778,18.6575,18.6387,18.6189,18.6017,18.5837,18.567,18.5507,18.5348,18.5194,18.5052,18.4914,18.478,18.4651,18.4527,18.4408,18.4294,18.4184,18.4075,18.3975,18.3876,18.3782,18.3693,18.3605,18.3522,4.45775,4.29794,4.10265,3.92084,4.39215,4.1555,3.72293,3.54482,3.38139,3.23047,3.0876,2.952,2.82319,2.70085,2.58471,2.47446,2.36861,2.26838,2.1724,2.07974,1.99235,1.90829,1.82836
0.93,23.3952,18.1232,16.2027,14.9981,14.3089,14.3384,14.9018,15.5389,17.9503,18.6,18.848,18.6069,18.3444,17.9645,17.6264,17.7347,18.6232,20.0882,21.8705,20.7796,19.7104,18.9141,18.5874,18.9695,19.5257,19.7365,19.6391,19.3552,19.2379,19.6901,20.531,20.2889,19.5211,19.4186,19.6762,19.707,19.5175,19.4527,19.9188,19.7175,19.3784,19.4976,19.4828,19.3374,19.5059,19.3998,19.2852,19.306,19.2179,19.2605,19.1709,19.1542,19.1031,19.0929,19.0414,19.0217,18.984,19.0698,19.0372,19.0028,18.9716,18.9422,18.9132,18.8843,18.8575,18.8328,18.8074,18.7818,18.7581,18.7362,18.7142,18.6924,18.6722,18.6535,18.6337,18.6166,18.5987,18.5821,18.5659,18.5501,18.5348,18.5206,18.5069,18.4936,18.4808,18.4684,18.4566,18.4452,18.4343,18.4235,18.4135,18.4037,18.3943,18.3854,18.3767,18.3685,18.3604,18.3539,4.22669,4.03389,4.56549,4.35614,4.15819,3.97033,3.78854,3.61512,3.44592,3.27817,2.945,2.7954,2.66551,2.54609,2.43332,2.32767,2.22723,2.13075,2.04009,1.95317,1.87073
0.94,23.3958,18.1236,16.2033,14.999,14.3106,14.3404,14.9045,15.542,17.9545,18.6034,18.8509,18.6095,18.347,17.9671,17.6292,17.7393,18.6289,20.0939,21.8747,20.7824,19.7131,18.9172,18.5919,18.9753,19.5313,19.7415,19.6439,19.36,19.2432,19.6979,20.5378,20.2942,19.5264,19.4259,19.6836,19.7139,19.5245,19.4611,19.9277,19.7251,19.3864,19.5067,19.4915,19.3464,19.5165,19.4093,19.2954,19.3163,19.2282,19.2719,19.1816,19.1655,19.1144,19.1047,19.0531,19.0338,18.9962,19.0822,19.0498,19.0156,18.9845,18.9553,18.9264,18.8977,18.871,18.8464,18.8212,18.7957,18.7721,18.7503,18.7285,18.7067,18.6866,18.668,18.6484,18.6313,18.6135,18.597,18.5809,18.5652,18.5499,18.5358,18.5222,18.509,18.4962,18.4839,18.4721,18.4608,18.4499,18.4392,18.4293,18.4195,18.4102,18.4013,18.3927,18.3844,18.3764,18.37,18.3621,18.3546,18.4065,18.397,4.32178,4.11684,3.92631,3.74943,3.58133,3.42137,3.26907,3.12412,2.98611,2.85473,2.72818,2.60782,2.49197,2.37924,2.27153,2.16549,1.95686
0.95,23.3966,18.124,16.2038,14.9999,14.3122,14.3424,14.9072,15.5452,17.9586,18.6067,18.8538,18.6121,18.3495,17.9695,17.632,17.744,18.6345,20.0995,21.879,20.7852,19.7157,18.9202,18.5965,18.9811,19.5368,19.7466,19.6487,19.3647,19.2485,19.7056,20.5446,20.2995,19.5317,19.4332,19.691,19.7208,19.5313,19.4693,19.9364,19.7325,19.3944,19.5156,19.5001,19.3553,19.527,19.4186,19.3054,19.3264,19.2383,19.2831,19.1922,19.1767,19.1255,19.1164,19.0647,19.0456,19.0081,19.0944,19.0622,19.0281,18.9972,18.9681,18.9394,18.9108,18.8843,18.8598,18.8347,18.8093,18.7859,18.7642,18.7424,18.7208,18.7008,18.6823,18.6628,18.6458,18.6281,18.6117,18.5956,18.58,18.5648,18.5508,18.5372,18.5241,18.5114,18.4991,18.4874,18.4761,18.4653,18.4546,18.4447,18.435,18.4258,18.4169,18.4083,18.4002,18.3922,18.3858,18.3779,18.3705,18.4222,18.4128,18.4038,18.3952,18.3869,4.24826,4.04297,3.83873,3.41148,3.24748,3.09846,2.95984,2.82828,2.70465,2.58687,2.47361,2.36709,2.26482,2.16777
0.96,23.3972,18.1244,16.2044,15.0008,14.3139,14.3444,14.9098,15.5483,17.9627,18.61,18.8567,18.6147,18.352,17.972,17.6347,17.7485,18.64,20.1051,21.8832,20.788,19.7184,18.9231,18.6009,18.9868,19.5423,19.7515,19.6534,19.3694,19.2537,19.7133,20.5512,20.3047,19.5369,19.4403,19.6982,19.7276,19.538,19.4775,19.945,19.7398,19.4022,19.5245,19.5087,19.3641,19.5373,19.4278,19.3153,19.3364,19.2483,19.2941,19.2026,19.1877,19.1364,19.1279,19.076,19.0573,19.0199,19.1064,19.0745,19.0405,19.0097,18.9808,18.9522,18.9238,18.8973,18.873,18.848,18.8228,18.7995,18.7779,18.7562,18.7347,18.7148,18.6964,18.6769,18.6601,18.6424,18.6261,18.6101,18.5946,18.5795,18.5655,18.552,18.5389,18.5263,18.5141,18.5024,18.4912,18.4805,18.4698,18.46,18.4503,18.4411,18.4323,18.4238,18.4156,18.4077,18.4013,18.3935,18.3861,18.4377,18.4283,18.4194,18.4108,18.4025,18.3947,18.3872,18.3799,18.3729,3.7075,3.53215,3.36933,3.21466,3.06876,2.92896,2.79318,2.66316,2.38046,2.26423
0.97,23.3981,18.1248,16.2049,15.0017,14.3156,14.3463,14.9124,15.5513,17.9668,18.6133,18.8596,18.6172,18.3544,17.9744,17.6373,17.7531,18.6455,20.1106,21.8873,20.7907,19.721,18.9261,18.6054,18.9925,19.5478,19.7565,19.6581,19.3741,19.2588,19.7209,20.5579,20.3098,19.542,19.4475,19.7055,19.7343,19.5447,19.4856,19.9536,19.7471,19.41,19.5332,19.5171,19.3728,19.5476,19.4369,19.3252,19.3463,19.2582,19.3051,19.2129,19.1986,19.1473,19.1394,19.0873,19.069,19.0316,19.1184,19.0867,19.0527,19.0221,18.9934,18.9651,18.9366,18.9103,18.8861,18.8612,18.8361,18.8129,18.7914,18.7699,18.7484,18.7286,18.7103,18.6909,18.6742,18.6566,18.6404,18.6245,18.609,18.594,18.5801,18.5666,18.5536,18.541,18.5289,18.5173,18.5061,18.4955,18.4849,18.4751,18.4655,18.4563,18.4476,18.439,18.4309,18.4231,18.4167,18.4089,18.4016,18.4531,18.4437,18.4348,18.4263,18.4181,18.4102,18.4027,18.3955,18.3886,18.382,18.3756,18.3696,18.3638,3.5561,3.3815,3.21766,3.0636,2.74064,2.59306
0.98,23.3986,18.1251,16.2055,15.0026,14.3172,14.3483,14.9149,15.5544,17.9708,18.6165,18.8624,18.6197,18.3568,17.9768,17.64,17.7576,18.651,20.116,21.8914,20.7934,19.7236,18.9289,18.6097,18.9981,19.5531,19.7612,19.6627,19.3787,19.2638,19.7283,20.5644,20.3149,19.5471,19.4544,19.7125,19.7408,19.5512,19.4936,19.9619,19.7542,19.4177,19.5418,19.5253,19.3812,19.5577,19.4458,19.3348,19.3559,19.2679,19.3159,19.223,19.2093,19.1578,19.1506,19.0983,19.0802,19.0431,19.1301,19.0985,19.0646,19.0341,19.0056,18.9775,18.949,18.9229,18.8988,18.8741,18.849,18.826,18.8046,18.7831,18.7618,18.7421,18.7239,18.7046,18.6879,18.6704,18.6543,18.6385,18.6231,18.6081,18.5943,18.5809,18.568,18.5555,18.5434,18.5318,18.5207,18.5101,18.4995,18.4898,18.4802,18.4711,18.4624,18.4539,18.4459,18.4381,18.4317,18.424,18.4167,18.4681,18.4588,18.4499,18.4414,18.4332,18.4254,18.4179,18.4107,18.4038,18.3973,18.391,18.385,18.3792,18.3737,18.3684,18.3633,18.3584,18.3538,18.3494
0.99,23.3994,18.1255,16.206,15.0034,14.3188,14.3502,14.9173,15.5574,17.9748,18.6196,18.8651,18.6221,18.3592,17.9791,17.6425,17.762,18.6564,20.1214,21.8954,20.7961,19.7261,18.9318,18.614,19.0034,19.5583,19.7659,19.6672,19.3832,19.2688,19.7358,20.5708,20.3199,19.5522,19.4612,19.7193,19.7472,19.5576,19.5015,19.9702,19.7613,19.4253,19.5501,19.5334,19.3895,19.5676,19.4546,19.3441,19.3653,19.2773,19.3266,19.2328,19.2197,19.1681,19.1617,19.109,19.0912,19.0545,19.1414,19.11,19.0762,19.046,19.0175,18.9896,18.9613,18.9352,18.9113,18.8867,18.8618,18.8388,18.8175,18.7962,18.775,18.7554,18.7373,18.7181,18.7015,18.6841,18.668,18.6523,18.6369,18.6221,18.6083,18.595,18.5821,18.5697,18.5577,18.5462,18.5351,18.5246,18.5141,18.5044,18.4949,18.4858,18.4771,18.4687,18.4607,18.4529,18.4466,18.4389,18.4316,18.4829,18.4736,18.4648,18.4563,18.4482,18.4404,18.433,18.4258,18.419,18.4124,18.4061,18.4002,18.3944,18.3889,18.3837,18.3786,18.3738,18.3691,18.3647
0.995,23.3997,18.1257,16.2062,15.0038,14.3196,14.3511,14.9186,15.5589,17.9767,18.6211,18.8664,18.6233,18.3603,17.9803,17.6438,17.7641,18.6589,20.1241,21.8975,20.7974,19.7274,18.9332,18.6161,19.0061,19.5609,19.7683,19.6694,19.3854,19.2712,19.7395,20.574,20.3224,19.5547,19.4645,19.7228,19.7504,19.5609,19.5055,19.9744,19.7648,19.429,19.5543,19.5374,19.3937,19.5726,19.459,19.3488,19.37,19.282,19.3318,19.2377,19.2248,19.1733,19.1673,19.1143,19.0967,19.06,19.147,19.1157,19.082,19.0518,19.0234,18.9956,18.9673,18.9414,18.9175,18.8929,18.8681,18.8452,18.824,18.8027,18.7815,18.762,18.7439,18.7247,18.7082,18.6908,18.6748,18.6591,18.6438,18.629,18.6153,18.602,18.5891,18.5767,18.5648,18.5533,18.5423,18.5317,18.5212,18.5116,18.5021,18.493,18.4844,18.476,18.468,18.4602,18.454,18.4462,18.439,18.4903,18.481,18.4721,18.4637,18.4556,18.4479,18.4404,18.4333,18.4264,18.4199,18.4136,18.4077,18.4019,18.3964,18.3912,18.3861,18.3813,18.3767,18.3723
0.999,23.3999,18.1259,16.2064,15.0041,14.3202,14.3518,14.9195,15.56,17.9782,18.6222,18.8674,18.6242,18.3612,17.9812,17.6448,17.7656,18.6607,20.126,21.8989,20.7984,19.7283,18.9343,18.6176,19.008,19.5628,19.7701,19.6711,19.3871,19.2731,19.7421,20.5764,20.3243,19.5565,19.467,19.7253,19.7529,19.5633,19.5082,19.9774,19.7674,19.4318,19.5574,19.5404,19.3968,19.5762,19.4623,19.3523,19.3735,19.2856,19.3358,19.2414,19.2287,19.1772,19.1713,19.1183,19.1009,19.0641,19.1511,19.1198,19.0862,19.0561,19.0278,19,18.9718,18.9459,18.922,18.8975,18.8727,18.8499,18.8287,18.8075,18.7863,18.7668,18.7488,18.7297,18.7132,18.6958,18.6798,18.6642,18.6489,18.6341,18.6204,18.6072,18.5944,18.582,18.5701,18.5586,18.5476,18.537,18.5266,18.517,18.5075,18.4985,18.4899,18.4814,18.4735,18.4657,18.4595,18.4517,18.4445,18.4958,18.4865,18.4777,18.4693,18.4611,18.4534,18.446,18.4389,18.432,18.4255,18.4192,18.4133,18.4076,18.4021,18.3969,18.3918,18.387,18.3824,18.378
1,23.3999,18.1259,16.2067,15.0041,14.3202,14.3518,14.9197,15.5602,17.9784,18.6223,18.8675,18.6243,18.3613,17.9813,17.6449,17.7658,18.6609,20.126,21.8989,20.7984,19.7283,18.9343,18.6178,19.0082,19.5629,19.7701,19.6712,19.3872,19.2732,19.7421,20.5764,20.3242,19.5565,19.4673,19.7254,19.7529,19.5634,19.5083,19.9773,19.7673,19.4318,19.5576,19.5405,19.397,19.5762,19.4622,19.3526,19.3737,19.2857,19.3357,19.2415,19.2289,19.1773,19.1712,19.1184,19.1011,19.0641,19.1509,19.1196,19.086,19.0559,19.0276,18.9998,18.9716,18.9457,18.9218,18.8973,18.8725,18.8497,18.8285,18.8073,18.7861,18.7666,18.7486,18.7295,18.713,18.6956,18.6796,18.664,18.6487,18.6339,18.6202,18.607,18.5942,18.5818,18.5699,18.5584,18.5474,18.5369,18.5264,18.5168,18.5073,18.4983,18.4897,18.4813,18.4733,18.4655,18.4593,18.4516,18.4443,18.4956,18.4863,18.4775,18.4691,18.461,18.4533,18.4458,18.4387,18.4319,18.4253,18.4191,18.4131,18.4074,18.4019,18.3967,18.3916,18.3868,18.3822,18.3778
1.05,23.4022,18.1277,16.209,15.0082,14.3279,14.3609,14.9311,15.574,17.9967,18.6368,18.8801,18.6356,18.3722,17.9921,17.6568,17.7859,18.6849,20.1506,21.9171,20.8107,19.7401,18.9473,18.6372,19.0331,19.5869,19.792,19.692,19.408,19.2961,19.7758,20.6059,20.3472,19.5796,19.4984,19.7572,19.7827,19.593,19.5442,20.0153,19.7997,19.4663,19.5961,19.5777,19.4353,19.6218,19.5026,19.3956,19.4171,19.3293,19.3844,19.2869,19.2767,19.2249,19.222,19.168,19.1517,19.1157,19.2038,19.1735,19.1403,19.1109,19.0833,19.0561,19.0284,19.003,18.9797,18.9557,18.9315,18.9091,18.8884,18.8676,18.8469,18.8278,18.8102,18.7915,18.7753,18.7584,18.7427,18.7274,18.7125,18.698,18.6846,18.6716,18.6591,18.6469,18.6353,18.6241,18.6133,18.603,18.5928,18.5833,18.5741,18.5652,18.5568,18.5486,18.5408,18.5332,18.5271,18.5195,18.5124,18.5632,18.5541,18.5454,18.5372,18.5292,18.5217,18.5144,18.5074,18.5007,18.4942,18.4881,18.4823,18.4766,18.4713,18.4662,18.4612,18.4565,18.452,18.4476
