,0.406002,0.439836,0.473669,0.507503,0.541336,0.592086,0.62592,0.67667,0.744337,0.795088,0.862755,0.930422,0.998089,1.08267,1.16726,1.26876,1.37026,1.47176,1.59018,1.72551,1.86084,2.01309,2.16534,2.33451,2.5206,2.7236,2.94352,3.18035,3.4341,3.70477,3.99235,4.31377,4.66902,5.04119,5.43028,5.87011,6.34378,6.85129,7.39262,7.98471,8.61063,9.30422,10.0486,10.8436,11.7064,12.6537,13.6518,14.7514,15.9187,17.1874,18.5746,20.0464,21.6534,23.379,25.2398,27.2529,29.4182,31.7697,34.3072,37.0477,40.0081,43.1885,46.6395,50.3612,54.3705,58.7181,63.404,68.4452,73.9093,79.8133,86.174,93.0591,100.469,108.487,117.149,126.487,136.586,147.48,159.237,171.942,185.661
7.65172e-07,24.2136,16.637,4.26501,0.838278,0.269402,0.0827704,0.0473457,0.0254622,0.0144001,0.0105943,0.00778443,0.00617264,0.00514716,0.00430054,0.00372389,0.00323412,0.0028767,0.00260219,0.00235085,0.00212466,0.00194312,0.00177631,0.00163824,0.00150973,0.0013911,0.00128222,0.00118269,0.00109194,0.00100934,0.000934223,0.000865938,0.000800673,0.000739203,0.000684245,0.000634944,0.00058716,0.000543167,0.000502823,0.000465923,0.000431315,0.00039992,0.000370076,0.00034264,0.0003175,0.000294088,0.000272062,0.000252165,0.000233363,0.000216248,0.000200282,0.000185323,0.000171716,0.00015897,0.000147236,0.00013638,0.000126306,0.000117009,0.000108348,0.000100334,9.29121e-05,8.60369e-05,7.97012e-05,7.38038e-05,6.83497e-05,6.33096e-05,5.8622e-05,5.42894e-05,5.02908e-05,4.65728e-05,4.31277e-05,3.99444e-05,3.6989e-05,3.42611e-05,3.17288e-05,2.93829e-05,2.72137e-05,2.52015e-05,2.33398e-05,2.16165e-05,2.00193e-05,1.854e-05
1.48222e-06,25.9666,19.7709,9.91803,1.78367,0.539824,0.162372,0.0924563,0.0495633,0.0279658,0.0205551,0.0150939,0.0119653,0.00997598,0.00833428,0.00721636,0.00626704,0.0055743,0.0050423,0.00455522,0.00411691,0.00376512,0.00344188,0.00317435,0.00292532,0.00269546,0.00248449,0.00229163,0.00211578,0.00195573,0.00181018,0.00167787,0.00155141,0.00143231,0.00132582,0.00123029,0.0011377,0.00105246,0.000974285,0.000902788,0.00083573,0.000774898,0.000717072,0.000663911,0.000615199,0.000569835,0.000527156,0.000488603,0.000452172,0.000419009,0.000388073,0.000359088,0.000332722,0.000308025,0.00028529,0.000264255,0.000244735,0.00022672,0.000209939,0.000194411,0.00018003,0.000166708,0.000154432,0.000143005,0.000132437,0.000122671,0.000113588,0.000105193,9.74452e-05,9.0241e-05,8.35657e-05,7.73975e-05,7.16711e-05,6.63854e-05,6.14787e-05,5.69333e-05,5.27301e-05,4.88312e-05,4.5224e-05,4.18849e-05,3.87901e-05,3.59237e-05
2.78345e-06,27.3927,22.0432,15.2241,4.10785,1.08377,0.312225,0.17624,0.0939105,0.0527627,0.0387127,0.0283949,0.0224975,0.0187522,0.0156635,0.0135611,0.0117763,0.0104742,0.00947433,0.00855893,0.00773527,0.00707423,0.00646685,0.00596415,0.00549625,0.00506434,0.00466795,0.00430559,0.00397521,0.00367449,0.00340103,0.00315244,0.00291484,0.00269106,0.00249098,0.0023115,0.00213754,0.00197739,0.00183051,0.00169618,0.00157019,0.0014559,0.00134725,0.00124737,0.00115585,0.00107062,0.000990434,0.000917999,0.000849553,0.000787245,0.000729122,0.000674663,0.000625126,0.000578726,0.00053601,0.00049649,0.000459814,0.000425968,0.000394439,0.000365264,0.000338244,0.000313215,0.00029015,0.000268681,0.000248825,0.000230477,0.000213412,0.000197639,0.000183082,0.000169547,0.000157005,0.000145416,0.000134658,0.000124727,0.000115508,0.000106968,9.90706e-05,9.17452e-05,8.4968e-05,7.86945e-05,7.28799e-05,6.74944e-05
5.07465e-06,28.5855,23.8087,18.6244,10.2362,2.27246,0.59509,0.330244,0.173996,0.0969984,0.0709442,0.0519302,0.0411067,0.0342473,0.0285974,0.0247548,0.0214942,0.0191162,0.0172905,0.0156194,0.0141159,0.0129093,0.0118008,0.0108834,0.0100295,0.00924129,0.00851793,0.00785668,0.00725379,0.00670504,0.00620603,0.0057524,0.00531884,0.00491049,0.00454541,0.0042179,0.00390047,0.00360822,0.00334022,0.0030951,0.0028652,0.00265664,0.00245839,0.00227613,0.00210913,0.00195361,0.00180729,0.00167511,0.00155021,0.00143652,0.00133046,0.00123109,0.00114069,0.00105603,0.000978079,0.000905965,0.000839041,0.000777282,0.00071975,0.000666513,0.000617208,0.000571537,0.000529449,0.000490273,0.000454042,0.00042056,0.000389421,0.00036064,0.000334078,0.00030938,0.000286494,0.000265347,0.000245715,0.000227594,0.000210772,0.000195188,0.000180778,0.000167411,0.000155045,0.000143597,0.000132987,0.00012316
8.99464e-06,29.6035,25.2422,21.0379,16.0581,5.74089,1.14944,0.615696,0.317415,0.174447,0.126876,0.0925411,0.0731362,0.0608827,0.0508111,0.0439706,0.0381711,0.0339438,0.0306996,0.0277308,0.0250604,0.0229176,0.0209492,0.0193203,0.0178042,0.0164048,0.0151207,0.0139467,0.0128765,0.0119023,0.0110165,0.0102112,0.00944159,0.00871671,0.00806863,0.00748726,0.00692378,0.00640501,0.00592927,0.00549415,0.00508605,0.00471584,0.00436392,0.00404039,0.00374394,0.00346787,0.00320814,0.00297351,0.0027518,0.00254998,0.00236171,0.00218532,0.00202486,0.00187456,0.0017362,0.00160819,0.00148939,0.00137976,0.00127764,0.00118313,0.00109561,0.00101454,0.000939832,0.00087029,0.000805975,0.000746542,0.000691266,0.000640177,0.000593026,0.000549184,0.000508559,0.000471021,0.000436172,0.000404005,0.000374144,0.000346481,0.000320902,0.000297174,0.000275222,0.000254901,0.000236067,0.000218623
1.552e-05,30.4859,26.4417,22.8979,19.5627,15.0662,2.39101,1.17095,0.576862,0.308674,0.222277,0.161131,0.126997,0.105574,0.0880295,0.0761404,0.0660749,0.0587452,0.0531236,0.0479814,0.0433575,0.0396484,0.0362415,0.0334226,0.0307993,0.0283781,0.0261563,0.0241254,0.0222739,0.0205887,0.0190563,0.0176633,0.0163319,0.015078,0.0139569,0.0129513,0.0119766,0.0110792,0.0102563,0.00950362,0.0087977,0.00815732,0.00754858,0.00698895,0.00647616,0.00599862,0.00554934,0.00514349,0.00475999,0.00441088,0.00408522,0.00378009,0.00350254,0.00324256,0.00300323,0.0027818,0.00257631,0.00238667,0.00221001,0.00204655,0.00189516,0.00175492,0.00162569,0.0015054,0.00139415,0.00129134,0.00119573,0.00110736,0.0010258,0.000949961,0.00087969,0.000814758,0.000754477,0.000698834,0.000647182,0.000599332,0.000555086,0.000514042,0.00047607,0.00044092,0.000408341,0.000378166
2.61021e-05,31.26,27.4673,24.4057,22.0241,20.0641,15.2199,2.45204,1.06991,0.54229,0.383539,0.275094,0.215824,0.179008,0.149035,0.128801,0.11171,0.0992844,0.0897639,0.0810615,0.0732407,0.0669696,0.0612113,0.0564477,0.0520154,0.0479251,0.0441721,0.0407417,0.0376145,0.0347684,0.0321803,0.0298278,0.0275795,0.0254619,0.0235687,0.0218705,0.0202245,0.0187091,0.0173194,0.0160484,0.0148564,0.013775,0.012747,0.011802,0.010936,0.0101296,0.00937094,0.00868561,0.008038,0.00744848,0.00689855,0.00638329,0.0059146,0.00547559,0.00507143,0.00469751,0.00435051,0.00403027,0.00373196,0.00345593,0.00320028,0.00296347,0.00274524,0.00254211,0.00235425,0.00218064,0.00201918,0.00186995,0.00173223,0.00160416,0.0014855,0.00137585,0.00127406,0.00118009,0.00109287,0.00101207,0.000937352,0.000868043,0.00080392,0.000744564,0.000689549,0.000638595
4.28409e-05,31.9458,28.3585,25.669,23.924,23.0844,23.6458,24.899,2.18044,0.962097,0.657312,0.462724,0.360233,0.297658,0.247211,0.213363,0.184882,0.164227,0.148427,0.134002,0.121049,0.11067,0.101144,0.0932661,0.0859381,0.0791771,0.0729743,0.0673055,0.0621382,0.0574356,0.0531598,0.0492732,0.0455588,0.0420605,0.0389331,0.0361276,0.0334085,0.0309052,0.0286096,0.02651,0.0245409,0.0227545,0.0210564,0.0194954,0.0180649,0.0167329,0.0154796,0.0143475,0.0132777,0.0123039,0.0113955,0.0105444,0.00977014,0.00904495,0.00837734,0.00775968,0.00718647,0.00665748,0.00616472,0.00570874,0.00528644,0.00489526,0.00453478,0.00419923,0.00388891,0.00360214,0.00333543,0.00308892,0.00286141,0.00264986,0.00245385,0.00227272,0.00210457,0.00194936,0.00180528,0.00167181,0.00154838,0.00143389,0.00132797,0.00122992,0.00113904,0.00105488
6.86973e-05,32.5583,29.1429,26.7523,25.4705,25.2859,26.9668,28.5567,28.1849,1.79705,1.13581,0.772299,0.593348,0.487232,0.403048,0.347118,0.300342,0.266557,0.240779,0.217286,0.196222,0.17936,0.163895,0.151114,0.139229,0.128267,0.118212,0.109025,0.100652,0.0930326,0.0861052,0.0798089,0.0737918,0.0681251,0.0630592,0.058515,0.0541107,0.0500561,0.0463378,0.0429372,0.0397477,0.0368544,0.0341041,0.0315756,0.0292589,0.0271013,0.0250715,0.0232379,0.0215052,0.019928,0.0184567,0.0170781,0.0158242,0.0146496,0.0135683,0.0125679,0.0116395,0.0107828,0.00998466,0.00924613,0.00856216,0.00792859,0.00734473,0.00680127,0.00629865,0.00583419,0.00540221,0.00500295,0.00463447,0.00429184,0.00397436,0.00368101,0.00340866,0.00315727,0.00292391,0.00270773,0.00250783,0.0023224,0.00215084,0.00199204,0.00184485,0.00170852
0.000107744,33.1091,29.8403,27.6972,26.7721,27.0256,29.2378,30.8728,30.552,4.56756,2.04766,1.29406,0.971088,0.789117,0.648552,0.556644,0.480518,0.425883,0.384365,0.346634,0.312878,0.285899,0.261185,0.240775,0.221809,0.204325,0.188294,0.17365,0.160306,0.148166,0.13713,0.1271,0.117515,0.10849,0.100421,0.0931837,0.0861695,0.0797123,0.0737909,0.0683753,0.0632961,0.0586885,0.0543087,0.0502823,0.0465929,0.0431572,0.0399248,0.0370048,0.0342457,0.0317341,0.0293911,0.0271958,0.025199,0.0233286,0.0216067,0.0200136,0.0185352,0.0171708,0.0158999,0.0147239,0.0136347,0.0126258,0.011696,0.0108306,0.0100302,0.00929055,0.00860266,0.00796687,0.00738008,0.00683447,0.00632891,0.00586176,0.00542807,0.00502775,0.00465614,0.00431188,0.00399355,0.00369827,0.00342507,0.00317219,0.0029378,0.00272071
0.000165451,33.6072,30.4654,28.5322,27.8927,28.463,30.9831,32.6017,32.2407,25.8229,4.43505,2.22683,1.59627,1.27375,1.03567,0.884024,0.760332,0.672448,0.606078,0.546028,0.492486,0.449798,0.410761,0.378565,0.348675,0.321141,0.29591,0.272872,0.251887,0.232799,0.21545,0.199686,0.184623,0.17044,0.157762,0.14639,0.13537,0.125225,0.115922,0.107414,0.0994344,0.092196,0.0853154,0.0789901,0.0731942,0.0677968,0.0627188,0.0581318,0.0537974,0.0498518,0.0461711,0.0427225,0.0395856,0.0366474,0.0339424,0.0314398,0.0291173,0.0269741,0.0249775,0.02313,0.021419,0.0198341,0.0183735,0.017014,0.0157566,0.0145947,0.0135141,0.0125153,0.0115935,0.0107364,0.00994222,0.00920836,0.00852707,0.0078982,0.00731442,0.00677363,0.00627356,0.00580968,0.00538052,0.00498326,0.00461505,0.00427402
0.000249,34.0599,31.0298,29.2776,28.8734,29.6848,32.4017,33.9844,33.5605,27.9592,19.9746,4.16622,2.68448,2.07112,1.65359,1.39891,1.19622,1.05445,0.948413,0.85312,0.768592,0.701448,0.64021,0.589802,0.543071,0.50007,0.4607,0.424776,0.392069,0.362331,0.335309,0.310761,0.287309,0.26523,0.245495,0.227797,0.210645,0.194857,0.180379,0.167139,0.154722,0.143459,0.132752,0.122909,0.113891,0.105492,0.0975906,0.0904531,0.0837087,0.0775692,0.0718422,0.0664761,0.0615951,0.0570231,0.0528142,0.0489202,0.0453064,0.0419715,0.0388649,0.0359902,0.0333279,0.0308617,0.0285891,0.0264736,0.0245172,0.0227093,0.0210279,0.0194738,0.0180395,0.0167058,0.01547,0.0143282,0.0132681,0.0122895,0.0113812,0.0105397,0.00976162,0.00903984,0.00837206,0.00775392,0.00718099,0.00665035
0.000367617,34.4732,31.5421,29.9485,29.7424,30.7438,33.5938,35.1338,34.6422,29.5073,23.7303,9.65227,4.75836,3.44134,2.66368,2.22144,1.88262,1.6512,1.48058,1.32877,1.19513,1.08954,0.993609,0.914867,0.842019,0.775092,0.713892,0.658101,0.607341,0.561213,0.519317,0.481267,0.444925,0.410717,0.380147,0.352732,0.326168,0.301716,0.279296,0.258794,0.239566,0.222124,0.205546,0.190305,0.176341,0.163337,0.151102,0.140051,0.129608,0.120103,0.111235,0.102927,0.0953691,0.0882902,0.0817734,0.0757442,0.0701489,0.0649854,0.0601754,0.0557244,0.0516023,0.0477838,0.0442651,0.0409897,0.0379605,0.0351613,0.0325579,0.0301517,0.0279309,0.025866,0.0239526,0.0221846,0.0205432,0.0190282,0.0176218,0.0163189,0.0151141,0.0139966,0.0129626,0.0120056,0.0111185,0.0102969
0.000532902,34.8518,32.0096,30.5565,30.5198,31.6748,34.6182,36.1138,35.5553,30.7267,26.0106,16.4759,8.62738,5.83074,4.33559,3.54809,2.97171,2.58945,2.31266,2.06947,1.85741,1.69101,1.54055,1.41749,1.30393,1.19981,1.10474,1.01817,0.93948,0.868014,0.803135,0.744235,0.687995,0.635069,0.587779,0.545376,0.504293,0.466481,0.431812,0.400109,0.370379,0.343412,0.317779,0.294216,0.272626,0.252521,0.233606,0.21652,0.200375,0.185679,0.17197,0.159125,0.147441,0.136497,0.126422,0.1171,0.10845,0.100467,0.093031,0.0861499,0.079777,0.0738738,0.0684337,0.06337,0.058687,0.0543594,0.0503345,0.0466144,0.0431811,0.0399887,0.0370307,0.0342974,0.0317598,0.0294175,0.0272432,0.025229,0.0233664,0.0216387,0.0200402,0.0185606,0.0171892,0.015919
0.000759152,35.1999,32.4378,31.1104,31.2205,32.5023,35.5126,36.9642,36.3419,31.731,27.6835,21.3214,12.917,9.10759,6.79567,5.53511,4.61301,4.00622,3.57015,3.1894,2.85913,2.60099,2.36823,2.17825,2.00319,1.84286,1.69658,1.56347,1.44253,1.33272,1.23306,1.14259,1.05623,0.974957,0.902347,0.837244,0.774168,0.716117,0.662893,0.614223,0.568582,0.527182,0.487832,0.451659,0.418515,0.387651,0.358614,0.332386,0.307601,0.28504,0.263995,0.244276,0.22634,0.209539,0.194073,0.179764,0.166484,0.15423,0.142814,0.132251,0.122468,0.113405,0.105054,0.0972808,0.0900917,0.0834483,0.0772696,0.0715589,0.0662884,0.0613877,0.0568467,0.0526507,0.0487552,0.0451595,0.0418217,0.0387296,0.0358703,0.033218,0.0307642,0.0284928,0.0263875,0.0244376
0.00106364,35.5208,32.8317,31.6174,31.8562,33.2441,36.3031,37.7121,37.0296,32.5819,29.0083,24.9849,17.165,12.1349,9.38184,7.81581,6.61161,5.78975,5.18585,4.65051,4.18079,3.81059,3.47477,3.19939,2.94476,2.71088,2.49703,2.30206,2.12466,1.96342,1.81695,1.6839,1.55682,1.43717,1.33024,1.23434,1.1414,1.05586,0.977411,0.90567,0.838388,0.777356,0.71934,0.666007,0.617139,0.57163,0.528815,0.49014,0.453594,0.420326,0.389293,0.360216,0.333767,0.308993,0.286186,0.265085,0.245503,0.227432,0.210598,0.195021,0.180595,0.167231,0.154916,0.143453,0.132852,0.123056,0.113944,0.105523,0.097751,0.0905242,0.083828,0.0776404,0.0718961,0.0665938,0.0616716,0.0571119,0.0528956,0.0489844,0.0453659,0.0420164,0.0389119,0.0360365
0.00146685,35.8174,33.1951,32.0835,32.4358,33.9138,37.0082,38.3765,37.6378,33.3171,30.1031,27.5279,26.4911,15.0183,11.5418,9.80182,8.45077,7.49769,6.77675,6.12203,5.53547,5.06551,4.63374,4.27614,3.94294,3.63497,3.35196,3.09293,2.85651,2.6411,2.44506,2.26673,2.09619,1.93549,1.79175,1.66278,1.53773,1.42259,1.31698,1.22037,1.12975,1.04754,0.96938,0.897525,0.83168,0.77036,0.712667,0.66055,0.611301,0.566469,0.524648,0.485462,0.449818,0.416431,0.385694,0.357257,0.330867,0.306512,0.283825,0.262832,0.243389,0.22538,0.208783,0.193334,0.179047,0.165844,0.153564,0.142215,0.13174,0.122001,0.112976,0.104637,0.0968953,0.0897493,0.0831157,0.0769705,0.0712881,0.066017,0.0611403,0.056626,0.052442,0.0485668
0.0019926,36.0922,33.5313,32.5133,32.9667,34.5218,37.6421,38.9716,38.1804,33.9617,31.0331,29.3766,30.0023,29.1141,13.3806,11.3997,9.94365,8.9052,8.1048,7.36472,6.69055,6.14297,5.63443,5.20961,4.8111,4.44077,4.09897,3.78504,3.49773,3.23542,2.9963,2.77851,2.57002,2.3734,2.19744,2.03946,1.88625,1.74512,1.61564,1.49719,1.38605,1.28522,1.18936,1.10121,1.02044,0.945209,0.874427,0.810485,0.750062,0.695056,0.643743,0.595664,0.551929,0.510963,0.47325,0.438358,0.405977,0.376094,0.348257,0.322498,0.298642,0.276544,0.256179,0.237223,0.219693,0.203492,0.188425,0.1745,0.161647,0.149697,0.138623,0.128391,0.118892,0.110124,0.101984,0.0944439,0.0874715,0.0810037,0.07502,0.069481,0.0643471,0.0595922
0.00266816,36.3473,33.843,32.9108,33.4546,35.0765,38.2155,39.5083,38.6683,34.533,31.8385,30.8104,31.9339,31.5581,15.2253,12.7239,11.1517,10.0421,9.17891,8.37184,7.6286,7.01939,6.4495,5.97068,5.51952,5.09873,4.70922,4.35067,4.02193,3.72138,3.44712,3.19711,2.95763,2.73167,2.52936,2.34767,2.17142,2.00903,1.86004,1.7237,1.59579,1.47972,1.36937,1.26789,1.1749,1.08829,1.0068,0.933184,0.863616,0.800285,0.741204,0.685847,0.635492,0.588325,0.544902,0.504727,0.467444,0.433037,0.400985,0.371326,0.343858,0.318414,0.294966,0.27314,0.252955,0.234303,0.216954,0.20092,0.186122,0.172362,0.159612,0.14783,0.136893,0.126797,0.117425,0.108743,0.100715,0.0932682,0.0863785,0.0800008,0.0740898,0.0686149
0.0035241,36.5847,34.1329,33.2795,33.9046,35.5846,38.7368,39.995,39.1094,35.0439,32.5462,31.9751,33.3192,33.0616,26.7187,13.8907,12.1604,10.9813,10.063,9.19935,8.39861,7.73844,7.11799,6.59475,6.10032,5.63809,5.20943,4.81426,4.45155,4.11965,3.81657,3.54015,3.27526,3.02524,2.80134,2.60022,2.40509,2.22529,2.0603,1.90931,1.76765,1.6391,1.51687,1.40447,1.30147,1.20553,1.11527,1.03372,0.95666,0.886507,0.821062,0.759741,0.703961,0.651713,0.603611,0.559109,0.517808,0.479694,0.444189,0.411335,0.380907,0.352722,0.326748,0.30257,0.28021,0.259548,0.24033,0.222568,0.206175,0.190933,0.176809,0.163759,0.151643,0.140459,0.130077,0.12046,0.111567,0.103318,0.0956855,0.0886207,0.0820727,0.0760079
0.00459423,36.8058,34.4028,33.6222,34.3207,36.0517,39.213,40.4385,39.5104,35.504,33.1748,32.952,34.4089,34.1826,29.7195,15.0095,13.0349,11.7806,10.8106,9.89648,9.0459,8.34211,7.67869,7.11788,6.58695,6.08984,5.62827,5.20237,4.81115,4.45297,4.12574,3.8272,3.54103,3.27088,3.0289,2.81152,2.60058,2.40621,2.22783,2.06459,1.91142,1.77243,1.64026,1.51873,1.40735,1.30362,1.20601,1.11783,1.0345,0.958638,0.887869,0.821559,0.76124,0.704741,0.652726,0.604602,0.559941,0.518726,0.480332,0.444804,0.411901,0.381422,0.353334,0.32719,0.303011,0.280667,0.259886,0.240678,0.222952,0.206469,0.191196,0.177083,0.163982,0.151888,0.140662,0.130262,0.120645,0.111724,0.103471,0.0958317,0.0887509,0.0821926
0.00591521,37.0122,34.6547,33.9413,34.7064,36.4825,39.6496,40.8442,39.8765,35.9209,33.7382,33.7898,35.3081,35.0825,31.2526,16.2373,13.8245,12.4815,11.4597,10.4987,9.60341,8.86117,8.16023,7.56679,7.00429,6.47709,5.98719,5.53486,5.11917,4.73843,4.39049,4.07299,3.76859,3.48118,3.22371,2.9924,2.76794,2.56109,2.37125,2.19752,2.0345,1.88656,1.74589,1.61654,1.49799,1.38757,1.28368,1.18982,1.10113,1.02038,0.945055,0.874475,0.810272,0.750133,0.694768,0.643544,0.596007,0.552137,0.511271,0.473455,0.438432,0.40599,0.376093,0.348265,0.322528,0.298745,0.276625,0.256181,0.237312,0.219768,0.203511,0.18849,0.174544,0.161671,0.149722,0.138652,0.128416,0.118921,0.110136,0.102004,0.0944674,0.0874868
0.00752618,37.2051,34.89,34.2391,35.0647,36.8807,40.0511,41.2166,40.2119,36.3006,34.2468,34.5205,36.0724,35.8343,32.3524,18.1318,14.572,13.1148,12.0379,11.0314,10.0946,9.31753,8.58298,7.96053,7.37007,6.81633,6.3015,5.82594,5.38876,4.98824,4.62215,4.28804,3.96767,3.66515,3.39413,3.15063,2.91433,2.69656,2.4967,2.31379,2.14215,1.98639,1.83828,1.70208,1.57726,1.46101,1.35162,1.25279,1.1594,1.07438,0.995072,0.920757,0.853156,0.789835,0.731539,0.677605,0.627551,0.58136,0.53833,0.498513,0.461637,0.427477,0.395998,0.366697,0.339598,0.314556,0.291266,0.26974,0.249873,0.2314,0.214282,0.198466,0.183782,0.170228,0.157646,0.145991,0.135213,0.125215,0.115965,0.107403,0.0994673,0.0921172
0.00946821,37.3856,35.1102,34.5173,35.3982,37.2497,40.4216,41.5596,40.5204,36.6478,34.7087,35.1658,36.735,36.4787,33.2208,29.5749,15.3246,13.7057,12.5661,11.5134,10.5368,9.72724,8.96182,8.31297,7.69723,7.11956,6.58231,6.08592,5.6295,5.21127,4.82895,4.47999,4.14535,3.82934,3.54622,3.29184,3.04496,2.81745,2.60863,2.41753,2.2382,2.07546,1.92071,1.77842,1.648,1.52653,1.41224,1.30898,1.2114,1.12257,1.0397,0.962054,0.89142,0.825259,0.764349,0.707996,0.655698,0.607435,0.562475,0.520872,0.482342,0.44665,0.413759,0.383144,0.35483,0.328665,0.30433,0.281838,0.26108,0.241778,0.223893,0.207367,0.192025,0.177863,0.164717,0.152539,0.141277,0.130831,0.121167,0.11222,0.103929,0.0962488
0.0117837,37.5547,35.3166,34.7777,35.7091,37.5925,40.7642,41.8763,40.8047,36.9665,35.1301,35.7413,37.318,37.0409,33.9402,31.1959,16.1563,14.2776,13.0614,11.9594,10.9433,10.1025,9.30804,8.63462,7.99551,7.39584,6.83804,6.32259,5.84858,5.4142,5.01709,4.65459,4.30697,3.97867,3.68454,3.42025,3.16376,2.92738,2.71043,2.51187,2.32555,2.15646,1.99568,1.84783,1.71232,1.58611,1.46736,1.36007,1.25868,1.16639,1.08028,0.999604,0.926214,0.85747,0.794183,0.73563,0.681291,0.631144,0.58443,0.541203,0.501168,0.464084,0.429909,0.398099,0.368679,0.341493,0.316208,0.292839,0.27127,0.251215,0.232632,0.215461,0.19952,0.184806,0.171146,0.158493,0.146792,0.135938,0.125896,0.116601,0.107985,0.100006
0.0145155,37.7133,35.5102,35.0216,35.9995,37.9114,41.0818,42.1695,41.0676,37.2599,35.5164,36.2587,37.8365,37.5377,34.5538,32.3375,32.5597,14.8568,13.5391,12.3815,11.3247,10.4531,9.63063,8.93383,8.27265,7.65231,7.07529,6.54206,6.05168,5.60228,5.19142,4.81637,4.45669,4.11701,3.81266,3.5392,3.2738,3.0292,2.8047,2.59925,2.40645,2.23148,2.0651,1.91211,1.77189,1.64129,1.51841,1.40739,1.30248,1.20697,1.11787,1.03438,0.958437,0.887303,0.821813,0.761224,0.704994,0.653102,0.604763,0.560032,0.518605,0.48023,0.444866,0.411949,0.381506,0.353374,0.32721,0.303027,0.280708,0.259955,0.240726,0.222958,0.206462,0.191235,0.177101,0.164007,0.151899,0.140667,0.130276,0.120657,0.111742,0.103485
0.0177065,37.8621,35.692,35.2505,36.271,38.2086,41.3767,42.4414,41.3111,37.5308,35.8716,36.7268,38.3017,37.9811,35.0875,33.2368,33.7981,15.4805,14.0148,12.7908,11.6902,10.7873,9.93706,9.21747,8.535,7.89485,7.29949,6.74935,6.24345,5.77982,5.35595,4.96902,4.59795,4.24751,3.93353,3.6514,3.37759,3.12524,2.89363,2.68166,2.48275,2.30223,2.13058,1.97274,1.82808,1.69334,1.56655,1.45202,1.34378,1.24524,1.15331,1.06718,0.988829,0.915439,0.847873,0.785362,0.727349,0.673812,0.623939,0.57779,0.535049,0.495458,0.458973,0.425012,0.393604,0.364579,0.337585,0.312636,0.289609,0.268198,0.248359,0.230027,0.213008,0.197299,0.182716,0.169207,0.156715,0.145127,0.134407,0.124483,0.115285,0.106766
0.0213984,38.0021,35.8629,35.4654,36.5252,38.486,41.6512,42.6941,41.5372,37.7816,36.1994,37.1527,38.722,38.38,35.5583,33.9832,34.725,33.1812,14.5063,13.1979,12.0483,11.1124,10.2339,9.49155,8.78808,8.12855,7.51534,6.9488,6.42787,5.95051,5.5141,5.11573,4.7337,4.37291,4.04965,3.75919,3.4773,3.2175,2.97905,2.76082,2.55604,2.3702,2.19348,2.03098,1.88204,1.74332,1.6128,1.49488,1.38345,1.282,1.18736,1.09869,1.01802,0.942464,0.872903,0.808546,0.748821,0.693704,0.642359,0.594847,0.550845,0.510084,0.472522,0.437559,0.405223,0.375342,0.347551,0.321865,0.298159,0.276116,0.255691,0.236818,0.219297,0.203124,0.18811,0.174202,0.161342,0.149412,0.138375,0.128158,0.118689,0.109918
0.0256312,38.1336,36.0237,35.6673,36.7634,38.7454,41.907,42.9293,41.7474,38.0143,36.5026,37.5418,39.1038,38.7411,35.9781,34.6218,35.474,34.0816,15.0386,13.6141,12.407,11.4353,10.5272,9.76158,9.03691,8.35801,7.72706,7.14431,6.60855,6.11767,5.66894,5.25934,4.86656,4.49563,4.16328,3.86467,3.57486,3.30777,3.06263,2.83828,2.62775,2.43669,2.25501,2.08795,1.93484,1.79223,1.65804,1.53682,1.42226,1.31796,1.22067,1.12951,1.04658,0.968902,0.897391,0.831229,0.769828,0.713164,0.660379,0.611534,0.566298,0.524394,0.485778,0.449834,0.416591,0.385872,0.357301,0.330894,0.306523,0.283862,0.262864,0.243461,0.225448,0.208822,0.193387,0.179089,0.165868,0.153603,0.142257,0.131753,0.122018,0.113002
0.0304422,38.2575,36.1751,35.8573,36.9869,38.988,42.1458,43.1486,41.9432,38.2306,36.7839,37.8988,39.4523,39.0697,36.3556,35.1791,36.1041,34.794,15.6552,14.0529,12.775,11.7628,10.8229,10.0329,9.28632,8.58762,7.93868,7.33956,6.78891,6.28446,5.82339,5.40256,4.99904,4.61797,4.27656,3.9698,3.6721,3.39774,3.14593,2.91547,2.69921,2.50296,2.31634,2.14473,1.98746,1.84097,1.70313,1.57861,1.46093,1.3538,1.25386,1.16022,1.07504,0.995249,0.921793,0.853832,0.790761,0.732557,0.678337,0.628163,0.581697,0.538653,0.498988,0.462066,0.427919,0.396364,0.367017,0.339892,0.314858,0.291581,0.270012,0.250082,0.231579,0.2145,0.198646,0.183959,0.170378,0.15778,0.146125,0.135336,0.125336,0.116074
0.0358654,38.3741,36.3177,36.0362,37.1968,39.2154,42.3689,43.3534,42.1259,38.4319,37.0452,38.2274,39.7717,39.3702,36.6973,35.6726,36.6475,35.3862,32.9478,14.5324,13.1619,12.1024,11.1272,10.3108,9.54114,8.82177,8.15421,7.53824,6.97231,6.45399,5.98032,5.54805,5.13358,4.7422,4.39158,4.07655,3.77082,3.48907,3.23048,2.99383,2.77175,2.57022,2.37858,2.20236,2.04086,1.89044,1.7489,1.62103,1.50019,1.39018,1.28756,1.1914,1.10393,1.02199,0.946562,0.876775,0.81201,0.752241,0.696564,0.645043,0.597327,0.553127,0.512395,0.474481,0.439417,0.407015,0.376879,0.349025,0.323318,0.299415,0.277267,0.256801,0.237801,0.220264,0.203983,0.188902,0.174956,0.162019,0.150051,0.138972,0.128704,0.119193
0.0419308,38.484,36.4522,36.2047,37.3941,39.4287,42.5777,43.5448,42.2966,38.6197,37.2886,38.5308,40.0655,39.6459,37.0082,36.1141,37.124,35.8929,33.7408,15.0799,13.5797,12.4624,11.4466,10.6012,9.80652,9.0651,8.37786,7.74419,7.16228,6.62951,6.14274,5.69857,5.27275,4.87069,4.51052,4.18692,3.8729,3.5835,3.31791,3.07484,2.84675,2.63976,2.44293,2.26195,2.09607,1.94158,1.79621,1.66488,1.54077,1.42778,1.32238,1.22362,1.13379,1.04964,0.972167,0.900491,0.833974,0.772589,0.715405,0.66249,0.613484,0.568089,0.526255,0.487316,0.451303,0.418024,0.387073,0.358466,0.332064,0.307514,0.284767,0.263748,0.244234,0.226221,0.209501,0.194012,0.179688,0.166402,0.15411,0.142731,0.132185,0.122417
0.0486636,38.5876,36.5791,36.3635,37.5797,39.6289,42.7734,43.724,42.4561,38.7951,37.5156,38.8115,40.3365,39.8997,37.2926,36.5123,37.5473,36.3351,34.3838,34.3731,14.044,12.8528,11.7891,10.9106,10.0882,9.32272,8.61424,7.96161,7.36267,6.81454,6.31388,5.85714,5.41933,5.006,4.63575,4.30313,3.98035,3.68291,3.40992,3.1601,2.92568,2.71295,2.51066,2.32465,2.15418,1.9954,1.846,1.71103,1.58348,1.46736,1.35904,1.25754,1.16521,1.07873,0.999114,0.925452,0.857091,0.794004,0.735235,0.680854,0.630489,0.583835,0.540842,0.500823,0.463813,0.429611,0.397802,0.368402,0.341268,0.316038,0.29266,0.271058,0.251003,0.232492,0.215308,0.199389,0.184669,0.171014,0.158381,0.146688,0.135849,0.12581
0.056084,38.6854,36.6988,36.5134,37.7544,39.817,42.9568,43.8918,42.6055,38.959,37.7276,39.0718,40.5871,40.134,37.5536,36.8739,37.9267,36.7261,34.927,35.0817,14.5774,13.2863,12.1637,11.2467,10.3928,9.6005,8.86863,8.19529,7.57784,7.01309,6.49745,6.02717,5.57646,5.15101,4.76995,4.42764,4.09548,3.7894,3.5085,3.25144,3.01024,2.79135,2.58321,2.39182,2.21642,2.05305,1.89933,1.76046,1.62922,1.50975,1.3983,1.29387,1.19888,1.1099,1.02798,0.952187,0.881851,0.816941,0.756475,0.700522,0.648703,0.600701,0.556466,0.515291,0.477211,0.442022,0.409293,0.379044,0.351126,0.325168,0.301114,0.278888,0.258254,0.239208,0.221528,0.205149,0.190004,0.175955,0.162957,0.150925,0.139773,0.129445
0.0642067,38.7777,36.812,36.6548,37.919,39.9939,43.129,44.0493,42.7455,39.1125,37.9259,39.3137,40.8194,40.3508,37.794,37.2039,38.2693,37.0756,35.3975,35.666,34.2627,13.7801,12.5822,11.6189,10.7282,9.90539,9.14722,8.45082,7.8129,7.22984,6.69773,6.2126,5.74778,5.30909,4.91622,4.56333,4.22094,3.90544,3.61591,3.35096,3.10236,2.87676,2.66225,2.465,2.28422,2.11586,1.95743,1.81431,1.67906,1.55594,1.44107,1.33345,1.23555,1.14384,1.05942,0.981312,0.908824,0.841929,0.779613,0.721949,0.668545,0.619075,0.573487,0.531053,0.491808,0.455542,0.421813,0.390638,0.361866,0.335114,0.310325,0.287419,0.266154,0.246525,0.228304,0.211424,0.195815,0.181336,0.167941,0.155541,0.144049,0.133404
0.0730404,38.8649,36.9188,36.7883,38.0741,40.1603,43.2907,44.197,42.8769,39.2564,38.1115,39.539,41.0351,40.5519,38.0161,37.5064,38.5806,37.3905,35.8121,36.1643,34.8532,14.3574,13.0593,12.0384,11.1041,10.2457,9.4574,8.73485,8.07388,7.4703,6.9198,6.41813,5.93761,5.4842,5.07822,4.7136,4.35986,4.03393,3.73484,3.46115,3.20435,2.97132,2.74975,2.54601,2.35929,2.18539,2.02175,1.87393,1.73423,1.60706,1.48842,1.37726,1.27614,1.18143,1.09423,1.01355,0.938685,0.869592,0.805229,0.74567,0.69051,0.639415,0.592329,0.548501,0.507966,0.470509,0.435671,0.403473,0.373756,0.346124,0.32052,0.296862,0.274898,0.254625,0.235805,0.21837,0.202249,0.187294,0.173459,0.160652,0.148781,0.137787
0.0825882,38.9472,37.0199,36.9144,38.2203,40.317,43.4427,44.3358,43.0001,39.3913,38.2856,39.749,41.2359,40.7388,38.2217,37.7847,38.8648,37.6759,36.1819,36.5983,35.3457,15.052,13.6131,12.5191,11.5316,10.6311,9.80775,9.0551,8.3678,7.74088,7.16956,6.64919,6.15095,5.68096,5.26022,4.8824,4.5159,4.17823,3.86839,3.58489,3.31889,3.07751,2.84801,2.63698,2.44358,2.26346,2.09398,1.94087,1.79618,1.66446,1.54159,1.42646,1.32173,1.22363,1.13331,1.04976,0.972213,0.900652,0.83399,0.772303,0.715174,0.662254,0.613486,0.568092,0.52611,0.487314,0.451233,0.417884,0.387105,0.358487,0.331969,0.307465,0.284717,0.263719,0.244227,0.22617,0.209473,0.193984,0.179654,0.16639,0.154096,0.142709
0.0928471,39.0251,37.1154,37.0336,38.3584,40.4647,43.5857,44.4663,43.116,39.518,38.4489,39.9451,41.423,40.9128,38.4125,38.0416,39.1254,37.9361,36.5147,36.982,35.7685,34.8508,14.2638,13.0754,12.0227,11.0719,10.2074,9.41983,8.70215,8.04847,7.45332,6.9116,6.39317,5.90431,5.46679,5.07397,4.69297,4.34198,4.01994,3.72529,3.44884,3.19799,2.95949,2.74019,2.53921,2.35204,2.17592,2.01681,1.86646,1.72959,1.60191,1.48227,1.37344,1.2715,1.17765,1.09083,1.01025,0.93589,0.86662,0.80252,0.743155,0.688164,0.637488,0.590318,0.546694,0.506381,0.468887,0.434233,0.402251,0.372512,0.344957,0.319495,0.295856,0.274037,0.253782,0.235019,0.217668,0.201574,0.186683,0.1729,0.160125,0.148292
0.103808,39.0987,37.2057,37.1463,38.4886,40.6038,43.7203,44.589,43.2248,39.637,38.6023,40.1284,41.5976,41.0749,38.5899,38.2794,39.3651,38.1743,36.8165,37.3249,36.1387,35.3569,15.026,13.718,12.5863,11.5761,10.6637,9.8357,9.08312,8.39875,7.77637,7.21029,6.66883,6.15847,5.70183,5.29193,4.89442,4.52826,4.19234,3.88501,3.59667,3.33505,3.0863,2.8576,2.648,2.4528,2.26913,2.10321,1.94641,1.80368,1.67052,1.54576,1.43227,1.32596,1.2281,1.13755,1.05352,0.975976,0.903738,0.836893,0.774985,0.717639,0.664793,0.615602,0.570109,0.528069,0.48897,0.452832,0.419479,0.388467,0.359732,0.333179,0.308528,0.285774,0.264652,0.245085,0.226991,0.210207,0.194679,0.180305,0.166983,0.154644
0.115456,39.1683,37.2913,37.2529,38.6116,40.7351,43.8471,44.7045,43.3273,39.7488,38.7465,40.3,41.7608,41.2263,38.7551,38.4999,39.5862,38.3931,37.0917,37.6339,36.4671,35.7912,35.3448,14.4426,13.2203,12.143,11.1766,10.3032,9.51142,8.79262,8.13965,7.5462,6.97888,6.44435,5.96622,5.53712,5.12105,4.73784,4.38631,4.0647,3.763,3.48925,3.22899,2.98969,2.7704,2.56617,2.37401,2.20041,2.03637,1.88704,1.74773,1.61719,1.49846,1.38724,1.28485,1.19012,1.10221,1.02108,0.945502,0.875567,0.810799,0.750803,0.695514,0.64405,0.596455,0.552472,0.511566,0.473758,0.438864,0.406419,0.376355,0.348576,0.322786,0.29898,0.276882,0.256411,0.237481,0.219921,0.203676,0.188637,0.174699,0.16179
0.127772,39.2342,37.3722,37.3537,38.7279,40.859,43.9666,44.8133,43.4237,39.8541,38.8821,40.4607,41.9134,41.3678,38.9092,38.7049,39.7908,38.5949,37.3438,37.9142,36.7613,36.1717,35.7596,15.2204,13.9032,12.7556,11.7323,10.8107,9.97704,9.22124,8.53528,7.91223,7.31688,6.7561,6.25462,5.80462,5.36834,4.96655,4.59799,4.26083,3.94454,3.65757,3.38474,3.1339,2.90402,2.68993,2.4885,2.30653,2.13457,1.97804,1.83201,1.69518,1.57072,1.45414,1.34681,1.24751,1.15536,1.07032,0.991096,0.917789,0.849897,0.787008,0.729053,0.675108,0.625217,0.579114,0.536235,0.496604,0.460027,0.426017,0.394504,0.365385,0.338351,0.313398,0.290234,0.268775,0.248933,0.230526,0.213497,0.197734,0.183124,0.169592
0.140731,39.2966,37.4488,37.4491,38.8377,40.976,44.0792,44.9158,43.5145,39.9532,39.0098,40.6115,42.0564,41.5002,39.0532,38.8958,39.9805,38.7813,37.5758,38.1699,37.027,36.5096,36.1203,16.0085,14.5982,13.3826,12.3036,11.3342,10.4585,9.6652,8.94559,8.2922,7.668,7.08014,6.5545,6.08286,5.62561,5.20454,4.8183,4.46496,4.13351,3.83279,3.54688,3.28402,3.04313,2.81878,2.6077,2.41702,2.23682,2.07278,1.91976,1.77638,1.64596,1.52379,1.41132,1.30727,1.2107,1.12158,1.03857,0.961751,0.890607,0.824705,0.763975,0.707445,0.655165,0.606853,0.56192,0.520391,0.482063,0.446424,0.413401,0.382887,0.354558,0.328409,0.304136,0.28165,0.260856,0.241568,0.223724,0.207205,0.191895,0.177715
0.154302,39.3556,37.5214,37.5394,38.9416,41.0865,44.1855,45.0125,43.6001,40.0465,39.13,40.7531,42.1905,41.6242,39.1878,39.0738,40.1568,38.954,37.7899,38.404,37.2685,36.8128,36.4388,35.5934,15.2717,13.9928,12.8619,11.8474,10.9315,10.1021,9.34993,8.667,8.01459,7.40019,6.85081,6.35786,5.87996,5.43986,5.03617,4.66687,4.32044,4.00611,3.70728,3.43253,3.18075,2.94626,2.72564,2.52633,2.33798,2.16653,2.00658,1.85672,1.7204,1.59271,1.47515,1.36639,1.26546,1.17231,1.08554,1.00525,0.930887,0.862005,0.798527,0.739441,0.684797,0.6343,0.587335,0.543927,0.503865,0.466614,0.432098,0.400204,0.370594,0.343263,0.317891,0.294388,0.272654,0.252494,0.233842,0.216577,0.200574,0.185753
0.168452,39.4115,37.5902,37.6249,39.0398,41.1908,44.2858,45.1036,43.6807,40.1345,39.2434,40.886,42.3162,41.7405,39.3138,39.2401,40.3208,39.1144,37.988,38.6194,37.4891,37.0871,36.7234,35.9382,15.9065,14.5681,13.3892,12.3329,11.3797,10.5166,9.73384,9.02309,8.34406,7.70453,7.13266,6.6195,6.12199,5.66382,5.24354,4.85905,4.49837,4.17111,3.85998,3.57392,3.31178,3.06763,2.83792,2.6304,2.4343,2.25578,2.08925,1.93321,1.79127,1.65832,1.53592,1.42268,1.31759,1.22061,1.13026,1.04666,0.969237,0.897517,0.831425,0.769905,0.713009,0.660431,0.611531,0.566336,0.524623,0.485838,0.449899,0.416691,0.385862,0.357404,0.330988,0.306516,0.283887,0.262896,0.243476,0.225499,0.208838,0.193405
0.183144,39.4645,37.6553,37.7059,39.1327,41.2895,44.3805,45.1897,43.7568,40.2174,39.3502,41.011,42.4343,41.8496,39.432,39.3956,40.4737,39.2635,38.1718,38.818,37.6914,37.3368,36.9798,36.2443,35.9412,15.1048,13.8805,12.7853,11.7974,10.9031,10.0918,9.35521,8.6514,7.98849,7.39565,6.86367,6.34787,5.87284,5.43708,5.03843,4.66445,4.32513,4.00252,3.7059,3.43408,3.18092,2.94273,2.72755,2.52421,2.3391,2.16641,2.00461,1.85743,1.71957,1.59265,1.47523,1.36626,1.26569,1.17201,1.08532,1.00504,0.930668,0.862134,0.798341,0.739344,0.684824,0.634119,0.587253,0.544,0.503782,0.466517,0.432082,0.400114,0.370605,0.343213,0.317838,0.294373,0.272607,0.252469,0.233828,0.216551,0.200549
0.198337,39.5147,37.7171,37.7827,39.2207,41.3827,44.47,45.2709,43.8286,40.2956,39.451,41.1286,42.5453,41.952,39.5428,39.5412,40.6165,39.4024,38.3427,39.0016,37.8775,37.5652,37.2124,36.519,36.2369,15.6067,14.3384,13.2063,12.1859,11.2623,10.4246,9.66391,8.93705,8.25239,7.64007,7.09058,6.55778,6.06709,5.61695,5.20513,4.81879,4.46825,4.13498,3.82855,3.54774,3.2862,3.04013,2.81783,2.60776,2.41652,2.23812,2.07097,1.91892,1.77649,1.64537,1.52406,1.41148,1.30759,1.2108,1.12125,1.03831,0.961475,0.890673,0.824768,0.763818,0.707494,0.655109,0.606693,0.562008,0.520459,0.48196,0.446385,0.413359,0.382873,0.354574,0.328359,0.304117,0.281631,0.260826,0.241569,0.223719,0.207188
0.213989,39.5622,37.7756,37.8554,39.3039,41.471,44.5545,45.3476,43.8963,40.3694,39.5461,41.2393,42.6497,42.0483,39.6469,39.6776,40.7499,39.532,38.5019,39.1719,38.0494,37.775,37.4245,36.7674,36.5012,16.0819,14.7691,13.6011,12.5497,11.5984,10.7357,9.95243,9.20397,8.49894,7.8684,7.30253,6.75385,6.24852,5.78494,5.36082,4.96294,4.60192,4.25868,3.94309,3.65388,3.38452,3.13109,2.90214,2.68578,2.48883,2.30509,2.13293,1.97633,1.82965,1.6946,1.56966,1.45372,1.34671,1.24703,1.1548,1.06937,0.990244,0.917323,0.849447,0.786673,0.728664,0.674712,0.624847,0.578825,0.536032,0.496381,0.459742,0.425727,0.39433,0.365184,0.338184,0.313217,0.290058,0.268631,0.248797,0.230414,0.213387
0.230053,39.6073,37.8311,37.9243,39.3828,41.5544,44.6344,45.42,43.9603,40.4391,39.6359,41.3436,42.748,42.1388,39.7446,39.8057,40.8748,39.6531,38.6505,39.3301,38.2085,37.9684,37.6189,36.9936,36.7394,36.2012,15.1792,13.9756,12.894,11.9161,11.0296,10.2248,9.45587,8.73157,8.08378,7.50245,6.93877,6.41961,5.94335,5.50763,5.09886,4.72796,4.37532,4.05109,3.75396,3.47723,3.21685,2.98163,2.75935,2.557,2.36823,2.19136,2.03047,1.87977,1.74102,1.61266,1.49354,1.3836,1.28119,1.18643,1.09867,1.01737,0.942451,0.872716,0.808222,0.748624,0.693194,0.641963,0.59468,0.550716,0.509978,0.472335,0.437389,0.405132,0.375187,0.347448,0.321797,0.298003,0.275989,0.255612,0.236725,0.219233
0.246485,39.65,37.8838,37.9896,39.4574,41.6334,44.7099,45.4885,44.0207,40.5049,39.7207,41.4419,42.8404,42.224,39.8366,39.9259,40.9918,39.7664,38.7893,39.4773,38.3561,38.1471,37.7976,37.2005,36.9557,36.4482,15.5752,14.3356,13.224,12.2202,11.3107,10.4851,9.69648,8.95369,8.2894,7.69327,7.11525,6.58289,6.09451,5.64771,5.22854,4.84821,4.48661,4.15414,3.84945,3.56568,3.29868,3.05747,2.82954,2.62204,2.42847,2.2471,2.08212,1.92758,1.78531,1.65368,1.53153,1.4188,1.31378,1.21661,1.12661,1.04325,0.966424,0.894915,0.828781,0.767667,0.710827,0.658292,0.609807,0.564724,0.52295,0.48435,0.448515,0.415437,0.384731,0.356286,0.329983,0.305583,0.28301,0.262114,0.242747,0.224809
0.263236,39.6905,37.9337,38.0515,39.5281,41.7082,44.7814,45.5532,44.0778,40.5671,39.8008,41.5345,42.9276,42.3042,39.923,40.0388,41.1015,39.8724,38.9192,39.6145,38.4933,38.3128,37.9625,37.3907,37.1531,36.672,36.2393,14.6866,13.5448,12.5152,11.5829,10.7371,9.92928,9.16852,8.48821,7.87774,7.28583,6.74069,6.24059,5.78308,5.35386,4.96441,4.59414,4.2537,3.9417,3.65113,3.37773,3.13075,2.89735,2.68488,2.48667,2.30096,2.13202,1.97378,1.8281,1.69331,1.56823,1.4528,1.34527,1.24577,1.15361,1.06825,0.989586,0.916363,0.848643,0.786064,0.727862,0.674069,0.624422,0.578258,0.535483,0.495958,0.459264,0.425393,0.393951,0.364824,0.337891,0.312907,0.289792,0.268396,0.248565,0.230197
0.280259,39.729,37.981,38.1102,39.5951,41.779,44.8489,45.6144,44.1318,40.6258,39.8766,41.6219,43.0097,42.3798,40.0045,40.145,41.2044,39.9718,39.0408,39.7426,38.621,38.4667,38.115,37.5661,37.3341,36.8762,36.454,15.0337,13.861,12.8052,11.8502,10.9843,10.1575,9.379,8.68295,8.05838,7.45285,6.89517,6.3836,5.91558,5.47652,5.07814,4.69939,4.35114,4.032,3.73477,3.45511,3.20247,2.96372,2.74638,2.54363,2.35366,2.18085,2.01899,1.86997,1.7321,1.60415,1.48608,1.37608,1.2743,1.18004,1.09272,1.01225,0.937353,0.868082,0.80407,0.744535,0.689509,0.638724,0.591504,0.547749,0.507318,0.469784,0.435137,0.402975,0.373181,0.34563,0.320074,0.29643,0.274544,0.254258,0.23547
0.297506,39.7654,38.0259,38.1659,39.6586,41.846,44.9129,45.6723,44.1827,40.6813,39.9482,41.7044,43.0871,42.451,40.0812,40.245,41.3011,40.0651,39.1549,39.8623,38.7402,38.61,38.2564,37.7283,37.5006,37.0632,36.6493,15.3826,14.1769,13.0943,12.1162,11.2299,10.3841,9.58794,8.87618,8.2376,7.61851,7.04839,6.52541,6.04697,5.59814,5.19091,4.80373,4.44775,4.12152,3.81769,3.53181,3.27356,3.02952,2.80735,2.6001,2.40591,2.22927,2.06381,1.91148,1.77055,1.63976,1.51907,1.40663,1.30259,1.20623,1.11698,1.03472,0.958161,0.887352,0.821919,0.761062,0.704815,0.652903,0.604634,0.559908,0.51858,0.480212,0.444796,0.411921,0.381465,0.353303,0.327179,0.303011,0.280638,0.259902,0.240697
0.314931,39.8,38.0686,38.2187,39.7188,41.9095,44.9734,45.7271,44.231,40.7338,40.0159,41.7823,43.1602,42.5182,40.1535,40.3391,41.3919,40.1526,39.262,39.9744,38.8515,38.7435,38.3878,37.8787,37.6543,37.2353,36.828,36.5707,14.4972,13.3863,12.3844,11.4773,10.6122,9.79805,9.07042,8.41769,7.78495,7.2023,6.66785,6.17893,5.72029,5.30415,4.90852,4.54476,4.21141,3.90095,3.60884,3.34495,3.09558,2.86857,2.6568,2.45838,2.27788,2.10881,1.95316,1.80916,1.67552,1.55219,1.4373,1.33099,1.23254,1.14133,1.05729,0.979054,0.906702,0.839842,0.777658,0.720184,0.667141,0.617819,0.572117,0.529888,0.490684,0.454496,0.420903,0.389783,0.361007,0.334314,0.309618,0.286758,0.26557,0.245945
0.332486,39.8328,38.109,38.2688,39.7758,41.9697,45.0307,45.7789,44.2766,40.7835,40.08,41.8558,43.2292,42.5815,40.2217,40.4278,41.4774,40.2349,39.3626,40.0794,38.9556,38.8682,38.5101,38.0185,37.7966,37.3942,36.9921,36.7493,14.8261,13.6853,12.6584,11.7297,10.8446,10.0121,9.26818,8.60099,7.95431,7.35888,6.81274,6.31316,5.84452,5.41932,5.01508,4.64342,4.30282,3.98562,3.68716,3.41755,3.16277,2.93083,2.71446,2.51173,2.32731,2.15458,1.99555,1.84842,1.71188,1.58588,1.4685,1.35988,1.25928,1.1661,1.08023,1.0003,0.926378,0.858067,0.794533,0.735813,0.681618,0.631226,0.584533,0.541387,0.501332,0.464358,0.430037,0.398242,0.368841,0.341569,0.316337,0.29298,0.271333,0.251282
0.350127,39.8639,38.1474,38.3164,39.8299,42.0268,45.085,45.8279,44.3198,40.8304,40.1406,41.9253,43.2943,42.6413,40.286,40.5114,41.5579,40.3122,39.4571,40.1778,39.053,38.9848,38.6241,38.1486,37.9286,37.5412,37.1434,36.9134,15.1694,13.9957,12.942,11.9906,11.0845,10.2328,9.47204,8.78988,8.1288,7.52017,6.96198,6.45139,5.97244,5.53791,5.12481,4.745,4.39694,4.07279,3.76781,3.49229,3.23193,2.99492,2.77382,2.56665,2.37821,2.20169,2.03919,1.88884,1.74932,1.62055,1.50061,1.38961,1.28682,1.1916,1.10385,1.02217,0.946635,0.87683,0.811907,0.751902,0.696522,0.645028,0.597314,0.553225,0.512294,0.474512,0.43944,0.40695,0.376906,0.349037,0.323254,0.299387,0.277266,0.256777
0.367811,39.8935,38.1838,38.3615,39.8813,42.0808,45.1364,45.8744,44.3606,40.8749,40.198,41.991,43.3558,42.6977,40.3467,40.5902,41.6337,40.385,39.5461,40.2703,39.1443,39.0939,38.7306,38.27,38.0513,37.6777,37.2832,37.0646,36.7251,14.3219,13.2392,12.2634,11.3351,10.4632,9.68473,8.98688,8.31072,7.68831,7.11752,6.59544,6.10575,5.66149,5.23914,4.85084,4.49501,4.16362,3.85182,3.57016,3.30399,3.0617,2.83566,2.62388,2.43123,2.25078,2.08465,1.93095,1.78831,1.65668,1.53406,1.42059,1.31551,1.21816,1.12846,1.04496,0.967738,0.896377,0.830007,0.768664,0.71205,0.659408,0.61063,0.565558,0.523714,0.48509,0.449236,0.416022,0.385308,0.356818,0.33046,0.306061,0.283447,0.262501
0.385494,39.9215,38.2184,38.4043,39.9299,42.1321,45.1851,45.9184,44.3993,40.917,40.2524,42.0531,43.4139,42.751,40.404,40.6646,41.7051,40.4535,39.6299,40.3571,39.23,39.1962,38.8302,38.3835,38.1656,37.8046,37.4129,37.2045,36.8736,14.6684,13.5541,12.5519,11.5998,10.7063,9.90902,9.19454,8.50244,7.86545,7.28137,6.74719,6.24616,5.79164,5.35955,4.9623,4.59828,4.25926,3.9403,3.65216,3.37988,3.13201,2.90079,2.68413,2.48706,2.30246,2.13252,1.97529,1.82938,1.69472,1.56929,1.45321,1.34572,1.24614,1.15437,1.06896,0.98996,0.91696,0.849066,0.786315,0.7284,0.67455,0.624652,0.578545,0.53574,0.496229,0.459552,0.425575,0.394156,0.365012,0.338048,0.313089,0.289955,0.268529
0.403138,39.9481,38.2513,38.445,39.9761,42.1807,45.2313,45.96,44.4359,40.9568,40.3038,42.1118,43.4689,42.8014,40.4581,40.7348,41.7724,40.5181,39.7089,40.4387,39.3105,39.2922,38.9234,38.4896,38.2722,37.9229,37.5333,37.334,37.0109,36.7222,13.8907,12.8596,11.8818,10.965,10.1476,9.41531,8.7062,8.05369,7.45546,6.90839,6.39531,5.92988,5.48744,5.08068,4.70796,4.36085,4.03426,3.73925,3.46047,3.20669,2.96995,2.74813,2.54635,2.35736,2.18336,2.02238,1.87299,1.73513,1.6067,1.48786,1.3778,1.27584,1.18189,1.09444,1.01356,0.93882,0.869307,0.80506,0.745765,0.69063,0.639543,0.592336,0.548512,0.508059,0.470507,0.43572,0.403552,0.373713,0.346107,0.320553,0.296868,0.27493
0.420705,39.9734,38.2825,38.4836,40.0199,42.2267,45.275,45.9995,44.4705,40.9945,40.3526,42.1674,43.5208,42.8489,40.5092,40.8011,41.8359,40.5789,39.7833,40.5155,39.3861,39.3822,39.0107,38.589,38.3718,38.0332,37.6454,37.4544,37.1383,36.8544,14.251,13.1889,12.1832,11.2414,10.4023,9.65098,8.92367,8.25456,7.64121,7.08037,6.55444,6.07736,5.62387,5.20697,4.82496,4.46921,4.1345,3.83215,3.54644,3.28635,3.04372,2.81639,2.6096,2.41591,2.23759,2.07262,1.91951,1.77822,1.64661,1.52481,1.41202,1.30753,1.21125,1.12162,1.03873,0.962138,0.890899,0.825056,0.764288,0.707784,0.655427,0.607049,0.562135,0.520678,0.482193,0.446542,0.413576,0.382995,0.354703,0.328514,0.304241,0.281759
0.438159,39.9974,38.3121,38.5202,40.0615,42.2705,45.3165,46.0369,44.5033,41.0302,40.3988,42.22,43.5699,42.8939,40.5576,40.8638,41.8958,40.6363,39.8535,40.5878,39.4572,39.4669,39.0927,38.6822,38.465,38.1364,37.7499,37.5665,37.2567,36.977,36.7494,13.54,12.5043,11.5358,10.6735,9.90191,9.15519,8.46841,7.83896,7.26347,6.72383,6.23436,5.76911,5.34141,4.94952,4.58456,4.24121,3.93104,3.63795,3.37115,3.12226,2.88906,2.67693,2.47824,2.29532,2.12609,1.96904,1.8241,1.68909,1.56415,1.44845,1.34127,1.2425,1.15056,1.06553,0.98696,0.913883,0.846341,0.784006,0.726044,0.672337,0.62271,0.576638,0.534111,0.494633,0.458063,0.424245,0.392876,0.363854,0.33699,0.31209,0.289028
0.455467,40.0202,38.3403,38.555,40.1009,42.3119,45.3558,46.0723,44.5344,41.064,40.4425,42.2697,43.6164,42.9365,40.6033,40.923,41.9524,40.6904,39.9197,40.6559,39.5241,39.5465,39.1696,38.7696,38.5522,38.2329,37.8475,37.671,37.3669,37.0909,36.8678,13.9086,12.842,11.8454,10.9589,10.166,9.39888,8.6935,8.04712,7.45622,6.90217,6.39966,5.92203,5.48296,5.08066,4.70602,4.35356,4.03517,3.73431,3.46044,3.20495,2.96558,2.74783,2.54388,2.35611,2.1824,2.02118,1.87241,1.73382,1.60558,1.48681,1.37679,1.2754,1.18103,1.09375,1.0131,0.938085,0.868755,0.804768,0.745271,0.690142,0.639201,0.591909,0.548256,0.507732,0.470193,0.435481,0.403281,0.37349,0.345914,0.320355,0.296682
0.472598,40.0419,38.367,38.5881,40.1384,42.3513,45.3931,46.1059,44.5639,41.0961,40.484,42.3169,43.6604,42.9767,40.6465,40.979,42.0058,40.7415,39.9822,40.7201,39.5871,39.6215,39.2419,38.8518,38.634,38.5485,37.9388,37.7686,37.4698,37.1971,36.9778,14.2881,13.1896,12.1644,11.253,10.4382,9.65017,8.92569,8.26189,7.65511,7.08621,6.57024,6.07985,5.62906,5.21602,4.83139,4.46953,4.14266,3.83378,3.55261,3.29032,3.04456,2.82102,2.61163,2.41887,2.24052,2.07502,1.92228,1.78,1.64834,1.52641,1.41346,1.30937,1.21248,1.12288,1.04008,0.96307,0.891892,0.826201,0.76512,0.708523,0.656225,0.607673,0.562857,0.521255,0.482716,0.447079,0.414021,0.383437,0.355127,0.328887,0.304584
0.489524,40.0624,38.3924,38.6195,40.1739,42.3886,45.4284,46.1378,44.5918,41.1265,40.5233,42.3615,43.702,43.0148,40.6874,41.032,42.0563,40.7897,40.0413,40.7806,39.6465,39.6921,39.3099,38.9291,38.7108,38.4083,38.0243,37.8599,37.5659,37.2961,37.0803,36.8818,13.5381,12.4845,11.5484,10.7118,9.90284,9.15922,8.47794,7.85522,7.27141,6.74193,6.2387,5.77612,5.35229,4.9576,4.58628,4.25087,3.93392,3.6454,3.37626,3.12409,2.8947,2.67984,2.48204,2.29904,2.12921,1.97249,1.82649,1.69139,1.56627,1.45037,1.34357,1.24415,1.15221,1.06724,0.988223,0.915187,0.84778,0.785104,0.727028,0.673364,0.623544,0.577558,0.534869,0.495324,0.458756,0.424835,0.393452,0.364402,0.337477,0.312539
0.50622,40.082,38.4165,38.6493,40.2077,42.4241,45.462,46.168,44.6183,41.1553,40.5606,42.4038,43.7414,43.0508,40.7261,41.0821,42.104,40.8353,40.0971,40.8378,39.7025,39.7586,39.3738,39.0018,38.7829,38.4879,38.1044,37.9454,37.6558,37.3887,37.176,36.9809,13.8788,12.7983,11.8382,10.9804,10.151,9.38863,8.69023,8.05189,7.45344,6.9107,6.39486,5.9207,5.48625,5.08169,4.70107,4.35726,4.03238,3.73664,3.46076,3.20228,2.96715,2.74692,2.54417,2.35658,2.1825,2.02185,1.8722,1.73372,1.60547,1.48667,1.3772,1.27529,1.18105,1.09396,1.01296,0.938093,0.869,0.804754,0.745225,0.690218,0.639151,0.592014,0.548256,0.507721,0.470238,0.435468,0.4033,0.373522,0.345923,0.320361
0.522661,40.1005,38.4394,38.6776,40.2398,42.4577,45.4938,46.1966,44.6434,41.1826,40.596,42.4438,43.7788,43.085,40.7628,41.1295,42.1491,40.8784,40.1499,40.8917,39.7553,39.8213,39.4341,39.0703,38.8507,38.5628,38.1795,38.0255,37.7401,37.4753,37.2654,37.0734,36.8809,13.1013,12.1182,11.2398,10.3907,9.61035,8.89543,8.24201,7.62942,7.07386,6.54585,6.06049,5.61578,5.20167,4.81207,4.46014,4.12759,3.82487,3.54248,3.27789,3.03721,2.81177,2.60424,2.41223,2.23404,2.06959,1.91641,1.77466,1.64338,1.52178,1.40971,1.3054,1.20893,1.11979,1.03687,0.960243,0.889518,0.823756,0.762821,0.706515,0.654242,0.605992,0.561202,0.519709,0.481341,0.44575,0.412822,0.382342,0.354091,0.327926
0.538827,40.1182,38.4612,38.7045,40.2702,42.4897,45.524,46.2238,44.6672,41.2085,40.6295,42.4818,43.8141,43.1173,40.7975,41.1744,42.1918,40.9191,40.1998,40.9426,39.8051,39.8805,39.4909,39.1348,38.9145,38.6332,38.2502,38.1007,37.8191,37.5564,37.3491,37.1599,36.9701,13.3914,12.3866,11.4887,10.6207,9.82299,9.09224,8.42435,7.79821,7.23036,6.69066,6.19457,5.74003,5.31675,4.91854,4.55882,4.21891,3.90949,3.62085,3.35041,3.10441,2.87399,2.66186,2.4656,2.28346,2.11538,1.95881,1.81393,1.67974,1.55545,1.44091,1.33429,1.23568,1.14456,1.05982,0.981489,0.909199,0.841982,0.779699,0.722147,0.668718,0.6194,0.573619,0.531208,0.491991,0.455612,0.421956,0.390802,0.361926,0.335181
0.5547,40.135,38.4819,38.7301,40.2992,42.52,45.5527,46.2496,44.6897,41.233,40.6613,42.5178,43.8477,43.1479,40.8303,41.2169,42.2322,40.9576,40.247,40.9907,39.8522,39.9363,39.5444,39.1956,38.9745,38.6994,38.3165,38.1713,37.8933,37.6325,37.4275,37.2409,37.0536,13.6703,12.6442,11.7273,10.8412,10.0269,9.28093,8.59916,7.96002,7.38039,6.82949,6.32311,5.85913,5.42707,5.02059,4.65342,4.30645,3.99062,3.69599,3.41993,3.16883,2.93362,2.71709,2.51676,2.33085,2.15928,1.99946,1.85157,1.7146,1.58772,1.4708,1.36197,1.26132,1.16831,1.08181,1.00186,0.928066,0.859454,0.795878,0.737132,0.682594,0.632253,0.585522,0.542231,0.5022,0.465067,0.430712,0.398911,0.369436,0.342137
0.570262,40.1509,38.5016,38.7544,40.3266,42.5489,45.5799,46.2741,44.7111,41.2563,40.6915,42.5519,43.8794,43.1769,40.8614,41.2572,42.2704,40.994,40.2916,41.0362,39.8966,39.9891,39.5949,39.253,39.0311,38.7619,38.379,38.2377,37.963,37.7039,37.5011,37.3169,37.1318,36.9543,12.8925,11.9574,11.0537,10.2233,9.46269,8.76755,8.11587,7.52487,6.96319,6.44689,5.97383,5.53331,5.11887,4.74451,4.39075,4.06873,3.76834,3.48688,3.23086,2.99105,2.77028,2.56603,2.37647,2.20155,2.0386,1.88781,1.74816,1.6188,1.49959,1.38863,1.28601,1.19118,1.10298,1.02147,0.946232,0.876277,0.811457,0.751561,0.695956,0.644629,0.596983,0.552845,0.51203,0.47417,0.439143,0.406719,0.376668,0.348834
0.585499,40.166,38.5203,38.7775,40.3527,42.5762,45.6057,46.2973,44.7314,41.2784,40.7201,42.5843,43.9095,43.2043,40.8909,41.2953,42.3066,41.0285,40.3339,41.0792,39.9387,40.0389,39.6426,39.3072,39.0844,38.8208,38.4378,38.3001,38.0285,37.7711,37.5702,37.3881,37.2052,37.0297,13.1336,12.181,11.2601,10.4141,9.63916,8.93099,8.26714,7.6651,7.09294,6.56701,6.08513,5.6364,5.21424,4.83289,4.47255,4.14453,3.83854,3.55183,3.29104,3.04677,2.82188,2.61383,2.42074,2.24256,2.07657,1.92298,1.78073,1.64896,1.52753,1.4145,1.30997,1.21337,1.12353,1.04049,0.963859,0.892601,0.826573,0.765561,0.70892,0.656637,0.608104,0.563143,0.521569,0.483003,0.447324,0.414296,0.383684,0.355332
0.6004,40.1804,38.5381,38.7995,40.3775,42.6022,45.6302,46.3193,44.7507,41.2993,40.7473,42.6149,43.9381,43.2304,40.9189,41.3314,42.3409,41.0611,40.3739,41.1199,39.9784,40.086,39.6876,39.3583,39.1347,38.8762,38.4932,38.3589,38.0902,37.8342,37.6351,37.455,37.2741,37.1004,36.945,12.4004,11.4626,10.6011,9.81215,9.09118,8.41536,7.8025,7.22006,6.68468,6.19416,5.73738,5.30765,4.91947,4.55267,4.21877,3.9073,3.61546,3.35,3.10134,2.87243,2.66065,2.46411,2.28273,2.11377,1.95742,1.81262,1.6785,1.55489,1.43984,1.33344,1.23511,1.14366,1.05913,0.981124,0.908589,0.841379,0.779275,0.721619,0.668399,0.618996,0.573231,0.530911,0.491655,0.455337,0.421717,0.390557,0.361697
0.614954,40.1941,38.555,38.8203,40.4011,42.6269,45.6535,46.3402,44.769,41.3192,40.7731,42.6441,43.9651,43.2551,40.9454,41.3657,42.3733,41.092,40.4119,41.1584,40.0159,40.1306,39.7301,39.4067,39.1821,38.9286,38.5454,38.4143,38.1483,37.8936,37.6961,37.518,37.3388,37.1668,37.013,12.6176,11.6634,10.7865,9.98352,9.24985,8.56215,7.93855,7.34592,6.80119,6.3021,5.83735,5.40013,5.00518,4.63198,4.29227,3.97536,3.67844,3.40835,3.15537,2.92247,2.70699,2.50703,2.32249,2.15059,1.99152,1.8442,1.70773,1.58198,1.46492,1.35666,1.25662,1.16358,1.07758,0.998214,0.924416,0.856035,0.792849,0.734188,0.680042,0.629779,0.583216,0.540159,0.500219,0.463268,0.429063,0.39736,0.367997
0.629153,40.2071,38.5711,38.8402,40.4235,42.6504,45.6756,46.3601,44.7863,41.3381,40.7976,42.6717,43.9908,43.2785,40.9705,41.3982,42.4041,41.1213,40.4478,41.1948,40.0515,40.1727,39.7703,39.4523,39.227,38.9781,38.5947,38.4666,38.2031,37.9496,37.7536,37.5772,37.3996,37.2292,37.0768,12.8361,11.8647,10.9722,10.1552,9.40875,8.70914,8.07476,7.47191,6.91781,6.41014,5.93741,5.49268,5.09096,4.71136,4.36582,4.04348,3.74147,3.46675,3.20943,2.97254,2.75338,2.54998,2.36228,2.18744,2.02564,1.8758,1.73699,1.60908,1.49002,1.3799,1.27815,1.18351,1.09604,1.01532,0.940254,0.870701,0.806433,0.746767,0.691693,0.640568,0.593208,0.549413,0.508789,0.471205,0.436414,0.404168,0.374302
0.642991,40.2195,38.5864,38.859,40.4448,42.6727,45.6967,46.379,44.8028,41.356,40.8209,42.6979,44.0152,43.3007,40.9943,41.429,42.4332,41.149,40.4818,41.2293,40.0851,40.2126,39.8083,39.4955,39.2693,39.0248,38.6412,38.5158,38.2548,38.0024,37.8078,37.6329,37.4569,37.2879,37.1369,37.0011,12.0689,11.1605,10.3292,9.56971,8.85798,8.21268,7.59947,7.03586,6.51951,6.03869,5.58636,5.17778,4.7917,4.44026,4.11243,3.80526,3.52586,3.26415,3.02322,2.80032,2.59346,2.40256,2.22473,2.06017,1.90777,1.7666,1.63651,1.51542,1.40343,1.29994,1.20369,1.11473,1.03263,0.956283,0.885545,0.82018,0.759498,0.703485,0.651488,0.60332,0.558779,0.517463,0.479238,0.443854,0.411058,0.380683
0.656462,40.2313,38.6009,38.877,40.4651,42.6938,45.7166,46.3969,44.8184,41.373,40.843,42.7228,44.0383,43.3217,41.0169,41.4582,42.4608,41.1753,40.5141,41.2619,40.1169,40.2503,39.8442,39.5364,39.3093,39.0689,38.6851,38.5624,38.3035,38.0522,37.8588,37.6854,37.5109,37.3433,37.1934,37.0588,12.2777,11.3536,10.5074,9.73458,9.01042,8.35389,7.73005,7.15671,6.63145,6.14235,5.68224,5.26664,4.87393,4.51645,4.18298,3.87055,3.58635,3.32015,3.07508,2.84836,2.63795,2.44377,2.26289,2.09551,1.9405,1.79691,1.66458,1.54141,1.4275,1.32224,1.22434,1.13385,1.05034,0.972686,0.900734,0.834249,0.772526,0.715552,0.662664,0.61367,0.568364,0.526339,0.487458,0.451467,0.418109,0.387213
0.669563,40.2425,38.6147,38.894,40.4843,42.714,45.7356,46.4139,44.8333,41.3892,40.8639,42.8288,44.0602,43.3417,41.0384,41.4859,42.487,41.2001,40.5447,41.2929,40.1471,40.286,39.8782,39.5751,39.3471,39.1107,38.7265,38.6063,38.3496,38.0991,37.9069,37.7349,37.5618,37.3954,37.2467,37.1131,36.9824,11.5536,10.692,9.90524,9.16816,8.5,7.86515,7.28173,6.74724,6.24958,5.78141,5.35853,4.95896,4.59524,4.25595,3.93806,3.6489,3.37806,3.12872,2.89803,2.68395,2.48639,2.30236,2.13206,1.97434,1.82825,1.69361,1.5683,1.4524,1.3453,1.24569,1.15362,1.06866,0.98965,0.916443,0.848798,0.785998,0.728031,0.67422,0.624372,0.578276,0.535518,0.495959,0.45934,0.425401,0.393965
0.682292,40.2531,38.6279,38.9102,40.5026,42.7331,45.7536,46.4301,44.8474,41.4045,40.8839,42.7689,44.081,43.3606,41.0587,41.5122,42.5119,41.2237,40.5737,41.3222,40.1757,40.3199,39.9104,39.6117,39.3829,39.1502,38.7657,38.6478,38.393,38.1435,37.9524,37.7817,37.6097,37.4445,37.2969,37.1642,37.0345,11.7619,10.8848,10.0835,9.33287,8.65253,8.00617,7.4122,6.86809,6.36147,5.8849,5.45443,5.0477,4.67746,4.3321,4.00851,3.71417,3.43848,3.18468,2.94987,2.73196,2.53086,2.34354,2.17019,2.00965,1.86095,1.72391,1.59635,1.47838,1.36936,1.26797,1.17426,1.08777,1.00735,0.932834,0.863979,0.800056,0.741052,0.686279,0.635538,0.588619,0.545096,0.504829,0.467556,0.433009,0.401012
0.694649,40.2632,38.6404,38.9257,40.52,42.7513,45.7707,46.4454,44.8608,41.4191,40.9028,42.7901,44.1008,43.3786,41.078,41.5372,42.5354,41.2461,40.6012,41.35,40.2027,40.352,39.9409,39.6463,39.4168,39.1875,38.8028,38.687,38.4341,38.1854,37.9952,37.8258,37.655,37.4908,37.3442,37.2125,37.0836,36.9642,11.0874,10.2707,9.50584,8.81268,8.15422,7.54918,6.99494,6.47892,5.99352,5.55509,5.14083,4.76375,4.41201,4.08245,3.78268,3.5019,3.24342,3.00428,2.78234,2.57754,2.38676,2.21022,2.04672,1.89527,1.7557,1.62579,1.50564,1.39461,1.29135,1.19591,1.10783,1.02593,0.950037,0.879912,0.81481,0.754718,0.698935,0.647259,0.599474,0.555148,0.514139,0.476178,0.440994,0.408407
0.706634,40.2729,38.6523,38.9403,40.5365,42.7686,45.787,46.46,44.8735,41.4329,40.9208,42.8104,44.1196,43.3957,41.0964,41.5609,42.5578,41.2673,40.6273,41.3764,40.2284,40.3823,39.9697,39.6792,39.4488,39.2228,38.8379,38.7241,38.473,38.225,38.0358,37.8674,37.6977,37.5346,37.3889,37.258,37.1299,37.0112,11.2995,10.4674,9.68756,8.98092,8.30974,7.69305,7.12819,6.60229,6.10761,5.66081,5.23866,4.85439,4.49595,4.16011,3.85464,3.56852,3.30511,3.06142,2.83527,2.62656,2.43215,2.25225,2.08564,1.93131,1.78909,1.65671,1.53427,1.42114,1.31591,1.21866,1.1289,1.04544,0.968105,0.896646,0.830307,0.769071,0.712227,0.659569,0.610875,0.565706,0.523917,0.485234,0.449381,0.416174
0.718248,40.282,38.6636,38.9543,40.5523,42.7851,45.8025,46.4739,44.8856,41.446,40.9379,42.8296,44.1374,43.4119,41.1138,41.5833,42.579,41.2875,40.6521,41.4013,40.2527,40.4111,39.9971,39.7103,39.4791,39.2563,38.871,38.7592,38.5097,38.2624,38.0741,37.9068,37.7381,37.5759,37.4311,37.301,37.1736,37.0556,36.9475,10.6726,9.87711,9.15643,8.47198,7.84315,7.2672,6.731,6.22664,5.77112,5.34072,4.94895,4.58352,4.24114,3.92971,3.63801,3.36948,3.12104,2.89048,2.67771,2.47951,2.29611,2.12626,1.96892,1.82393,1.68897,1.56415,1.44881,1.34154,1.24239,1.15088,1.0658,0.986956,0.914107,0.846475,0.784047,0.726096,0.672412,0.62277,0.576722,0.534119,0.494683,0.458132,0.424278
0.729495,40.2907,38.6744,38.9676,40.5672,42.8007,45.8172,46.4871,44.897,41.4585,40.9541,42.8478,44.1543,43.4273,41.1303,41.6047,42.5991,41.3066,40.6756,41.425,40.2757,40.4385,40.023,39.7398,39.5079,39.288,38.9025,38.7924,38.5445,38.2978,38.1103,37.944,37.7763,37.615,37.471,37.3416,37.2149,37.0975,36.99,10.8824,10.0718,9.33677,8.63871,7.99742,7.41008,6.8633,6.34901,5.88451,5.44564,5.04618,4.67356,4.32445,4.0069,3.70947,3.43566,3.18233,2.94725,2.7303,2.52821,2.34121,2.16802,2.00759,1.85975,1.72214,1.59487,1.47726,1.36788,1.26679,1.17348,1.08673,1.00634,0.932059,0.863099,0.799445,0.740356,0.685618,0.635001,0.588048,0.544609,0.504398,0.467129,0.43261
0.740378,40.299,38.6846,38.9802,40.5814,42.8156,45.8312,46.4996,44.9079,41.4704,40.9696,42.8652,44.1704,43.4419,41.146,41.625,42.6182,41.3247,40.698,41.4475,40.2976,40.4644,40.0475,39.7677,39.5351,39.3181,38.9322,38.8238,38.5774,38.3314,38.1445,37.9792,37.8123,37.6519,37.5087,37.3799,37.2539,37.1371,37.0301,11.0944,10.2678,9.51832,8.80659,8.15278,7.55399,6.99657,6.47226,5.99874,5.55134,5.14412,4.76426,4.40837,4.08466,3.78146,3.50233,3.24409,3.00444,2.78329,2.57727,2.38664,2.21009,2.04655,1.89584,1.75556,1.62582,1.50593,1.39443,1.29137,1.19626,1.10782,1.02587,0.950146,0.879847,0.814959,0.754723,0.698922,0.647323,0.599459,0.555177,0.514186,0.476194,0.441005
0.7509,40.3069,38.6943,38.9922,40.595,42.8298,45.8445,46.5115,44.9183,41.4817,40.9843,42.8816,44.1857,43.4558,41.1609,41.6442,42.6364,41.3419,40.7191,41.4689,40.3183,40.4889,40.0708,39.7942,39.5609,39.3465,38.9604,38.8536,38.6086,38.3631,38.177,38.0124,37.8465,37.6868,37.5443,37.4162,37.2908,37.1745,37.0681,36.9704,10.4611,9.69737,8.97219,8.30605,7.69598,7.12806,6.5939,6.11147,5.65566,5.24078,4.85378,4.49121,4.16141,3.85251,3.56814,3.30505,3.0609,2.83559,2.6257,2.43149,2.25162,2.085,1.93146,1.78855,1.65637,1.53423,1.42063,1.31564,1.21873,1.12863,1.04515,0.968,0.896381,0.830273,0.768905,0.712056,0.659487,0.610724,0.56561,0.523848,0.485142,0.449292
0.761068,40.3144,38.7036,39.0036,40.6079,42.8432,45.8571,46.5228,44.9281,41.4924,40.9982,42.8973,44.2002,43.469,41.175,41.6625,42.6536,41.3582,40.7393,41.4891,40.338,40.5122,40.0929,39.8194,39.5853,39.3735,38.9871,38.8818,38.6381,38.3931,38.2077,38.0439,37.8788,37.7199,37.578,37.4505,37.3256,37.2099,37.1039,37.0068,10.648,9.87135,9.13313,8.45502,7.834,7.25589,6.71214,6.22105,5.75707,5.33475,4.94082,4.57174,4.23603,3.92159,3.63212,3.36431,3.11578,2.88643,2.67278,2.47509,2.29199,2.12239,1.9661,1.82062,1.68607,1.56174,1.4461,1.33923,1.24059,1.14887,1.06389,0.985358,0.912454,0.84516,0.782693,0.724824,0.671313,0.621675,0.575752,0.533241,0.493841,0.457349
0.770887,40.3216,38.7124,39.0145,40.6201,42.856,45.8691,46.5336,44.9375,41.5026,41.0115,42.9122,44.214,43.4815,41.1885,41.6799,42.67,41.3738,40.7584,41.5083,40.3567,40.5344,40.1139,39.8432,39.6085,39.3991,39.0124,38.9085,38.6661,38.4216,38.2367,38.0738,37.9093,37.7511,37.6099,37.483,37.3586,37.2434,37.1379,37.0411,36.9502,10.0392,9.2884,8.59874,7.96715,7.37921,6.82621,6.32678,5.85491,5.42541,5.02478,4.64943,4.30802,3.98824,3.69385,3.42149,3.16874,2.93549,2.71821,2.51715,2.33094,2.15846,1.99951,1.85156,1.71472,1.58828,1.47068,1.36199,1.26167,1.16839,1.08197,1.0021,0.92796,0.859523,0.795993,0.737141,0.682721,0.632239,0.585536,0.542303,0.502233,0.465121
0.780363,40.3284,38.7208,39.0249,40.6318,42.8682,45.8805,46.5438,44.9464,41.5122,41.0241,42.9263,44.2271,43.4934,41.2013,41.6964,42.6855,41.3885,40.7765,41.5266,40.3744,40.5554,40.1337,39.8659,39.6305,39.4234,39.0364,38.9338,38.6926,38.4486,38.2642,38.102,37.9383,37.7807,37.6401,37.5137,37.3898,37.2751,37.17,37.0736,36.9831,10.2002,9.43809,8.73729,8.09551,7.49809,6.93619,6.4287,5.94923,5.51281,5.10573,4.72433,4.37742,4.05248,3.75335,3.4766,3.21978,2.98277,2.76199,2.5577,2.36849,2.19323,2.03172,1.88138,1.74235,1.61387,1.49437,1.38393,1.28199,1.18722,1.0994,1.01825,0.942909,0.873369,0.808816,0.749016,0.693719,0.642425,0.594969,0.551039,0.510324,0.472613
0.789502,40.3348,38.7288,39.0347,40.6428,42.8798,45.8914,46.5535,44.9549,41.5214,41.0361,42.9398,44.2395,43.5047,41.2134,41.7121,42.7003,41.4025,40.7938,41.5439,40.3913,40.5753,40.1526,39.8873,39.6513,39.4464,39.0591,38.9579,38.7178,38.4741,38.2903,38.1288,37.9657,37.8088,37.6687,37.5428,37.4194,37.3051,37.2004,37.1044,37.0142,36.9324,9.58314,8.87154,8.21987,7.61326,7.04271,6.52743,6.04059,5.59747,5.18413,4.79688,4.44463,4.11471,3.81098,3.52999,3.26922,3.02857,2.80441,2.59697,2.40486,2.22691,2.06292,1.91027,1.7691,1.63865,1.51732,1.40518,1.30168,1.20545,1.11628,1.03388,0.957388,0.886781,0.821236,0.760518,0.704372,0.65229,0.604105,0.559501,0.518161,0.479871
0.798311,40.341,38.7364,39.0441,40.6534,42.8908,45.9018,46.5628,44.9629,41.5302,41.0475,42.9525,44.2514,43.5155,41.225,41.727,42.7143,41.4158,40.8102,41.5604,40.4072,40.5942,40.1705,39.9077,39.6711,39.4683,39.0807,38.9806,38.7416,38.4984,38.3151,38.1541,37.9917,37.8353,37.6958,37.5704,37.4474,37.3335,37.2292,37.1335,37.0437,36.9621,9.72403,9.00268,8.34135,7.72575,7.14676,6.62385,6.12981,5.68014,5.2607,4.86772,4.51027,4.17548,3.86726,3.58212,3.3175,3.0733,2.84582,2.63532,2.44037,2.25979,2.09338,1.93848,1.79523,1.66284,1.53972,1.42593,1.3209,1.22325,1.13276,1.04915,0.971525,0.899875,0.833363,0.771748,0.714773,0.661921,0.613025,0.567763,0.525812,0.486957
0.806799,40.3469,38.7437,39.053,40.6634,42.9013,45.9116,46.5716,44.9706,41.5385,41.0583,42.9647,44.2626,43.5257,41.2359,41.7412,42.7276,41.4284,40.8257,41.576,40.4224,40.6122,40.1875,39.9271,39.6899,39.489,39.1012,39.0022,38.7643,38.5213,38.3385,38.1782,38.0163,37.8605,37.7215,37.5965,37.4739,37.3604,37.2565,37.1611,37.0716,36.9903,36.913,9.13206,8.46118,7.8367,7.24937,6.71894,6.2178,5.76166,5.3362,4.93758,4.575,4.23539,3.92276,3.63352,3.3651,3.1174,2.88665,2.67314,2.47539,2.29222,2.12342,1.9663,1.82099,1.68671,1.56182,1.44639,1.33986,1.2408,1.14902,1.0642,0.985466,0.912788,0.845321,0.782822,0.725029,0.67142,0.621822,0.57591,0.533357,0.493944
0.814972,40.3524,38.7506,39.0615,40.673,42.9113,45.921,46.58,44.9778,41.5464,41.0687,42.9763,44.2733,43.5354,41.2463,41.7547,42.7403,41.4404,40.8405,41.5908,40.4368,40.6293,40.2036,39.9455,39.7077,39.5087,39.1206,39.0227,38.7857,38.5431,38.3607,38.201,38.0397,37.8844,37.7458,37.6213,37.4991,37.3859,37.2823,37.1873,37.098,37.017,36.9399,9.26033,8.58076,7.94741,7.35175,6.81381,6.30558,5.84299,5.41151,5.00726,4.63956,4.29516,3.97811,3.68479,3.41259,3.16138,2.92738,2.71085,2.51032,2.32456,2.15338,1.99404,1.84668,1.7105,1.58385,1.4668,1.35876,1.25831,1.16523,1.07922,0.99937,0.925666,0.857248,0.793867,0.735259,0.680893,0.630595,0.584035,0.540882,0.500913
0.822838,40.3577,38.7572,39.0696,40.6821,42.9208,45.9299,46.5879,44.9848,41.554,41.0785,42.9873,44.2835,43.5446,41.2563,41.7675,42.7523,41.4518,40.8546,41.6049,40.4505,40.6455,40.219,39.9629,39.7247,39.5274,39.139,39.0422,38.8061,38.5638,38.3818,38.2226,38.0618,37.907,37.7689,37.6448,37.5229,37.4101,37.3068,37.2121,37.1231,37.0423,36.9655,36.8948,8.70149,8.05916,7.45511,6.90957,6.39418,5.92508,5.48752,5.07759,4.70472,4.35548,4.03398,3.73654,3.46051,3.20578,2.96849,2.74892,2.54557,2.3572,2.18361,2.02204,1.87261,1.73452,1.60609,1.48739,1.37784,1.27597,1.18159,1.09437,1.0134,0.938663,0.869284,0.805014,0.745582,0.690452,0.639449,0.592236,0.548476,0.507946
0.830405,40.3628,38.7634,39.0773,40.6908,42.9298,45.9384,46.5955,44.9913,41.5611,41.0878,42.9977,44.2931,43.5534,41.2657,41.7797,42.7638,41.4626,40.868,41.6183,40.4635,40.6609,40.2335,39.9795,39.7407,39.5451,39.1565,39.0606,38.8254,38.5835,38.4018,38.2431,38.0828,37.9285,37.7908,37.667,37.5455,37.433,37.33,37.2356,37.1468,37.0663,36.9897,36.9192,8.82395,8.17339,7.5607,7.0074,6.48468,6.00892,5.56517,5.14942,4.77127,4.41709,4.09104,3.78938,3.50945,3.25112,3.01047,2.7878,2.58157,2.39054,2.2145,2.05063,1.89909,1.75905,1.62881,1.50843,1.39732,1.29402,1.1983,1.10985,1.02773,0.951937,0.881577,0.816398,0.756126,0.700217,0.648492,0.600611,0.556233,0.51513
0.837683,40.3676,38.7693,39.0846,40.699,42.9384,45.9464,46.6027,44.9976,41.5679,41.0967,43.0077,44.3024,43.5618,41.2746,41.7912,42.7746,41.4729,40.8807,41.6311,40.4759,40.6756,40.2473,39.9953,39.756,39.562,39.1732,39.0781,38.8437,38.6021,38.4208,38.2626,38.1028,37.9488,37.8116,37.6881,37.567,37.4548,37.352,37.2578,37.1694,37.089,37.0126,36.9423,36.8779,8.29149,7.66987,7.10854,6.57824,6.0956,5.64542,5.22367,4.84006,4.48077,4.15001,3.84401,3.56003,3.29797,3.05386,2.82797,2.61877,2.42499,2.24641,2.08019,1.92646,1.7844,1.65228,1.53016,1.41746,1.31267,1.21557,1.12584,1.04254,0.965655,0.894282,0.828163,0.767022,0.710307,0.657837,0.609266,0.564249,0.522553
0.844677,40.3722,38.775,39.0916,40.7069,42.9466,45.9541,46.6096,45.0036,41.5744,41.1052,43.0171,44.3111,43.5697,41.2832,41.8023,42.785,41.4827,40.8928,41.6432,40.4877,40.6895,40.2605,40.0103,39.7705,39.578,39.189,39.0948,38.8612,38.6198,38.4389,38.281,38.1217,37.9682,37.8313,37.7082,37.5873,37.4754,37.3729,37.279,37.1907,37.1106,37.0344,36.9643,36.9,8.41365,7.7837,7.21408,6.67588,6.18604,5.72917,5.30115,4.91184,4.54721,4.21154,3.901,3.61281,3.34687,3.09914,2.8699,2.6576,2.46094,2.27971,2.11103,1.95502,1.81085,1.67677,1.55285,1.43847,1.33213,1.23359,1.14253,1.058,0.979971,0.907539,0.84044,0.778393,0.720838,0.667589,0.618298,0.572613,0.5303
0.851398,40.3766,38.7804,39.0982,40.7143,42.9544,45.9614,46.6161,45.0092,41.5806,41.1132,43.0261,44.3194,43.5772,41.2913,41.8127,42.7948,41.492,40.9043,41.6547,40.4988,40.7027,40.273,40.0245,39.7843,39.5932,39.204,39.1106,38.8777,38.6366,38.456,38.2986,38.1396,37.9865,37.85,37.7272,37.6066,37.495,37.3928,37.299,37.211,37.1311,37.0551,36.9851,36.921,36.8613,7.90339,7.32496,6.77843,6.28104,5.81713,5.38252,4.98722,4.61699,4.27617,3.96085,3.66825,3.39822,3.14668,2.91393,2.69837,2.49869,2.31469,2.14341,1.98501,1.83863,1.70249,1.57667,1.46054,1.35256,1.25251,1.16006,1.07423,0.995004,0.921461,0.853333,0.790333,0.731895,0.67783,0.627782,0.581397,0.538434
0.857853,40.3807,38.7855,39.1046,40.7214,42.9618,45.9683,46.6223,45.0146,41.5864,41.1208,43.0347,44.3273,43.5844,41.299,41.8227,42.8042,41.5009,40.9152,41.6657,40.5094,40.7153,40.2848,40.038,39.7973,39.6076,39.2182,39.1256,38.8934,38.6525,38.4722,38.3152,38.1567,38.0039,37.8677,37.7452,37.6249,37.5135,37.4116,37.3181,37.2302,37.1505,37.0747,37.0049,36.9409,36.8813,8.02789,7.44097,6.88611,6.3808,5.90949,5.46797,5.06639,4.69027,4.34403,4.02371,3.72645,3.45213,3.1966,2.96015,2.74117,2.53833,2.3514,2.17741,2.0165,1.8678,1.7295,1.60168,1.48371,1.37402,1.27238,1.17846,1.09127,1.01079,0.936077,0.866867,0.80287,0.743505,0.688582,0.637741,0.590619,0.546975
0.86405,40.3847,38.7904,39.1106,40.7282,42.9689,45.9749,46.6282,45.0197,41.592,41.1281,43.0429,44.3349,43.5913,41.3063,41.8322,42.8131,41.5093,40.9256,41.6761,40.5195,40.7272,40.2961,40.0509,39.8098,39.6214,39.2317,39.1399,38.9083,38.6677,38.4876,38.331,38.1729,38.0205,37.8846,37.7623,37.6423,37.5312,37.4294,37.3361,37.2485,37.1689,37.0933,37.0236,36.9598,36.9003,36.8444,7.56197,6.99806,6.48451,6.00553,5.55681,5.14869,4.76645,4.41458,4.08906,3.78697,3.5082,3.24852,3.00823,2.78569,2.57955,2.38959,2.21277,2.04924,1.89813,1.75758,1.62769,1.5078,1.39633,1.29304,1.1976,1.10899,1.0272,0.951277,0.880945,0.815907,0.755578,0.699763,0.648097,0.60021,0.555857
0.869999,40.3884,38.7951,39.1163,40.7346,42.9756,45.9812,46.6338,45.0246,41.5973,41.1351,43.0506,44.342,43.5978,41.3133,41.8412,42.8215,41.5173,40.9355,41.686,40.5291,40.7386,40.3068,40.0631,39.8216,39.6344,39.2446,39.1534,38.9225,38.6821,38.5023,38.3461,38.1882,38.0362,37.9006,37.7786,37.6588,37.5479,37.4464,37.3533,37.2658,37.1864,37.1109,37.0414,36.9777,36.9184,36.8625,7.68449,7.11169,6.59016,6.1035,5.64746,5.23267,4.8442,4.48658,4.15575,3.84873,3.56541,3.3015,3.05729,2.83112,2.62162,2.42856,2.24886,2.08266,1.92908,1.78625,1.65423,1.53239,1.4191,1.31413,1.21713,1.12707,1.04395,0.966791,0.895312,0.829214,0.7679,0.711175,0.658666,0.609999,0.564922
0.875705,40.392,38.7995,39.1218,40.7408,42.982,45.9872,46.6392,45.0293,41.6024,41.1417,43.058,44.3489,43.6039,41.3199,41.8498,42.8296,41.5249,40.9449,41.6954,40.5383,40.7494,40.317,40.0747,39.8328,39.6468,39.2568,39.1663,38.936,38.6958,38.5162,38.3603,38.2028,38.0511,37.9158,37.7941,37.6745,37.5638,37.4625,37.3695,37.2823,37.203,37.1277,37.0583,36.9948,36.9355,36.8798,36.8294,7.22561,6.69568,6.20107,5.73773,5.31631,4.92162,4.55829,4.22216,3.91024,3.6224,3.35426,3.10615,2.87637,2.66352,2.46738,2.2848,2.11595,1.95992,1.8148,1.68068,1.55689,1.44179,1.33514,1.23659,1.1451,1.06064,0.98225,0.909626,0.842471,0.780178,0.722546,0.669198,0.619751,0.573955
0.881179,40.3954,38.8037,39.1269,40.7466,42.9881,45.9929,46.6443,45.0337,41.6072,41.1479,43.065,44.3554,43.6098,41.3263,41.858,42.8372,41.5321,40.9539,41.7043,40.5469,40.7597,40.3267,40.0858,39.8435,39.6587,39.2684,39.1785,38.9488,38.7088,38.5295,38.3739,38.2167,38.0652,37.9302,37.8087,37.6894,37.5789,37.4778,37.385,37.2979,37.2188,37.1436,37.0744,37.0109,36.9518,36.8962,36.8459,7.33601,6.79809,6.29625,5.82592,5.39803,4.99727,4.62836,4.28706,3.97035,3.67807,3.40582,3.15389,2.92058,2.70446,2.5053,2.31992,2.14848,1.99005,1.8427,1.70651,1.58082,1.46395,1.35566,1.25559,1.1627,1.07695,0.997348,0.923608,0.855422,0.792171,0.733652,0.679484,0.629278,0.582777
0.886428,40.3987,38.8077,39.1319,40.7522,42.9939,45.9984,46.6491,45.0379,41.6118,41.1539,43.0717,44.3615,43.6154,41.3323,41.8657,42.8445,41.539,40.9624,41.7129,40.5552,40.7695,40.3359,40.0963,39.8536,39.6698,39.2795,39.1901,38.961,38.7211,38.542,38.3868,38.2299,38.0787,37.9439,37.8227,37.7036,37.5932,37.4923,37.3997,37.3127,37.2338,37.1587,37.0896,37.0263,36.9673,36.9117,36.8615,36.8141,6.89736,6.38819,5.91099,5.47685,5.07024,4.69594,4.34966,4.02832,3.73178,3.45555,3.19995,2.96323,2.74395,2.54188,2.3538,2.17985,2.0191,1.8696,1.73143,1.6039,1.48532,1.37545,1.27393,1.17967,1.09267,1.01191,0.937094,0.867912,0.803738,0.744365,0.689405,0.638466,0.591287
0.89146,40.4018,38.8116,39.1366,40.7575,42.9994,46.0035,46.6538,45.0419,41.6161,41.1596,43.078,44.3674,43.6207,41.338,41.8731,42.8515,41.5456,40.9705,41.721,40.5631,40.7788,40.3447,40.1063,39.8633,39.6805,39.29,39.2012,38.9726,38.7329,38.554,38.399,38.2424,38.0915,37.9569,37.8359,37.717,37.6069,37.5061,37.4136,37.3268,37.248,37.1731,37.1041,37.0409,36.9819,36.9265,36.8764,36.8291,6.99229,6.47614,5.99249,5.55251,5.14038,4.76091,4.40985,4.08406,3.78342,3.50336,3.24422,3.00423,2.78192,2.57706,2.38636,2.21001,2.04704,1.89547,1.75539,1.62609,1.50588,1.39448,1.29155,1.196,1.10779,1.02591,0.950061,0.879921,0.814858,0.754665,0.698945,0.647301,0.599469
0.896281,40.4047,38.8152,39.1411,40.7625,43.0047,46.0085,46.6582,45.0457,41.6203,41.165,43.0841,44.373,43.6258,41.3434,41.8802,42.8581,41.5518,40.9782,41.7287,40.5705,40.7876,40.353,40.1158,39.8725,39.6906,39.2999,39.2117,38.9836,38.744,38.5654,38.4106,38.2543,38.1036,37.9693,37.8485,37.7298,37.6198,37.5192,37.4269,37.3402,37.2616,37.1867,37.1178,37.0547,36.9959,36.9405,36.8905,36.8433,36.8002,6.56149,6.07147,5.6257,5.20813,4.82366,4.46796,4.13788,3.83328,3.54953,3.28698,3.04382,2.81858,2.61102,2.41781,2.23913,2.07402,1.92045,1.77852,1.64752,1.52572,1.41286,1.30857,1.21176,1.12239,1.03943,0.962582,0.891518,0.825597,0.76461,0.708156,0.655831,0.607368
0.900901,40.4075,38.8187,39.1454,40.7673,43.0097,46.0132,46.6623,45.0493,41.6242,41.1702,43.0899,44.3783,43.6306,41.3486,41.8869,42.8643,41.5578,40.9855,41.736,40.5776,40.796,40.3609,40.1248,39.8812,39.7003,39.3094,39.2217,38.9941,38.7547,38.5762,38.4217,38.2656,38.1152,37.9811,37.8605,37.7419,37.6321,37.5317,37.4395,37.353,37.2744,37.1997,37.1309,37.0679,37.0092,36.9539,36.904,36.8568,36.8138,6.64427,6.14808,5.6967,5.2739,4.88464,4.5245,4.19027,3.88184,3.59451,3.32863,3.08239,2.8543,2.6441,2.44845,2.26751,2.1003,1.94479,1.80106,1.6684,1.54506,1.43077,1.32516,1.22711,1.13661,1.0526,0.97478,0.902815,0.836059,0.7743,0.717129,0.664142,0.615065
0.905326,40.4102,38.822,39.1495,40.7719,43.0145,46.0176,46.6663,45.0528,41.628,41.1751,43.0954,44.3834,43.6352,41.3535,41.8932,42.8703,41.5634,40.9925,41.743,40.5844,40.804,40.3685,40.1335,39.8895,39.7095,39.3185,39.2312,39.004,38.7647,38.5864,38.4322,38.2764,38.1262,37.9923,37.8719,37.7535,37.6438,37.5435,37.4515,37.3651,37.2866,37.212,37.1433,37.0804,37.0218,36.9666,36.9167,36.8696,36.8267,36.7866,6.22394,5.76699,5.33898,4.94491,4.58032,4.24197,3.92972,3.63885,3.3697,3.12042,2.88951,2.67672,2.47866,2.29548,2.12621,1.96878,1.82327,1.68898,1.56412,1.44842,1.3415,1.24225,1.15063,1.06559,0.986805,0.913953,0.846374,0.783852,0.725977,0.672336,0.622653
0.909563,40.4128,38.8251,39.1533,40.7763,43.019,46.0219,46.6701,45.0561,41.6316,41.1798,43.1006,44.3882,43.6396,41.3582,41.8993,42.876,41.5688,40.9992,41.7496,40.5908,40.8117,40.3757,40.1416,39.8974,39.7182,39.3271,39.2403,39.0135,38.7743,38.5962,38.4422,38.2866,38.1366,38.0029,37.8827,37.7644,37.6549,37.5548,37.4629,37.3766,37.2982,37.2237,37.1551,37.0923,37.0337,36.9786,36.9288,36.8818,36.8389,36.7989,6.29941,5.83693,5.40372,5.0049,4.63591,4.29346,3.97743,3.68304,3.41062,3.15833,2.92462,2.70925,2.50878,2.32338,2.15206,1.99271,1.84544,1.70952,1.58313,1.46602,1.35781,1.25735,1.16462,1.07854,0.9988,0.925061,0.856661,0.793379,0.734801,0.680508,0.630221
0.91362,40.4152,38.8281,39.157,40.7804,43.0233,46.0259,46.6737,45.0592,41.635,41.1842,43.1056,44.3928,43.6438,41.3627,41.9051,42.8814,41.5739,41.0055,41.7559,40.5969,40.8189,40.3825,40.1494,39.9049,39.7265,39.3353,39.2488,39.0225,38.7835,38.6055,38.4517,38.2963,38.1466,38.0131,37.893,37.7749,37.6655,37.5655,37.4737,37.3875,37.3093,37.2348,37.1664,37.1036,37.0451,36.9901,36.9403,36.8933,36.8505,36.8106,36.7732,5.90812,5.46963,5.06594,4.69245,4.34582,4.02594,3.72795,3.45221,3.19684,2.96028,2.74229,2.53938,2.35171,2.1783,2.01701,1.86794,1.73036,1.60243,1.4839,1.37437,1.27268,1.17882,1.09169,1.01098,0.936342,0.867107,0.803054,0.743761,0.688806,0.637907
0.917503,40.4175,38.831,39.1605,40.7844,43.0275,46.0298,46.6772,45.0622,41.6382,41.1885,43.1103,44.3972,43.6477,41.367,41.9106,42.8866,41.5787,41.0115,41.7619,40.6028,40.8258,40.389,40.1568,39.9121,39.7344,39.343,39.257,39.0311,38.7922,38.6143,38.4608,38.3056,38.156,38.0227,37.9027,37.7848,37.6756,37.5756,37.484,37.3979,37.3198,37.2454,37.177,37.1143,37.0559,37.001,36.9513,36.9043,36.8616,36.8217,36.7843,5.9811,5.53719,5.12852,4.75042,4.39952,4.07569,3.77403,3.49488,3.23635,2.99688,2.77619,2.57077,2.38079,2.20523,2.04195,1.89103,1.75175,1.62225,1.50225,1.39136,1.28842,1.1934,1.10519,1.02348,0.947919,0.877829,0.812984,0.752958,0.697323,0.645794
0.92122,40.4197,38.8337,39.1639,40.7881,43.0314,46.0334,46.6804,45.065,41.6413,41.1925,43.1148,44.4014,43.6515,41.371,41.9158,42.8915,41.5834,41.0172,41.7677,40.6083,40.8324,40.3952,40.1639,39.9189,39.742,39.3504,39.2648,39.0392,38.8004,38.6227,38.4694,38.3144,38.165,38.0318,37.912,37.7942,37.6851,37.5853,37.4938,37.4078,37.3297,37.2555,37.1872,37.1246,37.0662,37.0113,36.9617,36.9148,36.8721,36.8323,36.795,36.761,5.60788,5.19399,4.81106,4.45568,4.12772,3.82221,3.53949,3.27767,3.03513,2.81163,2.60359,2.41118,2.23338,2.06802,1.91518,1.77412,1.64296,1.52142,1.40912,1.30487,1.20863,1.1193,1.03655,0.960021,0.889035,0.823362,0.76257,0.706225,0.654038
0.924775,40.4218,38.8363,39.1671,40.7917,43.0351,46.0369,46.6836,45.0677,41.6442,41.1963,43.1191,44.4053,43.6551,41.3749,41.9208,42.8961,41.5878,41.0227,41.7731,40.6136,40.8386,40.401,40.1706,39.9254,39.7491,39.3574,39.2722,39.047,38.8083,38.6307,38.4776,38.3228,38.1735,38.0405,37.9209,37.8032,37.6942,37.5945,37.5031,37.4172,37.3392,37.2651,37.1968,37.1343,37.076,37.0212,36.9716,36.9248,36.8821,36.8423,36.805,36.7711,5.68217,5.2628,4.8748,4.51471,4.18241,3.87285,3.5864,3.3211,3.07536,2.84889,2.63809,2.44314,2.26298,2.09543,1.94056,1.79763,1.66473,1.54159,1.4278,1.32216,1.22466,1.13414,1.05029,0.972747,0.900821,0.834277,0.772679,0.715588,0.662709
0.928177,40.4238,38.8388,39.1701,40.7951,43.0387,46.0403,46.6865,45.0703,41.647,41.2,43.1232,44.4091,43.6585,41.3785,41.9256,42.9006,41.592,41.0279,41.7783,40.6186,40.8446,40.4066,40.177,39.9315,39.7559,39.3641,39.2793,39.0543,38.8158,38.6383,38.4853,38.3307,38.1817,38.0488,37.9293,37.8117,37.7029,37.6033,37.5119,37.4261,37.3483,37.2742,37.206,37.1435,37.0853,37.0305,36.981,36.9342,36.8916,36.8519,36.8146,36.7808,36.749,5.33595,4.94255,4.57747,4.24054,3.92668,3.63625,3.36726,3.1181,2.88849,2.67476,2.4771,2.29443,2.12455,1.96753,1.82262,1.68787,1.56302,1.44765,1.34054,1.24168,1.1499,1.06488,0.986266,0.913341,0.845873,0.783419,0.725533,0.67192
0.931431,40.4257,38.8411,39.173,40.7984,43.0421,46.0435,46.6894,45.0727,41.6497,41.2035,43.1271,44.4127,43.6617,41.382,41.9301,42.9048,41.596,41.0328,41.7832,40.6234,40.8502,40.412,40.1831,39.9374,39.7624,39.3705,39.286,39.0614,38.8229,38.6456,38.4927,38.3383,38.1894,38.0567,37.9373,37.8198,37.7111,37.6116,37.5203,37.4346,37.3568,37.2828,37.2147,37.1523,37.0942,37.0394,36.99,36.9432,36.9007,36.861,36.8238,36.7899,36.7582,5.4127,5.01364,4.6433,4.30153,3.98316,3.68855,3.4157,3.16295,2.93004,2.71324,2.51273,2.32744,2.15511,1.99584,1.84884,1.71215,1.5855,1.46847,1.35983,1.25954,1.16644,1.0802,1.00046,0.926482,0.858042,0.794689,0.735971,0.681587
0.934542,40.4275,38.8434,39.1758,40.8015,43.0453,46.0465,46.6921,45.0751,41.6522,41.2068,43.1308,44.4161,43.6648,41.3853,41.9344,42.9088,41.5998,41.0376,41.7879,40.6279,40.8556,40.417,40.1889,39.943,39.7686,39.5556,39.2923,39.068,38.8297,38.6525,38.4998,38.3455,38.1967,38.0642,37.9449,37.8276,37.7189,37.6195,37.5284,37.4427,37.365,37.2911,37.223,37.1607,37.1026,37.0479,36.9985,36.9518,36.9093,36.8696,36.8324,36.7986,36.767,36.7378,5.08713,4.71136,4.36458,4.04154,3.74261,3.46577,3.20932,2.97299,2.75301,2.54956,2.36156,2.1867,2.02509,1.87594,1.73725,1.60874,1.49,1.37976,1.278,1.18354,1.09604,1.01512,0.940061,0.870619,0.806338,0.746759,0.691577
0.937517,40.4293,38.8455,39.1784,40.8044,43.0484,46.0493,46.6946,45.0773,41.6547,41.21,43.1343,44.4194,43.6678,41.3885,41.9385,42.9127,41.6034,41.042,41.7924,40.6323,40.8608,40.4219,40.1944,39.9483,39.7744,39.3824,39.2984,39.0744,38.8361,38.659,38.5065,38.3523,38.2037,38.0713,37.9522,37.8349,37.7264,37.6271,37.536,37.4504,37.3728,37.2989,37.2309,37.1686,37.1106,37.056,37.0066,36.9599,36.9175,36.8778,36.8407,36.8069,36.7753,36.7461,5.16045,4.77927,4.42749,4.0998,3.79656,3.51572,3.25557,3.01584,2.79269,2.58631,2.3956,2.21822,2.05428,1.90298,1.76229,1.63193,1.51148,1.39965,1.29642,1.2006,1.11184,1.02975,0.953613,0.883169,0.817961,0.757524,0.701547
0.940362,40.4309,38.8475,39.1809,40.8072,43.0513,46.0521,46.6971,45.0794,41.657,41.213,43.1377,44.4225,43.6706,41.3915,41.9424,42.9163,41.6069,41.0463,41.7967,40.6364,40.8656,40.4265,40.1996,39.9533,39.78,39.3878,39.3042,39.0805,38.8422,38.6653,38.5129,38.3589,38.2104,38.0781,37.959,37.8419,37.7335,37.6342,37.5432,37.4578,37.3802,37.3064,37.2385,37.1762,37.1182,37.0636,37.0143,36.9677,36.9253,36.8857,36.8485,36.8148,36.7832,36.7541,36.7271,4.84547,4.48882,4.15659,3.84915,3.56442,3.30067,3.05761,2.83137,2.62213,2.42878,2.24895,2.08274,1.92934,1.7867,1.65454,1.53241,1.41903,1.31438,1.21723,1.12724,1.04402,0.966821,0.895402,0.829291,0.768016,0.711264
0.94308,40.4325,38.8495,39.1833,40.8099,43.0541,46.0547,46.6994,45.0814,41.6591,41.2158,43.1409,44.4254,43.6733,41.3944,41.9461,42.9198,41.6101,41.0504,41.8007,40.6403,40.8703,40.4308,40.2046,39.9581,39.7853,39.3931,39.3097,39.0862,38.8481,38.6712,38.5189,38.3651,38.2167,38.0846,37.9656,37.8485,37.7402,37.6411,37.5501,37.4647,37.3872,37.3134,37.2456,37.1834,37.1255,37.0709,37.0216,36.9751,36.9327,36.8931,36.856,36.8223,36.7907,36.7616,36.7347,36.7097,4.54746,4.21089,3.89943,3.61098,3.34379,3.09756,2.86836,2.65639,2.46051,2.27833,2.10995,1.95454,1.81004,1.67615,1.55243,1.43757,1.33155,1.23314,1.14196,1.05766,0.979453,0.907101,0.840126,0.778051,0.720557
0.945679,40.434,38.8513,39.1856,40.8125,43.0568,46.0572,46.7016,45.0833,41.6612,41.2186,43.1439,44.4282,43.6758,41.3971,41.9496,42.9231,41.6133,41.0543,41.8046,40.6441,40.8747,40.435,40.2094,39.9627,39.7904,39.398,39.3149,39.0917,38.8536,38.6768,38.5247,38.371,38.2228,38.0907,37.9719,37.8549,37.7466,37.6476,37.5567,37.4714,37.3939,37.3202,37.2524,37.1903,37.1324,37.0779,37.0286,36.9821,36.9397,36.9002,36.8631,36.8294,36.7979,36.7688,36.7419,36.7169,4.6035,4.26277,3.94748,3.65548,3.38499,3.13573,2.9037,2.68912,2.49083,2.3064,2.13595,1.97863,1.83235,1.69681,1.57156,1.45529,1.34796,1.24833,1.15604,1.07069,0.991522,0.918279,0.850479,0.787638,0.729436
0.948162,40.4354,38.8531,39.1877,40.8149,43.0593,46.0595,46.7037,45.0852,41.6632,41.2212,43.1468,44.4309,43.6783,41.3997,41.953,42.9263,41.6162,41.0579,41.8083,40.6476,40.8789,40.439,40.2139,39.9671,39.7952,39.4028,39.3199,39.0969,38.8589,38.6822,38.5302,38.3766,38.2285,38.0966,37.9778,37.8609,37.7527,37.6537,37.5629,37.4777,37.4003,37.3266,37.2589,37.1968,37.1389,37.0845,37.0353,36.9888,36.9464,36.9069,36.8699,36.8362,36.8047,36.7756,36.7488,36.7238,36.7008,4.31287,3.99387,3.69844,3.42477,3.17258,2.93783,2.72072,2.5201,2.33351,2.16105,2.00188,1.85388,1.71675,1.59003,1.47239,1.3638,1.263,1.16962,1.08327,1.00317,0.92907,0.860473,0.796894,0.738008
0.950534,40.4367,38.8548,39.1898,40.8172,43.0617,46.0618,46.7057,45.0869,41.6651,41.2236,43.1496,44.5353,43.6806,41.4022,41.9562,42.9293,41.6191,41.0614,41.8118,40.651,40.883,40.4427,40.2182,40.1334,39.7998,39.4073,39.3247,39.1019,38.864,38.6873,38.5354,38.382,38.234,38.1021,37.9835,37.8666,37.7585,37.6596,37.5689,37.4837,37.4063,37.3327,37.265,37.203,37.1452,37.0907,37.0416,36.9951,36.9528,36.9133,36.8763,36.8427,36.8112,36.7821,36.7553,36.7304,36.7074,4.36161,4.03901,3.74024,3.46347,3.20843,2.97103,2.75147,2.54858,2.35988,2.18547,2.0245,1.87483,1.73615,1.608,1.48903,1.37922,1.27727,1.18284,1.09551,1.01451,0.93957,0.870198,0.805901,0.746349
0.952801,40.438,38.8564,39.1918,40.8194,43.064,46.0639,46.7077,45.0886,41.6669,41.226,43.1522,44.4359,43.6828,41.4046,41.9593,42.9321,41.6218,41.0648,41.8151,40.6543,40.8868,40.4463,40.2223,39.9752,39.8042,39.4116,39.3292,39.1066,38.8688,38.6922,38.5404,38.3871,38.2392,38.1074,37.9888,37.8721,37.7641,37.6652,37.5745,37.4894,37.4121,37.3386,37.2709,37.2089,37.1511,37.0967,37.0476,37.0012,36.9589,36.9194,36.8825,36.8488,36.8173,36.7883,36.7615,36.7366,36.7136,36.6922,4.08378,3.78169,3.50186,3.24399,3.00396,2.78197,2.57683,2.38604,2.2097,2.04695,1.89562,1.75539,1.62582,1.50554,1.3945,1.29143,1.19595,1.10766,1.02576,0.949985,0.879844,0.814834,0.754622
0.954966,40.4393,38.8579,39.1936,40.8215,43.0662,46.066,46.7095,45.0901,41.6686,41.2283,43.1547,44.4382,43.6849,41.4068,41.9622,42.9348,41.6244,41.068,41.8183,40.6573,40.8904,40.4498,40.2262,39.979,39.8083,39.4157,39.3335,39.1111,38.8733,38.6968,38.5452,38.3919,38.2441,38.1125,37.994,37.8773,37.7693,37.6705,37.5799,37.4948,37.4176,37.3441,37.2765,37.2145,37.1568,37.1024,37.0533,37.0069,36.9647,36.9252,36.8883,36.8547,36.8232,36.7942,36.7674,36.7425,36.7196,36.6982,4.12899,3.82356,3.54063,3.2799,3.03721,2.81277,2.60536,2.41245,2.23416,2.06961,1.9166,1.77483,1.64382,1.5222,1.40994,1.30573,1.20919,1.11992,1.03711,0.960502,0.889584,0.823855,0.762976
0.957034,40.4404,38.8593,39.1954,40.8235,43.0683,46.0679,46.7112,45.0917,41.6703,41.2304,43.1571,44.4404,43.6869,41.409,41.9649,42.9374,41.6268,41.071,41.8213,40.6602,40.8939,40.453,40.23,39.9825,39.8123,39.4196,39.3376,39.1154,38.8777,38.7013,38.5497,38.3966,38.2489,38.1173,37.9988,37.8822,37.7743,37.6756,37.585,37.5,37.4228,37.3494,37.2818,37.2199,37.1622,37.1079,37.0588,37.0124,36.9702,36.9308,36.8938,36.8603,36.8288,36.7998,36.773,36.7482,36.7252,36.7038,36.6841,3.86663,3.58052,3.31686,3.07143,2.84445,2.63471,2.43963,2.25933,2.09292,1.93819,1.79482,1.66234,1.53935,1.42583,1.32044,1.22281,1.13254,1.0488,0.971323,0.899607,0.833137,0.771572
0.95901,40.4416,38.8607,39.1971,40.8254,43.0703,46.0698,46.7129,45.0931,41.6718,41.2324,43.1594,44.4425,43.6888,41.411,41.9676,42.9399,41.6291,41.0739,41.8242,40.663,40.8972,40.4561,40.2335,39.986,39.8161,39.4233,39.3415,39.3093,38.8818,38.7054,38.554,38.4009,38.2533,38.1218,38.0035,37.887,37.7791,37.6804,37.5899,37.5049,37.4278,37.3544,37.2869,37.225,37.1673,37.113,37.064,37.0176,36.9754,36.936,36.8991,36.8656,36.8341,36.8052,36.7784,36.7535,36.7306,36.7092,36.6895,3.9118,3.62234,3.3556,3.10731,2.87768,2.66548,2.46812,2.28571,2.11737,1.96083,1.81579,1.68176,1.55733,1.44248,1.33586,1.2371,1.14577,1.06105,0.982668,0.910114,0.842868,0.780585
0.960896,40.4426,38.862,39.1987,40.8273,43.0722,46.0716,46.7145,45.0945,41.6733,41.2344,43.1616,44.4445,43.6906,41.413,41.9701,42.9423,41.6314,41.0767,41.8269,40.6657,40.9003,40.4591,40.2369,39.9892,39.8197,39.4268,39.3452,39.1234,38.8858,38.7095,38.5581,38.4051,38.2576,38.1262,38.0079,37.8914,37.7836,37.685,37.5946,37.5096,37.4325,37.3592,37.2917,37.2298,37.1722,37.1179,37.0689,37.0226,36.9804,36.941,36.9042,36.8706,36.8392,36.8103,36.7835,36.7587,36.7357,36.7144,36.6946,36.6763,3.6669,3.39687,3.14553,2.91307,2.69827,2.49848,2.31383,2.14341,1.98495,1.83812,1.70244,1.57649,1.46022,1.35229,1.25231,1.15986,1.0741,0.994755,0.921309,0.853235,0.790185
0.962697,40.4436,38.8633,39.2003,40.829,43.074,46.0733,46.716,45.0958,41.6747,41.2362,43.1636,44.4464,43.6923,41.4148,41.9725,42.9445,41.6335,41.0793,41.8295,40.6682,40.9033,40.4619,40.2401,39.9923,39.8231,39.4302,39.3487,39.1271,38.8895,38.7133,38.562,38.4091,38.2617,38.1303,38.0121,37.8957,37.788,37.6894,37.599,37.5141,37.437,37.3637,37.2963,37.2344,37.1768,37.1226,37.0736,37.0273,36.9851,36.9458,36.9089,36.8754,36.844,36.8151,36.7883,36.7635,36.7406,36.7192,36.6995,36.6812,36.6643,3.4412,3.18657,2.95108,2.73347,2.53108,2.34402,2.17138,2.01085,1.8621,1.72466,1.59706,1.47927,1.36994,1.26865,1.17499,1.08811,1.00774,0.93333,0.864368,0.800496
0.964417,40.4446,38.8645,39.2017,40.8306,43.0757,46.0749,46.7174,45.097,41.6761,41.238,43.1656,44.4483,43.6939,41.4166,41.9748,42.9466,41.6355,41.0818,41.832,40.6706,40.9062,40.4646,40.2432,39.9952,39.8264,39.4334,39.3521,39.3191,38.8931,38.7169,38.5657,38.4129,38.2656,38.1343,38.0161,37.8998,37.7921,37.6936,37.6032,37.5184,37.4413,37.368,37.3006,37.2388,37.1812,37.127,37.0781,37.0318,36.9897,36.9504,36.9135,36.88,36.8486,36.8197,36.793,36.7681,36.7452,36.7239,36.7042,36.6859,36.6689,3.48828,3.23017,2.99146,2.77087,2.56571,2.37609,2.20109,2.03836,1.88758,1.74825,1.61891,1.49951,1.38868,1.28601,1.19107,1.103,1.02152,0.9461,0.876194,0.811448
0.966059,40.4455,38.8656,39.2031,40.8322,43.0773,46.0764,46.7187,45.0982,41.6774,41.2397,43.1675,44.45,43.6955,41.4183,41.977,42.9487,41.6374,41.0842,41.8344,40.6729,40.9089,40.4671,40.2461,39.9981,39.8295,39.4364,39.3553,39.134,38.8965,38.7204,38.5692,38.4165,38.2692,38.138,38.0199,37.9036,37.796,37.6976,37.6072,37.5224,37.4454,37.3722,37.3048,37.243,37.1855,37.1313,37.0823,37.0361,36.994,36.9547,36.9178,36.8843,36.853,36.8241,36.7974,36.7725,36.7497,36.7283,36.7086,36.6903,36.6734,36.6578,3.27515,3.03312,2.80945,2.60144,2.40918,2.23173,2.06674,1.91386,1.7726,1.64145,1.52039,1.40802,1.30392,1.20765,1.11836,1.03575,0.959273,0.888395,0.822746
0.967626,40.4464,38.8667,39.2045,40.8337,43.0789,46.0779,46.72,45.0993,41.6786,41.2413,43.1693,44.4516,43.697,41.4199,41.979,42.9506,41.6392,41.0864,41.8367,40.6751,40.9115,40.4696,40.2489,40.0007,39.8324,39.4393,39.3583,39.1372,38.8997,38.7236,38.5726,38.42,38.2728,38.1416,38.0236,37.9073,37.7998,37.7013,37.6111,37.5263,37.4493,37.3761,37.3087,37.247,37.1895,37.1353,37.0864,37.0402,36.9981,36.9588,36.922,36.8885,36.8571,36.8283,36.8016,36.7768,36.7539,36.7325,36.7128,36.6946,36.6776,36.662,3.31953,3.07422,2.84753,2.63669,2.44183,2.26198,2.09475,1.9398,1.79662,1.66369,1.541,1.4271,1.32159,1.22402,1.13351,1.04978,0.972272,0.900433,0.833896
0.969123,40.4472,38.8677,39.2058,40.8351,43.0804,46.0792,46.7213,45.1004,41.6798,41.2428,43.171,44.4532,43.6984,41.4214,41.981,42.9525,41.641,41.0886,41.8388,40.6772,40.914,40.4719,40.2515,40.0033,39.8352,39.4421,39.3613,39.1402,38.9028,38.7268,38.5758,38.4232,38.2761,38.145,38.027,37.9108,37.8033,37.7049,37.6147,37.5299,37.453,37.3798,37.3125,37.2508,37.1933,37.1392,37.0903,37.0441,37.002,36.9627,36.9259,36.8924,36.8611,36.8322,36.8055,36.7808,36.7579,36.7366,36.7169,36.6986,36.6817,36.6661,36.6516,3.11355,2.88396,2.67042,2.47306,2.29092,2.12155,1.96461,1.8196,1.68498,1.56071,1.44535,1.33849,1.23968,1.14801,1.06321,0.98471,0.911952,0.844563
0.970551,40.448,38.8687,39.207,40.8365,43.0818,46.0806,46.7225,45.1014,41.6809,41.2443,43.1726,44.4547,43.6998,41.4229,41.9829,43.0709,41.6426,41.0906,41.8409,40.6792,41.0696,40.4741,40.254,40.0057,39.8379,39.4447,39.364,39.1431,38.9057,38.7298,38.5789,38.4264,38.2793,38.1483,38.0303,37.9142,37.8067,37.7084,37.6182,37.5334,37.4565,37.3834,37.3161,37.2544,37.1969,37.1428,37.0939,37.0477,37.0057,36.9664,36.9297,36.8962,36.8649,36.836,36.8093,36.7846,36.7617,36.7404,36.7207,36.7024,36.6855,36.6699,36.6554,3.15071,2.91838,2.70229,2.50258,2.31826,2.14687,1.98806,1.84132,1.70508,1.57934,1.4626,1.35447,1.25447,1.16172,1.0759,0.996462,0.922835,0.854643
0.971914,40.4488,38.8697,39.2081,40.8378,43.0831,46.0818,46.7236,45.1024,41.6819,41.2457,43.1741,44.4561,43.701,41.4242,41.9847,42.9559,41.6442,41.0926,41.8428,40.6811,40.9186,40.4762,40.2564,40.008,39.8405,39.4472,39.3667,39.1459,38.9085,38.7326,38.5818,38.4294,38.2823,38.1514,38.0335,37.9174,37.8099,37.7116,37.6215,37.5368,37.4599,37.3868,37.3195,37.2578,37.2004,37.1463,37.0975,37.0513,37.0092,36.97,36.9332,36.8998,36.8685,36.8396,36.813,36.7882,36.7653,36.744,36.7243,36.7061,36.6892,36.6736,36.6591,36.6457,2.95121,2.7327,2.53074,2.34434,2.17102,2.01043,1.86204,1.72427,1.59711,1.47906,1.36971,1.26859,1.17479,1.08801,1.00767,0.933219,0.864259
0.973215,40.4495,38.8705,39.2092,40.839,43.0844,46.083,46.7247,45.1033,41.6829,41.247,43.1756,44.4575,43.7023,41.4256,41.9864,42.9575,41.6457,41.0945,41.8447,40.6829,40.9207,40.4782,40.2587,40.0102,39.8429,39.4496,39.3692,39.1485,38.9112,38.7353,38.5845,38.4322,38.2852,38.1543,38.0365,37.9204,37.813,37.7147,37.6246,37.54,37.4631,37.39,37.3228,37.2611,37.2037,37.1496,37.1008,37.0546,37.0126,36.9734,36.9366,36.9032,36.8719,36.8431,36.8164,36.7916,36.7688,36.7475,36.7278,36.7096,36.6927,36.6771,36.6626,36.6492,36.6368,2.76212,2.55799,2.36958,2.1944,2.03208,1.88208,1.74283,1.6143,1.49498,1.38445,1.28224,1.18743,1.09972,1.01852,0.943266,0.873564
0.974456,40.4502,38.8714,39.2103,40.8402,43.0857,46.0842,46.7257,45.1042,41.6839,41.2482,43.177,44.4588,43.7034,41.4268,41.988,42.959,41.6472,41.0962,41.8464,40.6846,40.9227,40.4801,40.2609,40.0123,39.8452,39.4519,39.3716,39.337,38.9138,38.7379,38.5872,38.4349,38.288,38.1571,38.0393,37.9233,37.8159,37.7177,37.6276,37.543,37.4662,37.3931,37.3259,37.2642,37.2068,37.1528,37.104,37.0578,37.0158,36.9766,36.9399,36.9064,36.8752,36.8463,36.8197,36.7949,36.7721,36.7508,36.7311,36.7129,36.696,36.6804,36.666,36.6525,36.6402,2.79125,2.58496,2.39457,2.21754,2.05351,1.90193,1.76122,1.63133,1.51075,1.39905,1.29577,1.19996,1.11132,1.02926,0.953214,0.882776
0.97564,40.4509,38.8722,39.2113,40.8413,43.0868,46.0853,46.7266,45.105,41.6848,41.2494,43.1784,44.46,43.7046,41.428,41.9896,42.9605,41.6485,41.0979,41.8481,40.6862,40.9247,40.4819,40.263,40.0143,39.8474,39.454,39.3739,39.1535,38.9162,38.7404,38.5897,38.4374,38.2906,38.1598,38.042,37.926,37.8187,37.7205,37.6304,37.5459,37.4691,37.396,37.3288,37.2672,37.2098,37.1558,37.107,37.0609,37.0189,36.9797,36.9429,36.9095,36.8783,36.8495,36.8228,36.7981,36.7752,36.754,36.7343,36.716,36.6992,36.6836,36.6691,36.6557,36.6434,36.6318,2.61377,2.42126,2.24226,2.0764,1.92313,1.78085,1.64951,1.52759,1.41465,1.31021,1.21333,1.12371,1.04074,0.963839,0.892616
0.976771,40.4515,38.873,39.2122,40.8424,43.0879,46.0863,46.7276,45.1058,41.6857,41.2506,43.1796,44.4612,43.7056,41.4291,41.991,42.9618,41.6498,41.0995,41.8497,40.6878,40.9265,40.4837,40.2649,40.0162,39.8496,39.4561,39.376,39.1557,38.9185,38.7427,38.5921,38.4399,38.2931,38.1623,38.0446,37.9286,37.8213,37.7232,37.6332,37.5486,37.4718,37.3988,37.3316,37.27,37.2127,37.1587,37.1099,37.0638,37.0218,36.9826,36.9459,36.9125,36.8812,36.8524,36.8258,36.801,36.7782,36.757,36.7373,36.7191,36.7022,36.6866,36.6721,36.6588,36.6464,36.6349,2.64241,2.44779,2.26683,2.09915,1.9442,1.80036,1.66758,1.54433,1.43015,1.32457,1.22663,1.13602,1.05214,0.9744,0.902396
0.977849,40.4521,38.8737,39.2131,40.8434,43.089,46.0873,46.7285,45.1066,41.6865,41.2516,43.1808,44.4623,43.7066,41.4302,41.9924,42.9632,41.6511,41.1011,41.8513,40.6892,40.9283,40.4853,40.2668,40.018,39.8516,39.4581,39.3781,39.1578,38.9207,38.7449,38.5944,38.4422,38.2955,38.1647,38.047,37.9311,37.8239,37.7258,37.6357,37.5512,37.4745,37.4015,37.3343,37.2727,37.2154,37.1614,37.1126,37.0665,37.0245,36.9854,36.9487,36.9153,36.884,36.8552,36.8286,36.8039,36.7811,36.7598,36.7401,36.7219,36.7051,36.6895,36.675,36.6616,36.6493,36.6378,36.6271,2.47619,2.29312,2.1235,1.96676,1.82124,1.68693,1.56224,1.44674,1.33993,1.24086,1.1492,1.06435,0.985703,0.912864
0.978878,40.4527,38.8744,39.214,40.8444,43.09,46.0882,46.7293,45.1073,41.6873,41.2527,43.182,44.4634,43.7076,41.4313,41.9938,42.9644,41.6522,41.1026,41.8527,40.6907,40.9299,40.4869,40.2686,40.0197,39.8535,39.4599,39.3801,39.1599,38.9228,38.7471,38.5965,38.4445,38.2977,38.167,38.0494,37.9335,37.8263,37.7282,37.6382,37.5537,37.477,37.404,37.3369,37.2753,37.218,37.164,37.1152,37.0691,37.0272,36.988,36.9513,36.918,36.8867,36.8579,36.8313,36.8066,36.7838,36.7625,36.7429,36.7246,36.7078,36.6922,36.6778,36.6644,36.652,36.6405,36.6299,2.50706,2.32171,2.14997,1.99128,1.84395,1.70796,1.58172,1.46478,1.35664,1.25633,1.16352,1.07762,0.997992,0.924246
0.97986,40.4532,38.8751,39.2148,40.8453,43.091,46.0891,46.7301,45.108,41.6881,41.2537,43.1831,44.4644,43.7085,41.4323,41.995,42.9656,41.6534,41.1039,41.8541,40.692,40.9315,40.4884,40.2703,40.0214,39.8553,39.4617,39.3819,39.1619,38.9247,38.7491,38.5986,38.4466,38.2999,38.1692,38.0516,37.9358,37.8286,37.7305,37.6405,37.5561,37.4794,37.4064,37.3393,37.2778,37.2204,37.1665,37.1177,37.0716,37.0297,36.9906,36.9539,36.9205,36.8893,36.8605,36.8339,36.8092,36.7864,36.7651,36.7455,36.7273,36.7104,36.6949,36.6804,36.667,36.6546,36.6431,36.6325,36.6227,2.35279,2.17875,2.01793,1.86863,1.73082,1.60289,1.48438,1.3748,1.27314,1.1791,1.09204,1.01135,0.936615
0.980796,40.4537,38.8757,39.2156,40.8462,43.0919,46.09,46.7309,45.1087,41.6888,41.2546,43.1842,44.4653,43.7094,41.4332,41.9963,42.9667,41.6544,41.1053,41.8554,40.6933,40.933,40.4898,40.272,40.023,39.857,39.4634,39.3837,39.1637,38.9266,38.751,38.6006,38.4486,38.3019,38.1713,38.0538,37.9379,37.8308,37.7327,37.6428,37.5583,37.4816,37.4087,37.3416,37.2801,37.2228,37.1688,37.1201,37.074,37.0321,36.993,36.9563,36.9229,36.8917,36.8629,36.8363,36.8116,36.7888,36.7676,36.7479,36.7297,36.7129,36.6973,36.6829,36.6695,36.6571,36.6456,36.635,36.6252,36.6161,2.20891,2.04587,1.8945,1.75478,1.62508,1.50493,1.39383,1.29077,1.19542,1.10716,1.02535,0.949582
0.981689,40.4542,38.8763,39.2163,40.847,43.0928,46.0908,46.7316,45.1093,41.6895,41.2555,43.1851,44.4663,43.7102,41.4341,41.9974,42.9678,41.6555,41.1065,41.8567,40.6945,40.9345,40.4912,40.2735,40.0245,39.8587,39.4651,39.3854,39.1655,38.9285,38.7528,38.6025,38.4505,38.3039,38.1733,38.0558,37.94,37.8328,37.7348,37.6449,37.5605,37.4838,37.4109,37.3438,37.2823,37.225,37.1711,37.1224,37.0763,37.0344,36.9953,36.9586,36.9253,36.894,36.8653,36.8387,36.8139,36.7912,36.7699,36.7503,36.7321,36.7152,36.6997,36.6852,36.6719,36.6595,36.648,36.6374,36.6276,36.6185,2.2387,2.07346,1.92005,1.77845,1.647,1.52523,1.41263,1.30818,1.21154,1.12209,1.03918,0.962389
0.982542,40.4547,38.8769,39.217,40.8478,43.0936,46.0916,46.7323,45.1099,41.6901,41.2564,43.1861,44.4672,43.711,41.435,41.9985,42.9688,41.6564,41.1077,41.8579,40.6957,40.9359,40.4925,40.275,40.0259,39.8602,39.4666,39.3871,39.1672,38.9302,38.7546,38.6042,38.4523,38.3058,38.1752,38.0577,37.942,37.8348,37.7368,37.6469,37.5625,37.4859,37.413,37.3459,37.2844,37.2271,37.1732,37.1245,37.0785,37.0366,36.9974,36.9608,36.9275,36.8962,36.8675,36.8409,36.8162,36.7934,36.7722,36.7525,36.7343,36.7175,36.7019,36.6875,36.6741,36.6618,36.6503,36.6397,36.6299,36.6208,36.6123,2.09953,1.94419,1.80081,1.66771,1.54441,1.43039,1.32463,1.22678,1.1362,1.05225,0.974491
0.983354,40.4551,38.8775,39.2177,40.8486,43.0944,46.0923,46.733,45.1105,41.6907,41.2572,43.187,44.468,43.7118,41.4358,41.9996,42.9698,41.6574,41.1089,41.859,40.6968,40.9372,40.4937,40.2764,40.0272,39.8617,39.4681,39.3886,39.1689,38.9318,38.7562,38.606,38.4541,38.3075,38.177,38.0595,37.9438,37.8367,37.7387,37.6489,37.5645,37.4878,37.415,37.3479,37.2864,37.2292,37.1753,37.1266,37.0805,37.0386,36.9995,36.9629,36.9295,36.8983,36.8696,36.843,36.8183,36.7955,36.7743,36.7547,36.7365,36.7196,36.7041,36.6897,36.6763,36.6639,36.6524,36.6418,36.632,36.6229,36.6145,2.12393,1.96679,1.82174,1.68709,1.56235,1.44701,1.34002,1.24103,1.1494,1.06447,0.985815
0.984129,40.4555,38.878,39.2184,40.8493,43.0951,46.093,46.7336,45.111,41.6913,41.258,43.1879,44.4688,43.7125,41.4365,42.0006,42.9708,41.6583,41.11,41.8601,40.6978,40.9384,40.4949,40.2777,40.0285,39.8632,39.4695,39.3901,39.1704,38.9334,38.7578,38.6076,38.4557,38.3092,38.1788,38.0613,37.9456,37.8385,37.7406,37.6507,37.5663,37.4897,37.4168,37.3498,37.2884,37.2311,37.1772,37.1285,37.0825,37.0406,37.0015,36.9649,36.9315,36.9003,36.8716,36.845,36.8203,36.7976,36.7763,36.7567,36.7385,36.7217,36.7062,36.6917,36.6783,36.666,36.6545,36.6439,36.6341,36.625,36.6165,36.6087,1.9883,1.84167,1.70555,1.57945,1.46284,1.35468,1.25461,1.16198,1.07612,0.9966
0.984869,40.456,38.8785,39.219,40.85,43.0959,46.0937,46.7342,45.1115,41.6919,41.2587,43.1887,44.4695,43.7132,41.4373,42.0015,42.9717,41.6591,41.111,41.8612,40.6988,40.9396,40.496,40.279,40.0297,39.8645,39.4708,39.3915,39.1719,38.9349,38.7593,38.6091,38.4573,38.3108,38.1804,38.063,37.9473,37.8402,37.7423,37.6525,37.5681,37.4915,37.4187,37.3516,37.2902,37.2329,37.1791,37.1304,37.0844,37.0425,37.0034,36.9668,36.9334,36.9022,36.8735,36.8469,36.8223,36.7995,36.7783,36.7586,36.7405,36.7236,36.7081,36.6937,36.6803,36.668,36.6565,36.6459,36.6361,36.6269,36.6185,36.6107,36.6035,1.85951,1.72207,1.59475,1.47701,1.3678,1.26676,1.17323,1.08654,1.00625
0.985574,40.4563,38.879,39.2196,40.8507,43.0965,46.0943,46.7347,45.112,41.6924,41.2594,43.1895,44.4703,43.7138,41.438,42.0024,42.9725,41.6599,41.112,41.8622,40.6998,40.9408,40.497,40.2802,40.0309,39.8658,39.4721,39.3928,39.1733,38.9363,38.7608,38.6106,38.4588,38.3124,38.182,38.0646,37.9489,37.8418,37.7439,37.6541,37.5698,37.4932,37.4204,37.3533,37.2919,37.2347,37.1808,37.1322,37.0861,37.0443,37.0052,36.9686,36.9353,36.9041,36.8753,36.8488,36.8241,36.8013,36.7801,36.7605,36.7423,36.7255,36.71,36.6955,36.6822,36.6698,36.6583,36.6477,36.6379,36.6288,36.6204,36.6126,36.6054,1.88073,1.74172,1.61295,1.49387,1.38341,1.28122,1.18662,1.09895,1.01774
0.986247,40.4567,38.8794,39.2201,40.8513,43.0972,46.095,46.7353,45.1125,41.6929,41.2601,43.1902,44.471,43.7145,41.4386,42.0033,42.9733,41.6607,41.113,41.8631,40.7007,40.9418,40.4981,40.2814,40.032,39.867,39.4733,39.3941,39.1746,38.9376,38.7622,38.612,38.4603,38.3138,38.1835,38.0661,37.9504,37.8434,37.7455,37.6557,37.5714,37.4948,37.422,37.355,37.2936,37.2364,37.1825,37.1338,37.0878,37.046,37.0069,36.9703,36.937,36.9058,36.8771,36.8505,36.8258,36.8031,36.7819,36.7623,36.7441,36.7272,36.7117,36.6973,36.6839,36.6716,36.6601,36.6495,36.6397,36.6306,36.6222,36.6144,36.6071,36.6005,1.76067,1.63049,1.51012,1.39846,1.29516,1.19953,1.1109,1.02881
0.986888,40.4571,38.8798,39.2207,40.8519,43.0978,46.0955,46.7358,45.1129,41.6934,41.2607,43.1909,44.4716,43.7151,41.4393,42.0041,42.9741,41.6614,41.1139,41.864,40.7016,40.9429,40.499,40.2825,40.0331,39.8682,39.4744,39.3953,39.1759,38.9389,38.7635,38.6133,38.4616,38.3152,38.1849,38.0675,37.9519,37.8449,37.747,37.6572,37.5729,37.4964,37.4236,37.3566,37.2952,37.2379,37.1841,37.1354,37.0895,37.0476,37.0085,36.9719,36.9386,36.9074,36.8787,36.8522,36.8275,36.8047,36.7835,36.7639,36.7458,36.7289,36.7134,36.699,36.6856,36.6733,36.6618,36.6512,36.6414,36.6323,36.6239,36.6161,36.6089,36.6022,1.78114,1.64945,1.52768,1.41472,1.31022,1.21348,1.12382,1.04077
0.9875,40.4574,38.8803,39.2212,40.8525,43.0984,46.0961,46.7363,45.1134,41.6939,41.2613,43.1916,44.4722,43.7156,41.4399,42.0049,42.9748,41.6621,41.1147,41.8649,40.7024,40.9438,40.5,40.2836,40.0341,39.8694,39.4755,39.3965,39.1771,38.9401,38.7647,38.6146,38.4629,38.3166,38.1862,38.0689,37.9533,37.8463,37.7484,37.6587,37.5744,37.4978,37.425,37.3581,37.2967,37.2395,37.1856,37.137,37.091,37.0491,37.0101,36.9735,36.9402,36.909,36.8803,36.8537,36.8291,36.8063,36.7851,36.7655,36.7474,36.7305,36.715,36.7006,36.6872,36.6749,36.6634,36.6528,36.643,36.6339,36.6255,36.6177,36.6105,36.6038,36.5976,1.67045,1.54713,1.43273,1.32689,1.22893,1.13812,1.05402
0.988083,40.4577,38.8807,39.2217,40.853,43.099,46.0966,46.7368,45.1138,41.6943,41.2619,43.1923,44.4728,43.7162,41.4405,42.0057,42.9755,41.6627,41.1156,41.8657,40.7032,40.9448,40.5008,40.2846,40.0351,39.8704,39.4766,39.3976,39.1782,38.9413,38.7659,38.6158,38.4642,38.3178,38.1875,38.0702,37.9546,37.8476,37.7498,37.66,37.5758,37.4992,37.4265,37.3595,37.2981,37.2409,37.1871,37.1384,37.0925,37.0506,37.0116,36.975,36.9417,36.9105,36.8818,36.8552,36.8306,36.8078,36.7866,36.767,36.7489,36.7321,36.7166,36.7021,36.6888,36.6764,36.665,36.6544,36.6446,36.6355,36.627,36.6192,36.612,36.6053,36.5991,36.5934,1.56848,1.45251,1.34521,1.24589,1.15383,1.06857
0.98864,40.458,38.881,39.2221,40.8535,43.0995,46.0971,46.7372,45.1142,41.6948,41.2624,43.1929,44.4734,43.7167,41.441,42.0064,42.9762,41.6634,41.1163,41.8665,40.704,40.9457,40.5017,40.2855,40.036,39.8714,39.4776,39.3986,39.1793,38.9424,38.767,38.617,38.4653,38.319,38.1888,38.0715,37.9559,37.8489,37.7511,37.6614,37.5771,37.5006,37.4278,37.3608,37.2995,37.2423,37.1885,37.1398,37.0939,37.052,37.013,36.9764,36.9431,36.9119,36.8832,36.8567,36.832,36.8093,36.7881,36.7685,36.7503,36.7335,36.718,36.7036,36.6902,36.6779,36.6664,36.6558,36.646,36.6369,36.6285,36.6207,36.6135,36.6068,36.6006,36.5949,1.59054,1.47293,1.36413,1.26341,1.17006,1.0836
0.98917,40.4583,38.8814,39.2226,40.854,43.1,46.0976,46.7377,45.1145,41.6952,41.263,43.1935,44.474,43.7172,41.4416,42.0071,42.9768,41.664,41.1171,41.8672,40.7047,40.9465,40.5025,40.2864,40.0369,39.8724,39.4786,39.3996,39.1804,38.9435,38.7681,38.6181,38.4665,38.3202,38.1899,38.0726,37.9571,37.8501,37.7523,37.6626,37.5783,37.5019,37.4291,37.3621,37.3008,37.2436,37.1898,37.1412,37.0952,37.0534,37.0143,36.9777,36.9445,36.9133,36.8846,36.858,36.8334,36.8107,36.7895,36.7699,36.7517,36.7349,36.7194,36.705,36.6916,36.6793,36.6678,36.6572,36.6474,36.6383,36.6299,36.6221,36.6149,36.6082,36.602,36.5963,36.591,1.49114,1.38099,1.27902,1.18452,1.09699
0.989676,40.4586,38.8817,39.223,40.8545,43.1005,46.0981,46.7381,45.1149,41.6956,41.2635,43.194,44.4745,43.7176,41.4421,42.0077,42.9774,41.6646,41.1178,41.8679,40.7054,40.9473,40.5032,40.2873,40.0377,39.8733,39.4794,39.4006,39.1814,38.9445,38.7691,38.6191,38.4675,38.3213,38.191,38.0738,37.9582,37.8513,37.7535,37.6638,37.5795,37.5031,37.4303,37.3634,37.302,37.2448,37.191,37.1424,37.0965,37.0546,37.0156,36.979,36.9458,36.9146,36.8859,36.8594,36.8347,36.812,36.7908,36.7712,36.753,36.7362,36.7207,36.7063,36.6929,36.6806,36.6692,36.6585,36.6488,36.6397,36.6312,36.6235,36.6162,36.6096,36.6034,36.5976,36.5923,1.50913,1.39765,1.29445,1.19881,1.11022
0.990158,40.4588,38.8821,39.2234,40.8549,43.101,46.0985,46.7385,45.1152,41.6959,41.264,43.1946,44.475,43.7181,41.4425,42.0083,42.978,41.6651,41.1185,41.8686,40.706,40.9481,40.504,40.2881,40.0385,39.8742,39.4803,39.4015,39.1823,38.9455,38.7701,38.6201,38.4686,38.3223,38.1921,38.0749,37.9593,37.8524,37.7546,37.6649,37.5807,37.5042,37.4315,37.3645,37.3032,37.246,37.1922,37.1436,37.0977,37.0559,37.0168,36.9803,36.947,36.9158,36.8871,36.8606,36.8359,36.8132,36.7921,36.7724,36.7543,36.7375,36.722,36.7076,36.6942,36.6819,36.6704,36.6598,36.65,36.6409,36.6325,36.6247,36.6175,36.6108,36.6046,36.5989,36.5936,36.5887,1.41429,1.30987,1.21308,1.12344
0.990618,40.4591,38.8824,39.2238,40.8554,43.1014,46.0989,46.7388,45.1155,41.6963,41.2644,43.1951,44.4754,43.7185,41.443,42.0089,42.9786,41.6656,41.1191,41.8692,40.7066,40.9488,40.5046,40.2889,40.0393,39.8751,39.4811,39.4024,39.1832,38.9464,38.7711,38.6211,38.4695,38.3233,38.1931,38.0759,37.9604,37.8535,37.7557,37.666,37.5818,37.5053,37.4326,37.3657,37.3043,37.2472,37.1934,37.1448,37.0988,37.057,37.018,36.9814,36.9482,36.917,36.8883,36.8618,36.8372,36.8144,36.7932,36.7736,36.7555,36.7387,36.7232,36.7088,36.6954,36.6831,36.6716,36.661,36.6513,36.6422,36.6337,36.6259,36.6187,36.6121,36.6059,36.6001,36.5948,36.5899,36.5853,1.32436,1.22651,1.13588
0.991057,40.4593,38.8827,39.2241,40.8558,43.1019,46.0993,46.7392,45.1158,41.6966,41.2649,43.1956,44.4759,43.7189,41.4434,42.0095,42.9791,41.6661,41.1197,41.8698,40.7072,40.9495,40.5053,40.2897,40.04,39.8758,39.4819,39.4032,39.1841,38.9473,38.7719,38.622,38.4705,38.3243,38.1941,38.0769,37.9614,37.8545,37.7567,37.667,37.5828,37.5064,37.4336,37.3667,37.3054,37.2482,37.1945,37.1459,37.0999,37.0581,37.0191,36.9825,36.9493,36.9181,36.8894,36.8629,36.8383,36.8155,36.7944,36.7748,36.7566,36.7398,36.7243,36.7099,36.6966,36.6842,36.6728,36.6622,36.6524,36.6433,36.6349,36.6271,36.6199,36.6132,36.607,36.6013,36.596,36.591,36.5865,1.33875,1.23983,1.14821
0.991475,40.4596,38.8829,39.2245,40.8562,43.1023,46.0997,46.7395,45.1161,41.6969,41.2653,43.196,44.4763,43.7193,41.4438,42.01,42.9796,41.6666,41.1203,41.8704,40.7078,40.9502,40.5059,40.2904,40.0407,39.8766,39.4827,39.4039,39.1849,38.9481,38.7728,38.6229,38.4713,38.3252,38.195,38.0778,37.9623,37.8554,37.7577,37.668,37.5838,37.5074,37.4346,37.3677,37.3064,37.2493,37.1955,37.1469,37.101,37.0592,37.0202,36.9836,36.9503,36.9192,36.8905,36.864,36.8394,36.8166,36.7955,36.7759,36.7577,36.7409,36.7254,36.711,36.6977,36.6853,36.6739,36.6633,36.6535,36.6444,36.636,36.6282,36.621,36.6143,36.6081,36.6024,36.5971,36.5922,36.5876,36.5834,1.254,1.16134
0.991873,40.4598,38.8832,39.2248,40.8565,43.1027,46.1001,46.7398,45.1164,41.6972,41.2657,43.1965,44.4767,43.7197,41.4442,42.0105,42.9801,41.667,41.1209,41.871,40.7083,40.9508,40.5065,40.2911,40.0413,39.8773,39.4834,39.4047,39.1857,38.9489,38.7736,38.6237,38.4722,38.326,38.1959,38.0787,37.9632,37.8564,37.7586,37.669,37.5848,37.5083,37.4356,37.3687,37.3074,37.2503,37.1965,37.1479,37.102,37.0602,37.0212,36.9846,36.9514,36.9202,36.8915,36.865,36.8404,36.8177,36.7965,36.7769,36.7587,36.7419,36.7265,36.712,36.6987,36.6864,36.6749,36.6643,36.6546,36.6455,36.637,36.6292,36.622,36.6154,36.6092,36.6034,36.5981,36.5932,36.5887,36.5844,1.26973,1.1759
0.992253,40.46,38.8835,39.2251,40.8569,43.103,46.1004,46.7401,45.1167,41.6975,41.266,43.1969,44.4771,43.72,41.4446,42.011,42.9805,41.6675,41.1214,41.8715,40.7088,40.9515,40.5071,40.2917,40.042,39.878,39.4841,39.4054,39.1864,38.9496,38.7744,38.6245,38.473,38.3269,38.1967,38.0795,37.9641,37.8572,37.7595,37.6698,37.5857,37.5092,37.4365,37.3696,37.3083,37.2512,37.1974,37.1488,37.1029,37.0611,37.0221,36.9856,36.9523,36.9212,36.8925,36.866,36.8414,36.8186,36.7975,36.7779,36.7597,36.7429,36.7274,36.713,36.6997,36.6874,36.6759,36.6653,36.6555,36.6465,36.638,36.6303,36.623,36.6164,36.6102,36.6044,36.5991,36.5942,36.5897,36.5854,36.5815,1.19226
0.992616,40.4602,38.8837,39.2254,40.8572,43.1034,46.1007,46.7404,45.1169,41.6978,41.2664,43.1973,44.4775,43.7204,41.445,42.0115,42.981,41.6679,41.1219,41.872,40.7093,40.952,40.5076,40.2923,40.0426,39.8787,39.4847,39.4061,39.1872,38.9504,38.7751,38.6252,38.4738,38.3276,38.1975,38.0803,37.9649,37.8581,37.7603,37.6707,37.5865,37.5101,37.4374,37.3705,37.3092,37.2521,37.1983,37.1497,37.1038,37.062,37.023,36.9865,36.9532,36.9221,36.8934,36.8669,36.8423,36.8196,36.7984,36.7788,36.7607,36.7439,36.7284,36.714,36.7006,36.6883,36.6769,36.6663,36.6565,36.6474,36.639,36.6312,36.624,36.6173,36.6111,36.6054,36.6001,36.5952,36.5906,36.5864,36.5825,36.5789
0.992961,40.4604,38.8839,39.2257,40.8575,43.1037,46.101,46.7407,45.1172,41.698,41.2667,43.1977,44.4778,43.7207,41.4453,42.0119,42.9814,41.6683,41.1224,41.8725,40.7098,40.9526,40.5082,40.2929,40.0431,39.8793,39.4853,39.4068,39.1878,38.9511,38.7758,38.6259,38.4745,38.3284,38.1983,38.0811,37.9657,37.8588,37.7611,37.6715,37.5873,37.5109,37.4382,37.3713,37.31,37.2529,37.1992,37.1506,37.1047,37.0629,37.0239,36.9874,36.9541,36.923,36.8943,36.8678,36.8432,36.8205,36.7993,36.7797,36.7616,36.7448,36.7293,36.7149,36.7015,36.6892,36.6778,36.6672,36.6574,36.6483,36.6399,36.6321,36.6249,36.6182,36.612,36.6063,36.601,36.5961,36.5915,36.5873,36.5834,36.5798
0.993291,40.4605,38.8842,39.226,40.8578,43.104,46.1013,46.741,45.1174,41.6983,41.2671,43.198,44.4781,43.721,41.4456,42.0123,42.9818,41.6686,41.1229,41.8729,40.7102,40.9531,40.5087,40.2935,40.0437,39.8799,39.4859,39.4074,39.1885,38.9517,38.7765,38.6266,38.4752,38.3291,38.199,38.0818,37.9664,37.8596,37.7619,37.6723,37.5881,37.5117,37.439,37.3721,37.3108,37.2537,37.2,37.1514,37.1055,37.0637,37.0247,36.9882,36.955,36.9238,36.8952,36.8686,36.844,36.8213,36.8001,36.7806,36.7624,36.7456,36.7301,36.7157,36.7024,36.6901,36.6786,36.668,36.6583,36.6492,36.6408,36.633,36.6258,36.6191,36.6129,36.6072,36.6019,36.597,36.5924,36.5882,36.5843,36.5807
0.993605,40.4607,38.8844,39.2262,40.8581,43.1043,46.1016,46.7412,45.1176,41.6985,41.2674,43.1984,44.4785,43.7213,41.4459,42.0127,42.9821,41.669,41.1233,41.8734,40.7107,40.9536,40.5091,40.294,40.0442,39.8805,39.4865,39.4079,39.1891,38.9524,38.7771,38.6273,38.4759,38.3298,38.1997,38.0825,37.9671,37.8603,37.7626,37.673,37.5888,37.5124,37.4398,37.3729,37.3116,37.2545,37.2008,37.1522,37.1063,37.0645,37.0255,36.989,36.9557,36.9246,36.896,36.8694,36.8448,36.8221,36.801,36.7814,36.7632,36.7464,36.731,36.7165,36.7032,36.6909,36.6794,36.6689,36.6591,36.65,36.6416,36.6338,36.6266,36.6199,36.6137,36.608,36.6027,36.5978,36.5932,36.589,36.5851,36.5815
0.993904,40.4609,38.8846,39.2265,40.8584,43.1046,46.1019,46.7415,45.1178,41.6988,41.2677,43.1987,44.4788,43.7215,41.4462,42.0131,42.9825,41.6693,41.1237,41.8738,40.7111,40.9541,40.5096,40.2945,40.0447,39.881,39.487,39.4085,39.1897,38.9529,38.7777,38.6279,38.4765,38.3304,38.2003,38.0832,37.9678,37.861,37.7633,37.6737,37.5896,37.5132,37.4405,37.3736,37.3123,37.2552,37.2015,37.1529,37.107,37.0653,37.0263,36.9897,36.9565,36.9254,36.8967,36.8702,36.8456,36.8229,36.8017,36.7821,36.764,36.7472,36.7317,36.7173,36.704,36.6917,36.6802,36.6696,36.6599,36.6508,36.6424,36.6346,36.6274,36.6207,36.6145,36.6088,36.6035,36.5986,36.594,36.5898,36.5859,36.5823
0.994189,40.461,38.8848,39.2267,40.8587,43.1049,46.1021,46.7417,45.118,41.699,41.2679,43.199,44.4791,43.7218,41.4465,42.0135,42.9828,41.6696,41.1241,41.8742,40.7114,40.9545,40.51,40.295,40.0451,39.8815,39.4875,39.4091,39.1903,38.9535,38.7783,38.6285,38.4771,38.331,38.201,38.0839,37.9684,37.8616,37.764,37.6744,37.5902,37.5138,37.4412,37.3743,37.313,37.2559,37.2022,37.1536,37.1078,37.066,37.027,36.9905,36.9572,36.9261,36.8974,36.8709,36.8463,36.8236,36.8025,36.7829,36.7648,36.7479,36.7325,36.7181,36.7047,36.6924,36.681,36.6704,36.6606,36.6515,36.6431,36.6353,36.6281,36.6215,36.6153,36.6095,36.6042,36.5993,36.5948,36.5906,36.5866,36.583
0.994461,40.4612,38.885,39.2269,40.8589,43.1052,46.1024,46.7419,45.1182,41.6992,41.2682,43.1993,44.4793,43.722,41.4468,42.0138,42.9832,41.67,41.1245,41.8746,40.7118,40.955,40.5104,40.2955,40.0456,39.882,39.488,39.4096,39.1908,38.954,38.7788,38.629,38.4777,38.3316,38.2015,38.0844,37.969,37.8623,37.7646,37.675,37.5909,37.5145,37.4418,37.375,37.3137,37.2566,37.2029,37.1543,37.1084,37.0667,37.0277,36.9911,36.9579,36.9268,36.8981,36.8716,36.847,36.8243,36.8031,36.7836,36.7654,36.7486,36.7332,36.7188,36.7054,36.6931,36.6817,36.6711,36.6613,36.6522,36.6438,36.636,36.6288,36.6222,36.616,36.6103,36.605,36.6,36.5955,36.5913,36.5874,36.5838
0.994721,40.4613,38.8851,39.2272,40.8592,43.1054,46.1026,46.7421,45.1184,41.6994,41.2685,43.1996,44.4796,43.7223,41.447,42.0142,42.9835,41.6702,41.1249,41.8749,40.7122,40.9554,40.5108,40.2959,40.046,39.8825,39.4885,39.41,39.1913,38.9545,38.7793,38.6296,38.4782,38.3322,38.2021,38.085,37.9696,37.8629,37.7652,37.6756,37.5915,37.5151,37.4424,37.3756,37.3143,37.2572,37.2035,37.155,37.1091,37.0673,37.0283,36.9918,36.9586,36.9275,36.8988,36.8723,36.8477,36.825,36.8038,36.7843,36.7661,36.7493,36.7339,36.7194,36.7061,36.6938,36.6824,36.6718,36.662,36.6529,36.6445,36.6367,36.6295,36.6228,36.6167,36.6109,36.6056,36.6007,36.5962,36.592,36.5881,36.5844
0.994968,40.4615,38.8853,39.2274,40.8594,43.1056,46.1028,46.7423,45.1186,41.6995,41.2687,43.1999,44.4799,43.7225,41.4473,42.0145,42.9838,41.6705,41.1252,41.8753,40.7125,40.9558,40.5112,40.2964,40.0464,39.883,39.4889,39.4105,39.1918,38.955,38.7798,38.6301,38.4787,38.3327,38.2026,38.0856,37.9702,37.8634,37.7658,37.6762,37.5921,37.5157,37.443,37.3762,37.3149,37.2578,37.2041,37.1556,37.1097,37.0679,37.0289,36.9924,36.9592,36.9281,36.8994,36.8729,36.8483,36.8256,36.8044,36.7849,36.7668,36.75,36.7345,36.7201,36.7068,36.6945,36.683,36.6724,36.6627,36.6536,36.6452,36.6374,36.6302,36.6235,36.6173,36.6116,36.6063,36.6014,36.5968,36.5926,36.5887,36.5851
0.995204,40.4616,38.8854,39.2276,40.8596,43.1059,46.1031,46.7425,45.1187,41.6997,41.269,43.2001,44.4801,43.7227,41.4475,42.0148,42.984,41.6708,41.1255,41.8756,40.7128,40.9562,40.5115,40.2968,40.0468,39.8834,39.4893,39.4109,39.1922,38.9555,38.7803,38.6306,38.4792,38.3332,38.2032,38.0861,37.9707,37.864,37.7663,37.6767,37.5926,37.5163,37.4436,37.3768,37.3155,37.2584,37.2047,37.1562,37.1103,37.0685,37.0295,36.993,36.9598,36.9287,36.9,36.8735,36.8489,36.8262,36.8051,36.7855,36.7674,36.7506,36.7351,36.7207,36.7074,36.6951,36.6836,36.673,36.6633,36.6542,36.6458,36.638,36.6308,36.6241,36.6179,36.6122,36.6069,36.602,36.5974,36.5932,36.5893,36.5857
0.995428,40.4617,38.8856,39.2277,40.8598,43.1061,46.1033,46.7427,45.1189,41.6999,41.2692,43.2004,44.4803,43.7229,41.4477,42.0151,42.9843,41.671,41.1258,41.8759,40.7131,40.9565,40.5118,40.2972,40.0472,39.8838,39.4897,39.4114,39.1927,38.956,38.7808,38.631,38.4797,38.3337,38.2037,38.0866,37.9712,37.8645,37.7668,37.6773,37.5931,37.5168,37.4441,37.3773,37.316,37.259,37.2053,37.1567,37.1108,37.0691,37.0301,36.9936,36.9604,36.9293,36.9006,36.8741,36.8495,36.8268,36.8056,36.7861,36.768,36.7512,36.7357,36.7213,36.708,36.6957,36.6842,36.6736,36.6639,36.6548,36.6464,36.6386,36.6314,36.6247,36.6185,36.6128,36.6075,36.6026,36.598,36.5938,36.5899,36.5863
0.995642,40.4618,38.8857,39.2279,40.86,43.1063,46.1034,46.7429,45.119,41.7001,41.2694,43.2006,44.4805,43.7231,41.448,42.0153,42.9846,41.6713,41.1261,41.8762,40.7134,40.9568,40.5122,40.2975,40.0475,39.8842,39.4901,39.4118,39.1931,38.9564,38.7812,38.6315,38.4801,38.3342,38.2041,38.0871,37.9717,37.865,37.7673,37.6778,37.5937,37.5173,37.4447,37.3778,37.3166,37.2595,37.2058,37.1573,37.1114,37.0696,37.0306,36.9941,36.9609,36.9298,36.9012,36.8746,36.8501,36.8274,36.8062,36.7866,36.7685,36.7517,36.7362,36.7218,36.7085,36.6962,36.6848,36.6742,36.6644,36.6553,36.6469,36.6391,36.6319,36.6253,36.6191,36.6134,36.6081,36.6031,36.5986,36.5944,36.5905,36.5869
0.995847,40.4619,38.8859,39.2281,40.8602,43.1065,46.1036,46.743,45.1192,41.7002,41.2696,43.2008,44.4807,43.7233,41.4482,42.0156,42.9848,41.6715,41.1264,41.8765,40.7137,40.9572,40.5125,40.2979,40.0479,39.8845,39.4905,39.4122,39.1935,38.9568,38.7816,38.6319,38.4806,38.3346,38.2046,38.0875,37.9722,37.8654,37.7678,37.6782,37.5941,37.5178,37.4451,37.3783,37.3171,37.26,37.2063,37.1578,37.1119,37.0701,37.0311,36.9946,36.9614,36.9303,36.9017,36.8752,36.8506,36.8279,36.8067,36.7872,36.769,36.7522,36.7368,36.7224,36.709,36.6967,36.6853,36.6747,36.6649,36.6559,36.6474,36.6397,36.6325,36.6258,36.6196,36.6139,36.6086,36.6037,36.5991,36.5949,36.591,36.5874
0.996041,40.462,38.886,39.2282,40.8604,43.1067,46.1038,46.7432,45.1193,41.7004,41.2698,43.2011,44.4809,43.7235,41.4483,42.0159,42.985,41.6717,41.1267,41.8768,40.7139,40.9575,40.5128,40.2982,40.0482,39.8849,39.4908,39.4125,39.1939,38.9572,38.782,38.6323,38.481,38.335,38.205,38.088,37.9726,37.8659,37.7682,37.6787,37.5946,37.5182,37.4456,37.3788,37.3175,37.2605,37.2068,37.1582,37.1124,37.0706,37.0316,36.9951,36.9619,36.9308,36.9022,36.8757,36.8511,36.8284,36.8072,36.7877,36.7695,36.7527,36.7373,36.7229,36.7096,36.6972,36.6858,36.6752,36.6655,36.6564,36.648,36.6402,36.633,36.6263,36.6201,36.6144,36.6091,36.6042,36.5996,36.5954,36.5915,36.5879
0.996227,40.4621,38.8861,39.2284,40.8606,43.1069,46.104,46.7433,45.1194,41.7005,41.27,43.2013,44.4811,43.7237,41.4485,42.0161,42.9853,41.6719,41.127,41.877,40.7142,40.9578,40.513,40.2985,40.0485,39.8852,39.4911,39.4129,39.1942,38.9575,38.7824,38.6327,38.4814,38.3354,38.2054,38.0884,37.973,37.8663,37.7687,37.6791,37.595,37.5187,37.4461,37.3792,37.318,37.2609,37.2072,37.1587,37.1128,37.0711,37.0321,36.9956,36.9624,36.9313,36.9026,36.8761,36.8515,36.8288,36.8077,36.7881,36.77,36.7532,36.7378,36.7234,36.71,36.6977,36.6863,36.6757,36.6659,36.6569,36.6484,36.6407,36.6335,36.6268,36.6206,36.6149,36.6096,36.6047,36.6001,36.5959,36.592,36.5884
0.996404,40.4622,38.8862,39.2285,40.8607,43.107,46.1041,46.7435,45.1196,41.7006,41.2701,43.2015,44.4813,43.7238,41.4487,42.0163,42.9855,41.6721,41.1272,41.8773,40.7144,40.9581,40.5133,40.2988,40.0488,39.8855,39.4915,39.4132,39.1946,38.9579,38.7827,38.633,38.4817,38.3358,38.2058,38.0888,37.9734,37.8667,37.7691,37.6795,37.5954,37.5191,37.4465,37.3797,37.3184,37.2614,37.2076,37.1591,37.1133,37.0715,37.0326,36.996,36.9628,36.9317,36.9031,36.8766,36.852,36.8293,36.8081,36.7886,36.7705,36.7537,36.7382,36.7238,36.7105,36.6982,36.6867,36.6762,36.6664,36.6573,36.6489,36.6411,36.6339,36.6273,36.6211,36.6153,36.6101,36.6051,36.6006,36.5964,36.5925,36.5889
0.996572,40.4623,38.8864,39.2287,40.8609,43.1072,46.1043,46.7436,45.1197,41.7008,41.2703,43.2016,44.4815,43.724,41.4489,42.0165,42.9857,41.6723,41.1274,41.8775,40.7146,40.9583,40.5135,40.2991,40.049,39.8859,39.4918,39.4135,39.1949,38.9582,38.7831,38.6334,38.4821,38.3361,38.2062,38.0891,37.9738,37.8671,37.7695,37.6799,37.5958,37.5195,37.4469,37.3801,37.3188,37.2618,37.2081,37.1595,37.1137,37.0719,37.033,36.9965,36.9633,36.9322,36.9035,36.877,36.8524,36.8297,36.8086,36.789,36.7709,36.7541,36.7386,36.7242,36.7109,36.6986,36.6872,36.6766,36.6668,36.6578,36.6493,36.6416,36.6344,36.6277,36.6215,36.6158,36.6105,36.6056,36.601,36.5968,36.5929,36.5893
0.996733,40.4624,38.8865,39.2288,40.861,43.1073,46.1044,46.7437,45.1198,41.7009,41.2705,43.2018,44.4816,43.7241,41.449,42.0167,42.9859,41.6725,41.1277,41.8777,40.7149,40.9586,40.5138,40.2994,40.0493,39.8861,39.492,39.4138,39.1952,38.9585,38.7834,38.6337,38.4824,38.3365,38.2065,38.0895,37.9742,37.8675,37.7698,37.6803,37.5962,37.5199,37.4473,37.3805,37.3192,37.2622,37.2085,37.1599,37.1141,37.0723,37.0334,36.9969,36.9637,36.9326,36.9039,36.8774,36.8528,36.8301,36.809,36.7894,36.7713,36.7545,36.7391,36.7247,36.7113,36.699,36.6876,36.677,36.6673,36.6582,36.6498,36.642,36.6348,36.6281,36.6219,36.6162,36.6109,36.606,36.6015,36.5972,36.5933,36.5897
0.996886,40.4625,38.8866,39.2289,40.8612,43.1075,46.1046,46.7439,45.1199,41.701,41.2706,43.202,44.4818,43.7243,41.4492,42.0169,42.986,41.6727,41.1279,41.8779,40.7151,40.9588,40.514,40.2996,40.0496,39.8864,39.4923,39.4141,39.1955,38.9588,38.7837,38.634,38.4828,38.3368,38.2068,38.0898,37.9745,37.8678,37.7702,37.6807,37.5966,37.5202,37.4476,37.3808,37.3196,37.2625,37.2088,37.1603,37.1145,37.0727,37.0338,36.9973,36.964,36.9329,36.9043,36.8778,36.8532,36.8305,36.8094,36.7898,36.7717,36.7549,36.7395,36.7251,36.7117,36.6994,36.688,36.6774,36.6677,36.6586,36.6502,36.6424,36.6352,36.6285,36.6223,36.6166,36.6113,36.6064,36.6018,36.5976,36.5937,36.5901
0.997032,40.4626,38.8867,39.229,40.8613,43.1076,46.1047,46.744,45.12,41.7011,41.2708,43.2022,44.4819,43.7244,41.4493,42.0171,42.9862,41.6728,41.1281,41.8781,40.7152,40.9591,40.5142,40.2999,40.0498,39.8867,39.4926,39.4144,39.1958,38.9591,38.784,38.6343,38.4831,38.3371,38.2072,38.0902,37.9748,37.8681,37.7705,37.681,37.5969,37.5206,37.448,37.3812,37.3199,37.2629,37.2092,37.1607,37.1148,37.0731,37.0341,36.9976,36.9644,36.9333,36.9047,36.8782,36.8536,36.8309,36.8098,36.7902,36.7721,36.7553,36.7398,36.7254,36.7121,36.6998,36.6884,36.6778,36.668,36.659,36.6505,36.6428,36.6356,36.6289,36.6227,36.617,36.6117,36.6068,36.6022,36.598,36.5941,36.5905
