,1.00017,1.06058,1.12493,1.1932,1.26541,1.34226,1.42376,1.50991,1.60142,1.69865,1.8016,1.91098,2.0268,2.14976,2.27988,2.41822,2.56478,2.72027,2.88542,3.06022,3.24609,3.4427,3.65145,3.87308,4.10793,4.35672,4.62124,4.90113,5.19854,5.51382,5.84805,6.20265,6.57869,6.97762,7.40085,7.84946,8.3256,8.83033,9.36581,9.93381,10.5361,11.1749,11.8527,12.5712,13.3336,14.1422,14.9997,15.9091,16.8739,17.8969,18.9822,20.1332,21.3543,22.649,24.0224,25.479,27.024,28.6629,30.4009,32.2443,34.1996,36.2733,38.4727,40.8058,43.2802,45.9043,48.6878,51.6405,54.7718,58.093,61.6154,65.3516,69.3144,73.5174,77.9756,82.7037,87.7185,93.0375,98.6793,104.663,111.01,117.741,124.88,132.453,140.484,149.003,158.038,167.621,177.785,188.566,200
0.0101704,22.1456,20.8841,19.6896,18.563,17.5037,16.5015,15.5569,14.6693,13.8311,13.0394,12.2943,11.5906,10.9283,10.3032,9.71516,9.15939,8.636,8.14235,7.67632,7.23785,6.8234,6.43373,6.06591,5.71881,5.39186,5.08396,4.79295,4.51924,4.26069,4.01707,3.78749,3.57096,3.36684,3.17435,2.99282,2.82177,2.6604,2.50833,2.36492,2.2297,2.10223,1.98206,1.86873,1.76192,1.66117,1.56619,1.47665,1.39225,1.31264,1.23761,1.16685,1.10014,1.03723,0.97794,0.922031,0.869318,0.81962,0.772754,0.728577,0.686924,0.64765,0.610626,0.575717,0.542799,0.511767,0.482512,0.454927,0.428915,0.404394,0.381275,0.359478,0.338927,0.31955,0.301281,0.284055,0.267816,0.252505,0.238069,0.224458,0.211626,0.199527,0.18812,0.177365,0.167225,0.157665,0.148651,0.140152,0.13214,0.124585,0.117462,0.110747
0.0137663,22.6552,21.3648,20.1428,18.9902,17.9066,16.8813,15.915,15.0069,14.1494,13.3395,12.5772,11.8573,11.1798,10.5403,9.93874,9.37018,8.83474,8.32973,7.85298,7.40442,6.98043,6.5818,6.20551,5.85042,5.51595,5.20096,4.90326,4.62324,4.35875,4.10952,3.87465,3.65314,3.44432,3.2474,3.06169,2.88671,2.72162,2.56606,2.41935,2.28101,2.15061,2.02768,1.91173,1.80247,1.6994,1.60224,1.51064,1.42429,1.34285,1.26609,1.1937,1.12546,1.0611,1.00045,0.943251,0.889325,0.838483,0.790538,0.745344,0.702732,0.662555,0.624679,0.588966,0.555291,0.523545,0.493617,0.465396,0.438786,0.413701,0.390049,0.367751,0.346727,0.326904,0.308215,0.290593,0.27398,0.258316,0.243548,0.229624,0.216496,0.204119,0.192449,0.181447,0.171073,0.161293,0.152072,0.143378,0.135181,0.127452,0.120166,0.113296
0.0182739,30.401,21.8573,20.6072,19.428,18.3194,17.2705,16.2819,15.3529,14.4756,13.647,12.8672,12.1307,11.4375,10.7833,10.1679,9.58621,9.03843,8.52178,8.03404,7.57514,7.14137,6.73354,6.34858,5.9853,5.64312,5.32087,5.0163,4.72983,4.45924,4.20426,3.96398,3.73736,3.52373,3.32227,3.13228,2.95326,2.78437,2.62522,2.47512,2.3336,2.20019,2.07443,1.95581,1.84403,1.73858,1.63918,1.54546,1.45712,1.37381,1.29528,1.22123,1.15141,1.08557,1.02351,0.964998,0.909828,0.857814,0.808764,0.762528,0.718934,0.67783,0.639081,0.602545,0.568094,0.535616,0.504997,0.476126,0.448903,0.423239,0.399042,0.37623,0.354721,0.334441,0.315321,0.297292,0.280296,0.264272,0.249163,0.234918,0.221488,0.208825,0.196886,0.18563,0.175017,0.165012,0.155578,0.146683,0.138297,0.130391,0.122936,0.115908
0.0236946,30.401,22.3518,21.0733,19.8675,18.7338,17.6612,16.6502,15.7002,14.8031,13.9558,13.1583,12.4051,11.6963,11.0272,10.3979,9.80307,9.2429,8.71456,8.21578,7.7465,7.30292,6.88587,6.4922,6.1207,5.77078,5.44124,5.12978,4.83683,4.56012,4.29937,4.05365,3.82191,3.60344,3.39743,3.20314,3.02007,2.84736,2.6846,2.53112,2.38639,2.24997,2.12135,2.00005,1.88574,1.77791,1.67626,1.58042,1.49009,1.40489,1.32458,1.24885,1.17745,1.11013,1.04667,0.986828,0.93041,0.877219,0.82706,0.779778,0.735198,0.693164,0.653538,0.616176,0.580945,0.547732,0.516421,0.486897,0.459058,0.432813,0.408069,0.384741,0.362745,0.342006,0.322454,0.304018,0.286637,0.27025,0.2548,0.240232,0.226498,0.213549,0.20134,0.189829,0.178977,0.168745,0.159097,0.150002,0.141426,0.13334,0.125717,0.11853
0.0300248,30.401,30.401,21.5375,20.3051,19.1464,18.0502,17.0169,16.046,15.1291,14.2631,13.4481,12.6783,11.9539,11.2701,10.6269,10.019,9.44647,8.90649,8.39673,7.91711,7.46376,7.03752,6.63518,6.25551,5.89788,5.56108,5.24276,4.94336,4.66055,4.39406,4.14293,3.90609,3.68281,3.47225,3.27369,3.08659,2.91007,2.74373,2.58686,2.43895,2.29952,2.16808,2.0441,1.92727,1.81707,1.71318,1.61523,1.5229,1.43583,1.35375,1.27636,1.20339,1.13458,1.06972,1.00856,0.950902,0.89654,0.845275,0.796952,0.75139,0.708431,0.667932,0.629747,0.59374,0.559796,0.527795,0.497621,0.469168,0.442346,0.417057,0.393215,0.370734,0.349539,0.329556,0.310713,0.29295,0.276202,0.260412,0.245523,0.231487,0.218252,0.205774,0.19401,0.182918,0.172461,0.162601,0.153305,0.144541,0.136277,0.128486,0.12114
0.0372555,30.401,30.401,21.9984,20.7396,19.5562,18.4365,17.3811,16.3894,15.4529,14.5684,13.7359,12.9497,12.2097,11.5113,10.8543,10.2334,9.64863,9.0971,8.57643,8.08655,7.62349,7.18813,6.77718,6.38938,6.0241,5.68009,5.35496,5.04915,4.76029,4.4881,4.2316,3.98968,3.76162,3.54656,3.34375,3.15264,2.97235,2.80245,2.64222,2.49115,2.34873,2.21448,2.08785,1.96852,1.85595,1.74984,1.6498,1.5555,1.46656,1.38273,1.30367,1.22914,1.15886,1.09261,1.03015,0.971252,0.915727,0.863365,0.814008,0.767471,0.723592,0.682226,0.643224,0.606447,0.571776,0.539091,0.50827,0.479209,0.451812,0.425982,0.40163,0.378668,0.357019,0.336609,0.317363,0.29922,0.282113,0.265985,0.250778,0.236441,0.222923,0.210178,0.198162,0.186833,0.176152,0.166081,0.156586,0.147634,0.139194,0.131236,0.123733
0.0453725,30.401,30.401,30.401,21.1712,19.9631,18.8201,17.7428,16.7304,15.7744,14.8715,14.0217,13.2191,12.4637,11.7508,11.0802,10.4463,9.84939,9.28638,8.75488,8.2548,7.78211,7.3377,6.9182,6.52232,6.14944,5.79828,5.46638,5.15421,4.85934,4.58148,4.31964,4.07269,3.83989,3.62036,3.41332,3.21824,3.03419,2.86076,2.6972,2.54298,2.3976,2.26055,2.13129,2.00948,1.89457,1.78625,1.68413,1.58786,1.49707,1.4115,1.3308,1.25472,1.18297,1.11535,1.05158,0.991461,0.93478,0.881329,0.830945,0.78344,0.738648,0.696422,0.656608,0.619065,0.583673,0.550307,0.518846,0.48918,0.461213,0.434846,0.409987,0.386547,0.364448,0.343612,0.323966,0.305445,0.287983,0.271519,0.255996,0.24136,0.227561,0.214551,0.202285,0.19072,0.179817,0.169537,0.159844,0.150706,0.14209,0.133966,0.126307
0.0543562,30.401,30.401,30.401,21.6002,20.3676,19.2014,18.1023,17.0695,16.0941,15.1729,14.3058,13.487,12.7163,11.9889,11.3047,10.658,10.049,9.47456,8.93229,8.42208,7.93981,7.48639,7.05839,6.65449,6.27405,5.91577,5.57715,5.25866,4.95781,4.67432,4.40718,4.15522,3.9177,3.69372,3.48249,3.28346,3.09568,2.91873,2.75186,2.59451,2.44619,2.30636,2.17448,2.0502,1.93296,1.82245,1.71826,1.62004,1.52741,1.4401,1.35777,1.28014,1.20694,1.13795,1.07289,1.01155,0.953723,0.899189,0.847783,0.799315,0.753616,0.710534,0.669913,0.63161,0.595501,0.561459,0.52936,0.499093,0.470559,0.443657,0.418295,0.394381,0.371833,0.350575,0.330531,0.311635,0.293819,0.277021,0.261183,0.246251,0.232173,0.218899,0.206384,0.194585,0.183461,0.172972,0.163083,0.15376,0.144969,0.136681,0.128867
0.0641823,30.401,30.401,30.401,30.401,20.7705,19.5812,18.4603,17.4071,16.4124,15.4729,14.5888,13.7537,12.9678,12.226,11.5283,10.8688,10.2477,9.66195,9.10894,8.58865,8.09684,7.63445,7.19798,6.7861,6.39814,6.03277,5.68745,5.36266,5.05586,4.76677,4.49434,4.2374,3.99519,3.76677,3.55136,3.34839,3.1569,2.97646,2.80628,2.64582,2.49457,2.35197,2.21749,2.09075,1.97119,1.85849,1.75224,1.65208,1.55762,1.46858,1.38462,1.30546,1.23081,1.16045,1.09411,1.03156,0.972585,0.916972,0.86455,0.815124,0.76852,0.724586,0.683162,0.644101,0.607278,0.572563,0.539829,0.508963,0.479866,0.452432,0.426567,0.40218,0.379187,0.357509,0.337068,0.317798,0.29963,0.2825,0.266349,0.251122,0.236764,0.223228,0.210466,0.198434,0.187089,0.176393,0.166309,0.156801,0.147836,0.139384,0.131416
0.0748215,30.401,30.401,30.401,30.401,21.1722,19.96,18.8174,17.7438,16.7298,15.7722,14.871,14.0198,13.2186,12.4625,11.7513,11.079,10.4459,9.84884,9.28514,8.75478,8.25346,7.78213,7.33722,6.91737,6.5219,6.14946,5.79747,5.46639,5.15366,4.85897,4.58127,4.31937,4.07247,3.83963,3.62006,3.41316,3.21797,3.03403,2.86056,2.697,2.54282,2.39747,2.26038,2.13119,2.00932,1.89444,1.78613,1.68403,1.58775,1.49699,1.4114,1.33071,1.25462,1.1829,1.11527,1.05151,0.991398,0.934709,0.881273,0.830891,0.783386,0.738602,0.696377,0.65656,0.619025,0.583638,0.550271,0.518808,0.489148,0.461183,0.434818,0.40996,0.386522,0.364424,0.343588,0.323946,0.305426,0.287964,0.271501,0.255979,0.241344,0.227546,0.214537,0.202272,0.190708,0.179805,0.169526,0.159834,0.150696,0.14208,0.133958
0.08624,30.401,30.401,30.401,30.401,30.401,20.3383,19.1741,18.0801,17.047,16.0712,15.1529,14.2855,13.4692,12.6988,11.974,11.2891,10.644,10.0355,9.46116,8.92074,8.40992,7.92965,7.47631,7.0485,6.64553,6.26604,5.90737,5.57001,5.25136,4.95108,4.66812,4.40125,4.14967,3.91242,3.68868,3.47787,3.27897,3.09155,2.91479,2.74813,2.59103,2.44292,2.30323,2.17159,2.04741,1.93035,1.81999,1.71596,1.61785,1.52537,1.43816,1.35594,1.2784,1.20532,1.13641,1.07145,1.01019,0.952428,0.89798,0.846642,0.798236,0.752604,0.709578,0.669007,0.630759,0.594702,0.560702,0.528643,0.49842,0.469926,0.443061,0.417731,0.393849,0.371332,0.350102,0.330087,0.311216,0.293423,0.276647,0.260832,0.245919,0.23186,0.218604,0.206106,0.194323,0.183214,0.172739,0.162864,0.153553,0.144774,0.136497
0.0983997,30.401,30.401,30.401,30.401,30.401,20.7169,19.531,18.4167,17.3643,16.3704,15.4349,14.5514,13.7199,12.9351,12.1969,11.4992,10.8421,10.2223,9.63726,9.08679,8.56646,8.07725,7.61547,7.17969,6.76923,6.38267,6.01733,5.67369,5.3491,5.04324,4.75501,4.48317,4.22691,3.98524,3.75734,3.5426,3.34,3.14909,2.96905,2.79928,2.63925,2.48839,2.3461,2.21201,2.08552,1.96628,1.85387,1.7479,1.64796,1.55376,1.46493,1.38118,1.3022,1.22776,1.15757,1.09139,1.02899,0.970156,0.914694,0.862401,0.813094,0.766612,0.722786,0.681459,0.6425,0.605772,0.571139,0.538483,0.507698,0.478673,0.451308,0.425507,0.40118,0.378244,0.356618,0.336231,0.317008,0.298885,0.281797,0.265687,0.250497,0.236176,0.222673,0.209943,0.19794,0.186624,0.175955,0.165895,0.156411,0.147468,0.139038
0.111259,30.401,30.401,30.401,30.401,30.401,30.401,19.8886,18.7538,17.6822,16.6701,15.7175,14.8178,13.9711,13.172,12.4202,11.7097,11.0406,10.4095,9.81369,9.25314,8.72328,8.22512,7.75488,7.31113,6.89315,6.49952,6.12749,5.77756,5.44703,5.13557,4.84206,4.56524,4.30429,4.0582,3.82613,3.60746,3.40115,3.20674,3.0234,2.85053,2.68757,2.53394,2.38905,2.25251,2.1237,2.00228,1.88781,1.7799,1.67813,1.5822,1.49174,1.40646,1.32604,1.25023,1.17876,1.11137,1.04783,0.987917,0.931439,0.878189,0.82798,0.780647,0.736018,0.693935,0.654262,0.616862,0.581595,0.548341,0.516992,0.487436,0.45957,0.433296,0.408524,0.385169,0.363147,0.342386,0.322812,0.304357,0.286956,0.270551,0.255083,0.240499,0.22675,0.213786,0.201564,0.190041,0.179176,0.168932,0.159274,0.150168,0.141583
0.124773,30.401,30.401,30.401,30.401,30.401,30.401,20.2472,19.092,18.001,16.9707,16.0009,15.085,14.223,13.4095,12.6442,11.9209,11.2397,10.5972,9.99066,9.42,8.88058,8.37344,7.89472,7.44297,7.01745,6.61672,6.23798,5.88174,5.54525,5.22817,4.92938,4.64757,4.38191,4.13138,3.89512,3.67251,3.46248,3.26457,3.07792,2.90193,2.73603,2.57964,2.43213,2.29312,2.162,2.03838,1.92185,1.81199,1.70839,1.61073,1.51864,1.43182,1.34995,1.27278,1.20001,1.13141,1.06673,1.00573,0.948236,0.894025,0.84291,0.794724,0.74929,0.706448,0.66606,0.627985,0.592082,0.558229,0.526315,0.496226,0.467857,0.44111,0.415891,0.392114,0.369695,0.34856,0.328633,0.309845,0.29213,0.275429,0.259682,0.244836,0.230839,0.217641,0.205199,0.193467,0.182407,0.171978,0.162146,0.152876,0.144136
0.138893,30.401,30.401,30.401,30.401,30.401,30.401,30.401,19.4315,18.3212,17.2725,16.2855,15.3533,14.476,13.648,12.8691,12.1329,11.4396,10.7857,10.1683,9.58753,9.03853,8.52236,8.03513,7.57534,7.14226,6.7344,6.34892,5.98635,5.64387,5.32116,5.01705,4.73022,4.45984,4.20486,3.9644,3.73782,3.52406,3.32263,3.13266,2.95354,2.78469,2.62552,2.47539,2.33391,2.20045,2.07464,1.95603,1.84422,1.73877,1.63938,1.54565,1.45729,1.37396,1.29542,1.22136,1.15153,1.0857,1.02362,0.9651,0.909925,0.857901,0.808858,0.762616,0.719012,0.677906,0.639154,0.602613,0.568157,0.535675,0.505051,0.476178,0.448955,0.423288,0.399088,0.37627,0.354759,0.334478,0.315356,0.297326,0.280328,0.264301,0.24919,0.234944,0.221512,0.208848,0.196908,0.185651,0.175037,0.16503,0.155595,0.1467
0.15357,30.401,30.401,30.401,30.401,30.401,30.401,30.401,19.7728,18.6429,17.5758,16.5715,15.6229,14.7302,13.8876,13.0951,12.3459,11.6405,10.9751,10.3469,9.7559,9.19725,8.67202,8.17624,7.70838,7.26769,6.85266,6.46042,6.09148,5.74299,5.4146,5.10515,4.81329,4.53816,4.2787,4.03402,3.80346,3.58595,3.38098,3.18767,3.00541,2.8336,2.67162,2.51886,2.37489,2.23909,2.11107,1.99038,1.87661,1.76931,1.66817,1.5728,1.48288,1.39809,1.31817,1.24281,1.17175,1.10477,1.04159,0.982048,0.925904,0.872967,0.823062,0.776009,0.731639,0.689811,0.650378,0.613195,0.578135,0.545082,0.51392,0.484541,0.456839,0.430721,0.406097,0.382878,0.360989,0.340352,0.320894,0.302547,0.285251,0.268942,0.253567,0.23907,0.225402,0.212516,0.200366,0.188911,0.178111,0.167928,0.158327,0.149276
0.168751,30.401,30.401,30.401,30.401,30.401,30.401,30.401,30.401,18.9665,17.8809,16.8591,15.8941,14.9859,14.1287,13.3223,12.5602,11.8425,11.1656,10.5265,9.92524,9.35689,8.82255,8.31815,7.84217,7.39383,6.97161,6.57255,6.19721,5.84267,5.50859,5.19376,4.89684,4.61693,4.35297,4.10404,3.86948,3.64819,3.43966,3.243,3.05757,2.88278,2.71799,2.56258,2.41612,2.27795,2.14771,2.02493,1.90918,1.80002,1.69712,1.6001,1.50862,1.42235,1.34104,1.26438,1.19209,1.12394,1.05967,0.999094,0.941975,0.888119,0.837349,0.789478,0.744338,0.701784,0.661667,0.623839,0.58817,0.554544,0.52284,0.492951,0.464769,0.438197,0.413145,0.389524,0.367255,0.346259,0.326463,0.307799,0.290202,0.27361,0.257968,0.243219,0.229314,0.216205,0.203844,0.19219,0.181202,0.170843,0.161076,0.151867
0.184384,30.401,30.401,30.401,30.401,30.401,30.401,30.401,30.401,19.2922,18.1879,17.1486,16.167,15.2432,14.3713,13.5511,12.7759,12.0458,11.3573,10.7072,10.0957,9.51755,8.97403,8.46098,7.97682,7.52079,7.09131,6.6854,6.30362,5.94299,5.60317,5.28294,4.98092,4.6962,4.42771,4.1745,3.93592,3.71083,3.49872,3.29869,3.11007,2.93228,2.76466,2.60658,2.4576,2.31707,2.18459,2.05969,1.94196,1.83093,1.72626,1.62757,1.53452,1.44677,1.36407,1.28609,1.21256,1.14324,1.07787,1.01625,0.958149,0.903369,0.851726,0.803033,0.757119,0.713834,0.673028,0.63455,0.598269,0.564065,0.531818,0.501415,0.472749,0.445721,0.420239,0.396212,0.373561,0.352205,0.332069,0.313083,0.295185,0.278308,0.262397,0.247396,0.233252,0.219917,0.207344,0.19549,0.184314,0.173776,0.163841,0.154474
0.200414,30.401,30.401,30.401,30.401,30.401,30.401,30.401,30.401,30.401,18.497,17.4401,16.4418,15.5023,14.6156,13.7814,12.993,12.2506,11.5503,10.8892,10.2673,9.67932,9.12656,8.60479,8.11241,7.64862,7.21184,6.79904,6.41076,6.044,5.69841,5.37273,5.06558,4.77602,4.50297,4.24546,4.00282,3.7739,3.55819,3.35476,3.16293,2.98212,2.81165,2.65088,2.49937,2.35645,2.22172,2.0947,1.97497,1.86205,1.75561,1.65523,1.5606,1.47137,1.38726,1.30795,1.23317,1.16267,1.09619,1.03352,0.974435,0.918723,0.866203,0.816683,0.769988,0.725967,0.684467,0.645336,0.608438,0.573653,0.540857,0.509938,0.480784,0.453297,0.427382,0.402946,0.37991,0.358191,0.337713,0.318405,0.300202,0.283039,0.266857,0.251601,0.237216,0.223655,0.210868,0.198813,0.187446,0.17673,0.166626,0.1571
0.216787,30.401,30.401,30.401,30.401,30.401,30.401,30.401,30.401,30.401,18.8085,17.7337,16.7187,15.7633,14.8616,14.0135,13.2118,12.4569,11.7448,11.0726,10.4401,9.8423,9.28023,8.74967,8.249,7.7774,7.33327,6.91351,6.5187,6.14577,5.79435,5.4632,5.15087,4.85644,4.57879,4.31694,4.07022,3.83744,3.6181,3.41124,3.21619,3.03233,2.859,2.69552,2.54146,2.39613,2.25913,2.12997,2.00822,1.8934,1.78517,1.6831,1.58688,1.49614,1.41061,1.32997,1.25393,1.18225,1.11465,1.05092,0.990842,0.934192,0.880788,0.830434,0.782952,0.738191,0.695992,0.656201,0.618682,0.583312,0.549964,0.518524,0.488879,0.460929,0.434578,0.409731,0.386307,0.364222,0.343399,0.323766,0.305257,0.287804,0.27135,0.255837,0.241211,0.227421,0.214419,0.20216,0.190603,0.179706,0.169432,0.159745
0.23345,30.401,30.401,30.401,30.401,30.401,30.401,30.401,30.401,30.401,30.401,18.0296,16.9976,16.0264,15.1096,14.2473,13.4323,12.6647,11.9408,11.2574,10.6143,10.0065,9.4351,8.89568,8.38666,7.90719,7.45565,7.02888,6.62748,6.24833,5.89105,5.55436,5.23683,4.93748,4.6552,4.38898,4.13814,3.90148,3.67848,3.46817,3.26986,3.08293,2.9067,2.7405,2.58387,2.43611,2.29683,2.16552,2.04173,1.925,1.81496,1.71119,1.61336,1.52111,1.43415,1.35216,1.27486,1.20198,1.13325,1.06846,1.00738,0.949782,0.895486,0.844292,0.796018,0.750509,0.707606,0.667152,0.629006,0.593046,0.559141,0.527176,0.497038,0.468621,0.44183,0.416568,0.392753,0.3703,0.34913,0.329169,0.310351,0.292607,0.275878,0.260106,0.245236,0.231216,0.217997,0.205534,0.193783,0.182705,0.172259,0.162411
0.25035,30.401,30.401,30.401,30.401,30.401,30.401,30.401,30.401,30.401,30.401,18.328,17.2789,16.2915,15.3597,14.4831,13.6545,12.8743,12.1384,11.4436,10.79,10.1721,9.59122,9.04288,8.52543,8.03803,7.57901,7.14519,6.73715,6.35172,5.98853,5.64627,5.32348,5.01918,4.73222,4.4616,4.20661,3.96604,3.73934,3.52555,3.32397,3.13394,2.9548,2.78584,2.62662,2.47642,2.33483,2.20135,2.07552,1.95685,1.84499,1.73951,1.64006,1.54628,1.45788,1.37454,1.29595,1.22187,1.152,1.08614,1.02405,0.965497,0.910303,0.858262,0.809189,0.762928,0.719315,0.678191,0.639414,0.602859,0.568393,0.5359,0.505262,0.476375,0.449141,0.423461,0.399252,0.376427,0.354907,0.334616,0.315486,0.297449,0.280443,0.26441,0.249294,0.235042,0.221604,0.208935,0.19699,0.185728,0.175109,0.165098
0.267434,30.401,30.401,30.401,30.401,30.401,30.401,30.401,30.401,30.401,30.401,30.401,17.5625,16.5589,15.6118,14.7208,13.8787,13.0856,12.3376,11.6315,10.9671,10.3391,9.74864,9.19131,8.66536,8.16996,7.70341,7.26247,6.84773,6.45597,6.08682,5.73895,5.41086,5.10156,4.8099,4.53483,4.27566,4.03114,3.80072,3.58342,3.37852,3.18538,3.0033,2.83157,2.66973,2.51707,2.37316,2.23748,2.10958,1.98897,1.87527,1.76806,1.66698,1.57166,1.48181,1.3971,1.31723,1.24192,1.17091,1.10397,1.04085,0.981345,0.925245,0.872349,0.822471,0.77545,0.731122,0.689323,0.64991,0.612754,0.577723,0.544696,0.513555,0.484194,0.456513,0.430412,0.405805,0.382606,0.360732,0.340108,0.320664,0.302331,0.285046,0.26875,0.253385,0.2389,0.225241,0.212364,0.200223,0.188776,0.177984,0.167808
0.284653,30.401,30.401,30.401,30.401,30.401,30.401,30.401,30.401,30.401,30.401,30.401,17.8485,16.8286,15.866,14.9605,14.1047,13.2987,12.5385,11.8209,11.1457,10.5075,9.90741,9.341,8.80649,8.30302,7.82887,7.38075,6.95925,6.56112,6.18595,5.83242,5.49898,5.18465,4.88823,4.60869,4.34529,4.09679,3.86262,3.64178,3.43355,3.23726,3.05221,2.87769,2.71321,2.55806,2.41181,2.27392,2.14394,2.02136,1.90581,1.79685,1.69413,1.59725,1.50595,1.41985,1.33868,1.26215,1.18998,1.12195,1.05781,0.997327,0.940313,0.886557,0.835866,0.78808,0.743029,0.700549,0.660494,0.622733,0.587132,0.553567,0.521919,0.49208,0.463948,0.437422,0.412415,0.388837,0.366607,0.345647,0.325887,0.307255,0.289689,0.273127,0.257512,0.24279,0.22891,0.215823,0.203484,0.191851,0.180882,0.170541
0.301957,30.401,30.401,30.401,30.401,30.401,30.401,30.401,30.401,30.401,30.401,30.401,30.401,17.1007,16.1225,15.2024,14.3327,13.5137,12.7412,12.012,11.3259,10.6773,10.0676,9.492,8.94885,8.43724,7.95543,7.50006,7.07175,6.66718,6.28595,5.9267,5.58787,5.26846,4.96725,4.68319,4.41554,4.16301,3.92506,3.70065,3.48905,3.28959,3.10155,2.9242,2.75707,2.59941,2.45079,2.31068,2.1786,2.05404,1.93662,1.8259,1.72151,1.62307,1.53029,1.4428,1.36032,1.28255,1.20921,1.14008,1.07491,1.01345,0.955514,0.900888,0.849378,0.800819,0.75504,0.711874,0.671171,0.6328,0.596623,0.562515,0.530356,0.500035,0.471448,0.444493,0.419081,0.395123,0.372533,0.351235,0.331155,0.312222,0.294372,0.277542,0.261675,0.246715,0.23261,0.219312,0.206773,0.194952,0.183806,0.173298
0.319302,30.401,30.401,30.401,30.401,30.401,30.401,30.401,30.401,30.401,30.401,30.401,30.401,17.3751,16.3812,15.4463,14.5627,13.7306,12.9457,12.2048,11.5076,10.8487,10.2291,9.64433,9.09246,8.57264,8.0831,7.62042,7.18524,6.77417,6.38683,6.02181,5.67755,5.35301,5.04697,4.75835,4.4864,4.22982,3.98805,3.76004,3.54505,3.34239,3.15133,2.97113,2.80132,2.64113,2.49013,2.34776,2.21356,2.087,1.9677,1.8552,1.74914,1.64912,1.55485,1.46596,1.38215,1.30313,1.22862,1.15838,1.09216,1.02971,0.970848,0.915346,0.863009,0.813671,0.767157,0.723298,0.681942,0.642955,0.606198,0.571543,0.538867,0.50806,0.479014,0.451626,0.425807,0.401464,0.378512,0.356871,0.336469,0.317232,0.299096,0.281996,0.265874,0.250674,0.236343,0.222831,0.210092,0.198081,0.186756,0.176079
0.336641,30.401,30.401,30.401,30.401,30.401,30.401,30.401,30.401,30.401,30.401,30.401,30.401,30.401,16.6423,15.6925,14.7948,13.9494,13.152,12.3992,11.691,11.0216,10.3921,9.79802,9.23735,8.70925,8.21191,7.74186,7.29974,6.88212,6.4886,6.11777,5.76802,5.43831,5.12739,4.83417,4.55789,4.29723,4.0516,3.81996,3.60154,3.39565,3.20155,3.01848,2.84596,2.68322,2.52981,2.38518,2.24884,2.12026,1.99906,1.88477,1.77701,1.6754,1.57963,1.48932,1.40417,1.3239,1.2482,1.17684,1.10956,1.04612,0.986319,0.929932,0.876762,0.826637,0.779382,0.734824,0.69281,0.653201,0.615858,0.580651,0.547455,0.516156,0.486647,0.458823,0.432592,0.407861,0.384544,0.362558,0.341831,0.322288,0.303862,0.28649,0.270111,0.254669,0.240109,0.226382,0.21344,0.201237,0.189732,0.178885
0.353936,30.401,30.401,30.401,30.401,30.401,30.401,30.401,30.401,30.401,30.401,30.401,30.401,30.401,16.9057,15.9408,15.0289,14.1701,13.3601,12.5955,11.876,11.196,10.5566,9.95308,9.38354,8.84709,8.34187,7.86438,7.41527,6.99104,6.59129,6.21459,5.85931,5.52438,5.20854,4.91068,4.63002,4.36524,4.11572,3.88041,3.65854,3.44939,3.25221,3.06625,2.891,2.72568,2.56984,2.42292,2.28443,2.15381,2.03069,1.91459,1.80514,1.70192,1.60463,1.51289,1.4264,1.34485,1.26795,1.19546,1.12712,1.06268,1.00193,0.944649,0.890637,0.839719,0.791717,0.746454,0.703774,0.663539,0.625604,0.58984,0.556119,0.524324,0.494349,0.466084,0.439439,0.414316,0.39063,0.368296,0.347241,0.327388,0.308671,0.291024,0.274386,0.258699,0.243909,0.229965,0.216817,0.204422,0.192735,0.181716
0.371145,30.401,30.401,30.401,30.401,30.401,30.401,30.401,30.401,30.401,30.401,30.401,30.401,30.401,30.401,16.1914,15.2652,14.3929,13.5702,12.7935,12.0627,11.372,10.7225,10.1095,9.53104,8.98615,8.47299,7.988,7.53183,7.10093,6.6949,6.31228,5.95141,5.61122,5.29041,4.98787,4.7028,4.43385,4.18042,3.94141,3.71604,3.50361,3.30333,3.11445,2.93644,2.76853,2.61024,2.46101,2.32034,2.18767,2.06261,1.94469,1.83351,1.72867,1.62985,1.53667,1.44882,1.36599,1.28788,1.21426,1.14484,1.07938,1.01768,0.959498,0.904637,0.852919,0.804162,0.758187,0.714837,0.673969,0.635438,0.599112,0.56486,0.532566,0.502119,0.473411,0.446346,0.420829,0.39677,0.374085,0.352699,0.332534,0.313523,0.295599,0.278699,0.262766,0.247743,0.23358,0.220226,0.207635,0.195764,0.184572
0.388235,30.401,30.401,30.401,30.401,30.401,30.401,30.401,30.401,30.401,30.401,30.401,30.401,30.401,30.401,16.4442,15.5035,14.6176,13.782,12.9932,12.2511,11.5495,10.89,10.2674,9.67987,9.12647,8.6053,8.11273,7.64943,7.21181,6.79944,6.41084,6.04434,5.69884,5.37302,5.06575,4.77624,4.50309,4.24569,4.00295,3.77407,3.55832,3.35492,3.16308,2.9823,2.81176,2.651,2.49944,2.35657,2.22183,2.09482,1.97506,1.86214,1.75566,1.6553,1.56066,1.47144,1.38732,1.30799,1.23322,1.16271,1.09624,1.03357,0.97448,0.918763,0.866237,0.816719,0.770026,0.725998,0.684493,0.64536,0.608466,0.57368,0.540882,0.50996,0.480803,0.453316,0.4274,0.402965,0.379926,0.358206,0.337727,0.318419,0.300214,0.283051,0.266869,0.251612,0.237227,0.223664,0.210877,0.198821,0.187455
0.405171,30.401,30.401,30.401,30.401,30.401,30.401,30.401,30.401,30.401,30.401,30.401,30.401,30.401,30.401,30.401,15.744,14.8444,13.9958,13.1948,12.4411,11.7287,11.0589,10.4267,9.83002,9.26804,8.73879,8.23858,7.76809,7.32368,6.90492,6.51029,6.1381,5.78724,5.45637,5.14434,4.85033,4.57294,4.31155,4.06505,3.83261,3.61351,3.40696,3.21215,3.02856,2.85537,2.69212,2.53821,2.39312,2.25629,2.12732,2.00569,1.89103,1.78289,1.68098,1.58487,1.49427,1.40884,1.32828,1.25235,1.18075,1.11324,1.0496,0.989597,0.933015,0.879674,0.829388,0.781971,0.73726,0.695111,0.655371,0.617905,0.582579,0.549272,0.51787,0.488261,0.460348,0.43403,0.409216,0.38582,0.363763,0.342966,0.323358,0.304871,0.287442,0.271009,0.255515,0.240907,0.227134,0.214149,0.201905,0.190362
0.421924,30.401,30.401,30.401,30.401,30.401,30.401,30.401,30.401,30.401,30.401,30.401,30.401,30.401,30.401,30.401,15.9867,15.0731,14.2115,13.3981,12.6328,11.9095,11.2293,10.5873,9.98152,9.41088,8.87346,8.36555,7.88781,7.43655,7.01133,6.61062,6.2327,5.87643,5.54046,5.22362,4.92508,4.64342,4.378,4.1277,3.89168,3.6692,3.45946,3.26165,3.07523,2.89938,2.73361,2.57733,2.43,2.29107,2.1601,2.0366,1.92017,1.81037,1.70688,1.6093,1.5173,1.43055,1.34875,1.27165,1.19895,1.1304,1.06578,1.00485,0.947394,0.893231,0.84217,0.794022,0.748623,0.705823,0.665472,0.627428,0.591558,0.557738,0.525852,0.495786,0.467442,0.440719,0.415523,0.391766,0.369369,0.348251,0.328341,0.30957,0.291872,0.275185,0.259453,0.24462,0.230634,0.217449,0.205017,0.193296
0.438466,30.401,30.401,30.401,30.401,30.401,30.401,30.401,30.401,30.401,30.401,30.401,30.401,30.401,30.401,30.401,30.401,15.3039,14.4292,13.6033,12.8263,12.0918,11.4013,10.7495,10.1344,9.55498,9.00934,8.49364,8.00859,7.55043,7.11869,6.71185,6.32814,5.96641,5.6253,5.3036,5.00049,4.71452,4.44504,4.1909,3.95127,3.72539,3.51244,3.31159,3.12232,2.94378,2.77547,2.61679,2.46721,2.32615,2.19318,2.06779,1.94957,1.83809,1.73302,1.63394,1.54053,1.45246,1.36941,1.29112,1.21731,1.14771,1.0821,1.02023,0.961901,0.906909,0.855066,0.806181,0.760086,0.716631,0.675662,0.637036,0.600616,0.566278,0.533904,0.503378,0.4746,0.447467,0.421886,0.397765,0.375025,0.353584,0.333369,0.31431,0.296341,0.279399,0.263426,0.248365,0.234166,0.220779,0.208156,0.196256
0.454773,30.401,30.401,30.401,30.401,30.401,30.401,30.401,30.401,30.401,30.401,30.401,30.401,30.401,30.401,30.401,30.401,15.5368,14.6487,13.8103,13.0214,12.2758,11.5748,10.913,10.2886,9.70036,9.14642,8.62288,8.13045,7.66531,7.227,6.81397,6.42442,6.05719,5.71089,5.3843,5.07658,4.78625,4.51267,4.25467,4.01139,3.78207,3.56588,3.36198,3.16983,2.98857,2.8177,2.65661,2.50475,2.36154,2.22655,2.09925,1.97924,1.86606,1.75939,1.6588,1.56397,1.47456,1.39024,1.31076,1.23583,1.16517,1.09856,1.03576,0.976537,0.920708,0.868076,0.818447,0.771651,0.727535,0.685942,0.646728,0.609755,0.574894,0.542027,0.511037,0.481821,0.454276,0.428305,0.403817,0.380731,0.358964,0.338442,0.319092,0.30085,0.28365,0.267434,0.252144,0.237729,0.224138,0.211324,0.199242
0.470823,30.401,30.401,30.401,30.401,30.401,30.401,30.401,30.401,30.401,30.401,30.401,30.401,30.401,30.401,30.401,30.401,30.401,14.8702,14.0191,13.2183,12.4614,11.7498,11.078,10.4441,9.84701,9.2847,8.75324,8.25336,7.78119,7.33626,6.91698,6.52155,6.14876,5.79723,5.4657,5.15333,4.85861,4.5809,4.31899,4.07204,3.83925,3.61979,3.41281,3.21775,3.03375,2.8603,2.69677,2.54262,2.39724,2.26021,2.13099,2.00916,1.89427,1.78599,1.68388,1.58761,1.49685,1.41126,1.33058,1.25451,1.18279,1.11517,1.05142,0.9913,0.934627,0.881199,0.83082,0.783317,0.738534,0.696312,0.656506,0.618973,0.583585,0.550222,0.518763,0.489105,0.461144,0.43478,0.409922,0.386487,0.364391,0.343558,0.323917,0.305398,0.287939,0.271477,0.255956,0.241323,0.227526,0.214518,0.202254
0.486597,30.401,30.401,30.401,30.401,30.401,30.401,30.401,30.401,30.401,30.401,30.401,30.401,30.401,30.401,30.401,30.401,30.401,15.0936,14.2297,13.4169,12.6486,11.9263,11.2444,10.601,9.99495,9.42418,8.88474,8.37736,7.89809,7.44648,7.0209,6.61952,6.24114,5.88432,5.54781,5.23074,4.9316,4.64972,4.38388,4.13321,3.89693,3.67417,3.46408,3.26609,3.07933,2.90327,2.73728,2.58082,2.43326,2.29416,2.163,2.03934,1.92273,1.81282,1.70918,1.61146,1.51934,1.43246,1.35057,1.27336,1.20056,1.13192,1.06721,1.00619,0.948668,0.894438,0.843302,0.795085,0.749629,0.706773,0.666368,0.628272,0.592353,0.558488,0.526556,0.496453,0.468071,0.441312,0.41608,0.392293,0.369865,0.348719,0.328783,0.309986,0.292264,0.275555,0.259802,0.244948,0.230945,0.217741,0.205293
0.502079,30.401,30.401,30.401,30.401,30.401,30.401,30.401,30.401,30.401,30.401,30.401,30.401,30.401,30.401,30.401,30.401,30.401,30.401,14.4421,13.6172,12.8374,12.1043,11.4123,10.7593,10.1442,9.56487,9.01738,8.50242,8.016,7.55764,7.12571,6.71834,6.33431,5.97216,5.63063,5.30883,5.00522,4.71913,4.44932,4.19491,3.9551,3.72902,3.51579,3.31485,3.1253,2.94661,2.77815,2.61935,2.46958,2.32841,2.19529,2.06979,1.95143,1.83988,1.73469,1.63552,1.54202,1.45385,1.37073,1.29237,1.21848,1.14882,1.08314,1.02121,0.962831,0.907791,0.855891,0.806954,0.76082,0.717324,0.676316,0.637651,0.601196,0.566825,0.534417,0.503865,0.475059,0.4479,0.422292,0.39815,0.375386,0.353925,0.333691,0.314614,0.296627,0.279669,0.26368,0.248605,0.234392,0.220992,0.208357
0.517254,30.401,30.401,30.401,30.401,30.401,30.401,30.401,30.401,30.401,30.401,30.401,30.401,30.401,30.401,30.401,30.401,30.401,30.401,14.6563,13.8192,13.0279,12.2839,11.5816,10.9189,10.2946,9.70676,9.15115,8.62855,8.13491,7.66976,7.23142,6.81801,6.42828,6.06076,5.71416,5.38759,5.07947,4.78914,4.51533,4.25714,4.01378,3.78434,3.56795,3.36403,3.17166,2.99032,2.81936,2.6582,2.50622,2.36295,2.22786,2.10049,1.98038,1.86717,1.76043,1.65978,1.56489,1.47541,1.39107,1.31154,1.23655,1.16586,1.09921,1.03636,0.977114,0.921257,0.868588,0.818925,0.772107,0.727966,0.686349,0.647111,0.610114,0.575234,0.542345,0.511339,0.482107,0.454544,0.428557,0.404056,0.380955,0.359176,0.338641,0.319281,0.301028,0.283818,0.267592,0.252293,0.237869,0.22427,0.211448
0.53211,30.401,30.401,30.401,30.401,30.401,30.401,30.401,30.401,30.401,30.401,30.401,30.401,30.401,30.401,30.401,30.401,30.401,30.401,30.401,14.0229,13.2199,12.465,11.7523,11.0798,10.4464,9.84986,9.28606,8.75575,8.25484,7.78283,7.33803,6.91852,6.52305,6.15011,5.7984,5.46701,5.15436,4.85974,4.58189,4.3199,4.07295,3.84013,3.62055,3.41362,3.21842,3.0344,2.86093,2.69739,2.54317,2.39779,2.2607,2.13146,2.00958,1.8947,1.78638,1.68425,1.58796,1.49716,1.41157,1.33087,1.25478,1.18305,1.11542,1.05164,0.991519,0.934839,0.881393,0.830998,0.783489,0.738697,0.696468,0.65665,0.619109,0.583714,0.55034,0.518878,0.489214,0.461245,0.434874,0.410013,0.386571,0.364471,0.343634,0.323988,0.305466,0.288002,0.271537,0.256012,0.241376,0.227576,0.214566
0.546637,30.401,30.401,30.401,30.401,30.401,30.401,30.401,30.401,30.401,30.401,30.401,30.401,30.401,30.401,30.401,30.401,30.401,30.401,30.401,14.2284,13.4136,12.6476,11.9245,11.2422,10.5995,9.99417,9.4221,8.88403,8.37578,7.89685,7.44553,7.01988,6.61861,6.24021,5.88335,5.54711,5.22987,4.93094,4.64902,4.38319,4.13262,3.89639,3.67359,3.46363,3.26557,3.07886,2.90284,2.73691,2.58042,2.43292,2.29382,2.16269,2.03902,1.92246,1.81255,1.70893,1.61123,1.5191,1.43225,1.35037,1.27317,1.20038,1.13176,1.06705,1.00605,0.948535,0.894306,0.843173,0.794968,0.74952,0.706671,0.666271,0.628179,0.592266,0.558403,0.52648,0.496381,0.468003,0.441246,0.41602,0.392235,0.369811,0.348668,0.328734,0.309941,0.292221,0.275515,0.259763,0.244912,0.23091,0.217709
0.560829,30.401,30.401,30.401,30.401,30.401,30.401,30.401,30.401,30.401,30.401,30.401,30.401,30.401,30.401,30.401,30.401,30.401,30.401,30.401,30.401,13.6089,12.8317,12.0981,11.4059,10.7538,10.1397,9.55929,9.01338,8.49773,8.01183,7.55394,7.12209,6.71498,6.33107,5.96901,5.62787,5.30602,5.00273,4.71671,4.44701,4.19279,3.95312,3.72708,3.51406,3.31311,3.12369,2.9451,2.77676,2.61799,2.46834,2.32722,2.19417,2.06871,1.95045,1.83894,1.73381,1.63469,1.54122,1.45311,1.37003,1.2917,1.21786,1.14824,1.08258,1.02069,0.962345,0.907327,0.855449,0.806542,0.760432,0.71696,0.675971,0.637325,0.600889,0.566533,0.534145,0.503608,0.474817,0.44767,0.422077,0.397946,0.375195,0.353745,0.333521,0.314454,0.296476,0.279526,0.263545,0.248478,0.234272,0.220879
0.574679,30.401,30.401,30.401,30.401,30.401,30.401,30.401,30.401,30.401,30.401,30.401,30.401,30.401,30.401,30.401,30.401,30.401,30.401,30.401,30.401,13.8058,13.0174,12.2732,11.5709,10.9094,10.2864,9.6976,9.1438,8.62068,8.12775,7.66324,7.22514,6.81214,6.42267,6.05538,5.7093,5.38279,5.07512,4.78495,4.51136,4.25346,4.01032,3.78101,3.56491,3.36105,3.16888,2.98772,2.81694,2.65588,2.50406,2.36089,2.22592,2.09864,1.97867,1.86555,1.7589,1.65834,1.56352,1.47413,1.38986,1.31039,1.23548,1.16485,1.09825,1.03546,0.97627,0.920455,0.867827,0.818212,0.771435,0.727334,0.685752,0.646547,0.609583,0.574731,0.541874,0.510895,0.481687,0.454147,0.428184,0.403704,0.380624,0.358863,0.338347,0.319003,0.300766,0.283571,0.267359,0.252074,0.237662,0.224075
0.588183,30.401,30.401,30.401,30.401,30.401,30.401,30.401,30.401,30.401,30.401,30.401,30.401,30.401,30.401,30.401,30.401,30.401,30.401,30.401,30.401,30.401,13.2046,12.4497,11.7373,11.0663,10.4343,9.83705,9.27528,8.74465,8.24463,7.77344,7.32903,6.9101,6.51503,6.14246,5.7914,5.4602,5.1481,4.85376,4.57623,4.31462,4.06799,3.83538,3.61617,3.40938,3.21445,3.03068,2.85744,2.69407,2.54006,2.39484,2.25793,2.12882,2.00712,1.89238,1.78419,1.68219,1.586,1.49533,1.40984,1.32924,1.25325,1.1816,1.11404,1.05035,0.990308,0.933691,0.880306,0.829978,0.782529,0.737793,0.695613,0.655844,0.618349,0.582995,0.549666,0.518242,0.488614,0.460678,0.434341,0.409509,0.386097,0.364023,0.343212,0.323591,0.305091,0.287648,0.271203,0.255698,0.24108,0.227297
0.601337,30.401,30.401,30.401,30.401,30.401,30.401,30.401,30.401,30.401,30.401,30.401,30.401,30.401,30.401,30.401,30.401,30.401,30.401,30.401,30.401,30.401,13.3933,12.6276,11.905,11.2244,10.5834,9.97764,9.40784,8.86962,8.36246,7.88453,7.43378,7.00885,6.60814,6.23024,5.87417,5.53823,5.22167,4.92313,4.64163,4.37628,4.12612,3.89019,3.66785,3.45811,3.26039,3.07399,2.89828,2.73257,2.57637,2.42907,2.2902,2.15924,2.03581,1.91942,1.80969,1.70623,1.60867,1.5167,1.42999,1.34823,1.27116,1.19849,1.12996,1.06536,1.00446,0.947035,0.892887,0.84184,0.793712,0.748337,0.705555,0.665217,0.627186,0.591327,0.557521,0.525648,0.495597,0.467262,0.440549,0.415361,0.391615,0.369226,0.348117,0.328215,0.309451,0.291759,0.275079,0.259353,0.244525,0.230546
0.614142,30.401,30.401,30.401,30.401,30.401,30.401,30.401,30.401,30.401,30.401,30.401,30.401,30.401,30.401,30.401,30.401,30.401,30.401,30.401,30.401,30.401,30.401,12.807,12.0741,11.3838,10.7338,10.1194,9.54146,8.9956,8.48123,7.99652,7.53936,7.1084,6.702,6.31873,5.9576,5.61689,5.29584,4.99305,4.70756,4.43844,4.18473,3.94544,3.71994,3.50723,3.3067,3.11765,2.93945,2.77138,2.61296,2.46357,2.32273,2.18991,2.06472,1.94668,1.83539,1.73046,1.63151,1.53824,1.4503,1.36738,1.28921,1.21551,1.14601,1.08049,1.01873,0.960486,0.905569,0.853797,0.804985,0.758966,0.715576,0.674665,0.636095,0.599726,0.56544,0.533114,0.502636,0.473899,0.446806,0.421261,0.397177,0.37447,0.353061,0.332877,0.313846,0.295903,0.278986,0.263036,0.247998,0.23382
0.626597,30.401,30.401,30.401,30.401,30.401,30.401,30.401,30.401,30.401,30.401,30.401,30.401,30.401,30.401,30.401,30.401,30.401,30.401,30.401,30.401,30.401,30.401,12.9877,12.2446,11.5445,10.8853,10.2622,9.67616,9.12259,8.60096,8.1094,7.64579,7.20875,6.79661,6.40793,6.04171,5.69618,5.3706,5.06354,4.77401,4.5011,4.2438,4.00114,3.77246,3.55674,3.35338,3.16167,2.98094,2.8105,2.64985,2.49835,2.35552,2.22082,2.09387,1.97417,1.8613,1.75489,1.65455,1.55996,1.47078,1.38669,1.30741,1.23267,1.16219,1.09575,1.03311,0.974045,0.918353,0.86585,0.816349,0.76968,0.725678,0.68419,0.645074,0.608192,0.573422,0.54064,0.509731,0.480589,0.453114,0.427208,0.402784,0.379756,0.358046,0.337576,0.318277,0.300081,0.282925,0.26675,0.251499,0.237121
0.638704,30.401,30.401,30.401,30.401,30.401,30.401,30.401,30.401,30.401,30.401,30.401,30.401,30.401,30.401,30.401,30.401,30.401,30.401,30.401,30.401,30.401,30.401,30.401,12.4164,11.7065,11.038,10.4062,9.81192,9.25059,8.72164,8.22318,7.75307,7.30989,6.89197,6.49784,6.12648,5.77611,5.44595,5.13459,4.841,4.56425,4.30335,4.05728,3.82539,3.60664,3.40043,3.20603,3.02277,2.84994,2.68703,2.5334,2.38857,2.25198,2.12325,2.00186,1.88742,1.77951,1.67776,1.58185,1.49141,1.40614,1.32576,1.24997,1.1785,1.11112,1.0476,0.987712,0.931238,0.877998,0.827803,0.78048,0.735859,0.693789,0.654125,0.616726,0.581468,0.548226,0.516883,0.487332,0.459471,0.433202,0.408435,0.385085,0.363069,0.342313,0.322742,0.304291,0.286894,0.270492,0.255028,0.240448
0.650464,30.401,30.401,30.401,30.401,30.401,30.401,30.401,30.401,30.401,30.401,30.401,30.401,30.401,30.401,30.401,30.401,30.401,30.401,30.401,30.401,30.401,30.401,30.401,12.5895,11.8698,11.1919,10.5513,9.94876,9.37959,8.84327,8.33786,7.86119,7.41184,6.98809,6.58846,6.21191,5.85666,5.5219,5.20619,4.90851,4.6279,4.36336,4.11386,3.87874,3.65694,3.44785,3.25074,3.06492,2.88968,2.7245,2.56873,2.42188,2.28339,2.15286,2.02978,1.91374,1.80433,1.70116,1.60391,1.51221,1.42575,1.34425,1.2674,1.19493,1.12662,1.06221,1.00149,0.944225,0.890243,0.839348,0.791364,0.746121,0.703465,0.663247,0.625326,0.589577,0.555871,0.524092,0.494128,0.465879,0.439243,0.414131,0.390455,0.368132,0.347086,0.327243,0.308534,0.290895,0.274265,0.258584,0.243801
0.661881,30.401,30.401,30.401,30.401,30.401,30.401,30.401,30.401,30.401,30.401,30.401,30.401,30.401,30.401,30.401,30.401,30.401,30.401,30.401,30.401,30.401,30.401,30.401,30.401,12.0343,11.3471,10.6976,10.0867,9.50961,8.96585,8.45344,7.97016,7.51457,7.08495,6.67978,6.29802,5.93784,5.59844,5.27836,4.97655,4.69205,4.42384,4.17088,3.9325,3.70763,3.49565,3.2958,3.10741,2.92974,2.76226,2.60434,2.45545,2.31504,2.1827,2.05792,1.94026,1.82934,1.72474,1.62614,1.53317,1.44552,1.36288,1.28496,1.21149,1.14223,1.07694,1.01537,0.957313,0.902582,0.850982,0.802333,0.756464,0.713216,0.672441,0.633994,0.597749,0.563576,0.531356,0.500977,0.472336,0.445332,0.419872,0.395867,0.373235,0.351898,0.331779,0.312811,0.294927,0.278066,0.262169,0.24718
0.672958,30.401,30.401,30.401,30.401,30.401,30.401,30.401,30.401,30.401,30.401,30.401,30.401,30.401,30.401,30.401,30.401,30.401,30.401,30.401,30.401,30.401,30.401,30.401,30.401,12.2001,11.5034,10.845,10.2256,9.64063,9.08938,8.56991,8.07997,7.61811,7.18257,6.77182,6.38479,6.01965,5.67557,5.35108,5.04511,4.7567,4.4848,4.22835,3.98668,3.75871,3.54381,3.34121,3.15022,2.9701,2.80032,2.64022,2.48928,2.34694,2.21278,2.08627,1.967,1.85455,1.7485,1.64854,1.5543,1.46543,1.38166,1.30267,1.22819,1.15797,1.09178,1.02936,0.970503,0.915019,0.862707,0.813388,0.766886,0.723042,0.681706,0.642729,0.605985,0.571341,0.538677,0.50788,0.478844,0.451468,0.425657,0.401322,0.378378,0.356746,0.336351,0.317121,0.298991,0.281898,0.265781,0.250586
0.683701,30.401,30.401,30.401,30.401,30.401,30.401,30.401,30.401,30.401,30.401,30.401,30.401,30.401,30.401,30.401,30.401,30.401,30.401,30.401,30.401,30.401,30.401,30.401,30.401,30.401,11.661,10.9935,10.3657,9.77267,9.21387,8.68728,8.19064,7.72245,7.28094,6.86456,6.47224,6.1021,5.75331,5.42437,5.11421,4.82185,4.54622,4.28626,4.04129,3.81019,3.59234,3.38697,3.19337,3.01078,2.83868,2.67638,2.52337,2.37908,2.24308,2.11485,1.99394,1.87995,1.77245,1.67112,1.57558,1.4855,1.40058,1.32051,1.24501,1.17383,1.10673,1.04346,0.983795,0.927551,0.874523,0.824528,0.77739,0.732945,0.691042,0.651532,0.614285,0.579166,0.546055,0.514836,0.485403,0.457651,0.431487,0.406818,0.38356,0.361632,0.340957,0.321464,0.303086,0.285758,0.269421,0.254018
0.694115,30.401,30.401,30.401,30.401,30.401,30.401,30.401,30.401,30.401,30.401,30.401,30.401,30.401,30.401,30.401,30.401,30.401,30.401,30.401,30.401,30.401,30.401,30.401,30.401,30.401,11.8197,11.1432,10.5068,9.90572,9.33931,8.80556,8.30215,7.82759,7.38007,6.95802,6.56036,6.18517,5.83164,5.49822,5.18384,4.88749,4.60812,4.34462,4.09631,3.86207,3.64125,3.43308,3.23684,3.05177,2.87732,2.71282,2.55773,2.41147,2.27362,2.14364,2.02109,1.90554,1.79658,1.69387,1.59703,1.50573,1.41965,1.33849,1.26196,1.18981,1.1218,1.05766,0.997189,0.940179,0.886429,0.835754,0.787974,0.742924,0.700451,0.660403,0.622648,0.587051,0.553489,0.521845,0.492011,0.463882,0.437361,0.412357,0.388782,0.366556,0.345599,0.325841,0.307212,0.289649,0.273089,0.257477
0.704206,30.401,30.401,30.401,30.401,30.401,30.401,30.401,30.401,30.401,30.401,30.401,30.401,30.401,30.401,30.401,30.401,30.401,30.401,30.401,30.401,30.401,30.401,30.401,30.401,30.401,30.401,11.294,10.649,10.0398,9.46571,8.92473,8.41451,7.93353,7.47995,7.05219,6.64915,6.26889,5.91056,5.57264,5.254,4.95364,4.67048,4.40342,4.15175,3.91434,3.69054,3.47954,3.28065,3.09308,2.91627,2.74954,2.59234,2.44411,2.30439,2.17265,2.04844,1.93133,1.8209,1.7168,1.61865,1.52611,1.43886,1.3566,1.27904,1.20592,1.13698,1.07198,1.01069,0.952904,0.898426,0.847065,0.798638,0.752979,0.709931,0.669341,0.631075,0.594997,0.560981,0.528908,0.49867,0.47016,0.443281,0.417938,0.394044,0.371517,0.350277,0.330251,0.31137,0.293569,0.276785,0.260961
0.713979,30.401,30.401,30.401,30.401,30.401,30.401,30.401,30.401,30.401,30.401,30.401,30.401,30.401,30.401,30.401,30.401,30.401,30.401,30.401,30.401,30.401,30.401,30.401,30.401,30.401,30.401,11.4459,10.7923,10.1749,9.59308,9.04482,8.52773,8.04028,7.5806,7.14708,6.73861,6.35324,5.99009,5.64762,5.32469,5.0203,4.73333,4.46267,4.20761,3.967,3.74019,3.52636,3.32479,3.13469,2.9555,2.78653,2.62723,2.477,2.3354,2.20188,2.076,1.95732,1.8454,1.7399,1.64043,1.54664,1.45822,1.37486,1.29625,1.22214,1.15228,1.0864,1.02428,0.965725,0.910515,0.858463,0.809384,0.763111,0.719483,0.678347,0.639566,0.603003,0.568529,0.536024,0.50538,0.476486,0.449245,0.423561,0.399346,0.376516,0.35499,0.334695,0.31556,0.297519,0.280509,0.264473
0.723442,30.401,30.401,30.401,30.401,30.401,30.401,30.401,30.401,30.401,30.401,30.401,30.401,30.401,30.401,30.401,30.401,30.401,30.401,30.401,30.401,30.401,30.401,30.401,30.401,30.401,30.401,30.401,10.9367,10.311,9.7214,9.16581,8.64181,8.14783,7.682,7.24269,6.82876,6.43822,6.07022,5.72317,5.39592,5.08745,4.79664,4.52237,4.2639,4.02007,3.79022,3.57353,3.36927,3.17663,2.99504,2.82381,2.66237,2.51013,2.36664,2.23134,2.10377,1.9835,1.87008,1.76317,1.66237,1.56733,1.47773,1.39325,1.31359,1.23849,1.16769,1.10093,1.03799,0.978644,0.922695,0.869946,0.820211,0.773319,0.729108,0.687421,0.648122,0.611069,0.576134,0.543195,0.51214,0.48286,0.455255,0.429227,0.404688,0.381552,0.359738,0.339172,0.319781,0.301499,0.284262,0.26801
0.732601,30.401,30.401,30.401,30.401,30.401,30.401,30.401,30.401,30.401,30.401,30.401,30.401,30.401,30.401,30.401,30.401,30.401,30.401,30.401,30.401,30.401,30.401,30.401,30.401,30.401,30.401,30.401,11.0821,10.4481,9.8507,9.28772,8.75674,8.2562,7.78417,7.33902,6.91958,6.52385,6.15095,5.79928,5.46769,5.15512,4.86044,4.58251,4.3206,4.07354,3.84063,3.62106,3.41408,3.21888,3.03487,2.86136,2.69778,2.54351,2.39812,2.26102,2.13175,2.00988,1.89496,1.78662,1.68448,1.58817,1.49738,1.41178,1.33106,1.25496,1.18322,1.11558,1.05179,0.99166,0.934967,0.881517,0.83112,0.783604,0.738805,0.696564,0.656742,0.619196,0.583796,0.550419,0.518952,0.489282,0.461309,0.434936,0.41007,0.386627,0.364523,0.343683,0.324034,0.305509,0.288043,0.271575
0.741463,30.401,30.401,30.401,30.401,30.401,30.401,30.401,30.401,30.401,30.401,30.401,30.401,30.401,30.401,30.401,30.401,30.401,30.401,30.401,30.401,30.401,30.401,30.401,30.401,30.401,30.401,30.401,30.401,10.5863,9.98096,9.41054,8.87254,8.36538,7.88711,7.43607,7.01108,6.61012,6.2323,5.87597,5.53999,5.22329,4.92471,4.64311,4.37774,4.12741,3.89142,3.66895,3.45923,3.26144,3.07501,2.8992,2.73345,2.57715,2.42983,2.29092,2.15994,2.03646,1.92001,1.81025,1.70676,1.60918,1.51719,1.43045,1.34866,1.27156,1.19887,1.13033,1.0657,1.00477,0.947331,0.893174,0.842111,0.793966,0.748575,0.705775,0.665426,0.627384,0.591517,0.557698,0.525815,0.495752,0.46741,0.440688,0.415493,0.39174,0.369343,0.348228,0.328319,0.309549,0.291852,0.275166
0.750036,30.401,30.401,30.401,30.401,30.401,30.401,30.401,30.401,30.401,30.401,30.401,30.401,30.401,30.401,30.401,30.401,30.401,30.401,30.401,30.401,30.401,30.401,30.401,30.401,30.401,30.401,30.401,30.401,10.7255,10.1122,9.53428,8.98921,8.47537,7.99082,7.53385,7.10327,6.69704,6.31424,5.95324,5.61284,5.29197,4.98947,4.70417,4.4353,4.18168,3.94259,3.71719,3.50471,3.30433,3.11544,2.93733,2.7694,2.61104,2.46178,2.32104,2.18834,2.06324,1.94526,1.83405,1.7292,1.63034,1.53714,1.44926,1.36639,1.28828,1.21463,1.14519,1.07971,1.01799,0.959787,0.904918,0.853184,0.804406,0.758418,0.715056,0.674176,0.635634,0.599295,0.565031,0.532729,0.502271,0.473556,0.446482,0.420956,0.396891,0.3742,0.352807,0.332636,0.313619,0.295689,0.278785
0.758328,30.401,30.401,30.401,30.401,30.401,30.401,30.401,30.401,30.401,30.401,30.401,30.401,30.401,30.401,30.401,30.401,30.401,30.401,30.401,30.401,30.401,30.401,30.401,30.401,30.401,30.401,30.401,30.401,30.401,10.2444,9.65894,9.10675,8.58619,8.0953,7.63235,7.19615,6.78461,6.3968,6.03108,5.68623,5.36116,5.05471,4.76568,4.4933,4.23635,3.99414,3.76579,3.55054,3.34753,3.15618,2.97573,2.80561,2.64518,2.49397,2.35139,2.21696,2.09022,1.9707,1.85803,1.75181,1.65165,1.55723,1.46821,1.38426,1.30512,1.23051,1.16016,1.09383,1.0313,0.972337,0.91675,0.864339,0.814924,0.768334,0.724405,0.682991,0.643945,0.60713,0.572419,0.539694,0.508838,0.479748,0.45232,0.426461,0.40208,0.379093,0.35742,0.336986,0.31772,0.299555,0.28243
0.766345,30.401,30.401,30.401,30.401,30.401,30.401,30.401,30.401,30.401,30.401,30.401,30.401,30.401,30.401,30.401,30.401,30.401,30.401,30.401,30.401,30.401,30.401,30.401,30.401,30.401,30.401,30.401,30.401,30.401,10.3776,9.78453,9.22516,8.69784,8.20056,7.7316,7.28972,6.87283,6.47998,6.1095,5.76016,5.43087,5.12043,4.82764,4.55172,4.29144,4.04608,3.81476,3.59671,3.39106,3.19722,3.01442,2.84209,2.67957,2.5264,2.38196,2.24578,2.11739,1.99632,1.88219,1.77459,1.67313,1.57748,1.4873,1.40226,1.32209,1.24652,1.17525,1.10805,1.04471,0.98498,0.928671,0.875578,0.82552,0.778325,0.733824,0.691872,0.652318,0.615025,0.579862,0.546712,0.515455,0.485986,0.458201,0.432006,0.407308,0.384022,0.362067,0.341367,0.321851,0.30345,0.286102
0.774095,30.401,30.401,30.401,30.401,30.401,30.401,30.401,30.401,30.401,30.401,30.401,30.401,30.401,30.401,30.401,30.401,30.401,30.401,30.401,30.401,30.401,30.401,30.401,30.401,30.401,30.401,30.401,30.401,30.401,30.401,9.91106,9.34445,8.81031,8.30661,7.83158,7.38399,6.9617,6.56378,6.1885,5.83465,5.5011,5.18665,4.89007,4.61058,4.34693,4.0984,3.86409,3.64322,3.43491,3.23856,3.05341,2.87884,2.71422,2.55907,2.41276,2.27483,2.14477,2.02214,1.90653,1.79754,1.69477,1.59788,1.50653,1.42039,1.33919,1.26263,1.19045,1.12238,1.05821,0.997717,0.94068,0.886901,0.836195,0.78839,0.743314,0.700819,0.660754,0.622978,0.58736,0.553781,0.52212,0.49227,0.464127,0.437592,0.412575,0.388988,0.366749,0.345782,0.326013,0.307375,0.289802
0.781587,30.401,30.401,30.401,30.401,30.401,30.401,30.401,30.401,30.401,30.401,30.401,30.401,30.401,30.401,30.401,30.401,30.401,30.401,30.401,30.401,30.401,30.401,30.401,30.401,30.401,30.401,30.401,30.401,30.401,30.401,10.0385,9.46463,8.92362,8.41344,7.9323,7.47895,7.05124,6.64819,6.26809,5.90969,5.57185,5.25335,4.95296,4.66988,4.40284,4.15111,3.91379,3.69007,3.47909,3.28021,3.09268,2.91587,2.74913,2.59198,2.44379,2.30408,2.17236,2.04814,1.93105,1.82065,1.71656,1.61843,1.52591,1.43866,1.35641,1.27887,1.20576,1.13682,1.07182,1.01055,0.952778,0.898307,0.84695,0.798529,0.752874,0.709832,0.669252,0.63099,0.594915,0.560904,0.528835,0.498601,0.470096,0.44322,0.417881,0.393991,0.371466,0.350229,0.330206,0.311328,0.293529
0.788826,30.401,30.401,30.401,30.401,30.401,30.401,30.401,30.401,30.401,30.401,30.401,30.401,30.401,30.401,30.401,30.401,30.401,30.401,30.401,30.401,30.401,30.401,30.401,30.401,30.401,30.401,30.401,30.401,30.401,30.401,30.401,9.58571,9.03777,8.52106,8.03377,7.57462,7.14144,6.73324,6.34828,5.98529,5.64313,5.32055,5.01632,4.72962,4.45916,4.20421,3.96385,3.73728,3.52359,3.32217,3.13224,2.95317,2.7843,2.62513,2.47506,2.33356,2.20015,2.07434,1.95576,1.84394,1.73852,1.63913,1.54543,1.45706,1.37376,1.29523,1.22118,1.15136,1.08554,1.02348,0.964966,0.909798,0.857784,0.808744,0.762504,0.718912,0.677813,0.639062,0.602525,0.568079,0.5356,0.50498,0.476109,0.44889,0.423227,0.399031,0.376218,0.354709,0.33443,0.31531,0.297284
0.795822,30.401,30.401,30.401,30.401,30.401,30.401,30.401,30.401,30.401,30.401,30.401,30.401,30.401,30.401,30.401,30.401,30.401,30.401,30.401,30.401,30.401,30.401,30.401,30.401,30.401,30.401,30.401,30.401,30.401,30.401,30.401,9.70767,9.15277,8.62949,8.13599,7.671,7.2323,6.81891,6.42905,6.06145,5.71493,5.38825,5.08015,4.7898,4.5159,4.2577,4.01429,3.78483,3.56843,3.36444,3.17209,2.99074,2.81973,2.65854,2.50655,2.36325,2.22814,2.10074,1.98064,1.86741,1.76064,1.65999,1.56509,1.4756,1.39124,1.31171,1.23672,1.16601,1.09935,1.0365,0.977244,0.921375,0.868698,0.819035,0.772206,0.72806,0.686437,0.647193,0.610191,0.575307,0.542415,0.511405,0.482167,0.454601,0.428612,0.404108,0.381005,0.359222,0.338685,0.319322,0.301066
0.802581,30.401,30.401,30.401,30.401,30.401,30.401,30.401,30.401,30.401,30.401,30.401,30.401,30.401,30.401,30.401,30.401,30.401,30.401,30.401,30.401,30.401,30.401,30.401,30.401,30.401,30.401,30.401,30.401,30.401,30.401,30.401,30.401,9.26862,8.73871,8.23897,7.7681,7.32385,6.90522,6.51043,6.13817,5.78727,5.45645,5.14445,4.85042,4.57306,4.3116,4.0651,3.83273,3.61359,3.40703,3.21224,3.0286,2.85542,2.69219,2.53827,2.39316,2.25634,2.12733,2.00571,1.89104,1.78293,1.681,1.5849,1.49428,1.40885,1.32832,1.25237,1.18077,1.11326,1.04962,0.989614,0.933037,0.879694,0.829401,0.781981,0.737275,0.695126,0.655385,0.617915,0.582589,0.549281,0.517878,0.48827,0.460356,0.434037,0.409223,0.385827,0.363769,0.342972,0.323364,0.304877
0.80911,30.401,30.401,30.401,30.401,30.401,30.401,30.401,30.401,30.401,30.401,30.401,30.401,30.401,30.401,30.401,30.401,30.401,30.401,30.401,30.401,30.401,30.401,30.401,30.401,30.401,30.401,30.401,30.401,30.401,30.401,30.401,30.401,9.38533,8.84875,8.34271,7.86591,7.41606,6.99217,6.5924,6.21546,5.86014,5.52516,5.20923,4.9115,4.63064,4.36589,4.11629,3.881,3.65909,3.44993,3.25269,3.06673,2.89137,2.72609,2.57024,2.42329,2.28476,2.15411,2.03097,1.91485,1.80538,1.70217,1.60486,1.5131,1.42659,1.34504,1.26814,1.19564,1.12728,1.06283,1.00207,0.944785,0.890771,0.839845,0.791827,0.746559,0.703879,0.663637,0.625695,0.589925,0.556197,0.524399,0.494418,0.466152,0.439503,0.414376,0.390686,0.36835,0.347291,0.327436,0.308716
0.815418,30.401,30.401,30.401,30.401,30.401,30.401,30.401,30.401,30.401,30.401,30.401,30.401,30.401,30.401,30.401,30.401,30.401,30.401,30.401,30.401,30.401,30.401,30.401,30.401,30.401,30.401,30.401,30.401,30.401,30.401,30.401,30.401,30.401,8.9596,8.44723,7.96445,7.50897,7.07976,6.67499,6.29332,5.93355,5.59438,5.27449,4.97303,4.68865,4.42058,4.16785,3.92961,3.70493,3.49315,3.29344,3.10515,2.92759,2.76024,2.60243,2.45365,2.31338,2.1811,2.05641,1.93884,1.82799,1.72349,1.62496,1.53205,1.44446,1.36189,1.28403,1.21061,1.1414,1.07615,1.01463,0.956621,0.90193,0.850366,0.801747,0.755911,0.712696,0.671951,0.633534,0.597315,0.563165,0.530968,0.500612,0.471992,0.445008,0.419567,0.39558,0.372964,0.351642,0.331538,0.312584
0.82151,30.401,30.401,30.401,30.401,30.401,30.401,30.401,30.401,30.401,30.401,30.401,30.401,30.401,30.401,30.401,30.401,30.401,30.401,30.401,30.401,30.401,30.401,30.401,30.401,30.401,30.401,30.401,30.401,30.401,30.401,30.401,30.401,30.401,9.07128,8.55252,8.06372,7.60256,7.16801,6.75819,6.37176,6.00751,5.66411,5.34023,5.03501,4.74709,4.47568,4.2198,3.97859,3.75111,3.53669,3.33449,3.14385,2.96408,2.79464,2.63487,2.48424,2.34221,2.20828,2.08204,1.96301,1.85078,1.74497,1.64522,1.55115,1.46247,1.37887,1.30004,1.2257,1.15563,1.08956,1.02727,0.968545,0.913172,0.860965,0.81174,0.765333,0.72158,0.680327,0.64143,0.60476,0.570184,0.537587,0.506852,0.477875,0.450555,0.424796,0.400511,0.377613,0.356025,0.33567,0.31648
0.827395,30.401,30.401,30.401,30.401,30.401,30.401,30.401,30.401,30.401,30.401,30.401,30.401,30.401,30.401,30.401,30.401,30.401,30.401,30.401,30.401,30.401,30.401,30.401,30.401,30.401,30.401,30.401,30.401,30.401,30.401,30.401,30.401,30.401,30.401,8.65859,8.16373,7.69685,7.25691,6.84201,6.45079,6.08202,5.73436,5.40646,5.09746,4.80597,4.53119,4.27214,4.02794,3.79764,3.58055,3.37584,3.18285,3.00084,2.8293,2.66755,2.51505,2.37126,2.23567,2.10786,1.98736,1.87373,1.76662,1.66562,1.57039,1.48061,1.39597,1.31616,1.24091,1.16996,1.10308,1.04002,0.980557,0.924497,0.871644,0.821807,0.774825,0.730529,0.688764,0.649386,0.612261,0.577256,0.544254,0.513138,0.483802,0.456143,0.430065,0.405478,0.382296,0.36044,0.339833,0.320405
0.833078,30.401,30.401,30.401,30.401,30.401,30.401,30.401,30.401,30.401,30.401,30.401,30.401,30.401,30.401,30.401,30.401,30.401,30.401,30.401,30.401,30.401,30.401,30.401,30.401,30.401,30.401,30.401,30.401,30.401,30.401,30.401,30.401,30.401,30.401,8.76545,8.26449,7.79185,7.34647,6.92645,6.5304,6.15708,5.80513,5.47319,5.16037,4.86528,4.58711,4.32486,4.07765,3.84451,3.62474,3.41751,3.22213,3.03788,2.86422,2.70047,2.54609,2.40053,2.26326,2.13388,2.01188,1.89686,1.78842,1.68618,1.58977,1.49888,1.4132,1.3324,1.25622,1.1844,1.11669,1.05285,0.992659,0.935907,0.882401,0.83195,0.784388,0.739545,0.697265,0.6574,0.619817,0.58438,0.550971,0.519471,0.489773,0.461773,0.435373,0.410482,0.387014,0.364889,0.344027,0.324359
0.838567,30.401,30.401,30.401,30.401,30.401,30.401,30.401,30.401,30.401,30.401,30.401,30.401,30.401,30.401,30.401,30.401,30.401,30.401,30.401,30.401,30.401,30.401,30.401,30.401,30.401,30.401,30.401,30.401,30.401,30.401,30.401,30.401,30.401,30.401,30.401,8.36599,7.88755,7.4367,7.01152,6.61061,6.2327,5.87643,5.54041,5.22375,4.92504,4.64345,4.37798,4.12773,3.89172,3.66926,3.45948,3.2617,3.07519,2.8994,2.73364,2.57736,2.43001,2.29106,2.16009,2.03659,1.92015,1.81039,1.70689,1.60929,1.51729,1.43055,1.34877,1.27165,1.19895,1.1304,1.06578,1.00485,0.947402,0.893239,0.842168,0.794022,0.748628,0.705829,0.665474,0.627429,0.591558,0.557738,0.525851,0.495788,0.467444,0.44072,0.415524,0.391768,0.36937,0.348253,0.328343
0.843868,30.401,30.401,30.401,30.401,30.401,30.401,30.401,30.401,30.401,30.401,30.401,30.401,30.401,30.401,30.401,30.401,30.401,30.401,30.401,30.401,30.401,30.401,30.401,30.401,30.401,30.401,30.401,30.401,30.401,30.401,30.401,30.401,30.401,30.401,30.401,8.46825,7.98396,7.5276,7.09723,6.69141,6.30889,5.94826,5.60813,5.2876,4.98524,4.70021,4.4315,4.17819,3.93929,3.71411,3.50177,3.30157,3.11278,2.93484,2.76706,2.60886,2.45971,2.31907,2.18649,2.06149,1.94363,1.83251,1.72775,1.62896,1.53584,1.44804,1.36525,1.28719,1.2136,1.14422,1.07881,1.01713,0.958983,0.904157,0.852462,0.803727,0.757779,0.714456,0.673609,0.635099,0.598789,0.564555,0.532279,0.501848,0.473158,0.446107,0.420603,0.396556,0.373885,0.35251,0.332356
0.848988,30.401,30.401,30.401,30.401,30.401,30.401,30.401,30.401,30.401,30.401,30.401,30.401,30.401,30.401,30.401,30.401,30.401,30.401,30.401,30.401,30.401,30.401,30.401,30.401,30.401,30.401,30.401,30.401,30.401,30.401,30.401,30.401,30.401,30.401,30.401,30.401,8.0811,7.61919,7.18357,6.77282,6.38564,6.02063,5.67636,5.35193,5.04589,4.75739,4.48541,4.22902,3.98722,3.7593,3.54437,3.34174,3.15065,2.97055,2.80072,2.6406,2.48964,2.34728,2.21309,2.08657,1.96727,1.85481,1.74877,1.64878,1.55452,1.46566,1.38186,1.30285,1.22837,1.15814,1.09193,1.02951,0.97065,0.915158,0.862834,0.813506,0.766998,0.723149,0.681804,0.642826,0.606074,0.571424,0.538755,0.507954,0.478915,0.451535,0.42572,0.401381,0.378434,0.356798,0.3364
0.853932,30.401,30.401,30.401,30.401,30.401,30.401,30.401,30.401,30.401,30.401,30.401,30.401,30.401,30.401,30.401,30.401,30.401,30.401,30.401,30.401,30.401,30.401,30.401,30.401,30.401,30.401,30.401,30.401,30.401,30.401,30.401,30.401,30.401,30.401,30.401,30.401,8.17896,7.71146,7.27057,6.85485,6.46297,6.09354,5.7451,5.41675,5.107,4.81501,4.53973,4.28024,4.03551,3.80483,3.5873,3.38221,3.18881,3.00652,2.83464,2.67258,2.51979,2.37571,2.23989,2.11184,1.9911,1.87727,1.76995,1.66875,1.57335,1.48341,1.3986,1.31863,1.24324,1.17217,1.10516,1.04198,0.982405,0.926241,0.873283,0.823358,0.776287,0.731906,0.690061,0.650611,0.613414,0.578344,0.54528,0.514106,0.484714,0.457003,0.430876,0.406242,0.383017,0.361119,0.340474
0.858706,30.401,30.401,30.401,30.401,30.401,30.401,30.401,30.401,30.401,30.401,30.401,30.401,30.401,30.401,30.401,30.401,30.401,30.401,30.401,30.401,30.401,30.401,30.401,30.401,30.401,30.401,30.401,30.401,30.401,30.401,30.401,30.401,30.401,30.401,30.401,30.401,30.401,7.80443,7.35822,6.93749,6.54089,6.167,5.81437,5.48205,5.16857,4.87306,4.59446,4.33184,4.08416,3.8507,3.63054,3.42298,3.22725,3.04277,2.86881,2.7048,2.55017,2.40435,2.2669,2.1373,2.0151,1.8999,1.79129,1.68887,1.59232,1.50129,1.41546,1.33453,1.25823,1.1863,1.11848,1.05454,0.994249,0.937407,0.883811,0.833284,0.785646,0.74073,0.69838,0.658454,0.620809,0.585317,0.551853,0.520304,0.490558,0.462512,0.43607,0.41114,0.387635,0.365473,0.344579
0.863318,30.401,30.401,30.401,30.401,30.401,30.401,30.401,30.401,30.401,30.401,30.401,30.401,30.401,30.401,30.401,30.401,30.401,30.401,30.401,30.401,30.401,30.401,30.401,30.401,30.401,30.401,30.401,30.401,30.401,30.401,30.401,30.401,30.401,30.401,30.401,30.401,30.401,7.89809,7.44653,7.02075,6.61939,6.24102,5.88415,5.54785,5.2306,4.93154,4.6496,4.38383,4.13318,3.89691,3.67412,3.46407,3.26598,3.07929,2.90324,2.73726,2.58078,2.43321,2.2941,2.16295,2.03929,1.92271,1.81279,1.70914,1.61143,1.51931,1.43245,1.35055,1.27333,1.20054,1.13191,1.06719,1.00618,0.948658,0.894418,0.843285,0.795075,0.74962,0.706762,0.666357,0.62826,0.592341,0.558477,0.526548,0.496446,0.468063,0.441304,0.416074,0.392287,0.369859,0.348714
0.867771,30.401,30.401,30.401,30.401,30.401,30.401,30.401,30.401,30.401,30.401,30.401,30.401,30.401,30.401,30.401,30.401,30.401,30.401,30.401,30.401,30.401,30.401,30.401,30.401,30.401,30.401,30.401,30.401,30.401,30.401,30.401,30.401,30.401,30.401,30.401,30.401,30.401,30.401,7.53552,7.10464,6.69849,6.31559,5.95446,5.61414,5.2931,4.99047,4.70516,4.43621,4.18257,3.94348,3.71802,3.50546,3.30501,3.11608,2.93794,2.76997,2.61161,2.46228,2.32152,2.1888,2.06365,1.94568,1.83445,1.72956,1.63068,1.53746,1.44957,1.36668,1.28855,1.21488,1.14543,1.07995,1.0182,0.959994,0.905106,0.853362,0.804576,0.758578,0.715208,0.67432,0.635767,0.59942,0.56515,0.53284,0.502378,0.473657,0.446577,0.421046,0.396975,0.374279,0.352881
0.872072,30.401,30.401,30.401,30.401,30.401,30.401,30.401,30.401,30.401,30.401,30.401,30.401,30.401,30.401,30.401,30.401,30.401,30.401,30.401,30.401,30.401,30.401,30.401,30.401,30.401,30.401,30.401,30.401,30.401,30.401,30.401,30.401,30.401,30.401,30.401,30.401,30.401,30.401,7.62517,7.18918,6.77819,6.39074,6.02531,5.68094,5.35608,5.04985,4.76115,4.48899,4.23233,3.9904,3.76226,3.54717,3.34433,3.15316,2.97289,2.80293,2.64269,2.49158,2.34914,2.21484,2.08821,1.96883,1.85628,1.75014,1.65008,1.55576,1.46681,1.38295,1.30388,1.22934,1.15906,1.0928,1.03032,0.971416,0.915875,0.863515,0.814149,0.767603,0.723717,0.682343,0.643331,0.606552,0.571874,0.53918,0.508355,0.479292,0.451891,0.426055,0.401698,0.378732,0.35708
0.876226,30.401,30.401,30.401,30.401,30.401,30.401,30.401,30.401,30.401,30.401,30.401,30.401,30.401,30.401,30.401,30.401,30.401,30.401,30.401,30.401,30.401,30.401,30.401,30.401,30.401,30.401,30.401,30.401,30.401,30.401,30.401,30.401,30.401,30.401,30.401,30.401,30.401,30.401,30.401,7.27435,6.8585,6.46645,6.0967,5.74824,5.41954,5.10968,4.81756,4.54218,4.28248,4.03767,3.80683,3.5892,3.38396,3.19052,3.00811,2.83614,2.674,2.5211,2.37697,2.24108,2.11295,1.99216,1.87827,1.77088,1.66963,1.57419,1.48419,1.39933,1.31933,1.2439,1.17279,1.10574,1.04253,0.982925,0.926726,0.873746,0.823795,0.776698,0.732292,0.690427,0.650953,0.613738,0.57865,0.545568,0.514378,0.484971,0.457245,0.431103,0.406457,0.383219,0.36131
0.880239,30.401,30.401,30.401,30.401,30.401,30.401,30.401,30.401,30.401,30.401,30.401,30.401,30.401,30.401,30.401,30.401,30.401,30.401,30.401,30.401,30.401,30.401,30.401,30.401,30.401,30.401,30.401,30.401,30.401,30.401,30.401,30.401,30.401,30.401,30.401,30.401,30.401,30.401,30.401,7.36018,6.93942,6.54275,6.16863,5.81606,5.48348,5.16997,4.87439,4.59577,4.333,4.08531,3.85175,3.63154,3.42388,3.22816,3.0436,2.8696,2.70555,2.55084,2.40502,2.26752,2.13788,2.01566,1.90043,1.79177,1.68933,1.59276,1.5017,1.41584,1.3349,1.25858,1.18663,1.11879,1.05483,0.994522,0.93766,0.884055,0.833514,0.785862,0.740932,0.698573,0.658634,0.620979,0.585477,0.552005,0.520447,0.490693,0.462639,0.43619,0.411253,0.387741,0.365573
0.884114,30.401,30.401,30.401,30.401,30.401,30.401,30.401,30.401,30.401,30.401,30.401,30.401,30.401,30.401,30.401,30.401,30.401,30.401,30.401,30.401,30.401,30.401,30.401,30.401,30.401,30.401,30.401,30.401,30.401,30.401,30.401,30.401,30.401,30.401,30.401,30.401,30.401,30.401,30.401,30.401,7.02096,6.61963,6.24111,5.88441,5.54792,5.23072,4.93167,4.64977,4.38392,4.13332,3.89701,3.67422,3.46412,3.26609,3.07937,2.90332,2.73734,2.58082,2.43328,2.29417,2.163,2.03935,1.92276,1.81282,1.70918,1.61148,1.51935,1.43248,1.35058,1.27337,1.20057,1.13194,1.06722,1.00621,0.948679,0.894443,0.843309,0.795096,0.749638,0.706782,0.666373,0.628276,0.592357,0.558491,0.526563,0.496459,0.468076,0.441315,0.416085,0.392297,0.369869
0.887858,30.401,30.401,30.401,30.401,30.401,30.401,30.401,30.401,30.401,30.401,30.401,30.401,30.401,30.401,30.401,30.401,30.401,30.401,30.401,30.401,30.401,30.401,30.401,30.401,30.401,30.401,30.401,30.401,30.401,30.401,30.401,30.401,30.401,30.401,30.401,30.401,30.401,30.401,30.401,30.401,7.10314,6.69711,6.31416,5.95328,5.61285,5.29194,4.98939,4.7042,4.43523,4.1817,3.94262,3.71722,3.50466,3.30432,3.11541,2.9373,2.76938,2.61102,2.46176,2.32102,2.18832,2.06322,1.94526,1.83404,1.72919,1.63034,1.53713,1.44924,1.36639,1.28827,1.21463,1.14518,1.07971,1.01799,0.959782,0.904912,0.853179,0.804402,0.758412,0.715054,0.674173,0.63563,0.59929,0.565028,0.532726,0.502269,0.473554,0.44648,0.420955,0.396888,0.374198
0.891474,30.401,30.401,30.401,30.401,30.401,30.401,30.401,30.401,30.401,30.401,30.401,30.401,30.401,30.401,30.401,30.401,30.401,30.401,30.401,30.401,30.401,30.401,30.401,30.401,30.401,30.401,30.401,30.401,30.401,30.401,30.401,30.401,30.401,30.401,30.401,30.401,30.401,30.401,30.401,30.401,30.401,6.77518,6.38777,6.02268,5.67829,5.35363,5.04756,4.75904,4.48693,4.23045,3.98858,3.76055,3.54552,3.34284,3.15173,2.97154,2.80166,2.64146,2.49045,2.34807,2.21383,2.08727,1.96794,1.85542,1.74935,1.64935,1.55505,1.46614,1.38232,1.30329,1.22879,1.15854,1.0923,1.02985,0.970971,0.915461,0.863125,0.81378,0.767254,0.72339,0.682032,0.64304,0.606276,0.571615,0.538936,0.508125,0.479075,0.451686,0.425863,0.401515,0.37856
0.894968,30.401,30.401,30.401,30.401,30.401,30.401,30.401,30.401,30.401,30.401,30.401,30.401,30.401,30.401,30.401,30.401,30.401,30.401,30.401,30.401,30.401,30.401,30.401,30.401,30.401,30.401,30.401,30.401,30.401,30.401,30.401,30.401,30.401,30.401,30.401,30.401,30.401,30.401,30.401,30.401,30.401,6.85387,6.46196,6.09263,5.74423,5.41581,5.10618,4.81431,4.53904,4.27958,4.03491,3.80423,3.5867,3.38166,3.18833,3.00606,2.8342,2.67214,2.51938,2.37534,2.23954,2.11151,1.9908,1.87697,1.76966,1.6685,1.57311,1.48317,1.39837,1.31843,1.24306,1.17199,1.10499,1.04181,0.982248,0.926093,0.873149,0.823231,0.776164,0.731791,0.689953,0.650508,0.613318,0.578254,0.545195,0.514026,0.484639,0.456931,0.430808,0.406178,0.382957
0.898343,30.401,30.401,30.401,30.401,30.401,30.401,30.401,30.401,30.401,30.401,30.401,30.401,30.401,30.401,30.401,30.401,30.401,30.401,30.401,30.401,30.401,30.401,30.401,30.401,30.401,30.401,30.401,30.401,30.401,30.401,30.401,30.401,30.401,30.401,30.401,30.401,30.401,30.401,30.401,30.401,30.401,30.401,6.53672,6.16312,5.81069,5.47847,5.16526,4.87001,4.59156,4.32909,4.08159,3.84824,3.62819,3.42079,3.22522,3.04084,2.86699,2.70306,2.54853,2.40283,2.26545,2.13594,2.01383,1.89869,1.79014,1.68781,1.59131,1.50033,1.41455,1.33368,1.25744,1.18555,1.11777,1.05387,0.993613,0.936808,0.883252,0.832756,0.785145,0.740258,0.697936,0.658034,0.620414,0.584944,0.551503,0.519973,0.490246,0.462218,0.435793,0.410878,0.387388
0.901604,30.401,30.401,30.401,30.401,30.401,30.401,30.401,30.401,30.401,30.401,30.401,30.401,30.401,30.401,30.401,30.401,30.401,30.401,30.401,30.401,30.401,30.401,30.401,30.401,30.401,30.401,30.401,30.401,30.401,30.401,30.401,30.401,30.401,30.401,30.401,30.401,30.401,30.401,30.401,30.401,30.401,30.401,6.61208,6.23417,5.87768,5.54162,5.2248,4.92615,4.64449,4.379,4.12864,3.89261,3.67002,3.46022,3.2624,3.07589,2.90004,2.73422,2.57791,2.43053,2.29157,2.16056,2.03705,1.92057,1.81078,1.70726,1.60966,1.51762,1.43086,1.34906,1.27193,1.19922,1.13066,1.06602,1.00507,0.947608,0.893434,0.842355,0.794196,0.748792,0.705981,0.66562,0.627566,0.591687,0.557861,0.525967,0.495898,0.467546,0.440817,0.415614,0.391854
0.904755,30.401,30.401,30.401,30.401,30.401,30.401,30.401,30.401,30.401,30.401,30.401,30.401,30.401,30.401,30.401,30.401,30.401,30.401,30.401,30.401,30.401,30.401,30.401,30.401,30.401,30.401,30.401,30.401,30.401,30.401,30.401,30.401,30.401,30.401,30.401,30.401,30.401,30.401,30.401,30.401,30.401,30.401,30.401,6.30578,5.94519,5.60528,5.28482,4.98273,4.69784,4.42929,4.17606,3.93732,3.71217,3.49997,3.29988,3.11122,2.93335,2.76562,2.60752,2.45844,2.31789,2.18538,2.06044,1.94264,1.83157,1.72687,1.62815,1.53505,1.44729,1.36455,1.28654,1.21299,1.14364,1.07826,1.01661,0.958492,0.903696,0.852031,0.803318,0.757393,0.71409,0.673265,0.634774,0.598484,0.564269,0.532009,0.501593,0.472917,0.44588,0.420388,0.396354
0.9078,30.401,30.401,30.401,30.401,30.401,30.401,30.401,30.401,30.401,30.401,30.401,30.401,30.401,30.401,30.401,30.401,30.401,30.401,30.401,30.401,30.401,30.401,30.401,30.401,30.401,30.401,30.401,30.401,30.401,30.401,30.401,30.401,30.401,30.401,30.401,30.401,30.401,30.401,30.401,30.401,30.401,30.401,30.401,6.37795,6.01324,5.66943,5.34531,5.03976,4.75161,4.47999,4.22386,3.98238,3.75466,3.54003,3.33765,3.14683,2.96693,2.79728,2.63736,2.48658,2.34442,2.21039,2.08403,1.96487,1.85254,1.74664,1.64678,1.55262,1.46386,1.38017,1.30127,1.22688,1.15673,1.0906,1.02825,0.969463,0.914039,0.861783,0.812512,0.766062,0.722264,0.680972,0.64204,0.605334,0.570727,0.538098,0.507335,0.47833,0.450983,0.4252,0.400891
0.910743,30.401,30.401,30.401,30.401,30.401,30.401,30.401,30.401,30.401,30.401,30.401,30.401,30.401,30.401,30.401,30.401,30.401,30.401,30.401,30.401,30.401,30.401,30.401,30.401,30.401,30.401,30.401,30.401,30.401,30.401,30.401,30.401,30.401,30.401,30.401,30.401,30.401,30.401,30.401,30.401,30.401,30.401,30.401,30.401,6.08183,5.7341,5.40628,5.09725,4.80581,4.53109,4.27204,4.02781,3.79749,3.58041,3.37572,3.18272,3.00077,2.82919,2.66745,2.51495,2.37116,2.23561,2.1078,1.98728,1.87367,1.76656,1.66556,1.57033,1.48056,1.39591,1.31611,1.24087,1.16993,1.10304,1.03998,0.980521,0.924465,0.871613,0.821781,0.7748,0.730502,0.688739,0.649363,0.612239,0.577237,0.544236,0.513122,0.483786,0.456128,0.43005,0.405464
0.913586,30.401,30.401,30.401,30.401,30.401,30.401,30.401,30.401,30.401,30.401,30.401,30.401,30.401,30.401,30.401,30.401,30.401,30.401,30.401,30.401,30.401,30.401,30.401,30.401,30.401,30.401,30.401,30.401,30.401,30.401,30.401,30.401,30.401,30.401,30.401,30.401,30.401,30.401,30.401,30.401,30.401,30.401,30.401,30.401,6.15097,5.79929,5.46774,5.1552,4.86044,4.58261,4.32061,4.0736,3.84066,3.62111,3.41409,3.21891,3.03488,2.86135,2.69777,2.54354,2.39812,2.26102,2.13176,2.00988,1.89497,1.78664,1.6845,1.58819,1.49739,1.41178,1.33107,1.25498,1.18323,1.11558,1.0518,0.991668,0.934975,0.881522,0.831123,0.783608,0.738807,0.696569,0.656745,0.619199,0.583799,0.550423,0.518955,0.489286,0.461313,0.434939,0.410073
0.916335,30.401,30.401,30.401,30.401,30.401,30.401,30.401,30.401,30.401,30.401,30.401,30.401,30.401,30.401,30.401,30.401,30.401,30.401,30.401,30.401,30.401,30.401,30.401,30.401,30.401,30.401,30.401,30.401,30.401,30.401,30.401,30.401,30.401,30.401,30.401,30.401,30.401,30.401,30.401,30.401,30.401,30.401,30.401,30.401,30.401,5.865,5.5297,5.21361,4.91552,4.63453,4.36957,4.11976,3.88418,3.66214,3.45278,3.25538,3.06927,2.89377,2.72834,2.57236,2.42529,2.28664,2.15592,2.03265,1.91644,1.80689,1.70359,1.60618,1.51436,1.42778,1.34616,1.2692,1.19664,1.12822,1.06372,1.0029,0.94557,0.891511,0.840541,0.792487,0.747179,0.704462,0.664187,0.626215,0.590415,0.55666,0.524835,0.49483,0.46654,0.439867,0.41472
0.918991,30.401,30.401,30.401,30.401,30.401,30.401,30.401,30.401,30.401,30.401,30.401,30.401,30.401,30.401,30.401,30.401,30.401,30.401,30.401,30.401,30.401,30.401,30.401,30.401,30.401,30.401,30.401,30.401,30.401,30.401,30.401,30.401,30.401,30.401,30.401,30.401,30.401,30.401,30.401,30.401,30.401,30.401,30.401,30.401,30.401,5.93125,5.59215,5.2725,4.97104,4.68688,4.41892,4.16629,3.92805,3.70351,3.49178,3.29215,3.10394,2.92646,2.75916,2.60141,2.45268,2.31247,2.18027,2.05561,1.93809,1.8273,1.72283,1.62432,1.53146,1.44391,1.36136,1.28353,1.21015,1.14097,1.07573,1.01423,0.95625,0.90158,0.850034,0.801438,0.755618,0.712419,0.671689,0.633288,0.597083,0.562948,0.530763,0.500419,0.47181,0.444836,0.419404
0.921559,30.401,30.401,30.401,30.401,30.401,30.401,30.401,30.401,30.401,30.401,30.401,30.401,30.401,30.401,30.401,30.401,30.401,30.401,30.401,30.401,30.401,30.401,30.401,30.401,30.401,30.401,30.401,30.401,30.401,30.401,30.401,30.401,30.401,30.401,30.401,30.401,30.401,30.401,30.401,30.401,30.401,30.401,30.401,30.401,30.401,30.401,5.65512,5.33187,5.02701,4.73965,4.46868,4.2132,3.97228,3.74521,3.53109,3.32922,3.13889,2.95941,2.79022,2.63071,2.4803,2.33851,2.20482,2.07875,1.95991,1.84787,1.74223,1.64261,1.5487,1.46016,1.37669,1.29798,1.22378,1.15381,1.08784,1.02565,0.967017,0.911732,0.859606,0.810462,0.764126,0.720441,0.679252,0.640419,0.603806,0.569286,0.53674,0.506054,0.477122,0.449844,0.424127
0.924042,30.401,30.401,30.401,30.401,30.401,30.401,30.401,30.401,30.401,30.401,30.401,30.401,30.401,30.401,30.401,30.401,30.401,30.401,30.401,30.401,30.401,30.401,30.401,30.401,30.401,30.401,30.401,30.401,30.401,30.401,30.401,30.401,30.401,30.401,30.401,30.401,30.401,30.401,30.401,30.401,30.401,30.401,30.401,30.401,30.401,30.401,5.7186,5.39172,5.08344,4.79286,4.51884,4.2605,4.01687,3.78725,3.57073,3.36659,3.17413,2.99263,2.82154,2.66024,2.50814,2.36476,2.22957,2.10209,1.98191,1.86862,1.76178,1.66105,1.56609,1.47656,1.39214,1.31255,1.23751,1.16677,1.10006,1.03717,0.977872,0.921967,0.869255,0.81956,0.772704,0.728528,0.686877,0.647608,0.610584,0.575677,0.542765,0.511734,0.482478,0.454894,0.428888
0.926442,30.401,30.401,30.401,30.401,30.401,30.401,30.401,30.401,30.401,30.401,30.401,30.401,30.401,30.401,30.401,30.401,30.401,30.401,30.401,30.401,30.401,30.401,30.401,30.401,30.401,30.401,30.401,30.401,30.401,30.401,30.401,30.401,30.401,30.401,30.401,30.401,30.401,30.401,30.401,30.401,30.401,30.401,30.401,30.401,30.401,30.401,30.401,5.45207,5.14034,4.8465,4.56942,4.30818,4.06183,3.82964,3.6107,3.40427,3.20965,3.02612,2.85312,2.69001,2.53621,2.39123,2.25452,2.12562,2.00409,1.88953,1.7815,1.67964,1.58362,1.49308,1.40773,1.32725,1.25137,1.17982,1.11237,1.04877,0.988817,0.932286,0.878984,0.828733,0.781352,0.736682,0.694565,0.654856,0.617418,0.58212,0.54884,0.517462,0.487878,0.459985,0.433688
0.928763,30.401,30.401,30.401,30.401,30.401,30.401,30.401,30.401,30.401,30.401,30.401,30.401,30.401,30.401,30.401,30.401,30.401,30.401,30.401,30.401,30.401,30.401,30.401,30.401,30.401,30.401,30.401,30.401,30.401,30.401,30.401,30.401,30.401,30.401,30.401,30.401,30.401,30.401,30.401,30.401,30.401,30.401,30.401,30.401,30.401,30.401,30.401,5.51291,5.1977,4.90059,4.62041,4.35626,4.10716,3.87238,3.65099,3.44226,3.24547,3.05989,2.88497,2.72003,2.56452,2.41791,2.27968,2.14934,2.02646,1.91062,1.80139,1.69839,1.60129,1.50974,1.42344,1.34206,1.26533,1.19299,1.12478,1.06048,0.999852,0.94269,0.888793,0.837982,0.790072,0.744903,0.702316,0.662164,0.624309,0.588616,0.554965,0.523237,0.493323,0.465119,0.438528
0.931007,30.401,30.401,30.401,30.401,30.401,30.401,30.401,30.401,30.401,30.401,30.401,30.401,30.401,30.401,30.401,30.401,30.401,30.401,30.401,30.401,30.401,30.401,30.401,30.401,30.401,30.401,30.401,30.401,30.401,30.401,30.401,30.401,30.401,30.401,30.401,30.401,30.401,30.401,30.401,30.401,30.401,30.401,30.401,30.401,30.401,30.401,30.401,30.401,5.25555,4.95512,4.67183,4.40474,4.15287,3.91547,3.69162,3.48057,3.28159,3.09395,2.91707,2.7503,2.59306,2.44482,2.30505,2.17326,2.04901,1.93188,1.82143,1.71729,1.61911,1.52655,1.43928,1.35699,1.27941,1.20627,1.1373,1.07228,1.01098,0.953181,0.898685,0.847307,0.798865,0.753193,0.710132,0.669533,0.631256,0.595167,0.561141,0.52906,0.498813,0.470295,0.443408
0.933178,30.401,30.401,30.401,30.401,30.401,30.401,30.401,30.401,30.401,30.401,30.401,30.401,30.401,30.401,30.401,30.401,30.401,30.401,30.401,30.401,30.401,30.401,30.401,30.401,30.401,30.401,30.401,30.401,30.401,30.401,30.401,30.401,30.401,30.401,30.401,30.401,30.401,30.401,30.401,30.401,30.401,30.401,30.401,30.401,30.401,30.401,30.401,30.401,5.31388,5.01012,4.72368,4.45363,4.19896,3.95893,3.7326,3.5192,3.31801,3.12829,2.94945,2.78083,2.62184,2.47196,2.33064,2.19738,2.07175,1.95332,1.84165,1.73635,1.63708,1.54349,1.45525,1.37205,1.29361,1.21966,1.14992,1.08418,1.0222,0.96376,0.908659,0.856711,0.807731,0.761552,0.718014,0.676964,0.638263,0.601773,0.567369,0.534931,0.504349,0.475515,0.448329
0.935276,30.401,30.401,30.401,30.401,30.401,30.401,30.401,30.401,30.401,30.401,30.401,30.401,30.401,30.401,30.401,30.401,30.401,30.401,30.401,30.401,30.401,30.401,30.401,30.401,30.401,30.401,30.401,30.401,30.401,30.401,30.401,30.401,30.401,30.401,30.401,30.401,30.401,30.401,30.401,30.401,30.401,30.401,30.401,30.401,30.401,30.401,30.401,30.401,30.401,5.06558,4.77597,4.50293,4.24544,4.00275,3.77391,3.55816,3.35474,3.16291,2.9821,2.81161,2.65086,2.49932,2.35643,2.2217,2.09469,1.97494,1.86203,1.75557,1.6552,1.56057,1.47136,1.38724,1.30793,1.23316,1.16265,1.09618,1.03351,0.974428,0.918717,0.866194,0.816672,0.769982,0.725961,0.684458,0.645328,0.608434,0.573649,0.540853,0.509932,0.480778,0.453292
0.937307,30.401,30.401,30.401,30.401,30.401,30.401,30.401,30.401,30.401,30.401,30.401,30.401,30.401,30.401,30.401,30.401,30.401,30.401,30.401,30.401,30.401,30.401,30.401,30.401,30.401,30.401,30.401,30.401,30.401,30.401,30.401,30.401,30.401,30.401,30.401,30.401,30.401,30.401,30.401,30.401,30.401,30.401,30.401,30.401,30.401,30.401,30.401,30.401,30.401,5.1215,4.8287,4.55264,4.29231,4.04694,3.81558,3.59744,3.39178,3.19783,3.01502,2.84265,2.68013,2.52691,2.38245,2.24623,2.11781,1.99675,1.88259,1.77495,1.67348,1.5778,1.4876,1.40256,1.32237,1.24677,1.17549,1.10828,1.04493,0.985186,0.92886,0.875758,0.825688,0.778483,0.733976,0.692014,0.652452,0.615151,0.579982,0.546824,0.515562,0.486086,0.458297
0.93927,30.401,30.401,30.401,30.401,30.401,30.401,30.401,30.401,30.401,30.401,30.401,30.401,30.401,30.401,30.401,30.401,30.401,30.401,30.401,30.401,30.401,30.401,30.401,30.401,30.401,30.401,30.401,30.401,30.401,30.401,30.401,30.401,30.401,30.401,30.401,30.401,30.401,30.401,30.401,30.401,30.401,30.401,30.401,30.401,30.401,30.401,30.401,30.401,30.401,30.401,4.88188,4.60278,4.33958,4.09151,3.8576,3.63706,3.42913,3.23305,3.04822,2.87396,2.70964,2.55474,2.40869,2.27097,2.14114,2.01874,1.90332,1.7945,1.69191,1.59518,1.50399,1.418,1.33693,1.2605,1.18843,1.12049,1.05643,0.996036,0.93909,0.885403,0.834782,0.787057,0.74206,0.699636,0.659638,0.621926,0.58637,0.552846,0.52124,0.49144,0.463344
0.94117,30.401,30.401,30.401,30.401,30.401,30.401,30.401,30.401,30.401,30.401,30.401,30.401,30.401,30.401,30.401,30.401,30.401,30.401,30.401,30.401,30.401,30.401,30.401,30.401,30.401,30.401,30.401,30.401,30.401,30.401,30.401,30.401,30.401,30.401,30.401,30.401,30.401,30.401,30.401,30.401,30.401,30.401,30.401,30.401,30.401,30.401,30.401,30.401,30.401,30.401,4.93551,4.65335,4.38726,4.13646,3.89998,3.67702,3.4668,3.26857,3.08171,2.90553,2.73941,2.58281,2.43515,2.29592,2.16466,2.04092,1.92424,1.81421,1.71049,1.61271,1.52051,1.43358,1.35162,1.27435,1.20149,1.1328,1.06804,1.00698,0.949407,0.89513,0.843953,0.795704,0.750212,0.707322,0.666885,0.628759,0.592812,0.55892,0.526966,0.496839,0.468434
0.943008,30.401,30.401,30.401,30.401,30.401,30.401,30.401,30.401,30.401,30.401,30.401,30.401,30.401,30.401,30.401,30.401,30.401,30.401,30.401,30.401,30.401,30.401,30.401,30.401,30.401,30.401,30.401,30.401,30.401,30.401,30.401,30.401,30.401,30.401,30.401,30.401,30.401,30.401,30.401,30.401,30.401,30.401,30.401,30.401,30.401,30.401,30.401,30.401,30.401,30.401,30.401,4.70435,4.43535,4.1818,3.94273,3.71732,3.5048,3.3044,3.11549,2.93738,2.76944,2.61112,2.46184,2.32108,2.18839,2.06329,1.94533,1.8341,1.72924,1.63038,1.53718,1.4493,1.36644,1.28832,1.21466,1.14522,1.07975,1.01802,0.959813,0.904941,0.853203,0.804425,0.758435,0.715075,0.674195,0.63565,0.59931,0.565046,0.532742,0.502285,0.473569
0.944786,30.401,30.401,30.401,30.401,30.401,30.401,30.401,30.401,30.401,30.401,30.401,30.401,30.401,30.401,30.401,30.401,30.401,30.401,30.401,30.401,30.401,30.401,30.401,30.401,30.401,30.401,30.401,30.401,30.401,30.401,30.401,30.401,30.401,30.401,30.401,30.401,30.401,30.401,30.401,30.401,30.401,30.401,30.401,30.401,30.401,30.401,30.401,30.401,30.401,30.401,30.401,4.7558,4.48385,4.22753,3.98585,3.75797,3.54313,3.34054,3.14956,2.9695,2.79972,2.63967,2.48877,2.34647,2.21232,2.08585,1.9666,1.85416,1.74815,1.64821,1.55399,1.46515,1.38138,1.30241,1.22794,1.15774,1.09155,1.02915,0.97031,0.914838,0.862534,0.813222,0.76673,0.722895,0.681568,0.642602,0.605864,0.571226,0.538569,0.507778,0.478748
0.946506,30.401,30.401,30.401,30.401,30.401,30.401,30.401,30.401,30.401,30.401,30.401,30.401,30.401,30.401,30.401,30.401,30.401,30.401,30.401,30.401,30.401,30.401,30.401,30.401,30.401,30.401,30.401,30.401,30.401,30.401,30.401,30.401,30.401,30.401,30.401,30.401,30.401,30.401,30.401,30.401,30.401,30.401,30.401,30.401,30.401,30.401,30.401,30.401,30.401,30.401,30.401,30.401,4.53278,4.27367,4.02934,3.79898,3.58179,3.37699,3.18393,3.0019,2.83027,2.66848,2.51592,2.37207,2.23646,2.10861,1.98806,1.87439,1.76723,1.6662,1.57094,1.48113,1.39645,1.31662,1.24134,1.17037,1.10347,1.04038,0.980898,0.92482,0.871946,0.822096,0.775096,0.730783,0.689005,0.649614,0.612475,0.577459,0.544445,0.513318,0.483972
0.948171,30.401,30.401,30.401,30.401,30.401,30.401,30.401,30.401,30.401,30.401,30.401,30.401,30.401,30.401,30.401,30.401,30.401,30.401,30.401,30.401,30.401,30.401,30.401,30.401,30.401,30.401,30.401,30.401,30.401,30.401,30.401,30.401,30.401,30.401,30.401,30.401,30.401,30.401,30.401,30.401,30.401,30.401,30.401,30.401,30.401,30.401,30.401,30.401,30.401,30.401,30.401,30.401,4.58214,4.3202,4.07322,3.84035,3.6208,3.41376,3.2186,3.03459,2.86109,2.69753,2.54332,2.3979,2.26081,2.13157,2.00971,1.8948,1.78647,1.68434,1.58805,1.49726,1.41166,1.33096,1.25486,1.18312,1.11548,1.05171,0.991579,0.934891,0.881441,0.831048,0.783536,0.738741,0.696508,0.656688,0.619144,0.583747,0.550374,0.518908,0.489242
0.949783,30.401,30.401,30.401,30.401,30.401,30.401,30.401,30.401,30.401,30.401,30.401,30.401,30.401,30.401,30.401,30.401,30.401,30.401,30.401,30.401,30.401,30.401,30.401,30.401,30.401,30.401,30.401,30.401,30.401,30.401,30.401,30.401,30.401,30.401,30.401,30.401,30.401,30.401,30.401,30.401,30.401,30.401,30.401,30.401,30.401,30.401,30.401,30.401,30.401,30.401,30.401,30.401,30.401,4.36715,4.11748,3.88208,3.66014,3.45085,3.25357,3.06757,2.89218,2.72685,2.57096,2.42396,2.28538,2.15473,2.03155,1.91539,1.80589,1.70264,1.60531,1.51353,1.427,1.34542,1.26849,1.19597,1.1276,1.06314,1.00235,0.94505,0.891019,0.840079,0.79205,0.746768,0.704076,0.663823,0.625872,0.59009,0.556354,0.524547,0.494558
0.951342,30.401,30.401,30.401,30.401,30.401,30.401,30.401,30.401,30.401,30.401,30.401,30.401,30.401,30.401,30.401,30.401,30.401,30.401,30.401,30.401,30.401,30.401,30.401,30.401,30.401,30.401,30.401,30.401,30.401,30.401,30.401,30.401,30.401,30.401,30.401,30.401,30.401,30.401,30.401,30.401,30.401,30.401,30.401,30.401,30.401,30.401,30.401,30.401,30.401,30.401,30.401,30.401,30.401,4.41451,4.16213,3.92418,3.69983,3.48828,3.28886,3.10083,2.92355,2.75642,2.59884,2.45024,2.31016,2.1781,2.05358,1.93616,1.82547,1.72111,1.62272,1.52994,1.44248,1.36001,1.28225,1.20894,1.13983,1.07467,1.01322,0.955298,0.900681,0.849189,0.80064,0.754866,0.711711,0.671022,0.632659,0.596489,0.562388,0.530235,0.499921
0.952852,30.401,30.401,30.401,30.401,30.401,30.401,30.401,30.401,30.401,30.401,30.401,30.401,30.401,30.401,30.401,30.401,30.401,30.401,30.401,30.401,30.401,30.401,30.401,30.401,30.401,30.401,30.401,30.401,30.401,30.401,30.401,30.401,30.401,30.401,30.401,30.401,30.401,30.401,30.401,30.401,30.401,30.401,30.401,30.401,30.401,30.401,30.401,30.401,30.401,30.401,30.401,30.401,30.401,30.401,4.20718,3.96666,3.73988,3.52604,3.32446,3.1344,2.95519,2.78626,2.62697,2.47677,2.33517,2.20168,2.07581,1.95712,1.84523,1.73974,1.64028,1.54651,1.45809,1.37473,1.29613,1.22203,1.15217,1.0863,1.02419,0.965639,0.910431,0.858381,0.809306,0.763038,0.719415,0.678286,0.639508,0.602946,0.568475,0.535975,0.505333
0.954313,30.401,30.401,30.401,30.401,30.401,30.401,30.401,30.401,30.401,30.401,30.401,30.401,30.401,30.401,30.401,30.401,30.401,30.401,30.401,30.401,30.401,30.401,30.401,30.401,30.401,30.401,30.401,30.401,30.401,30.401,30.401,30.401,30.401,30.401,30.401,30.401,30.401,30.401,30.401,30.401,30.401,30.401,30.401,30.401,30.401,30.401,30.401,30.401,30.401,30.401,30.401,30.401,30.401,30.401,4.25264,4.00951,3.78029,3.56413,3.36038,3.16826,2.98712,2.81636,2.65535,2.50353,2.3604,2.22547,2.09824,1.97827,1.86517,1.75854,1.658,1.56322,1.47384,1.38958,1.31013,1.23523,1.16462,1.09804,1.03526,0.976073,0.920268,0.867656,0.818051,0.771282,0.727188,0.685614,0.646417,0.609461,0.574618,0.541766,0.510793
0.955727,30.401,30.401,30.401,30.401,30.401,30.401,30.401,30.401,30.401,30.401,30.401,30.401,30.401,30.401,30.401,30.401,30.401,30.401,30.401,30.401,30.401,30.401,30.401,30.401,30.401,30.401,30.401,30.401,30.401,30.401,30.401,30.401,30.401,30.401,30.401,30.401,30.401,30.401,30.401,30.401,30.401,30.401,30.401,30.401,30.401,30.401,30.401,30.401,30.401,30.401,30.401,30.401,30.401,30.401,30.401,4.05276,3.82107,3.60258,3.39662,3.20244,3.01934,2.84674,2.68399,2.53053,2.38586,2.24947,2.12087,1.9996,1.88528,1.7775,1.67589,1.58008,1.48974,1.40457,1.32427,1.24856,1.17718,1.10988,1.04642,0.9866,0.930194,0.877014,0.826874,0.779601,0.735032,0.693009,0.653389,0.616034,0.580815,0.547609,0.516302
0.957097,30.401,30.401,30.401,30.401,30.401,30.401,30.401,30.401,30.401,30.401,30.401,30.401,30.401,30.401,30.401,30.401,30.401,30.401,30.401,30.401,30.401,30.401,30.401,30.401,30.401,30.401,30.401,30.401,30.401,30.401,30.401,30.401,30.401,30.401,30.401,30.401,30.401,30.401,30.401,30.401,30.401,30.401,30.401,30.401,30.401,30.401,30.401,30.401,30.401,30.401,30.401,30.401,30.401,30.401,30.401,4.0964,3.86222,3.64137,3.4332,3.23692,3.05186,2.87739,2.7129,2.55778,2.41155,2.2737,2.14371,2.02114,1.90559,1.79664,1.69393,1.59709,1.50578,1.4197,1.33853,1.262,1.18986,1.12183,1.05769,0.997225,0.940211,0.886459,0.835779,0.787997,0.742947,0.700472,0.660426,0.622668,0.58707,0.553506,0.521862
0.958423,30.401,30.401,30.401,30.401,30.401,30.401,30.401,30.401,30.401,30.401,30.401,30.401,30.401,30.401,30.401,30.401,30.401,30.401,30.401,30.401,30.401,30.401,30.401,30.401,30.401,30.401,30.401,30.401,30.401,30.401,30.401,30.401,30.401,30.401,30.401,30.401,30.401,30.401,30.401,30.401,30.401,30.401,30.401,30.401,30.401,30.401,30.401,30.401,30.401,30.401,30.401,30.401,30.401,30.401,30.401,30.401,3.90373,3.68052,3.47011,3.27172,3.08467,2.90833,2.74206,2.58528,2.43748,2.29814,2.16675,2.04286,1.92607,1.81596,1.71214,1.61426,1.52197,1.43496,1.35292,1.27557,1.20265,1.13389,1.06906,1.00795,0.950318,0.895988,0.844763,0.796468,0.750934,0.708002,0.667525,0.629362,0.593381,0.559457,0.527472
0.959707,30.401,30.401,30.401,30.401,30.401,30.401,30.401,30.401,30.401,30.401,30.401,30.401,30.401,30.401,30.401,30.401,30.401,30.401,30.401,30.401,30.401,30.401,30.401,30.401,30.401,30.401,30.401,30.401,30.401,30.401,30.401,30.401,30.401,30.401,30.401,30.401,30.401,30.401,30.401,30.401,30.401,30.401,30.401,30.401,30.401,30.401,30.401,30.401,30.401,30.401,30.401,30.401,30.401,30.401,30.401,30.401,3.94564,3.72003,3.50736,3.30684,3.11778,2.93954,2.77149,2.61303,2.46364,2.32281,2.19001,2.06479,1.94675,1.83545,1.73052,1.63159,1.53831,1.45036,1.36744,1.28926,1.21556,1.14606,1.08054,1.01876,0.960519,0.905606,0.853831,0.805017,0.758995,0.715602,0.674691,0.636118,0.599751,0.565462,0.533134
0.96095,30.401,30.401,30.401,30.401,30.401,30.401,30.401,30.401,30.401,30.401,30.401,30.401,30.401,30.401,30.401,30.401,30.401,30.401,30.401,30.401,30.401,30.401,30.401,30.401,30.401,30.401,30.401,30.401,30.401,30.401,30.401,30.401,30.401,30.401,30.401,30.401,30.401,30.401,30.401,30.401,30.401,30.401,30.401,30.401,30.401,30.401,30.401,30.401,30.401,30.401,30.401,30.401,30.401,30.401,30.401,30.401,30.401,3.7599,3.54495,3.34229,3.1512,2.97105,2.8012,2.64104,2.49005,2.34771,2.21348,2.08693,1.96761,1.85513,1.74907,1.64908,1.5548,1.46591,1.3821,1.30308,1.22859,1.15835,1.09212,1.02969,0.970815,0.915313,0.862984,0.813646,0.767131,0.723273,0.681923,0.642936,0.60618,0.571523,0.538849
0.962154,30.401,30.401,30.401,30.401,30.401,30.401,30.401,30.401,30.401,30.401,30.401,30.401,30.401,30.401,30.401,30.401,30.401,30.401,30.401,30.401,30.401,30.401,30.401,30.401,30.401,30.401,30.401,30.401,30.401,30.401,30.401,30.401,30.401,30.401,30.401,30.401,30.401,30.401,30.401,30.401,30.401,30.401,30.401,30.401,30.401,30.401,30.401,30.401,30.401,30.401,30.401,30.401,30.401,30.401,30.401,30.401,30.401,3.80014,3.5829,3.37806,3.18493,3.00285,2.83118,2.66931,2.5167,2.37283,2.23718,2.10926,1.98867,1.87498,1.76779,1.66673,1.57144,1.4816,1.39689,1.31703,1.24174,1.17075,1.10381,1.04071,0.981206,0.92511,0.87222,0.822355,0.775341,0.731014,0.689222,0.649818,0.612668,0.57764,0.544616
0.96332,30.401,30.401,30.401,30.401,30.401,30.401,30.401,30.401,30.401,30.401,30.401,30.401,30.401,30.401,30.401,30.401,30.401,30.401,30.401,30.401,30.401,30.401,30.401,30.401,30.401,30.401,30.401,30.401,30.401,30.401,30.401,30.401,30.401,30.401,30.401,30.401,30.401,30.401,30.401,30.401,30.401,30.401,30.401,30.401,30.401,30.401,30.401,30.401,30.401,30.401,30.401,30.401,30.401,30.401,30.401,30.401,30.401,30.401,3.62119,3.41417,3.21897,3.03495,2.86145,2.69784,2.5436,2.3982,2.26109,2.13181,2.00993,1.89502,1.78669,1.68454,1.58824,1.49744,1.41182,1.33111,1.25501,1.18326,1.11561,1.05183,0.991694,0.934998,0.881543,0.831145,0.783629,0.738828,0.696589,0.656764,0.619216,0.583815,0.550438
0.964449,30.401,30.401,30.401,30.401,30.401,30.401,30.401,30.401,30.401,30.401,30.401,30.401,30.401,30.401,30.401,30.401,30.401,30.401,30.401,30.401,30.401,30.401,30.401,30.401,30.401,30.401,30.401,30.401,30.401,30.401,30.401,30.401,30.401,30.401,30.401,30.401,30.401,30.401,30.401,30.401,30.401,30.401,30.401,30.401,30.401,30.401,30.401,30.401,30.401,30.401,30.401,30.401,30.401,30.401,30.401,30.401,30.401,30.401,3.65985,3.45062,3.25333,3.06735,2.89199,2.72664,2.57076,2.4238,2.28523,2.15457,2.03139,1.91525,1.80576,1.70253,1.60519,1.51342,1.42689,1.34532,1.26841,1.19589,1.12752,1.06306,1.00228,0.94498,0.890955,0.840018,0.791995,0.746716,0.704025,0.663775,0.625827,0.590047,0.556314
0.965543,30.401,30.401,30.401,30.401,30.401,30.401,30.401,30.401,30.401,30.401,30.401,30.401,30.401,30.401,30.401,30.401,30.401,30.401,30.401,30.401,30.401,30.401,30.401,30.401,30.401,30.401,30.401,30.401,30.401,30.401,30.401,30.401,30.401,30.401,30.401,30.401,30.401,30.401,30.401,30.401,30.401,30.401,30.401,30.401,30.401,30.401,30.401,30.401,30.401,30.401,30.401,30.401,30.401,30.401,30.401,30.401,30.401,30.401,30.401,3.48741,3.28803,3.10006,2.92283,2.75572,2.59817,2.44965,2.3096,2.17754,2.05305,1.93568,1.82502,1.72068,1.62231,1.52956,1.44211,1.35966,1.28193,1.20864,1.13954,1.0744,1.01297,0.955057,0.900456,0.848976,0.80044,0.754678,0.711533,0.670854,0.632501,0.59634,0.562247
0.966603,30.401,30.401,30.401,30.401,30.401,30.401,30.401,30.401,30.401,30.401,30.401,30.401,30.401,30.401,30.401,30.401,30.401,30.401,30.401,30.401,30.401,30.401,30.401,30.401,30.401,30.401,30.401,30.401,30.401,30.401,30.401,30.401,30.401,30.401,30.401,30.401,30.401,30.401,30.401,30.401,30.401,30.401,30.401,30.401,30.401,30.401,30.401,30.401,30.401,30.401,30.401,30.401,30.401,30.401,30.401,30.401,30.401,30.401,30.401,3.52456,3.32305,3.13308,2.95397,2.78507,2.62585,2.47574,2.3342,2.20074,2.07492,1.9563,1.84446,1.73901,1.63959,1.54585,1.45747,1.37415,1.29559,1.22152,1.15168,1.08584,1.02376,0.965231,0.910047,0.858019,0.808967,0.762717,0.719112,0.678,0.639238,0.602692,0.568236
0.96763,30.401,30.401,30.401,30.401,30.401,30.401,30.401,30.401,30.401,30.401,30.401,30.401,30.401,30.401,30.401,30.401,30.401,30.401,30.401,30.401,30.401,30.401,30.401,30.401,30.401,30.401,30.401,30.401,30.401,30.401,30.401,30.401,30.401,30.401,30.401,30.401,30.401,30.401,30.401,30.401,30.401,30.401,30.401,30.401,30.401,30.401,30.401,30.401,30.401,30.401,30.401,30.401,30.401,30.401,30.401,30.401,30.401,30.401,30.401,30.401,3.35841,3.16642,2.9854,2.8147,2.65378,2.50208,2.35903,2.22415,2.097,1.97711,1.86408,1.75751,1.65703,1.5623,1.47298,1.38877,1.30937,1.23452,1.16393,1.09739,1.03465,0.9755,0.91973,0.867148,0.817574,0.770832,0.726763,0.685213,0.646039,0.609104,0.574281
0.968624,30.401,30.401,30.401,30.401,30.401,30.401,30.401,30.401,30.401,30.401,30.401,30.401,30.401,30.401,30.401,30.401,30.401,30.401,30.401,30.401,30.401,30.401,30.401,30.401,30.401,30.401,30.401,30.401,30.401,30.401,30.401,30.401,30.401,30.401,30.401,30.401,30.401,30.401,30.401,30.401,30.401,30.401,30.401,30.401,30.401,30.401,30.401,30.401,30.401,30.401,30.401,30.401,30.401,30.401,30.401,30.401,30.401,30.401,30.401,30.401,3.3941,3.20007,3.01713,2.84462,2.68199,2.52868,2.38411,2.24779,2.11929,1.99813,1.8839,1.7762,1.67465,1.57891,1.48863,1.40353,1.32329,1.24764,1.17631,1.10906,1.04565,0.985869,0.929506,0.876365,0.826264,0.779026,0.734488,0.692497,0.652906,0.615579,0.580386
0.969588,30.401,30.401,30.401,30.401,30.401,30.401,30.401,30.401,30.401,30.401,30.401,30.401,30.401,30.401,30.401,30.401,30.401,30.401,30.401,30.401,30.401,30.401,30.401,30.401,30.401,30.401,30.401,30.401,30.401,30.401,30.401,30.401,30.401,30.401,30.401,30.401,30.401,30.401,30.401,30.401,30.401,30.401,30.401,30.401,30.401,30.401,30.401,30.401,30.401,30.401,30.401,30.401,30.401,30.401,30.401,30.401,30.401,30.401,30.401,30.401,30.401,3.23406,3.04918,2.87483,2.71048,2.55553,2.40943,2.27167,2.1418,2.01935,1.90391,1.79506,1.69243,1.59568,1.50445,1.41844,1.33735,1.26089,1.1888,1.12084,1.05676,0.996341,0.939379,0.885674,0.83504,0.7873,0.74229,0.699852,0.659841,0.622117,0.58655
0.970522,30.401,30.401,30.401,30.401,30.401,30.401,30.401,30.401,30.401,30.401,30.401,30.401,30.401,30.401,30.401,30.401,30.401,30.401,30.401,30.401,30.401,30.401,30.401,30.401,30.401,30.401,30.401,30.401,30.401,30.401,30.401,30.401,30.401,30.401,30.401,30.401,30.401,30.401,30.401,30.401,30.401,30.401,30.401,30.401,30.401,30.401,30.401,30.401,30.401,30.401,30.401,30.401,30.401,30.401,30.401,30.401,30.401,30.401,30.401,30.401,30.401,3.26838,3.08153,2.90534,2.73924,2.58265,2.435,2.29577,2.16452,2.04078,1.92411,1.81411,1.71039,1.61261,1.52041,1.43349,1.35154,1.27427,1.20141,1.13273,1.06797,1.00691,0.949346,0.895071,0.843901,0.795654,0.750166,0.707278,0.666843,0.628718,0.592774
0.971427,30.401,30.401,30.401,30.401,30.401,30.401,30.401,30.401,30.401,30.401,30.401,30.401,30.401,30.401,30.401,30.401,30.401,30.401,30.401,30.401,30.401,30.401,30.401,30.401,30.401,30.401,30.401,30.401,30.401,30.401,30.401,30.401,30.401,30.401,30.401,30.401,30.401,30.401,30.401,30.401,30.401,30.401,30.401,30.401,30.401,30.401,30.401,30.401,30.401,30.401,30.401,30.401,30.401,30.401,30.401,30.401,30.401,30.401,30.401,30.401,30.401,30.401,3.1142,2.93614,2.76828,2.61003,2.46081,2.32011,2.18747,2.06241,1.94451,1.83334,1.72853,1.62971,1.53653,1.44869,1.36587,1.28778,1.21415,1.14474,1.07929,1.01759,0.959412,0.904561,0.852848,0.80409,0.758119,0.714777,0.673913,0.635384,0.599059
0.972304,30.401,30.401,30.401,30.401,30.401,30.401,30.401,30.401,30.401,30.401,30.401,30.401,30.401,30.401,30.401,30.401,30.401,30.401,30.401,30.401,30.401,30.401,30.401,30.401,30.401,30.401,30.401,30.401,30.401,30.401,30.401,30.401,30.401,30.401,30.401,30.401,30.401,30.401,30.401,30.401,30.401,30.401,30.401,30.401,30.401,30.401,30.401,30.401,30.401,30.401,30.401,30.401,30.401,30.401,30.401,30.401,30.401,30.401,30.401,30.401,30.401,30.401,3.1472,2.96725,2.79761,2.63769,2.48689,2.3447,2.21065,2.08427,1.96511,1.85277,1.74684,1.64697,1.55281,1.46404,1.38034,1.30142,1.22702,1.15687,1.09073,1.02837,0.969577,0.914146,0.861884,0.81261,0.766152,0.72235,0.681053,0.642116,0.605406
0.973154,30.401,30.401,30.401,30.401,30.401,30.401,30.401,30.401,30.401,30.401,30.401,30.401,30.401,30.401,30.401,30.401,30.401,30.401,30.401,30.401,30.401,30.401,30.401,30.401,30.401,30.401,30.401,30.401,30.401,30.401,30.401,30.401,30.401,30.401,30.401,30.401,30.401,30.401,30.401,30.401,30.401,30.401,30.401,30.401,30.401,30.401,30.401,30.401,30.401,30.401,30.401,30.401,30.401,30.401,30.401,30.401,30.401,30.401,30.401,30.401,30.401,30.401,30.401,2.99867,2.82724,2.66562,2.51322,2.36952,2.23406,2.10634,1.98592,1.87239,1.76534,1.66441,1.56925,1.47954,1.39495,1.3152,1.24001,1.16912,1.10228,1.03926,0.979843,0.923825,0.87101,0.821214,0.774265,0.729999,0.688265,0.648915,0.611817
0.973977,30.401,30.401,30.401,30.401,30.401,30.401,30.401,30.401,30.401,30.401,30.401,30.401,30.401,30.401,30.401,30.401,30.401,30.401,30.401,30.401,30.401,30.401,30.401,30.401,30.401,30.401,30.401,30.401,30.401,30.401,30.401,30.401,30.401,30.401,30.401,30.401,30.401,30.401,30.401,30.401,30.401,30.401,30.401,30.401,30.401,30.401,30.401,30.401,30.401,30.401,30.401,30.401,30.401,30.401,30.401,30.401,30.401,30.401,30.401,30.401,30.401,30.401,30.401,3.0304,2.85715,2.69382,2.53982,2.3946,2.2577,2.12862,2.00694,1.8922,1.78402,1.68203,1.58586,1.49519,1.40971,1.32912,1.25313,1.18149,1.11394,1.05026,0.990212,0.933601,0.880227,0.829904,0.782458,0.737724,0.695548,0.655782,0.618291
0.974775,30.401,30.401,30.401,30.401,30.401,30.401,30.401,30.401,30.401,30.401,30.401,30.401,30.401,30.401,30.401,30.401,30.401,30.401,30.401,30.401,30.401,30.401,30.401,30.401,30.401,30.401,30.401,30.401,30.401,30.401,30.401,30.401,30.401,30.401,30.401,30.401,30.401,30.401,30.401,30.401,30.401,30.401,30.401,30.401,30.401,30.401,30.401,30.401,30.401,30.401,30.401,30.401,30.401,30.401,30.401,30.401,30.401,30.401,30.401,30.401,30.401,30.401,30.401,30.401,2.88737,2.72231,2.56668,2.41992,2.28157,2.15114,2.02816,1.91221,1.80289,1.69982,1.60263,1.51101,1.42462,1.34318,1.26638,1.19399,1.12572,1.06136,1.00068,0.943475,0.889537,0.838681,0.790733,0.745526,0.702904,0.662718,0.62483
0.975549,30.401,30.401,30.401,30.401,30.401,30.401,30.401,30.401,30.401,30.401,30.401,30.401,30.401,30.401,30.401,30.401,30.401,30.401,30.401,30.401,30.401,30.401,30.401,30.401,30.401,30.401,30.401,30.401,30.401,30.401,30.401,30.401,30.401,30.401,30.401,30.401,30.401,30.401,30.401,30.401,30.401,30.401,30.401,30.401,30.401,30.401,30.401,30.401,30.401,30.401,30.401,30.401,30.401,30.401,30.401,30.401,30.401,30.401,30.401,30.401,30.401,30.401,30.401,30.401,2.91789,2.75109,2.59381,2.4455,2.30569,2.17388,2.0496,1.93242,1.82194,1.71778,1.61957,1.52698,1.43968,1.35738,1.27977,1.20661,1.13762,1.07258,1.01126,0.953448,0.89894,0.847547,0.799092,0.753407,0.710334,0.669723,0.631435
0.976299,30.401,30.401,30.401,30.401,30.401,30.401,30.401,30.401,30.401,30.401,30.401,30.401,30.401,30.401,30.401,30.401,30.401,30.401,30.401,30.401,30.401,30.401,30.401,30.401,30.401,30.401,30.401,30.401,30.401,30.401,30.401,30.401,30.401,30.401,30.401,30.401,30.401,30.401,30.401,30.401,30.401,30.401,30.401,30.401,30.401,30.401,30.401,30.401,30.401,30.401,30.401,30.401,30.401,30.401,30.401,30.401,30.401,30.401,30.401,30.401,30.401,30.401,30.401,30.401,30.401,2.78017,2.62122,2.47135,2.33006,2.19685,2.07126,1.95285,1.8412,1.73594,1.63669,1.54312,1.4549,1.37172,1.2933,1.21936,1.14964,1.08392,1.02195,0.963524,0.90844,0.856504,0.807537,0.761369,0.717841,0.676801,0.638108
0.977026,30.401,30.401,30.401,30.401,30.401,30.401,30.401,30.401,30.401,30.401,30.401,30.401,30.401,30.401,30.401,30.401,30.401,30.401,30.401,30.401,30.401,30.401,30.401,30.401,30.401,30.401,30.401,30.401,30.401,30.401,30.401,30.401,30.401,30.401,30.401,30.401,30.401,30.401,30.401,30.401,30.401,30.401,30.401,30.401,30.401,30.401,30.401,30.401,30.401,30.401,30.401,30.401,30.401,30.401,30.401,30.401,30.401,30.401,30.401,30.401,30.401,30.401,30.401,30.401,30.401,2.80953,2.64891,2.49745,2.35467,2.22006,2.09314,1.97348,1.86065,1.75428,1.65397,1.55942,1.47027,1.38621,1.30696,1.23224,1.16179,1.09537,1.03275,0.973703,0.918036,0.865551,0.816067,0.769412,0.725424,0.68395,0.644849
0.977731,30.401,30.401,30.401,30.401,30.401,30.401,30.401,30.401,30.401,30.401,30.401,30.401,30.401,30.401,30.401,30.401,30.401,30.401,30.401,30.401,30.401,30.401,30.401,30.401,30.401,30.401,30.401,30.401,30.401,30.401,30.401,30.401,30.401,30.401,30.401,30.401,30.401,30.401,30.401,30.401,30.401,30.401,30.401,30.401,30.401,30.401,30.401,30.401,30.401,30.401,30.401,30.401,30.401,30.401,30.401,30.401,30.401,30.401,30.401,30.401,30.401,30.401,30.401,30.401,30.401,30.401,2.67688,2.52383,2.37954,2.2435,2.11524,1.99431,1.8803,1.7728,1.67144,1.57588,1.48579,1.40085,1.32076,1.24525,1.17406,1.10694,1.04365,0.983984,0.927731,0.874691,0.824685,0.777536,0.733084,0.691173,0.651658
0.978414,30.401,30.401,30.401,30.401,30.401,30.401,30.401,30.401,30.401,30.401,30.401,30.401,30.401,30.401,30.401,30.401,30.401,30.401,30.401,30.401,30.401,30.401,30.401,30.401,30.401,30.401,30.401,30.401,30.401,30.401,30.401,30.401,30.401,30.401,30.401,30.401,30.401,30.401,30.401,30.401,30.401,30.401,30.401,30.401,30.401,30.401,30.401,30.401,30.401,30.401,30.401,30.401,30.401,30.401,30.401,30.401,30.401,30.401,30.401,30.401,30.401,30.401,30.401,30.401,30.401,30.401,2.70514,2.55047,2.40466,2.26719,2.13758,2.01537,1.90015,1.79152,1.68909,1.59252,1.50148,1.41564,1.3347,1.2584,1.18645,1.11862,1.05467,0.994374,0.937526,0.883927,0.833392,0.785746,0.740824,0.69847,0.658538
0.979076,30.401,30.401,30.401,30.401,30.401,30.401,30.401,30.401,30.401,30.401,30.401,30.401,30.401,30.401,30.401,30.401,30.401,30.401,30.401,30.401,30.401,30.401,30.401,30.401,30.401,30.401,30.401,30.401,30.401,30.401,30.401,30.401,30.401,30.401,30.401,30.401,30.401,30.401,30.401,30.401,30.401,30.401,30.401,30.401,30.401,30.401,30.401,30.401,30.401,30.401,30.401,30.401,30.401,30.401,30.401,30.401,30.401,30.401,30.401,30.401,30.401,30.401,30.401,30.401,30.401,30.401,30.401,2.5774,2.43005,2.29112,2.16014,2.03665,1.92021,1.81043,1.70692,1.60933,1.51733,1.43058,1.34879,1.27168,1.19898,1.13043,1.0658,1.00487,0.947423,0.893258,0.842189,0.79404,0.748645,0.705843,0.66549
0.979719,30.401,30.401,30.401,30.401,30.401,30.401,30.401,30.401,30.401,30.401,30.401,30.401,30.401,30.401,30.401,30.401,30.401,30.401,30.401,30.401,30.401,30.401,30.401,30.401,30.401,30.401,30.401,30.401,30.401,30.401,30.401,30.401,30.401,30.401,30.401,30.401,30.401,30.401,30.401,30.401,30.401,30.401,30.401,30.401,30.401,30.401,30.401,30.401,30.401,30.401,30.401,30.401,30.401,30.401,30.401,30.401,30.401,30.401,30.401,30.401,30.401,30.401,30.401,30.401,30.401,30.401,30.401,2.6046,2.4557,2.3153,2.18294,2.05814,1.94048,1.82954,1.72494,1.62632,1.53335,1.44568,1.36303,1.28511,1.21163,1.14236,1.07705,1.01548,0.957423,0.902686,0.851079,0.802422,0.756547,0.713294,0.672515
0.980341,30.401,30.401,30.401,30.401,30.401,30.401,30.401,30.401,30.401,30.401,30.401,30.401,30.401,30.401,30.401,30.401,30.401,30.401,30.401,30.401,30.401,30.401,30.401,30.401,30.401,30.401,30.401,30.401,30.401,30.401,30.401,30.401,30.401,30.401,30.401,30.401,30.401,30.401,30.401,30.401,30.401,30.401,30.401,30.401,30.401,30.401,30.401,30.401,30.401,30.401,30.401,30.401,30.401,30.401,30.401,30.401,30.401,30.401,30.401,30.401,30.401,30.401,30.401,30.401,30.401,30.401,30.401,30.401,2.48161,2.33974,2.20598,2.07987,1.96096,1.84885,1.74314,1.64349,1.54953,1.46094,1.37742,1.29867,1.22442,1.15442,1.08842,1.0262,0.967528,0.912214,0.860062,0.810891,0.764532,0.720822,0.679613
0.980945,30.401,30.401,30.401,30.401,30.401,30.401,30.401,30.401,30.401,30.401,30.401,30.401,30.401,30.401,30.401,30.401,30.401,30.401,30.401,30.401,30.401,30.401,30.401,30.401,30.401,30.401,30.401,30.401,30.401,30.401,30.401,30.401,30.401,30.401,30.401,30.401,30.401,30.401,30.401,30.401,30.401,30.401,30.401,30.401,30.401,30.401,30.401,30.401,30.401,30.401,30.401,30.401,30.401,30.401,30.401,30.401,30.401,30.401,30.401,30.401,30.401,30.401,30.401,30.401,30.401,30.401,30.401,30.401,2.50781,2.36444,2.22927,2.10182,1.98166,1.86837,1.76154,1.66084,1.56589,1.47636,1.39196,1.31238,1.23735,1.16661,1.09991,1.03703,0.977741,0.921843,0.869141,0.819451,0.772602,0.728431,0.686787
0.98153,30.401,30.401,30.401,30.401,30.401,30.401,30.401,30.401,30.401,30.401,30.401,30.401,30.401,30.401,30.401,30.401,30.401,30.401,30.401,30.401,30.401,30.401,30.401,30.401,30.401,30.401,30.401,30.401,30.401,30.401,30.401,30.401,30.401,30.401,30.401,30.401,30.401,30.401,30.401,30.401,30.401,30.401,30.401,30.401,30.401,30.401,30.401,30.401,30.401,30.401,30.401,30.401,30.401,30.401,30.401,30.401,30.401,30.401,30.401,30.401,30.401,30.401,30.401,30.401,30.401,30.401,30.401,30.401,30.401,2.38939,2.2528,2.124,2.00257,1.88808,1.78013,1.67836,1.58241,1.49194,1.40665,1.32623,1.2504,1.17892,1.11152,1.04797,0.98806,0.931572,0.878313,0.828099,0.780756,0.736119,0.694035
0.982098,30.401,30.401,30.401,30.401,30.401,30.401,30.401,30.401,30.401,30.401,30.401,30.401,30.401,30.401,30.401,30.401,30.401,30.401,30.401,30.401,30.401,30.401,30.401,30.401,30.401,30.401,30.401,30.401,30.401,30.401,30.401,30.401,30.401,30.401,30.401,30.401,30.401,30.401,30.401,30.401,30.401,30.401,30.401,30.401,30.401,30.401,30.401,30.401,30.401,30.401,30.401,30.401,30.401,30.401,30.401,30.401,30.401,30.401,30.401,30.401,30.401,30.401,30.401,30.401,30.401,30.401,30.401,30.401,30.401,2.41462,2.27658,2.14643,2.02371,1.90802,1.79893,1.69608,1.59912,1.5077,1.4215,1.34023,1.26361,1.19137,1.12325,1.05904,0.998492,0.941407,0.887586,0.836842,0.788999,0.743891,0.701362
0.982648,30.401,30.401,30.401,30.401,30.401,30.401,30.401,30.401,30.401,30.401,30.401,30.401,30.401,30.401,30.401,30.401,30.401,30.401,30.401,30.401,30.401,30.401,30.401,30.401,30.401,30.401,30.401,30.401,30.401,30.401,30.401,30.401,30.401,30.401,30.401,30.401,30.401,30.401,30.401,30.401,30.401,30.401,30.401,30.401,30.401,30.401,30.401,30.401,30.401,30.401,30.401,30.401,30.401,30.401,30.401,30.401,30.401,30.401,30.401,30.401,30.401,30.401,30.401,30.401,30.401,30.401,30.401,30.401,30.401,30.401,2.30062,2.16909,2.04508,1.92816,1.81792,1.71399,1.616,1.52361,1.4365,1.35438,1.27695,1.20394,1.13511,1.07022,1.00903,0.951346,0.896957,0.845676,0.797329,0.751744,0.708767
0.983182,30.401,30.401,30.401,30.401,30.401,30.401,30.401,30.401,30.401,30.401,30.401,30.401,30.401,30.401,30.401,30.401,30.401,30.401,30.401,30.401,30.401,30.401,30.401,30.401,30.401,30.401,30.401,30.401,30.401,30.401,30.401,30.401,30.401,30.401,30.401,30.401,30.401,30.401,30.401,30.401,30.401,30.401,30.401,30.401,30.401,30.401,30.401,30.401,30.401,30.401,30.401,30.401,30.401,30.401,30.401,30.401,30.401,30.401,30.401,30.401,30.401,30.401,30.401,30.401,30.401,30.401,30.401,30.401,30.401,30.401,2.32491,2.192,2.06668,1.94853,1.83712,1.73209,1.63307,1.53971,1.45168,1.36868,1.29043,1.21666,1.1471,1.08152,1.01969,0.961394,0.90643,0.854608,0.80575,0.759684,0.716252
0.9837,30.401,30.401,30.401,30.401,30.401,30.401,30.401,30.401,30.401,30.401,30.401,30.401,30.401,30.401,30.401,30.401,30.401,30.401,30.401,30.401,30.401,30.401,30.401,30.401,30.401,30.401,30.401,30.401,30.401,30.401,30.401,30.401,30.401,30.401,30.401,30.401,30.401,30.401,30.401,30.401,30.401,30.401,30.401,30.401,30.401,30.401,30.401,30.401,30.401,30.401,30.401,30.401,30.401,30.401,30.401,30.401,30.401,30.401,30.401,30.401,30.401,30.401,30.401,30.401,30.401,30.401,30.401,30.401,30.401,30.401,30.401,2.21515,2.08851,1.96911,1.85652,1.75039,1.65032,1.55597,1.46701,1.38314,1.30406,1.22951,1.15922,1.09294,1.03046,0.971549,0.916004,0.863635,0.814261,0.767708,0.723818
0.984202,30.401,30.401,30.401,30.401,30.401,30.401,30.401,30.401,30.401,30.401,30.401,30.401,30.401,30.401,30.401,30.401,30.401,30.401,30.401,30.401,30.401,30.401,30.401,30.401,30.401,30.401,30.401,30.401,30.401,30.401,30.401,30.401,30.401,30.401,30.401,30.401,30.401,30.401,30.401,30.401,30.401,30.401,30.401,30.401,30.401,30.401,30.401,30.401,30.401,30.401,30.401,30.401,30.401,30.401,30.401,30.401,30.401,30.401,30.401,30.401,30.401,30.401,30.401,30.401,30.401,30.401,30.401,30.401,30.401,30.401,30.401,2.23856,2.11058,1.98992,1.87614,1.76888,1.66776,1.57241,1.48251,1.39776,1.31784,1.2425,1.17147,1.10449,1.04135,0.981815,0.925684,0.872761,0.822865,0.775821,0.731467
0.984689,30.401,30.401,30.401,30.401,30.401,30.401,30.401,30.401,30.401,30.401,30.401,30.401,30.401,30.401,30.401,30.401,30.401,30.401,30.401,30.401,30.401,30.401,30.401,30.401,30.401,30.401,30.401,30.401,30.401,30.401,30.401,30.401,30.401,30.401,30.401,30.401,30.401,30.401,30.401,30.401,30.401,30.401,30.401,30.401,30.401,30.401,30.401,30.401,30.401,30.401,30.401,30.401,30.401,30.401,30.401,30.401,30.401,30.401,30.401,30.401,30.401,30.401,30.401,30.401,30.401,30.401,30.401,30.401,30.401,30.401,30.401,30.401,2.13289,2.01095,1.89597,1.78758,1.68539,1.58903,1.49818,1.41253,1.33177,1.25564,1.18385,1.11617,1.05236,0.992194,0.935469,0.881987,0.831564,0.784022,0.739199
0.985161,30.401,30.401,30.401,30.401,30.401,30.401,30.401,30.401,30.401,30.401,30.401,30.401,30.401,30.401,30.401,30.401,30.401,30.401,30.401,30.401,30.401,30.401,30.401,30.401,30.401,30.401,30.401,30.401,30.401,30.401,30.401,30.401,30.401,30.401,30.401,30.401,30.401,30.401,30.401,30.401,30.401,30.401,30.401,30.401,30.401,30.401,30.401,30.401,30.401,30.401,30.401,30.401,30.401,30.401,30.401,30.401,30.401,30.401,30.401,30.401,30.401,30.401,30.401,30.401,30.401,30.401,30.401,30.401,30.401,30.401,30.401,30.401,2.15544,2.03222,1.91602,1.80649,1.70321,1.60584,1.51403,1.42747,1.34586,1.26891,1.19637,1.12797,1.06349,1.00269,0.945362,0.891314,0.840357,0.792313,0.747016
0.985619,30.401,30.401,30.401,30.401,30.401,30.401,30.401,30.401,30.401,30.401,30.401,30.401,30.401,30.401,30.401,30.401,30.401,30.401,30.401,30.401,30.401,30.401,30.401,30.401,30.401,30.401,30.401,30.401,30.401,30.401,30.401,30.401,30.401,30.401,30.401,30.401,30.401,30.401,30.401,30.401,30.401,30.401,30.401,30.401,30.401,30.401,30.401,30.401,30.401,30.401,30.401,30.401,30.401,30.401,30.401,30.401,30.401,30.401,30.401,30.401,30.401,30.401,30.401,30.401,30.401,30.401,30.401,30.401,30.401,30.401,30.401,30.401,30.401,2.05372,1.9363,1.8256,1.72123,1.62283,1.53005,1.44257,1.3601,1.28234,1.20903,1.13991,1.07474,1.0133,0.955364,0.900745,0.849249,0.800696,0.75492
0.986063,30.401,30.401,30.401,30.401,30.401,30.401,30.401,30.401,30.401,30.401,30.401,30.401,30.401,30.401,30.401,30.401,30.401,30.401,30.401,30.401,30.401,30.401,30.401,30.401,30.401,30.401,30.401,30.401,30.401,30.401,30.401,30.401,30.401,30.401,30.401,30.401,30.401,30.401,30.401,30.401,30.401,30.401,30.401,30.401,30.401,30.401,30.401,30.401,30.401,30.401,30.401,30.401,30.401,30.401,30.401,30.401,30.401,30.401,30.401,30.401,30.401,30.401,30.401,30.401,30.401,30.401,30.401,30.401,30.401,30.401,30.401,30.401,30.401,2.07545,1.95679,1.84492,1.73945,1.64,1.54624,1.45784,1.37449,1.29591,1.22182,1.15197,1.08611,1.02402,0.965476,0.910278,0.858237,0.80917,0.76291
0.986493,30.401,30.401,30.401,30.401,30.401,30.401,30.401,30.401,30.401,30.401,30.401,30.401,30.401,30.401,30.401,30.401,30.401,30.401,30.401,30.401,30.401,30.401,30.401,30.401,30.401,30.401,30.401,30.401,30.401,30.401,30.401,30.401,30.401,30.401,30.401,30.401,30.401,30.401,30.401,30.401,30.401,30.401,30.401,30.401,30.401,30.401,30.401,30.401,30.401,30.401,30.401,30.401,30.401,30.401,30.401,30.401,30.401,30.401,30.401,30.401,30.401,30.401,30.401,30.401,30.401,30.401,30.401,30.401,30.401,30.401,30.401,30.401,30.401,30.401,1.97752,1.86446,1.75787,1.65737,1.56262,1.47328,1.38905,1.30964,1.23476,1.16417,1.09762,1.03487,0.975701,0.919919,0.867327,0.817741,0.77099
0.986911,30.401,30.401,30.401,30.401,30.401,30.401,30.401,30.401,30.401,30.401,30.401,30.401,30.401,30.401,30.401,30.401,30.401,30.401,30.401,30.401,30.401,30.401,30.401,30.401,30.401,30.401,30.401,30.401,30.401,30.401,30.401,30.401,30.401,30.401,30.401,30.401,30.401,30.401,30.401,30.401,30.401,30.401,30.401,30.401,30.401,30.401,30.401,30.401,30.401,30.401,30.401,30.401,30.401,30.401,30.401,30.401,30.401,30.401,30.401,30.401,30.401,30.401,30.401,30.401,30.401,30.401,30.401,30.401,30.401,30.401,30.401,30.401,30.401,30.401,1.99847,1.88422,1.7765,1.67494,1.57918,1.4889,1.40377,1.32352,1.24785,1.17651,1.10925,1.04583,0.986041,0.929668,0.876519,0.826407,0.779161
0.987316,30.401,30.401,30.401,30.401,30.401,30.401,30.401,30.401,30.401,30.401,30.401,30.401,30.401,30.401,30.401,30.401,30.401,30.401,30.401,30.401,30.401,30.401,30.401,30.401,30.401,30.401,30.401,30.401,30.401,30.401,30.401,30.401,30.401,30.401,30.401,30.401,30.401,30.401,30.401,30.401,30.401,30.401,30.401,30.401,30.401,30.401,30.401,30.401,30.401,30.401,30.401,30.401,30.401,30.401,30.401,30.401,30.401,30.401,30.401,30.401,30.401,30.401,30.401,30.401,30.401,30.401,30.401,30.401,30.401,30.401,30.401,30.401,30.401,30.401,30.401,1.9042,1.79534,1.6927,1.59592,1.50468,1.41866,1.33755,1.26108,1.18899,1.12101,1.05692,0.996497,0.939526,0.885813,0.83517,0.787423
0.987709,30.401,30.401,30.401,30.401,30.401,30.401,30.401,30.401,30.401,30.401,30.401,30.401,30.401,30.401,30.401,30.401,30.401,30.401,30.401,30.401,30.401,30.401,30.401,30.401,30.401,30.401,30.401,30.401,30.401,30.401,30.401,30.401,30.401,30.401,30.401,30.401,30.401,30.401,30.401,30.401,30.401,30.401,30.401,30.401,30.401,30.401,30.401,30.401,30.401,30.401,30.401,30.401,30.401,30.401,30.401,30.401,30.401,30.401,30.401,30.401,30.401,30.401,30.401,30.401,30.401,30.401,30.401,30.401,30.401,30.401,30.401,30.401,30.401,30.401,30.401,1.92441,1.81439,1.71066,1.61286,1.52065,1.43371,1.35174,1.27446,1.2016,1.13291,1.06814,1.00707,0.949495,0.895212,0.844032,0.795778
0.98809,30.401,30.401,30.401,30.401,30.401,30.401,30.401,30.401,30.401,30.401,30.401,30.401,30.401,30.401,30.401,30.401,30.401,30.401,30.401,30.401,30.401,30.401,30.401,30.401,30.401,30.401,30.401,30.401,30.401,30.401,30.401,30.401,30.401,30.401,30.401,30.401,30.401,30.401,30.401,30.401,30.401,30.401,30.401,30.401,30.401,30.401,30.401,30.401,30.401,30.401,30.401,30.401,30.401,30.401,30.401,30.401,30.401,30.401,30.401,30.401,30.401,30.401,30.401,30.401,30.401,30.401,30.401,30.401,30.401,30.401,30.401,30.401,30.401,30.401,30.401,30.401,1.83366,1.72883,1.62998,1.5368,1.44894,1.3661,1.288,1.21436,1.14494,1.07948,1.01777,0.959578,0.904719,0.852995,0.804229
0.98846,30.401,30.401,30.401,30.401,30.401,30.401,30.401,30.401,30.401,30.401,30.401,30.401,30.401,30.401,30.401,30.401,30.401,30.401,30.401,30.401,30.401,30.401,30.401,30.401,30.401,30.401,30.401,30.401,30.401,30.401,30.401,30.401,30.401,30.401,30.401,30.401,30.401,30.401,30.401,30.401,30.401,30.401,30.401,30.401,30.401,30.401,30.401,30.401,30.401,30.401,30.401,30.401,30.401,30.401,30.401,30.401,30.401,30.401,30.401,30.401,30.401,30.401,30.401,30.401,30.401,30.401,30.401,30.401,30.401,30.401,30.401,30.401,30.401,30.401,30.401,30.401,30.401,1.7472,1.6473,1.55313,1.46433,1.38062,1.30168,1.22727,1.1571,1.09095,1.02858,0.969775,0.914333,0.862059,0.812775
0.988818,30.401,30.401,30.401,30.401,30.401,30.401,30.401,30.401,30.401,30.401,30.401,30.401,30.401,30.401,30.401,30.401,30.401,30.401,30.401,30.401,30.401,30.401,30.401,30.401,30.401,30.401,30.401,30.401,30.401,30.401,30.401,30.401,30.401,30.401,30.401,30.401,30.401,30.401,30.401,30.401,30.401,30.401,30.401,30.401,30.401,30.401,30.401,30.401,30.401,30.401,30.401,30.401,30.401,30.401,30.401,30.401,30.401,30.401,30.401,30.401,30.401,30.401,30.401,30.401,30.401,30.401,30.401,30.401,30.401,30.401,30.401,30.401,30.401,30.401,30.401,30.401,30.401,1.76578,1.66482,1.56965,1.47991,1.3953,1.31553,1.24032,1.16941,1.10255,1.03952,0.980089,0.924057,0.871227,0.821419
0.989166,30.401,30.401,30.401,30.401,30.401,30.401,30.401,30.401,30.401,30.401,30.401,30.401,30.401,30.401,30.401,30.401,30.401,30.401,30.401,30.401,30.401,30.401,30.401,30.401,30.401,30.401,30.401,30.401,30.401,30.401,30.401,30.401,30.401,30.401,30.401,30.401,30.401,30.401,30.401,30.401,30.401,30.401,30.401,30.401,30.401,30.401,30.401,30.401,30.401,30.401,30.401,30.401,30.401,30.401,30.401,30.401,30.401,30.401,30.401,30.401,30.401,30.401,30.401,30.401,30.401,30.401,30.401,30.401,30.401,30.401,30.401,30.401,30.401,30.401,30.401,30.401,30.401,30.401,1.68254,1.58635,1.49566,1.41015,1.32953,1.25352,1.18186,1.11429,1.05058,0.990521,0.933893,0.880501,0.830162
0.989503,30.401,30.401,30.401,30.401,30.401,30.401,30.401,30.401,30.401,30.401,30.401,30.401,30.401,30.401,30.401,30.401,30.401,30.401,30.401,30.401,30.401,30.401,30.401,30.401,30.401,30.401,30.401,30.401,30.401,30.401,30.401,30.401,30.401,30.401,30.401,30.401,30.401,30.401,30.401,30.401,30.401,30.401,30.401,30.401,30.401,30.401,30.401,30.401,30.401,30.401,30.401,30.401,30.401,30.401,30.401,30.401,30.401,30.401,30.401,30.401,30.401,30.401,30.401,30.401,30.401,30.401,30.401,30.401,30.401,30.401,30.401,30.401,30.401,30.401,30.401,30.401,30.401,30.401,1.70047,1.60325,1.51159,1.42517,1.34369,1.26687,1.19445,1.12616,1.06178,1.00107,0.943842,0.889881,0.839006
0.98983,30.401,30.401,30.401,30.401,30.401,30.401,30.401,30.401,30.401,30.401,30.401,30.401,30.401,30.401,30.401,30.401,30.401,30.401,30.401,30.401,30.401,30.401,30.401,30.401,30.401,30.401,30.401,30.401,30.401,30.401,30.401,30.401,30.401,30.401,30.401,30.401,30.401,30.401,30.401,30.401,30.401,30.401,30.401,30.401,30.401,30.401,30.401,30.401,30.401,30.401,30.401,30.401,30.401,30.401,30.401,30.401,30.401,30.401,30.401,30.401,30.401,30.401,30.401,30.401,30.401,30.401,30.401,30.401,30.401,30.401,30.401,30.401,30.401,30.401,30.401,30.401,30.401,30.401,30.401,1.62035,1.52771,1.44037,1.35802,1.28038,1.20718,1.13817,1.0731,1.01175,0.953906,0.89937,0.847953
0.990147,30.401,30.401,30.401,30.401,30.401,30.401,30.401,30.401,30.401,30.401,30.401,30.401,30.401,30.401,30.401,30.401,30.401,30.401,30.401,30.401,30.401,30.401,30.401,30.401,30.401,30.401,30.401,30.401,30.401,30.401,30.401,30.401,30.401,30.401,30.401,30.401,30.401,30.401,30.401,30.401,30.401,30.401,30.401,30.401,30.401,30.401,30.401,30.401,30.401,30.401,30.401,30.401,30.401,30.401,30.401,30.401,30.401,30.401,30.401,30.401,30.401,30.401,30.401,30.401,30.401,30.401,30.401,30.401,30.401,30.401,30.401,30.401,30.401,30.401,30.401,30.401,30.401,30.401,30.401,1.63764,1.54402,1.45574,1.37252,1.29405,1.22007,1.15032,1.08455,1.02255,0.964087,0.908969,0.857002
0.990455,30.401,30.401,30.401,30.401,30.401,30.401,30.401,30.401,30.401,30.401,30.401,30.401,30.401,30.401,30.401,30.401,30.401,30.401,30.401,30.401,30.401,30.401,30.401,30.401,30.401,30.401,30.401,30.401,30.401,30.401,30.401,30.401,30.401,30.401,30.401,30.401,30.401,30.401,30.401,30.401,30.401,30.401,30.401,30.401,30.401,30.401,30.401,30.401,30.401,30.401,30.401,30.401,30.401,30.401,30.401,30.401,30.401,30.401,30.401,30.401,30.401,30.401,30.401,30.401,30.401,30.401,30.401,30.401,30.401,30.401,30.401,30.401,30.401,30.401,30.401,30.401,30.401,30.401,30.401,30.401,1.56051,1.47129,1.38718,1.30787,1.2331,1.1626,1.09614,1.03347,0.974385,0.918677,0.866156
0.990753,30.401,30.401,30.401,30.401,30.401,30.401,30.401,30.401,30.401,30.401,30.401,30.401,30.401,30.401,30.401,30.401,30.401,30.401,30.401,30.401,30.401,30.401,30.401,30.401,30.401,30.401,30.401,30.401,30.401,30.401,30.401,30.401,30.401,30.401,30.401,30.401,30.401,30.401,30.401,30.401,30.401,30.401,30.401,30.401,30.401,30.401,30.401,30.401,30.401,30.401,30.401,30.401,30.401,30.401,30.401,30.401,30.401,30.401,30.401,30.401,30.401,30.401,30.401,30.401,30.401,30.401,30.401,30.401,30.401,30.401,30.401,30.401,30.401,30.401,30.401,30.401,30.401,30.401,30.401,30.401,1.5772,1.48703,1.40201,1.32186,1.24629,1.17504,1.10786,1.04452,0.984805,0.928502,0.875419
0.991043,30.401,30.401,30.401,30.401,30.401,30.401,30.401,30.401,30.401,30.401,30.401,30.401,30.401,30.401,30.401,30.401,30.401,30.401,30.401,30.401,30.401,30.401,30.401,30.401,30.401,30.401,30.401,30.401,30.401,30.401,30.401,30.401,30.401,30.401,30.401,30.401,30.401,30.401,30.401,30.401,30.401,30.401,30.401,30.401,30.401,30.401,30.401,30.401,30.401,30.401,30.401,30.401,30.401,30.401,30.401,30.401,30.401,30.401,30.401,30.401,30.401,30.401,30.401,30.401,30.401,30.401,30.401,30.401,30.401,30.401,30.401,30.401,30.401,30.401,30.401,30.401,30.401,30.401,30.401,30.401,30.401,1.50294,1.41701,1.336,1.25962,1.18761,1.11971,1.0557,0.995343,0.938437,0.884787
0.991323,30.401,30.401,30.401,30.401,30.401,30.401,30.401,30.401,30.401,30.401,30.401,30.401,30.401,30.401,30.401,30.401,30.401,30.401,30.401,30.401,30.401,30.401,30.401,30.401,30.401,30.401,30.401,30.401,30.401,30.401,30.401,30.401,30.401,30.401,30.401,30.401,30.401,30.401,30.401,30.401,30.401,30.401,30.401,30.401,30.401,30.401,30.401,30.401,30.401,30.401,30.401,30.401,30.401,30.401,30.401,30.401,30.401,30.401,30.401,30.401,30.401,30.401,30.401,30.401,30.401,30.401,30.401,30.401,30.401,30.401,30.401,30.401,30.401,30.401,30.401,30.401,30.401,30.401,30.401,30.401,30.401,1.51904,1.43219,1.35031,1.27312,1.20033,1.13171,1.06701,1.00601,0.948491,0.894265
0.991595,30.401,30.401,30.401,30.401,30.401,30.401,30.401,30.401,30.401,30.401,30.401,30.401,30.401,30.401,30.401,30.401,30.401,30.401,30.401,30.401,30.401,30.401,30.401,30.401,30.401,30.401,30.401,30.401,30.401,30.401,30.401,30.401,30.401,30.401,30.401,30.401,30.401,30.401,30.401,30.401,30.401,30.401,30.401,30.401,30.401,30.401,30.401,30.401,30.401,30.401,30.401,30.401,30.401,30.401,30.401,30.401,30.401,30.401,30.401,30.401,30.401,30.401,30.401,30.401,30.401,30.401,30.401,30.401,30.401,30.401,30.401,30.401,30.401,30.401,30.401,30.401,30.401,30.401,30.401,30.401,30.401,30.401,1.44755,1.3648,1.28677,1.2132,1.14384,1.07845,1.01679,0.958662,0.903855
0.991859,30.401,30.401,30.401,30.401,30.401,30.401,30.401,30.401,30.401,30.401,30.401,30.401,30.401,30.401,30.401,30.401,30.401,30.401,30.401,30.401,30.401,30.401,30.401,30.401,30.401,30.401,30.401,30.401,30.401,30.401,30.401,30.401,30.401,30.401,30.401,30.401,30.401,30.401,30.401,30.401,30.401,30.401,30.401,30.401,30.401,30.401,30.401,30.401,30.401,30.401,30.401,30.401,30.401,30.401,30.401,30.401,30.401,30.401,30.401,30.401,30.401,30.401,30.401,30.401,30.401,30.401,30.401,30.401,30.401,30.401,30.401,30.401,30.401,30.401,30.401,30.401,30.401,30.401,30.401,30.401,30.401,30.401,1.46309,1.37945,1.30058,1.22623,1.15612,1.09003,1.02771,0.968955,0.913559
0.992115,30.401,30.401,30.401,30.401,30.401,30.401,30.401,30.401,30.401,30.401,30.401,30.401,30.401,30.401,30.401,30.401,30.401,30.401,30.401,30.401,30.401,30.401,30.401,30.401,30.401,30.401,30.401,30.401,30.401,30.401,30.401,30.401,30.401,30.401,30.401,30.401,30.401,30.401,30.401,30.401,30.401,30.401,30.401,30.401,30.401,30.401,30.401,30.401,30.401,30.401,30.401,30.401,30.401,30.401,30.401,30.401,30.401,30.401,30.401,30.401,30.401,30.401,30.401,30.401,30.401,30.401,30.401,30.401,30.401,30.401,30.401,30.401,30.401,30.401,30.401,30.401,30.401,30.401,30.401,30.401,30.401,30.401,30.401,1.39427,1.31456,1.23941,1.16855,1.10174,1.03876,0.979368,0.923377
0.992363,30.401,30.401,30.401,30.401,30.401,30.401,30.401,30.401,30.401,30.401,30.401,30.401,30.401,30.401,30.401,30.401,30.401,30.401,30.401,30.401,30.401,30.401,30.401,30.401,30.401,30.401,30.401,30.401,30.401,30.401,30.401,30.401,30.401,30.401,30.401,30.401,30.401,30.401,30.401,30.401,30.401,30.401,30.401,30.401,30.401,30.401,30.401,30.401,30.401,30.401,30.401,30.401,30.401,30.401,30.401,30.401,30.401,30.401,30.401,30.401,30.401,30.401,30.401,30.401,30.401,30.401,30.401,30.401,30.401,30.401,30.401,30.401,30.401,30.401,30.401,30.401,30.401,30.401,30.401,30.401,30.401,30.401,30.401,1.40927,1.32871,1.25274,1.18112,1.1136,1.04993,0.989906,0.933313
0.992604,30.401,30.401,30.401,30.401,30.401,30.401,30.401,30.401,30.401,30.401,30.401,30.401,30.401,30.401,30.401,30.401,30.401,30.401,30.401,30.401,30.401,30.401,30.401,30.401,30.401,30.401,30.401,30.401,30.401,30.401,30.401,30.401,30.401,30.401,30.401,30.401,30.401,30.401,30.401,30.401,30.401,30.401,30.401,30.401,30.401,30.401,30.401,30.401,30.401,30.401,30.401,30.401,30.401,30.401,30.401,30.401,30.401,30.401,30.401,30.401,30.401,30.401,30.401,30.401,30.401,30.401,30.401,30.401,30.401,30.401,30.401,30.401,30.401,30.401,30.401,30.401,30.401,30.401,30.401,30.401,30.401,30.401,30.401,30.401,1.34302,1.26623,1.19384,1.12559,1.06124,1.00057,0.943364
0.992837,30.401,30.401,30.401,30.401,30.401,30.401,30.401,30.401,30.401,30.401,30.401,30.401,30.401,30.401,30.401,30.401,30.401,30.401,30.401,30.401,30.401,30.401,30.401,30.401,30.401,30.401,30.401,30.401,30.401,30.401,30.401,30.401,30.401,30.401,30.401,30.401,30.401,30.401,30.401,30.401,30.401,30.401,30.401,30.401,30.401,30.401,30.401,30.401,30.401,30.401,30.401,30.401,30.401,30.401,30.401,30.401,30.401,30.401,30.401,30.401,30.401,30.401,30.401,30.401,30.401,30.401,30.401,30.401,30.401,30.401,30.401,30.401,30.401,30.401,30.401,30.401,30.401,30.401,30.401,30.401,30.401,30.401,30.401,30.401,1.3575,1.27989,1.20671,1.13772,1.07268,1.01135,0.953534
0.993063,30.401,30.401,30.401,30.401,30.401,30.401,30.401,30.401,30.401,30.401,30.401,30.401,30.401,30.401,30.401,30.401,30.401,30.401,30.401,30.401,30.401,30.401,30.401,30.401,30.401,30.401,30.401,30.401,30.401,30.401,30.401,30.401,30.401,30.401,30.401,30.401,30.401,30.401,30.401,30.401,30.401,30.401,30.401,30.401,30.401,30.401,30.401,30.401,30.401,30.401,30.401,30.401,30.401,30.401,30.401,30.401,30.401,30.401,30.401,30.401,30.401,30.401,30.401,30.401,30.401,30.401,30.401,30.401,30.401,30.401,30.401,30.401,30.401,30.401,30.401,30.401,30.401,30.401,30.401,30.401,30.401,30.401,30.401,30.401,30.401,1.2937,1.21974,1.15,1.08426,1.02227,0.963825
0.993283,30.401,30.401,30.401,30.401,30.401,30.401,30.401,30.401,30.401,30.401,30.401,30.401,30.401,30.401,30.401,30.401,30.401,30.401,30.401,30.401,30.401,30.401,30.401,30.401,30.401,30.401,30.401,30.401,30.401,30.401,30.401,30.401,30.401,30.401,30.401,30.401,30.401,30.401,30.401,30.401,30.401,30.401,30.401,30.401,30.401,30.401,30.401,30.401,30.401,30.401,30.401,30.401,30.401,30.401,30.401,30.401,30.401,30.401,30.401,30.401,30.401,30.401,30.401,30.401,30.401,30.401,30.401,30.401,30.401,30.401,30.401,30.401,30.401,30.401,30.401,30.401,30.401,30.401,30.401,30.401,30.401,30.401,30.401,30.401,30.401,1.30768,1.23291,1.16243,1.09597,1.03331,0.974237
0.993495,30.401,30.401,30.401,30.401,30.401,30.401,30.401,30.401,30.401,30.401,30.401,30.401,30.401,30.401,30.401,30.401,30.401,30.401,30.401,30.401,30.401,30.401,30.401,30.401,30.401,30.401,30.401,30.401,30.401,30.401,30.401,30.401,30.401,30.401,30.401,30.401,30.401,30.401,30.401,30.401,30.401,30.401,30.401,30.401,30.401,30.401,30.401,30.401,30.401,30.401,30.401,30.401,30.401,30.401,30.401,30.401,30.401,30.401,30.401,30.401,30.401,30.401,30.401,30.401,30.401,30.401,30.401,30.401,30.401,30.401,30.401,30.401,30.401,30.401,30.401,30.401,30.401,30.401,30.401,30.401,30.401,30.401,30.401,30.401,30.401,30.401,1.24625,1.175,1.10782,1.04449,0.984773
0.993702,30.401,30.401,30.401,30.401,30.401,30.401,30.401,30.401,30.401,30.401,30.401,30.401,30.401,30.401,30.401,30.401,30.401,30.401,30.401,30.401,30.401,30.401,30.401,30.401,30.401,30.401,30.401,30.401,30.401,30.401,30.401,30.401,30.401,30.401,30.401,30.401,30.401,30.401,30.401,30.401,30.401,30.401,30.401,30.401,30.401,30.401,30.401,30.401,30.401,30.401,30.401,30.401,30.401,30.401,30.401,30.401,30.401,30.401,30.401,30.401,30.401,30.401,30.401,30.401,30.401,30.401,30.401,30.401,30.401,30.401,30.401,30.401,30.401,30.401,30.401,30.401,30.401,30.401,30.401,30.401,30.401,30.401,30.401,30.401,30.401,30.401,1.25974,1.18772,1.11982,1.05579,0.995433
0.993901,30.401,30.401,30.401,30.401,30.401,30.401,30.401,30.401,30.401,30.401,30.401,30.401,30.401,30.401,30.401,30.401,30.401,30.401,30.401,30.401,30.401,30.401,30.401,30.401,30.401,30.401,30.401,30.401,30.401,30.401,30.401,30.401,30.401,30.401,30.401,30.401,30.401,30.401,30.401,30.401,30.401,30.401,30.401,30.401,30.401,30.401,30.401,30.401,30.401,30.401,30.401,30.401,30.401,30.401,30.401,30.401,30.401,30.401,30.401,30.401,30.401,30.401,30.401,30.401,30.401,30.401,30.401,30.401,30.401,30.401,30.401,30.401,30.401,30.401,30.401,30.401,30.401,30.401,30.401,30.401,30.401,30.401,30.401,30.401,30.401,30.401,30.401,1.20059,1.13195,1.06724,1.00622
0.994095,30.401,30.401,30.401,30.401,30.401,30.401,30.401,30.401,30.401,30.401,30.401,30.401,30.401,30.401,30.401,30.401,30.401,30.401,30.401,30.401,30.401,30.401,30.401,30.401,30.401,30.401,30.401,30.401,30.401,30.401,30.401,30.401,30.401,30.401,30.401,30.401,30.401,30.401,30.401,30.401,30.401,30.401,30.401,30.401,30.401,30.401,30.401,30.401,30.401,30.401,30.401,30.401,30.401,30.401,30.401,30.401,30.401,30.401,30.401,30.401,30.401,30.401,30.401,30.401,30.401,30.401,30.401,30.401,30.401,30.401,30.401,30.401,30.401,30.401,30.401,30.401,30.401,30.401,30.401,30.401,30.401,30.401,30.401,30.401,30.401,30.401,30.401,30.401,1.14423,1.07881,1.01714
0.994283,30.401,30.401,30.401,30.401,30.401,30.401,30.401,30.401,30.401,30.401,30.401,30.401,30.401,30.401,30.401,30.401,30.401,30.401,30.401,30.401,30.401,30.401,30.401,30.401,30.401,30.401,30.401,30.401,30.401,30.401,30.401,30.401,30.401,30.401,30.401,30.401,30.401,30.401,30.401,30.401,30.401,30.401,30.401,30.401,30.401,30.401,30.401,30.401,30.401,30.401,30.401,30.401,30.401,30.401,30.401,30.401,30.401,30.401,30.401,30.401,30.401,30.401,30.401,30.401,30.401,30.401,30.401,30.401,30.401,30.401,30.401,30.401,30.401,30.401,30.401,30.401,30.401,30.401,30.401,30.401,30.401,30.401,30.401,30.401,30.401,30.401,30.401,30.401,1.15666,1.09053,1.02818
0.994465,30.401,30.401,30.401,30.401,30.401,30.401,30.401,30.401,30.401,30.401,30.401,30.401,30.401,30.401,30.401,30.401,30.401,30.401,30.401,30.401,30.401,30.401,30.401,30.401,30.401,30.401,30.401,30.401,30.401,30.401,30.401,30.401,30.401,30.401,30.401,30.401,30.401,30.401,30.401,30.401,30.401,30.401,30.401,30.401,30.401,30.401,30.401,30.401,30.401,30.401,30.401,30.401,30.401,30.401,30.401,30.401,30.401,30.401,30.401,30.401,30.401,30.401,30.401,30.401,30.401,30.401,30.401,30.401,30.401,30.401,30.401,30.401,30.401,30.401,30.401,30.401,30.401,30.401,30.401,30.401,30.401,30.401,30.401,30.401,30.401,30.401,30.401,30.401,30.401,1.10238,1.03936
0.994641,30.401,30.401,30.401,30.401,30.401,30.401,30.401,30.401,30.401,30.401,30.401,30.401,30.401,30.401,30.401,30.401,30.401,30.401,30.401,30.401,30.401,30.401,30.401,30.401,30.401,30.401,30.401,30.401,30.401,30.401,30.401,30.401,30.401,30.401,30.401,30.401,30.401,30.401,30.401,30.401,30.401,30.401,30.401,30.401,30.401,30.401,30.401,30.401,30.401,30.401,30.401,30.401,30.401,30.401,30.401,30.401,30.401,30.401,30.401,30.401,30.401,30.401,30.401,30.401,30.401,30.401,30.401,30.401,30.401,30.401,30.401,30.401,30.401,30.401,30.401,30.401,30.401,30.401,30.401,30.401,30.401,30.401,30.401,30.401,30.401,30.401,30.401,30.401,30.401,1.11437,1.05066
0.994812,30.401,30.401,30.401,30.401,30.401,30.401,30.401,30.401,30.401,30.401,30.401,30.401,30.401,30.401,30.401,30.401,30.401,30.401,30.401,30.401,30.401,30.401,30.401,30.401,30.401,30.401,30.401,30.401,30.401,30.401,30.401,30.401,30.401,30.401,30.401,30.401,30.401,30.401,30.401,30.401,30.401,30.401,30.401,30.401,30.401,30.401,30.401,30.401,30.401,30.401,30.401,30.401,30.401,30.401,30.401,30.401,30.401,30.401,30.401,30.401,30.401,30.401,30.401,30.401,30.401,30.401,30.401,30.401,30.401,30.401,30.401,30.401,30.401,30.401,30.401,30.401,30.401,30.401,30.401,30.401,30.401,30.401,30.401,30.401,30.401,30.401,30.401,30.401,30.401,30.401,1.0621
0.994977,30.401,30.401,30.401,30.401,30.401,30.401,30.401,30.401,30.401,30.401,30.401,30.401,30.401,30.401,30.401,30.401,30.401,30.401,30.401,30.401,30.401,30.401,30.401,30.401,30.401,30.401,30.401,30.401,30.401,30.401,30.401,30.401,30.401,30.401,30.401,30.401,30.401,30.401,30.401,30.401,30.401,30.401,30.401,30.401,30.401,30.401,30.401,30.401,30.401,30.401,30.401,30.401,30.401,30.401,30.401,30.401,30.401,30.401,30.401,30.401,30.401,30.401,30.401,30.401,30.401,30.401,30.401,30.401,30.401,30.401,30.401,30.401,30.401,30.401,30.401,30.401,30.401,30.401,30.401,30.401,30.401,30.401,30.401,30.401,30.401,30.401,30.401,30.401,30.401,30.401,1.07367
0.995138,30.401,30.401,30.401,30.401,30.401,30.401,30.401,30.401,30.401,30.401,30.401,30.401,30.401,30.401,30.401,30.401,30.401,30.401,30.401,30.401,30.401,30.401,30.401,30.401,30.401,30.401,30.401,30.401,30.401,30.401,30.401,30.401,30.401,30.401,30.401,30.401,30.401,30.401,30.401,30.401,30.401,30.401,30.401,30.401,30.401,30.401,30.401,30.401,30.401,30.401,30.401,30.401,30.401,30.401,30.401,30.401,30.401,30.401,30.401,30.401,30.401,30.401,30.401,30.401,30.401,30.401,30.401,30.401,30.401,30.401,30.401,30.401,30.401,30.401,30.401,30.401,30.401,30.401,30.401,30.401,30.401,30.401,30.401,30.401,30.401,30.401,30.401,30.401,30.401,30.401,30.401
0.995293,30.401,30.401,30.401,30.401,30.401,30.401,30.401,30.401,30.401,30.401,30.401,30.401,30.401,30.401,30.401,30.401,30.401,30.401,30.401,30.401,30.401,30.401,30.401,30.401,30.401,30.401,30.401,30.401,30.401,30.401,30.401,30.401,30.401,30.401,30.401,30.401,30.401,30.401,30.401,30.401,30.401,30.401,30.401,30.401,30.401,30.401,30.401,30.401,30.401,30.401,30.401,30.401,30.401,30.401,30.401,30.401,30.401,30.401,30.401,30.401,30.401,30.401,30.401,30.401,30.401,30.401,30.401,30.401,30.401,30.401,30.401,30.401,30.401,30.401,30.401,30.401,30.401,30.401,30.401,30.401,30.401,30.401,30.401,30.401,30.401,30.401,30.401,30.401,30.401,30.401,30.401
0.995444,30.401,30.401,30.401,30.401,30.401,30.401,30.401,30.401,30.401,30.401,30.401,30.401,30.401,30.401,30.401,30.401,30.401,30.401,30.401,30.401,30.401,30.401,30.401,30.401,30.401,30.401,30.401,30.401,30.401,30.401,30.401,30.401,30.401,30.401,30.401,30.401,30.401,30.401,30.401,30.401,30.401,30.401,30.401,30.401,30.401,30.401,30.401,30.401,30.401,30.401,30.401,30.401,30.401,30.401,30.401,30.401,30.401,30.401,30.401,30.401,30.401,30.401,30.401,30.401,30.401,30.401,30.401,30.401,30.401,30.401,30.401,30.401,30.401,30.401,30.401,30.401,30.401,30.401,30.401,30.401,30.401,30.401,30.401,30.401,30.401,30.401,30.401,30.401,30.401,30.401,30.401
0.99559,30.401,30.401,30.401,30.401,30.401,30.401,30.401,30.401,30.401,30.401,30.401,30.401,30.401,30.401,30.401,30.401,30.401,30.401,30.401,30.401,30.401,30.401,30.401,30.401,30.401,30.401,30.401,30.401,30.401,30.401,30.401,30.401,30.401,30.401,30.401,30.401,30.401,30.401,30.401,30.401,30.401,30.401,30.401,30.401,30.401,30.401,30.401,30.401,30.401,30.401,30.401,30.401,30.401,30.401,30.401,30.401,30.401,30.401,30.401,30.401,30.401,30.401,30.401,30.401,30.401,30.401,30.401,30.401,30.401,30.401,30.401,30.401,30.401,30.401,30.401,30.401,30.401,30.401,30.401,30.401,30.401,30.401,30.401,30.401,30.401,30.401,30.401,30.401,30.401,30.401,30.401
0.995731,30.401,30.401,30.401,30.401,30.401,30.401,30.401,30.401,30.401,30.401,30.401,30.401,30.401,30.401,30.401,30.401,30.401,30.401,30.401,30.401,30.401,30.401,30.401,30.401,30.401,30.401,30.401,30.401,30.401,30.401,30.401,30.401,30.401,30.401,30.401,30.401,30.401,30.401,30.401,30.401,30.401,30.401,30.401,30.401,30.401,30.401,30.401,30.401,30.401,30.401,30.401,30.401,30.401,30.401,30.401,30.401,30.401,30.401,30.401,30.401,30.401,30.401,30.401,30.401,30.401,30.401,30.401,30.401,30.401,30.401,30.401,30.401,30.401,30.401,30.401,30.401,30.401,30.401,30.401,30.401,30.401,30.401,30.401,30.401,30.401,30.401,30.401,30.401,30.401,30.401,30.401
0.995868,30.401,30.401,30.401,30.401,30.401,30.401,30.401,30.401,30.401,30.401,30.401,30.401,30.401,30.401,30.401,30.401,30.401,30.401,30.401,30.401,30.401,30.401,30.401,30.401,30.401,30.401,30.401,30.401,30.401,30.401,30.401,30.401,30.401,30.401,30.401,30.401,30.401,30.401,30.401,30.401,30.401,30.401,30.401,30.401,30.401,30.401,30.401,30.401,30.401,30.401,30.401,30.401,30.401,30.401,30.401,30.401,30.401,30.401,30.401,30.401,30.401,30.401,30.401,30.401,30.401,30.401,30.401,30.401,30.401,30.401,30.401,30.401,30.401,30.401,30.401,30.401,30.401,30.401,30.401,30.401,30.401,30.401,30.401,30.401,30.401,30.401,30.401,30.401,30.401,30.401,30.401
