,1.00017,1.06058,1.12493,1.1932,1.26541,1.34226,1.42376,1.50991,1.60142,1.69865,1.8016,1.91098,2.0268,2.14976,2.27988,2.41822,2.56478,2.72027,2.88542,3.06022,3.24609,3.4427,3.65145,3.87308,4.10793,4.35672,4.62124,4.90113,5.19854,5.51382,5.84805,6.20265,6.57869,6.97762,7.40085,7.84946,8.3256,8.83033,9.36581,9.93381,10.5361,11.1749,11.8527,12.5712,13.3336,14.1422,14.9997,15.9091,16.8739,17.8969,18.9822,20.1332,21.3543,22.649,24.0224,25.479,27.024,28.6629,30.4009,32.2443,34.1996,36.2733,38.4727,40.8058,43.2802,45.9043,48.6878,51.6405,54.7718,58.093,61.6154,65.3516,69.3144,73.5174,77.9756,82.7037,87.7185,93.0375,98.6793,104.663,111.01,117.741,124.88,132.453,140.484,149.003,158.038,167.621,177.785,188.566,200
0.0438221,20.0988,18.954,17.8699,16.8474,15.886,14.9764,14.1191,13.3136,12.5528,11.8343,11.158,10.5194,9.91827,9.35094,8.81727,8.31287,7.83785,7.38982,6.96687,6.56892,6.19277,5.83912,5.50529,5.19027,4.89354,4.61409,4.34998,4.10157,3.86692,3.64581,3.43744,3.24093,3.05567,2.88097,2.71622,2.56098,2.41452,2.27651,2.14635,2.02363,1.90794,1.79888,1.69602,1.59908,1.50764,1.42144,1.34018,1.26357,1.19133,1.12323,1.05901,0.998465,0.941371,0.887558,0.836816,0.788975,0.74387,0.701335,0.661241,0.623438,0.587794,0.554191,0.522509,0.492633,0.464469,0.437918,0.412882,0.389275,0.36702,0.346037,0.326255,0.307603,0.290017,0.273436,0.257803,0.243064,0.229168,0.216067,0.203714,0.192067,0.181086,0.170734,0.160973,0.15177,0.143093,0.134912,0.127199,0.119927,0.113071,0.106606,0.100512
0.0484344,20.4067,19.2443,18.1436,17.1054,16.1293,15.2058,14.3354,13.5175,12.745,12.0155,11.3289,10.6805,10.0702,9.49415,8.95231,8.44018,7.95788,7.503,7.07356,6.66953,6.28761,5.92854,5.5896,5.26976,4.96848,4.68476,4.4166,4.16438,3.92614,3.70164,3.49009,3.29056,3.10247,2.92509,2.75782,2.6002,2.4515,2.31137,2.17922,2.05462,1.93716,1.82643,1.72199,1.62357,1.53073,1.44321,1.3607,1.28292,1.20957,1.14043,1.07523,1.01376,0.955788,0.901151,0.849632,0.801058,0.755262,0.712076,0.671368,0.632985,0.596795,0.562679,0.530511,0.500178,0.471583,0.444625,0.419205,0.395236,0.37264,0.351337,0.331251,0.312314,0.294458,0.277624,0.261751,0.246787,0.232678,0.219376,0.206833,0.195009,0.18386,0.173348,0.163438,0.154094,0.145284,0.136978,0.129147,0.121764,0.114802,0.108239,0.102051
0.0541086,30.401,19.5819,18.4619,17.4055,16.4123,15.4726,14.5869,13.7546,12.9687,12.2263,11.5277,10.8679,10.2468,9.66073,9.10938,8.58826,8.09751,7.63464,7.19767,6.78654,6.39793,6.03256,5.68768,5.36222,5.05566,4.76695,4.49409,4.23744,3.99502,3.76659,3.55132,3.34829,3.1569,2.97641,2.8062,2.64582,2.49451,2.35193,2.21746,2.09067,1.97115,1.85847,1.7522,1.65206,1.55759,1.46853,1.38458,1.30543,1.23079,1.16044,1.09409,1.03154,0.972557,0.916962,0.864539,0.815113,0.768513,0.724569,0.683147,0.644091,0.607266,0.572551,0.539819,0.508954,0.479857,0.452426,0.42656,0.402171,0.379178,0.357501,0.337063,0.317793,0.299625,0.282495,0.266343,0.251117,0.23676,0.223225,0.210462,0.19843,0.187086,0.17639,0.166305,0.156798,0.147834,0.139382,0.131413,0.1239,0.116817,0.110138,0.103841
0.0607628,30.401,19.9555,18.8141,17.7375,16.7254,15.7677,14.8651,14.017,13.216,12.4596,11.7476,11.0752,10.4423,9.845,9.28314,8.75208,8.25197,7.78027,7.33497,6.916,6.51997,6.14763,5.79617,5.4645,5.15209,4.85788,4.57982,4.31827,4.07123,3.83843,3.61906,3.41216,3.21712,3.03319,2.85973,2.69629,2.54209,2.39679,2.25976,2.13055,2.00875,1.89392,1.78563,1.68357,1.5873,1.49655,1.41099,1.33033,1.25427,1.18257,1.11496,1.05122,0.991109,0.934453,0.88103,0.830661,0.783173,0.738391,0.696178,0.656377,0.61885,0.583472,0.550116,0.518662,0.48901,0.461056,0.434697,0.409842,0.386411,0.36432,0.343493,0.323855,0.30534,0.287884,0.271424,0.255907,0.241277,0.227483,0.214477,0.202215,0.190654,0.179754,0.169478,0.159788,0.150653,0.14204,0.13392,0.126263,0.119045,0.112239,0.105822
0.0683276,30.401,30.401,19.1921,18.0939,17.0615,16.0846,15.1638,14.2987,13.4816,12.7099,11.9836,11.2977,10.6521,10.0428,9.46967,8.92794,8.41778,7.9366,7.48235,7.05496,6.65098,6.27116,5.91263,5.5743,5.25562,4.95549,4.67184,4.40504,4.15303,3.91556,3.69178,3.48072,3.28176,3.09414,2.91719,2.75047,2.59317,2.44495,2.30516,2.17336,2.04911,1.93198,1.82151,1.7174,1.61919,1.52662,1.43934,1.35707,1.27947,1.20633,1.13737,1.07234,1.01102,0.953229,0.898733,0.847352,0.798909,0.753227,0.710167,0.669566,0.631285,0.595196,0.561169,0.529084,0.498836,0.47032,0.443431,0.418077,0.394175,0.371641,0.350395,0.330363,0.311475,0.293668,0.276878,0.261049,0.246125,0.232054,0.218786,0.206279,0.194485,0.183366,0.172883,0.162999,0.153681,0.144895,0.136611,0.128801,0.121437,0.114494,0.107949
0.0767426,30.401,30.401,19.59,18.469,17.4151,16.418,15.4782,14.5951,13.7611,12.9734,12.2321,11.5319,10.8729,10.251,9.66598,9.11303,8.59228,8.10113,7.63747,7.20122,6.78886,6.40117,6.03521,5.68986,5.36457,5.05822,4.76869,4.49636,4.23913,3.99673,3.76831,3.55288,3.34979,3.15828,2.97767,2.80749,2.64693,2.49563,2.35295,2.21841,2.09159,1.97203,1.85927,1.753,1.65276,1.55826,1.46918,1.3852,1.306,1.23134,1.16094,1.09457,1.03198,0.97299,0.917364,0.864918,0.815471,0.768842,0.724889,0.683447,0.644372,0.607535,0.572803,0.540052,0.509177,0.48007,0.452624,0.426744,0.402347,0.379345,0.357659,0.337211,0.317932,0.299756,0.282618,0.26646,0.251227,0.236864,0.223322,0.210555,0.198517,0.187168,0.176467,0.166378,0.156866,0.147898,0.139443,0.131471,0.123954,0.116868,0.110186
0.085953,30.401,30.401,30.401,18.8584,17.7823,16.7641,15.8045,14.9027,14.0512,13.2469,12.4899,11.775,11.1021,10.4671,9.86974,9.30513,8.7734,8.2719,7.79846,7.35302,6.93197,6.5361,6.16243,5.8098,5.47765,5.16485,4.86921,4.59114,4.32849,4.08098,3.84775,3.62778,3.42041,3.22486,3.04044,2.86667,2.70273,2.54824,2.40255,2.26517,2.13568,2.0136,1.89846,1.78996,1.6876,1.59111,1.50015,1.4144,1.33353,1.2573,1.18542,1.11765,1.05374,0.9935,0.936702,0.88315,0.832661,0.785049,0.740169,0.697854,0.657955,0.620342,0.584877,0.551436,0.51991,0.49019,0.462165,0.43574,0.410828,0.387341,0.365198,0.34432,0.324634,0.306075,0.288575,0.272077,0.256523,0.241857,0.22803,0.214993,0.202702,0.191113,0.180187,0.169885,0.160173,0.151016,0.142382,0.134242,0.126567,0.119331,0.112509
0.0959082,30.401,30.401,30.401,19.2609,18.1619,17.122,16.1419,15.2209,14.3511,13.5297,12.7566,12.0264,11.3392,10.6906,10.0804,9.50378,8.9607,8.44849,7.96495,7.50999,7.07995,6.67564,6.29398,5.93383,5.59459,5.27511,4.97316,4.68916,4.42089,4.16811,3.92989,3.70522,3.49343,3.2937,3.10534,2.92787,2.76042,2.60264,2.45384,2.31353,2.18127,2.05659,1.93899,1.82817,1.72363,1.62508,1.53217,1.44459,1.362,1.28414,1.21072,1.14151,1.07623,1.01471,0.956699,0.902004,0.850437,0.801809,0.755971,0.712752,0.672001,0.633585,0.597364,0.563208,0.53101,0.500654,0.472031,0.445042,0.419599,0.395611,0.372994,0.35167,0.331565,0.312609,0.294736,0.277886,0.261999,0.247021,0.232898,0.219583,0.207029,0.195193,0.184034,0.173512,0.163593,0.15424,0.145422,0.137108,0.129269,0.121879,0.114911
0.10656,30.401,30.401,30.401,30.401,18.5504,17.4883,16.4872,15.5465,14.6581,13.8191,13.0294,12.2837,11.5817,10.9193,10.2961,9.70708,9.15239,8.62923,8.13533,7.67065,7.23141,6.81844,6.42863,6.06077,5.71427,5.38796,5.07955,4.78947,4.51547,4.25727,4.01396,3.78449,3.56816,3.36416,3.17177,2.9905,2.81948,2.65832,2.50633,2.36302,2.22794,2.10058,1.98047,1.86728,1.7605,1.65984,1.56495,1.4755,1.39113,1.31161,1.23662,1.16593,1.09926,1.03642,0.977165,0.9213,0.86863,0.818961,0.772143,0.727999,0.686377,0.647139,0.610142,0.575257,0.542369,0.511365,0.482129,0.454563,0.428575,0.404074,0.380974,0.359193,0.338658,0.319296,0.301041,0.28383,0.267604,0.252305,0.23788,0.22428,0.211458,0.199369,0.18797,0.177224,0.167092,0.157539,0.148533,0.140041,0.132035,0.124486,0.117369
0.11786,30.401,30.401,30.401,30.401,18.9471,17.8623,16.8398,15.879,14.9716,14.1146,13.3081,12.5463,11.8294,11.1528,10.5163,9.91468,9.34812,8.81377,8.30931,7.83469,7.38606,6.96426,6.56611,6.19038,5.83648,5.50318,5.18818,4.8919,4.61203,4.34832,4.0998,3.86542,3.64447,3.43611,3.23961,3.05446,2.87977,2.71517,2.55993,2.41356,2.27558,2.14551,2.02282,1.90721,1.79815,1.69534,1.59842,1.50705,1.42088,1.33966,1.26307,1.19086,1.12276,1.05858,0.998062,0.941003,0.887206,0.836475,0.788655,0.743568,0.701056,0.660978,0.623191,0.587559,0.553968,0.5223,0.49244,0.464284,0.43774,0.412715,0.389121,0.366875,0.3459,0.326125,0.307479,0.2899,0.273327,0.257701,0.242967,0.229077,0.21598,0.203632,0.19199,0.181014,0.170666,0.160909,0.151709,0.143036,0.134858,0.127148,0.119879
0.129763,30.401,30.401,30.401,30.401,30.401,18.243,17.1987,16.2174,15.2907,14.4155,13.5917,12.8138,12.0815,11.3905,10.7404,10.126,9.54737,9.00163,8.48642,8.00168,7.54348,7.1127,6.70606,6.32232,5.96087,5.62048,5.29876,4.99616,4.71033,4.441,4.18719,3.94781,3.72215,3.50934,3.30865,3.11956,2.94115,2.77304,2.61449,2.465,2.32408,2.19123,2.06594,1.94786,1.83648,1.73148,1.63249,1.53917,1.45117,1.36821,1.28999,1.21624,1.14669,1.08114,1.01934,0.961059,0.906116,0.854304,0.805465,0.759416,0.715998,0.675067,0.636474,0.600082,0.565775,0.533433,0.502936,0.47418,0.44707,0.421512,0.397415,0.374694,0.353273,0.333076,0.314032,0.296079,0.279153,0.263193,0.248146,0.233959,0.220583,0.207972,0.196082,0.184872,0.174303,0.164338,0.154943,0.146084,0.137733,0.129858,0.122434
0.142224,30.401,30.401,30.401,30.401,30.401,18.6302,17.5638,16.5617,15.6153,14.7215,13.8803,13.0858,12.338,11.6323,10.9684,10.3409,9.75003,9.19271,8.66656,8.17153,7.70361,7.26368,6.84841,6.45653,6.08741,5.73979,5.41124,5.10222,4.81032,4.53527,4.27607,4.03161,3.80116,3.58384,3.37889,3.18578,3.00359,2.8319,2.66999,2.51733,2.37342,2.23775,2.10979,1.98921,1.87546,1.76823,1.66714,1.57184,1.48197,1.39726,1.31737,1.24206,1.17104,1.10409,1.04097,0.98146,0.925351,0.872439,0.822563,0.775537,0.731197,0.689396,0.649984,0.61282,0.577785,0.544756,0.513612,0.484245,0.456561,0.430459,0.405851,0.382648,0.360772,0.340146,0.320698,0.302364,0.285078,0.26878,0.253413,0.238926,0.225266,0.212387,0.200245,0.188797,0.178003,0.167827,0.158232,0.149185,0.140657,0.132615,0.125033
0.155194,30.401,30.401,30.401,30.401,30.401,30.401,17.9342,16.911,15.9446,15.032,14.173,13.3618,12.5982,11.8776,11.1997,10.5591,9.95568,9.38659,8.84935,8.34388,7.86609,7.41688,6.99285,6.59271,6.2158,5.86085,5.52537,5.20983,4.91178,4.63092,4.36626,4.11664,3.88133,3.65943,3.45015,3.25297,3.06693,2.89163,2.72631,2.57042,2.42348,2.28495,2.15429,2.03116,1.91502,1.80552,1.7023,1.605,1.51323,1.42673,1.34516,1.26826,1.19573,1.12738,1.06293,1.00216,0.944867,0.89084,0.839912,0.791894,0.746619,0.703937,0.663693,0.625746,0.589972,0.556246,0.524445,0.494459,0.46619,0.439538,0.414411,0.390719,0.368381,0.34732,0.327462,0.308742,0.291091,0.274449,0.258758,0.243965,0.230017,0.216867,0.204468,0.192779,0.181758,0.171366,0.161569,0.152332,0.143623,0.135412,0.12767
0.16863,30.401,30.401,30.401,30.401,30.401,30.401,18.3099,17.2652,16.2786,15.3469,14.4699,13.6416,12.8621,12.1264,11.4343,10.7802,10.1642,9.58321,9.03472,8.51866,8.03086,7.57224,7.13933,6.7308,6.346,5.98361,5.64111,5.31896,5.01466,4.72792,4.45772,4.20287,3.96263,3.73608,3.52242,3.32111,3.13118,2.9522,2.78341,2.62426,2.47424,2.33281,2.19942,2.07371,1.95513,1.84334,1.73796,1.63862,1.54493,1.45661,1.37334,1.29482,1.22078,1.151,1.08519,1.02315,0.964659,0.9095,0.857505,0.808481,0.762258,0.718682,0.677595,0.638853,0.602329,0.567897,0.53543,0.504816,0.475955,0.448745,0.423091,0.398903,0.376097,0.354595,0.334322,0.315209,0.297188,0.280198,0.264178,0.249075,0.234835,0.221409,0.208751,0.196817,0.185565,0.174956,0.164953,0.155523,0.146632,0.138248,0.130345
0.182486,30.401,30.401,30.401,30.401,30.401,30.401,30.401,17.6242,16.6171,15.6659,14.7707,13.9253,13.1295,12.3785,11.6721,11.0044,10.3755,9.78246,9.22256,8.69577,8.19783,7.72967,7.28776,6.87074,6.47794,6.10802,5.75839,5.42955,5.11892,4.82622,4.5504,4.29025,4.04502,3.81375,3.59566,3.39016,3.19628,3.01358,2.84128,2.67882,2.52568,2.38131,2.24514,2.11682,1.99578,1.88167,1.77409,1.67268,1.57705,1.4869,1.40189,1.32174,1.24616,1.17493,1.10776,1.04442,0.984716,0.928409,0.875334,0.82529,0.778106,0.733624,0.691683,0.652135,0.614853,0.579705,0.546562,0.515312,0.485851,0.458075,0.431888,0.407197,0.383917,0.361968,0.341272,0.321762,0.303367,0.286024,0.269671,0.254254,0.239717,0.226013,0.213091,0.200909,0.189423,0.178593,0.168383,0.158756,0.14968,0.141123,0.133055
0.196716,30.401,30.401,30.401,30.401,30.401,30.401,30.401,17.9877,16.9599,15.9891,15.0754,14.2125,13.4004,12.6339,11.9129,11.2314,10.5896,9.98426,9.41282,8.87516,8.36695,7.88913,7.43811,7.01248,6.61158,6.23402,5.87719,5.54155,5.22452,4.92579,4.64427,4.37876,4.12846,3.89243,3.66983,3.4601,3.26221,3.07575,2.8999,2.73409,2.57779,2.43043,2.29146,2.16049,2.03695,1.92049,1.81069,1.70719,1.60958,1.51757,1.43081,1.34901,1.27187,1.19916,1.13061,1.06597,1.00503,0.947562,0.893391,0.842316,0.794158,0.748758,0.705952,0.665588,0.627537,0.591664,0.557837,0.525942,0.495874,0.467525,0.440797,0.415597,0.391837,0.369435,0.348313,0.3284,0.309626,0.291924,0.275234,0.259499,0.244663,0.230675,0.217487,0.205053,0.193331,0.182278,0.171857,0.162031,0.152768,0.144034,0.1358
0.211277,30.401,30.401,30.401,30.401,30.401,30.401,30.401,30.401,17.3069,16.3163,15.3839,14.5034,13.6746,12.8924,12.1566,11.4612,10.8063,10.1886,9.60543,9.05677,8.53816,8.05057,7.59031,7.15598,6.74687,6.36159,5.99745,5.65495,5.33143,5.02658,4.73931,4.46836,4.21294,3.97208,3.74493,3.5309,3.32897,3.13869,2.95924,2.79003,2.63054,2.48017,2.33835,2.2047,2.07863,1.95979,1.84774,1.74213,1.64252,1.54863,1.46009,1.37661,1.2979,1.2237,1.15374,1.08778,1.0256,0.966952,0.911673,0.859552,0.810409,0.76408,0.720398,0.679208,0.640378,0.603771,0.569253,0.536705,0.506021,0.477092,0.449817,0.424101,0.399855,0.376995,0.35544,0.33512,0.315961,0.297898,0.280866,0.264809,0.249669,0.235395,0.221938,0.209249,0.197287,0.186008,0.175373,0.165347,0.155894,0.146981,0.138578
0.226123,30.401,30.401,30.401,30.401,30.401,30.401,30.401,30.401,17.6582,16.6475,15.6962,14.7978,13.9522,13.1541,12.4034,11.6939,11.0256,10.3954,9.80041,9.24062,8.71148,8.21399,7.74439,7.30124,6.88383,6.49072,6.11919,5.76974,5.43966,5.12862,4.83551,4.55907,4.29846,4.05271,3.82095,3.60257,3.39655,3.2024,3.01931,2.84667,2.68393,2.53051,2.38582,2.24946,2.12083,1.99957,1.88525,1.77749,1.67586,1.58006,1.48973,1.40456,1.32424,1.24854,1.17716,1.10986,1.04641,0.98658,0.930179,0.877,0.826859,0.77959,0.735022,0.692996,0.653377,0.616027,0.580808,0.547599,0.516293,0.486776,0.458948,0.43271,0.407972,0.384648,0.362655,0.341923,0.322375,0.303945,0.286567,0.270185,0.254737,0.240174,0.226443,0.213497,0.201291,0.189783,0.178933,0.168703,0.159059,0.149965,0.141391
0.241213,30.401,30.401,30.401,30.401,30.401,30.401,30.401,30.401,30.401,16.9826,16.0122,15.0957,14.2331,13.4189,12.6531,11.9293,11.2476,10.6047,9.99771,9.42665,8.88685,8.37935,7.9003,7.44823,7.02241,6.62139,6.24238,5.8859,5.54917,5.23187,4.93286,4.65085,4.385,4.1343,3.89787,3.6751,3.46492,3.26687,3.08009,2.90398,2.73797,2.58146,2.43385,2.29474,2.16352,2.03982,1.9232,1.81327,1.7096,1.61187,1.51972,1.43283,1.3509,1.27368,1.20086,1.13221,1.06748,1.00644,0.948905,0.894656,0.843505,0.795285,0.749819,0.706947,0.666531,0.628428,0.5925,0.558623,0.526686,0.496576,0.468188,0.441421,0.416185,0.392391,0.369956,0.348806,0.328865,0.310064,0.292336,0.275624,0.259866,0.245009,0.231001,0.217795,0.205344,0.193604,0.182536,0.1721,0.162261,0.152984,0.144238
0.256505,30.401,30.401,30.401,30.401,30.401,30.401,30.401,30.401,30.401,17.3217,16.3319,15.3971,14.5173,13.6869,12.9058,12.1675,11.4722,10.8164,10.1973,9.61487,9.0643,8.54666,8.05804,7.59694,7.16262,6.7536,6.36702,6.00342,5.65997,5.33633,5.03135,4.74371,4.47255,4.21685,3.9757,3.74848,3.53411,3.3321,3.14159,2.96196,2.79263,2.633,2.48244,2.34056,2.20672,2.08055,1.96161,1.84948,1.74373,1.64405,1.55006,1.46144,1.37788,1.29911,1.22484,1.15481,1.08879,1.02654,0.967852,0.912519,0.860347,0.811164,0.764791,0.721062,0.679839,0.640976,0.604331,0.569777,0.537203,0.506491,0.477536,0.450235,0.424494,0.400226,0.377343,0.355771,0.335431,0.316255,0.298173,0.281127,0.265054,0.249901,0.235614,0.222144,0.209444,0.19747,0.18618,0.175536,0.165501,0.156039,0.147118
0.271958,30.401,30.401,30.401,30.401,30.401,30.401,30.401,30.401,30.401,30.401,16.6553,15.702,14.8047,13.9579,13.1613,12.4084,11.6994,11.0306,10.3993,9.80527,9.24379,8.71591,8.21761,7.74738,7.30446,6.88734,6.49311,6.1223,5.77205,5.442,5.13098,4.83765,4.56112,4.30035,4.05443,3.82271,3.60409,3.39809,3.20381,3.02062,2.84794,2.68514,2.5316,2.38691,2.25042,2.12175,2.00045,1.8861,1.77826,1.67661,1.58076,1.49038,1.40516,1.32484,1.24909,1.17768,1.11036,1.04687,0.987018,0.93059,0.877385,0.827227,0.779936,0.735341,0.693302,0.653669,0.616298,0.58106,0.547841,0.516521,0.486993,0.459151,0.432901,0.408152,0.384816,0.362816,0.342074,0.322517,0.304078,0.286694,0.270303,0.25485,0.24028,0.226543,0.213591,0.20138,0.189867,0.179012,0.168778,0.159129,0.150031
0.287533,30.401,30.401,30.401,30.401,30.401,30.401,30.401,30.401,30.401,30.401,16.9825,16.0104,15.0955,14.2321,13.4198,12.6521,11.9291,11.2473,10.6035,9.99785,9.42535,8.88709,8.37901,7.89955,7.44793,7.02261,6.62064,6.24255,5.88542,5.54889,5.23176,4.93266,4.65071,4.38482,4.13406,3.89779,3.67488,3.46483,3.26673,3.07994,2.90387,2.73788,2.58133,2.43379,2.29462,2.16343,2.03974,1.92315,1.81319,1.70954,1.6118,1.51966,1.43276,1.35086,1.27363,1.20081,1.13216,1.06743,1.0064,0.948867,0.894617,0.843475,0.795254,0.749784,0.706919,0.666508,0.628403,0.592473,0.558601,0.526666,0.496557,0.468169,0.441403,0.416168,0.392374,0.369942,0.348793,0.328852,0.31005,0.292325,0.275612,0.259855,0.244999,0.230992,0.217786,0.205335,0.193596,0.182528,0.172093,0.162254,0.152978
0.303193,30.401,30.401,30.401,30.401,30.401,30.401,30.401,30.401,30.401,30.401,30.401,16.3219,15.3892,14.509,13.6809,12.8983,12.1613,11.4661,10.8098,10.1924,9.60875,9.06002,8.54205,8.05326,7.59285,7.15926,6.74946,6.36402,5.99993,5.65686,5.33356,5.02864,4.7412,4.47014,4.2145,3.97363,3.74638,3.53224,3.33029,3.13987,2.96037,2.79115,2.63155,2.48115,2.33927,2.20552,2.07943,1.96057,1.84847,1.74281,1.64317,1.54923,1.46064,1.37714,1.29841,1.22418,1.15419,1.0882,1.02599,0.96733,0.912025,0.859887,0.810728,0.764373,0.720674,0.679477,0.64063,0.604001,0.56947,0.536914,0.506219,0.477279,0.449992,0.424266,0.400008,0.37714,0.355579,0.335251,0.316083,0.298013,0.280975,0.264911,0.249766,0.235487,0.222024,0.209331,0.197363,0.18608,0.175441,0.165411,0.155955
0.318902,30.401,30.401,30.401,30.401,30.401,30.401,30.401,30.401,30.401,30.401,30.401,16.6377,15.687,14.7897,13.9457,13.1479,12.3966,11.688,11.019,10.3896,9.79467,9.23532,8.70733,8.20908,7.73977,7.29778,6.88006,6.48716,6.11603,5.76631,5.43676,5.12594,4.83294,4.55663,4.29605,4.05052,3.81887,3.60059,3.39473,3.20063,3.01766,2.84516,2.68247,2.52916,2.38453,2.2482,2.11967,1.9985,1.88424,1.77653,1.67496,1.5792,1.4889,1.40379,1.32353,1.24787,1.17653,1.10925,1.04584,0.986047,0.929671,0.876525,0.826415,0.779163,0.734618,0.692624,0.653026,0.615688,0.580489,0.547302,0.516014,0.486514,0.458699,0.432475,0.407748,0.384438,0.36246,0.341738,0.322199,0.303779,0.286412,0.270037,0.254599,0.240043,0.22632,0.213381,0.201182,0.18968,0.178836,0.168612,0.158972
0.334628,30.401,30.401,30.401,30.401,30.401,30.401,30.401,30.401,30.401,30.401,30.401,30.401,15.9878,15.0733,14.213,13.3999,12.6342,11.912,11.2302,10.5888,9.98244,9.41237,8.87426,8.36646,7.88814,7.43769,7.01195,6.61152,6.23328,5.87686,5.54099,5.22421,4.92559,4.64398,4.37841,4.12817,3.89208,3.66962,3.45981,3.26198,3.07551,2.8997,2.7339,2.57764,2.43024,2.2913,2.1603,2.03682,1.92036,1.81058,1.70707,1.60948,1.51744,1.4307,1.34891,1.27179,1.19908,1.13052,1.06589,1.00495,0.947494,0.893329,0.842258,0.794101,0.748702,0.705902,0.665545,0.627491,0.591617,0.557795,0.525907,0.49584,0.467493,0.440766,0.415565,0.391808,0.369408,0.348289,0.328376,0.309603,0.291902,0.275214,0.25948,0.244645,0.230659,0.217472,0.205039,0.193316,0.182265,0.171844,0.16202
0.350337,30.401,30.401,30.401,30.401,30.401,30.401,30.401,30.401,30.401,30.401,30.401,30.401,16.2918,15.3599,14.4833,13.6548,12.8745,12.1386,11.4438,10.7902,10.1723,9.59139,9.04305,8.52558,8.03818,7.57915,7.14532,6.73727,6.35183,5.98864,5.64638,5.32358,5.01927,4.73231,4.46168,4.20669,3.96611,3.73941,3.52562,3.32403,3.134,2.95486,2.7859,2.62667,2.47647,2.33488,2.20139,2.07556,1.95688,1.84502,1.73954,1.64009,1.5463,1.45791,1.37456,1.29598,1.22189,1.15202,1.08616,1.02406,0.965515,0.91032,0.858278,0.809204,0.762942,0.719328,0.678204,0.639426,0.60287,0.568404,0.535909,0.505271,0.476384,0.449149,0.423469,0.39926,0.376434,0.354913,0.334622,0.315492,0.297454,0.280449,0.264415,0.249298,0.235046,0.221608,0.208939,0.196993,0.185731,0.175113,0.165101
0.366,30.401,30.401,30.401,30.401,30.401,30.401,30.401,30.401,30.401,30.401,30.401,30.401,30.401,15.6498,14.7566,13.9125,13.1175,12.3677,11.6598,10.9938,10.3643,9.77238,9.21369,8.68646,8.18986,7.72217,7.28015,6.8644,6.47169,6.10164,5.75292,5.42403,5.11399,4.82161,4.54588,4.28607,4.04095,3.80998,3.59215,3.38675,3.19314,3.01061,2.83847,2.67624,2.5232,2.37894,2.24293,2.11472,1.99381,1.87984,1.77236,1.67104,1.57548,1.48542,1.4005,1.32043,1.24494,1.17376,1.10666,1.04339,0.983735,0.927498,0.874474,0.824474,0.777339,0.732902,0.691001,0.651492,0.614246,0.57913,0.546022,0.514806,0.485374,0.457625,0.43146,0.406794,0.383538,0.361611,0.340936,0.321445,0.303067,0.285741,0.269405,0.254003,0.239481,0.22579,0.212881,0.200711,0.189236,0.178417,0.168217
0.38159,30.401,30.401,30.401,30.401,30.401,30.401,30.401,30.401,30.401,30.401,30.401,30.401,30.401,15.9428,15.033,14.173,13.3631,12.5992,11.8781,11.1997,10.5583,9.95538,9.38622,8.84912,8.34322,7.86677,7.41648,6.99294,6.59288,6.2159,5.86065,5.5256,5.20975,4.9119,4.631,4.36633,4.11662,3.88132,3.65941,3.45017,3.25293,3.06699,2.89162,2.72635,2.57045,2.42348,2.28493,2.15432,2.03115,1.91504,1.80555,1.70233,1.60499,1.51324,1.42673,1.34516,1.26826,1.19574,1.12738,1.06293,1.00216,0.944866,0.890848,0.839913,0.791895,0.746626,0.703941,0.663692,0.625748,0.589974,0.556247,0.524446,0.494463,0.466194,0.439539,0.414411,0.39072,0.368382,0.34732,0.327464,0.308742,0.291091,0.274449,0.258759,0.243966,0.230018,0.216868,0.204469,0.19278,0.181758,0.171367
0.397079,30.401,30.401,30.401,30.401,30.401,30.401,30.401,30.401,30.401,30.401,30.401,30.401,30.401,30.401,15.3123,14.4363,13.6114,12.8333,12.0988,11.4078,10.7545,10.1404,9.56062,9.01355,8.49824,8.01295,7.55428,7.12288,6.71538,6.3314,5.96955,5.62827,5.30655,5.00317,4.71705,4.44746,4.19311,3.95344,3.72741,3.51428,3.31338,3.12398,2.94535,2.77701,2.61821,2.46851,2.32739,2.19435,2.06889,1.95062,1.8391,1.73396,1.63481,1.54135,1.45324,1.37015,1.29182,1.21796,1.14833,1.08268,1.02078,0.962422,0.907401,0.855519,0.806609,0.760499,0.717021,0.676024,0.637375,0.600936,0.566582,0.534191,0.50365,0.474856,0.447706,0.422111,0.39798,0.375227,0.353774,0.333549,0.314479,0.2965,0.279549,0.263567,0.248499,0.234292,0.220897,0.208268,0.196362,0.185135,0.174551
0.412445,30.401,30.401,30.401,30.401,30.401,30.401,30.401,30.401,30.401,30.401,30.401,30.401,30.401,30.401,15.5947,14.7026,13.8624,13.07,12.322,11.6181,10.9528,10.3274,9.73693,9.17977,8.65496,8.16071,7.69359,7.25423,6.83922,6.44815,6.07963,5.73206,5.40441,5.09543,4.80404,4.52948,4.27044,4.02634,3.79614,3.57909,3.37448,3.18159,2.99966,2.82822,2.66649,2.51404,2.37031,2.23482,2.10704,1.98659,1.87302,1.76594,1.66496,1.56978,1.48003,1.39542,1.31565,1.24042,1.1695,1.10264,1.0396,0.98017,0.924135,0.871296,0.821484,0.774524,0.730243,0.688491,0.649129,0.612018,0.577031,0.544042,0.512938,0.483613,0.455963,0.429896,0.405319,0.382146,0.360298,0.3397,0.320278,0.301968,0.284704,0.268427,0.253081,0.238613,0.224971,0.212109,0.199983,0.188549,0.17777
0.427665,30.401,30.401,30.401,30.401,30.401,30.401,30.401,30.401,30.401,30.401,30.401,30.401,30.401,30.401,30.401,14.9716,14.1161,13.3092,12.5475,11.8308,11.1533,10.5164,9.91514,9.34778,8.81336,8.31007,7.8344,7.387,6.96439,6.56617,6.1909,5.83697,5.50332,5.18869,4.89196,4.61238,4.3486,4.10004,3.86562,3.64459,3.43624,3.23982,3.05456,2.87998,2.71529,2.56005,2.41369,2.27572,2.1456,2.02295,1.9073,1.79826,1.69543,1.59851,1.50712,1.42096,1.33972,1.26312,1.19091,1.12282,1.05863,0.99811,0.941049,0.887243,0.836519,0.788699,0.743608,0.701091,0.661009,0.62322,0.587592,0.553999,0.522326,0.492464,0.464308,0.437764,0.412737,0.389141,0.366892,0.345917,0.32614,0.307495,0.289915,0.27334,0.257713,0.24298,0.229088,0.215991,0.203643,0.192,0.181023
0.442719,30.401,30.401,30.401,30.401,30.401,30.401,30.401,30.401,30.401,30.401,30.401,30.401,30.401,30.401,30.401,15.2436,14.3726,13.551,12.7754,12.0457,11.3559,10.7074,10.0953,9.5176,8.97348,8.46104,7.97673,7.5212,7.09092,6.68546,6.30337,5.94302,5.6033,5.28295,4.98083,4.69617,4.4276,4.17452,3.93585,3.7108,3.49867,3.29868,3.11005,2.9323,2.76462,2.60656,2.45754,2.31706,2.18458,2.0597,1.94195,1.83093,1.72623,1.62755,1.5345,1.44677,1.36406,1.28607,1.21254,1.14322,1.07786,1.01624,0.958145,0.903361,0.851716,0.803028,0.757118,0.713828,0.673018,0.634542,0.598267,0.564063,0.531815,0.501411,0.472743,0.445717,0.420235,0.39621,0.373558,0.352202,0.332065,0.313081,0.295182,0.278306,0.262395,0.247394,0.23325,0.219915,0.207342,0.195488,0.184312
0.45759,30.401,30.401,30.401,30.401,30.401,30.401,30.401,30.401,30.401,30.401,30.401,30.401,30.401,30.401,30.401,30.401,14.6318,13.7954,13.0058,12.2629,11.5607,10.9005,10.2773,9.68924,9.1353,8.61363,8.12058,7.65684,7.21879,6.80602,6.41705,6.05019,5.70435,5.37822,5.07066,4.78086,4.50744,4.2498,4.00683,3.77772,3.56176,3.35816,3.16614,2.98518,2.81448,2.65356,2.50186,2.35885,2.22398,2.09685,1.97697,1.86394,1.75736,1.6569,1.56218,1.47287,1.38866,1.30926,1.23441,1.16384,1.0973,1.03457,0.975424,0.919652,0.867076,0.817509,0.770771,0.726701,0.685155,0.645985,0.609056,0.574236,0.541406,0.510453,0.481268,0.453754,0.427814,0.403355,0.380294,0.358553,0.338054,0.318727,0.300505,0.283325,0.267127,0.251855,0.237457,0.223881,0.211082,0.199014,0.187636
0.472259,30.401,30.401,30.401,30.401,30.401,30.401,30.401,30.401,30.401,30.401,30.401,30.401,30.401,30.401,30.401,30.401,14.8937,14.0424,13.2386,12.4825,11.7677,11.0957,10.4613,9.8627,9.29885,8.76784,8.26596,7.79392,7.34803,6.92787,6.53193,6.1585,5.80648,5.47451,5.16144,4.86645,4.58814,4.32589,4.07856,3.84535,3.62553,3.41828,3.22282,3.03863,2.86487,2.70107,2.54665,2.40108,2.26379,2.13439,2.01236,1.89731,1.78882,1.68656,1.59014,1.49923,1.41352,1.3327,1.25651,1.18467,1.11694,1.05309,0.992886,0.936116,0.882598,0.832145,0.78457,0.739711,0.697421,0.65755,0.619959,0.584516,0.551098,0.519592,0.489884,0.461878,0.435473,0.410576,0.387103,0.364972,0.344106,0.324433,0.305885,0.288397,0.27191,0.256364,0.241708,0.227889,0.214861,0.202577,0.190995
0.486714,30.401,30.401,30.401,30.401,30.401,30.401,30.401,30.401,30.401,30.401,30.401,30.401,30.401,30.401,30.401,30.401,30.401,14.292,13.474,12.7043,11.9769,11.2929,10.6473,10.038,9.46414,8.92368,8.41289,7.93245,7.47864,7.05101,6.64804,6.26797,5.90969,5.57182,5.25318,4.95295,4.66969,4.40278,4.15106,3.9137,3.68997,3.47904,3.28011,3.09264,2.91579,2.74908,2.59191,2.44376,2.30403,2.17233,2.04813,1.93104,1.82062,1.71654,1.61841,1.52588,1.43865,1.35639,1.27884,1.20573,1.1368,1.07181,1.01053,0.952756,0.898287,0.846936,0.798516,0.75286,0.709818,0.669238,0.630979,0.594906,0.560894,0.528828,0.498592,0.470088,0.443213,0.417874,0.393983,0.37146,0.350222,0.3302,0.311322,0.293523,0.276743,0.260921,0.246004,0.23194,0.21868,0.206177,0.19439
0.50094,30.401,30.401,30.401,30.401,30.401,30.401,30.401,30.401,30.401,30.401,30.401,30.401,30.401,30.401,30.401,30.401,30.401,14.5442,13.7118,12.9286,12.1882,11.4922,10.8352,10.2152,9.63117,9.08118,8.56137,8.07245,7.61063,7.17545,6.76537,6.3786,6.01399,5.67015,5.34589,5.04037,4.75211,4.48048,4.22432,3.98278,3.75509,3.54044,3.338,3.14722,2.96725,2.7976,2.63766,2.48689,2.3447,2.21067,2.08428,1.96512,1.85275,1.74684,1.64697,1.55281,1.46404,1.38033,1.30141,1.22701,1.15686,1.09073,1.02837,0.969571,0.91414,0.861884,0.812609,0.766147,0.722345,0.681049,0.642115,0.605405,0.570793,0.538161,0.507392,0.478384,0.451035,0.425249,0.400937,0.378015,0.356403,0.336027,0.316816,0.298704,0.281627,0.265526,0.250346,0.236033,0.222539,0.209816,0.197821
0.514926,30.401,30.401,30.401,30.401,30.401,30.401,30.401,30.401,30.401,30.401,30.401,30.401,30.401,30.401,30.401,30.401,30.401,30.401,13.9521,13.1551,12.4018,11.6936,11.0251,10.3942,9.79996,9.24033,8.71141,8.21393,7.74401,7.30121,6.88393,6.49038,6.11938,5.76953,5.43958,5.1287,4.83539,4.55901,4.29835,4.05258,3.8209,3.60249,3.3965,3.20238,3.01925,2.84663,2.68388,2.53047,2.38579,2.24941,2.12081,1.99956,1.88522,1.77745,1.67584,1.58003,1.4897,1.40452,1.32422,1.24852,1.17713,1.10984,1.04639,0.986564,0.930161,0.876989,0.82685,0.779574,0.735005,0.692985,0.653369,0.616015,0.580797,0.547592,0.516284,0.486768,0.45894,0.432702,0.407963,0.38464,0.362649,0.341917,0.322369,0.303939,0.286563,0.27018,0.254733,0.24017,0.226439,0.213493,0.201288
0.528663,30.401,30.401,30.401,30.401,30.401,30.401,30.401,30.401,30.401,30.401,30.401,30.401,30.401,30.401,30.401,30.401,30.401,30.401,14.1949,13.3841,12.6177,11.8971,11.217,10.5751,9.97052,9.40115,8.86302,8.35688,7.87879,7.42828,7.00374,6.60334,6.22588,5.86994,5.53425,5.21796,4.91955,4.63835,4.37316,4.12311,3.8874,3.66519,3.45561,3.25811,3.0718,2.89617,2.73059,2.57451,2.42731,2.28856,2.15772,2.03436,1.91803,1.80839,1.705,1.60753,1.51562,1.42896,1.34727,1.27024,1.19762,1.12916,1.0646,1.00373,0.94635,0.892252,0.841241,0.793141,0.747797,0.705046,0.66474,0.626736,0.590905,0.557123,0.525269,0.49524,0.466927,0.440233,0.415063,0.391335,0.368961,0.347867,0.327979,0.309228,0.29155,0.274882,0.259167,0.24435,0.23038,0.217209,0.204791
0.542142,30.401,30.401,30.401,30.401,30.401,30.401,30.401,30.401,30.401,30.401,30.401,30.401,30.401,30.401,30.401,30.401,30.401,30.401,30.401,13.6154,12.8358,12.1028,11.4108,10.7579,10.1429,9.56365,9.01623,8.50134,8.01498,7.55668,7.12481,6.71749,6.3335,5.9714,5.62992,5.30816,5.00459,4.71853,4.44875,4.19438,3.9546,3.72855,3.51535,3.31443,3.1249,2.94623,2.77779,2.61901,2.46927,2.32812,2.19501,2.06952,1.95118,1.83965,1.73447,1.63531,1.54182,1.45366,1.37056,1.2922,1.21832,1.14868,1.08301,1.02108,0.962708,0.907675,0.855782,0.806852,0.760723,0.717233,0.67623,0.63757,0.601119,0.566753,0.534349,0.503801,0.474999,0.447843,0.422238,0.398099,0.375339,0.35388,0.333649,0.314574,0.29659,0.279633,0.263647,0.248573,0.234362,0.220964,0.208331
0.555355,30.401,30.401,30.401,30.401,30.401,30.401,30.401,30.401,30.401,30.401,30.401,30.401,30.401,30.401,30.401,30.401,30.401,30.401,30.401,13.8492,13.0562,12.3106,11.6068,10.9426,10.317,9.72785,9.17103,8.64729,8.15258,7.68642,7.24713,6.83282,6.44224,6.07392,5.72658,5.39929,5.09051,4.79954,4.52513,4.26639,4.02249,3.79256,3.5757,3.37133,3.17855,2.99682,2.82549,2.66398,2.51166,2.36809,2.2327,2.10506,1.98468,1.87123,1.76425,1.66339,1.56829,1.47862,1.39409,1.31439,1.23924,1.1684,1.1016,1.03861,0.979236,0.923259,0.870475,0.820704,0.773784,0.729547,0.68784,0.648516,0.61144,0.576483,0.543523,0.51245,0.483154,0.455532,0.429487,0.404934,0.381783,0.359956,0.339377,0.319974,0.301682,0.284434,0.268173,0.252841,0.238386,0.224757,0.211908
0.568297,30.401,30.401,30.401,30.401,30.401,30.401,30.401,30.401,30.401,30.401,30.401,30.401,30.401,30.401,30.401,30.401,30.401,30.401,30.401,30.401,13.2788,12.5205,11.8047,11.1292,10.4929,9.89371,9.32739,8.79473,8.29159,7.81747,7.37069,6.94932,6.55208,6.17749,5.82421,5.49135,5.1773,4.88137,4.60229,4.33913,4.09108,3.85722,3.63667,3.42881,3.23274,3.04791,2.87366,2.7094,2.55449,2.40846,2.27077,2.14095,2.01852,1.90314,1.79433,1.69175,1.59503,1.50383,1.41786,1.3368,1.26037,1.18832,1.12038,1.05632,0.995933,0.939,0.885317,0.834697,0.786977,0.741986,0.699568,0.659573,0.621865,0.586312,0.55279,0.521187,0.491392,0.463298,0.43681,0.411838,0.388292,0.366093,0.345163,0.32543,0.306825,0.289284,0.272745,0.257152,0.242451,0.228589,0.215521
0.580963,30.401,30.401,30.401,30.401,30.401,30.401,30.401,30.401,30.401,30.401,30.401,30.401,30.401,30.401,30.401,30.401,30.401,30.401,30.401,30.401,13.5038,12.7326,12.0047,11.3178,10.6707,10.0614,9.48547,8.94378,8.43211,7.94996,7.49561,7.06709,6.66312,6.28218,5.92292,5.58441,5.26504,4.9641,4.68028,4.41267,4.16041,3.92259,3.6983,3.48692,3.28753,3.09957,2.92236,2.75532,2.59778,2.44928,2.30925,2.17723,2.05273,1.93539,1.82474,1.72042,1.62207,1.52932,1.44189,1.35945,1.28173,1.20846,1.13937,1.07422,1.01281,0.954914,0.90032,0.848843,0.800314,0.75456,0.711424,0.670752,0.632404,0.596249,0.562159,0.53002,0.499719,0.47115,0.444213,0.418818,0.394873,0.372298,0.351013,0.330945,0.312025,0.294187,0.277368,0.26151,0.24656,0.232463,0.219173
0.593349,30.401,30.401,30.401,30.401,30.401,30.401,30.401,30.401,30.401,30.401,30.401,30.401,30.401,30.401,30.401,30.401,30.401,30.401,30.401,30.401,30.401,12.947,12.2068,11.5083,10.8504,10.2307,9.64513,9.09432,8.57404,8.08378,7.62177,7.18604,6.77528,6.38792,6.02262,5.67841,5.35367,5.04766,4.75906,4.48695,4.23044,3.98862,3.76055,3.54562,3.34287,3.15174,2.97155,2.8017,2.6415,2.49051,2.34812,2.21388,2.08728,1.96797,1.85546,1.74938,1.64937,1.55506,1.46616,1.38234,1.3033,1.2288,1.15855,1.09231,1.02986,0.970987,0.915475,0.863131,0.813785,0.767261,0.723399,0.682042,0.643048,0.606285,0.571621,0.538942,0.508131,0.479081,0.45169,0.425867,0.401519,0.378564,0.356921,0.336516,0.317277,0.299138,0.282036,0.265912,0.25071,0.236376,0.222863
0.605453,30.401,30.401,30.401,30.401,30.401,30.401,30.401,30.401,30.401,30.401,30.401,30.401,30.401,30.401,30.401,30.401,30.401,30.401,30.401,30.401,30.401,13.1635,12.411,11.7008,11.0318,10.4019,9.80647,9.24644,8.71746,8.21899,7.74927,7.30625,6.88861,6.49477,6.12336,5.7734,5.44322,5.13209,4.83867,4.562,4.3012,4.05534,3.82345,3.60492,3.39878,3.20446,3.02126,2.84856,2.68569,2.53217,2.3874,2.25091,2.1222,2.00088,1.88649,1.77864,1.67696,1.58107,1.49068,1.40546,1.3251,1.24935,1.17793,1.11058,1.04709,0.987229,0.930788,0.877569,0.827398,0.780095,0.735499,0.69345,0.653805,0.616427,0.581182,0.547957,0.51663,0.487094,0.459246,0.432991,0.408236,0.384897,0.362892,0.342145,0.322585,0.304142,0.286754,0.27036,0.254903,0.24033,0.22659
0.617273,30.401,30.401,30.401,30.401,30.401,30.401,30.401,30.401,30.401,30.401,30.401,30.401,30.401,30.401,30.401,30.401,30.401,30.401,30.401,30.401,30.401,30.401,12.6172,11.8953,11.2152,10.5748,9.96946,9.40013,8.86235,8.3556,7.87807,7.42768,7.00311,6.60272,6.22513,5.86935,5.53369,5.21739,4.91909,4.63783,4.37269,4.12274,3.887,3.66484,3.45527,3.25772,3.07147,2.89591,2.73033,2.57425,2.42708,2.28832,2.15747,2.03414,1.91785,1.8082,1.70483,1.60735,1.51546,1.42882,1.34713,1.27012,1.19751,1.12904,1.06449,1.00364,0.946259,0.892155,0.84115,0.793061,0.747724,0.704976,0.664672,0.626672,0.590842,0.557064,0.525217,0.49519,0.466879,0.440188,0.415021,0.391294,0.368923,0.347832,0.327946,0.309197,0.29152,0.274854,0.25914,0.244325,0.230357
0.628808,30.401,30.401,30.401,30.401,30.401,30.401,30.401,30.401,30.401,30.401,30.401,30.401,30.401,30.401,30.401,30.401,30.401,30.401,30.401,30.401,30.401,30.401,12.8258,12.0918,11.4005,10.7495,10.1342,9.55547,9.00881,8.49369,8.00826,7.55043,7.11884,6.71184,6.32801,5.96635,5.62514,5.30361,5.00039,4.71447,4.44496,4.19087,3.95124,3.72541,3.51238,3.31156,3.12223,2.94376,2.77545,2.6168,2.46719,2.32614,2.19313,2.06776,1.94954,1.83809,1.733,1.63391,1.5405,1.45243,1.36939,1.29111,1.2173,1.14769,1.08208,1.02022,0.961896,0.906899,0.85505,0.806167,0.760081,0.716627,0.675656,0.637029,0.600607,0.56627,0.533897,0.503374,0.474594,0.447462,0.42188,0.39776,0.37502,0.35358,0.333366,0.314307,0.296338,0.279396,0.263423,0.248362,0.234163
0.640058,30.401,30.401,30.401,30.401,30.401,30.401,30.401,30.401,30.401,30.401,30.401,30.401,30.401,30.401,30.401,30.401,30.401,30.401,30.401,30.401,30.401,30.401,30.401,12.2903,11.5876,10.9259,10.3005,9.71228,9.15664,8.63307,8.13967,7.67434,7.23566,6.82198,6.43185,6.06426,5.71745,5.39064,5.08244,4.79183,4.5179,4.25965,4.01608,3.78654,3.57001,3.3659,3.17347,2.99207,2.821,2.65974,2.50768,2.36431,2.22911,2.10169,1.98153,1.86825,1.76144,1.66072,1.56578,1.47627,1.39186,1.31229,1.23727,1.16653,1.09984,1.03697,0.977681,0.921781,0.869082,0.819397,0.772554,0.728386,0.686744,0.647482,0.610463,0.575563,0.542658,0.511634,0.482383,0.454805,0.428803,0.404288,0.381174,0.359382,0.338836,0.319465,0.301201,0.283981,0.267745,0.252438,0.238006
0.651024,30.401,30.401,30.401,30.401,30.401,30.401,30.401,30.401,30.401,30.401,30.401,30.401,30.401,30.401,30.401,30.401,30.401,30.401,30.401,30.401,30.401,30.401,30.401,12.4909,11.7768,11.1042,10.4686,9.87079,9.30609,8.77397,8.27252,7.79959,7.35375,6.93332,6.53683,6.16323,5.81076,5.47862,5.16539,4.87004,4.59164,4.32917,4.08162,3.84834,3.62828,3.42083,3.22526,3.0409,2.86704,2.70315,2.5486,2.4029,2.2655,2.13599,2.01388,1.89874,1.79019,1.68783,1.59134,1.50036,1.41458,1.33371,1.25747,1.18557,1.11779,1.05389,0.993638,0.936825,0.883266,0.83277,0.785163,0.740274,0.697952,0.65805,0.620426,0.584957,0.551515,0.519985,0.490256,0.462228,0.435801,0.410886,0.387395,0.365248,0.344367,0.324679,0.306117,0.288616,0.272115,0.256558,0.241891
0.661708,30.401,30.401,30.401,30.401,30.401,30.401,30.401,30.401,30.401,30.401,30.401,30.401,30.401,30.401,30.401,30.401,30.401,30.401,30.401,30.401,30.401,30.401,30.401,30.401,11.9678,11.2844,10.6385,10.0309,9.45707,8.91632,8.40674,7.92613,7.47306,7.04581,6.64288,6.26323,5.90504,5.56751,5.2492,4.94905,4.66613,4.39941,4.14784,3.91078,3.68715,3.47633,3.27759,3.09024,2.91355,2.747,2.58995,2.44188,2.30225,2.17064,2.04655,1.92955,1.81924,1.71521,1.61716,1.5247,1.43753,1.35535,1.27787,1.2048,1.13592,1.07099,1.00976,0.952025,0.897597,0.846281,0.797901,0.752285,0.709276,0.668726,0.630492,0.594447,0.560463,0.528421,0.49821,0.469727,0.442872,0.417552,0.39368,0.371173,0.349954,0.329946,0.311083,0.293298,0.27653,0.26072,0.245815
0.67211,30.401,30.401,30.401,30.401,30.401,30.401,30.401,30.401,30.401,30.401,30.401,30.401,30.401,30.401,30.401,30.401,30.401,30.401,30.401,30.401,30.401,30.401,30.401,30.401,12.1609,11.4665,10.8101,10.1928,9.60965,9.06017,8.54237,8.05401,7.59363,7.15949,6.75006,6.36428,6.00031,5.65734,5.33389,5.0289,4.74141,4.47038,4.21476,3.97387,3.74663,3.53242,3.33047,3.1401,2.96056,2.79132,2.63174,2.48128,2.3394,2.20567,2.07957,1.96068,1.84859,1.74288,1.64325,1.5493,1.46072,1.37722,1.29848,1.22424,1.15425,1.08827,1.02605,0.967384,0.912078,0.859935,0.810774,0.764422,0.720719,0.679515,0.640664,0.604038,0.569505,0.536946,0.506248,0.477306,0.450017,0.424289,0.400032,0.377162,0.3556,0.33527,0.316102,0.29803,0.280992,0.264927,0.249781
0.682234,30.401,30.401,30.401,30.401,30.401,30.401,30.401,30.401,30.401,30.401,30.401,30.401,30.401,30.401,30.401,30.401,30.401,30.401,30.401,30.401,30.401,30.401,30.401,30.401,30.401,11.6504,10.9835,10.3563,9.76379,9.2055,8.67939,8.1832,7.71543,7.27432,6.85833,6.46636,6.09655,5.74808,5.41944,5.10956,4.81747,4.54209,4.28237,4.03761,3.80673,3.58908,3.38389,3.19046,3.00805,2.8361,2.67395,2.52108,2.37692,2.24104,2.11292,1.99213,1.87824,1.77084,1.6696,1.57415,1.48415,1.39931,1.31931,1.24388,1.17276,1.10572,1.04251,0.982901,0.926708,0.873728,0.823779,0.776683,0.732279,0.690415,0.65094,0.613726,0.57864,0.545559,0.514368,0.484962,0.457235,0.431095,0.406448,0.383211,0.361303,0.340647,0.321172,0.30281,0.285499,0.269176,0.253787
0.692083,30.401,30.401,30.401,30.401,30.401,30.401,30.401,30.401,30.401,30.401,30.401,30.401,30.401,30.401,30.401,30.401,30.401,30.401,30.401,30.401,30.401,30.401,30.401,30.401,30.401,11.8362,11.1587,10.5215,9.91954,9.35234,8.81784,8.31373,7.83851,7.39036,6.96773,6.56951,6.1938,5.83977,5.50589,5.19107,4.89431,4.61454,4.35068,4.10202,3.86745,3.64633,3.43787,3.24136,3.05603,2.88134,2.71661,2.5613,2.41484,2.27679,2.14663,2.0239,1.9082,1.79909,1.69624,1.59926,1.50783,1.42163,1.34036,1.26372,1.19147,1.12336,1.05914,0.99858,0.941491,0.887666,0.83692,0.789073,0.74396,0.701428,0.661324,0.623516,0.58787,0.554262,0.522573,0.492698,0.464529,0.437971,0.412932,0.389324,0.367067,0.346081,0.326296,0.307641,0.290053,0.27347,0.257836
0.701659,30.401,30.401,30.401,30.401,30.401,30.401,30.401,30.401,30.401,30.401,30.401,30.401,30.401,30.401,30.401,30.401,30.401,30.401,30.401,30.401,30.401,30.401,30.401,30.401,30.401,30.401,11.3358,10.6884,10.077,9.50077,8.95778,8.44567,7.96291,7.50765,7.07831,6.67377,6.2921,5.93245,5.59327,5.27346,4.97199,4.68778,4.41973,4.16712,3.92883,3.7042,3.49243,3.2928,3.10453,2.92706,2.75972,2.60194,2.45316,2.31293,2.1807,2.05602,1.93848,1.82764,1.72316,1.62464,1.53176,1.44419,1.36163,1.28377,1.21038,1.14119,1.07595,1.01443,0.956432,0.901753,0.850202,0.801596,0.755767,0.71256,0.671819,0.633412,0.5972,0.563058,0.530866,0.500517,0.471901,0.444922,0.419485,0.395503,0.372892,0.351574,0.331474,0.312523,0.294656,0.27781,0.261928
0.710968,30.401,30.401,30.401,30.401,30.401,30.401,30.401,30.401,30.401,30.401,30.401,30.401,30.401,30.401,30.401,30.401,30.401,30.401,30.401,30.401,30.401,30.401,30.401,30.401,30.401,30.401,11.5147,10.8571,10.236,9.65072,9.09917,8.57898,8.08859,7.62615,7.19003,6.77911,6.39141,6.02609,5.68155,5.35669,5.05046,4.76177,4.48949,4.23289,3.99084,3.76267,3.54755,3.34477,3.15353,2.97326,2.80328,2.64301,2.49188,2.34943,2.21512,2.08848,1.96908,1.85649,1.75035,1.65029,1.55593,1.46699,1.38312,1.30404,1.22949,1.1592,1.09293,1.03044,0.971528,0.915986,0.863621,0.814248,0.767696,0.723806,0.682423,0.643409,0.606626,0.571945,0.539245,0.508417,0.479349,0.451944,0.426106,0.401746,0.378778,0.357123,0.336706,0.317456,0.299307,0.282195,0.266062
0.720012,30.401,30.401,30.401,30.401,30.401,30.401,30.401,30.401,30.401,30.401,30.401,30.401,30.401,30.401,30.401,30.401,30.401,30.401,30.401,30.401,30.401,30.401,30.401,30.401,30.401,30.401,30.401,11.0277,10.3968,9.80229,9.24208,8.71371,8.21563,7.74592,7.30295,6.88558,6.49179,6.12073,5.77079,5.44082,5.12978,4.83655,4.56,4.29937,4.05352,3.82176,3.60327,3.3973,3.20306,3.01996,2.8473,2.68452,2.53102,2.38633,2.2499,2.12128,2,1.88564,1.77784,1.6762,1.58037,1.49003,1.40484,1.32452,1.2488,1.17741,1.11009,1.04662,0.986787,0.930372,0.877185,0.827036,0.779753,0.735174,0.693141,0.653514,0.616153,0.580928,0.547714,0.516402,0.486878,0.459043,0.432799,0.408055,0.384727,0.362732,0.341994,0.322442,0.304008,0.286627,0.27024
0.728796,30.401,30.401,30.401,30.401,30.401,30.401,30.401,30.401,30.401,30.401,30.401,30.401,30.401,30.401,30.401,30.401,30.401,30.401,30.401,30.401,30.401,30.401,30.401,30.401,30.401,30.401,30.401,11.2,10.5592,9.95546,9.38649,8.84987,8.344,7.86695,7.41707,6.99317,6.59323,6.21637,5.86096,5.52583,5.20994,4.91213,4.63125,4.36655,4.11686,3.88148,3.65957,3.45039,3.25311,3.06715,2.89179,2.72647,2.57056,2.42362,2.28506,2.15442,2.03126,1.91511,1.80562,1.7024,1.60506,1.51331,1.42679,1.34521,1.26831,1.19581,1.12744,1.06298,1.00221,0.94491,0.890891,0.839959,0.791937,0.746662,0.703971,0.663726,0.625781,0.590005,0.556273,0.524471,0.494485,0.466215,0.439561,0.414431,0.390738,0.3684,0.347338,0.32748,0.308758,0.291106,0.274463
0.737325,30.401,30.401,30.401,30.401,30.401,30.401,30.401,30.401,30.401,30.401,30.401,30.401,30.401,30.401,30.401,30.401,30.401,30.401,30.401,30.401,30.401,30.401,30.401,30.401,30.401,30.401,30.401,30.401,10.7235,10.1103,9.53252,8.98756,8.47381,7.98935,7.53246,7.10197,6.69581,6.31308,5.95214,5.61181,5.291,4.98855,4.7033,4.43449,4.18091,3.94187,3.71651,3.50407,3.30372,3.11487,2.93678,2.76889,2.61056,2.46133,2.32061,2.18794,2.06286,1.9449,1.83372,1.72888,1.63004,1.53685,1.44899,1.36614,1.28804,1.21441,1.14498,1.07951,1.0178,0.959611,0.904752,0.853027,0.804258,0.758278,0.714924,0.674052,0.635517,0.599184,0.564927,0.532631,0.502179,0.473469,0.4464,0.420879,0.396818,0.374131,0.352742,0.332575,0.313562,0.295635,0.278733
0.745603,30.401,30.401,30.401,30.401,30.401,30.401,30.401,30.401,30.401,30.401,30.401,30.401,30.401,30.401,30.401,30.401,30.401,30.401,30.401,30.401,30.401,30.401,30.401,30.401,30.401,30.401,30.401,30.401,10.8894,10.2668,9.68002,9.12662,8.60493,8.11296,7.64901,7.21185,6.79941,6.41076,6.04424,5.69864,5.37286,5.06574,4.77607,4.5031,4.2456,4.00286,3.77401,3.55829,3.35484,3.16306,2.98222,2.81173,2.65095,2.49941,2.35652,2.22179,2.09478,1.975,1.86209,1.75563,1.65526,1.56063,1.47141,1.38728,1.30797,1.2332,1.1627,1.09622,1.03355,0.974458,0.918751,0.866225,0.816702,0.770011,0.725986,0.684482,0.64535,0.608455,0.573668,0.540872,0.509949,0.480795,0.453307,0.427391,0.402957,0.37992,0.3582,0.337721,0.318413,0.300209,0.283046
0.753637,30.401,30.401,30.401,30.401,30.401,30.401,30.401,30.401,30.401,30.401,30.401,30.401,30.401,30.401,30.401,30.401,30.401,30.401,30.401,30.401,30.401,30.401,30.401,30.401,30.401,30.401,30.401,30.401,30.401,10.425,9.82919,9.26726,8.73753,8.23799,7.76688,7.32299,6.90419,6.50956,6.13738,5.78645,5.45566,5.1438,4.84968,4.5725,4.31103,4.06454,3.83217,3.61312,3.40654,3.21181,3.02818,2.85506,2.6918,2.53793,2.39283,2.25603,2.12706,2.00543,1.89078,1.78269,1.68077,1.58468,1.49409,1.40866,1.32813,1.2522,1.18061,1.11311,1.04947,0.989475,0.932909,0.879574,0.829288,0.781877,0.737174,0.69503,0.655295,0.617832,0.582509,0.549207,0.517807,0.488204,0.460293,0.433977,0.409167,0.385775,0.36372,0.342925,0.32332,0.304835,0.287408
0.761429,30.401,30.401,30.401,30.401,30.401,30.401,30.401,30.401,30.401,30.401,30.401,30.401,30.401,30.401,30.401,30.401,30.401,30.401,30.401,30.401,30.401,30.401,30.401,30.401,30.401,30.401,30.401,30.401,30.401,10.585,9.98002,9.40947,8.87161,8.3644,7.88606,7.43536,7.01013,6.60944,6.23156,5.87524,5.53937,5.22273,4.92409,4.64266,4.37718,4.12691,3.89097,3.66856,3.45881,3.26109,3.07465,2.89887,2.73311,2.57687,2.42955,2.29065,2.1597,2.0362,1.9198,1.81004,1.70656,1.609,1.51701,1.43028,1.34851,1.27142,1.19873,1.13019,1.06558,1.00466,0.947224,0.893071,0.842013,0.793875,0.748485,0.705695,0.665351,0.627312,0.591447,0.557634,0.525753,0.495695,0.467356,0.440637,0.415446,0.391694,0.369301,0.348187,0.328281,0.309513,0.291818
0.768987,30.401,30.401,30.401,30.401,30.401,30.401,30.401,30.401,30.401,30.401,30.401,30.401,30.401,30.401,30.401,30.401,30.401,30.401,30.401,30.401,30.401,30.401,30.401,30.401,30.401,30.401,30.401,30.401,30.401,30.401,10.1326,9.55331,9.00723,8.49227,8.00662,7.54903,7.1173,6.71048,6.32682,5.96506,5.62406,5.30257,4.99937,4.71363,4.44409,4.19,3.95046,3.72465,3.51168,3.31094,3.12165,2.94319,2.77489,2.61626,2.46669,2.32567,2.19271,2.06733,1.94915,1.83771,1.73264,1.6336,1.5402,1.45214,1.36912,1.29086,1.21706,1.14747,1.08187,1.02002,0.961705,0.906724,0.854885,0.806011,0.759928,0.716483,0.675522,0.636902,0.600489,0.566159,0.53379,0.503273,0.4745,0.447373,0.421797,0.397682,0.374946,0.35351,0.3333,0.314245,0.296279
0.776315,30.401,30.401,30.401,30.401,30.401,30.401,30.401,30.401,30.401,30.401,30.401,30.401,30.401,30.401,30.401,30.401,30.401,30.401,30.401,30.401,30.401,30.401,30.401,30.401,30.401,30.401,30.401,30.401,30.401,30.401,10.2868,9.69867,9.14428,8.62148,8.12845,7.66389,7.2256,6.81259,6.42309,6.05582,5.70963,5.38326,5.07544,4.78535,4.51171,4.25376,4.01057,3.78132,3.56512,3.36132,3.16915,2.98797,2.81711,2.65607,2.50422,2.36106,2.22608,2.09879,1.9788,1.86567,1.75901,1.65845,1.56364,1.47424,1.38995,1.3105,1.23557,1.16493,1.09833,1.03554,0.976338,0.92052,0.867893,0.818275,0.77149,0.727385,0.685801,0.646593,0.609625,0.574773,0.541912,0.510931,0.48172,0.45418,0.428215,0.403733,0.380651,0.358889,0.338371,0.319026,0.300787
0.783419,30.401,30.401,30.401,30.401,30.401,30.401,30.401,30.401,30.401,30.401,30.401,30.401,30.401,30.401,30.401,30.401,30.401,30.401,30.401,30.401,30.401,30.401,30.401,30.401,30.401,30.401,30.401,30.401,30.401,30.401,30.401,9.84573,9.28294,8.75221,8.2517,7.7801,7.33516,6.91589,6.52048,6.14765,5.79621,5.46488,5.1524,4.85792,4.58012,4.31826,4.07138,3.83865,3.61918,3.41229,3.2172,3.03328,2.85983,2.69635,2.5422,2.39686,2.25983,2.13061,2.00881,1.89396,1.78568,1.6836,1.58735,1.49659,1.41103,1.33037,1.25431,1.18259,1.11498,1.05124,0.991142,0.934478,0.881053,0.830683,0.783188,0.738414,0.696199,0.656397,0.618869,0.583489,0.550129,0.518678,0.489025,0.461067,0.434708,0.409855,0.386423,0.364331,0.343502,0.323863,0.305348
0.790304,30.401,30.401,30.401,30.401,30.401,30.401,30.401,30.401,30.401,30.401,30.401,30.401,30.401,30.401,30.401,30.401,30.401,30.401,30.401,30.401,30.401,30.401,30.401,30.401,30.401,30.401,30.401,30.401,30.401,30.401,30.401,9.99448,9.42318,8.88444,8.37637,7.89764,7.44598,7.02037,6.61899,6.24053,5.88377,5.54745,5.23024,4.93131,4.64932,4.3835,4.13289,3.89665,3.67385,3.46384,3.26581,3.0791,2.90303,2.73708,2.5806,2.43307,2.29397,2.1628,2.03916,1.92258,1.81266,1.70903,1.61133,1.5192,1.43235,1.35047,1.27326,1.20046,1.13183,1.06712,1.00612,0.948596,0.894364,0.843233,0.795021,0.74957,0.706718,0.666314,0.628219,0.592304,0.558441,0.526514,0.496413,0.468032,0.441275,0.416047,0.392261,0.369835,0.348692,0.328756,0.309961
0.796975,30.401,30.401,30.401,30.401,30.401,30.401,30.401,30.401,30.401,30.401,30.401,30.401,30.401,30.401,30.401,30.401,30.401,30.401,30.401,30.401,30.401,30.401,30.401,30.401,30.401,30.401,30.401,30.401,30.401,30.401,30.401,30.401,9.5653,9.01843,8.50269,8.01675,7.55827,7.12625,6.71882,6.33464,5.97251,5.63111,5.30912,5.00568,4.71944,4.44961,4.19522,3.95542,3.72926,3.51608,3.31506,3.12554,2.94681,2.77836,2.61952,2.46976,2.32857,2.19542,2.06991,1.95157,1.84,1.73481,1.63563,1.54211,1.45395,1.37083,1.29246,1.21856,1.1489,1.08321,1.02129,0.962902,0.907852,0.85595,0.807011,0.760875,0.717376,0.676363,0.637694,0.601237,0.566863,0.534455,0.503899,0.475091,0.44793,0.422322,0.398177,0.375413,0.35395,0.333715,0.314636
0.803439,30.401,30.401,30.401,30.401,30.401,30.401,30.401,30.401,30.401,30.401,30.401,30.401,30.401,30.401,30.401,30.401,30.401,30.401,30.401,30.401,30.401,30.401,30.401,30.401,30.401,30.401,30.401,30.401,30.401,30.401,30.401,30.401,9.70867,9.1536,8.63013,8.1369,7.67156,7.23306,6.81952,6.42959,6.06203,5.71551,5.38869,5.08071,4.79017,4.5163,4.2581,4.0147,3.78516,3.56878,3.36475,3.17239,2.99098,2.82,2.65878,2.50678,2.36347,2.22833,2.10094,1.98082,1.86757,1.76081,1.66015,1.56523,1.47574,1.39138,1.31183,1.23683,1.16612,1.09945,1.0366,0.977335,0.921459,0.868779,0.819107,0.772279,0.728128,0.686501,0.647251,0.610248,0.575359,0.542465,0.511452,0.482212,0.454644,0.428652,0.404145,0.38104,0.359256,0.338716,0.319352
0.8097,30.401,30.401,30.401,30.401,30.401,30.401,30.401,30.401,30.401,30.401,30.401,30.401,30.401,30.401,30.401,30.401,30.401,30.401,30.401,30.401,30.401,30.401,30.401,30.401,30.401,30.401,30.401,30.401,30.401,30.401,30.401,30.401,30.401,9.29058,8.75928,8.25867,7.78636,7.3413,6.92157,6.5258,6.15274,5.80104,5.46933,5.15674,4.86186,4.58388,4.32182,4.07478,3.8418,3.62219,3.4151,3.21986,3.03574,2.8622,2.69857,2.54429,2.39884,2.26167,2.13238,2.01047,1.89552,1.78716,1.68499,1.58865,1.49782,1.4122,1.33146,1.25534,1.18357,1.1159,1.05211,0.99196,0.935248,0.88178,0.831364,0.783836,0.739024,0.696774,0.656937,0.61938,0.583969,0.550583,0.519106,0.489428,0.461448,0.435066,0.410193,0.386742,0.364632,0.343785,0.324131
0.815763,30.401,30.401,30.401,30.401,30.401,30.401,30.401,30.401,30.401,30.401,30.401,30.401,30.401,30.401,30.401,30.401,30.401,30.401,30.401,30.401,30.401,30.401,30.401,30.401,30.401,30.401,30.401,30.401,30.401,30.401,30.401,30.401,30.401,9.42926,8.89003,8.38194,7.90258,7.45088,7.02489,6.62321,6.24458,5.88763,5.55097,5.23371,4.93443,4.6523,4.38633,4.1356,3.89914,3.67626,3.46608,3.26792,3.08105,2.90493,2.73885,2.58227,2.43464,2.29543,2.1642,2.04048,1.92382,1.81384,1.71014,1.61236,1.52018,1.43328,1.35134,1.27407,1.20123,1.13256,1.06781,1.00677,0.949208,0.894942,0.843774,0.795536,0.750055,0.707174,0.666743,0.628626,0.592686,0.558801,0.526854,0.496733,0.468335,0.44156,0.416316,0.392515,0.370074,0.348917,0.328969
0.821636,30.401,30.401,30.401,30.401,30.401,30.401,30.401,30.401,30.401,30.401,30.401,30.401,30.401,30.401,30.401,30.401,30.401,30.401,30.401,30.401,30.401,30.401,30.401,30.401,30.401,30.401,30.401,30.401,30.401,30.401,30.401,30.401,30.401,30.401,9.02258,8.50693,8.02042,7.56198,7.12964,6.72197,6.3377,5.97542,5.63374,5.31175,5.008,4.72167,4.45173,4.19727,3.95728,3.73107,3.51776,3.31665,3.127,2.94824,2.77969,2.62077,2.47095,2.32966,2.19647,2.0709,1.9525,1.84088,1.73564,1.6364,1.54285,1.45465,1.37149,1.29307,1.21915,1.14945,1.08374,1.02178,0.963362,0.908286,0.856355,0.807398,0.761239,0.717719,0.676685,0.637999,0.601523,0.567134,0.53471,0.50414,0.475319,0.448144,0.422524,0.398367,0.375593,0.354119,0.333874
0.827322,30.401,30.401,30.401,30.401,30.401,30.401,30.401,30.401,30.401,30.401,30.401,30.401,30.401,30.401,30.401,30.401,30.401,30.401,30.401,30.401,30.401,30.401,30.401,30.401,30.401,30.401,30.401,30.401,30.401,30.401,30.401,30.401,30.401,30.401,9.15647,8.63316,8.13943,7.67419,7.23543,6.82172,6.43174,6.06409,5.71734,5.39057,5.08232,4.79174,4.51779,4.25955,4.016,3.78644,3.56996,3.36586,3.1734,2.99199,2.82094,2.65966,2.50761,2.36423,2.22907,2.10163,1.98147,1.8682,1.7614,1.66069,1.56574,1.47624,1.39184,1.31226,1.23724,1.1665,1.09982,1.03694,0.977657,0.921764,0.869062,0.819379,0.772535,0.728369,0.686726,0.647466,0.610449,0.575549,0.542644,0.511621,0.482372,0.454794,0.428793,0.404279,0.381166,0.359374,0.338828
0.832827,30.401,30.401,30.401,30.401,30.401,30.401,30.401,30.401,30.401,30.401,30.401,30.401,30.401,30.401,30.401,30.401,30.401,30.401,30.401,30.401,30.401,30.401,30.401,30.401,30.401,30.401,30.401,30.401,30.401,30.401,30.401,30.401,30.401,30.401,30.401,8.76112,8.26007,7.78793,7.34267,6.92283,6.52707,6.15397,5.80208,5.47047,5.15765,4.86276,4.58475,4.32268,4.07553,3.84256,3.62287,3.41575,3.22043,3.03634,2.86275,2.69908,2.54478,2.39927,2.26211,2.13278,2.01084,1.89589,1.7875,1.6853,1.58895,1.49812,1.41247,1.33171,1.25557,1.18379,1.11612,1.05231,0.992147,0.935426,0.881943,0.831523,0.783985,0.739165,0.696904,0.657063,0.619497,0.58408,0.550687,0.519204,0.489521,0.461535,0.435149,0.410271,0.386815,0.3647,0.34385
0.838156,30.401,30.401,30.401,30.401,30.401,30.401,30.401,30.401,30.401,30.401,30.401,30.401,30.401,30.401,30.401,30.401,30.401,30.401,30.401,30.401,30.401,30.401,30.401,30.401,30.401,30.401,30.401,30.401,30.401,30.401,30.401,30.401,30.401,30.401,30.401,8.89075,8.38229,7.90317,7.45132,7.02526,6.62365,6.24503,5.88793,5.55141,5.23396,4.93471,4.65259,4.38664,4.13583,3.89941,3.67648,3.46629,3.26808,3.08126,2.90511,2.73902,2.58243,2.43477,2.29558,2.16434,2.0406,1.92394,1.81395,1.71024,1.61246,1.52029,1.43337,1.35141,1.27415,1.20131,1.13263,1.06788,1.00683,0.949267,0.894993,0.843827,0.795586,0.750102,0.707216,0.666785,0.628663,0.592722,0.558836,0.526887,0.496765,0.468364,0.441587,0.416341,0.392539,0.370097,0.348938
0.843314,30.401,30.401,30.401,30.401,30.401,30.401,30.401,30.401,30.401,30.401,30.401,30.401,30.401,30.401,30.401,30.401,30.401,30.401,30.401,30.401,30.401,30.401,30.401,30.401,30.401,30.401,30.401,30.401,30.401,30.401,30.401,30.401,30.401,30.401,30.401,30.401,8.50623,8.02002,7.56149,7.12913,6.72158,6.33736,5.97499,5.63349,5.31135,5.00768,4.72138,4.4515,4.19698,3.95707,3.73084,3.51754,3.3164,3.12682,2.94806,2.77952,2.62062,2.47077,2.32952,2.19634,2.07077,1.95239,1.84077,1.73552,1.6363,1.54276,1.45456,1.3714,1.29299,1.21907,1.14938,1.08367,1.02171,0.963303,0.908226,0.856304,0.807349,0.761193,0.717673,0.676644,0.637959,0.601486,0.567098,0.534677,0.50411,0.475289,0.448117,0.422497,0.398343,0.375569,0.354098
0.848307,30.401,30.401,30.401,30.401,30.401,30.401,30.401,30.401,30.401,30.401,30.401,30.401,30.401,30.401,30.401,30.401,30.401,30.401,30.401,30.401,30.401,30.401,30.401,30.401,30.401,30.401,30.401,30.401,30.401,30.401,30.401,30.401,30.401,30.401,30.401,30.401,8.6318,8.13841,7.67311,7.23437,6.8208,6.43091,6.06319,5.71665,5.38975,5.0816,4.79108,4.51722,4.25894,4.01548,3.78591,3.56947,3.36536,3.17298,2.99158,2.82055,2.6593,2.50724,2.36391,2.22876,2.10134,1.98121,1.86795,1.76114,1.66046,1.56554,1.47603,1.39164,1.31208,1.23707,1.16635,1.09967,1.0368,0.977523,0.921633,0.868944,0.819267,0.772429,0.728267,0.686632,0.647376,0.610365,0.57547,0.54257,0.511551,0.482305,0.454732,0.428734,0.404223,0.381113,0.359325
0.853139,30.401,30.401,30.401,30.401,30.401,30.401,30.401,30.401,30.401,30.401,30.401,30.401,30.401,30.401,30.401,30.401,30.401,30.401,30.401,30.401,30.401,30.401,30.401,30.401,30.401,30.401,30.401,30.401,30.401,30.401,30.401,30.401,30.401,30.401,30.401,30.401,30.401,8.25838,7.78622,7.34101,6.92135,6.52571,6.15256,5.80092,5.4692,5.1565,4.8617,4.5838,4.32172,4.07467,3.84172,3.62208,3.41497,3.21975,3.03568,2.86213,2.6985,2.5442,2.39875,2.26161,2.13231,2.01041,1.89548,1.7871,1.68493,1.58861,1.49779,1.41215,1.33142,1.2553,1.18354,1.11588,1.05208,0.991932,0.935218,0.881752,0.831343,0.783815,0.739002,0.696754,0.656918,0.619362,0.583952,0.550567,0.519092,0.489415,0.461435,0.435054,0.410182,0.386731,0.364621
0.857815,30.401,30.401,30.401,30.401,30.401,30.401,30.401,30.401,30.401,30.401,30.401,30.401,30.401,30.401,30.401,30.401,30.401,30.401,30.401,30.401,30.401,30.401,30.401,30.401,30.401,30.401,30.401,30.401,30.401,30.401,30.401,30.401,30.401,30.401,30.401,30.401,30.401,8.38013,7.90101,7.44924,7.02338,6.62191,6.24327,5.88644,5.54983,5.23252,4.93337,4.65138,4.38543,4.13474,3.89835,3.67548,3.46531,3.26722,3.08043,2.90432,2.73828,2.58171,2.43412,2.29496,2.16375,2.04005,1.92342,1.81345,1.70977,1.61203,1.51987,1.43297,1.35105,1.27381,1.20099,1.13233,1.06759,1.00656,0.949006,0.894752,0.8436,0.795371,0.749897,0.707026,0.666603,0.628493,0.592561,0.558684,0.526744,0.49663,0.468237,0.441468,0.416229,0.392432,0.369997
0.862339,30.401,30.401,30.401,30.401,30.401,30.401,30.401,30.401,30.401,30.401,30.401,30.401,30.401,30.401,30.401,30.401,30.401,30.401,30.401,30.401,30.401,30.401,30.401,30.401,30.401,30.401,30.401,30.401,30.401,30.401,30.401,30.401,30.401,30.401,30.401,30.401,30.401,30.401,8.0174,7.55897,7.12685,6.71946,6.33524,5.97315,5.63159,5.30961,5.00605,4.7199,4.45004,4.19566,3.95578,3.72963,3.51636,3.31535,3.12581,2.94711,2.77862,2.61974,2.46997,2.32876,2.19562,2.07011,1.95176,1.84016,1.73496,1.63578,1.54226,1.45408,1.37095,1.29257,1.21868,1.14901,1.08332,1.02138,0.962986,0.907933,0.856027,0.807088,0.760944,0.717441,0.676423,0.637752,0.601291,0.566914,0.534504,0.503946,0.475135,0.447971,0.42236,0.398213,0.375447
0.866718,30.401,30.401,30.401,30.401,30.401,30.401,30.401,30.401,30.401,30.401,30.401,30.401,30.401,30.401,30.401,30.401,30.401,30.401,30.401,30.401,30.401,30.401,30.401,30.401,30.401,30.401,30.401,30.401,30.401,30.401,30.401,30.401,30.401,30.401,30.401,30.401,30.401,30.401,8.13554,7.67036,7.23186,6.81848,6.42859,6.06117,5.71457,5.38784,5.07982,4.78945,4.51561,4.25748,4.01407,3.78459,3.56818,3.3642,3.17187,2.99053,2.81957,2.65834,2.50637,2.36308,2.22797,2.10061,1.98052,1.86728,1.76053,1.65989,1.56499,1.47551,1.39115,1.31162,1.23664,1.16594,1.09928,1.03643,0.977176,0.921311,0.868641,0.81898,0.772157,0.728013,0.68639,0.647149,0.610151,0.575268,0.54238,0.511372,0.482136,0.454572,0.428584,0.404081,0.38098
0.870954,30.401,30.401,30.401,30.401,30.401,30.401,30.401,30.401,30.401,30.401,30.401,30.401,30.401,30.401,30.401,30.401,30.401,30.401,30.401,30.401,30.401,30.401,30.401,30.401,30.401,30.401,30.401,30.401,30.401,30.401,30.401,30.401,30.401,30.401,30.401,30.401,30.401,30.401,30.401,7.78342,7.33847,6.91898,6.52335,6.15051,5.79881,5.46726,5.15469,4.86005,4.58217,4.32024,4.07324,3.84037,3.62077,3.41379,3.21863,3.03461,2.86113,2.69753,2.54331,2.39791,2.26082,2.13157,2.00971,1.8948,1.78648,1.68435,1.58806,1.49726,1.41166,1.33095,1.25487,1.18312,1.11548,1.05171,0.99158,0.934892,0.881445,0.831052,0.783538,0.738744,0.696508,0.656688,0.619145,0.583748,0.550375,0.51891,0.489243,0.461272,0.434901,0.410037,0.386595
0.875054,30.401,30.401,30.401,30.401,30.401,30.401,30.401,30.401,30.401,30.401,30.401,30.401,30.401,30.401,30.401,30.401,30.401,30.401,30.401,30.401,30.401,30.401,30.401,30.401,30.401,30.401,30.401,30.401,30.401,30.401,30.401,30.401,30.401,30.401,30.401,30.401,30.401,30.401,30.401,7.89825,7.44673,7.02106,6.61959,6.24125,5.88436,5.54792,5.23074,4.93175,4.64977,4.38397,4.13333,3.89703,3.67419,3.46416,3.26611,3.07938,2.90334,2.73732,2.58084,2.43329,2.29417,2.16302,2.03936,1.92276,1.81283,1.7092,1.61149,1.51935,1.43248,1.35059,1.27338,1.20058,1.13194,1.06723,1.00621,0.948684,0.894449,0.843313,0.795098,0.749643,0.706784,0.666376,0.628279,0.59236,0.558495,0.526565,0.496461,0.468078,0.441318,0.416087,0.392299
0.879019,30.401,30.401,30.401,30.401,30.401,30.401,30.401,30.401,30.401,30.401,30.401,30.401,30.401,30.401,30.401,30.401,30.401,30.401,30.401,30.401,30.401,30.401,30.401,30.401,30.401,30.401,30.401,30.401,30.401,30.401,30.401,30.401,30.401,30.401,30.401,30.401,30.401,30.401,30.401,30.401,7.55667,7.12471,6.71732,6.33339,5.97123,5.62983,5.30796,5.00456,4.71841,4.44869,4.19435,3.95456,3.72843,3.5153,3.31433,3.12485,2.9462,2.77774,2.61894,2.46921,2.32804,2.19495,2.06947,1.95114,1.8396,1.73444,1.63528,1.54178,1.45363,1.37053,1.29218,1.2183,1.14865,1.08298,1.02106,0.96269,0.907654,0.855763,0.806836,0.76071,0.717218,0.676214,0.637554,0.601105,0.56674,0.534339,0.50379,0.474988,0.447833,0.422229,0.39809
0.882857,30.401,30.401,30.401,30.401,30.401,30.401,30.401,30.401,30.401,30.401,30.401,30.401,30.401,30.401,30.401,30.401,30.401,30.401,30.401,30.401,30.401,30.401,30.401,30.401,30.401,30.401,30.401,30.401,30.401,30.401,30.401,30.401,30.401,30.401,30.401,30.401,30.401,30.401,30.401,30.401,7.66841,7.23007,6.81665,6.42705,6.05953,5.71308,5.38646,5.07856,4.78819,4.51448,4.25638,4.01304,3.78357,3.56728,3.36334,3.17106,2.98977,2.81881,2.65767,2.50573,2.36247,2.22741,2.10007,1.98,1.8668,1.76008,1.65946,1.56458,1.47513,1.3908,1.31129,1.23632,1.16564,1.099,1.03616,0.976926,0.921076,0.868418,0.818768,0.771959,0.727824,0.686214,0.646982,0.609994,0.575121,0.542241,0.51124,0.482012,0.454455,0.428473,0.403977
0.886569,30.401,30.401,30.401,30.401,30.401,30.401,30.401,30.401,30.401,30.401,30.401,30.401,30.401,30.401,30.401,30.401,30.401,30.401,30.401,30.401,30.401,30.401,30.401,30.401,30.401,30.401,30.401,30.401,30.401,30.401,30.401,30.401,30.401,30.401,30.401,30.401,30.401,30.401,30.401,30.401,30.401,7.33717,6.91763,6.52226,6.14929,5.79771,5.46625,5.15379,4.85912,4.58136,4.31943,4.07249,3.83961,3.62013,3.41316,3.21803,3.03406,2.86057,2.69704,2.54284,2.39746,2.26041,2.13118,2.00933,1.89445,1.78616,1.68404,1.58775,1.49698,1.4114,1.33071,1.25463,1.18291,1.11528,1.05151,0.991398,0.93472,0.881282,0.830896,0.783394,0.738606,0.696379,0.656566,0.61903,0.58364,0.550273,0.518814,0.489152,0.461187,0.43482,0.409962
0.89016,30.401,30.401,30.401,30.401,30.401,30.401,30.401,30.401,30.401,30.401,30.401,30.401,30.401,30.401,30.401,30.401,30.401,30.401,30.401,30.401,30.401,30.401,30.401,30.401,30.401,30.401,30.401,30.401,30.401,30.401,30.401,30.401,30.401,30.401,30.401,30.401,30.401,30.401,30.401,30.401,30.401,7.44607,7.0203,6.61906,6.24056,5.88376,5.54738,5.23029,4.93124,4.64935,4.38354,4.13293,3.8966,3.67386,3.46382,3.26579,3.07909,2.90303,2.73707,2.58059,2.43305,2.29396,2.16281,2.03915,1.92257,1.81267,1.70904,1.61132,1.5192,1.43235,1.35046,1.27326,1.20046,1.13183,1.06712,1.00611,0.948594,0.894362,0.843229,0.795022,0.749568,0.706715,0.666311,0.628218,0.592303,0.55844,0.526514,0.496412,0.468032,0.441274,0.416046
0.893635,30.401,30.401,30.401,30.401,30.401,30.401,30.401,30.401,30.401,30.401,30.401,30.401,30.401,30.401,30.401,30.401,30.401,30.401,30.401,30.401,30.401,30.401,30.401,30.401,30.401,30.401,30.401,30.401,30.401,30.401,30.401,30.401,30.401,30.401,30.401,30.401,30.401,30.401,30.401,30.401,30.401,30.401,7.12482,6.7176,6.33347,5.97135,5.62997,5.30815,5.00465,4.71857,4.4488,4.19446,3.95461,3.72855,3.51539,3.31441,3.12493,2.94624,2.77781,2.619,2.46927,2.32811,2.19501,2.06951,1.95119,1.83965,1.73448,1.63531,1.54182,1.45367,1.37057,1.29221,1.21833,1.14868,1.08301,1.02109,0.962716,0.907677,0.855782,0.806857,0.760727,0.717236,0.676231,0.63757,0.601121,0.566754,0.534352,0.503803,0.475,0.447844,0.42224
0.896996,30.401,30.401,30.401,30.401,30.401,30.401,30.401,30.401,30.401,30.401,30.401,30.401,30.401,30.401,30.401,30.401,30.401,30.401,30.401,30.401,30.401,30.401,30.401,30.401,30.401,30.401,30.401,30.401,30.401,30.401,30.401,30.401,30.401,30.401,30.401,30.401,30.401,30.401,30.401,30.401,30.401,30.401,7.23114,6.81785,6.42798,6.06046,5.71398,5.38736,5.07933,4.78898,4.51519,4.25705,4.01363,3.78419,3.56785,3.36387,3.17156,2.99021,2.81926,2.65809,2.50611,2.36285,2.22777,2.10039,1.98031,1.86711,1.76036,1.65971,1.56482,1.47536,1.39102,1.31149,1.23651,1.16582,1.09917,1.03633,0.977082,0.921221,0.868553,0.818898,0.772079,0.727939,0.686322,0.647084,0.610091,0.575211,0.542326,0.511321,0.482088,0.454527,0.428541
0.900249,30.401,30.401,30.401,30.401,30.401,30.401,30.401,30.401,30.401,30.401,30.401,30.401,30.401,30.401,30.401,30.401,30.401,30.401,30.401,30.401,30.401,30.401,30.401,30.401,30.401,30.401,30.401,30.401,30.401,30.401,30.401,30.401,30.401,30.401,30.401,30.401,30.401,30.401,30.401,30.401,30.401,30.401,30.401,6.91996,6.52425,6.15123,5.79956,5.46805,5.15541,4.86071,4.58281,4.32081,4.07374,3.84087,3.62128,3.41425,3.21906,3.03499,2.86149,2.6979,2.54365,2.39824,2.26113,2.13185,2.00997,1.89507,1.78673,1.68457,1.58826,1.49746,1.41185,1.33114,1.25503,1.18328,1.11563,1.05185,0.991716,0.935019,0.881561,0.831163,0.783643,0.738841,0.696601,0.656776,0.619228,0.583827,0.550449,0.518979,0.489309,0.461334,0.434959
0.903395,30.401,30.401,30.401,30.401,30.401,30.401,30.401,30.401,30.401,30.401,30.401,30.401,30.401,30.401,30.401,30.401,30.401,30.401,30.401,30.401,30.401,30.401,30.401,30.401,30.401,30.401,30.401,30.401,30.401,30.401,30.401,30.401,30.401,30.401,30.401,30.401,30.401,30.401,30.401,30.401,30.401,30.401,30.401,7.02399,6.62233,6.2437,5.88674,5.55025,5.23291,4.93378,4.65171,4.38577,4.13498,3.89861,3.67572,3.46558,3.26745,3.08062,2.90451,2.73845,2.58189,2.43429,2.29512,2.1639,2.04019,1.92356,1.81359,1.70989,1.61214,1.51997,1.43308,1.35115,1.2739,1.20107,1.1324,1.06766,1.00662,0.949075,0.894814,0.843658,0.795424,0.749949,0.707073,0.666649,0.628537,0.592603,0.558724,0.526781,0.496665,0.468269,0.441498
0.906439,30.401,30.401,30.401,30.401,30.401,30.401,30.401,30.401,30.401,30.401,30.401,30.401,30.401,30.401,30.401,30.401,30.401,30.401,30.401,30.401,30.401,30.401,30.401,30.401,30.401,30.401,30.401,30.401,30.401,30.401,30.401,30.401,30.401,30.401,30.401,30.401,30.401,30.401,30.401,30.401,30.401,30.401,30.401,30.401,6.72226,6.33791,5.97557,5.634,5.31187,5.00823,4.7219,4.45195,4.19737,3.95743,3.73119,3.51787,3.31676,3.1271,2.94833,2.77978,2.62085,2.47102,2.32976,2.19655,2.07097,1.95258,1.84095,1.73569,1.63646,1.54291,1.4547,1.37154,1.29312,1.21919,1.14949,1.08377,1.02181,0.963396,0.908316,0.856388,0.807426,0.761265,0.717742,0.676709,0.638021,0.601545,0.567154,0.534729,0.504159,0.475335,0.44816
0.909384,30.401,30.401,30.401,30.401,30.401,30.401,30.401,30.401,30.401,30.401,30.401,30.401,30.401,30.401,30.401,30.401,30.401,30.401,30.401,30.401,30.401,30.401,30.401,30.401,30.401,30.401,30.401,30.401,30.401,30.401,30.401,30.401,30.401,30.401,30.401,30.401,30.401,30.401,30.401,30.401,30.401,30.401,30.401,30.401,6.82429,6.43411,6.06627,5.71952,5.3925,5.08424,4.79357,4.51952,4.26108,4.0175,3.78782,3.57127,3.3671,3.17457,2.99308,2.82197,2.66063,2.50853,2.36512,2.22989,2.1024,1.98222,1.8689,1.76204,1.6613,1.56632,1.47678,1.39235,1.31275,1.2377,1.16693,1.10022,1.03732,0.978019,0.922102,0.869386,0.819681,0.77282,0.728637,0.68698,0.647706,0.610676,0.575763,0.542846,0.511811,0.48255,0.454962
0.912233,30.401,30.401,30.401,30.401,30.401,30.401,30.401,30.401,30.401,30.401,30.401,30.401,30.401,30.401,30.401,30.401,30.401,30.401,30.401,30.401,30.401,30.401,30.401,30.401,30.401,30.401,30.401,30.401,30.401,30.401,30.401,30.401,30.401,30.401,30.401,30.401,30.401,30.401,30.401,30.401,30.401,30.401,30.401,30.401,30.401,6.5322,6.15875,5.80671,5.4747,5.16175,4.86664,4.58842,4.32604,4.07874,3.84556,3.62571,3.41843,3.22296,3.03871,2.86499,2.70119,2.54677,2.40117,2.26388,2.13445,2.01244,1.89738,1.7889,1.68663,1.5902,1.49929,1.41358,1.33276,1.25657,1.18472,1.11699,1.05314,0.992928,0.936159,0.882639,0.832177,0.784601,0.739744,0.697452,0.657579,0.619985,0.58454,0.551121,0.519613,0.489906,0.461898
0.91499,30.401,30.401,30.401,30.401,30.401,30.401,30.401,30.401,30.401,30.401,30.401,30.401,30.401,30.401,30.401,30.401,30.401,30.401,30.401,30.401,30.401,30.401,30.401,30.401,30.401,30.401,30.401,30.401,30.401,30.401,30.401,30.401,30.401,30.401,30.401,30.401,30.401,30.401,30.401,30.401,30.401,30.401,30.401,30.401,30.401,6.63234,6.25316,5.89573,5.55863,5.24088,4.94125,4.65876,4.39236,4.14127,3.90452,3.68129,3.47084,3.27237,3.0853,2.90891,2.7426,2.58581,2.43798,2.29859,2.16718,2.04329,1.92647,1.81632,1.71248,1.61458,1.52228,1.43525,1.35319,1.27583,1.20289,1.13412,1.06928,1.00815,0.950511,0.896171,0.844934,0.796629,0.751085,0.708145,0.66766,0.62949,0.593501,0.55957,0.527579,0.497417,0.468979
0.917657,30.401,30.401,30.401,30.401,30.401,30.401,30.401,30.401,30.401,30.401,30.401,30.401,30.401,30.401,30.401,30.401,30.401,30.401,30.401,30.401,30.401,30.401,30.401,30.401,30.401,30.401,30.401,30.401,30.401,30.401,30.401,30.401,30.401,30.401,30.401,30.401,30.401,30.401,30.401,30.401,30.401,30.401,30.401,30.401,30.401,30.401,6.34963,5.98668,5.64438,5.32173,5.01748,4.73063,4.46012,4.20516,3.96475,3.73808,3.52438,3.32286,3.13289,2.95378,2.78491,2.6257,2.47559,2.33405,2.20061,2.07481,1.95619,1.84434,1.7389,1.63949,1.54576,1.45739,1.37407,1.29551,1.22144,1.15161,1.08578,1.0237,0.965174,0.909996,0.857969,0.808918,0.762672,0.719069,0.67796,0.639201,0.602657,0.568202,0.535718,0.50509,0.476214
0.920238,30.401,30.401,30.401,30.401,30.401,30.401,30.401,30.401,30.401,30.401,30.401,30.401,30.401,30.401,30.401,30.401,30.401,30.401,30.401,30.401,30.401,30.401,30.401,30.401,30.401,30.401,30.401,30.401,30.401,30.401,30.401,30.401,30.401,30.401,30.401,30.401,30.401,30.401,30.401,30.401,30.401,30.401,30.401,30.401,30.401,30.401,6.44823,6.07964,5.73203,5.40437,5.09539,4.80409,4.52938,4.27046,4.02632,3.79613,3.57911,3.37446,3.18154,2.99965,2.82815,2.66648,2.51404,2.37029,2.23478,2.10703,1.98657,1.87298,1.7659,1.66495,1.56977,1.48002,1.39541,1.31563,1.24041,1.1695,1.10264,1.0396,0.980162,0.924127,0.871292,0.82148,0.774515,0.730235,0.688488,0.649127,0.612016,0.577026,0.544037,0.512934,0.483609
0.922735,30.401,30.401,30.401,30.401,30.401,30.401,30.401,30.401,30.401,30.401,30.401,30.401,30.401,30.401,30.401,30.401,30.401,30.401,30.401,30.401,30.401,30.401,30.401,30.401,30.401,30.401,30.401,30.401,30.401,30.401,30.401,30.401,30.401,30.401,30.401,30.401,30.401,30.401,30.401,30.401,30.401,30.401,30.401,30.401,30.401,30.401,30.401,6.17476,5.82171,5.48892,5.17511,4.87925,4.60024,4.33727,4.08931,3.85552,3.6351,3.42725,3.23132,3.04658,2.8724,2.70819,2.55337,2.40738,2.26974,2.14,2.01765,1.90229,1.79353,1.691,1.59433,1.50318,1.41724,1.33621,1.25982,1.18779,1.11989,1.05586,0.995497,0.938585,0.884924,0.834332,0.786632,0.74166,0.69926,0.659282,0.621591,0.586053,0.552549,0.520958,0.491175
0.925151,30.401,30.401,30.401,30.401,30.401,30.401,30.401,30.401,30.401,30.401,30.401,30.401,30.401,30.401,30.401,30.401,30.401,30.401,30.401,30.401,30.401,30.401,30.401,30.401,30.401,30.401,30.401,30.401,30.401,30.401,30.401,30.401,30.401,30.401,30.401,30.401,30.401,30.401,30.401,30.401,30.401,30.401,30.401,30.401,30.401,30.401,30.401,6.27208,5.91347,5.57543,5.25668,4.95615,4.67275,4.40563,4.15376,3.91629,3.6924,3.48127,3.28225,3.0946,2.91767,2.75088,2.59361,2.44532,2.30552,2.17372,2.04945,1.93227,1.8218,1.71765,1.61945,1.52687,1.43958,1.35727,1.27967,1.20651,1.13754,1.07251,1.01119,0.953378,0.898871,0.847482,0.79903,0.753349,0.710281,0.669673,0.631387,0.59529,0.561257,0.529169,0.498916
0.927489,30.401,30.401,30.401,30.401,30.401,30.401,30.401,30.401,30.401,30.401,30.401,30.401,30.401,30.401,30.401,30.401,30.401,30.401,30.401,30.401,30.401,30.401,30.401,30.401,30.401,30.401,30.401,30.401,30.401,30.401,30.401,30.401,30.401,30.401,30.401,30.401,30.401,30.401,30.401,30.401,30.401,30.401,30.401,30.401,30.401,30.401,30.401,30.401,6.0074,5.66399,5.34017,5.03487,4.74697,4.47561,4.21974,3.97849,3.75105,3.53656,3.33438,3.14375,2.96401,2.79457,2.63481,2.48416,2.34214,2.20825,2.082,1.96296,1.85074,1.74493,1.64518,1.55112,1.46244,1.37883,1.3,1.22568,1.15561,1.08954,1.02725,0.968521,0.913148,0.860943,0.811722,0.765315,0.721563,0.68031,0.641416,0.604746,0.570172,0.537574,0.506841
0.929751,30.401,30.401,30.401,30.401,30.401,30.401,30.401,30.401,30.401,30.401,30.401,30.401,30.401,30.401,30.401,30.401,30.401,30.401,30.401,30.401,30.401,30.401,30.401,30.401,30.401,30.401,30.401,30.401,30.401,30.401,30.401,30.401,30.401,30.401,30.401,30.401,30.401,30.401,30.401,30.401,30.401,30.401,30.401,30.401,30.401,30.401,30.401,30.401,6.10366,5.75476,5.42575,5.11556,4.82304,4.54733,4.28736,4.04225,3.81116,3.59323,3.38781,3.19413,3.01151,2.83935,2.67703,2.52397,2.37967,2.24364,2.11537,1.99442,1.88039,1.77289,1.67154,1.57598,1.48588,1.40093,1.32083,1.24532,1.17413,1.107,1.04371,0.984042,0.927781,0.874739,0.82473,0.777579,0.733125,0.691212,0.651695,0.614437,0.579309,0.546189,0.514963
0.931941,30.401,30.401,30.401,30.401,30.401,30.401,30.401,30.401,30.401,30.401,30.401,30.401,30.401,30.401,30.401,30.401,30.401,30.401,30.401,30.401,30.401,30.401,30.401,30.401,30.401,30.401,30.401,30.401,30.401,30.401,30.401,30.401,30.401,30.401,30.401,30.401,30.401,30.401,30.401,30.401,30.401,30.401,30.401,30.401,30.401,30.401,30.401,30.401,30.401,5.84786,5.51353,5.19832,4.90107,4.6209,4.35672,4.10765,3.87281,3.65137,3.44262,3.24581,3.06023,2.88529,2.72034,2.5648,2.41817,2.27994,2.14959,2.02668,1.91082,1.80158,1.69858,1.60147,1.50992,1.42359,1.3422,1.26547,1.19312,1.12491,1.0606,0.999962,0.942791,0.888891,0.838072,0.790159,0.744986,0.702395,0.662238,0.624377,0.588681,0.555025,0.523294
0.93406,30.401,30.401,30.401,30.401,30.401,30.401,30.401,30.401,30.401,30.401,30.401,30.401,30.401,30.401,30.401,30.401,30.401,30.401,30.401,30.401,30.401,30.401,30.401,30.401,30.401,30.401,30.401,30.401,30.401,30.401,30.401,30.401,30.401,30.401,30.401,30.401,30.401,30.401,30.401,30.401,30.401,30.401,30.401,30.401,30.401,30.401,30.401,30.401,30.401,5.94345,5.60365,5.28329,4.98118,4.69643,4.42794,4.17479,3.93612,3.71105,3.4989,3.29886,3.11026,2.93245,2.76481,2.60673,2.4577,2.3172,2.18473,2.05981,1.94205,1.83102,1.72635,1.62765,1.5346,1.44686,1.36414,1.28615,1.21262,1.1433,1.07793,1.01631,0.958203,0.903421,0.851772,0.803075,0.757164,0.713876,0.673063,0.634583,0.598304,0.564098,0.531848
0.93611,30.401,30.401,30.401,30.401,30.401,30.401,30.401,30.401,30.401,30.401,30.401,30.401,30.401,30.401,30.401,30.401,30.401,30.401,30.401,30.401,30.401,30.401,30.401,30.401,30.401,30.401,30.401,30.401,30.401,30.401,30.401,30.401,30.401,30.401,30.401,30.401,30.401,30.401,30.401,30.401,30.401,30.401,30.401,30.401,30.401,30.401,30.401,30.401,30.401,30.401,5.69614,5.37049,5.06339,4.77395,4.50102,4.24369,4.00108,3.7723,3.55664,3.35331,3.16159,2.98085,2.81044,2.64975,2.49826,2.35545,2.22078,2.09381,1.9741,1.86124,1.75484,1.65452,1.55992,1.47074,1.38665,1.30738,1.23264,1.16217,1.09572,1.03308,0.974017,0.918332,0.86583,0.81633,0.76966,0.725658,0.684172,0.645057,0.608179,0.573408,0.540626
0.938095,30.401,30.401,30.401,30.401,30.401,30.401,30.401,30.401,30.401,30.401,30.401,30.401,30.401,30.401,30.401,30.401,30.401,30.401,30.401,30.401,30.401,30.401,30.401,30.401,30.401,30.401,30.401,30.401,30.401,30.401,30.401,30.401,30.401,30.401,30.401,30.401,30.401,30.401,30.401,30.401,30.401,30.401,30.401,30.401,30.401,30.401,30.401,30.401,30.401,30.401,5.79122,5.46013,5.14791,4.85363,4.57615,4.31453,4.06787,3.83527,3.61601,3.40928,3.21436,3.03061,2.85735,2.69398,2.53996,2.39476,2.25785,2.12876,2.00705,1.89231,1.78413,1.68213,1.58596,1.49529,1.4098,1.3292,1.25321,1.18157,1.11401,1.05032,0.990275,0.93366,0.880282,0.829956,0.782507,0.737771,0.695592,0.655824,0.61833,0.582979,0.54965
0.940016,30.401,30.401,30.401,30.401,30.401,30.401,30.401,30.401,30.401,30.401,30.401,30.401,30.401,30.401,30.401,30.401,30.401,30.401,30.401,30.401,30.401,30.401,30.401,30.401,30.401,30.401,30.401,30.401,30.401,30.401,30.401,30.401,30.401,30.401,30.401,30.401,30.401,30.401,30.401,30.401,30.401,30.401,30.401,30.401,30.401,30.401,30.401,30.401,30.401,30.401,30.401,5.55171,5.23425,4.93503,4.6529,4.38689,4.13609,3.89959,3.67666,3.46646,3.26827,3.08144,2.90527,2.73916,2.58256,2.43493,2.29572,2.16446,2.04072,1.92405,1.81406,1.71035,1.61256,1.52037,1.43344,1.3515,1.27423,1.20138,1.1327,1.06794,1.00688,0.949319,0.895046,0.843875,0.795631,0.750144,0.707258,0.666823,0.628701,0.592757,0.558869
0.941875,30.401,30.401,30.401,30.401,30.401,30.401,30.401,30.401,30.401,30.401,30.401,30.401,30.401,30.401,30.401,30.401,30.401,30.401,30.401,30.401,30.401,30.401,30.401,30.401,30.401,30.401,30.401,30.401,30.401,30.401,30.401,30.401,30.401,30.401,30.401,30.401,30.401,30.401,30.401,30.401,30.401,30.401,30.401,30.401,30.401,30.401,30.401,30.401,30.401,30.401,30.401,5.64711,5.3242,5.01984,4.73286,4.46228,4.20717,3.9666,3.73984,3.52603,3.32444,3.13439,2.9552,2.78623,2.62694,2.47677,2.33517,2.20166,2.07579,1.95711,1.84523,1.73974,1.64027,1.5465,1.45808,1.37472,1.29613,1.22203,1.15216,1.08629,1.02419,0.965633,0.910427,0.858377,0.809304,0.763035,0.719412,0.678282,0.639505,0.602943,0.568473
0.943675,30.401,30.401,30.401,30.401,30.401,30.401,30.401,30.401,30.401,30.401,30.401,30.401,30.401,30.401,30.401,30.401,30.401,30.401,30.401,30.401,30.401,30.401,30.401,30.401,30.401,30.401,30.401,30.401,30.401,30.401,30.401,30.401,30.401,30.401,30.401,30.401,30.401,30.401,30.401,30.401,30.401,30.401,30.401,30.401,30.401,30.401,30.401,30.401,30.401,30.401,30.401,30.401,5.41636,5.10673,4.81478,4.53952,4.28,4.03526,3.80457,3.58707,3.38198,3.18864,3.00635,2.83446,2.67241,2.51964,2.37559,2.23976,2.11172,1.99099,1.87717,1.76985,1.66867,1.57327,1.48332,1.39852,1.31856,1.24318,1.1721,1.1051,1.04191,0.982348,0.926186,0.873235,0.823313,0.776243,0.731865,0.690023,0.650574,0.61338,0.578313
0.945417,30.401,30.401,30.401,30.401,30.401,30.401,30.401,30.401,30.401,30.401,30.401,30.401,30.401,30.401,30.401,30.401,30.401,30.401,30.401,30.401,30.401,30.401,30.401,30.401,30.401,30.401,30.401,30.401,30.401,30.401,30.401,30.401,30.401,30.401,30.401,30.401,30.401,30.401,30.401,30.401,30.401,30.401,30.401,30.401,30.401,30.401,30.401,30.401,30.401,30.401,30.401,30.401,5.51133,5.19628,4.89921,4.61912,4.35505,4.10602,3.87129,3.64996,3.44128,3.24456,3.05907,2.88416,2.71927,2.56383,2.41725,2.27904,2.14874,2.0259,1.91009,1.80089,1.69793,1.60085,1.50933,1.42304,1.34168,1.26498,1.19266,1.12447,1.06018,0.999573,0.942426,0.888547,0.837749,0.789855,0.744698,0.702123,0.661982,0.624135,0.588453
0.947103,30.401,30.401,30.401,30.401,30.401,30.401,30.401,30.401,30.401,30.401,30.401,30.401,30.401,30.401,30.401,30.401,30.401,30.401,30.401,30.401,30.401,30.401,30.401,30.401,30.401,30.401,30.401,30.401,30.401,30.401,30.401,30.401,30.401,30.401,30.401,30.401,30.401,30.401,30.401,30.401,30.401,30.401,30.401,30.401,30.401,30.401,30.401,30.401,30.401,30.401,30.401,30.401,30.401,5.28854,4.98619,4.70113,4.43237,4.17892,3.94002,3.71477,3.50238,3.30216,3.11338,2.93537,2.76755,2.60935,2.46017,2.3195,2.18689,2.06187,1.944,1.83286,1.72807,1.62928,1.53612,1.4483,1.36551,1.28744,1.21383,1.14444,1.07901,1.01732,0.959159,0.904323,0.852623,0.803878,0.75792,0.714588,0.673735,0.635217,0.598901
0.948736,30.401,30.401,30.401,30.401,30.401,30.401,30.401,30.401,30.401,30.401,30.401,30.401,30.401,30.401,30.401,30.401,30.401,30.401,30.401,30.401,30.401,30.401,30.401,30.401,30.401,30.401,30.401,30.401,30.401,30.401,30.401,30.401,30.401,30.401,30.401,30.401,30.401,30.401,30.401,30.401,30.401,30.401,30.401,30.401,30.401,30.401,30.401,30.401,30.401,30.401,30.401,30.401,30.401,5.38384,5.07604,4.78584,4.51224,4.25423,4.01102,3.78171,3.5655,3.36167,3.16949,2.98826,2.81743,2.65637,2.5045,2.3613,2.2263,2.09903,1.97903,1.86589,1.75921,1.65864,1.56381,1.4744,1.39011,1.31064,1.23571,1.16506,1.09845,1.03565,0.976443,0.920619,0.867988,0.818364,0.771578,0.727466,0.685876,0.646664,0.609694
0.950317,30.401,30.401,30.401,30.401,30.401,30.401,30.401,30.401,30.401,30.401,30.401,30.401,30.401,30.401,30.401,30.401,30.401,30.401,30.401,30.401,30.401,30.401,30.401,30.401,30.401,30.401,30.401,30.401,30.401,30.401,30.401,30.401,30.401,30.401,30.401,30.401,30.401,30.401,30.401,30.401,30.401,30.401,30.401,30.401,30.401,30.401,30.401,30.401,30.401,30.401,30.401,30.401,30.401,30.401,5.16887,4.87337,4.59476,4.33203,4.08437,3.85087,3.6307,3.42315,3.22745,3.04291,2.86895,2.70495,2.5503,2.40448,2.26702,2.13741,2.01522,1.90001,1.79138,1.68897,1.5924,1.50137,1.41553,1.33461,1.2583,1.18637,1.11854,1.05459,0.9943,0.937455,0.883861,0.83333,0.785688,0.740769,0.698419,0.658489,0.620843
0.951847,30.401,30.401,30.401,30.401,30.401,30.401,30.401,30.401,30.401,30.401,30.401,30.401,30.401,30.401,30.401,30.401,30.401,30.401,30.401,30.401,30.401,30.401,30.401,30.401,30.401,30.401,30.401,30.401,30.401,30.401,30.401,30.401,30.401,30.401,30.401,30.401,30.401,30.401,30.401,30.401,30.401,30.401,30.401,30.401,30.401,30.401,30.401,30.401,30.401,30.401,30.401,30.401,30.401,30.401,5.26468,4.9637,4.67993,4.41233,4.16008,3.92225,3.698,3.4866,3.28727,3.09932,2.92213,2.75508,2.59757,2.44905,2.30904,2.17703,2.05258,1.93523,1.82459,1.72028,1.62192,1.5292,1.44177,1.35935,1.28163,1.20836,1.13927,1.07414,1.01273,0.954832,0.900245,0.848777,0.800252,0.7545,0.711365,0.670695,0.632351
0.953329,30.401,30.401,30.401,30.401,30.401,30.401,30.401,30.401,30.401,30.401,30.401,30.401,30.401,30.401,30.401,30.401,30.401,30.401,30.401,30.401,30.401,30.401,30.401,30.401,30.401,30.401,30.401,30.401,30.401,30.401,30.401,30.401,30.401,30.401,30.401,30.401,30.401,30.401,30.401,30.401,30.401,30.401,30.401,30.401,30.401,30.401,30.401,30.401,30.401,30.401,30.401,30.401,30.401,30.401,30.401,5.05718,4.76806,4.49542,4.23843,3.99611,3.76764,3.55226,3.34918,3.15768,2.97716,2.80697,2.64649,2.49518,2.35252,2.21803,2.09123,1.97167,1.85895,1.75267,1.65247,1.558,1.46893,1.38495,1.30576,1.23111,1.16073,1.09437,1.0318,0.972814,0.917199,0.864762,0.815323,0.768709,0.724762,0.683326,0.64426
0.954763,30.401,30.401,30.401,30.401,30.401,30.401,30.401,30.401,30.401,30.401,30.401,30.401,30.401,30.401,30.401,30.401,30.401,30.401,30.401,30.401,30.401,30.401,30.401,30.401,30.401,30.401,30.401,30.401,30.401,30.401,30.401,30.401,30.401,30.401,30.401,30.401,30.401,30.401,30.401,30.401,30.401,30.401,30.401,30.401,30.401,30.401,30.401,30.401,30.401,30.401,30.401,30.401,30.401,30.401,30.401,5.15383,4.85919,4.58134,4.31943,4.07249,3.83965,3.62015,3.41319,3.21803,3.03406,2.86062,2.69707,2.54286,2.39749,2.26042,2.1312,2.00936,1.89448,1.78617,1.68405,1.58777,1.497,1.41142,1.33072,1.25464,1.18291,1.11528,1.05152,0.991406,0.934728,0.881289,0.830905,0.783401,0.738614,0.696386,0.656573
0.956153,30.401,30.401,30.401,30.401,30.401,30.401,30.401,30.401,30.401,30.401,30.401,30.401,30.401,30.401,30.401,30.401,30.401,30.401,30.401,30.401,30.401,30.401,30.401,30.401,30.401,30.401,30.401,30.401,30.401,30.401,30.401,30.401,30.401,30.401,30.401,30.401,30.401,30.401,30.401,30.401,30.401,30.401,30.401,30.401,30.401,30.401,30.401,30.401,30.401,30.401,30.401,30.401,30.401,30.401,30.401,30.401,4.95371,4.67046,4.40345,4.15171,3.91434,3.69057,3.47958,3.28063,3.09308,2.91626,2.74954,2.59233,2.44412,2.30439,2.17266,2.04844,1.93133,1.82092,1.71681,1.61866,1.52612,1.43887,1.35661,1.27905,1.20592,1.13698,1.07198,1.01069,0.952911,0.898432,0.847068,0.79864,0.752981,0.709932,0.669345
0.957498,30.401,30.401,30.401,30.401,30.401,30.401,30.401,30.401,30.401,30.401,30.401,30.401,30.401,30.401,30.401,30.401,30.401,30.401,30.401,30.401,30.401,30.401,30.401,30.401,30.401,30.401,30.401,30.401,30.401,30.401,30.401,30.401,30.401,30.401,30.401,30.401,30.401,30.401,30.401,30.401,30.401,30.401,30.401,30.401,30.401,30.401,30.401,30.401,30.401,30.401,30.401,30.401,30.401,30.401,30.401,30.401,5.05145,4.7626,4.49033,4.23362,3.99157,3.76338,3.54823,3.34536,3.1541,2.9738,2.80378,2.64347,2.49234,2.34986,2.21552,2.08886,1.96944,1.85684,1.75068,1.65059,1.55623,1.46726,1.38337,1.30428,1.22972,1.15941,1.09313,1.03063,0.971711,0.916158,0.86378,0.814397,0.767838,0.723939,0.682551
0.958801,30.401,30.401,30.401,30.401,30.401,30.401,30.401,30.401,30.401,30.401,30.401,30.401,30.401,30.401,30.401,30.401,30.401,30.401,30.401,30.401,30.401,30.401,30.401,30.401,30.401,30.401,30.401,30.401,30.401,30.401,30.401,30.401,30.401,30.401,30.401,30.401,30.401,30.401,30.401,30.401,30.401,30.401,30.401,30.401,30.401,30.401,30.401,30.401,30.401,30.401,30.401,30.401,30.401,30.401,30.401,30.401,30.401,4.85831,4.58057,4.31869,4.07178,3.83901,3.61954,3.41258,3.21749,3.03356,2.86013,2.69659,2.54243,2.39708,2.26004,2.13084,2.00901,1.89416,1.78586,1.68376,1.5875,1.49674,1.41117,1.33049,1.25443,1.18271,1.11509,1.05134,0.991238,0.934568,0.881138,0.830762,0.783267,0.738487,0.696267
0.960063,30.401,30.401,30.401,30.401,30.401,30.401,30.401,30.401,30.401,30.401,30.401,30.401,30.401,30.401,30.401,30.401,30.401,30.401,30.401,30.401,30.401,30.401,30.401,30.401,30.401,30.401,30.401,30.401,30.401,30.401,30.401,30.401,30.401,30.401,30.401,30.401,30.401,30.401,30.401,30.401,30.401,30.401,30.401,30.401,30.401,30.401,30.401,30.401,30.401,30.401,30.401,30.401,30.401,30.401,30.401,30.401,30.401,4.95705,4.67366,4.40646,4.15453,3.91703,3.6931,3.48194,3.28288,3.09521,2.91825,2.7514,2.5941,2.44579,2.30597,2.17414,2.04984,1.93265,1.82215,1.71798,1.61977,1.52716,1.43985,1.35753,1.27992,1.20675,1.13776,1.07271,1.01138,0.953562,0.899046,0.847646,0.799186,0.753495,0.710417
0.961285,30.401,30.401,30.401,30.401,30.401,30.401,30.401,30.401,30.401,30.401,30.401,30.401,30.401,30.401,30.401,30.401,30.401,30.401,30.401,30.401,30.401,30.401,30.401,30.401,30.401,30.401,30.401,30.401,30.401,30.401,30.401,30.401,30.401,30.401,30.401,30.401,30.401,30.401,30.401,30.401,30.401,30.401,30.401,30.401,30.401,30.401,30.401,30.401,30.401,30.401,30.401,30.401,30.401,30.401,30.401,30.401,30.401,30.401,4.77036,4.49764,4.24049,3.99808,3.76951,3.55398,3.3508,3.15925,2.97863,2.80833,2.64777,2.4964,2.35369,2.21913,2.09225,1.97264,1.85985,1.75353,1.65328,1.55876,1.46964,1.38562,1.3064,1.23172,1.1613,1.0949,1.03231,0.973292,0.917648,0.865185,0.815722,0.769086,0.725117
0.962468,30.401,30.401,30.401,30.401,30.401,30.401,30.401,30.401,30.401,30.401,30.401,30.401,30.401,30.401,30.401,30.401,30.401,30.401,30.401,30.401,30.401,30.401,30.401,30.401,30.401,30.401,30.401,30.401,30.401,30.401,30.401,30.401,30.401,30.401,30.401,30.401,30.401,30.401,30.401,30.401,30.401,30.401,30.401,30.401,30.401,30.401,30.401,30.401,30.401,30.401,30.401,30.401,30.401,30.401,30.401,30.401,30.401,30.401,4.87051,4.59206,4.32952,4.08201,3.84865,3.62859,3.42115,3.22558,3.04117,2.86728,2.70336,2.54881,2.4031,2.26571,2.13618,2.01405,1.8989,1.79034,1.68799,1.59149,1.5005,1.41471,1.33383,1.25757,1.18568,1.11789,1.05398,0.993725,0.936913,0.883348,0.832847,0.785231,0.74034
0.963615,30.401,30.401,30.401,30.401,30.401,30.401,30.401,30.401,30.401,30.401,30.401,30.401,30.401,30.401,30.401,30.401,30.401,30.401,30.401,30.401,30.401,30.401,30.401,30.401,30.401,30.401,30.401,30.401,30.401,30.401,30.401,30.401,30.401,30.401,30.401,30.401,30.401,30.401,30.401,30.401,30.401,30.401,30.401,30.401,30.401,30.401,30.401,30.401,30.401,30.401,30.401,30.401,30.401,30.401,30.401,30.401,30.401,30.401,30.401,4.68989,4.42175,4.16898,3.93064,3.7059,3.49403,3.2943,3.10596,2.92837,2.76095,2.60311,2.45429,2.31398,2.18169,2.05696,1.93935,1.82848,1.72395,1.62539,1.53246,1.44485,1.36225,1.28437,1.21094,1.14171,1.07644,1.0149,0.956873,0.902167,0.85059,0.80196,0.756112
0.964725,30.401,30.401,30.401,30.401,30.401,30.401,30.401,30.401,30.401,30.401,30.401,30.401,30.401,30.401,30.401,30.401,30.401,30.401,30.401,30.401,30.401,30.401,30.401,30.401,30.401,30.401,30.401,30.401,30.401,30.401,30.401,30.401,30.401,30.401,30.401,30.401,30.401,30.401,30.401,30.401,30.401,30.401,30.401,30.401,30.401,30.401,30.401,30.401,30.401,30.401,30.401,30.401,30.401,30.401,30.401,30.401,30.401,30.401,30.401,4.79117,4.51724,4.25901,4.01552,3.78593,3.56949,3.36544,3.17303,2.99161,2.82058,2.65932,2.5073,2.36395,2.2288,2.10138,1.98124,1.86797,1.76118,1.66049,1.56556,1.47605,1.39166,1.3121,1.23709,1.16636,1.09968,1.03681,0.977537,0.92165,0.868959,0.819279,0.772441
0.965801,30.401,30.401,30.401,30.401,30.401,30.401,30.401,30.401,30.401,30.401,30.401,30.401,30.401,30.401,30.401,30.401,30.401,30.401,30.401,30.401,30.401,30.401,30.401,30.401,30.401,30.401,30.401,30.401,30.401,30.401,30.401,30.401,30.401,30.401,30.401,30.401,30.401,30.401,30.401,30.401,30.401,30.401,30.401,30.401,30.401,30.401,30.401,30.401,30.401,30.401,30.401,30.401,30.401,30.401,30.401,30.401,30.401,30.401,30.401,30.401,4.61599,4.35211,4.1033,3.86869,3.64751,3.439,3.24239,3.057,2.88223,2.71746,2.56211,2.41563,2.27752,2.14732,2.02454,1.9088,1.79968,1.69679,1.59978,1.50832,1.42209,1.34078,1.26413,1.19186,1.12372,1.05948,0.998906,0.941797,0.887954,0.837188,0.789326
0.966843,30.401,30.401,30.401,30.401,30.401,30.401,30.401,30.401,30.401,30.401,30.401,30.401,30.401,30.401,30.401,30.401,30.401,30.401,30.401,30.401,30.401,30.401,30.401,30.401,30.401,30.401,30.401,30.401,30.401,30.401,30.401,30.401,30.401,30.401,30.401,30.401,30.401,30.401,30.401,30.401,30.401,30.401,30.401,30.401,30.401,30.401,30.401,30.401,30.401,30.401,30.401,30.401,30.401,30.401,30.401,30.401,30.401,30.401,30.401,30.401,4.71834,4.44861,4.19428,3.95447,3.72839,3.51526,3.31429,3.12479,2.94614,2.77771,2.61891,2.46919,2.32802,2.19493,2.06943,1.95113,1.83958,1.73441,1.63525,1.54176,1.45362,1.37051,1.29216,1.21829,1.14864,1.08297,1.02105,0.962679,0.907642,0.855751,0.806827
0.967853,30.401,30.401,30.401,30.401,30.401,30.401,30.401,30.401,30.401,30.401,30.401,30.401,30.401,30.401,30.401,30.401,30.401,30.401,30.401,30.401,30.401,30.401,30.401,30.401,30.401,30.401,30.401,30.401,30.401,30.401,30.401,30.401,30.401,30.401,30.401,30.401,30.401,30.401,30.401,30.401,30.401,30.401,30.401,30.401,30.401,30.401,30.401,30.401,30.401,30.401,30.401,30.401,30.401,30.401,30.401,30.401,30.401,30.401,30.401,30.401,30.401,4.54821,4.28819,4.04301,3.81187,3.59397,3.38849,3.19475,3.01211,2.8399,2.67755,2.52448,2.38015,2.24407,2.11577,1.99481,1.88077,1.77325,1.67186,1.57628,1.48616,1.4012,1.32109,1.24556,1.17436,1.10722,1.04392,0.984234,0.927965,0.874912,0.824893
0.968831,30.401,30.401,30.401,30.401,30.401,30.401,30.401,30.401,30.401,30.401,30.401,30.401,30.401,30.401,30.401,30.401,30.401,30.401,30.401,30.401,30.401,30.401,30.401,30.401,30.401,30.401,30.401,30.401,30.401,30.401,30.401,30.401,30.401,30.401,30.401,30.401,30.401,30.401,30.401,30.401,30.401,30.401,30.401,30.401,30.401,30.401,30.401,30.401,30.401,30.401,30.401,30.401,30.401,30.401,30.401,30.401,30.401,30.401,30.401,30.401,30.401,4.65105,4.38516,4.13443,3.89806,3.67523,3.46511,3.26699,3.08021,2.90412,2.7381,2.58156,2.43397,2.29482,2.16361,2.03992,1.9233,1.81334,1.70967,1.61193,1.51977,1.43288,1.35096,1.27373,1.20091,1.13225,1.06752,1.00649,0.948947,0.894695,0.843544
0.969779,30.401,30.401,30.401,30.401,30.401,30.401,30.401,30.401,30.401,30.401,30.401,30.401,30.401,30.401,30.401,30.401,30.401,30.401,30.401,30.401,30.401,30.401,30.401,30.401,30.401,30.401,30.401,30.401,30.401,30.401,30.401,30.401,30.401,30.401,30.401,30.401,30.401,30.401,30.401,30.401,30.401,30.401,30.401,30.401,30.401,30.401,30.401,30.401,30.401,30.401,30.401,30.401,30.401,30.401,30.401,30.401,30.401,30.401,30.401,30.401,30.401,30.401,4.48513,4.22868,3.98693,3.75902,3.54411,3.34147,3.15043,2.97032,2.80052,2.64041,2.48945,2.34713,2.21293,2.08642,1.96714,1.85468,1.74864,1.64867,1.55442,1.46555,1.38176,1.30276,1.22829,1.15806,1.09186,1.02943,0.970581,0.915091,0.862775
0.970697,30.401,30.401,30.401,30.401,30.401,30.401,30.401,30.401,30.401,30.401,30.401,30.401,30.401,30.401,30.401,30.401,30.401,30.401,30.401,30.401,30.401,30.401,30.401,30.401,30.401,30.401,30.401,30.401,30.401,30.401,30.401,30.401,30.401,30.401,30.401,30.401,30.401,30.401,30.401,30.401,30.401,30.401,30.401,30.401,30.401,30.401,30.401,30.401,30.401,30.401,30.401,30.401,30.401,30.401,30.401,30.401,30.401,30.401,30.401,30.401,30.401,30.401,4.58807,4.32574,4.07844,3.84529,3.62545,3.41816,3.22274,3.0385,2.8648,2.70101,2.54659,2.401,2.26373,2.13431,2.01229,1.89725,1.78878,1.68651,1.59009,1.49919,1.41348,1.33267,1.25648,1.18464,1.11692,1.05306,0.992858,0.936094,0.882578
0.971587,30.401,30.401,30.401,30.401,30.401,30.401,30.401,30.401,30.401,30.401,30.401,30.401,30.401,30.401,30.401,30.401,30.401,30.401,30.401,30.401,30.401,30.401,30.401,30.401,30.401,30.401,30.401,30.401,30.401,30.401,30.401,30.401,30.401,30.401,30.401,30.401,30.401,30.401,30.401,30.401,30.401,30.401,30.401,30.401,30.401,30.401,30.401,30.401,30.401,30.401,30.401,30.401,30.401,30.401,30.401,30.401,30.401,30.401,30.401,30.401,30.401,30.401,30.401,4.4255,4.1725,3.93398,3.70907,3.49699,3.29707,3.10858,2.93087,2.76331,2.60532,2.45638,2.31593,2.18353,2.0587,1.94101,1.83003,1.72541,1.62676,1.53376,1.44607,1.3634,1.28546,1.21197,1.14268,1.07735,1.01576,0.957683,0.902932
0.972449,30.401,30.401,30.401,30.401,30.401,30.401,30.401,30.401,30.401,30.401,30.401,30.401,30.401,30.401,30.401,30.401,30.401,30.401,30.401,30.401,30.401,30.401,30.401,30.401,30.401,30.401,30.401,30.401,30.401,30.401,30.401,30.401,30.401,30.401,30.401,30.401,30.401,30.401,30.401,30.401,30.401,30.401,30.401,30.401,30.401,30.401,30.401,30.401,30.401,30.401,30.401,30.401,30.401,30.401,30.401,30.401,30.401,30.401,30.401,30.401,30.401,30.401,30.401,4.52804,4.26917,4.02512,3.795,3.57802,3.37346,3.1806,2.99877,2.82733,2.66569,2.51329,2.36959,2.23412,2.1064,1.98598,1.87243,1.76539,1.66445,1.5693,1.47958,1.39499,1.31524,1.24005,1.16915,1.10231,1.03929,0.979872,0.923852
0.973285,30.401,30.401,30.401,30.401,30.401,30.401,30.401,30.401,30.401,30.401,30.401,30.401,30.401,30.401,30.401,30.401,30.401,30.401,30.401,30.401,30.401,30.401,30.401,30.401,30.401,30.401,30.401,30.401,30.401,30.401,30.401,30.401,30.401,30.401,30.401,30.401,30.401,30.401,30.401,30.401,30.401,30.401,30.401,30.401,30.401,30.401,30.401,30.401,30.401,30.401,30.401,30.401,30.401,30.401,30.401,30.401,30.401,30.401,30.401,30.401,30.401,30.401,30.401,30.401,4.3682,4.11849,3.88303,3.66102,3.45171,3.25438,3.06833,2.89292,2.72752,2.57159,2.42456,2.28595,2.15526,2.03205,1.91587,1.80634,1.70307,1.6057,1.5139,1.42735,1.34575,1.26881,1.19627,1.12788,1.0634,1.0026,0.945283
0.974094,30.401,30.401,30.401,30.401,30.401,30.401,30.401,30.401,30.401,30.401,30.401,30.401,30.401,30.401,30.401,30.401,30.401,30.401,30.401,30.401,30.401,30.401,30.401,30.401,30.401,30.401,30.401,30.401,30.401,30.401,30.401,30.401,30.401,30.401,30.401,30.401,30.401,30.401,30.401,30.401,30.401,30.401,30.401,30.401,30.401,30.401,30.401,30.401,30.401,30.401,30.401,30.401,30.401,30.401,30.401,30.401,30.401,30.401,30.401,30.401,30.401,30.401,30.401,30.401,4.46959,4.21408,3.97316,3.74599,3.53183,3.32991,3.13955,2.96006,2.79083,2.63128,2.48083,2.33901,2.20529,2.07921,1.96034,1.84826,1.74259,1.64297,1.54904,1.46048,1.37698,1.29826,1.22404,1.15406,1.08808,1.02587,0.967223
0.974879,30.401,30.401,30.401,30.401,30.401,30.401,30.401,30.401,30.401,30.401,30.401,30.401,30.401,30.401,30.401,30.401,30.401,30.401,30.401,30.401,30.401,30.401,30.401,30.401,30.401,30.401,30.401,30.401,30.401,30.401,30.401,30.401,30.401,30.401,30.401,30.401,30.401,30.401,30.401,30.401,30.401,30.401,30.401,30.401,30.401,30.401,30.401,30.401,30.401,30.401,30.401,30.401,30.401,30.401,30.401,30.401,30.401,30.401,30.401,30.401,30.401,30.401,30.401,30.401,30.401,4.31386,4.06723,3.83468,3.61545,3.40876,3.21388,3.03015,2.85691,2.69358,2.53957,2.39439,2.2575,2.12844,2.00675,1.89202,1.78385,1.68187,1.58571,1.49506,1.40959,1.329,1.25302,1.18138,1.11384,1.05016,0.990124
0.97564,30.401,30.401,30.401,30.401,30.401,30.401,30.401,30.401,30.401,30.401,30.401,30.401,30.401,30.401,30.401,30.401,30.401,30.401,30.401,30.401,30.401,30.401,30.401,30.401,30.401,30.401,30.401,30.401,30.401,30.401,30.401,30.401,30.401,30.401,30.401,30.401,30.401,30.401,30.401,30.401,30.401,30.401,30.401,30.401,30.401,30.401,30.401,30.401,30.401,30.401,30.401,30.401,30.401,30.401,30.401,30.401,30.401,30.401,30.401,30.401,30.401,30.401,30.401,30.401,30.401,4.41146,4.15925,3.92144,3.69724,3.48587,3.28659,3.0987,2.92154,2.75452,2.59703,2.44856,2.30857,2.17659,2.05215,1.93483,1.82421,1.71992,1.62159,1.52888,1.44148,1.35907,1.28137,1.20811,1.13904,1.07392,1.01252
0.976377,30.401,30.401,30.401,30.401,30.401,30.401,30.401,30.401,30.401,30.401,30.401,30.401,30.401,30.401,30.401,30.401,30.401,30.401,30.401,30.401,30.401,30.401,30.401,30.401,30.401,30.401,30.401,30.401,30.401,30.401,30.401,30.401,30.401,30.401,30.401,30.401,30.401,30.401,30.401,30.401,30.401,30.401,30.401,30.401,30.401,30.401,30.401,30.401,30.401,30.401,30.401,30.401,30.401,30.401,30.401,30.401,30.401,30.401,30.401,30.401,30.401,30.401,30.401,30.401,30.401,30.401,4.25553,4.01221,3.78283,3.56657,3.36268,3.17043,2.98917,2.81828,2.65715,2.50524,2.36202,2.22698,2.09965,1.97962,1.86644,1.75973,1.65913,1.56427,1.47485,1.39053,1.31103,1.23608,1.16541,1.09878,1.03596
0.977092,30.401,30.401,30.401,30.401,30.401,30.401,30.401,30.401,30.401,30.401,30.401,30.401,30.401,30.401,30.401,30.401,30.401,30.401,30.401,30.401,30.401,30.401,30.401,30.401,30.401,30.401,30.401,30.401,30.401,30.401,30.401,30.401,30.401,30.401,30.401,30.401,30.401,30.401,30.401,30.401,30.401,30.401,30.401,30.401,30.401,30.401,30.401,30.401,30.401,30.401,30.401,30.401,30.401,30.401,30.401,30.401,30.401,30.401,30.401,30.401,30.401,30.401,30.401,30.401,30.401,30.401,4.35261,4.10374,3.86912,3.64793,3.43938,3.24275,3.05736,2.88257,2.71776,2.56239,2.4159,2.27778,2.14755,2.02478,1.90902,1.79988,1.69697,1.59996,1.50849,1.42225,1.34094,1.26427,1.19199,1.12385,1.0596
0.977784,30.401,30.401,30.401,30.401,30.401,30.401,30.401,30.401,30.401,30.401,30.401,30.401,30.401,30.401,30.401,30.401,30.401,30.401,30.401,30.401,30.401,30.401,30.401,30.401,30.401,30.401,30.401,30.401,30.401,30.401,30.401,30.401,30.401,30.401,30.401,30.401,30.401,30.401,30.401,30.401,30.401,30.401,30.401,30.401,30.401,30.401,30.401,30.401,30.401,30.401,30.401,30.401,30.401,30.401,30.401,30.401,30.401,30.401,30.401,30.401,30.401,30.401,30.401,30.401,30.401,30.401,30.401,4.19693,3.95699,3.73077,3.51749,3.31639,3.12679,2.94803,2.77948,2.62058,2.47076,2.32951,2.19632,2.07076,1.95237,1.84075,1.73551,1.63629,1.54275,1.45455,1.37139,1.29298,1.21906,1.14937,1.08366
0.978456,30.401,30.401,30.401,30.401,30.401,30.401,30.401,30.401,30.401,30.401,30.401,30.401,30.401,30.401,30.401,30.401,30.401,30.401,30.401,30.401,30.401,30.401,30.401,30.401,30.401,30.401,30.401,30.401,30.401,30.401,30.401,30.401,30.401,30.401,30.401,30.401,30.401,30.401,30.401,30.401,30.401,30.401,30.401,30.401,30.401,30.401,30.401,30.401,30.401,30.401,30.401,30.401,30.401,30.401,30.401,30.401,30.401,30.401,30.401,30.401,30.401,30.401,30.401,30.401,30.401,30.401,30.401,4.2917,4.04634,3.81502,3.59692,3.39128,3.1974,3.0146,2.84224,2.67975,2.52655,2.38211,2.24592,2.11752,1.99645,1.88232,1.7747,1.67324,1.57758,1.48739,1.40236,1.32218,1.24659,1.17532,1.10813
0.979106,30.401,30.401,30.401,30.401,30.401,30.401,30.401,30.401,30.401,30.401,30.401,30.401,30.401,30.401,30.401,30.401,30.401,30.401,30.401,30.401,30.401,30.401,30.401,30.401,30.401,30.401,30.401,30.401,30.401,30.401,30.401,30.401,30.401,30.401,30.401,30.401,30.401,30.401,30.401,30.401,30.401,30.401,30.401,30.401,30.401,30.401,30.401,30.401,30.401,30.401,30.401,30.401,30.401,30.401,30.401,30.401,30.401,30.401,30.401,30.401,30.401,30.401,30.401,30.401,30.401,30.401,30.401,30.401,4.13668,3.90018,3.67722,3.46699,3.26878,3.0819,2.90569,2.73958,2.58296,2.43529,2.29606,2.16479,2.04102,1.92434,1.81432,1.71059,1.6128,1.5206,1.43366,1.3517,1.27442,1.20156,1.13287
0.979737,30.401,30.401,30.401,30.401,30.401,30.401,30.401,30.401,30.401,30.401,30.401,30.401,30.401,30.401,30.401,30.401,30.401,30.401,30.401,30.401,30.401,30.401,30.401,30.401,30.401,30.401,30.401,30.401,30.401,30.401,30.401,30.401,30.401,30.401,30.401,30.401,30.401,30.401,30.401,30.401,30.401,30.401,30.401,30.401,30.401,30.401,30.401,30.401,30.401,30.401,30.401,30.401,30.401,30.401,30.401,30.401,30.401,30.401,30.401,30.401,30.401,30.401,30.401,30.401,30.401,30.401,30.401,30.401,4.22858,3.98683,3.75891,3.54402,3.3414,3.15037,2.97025,2.80044,2.64034,2.48939,2.34707,2.21289,2.08637,1.96709,1.85463,1.7486,1.64863,1.55438,1.46551,1.38173,1.30273,1.22825,1.15803
0.980349,30.401,30.401,30.401,30.401,30.401,30.401,30.401,30.401,30.401,30.401,30.401,30.401,30.401,30.401,30.401,30.401,30.401,30.401,30.401,30.401,30.401,30.401,30.401,30.401,30.401,30.401,30.401,30.401,30.401,30.401,30.401,30.401,30.401,30.401,30.401,30.401,30.401,30.401,30.401,30.401,30.401,30.401,30.401,30.401,30.401,30.401,30.401,30.401,30.401,30.401,30.401,30.401,30.401,30.401,30.401,30.401,30.401,30.401,30.401,30.401,30.401,30.401,30.401,30.401,30.401,30.401,30.401,30.401,30.401,4.07435,3.84143,3.62181,3.41475,3.21953,3.03545,2.86192,2.6983,2.54404,2.39859,2.26146,2.13217,2.01027,1.89534,1.78698,1.68482,1.5885,1.49768,1.41206,1.33133,1.25522,1.18346
0.980942,30.401,30.401,30.401,30.401,30.401,30.401,30.401,30.401,30.401,30.401,30.401,30.401,30.401,30.401,30.401,30.401,30.401,30.401,30.401,30.401,30.401,30.401,30.401,30.401,30.401,30.401,30.401,30.401,30.401,30.401,30.401,30.401,30.401,30.401,30.401,30.401,30.401,30.401,30.401,30.401,30.401,30.401,30.401,30.401,30.401,30.401,30.401,30.401,30.401,30.401,30.401,30.401,30.401,30.401,30.401,30.401,30.401,30.401,30.401,30.401,30.401,30.401,30.401,30.401,30.401,30.401,30.401,30.401,30.401,4.16274,3.92476,3.70038,3.48883,3.28937,3.1013,2.924,2.75684,2.59923,2.45062,2.31052,2.17842,2.05388,1.93646,1.82575,1.72137,1.62296,1.53017,1.44269,1.36021,1.28245,1.20913
0.981517,30.401,30.401,30.401,30.401,30.401,30.401,30.401,30.401,30.401,30.401,30.401,30.401,30.401,30.401,30.401,30.401,30.401,30.401,30.401,30.401,30.401,30.401,30.401,30.401,30.401,30.401,30.401,30.401,30.401,30.401,30.401,30.401,30.401,30.401,30.401,30.401,30.401,30.401,30.401,30.401,30.401,30.401,30.401,30.401,30.401,30.401,30.401,30.401,30.401,30.401,30.401,30.401,30.401,30.401,30.401,30.401,30.401,30.401,30.401,30.401,30.401,30.401,30.401,30.401,30.401,30.401,30.401,30.401,30.401,30.401,4.00896,3.77977,3.56367,3.35994,3.16783,2.98673,2.81598,2.65499,2.5032,2.36009,2.22516,2.09794,1.978,1.86492,1.7583,1.65778,1.563,1.47364,1.38939,1.30996,1.23507
0.982074,30.401,30.401,30.401,30.401,30.401,30.401,30.401,30.401,30.401,30.401,30.401,30.401,30.401,30.401,30.401,30.401,30.401,30.401,30.401,30.401,30.401,30.401,30.401,30.401,30.401,30.401,30.401,30.401,30.401,30.401,30.401,30.401,30.401,30.401,30.401,30.401,30.401,30.401,30.401,30.401,30.401,30.401,30.401,30.401,30.401,30.401,30.401,30.401,30.401,30.401,30.401,30.401,30.401,30.401,30.401,30.401,30.401,30.401,30.401,30.401,30.401,30.401,30.401,30.401,30.401,30.401,30.401,30.401,30.401,30.401,4.09408,3.86002,3.63934,3.43127,3.23509,3.05014,2.87577,2.71136,2.55634,2.4102,2.2724,2.14249,2.02,1.90451,1.79563,1.69298,1.59619,1.50493,1.41889,1.33777,1.26129
0.982615,30.401,30.401,30.401,30.401,30.401,30.401,30.401,30.401,30.401,30.401,30.401,30.401,30.401,30.401,30.401,30.401,30.401,30.401,30.401,30.401,30.401,30.401,30.401,30.401,30.401,30.401,30.401,30.401,30.401,30.401,30.401,30.401,30.401,30.401,30.401,30.401,30.401,30.401,30.401,30.401,30.401,30.401,30.401,30.401,30.401,30.401,30.401,30.401,30.401,30.401,30.401,30.401,30.401,30.401,30.401,30.401,30.401,30.401,30.401,30.401,30.401,30.401,30.401,30.401,30.401,30.401,30.401,30.401,30.401,30.401,30.401,3.94095,3.71564,3.50322,3.30292,3.11409,2.93606,2.76821,2.60994,2.46073,2.32005,2.18741,2.06235,1.94444,1.83328,1.72847,1.62965,1.53648,1.44864,1.36582,1.28774
0.983139,30.401,30.401,30.401,30.401,30.401,30.401,30.401,30.401,30.401,30.401,30.401,30.401,30.401,30.401,30.401,30.401,30.401,30.401,30.401,30.401,30.401,30.401,30.401,30.401,30.401,30.401,30.401,30.401,30.401,30.401,30.401,30.401,30.401,30.401,30.401,30.401,30.401,30.401,30.401,30.401,30.401,30.401,30.401,30.401,30.401,30.401,30.401,30.401,30.401,30.401,30.401,30.401,30.401,30.401,30.401,30.401,30.401,30.401,30.401,30.401,30.401,30.401,30.401,30.401,30.401,30.401,30.401,30.401,30.401,30.401,30.401,4.0225,3.79252,3.5757,3.37126,3.17853,2.99682,2.82549,2.66395,2.51165,2.36805,2.23267,2.10502,1.98468,1.87122,1.76424,1.66337,1.56828,1.47862,1.39408,1.31438
0.983647,30.401,30.401,30.401,30.401,30.401,30.401,30.401,30.401,30.401,30.401,30.401,30.401,30.401,30.401,30.401,30.401,30.401,30.401,30.401,30.401,30.401,30.401,30.401,30.401,30.401,30.401,30.401,30.401,30.401,30.401,30.401,30.401,30.401,30.401,30.401,30.401,30.401,30.401,30.401,30.401,30.401,30.401,30.401,30.401,30.401,30.401,30.401,30.401,30.401,30.401,30.401,30.401,30.401,30.401,30.401,30.401,30.401,30.401,30.401,30.401,30.401,30.401,30.401,30.401,30.401,30.401,30.401,30.401,30.401,30.401,30.401,30.401,3.87035,3.64908,3.44044,3.24376,3.05831,2.88347,2.71861,2.56319,2.41665,2.27848,2.14822,2.02541,1.90961,1.80044,1.69751,1.60046,1.50896,1.42269,1.34135
0.98414,30.401,30.401,30.401,30.401,30.401,30.401,30.401,30.401,30.401,30.401,30.401,30.401,30.401,30.401,30.401,30.401,30.401,30.401,30.401,30.401,30.401,30.401,30.401,30.401,30.401,30.401,30.401,30.401,30.401,30.401,30.401,30.401,30.401,30.401,30.401,30.401,30.401,30.401,30.401,30.401,30.401,30.401,30.401,30.401,30.401,30.401,30.401,30.401,30.401,30.401,30.401,30.401,30.401,30.401,30.401,30.401,30.401,30.401,30.401,30.401,30.401,30.401,30.401,30.401,30.401,30.401,30.401,30.401,30.401,30.401,30.401,30.401,3.9486,3.72286,3.51001,3.30934,3.12015,2.94177,2.77358,2.61501,2.46551,2.32455,2.19165,2.06636,1.94822,1.83684,1.73183,1.63282,1.53947,1.45145,1.36847
0.984618,30.401,30.401,30.401,30.401,30.401,30.401,30.401,30.401,30.401,30.401,30.401,30.401,30.401,30.401,30.401,30.401,30.401,30.401,30.401,30.401,30.401,30.401,30.401,30.401,30.401,30.401,30.401,30.401,30.401,30.401,30.401,30.401,30.401,30.401,30.401,30.401,30.401,30.401,30.401,30.401,30.401,30.401,30.401,30.401,30.401,30.401,30.401,30.401,30.401,30.401,30.401,30.401,30.401,30.401,30.401,30.401,30.401,30.401,30.401,30.401,30.401,30.401,30.401,30.401,30.401,30.401,30.401,30.401,30.401,30.401,30.401,30.401,30.401,3.79781,3.58067,3.37597,3.18296,3.00099,2.82942,2.66766,2.51514,2.37135,2.23578,2.10796,1.98745,1.87382,1.76669,1.66569,1.57046,1.48068,1.39603
0.985081,30.401,30.401,30.401,30.401,30.401,30.401,30.401,30.401,30.401,30.401,30.401,30.401,30.401,30.401,30.401,30.401,30.401,30.401,30.401,30.401,30.401,30.401,30.401,30.401,30.401,30.401,30.401,30.401,30.401,30.401,30.401,30.401,30.401,30.401,30.401,30.401,30.401,30.401,30.401,30.401,30.401,30.401,30.401,30.401,30.401,30.401,30.401,30.401,30.401,30.401,30.401,30.401,30.401,30.401,30.401,30.401,30.401,30.401,30.401,30.401,30.401,30.401,30.401,30.401,30.401,30.401,30.401,30.401,30.401,30.401,30.401,30.401,30.401,3.87244,3.65103,3.4423,3.24551,3.05996,2.88502,2.72008,2.56457,2.41795,2.27971,2.14938,2.0265,1.91064,1.80141,1.69842,1.60132,1.50977,1.42346
0.985531,30.401,30.401,30.401,30.401,30.401,30.401,30.401,30.401,30.401,30.401,30.401,30.401,30.401,30.401,30.401,30.401,30.401,30.401,30.401,30.401,30.401,30.401,30.401,30.401,30.401,30.401,30.401,30.401,30.401,30.401,30.401,30.401,30.401,30.401,30.401,30.401,30.401,30.401,30.401,30.401,30.401,30.401,30.401,30.401,30.401,30.401,30.401,30.401,30.401,30.401,30.401,30.401,30.401,30.401,30.401,30.401,30.401,30.401,30.401,30.401,30.401,30.401,30.401,30.401,30.401,30.401,30.401,30.401,30.401,30.401,30.401,30.401,30.401,30.401,3.72253,3.50972,3.30907,3.11989,2.94152,2.77335,2.61479,2.4653,2.32436,2.19147,2.06619,1.94806,1.83669,1.73168,1.63268,1.53934,1.45134
0.985967,30.401,30.401,30.401,30.401,30.401,30.401,30.401,30.401,30.401,30.401,30.401,30.401,30.401,30.401,30.401,30.401,30.401,30.401,30.401,30.401,30.401,30.401,30.401,30.401,30.401,30.401,30.401,30.401,30.401,30.401,30.401,30.401,30.401,30.401,30.401,30.401,30.401,30.401,30.401,30.401,30.401,30.401,30.401,30.401,30.401,30.401,30.401,30.401,30.401,30.401,30.401,30.401,30.401,30.401,30.401,30.401,30.401,30.401,30.401,30.401,30.401,30.401,30.401,30.401,30.401,30.401,30.401,30.401,30.401,30.401,30.401,30.401,30.401,30.401,3.79453,3.5776,3.37307,3.18023,2.99841,2.82699,2.66537,2.51298,2.36931,2.23386,2.10615,1.98574,1.87221,1.76518,1.66426,1.56911,1.47941
0.986389,30.401,30.401,30.401,30.401,30.401,30.401,30.401,30.401,30.401,30.401,30.401,30.401,30.401,30.401,30.401,30.401,30.401,30.401,30.401,30.401,30.401,30.401,30.401,30.401,30.401,30.401,30.401,30.401,30.401,30.401,30.401,30.401,30.401,30.401,30.401,30.401,30.401,30.401,30.401,30.401,30.401,30.401,30.401,30.401,30.401,30.401,30.401,30.401,30.401,30.401,30.401,30.401,30.401,30.401,30.401,30.401,30.401,30.401,30.401,30.401,30.401,30.401,30.401,30.401,30.401,30.401,30.401,30.401,30.401,30.401,30.401,30.401,30.401,30.401,30.401,3.64591,3.43748,3.24096,3.05566,2.88097,2.71626,2.56097,2.41456,2.27651,2.14637,2.02366,1.90796,1.79888,1.69604,1.59907,1.50765
0.986799,30.401,30.401,30.401,30.401,30.401,30.401,30.401,30.401,30.401,30.401,30.401,30.401,30.401,30.401,30.401,30.401,30.401,30.401,30.401,30.401,30.401,30.401,30.401,30.401,30.401,30.401,30.401,30.401,30.401,30.401,30.401,30.401,30.401,30.401,30.401,30.401,30.401,30.401,30.401,30.401,30.401,30.401,30.401,30.401,30.401,30.401,30.401,30.401,30.401,30.401,30.401,30.401,30.401,30.401,30.401,30.401,30.401,30.401,30.401,30.401,30.401,30.401,30.401,30.401,30.401,30.401,30.401,30.401,30.401,30.401,30.401,30.401,30.401,30.401,30.401,3.71502,3.50263,3.30238,3.11358,2.93558,2.76774,2.60951,2.46032,2.31966,2.18705,2.06201,1.94413,1.83298,1.72818,1.62938,1.53623
0.987197,30.401,30.401,30.401,30.401,30.401,30.401,30.401,30.401,30.401,30.401,30.401,30.401,30.401,30.401,30.401,30.401,30.401,30.401,30.401,30.401,30.401,30.401,30.401,30.401,30.401,30.401,30.401,30.401,30.401,30.401,30.401,30.401,30.401,30.401,30.401,30.401,30.401,30.401,30.401,30.401,30.401,30.401,30.401,30.401,30.401,30.401,30.401,30.401,30.401,30.401,30.401,30.401,30.401,30.401,30.401,30.401,30.401,30.401,30.401,30.401,30.401,30.401,30.401,30.401,30.401,30.401,30.401,30.401,30.401,30.401,30.401,30.401,30.401,30.401,30.401,30.401,3.56853,3.36451,3.17215,2.9908,2.81981,2.6586,2.50661,2.3633,2.22819,2.10081,1.9807,1.86746,1.7607,1.66004,1.56513
0.987583,30.401,30.401,30.401,30.401,30.401,30.401,30.401,30.401,30.401,30.401,30.401,30.401,30.401,30.401,30.401,30.401,30.401,30.401,30.401,30.401,30.401,30.401,30.401,30.401,30.401,30.401,30.401,30.401,30.401,30.401,30.401,30.401,30.401,30.401,30.401,30.401,30.401,30.401,30.401,30.401,30.401,30.401,30.401,30.401,30.401,30.401,30.401,30.401,30.401,30.401,30.401,30.401,30.401,30.401,30.401,30.401,30.401,30.401,30.401,30.401,30.401,30.401,30.401,30.401,30.401,30.401,30.401,30.401,30.401,30.401,30.401,30.401,30.401,30.401,30.401,30.401,3.63432,3.42655,3.23064,3.04595,2.8718,2.70762,2.55282,2.40688,2.26928,2.13954,2.01722,1.90189,1.79316,1.69064,1.59399
0.987957,30.401,30.401,30.401,30.401,30.401,30.401,30.401,30.401,30.401,30.401,30.401,30.401,30.401,30.401,30.401,30.401,30.401,30.401,30.401,30.401,30.401,30.401,30.401,30.401,30.401,30.401,30.401,30.401,30.401,30.401,30.401,30.401,30.401,30.401,30.401,30.401,30.401,30.401,30.401,30.401,30.401,30.401,30.401,30.401,30.401,30.401,30.401,30.401,30.401,30.401,30.401,30.401,30.401,30.401,30.401,30.401,30.401,30.401,30.401,30.401,30.401,30.401,30.401,30.401,30.401,30.401,30.401,30.401,30.401,30.401,30.401,30.401,30.401,30.401,30.401,30.401,30.401,3.48909,3.28961,3.10155,2.92422,2.75704,2.59942,2.45081,2.3107,2.17859,2.05404,1.93661,1.82589,1.7215,1.62308
0.98832,30.401,30.401,30.401,30.401,30.401,30.401,30.401,30.401,30.401,30.401,30.401,30.401,30.401,30.401,30.401,30.401,30.401,30.401,30.401,30.401,30.401,30.401,30.401,30.401,30.401,30.401,30.401,30.401,30.401,30.401,30.401,30.401,30.401,30.401,30.401,30.401,30.401,30.401,30.401,30.401,30.401,30.401,30.401,30.401,30.401,30.401,30.401,30.401,30.401,30.401,30.401,30.401,30.401,30.401,30.401,30.401,30.401,30.401,30.401,30.401,30.401,30.401,30.401,30.401,30.401,30.401,30.401,30.401,30.401,30.401,30.401,30.401,30.401,30.401,30.401,30.401,30.401,3.5531,3.34996,3.15845,2.97787,2.80762,2.64711,2.49577,2.35309,2.21856,2.09172,1.97214,1.85939,1.75309,1.65286
0.988672,30.401,30.401,30.401,30.401,30.401,30.401,30.401,30.401,30.401,30.401,30.401,30.401,30.401,30.401,30.401,30.401,30.401,30.401,30.401,30.401,30.401,30.401,30.401,30.401,30.401,30.401,30.401,30.401,30.401,30.401,30.401,30.401,30.401,30.401,30.401,30.401,30.401,30.401,30.401,30.401,30.401,30.401,30.401,30.401,30.401,30.401,30.401,30.401,30.401,30.401,30.401,30.401,30.401,30.401,30.401,30.401,30.401,30.401,30.401,30.401,30.401,30.401,30.401,30.401,30.401,30.401,30.401,30.401,30.401,30.401,30.401,30.401,30.401,30.401,30.401,30.401,30.401,30.401,3.41019,3.21523,3.03141,2.8581,2.6947,2.54064,2.3954,2.25845,2.12933,2.0076,1.89282,1.78461,1.68258
0.989013,30.401,30.401,30.401,30.401,30.401,30.401,30.401,30.401,30.401,30.401,30.401,30.401,30.401,30.401,30.401,30.401,30.401,30.401,30.401,30.401,30.401,30.401,30.401,30.401,30.401,30.401,30.401,30.401,30.401,30.401,30.401,30.401,30.401,30.401,30.401,30.401,30.401,30.401,30.401,30.401,30.401,30.401,30.401,30.401,30.401,30.401,30.401,30.401,30.401,30.401,30.401,30.401,30.401,30.401,30.401,30.401,30.401,30.401,30.401,30.401,30.401,30.401,30.401,30.401,30.401,30.401,30.401,30.401,30.401,30.401,30.401,30.401,30.401,30.401,30.401,30.401,30.401,30.401,3.47124,3.27279,3.08568,2.90927,2.74294,2.58612,2.43828,2.29888,2.16745,2.04353,1.9267,1.81655,1.7127
0.989345,30.401,30.401,30.401,30.401,30.401,30.401,30.401,30.401,30.401,30.401,30.401,30.401,30.401,30.401,30.401,30.401,30.401,30.401,30.401,30.401,30.401,30.401,30.401,30.401,30.401,30.401,30.401,30.401,30.401,30.401,30.401,30.401,30.401,30.401,30.401,30.401,30.401,30.401,30.401,30.401,30.401,30.401,30.401,30.401,30.401,30.401,30.401,30.401,30.401,30.401,30.401,30.401,30.401,30.401,30.401,30.401,30.401,30.401,30.401,30.401,30.401,30.401,30.401,30.401,30.401,30.401,30.401,30.401,30.401,30.401,30.401,30.401,30.401,30.401,30.401,30.401,30.401,30.401,30.401,3.33074,3.14031,2.96078,2.79151,2.63192,2.48145,2.33958,2.20583,2.07972,1.96082,1.84872,1.74302
0.989666,30.401,30.401,30.401,30.401,30.401,30.401,30.401,30.401,30.401,30.401,30.401,30.401,30.401,30.401,30.401,30.401,30.401,30.401,30.401,30.401,30.401,30.401,30.401,30.401,30.401,30.401,30.401,30.401,30.401,30.401,30.401,30.401,30.401,30.401,30.401,30.401,30.401,30.401,30.401,30.401,30.401,30.401,30.401,30.401,30.401,30.401,30.401,30.401,30.401,30.401,30.401,30.401,30.401,30.401,30.401,30.401,30.401,30.401,30.401,30.401,30.401,30.401,30.401,30.401,30.401,30.401,30.401,30.401,30.401,30.401,30.401,30.401,30.401,30.401,30.401,30.401,30.401,30.401,30.401,3.38929,3.19551,3.01282,2.84058,2.67818,2.52507,2.38071,2.2446,2.11628,1.99529,1.88121,1.77366
0.989978,30.401,30.401,30.401,30.401,30.401,30.401,30.401,30.401,30.401,30.401,30.401,30.401,30.401,30.401,30.401,30.401,30.401,30.401,30.401,30.401,30.401,30.401,30.401,30.401,30.401,30.401,30.401,30.401,30.401,30.401,30.401,30.401,30.401,30.401,30.401,30.401,30.401,30.401,30.401,30.401,30.401,30.401,30.401,30.401,30.401,30.401,30.401,30.401,30.401,30.401,30.401,30.401,30.401,30.401,30.401,30.401,30.401,30.401,30.401,30.401,30.401,30.401,30.401,30.401,30.401,30.401,30.401,30.401,30.401,30.401,30.401,30.401,30.401,30.401,30.401,30.401,30.401,30.401,30.401,30.401,3.25138,3.0655,2.89024,2.725,2.56922,2.42233,2.28385,2.15327,2.03017,1.9141,1.80467
0.99028,30.401,30.401,30.401,30.401,30.401,30.401,30.401,30.401,30.401,30.401,30.401,30.401,30.401,30.401,30.401,30.401,30.401,30.401,30.401,30.401,30.401,30.401,30.401,30.401,30.401,30.401,30.401,30.401,30.401,30.401,30.401,30.401,30.401,30.401,30.401,30.401,30.401,30.401,30.401,30.401,30.401,30.401,30.401,30.401,30.401,30.401,30.401,30.401,30.401,30.401,30.401,30.401,30.401,30.401,30.401,30.401,30.401,30.401,30.401,30.401,30.401,30.401,30.401,30.401,30.401,30.401,30.401,30.401,30.401,30.401,30.401,30.401,30.401,30.401,30.401,30.401,30.401,30.401,30.401,30.401,3.30763,3.11853,2.94024,2.77214,2.61366,2.46423,2.32335,2.19052,2.06529,1.94721,1.83589
0.990574,30.401,30.401,30.401,30.401,30.401,30.401,30.401,30.401,30.401,30.401,30.401,30.401,30.401,30.401,30.401,30.401,30.401,30.401,30.401,30.401,30.401,30.401,30.401,30.401,30.401,30.401,30.401,30.401,30.401,30.401,30.401,30.401,30.401,30.401,30.401,30.401,30.401,30.401,30.401,30.401,30.401,30.401,30.401,30.401,30.401,30.401,30.401,30.401,30.401,30.401,30.401,30.401,30.401,30.401,30.401,30.401,30.401,30.401,30.401,30.401,30.401,30.401,30.401,30.401,30.401,30.401,30.401,30.401,30.401,30.401,30.401,30.401,30.401,30.401,30.401,30.401,30.401,30.401,30.401,30.401,30.401,3.17233,2.99097,2.81997,2.65876,2.50675,2.36344,2.22832,2.10093,1.98081,1.86757
0.990858,30.401,30.401,30.401,30.401,30.401,30.401,30.401,30.401,30.401,30.401,30.401,30.401,30.401,30.401,30.401,30.401,30.401,30.401,30.401,30.401,30.401,30.401,30.401,30.401,30.401,30.401,30.401,30.401,30.401,30.401,30.401,30.401,30.401,30.401,30.401,30.401,30.401,30.401,30.401,30.401,30.401,30.401,30.401,30.401,30.401,30.401,30.401,30.401,30.401,30.401,30.401,30.401,30.401,30.401,30.401,30.401,30.401,30.401,30.401,30.401,30.401,30.401,30.401,30.401,30.401,30.401,30.401,30.401,30.401,30.401,30.401,30.401,30.401,30.401,30.401,30.401,30.401,30.401,30.401,30.401,30.401,3.22645,3.04199,2.86807,2.70411,2.54951,2.40375,2.26633,2.13676,2.0146,1.89942
0.991134,30.401,30.401,30.401,30.401,30.401,30.401,30.401,30.401,30.401,30.401,30.401,30.401,30.401,30.401,30.401,30.401,30.401,30.401,30.401,30.401,30.401,30.401,30.401,30.401,30.401,30.401,30.401,30.401,30.401,30.401,30.401,30.401,30.401,30.401,30.401,30.401,30.401,30.401,30.401,30.401,30.401,30.401,30.401,30.401,30.401,30.401,30.401,30.401,30.401,30.401,30.401,30.401,30.401,30.401,30.401,30.401,30.401,30.401,30.401,30.401,30.401,30.401,30.401,30.401,30.401,30.401,30.401,30.401,30.401,30.401,30.401,30.401,30.401,30.401,30.401,30.401,30.401,30.401,30.401,30.401,30.401,30.401,3.09381,2.91694,2.75018,2.59295,2.44471,2.30494,2.17317,2.04892,1.93178
0.991402,30.401,30.401,30.401,30.401,30.401,30.401,30.401,30.401,30.401,30.401,30.401,30.401,30.401,30.401,30.401,30.401,30.401,30.401,30.401,30.401,30.401,30.401,30.401,30.401,30.401,30.401,30.401,30.401,30.401,30.401,30.401,30.401,30.401,30.401,30.401,30.401,30.401,30.401,30.401,30.401,30.401,30.401,30.401,30.401,30.401,30.401,30.401,30.401,30.401,30.401,30.401,30.401,30.401,30.401,30.401,30.401,30.401,30.401,30.401,30.401,30.401,30.401,30.401,30.401,30.401,30.401,30.401,30.401,30.401,30.401,30.401,30.401,30.401,30.401,30.401,30.401,30.401,30.401,30.401,30.401,30.401,30.401,3.14678,2.96688,2.79726,2.63734,2.48656,2.3444,2.21037,2.084,1.96486
0.991662,30.401,30.401,30.401,30.401,30.401,30.401,30.401,30.401,30.401,30.401,30.401,30.401,30.401,30.401,30.401,30.401,30.401,30.401,30.401,30.401,30.401,30.401,30.401,30.401,30.401,30.401,30.401,30.401,30.401,30.401,30.401,30.401,30.401,30.401,30.401,30.401,30.401,30.401,30.401,30.401,30.401,30.401,30.401,30.401,30.401,30.401,30.401,30.401,30.401,30.401,30.401,30.401,30.401,30.401,30.401,30.401,30.401,30.401,30.401,30.401,30.401,30.401,30.401,30.401,30.401,30.401,30.401,30.401,30.401,30.401,30.401,30.401,30.401,30.401,30.401,30.401,30.401,30.401,30.401,30.401,30.401,30.401,30.401,3.01619,2.84375,2.68117,2.52789,2.38337,2.24711,2.11864,1.99751
0.991915,30.401,30.401,30.401,30.401,30.401,30.401,30.401,30.401,30.401,30.401,30.401,30.401,30.401,30.401,30.401,30.401,30.401,30.401,30.401,30.401,30.401,30.401,30.401,30.401,30.401,30.401,30.401,30.401,30.401,30.401,30.401,30.401,30.401,30.401,30.401,30.401,30.401,30.401,30.401,30.401,30.401,30.401,30.401,30.401,30.401,30.401,30.401,30.401,30.401,30.401,30.401,30.401,30.401,30.401,30.401,30.401,30.401,30.401,30.401,30.401,30.401,30.401,30.401,30.401,30.401,30.401,30.401,30.401,30.401,30.401,30.401,30.401,30.401,30.401,30.401,30.401,30.401,30.401,30.401,30.401,30.401,30.401,30.401,3.0664,2.89109,2.72581,2.56997,2.42304,2.28452,2.15391,2.03077
0.992159,30.401,30.401,30.401,30.401,30.401,30.401,30.401,30.401,30.401,30.401,30.401,30.401,30.401,30.401,30.401,30.401,30.401,30.401,30.401,30.401,30.401,30.401,30.401,30.401,30.401,30.401,30.401,30.401,30.401,30.401,30.401,30.401,30.401,30.401,30.401,30.401,30.401,30.401,30.401,30.401,30.401,30.401,30.401,30.401,30.401,30.401,30.401,30.401,30.401,30.401,30.401,30.401,30.401,30.401,30.401,30.401,30.401,30.401,30.401,30.401,30.401,30.401,30.401,30.401,30.401,30.401,30.401,30.401,30.401,30.401,30.401,30.401,30.401,30.401,30.401,30.401,30.401,30.401,30.401,30.401,30.401,30.401,30.401,30.401,2.93792,2.76996,2.6116,2.46229,2.32152,2.18879,2.06366
0.992397,30.401,30.401,30.401,30.401,30.401,30.401,30.401,30.401,30.401,30.401,30.401,30.401,30.401,30.401,30.401,30.401,30.401,30.401,30.401,30.401,30.401,30.401,30.401,30.401,30.401,30.401,30.401,30.401,30.401,30.401,30.401,30.401,30.401,30.401,30.401,30.401,30.401,30.401,30.401,30.401,30.401,30.401,30.401,30.401,30.401,30.401,30.401,30.401,30.401,30.401,30.401,30.401,30.401,30.401,30.401,30.401,30.401,30.401,30.401,30.401,30.401,30.401,30.401,30.401,30.401,30.401,30.401,30.401,30.401,30.401,30.401,30.401,30.401,30.401,30.401,30.401,30.401,30.401,30.401,30.401,30.401,30.401,30.401,30.401,2.98661,2.81587,2.65488,2.5031,2.36,2.22507,2.09786
0.992627,30.401,30.401,30.401,30.401,30.401,30.401,30.401,30.401,30.401,30.401,30.401,30.401,30.401,30.401,30.401,30.401,30.401,30.401,30.401,30.401,30.401,30.401,30.401,30.401,30.401,30.401,30.401,30.401,30.401,30.401,30.401,30.401,30.401,30.401,30.401,30.401,30.401,30.401,30.401,30.401,30.401,30.401,30.401,30.401,30.401,30.401,30.401,30.401,30.401,30.401,30.401,30.401,30.401,30.401,30.401,30.401,30.401,30.401,30.401,30.401,30.401,30.401,30.401,30.401,30.401,30.401,30.401,30.401,30.401,30.401,30.401,30.401,30.401,30.401,30.401,30.401,30.401,30.401,30.401,30.401,30.401,30.401,30.401,30.401,30.401,2.86369,2.69997,2.54561,2.40007,2.26286,2.13349
0.992851,30.401,30.401,30.401,30.401,30.401,30.401,30.401,30.401,30.401,30.401,30.401,30.401,30.401,30.401,30.401,30.401,30.401,30.401,30.401,30.401,30.401,30.401,30.401,30.401,30.401,30.401,30.401,30.401,30.401,30.401,30.401,30.401,30.401,30.401,30.401,30.401,30.401,30.401,30.401,30.401,30.401,30.401,30.401,30.401,30.401,30.401,30.401,30.401,30.401,30.401,30.401,30.401,30.401,30.401,30.401,30.401,30.401,30.401,30.401,30.401,30.401,30.401,30.401,30.401,30.401,30.401,30.401,30.401,30.401,30.401,30.401,30.401,30.401,30.401,30.401,30.401,30.401,30.401,30.401,30.401,30.401,30.401,30.401,30.401,30.401,2.91055,2.74415,2.58726,2.43935,2.29989,2.1684
0.993068,30.401,30.401,30.401,30.401,30.401,30.401,30.401,30.401,30.401,30.401,30.401,30.401,30.401,30.401,30.401,30.401,30.401,30.401,30.401,30.401,30.401,30.401,30.401,30.401,30.401,30.401,30.401,30.401,30.401,30.401,30.401,30.401,30.401,30.401,30.401,30.401,30.401,30.401,30.401,30.401,30.401,30.401,30.401,30.401,30.401,30.401,30.401,30.401,30.401,30.401,30.401,30.401,30.401,30.401,30.401,30.401,30.401,30.401,30.401,30.401,30.401,30.401,30.401,30.401,30.401,30.401,30.401,30.401,30.401,30.401,30.401,30.401,30.401,30.401,30.401,30.401,30.401,30.401,30.401,30.401,30.401,30.401,30.401,30.401,30.401,30.401,2.78909,2.62963,2.47929,2.33755,2.20391
0.993279,30.401,30.401,30.401,30.401,30.401,30.401,30.401,30.401,30.401,30.401,30.401,30.401,30.401,30.401,30.401,30.401,30.401,30.401,30.401,30.401,30.401,30.401,30.401,30.401,30.401,30.401,30.401,30.401,30.401,30.401,30.401,30.401,30.401,30.401,30.401,30.401,30.401,30.401,30.401,30.401,30.401,30.401,30.401,30.401,30.401,30.401,30.401,30.401,30.401,30.401,30.401,30.401,30.401,30.401,30.401,30.401,30.401,30.401,30.401,30.401,30.401,30.401,30.401,30.401,30.401,30.401,30.401,30.401,30.401,30.401,30.401,30.401,30.401,30.401,30.401,30.401,30.401,30.401,30.401,30.401,30.401,30.401,30.401,30.401,30.401,30.401,2.83522,2.67313,2.52031,2.37622,2.24037
0.993483,30.401,30.401,30.401,30.401,30.401,30.401,30.401,30.401,30.401,30.401,30.401,30.401,30.401,30.401,30.401,30.401,30.401,30.401,30.401,30.401,30.401,30.401,30.401,30.401,30.401,30.401,30.401,30.401,30.401,30.401,30.401,30.401,30.401,30.401,30.401,30.401,30.401,30.401,30.401,30.401,30.401,30.401,30.401,30.401,30.401,30.401,30.401,30.401,30.401,30.401,30.401,30.401,30.401,30.401,30.401,30.401,30.401,30.401,30.401,30.401,30.401,30.401,30.401,30.401,30.401,30.401,30.401,30.401,30.401,30.401,30.401,30.401,30.401,30.401,30.401,30.401,30.401,30.401,30.401,30.401,30.401,30.401,30.401,30.401,30.401,30.401,30.401,2.7162,2.56092,2.41451,2.27647
0.993681,30.401,30.401,30.401,30.401,30.401,30.401,30.401,30.401,30.401,30.401,30.401,30.401,30.401,30.401,30.401,30.401,30.401,30.401,30.401,30.401,30.401,30.401,30.401,30.401,30.401,30.401,30.401,30.401,30.401,30.401,30.401,30.401,30.401,30.401,30.401,30.401,30.401,30.401,30.401,30.401,30.401,30.401,30.401,30.401,30.401,30.401,30.401,30.401,30.401,30.401,30.401,30.401,30.401,30.401,30.401,30.401,30.401,30.401,30.401,30.401,30.401,30.401,30.401,30.401,30.401,30.401,30.401,30.401,30.401,30.401,30.401,30.401,30.401,30.401,30.401,30.401,30.401,30.401,30.401,30.401,30.401,30.401,30.401,30.401,30.401,30.401,30.401,2.76027,2.60247,2.45368,2.3134
0.993874,30.401,30.401,30.401,30.401,30.401,30.401,30.401,30.401,30.401,30.401,30.401,30.401,30.401,30.401,30.401,30.401,30.401,30.401,30.401,30.401,30.401,30.401,30.401,30.401,30.401,30.401,30.401,30.401,30.401,30.401,30.401,30.401,30.401,30.401,30.401,30.401,30.401,30.401,30.401,30.401,30.401,30.401,30.401,30.401,30.401,30.401,30.401,30.401,30.401,30.401,30.401,30.401,30.401,30.401,30.401,30.401,30.401,30.401,30.401,30.401,30.401,30.401,30.401,30.401,30.401,30.401,30.401,30.401,30.401,30.401,30.401,30.401,30.401,30.401,30.401,30.401,30.401,30.401,30.401,30.401,30.401,30.401,30.401,30.401,30.401,30.401,30.401,30.401,2.64451,2.49332,2.35078
0.99406,30.401,30.401,30.401,30.401,30.401,30.401,30.401,30.401,30.401,30.401,30.401,30.401,30.401,30.401,30.401,30.401,30.401,30.401,30.401,30.401,30.401,30.401,30.401,30.401,30.401,30.401,30.401,30.401,30.401,30.401,30.401,30.401,30.401,30.401,30.401,30.401,30.401,30.401,30.401,30.401,30.401,30.401,30.401,30.401,30.401,30.401,30.401,30.401,30.401,30.401,30.401,30.401,30.401,30.401,30.401,30.401,30.401,30.401,30.401,30.401,30.401,30.401,30.401,30.401,30.401,30.401,30.401,30.401,30.401,30.401,30.401,30.401,30.401,30.401,30.401,30.401,30.401,30.401,30.401,30.401,30.401,30.401,30.401,30.401,30.401,30.401,30.401,30.401,2.6873,2.53366,2.38881
0.994242,30.401,30.401,30.401,30.401,30.401,30.401,30.401,30.401,30.401,30.401,30.401,30.401,30.401,30.401,30.401,30.401,30.401,30.401,30.401,30.401,30.401,30.401,30.401,30.401,30.401,30.401,30.401,30.401,30.401,30.401,30.401,30.401,30.401,30.401,30.401,30.401,30.401,30.401,30.401,30.401,30.401,30.401,30.401,30.401,30.401,30.401,30.401,30.401,30.401,30.401,30.401,30.401,30.401,30.401,30.401,30.401,30.401,30.401,30.401,30.401,30.401,30.401,30.401,30.401,30.401,30.401,30.401,30.401,30.401,30.401,30.401,30.401,30.401,30.401,30.401,30.401,30.401,30.401,30.401,30.401,30.401,30.401,30.401,30.401,30.401,30.401,30.401,30.401,30.401,2.57434,2.42717
0.994417,30.401,30.401,30.401,30.401,30.401,30.401,30.401,30.401,30.401,30.401,30.401,30.401,30.401,30.401,30.401,30.401,30.401,30.401,30.401,30.401,30.401,30.401,30.401,30.401,30.401,30.401,30.401,30.401,30.401,30.401,30.401,30.401,30.401,30.401,30.401,30.401,30.401,30.401,30.401,30.401,30.401,30.401,30.401,30.401,30.401,30.401,30.401,30.401,30.401,30.401,30.401,30.401,30.401,30.401,30.401,30.401,30.401,30.401,30.401,30.401,30.401,30.401,30.401,30.401,30.401,30.401,30.401,30.401,30.401,30.401,30.401,30.401,30.401,30.401,30.401,30.401,30.401,30.401,30.401,30.401,30.401,30.401,30.401,30.401,30.401,30.401,30.401,30.401,30.401,2.61578,2.46624
0.994588,30.401,30.401,30.401,30.401,30.401,30.401,30.401,30.401,30.401,30.401,30.401,30.401,30.401,30.401,30.401,30.401,30.401,30.401,30.401,30.401,30.401,30.401,30.401,30.401,30.401,30.401,30.401,30.401,30.401,30.401,30.401,30.401,30.401,30.401,30.401,30.401,30.401,30.401,30.401,30.401,30.401,30.401,30.401,30.401,30.401,30.401,30.401,30.401,30.401,30.401,30.401,30.401,30.401,30.401,30.401,30.401,30.401,30.401,30.401,30.401,30.401,30.401,30.401,30.401,30.401,30.401,30.401,30.401,30.401,30.401,30.401,30.401,30.401,30.401,30.401,30.401,30.401,30.401,30.401,30.401,30.401,30.401,30.401,30.401,30.401,30.401,30.401,30.401,30.401,30.401,2.50638
0.994754,30.401,30.401,30.401,30.401,30.401,30.401,30.401,30.401,30.401,30.401,30.401,30.401,30.401,30.401,30.401,30.401,30.401,30.401,30.401,30.401,30.401,30.401,30.401,30.401,30.401,30.401,30.401,30.401,30.401,30.401,30.401,30.401,30.401,30.401,30.401,30.401,30.401,30.401,30.401,30.401,30.401,30.401,30.401,30.401,30.401,30.401,30.401,30.401,30.401,30.401,30.401,30.401,30.401,30.401,30.401,30.401,30.401,30.401,30.401,30.401,30.401,30.401,30.401,30.401,30.401,30.401,30.401,30.401,30.401,30.401,30.401,30.401,30.401,30.401,30.401,30.401,30.401,30.401,30.401,30.401,30.401,30.401,30.401,30.401,30.401,30.401,30.401,30.401,30.401,30.401,2.5461
0.994915,30.401,30.401,30.401,30.401,30.401,30.401,30.401,30.401,30.401,30.401,30.401,30.401,30.401,30.401,30.401,30.401,30.401,30.401,30.401,30.401,30.401,30.401,30.401,30.401,30.401,30.401,30.401,30.401,30.401,30.401,30.401,30.401,30.401,30.401,30.401,30.401,30.401,30.401,30.401,30.401,30.401,30.401,30.401,30.401,30.401,30.401,30.401,30.401,30.401,30.401,30.401,30.401,30.401,30.401,30.401,30.401,30.401,30.401,30.401,30.401,30.401,30.401,30.401,30.401,30.401,30.401,30.401,30.401,30.401,30.401,30.401,30.401,30.401,30.401,30.401,30.401,30.401,30.401,30.401,30.401,30.401,30.401,30.401,30.401,30.401,30.401,30.401,30.401,30.401,30.401,30.401
0.995071,30.401,30.401,30.401,30.401,30.401,30.401,30.401,30.401,30.401,30.401,30.401,30.401,30.401,30.401,30.401,30.401,30.401,30.401,30.401,30.401,30.401,30.401,30.401,30.401,30.401,30.401,30.401,30.401,30.401,30.401,30.401,30.401,30.401,30.401,30.401,30.401,30.401,30.401,30.401,30.401,30.401,30.401,30.401,30.401,30.401,30.401,30.401,30.401,30.401,30.401,30.401,30.401,30.401,30.401,30.401,30.401,30.401,30.401,30.401,30.401,30.401,30.401,30.401,30.401,30.401,30.401,30.401,30.401,30.401,30.401,30.401,30.401,30.401,30.401,30.401,30.401,30.401,30.401,30.401,30.401,30.401,30.401,30.401,30.401,30.401,30.401,30.401,30.401,30.401,30.401,30.401
0.995222,30.401,30.401,30.401,30.401,30.401,30.401,30.401,30.401,30.401,30.401,30.401,30.401,30.401,30.401,30.401,30.401,30.401,30.401,30.401,30.401,30.401,30.401,30.401,30.401,30.401,30.401,30.401,30.401,30.401,30.401,30.401,30.401,30.401,30.401,30.401,30.401,30.401,30.401,30.401,30.401,30.401,30.401,30.401,30.401,30.401,30.401,30.401,30.401,30.401,30.401,30.401,30.401,30.401,30.401,30.401,30.401,30.401,30.401,30.401,30.401,30.401,30.401,30.401,30.401,30.401,30.401,30.401,30.401,30.401,30.401,30.401,30.401,30.401,30.401,30.401,30.401,30.401,30.401,30.401,30.401,30.401,30.401,30.401,30.401,30.401,30.401,30.401,30.401,30.401,30.401,30.401
0.995369,30.401,30.401,30.401,30.401,30.401,30.401,30.401,30.401,30.401,30.401,30.401,30.401,30.401,30.401,30.401,30.401,30.401,30.401,30.401,30.401,30.401,30.401,30.401,30.401,30.401,30.401,30.401,30.401,30.401,30.401,30.401,30.401,30.401,30.401,30.401,30.401,30.401,30.401,30.401,30.401,30.401,30.401,30.401,30.401,30.401,30.401,30.401,30.401,30.401,30.401,30.401,30.401,30.401,30.401,30.401,30.401,30.401,30.401,30.401,30.401,30.401,30.401,30.401,30.401,30.401,30.401,30.401,30.401,30.401,30.401,30.401,30.401,30.401,30.401,30.401,30.401,30.401,30.401,30.401,30.401,30.401,30.401,30.401,30.401,30.401,30.401,30.401,30.401,30.401,30.401,30.401
