,0.3231,0.34055,0.358,0.37545,0.3929,0.41035,0.4278,0.44525,0.48015,0.51505,0.5325,0.54995,0.58485,0.6023,0.6372,0.6721,0.68955,0.72445,0.75935,0.79425,0.82915,0.86405,0.89895,0.9513,0.9862,1.03855,1.07345,1.1258,1.17815,1.2305,1.3003,1.35265,1.42245,1.4748,1.52715,1.6144,1.6842,1.77145,1.84125,1.9285,2.01575,2.103,2.19025,2.3124,2.3822,2.50435,2.6265,2.7312,2.8708,2.99295,3.13255,3.27215,3.41175,3.58625,3.76075,3.90035,4.10975,4.2668,4.4762,4.66815,4.87755,5.1044,5.33125,5.593,5.8373,6.09905,6.3608,6.6749,6.9541,7.2682,7.6172,7.94875,8.29775,8.6642,9.06555,9.4669,9.90315,10.3568,10.8106,11.2992,11.8052,12.3461,12.922,13.4978,14.0911,14.7194,15.3999,16.0804,16.7959,17.5637,18.3664,19.204,20.059,20.9665,21.9088,22.886,23.9329,24.9974,26.1317,27.3008
1e-07,0.000484907,0.000686875,0.000734557,0.00065648,0.000525725,0.000395705,0.000289152,0.000209608,0.000113127,6.58515e-05,5.19436e-05,4.18765e-05,2.89032e-05,2.46615e-05,1.87742e-05,1.50097e-05,1.36225e-05,1.14965e-05,9.96154e-06,8.81227e-06,7.92464e-06,7.22063e-06,6.64939e-06,5.96953e-06,5.60236e-06,5.14453e-06,4.88697e-06,4.55488e-06,4.2735e-06,4.03123e-06,3.75505e-06,3.57557e-06,3.36525e-06,3.22531e-06,3.09806e-06,2.90936e-06,2.77585e-06,2.62675e-06,2.51945e-06,2.39789e-06,2.28824e-06,2.1887e-06,2.09787e-06,1.98318e-06,1.92331e-06,1.82706e-06,1.74024e-06,1.67228e-06,1.58969e-06,1.52394e-06,1.45527e-06,1.3926e-06,1.33516e-06,1.26976e-06,1.21053e-06,1.167e-06,1.10732e-06,1.06644e-06,1.01642e-06,9.74546e-07,9.32644e-07,8.91146e-07,8.53193e-07,8.13239e-07,7.7919e-07,7.45743e-07,7.15053e-07,6.81407e-07,6.54054e-07,6.25795e-07,5.97133e-07,5.72235e-07,5.48178e-07,5.25003e-07,5.01772e-07,4.8051e-07,4.59353e-07,4.39241e-07,4.20818e-07,4.0263e-07,3.8538e-07,3.68503e-07,3.5209e-07,3.37076e-07,3.22891e-07,3.09117e-07,2.95463e-07,2.82965e-07,2.70917e-07,2.59079e-07,2.47761e-07,2.36959e-07,2.26862e-07,2.17048e-07,2.07716e-07,1.98849e-07,1.90154e-07,1.82059e-07,1.74159e-07,1.66703e-07
1.12e-07,0.000543099,0.000769304,0.00082271,0.000735261,0.000588815,0.000443189,0.00032385,0.00023476,0.000126703,7.37538e-05,5.81769e-05,4.69017e-05,3.23716e-05,2.7621e-05,2.10271e-05,1.68109e-05,1.52573e-05,1.2876e-05,1.11569e-05,9.86975e-06,8.87559e-06,8.08711e-06,7.44732e-06,6.68588e-06,6.27465e-06,5.76188e-06,5.4734e-06,5.10147e-06,4.78633e-06,4.51498e-06,4.20566e-06,4.00463e-06,3.76907e-06,3.61235e-06,3.46982e-06,3.25848e-06,3.10895e-06,2.94196e-06,2.82178e-06,2.68564e-06,2.56282e-06,2.45135e-06,2.34962e-06,2.22117e-06,2.15411e-06,2.0463e-06,1.94907e-06,1.87295e-06,1.78045e-06,1.70682e-06,1.6299e-06,1.55971e-06,1.49538e-06,1.42213e-06,1.35579e-06,1.30704e-06,1.2402e-06,1.19441e-06,1.13839e-06,1.09149e-06,1.04456e-06,9.98082e-07,9.55576e-07,9.10829e-07,8.72693e-07,8.35232e-07,8.00859e-07,7.63176e-07,7.32541e-07,7.00891e-07,6.68789e-07,6.40904e-07,6.13959e-07,5.88004e-07,5.61984e-07,5.38171e-07,5.14476e-07,4.91951e-07,4.71315e-07,4.50945e-07,4.31625e-07,4.12723e-07,3.94341e-07,3.77526e-07,3.61638e-07,3.46212e-07,3.30919e-07,3.16921e-07,3.03427e-07,2.90168e-07,2.77492e-07,2.65394e-07,2.54086e-07,2.43093e-07,2.32642e-07,2.22711e-07,2.12972e-07,2.03906e-07,1.95058e-07,1.86707e-07
1.25e-07,0.000608274,0.000861626,0.000921442,0.0008235,0.000659476,0.000496375,0.000362713,0.000262934,0.000141907,8.26043e-05,6.51582e-05,5.25301e-05,3.62562e-05,3.09354e-05,2.35505e-05,1.88281e-05,1.70881e-05,1.44212e-05,1.24957e-05,1.10541e-05,9.94067e-06,9.05756e-06,8.34099e-06,7.48818e-06,7.0276e-06,6.4533e-06,6.13022e-06,5.71364e-06,5.36068e-06,5.05678e-06,4.71034e-06,4.48519e-06,4.22137e-06,4.04584e-06,3.8862e-06,3.6495e-06,3.48202e-06,3.295e-06,3.1604e-06,3.00792e-06,2.87036e-06,2.74551e-06,2.63158e-06,2.4877e-06,2.4126e-06,2.29186e-06,2.18295e-06,2.09771e-06,1.9941e-06,1.91164e-06,1.82549e-06,1.74687e-06,1.67482e-06,1.59279e-06,1.51848e-06,1.46388e-06,1.38902e-06,1.33774e-06,1.275e-06,1.22247e-06,1.16991e-06,1.11785e-06,1.07024e-06,1.02013e-06,9.77416e-07,9.3546e-07,8.96963e-07,8.54758e-07,8.20446e-07,7.84999e-07,7.49043e-07,7.17812e-07,6.87634e-07,6.58564e-07,6.29423e-07,6.02752e-07,5.76213e-07,5.50985e-07,5.27873e-07,5.05059e-07,4.8342e-07,4.6225e-07,4.41662e-07,4.22829e-07,4.05035e-07,3.87757e-07,3.70629e-07,3.54951e-07,3.39838e-07,3.24988e-07,3.10791e-07,2.97241e-07,2.84576e-07,2.72264e-07,2.60559e-07,2.49437e-07,2.38529e-07,2.28375e-07,2.18465e-07,2.09113e-07
1.4e-07,0.000681272,0.00096503,0.00103203,0.000922327,0.000738619,0.000555944,0.000406241,0.000294485,0.000158937,9.2517e-05,7.29772e-05,5.88338e-05,4.0607e-05,3.46478e-05,2.63765e-05,2.10876e-05,1.91388e-05,1.61517e-05,1.39952e-05,1.23807e-05,1.11336e-05,1.01445e-05,9.34192e-06,8.38678e-06,7.87093e-06,7.22771e-06,6.86585e-06,6.39929e-06,6.00398e-06,5.6636e-06,5.27558e-06,5.02342e-06,4.72793e-06,4.53134e-06,4.35255e-06,4.08745e-06,3.89987e-06,3.69041e-06,3.53965e-06,3.36887e-06,3.21481e-06,3.07498e-06,2.94737e-06,2.78624e-06,2.70212e-06,2.56689e-06,2.44491e-06,2.34944e-06,2.2334e-06,2.14104e-06,2.04455e-06,1.9565e-06,1.8758e-06,1.78393e-06,1.7007e-06,1.63956e-06,1.55571e-06,1.49827e-06,1.42801e-06,1.36917e-06,1.3103e-06,1.252e-06,1.19868e-06,1.14254e-06,1.09471e-06,1.04772e-06,1.0046e-06,9.5733e-07,9.18901e-07,8.79199e-07,8.3893e-07,8.03951e-07,7.70151e-07,7.37593e-07,7.04954e-07,6.75083e-07,6.4536e-07,6.17104e-07,5.91219e-07,5.65667e-07,5.41432e-07,5.17722e-07,4.94662e-07,4.73569e-07,4.53639e-07,4.34288e-07,4.15105e-07,3.97546e-07,3.80619e-07,3.63988e-07,3.48086e-07,3.3291e-07,3.18725e-07,3.04937e-07,2.91826e-07,2.7937e-07,2.67153e-07,2.5578e-07,2.44681e-07,2.34206e-07
1.57e-07,0.000763026,0.00108084,0.00115588,0.00103301,0.000827257,0.000622661,0.000454993,0.000329827,0.000178009,0.000103619,8.17345e-05,6.58938e-05,4.54797e-05,3.88055e-05,2.95417e-05,2.3618e-05,2.14354e-05,1.809e-05,1.56747e-05,1.38663e-05,1.24696e-05,1.13618e-05,1.04629e-05,9.39318e-06,8.81543e-06,8.09503e-06,7.68974e-06,7.1672e-06,6.72445e-06,6.34322e-06,5.90865e-06,5.62623e-06,5.29528e-06,5.07509e-06,4.87486e-06,4.57794e-06,4.36785e-06,4.13325e-06,3.9644e-06,3.77313e-06,3.60059e-06,3.44397e-06,3.30105e-06,3.12058e-06,3.02637e-06,2.87491e-06,2.7383e-06,2.63137e-06,2.5014e-06,2.39796e-06,2.2899e-06,2.19128e-06,2.1009e-06,1.998e-06,1.90479e-06,1.8363e-06,1.74239e-06,1.67806e-06,1.59936e-06,1.53347e-06,1.46753e-06,1.40224e-06,1.34252e-06,1.27965e-06,1.22607e-06,1.17344e-06,1.12515e-06,1.07221e-06,1.02917e-06,9.84703e-07,9.39601e-07,9.00424e-07,8.62569e-07,8.26104e-07,7.89548e-07,7.56093e-07,7.22803e-07,6.91156e-07,6.62165e-07,6.33547e-07,6.06403e-07,5.79847e-07,5.54021e-07,5.30397e-07,5.08076e-07,4.86403e-07,4.64918e-07,4.45251e-07,4.26293e-07,4.07666e-07,3.89857e-07,3.72859e-07,3.56972e-07,3.41529e-07,3.26845e-07,3.12894e-07,2.9921e-07,2.86473e-07,2.74043e-07,2.62311e-07
1.76e-07,0.000854594,0.00121055,0.00129459,0.00115698,0.000926535,0.000697382,0.000509593,0.000369405,0.00019937,0.000116053,9.15426e-05,7.3801e-05,5.09373e-05,4.34621e-05,3.30866e-05,2.64522e-05,2.40076e-05,2.02608e-05,1.75557e-05,1.55302e-05,1.39659e-05,1.27252e-05,1.17184e-05,1.05203e-05,9.87324e-06,9.06647e-06,8.6125e-06,8.02725e-06,7.53138e-06,7.10441e-06,6.61768e-06,6.30137e-06,5.93071e-06,5.6841e-06,5.45983e-06,5.12729e-06,4.89199e-06,4.62923e-06,4.44012e-06,4.22591e-06,4.03265e-06,3.85724e-06,3.69717e-06,3.49504e-06,3.38953e-06,3.2199e-06,3.06689e-06,2.94713e-06,2.80157e-06,2.68571e-06,2.56468e-06,2.45423e-06,2.353e-06,2.23775e-06,2.13336e-06,2.05665e-06,1.95147e-06,1.87942e-06,1.79129e-06,1.71748e-06,1.64364e-06,1.5705e-06,1.50362e-06,1.43321e-06,1.3732e-06,1.31425e-06,1.26017e-06,1.20087e-06,1.15267e-06,1.10287e-06,1.05235e-06,1.00847e-06,9.66076e-07,9.25235e-07,8.84293e-07,8.46822e-07,8.09538e-07,7.74093e-07,7.41623e-07,7.09571e-07,6.7917e-07,6.49428e-07,6.20503e-07,5.94044e-07,5.69044e-07,5.4477e-07,5.20707e-07,4.98681e-07,4.77448e-07,4.56585e-07,4.36639e-07,4.17602e-07,3.99808e-07,3.82512e-07,3.66066e-07,3.50441e-07,3.35115e-07,3.2085e-07,3.06928e-07,2.93788e-07
1.97e-07,0.00095715,0.00135583,0.00144996,0.00129584,0.00103773,0.000781074,0.000570746,0.000413735,0.000223296,0.00012998,0.000102528,8.26573e-05,5.70498e-05,4.86776e-05,3.70571e-05,2.96264e-05,2.68885e-05,2.2692e-05,1.96623e-05,1.73939e-05,1.56419e-05,1.42523e-05,1.31247e-05,1.17828e-05,1.10581e-05,1.01544e-05,9.64598e-06,8.99053e-06,8.43515e-06,7.95696e-06,7.41178e-06,7.05752e-06,6.64242e-06,6.36619e-06,6.11501e-06,5.74255e-06,5.47902e-06,5.18474e-06,4.97294e-06,4.73301e-06,4.51657e-06,4.32011e-06,4.14083e-06,3.91445e-06,3.79627e-06,3.60629e-06,3.43492e-06,3.30079e-06,3.13775e-06,3.00799e-06,2.87244e-06,2.74873e-06,2.63536e-06,2.50628e-06,2.38936e-06,2.30345e-06,2.18565e-06,2.10495e-06,2.00624e-06,1.92358e-06,1.84087e-06,1.75896e-06,1.68405e-06,1.60519e-06,1.53798e-06,1.47196e-06,1.41139e-06,1.34498e-06,1.29099e-06,1.23521e-06,1.17863e-06,1.12949e-06,1.082e-06,1.03626e-06,9.90407e-07,9.48441e-07,9.06682e-07,8.66984e-07,8.30618e-07,7.9472e-07,7.6067e-07,7.27359e-07,6.94962e-07,6.65329e-07,6.37329e-07,6.10142e-07,5.83192e-07,5.58522e-07,5.34742e-07,5.11375e-07,4.89035e-07,4.67714e-07,4.47785e-07,4.28413e-07,4.09993e-07,3.92494e-07,3.75329e-07,3.59352e-07,3.43759e-07,3.29042e-07
2.21e-07,0.00107202,0.00151855,0.00162398,0.00145135,0.00116227,0.000874808,0.00063924,0.000463386,0.000250091,0.000145578,0.000114831,9.25762e-05,6.38959e-05,5.45189e-05,4.1504e-05,3.31817e-05,3.01152e-05,2.54151e-05,2.20218e-05,1.94811e-05,1.75188e-05,1.59625e-05,1.46996e-05,1.31968e-05,1.23851e-05,1.1373e-05,1.08035e-05,1.00694e-05,9.44739e-06,8.91178e-06,8.30125e-06,7.90444e-06,7.43951e-06,7.13012e-06,6.84883e-06,6.43164e-06,6.13651e-06,5.80694e-06,5.5697e-06,5.301e-06,5.05858e-06,4.83852e-06,4.63775e-06,4.38419e-06,4.25182e-06,4.03903e-06,3.84711e-06,3.69688e-06,3.51429e-06,3.36895e-06,3.21713e-06,3.07859e-06,2.9516e-06,2.80704e-06,2.67609e-06,2.57988e-06,2.44792e-06,2.35756e-06,2.247e-06,2.15442e-06,2.06177e-06,1.97003e-06,1.88614e-06,1.79782e-06,1.72254e-06,1.6486e-06,1.58076e-06,1.50637e-06,1.44591e-06,1.38344e-06,1.32007e-06,1.26503e-06,1.21184e-06,1.16062e-06,1.10926e-06,1.06225e-06,1.01548e-06,9.71027e-07,9.30292e-07,8.90089e-07,8.5195e-07,8.14644e-07,7.78355e-07,7.4517e-07,7.13808e-07,6.83363e-07,6.53176e-07,6.25544e-07,5.98909e-07,5.72739e-07,5.47717e-07,5.23838e-07,5.01518e-07,4.79822e-07,4.59193e-07,4.39595e-07,4.20367e-07,4.02475e-07,3.85009e-07,3.68528e-07
2.48e-07,0.00120067,0.00170079,0.00181888,0.00162554,0.00130175,0.000979795,0.000715953,0.000518994,0.000280103,0.000163047,0.000128611,0.000103685,7.15634e-05,6.10613e-05,4.64844e-05,3.71635e-05,3.3729e-05,2.84648e-05,2.46644e-05,2.18189e-05,1.96211e-05,1.7878e-05,1.64637e-05,1.47803e-05,1.38712e-05,1.27377e-05,1.21e-05,1.12777e-05,1.05811e-05,9.98119e-06,9.29735e-06,8.85295e-06,8.33223e-06,7.98573e-06,7.67068e-06,7.20348e-06,6.87291e-06,6.50372e-06,6.23808e-06,5.93709e-06,5.6656e-06,5.41915e-06,5.19426e-06,4.91028e-06,4.76203e-06,4.52372e-06,4.30875e-06,4.14052e-06,3.936e-06,3.77322e-06,3.60318e-06,3.44802e-06,3.30581e-06,3.14388e-06,2.9972e-06,2.88945e-06,2.74167e-06,2.64045e-06,2.51663e-06,2.41293e-06,2.30919e-06,2.20643e-06,2.11248e-06,2.01355e-06,1.92924e-06,1.84643e-06,1.77045e-06,1.68714e-06,1.61942e-06,1.54944e-06,1.47848e-06,1.41683e-06,1.35726e-06,1.29989e-06,1.24236e-06,1.18972e-06,1.13734e-06,1.08755e-06,1.04193e-06,9.96899e-07,9.54189e-07,9.12396e-07,8.71759e-07,8.34588e-07,7.99468e-07,7.65361e-07,7.31557e-07,7.00608e-07,6.70781e-07,6.41468e-07,6.13448e-07,5.86702e-07,5.61702e-07,5.37402e-07,5.14296e-07,4.92345e-07,4.70814e-07,4.50769e-07,4.31211e-07,4.12751e-07
2.77e-07,0.00134476,0.00190492,0.00203718,0.00182063,0.00145798,0.00109738,0.000801874,0.000581278,0.000313717,0.000182614,0.000144045,0.000116128,8.01513e-05,6.83889e-05,5.20628e-05,4.16232e-05,3.77765e-05,3.18807e-05,2.76243e-05,2.44372e-05,2.19757e-05,2.00235e-05,1.84394e-05,1.6554e-05,1.55358e-05,1.42662e-05,1.3552e-05,1.26311e-05,1.18508e-05,1.11789e-05,1.04131e-05,9.91536e-06,9.33213e-06,8.94409e-06,8.5912e-06,8.06791e-06,7.69765e-06,7.28418e-06,6.98666e-06,6.64956e-06,6.34546e-06,6.06946e-06,5.81759e-06,5.49951e-06,5.33348e-06,5.06658e-06,4.82583e-06,4.63736e-06,4.40832e-06,4.22602e-06,4.03559e-06,3.86178e-06,3.7025e-06,3.52116e-06,3.35688e-06,3.23618e-06,3.07069e-06,2.95732e-06,2.81864e-06,2.70249e-06,2.5863e-06,2.47121e-06,2.36597e-06,2.25518e-06,2.16076e-06,2.06801e-06,1.9829e-06,1.8896e-06,1.81375e-06,1.73538e-06,1.6559e-06,1.58685e-06,1.52014e-06,1.45588e-06,1.39146e-06,1.3325e-06,1.27383e-06,1.21805e-06,1.16696e-06,1.11653e-06,1.06869e-06,1.02189e-06,9.76372e-07,9.34739e-07,8.95402e-07,8.57207e-07,8.19344e-07,7.84685e-07,7.51277e-07,7.18445e-07,6.87061e-07,6.57104e-07,6.29108e-07,6.0189e-07,5.76011e-07,5.51425e-07,5.27313e-07,5.04866e-07,4.82956e-07,4.62281e-07
3.11e-07,0.00150615,0.00213354,0.00228168,0.00203914,0.00163296,0.00122908,0.000898106,0.000651035,0.000351364,0.000204528,0.000161331,0.000130064,8.97696e-05,7.65956e-05,5.83102e-05,4.6618e-05,4.23097e-05,3.57064e-05,3.09391e-05,2.73697e-05,2.46128e-05,2.24263e-05,2.06521e-05,1.85405e-05,1.74001e-05,1.59781e-05,1.51782e-05,1.41468e-05,1.32729e-05,1.25204e-05,1.16626e-05,1.11052e-05,1.0452e-05,1.00174e-05,9.62208e-06,9.03603e-06,8.62135e-06,8.15831e-06,7.82504e-06,7.44752e-06,7.10693e-06,6.79777e-06,6.51569e-06,6.15947e-06,5.97351e-06,5.67457e-06,5.40494e-06,5.19385e-06,4.93732e-06,4.73315e-06,4.51985e-06,4.32521e-06,4.1468e-06,3.94369e-06,3.75973e-06,3.62453e-06,3.43917e-06,3.31218e-06,3.15686e-06,3.02679e-06,2.89665e-06,2.76777e-06,2.6499e-06,2.5258e-06,2.42006e-06,2.31617e-06,2.22085e-06,2.11635e-06,2.03139e-06,1.94363e-06,1.8546e-06,1.77728e-06,1.70256e-06,1.63059e-06,1.55843e-06,1.4924e-06,1.42668e-06,1.36422e-06,1.30699e-06,1.25051e-06,1.19694e-06,1.14452e-06,1.09354e-06,1.04691e-06,1.00286e-06,9.60075e-07,9.17666e-07,8.78846e-07,8.41427e-07,8.0466e-07,7.69508e-07,7.3596e-07,7.04602e-07,6.74117e-07,6.45136e-07,6.17598e-07,5.90587e-07,5.6545e-07,5.40914e-07,5.17756e-07
3.48e-07,0.00168691,0.00238961,0.00255553,0.00228387,0.00182894,0.00137659,0.00100589,0.000729166,0.000393529,0.000229071,0.00018069,0.000145672,0.000100542,8.57871e-05,6.53076e-05,5.22122e-05,4.73869e-05,3.99912e-05,3.46518e-05,3.0654e-05,2.75664e-05,2.51174e-05,2.31303e-05,2.07654e-05,1.94882e-05,1.78955e-05,1.69996e-05,1.58444e-05,1.48657e-05,1.40228e-05,1.30621e-05,1.24378e-05,1.17062e-05,1.12194e-05,1.07767e-05,1.01204e-05,9.65596e-06,9.13728e-06,8.76404e-06,8.34121e-06,7.95975e-06,7.61351e-06,7.29756e-06,6.89862e-06,6.69033e-06,6.35552e-06,6.05351e-06,5.81711e-06,5.52982e-06,5.30112e-06,5.06224e-06,4.84423e-06,4.64441e-06,4.41693e-06,4.21089e-06,4.05947e-06,3.85186e-06,3.70966e-06,3.53568e-06,3.39001e-06,3.24424e-06,3.0999e-06,2.96787e-06,2.82889e-06,2.71045e-06,2.59411e-06,2.48735e-06,2.37031e-06,2.27516e-06,2.17687e-06,2.07716e-06,1.99055e-06,1.90687e-06,1.82625e-06,1.74544e-06,1.67148e-06,1.59789e-06,1.52793e-06,1.46384e-06,1.40057e-06,1.34057e-06,1.28186e-06,1.22476e-06,1.17254e-06,1.12319e-06,1.07528e-06,1.02779e-06,9.84307e-07,9.42401e-07,9.0122e-07,8.61848e-07,8.24272e-07,7.8915e-07,7.5501e-07,7.2255e-07,6.9171e-07,6.61458e-07,6.33303e-07,6.05821e-07,5.79887e-07
3.9e-07,0.00188936,0.00267641,0.00286225,0.00255799,0.00204846,0.0015418,0.00112661,0.000816672,0.000440756,0.00025656,0.000202374,0.000163153,0.000112607,9.60816e-05,7.31446e-05,5.84778e-05,5.30735e-05,4.47902e-05,3.88102e-05,3.43326e-05,3.08744e-05,2.81316e-05,2.59059e-05,2.32572e-05,2.18267e-05,2.00431e-05,1.90396e-05,1.77458e-05,1.66495e-05,1.57056e-05,1.46296e-05,1.39303e-05,1.3111e-05,1.25658e-05,1.207e-05,1.13348e-05,1.08146e-05,1.02338e-05,9.81572e-06,9.34214e-06,8.91493e-06,8.52714e-06,8.17329e-06,7.72646e-06,7.49317e-06,7.11819e-06,6.77995e-06,6.51519e-06,6.1934e-06,5.93727e-06,5.66971e-06,5.42552e-06,5.20176e-06,4.94698e-06,4.71618e-06,4.54661e-06,4.31408e-06,4.15481e-06,3.95998e-06,3.79683e-06,3.63356e-06,3.47189e-06,3.32403e-06,3.16837e-06,3.03572e-06,2.90541e-06,2.78583e-06,2.65475e-06,2.54818e-06,2.43809e-06,2.32642e-06,2.22942e-06,2.13569e-06,2.04541e-06,1.95489e-06,1.87206e-06,1.78964e-06,1.71128e-06,1.6395e-06,1.56864e-06,1.50143e-06,1.43569e-06,1.37174e-06,1.31324e-06,1.25798e-06,1.20432e-06,1.15112e-06,1.10243e-06,1.05549e-06,1.00937e-06,9.65273e-07,9.23186e-07,8.83853e-07,8.45614e-07,8.09257e-07,7.74715e-07,7.40835e-07,7.093e-07,6.7852e-07,6.49473e-07
4.36e-07,0.00211611,0.00299765,0.00320579,0.00286502,0.00229431,0.00172684,0.00126181,0.000914679,0.000493647,0.000287349,0.000226659,0.00018273,0.00012612,0.000107612,8.19219e-05,6.54951e-05,5.94423e-05,5.01649e-05,4.34673e-05,3.84525e-05,3.45792e-05,3.15072e-05,2.90147e-05,2.60481e-05,2.44459e-05,2.24482e-05,2.13243e-05,1.98752e-05,1.86474e-05,1.75903e-05,1.63852e-05,1.5602e-05,1.46843e-05,1.40737e-05,1.35184e-05,1.2695e-05,1.21124e-05,1.14618e-05,1.09936e-05,1.04632e-05,9.98473e-06,9.55041e-06,9.15408e-06,8.65362e-06,8.39237e-06,7.97237e-06,7.59351e-06,7.29701e-06,6.93658e-06,6.64974e-06,6.35007e-06,6.0766e-06,5.82597e-06,5.54061e-06,5.28212e-06,5.0922e-06,4.83178e-06,4.65338e-06,4.43517e-06,4.25244e-06,4.06958e-06,3.8885e-06,3.7229e-06,3.54857e-06,3.39999e-06,3.25405e-06,3.12013e-06,2.97332e-06,2.85397e-06,2.73066e-06,2.60558e-06,2.49695e-06,2.39197e-06,2.29085e-06,2.18948e-06,2.09671e-06,2.00439e-06,1.91663e-06,1.83624e-06,1.75688e-06,1.6816e-06,1.60796e-06,1.53634e-06,1.47083e-06,1.40894e-06,1.34883e-06,1.28925e-06,1.23472e-06,1.18214e-06,1.13049e-06,1.0811e-06,1.03397e-06,9.8991e-07,9.47086e-07,9.06369e-07,8.6768e-07,8.29733e-07,7.94413e-07,7.59942e-07,7.27408e-07
4.89e-07,0.00237009,0.00335745,0.00359059,0.00320889,0.00256968,0.00193409,0.00141325,0.00102445,0.00055289,0.000321832,0.00025386,0.00020466,0.000141255,0.000120525,9.17527e-05,7.33545e-05,6.65754e-05,5.61849e-05,4.86834e-05,4.30667e-05,3.87287e-05,3.52882e-05,3.24964e-05,2.91739e-05,2.73794e-05,2.5142e-05,2.38832e-05,2.22602e-05,2.08851e-05,1.97011e-05,1.83514e-05,1.74742e-05,1.64464e-05,1.57625e-05,1.51406e-05,1.42184e-05,1.35659e-05,1.28373e-05,1.23128e-05,1.17188e-05,1.11829e-05,1.06965e-05,1.02526e-05,9.69207e-06,9.39945e-06,8.92905e-06,8.50474e-06,8.17265e-06,7.76898e-06,7.4477e-06,7.11208e-06,6.80578e-06,6.52508e-06,6.20548e-06,5.91597e-06,5.70326e-06,5.4116e-06,5.21179e-06,4.96739e-06,4.76274e-06,4.55794e-06,4.35513e-06,4.16966e-06,3.9744e-06,3.808e-06,3.64453e-06,3.49456e-06,3.33011e-06,3.19644e-06,3.05834e-06,2.91826e-06,2.79658e-06,2.67901e-06,2.56576e-06,2.45222e-06,2.34831e-06,2.24492e-06,2.14663e-06,2.05658e-06,1.9677e-06,1.8834e-06,1.80092e-06,1.7207e-06,1.64733e-06,1.57801e-06,1.5107e-06,1.44397e-06,1.38288e-06,1.32401e-06,1.26615e-06,1.21084e-06,1.15804e-06,1.1087e-06,1.06074e-06,1.01513e-06,9.71801e-07,9.29303e-07,8.89742e-07,8.51137e-07,8.14698e-07
5.47e-07,0.00265455,0.00376044,0.0040216,0.00359408,0.00287811,0.00216623,0.00158286,0.0011474,0.000619241,0.000360454,0.000284323,0.000229218,0.000158206,0.000134989,0.000102763,8.21573e-05,7.45646e-05,6.29273e-05,5.45256e-05,4.82349e-05,4.33763e-05,3.95229e-05,3.6396e-05,3.26748e-05,3.0665e-05,2.81591e-05,2.67493e-05,2.49315e-05,2.33914e-05,2.20653e-05,2.05536e-05,1.95712e-05,1.842e-05,1.7654e-05,1.69575e-05,1.59246e-05,1.51938e-05,1.43778e-05,1.37904e-05,1.31251e-05,1.25249e-05,1.19801e-05,1.14829e-05,1.08551e-05,1.05274e-05,1.00006e-05,9.52533e-06,9.15337e-06,8.70129e-06,8.34142e-06,7.96552e-06,7.6225e-06,7.3081e-06,6.95014e-06,6.6259e-06,6.38767e-06,6.06099e-06,5.83722e-06,5.56348e-06,5.33427e-06,5.10489e-06,4.87776e-06,4.67002e-06,4.45133e-06,4.26497e-06,4.08188e-06,3.9139e-06,3.72974e-06,3.58002e-06,3.42534e-06,3.26845e-06,3.13218e-06,3.0005e-06,2.87365e-06,2.74649e-06,2.63011e-06,2.51431e-06,2.40423e-06,2.30338e-06,2.20383e-06,2.10941e-06,2.01703e-06,1.9272e-06,1.84502e-06,1.76737e-06,1.69198e-06,1.61724e-06,1.54883e-06,1.48289e-06,1.41809e-06,1.35614e-06,1.29701e-06,1.24175e-06,1.18803e-06,1.13695e-06,1.08842e-06,1.04082e-06,9.96515e-07,9.53275e-07,9.12462e-07
6.13e-07,0.00297315,0.00421182,0.00450433,0.00402549,0.00322359,0.00242622,0.00177283,0.0012851,0.000693554,0.00040371,0.000318444,0.000256725,0.000177191,0.000151187,0.000115095,9.20162e-05,8.35124e-05,7.04784e-05,6.10686e-05,5.4023e-05,4.85814e-05,4.42656e-05,4.07636e-05,3.65957e-05,3.43448e-05,3.15381e-05,2.99592e-05,2.79233e-05,2.61983e-05,2.47131e-05,2.302e-05,2.19197e-05,2.06303e-05,1.97725e-05,1.89924e-05,1.78355e-05,1.70171e-05,1.61031e-05,1.54453e-05,1.47001e-05,1.40278e-05,1.34176e-05,1.28608e-05,1.21577e-05,1.17907e-05,1.12006e-05,1.06684e-05,1.02518e-05,9.74541e-06,9.3424e-06,8.92138e-06,8.53718e-06,8.18507e-06,7.78416e-06,7.42102e-06,7.15418e-06,6.78831e-06,6.53768e-06,6.23109e-06,5.97437e-06,5.71747e-06,5.46308e-06,5.23041e-06,4.98548e-06,4.77675e-06,4.5717e-06,4.38357e-06,4.17731e-06,4.00962e-06,3.83638e-06,3.66067e-06,3.50804e-06,3.36055e-06,3.21848e-06,3.07607e-06,2.94573e-06,2.81603e-06,2.69273e-06,2.57978e-06,2.46828e-06,2.36253e-06,2.25907e-06,2.15846e-06,2.06641e-06,1.97946e-06,1.89501e-06,1.81131e-06,1.73469e-06,1.66083e-06,1.58826e-06,1.51888e-06,1.45265e-06,1.39076e-06,1.33059e-06,1.27338e-06,1.21903e-06,1.16572e-06,1.1161e-06,1.06767e-06,1.02196e-06
6.87e-07,0.00333,0.00471739,0.00504504,0.00450872,0.00361052,0.00271744,0.00198561,0.00143933,0.000776787,0.000452158,0.000356658,0.000287535,0.000198454,0.00016933,0.000128907,0.000103058,9.35341e-05,7.8936e-05,6.8397e-05,6.05059e-05,5.44113e-05,4.95775e-05,4.56552e-05,4.09873e-05,3.84662e-05,3.53227e-05,3.35543e-05,3.12741e-05,2.93421e-05,2.76787e-05,2.57824e-05,2.45501e-05,2.3106e-05,2.21452e-05,2.12715e-05,1.99759e-05,1.90591e-05,1.80355e-05,1.72987e-05,1.64641e-05,1.57112e-05,1.50278e-05,1.44041e-05,1.36167e-05,1.32056e-05,1.25447e-05,1.19486e-05,1.1482e-05,1.09149e-05,1.04635e-05,9.99196e-06,9.56165e-06,9.16727e-06,8.71827e-06,8.31154e-06,8.01271e-06,7.60291e-06,7.32221e-06,6.97883e-06,6.6913e-06,6.40359e-06,6.11866e-06,5.85807e-06,5.58375e-06,5.34996e-06,5.12031e-06,4.9096e-06,4.67858e-06,4.49078e-06,4.29675e-06,4.09996e-06,3.929e-06,3.76382e-06,3.6047e-06,3.4452e-06,3.29921e-06,3.15395e-06,3.01586e-06,2.88936e-06,2.76448e-06,2.64604e-06,2.53017e-06,2.41747e-06,2.31439e-06,2.21699e-06,2.12242e-06,2.02867e-06,1.94285e-06,1.86013e-06,1.77885e-06,1.70114e-06,1.62697e-06,1.55765e-06,1.49026e-06,1.42619e-06,1.36532e-06,1.30561e-06,1.25003e-06,1.19579e-06,1.14459e-06
7.69e-07,0.00372971,0.00528368,0.00565071,0.00504996,0.00404391,0.0030436,0.00222392,0.00161208,0.000870009,0.000506419,0.000399459,0.000322039,0.00022227,0.00018965,0.000144376,0.000115426,0.000104758,8.84085e-05,7.66048e-05,6.77668e-05,6.09407e-05,5.55269e-05,5.11339e-05,4.59058e-05,4.30823e-05,3.95615e-05,3.75808e-05,3.50271e-05,3.28633e-05,3.10002e-05,2.88764e-05,2.74961e-05,2.58788e-05,2.48027e-05,2.3824e-05,2.2373e-05,2.13462e-05,2.01997e-05,1.93745e-05,1.84398e-05,1.75965e-05,1.68311e-05,1.61326e-05,1.52507e-05,1.47903e-05,1.40501e-05,1.33824e-05,1.28598e-05,1.22247e-05,1.17191e-05,1.1191e-05,1.0709e-05,1.02674e-05,9.76447e-06,9.30894e-06,8.97424e-06,8.51527e-06,8.2009e-06,7.81629e-06,7.49427e-06,7.17203e-06,6.8529e-06,6.56105e-06,6.2538e-06,5.99197e-06,5.73475e-06,5.49875e-06,5.24003e-06,5.02967e-06,4.81236e-06,4.59195e-06,4.40049e-06,4.21549e-06,4.03727e-06,3.85863e-06,3.69512e-06,3.53243e-06,3.37777e-06,3.23609e-06,3.09623e-06,2.96357e-06,2.83378e-06,2.70757e-06,2.59212e-06,2.48303e-06,2.37711e-06,2.27211e-06,2.176e-06,2.08335e-06,1.99232e-06,1.90528e-06,1.82221e-06,1.74457e-06,1.66909e-06,1.59733e-06,1.52915e-06,1.46228e-06,1.40003e-06,1.33928e-06,1.28195e-06
8.61e-07,0.0041774,0.00591798,0.00632909,0.0056562,0.00452935,0.00340895,0.00249085,0.00180556,0.000974419,0.000567192,0.000447396,0.000360685,0.000248942,0.000212409,0.000161702,0.000129277,0.00011733,9.90176e-05,8.57973e-05,7.58987e-05,6.82536e-05,6.219e-05,5.727e-05,5.14144e-05,4.82521e-05,4.43088e-05,4.20905e-05,3.92303e-05,3.68068e-05,3.47202e-05,3.23415e-05,3.07956e-05,2.89842e-05,2.7779e-05,2.66829e-05,2.50577e-05,2.39078e-05,2.26237e-05,2.16995e-05,2.06526e-05,1.97081e-05,1.88509e-05,1.80686e-05,1.70807e-05,1.65651e-05,1.57361e-05,1.49883e-05,1.4403e-05,1.36916e-05,1.31254e-05,1.25339e-05,1.19941e-05,1.14995e-05,1.09362e-05,1.0426e-05,1.00511e-05,9.5371e-06,9.185e-06,8.75425e-06,8.39358e-06,8.03267e-06,7.67524e-06,7.34837e-06,7.00427e-06,6.711e-06,6.42293e-06,6.1586e-06,5.86881e-06,5.63323e-06,5.38985e-06,5.14299e-06,4.92855e-06,4.72135e-06,4.52175e-06,4.32165e-06,4.13854e-06,3.95632e-06,3.7831e-06,3.62442e-06,3.46777e-06,3.3192e-06,3.17384e-06,3.03248e-06,2.90317e-06,2.781e-06,2.66237e-06,2.54477e-06,2.43712e-06,2.33335e-06,2.23139e-06,2.13391e-06,2.04088e-06,1.95391e-06,1.86939e-06,1.78901e-06,1.71265e-06,1.63775e-06,1.56804e-06,1.5e-06,1.43578e-06
9.65e-07,0.00467882,0.00662847,0.00708897,0.00633527,0.00507308,0.00381814,0.00278983,0.00202226,0.00109136,0.00063526,0.000501086,0.00040397,0.000278816,0.000237898,0.000181106,0.00014479,0.000131409,0.0001109,9.60932e-05,8.50068e-05,7.64441e-05,6.96529e-05,6.41424e-05,5.75843e-05,5.40424e-05,4.9626e-05,4.71414e-05,4.39379e-05,4.12237e-05,3.88867e-05,3.62225e-05,3.44911e-05,3.24623e-05,3.11125e-05,2.98849e-05,2.80647e-05,2.67768e-05,2.53385e-05,2.43034e-05,2.31309e-05,2.20731e-05,2.11129e-05,2.02368e-05,1.91304e-05,1.85529e-05,1.76244e-05,1.67869e-05,1.61314e-05,1.53346e-05,1.47005e-05,1.4038e-05,1.34335e-05,1.28794e-05,1.22486e-05,1.16771e-05,1.12573e-05,1.06816e-05,1.02872e-05,9.80477e-06,9.40081e-06,8.99658e-06,8.59629e-06,8.23018e-06,7.84477e-06,7.51633e-06,7.19369e-06,6.89764e-06,6.57309e-06,6.30922e-06,6.03663e-06,5.76015e-06,5.51998e-06,5.2879e-06,5.06436e-06,4.84026e-06,4.63516e-06,4.43108e-06,4.23707e-06,4.05934e-06,3.88391e-06,3.7175e-06,3.5547e-06,3.39637e-06,3.25155e-06,3.11471e-06,2.98185e-06,2.85014e-06,2.72957e-06,2.61336e-06,2.49916e-06,2.38998e-06,2.28578e-06,2.18839e-06,2.09371e-06,2.0037e-06,1.91817e-06,1.83429e-06,1.7562e-06,1.68e-06,1.60808e-06
1.08e-06,0.00524043,0.00742425,0.00794009,0.00709588,0.00568211,0.00427647,0.00312468,0.00226497,0.00122233,0.000711494,0.000561218,0.000452448,0.000312274,0.000266446,0.000202838,0.000162165,0.000147179,0.000124208,0.000107624,9.52073e-05,8.56171e-05,7.8011e-05,7.18393e-05,6.44942e-05,6.05273e-05,5.55809e-05,5.27981e-05,4.92103e-05,4.61704e-05,4.35529e-05,4.05691e-05,3.86299e-05,3.63576e-05,3.48458e-05,3.3471e-05,3.14323e-05,2.99899e-05,2.83791e-05,2.72197e-05,2.59065e-05,2.47218e-05,2.36464e-05,2.26651e-05,2.1426e-05,2.07792e-05,1.97393e-05,1.88013e-05,1.80671e-05,1.71747e-05,1.64645e-05,1.57225e-05,1.50454e-05,1.44249e-05,1.37183e-05,1.30783e-05,1.26081e-05,1.19633e-05,1.15216e-05,1.09813e-05,1.05289e-05,1.00761e-05,9.6278e-06,9.21777e-06,8.78612e-06,8.41826e-06,8.0569e-06,7.72533e-06,7.36182e-06,7.06631e-06,6.76101e-06,6.45134e-06,6.18235e-06,5.92244e-06,5.67206e-06,5.42107e-06,5.19136e-06,4.96279e-06,4.7455e-06,4.54645e-06,4.34996e-06,4.16358e-06,3.98125e-06,3.80393e-06,3.64173e-06,3.48847e-06,3.33966e-06,3.19214e-06,3.05711e-06,2.92695e-06,2.79905e-06,2.67677e-06,2.56007e-06,2.45099e-06,2.34495e-06,2.24413e-06,2.14834e-06,2.05439e-06,1.96694e-06,1.88159e-06,1.80104e-06
1.21e-06,0.00586955,0.00831567,0.00889353,0.0079479,0.00636432,0.00478984,0.00349978,0.00253685,0.00136904,0.000796884,0.000628571,0.000506745,0.00034975,0.000298422,0.00022718,0.000181627,0.00016484,0.000139114,0.00012054,0.000106633,9.58918e-05,8.73728e-05,8.04604e-05,7.22338e-05,6.77909e-05,6.22509e-05,5.91342e-05,5.51158e-05,5.17111e-05,4.87795e-05,4.54375e-05,4.32657e-05,4.07207e-05,3.90275e-05,3.74877e-05,3.52044e-05,3.35888e-05,3.17847e-05,3.04863e-05,2.90154e-05,2.76885e-05,2.64841e-05,2.5385e-05,2.39972e-05,2.32728e-05,2.21081e-05,2.10575e-05,2.02352e-05,1.92358e-05,1.84403e-05,1.76093e-05,1.68509e-05,1.61559e-05,1.53646e-05,1.46478e-05,1.41211e-05,1.33989e-05,1.29043e-05,1.22991e-05,1.17924e-05,1.12853e-05,1.07832e-05,1.03239e-05,9.84049e-06,9.42849e-06,9.02377e-06,8.65241e-06,8.24528e-06,7.9143e-06,7.57237e-06,7.22553e-06,6.92427e-06,6.63316e-06,6.35274e-06,6.07163e-06,5.81435e-06,5.55835e-06,5.31498e-06,5.09205e-06,4.87197e-06,4.66324e-06,4.45902e-06,4.26042e-06,4.07875e-06,3.90711e-06,3.74044e-06,3.57522e-06,3.42398e-06,3.27819e-06,3.13495e-06,2.998e-06,2.86729e-06,2.74512e-06,2.62636e-06,2.51344e-06,2.40616e-06,2.30093e-06,2.20298e-06,2.10739e-06,2.01717e-06
1.36e-06,0.00657418,0.00931416,0.00996148,0.00890227,0.00712845,0.00536486,0.00391987,0.00284132,0.00153334,0.000892515,0.000704004,0.000567557,0.000391722,0.000334233,0.000254442,0.000203421,0.000184622,0.000155807,0.000135004,0.000119429,0.000107399,9.78575e-05,9.01156e-05,8.09018e-05,7.59256e-05,6.97209e-05,6.62302e-05,6.17296e-05,5.79163e-05,5.46329e-05,5.089e-05,4.84575e-05,4.56072e-05,4.37107e-05,4.19861e-05,3.94288e-05,3.76194e-05,3.55988e-05,3.41445e-05,3.24972e-05,3.10111e-05,2.96622e-05,2.84312e-05,2.68769e-05,2.60654e-05,2.4761e-05,2.35844e-05,2.26634e-05,2.1544e-05,2.06531e-05,1.97224e-05,1.8873e-05,1.80946e-05,1.72083e-05,1.64055e-05,1.58156e-05,1.50068e-05,1.44528e-05,1.3775e-05,1.32074e-05,1.26395e-05,1.20772e-05,1.15628e-05,1.10213e-05,1.05599e-05,1.01066e-05,9.69068e-06,9.2347e-06,8.864e-06,8.48103e-06,8.09257e-06,7.75516e-06,7.42912e-06,7.11505e-06,6.80021e-06,6.51206e-06,6.22534e-06,5.95277e-06,5.70308e-06,5.4566e-06,5.22282e-06,4.9941e-06,4.77166e-06,4.56819e-06,4.37595e-06,4.18928e-06,4.00424e-06,3.83485e-06,3.67157e-06,3.51114e-06,3.35775e-06,3.21136e-06,3.07452e-06,2.94151e-06,2.81505e-06,2.69489e-06,2.57703e-06,2.46734e-06,2.36027e-06,2.25923e-06
1.52e-06,0.00736348,0.0104327,0.0111578,0.00997134,0.0079844,0.00600897,0.00439045,0.00318238,0.00171738,0.00099963,0.000788493,0.00063567,0.000438731,0.000374344,0.000284977,0.000227834,0.000206777,0.000174504,0.000151206,0.000133761,0.000120287,0.0001096,0.00010093,9.06102e-05,8.50369e-05,7.80877e-05,7.41781e-05,6.91373e-05,6.48664e-05,6.1189e-05,5.69969e-05,5.42725e-05,5.10801e-05,4.89561e-05,4.70246e-05,4.41604e-05,4.21338e-05,3.98708e-05,3.8242e-05,3.63969e-05,3.47325e-05,3.32217e-05,3.1843e-05,3.01022e-05,2.91933e-05,2.77324e-05,2.64146e-05,2.53831e-05,2.41294e-05,2.31315e-05,2.20891e-05,2.11378e-05,2.0266e-05,1.92733e-05,1.83742e-05,1.77136e-05,1.68077e-05,1.61871e-05,1.5428e-05,1.47924e-05,1.41563e-05,1.35264e-05,1.29504e-05,1.23439e-05,1.18271e-05,1.13194e-05,1.08536e-05,1.03429e-05,9.9277e-06,9.49878e-06,9.06371e-06,8.6858e-06,8.32063e-06,7.96888e-06,7.61625e-06,7.29352e-06,6.9724e-06,6.66713e-06,6.38747e-06,6.11141e-06,5.84957e-06,5.5934e-06,5.34427e-06,5.11639e-06,4.90108e-06,4.69201e-06,4.48476e-06,4.29504e-06,4.11217e-06,3.93248e-06,3.76069e-06,3.59673e-06,3.44347e-06,3.2945e-06,3.15286e-06,3.01828e-06,2.88628e-06,2.76342e-06,2.64351e-06,2.53034e-06
1.7e-06,0.00824759,0.0116856,0.012498,0.0111689,0.00894323,0.00673048,0.00491753,0.00356442,0.00192351,0.0011196,0.000883125,0.000711959,0.000491384,0.00041927,0.000319177,0.000255175,0.000231593,0.000195447,0.000169351,0.000149813,0.000134722,0.000122753,0.000113042,0.000101484,9.52419e-05,8.74586e-05,8.30799e-05,7.74342e-05,7.26508e-05,6.8532e-05,6.38369e-05,6.07855e-05,5.721e-05,5.48312e-05,5.26678e-05,4.94598e-05,4.71901e-05,4.46555e-05,4.28312e-05,4.07648e-05,3.89005e-05,3.72085e-05,3.56644e-05,3.37146e-05,3.26967e-05,3.10604e-05,2.95845e-05,2.84292e-05,2.7025e-05,2.59074e-05,2.47399e-05,2.36745e-05,2.2698e-05,2.15863e-05,2.05792e-05,1.98393e-05,1.88247e-05,1.81297e-05,1.72795e-05,1.65675e-05,1.58552e-05,1.51497e-05,1.45045e-05,1.38253e-05,1.32464e-05,1.26778e-05,1.21561e-05,1.15841e-05,1.11191e-05,1.06387e-05,1.01514e-05,9.72814e-06,9.31916e-06,8.92518e-06,8.53024e-06,8.16879e-06,7.80912e-06,7.46721e-06,7.154e-06,6.84481e-06,6.55155e-06,6.26464e-06,5.98561e-06,5.73039e-06,5.48923e-06,5.25507e-06,5.02295e-06,4.81047e-06,4.60565e-06,4.40441e-06,4.21199e-06,4.02836e-06,3.85671e-06,3.68986e-06,3.53122e-06,3.3805e-06,3.23266e-06,3.09505e-06,2.96075e-06,2.834e-06
1.9e-06,0.00923786,0.0130891,0.0139992,0.0125104,0.0100173,0.00753862,0.0055079,0.00399229,0.00215437,0.00125398,0.000989111,0.000797403,0.000550354,0.000469585,0.00035748,0.000285797,0.000259384,0.000218901,0.000189674,0.00016779,0.000150889,0.000137484,0.000126607,0.000113663,0.000106671,9.79535e-05,9.30499e-05,8.67266e-05,8.13691e-05,7.67561e-05,7.14973e-05,6.80798e-05,6.40753e-05,6.14109e-05,5.89879e-05,5.5395e-05,5.28529e-05,5.00141e-05,4.7971e-05,4.56566e-05,4.35687e-05,4.16735e-05,3.99441e-05,3.77604e-05,3.66203e-05,3.47877e-05,3.31346e-05,3.18407e-05,3.0268e-05,2.90163e-05,2.77087e-05,2.65154e-05,2.54218e-05,2.41766e-05,2.30487e-05,2.222e-05,2.10837e-05,2.03052e-05,1.9353e-05,1.85556e-05,1.77578e-05,1.69677e-05,1.6245e-05,1.54843e-05,1.4836e-05,1.41992e-05,1.36148e-05,1.29742e-05,1.24534e-05,1.19153e-05,1.13696e-05,1.08955e-05,1.04375e-05,9.99622e-06,9.55387e-06,9.14905e-06,8.74622e-06,8.36329e-06,8.01248e-06,7.66619e-06,7.33774e-06,7.01641e-06,6.70389e-06,6.41803e-06,6.14794e-06,5.88568e-06,5.62571e-06,5.38773e-06,5.15833e-06,4.93294e-06,4.71744e-06,4.51177e-06,4.31952e-06,4.13265e-06,3.95497e-06,3.78616e-06,3.62058e-06,3.46646e-06,3.31604e-06,3.17408e-06
2.13e-06,0.0103472,0.0146614,0.015681,0.0140133,0.0112204,0.00844387,0.00616919,0.00447155,0.00241297,0.00140447,0.00110782,0.0008931,0.000616401,0.000525938,0.000400379,0.000320094,0.000290512,0.000245169,0.000212436,0.000187927,0.000168996,0.000153982,0.0001418,0.000127302,0.000119472,0.000109708,0.000104216,9.71336e-05,9.11333e-05,8.59666e-05,8.00768e-05,7.62493e-05,7.17643e-05,6.87804e-05,6.60662e-05,6.20427e-05,5.91951e-05,5.60158e-05,5.37274e-05,5.11353e-05,4.8797e-05,4.66742e-05,4.47376e-05,4.22915e-05,4.10148e-05,3.89621e-05,3.71108e-05,3.56616e-05,3.39003e-05,3.24982e-05,3.10338e-05,2.96974e-05,2.84723e-05,2.70778e-05,2.58146e-05,2.48863e-05,2.36137e-05,2.27419e-05,2.16753e-05,2.07824e-05,1.98887e-05,1.90039e-05,1.81945e-05,1.73424e-05,1.66164e-05,1.59031e-05,1.52485e-05,1.45311e-05,1.39477e-05,1.33452e-05,1.27339e-05,1.2203e-05,1.169e-05,1.11958e-05,1.07003e-05,1.0247e-05,9.79577e-06,9.36692e-06,8.97398e-06,8.58617e-06,8.21827e-06,7.85841e-06,7.50836e-06,7.18818e-06,6.88572e-06,6.59198e-06,6.30079e-06,6.03425e-06,5.77732e-06,5.52487e-06,5.28351e-06,5.05316e-06,4.83786e-06,4.62857e-06,4.42958e-06,4.24048e-06,4.05505e-06,3.88242e-06,3.71397e-06,3.55496e-06
2.39e-06,0.0115897,0.0164227,0.0175651,0.0156968,0.0125681,0.00945793,0.00690994,0.00500838,0.0027026,0.00157304,0.00124077,0.00100028,0.000690375,0.000589055,0.000448428,0.000358508,0.000325375,0.000274591,0.000237929,0.000210478,0.000189277,0.000172462,0.000158817,0.000142578,0.000133808,0.000122874,0.000116721,0.00010879,0.00010207,9.62826e-05,8.96864e-05,8.53995e-05,8.03763e-05,7.70344e-05,7.39948e-05,6.94875e-05,6.6299e-05,6.27379e-05,6.01748e-05,5.72715e-05,5.46527e-05,5.22753e-05,5.01062e-05,4.73667e-05,4.59366e-05,4.36378e-05,4.1564e-05,3.99411e-05,3.79684e-05,3.6398e-05,3.4758e-05,3.3261e-05,3.18891e-05,3.03272e-05,2.89125e-05,2.78728e-05,2.64474e-05,2.54709e-05,2.42764e-05,2.32763e-05,2.22755e-05,2.12842e-05,2.03779e-05,1.94235e-05,1.86103e-05,1.78115e-05,1.70785e-05,1.62748e-05,1.56216e-05,1.49466e-05,1.4262e-05,1.36674e-05,1.30928e-05,1.25393e-05,1.19844e-05,1.14766e-05,1.09713e-05,1.04909e-05,1.00509e-05,9.61651e-06,9.20452e-06,8.80137e-06,8.40937e-06,8.05082e-06,7.71197e-06,7.38303e-06,7.05688e-06,6.7584e-06,6.47063e-06,6.18787e-06,5.91758e-06,5.65958e-06,5.41842e-06,5.18401e-06,4.96113e-06,4.74938e-06,4.54165e-06,4.34833e-06,4.15966e-06,3.98156e-06
2.67e-06,0.0129816,0.0183958,0.0196757,0.0175829,0.0140779,0.0105938,0.00773966,0.00560966,0.00302699,0.00176183,0.00138969,0.00112033,0.000773227,0.000659746,0.000502242,0.00040153,0.000364421,0.000307543,0.00026648,0.000235736,0.00021199,0.000193157,0.000177875,0.000159687,0.000149865,0.000137618,0.000130728,0.000121844,0.000114318,0.000107837,0.000100449,9.56477e-05,9.00211e-05,8.62782e-05,8.28738e-05,7.7826e-05,7.42545e-05,7.02661e-05,6.73961e-05,6.41442e-05,6.12111e-05,5.85482e-05,5.61189e-05,5.30508e-05,5.1449e-05,4.88743e-05,4.65519e-05,4.4734e-05,4.25246e-05,4.07658e-05,3.89287e-05,3.72524e-05,3.57157e-05,3.39663e-05,3.23818e-05,3.12175e-05,2.9621e-05,2.85274e-05,2.71897e-05,2.60695e-05,2.49485e-05,2.38383e-05,2.28231e-05,2.17543e-05,2.08435e-05,1.99488e-05,1.91279e-05,1.82278e-05,1.74961e-05,1.67402e-05,1.59734e-05,1.53075e-05,1.46639e-05,1.4044e-05,1.34226e-05,1.28538e-05,1.22879e-05,1.17499e-05,1.1257e-05,1.07705e-05,1.0309e-05,9.85755e-06,9.41848e-06,9.01687e-06,8.63742e-06,8.26898e-06,7.90374e-06,7.56936e-06,7.2471e-06,6.93045e-06,6.62766e-06,6.33873e-06,6.06863e-06,5.80608e-06,5.55644e-06,5.31927e-06,5.08665e-06,4.87012e-06,4.6588e-06,4.45936e-06
3e-06,0.0145409,0.0206064,0.0220405,0.0196959,0.0157693,0.0118663,0.00866912,0.00628321,0.00339034,0.0019733,0.00155648,0.00125479,0.000866023,0.000738923,0.000562516,0.000449717,0.000408154,0.00034445,0.00029846,0.000264025,0.00023743,0.000216337,0.000199221,0.000178851,0.00016785,0.000154133,0.000146416,0.000136466,0.000128036,0.000120778,0.000112503,0.000107125,0.000100824,9.66317e-05,9.28188e-05,8.71654e-05,8.31656e-05,7.86985e-05,7.54833e-05,7.18416e-05,6.85562e-05,6.55743e-05,6.28531e-05,5.94171e-05,5.76232e-05,5.47395e-05,5.21382e-05,5.0102e-05,4.76277e-05,4.56578e-05,4.36003e-05,4.17227e-05,4.00017e-05,3.80424e-05,3.62678e-05,3.49637e-05,3.31756e-05,3.19507e-05,3.04525e-05,2.91979e-05,2.79422e-05,2.6699e-05,2.5562e-05,2.43649e-05,2.33448e-05,2.23427e-05,2.14232e-05,2.04153e-05,1.95958e-05,1.8749e-05,1.78903e-05,1.71444e-05,1.64236e-05,1.57293e-05,1.50333e-05,1.43962e-05,1.37624e-05,1.31598e-05,1.26079e-05,1.20629e-05,1.15462e-05,1.10405e-05,1.05488e-05,1.00989e-05,9.67394e-06,9.26126e-06,8.85217e-06,8.47771e-06,8.11675e-06,7.76209e-06,7.423e-06,7.09939e-06,6.79686e-06,6.50283e-06,6.22323e-06,5.95763e-06,5.69708e-06,5.45456e-06,5.21788e-06,4.99449e-06
3.36e-06,0.0162876,0.023083,0.02469,0.0220633,0.0176643,0.0132918,0.00971026,0.00703766,0.00379733,0.00221015,0.00174329,0.00140539,0.000969959,0.000827604,0.000630024,0.000503687,0.000457137,0.000385787,0.000334278,0.00029571,0.000265922,0.000242297,0.000223128,0.000200314,0.000187992,0.000172629,0.000163986,0.000152842,0.000143401,0.000135271,0.000126003,0.000119981,0.000112923,0.000108227,0.000103957,9.76257e-05,9.31455e-05,8.81423e-05,8.45421e-05,8.04627e-05,7.67832e-05,7.34434e-05,7.03954e-05,6.65472e-05,6.45381e-05,6.1308e-05,5.83949e-05,5.61147e-05,5.33431e-05,5.11371e-05,4.88324e-05,4.67295e-05,4.48021e-05,4.26077e-05,4.06199e-05,3.91595e-05,3.71567e-05,3.57849e-05,3.41069e-05,3.27016e-05,3.12956e-05,2.99031e-05,2.86294e-05,2.72887e-05,2.61462e-05,2.50239e-05,2.3994e-05,2.28651e-05,2.19472e-05,2.0999e-05,2.00373e-05,1.92017e-05,1.83944e-05,1.76169e-05,1.68373e-05,1.61238e-05,1.54139e-05,1.47391e-05,1.41208e-05,1.35106e-05,1.29316e-05,1.23653e-05,1.18146e-05,1.13108e-05,1.08349e-05,1.03726e-05,9.9145e-06,9.49508e-06,9.09079e-06,8.6936e-06,8.3138e-06,7.95133e-06,7.61253e-06,7.28316e-06,6.97004e-06,6.67255e-06,6.38073e-06,6.10913e-06,5.84404e-06,5.59383e-06
3.76e-06,0.0182444,0.0258578,0.0276586,0.0247158,0.0197873,0.0148888,0.0108766,0.00788276,0.00425321,0.00247543,0.00195253,0.00157406,0.00108637,0.000926928,0.000705634,0.000564134,0.000511996,0.000432085,0.000374393,0.000331197,0.000297834,0.000271374,0.000249904,0.000224352,0.000210553,0.000193346,0.000183665,0.000171184,0.000160609,0.000151504,0.000141124,0.000134378,0.000126475,0.000121215,0.000116433,0.000109341,0.000104323,9.872e-05,9.46872e-05,9.01186e-05,8.59974e-05,8.22569e-05,7.88433e-05,7.45329e-05,7.22828e-05,6.86652e-05,6.54024e-05,6.28484e-05,5.97441e-05,5.72734e-05,5.46926e-05,5.23371e-05,5.01785e-05,4.77207e-05,4.54944e-05,4.38586e-05,4.16157e-05,4.00793e-05,3.81998e-05,3.66258e-05,3.50511e-05,3.34913e-05,3.2065e-05,3.05635e-05,2.92839e-05,2.80268e-05,2.68734e-05,2.56089e-05,2.45809e-05,2.35189e-05,2.24417e-05,2.1506e-05,2.06019e-05,1.97309e-05,1.88579e-05,1.80588e-05,1.72636e-05,1.65077e-05,1.58154e-05,1.51318e-05,1.44835e-05,1.38493e-05,1.32324e-05,1.26681e-05,1.2135e-05,1.16174e-05,1.11042e-05,1.06345e-05,1.01817e-05,9.7368e-06,9.31146e-06,8.90548e-06,8.52605e-06,8.15719e-06,7.80648e-06,7.47328e-06,7.14642e-06,6.84222e-06,6.54534e-06,6.26511e-06
4.21e-06,0.0204366,0.0289668,0.0309851,0.0276878,0.0221658,0.0166778,0.0121831,0.00882943,0.00476382,0.00277257,0.00218689,0.00176298,0.00121675,0.00103817,0.000790318,0.000631836,0.000573442,0.000483939,0.000419323,0.000370943,0.000333576,0.000303941,0.000279894,0.000251275,0.00023582,0.000216548,0.000205705,0.000191726,0.000179883,0.000169685,0.000158059,0.000150504,0.000141651,0.000135761,0.000130405,0.000122462,0.000116842,0.000110567,0.00010605,0.000100933,9.63172e-05,9.21276e-05,8.83044e-05,8.34768e-05,8.09567e-05,7.69052e-05,7.32509e-05,7.03906e-05,6.69136e-05,6.41466e-05,6.12558e-05,5.86177e-05,5.62e-05,5.34473e-05,5.09538e-05,4.91219e-05,4.66097e-05,4.48888e-05,4.27836e-05,4.1021e-05,3.92572e-05,3.75105e-05,3.5913e-05,3.42313e-05,3.2798e-05,3.13901e-05,3.00984e-05,2.8682e-05,2.75308e-05,2.63413e-05,2.51347e-05,2.40868e-05,2.30741e-05,2.20987e-05,2.11208e-05,2.02259e-05,1.93353e-05,1.84888e-05,1.77132e-05,1.69476e-05,1.62216e-05,1.55112e-05,1.48203e-05,1.41884e-05,1.35913e-05,1.30115e-05,1.24368e-05,1.19107e-05,1.14035e-05,1.09053e-05,1.04288e-05,9.97416e-06,9.54918e-06,9.13604e-06,8.74327e-06,8.37007e-06,8.00402e-06,7.6633e-06,7.33078e-06,7.01695e-06
4.71e-06,0.0228926,0.0324505,0.0347123,0.0310179,0.0248309,0.0186823,0.0136468,0.00988992,0.00533579,0.00310539,0.00244938,0.00197459,0.00136279,0.00116277,0.00088517,0.000707666,0.000642262,0.000542017,0.000469646,0.000415459,0.000373608,0.000340416,0.000313483,0.00028143,0.000264119,0.000242535,0.000230391,0.000214735,0.000201469,0.000190048,0.000177027,0.000168566,0.00015865,0.000152053,0.000146054,0.000137158,0.000130864,0.000123835,0.000118776,0.000113046,0.000107876,0.000103184,9.89016e-05,9.34943e-05,9.0672e-05,8.61342e-05,8.20411e-05,7.88375e-05,7.49436e-05,7.18441e-05,6.86068e-05,6.56519e-05,6.29441e-05,5.98612e-05,5.70686e-05,5.50166e-05,5.22029e-05,5.02757e-05,4.79179e-05,4.59437e-05,4.39682e-05,4.20118e-05,4.02226e-05,3.8339e-05,3.67338e-05,3.5157e-05,3.37103e-05,3.2124e-05,3.08345e-05,2.95024e-05,2.8151e-05,2.69773e-05,2.58431e-05,2.47506e-05,2.36554e-05,2.2653e-05,2.16556e-05,2.07074e-05,1.98389e-05,1.89814e-05,1.81682e-05,1.73726e-05,1.65988e-05,1.5891e-05,1.52223e-05,1.45729e-05,1.39292e-05,1.334e-05,1.2772e-05,1.22139e-05,1.16803e-05,1.11711e-05,1.06951e-05,1.02324e-05,9.79248e-06,9.37451e-06,8.96456e-06,8.58294e-06,8.21051e-06,7.859e-06
5.28e-06,0.0256442,0.036354,0.0388892,0.0347498,0.027817,0.0209279,0.0152865,0.0110779,0.00597643,0.00347817,0.00274341,0.00221161,0.00152635,0.00130233,0.000991403,0.000792594,0.000719342,0.000607065,0.000526008,0.000465318,0.000418444,0.000381268,0.000351103,0.000315203,0.000295814,0.000271639,0.000258039,0.000240504,0.000225647,0.000212854,0.000198271,0.000188794,0.000177689,0.0001703,0.000163581,0.000153618,0.000146568,0.000138695,0.000133029,0.000126611,0.000120821,0.000115566,0.00011077,0.000104714,0.000101553,9.64705e-05,9.18863e-05,8.82981e-05,8.39369e-05,8.04657e-05,7.68396e-05,7.35304e-05,7.04977e-05,6.70446e-05,6.3917e-05,6.16189e-05,5.84674e-05,5.6309e-05,5.36683e-05,5.14571e-05,4.92445e-05,4.70534e-05,4.50495e-05,4.29398e-05,4.11421e-05,3.9376e-05,3.77556e-05,3.5979e-05,3.45347e-05,3.30427e-05,3.15292e-05,3.02147e-05,2.89443e-05,2.77208e-05,2.64941e-05,2.53714e-05,2.42543e-05,2.31924e-05,2.22196e-05,2.12593e-05,2.03485e-05,1.94574e-05,1.85907e-05,1.7798e-05,1.7049e-05,1.63217e-05,1.56008e-05,1.49408e-05,1.43047e-05,1.36796e-05,1.3082e-05,1.25117e-05,1.19786e-05,1.14603e-05,1.09676e-05,1.04995e-05,1.00403e-05,9.61291e-06,9.19581e-06,8.8021e-06
5.91e-06,0.0287272,0.0407285,0.0435706,0.0389319,0.0311633,0.023444,0.0171236,0.0124087,0.00669408,0.00389571,0.00307271,0.00247707,0.00170955,0.00145864,0.00111039,0.000887719,0.000805674,0.000679922,0.000589136,0.000521161,0.000468661,0.000427023,0.000393238,0.000353029,0.000331314,0.000304238,0.000289005,0.000269365,0.000252726,0.000238398,0.000222065,0.00021145,0.000199012,0.000190737,0.000183211,0.000172052,0.000164157,0.00015534,0.000148994,0.000141805,0.00013532,0.000129434,0.000124063,0.00011728,0.00011374,0.000108047,0.000102913,9.88945e-05,9.40098e-05,9.01222e-05,8.60609e-05,8.23545e-05,7.89578e-05,7.50904e-05,7.15872e-05,6.90134e-05,6.5484e-05,6.30662e-05,6.01086e-05,5.76321e-05,5.51541e-05,5.27e-05,5.04556e-05,4.80928e-05,4.60794e-05,4.41013e-05,4.22864e-05,4.02967e-05,3.86791e-05,3.70079e-05,3.53129e-05,3.38406e-05,3.24178e-05,3.10474e-05,2.96735e-05,2.84162e-05,2.7165e-05,2.59757e-05,2.4886e-05,2.38105e-05,2.27904e-05,2.17923e-05,2.08217e-05,1.99338e-05,1.9095e-05,1.82804e-05,1.74729e-05,1.67338e-05,1.60213e-05,1.53213e-05,1.46519e-05,1.40132e-05,1.34161e-05,1.28357e-05,1.22838e-05,1.17595e-05,1.12452e-05,1.07665e-05,1.02993e-05,9.85842e-06
6.62e-06,0.0321814,0.0456309,0.048817,0.0436188,0.034913,0.0262634,0.0191818,0.0138995,0.00749794,0.00436342,0.00344158,0.00277441,0.00191475,0.00163371,0.00124366,0.00099426,0.000902366,0.000761521,0.000659838,0.000583705,0.000524905,0.000478269,0.000440429,0.000395395,0.000371073,0.000340748,0.000323687,0.000301691,0.000283053,0.000267007,0.000248714,0.000236825,0.000222895,0.000213626,0.000205197,0.000192699,0.000183856,0.000173981,0.000166874,0.000158822,0.000151559,0.000144967,0.000138951,0.000131354,0.000127389,0.000121014,0.000115263,0.000110762,0.000105291,0.000100937,9.63883e-05,9.22373e-05,8.84329e-05,8.41016e-05,8.0178e-05,7.72953e-05,7.33421e-05,7.06344e-05,6.73219e-05,6.45482e-05,6.17728e-05,5.90242e-05,5.65104e-05,5.38642e-05,5.16089e-05,4.93936e-05,4.73609e-05,4.51324e-05,4.33206e-05,4.1449e-05,3.95505e-05,3.79016e-05,3.63081e-05,3.47731e-05,3.32344e-05,3.18262e-05,3.04249e-05,2.90928e-05,2.78725e-05,2.66678e-05,2.55253e-05,2.44075e-05,2.33204e-05,2.2326e-05,2.13864e-05,2.04741e-05,1.95698e-05,1.8742e-05,1.79439e-05,1.71599e-05,1.64102e-05,1.56948e-05,1.5026e-05,1.4376e-05,1.37579e-05,1.31707e-05,1.25947e-05,1.20585e-05,1.15353e-05,1.10414e-05
7.42e-06,0.0360522,0.0511257,0.0546978,0.0488722,0.0391154,0.0294226,0.0214878,0.0155698,0.00839843,0.00488729,0.00385474,0.00310746,0.00214457,0.00182981,0.00139293,0.00111359,0.00101067,0.000852916,0.000739029,0.000653757,0.000587899,0.000535666,0.000493284,0.000442845,0.000415605,0.00038164,0.000362532,0.000337896,0.000317022,0.000299049,0.00027856,0.000265245,0.000249643,0.000239263,0.000229823,0.000215824,0.00020592,0.00019486,0.000186899,0.000177882,0.000169747,0.000162363,0.000155626,0.000147117,0.000142676,0.000135536,0.000129095,0.000124054,0.000117927,0.00011305,0.000107956,0.000103306,9.90456e-05,9.41942e-05,8.97998e-05,8.65711e-05,8.21436e-05,7.91109e-05,7.5401e-05,7.22943e-05,6.91858e-05,6.61074e-05,6.3292e-05,6.03282e-05,5.78023e-05,5.53211e-05,5.30445e-05,5.05485e-05,4.85195e-05,4.64232e-05,4.42968e-05,4.24499e-05,4.06652e-05,3.89462e-05,3.72228e-05,3.56455e-05,3.4076e-05,3.25841e-05,3.12174e-05,2.98681e-05,2.85885e-05,2.73366e-05,2.61189e-05,2.50052e-05,2.39529e-05,2.29311e-05,2.19183e-05,2.09911e-05,2.00973e-05,1.92192e-05,1.83796e-05,1.75783e-05,1.68292e-05,1.61012e-05,1.54089e-05,1.47512e-05,1.41061e-05,1.35056e-05,1.29196e-05,1.23665e-05
8.31e-06,0.0403897,0.0572844,0.0612901,0.0547606,0.0438252,0.0329627,0.0240715,0.0174411,0.00940715,0.0054741,0.00431752,0.0034805,0.002402,0.00204943,0.00156012,0.00124725,0.00113197,0.000955281,0.000827724,0.000732217,0.000658453,0.000599951,0.000552483,0.000495991,0.000465481,0.000427439,0.000406038,0.000378445,0.000355067,0.000334936,0.000311989,0.000297077,0.000279602,0.000267975,0.000257402,0.000241724,0.000230631,0.000218244,0.000209328,0.000199228,0.000190118,0.000181848,0.000174302,0.000164772,0.000159798,0.000151801,0.000144587,0.000138941,0.000132079,0.000126617,0.000120911,0.000115703,0.000110931,0.000105498,0.000100576,9.696e-05,9.20012e-05,8.86047e-05,8.44494e-05,8.09701e-05,7.74885e-05,7.40406e-05,7.08874e-05,6.75677e-05,6.4739e-05,6.196e-05,5.94101e-05,5.66146e-05,5.4342e-05,5.19941e-05,4.96127e-05,4.7544e-05,4.55453e-05,4.36198e-05,4.16896e-05,3.99231e-05,3.81653e-05,3.64943e-05,3.49635e-05,3.34525e-05,3.20193e-05,3.0617e-05,2.92533e-05,2.80059e-05,2.68274e-05,2.5683e-05,2.45486e-05,2.35101e-05,2.25091e-05,2.15255e-05,2.05852e-05,1.96877e-05,1.88488e-05,1.80334e-05,1.72581e-05,1.65214e-05,1.57989e-05,1.51264e-05,1.447e-05,1.38505e-05
9.31e-06,0.0452506,0.0641883,0.0686807,0.061362,0.0491042,0.0369302,0.0269669,0.0195376,0.0105372,0.00613142,0.00483591,0.00389835,0.00269033,0.00229544,0.00174738,0.00139695,0.00126783,0.00106993,0.000927065,0.000820094,0.000737477,0.000671953,0.000618787,0.000555514,0.000521343,0.000478736,0.000454766,0.000423862,0.000397677,0.000375131,0.00034943,0.000332727,0.000313156,0.000300134,0.000288292,0.000270733,0.000258308,0.000244434,0.000234449,0.000223137,0.000212933,0.000203671,0.000195219,0.000184546,0.000178974,0.000170018,0.000161939,0.000155615,0.000147929,0.000141811,0.000135421,0.000129589,0.000124244,0.000118158,0.000112646,0.000108596,0.000103042,9.92378e-05,9.45838e-05,9.06869e-05,8.67877e-05,8.2926e-05,7.93943e-05,7.56765e-05,7.2508e-05,6.93954e-05,6.65396e-05,6.34088e-05,6.08634e-05,5.82338e-05,5.55665e-05,5.32497e-05,5.1011e-05,4.88545e-05,4.66927e-05,4.47142e-05,4.27455e-05,4.08739e-05,3.91594e-05,3.7467e-05,3.58618e-05,3.42913e-05,3.2764e-05,3.13669e-05,3.00469e-05,2.87651e-05,2.74946e-05,2.63315e-05,2.52104e-05,2.41088e-05,2.30555e-05,2.20504e-05,2.11108e-05,2.01975e-05,1.93292e-05,1.85041e-05,1.76949e-05,1.69417e-05,1.62065e-05,1.55127e-05
1.04e-05,0.0506983,0.0719283,0.0769674,0.0687631,0.0550219,0.0413767,0.0302112,0.0218867,0.011803,0.0068677,0.00541654,0.00436637,0.00301329,0.00257098,0.00195711,0.00156462,0.00142,0.00119835,0.00103833,0.000918518,0.000825985,0.000752595,0.000693048,0.000622181,0.000583909,0.000536188,0.000509342,0.000474728,0.000445401,0.000420149,0.000391364,0.000372657,0.000350736,0.000336152,0.000322889,0.000303222,0.000289306,0.000273768,0.000262584,0.000249915,0.000238486,0.000228112,0.000218646,0.000206693,0.000200453,0.000190421,0.000181372,0.00017429,0.000165681,0.00015883,0.000151672,0.00014514,0.000139154,0.000132338,0.000126164,0.000121628,0.000115408,0.000111147,0.000105934,0.00010157,9.72026e-05,9.28776e-05,8.8922e-05,8.4758e-05,8.12093e-05,7.77233e-05,7.45248e-05,7.10182e-05,6.81673e-05,6.52222e-05,6.22348e-05,5.96399e-05,5.71326e-05,5.47173e-05,5.22961e-05,5.00801e-05,4.78751e-05,4.57789e-05,4.38587e-05,4.19633e-05,4.01654e-05,3.84064e-05,3.66958e-05,3.51311e-05,3.36527e-05,3.22171e-05,3.07941e-05,2.94914e-05,2.82358e-05,2.7002e-05,2.58224e-05,2.46965e-05,2.36442e-05,2.26213e-05,2.16487e-05,2.07247e-05,1.98184e-05,1.89747e-05,1.81514e-05,1.73743e-05
1.17e-05,0.0568041,0.0806065,0.08626,0.0770617,0.0616562,0.0463607,0.0338468,0.0245187,0.0132212,0.00769249,0.00606695,0.00489062,0.00337503,0.0028796,0.00219204,0.00175242,0.00159044,0.00134218,0.00116295,0.00102876,0.000925117,0.000842918,0.000776223,0.00069685,0.000653983,0.000600536,0.000570467,0.0005317,0.000498852,0.000470571,0.000438331,0.000417378,0.000392827,0.000376493,0.000361638,0.000339611,0.000324025,0.000306622,0.000294096,0.000279907,0.000267106,0.000255488,0.000244885,0.000231497,0.000224508,0.000213273,0.000203138,0.000195206,0.000185564,0.00017789,0.000169874,0.000162558,0.000155853,0.000148219,0.000141305,0.000136224,0.000129257,0.000124485,0.000118647,0.000113759,0.000108868,0.000104024,9.95934e-05,9.49296e-05,9.0955e-05,8.70506e-05,8.34683e-05,7.95408e-05,7.63479e-05,7.30492e-05,6.97034e-05,6.67972e-05,6.39889e-05,6.12838e-05,5.8572e-05,5.609e-05,5.36205e-05,5.12728e-05,4.91221e-05,4.69991e-05,4.49855e-05,4.30155e-05,4.10996e-05,3.93471e-05,3.76912e-05,3.60834e-05,3.44896e-05,3.30306e-05,3.16242e-05,3.02424e-05,2.89212e-05,2.76603e-05,2.64817e-05,2.53361e-05,2.42468e-05,2.32118e-05,2.21967e-05,2.12519e-05,2.03297e-05,1.94594e-05
1.31e-05,0.0636486,0.0903385,0.0966824,0.0863688,0.0690951,0.0519475,0.0379217,0.0274683,0.01481,0.00861643,0.00679554,0.00547788,0.00378024,0.00322531,0.00245517,0.00196277,0.00178134,0.00150329,0.00130253,0.00115223,0.00103615,0.000944084,0.000869383,0.000780482,0.000732471,0.000672608,0.00063893,0.00059551,0.000558721,0.000527045,0.000490935,0.000467468,0.00043997,0.000421676,0.000405038,0.000380368,0.000362912,0.000343419,0.00032939,0.000313498,0.000299162,0.000286149,0.000274274,0.000259279,0.000251451,0.000238868,0.000227517,0.000218632,0.000207834,0.000199239,0.00019026,0.000182066,0.000174557,0.000166007,0.000158263,0.000152572,0.000144769,0.000139425,0.000132886,0.000127411,0.000121933,0.000116507,0.000111545,0.000106322,0.000101871,9.74977e-05,9.34853e-05,8.90864e-05,8.55104e-05,8.18159e-05,7.80685e-05,7.48135e-05,7.16683e-05,6.86385e-05,6.56012e-05,6.28214e-05,6.00555e-05,5.74261e-05,5.50173e-05,5.26395e-05,5.03843e-05,4.81778e-05,4.60319e-05,4.40691e-05,4.22146e-05,4.04138e-05,3.86287e-05,3.69946e-05,3.54195e-05,3.38718e-05,3.23921e-05,3.09799e-05,2.96598e-05,2.83767e-05,2.71567e-05,2.59975e-05,2.48606e-05,2.38023e-05,2.27695e-05,2.17947e-05
1.46e-05,0.0713216,0.101253,0.108374,0.0968081,0.0774367,0.058211,0.0424887,0.0307735,0.0165901,0.00965146,0.00761169,0.00613568,0.00423411,0.00361253,0.00274991,0.00219839,0.00199518,0.00168373,0.00145888,0.00129053,0.00116051,0.00105739,0.000973726,0.000874154,0.00082038,0.000753331,0.000715612,0.000666979,0.000625775,0.000590297,0.000549854,0.000523571,0.000492773,0.000472282,0.000453648,0.000426017,0.000406466,0.000384634,0.000368921,0.000351122,0.000335065,0.00032049,0.00030719,0.000290396,0.000281629,0.000267535,0.000254821,0.000244871,0.000232776,0.00022315,0.000213094,0.000203917,0.000195506,0.00018593,0.000177256,0.000170883,0.000162144,0.000156157,0.000148834,0.000142702,0.000136566,0.00013049,0.000124932,0.000119082,0.000114096,0.000109199,0.000104705,9.9778e-05,9.57726e-05,9.16348e-05,8.74378e-05,8.3792e-05,8.02693e-05,7.68759e-05,7.34741e-05,7.03608e-05,6.72629e-05,6.43179e-05,6.16201e-05,5.89569e-05,5.6431e-05,5.39597e-05,5.15563e-05,4.93579e-05,4.72808e-05,4.5264e-05,4.32646e-05,4.14344e-05,3.96703e-05,3.79369e-05,3.62795e-05,3.46978e-05,3.32194e-05,3.17822e-05,3.04158e-05,2.91175e-05,2.78442e-05,2.66589e-05,2.55021e-05,2.44104e-05
1.64e-05,0.0799239,0.113497,0.121491,0.108519,0.086792,0.0652333,0.047608,0.0344776,0.0185845,0.0108109,0.00852593,0.00687252,0.00474248,0.00404625,0.00308003,0.00246228,0.00223468,0.00188584,0.00163399,0.00144543,0.0012998,0.0011843,0.00109059,0.000979065,0.000918837,0.000843741,0.000801494,0.000747024,0.000700875,0.000661139,0.000615842,0.000586405,0.000551911,0.000528961,0.00050809,0.000477143,0.000455246,0.000430794,0.000413195,0.00039326,0.000375276,0.000358952,0.000344056,0.000325246,0.000315427,0.000299642,0.000285402,0.000274258,0.000260712,0.00024993,0.000238667,0.000228389,0.000218969,0.000208243,0.000198529,0.00019139,0.000181602,0.000174898,0.000166696,0.000159828,0.000152955,0.00014615,0.000139925,0.000133373,0.000127789,0.000122303,0.00011727,0.000111752,0.000107266,0.000102632,9.79311e-05,9.38479e-05,8.99024e-05,8.61018e-05,8.22917e-05,7.88047e-05,7.53351e-05,7.20367e-05,6.9015e-05,6.60323e-05,6.32032e-05,6.04354e-05,5.77436e-05,5.52814e-05,5.2955e-05,5.0696e-05,4.84568e-05,4.6407e-05,4.44311e-05,4.24896e-05,4.06334e-05,3.88619e-05,3.7206e-05,3.55964e-05,3.4066e-05,3.26119e-05,3.11857e-05,2.98582e-05,2.85626e-05,2.73398e-05
1.84e-05,0.0895694,0.127233,0.13621,0.121659,0.0972856,0.0731076,0.0533466,0.038629,0.020819,0.0121098,0.00955006,0.00769792,0.00531193,0.00453205,0.00344979,0.00275787,0.00250293,0.00211221,0.00183012,0.00161892,0.00145581,0.00132644,0.00122148,0.00109657,0.00102911,0.000944996,0.000897687,0.000836673,0.000784988,0.000740482,0.000689749,0.000656779,0.000618145,0.000592441,0.000569065,0.000534404,0.000509879,0.000482493,0.000462782,0.000440454,0.000420312,0.000402029,0.000385345,0.000364278,0.000353281,0.000335601,0.000319653,0.000307171,0.000291999,0.000279924,0.000267309,0.000255797,0.000245247,0.000233235,0.000222354,0.000214359,0.000203396,0.000195887,0.000186701,0.000179008,0.000171311,0.000163689,0.000156718,0.000149379,0.000143125,0.000136981,0.000131344,0.000125163,0.000120139,0.000114949,0.000109684,0.00010511,0.000100691,9.64347e-05,9.21674e-05,8.82619e-05,8.43759e-05,8.06817e-05,7.72975e-05,7.39567e-05,7.07882e-05,6.76882e-05,6.46733e-05,6.19156e-05,5.931e-05,5.678e-05,5.4272e-05,5.19762e-05,4.97632e-05,4.75888e-05,4.55098e-05,4.35257e-05,4.16711e-05,3.98683e-05,3.81542e-05,3.65256e-05,3.49283e-05,3.34415e-05,3.19904e-05,3.06209e-05
2.06e-05,0.100387,0.142648,0.152733,0.136406,0.109059,0.0819393,0.059781,0.0432822,0.0233229,0.0135651,0.0106974,0.00862257,0.00594981,0.00507625,0.00386399,0.00308897,0.00280341,0.00236576,0.0020498,0.00181325,0.00163054,0.00148565,0.00136808,0.00122818,0.00115262,0.00105842,0.00100542,0.000937094,0.000879195,0.000829354,0.000772531,0.0007356,0.000692334,0.000663545,0.000637358,0.00059854,0.000571071,0.000540397,0.000518324,0.000493314,0.000470753,0.000450279,0.000431591,0.000407996,0.000395678,0.000375876,0.000358016,0.000344035,0.000327043,0.000313518,0.00029939,0.000286496,0.00027468,0.000261226,0.000249039,0.000240085,0.000227807,0.000219396,0.000209107,0.000200492,0.000191871,0.000183334,0.000175526,0.000167306,0.000160301,0.00015342,0.000147107,0.000140185,0.000134557,0.000128744,0.000122847,0.000117725,0.000112776,0.000108008,0.000103229,9.88546e-05,9.45022e-05,9.03646e-05,8.65742e-05,8.28325e-05,7.92837e-05,7.58117e-05,7.2435e-05,6.93463e-05,6.6428e-05,6.35944e-05,6.07854e-05,5.82141e-05,5.57355e-05,5.33001e-05,5.09716e-05,4.87494e-05,4.66722e-05,4.4653e-05,4.27332e-05,4.09092e-05,3.91202e-05,3.74549e-05,3.58297e-05,3.42958e-05
2.3e-05,0.11252,0.159951,0.171284,0.152961,0.122271,0.0918456,0.0669955,0.0484985,0.0261287,0.0151955,0.0119828,0.00965842,0.00666438,0.00568585,0.00432795,0.00345983,0.00313999,0.00264978,0.00229587,0.00203091,0.00182627,0.00166398,0.0015323,0.00137559,0.00129097,0.00118545,0.00112609,0.00104956,0.00098472,0.000928885,0.000865244,0.000823884,0.00077542,0.000743179,0.000713856,0.000670373,0.00063961,0.000605257,0.000580531,0.000552521,0.000527253,0.000504319,0.000483388,0.000456963,0.000443168,0.000420989,0.000400984,0.000385324,0.000366295,0.000351144,0.000335322,0.000320881,0.000307647,0.000292578,0.000278927,0.000268898,0.000255147,0.000245727,0.000234204,0.000224554,0.000214898,0.000205336,0.000196592,0.000187385,0.000179541,0.000171833,0.000164762,0.00015701,0.000150706,0.000144196,0.00013759,0.000131854,0.00012631,0.000120971,0.000115618,0.000110719,0.000105844,0.00010121,9.69646e-05,9.27742e-05,8.87988e-05,8.49104e-05,8.11286e-05,7.76689e-05,7.44007e-05,7.12267e-05,6.80809e-05,6.52007e-05,6.24245e-05,5.96972e-05,5.70892e-05,5.46002e-05,5.22737e-05,5.00123e-05,4.78621e-05,4.58192e-05,4.38152e-05,4.19502e-05,4.013e-05,3.84118e-05
2.58e-05,0.126132,0.179378,0.192118,0.171552,0.137101,0.10296,0.0750864,0.0543463,0.029273,0.0170222,0.0134228,0.0108188,0.00746484,0.0063687,0.00484764,0.00387524,0.00351698,0.00296789,0.00257149,0.0022747,0.0020455,0.0018637,0.00171622,0.0015407,0.00144591,0.00132773,0.00126124,0.00117553,0.00110291,0.00104037,0.00096909,0.000922766,0.000868485,0.000832373,0.000799531,0.00075083,0.000716375,0.000677896,0.000650202,0.00061883,0.000590534,0.000564845,0.000541404,0.000511805,0.000496355,0.000471515,0.00044911,0.00043157,0.000410256,0.00039329,0.000375565,0.00035939,0.000344569,0.00032769,0.000312403,0.000301171,0.000285768,0.000275219,0.00026231,0.000251504,0.00024069,0.00022998,0.000220185,0.000209876,0.000201089,0.000192456,0.000184536,0.000175852,0.000168793,0.000161501,0.000154104,0.000147679,0.00014147,0.00013549,0.000129494,0.000124006,0.000118547,0.000113357,0.000108601,0.000103909,9.94568e-05,9.51013e-05,9.08655e-05,8.6991e-05,8.33296e-05,7.97752e-05,7.62516e-05,7.30257e-05,6.99167e-05,6.68619e-05,6.39407e-05,6.11529e-05,5.85475e-05,5.60146e-05,5.36062e-05,5.13181e-05,4.90739e-05,4.6985e-05,4.49463e-05,4.30222e-05
2.89e-05,0.141405,0.201196,0.215525,0.192433,0.15375,0.115431,0.0841612,0.0609029,0.0327967,0.0190688,0.0150361,0.0121188,0.00836151,0.00713362,0.00542978,0.00434056,0.00393926,0.00332422,0.00288021,0.00254777,0.00229103,0.00208742,0.00192221,0.00172563,0.00161946,0.00148709,0.00141262,0.00131662,0.00123527,0.00116524,0.0010854,0.00103352,0.000972718,0.000932275,0.000895485,0.000840946,0.000802349,0.000759254,0.00072824,0.000693104,0.000661407,0.000632638,0.000606381,0.000573232,0.000555927,0.000528106,0.000503008,0.000483368,0.000459493,0.000440488,0.000420639,0.000402524,0.000385921,0.00036702,0.000349898,0.000337316,0.000320065,0.000308249,0.000293794,0.000281689,0.000269576,0.000257581,0.000246612,0.000235064,0.000225221,0.000215554,0.000206684,0.000196958,0.000189052,0.000180884,0.000172599,0.000165402,0.000158449,0.000151751,0.000145035,0.00013889,0.000132775,0.000126961,0.000121636,0.000116379,0.000111393,0.000106515,0.000101771,9.74309e-05,9.33306e-05,8.93493e-05,8.54032e-05,8.179e-05,7.83077e-05,7.48861e-05,7.16147e-05,6.84926e-05,6.5574e-05,6.27374e-05,6.00399e-05,5.74771e-05,5.49638e-05,5.2624e-05,5.03406e-05,4.81855e-05
3.24e-05,0.158546,0.225707,0.241833,0.215896,0.172448,0.129429,0.0943415,0.0682555,0.0367462,0.0213622,0.0168437,0.0135753,0.00936602,0.0079905,0.00608188,0.00486179,0.00441228,0.00372336,0.00322601,0.00285364,0.00256606,0.002338,0.00215295,0.00193276,0.00181384,0.00166558,0.00158217,0.00147464,0.00138354,0.00130509,0.00121567,0.00115756,0.00108947,0.00104417,0.00100296,0.000941875,0.000898648,0.00085038,0.000815642,0.000776288,0.000740789,0.000708567,0.00067916,0.000642028,0.000622648,0.000591487,0.000563381,0.000541381,0.000514639,0.000493356,0.000471124,0.000450835,0.000432239,0.000411068,0.000391892,0.0003778,0.00035848,0.000345245,0.000329055,0.000315496,0.000301932,0.000288497,0.000276211,0.000263276,0.000252252,0.000241425,0.000231489,0.000220597,0.000211742,0.000202594,0.000193314,0.000185254,0.000177466,0.000169963,0.000162443,0.000155559,0.00014871,0.000142199,0.000136235,0.000130347,0.000124762,0.000119298,0.000113985,0.000109125,0.000104532,0.000100074,9.56529e-05,9.16065e-05,8.77066e-05,8.38741e-05,8.02099e-05,7.6713e-05,7.34444e-05,7.02671e-05,6.72458e-05,6.43757e-05,6.15603e-05,5.894e-05,5.63824e-05,5.39685e-05
3.63e-05,0.177789,0.253256,0.271413,0.242272,0.193454,0.145144,0.105765,0.076502,0.0411732,0.0239321,0.018869,0.0152071,0.0104914,0.00895044,0.00681239,0.00544568,0.00494216,0.00417045,0.00361336,0.00319625,0.00287412,0.00261866,0.0024114,0.00216476,0.00203157,0.0018655,0.00177208,0.00165165,0.0015496,0.00146174,0.00136159,0.0012965,0.00122023,0.00116949,0.00112335,0.00105492,0.00100651,0.000952449,0.00091354,0.00086946,0.0008297,0.000793609,0.000760674,0.000719089,0.00069738,0.00066248,0.000630997,0.000606357,0.00057641,0.000552571,0.00052767,0.000504945,0.000484119,0.000460405,0.000438927,0.000423145,0.000401505,0.000386683,0.000368549,0.000353365,0.000338169,0.000323124,0.000309362,0.000294876,0.00028253,0.000270402,0.000259273,0.000247074,0.000237155,0.000226909,0.000216516,0.000207489,0.000198765,0.000190363,0.000181939,0.00017423,0.000166559,0.000159267,0.000152586,0.000145991,0.000139736,0.000133618,0.000127666,0.000122222,0.000117079,0.000112085,0.000107134,0.000102602,9.82333e-05,9.39411e-05,8.9837e-05,8.59206e-05,8.22595e-05,7.87008e-05,7.53171e-05,7.21024e-05,6.89493e-05,6.6014e-05,6.31498e-05,6.04464e-05
4.06e-05,0.199396,0.284231,0.304688,0.271934,0.217062,0.162793,0.118584,0.0857521,0.0461361,0.0268119,0.0211386,0.0170355,0.0117521,0.0100259,0.00763073,0.00609973,0.0055357,0.00467127,0.00404723,0.00358001,0.00321918,0.00293304,0.00270088,0.00242461,0.00227543,0.00208943,0.00198479,0.00184989,0.0017356,0.00163719,0.00152501,0.00145212,0.00136669,0.00130986,0.00125818,0.00118154,0.00112732,0.00106676,0.00102318,0.000973818,0.000929284,0.000888865,0.000851976,0.000805398,0.000781082,0.000741993,0.000706734,0.000679136,0.000645593,0.000618893,0.000591004,0.000565551,0.000542226,0.000515667,0.000491609,0.000473934,0.000449697,0.000433094,0.000412784,0.000395776,0.00037876,0.000361907,0.000346493,0.000330267,0.00031644,0.000302857,0.000290394,0.000276729,0.000265621,0.000254145,0.000242504,0.000232393,0.000222623,0.000213211,0.000203777,0.000195142,0.000186551,0.000178383,0.0001709,0.000163514,0.000156509,0.000149655,0.00014299,0.000136892,0.000131132,0.000125538,0.000119992,0.000114917,0.000110024,0.000105217,0.00010062,9.6233e-05,9.21328e-05,8.81472e-05,8.43573e-05,8.07566e-05,7.72249e-05,7.39376e-05,7.07294e-05,6.77014e-05
4.55e-05,0.223667,0.319076,0.342141,0.30531,0.243606,0.182619,0.132976,0.0961302,0.0516999,0.0300395,0.0236818,0.0190842,0.0131647,0.0112307,0.00854749,0.00683245,0.00620062,0.0052323,0.00453325,0.00400989,0.0036057,0.00328519,0.00302514,0.00271568,0.00254859,0.00234025,0.00222305,0.00207195,0.00194393,0.00183371,0.00170807,0.00162642,0.00153074,0.00146709,0.0014092,0.00132337,0.00126263,0.00119481,0.001146,0.00109071,0.00104083,0.000995555,0.00095424,0.000902069,0.000874837,0.000831056,0.000791565,0.000760652,0.000723084,0.000693181,0.000661941,0.000633434,0.000607309,0.000577564,0.000550618,0.000530821,0.000503674,0.000485078,0.000462331,0.000443282,0.000424222,0.000405347,0.000388083,0.000369909,0.000354423,0.000339209,0.000325249,0.000309946,0.000297503,0.00028465,0.000271612,0.000260287,0.000249344,0.000238804,0.000228237,0.000218565,0.000208942,0.000199794,0.000191414,0.000183141,0.000175295,0.000167618,0.000160153,0.000153324,0.000146872,0.000140606,0.000134396,0.00012871,0.000123231,0.000117846,0.000112698,0.000107784,0.000103192,9.87275e-05,9.44829e-05,9.04498e-05,8.64945e-05,8.28128e-05,7.92194e-05,7.58279e-05
5.09e-05,0.25094,0.358293,0.38432,0.342885,0.273463,0.2049,0.149136,0.107776,0.0579386,0.0336568,0.0265317,0.0213798,0.0147473,0.0125805,0.00957452,0.00765324,0.00694548,0.00586075,0.00507768,0.00449141,0.00403866,0.00367962,0.00338833,0.0030417,0.00285454,0.00262117,0.0024899,0.00232067,0.00217728,0.00205382,0.00191309,0.00182165,0.00171448,0.00164319,0.00157835,0.00148221,0.00141419,0.00133823,0.00128356,0.00122163,0.00116576,0.00111505,0.00106878,0.00101035,0.000979846,0.000930808,0.000886578,0.000851958,0.000809877,0.000776385,0.000741398,0.000709466,0.000680205,0.00064689,0.000616709,0.000594538,0.00056413,0.000543304,0.000517825,0.000496491,0.000475143,0.000454001,0.000434665,0.000414311,0.000396965,0.000379925,0.00036429,0.000347149,0.000333214,0.000318817,0.000304214,0.000291531,0.000279274,0.000267467,0.000255632,0.000244801,0.000234023,0.000223776,0.00021439,0.000205124,0.000196336,0.000187738,0.000179376,0.000171728,0.000164501,0.000157484,0.000150527,0.00014416,0.000138022,0.000131991,0.000126225,0.000120722,0.000115578,0.000110578,0.000105824,0.000101307,9.68768e-05,9.27531e-05,8.87285e-05,8.49298e-05
5.7e-05,0.281597,0.402459,0.431856,0.385214,0.307066,0.22995,0.167287,0.120848,0.0649345,0.0377115,0.0297257,0.0239522,0.0165204,0.0140928,0.0107251,0.00857278,0.0077799,0.00656475,0.00568755,0.0050308,0.00452363,0.00412143,0.00379514,0.00340688,0.00319723,0.00293584,0.00278881,0.00259924,0.00243865,0.00230037,0.00214274,0.00204031,0.00192028,0.00184043,0.00176781,0.00166013,0.00158394,0.00149886,0.00143763,0.00136827,0.00130569,0.0012489,0.00119707,0.00113163,0.00109746,0.00104254,0.000992996,0.000954221,0.00090709,0.000869579,0.000830392,0.000794628,0.000761855,0.000724539,0.000690737,0.000665901,0.000631847,0.000608519,0.000579981,0.000556086,0.000532176,0.000508498,0.000486841,0.000464042,0.000444615,0.000425529,0.000408017,0.000388818,0.00037321,0.000357087,0.000340731,0.000326525,0.000312797,0.000299574,0.000286317,0.000274186,0.000262113,0.000250637,0.000240124,0.000229747,0.000219903,0.000210273,0.000200908,0.000192341,0.000184247,0.000176387,0.000168596,0.000161464,0.00015459,0.000147835,0.000141377,0.000135213,0.000129452,0.000123852,0.000118527,0.000113468,0.000108506,0.000103887,9.9379e-05,9.51245e-05
6.39e-05,0.316074,0.452233,0.485471,0.432935,0.344907,0.258125,0.187682,0.135524,0.0727812,0.0422567,0.0333057,0.0268352,0.0185073,0.0157874,0.0120142,0.00960297,0.00871472,0.00735344,0.00637075,0.00563503,0.00506689,0.00461635,0.00425085,0.00381594,0.00358109,0.00328831,0.00312362,0.00291129,0.0027314,0.00257652,0.00239997,0.00228524,0.0021508,0.00206136,0.00198002,0.00185942,0.00177408,0.00167879,0.0016102,0.00153251,0.00146243,0.00139882,0.00134077,0.00126747,0.0012292,0.00116769,0.0011122,0.00106877,0.00101598,0.000973964,0.000930071,0.000890017,0.000853308,0.000811513,0.000773653,0.000745838,0.000707694,0.000681566,0.000649604,0.000622839,0.000596059,0.000569538,0.000545282,0.000519746,0.000497986,0.00047661,0.000456997,0.000435493,0.000418011,0.000399952,0.000381633,0.000365721,0.000350346,0.000335534,0.000320687,0.000307098,0.000293578,0.000280724,0.000268949,0.000257326,0.000246301,0.000235515,0.000225025,0.00021543,0.000206364,0.000197561,0.000188835,0.000180847,0.000173147,0.000165581,0.000158348,0.000151445,0.000144992,0.000138719,0.000132755,0.000127089,0.000121531,0.000116358,0.000111309,0.000106544
7.16e-05,0.354868,0.50837,0.545993,0.486777,0.387551,0.289834,0.210609,0.152007,0.0815837,0.0473526,0.0373186,0.0300663,0.0207338,0.017686,0.0134586,0.0107571,0.00976201,0.00823699,0.0071361,0.0063119,0.00567543,0.00517073,0.0047613,0.00427412,0.00401107,0.00368311,0.00349864,0.0032608,0.00305931,0.00288583,0.00268809,0.00255958,0.002409,0.00230883,0.00221772,0.00208263,0.00198705,0.00188032,0.0018035,0.00171649,0.00163799,0.00156674,0.00150172,0.00141962,0.00137676,0.00130786,0.00124571,0.00119707,0.00113794,0.00109088,0.00104172,0.00099686,0.000955743,0.000908932,0.000866527,0.000835371,0.000792649,0.000763385,0.000727585,0.000697609,0.000667612,0.000637907,0.00061074,0.000582139,0.000557768,0.000533824,0.000511856,0.000487772,0.000468191,0.000447963,0.000427446,0.000409624,0.000392403,0.000375814,0.000359185,0.000343965,0.00032882,0.000314424,0.000301235,0.000288217,0.000275868,0.000263788,0.000252039,0.000241292,0.000231138,0.000221278,0.000211504,0.000202557,0.000193933,0.000185459,0.000177357,0.000169625,0.000162398,0.000155372,0.000148692,0.000142345,0.000136121,0.000130327,0.000124671,0.000119334
8.01e-05,0.398542,0.571738,0.61438,0.547581,0.435642,0.32554,0.236391,0.170524,0.0914601,0.0530663,0.041817,0.0336879,0.0232289,0.0198137,0.0150769,0.0120502,0.0109354,0.00922686,0.00799351,0.00707016,0.00635714,0.00579175,0.0053331,0.00478736,0.0044927,0.00412534,0.0039187,0.00365231,0.00342661,0.0032323,0.00301081,0.00286687,0.00269822,0.00258601,0.00248397,0.00233266,0.0022256,0.00210606,0.00202002,0.00192256,0.00183463,0.00175483,0.001682,0.00159005,0.00154204,0.00146487,0.00139526,0.00134078,0.00127455,0.00122184,0.00116678,0.00111653,0.00107048,0.00101805,0.000970554,0.00093566,0.000887807,0.00085503,0.000814933,0.000781357,0.00074776,0.000714488,0.000684059,0.000652027,0.000624727,0.000597912,0.000573306,0.000546329,0.000524399,0.000501743,0.000478762,0.0004588,0.000439511,0.000420931,0.000402305,0.000385258,0.000368296,0.000352171,0.000337399,0.000322817,0.000308987,0.000295456,0.000282296,0.000270259,0.000258886,0.000247843,0.000236896,0.000226874,0.000217215,0.000207724,0.00019865,0.000189989,0.000181894,0.000174025,0.000166543,0.000159435,0.000152462,0.000145973,0.000139639,0.000133661
8.98e-05,0.447743,0.643338,0.691741,0.616319,0.489924,0.365773,0.2654,0.191335,0.102543,0.0594736,0.0468605,0.0377477,0.0260252,0.0221979,0.0168903,0.0134991,0.01225,0.0103359,0.0089541,0.00791963,0.00712083,0.00648743,0.00597362,0.00536228,0.0050322,0.0046207,0.00438924,0.00409084,0.00383804,0.00362039,0.0033723,0.00321107,0.00302217,0.00289648,0.00278219,0.00261272,0.0024928,0.00235891,0.00226254,0.00215337,0.0020549,0.00196551,0.00188394,0.00178094,0.00172717,0.00164074,0.00156277,0.00150175,0.00142757,0.00136853,0.00130686,0.00125058,0.001199,0.00114027,0.00108708,0.00104799,0.000994395,0.000957682,0.000912769,0.000875165,0.000837533,0.000800267,0.000766185,0.000730306,0.00069973,0.000669694,0.000642134,0.00061192,0.000587356,0.00056198,0.00053624,0.000513882,0.000492278,0.000471467,0.000450604,0.000431511,0.000412513,0.000394452,0.000377907,0.000361574,0.000346083,0.000330928,0.000316188,0.000302706,0.000289967,0.000277598,0.000265337,0.000254113,0.000243294,0.000232663,0.000222499,0.000212799,0.000203732,0.000194918,0.000186538,0.000178577,0.000170767,0.000163498,0.000156404,0.000149708
0.000101,0.503212,0.724331,0.779365,0.694119,0.551253,0.411143,0.298059,0.214734,0.114985,0.0666602,0.0525159,0.0422991,0.0291594,0.0248701,0.0189224,0.0151227,0.0137231,0.0115784,0.0100303,0.00887132,0.00797637,0.00726677,0.00669115,0.00600631,0.00563655,0.0051756,0.00491632,0.00458207,0.0042989,0.00405511,0.00377721,0.00359664,0.00338504,0.00324426,0.00311624,0.00292641,0.00279211,0.00264214,0.00253419,0.00241192,0.00230162,0.0022015,0.00211014,0.00199477,0.00193455,0.00183773,0.0017504,0.00168205,0.00159897,0.00153285,0.00146377,0.00140073,0.00134296,0.00127718,0.00121759,0.00117382,0.00111379,0.00107267,0.00102236,0.000980241,0.000938092,0.000896352,0.000858177,0.000817992,0.000783745,0.000750101,0.000719233,0.000685391,0.000657877,0.000629454,0.000600624,0.000575582,0.000551384,0.000528074,0.000504707,0.000483321,0.000462041,0.000441812,0.00042328,0.000404987,0.000387636,0.000370661,0.000354152,0.000339051,0.000324783,0.000310929,0.000297195,0.000284624,0.000272505,0.000260599,0.000249214,0.00023835,0.000228194,0.000218322,0.000208936,0.000200018,0.000191271,0.000183129,0.000175183,0.000167684
0.000113,0.565796,0.816064,0.878752,0.782292,0.620622,0.462348,0.33485,0.241055,0.128955,0.0747218,0.0588581,0.0474022,0.0326725,0.0278651,0.0211997,0.0169418,0.0153737,0.0129707,0.0112361,0.00993755,0.00893486,0.00813985,0.00749498,0.00672776,0.00631355,0.00579719,0.00550675,0.00513233,0.00481515,0.00454206,0.0042308,0.00402852,0.00379151,0.00363383,0.00349043,0.00327781,0.00312737,0.00295939,0.00283849,0.00270153,0.00257798,0.00246584,0.00236351,0.00223429,0.00216684,0.0020584,0.00196058,0.00188402,0.00179097,0.0017169,0.00163953,0.00156892,0.00150421,0.00143054,0.0013638,0.00131476,0.00124752,0.00120147,0.00114512,0.00109794,0.00105073,0.00100398,0.000961224,0.00091621,0.000877851,0.000840169,0.000805594,0.000767688,0.000736872,0.000705036,0.000672744,0.000644694,0.000617591,0.000591482,0.00056531,0.000541356,0.000517521,0.000494863,0.000474105,0.000453616,0.000434182,0.000415169,0.000396677,0.000379763,0.000363782,0.000348264,0.000332881,0.0003188,0.000305227,0.00029189,0.000279139,0.000266969,0.000255595,0.000244537,0.000234024,0.000224036,0.000214239,0.000205119,0.000196219,0.000187819
0.000126,0.636469,0.920101,0.991658,0.882363,0.699175,0.520192,0.376322,0.270678,0.144645,0.0837665,0.0659714,0.0531242,0.0366104,0.031222,0.0237518,0.0189804,0.0172233,0.0145307,0.0125871,0.0111321,0.0100086,0.00911793,0.00839544,0.00753593,0.0070719,0.00649346,0.00616811,0.0057487,0.00539341,0.00508751,0.00473885,0.00451228,0.0042468,0.00407018,0.00390957,0.00367141,0.0035029,0.00331475,0.00317933,0.00302592,0.00288754,0.00276193,0.00264731,0.00250258,0.00242702,0.00230556,0.002196,0.00211025,0.00200602,0.00192306,0.0018364,0.00175731,0.00168483,0.00160231,0.00152756,0.00147263,0.00139732,0.00134573,0.00128262,0.00122978,0.0011769,0.00112453,0.00107664,0.00102623,0.00098326,0.000941054,0.000902326,0.00085987,0.000825352,0.000789695,0.000753525,0.000722108,0.000691749,0.000662506,0.000633191,0.000606361,0.000579664,0.000554285,0.000531036,0.000508085,0.000486318,0.000465021,0.00044431,0.000425364,0.000407464,0.000390083,0.000372853,0.000357082,0.000341879,0.00032694,0.000312658,0.000299028,0.000286287,0.000273902,0.000262126,0.000250938,0.000239965,0.00022975,0.000219782,0.000210373
0.000141,0.716368,1.0383,1.12017,0.996145,0.788264,0.585612,0.423115,0.30404,0.162275,0.0939171,0.0739516,0.0595421,0.0410257,0.0349852,0.0266124,0.0212652,0.0192961,0.0162789,0.0141009,0.0124706,0.0112118,0.0102137,0.00940428,0.00844133,0.00792149,0.00727348,0.00690902,0.00643919,0.0060412,0.00569855,0.00530799,0.0050542,0.00475683,0.00455899,0.00437909,0.00411233,0.00392359,0.00371283,0.00356114,0.00338932,0.00323431,0.00309362,0.00296523,0.00280312,0.00271849,0.00258244,0.00245972,0.00236367,0.00224692,0.002154,0.00205693,0.00196835,0.00188716,0.00179473,0.001711,0.00164948,0.00156513,0.00150734,0.00143666,0.00137746,0.00131824,0.00125958,0.00120594,0.00114947,0.00110134,0.00105407,0.00101069,0.000963134,0.000924471,0.00088453,0.000844018,0.000808828,0.000774823,0.000742069,0.000709232,0.00067918,0.000649277,0.000620851,0.000594809,0.000569103,0.000544721,0.000520868,0.000497668,0.000476448,0.000456398,0.00043693,0.000417631,0.000399965,0.000382936,0.000366204,0.000350207,0.000334939,0.000320669,0.000306796,0.000293607,0.000281075,0.000268784,0.000257343,0.000246177,0.000235639
0.000158,0.806794,1.17281,1.26673,1.12575,0.889449,0.659683,0.475954,0.341634,0.182089,0.105311,0.0829052,0.0667406,0.0459762,0.0392041,0.0298186,0.0238257,0.0216191,0.0182378,0.0157972,0.0139702,0.0125597,0.0114414,0.0105344,0.00945561,0.00887321,0.00814727,0.00773897,0.00721267,0.00676683,0.006383,0.00594552,0.00566124,0.00532814,0.00510654,0.00490502,0.00460622,0.0043948,0.00415873,0.00398883,0.00379636,0.00362274,0.00346515,0.00332134,0.00313976,0.00304497,0.00289258,0.00275512,0.00264754,0.00251677,0.00241269,0.00230396,0.00220474,0.0021138,0.00201027,0.00191649,0.00184758,0.00175309,0.00168837,0.00160919,0.00154289,0.00147655,0.00141085,0.00135077,0.00128751,0.00123361,0.00118066,0.00113207,0.0010788,0.0010355,0.00099076,0.00094538,0.000905964,0.000867877,0.000831189,0.000794409,0.000760748,0.000727254,0.000695413,0.000666244,0.00063745,0.000610141,0.000583423,0.000557437,0.000533669,0.000511211,0.000489405,0.000467789,0.000448001,0.000428927,0.000410186,0.000392267,0.000375166,0.000359181,0.000343643,0.000328869,0.000314833,0.000301065,0.00028825,0.000275744,0.000263939
0.000177,0.909283,1.32623,1.4343,1.27372,1.0046,0.743676,0.535689,0.384036,0.204372,0.118104,0.0929544,0.0748171,0.0515279,0.0439348,0.0334132,0.0266961,0.0242228,0.0204335,0.0176983,0.0156508,0.0140701,0.0128171,0.0118008,0.010592,0.00993948,0.0091262,0.00866881,0.00807922,0.00757978,0.00714981,0.00665974,0.0063413,0.00596818,0.00571995,0.00549421,0.00515951,0.0049227,0.00465827,0.00446795,0.00425237,0.00405789,0.00388137,0.00372029,0.0035169,0.00341072,0.00324002,0.00308606,0.00296555,0.00281907,0.00270249,0.0025807,0.00246956,0.0023677,0.00225173,0.00214668,0.0020695,0.00196367,0.00189117,0.00180248,0.00172822,0.00165391,0.00158032,0.00151302,0.00144216,0.00138179,0.00132247,0.00126805,0.00120838,0.00115988,0.00110977,0.00105894,0.00101479,0.000972124,0.000931028,0.000889831,0.000852126,0.00081461,0.000778944,0.000746272,0.00071402,0.00068343,0.000653502,0.000624396,0.000597772,0.000572617,0.000548192,0.000523979,0.000501815,0.00048045,0.000459457,0.000439386,0.000420231,0.000402326,0.000384922,0.000368374,0.000352651,0.00033723,0.000322876,0.000308867,0.000295645
0.000198,1.02561,1.50156,1.62633,1.44306,1.13588,0.83906,0.603291,0.431895,0.22944,0.132472,0.104235,0.0838801,0.0577548,0.0492397,0.0374432,0.0299136,0.0271415,0.0228942,0.0198287,0.017534,0.0157625,0.0143583,0.0132196,0.0118652,0.0111341,0.0102229,0.00971052,0.00904998,0.00849044,0.00800883,0.00745985,0.00710311,0.00668517,0.00640708,0.00615423,0.00577931,0.00551405,0.00521785,0.00500467,0.00476318,0.00454535,0.00434762,0.00416719,0.00393936,0.00382042,0.00362923,0.00345676,0.00332178,0.00315771,0.00302712,0.0028907,0.00276621,0.00265212,0.00252222,0.00240455,0.0023181,0.00219955,0.00211834,0.002019,0.00193582,0.00185258,0.00177015,0.00169476,0.0016154,0.00154777,0.00148133,0.00142037,0.00135354,0.00129921,0.00124308,0.00118614,0.00113669,0.0010889,0.00104287,0.000996722,0.000954489,0.000912465,0.000872515,0.000835918,0.000799792,0.000765528,0.000732005,0.000699402,0.000669581,0.000641404,0.000614045,0.000586923,0.000562097,0.000538166,0.000514651,0.000492169,0.000470713,0.000450658,0.000431163,0.000412626,0.000395016,0.000377742,0.000361664,0.000345972,0.000331162
0.000222,1.15789,1.70249,1.84706,1.63741,1.28593,0.947579,0.679906,0.485972,0.257659,0.148616,0.116902,0.0940526,0.06474,0.0551897,0.041962,0.0335208,0.0304134,0.0256525,0.0222165,0.0196446,0.0176592,0.0160855,0.0148093,0.0132917,0.0124725,0.0114516,0.0108775,0.0101375,0.00951074,0.00897114,0.00835619,0.00795656,0.00748841,0.0071769,0.00689364,0.00647368,0.00617653,0.00584477,0.00560595,0.00533546,0.00509146,0.00486994,0.00466783,0.00441264,0.0042794,0.00406527,0.00387206,0.00372087,0.00353708,0.00339081,0.00323799,0.00309855,0.00297075,0.00282526,0.00269344,0.0025966,0.0024638,0.00237285,0.00226157,0.00216839,0.00207515,0.00198281,0.00189837,0.00180948,0.00173372,0.0016593,0.00159102,0.00151616,0.0014553,0.00139242,0.00132865,0.00127326,0.00121973,0.00116816,0.00111647,0.00106916,0.00102209,0.000977344,0.000936352,0.000895887,0.0008575,0.000819951,0.000783433,0.000750031,0.000718464,0.00068782,0.000657443,0.00062963,0.000602827,0.000576485,0.000551305,0.000527269,0.000504803,0.000482969,0.000462205,0.000442478,0.000423129,0.000405118,0.000387541,0.000370952
0.000249,1.30853,1.93342,2.10161,1.86112,1.45786,1.07129,0.766859,0.54714,0.289444,0.166761,0.13113,0.105473,0.0725775,0.0618643,0.0470298,0.0375655,0.0340817,0.0287448,0.0248929,0.02201,0.0197847,0.0180208,0.0165907,0.01489,0.0139722,0.0128283,0.0121851,0.0113561,0.0106538,0.0100493,0.00936038,0.00891278,0.00838827,0.00803933,0.00772202,0.00725158,0.00691873,0.00654707,0.00627958,0.00597657,0.00570323,0.00545513,0.00522872,0.00494285,0.00479364,0.00455371,0.00433731,0.00416795,0.00396209,0.00379822,0.00362707,0.00347086,0.00332771,0.00316472,0.00301707,0.00290861,0.00275986,0.00265797,0.00253331,0.00242894,0.00232451,0.00222107,0.00212648,0.00202691,0.00194205,0.00185868,0.0017822,0.00169833,0.00163016,0.00155974,0.0014883,0.00142625,0.00136628,0.00130853,0.00125063,0.00119764,0.00114491,0.00109478,0.00104886,0.00100354,0.000960543,0.00091848,0.000877571,0.000840153,0.000804798,0.00077047,0.00073644,0.00070529,0.000675264,0.000645761,0.000617548,0.000590628,0.000565465,0.000541002,0.000517746,0.000495647,0.000473976,0.0004538,0.000434114,0.00041553
0.000279,1.48051,2.19969,2.39622,2.11949,1.65544,1.21263,0.865714,0.616415,0.325271,0.187164,0.147118,0.118299,0.081373,0.0693531,0.0527138,0.042101,0.038195,0.0322116,0.0278934,0.0246614,0.0221668,0.0201898,0.018587,0.016681,0.0156525,0.0143708,0.0136501,0.0127212,0.0119345,0.0112573,0.0104854,0.00998402,0.00939643,0.00900553,0.00865011,0.0081231,0.00775023,0.0073339,0.00703424,0.00669484,0.00638864,0.00611072,0.00585712,0.00553687,0.0053697,0.00510096,0.00485858,0.00466885,0.00443822,0.00425469,0.00406296,0.00388798,0.00372763,0.00354504,0.00337965,0.00325813,0.00309151,0.00297739,0.00283774,0.00272084,0.00260386,0.00248799,0.00238203,0.00227049,0.00217543,0.00208205,0.00199638,0.00190243,0.00182607,0.00174718,0.00166715,0.00159765,0.00153049,0.00146579,0.00140092,0.00134156,0.0012825,0.00122636,0.00117491,0.00112414,0.00107598,0.00102886,0.000983035,0.000941125,0.000901519,0.000863069,0.000824947,0.000790051,0.00075642,0.000723369,0.00069177,0.000661612,0.000633424,0.000606024,0.000579971,0.00055522,0.000530942,0.000508341,0.000486287,0.000465472
0.000312,1.67731,2.50782,2.7385,2.41905,1.88329,1.37455,0.978323,0.694987,0.365687,0.210118,0.165089,0.132708,0.0912465,0.0777573,0.0590905,0.047188,0.0428081,0.0360989,0.0312571,0.0276336,0.0248369,0.0226208,0.0208241,0.018688,0.0175355,0.0160992,0.0152917,0.0142509,0.0133694,0.0126107,0.0117461,0.0111842,0.010526,0.0100881,0.00968991,0.00909955,0.00868186,0.00821546,0.00787977,0.00749953,0.00715654,0.00684524,0.00656114,0.0062024,0.00601514,0.00571409,0.00544255,0.00523002,0.00497171,0.0047661,0.0045513,0.00435532,0.00417567,0.00397113,0.00378589,0.00364976,0.00346312,0.00333525,0.00317885,0.00304787,0.00291683,0.00278705,0.00266836,0.00254339,0.00243692,0.00233232,0.00223633,0.00213111,0.00204557,0.0019572,0.00186755,0.00178969,0.00171445,0.00164198,0.00156932,0.00150282,0.00143666,0.00137376,0.00131614,0.00125926,0.00120531,0.00115253,0.0011012,0.00105425,0.00100989,0.000966812,0.000924111,0.000885025,0.000847343,0.000810322,0.000774928,0.000741143,0.00070957,0.000678874,0.000649688,0.000621964,0.000594766,0.000569451,0.000544745,0.000521426
0.00035,1.90313,2.86572,3.13779,2.76774,2.14688,1.56057,1.10687,0.784243,0.41132,0.235956,0.185299,0.148901,0.102333,0.0871914,0.0662454,0.0528944,0.0479823,0.0404583,0.0350289,0.0309657,0.0278301,0.0253455,0.0233315,0.0209372,0.0196454,0.018036,0.0171311,0.015965,0.0149773,0.0141273,0.0131585,0.0125291,0.0117916,0.0113011,0.010855,0.0101936,0.00972567,0.00920319,0.00882714,0.00840117,0.00801692,0.00766817,0.00734992,0.00694809,0.00673831,0.00640105,0.00609688,0.00585879,0.00556941,0.00533909,0.00509848,0.0048789,0.00467767,0.00444857,0.00424103,0.00408854,0.00387944,0.00373623,0.003561,0.0034143,0.00326749,0.00312211,0.00298915,0.00284918,0.00272989,0.00261271,0.0025052,0.00238731,0.00229149,0.00219249,0.00209207,0.00200484,0.00192057,0.00183938,0.00175799,0.0016835,0.00160939,0.00153892,0.00147438,0.00141066,0.00135022,0.0012911,0.0012336,0.001181,0.0011313,0.00108305,0.00103522,0.000991427,0.000949223,0.000907749,0.000868097,0.000830253,0.000794881,0.000760498,0.000727806,0.000696742,0.000666277,0.00063792,0.000610246,0.000584122
0.000392,2.16304,3.28311,3.60529,3.17526,2.45306,1.77498,1.25399,0.885822,0.462896,0.265058,0.208039,0.167107,0.114785,0.0977839,0.0742753,0.0592968,0.0537869,0.0453478,0.0392585,0.0347017,0.0311855,0.0283997,0.0261418,0.023458,0.0220102,0.0202064,0.0191924,0.0178856,0.016779,0.0158265,0.0147411,0.014036,0.0132098,0.0126602,0.0121604,0.0114195,0.0108952,0.0103099,0.00988862,0.00941141,0.00898096,0.00859025,0.00823376,0.00778358,0.00754857,0.00717078,0.00683002,0.00656327,0.00623911,0.00598108,0.00571154,0.00546557,0.00524014,0.00498349,0.004751,0.00458018,0.00434595,0.0041855,0.00398921,0.00382486,0.0036604,0.00349754,0.00334858,0.00319178,0.00305815,0.00292689,0.00280643,0.00267439,0.00256704,0.00245614,0.00234364,0.00224594,0.00215152,0.00206056,0.00196939,0.00188595,0.00180292,0.00172398,0.00165167,0.00158029,0.0015126,0.00144636,0.00138194,0.00132302,0.00126735,0.00121329,0.00115971,0.00111065,0.00106337,0.00101691,0.000972494,0.000930098,0.000890474,0.000851954,0.000815332,0.000780535,0.000746409,0.00071464,0.000683635,0.000654372
0.000439,2.46322,3.77167,4.15431,3.65324,2.8102,2.02304,1.42282,1.00167,0.521258,0.297859,0.23364,0.187586,0.128775,0.109681,0.0832897,0.0664817,0.0603001,0.0508332,0.0440024,0.0388913,0.0349477,0.0318238,0.0292921,0.0262834,0.0246606,0.0226389,0.0215024,0.0200381,0.018798,0.0177308,0.0165147,0.0157245,0.0147989,0.0141831,0.0136232,0.0127931,0.0122058,0.01155,0.011078,0.0105435,0.0100612,0.00962349,0.00922408,0.00871976,0.00845649,0.00803325,0.00765149,0.0073527,0.00698952,0.00670049,0.00639853,0.00612296,0.00587042,0.00558289,0.00532244,0.00513107,0.00486865,0.00468892,0.00446902,0.0042849,0.00410067,0.00391821,0.00375134,0.00357568,0.00342598,0.00327892,0.00314399,0.00299606,0.0028758,0.00275156,0.00262554,0.00251607,0.0024103,0.00230841,0.00220627,0.00211279,0.00201978,0.00193135,0.00185034,0.00177038,0.00169454,0.00162033,0.00154817,0.00148216,0.0014198,0.00135924,0.0012992,0.00124426,0.00119128,0.00113924,0.00108948,0.00104198,0.000997591,0.000954439,0.000913414,0.000874433,0.000836198,0.00080061,0.000765877,0.000733096
0.000491,2.81116,4.34522,4.79974,4.21528,3.22842,2.31114,1.61718,1.13409,0.587384,0.33486,0.26248,0.210634,0.144502,0.123048,0.0934121,0.0745467,0.0676101,0.0569879,0.0493242,0.0435902,0.0391665,0.0356628,0.0328239,0.0294506,0.0276313,0.0253652,0.0240915,0.0224504,0.0210607,0.0198648,0.0185022,0.0176168,0.0165797,0.0158898,0.0152625,0.0143324,0.0136744,0.0129397,0.0124109,0.011812,0.0112717,0.0107813,0.0103339,0.00976886,0.00947391,0.00899977,0.00857206,0.00823732,0.00783044,0.00750662,0.00716834,0.00685962,0.00657671,0.00625457,0.00596279,0.0057484,0.00545441,0.00525303,0.0050067,0.00480043,0.00459403,0.00438963,0.00420268,0.00400588,0.00383817,0.00367343,0.00352227,0.00335653,0.0032218,0.00308262,0.00294143,0.0028188,0.0027003,0.00258616,0.00247172,0.00236699,0.00226279,0.00216372,0.00207297,0.00198339,0.00189843,0.00181529,0.00173445,0.0016605,0.00159063,0.00152278,0.00145553,0.00139397,0.00133463,0.00127632,0.00122057,0.00116736,0.00111763,0.00106929,0.00102332,0.00097965,0.000936817,0.000896947,0.000858037,0.000821312
0.00055,3.21604,5.0192,5.55627,4.876,3.71987,2.64705,1.84173,1.28587,0.662418,0.376635,0.294993,0.236589,0.162186,0.138073,0.104782,0.083602,0.0758162,0.0638951,0.0552949,0.0488609,0.043898,0.0399677,0.0367838,0.0330011,0.0309614,0.0284211,0.0269935,0.0251541,0.0235968,0.0222566,0.0207296,0.0197375,0.0185754,0.0178024,0.0170995,0.0160574,0.0153202,0.0144971,0.0139046,0.0132336,0.0126283,0.0120789,0.0115775,0.0109446,0.0106141,0.0100829,0.00960371,0.00922867,0.00877283,0.00841002,0.00803103,0.00768515,0.00736819,0.00700728,0.00668039,0.00644018,0.00611083,0.00588522,0.00560924,0.00537815,0.00514691,0.00491791,0.00470847,0.00448798,0.00430009,0.00411551,0.00394616,0.00376049,0.00360954,0.0034536,0.00329543,0.00315805,0.00302529,0.0028974,0.0027692,0.00265187,0.00253512,0.00242413,0.00232246,0.0022221,0.0021269,0.00203377,0.0019432,0.00186035,0.00178207,0.00170607,0.00163072,0.00156175,0.00149526,0.00142994,0.00136748,0.00130787,0.00125215,0.00119799,0.0011465,0.00109757,0.00104958,0.00100492,0.000961322,0.000920178
0.000616,3.689,5.80891,6.43431,5.64875,4.29837,3.04043,2.10219,1.46037,0.747707,0.42385,0.331677,0.265837,0.182082,0.154968,0.117558,0.0937724,0.0850313,0.0716492,0.0619959,0.0547747,0.0492054,0.0447958,0.0412242,0.0369819,0.0346949,0.031847,0.0302466,0.0281848,0.0264394,0.0249375,0.0232262,0.0221145,0.0208123,0.0199461,0.0191585,0.0179909,0.0171649,0.0162425,0.0155788,0.0148269,0.0141487,0.0135331,0.0129714,0.0122622,0.0118919,0.0112968,0.0107599,0.0103397,0.00982901,0.00942252,0.00899787,0.00861037,0.00825525,0.00785089,0.00748463,0.00721554,0.00684652,0.00659377,0.00628455,0.00602563,0.00576656,0.00550999,0.00527534,0.0050283,0.0048178,0.004611,0.00442126,0.00421323,0.00404412,0.0038694,0.00369219,0.00353826,0.00338952,0.00324623,0.0031026,0.00297114,0.00284035,0.002716,0.00260209,0.00248964,0.00238299,0.00227865,0.00217717,0.00208435,0.00199665,0.00191148,0.00182707,0.00174979,0.0016753,0.00160212,0.00153214,0.00146535,0.00140293,0.00134225,0.00128455,0.00122974,0.00117597,0.00112593,0.00107708,0.00103098
0.00069,4.24337,6.72512,7.43259,6.54014,4.97812,3.50284,2.40559,1.66166,0.844834,0.477274,0.373106,0.298823,0.20448,0.173976,0.13192,0.105199,0.0953826,0.0803561,0.0695177,0.061411,0.0551597,0.0502114,0.0462041,0.0414458,0.0388809,0.0356877,0.0338935,0.0315823,0.0296259,0.0279425,0.0260246,0.0247788,0.0233196,0.0223489,0.0214664,0.0201579,0.0192324,0.0181989,0.0174551,0.0166127,0.0158528,0.0151631,0.0145337,0.013739,0.0133242,0.0126573,0.0120558,0.011585,0.0110128,0.0105573,0.0100816,0.00964737,0.00924948,0.00879643,0.00838608,0.00808455,0.0076711,0.0073879,0.00704143,0.00675135,0.00646106,0.00617359,0.00591068,0.00563392,0.00539805,0.00516635,0.00495375,0.00472067,0.00453118,0.00433544,0.00413688,0.00396441,0.00379776,0.00363722,0.0034763,0.00332901,0.00318245,0.00304313,0.0029155,0.00278951,0.00267002,0.00255311,0.00243941,0.00233541,0.00223714,0.00214173,0.00204714,0.00196056,0.0018771,0.0017951,0.00171669,0.00164187,0.00157193,0.00150394,0.00143929,0.00137788,0.00131764,0.00126156,0.00120684,0.00115519
0.000773,4.89455,7.76669,8.52994,7.54215,5.77043,4.04758,2.76047,1.89473,0.955687,0.537802,0.419942,0.336055,0.22971,0.195374,0.148073,0.118043,0.107014,0.0901361,0.0779635,0.0688601,0.0618416,0.0562872,0.0517904,0.046452,0.0435752,0.0399943,0.0379825,0.0353914,0.0331984,0.0313114,0.0291618,0.0277657,0.0261302,0.0250424,0.0240534,0.0225872,0.02155,0.0203919,0.0195585,0.0186145,0.017763,0.0169902,0.016285,0.0153945,0.0149297,0.0141824,0.0135084,0.0129809,0.0123397,0.0118294,0.0112963,0.0108098,0.0103639,0.00985631,0.0093965,0.00905867,0.00859539,0.00827807,0.00788987,0.00756482,0.00723957,0.00691746,0.00662287,0.00631276,0.00604848,0.00578885,0.00555064,0.00528948,0.00507717,0.00485783,0.00463536,0.00444211,0.00425538,0.0040755,0.00389518,0.00373014,0.00356594,0.00340983,0.00326682,0.00312565,0.00299176,0.00286077,0.00273337,0.00261683,0.00250673,0.00239982,0.00229384,0.00219683,0.00210332,0.00201143,0.00192358,0.00183974,0.00176137,0.00168519,0.00161276,0.00154394,0.00147644,0.00141361,0.0013523,0.00129442
0.000866,5.65894,8.91179,9.68324,8.62528,6.67713,4.68886,3.17727,2.16576,1.08252,0.606482,0.472956,0.378122,0.258151,0.219475,0.166247,0.132484,0.12009,0.101125,0.0874496,0.0772236,0.0693413,0.0631051,0.0580575,0.0520673,0.0488401,0.0448238,0.0425678,0.0396626,0.0372039,0.0350886,0.0326792,0.0311142,0.0292813,0.0280621,0.0269537,0.0253105,0.0241482,0.0228504,0.0219165,0.0208586,0.0199045,0.0190384,0.0182481,0.0172503,0.0167295,0.0158921,0.0151368,0.0145457,0.0138272,0.0132554,0.012658,0.0121129,0.0116133,0.0110445,0.0105292,0.0101507,0.00963156,0.00927599,0.00884098,0.00847676,0.00811229,0.00775135,0.00742126,0.00707376,0.00677762,0.00648672,0.00621979,0.00592714,0.00568924,0.00544347,0.00519418,0.00497763,0.00476838,0.00456683,0.00436477,0.00417984,0.00399584,0.00382091,0.00366067,0.00350249,0.00335245,0.00320567,0.00306291,0.00293233,0.00280896,0.00268916,0.00257041,0.0024617,0.00235691,0.00225396,0.00215551,0.00206157,0.00197375,0.00188839,0.00180722,0.00173011,0.00165448,0.00158408,0.00151537,0.00145052
0.00097,6.551,10.116,10.8387,9.74161,7.68239,5.43873,3.66853,2.48235,1.22805,0.684544,0.533044,0.425707,0.290237,0.246643,0.186709,0.148731,0.134797,0.113478,0.098108,0.0866167,0.0777615,0.0707575,0.0650903,0.0583671,0.054746,0.0502406,0.0477104,0.0444524,0.0416957,0.0393242,0.0366231,0.0348689,0.0328144,0.031448,0.0302057,0.028364,0.0270614,0.0256069,0.0245602,0.0233747,0.0223054,0.0213348,0.0204492,0.019331,0.0187473,0.017809,0.0169626,0.0163002,0.015495,0.0148542,0.0141848,0.0135739,0.013014,0.0123766,0.0117992,0.011375,0.0107933,0.0103948,0.00990736,0.00949919,0.00909076,0.00868631,0.0083164,0.00792699,0.00759512,0.00726914,0.00697001,0.00664208,0.00637548,0.00610007,0.0058207,0.00557804,0.00534356,0.0051177,0.00489127,0.00468404,0.00447785,0.00428182,0.00410225,0.00392499,0.00375686,0.00359238,0.0034324,0.00328607,0.00314782,0.00301357,0.0028805,0.00275868,0.00264126,0.00252588,0.00241557,0.00231029,0.00221188,0.00211622,0.00202527,0.00193886,0.0018541,0.00177521,0.00169822,0.00162555
0.00109,7.57709,11.3233,11.9499,10.8399,8.7489,6.30131,4.24816,2.8539,1.39557,0.773443,0.601255,0.4796,0.326469,0.277292,0.209763,0.16702,0.151346,0.127371,0.110088,0.0971698,0.0872176,0.0793487,0.072984,0.065436,0.0613722,0.0563172,0.0534789,0.0498249,0.0467334,0.0440744,0.0410462,0.0390796,0.0367765,0.0352448,0.0338523,0.0317881,0.030328,0.0286978,0.0275247,0.0261961,0.0249976,0.0239099,0.0229174,0.0216641,0.02101,0.0199584,0.0190098,0.0182675,0.0173651,0.0166469,0.0158967,0.0152121,0.0145847,0.0138703,0.0132233,0.0127478,0.0120959,0.0116494,0.0111031,0.0106457,0.010188,0.00973466,0.00932013,0.00888371,0.0085118,0.00814648,0.00781126,0.00744374,0.00714498,0.00683632,0.00652325,0.0062513,0.00598853,0.0057354,0.00548165,0.00524941,0.00501834,0.00479865,0.00459741,0.00439876,0.00421034,0.004026,0.00384673,0.00368274,0.0035278,0.00337735,0.00322822,0.0030917,0.00296011,0.00283081,0.00270718,0.00258919,0.00247891,0.00237171,0.00226979,0.00217294,0.00207796,0.00198954,0.00190326,0.00182182
0.00122,8.72643,12.4853,12.9887,11.8819,9.82626,7.26455,4.92976,3.29148,1.5891,0.874903,0.678824,0.540725,0.367426,0.311899,0.235753,0.187619,0.169978,0.143002,0.12356,0.10903,0.0978406,0.0889966,0.081846,0.0733697,0.0688079,0.0631349,0.0599505,0.0558517,0.0523844,0.0494025,0.046007,0.0438021,0.0412201,0.039503,0.037942,0.0356281,0.0339914,0.0321642,0.0308494,0.0293601,0.0280168,0.0267976,0.0256852,0.0242806,0.0235474,0.0223688,0.0213057,0.0204736,0.0194623,0.0186574,0.0178166,0.0170493,0.0163461,0.0155454,0.0148202,0.0142874,0.0135567,0.0130563,0.012444,0.0119313,0.0114184,0.0109103,0.0104457,0.00995662,0.00953981,0.00913035,0.00875466,0.00834276,0.00800792,0.00766199,0.0073111,0.00700632,0.00671181,0.00642812,0.00614373,0.00588345,0.00562446,0.00537825,0.00515271,0.00493007,0.0047189,0.0045123,0.00431138,0.00412759,0.00395394,0.00378533,0.00361818,0.00346518,0.00331769,0.00317277,0.00303422,0.00290199,0.00277839,0.00265824,0.00254401,0.00243547,0.00232902,0.00222993,0.00213322,0.00204195
0.00136,9.96441,13.5722,13.9443,12.848,10.8684,8.29508,5.72227,3.80858,1.81362,0.991004,0.76722,0.610176,0.413782,0.351019,0.265083,0.210839,0.190972,0.160602,0.138718,0.122367,0.10978,0.0998358,0.0917992,0.0822772,0.0771548,0.0707869,0.0672133,0.0626145,0.058725,0.0553806,0.0515727,0.0491003,0.0462052,0.04428,0.0425299,0.0399359,0.038101,0.0360527,0.0345787,0.0329093,0.0314035,0.030037,0.02879,0.0272156,0.0263937,0.0250726,0.0238809,0.0229483,0.0218147,0.0209125,0.0199701,0.01911,0.0183218,0.0174244,0.0166116,0.0160143,0.0151954,0.0146344,0.0139481,0.0133735,0.0127985,0.0122291,0.0117083,0.0111601,0.0106929,0.010234,0.00981288,0.00935122,0.00897591,0.00858817,0.00819488,0.00785325,0.00752316,0.00720518,0.00688642,0.00659468,0.00630439,0.00602843,0.00577563,0.00552608,0.00528938,0.00505782,0.00483261,0.00462661,0.00443197,0.00424298,0.00405563,0.00388414,0.00371883,0.0035564,0.0034011,0.00325288,0.00311434,0.00297968,0.00285164,0.00272999,0.00261067,0.0024996,0.0023912,0.0022889
0.00153,11.2364,14.5725,14.8171,13.733,11.8457,9.34406,6.6223,4.41944,2.07527,1.12423,0.868178,0.689227,0.466316,0.39529,0.29821,0.237032,0.214643,0.180428,0.15578,0.137371,0.123203,0.112017,0.10298,0.0922797,0.086526,0.0793761,0.0753648,0.0702039,0.0658401,0.0620884,0.0578174,0.0550446,0.051798,0.0496394,0.047677,0.0447685,0.0427113,0.0404149,0.0387625,0.0368909,0.0352028,0.0336708,0.032273,0.030508,0.0295867,0.0281057,0.0267699,0.0257244,0.0244537,0.0234424,0.0223859,0.0214218,0.0205382,0.0195323,0.0186211,0.0179516,0.0170336,0.0164047,0.0156355,0.0149913,0.0143468,0.0137085,0.0131248,0.0125102,0.0119865,0.0114721,0.011,0.0104825,0.0100618,0.00962716,0.0091863,0.00880335,0.00843333,0.00807689,0.00771957,0.00739255,0.00706715,0.00675781,0.00647443,0.00619469,0.00592937,0.00566979,0.00541734,0.00518643,0.00496825,0.0047564,0.00454639,0.00435415,0.00416884,0.00398677,0.00381269,0.00364654,0.00349125,0.0033403,0.00319677,0.0030604,0.00292665,0.00280215,0.00268064,0.00256596
0.00171,12.4854,15.4864,15.6133,14.5405,12.7457,10.3644,7.6063,5.13668,2.3817,1.27762,0.983795,0.779404,0.525947,0.445461,0.335667,0.266608,0.241356,0.202782,0.175001,0.154258,0.138303,0.125711,0.115546,0.103516,0.0970511,0.0890205,0.0845168,0.0787238,0.0738266,0.0696172,0.0648259,0.0617158,0.0580745,0.0556536,0.053453,0.0501915,0.0478848,0.0453098,0.043457,0.0413586,0.039466,0.0377484,0.0361811,0.0342024,0.0331694,0.0315091,0.0300115,0.0288394,0.0274148,0.026281,0.0250965,0.0240157,0.0230252,0.0218974,0.0208759,0.0201253,0.0190961,0.0183912,0.0175288,0.0168067,0.0160841,0.0153685,0.0147141,0.0140251,0.013438,0.0128613,0.0123321,0.0117519,0.0112803,0.010793,0.0102988,0.00986946,0.00945463,0.00905504,0.00865445,0.00828784,0.00792304,0.00757624,0.00725856,0.00694495,0.00664751,0.0063565,0.0060735,0.00581462,0.00557002,0.00533253,0.00509709,0.00488158,0.00467384,0.00446971,0.00427455,0.0040883,0.0039142,0.00374497,0.00358406,0.00343119,0.00328124,0.00314167,0.00300545,0.00287689
0.00191,13.6694,16.3201,16.3408,15.2772,13.568,11.3244,8.6309,5.96511,2.74249,1.45489,1.1166,0.88253,0.593753,0.502404,0.378074,0.300038,0.271531,0.228004,0.196668,0.173278,0.155297,0.141116,0.129674,0.116143,0.108876,0.0998531,0.0947948,0.0882904,0.0827935,0.0780695,0.0726935,0.0692043,0.0651197,0.0624043,0.0599361,0.0562782,0.0536913,0.0508037,0.048726,0.046373,0.0442507,0.0423247,0.0405674,0.0383486,0.0371904,0.0353287,0.0336495,0.0323353,0.030738,0.0294667,0.0281387,0.0269269,0.0258163,0.0245518,0.0234064,0.0225649,0.021411,0.0206205,0.0196536,0.018844,0.0180338,0.0172315,0.0164978,0.0157253,0.015067,0.0144204,0.0138271,0.0131766,0.0126478,0.0121015,0.0115473,0.011066,0.0106009,0.0101528,0.00970371,0.00929265,0.00888364,0.00849482,0.00813862,0.00778701,0.00745351,0.00712725,0.00680993,0.00651968,0.00624544,0.00597916,0.00571518,0.00547355,0.00524063,0.00501177,0.00479296,0.00458413,0.00438893,0.00419919,0.00401878,0.00384738,0.00367926,0.00352276,0.00337004,0.0032259
0.00214,14.767,17.082,17.0078,15.9512,14.3177,12.2097,9.64631,6.89337,3.16949,1.66067,1.2697,1.00081,0.671017,0.567154,0.426155,0.337871,0.305657,0.256494,0.221113,0.194716,0.174436,0.158453,0.145566,0.130339,0.122167,0.112025,0.106342,0.0990367,0.0928646,0.0875619,0.0815285,0.0776132,0.0730304,0.069984,0.0672152,0.0631121,0.0602106,0.0569718,0.0546415,0.0520025,0.0496224,0.0474624,0.0454916,0.0430034,0.0417046,0.0396168,0.0377338,0.03626,0.0344688,0.0330432,0.031554,0.0301951,0.0289497,0.0275317,0.0262473,0.0253037,0.0240097,0.0231233,0.0220391,0.0211312,0.0202227,0.019323,0.0185002,0.017634,0.0168959,0.0161708,0.0155054,0.014776,0.014183,0.0135704,0.012949,0.0124093,0.0118877,0.0113853,0.0108817,0.0104207,0.0099621,0.00952609,0.00912667,0.00873239,0.00835843,0.00799256,0.00763674,0.00731127,0.00700374,0.00670515,0.00640914,0.00613819,0.005877,0.00562037,0.005375,0.00514083,0.00492194,0.00470918,0.00450688,0.00431467,0.00412615,0.00395067,0.00377941,0.00361777
0.0024,15.7728,17.7803,17.6217,16.5701,15.0023,13.0187,10.6132,7.88777,3.67635,1.9007,1.44689,1.13691,0.759262,0.640927,0.480756,0.380745,0.344299,0.288708,0.248719,0.218899,0.196005,0.177976,0.163453,0.146306,0.137111,0.125706,0.119319,0.111111,0.104179,0.0982253,0.0914523,0.087058,0.0819151,0.0784968,0.0753901,0.0707867,0.0675315,0.0638983,0.0612844,0.0583242,0.0556544,0.0532316,0.0510211,0.0482303,0.0467735,0.044432,0.04232,0.040667,0.0386581,0.0370592,0.035389,0.0338649,0.0324681,0.0308778,0.0294374,0.028379,0.0269278,0.0259337,0.0247177,0.0236995,0.0226806,0.0216716,0.0207488,0.0197774,0.0189495,0.0181363,0.0173901,0.016572,0.015907,0.0152199,0.014523,0.0139177,0.0133328,0.0127693,0.0122045,0.0116875,0.0111731,0.0106842,0.0102362,0.00979401,0.00937461,0.00896428,0.00856522,0.0082002,0.00785531,0.00752043,0.00718846,0.00688458,0.00659165,0.00630383,0.00602865,0.00576603,0.00552054,0.00528192,0.00505504,0.00483948,0.00462805,0.00443124,0.00423918,0.0040579
0.00269,16.6915,18.4235,18.1894,17.1411,15.63,13.7567,11.5113,8.90005,4.2792,2.1825,1.65311,1.29427,0.860415,0.725257,0.542935,0.429452,0.388157,0.325211,0.279955,0.246227,0.220353,0.199997,0.183613,0.164291,0.153937,0.141106,0.133923,0.124697,0.116908,0.110219,0.102613,0.0976795,0.0919062,0.0880692,0.0845823,0.079416,0.0757632,0.0716863,0.0687532,0.0654318,0.0624363,0.059718,0.057238,0.0541069,0.0524726,0.0498455,0.0474761,0.0456218,0.043368,0.0415743,0.0397006,0.0379907,0.0364238,0.0346398,0.0330239,0.0318366,0.0302085,0.0290934,0.0277292,0.0265869,0.0254439,0.024312,0.0232768,0.0221871,0.0212584,0.0203461,0.019509,0.0185913,0.0178452,0.0170745,0.0162927,0.0156136,0.0149574,0.0143254,0.0136917,0.0131118,0.0125348,0.0119862,0.0114837,0.0109876,0.0105172,0.0100568,0.00960918,0.00919969,0.00881279,0.00843712,0.00806471,0.00772381,0.00739521,0.00707234,0.00676364,0.00646901,0.00619363,0.00592594,0.00567142,0.00542961,0.00519242,0.00497165,0.00475618,0.00455282
0.00301,17.5292,19.0173,18.7157,17.6692,16.2068,14.4297,12.333,9.88146,4.99097,2.51478,1.89399,1.4767,0.976537,0.821758,0.613777,0.484793,0.437936,0.366566,0.315283,0.277089,0.247817,0.224812,0.206315,0.184526,0.172863,0.158418,0.150337,0.139963,0.131208,0.123693,0.11515,0.109609,0.103127,0.0988193,0.0949051,0.0891063,0.0850066,0.0804312,0.0771397,0.0734125,0.0700513,0.0670011,0.0642184,0.0607052,0.0588714,0.0559239,0.0532654,0.0511849,0.0486562,0.0466438,0.0445416,0.0426233,0.0408652,0.0388637,0.0370507,0.0357187,0.0338921,0.032641,0.0311105,0.029829,0.0285466,0.0272767,0.0261153,0.0248927,0.0238507,0.0228272,0.0218881,0.0208585,0.0200215,0.0191568,0.0182797,0.0175178,0.0167817,0.0160725,0.0153617,0.014711,0.0140637,0.0134482,0.0128845,0.0123279,0.0118001,0.0112837,0.0107814,0.010322,0.00988795,0.00946647,0.00904867,0.00866621,0.00829755,0.00793531,0.00758898,0.00725845,0.00694949,0.00664917,0.00636362,0.00609232,0.00582622,0.00557853,0.0053368,0.00510865
0.00337,18.2963,19.5685,19.2062,18.1605,16.74,15.0463,13.0827,10.8028,5.81848,2.90976,2.17754,1.68965,1.11056,0.932724,0.694829,0.547911,0.49464,0.413572,0.355362,0.312044,0.27888,0.252847,0.231942,0.207348,0.194197,0.177925,0.168828,0.157155,0.14731,0.138862,0.129261,0.123036,0.115755,0.110917,0.106522,0.100011,0.0954079,0.0902713,0.0865763,0.0823924,0.0786194,0.0751958,0.0720723,0.0681291,0.066071,0.0627628,0.0597792,0.0574441,0.0546061,0.0523476,0.0499883,0.0478353,0.0458623,0.043616,0.0415814,0.0400864,0.0380366,0.0366325,0.0349148,0.0334766,0.0320375,0.0306123,0.0293089,0.0279368,0.0267675,0.0256189,0.024565,0.0234095,0.0224702,0.0214997,0.0205154,0.0196604,0.0188342,0.0180384,0.0172406,0.0165105,0.015784,0.0150933,0.0144606,0.013836,0.0132436,0.0126641,0.0121005,0.0115849,0.0110978,0.0106248,0.0101559,0.00972666,0.00931293,0.00890641,0.00851774,0.0081468,0.00780007,0.00746303,0.00714258,0.00683811,0.00653948,0.00626152,0.00599023,0.00573419
0.00378,19.0007,20.0818,19.6646,18.6186,17.2344,15.6131,13.766,11.6504,6.74866,3.38169,2.51329,1.93951,1.26579,1.0607,0.787764,0.620017,0.559329,0.467065,0.400871,0.351658,0.314028,0.28453,0.260875,0.233085,0.218245,0.199901,0.189654,0.176513,0.165435,0.155935,0.145141,0.138145,0.129964,0.124529,0.119591,0.112278,0.107109,0.10134,0.0971912,0.0924934,0.0882571,0.0844133,0.0809066,0.0764796,0.074169,0.0704551,0.0671056,0.0644843,0.0612984,0.0587629,0.0561145,0.0536977,0.0514829,0.0489613,0.0466773,0.0449992,0.0426981,0.041122,0.0391939,0.0375794,0.035964,0.0343642,0.0329011,0.0313609,0.0300483,0.0287589,0.0275759,0.0262788,0.0252244,0.0241351,0.0230302,0.0220704,0.021143,0.0202497,0.0193542,0.0185345,0.017719,0.0169437,0.0162335,0.0155324,0.0148675,0.0142169,0.0135842,0.0130055,0.0124587,0.0119277,0.0114014,0.0109196,0.0104552,0.00999886,0.00956256,0.00914618,0.00875697,0.00837864,0.00801892,0.00767716,0.00734194,0.00702992,0.0067254,0.00643798
0.00423,19.65,20.5613,20.0944,19.0475,17.6947,16.1363,14.3905,12.4237,7.74423,3.94751,2.91375,2.23467,1.44648,1.20894,0.894687,0.702625,0.633318,0.528074,0.452642,0.396622,0.353849,0.320374,0.293571,0.262137,0.245375,0.224677,0.213126,0.198322,0.185852,0.175161,0.163022,0.155155,0.145958,0.13985,0.134302,0.126085,0.120278,0.113798,0.109138,0.103861,0.0991033,0.0947864,0.0908482,0.0858768,0.0832821,0.0791116,0.0753503,0.0724067,0.0688294,0.0659823,0.0630084,0.0602947,0.0578078,0.0549764,0.0524118,0.0505276,0.0479439,0.0461741,0.0440092,0.0421964,0.0403825,0.0385862,0.0369434,0.0352141,0.0337403,0.0322925,0.0309642,0.0295078,0.0283239,0.0271008,0.0258602,0.0247825,0.0237413,0.0227382,0.0217327,0.0208124,0.0198967,0.0190262,0.0182288,0.0174416,0.016695,0.0159645,0.0152541,0.0146043,0.0139904,0.0133942,0.0128032,0.0122623,0.0117408,0.0112284,0.0107386,0.010271,0.00983403,0.00940924,0.00900534,0.0086216,0.00824522,0.00789487,0.00755295,0.00723024
0.00474,20.251,21.0108,20.4985,19.4501,18.1247,16.6213,14.9635,13.1277,8.75169,4.62546,3.39462,2.58604,1.65808,1.38153,1.0182,0.797578,0.718202,0.597833,0.511661,0.44775,0.399034,0.360979,0.330563,0.294961,0.276007,0.252633,0.2396,0.222912,0.208864,0.196828,0.183167,0.174318,0.163975,0.157108,0.15087,0.141634,0.135108,0.127827,0.12259,0.116662,0.111316,0.106467,0.102042,0.0964578,0.0935431,0.0888583,0.0846334,0.081327,0.0773087,0.0741109,0.0707706,0.0677225,0.0649292,0.061749,0.0588685,0.0567522,0.0538502,0.0518625,0.0494309,0.0473949,0.0453576,0.0433401,0.041495,0.0395526,0.0378973,0.0362713,0.0347793,0.0331436,0.0318139,0.0304402,0.0290468,0.0278364,0.0266669,0.0255403,0.024411,0.0233774,0.0223489,0.0213712,0.0204756,0.0195915,0.0187529,0.0179325,0.0171346,0.0164048,0.0157152,0.0150456,0.0143819,0.0137743,0.0131886,0.0126131,0.012063,0.0115379,0.011047,0.0105699,0.0101163,0.0096853,0.00926256,0.00886907,0.00848505,0.0081226
0.00531,20.8098,21.4338,20.8799,19.8294,18.5281,17.0729,15.492,13.7706,9.72321,5.42947,3.97538,3.00825,1.90784,1.58391,1.16169,0.907255,0.81603,0.677913,0.579177,0.506064,0.450445,0.40709,0.372511,0.332124,0.310663,0.284234,0.269516,0.250686,0.234847,0.221286,0.205902,0.195941,0.184303,0.176577,0.169561,0.159174,0.151836,0.14365,0.137763,0.131099,0.12509,0.119639,0.114667,0.108391,0.105115,0.0998502,0.0951023,0.0913867,0.0868712,0.0832777,0.0795241,0.0760989,0.0729601,0.0693866,0.0661499,0.0637718,0.060511,0.0582774,0.0555451,0.0532573,0.0509681,0.0487011,0.0466279,0.0444453,0.0425854,0.0407583,0.0390818,0.0372439,0.0357498,0.0342062,0.0326405,0.0312805,0.0299664,0.0287006,0.0274316,0.0262702,0.0251146,0.024016,0.0230096,0.0220162,0.0210739,0.0201521,0.0192556,0.0184355,0.0176607,0.0169083,0.0161625,0.0154798,0.0148217,0.0141751,0.0135569,0.0129668,0.0124153,0.0118792,0.0113695,0.0108852,0.0104102,0.0099681,0.0095366,0.00912933
0.00594,21.3304,21.8321,21.24,20.1872,18.907,17.4944,15.9807,14.3587,10.6279,6.35511,4.67563,3.51854,2.20458,1.82252,1.32907,1.03431,0.929058,0.770009,0.656506,0.57262,0.508956,0.459455,0.420067,0.374179,0.349849,0.319933,0.303295,0.28203,0.26416,0.24887,0.231536,0.220318,0.207216,0.19852,0.190626,0.17894,0.170685,0.161479,0.154858,0.147365,0.140609,0.134481,0.12889,0.121834,0.118152,0.112234,0.106896,0.10272,0.097644,0.0936047,0.0893855,0.0855356,0.0820075,0.0779908,0.0743527,0.0716798,0.0680147,0.0655042,0.0624332,0.0598618,0.0572888,0.0547408,0.0524105,0.0499574,0.0478669,0.0458134,0.0439291,0.0418634,0.040184,0.0384491,0.0366894,0.0351608,0.0336838,0.032261,0.0308348,0.0295294,0.0282306,0.0269958,0.0258647,0.0247481,0.0236891,0.022653,0.0216453,0.0207236,0.0198528,0.0190071,0.0181689,0.0174016,0.0166619,0.0159352,0.0152403,0.0145772,0.0139573,0.0133548,0.0127819,0.0122375,0.0117037,0.0112067,0.0107217,0.010264
0.00666,21.8178,22.2088,21.5814,20.5261,19.2645,17.8897,16.4352,14.9,11.457,7.37192,5.51181,4.14027,2.56124,2.10684,1.52598,1.18258,1.06055,0.876559,0.745536,0.648931,0.575821,0.519143,0.474168,0.421925,0.394292,0.360379,0.341546,0.317502,0.297319,0.280064,0.260516,0.247873,0.233111,0.223317,0.214427,0.201272,0.191981,0.18162,0.174171,0.165739,0.158139,0.151245,0.144956,0.137019,0.132877,0.12622,0.120218,0.11552,0.109812,0.105269,0.100524,0.0961938,0.0922262,0.087709,0.0836176,0.0806116,0.0764899,0.0736667,0.0702131,0.0673214,0.0644279,0.0615625,0.058942,0.0561833,0.0538324,0.0515231,0.0494042,0.0470811,0.0451926,0.0432416,0.0412627,0.0395438,0.0378828,0.0362828,0.0346789,0.033211,0.0317504,0.0303619,0.0290899,0.0278342,0.0266433,0.0254782,0.024345,0.0233085,0.0223292,0.0213782,0.0204356,0.0195727,0.0187409,0.0179237,0.0171423,0.0163965,0.0156995,0.0150219,0.0143776,0.0137655,0.0131652,0.0126063,0.0120609,0.0115462
0.00746,22.2752,22.5655,21.9055,20.8474,19.6024,18.2612,16.8592,15.3999,12.2113,8.42079,6.47957,4.89685,2.9944,2.44896,1.75942,1.35666,1.21434,1.00036,0.84838,0.736652,0.652384,0.587283,0.535791,0.476178,0.444736,0.40623,0.384883,0.357664,0.334844,0.315352,0.293288,0.279026,0.262382,0.251344,0.241327,0.226508,0.216044,0.204377,0.19599,0.186498,0.177943,0.170183,0.163105,0.154173,0.149512,0.142021,0.135265,0.12998,0.123556,0.118444,0.113105,0.108233,0.103769,0.0986866,0.0940832,0.090701,0.0860635,0.0828871,0.0790013,0.0757478,0.0724923,0.0692684,0.06632,0.0632163,0.0605713,0.057973,0.055589,0.0529754,0.0508506,0.0486556,0.0464291,0.0444951,0.0426264,0.0408263,0.0390217,0.0373702,0.0357269,0.0341647,0.0327336,0.0313208,0.0299809,0.02867,0.0273951,0.026229,0.0251271,0.0240573,0.0229967,0.0220259,0.0210901,0.0201706,0.0192914,0.0184524,0.0176681,0.0169058,0.016181,0.0154923,0.0148168,0.0141881,0.0135745,0.0129954
0.00835,22.7055,22.904,22.2137,21.1526,19.9224,18.6114,17.2561,15.8637,12.8973,9.44119,7.54066,5.80422,3.5268,2.86582,2.03906,1.56276,1.39559,1.14508,0.967763,0.837883,0.740331,0.665279,0.606142,0.537944,0.50209,0.458288,0.434053,0.403196,0.377362,0.355319,0.33039,0.314289,0.295507,0.283057,0.271762,0.255056,0.243263,0.230117,0.220668,0.209976,0.20034,0.1916,0.18363,0.173571,0.168322,0.159887,0.152281,0.14633,0.139098,0.133343,0.127332,0.121847,0.116821,0.111099,0.105917,0.10211,0.0968889,0.093313,0.0889387,0.0852761,0.0816113,0.077982,0.074663,0.071169,0.0681915,0.0652666,0.0625829,0.0596407,0.0572488,0.0547778,0.0522715,0.0500944,0.0479907,0.0459643,0.043933,0.0420738,0.0402239,0.0384653,0.0368543,0.035264,0.0337557,0.03228,0.0308448,0.0295321,0.0282918,0.0270874,0.0258935,0.0248007,0.0237472,0.0227121,0.0217225,0.020778,0.0198951,0.019037,0.018221,0.0174458,0.0166854,0.0159777,0.0152869,0.014635
0.00935,23.1114,23.2258,22.5072,21.4431,20.2261,18.9423,17.6287,16.2957,13.523,10.3941,8.62769,6.85118,4.18892,3.38106,2.37844,1.80934,1.61122,1.31555,1.10717,0.955261,0.841743,0.754843,0.686674,0.608419,0.567433,0.517501,0.489936,0.454899,0.425611,0.400652,0.372454,0.354256,0.333042,0.318986,0.306238,0.287391,0.27409,0.259266,0.248613,0.236561,0.2257,0.21585,0.206868,0.195533,0.189619,0.180115,0.171546,0.164841,0.156693,0.15021,0.143438,0.137259,0.131598,0.125152,0.119314,0.115025,0.109144,0.105116,0.100189,0.0960631,0.0919349,0.0878469,0.0841082,0.0801725,0.0768186,0.073524,0.070501,0.0671869,0.0644927,0.0617093,0.0588861,0.0564339,0.0540643,0.0517818,0.0494936,0.0473995,0.0453158,0.0433349,0.0415202,0.0397289,0.0380299,0.0363677,0.0347512,0.0332725,0.0318754,0.0305188,0.029174,0.027943,0.0267564,0.0255905,0.0244757,0.0234119,0.0224174,0.0214508,0.0205317,0.0196585,0.018802,0.0180048,0.0172267,0.0164924
0.0105,23.4952,23.5322,22.7872,21.72,20.5149,19.2556,17.9797,16.6994,14.0964,11.265,9.67526,7.98284,5.01732,4.02827,2.79701,2.10836,1.87085,1.51824,1.27116,1.09214,0.959212,0.85807,0.77915,0.689038,0.642051,0.58499,0.553571,0.513712,0.480455,0.452152,0.420215,0.399624,0.375637,0.359751,0.345351,0.324067,0.309052,0.292321,0.280301,0.266704,0.254453,0.243343,0.233213,0.220431,0.213762,0.203046,0.193385,0.185825,0.176639,0.16933,0.161696,0.15473,0.148348,0.141082,0.134501,0.129666,0.123037,0.118496,0.112942,0.108291,0.103638,0.0990299,0.0948156,0.0903793,0.0865987,0.082885,0.0794775,0.0757418,0.0727049,0.0695675,0.0663853,0.0636211,0.0609501,0.0583773,0.0557981,0.0534376,0.0510888,0.048856,0.0468105,0.0447914,0.0428763,0.0410027,0.0391805,0.0375138,0.035939,0.0344099,0.032894,0.0315065,0.030169,0.0288547,0.0275982,0.026399,0.0252781,0.0241886,0.0231526,0.0221683,0.0212029,0.0203043,0.0194272,0.0185995
0.0117,23.8592,23.8246,23.0549,21.9845,20.7902,19.5533,18.3113,17.0785,14.6248,12.0556,10.6464,9.11853,6.04389,4.85313,3.32473,2.47776,2.18878,1.76243,1.46604,1.25303,1.09616,0.977696,0.885848,0.781637,0.727577,0.662173,0.626269,0.580821,0.54298,0.510827,0.474598,0.451264,0.424103,0.406128,0.389839,0.365776,0.348807,0.329904,0.316327,0.300971,0.287137,0.274595,0.263159,0.248731,0.241204,0.229109,0.218205,0.209674,0.199308,0.19106,0.182446,0.174586,0.167385,0.159186,0.151761,0.146306,0.138826,0.133703,0.127436,0.122189,0.116939,0.11174,0.106985,0.10198,0.0977142,0.0935243,0.0896798,0.0854652,0.0820388,0.0784992,0.0749088,0.0717902,0.0687768,0.065874,0.0629641,0.060301,0.0576511,0.0551319,0.0528242,0.0505462,0.0483856,0.0462717,0.0442159,0.0423355,0.0405588,0.0388336,0.0371234,0.0355579,0.0340489,0.0325662,0.0311486,0.0297956,0.028531,0.0273017,0.0261329,0.0250225,0.0239333,0.0229194,0.02193,0.0209961
0.0131,24.2048,24.1041,23.3111,22.2376,21.053,19.8364,18.6255,17.4355,15.1141,12.7733,11.5296,10.1918,7.25986,5.90506,4.00797,2.94494,2.58616,2.06137,1.70033,1.4438,1.2569,1.11707,1.0095,0.888368,0.825915,0.750688,0.709535,0.657577,0.614421,0.57782,0.536645,0.510159,0.479357,0.458987,0.440537,0.413295,0.394093,0.372712,0.357357,0.339995,0.324357,0.31018,0.297256,0.280953,0.272448,0.258783,0.246464,0.236826,0.225117,0.2158,0.206069,0.197192,0.189057,0.179797,0.17141,0.165249,0.156801,0.151015,0.143937,0.138011,0.132081,0.126209,0.120839,0.115186,0.110369,0.105637,0.101295,0.0965355,0.0926659,0.0886683,0.0846135,0.0810915,0.0776882,0.07441,0.0711236,0.068116,0.0651233,0.0622783,0.0596721,0.0570994,0.0546592,0.052272,0.0499502,0.0478265,0.04582,0.0438716,0.0419402,0.0401723,0.0384681,0.0367935,0.0351926,0.0336646,0.0322364,0.0308481,0.0295281,0.028274,0.0270439,0.0258989,0.0247815,0.0237268
0.0147,24.5334,24.3711,23.5563,22.4796,21.3039,20.1061,18.9234,17.7722,15.5688,13.4268,12.3283,11.1721,8.57968,7.19855,4.92002,3.55533,3.09749,2.43482,1.98617,1.67233,1.44697,1.28036,1.15343,1.01181,0.939317,0.852447,0.805118,0.745541,0.696196,0.654437,0.607547,0.577428,0.542439,0.519319,0.498391,0.467507,0.44575,0.421532,0.404147,0.384492,0.366794,0.350752,0.336129,0.317685,0.308065,0.292609,0.278676,0.267777,0.254535,0.243999,0.232996,0.222958,0.21376,0.20329,0.193807,0.186841,0.17729,0.170748,0.162745,0.156045,0.149341,0.142703,0.136632,0.130241,0.124795,0.119445,0.114536,0.109155,0.10478,0.100261,0.0956765,0.0916947,0.0878472,0.0841411,0.0804258,0.0770255,0.0736422,0.0704258,0.0674794,0.0645709,0.0618122,0.0591133,0.0564886,0.0540877,0.0518192,0.0496165,0.047433,0.0454343,0.0435076,0.0416145,0.0398046,0.0380772,0.0364626,0.0348931,0.0334008,0.031983,0.0305923,0.0292979,0.0280346,0.0268423
0.0165,24.8461,24.6266,23.7912,22.7114,21.5438,20.3631,19.2064,18.0907,15.9931,14.0251,13.0521,12.0566,9.87847,8.64887,6.1686,4.39247,3.78475,2.91594,2.34195,1.95003,1.67404,1.4732,1.32205,1.15528,1.07066,0.969865,0.915215,0.846665,0.790074,0.742303,0.68878,0.654457,0.614635,0.588347,0.564567,0.529499,0.504808,0.477338,0.457625,0.435346,0.415288,0.397111,0.380546,0.359654,0.348758,0.331254,0.315477,0.303135,0.288142,0.276213,0.263756,0.252392,0.241979,0.230126,0.219392,0.211506,0.200695,0.193289,0.184231,0.176647,0.169059,0.161545,0.154673,0.147439,0.141274,0.135219,0.129663,0.123572,0.11862,0.113505,0.108316,0.103809,0.0994541,0.0952592,0.091054,0.0872053,0.0833758,0.0797353,0.0764004,0.0731083,0.0699859,0.0669311,0.0639602,0.0612427,0.0586751,0.056182,0.0537106,0.0514483,0.0492676,0.0471249,0.0450763,0.0431211,0.0412936,0.0395171,0.037828,0.0362233,0.0346493,0.0331841,0.0317543,0.0304047
0.0185,25.1442,24.8713,24.0164,22.9335,21.7733,20.6085,19.4758,18.3924,16.3906,14.5758,13.7114,12.8545,11.0734,10.091,7.83645,5.62569,4.77525,3.56559,2.79803,2.29381,1.94897,1.70322,1.52114,1.32303,1.22356,1.10596,1.04255,0.963351,0.89822,0.843401,0.782137,0.742929,0.697503,0.667551,0.640477,0.600584,0.572515,0.541303,0.518915,0.493619,0.470852,0.450226,0.431431,0.407731,0.395372,0.375521,0.357629,0.343635,0.326635,0.31311,0.298988,0.286104,0.2743,0.260864,0.248696,0.239757,0.227501,0.219107,0.20884,0.200243,0.191642,0.183125,0.175336,0.167137,0.16015,0.153286,0.146989,0.140085,0.134473,0.128675,0.122794,0.117686,0.11275,0.107995,0.103229,0.098867,0.0945267,0.0904005,0.0866207,0.0828894,0.0793505,0.0758882,0.072521,0.069441,0.0665309,0.0637052,0.0609041,0.05834,0.0558684,0.0534398,0.0511179,0.0489019,0.0468306,0.0448172,0.0429028,0.0410839,0.0393,0.0376394,0.0360188,0.0344892
0.0207,25.4291,25.1061,24.2328,23.1469,21.9935,20.8435,19.7329,18.6795,16.7649,15.0865,14.3167,13.579,12.144,11.4102,9.76694,7.59861,6.38569,4.51781,3.4104,2.73177,2.28824,1.98154,1.75894,1.52094,1.40301,1.26481,1.19081,1.09883,1.02353,0.960375,0.890008,0.845078,0.793114,0.758896,0.727994,0.682502,0.650521,0.61498,0.589499,0.56072,0.534827,0.511374,0.490009,0.463072,0.449028,0.426471,0.406145,0.390247,0.370936,0.355574,0.339534,0.324901,0.311496,0.296236,0.282418,0.272267,0.25835,0.248819,0.23716,0.227399,0.217632,0.207961,0.199116,0.189806,0.181873,0.17408,0.16693,0.159091,0.152718,0.146135,0.139458,0.133658,0.128053,0.122655,0.117243,0.112291,0.107362,0.102677,0.0983857,0.0941493,0.0901311,0.0861999,0.0823768,0.0788797,0.0755755,0.0723672,0.0691867,0.0662754,0.0634691,0.0607117,0.0580754,0.0555593,0.0532075,0.0509215,0.0487478,0.0466827,0.0446571,0.0427717,0.0409316,0.0391949
0.0232,25.7009,25.331,24.4403,23.3513,22.2043,21.068,19.978,18.9522,17.1174,15.5612,14.8744,14.2395,13.097,12.5752,11.5887,10.4113,9.31986,6.15647,4.29444,3.31062,2.71604,2.32289,2.04563,1.7559,1.61467,1.45093,1.36397,1.25651,1.16903,1.09596,1.01484,0.963183,0.903561,0.864363,0.829001,0.777001,0.74048,0.699924,0.670863,0.638056,0.608549,0.581832,0.557498,0.526828,0.510838,0.485162,0.462028,0.443936,0.421961,0.404483,0.386233,0.369586,0.354335,0.336976,0.321257,0.30971,0.29388,0.283038,0.269776,0.258674,0.247565,0.236565,0.226506,0.215917,0.206893,0.19803,0.189897,0.180982,0.173734,0.166247,0.158652,0.152056,0.145682,0.139542,0.133387,0.127754,0.122149,0.116821,0.11194,0.107122,0.102552,0.0980807,0.0937325,0.0897552,0.0859972,0.0823483,0.0787312,0.0754201,0.0722285,0.0690924,0.0660941,0.0632325,0.0605578,0.0579578,0.0554857,0.053137,0.0508333,0.0486889,0.0465962,0.044621
0.0259,25.9611,25.547,24.6398,23.5479,22.4067,21.2832,20.2124,19.2124,17.4512,16.0056,15.3926,14.8475,13.9526,13.6046,13.1456,12.9783,12.7117,9.98011,5.78398,4.12815,3.27585,2.75211,2.39768,2.03856,1.86719,1.67116,1.5681,1.44164,1.33935,1.25434,1.16037,1.10072,1.03205,0.986986,0.946384,0.886756,0.844925,0.798512,0.765277,0.727777,0.694065,0.663551,0.635767,0.600757,0.58251,0.553212,0.526818,0.50618,0.481116,0.461181,0.440369,0.421385,0.403995,0.384202,0.366279,0.353114,0.335065,0.322705,0.307586,0.294928,0.282264,0.269724,0.258256,0.246185,0.235898,0.225794,0.216523,0.20636,0.198098,0.189563,0.180906,0.173386,0.16612,0.159121,0.152105,0.145684,0.139295,0.133221,0.127657,0.122164,0.116955,0.111858,0.106902,0.102368,0.0980841,0.0939247,0.0898014,0.0860271,0.0823888,0.078814,0.0753961,0.0721342,0.0690852,0.0661214,0.0633034,0.0606261,0.0580001,0.0555557,0.0531702,0.0509186
0.0291,26.2098,25.7542,24.8312,23.7364,22.6007,21.4892,20.4365,19.4605,17.7674,16.4226,15.8756,15.4099,14.7266,14.5208,14.4605,14.8964,15.0169,13.9189,9.30908,5.42569,4.04726,3.30776,2.83839,2.38282,2.1714,1.93367,1.81024,1.6601,1.53964,1.44012,1.33066,1.26148,1.18204,1.13003,1.08324,1.01463,0.96657,0.913291,0.875169,0.832181,0.793558,0.758612,0.726804,0.686736,0.665857,0.632341,0.602153,0.578552,0.549892,0.5271,0.503306,0.481605,0.461726,0.439103,0.418618,0.403571,0.382944,0.368817,0.351539,0.337074,0.322602,0.308271,0.295167,0.281372,0.269618,0.258072,0.247478,0.235865,0.226424,0.216671,0.206779,0.198186,0.189884,0.181886,0.173869,0.166532,0.159231,0.152291,0.145933,0.139657,0.133705,0.127881,0.122218,0.117037,0.112142,0.107389,0.102678,0.0983652,0.094208,0.0901233,0.0862179,0.0824907,0.0790067,0.0756202,0.0724003,0.069341,0.0663404,0.0635474,0.0608216,0.0582489
0.0325,26.4478,25.953,25.015,23.9175,22.7869,21.6867,20.6509,19.6975,18.0679,16.8156,16.3285,15.9336,15.4338,15.3465,15.5918,16.3859,16.6602,16.0447,13.4953,8.05004,5.21078,4.06109,3.40642,2.80978,2.54331,2.25024,2.10046,1.92023,1.77704,1.65962,1.53129,1.45056,1.35819,1.29789,1.24373,1.16447,1.10902,1.04764,1.00377,0.954328,0.909934,0.869787,0.83326,0.787264,0.763302,0.724846,0.690217,0.663147,0.63028,0.604146,0.576866,0.551987,0.529199,0.503266,0.479787,0.462541,0.438899,0.422709,0.402908,0.38633,0.369745,0.353323,0.338305,0.322498,0.309028,0.295797,0.283658,0.27035,0.259532,0.248356,0.237021,0.227175,0.217661,0.208497,0.199311,0.190903,0.182538,0.174585,0.1673,0.160109,0.153288,0.146615,0.140125,0.134189,0.12858,0.123134,0.117736,0.112794,0.10803,0.10335,0.098875,0.0946041,0.0906121,0.0867317,0.0830421,0.0795367,0.0760984,0.0728981,0.0697747,0.0668267
0.0364,26.6757,26.1438,25.1916,24.0914,22.9656,21.8761,20.8563,19.9242,18.354,17.1876,16.7551,16.4242,16.086,16.0992,16.5858,17.6055,17.944,17.5036,15.629,12.1309,7.25819,5.15752,4.16905,3.35237,3.00688,2.63778,2.45294,2.23353,2.06135,1.92144,1.76974,1.67486,1.56678,1.49645,1.43342,1.34139,1.27714,1.20611,1.1554,1.0983,1.04707,1.00077,0.95866,0.90566,0.878059,0.833773,0.793904,0.762745,0.72492,0.694847,0.66346,0.634838,0.608624,0.578794,0.551787,0.531952,0.504762,0.486143,0.463372,0.444308,0.425236,0.406352,0.389083,0.370906,0.355418,0.340205,0.326246,0.310945,0.298506,0.285656,0.272622,0.261301,0.250362,0.239826,0.229263,0.219596,0.209978,0.200834,0.192458,0.184189,0.176347,0.168674,0.161213,0.154387,0.147939,0.141677,0.13547,0.129788,0.124311,0.11893,0.113784,0.108874,0.104284,0.0998223,0.0955802,0.0915497,0.0875966,0.0839169,0.0803257,0.0769363
0.0408,26.8936,26.3267,25.3609,24.2581,23.1368,22.0574,21.0528,20.1407,18.6265,17.5399,17.1577,16.8852,16.6909,16.7908,17.4724,18.64,19.002,18.6305,17.0524,14.5241,10.6473,6.91609,5.25006,4.06125,3.59639,3.11896,2.88617,2.6145,2.40459,2.23595,2.05487,1.94245,1.81507,1.73251,1.65873,1.55128,1.47645,1.39386,1.33498,1.26875,1.20937,1.15575,1.10701,1.0457,1.01378,0.962586,0.91651,0.880508,0.836813,0.802079,0.765831,0.732781,0.702514,0.668075,0.636899,0.614002,0.582617,0.561126,0.534843,0.512841,0.49083,0.469035,0.449106,0.428129,0.410255,0.392699,0.376591,0.358933,0.344579,0.32975,0.31471,0.301646,0.289023,0.276864,0.264675,0.253521,0.242421,0.23187,0.222204,0.212663,0.203613,0.19476,0.18615,0.178274,0.170833,0.163607,0.156445,0.149888,0.143568,0.137358,0.131421,0.125755,0.120458,0.11531,0.110415,0.105764,0.101202,0.0969563,0.0928124,0.0889013
0.0457,27.1021,26.5019,25.5233,24.418,23.301,22.2312,21.2409,20.348,18.8867,17.8749,17.5396,17.3208,17.2565,17.4323,18.2753,19.5415,19.9062,19.5574,18.1417,16.0597,13.2906,9.66508,6.88511,5.02435,4.36833,3.7291,3.42803,3.08441,2.8241,2.61797,2.39931,2.26481,2.11337,2.01572,1.92873,1.80246,1.71477,1.6182,1.54945,1.47223,1.40307,1.34067,1.28399,1.21272,1.17564,1.11618,1.06269,1.0209,0.970195,0.929898,0.887852,0.849519,0.814419,0.774484,0.738336,0.71179,0.675404,0.65049,0.620022,0.594518,0.569003,0.543741,0.520641,0.496328,0.475611,0.455263,0.436594,0.416129,0.399492,0.382306,0.364875,0.349734,0.335105,0.321013,0.306887,0.293959,0.281096,0.268868,0.257666,0.246608,0.23612,0.22586,0.215881,0.206754,0.19813,0.189756,0.181455,0.173857,0.166532,0.159336,0.152455,0.145888,0.13975,0.133784,0.128111,0.122721,0.117434,0.112513,0.107711,0.103178
0.05,27.2603,26.6351,25.6466,24.5394,23.4257,22.3632,21.3838,20.5053,19.0839,18.1282,17.8276,17.6485,17.6787,17.9083,18.8604,20.1803,20.5386,20.1908,18.8575,16.9878,14.6868,11.806,8.71133,6.0542,5.16253,4.33484,3.95794,3.53682,3.22386,2.9795,2.72334,2.56713,2.39238,2.28021,2.18061,2.03647,1.93664,1.82691,1.74891,1.66138,1.58309,1.51248,1.44838,1.36784,1.32595,1.25879,1.1984,1.15124,1.09403,1.04856,1.00112,0.957884,0.918294,0.873256,0.832491,0.802556,0.761528,0.733437,0.699084,0.670329,0.641563,0.613082,0.58704,0.55963,0.536275,0.513336,0.49229,0.469219,0.450465,0.431091,0.411442,0.394374,0.377883,0.361998,0.346074,0.331501,0.317001,0.303216,0.290589,0.278124,0.266302,0.254736,0.243487,0.233198,0.223477,0.214038,0.204681,0.196115,0.187859,0.179747,0.17199,0.164588,0.157669,0.150943,0.144548,0.138473,0.132513,0.126966,0.121553,0.116444
0.055,27.4225,26.7716,25.7731,24.664,23.5536,22.4987,21.5305,20.6667,19.2862,18.3875,18.1222,17.9831,18.1071,18.3891,19.4427,20.8026,21.149,20.7928,19.5215,17.81,15.8242,13.5183,10.8423,7.50392,6.25586,5.1407,4.65148,4.11887,3.73245,3.43604,3.12992,2.94533,2.7404,2.60965,2.49396,2.3272,2.21208,2.08583,1.99625,1.89586,1.80615,1.72534,1.65203,1.55996,1.5121,1.43541,1.36646,1.31263,1.24734,1.19546,1.14135,1.09204,1.04689,0.995529,0.949047,0.914917,0.868142,0.836117,0.796955,0.764176,0.731385,0.69892,0.669236,0.637993,0.611374,0.585228,0.561241,0.534945,0.51357,0.491489,0.469093,0.44964,0.430845,0.41274,0.394591,0.377982,0.361456,0.345746,0.331354,0.317148,0.303674,0.290492,0.277672,0.265946,0.254866,0.244108,0.233444,0.223682,0.214272,0.205027,0.196187,0.187751,0.179865,0.1722,0.164911,0.157987,0.151195,0.144873,0.138704,0.13288
0.06,27.565,26.8917,25.8844,24.7736,23.6662,22.6178,21.6595,20.8088,19.4642,18.6156,18.3811,18.2766,18.481,18.807,19.9425,21.3267,21.6591,21.29,20.0604,18.4564,16.6709,14.7134,12.5085,9.12785,7.52648,6.06049,5.43098,4.76137,4.28704,3.9299,3.56681,3.3504,3.11209,2.96097,2.82779,2.63654,2.50493,2.36096,2.25899,2.14486,2.04299,1.95131,1.86818,1.76386,1.70965,1.62281,1.54477,1.48386,1.41,1.35133,1.29013,1.23437,1.18332,1.12525,1.07271,1.03413,0.981254,0.945056,0.900793,0.863745,0.826685,0.789994,0.756446,0.721137,0.691054,0.661507,0.6344,0.604684,0.580528,0.555575,0.530267,0.508284,0.487044,0.466585,0.446077,0.427308,0.408632,0.390879,0.374616,0.358563,0.343337,0.328441,0.313954,0.300703,0.288183,0.276026,0.263976,0.252944,0.242311,0.231863,0.221874,0.212341,0.20343,0.194768,0.186532,0.178707,0.171033,0.163889,0.156917,0.150337
0.065,27.6915,26.9984,25.9832,24.8709,23.7661,22.7237,21.7742,20.9352,19.6226,18.8186,18.6112,18.5373,18.8118,19.1754,20.3783,21.7769,22.0947,21.7108,20.5108,18.9851,17.34,15.6141,13.7537,10.7036,8.90971,7.08655,6.29335,5.46179,4.88501,4.45848,4.03163,3.78019,3.50554,3.33242,3.18045,2.96303,2.81391,2.65113,2.53602,2.40737,2.29266,2.18948,2.09601,1.97877,1.91787,1.82034,1.73272,1.66435,1.58145,1.51561,1.44696,1.38439,1.32713,1.262,1.20306,1.15979,1.10049,1.05989,1.01026,0.968709,0.927149,0.886004,0.848385,0.808791,0.775058,0.741926,0.71153,0.678209,0.651123,0.623144,0.594765,0.570117,0.5463,0.52336,0.500364,0.479318,0.458378,0.438472,0.420237,0.402236,0.385164,0.368461,0.352217,0.33736,0.323321,0.30969,0.296178,0.283809,0.271886,0.260171,0.248971,0.238281,0.22829,0.218577,0.209343,0.200569,0.191964,0.183954,0.176136,0.168758
0.07,27.8048,27.0939,26.0717,24.9581,23.8557,22.8186,21.8771,21.0486,19.765,19.001,18.8181,18.7715,19.108,19.5044,20.7639,22.1699,22.4731,22.074,20.896,19.4305,17.8904,16.3311,14.7195,12.0777,10.294,8.19131,7.22453,6.21158,5.51966,5.01624,4.51988,4.23076,3.91738,3.72098,3.5492,3.3043,3.1368,2.95436,2.82554,2.68171,2.55359,2.43844,2.33416,2.20343,2.13554,2.02687,1.92925,1.85308,1.76074,1.68742,1.61096,1.5413,1.47754,1.40502,1.33941,1.29123,1.22522,1.18002,1.12476,1.07851,1.03225,0.986447,0.944569,0.900495,0.862945,0.826064,0.792229,0.755141,0.724991,0.693845,0.662256,0.634819,0.608308,0.582772,0.557174,0.533748,0.510438,0.48828,0.467982,0.447945,0.428941,0.410349,0.392267,0.375728,0.360102,0.344929,0.329888,0.31612,0.302848,0.289808,0.27734,0.265441,0.254319,0.243508,0.233229,0.223463,0.213884,0.204967,0.196266,0.188053
0.075,27.9067,27.1797,26.1512,25.0363,23.9362,22.9039,21.9697,21.1508,19.8934,19.1657,19.0048,18.9828,19.3745,19.7998,21.1072,22.516,22.8051,22.3909,21.2295,19.8118,18.3537,16.9208,15.4954,13.2251,11.5821,9.32916,8.19641,6.992,6.17631,5.59098,5.02157,4.6933,4.33994,4.11964,3.92754,3.65451,3.46827,3.26572,3.1229,2.96358,2.82176,2.69435,2.57901,2.43446,2.35942,2.23931,2.13143,2.04727,1.94525,1.86424,1.77977,1.70281,1.63237,1.55226,1.47978,1.42656,1.35364,1.30372,1.24267,1.19158,1.14048,1.08989,1.04363,0.994944,0.953465,0.912725,0.87535,0.834378,0.801073,0.766669,0.731774,0.701466,0.672181,0.643973,0.615697,0.589819,0.564071,0.539594,0.517171,0.495038,0.474045,0.453508,0.433534,0.415265,0.398003,0.381242,0.364627,0.349419,0.334758,0.320353,0.306581,0.293437,0.281152,0.269209,0.257854,0.247066,0.236485,0.226635,0.217023,0.207951
0.08,27.9993,27.2576,26.2233,25.1074,24.0093,22.9816,22.054,21.2439,20.0107,19.3163,19.1756,19.1759,19.6177,20.0685,21.4174,22.8256,23.101,22.6721,21.524,20.1454,18.7539,17.4216,16.142,14.1872,12.7421,10.4725,9.19185,7.7904,6.84465,6.17418,5.52989,5.1619,4.76822,4.52384,4.31135,4.01009,3.80501,3.58228,3.42536,3.25042,3.09478,2.95499,2.82848,2.66996,2.58766,2.45594,2.33765,2.24536,2.1335,2.04467,1.95205,1.86766,1.79043,1.70259,1.6231,1.56474,1.48478,1.43003,1.36309,1.30706,1.25102,1.19554,1.14481,1.09142,1.04593,1.00125,0.960259,0.915326,0.878801,0.84107,0.802801,0.769561,0.737445,0.706509,0.675498,0.647117,0.618878,0.592033,0.567442,0.543168,0.520145,0.497621,0.475715,0.455679,0.436747,0.418365,0.400143,0.383463,0.367385,0.351586,0.336482,0.322067,0.308593,0.295495,0.283042,0.27121,0.259605,0.248803,0.238261,0.228311
0.085,28.0835,27.3285,26.2889,25.172,24.0758,23.0522,22.1308,21.3288,20.1179,19.4541,19.3318,19.3527,19.8399,20.3137,21.6985,23.1037,23.3661,22.9231,21.7856,20.4398,19.1035,17.8534,16.6914,14.9996,13.7641,11.597,10.1948,8.59103,7.50963,6.75224,6.0331,5.62591,5.19269,4.9248,4.69237,4.36353,4.14002,3.89751,3.72676,3.53647,3.36719,3.21518,3.07763,2.90525,2.81577,2.67253,2.54389,2.44352,2.32185,2.22523,2.12448,2.03268,1.94866,1.8531,1.76662,1.70313,1.61612,1.55655,1.48371,1.42274,1.36176,1.30138,1.24617,1.18807,1.13857,1.08995,1.04534,0.996442,0.956692,0.91563,0.873983,0.837808,0.802856,0.769188,0.735439,0.704552,0.673819,0.644604,0.617841,0.591422,0.566366,0.541852,0.518012,0.496206,0.475602,0.455596,0.435765,0.417611,0.400113,0.382919,0.36648,0.350792,0.336127,0.321873,0.308319,0.295442,0.282812,0.271056,0.259583,0.248754
0.09,28.1606,27.3933,26.3489,25.2311,24.1367,23.1169,22.2013,21.4069,20.2166,19.5812,19.4762,19.516,20.0447,20.5394,21.9557,23.3562,23.6062,23.1497,22.0208,20.703,19.4138,18.2328,17.1683,15.6971,14.6613,12.6941,11.2087,9.39224,8.16585,7.31894,6.52512,6.07959,5.60806,5.31746,5.06584,4.71043,4.46915,4.20754,4.02339,3.81822,3.6357,3.4718,3.32346,3.13754,3.04101,2.88649,2.74769,2.63938,2.50807,2.40379,2.29503,2.19592,2.1052,2.00202,1.90864,1.84007,1.74611,1.68177,1.60311,1.53726,1.47139,1.40617,1.34654,1.28378,1.23031,1.17779,1.1296,1.07678,1.03384,0.989483,0.944493,0.905415,0.867656,0.831285,0.794826,0.761459,0.728258,0.696696,0.667784,0.639244,0.612175,0.585693,0.559938,0.53638,0.514121,0.492509,0.471084,0.451473,0.432569,0.413994,0.396235,0.379286,0.363444,0.348044,0.333402,0.319491,0.305846,0.293145,0.28075,0.269052
0.095,28.2314,27.4527,26.4038,25.2853,24.1925,23.1763,22.266,21.4787,20.3077,19.6987,19.6096,19.6669,20.2339,20.7474,22.1916,23.5861,23.8243,23.355,22.2333,20.9397,19.691,18.5691,17.5871,16.3022,15.4456,13.7439,12.2352,10.1956,8.80915,7.86827,6.99947,6.51652,6.0081,5.69585,5.42594,5.0453,4.78715,4.50738,4.31049,4.09111,3.89594,3.72064,3.56196,3.36303,3.25973,3.09432,2.94571,2.82973,2.6891,2.57739,2.46088,2.35469,2.25748,2.14691,2.04682,1.97334,1.87262,1.80365,1.71932,1.64873,1.57811,1.5082,1.44426,1.37697,1.31964,1.26333,1.21166,1.15502,1.10898,1.06142,1.01318,0.971273,0.930784,0.891784,0.852688,0.816908,0.781306,0.747462,0.716458,0.685854,0.656827,0.628429,0.600811,0.575549,0.55168,0.528504,0.50553,0.484499,0.464227,0.444309,0.425265,0.40709,0.390101,0.373588,0.357886,0.342969,0.328337,0.314717,0.301425,0.28888
0.1,28.2967,27.5075,26.4544,25.3352,24.2439,23.2312,22.3259,21.5451,20.3922,19.8081,19.7338,19.8075,20.4101,20.9409,22.4097,23.7974,24.0243,23.5428,22.4272,21.1549,19.9418,18.8713,17.9605,16.8351,16.1357,14.7271,13.2767,11.0149,9.44463,8.40166,7.45578,6.93574,6.39151,6.05846,5.77112,5.36651,5.09236,4.79538,4.58641,4.35355,4.14635,3.96019,3.79164,3.58029,3.47051,3.29469,3.13669,3.01335,2.86376,2.74492,2.62095,2.50796,2.4045,2.2868,2.18027,2.10204,1.99481,1.92138,1.83159,1.75643,1.68123,1.60677,1.53869,1.46703,1.40597,1.346,1.29098,1.23065,1.18162,1.13096,1.07958,1.03495,0.991824,0.950285,0.908644,0.870534,0.832615,0.796567,0.763544,0.730947,0.70003,0.669782,0.640365,0.613458,0.588034,0.563349,0.538878,0.516478,0.494885,0.473669,0.453385,0.434026,0.415931,0.398341,0.381617,0.365727,0.350142,0.335636,0.321478,0.308115
0.105,28.357,27.5579,26.501,25.3811,24.2914,23.2818,22.3812,21.6067,20.4708,19.9099,19.8495,19.9386,20.574,21.1207,22.6116,23.9917,24.2079,23.7149,22.6044,21.351,20.1693,19.1442,18.2955,17.3076,16.7437,15.619,14.3076,11.862,10.0764,8.91935,7.89256,7.33526,6.75593,6.40282,6.09881,5.67145,5.3822,5.069,4.84865,4.60309,4.38455,4.18816,4.0103,3.7872,3.67128,3.4856,3.31869,3.18837,3.03028,2.90467,2.77361,2.65414,2.54474,2.42027,2.30759,2.22484,2.11141,2.03374,1.93875,1.85922,1.77966,1.70088,1.62884,1.55302,1.48841,1.42495,1.36672,1.30289,1.25099,1.19738,1.14301,1.09578,1.05014,1.00618,0.962114,0.921783,0.881652,0.843503,0.808555,0.774057,0.741336,0.709325,0.678193,0.649716,0.62281,0.596684,0.570786,0.547079,0.524227,0.501774,0.480306,0.459818,0.440667,0.422052,0.404352,0.387536,0.371042,0.355689,0.340705,0.326563
0.11,28.4129,27.6046,26.5441,25.4236,24.3353,23.3288,22.4327,21.664,20.5442,20.0053,19.9581,20.0615,20.7278,21.2891,22.7999,24.172,24.3779,23.8739,22.7679,21.5313,20.378,19.3933,18.5996,17.7321,17.2849,16.4135,15.2888,12.7548,10.7165,9.42756,8.31329,7.71762,7.10318,6.7304,6.41025,5.96105,5.65744,5.32887,5.09775,4.84018,4.61092,4.40486,4.21819,3.98398,3.86226,3.66724,3.49188,3.35494,3.18879,3.05675,2.91897,2.79334,2.6783,2.54739,2.42888,2.34183,2.22251,2.14079,2.04085,1.95718,1.87346,1.79057,1.71477,1.63498,1.56699,1.50021,1.43893,1.37176,1.31715,1.26073,1.2035,1.1538,1.10577,1.05951,1.01313,0.97068,0.928445,0.888295,0.851514,0.815207,0.78077,0.747079,0.714314,0.684343,0.656025,0.628529,0.601272,0.576322,0.552271,0.528639,0.506045,0.484482,0.464327,0.444734,0.426106,0.408407,0.391048,0.374889,0.359119,0.344235
0.115,28.4649,27.648,26.584,25.463,24.3761,23.3725,22.4806,21.7175,20.6129,20.0948,20.06,20.177,20.8721,21.447,22.9757,24.3394,24.5356,24.0212,22.919,21.6977,20.5699,19.6216,18.8772,18.1157,17.7689,17.1118,16.1766,13.6943,11.3754,9.93078,8.7198,8.0839,7.43381,7.04152,6.70555,6.23527,5.9179,5.57471,5.33339,5.06448,4.82511,4.60993,4.41495,4.17025,4.04306,3.83921,3.65589,3.5127,3.33893,3.20081,3.05667,2.92523,2.80485,2.66785,2.54382,2.45271,2.32781,2.24227,2.13764,2.05004,1.9624,1.87562,1.79625,1.71271,1.64152,1.57159,1.50743,1.43709,1.37991,1.32083,1.26091,1.20886,1.15856,1.11012,1.06155,1.0171,0.972874,0.93083,0.892313,0.854292,0.81823,0.78295,0.748637,0.717252,0.687598,0.658804,0.63026,0.604132,0.578946,0.554198,0.530538,0.507957,0.48685,0.466332,0.446824,0.42829,0.410111,0.39319,0.376675,0.361089
0.12,28.5132,27.6882,26.6211,25.4996,24.414,23.4131,22.5252,21.7675,20.6773,20.1789,20.1559,20.2857,21.008,21.5955,23.1405,24.4956,24.6825,24.1581,23.0593,21.8519,20.7474,19.8321,19.1321,18.4648,18.2048,17.7244,16.9529,14.6534,12.067,10.4357,9.11539,8.43644,7.74954,7.3376,6.98595,6.49508,6.16446,5.80729,5.55627,5.27659,5.02764,4.80383,4.601,4.34641,4.21404,4.00188,3.81103,3.66193,3.48098,3.33712,3.18697,3.05004,2.92461,2.78187,2.65261,2.55766,2.42749,2.33833,2.22928,2.13797,2.04662,1.95615,1.87342,1.78632,1.71211,1.63921,1.57232,1.49899,1.43937,1.37778,1.31531,1.26104,1.20861,1.1581,1.10746,1.06112,1.01501,0.971173,0.931015,0.891374,0.853775,0.816991,0.781217,0.748494,0.717576,0.687554,0.657794,0.630552,0.604292,0.57849,0.553821,0.530277,0.50827,0.486879,0.466539,0.447215,0.428261,0.410618,0.3934,0.377148
0.125,28.5582,27.7255,26.6555,25.5335,24.4492,23.4509,22.5669,21.8141,20.7377,20.258,20.2462,20.3882,21.136,21.7353,23.2949,24.6413,24.8193,24.2855,23.1897,21.995,20.9117,20.0265,19.3668,18.7836,18.5989,18.2627,17.6217,15.5704,12.8032,10.9488,9.50281,8.77711,8.05164,7.61966,7.25231,6.74117,6.39769,6.02709,5.7668,5.4769,5.21887,4.98689,4.77665,4.51271,4.37547,4.15545,3.9575,3.80284,3.6151,3.46583,3.31002,3.16791,3.03773,2.88955,2.75537,2.6568,2.52166,2.42909,2.31586,2.22106,2.1262,2.03226,1.94635,1.85591,1.77884,1.70314,1.63367,1.55752,1.49561,1.43164,1.36677,1.31041,1.25595,1.2035,1.15091,1.10278,1.05489,1.00936,0.967659,0.926489,0.887441,0.849238,0.812084,0.778099,0.745988,0.714809,0.6839,0.655608,0.628335,0.601538,0.575917,0.551465,0.528609,0.506392,0.485268,0.465198,0.445513,0.42719,0.409307,0.392429
0.13,28.6003,27.7604,26.6875,25.5652,24.482,23.4862,22.6059,21.858,20.7947,20.333,20.3318,20.4853,21.2573,21.8676,23.4407,24.7783,24.9478,24.4049,23.3118,22.1288,21.0651,20.2077,19.5849,19.0778,18.9589,18.741,18.2012,16.3944,13.5943,11.4819,9.8878,9.1102,8.34354,7.89076,7.50742,6.97602,6.61989,6.23623,5.967,5.66728,5.40057,5.1608,4.9435,4.67067,4.52879,4.30131,4.09662,3.93667,3.7425,3.5881,3.42691,3.27988,3.14519,2.99187,2.85302,2.75101,2.61114,2.51535,2.39816,2.30003,2.20185,2.10461,2.01568,1.92207,1.84229,1.76393,1.69202,1.61319,1.5491,1.48289,1.41572,1.35738,1.30101,1.24671,1.19227,1.14244,1.09287,1.04574,1.00256,0.959941,0.919517,0.879968,0.841505,0.806322,0.77308,0.740802,0.708804,0.679514,0.651281,0.623539,0.597015,0.571701,0.54804,0.52504,0.503171,0.482394,0.462015,0.443046,0.424533,0.40706
0.135,28.6396,27.7929,26.7174,25.5946,24.5127,23.5193,22.6425,21.8992,20.8484,20.4039,20.4128,20.5774,21.3723,21.993,23.5784,24.907,25.0685,24.5169,23.4262,22.254,21.2086,20.3768,19.788,19.3498,19.2889,19.1682,18.706,17.1046,14.4251,12.0444,10.2739,9.4378,8.62657,8.152,7.75221,7.2004,6.83176,6.43533,6.15744,5.84825,5.57322,5.32601,5.10197,4.82067,4.67438,4.43981,4.22872,4.06376,3.86347,3.7042,3.53791,3.38622,3.24724,3.08904,2.94576,2.84049,2.69615,2.59728,2.47634,2.37506,2.27372,2.17337,2.08158,1.98495,1.90261,1.82172,1.7475,1.66612,1.59997,1.53162,1.46229,1.40207,1.34388,1.28782,1.23163,1.18019,1.12902,1.08037,1.0358,0.991802,0.950073,0.909247,0.869542,0.833223,0.798908,0.765588,0.732557,0.702322,0.673176,0.644539,0.617159,0.591028,0.566603,0.54286,0.520285,0.498837,0.4778,0.458218,0.439108,0.42107
0.14,28.6765,27.8232,26.7452,25.6221,24.5413,23.5502,22.6768,21.9379,20.8993,20.4711,20.4898,20.6649,21.4815,22.112,23.7086,25.0284,25.182,24.6223,23.5337,22.3716,21.343,20.5352,19.9778,19.6025,19.5927,19.5524,19.15,17.7104,15.2509,12.6485,10.6659,9.76288,8.90277,8.40505,7.98815,7.41559,7.03446,6.62546,6.33913,6.02078,5.73773,5.48337,5.25288,4.96349,4.81299,4.57166,4.35447,4.18473,3.97863,3.81472,3.64358,3.48745,3.3444,3.18155,3.03406,2.92569,2.7771,2.67531,2.5508,2.44653,2.34219,2.23886,2.14436,2.04486,1.96008,1.87679,1.80037,1.71658,1.64846,1.57808,1.50669,1.44468,1.38476,1.32704,1.26918,1.21622,1.16352,1.11342,1.06753,1.02222,0.979255,0.937216,0.896331,0.858932,0.823596,0.789286,0.755273,0.724139,0.694127,0.664638,0.636444,0.609535,0.584384,0.559935,0.536689,0.514603,0.492941,0.472777,0.453098,0.434524
0.145,28.711,27.8516,26.7711,25.6478,24.5681,23.5792,22.709,21.9744,20.9473,20.5349,20.5629,20.7481,21.5855,22.2251,23.8321,25.1431,25.2892,24.7215,23.6349,22.4822,21.4695,20.6839,20.1557,19.8381,19.8738,19.9005,19.5445,18.2303,16.016,13.3048,11.0697,10.0887,9.17416,8.65154,8.21669,7.6228,7.22912,6.80766,6.51304,6.18577,5.89495,5.6337,5.39701,5.09986,4.94533,4.69753,4.47451,4.30021,4.08855,3.92021,3.74444,3.58408,3.43715,3.26987,3.11836,3.00704,2.85439,2.74983,2.6219,2.51478,2.40758,2.30142,2.20433,2.1021,2.01499,1.92942,1.85089,1.7648,1.69481,1.6225,1.54915,1.48544,1.42387,1.36456,1.3051,1.25069,1.19654,1.14506,1.09791,1.05136,1.0072,0.964009,0.921999,0.883571,0.847263,0.812008,0.77706,0.745068,0.71423,0.68393,0.65496,0.627311,0.601467,0.576346,0.55246,0.529766,0.507507,0.486788,0.466568,0.447483
0.15,28.7434,27.8781,26.7954,25.6717,24.5931,23.6064,22.7393,22.0088,20.9929,20.5956,20.6326,20.8274,21.6845,22.3329,23.9493,25.2515,25.3905,24.8153,23.7304,22.5865,21.5887,20.8239,20.323,20.0584,20.1349,20.2179,19.8982,18.6813,16.6893,14.0153,11.4921,10.4187,9.44275,8.89309,8.43915,7.82317,7.41675,6.98285,6.68006,6.34405,6.04568,5.77776,5.53508,5.23046,5.07205,4.81804,4.58943,4.41075,4.19378,4.0212,3.841,3.67659,3.52594,3.35443,3.19908,3.08493,2.9284,2.82118,2.69,2.58015,2.47022,2.36135,2.26178,2.15695,2.06761,1.97985,1.89932,1.81103,1.73925,1.66509,1.58986,1.52452,1.46138,1.40055,1.33957,1.28376,1.22823,1.17544,1.12708,1.07934,1.03405,0.989752,0.946667,0.907256,0.870018,0.833861,0.798018,0.765208,0.73358,0.702504,0.672792,0.644436,0.617931,0.592166,0.567669,0.544394,0.521565,0.500316,0.479578,0.460005
0.155,28.7737,27.9028,26.818,25.6941,24.6165,23.6319,22.7678,22.0412,21.0361,20.6534,20.6989,20.903,21.7791,22.4356,24.0609,25.3544,25.4864,24.9039,23.8207,22.6851,21.7012,20.9561,20.4808,20.2652,20.3783,20.5088,20.2178,19.0774,17.2695,14.7599,11.942,10.757,9.71066,9.13123,8.65682,8.01774,7.59831,7.15191,6.841,6.49639,6.19064,5.91623,5.66774,5.3559,5.19375,4.93376,4.69977,4.51689,4.2948,4.11816,3.9337,3.76541,3.6112,3.43562,3.27659,3.15973,2.99948,2.88971,2.7554,2.64294,2.53039,2.41893,2.31698,2.20965,2.11818,2.02833,1.94587,1.85547,1.78198,1.70605,1.62902,1.56212,1.49746,1.43518,1.37275,1.31561,1.25875,1.20469,1.15517,1.10629,1.05992,1.01456,0.970446,0.930092,0.891964,0.854942,0.818241,0.784646,0.752262,0.720443,0.69002,0.660985,0.633846,0.607465,0.582382,0.55855,0.535175,0.513418,0.492183,0.472142
0.16,28.8023,27.926,26.8391,25.715,24.6384,23.6558,22.7947,22.0719,21.0771,20.7085,20.7623,20.9753,21.8694,22.5338,24.1671,25.452,25.5774,24.988,23.9062,22.7784,21.8078,21.0812,20.6298,20.4598,20.606,20.7769,20.5086,19.4292,17.7695,15.4931,12.4306,11.1087,9.98015,9.36754,8.87095,8.20749,7.77467,7.31562,6.99661,6.64349,6.33049,6.04974,5.7956,5.47676,5.31099,5.04521,4.80603,4.61909,4.39208,4.21152,4.02297,3.85093,3.69329,3.51381,3.35123,3.23176,3.06794,2.95571,2.81841,2.70343,2.58837,2.47441,2.37018,2.26044,2.16692,2.07505,1.99075,1.89833,1.82318,1.74555,1.6668,1.59839,1.53228,1.46861,1.40477,1.34635,1.28821,1.23294,1.18231,1.13233,1.08492,1.03854,0.993437,0.952177,0.913193,0.875339,0.837815,0.803465,0.770354,0.73782,0.706715,0.677028,0.649279,0.622306,0.596659,0.572292,0.548393,0.526146,0.504435,0.483944
0.165,28.8291,27.9478,26.8589,25.7346,24.659,23.6783,22.82,22.101,21.1162,20.7612,20.8231,21.0447,21.9561,22.6279,24.2688,25.5452,25.6641,25.068,23.9876,22.8672,21.9091,21.2001,20.7714,20.6439,20.8201,21.0257,20.7758,19.7456,18.2053,16.1701,12.9735,11.4812,10.2546,9.60435,9.08338,8.39391,7.94717,7.4752,7.14802,6.78642,6.46624,6.17925,5.91958,5.59389,5.42459,5.15319,4.90897,4.71809,4.48631,4.30195,4.10943,3.93377,3.77281,3.58954,3.42353,3.30155,3.13427,3.01967,2.87946,2.76205,2.64455,2.52818,2.42174,2.30968,2.21418,2.12036,2.03428,1.93989,1.86315,1.78387,1.70345,1.63359,1.56608,1.50106,1.43586,1.3762,1.31683,1.26039,1.20868,1.15764,1.10923,1.06186,1.0158,0.973664,0.933852,0.895195,0.856874,0.821795,0.787981,0.754756,0.72299,0.692673,0.664335,0.636789,0.610598,0.585714,0.561306,0.538588,0.516416,0.495489
0.17,28.8543,27.968,26.8773,25.7529,24.6782,23.6994,22.8439,22.1284,21.1533,20.8114,20.8811,21.1109,22.039,22.7178,24.3657,25.6336,25.7463,25.1438,24.0647,22.9513,22.0051,21.3127,20.9054,20.8175,21.021,21.2563,21.021,20.031,18.5872,16.7655,13.5824,11.8806,10.5351,9.84198,9.29407,8.57676,8.11552,7.63035,7.29494,6.92488,6.59762,6.3045,6.03941,5.70706,5.53434,5.25748,5.00837,4.81368,4.57728,4.38925,4.1929,4.01376,3.84959,3.66267,3.49336,3.36894,3.19832,3.08144,2.93843,2.81868,2.69883,2.58013,2.47157,2.35727,2.25986,2.16416,2.07635,1.98008,1.9018,1.82094,1.73891,1.66765,1.59879,1.53246,1.46596,1.4051,1.34454,1.28697,1.23423,1.18217,1.13278,1.08447,1.03748,0.994505,0.953895,0.914463,0.875374,0.839593,0.805101,0.771211,0.738808,0.707884,0.678978,0.65088,0.624164,0.598782,0.573885,0.550711,0.528095,0.506749
0.175,28.8781,27.9871,26.8946,25.77,24.6963,23.7193,22.8664,22.1544,21.1888,20.8597,20.9368,21.1746,22.1187,22.8043,24.4586,25.7183,25.825,25.2162,24.1383,23.0316,22.0967,21.4202,21.0332,20.9826,21.211,21.4721,21.2486,20.2919,18.9277,17.2842,14.2682,12.3212,10.8272,10.0838,9.50559,8.75802,8.28147,7.78265,7.43886,7.06028,6.72593,6.42673,6.1563,5.81739,5.6413,5.3591,5.10522,4.90681,4.66591,4.47431,4.27422,4.09167,3.92438,3.73392,3.56138,3.4346,3.26074,3.14163,2.9959,2.87387,2.75174,2.63078,2.52014,2.40367,2.3044,2.20688,2.1174,2.01928,1.93952,1.85711,1.77351,1.70089,1.63072,1.56312,1.49536,1.43334,1.37162,1.31295,1.2592,1.20614,1.15582,1.10658,1.0587,1.0149,0.973514,0.93333,0.893494,0.857029,0.821879,0.787342,0.75432,0.722806,0.693348,0.664713,0.637487,0.61162,0.586248,0.562632,0.539583,0.51783
0.18,28.9003,28.0048,26.9106,25.7859,24.7131,23.7379,22.8876,22.1789,21.2225,20.9057,20.99,21.2355,22.195,22.887,24.5474,25.7988,25.8997,25.2849,24.2082,23.1079,22.1838,21.5223,21.1546,21.1388,21.3901,21.6734,21.4594,20.5303,19.2322,17.7342,15.0064,12.8168,11.1333,10.3304,9.71794,8.93737,8.44465,7.93171,7.57939,7.19222,6.85082,6.5456,6.2699,5.92456,5.74519,5.45777,5.19924,4.99722,4.75194,4.55686,4.35315,4.1673,3.99698,3.80307,3.62742,3.49834,3.32133,3.20007,3.0517,2.92746,2.80312,2.67997,2.56733,2.44874,2.34767,2.24839,2.15728,2.05739,1.97618,1.89227,1.80716,1.73323,1.66178,1.59296,1.52396,1.46082,1.39798,1.33824,1.28352,1.2295,1.17826,1.12813,1.07938,1.03479,0.99265,0.951736,0.911178,0.874051,0.838263,0.803098,0.769478,0.737391,0.707399,0.678244,0.650524,0.624187,0.598355,0.57431,0.550843,0.528695
0.185,28.9213,28.0214,26.9256,25.8008,24.7289,23.7555,22.9077,22.2023,21.2547,20.9499,21.0412,21.2943,22.2686,22.9667,24.6327,25.876,25.9714,25.3508,24.2751,23.1809,22.2671,21.62,21.2707,21.2879,21.5603,21.863,21.6567,20.7509,19.5088,18.1304,15.7435,13.394,11.4615,10.5861,9.93395,9.11682,8.60678,8.07904,7.71793,7.32203,6.97351,6.66227,6.38134,6.02963,5.84701,5.55445,5.29134,5.08577,4.8362,4.63771,4.43046,4.24137,4.06809,3.87081,3.6921,3.56078,3.3807,3.25732,3.10638,2.97997,2.85347,2.72818,2.61358,2.49293,2.3901,2.28909,2.1964,2.09477,2.01214,1.92677,1.84018,1.76496,1.69227,1.62225,1.55205,1.4878,1.42387,1.3631,1.30742,1.25246,1.20033,1.14933,1.09973,1.05435,1.01148,0.969857,0.928592,0.890819,0.854407,0.81863,0.784424,0.751778,0.721263,0.691601,0.663397,0.636602,0.610319,0.585856,0.56198,0.539446
0.19,28.941,28.0369,26.9396,25.8146,24.7436,23.7719,22.9266,22.2243,21.2853,20.9922,21.0903,21.3506,22.3391,23.0431,24.7144,25.9497,26.0396,25.4135,24.3388,23.2503,22.3465,21.7132,21.3813,21.4295,21.7213,22.0409,21.8407,20.9546,19.7601,18.4806,16.415,14.0767,11.818,10.8524,10.1538,9.29602,8.76741,8.22417,7.85402,7.44924,7.09358,6.77633,6.4902,6.1322,5.94639,5.64879,5.3812,5.17215,4.91838,4.71657,4.50585,4.31361,4.13744,3.93688,3.75519,3.62169,3.43861,3.31318,3.15973,3.03122,2.90261,2.77523,2.65873,2.53607,2.43153,2.32883,2.2346,2.13127,2.04727,1.96048,1.87245,1.79597,1.72207,1.65088,1.57952,1.5142,1.44921,1.38742,1.33081,1.27493,1.22194,1.17008,1.11965,1.07353,1.02994,0.987622,0.94567,0.907267,0.870248,0.833875,0.799099,0.765909,0.734885,0.704729,0.676055,0.648813,0.622093,0.597221,0.572948,0.550038
0.195,28.9595,28.0514,26.9526,25.8275,24.7575,23.7874,22.9444,22.2453,21.3147,21.0328,21.1376,21.4049,22.4073,23.1169,24.7931,26.0205,26.1052,25.4736,24.3999,23.317,22.4226,21.8026,21.4876,21.5652,21.8749,22.2093,22.014,21.1449,19.9917,18.7953,17.0021,14.8773,12.2179,11.1352,10.381,9.4771,8.92827,8.36859,7.98902,7.57512,7.21218,6.88888,6.59755,6.23328,6.04429,5.74169,5.46967,5.25719,4.99928,4.7942,4.58007,4.38472,4.20571,4.00191,3.81731,3.68166,3.49563,3.36818,3.21226,3.08168,2.95101,2.82158,2.7032,2.57857,2.47235,2.368,2.27225,2.16726,2.08191,1.99372,1.90427,1.82656,1.75147,1.67914,1.60662,1.54026,1.47421,1.41143,1.35392,1.29714,1.24329,1.1906,1.13936,1.09249,1.0482,1.0052,0.962572,0.923551,0.885937,0.848978,0.813641,0.779917,0.748394,0.717752,0.688617,0.660936,0.633785,0.608513,0.583849,0.56057
0.2,28.9769,28.0649,26.9646,25.8395,24.7703,23.8019,22.9612,22.2651,21.3427,21.0718,21.183,21.4571,22.4727,23.1877,24.8685,26.0882,26.1678,25.531,24.4582,23.3806,22.4954,21.888,21.5889,21.6944,22.0207,22.3679,22.1765,21.3219,20.2046,19.0788,17.5058,15.7239,12.6785,11.4382,10.6163,9.65974,9.08889,8.51177,8.1224,7.69914,7.32884,6.99945,6.70291,6.33242,6.1403,5.83276,5.55638,5.34052,5.07855,4.87025,4.65278,4.45438,4.2726,4.06564,3.87816,3.74041,3.5515,3.42208,3.26375,3.13115,2.99845,2.86702,2.74681,2.62024,2.51238,2.40641,2.30918,2.20257,2.11589,2.02634,1.9355,1.85659,1.78034,1.70689,1.63325,1.56585,1.49879,1.43503,1.37663,1.31897,1.26428,1.21078,1.15875,1.11115,1.06618,1.02251,0.979222,0.939596,0.901399,0.863867,0.827984,0.793737,0.761725,0.730608,0.701022,0.672912,0.645341,0.619678,0.594631,0.570992
0.205,28.9932,28.0775,26.9759,25.8507,24.7823,23.8155,22.9771,22.2839,21.3695,21.1093,21.2268,21.5075,22.5361,23.2562,24.9413,26.1534,26.228,25.5862,24.5142,23.4418,22.5653,21.9702,21.6865,21.8185,22.1603,22.5189,22.3304,21.4885,20.4029,19.338,17.9441,16.5057,13.2381,11.772,10.8643,9.84632,9.25109,8.65521,8.25552,7.82255,7.44469,7.10911,6.80734,6.4306,6.23533,5.92288,5.64216,5.42296,5.15695,4.94547,4.72469,4.52328,4.33875,4.12866,3.93836,3.79853,3.60677,3.4754,3.31468,3.18009,3.04539,2.91199,2.78996,2.66149,2.55201,2.44445,2.34575,2.23754,2.14955,2.05866,1.96645,1.88635,1.80896,1.7344,1.65965,1.59124,1.52316,1.45845,1.39916,1.34064,1.28513,1.23082,1.178,1.12969,1.08404,1.03972,0.995776,0.955553,0.916781,0.878685,0.842261,0.807499,0.775005,0.74342,0.713388,0.684855,0.656869,0.630819,0.605396,0.581401
0.21,29.0086,28.0892,26.9863,25.8611,24.7936,23.8283,22.9921,22.3018,21.3951,21.1455,21.269,21.5561,22.5972,23.3224,25.0114,26.216,26.2858,25.6391,24.5679,23.5005,22.6325,22.0491,21.7803,21.9374,22.2936,22.6622,22.476,21.645,20.5876,19.5758,18.3284,17.1665,13.9575,12.1481,11.1281,10.0374,9.41501,8.79889,8.3883,7.94523,7.55961,7.21775,6.91068,6.52768,6.32928,6.01193,5.7269,5.50438,5.23438,5.01975,4.7957,4.59132,4.40407,4.1909,3.9978,3.85593,3.66136,3.52807,3.365,3.22844,3.09177,2.95642,2.83261,2.70226,2.59118,2.48205,2.38191,2.27211,2.18285,2.09062,1.99707,1.9158,1.83727,1.76162,1.68578,1.61637,1.5473,1.48164,1.42149,1.36211,1.30579,1.25069,1.1971,1.14808,1.10176,1.05679,1.01221,0.9714,0.932061,0.893408,0.856452,0.821181,0.788213,0.756166,0.725696,0.696746,0.668351,0.64192,0.616125,0.591779
0.215,29.0229,28.1001,26.9959,25.8707,24.804,23.8402,23.0062,22.3187,21.4196,21.1802,21.3096,21.6031,22.6563,23.3862,25.079,26.2762,26.3413,25.6899,24.6195,23.5568,22.697,22.1249,21.8704,22.0515,22.4212,22.7985,22.614,21.7925,20.7602,19.7952,18.6697,17.7174,14.9187,12.5879,11.4131,10.2344,9.58143,8.94329,8.52113,8.0675,7.6739,7.32563,7.01319,6.62389,6.42235,6.10011,5.81079,5.58497,5.31102,5.09326,4.86597,4.65865,4.46871,4.25249,4.05663,3.91273,3.71539,3.58021,3.41481,3.2763,3.13769,3.00041,2.87484,2.74264,2.62998,2.5193,2.41773,2.30638,2.21584,2.1223,2.02742,1.945,1.86535,1.78863,1.71171,1.64131,1.57126,1.50467,1.44366,1.38344,1.32631,1.27043,1.21608,1.16636,1.11939,1.07377,1.02856,0.987166,0.947268,0.908065,0.870584,0.834812,0.801375,0.768872,0.737968,0.708607,0.679808,0.653001,0.626839,0.602147
0.22,29.0364,28.1102,27.0048,25.8795,24.8137,23.8514,23.0195,22.3347,21.4431,21.2136,21.3488,21.6484,22.7134,23.4479,25.1441,26.3341,26.3946,25.7386,24.6689,23.6109,22.759,22.1979,21.957,22.1611,22.5434,22.9283,22.745,21.9319,20.9223,19.9987,18.9761,18.1835,16.0257,13.1313,11.727,10.439,9.7512,9.08894,8.6544,8.18969,7.78782,7.43298,7.1151,6.71944,6.51475,6.18761,5.894,5.6649,5.38701,5.16615,4.93565,4.72541,4.53281,4.31355,4.11497,3.96906,3.76897,3.63191,3.46421,3.32378,3.18325,3.04406,2.91675,2.78271,2.66848,2.55627,2.45329,2.34039,2.2486,2.15377,2.05757,1.974,1.89325,1.81546,1.73748,1.6661,1.59508,1.52756,1.46571,1.40465,1.34673,1.29007,1.23497,1.18456,1.13694,1.09069,1.04485,1.00288,0.962431,0.922685,0.884683,0.848415,0.814514,0.78156,0.750228,0.720459,0.691261,0.664082,0.637557,0.612523
0.225,29.049,28.1195,27.0129,25.8877,24.8226,23.8618,23.032,22.3499,21.4655,21.2458,21.3867,21.6922,22.7685,23.5075,25.207,26.3898,26.4459,25.7854,24.7165,23.663,22.8187,22.2682,22.0405,22.2665,22.6606,23.0522,22.8697,22.0639,21.0748,20.1883,19.2539,18.5859,16.9599,13.8626,12.0822,10.6533,9.92528,9.23636,8.78853,8.31212,7.90164,7.54005,7.21662,6.81452,6.60666,6.2746,5.97671,5.74432,5.46251,5.23857,5.00486,4.79173,4.59648,4.37422,4.17292,4.02502,3.82221,3.68328,3.5133,3.37097,3.22852,3.08744,2.9584,2.82255,2.70677,2.59303,2.48866,2.37423,2.28119,2.18507,2.08757,2.00287,1.92102,1.84218,1.76313,1.69079,1.61881,1.55037,1.48768,1.42579,1.36709,1.30966,1.25381,1.20272,1.15445,1.10758,1.06111,1.01858,0.977577,0.937292,0.898774,0.862014,0.827654,0.794253,0.762496,0.732323,0.702729,0.675181,0.648297,0.622923
0.23,29.0608,28.1282,27.0204,25.8952,24.8309,23.8716,23.0438,22.3643,21.487,21.2768,21.4232,21.7345,22.8219,23.5652,25.2678,26.4435,26.4953,25.8305,24.7622,23.713,22.8761,22.3359,22.121,22.368,22.7731,23.1706,22.9884,22.1891,21.2187,20.3656,19.5079,18.9393,17.6674,14.9454,12.4994,10.8799,10.1048,9.38614,8.92392,8.43509,8.01563,7.64708,7.31797,6.90934,6.69826,6.36126,6.05907,5.8234,5.53767,5.31065,5.07375,4.85773,4.65984,4.4346,4.2306,4.08072,3.8752,3.73442,3.56217,3.41794,3.2736,3.13064,2.99989,2.86223,2.7449,2.62965,2.52389,2.40794,2.31367,2.21627,2.11747,2.03165,1.94871,1.86882,1.78873,1.71542,1.64248,1.57314,1.50961,1.4469,1.38742,1.32923,1.27264,1.22087,1.17195,1.12446,1.07738,1.03428,0.992732,0.95191,0.912881,0.875633,0.840815,0.806971,0.774791,0.744218,0.71423,0.686317,0.659075,0.633364
0.235,29.0718,28.1361,27.0273,25.9021,24.8386,23.8806,23.0548,22.3779,21.5076,21.3067,21.4585,21.7754,22.8736,23.621,25.3265,26.4952,26.5429,25.8738,24.8062,23.7612,22.9315,22.4013,22.1987,22.4658,22.8813,23.2839,23.1017,22.3082,21.3548,20.5322,19.7417,19.2545,18.2218,16.2497,13.0187,11.1226,10.2911,9.53893,9.06102,8.55894,8.13005,7.75428,7.41934,7.00405,6.78973,6.44774,6.14124,5.90228,5.61262,5.38252,5.14244,4.92353,4.72302,4.4948,4.28811,4.13626,3.92804,3.78541,3.61091,3.46479,3.31856,3.17373,3.04127,2.90181,2.78296,2.6662,2.55906,2.44159,2.34609,2.24742,2.14733,2.06039,1.97637,1.89544,1.8143,1.74004,1.66615,1.5959,1.53154,1.46802,1.40776,1.34881,1.29147,1.23903,1.18948,1.14136,1.09367,1.05001,1.00792,0.966564,0.927026,0.889291,0.85402,0.819734,0.787134,0.756162,0.725783,0.697506,0.669908,0.643861
0.24,29.082,28.1433,27.0335,25.9083,24.8456,23.889,23.0652,22.3908,21.5273,21.3355,21.4925,21.815,22.9236,23.675,25.3832,26.5451,26.5887,25.9155,24.8486,23.8077,22.9849,22.4643,22.2737,22.56,22.9853,23.3924,23.21,22.4215,21.4838,20.689,19.9582,19.5389,18.6769,17.2208,13.7324,11.3862,10.4858,9.69544,9.20031,8.68399,8.24517,7.86189,7.52094,7.09886,6.88124,6.53421,6.22335,5.98108,5.68749,5.45431,5.21105,4.98926,4.78612,4.55492,4.34555,4.19173,3.98082,3.83634,3.6596,3.51159,3.36348,3.21679,3.08262,2.94137,2.82099,2.70273,2.59422,2.47524,2.37851,2.27858,2.1772,2.08914,2.00405,1.92207,1.83989,1.76468,1.68984,1.61869,1.55351,1.48916,1.42814,1.36843,1.31036,1.25724,1.20705,1.15832,1.11001,1.06579,1.02316,0.981276,0.941231,0.903012,0.867287,0.832561,0.799543,0.768173,0.737404,0.708764,0.680812,0.654431
0.245,29.0915,28.15,27.0391,25.914,24.8521,23.8969,23.075,22.4031,21.5462,21.3634,21.5256,21.8534,22.9723,23.7276,25.4384,26.5935,26.633,25.9559,24.8896,23.8526,23.0367,22.5255,22.3464,22.6514,23.0859,23.4968,23.314,22.5301,21.6069,20.8377,20.1606,19.799,19.0649,17.9055,14.8782,11.6793,10.692,9.85721,9.34292,8.81116,8.36176,7.9706,7.62342,7.19434,6.97335,6.62118,6.30592,6.0603,5.76273,5.52645,5.27998,5.05529,4.84951,4.61533,4.40326,4.24747,4.03385,3.88753,3.70852,3.55863,3.40863,3.26007,3.12419,2.98114,2.85923,2.73947,2.62957,2.50909,2.41113,2.30992,2.20726,2.11808,2.0319,1.94889,1.86566,1.78949,1.7137,1.64164,1.57564,1.51047,1.44867,1.3882,1.3294,1.2756,1.22478,1.17543,1.1265,1.08172,1.03855,0.996132,0.955578,0.916873,0.880695,0.845528,0.81209,0.780321,0.749161,0.720157,0.69185,0.665134
0.25,29.1003,28.156,27.0442,25.9191,24.8579,23.9041,23.084,22.4146,21.5643,21.3902,21.5574,21.8905,23.0194,23.7784,25.4915,26.64,26.6756,25.9946,24.9289,23.8958,23.0864,22.5843,22.4165,22.7392,23.1825,23.5967,23.4132,22.6333,21.7236,20.9779,20.3491,20.037,19.4015,18.427,16.3278,12.0111,10.9104,10.0238,9.48821,8.93973,8.47911,8.07972,7.72609,7.28986,7.06544,6.70807,6.38836,6.13938,5.83783,5.59843,5.34876,5.12118,4.91276,4.6756,4.46084,4.30308,4.08677,3.93861,3.75735,3.60557,3.45369,3.30327,3.16569,3.02085,2.89741,2.77615,2.66488,2.54289,2.4437,2.34123,2.23729,2.14699,2.05974,1.97568,1.89142,1.8143,1.73756,1.6646,1.59777,1.5318,1.46922,1.408,1.34845,1.29399,1.24253,1.19256,1.14303,1.09768,1.05397,1.01103,0.969965,0.930777,0.894146,0.85854,0.824684,0.792519,0.760969,0.731603,0.702942,0.675892
0.255,29.1085,28.1614,27.0487,25.9237,24.8633,23.9107,23.0926,22.4255,21.5817,21.4161,21.5883,21.9266,23.0651,23.8278,25.5432,26.6851,26.7169,26.0321,24.967,23.9376,23.1347,22.6415,22.4845,22.8245,23.276,23.6931,23.5087,22.7325,21.8353,21.1116,20.5268,20.2579,19.7013,18.8534,17.3056,12.4045,11.1467,10.1979,9.63811,9.07123,8.59855,8.19043,7.83007,7.38642,7.15847,6.79578,6.47155,6.21915,5.91356,5.67102,5.41811,5.1876,4.97653,4.73635,4.51889,4.35914,4.14012,3.9901,3.80658,3.65291,3.49913,3.34684,3.20754,3.0609,2.93593,2.81316,2.70051,2.57699,2.47658,2.37283,2.2676,2.17618,2.08784,2.00275,1.91744,1.83936,1.76166,1.6878,1.62014,1.55334,1.48999,1.42801,1.36773,1.31259,1.26049,1.2099,1.15975,1.11384,1.06959,1.02611,0.984539,0.944864,0.907779,0.87173,0.837454,0.804889,0.772948,0.743217,0.714201,0.686814
0.26,29.116,28.1663,27.0526,25.9277,24.8681,23.9168,23.1005,22.4358,21.5982,21.4411,21.6181,21.9614,23.1094,23.8755,25.593,26.7284,26.7566,26.0681,25.0036,23.9778,23.1811,22.6965,22.5501,22.9066,23.3659,23.7854,23.6,22.8271,21.9415,21.2381,20.6934,20.4625,19.9698,19.2131,17.9591,12.8958,11.404,10.3793,9.79204,9.20493,8.71931,8.30201,7.93463,7.48334,7.25179,6.88369,6.55487,6.29903,5.98938,5.74367,5.48751,5.25407,5.04034,4.79715,4.57698,4.41524,4.19351,4.04163,3.85585,3.70028,3.54461,3.39045,3.24944,3.101,2.97449,2.85021,2.73618,2.61116,2.50951,2.40449,2.29796,2.20543,2.11601,2.02987,1.94351,1.86448,1.78583,1.71107,1.64258,1.57496,1.51083,1.44809,1.38707,1.33125,1.27852,1.22731,1.17654,1.13008,1.08528,1.04127,0.999189,0.959028,0.921489,0.884998,0.850303,0.817339,0.785007,0.754911,0.72554,0.697818
0.265,29.1229,28.1707,27.0561,25.9313,24.8724,23.9224,23.1079,22.4455,21.6141,21.4653,21.6471,21.9953,23.1525,23.922,25.6415,26.7706,26.7951,26.103,25.039,24.0169,23.2263,22.7501,22.614,22.9864,23.4531,23.8747,23.6882,22.9181,22.0435,21.3592,20.8515,20.6545,20.2152,19.5275,18.4559,13.5896,11.6923,10.5714,9.95225,9.34253,8.84283,8.41572,8.04093,7.58168,7.3464,6.97273,6.63922,6.37987,6.06608,5.81716,5.5577,5.32129,5.10487,4.85863,4.63572,4.47198,4.2475,4.09375,3.90568,3.7482,3.59062,3.43456,3.29183,3.14156,3.01351,2.88771,2.77228,2.64573,2.54284,2.43654,2.32871,2.23504,2.14453,2.05734,1.96993,1.88993,1.81032,1.73464,1.66531,1.59687,1.53196,1.46845,1.40669,1.35019,1.29681,1.24497,1.19359,1.14655,1.10121,1.05666,1.01407,0.973417,0.935419,0.898483,0.863364,0.829997,0.79727,0.766807,0.737076,0.709016
0.27,29.1292,28.1745,27.0591,25.9344,24.8762,23.9275,23.1147,22.4545,21.6293,21.4885,21.675,22.028,23.1942,23.967,25.6883,26.8111,26.8321,26.1365,25.0731,24.0544,23.2697,22.8017,22.6756,23.0634,23.537,23.9603,23.7726,23.0051,22.1408,21.4743,21.0007,20.8338,20.4392,19.8052,18.8573,14.8195,12.0212,10.7747,10.1183,9.48333,8.96834,8.53077,8.14822,7.68072,7.4416,7.06224,6.72396,6.46105,6.14308,5.89093,5.62815,5.38875,5.16962,4.92033,4.69466,4.52891,4.30168,4.14605,3.95568,3.79629,3.63679,3.47884,3.33437,3.18229,3.05268,2.92536,2.80853,2.68045,2.57631,2.46873,2.35959,2.26479,2.17319,2.08494,1.99647,1.9155,1.83494,1.75834,1.68818,1.61891,1.55321,1.48894,1.42642,1.36924,1.31522,1.26275,1.21075,1.16315,1.11726,1.07217,1.02906,0.987916,0.949459,0.912077,0.876533,0.842763,0.80964,0.778809,0.748719,0.72032
0.275,29.135,28.1778,27.0616,25.937,24.8795,23.9321,23.121,22.4631,21.6439,21.5111,21.7021,22.0599,23.2349,24.0109,25.7339,26.8505,26.8681,26.169,25.1061,24.0908,23.312,22.852,22.7356,23.1383,23.6186,24.0432,23.8542,23.0891,22.2344,21.5848,21.143,21.0035,20.6471,20.0563,19.1988,16.5144,12.4163,10.9942,10.2931,9.62924,9.0974,8.64854,8.25772,7.78155,7.53844,7.1532,6.81002,6.54346,6.22122,5.96577,5.69961,5.45718,5.23529,4.9829,4.75444,4.58665,4.35663,4.1991,4.00641,3.84507,3.68363,3.52376,3.37754,3.22361,3.09242,2.96356,2.84532,2.71568,2.61029,2.5014,2.39095,2.295,2.20228,2.11297,2.02343,1.94149,1.85994,1.78242,1.71141,1.6413,1.57481,1.50976,1.44649,1.38862,1.33394,1.28084,1.22821,1.18003,1.13359,1.08795,1.04432,1.00268,0.963759,0.925924,0.889951,0.855773,0.822249,0.791045,0.760592,0.731849
0.28,29.1402,28.1807,27.0637,25.9392,24.8824,23.9362,23.1269,22.4712,21.6578,21.5329,21.7284,22.0908,23.2744,24.0535,25.7782,26.8887,26.9028,26.2004,25.1381,24.1261,23.3529,22.9008,22.7939,23.211,23.6976,24.1233,23.9328,23.1698,22.3243,21.6906,21.2785,21.1637,20.8404,20.2847,19.4961,17.4638,12.9238,11.2333,10.4773,9.78037,9.22986,8.76881,8.3692,7.88393,7.63667,7.24535,6.89714,6.62685,6.30027,6.04146,5.77187,5.52637,5.30169,5.04616,4.81488,4.64502,4.41218,4.25273,4.05769,3.89439,3.73099,3.56918,3.42119,3.26539,3.13262,3.0022,2.88253,2.75133,2.64466,2.53446,2.42267,2.32557,2.23173,2.14134,2.05073,1.96779,1.88526,1.80681,1.73494,1.66399,1.59669,1.53085,1.46682,1.40825,1.35291,1.29918,1.24591,1.19715,1.15015,1.10396,1.0598,1.01766,0.978271,0.93998,0.903573,0.868983,0.835055,0.803475,0.772654,0.743565
0.285,29.1448,28.183,27.0653,25.9409,24.8849,23.9399,23.1322,22.4787,21.6711,21.5539,21.7538,22.1209,23.3128,24.0949,25.8212,26.9256,26.9364,26.2308,25.1689,24.1602,23.3926,22.9481,22.8504,23.2815,23.7741,24.2006,24.0087,23.2476,22.4107,21.7921,21.4077,21.3156,21.0209,20.4943,19.7599,18.0768,13.6836,11.498,10.6731,9.93756,9.36622,8.8919,8.4829,7.98805,7.73647,7.33885,6.98546,6.71136,6.38033,6.11811,5.84504,5.59641,5.36891,5.1102,4.87605,4.70411,4.46842,4.30701,4.1096,3.94431,3.77893,3.61516,3.46538,3.3077,3.17333,3.04133,2.92022,2.78743,2.67948,2.56795,2.45481,2.35654,2.26157,2.17009,2.07838,1.99445,1.91093,1.83153,1.75879,1.68699,1.61888,1.55225,1.48745,1.42817,1.37217,1.31779,1.26388,1.21453,1.16696,1.12022,1.07553,1.03288,0.993014,0.954262,0.917417,0.88241,0.848074,0.816113,0.784922,0.755482
0.29,29.149,28.185,27.0665,25.9422,24.8869,23.9431,23.1371,22.4857,21.6839,21.5742,21.7785,22.15,23.3501,24.1352,25.8629,26.9614,26.9689,26.2601,25.1988,24.1932,23.431,22.994,22.9053,23.3499,23.8482,24.2753,24.0818,23.3224,22.4938,21.8894,21.5312,21.4598,21.1901,20.688,19.9975,18.5392,15.4358,11.798,10.8831,10.1018,9.50703,9.01818,8.59909,8.09411,7.83801,7.43386,7.07513,6.79711,6.46155,6.19584,5.91922,5.66742,5.43705,5.1751,4.93806,4.76399,4.52541,4.36204,4.16222,3.99492,3.82753,3.66177,3.51018,3.35059,3.2146,3.081,2.95843,2.82404,2.71479,2.60191,2.48741,2.38795,2.29184,2.19926,2.10645,2.0215,1.93698,1.85662,1.783,1.71034,1.64141,1.57398,1.5084,1.44841,1.39173,1.33669,1.28213,1.23219,1.18405,1.13674,1.09152,1.04835,1.00801,0.968788,0.931499,0.89607,0.861321,0.828975,0.797408,0.767614
0.295,29.1527,28.1865,27.0673,25.9431,24.8885,23.9459,23.1416,22.4923,21.6961,21.5939,21.8023,22.1783,23.3864,24.1744,25.9034,26.996,27.0004,26.2885,25.2276,24.2252,23.4683,23.0385,22.9587,23.4163,23.92,24.3475,24.1525,23.3946,22.5738,21.983,21.6493,21.597,21.3495,20.8681,20.2138,18.9155,17.1548,12.1501,11.111,10.2744,9.65293,9.14807,8.71808,8.20234,7.94149,7.53054,7.16629,6.88425,6.54403,6.27477,5.99453,5.73949,5.50621,5.24097,5.00098,4.82477,4.58325,4.41788,4.21561,4.04628,3.87686,3.70908,3.55565,3.39413,3.25649,3.12128,2.99722,2.86121,2.75064,2.6364,2.52052,2.41986,2.32259,2.22889,2.13496,2.04898,1.96344,1.88211,1.80761,1.73407,1.66431,1.59606,1.52969,1.46898,1.41161,1.35591,1.3007,1.25015,1.20143,1.15355,1.10778,1.0641,1.02327,0.983575,0.945836,0.909981,0.874812,0.842077,0.810129,0.779975
0.3,29.1558,28.1875,27.0677,25.9437,24.8898,23.9483,23.1455,22.4983,21.7076,21.6127,21.8253,22.2056,23.4215,24.2123,25.9425,27.0295,27.0308,26.3158,25.2555,24.2561,23.5044,23.0817,23.0104,23.4807,23.9896,24.4173,24.2207,23.4642,22.6508,22.073,21.7625,21.7278,21.4999,21.0364,20.4125,19.235,17.9377,12.5874,11.3618,10.4568,9.80457,9.28193,8.84013,8.31292,8.04706,7.62901,7.25906,6.97286,6.62788,6.35497,6.07104,5.81271,5.57645,5.30787,5.06489,4.88649,4.64199,4.47458,4.26984,4.09844,3.92695,3.75713,3.60183,3.43835,3.29904,3.16219,3.03663,2.89897,2.78706,2.67144,2.55415,2.45228,2.35383,2.259,2.16393,2.07692,1.99034,1.90803,1.83263,1.7582,1.6876,1.61853,1.55135,1.4899,1.43185,1.37547,1.31959,1.26843,1.21912,1.17067,1.12434,1.08013,1.03881,0.998636,0.960441,0.924152,0.888559,0.855428,0.823094,0.792576
