,0.3231,0.34055,0.358,0.37545,0.3929,0.41035,0.4278,0.44525,0.48015,0.51505,0.5325,0.54995,0.58485,0.6023,0.6372,0.6721,0.68955,0.72445,0.75935,0.79425,0.82915,0.86405,0.89895,0.9513,0.9862,1.03855,1.07345,1.1258,1.17815,1.2305,1.3003,1.35265,1.42245,1.4748,1.52715,1.6144,1.6842,1.77145,1.84125,1.9285,2.01575,2.103,2.19025,2.3124,2.3822,2.50435,2.6265,2.7312,2.8708,2.99295,3.13255,3.27215,3.41175,3.58625,3.76075,3.90035,4.10975,4.2668,4.4762,4.66815,4.87755,5.1044,5.33125,5.593,5.8373,6.09905,6.3608,6.6749,6.9541,7.2682,7.6172,7.94875,8.29775,8.6642,9.06555,9.4669,9.90315,10.3568,10.8106,11.2992
1e-07,0.00033316,0.000583021,0.000762505,0.000851225,0.000877492,0.000845771,0.000753545,0.000622099,0.000364111,0.000200212,0.000150572,0.000115519,7.29484e-05,6.0039e-05,4.32677e-05,3.3373e-05,2.99093e-05,2.48007e-05,2.12645e-05,1.86986e-05,1.67621e-05,1.52521e-05,1.4042e-05,1.26164e-05,1.18519e-05,1.09021e-05,1.03689e-05,9.68155e-06,9.09881e-06,8.59636e-06,8.02213e-06,7.64794e-06,7.20822e-06,6.91488e-06,6.64749e-06,6.24986e-06,5.96773e-06,5.65189e-06,5.424e-06,5.16544e-06,4.93169e-06,4.71922e-06,4.52505e-06,4.27951e-06,4.1512e-06,3.94475e-06,3.75832e-06,3.61228e-06,3.43466e-06,3.2932e-06,3.14536e-06,3.01036e-06,2.88658e-06,2.7456e-06,2.61785e-06,2.52396e-06,2.39518e-06,2.30693e-06,2.19895e-06,2.10853e-06,2.01803e-06,1.92838e-06,1.84639e-06,1.76005e-06,1.68647e-06,1.61417e-06,1.54783e-06,1.47508e-06,1.41594e-06,1.35483e-06,1.29284e-06,1.239e-06,1.18695e-06,1.13682e-06,1.08656e-06,1.04055e-06,9.94783e-07,9.51259e-07,9.11388e-07,8.72028e-07
1.12e-07,0.00037314,0.000652985,0.000854011,0.00095338,0.000982796,0.000947271,0.000843976,0.000696755,0.000407807,0.000224239,0.000168641,0.000129381,8.17023e-05,6.72438e-05,4.84599e-05,3.73778e-05,3.34985e-05,2.77767e-05,2.38163e-05,2.09424e-05,1.87736e-05,1.70824e-05,1.5727e-05,1.41304e-05,1.32741e-05,1.22104e-05,1.16131e-05,1.08433e-05,1.01907e-05,9.62795e-06,8.98483e-06,8.56573e-06,8.07325e-06,7.74467e-06,7.44515e-06,6.99987e-06,6.68387e-06,6.3301e-06,6.07491e-06,5.78525e-06,5.52351e-06,5.2855e-06,5.06804e-06,4.79305e-06,4.64933e-06,4.4181e-06,4.20933e-06,4.04577e-06,3.84684e-06,3.68839e-06,3.52279e-06,3.37161e-06,3.23296e-06,3.07507e-06,2.93199e-06,2.82683e-06,2.68259e-06,2.58377e-06,2.46283e-06,2.36156e-06,2.2602e-06,2.15979e-06,2.06796e-06,1.97126e-06,1.88884e-06,1.80787e-06,1.73356e-06,1.6521e-06,1.58585e-06,1.51741e-06,1.44798e-06,1.38767e-06,1.32938e-06,1.27323e-06,1.21695e-06,1.16543e-06,1.11415e-06,1.06541e-06,1.02076e-06,9.76667e-07
1.25e-07,0.00041792,0.000731345,0.000956497,0.00106779,0.00110074,0.00106095,0.000945263,0.000780372,0.000456746,0.000251147,0.000188879,0.000144908,9.15065e-05,7.53131e-05,5.42751e-05,4.18631e-05,3.75183e-05,3.111e-05,2.66743e-05,2.34554e-05,2.10265e-05,1.91324e-05,1.76142e-05,1.58261e-05,1.4867e-05,1.36756e-05,1.30067e-05,1.21445e-05,1.14136e-05,1.07833e-05,1.0063e-05,9.59361e-06,9.04203e-06,8.67403e-06,8.33859e-06,7.83984e-06,7.4859e-06,7.08971e-06,6.80389e-06,6.47949e-06,6.1863e-06,5.91977e-06,5.67622e-06,5.36825e-06,5.20729e-06,4.94827e-06,4.71442e-06,4.53125e-06,4.30845e-06,4.13101e-06,3.94554e-06,3.7762e-06,3.62092e-06,3.44408e-06,3.28382e-06,3.16605e-06,3.0045e-06,2.8938e-06,2.75837e-06,2.64494e-06,2.53141e-06,2.41897e-06,2.31611e-06,2.20782e-06,2.11551e-06,2.02481e-06,1.94159e-06,1.85034e-06,1.77616e-06,1.69951e-06,1.62174e-06,1.55419e-06,1.48891e-06,1.42602e-06,1.36298e-06,1.30528e-06,1.24786e-06,1.19326e-06,1.14325e-06,1.09387e-06
1.4e-07,0.000468071,0.00081911,0.00107128,0.00119594,0.00123285,0.00118828,0.00105871,0.000874026,0.000511559,0.000281286,0.000211545,0.000162297,0.000102488,8.43509e-05,6.07881e-05,4.68867e-05,4.20206e-05,3.48433e-05,2.98753e-05,2.62702e-05,2.35496e-05,2.14283e-05,1.9728e-05,1.77253e-05,1.66511e-05,1.53167e-05,1.45675e-05,1.36019e-05,1.27833e-05,1.20773e-05,1.12706e-05,1.07448e-05,1.01271e-05,9.71493e-06,9.33925e-06,8.78065e-06,8.38426e-06,7.94048e-06,7.62037e-06,7.25703e-06,6.9287e-06,6.63015e-06,6.35737e-06,6.01244e-06,5.83217e-06,5.54211e-06,5.28018e-06,5.07501e-06,4.82547e-06,4.62674e-06,4.41899e-06,4.22935e-06,4.05544e-06,3.85737e-06,3.67789e-06,3.54599e-06,3.36504e-06,3.24107e-06,3.08939e-06,2.96233e-06,2.8352e-06,2.70925e-06,2.59404e-06,2.47276e-06,2.36936e-06,2.2678e-06,2.17458e-06,2.0724e-06,1.9893e-06,1.90345e-06,1.81636e-06,1.74069e-06,1.66758e-06,1.59715e-06,1.52654e-06,1.46192e-06,1.3976e-06,1.33645e-06,1.28044e-06,1.22514e-06
1.57e-07,0.000524238,0.000917407,0.00119984,0.00133946,0.0013808,0.00133089,0.00118576,0.000978917,0.000572949,0.000315041,0.000236929,0.000181773,0.000114786,9.44729e-05,6.80827e-05,5.25131e-05,4.70631e-05,3.90244e-05,3.34602e-05,2.94226e-05,2.63756e-05,2.39996e-05,2.20953e-05,1.98523e-05,1.86492e-05,1.71547e-05,1.63155e-05,1.52341e-05,1.43172e-05,1.35265e-05,1.2623e-05,1.20342e-05,1.13423e-05,1.08807e-05,1.04599e-05,9.83431e-06,9.39034e-06,8.89335e-06,8.53482e-06,8.12792e-06,7.76011e-06,7.42578e-06,7.12027e-06,6.7339e-06,6.53202e-06,6.20715e-06,5.91379e-06,5.68402e-06,5.40454e-06,5.18193e-06,4.94929e-06,4.73684e-06,4.54209e-06,4.32026e-06,4.11923e-06,3.97151e-06,3.76885e-06,3.63e-06,3.4601e-06,3.31782e-06,3.1754e-06,3.03436e-06,2.90533e-06,2.76948e-06,2.65368e-06,2.53994e-06,2.43554e-06,2.32108e-06,2.22801e-06,2.13186e-06,2.03432e-06,1.94958e-06,1.8677e-06,1.78881e-06,1.70972e-06,1.63734e-06,1.5653e-06,1.49682e-06,1.43408e-06,1.37215e-06
1.76e-07,0.000587149,0.0010275,0.00134383,0.00150021,0.00154651,0.00149061,0.00132807,0.0010964,0.000641706,0.000352847,0.000265362,0.000203585,0.000128561,0.00010581,7.62527e-05,5.88147e-05,5.27106e-05,4.37074e-05,3.74755e-05,3.29533e-05,2.95406e-05,2.68795e-05,2.47468e-05,2.22345e-05,2.08871e-05,1.92133e-05,1.82734e-05,1.70622e-05,1.60353e-05,1.51497e-05,1.41377e-05,1.34783e-05,1.27034e-05,1.21864e-05,1.17151e-05,1.10144e-05,1.05171e-05,9.96051e-06,9.55898e-06,9.10326e-06,8.69132e-06,8.31688e-06,7.97467e-06,7.54199e-06,7.31584e-06,6.95199e-06,6.62345e-06,6.3661e-06,6.05306e-06,5.80376e-06,5.5432e-06,5.30527e-06,5.08714e-06,4.83867e-06,4.61353e-06,4.44807e-06,4.22111e-06,4.06559e-06,3.87531e-06,3.71594e-06,3.55645e-06,3.39847e-06,3.25396e-06,3.10182e-06,2.97213e-06,2.84471e-06,2.7278e-06,2.59961e-06,2.49537e-06,2.38767e-06,2.27843e-06,2.18353e-06,2.09182e-06,2.00346e-06,1.91489e-06,1.83382e-06,1.75314e-06,1.67644e-06,1.60618e-06,1.53681e-06
1.97e-07,0.000657607,0.0011508,0.0015051,0.00168025,0.00173211,0.00166951,0.00148746,0.00122798,0.000718715,0.000395191,0.000297206,0.000228017,0.000143988,0.000118507,8.54031e-05,6.58724e-05,5.90359e-05,4.89523e-05,4.19725e-05,3.69076e-05,3.30854e-05,3.0105e-05,2.77164e-05,2.49026e-05,2.33935e-05,2.15189e-05,2.04662e-05,1.91096e-05,1.79595e-05,1.69677e-05,1.58343e-05,1.50957e-05,1.42278e-05,1.36487e-05,1.31209e-05,1.23361e-05,1.17792e-05,1.11558e-05,1.07061e-05,1.01956e-05,9.73431e-06,9.31489e-06,8.93164e-06,8.44703e-06,8.19373e-06,7.78623e-06,7.41825e-06,7.13002e-06,6.77944e-06,6.50021e-06,6.20837e-06,5.9419e-06,5.69758e-06,5.41933e-06,5.16717e-06,4.98184e-06,4.72764e-06,4.55347e-06,4.34035e-06,4.16186e-06,3.98323e-06,3.8063e-06,3.64444e-06,3.47403e-06,3.32878e-06,3.18608e-06,3.05513e-06,2.91155e-06,2.79482e-06,2.67419e-06,2.55184e-06,2.44556e-06,2.34283e-06,2.24388e-06,2.14468e-06,2.05387e-06,1.96352e-06,1.87761e-06,1.79892e-06,1.72122e-06
2.21e-07,0.000736522,0.00128891,0.00168573,0.0018819,0.00194,0.00186988,0.00166598,0.00137536,0.000804968,0.000442615,0.000332873,0.000255378,0.000161267,0.000132728,9.56516e-05,7.37772e-05,6.61204e-05,5.48266e-05,4.70093e-05,4.13367e-05,3.70558e-05,3.37177e-05,3.10424e-05,2.7891e-05,2.62008e-05,2.41011e-05,2.29222e-05,2.14028e-05,2.01146e-05,1.90038e-05,1.77344e-05,1.69072e-05,1.59352e-05,1.52866e-05,1.46955e-05,1.38165e-05,1.31928e-05,1.24945e-05,1.19908e-05,1.14191e-05,1.09024e-05,1.04327e-05,1.00035e-05,9.46065e-06,9.17702e-06,8.72058e-06,8.30843e-06,7.98563e-06,7.59295e-06,7.28024e-06,6.95337e-06,6.65494e-06,6.38131e-06,6.06965e-06,5.78722e-06,5.57965e-06,5.29497e-06,5.09988e-06,4.8612e-06,4.66129e-06,4.46121e-06,4.26306e-06,4.08178e-06,3.89092e-06,3.72824e-06,3.56843e-06,3.42176e-06,3.26094e-06,3.13019e-06,2.9951e-06,2.85807e-06,2.73902e-06,2.62398e-06,2.51315e-06,2.40204e-06,2.30034e-06,2.19915e-06,2.10293e-06,2.01478e-06,1.92777e-06
2.48e-07,0.000824907,0.00144358,0.00188804,0.00210776,0.00217283,0.0020943,0.00186593,0.00154042,0.000901572,0.000495732,0.000372819,0.000286025,0.00018062,0.000148656,0.00010713,8.26306e-05,7.40548e-05,6.14058e-05,5.26503e-05,4.6297e-05,4.15025e-05,3.77638e-05,3.47675e-05,3.1238e-05,2.93448e-05,2.69932e-05,2.56728e-05,2.39712e-05,2.25284e-05,2.12843e-05,1.98625e-05,1.89361e-05,1.78473e-05,1.7121e-05,1.64589e-05,1.54744e-05,1.47759e-05,1.39938e-05,1.34297e-05,1.27894e-05,1.22107e-05,1.16846e-05,1.12039e-05,1.05959e-05,1.02782e-05,9.76705e-06,9.30545e-06,8.9439e-06,8.50411e-06,8.15386e-06,7.78779e-06,7.45353e-06,7.14706e-06,6.79801e-06,6.48171e-06,6.24921e-06,5.93034e-06,5.71186e-06,5.44453e-06,5.22064e-06,4.99657e-06,4.77462e-06,4.5716e-06,4.35783e-06,4.17563e-06,3.99662e-06,3.83237e-06,3.65225e-06,3.50582e-06,3.35451e-06,3.20104e-06,3.0677e-06,2.93885e-06,2.81473e-06,2.69028e-06,2.57638e-06,2.46304e-06,2.35528e-06,2.25656e-06,2.1591e-06
2.77e-07,0.000923903,0.00161683,0.00211463,0.00236073,0.00243362,0.00234568,0.00208988,0.0017253,0.00100977,0.000555223,0.000417559,0.00032035,0.000202295,0.000166495,0.000119986,9.25464e-05,8.29415e-05,6.87747e-05,5.89685e-05,5.18528e-05,4.64828e-05,4.22956e-05,3.89396e-05,3.49866e-05,3.28664e-05,3.02325e-05,2.87536e-05,2.68478e-05,2.52319e-05,2.38384e-05,2.22461e-05,2.12084e-05,1.99891e-05,1.91755e-05,1.8434e-05,1.73314e-05,1.6549e-05,1.56731e-05,1.50413e-05,1.43242e-05,1.3676e-05,1.30868e-05,1.25483e-05,1.18675e-05,1.15117e-05,1.09391e-05,1.04221e-05,1.00172e-05,9.52462e-06,9.13235e-06,8.72234e-06,8.34798e-06,8.00472e-06,7.61378e-06,7.2595e-06,6.99914e-06,6.642e-06,6.3973e-06,6.0979e-06,5.84714e-06,5.59616e-06,5.34758e-06,5.12019e-06,4.88077e-06,4.67671e-06,4.47624e-06,4.29226e-06,4.09053e-06,3.92652e-06,3.75706e-06,3.58516e-06,3.43583e-06,3.29153e-06,3.1525e-06,3.01313e-06,2.88555e-06,2.75861e-06,2.63792e-06,2.52735e-06,2.4182e-06
3.11e-07,0.00103477,0.00181086,0.00236841,0.00264407,0.00272571,0.00262721,0.00234073,0.00193238,0.00113096,0.000621855,0.00046767,0.000358793,0.000226571,0.000186475,0.000134384,0.000103652,9.28947e-05,7.70277e-05,6.60449e-05,5.80753e-05,5.20608e-05,4.73711e-05,4.36125e-05,3.91849e-05,3.68103e-05,3.38604e-05,3.22041e-05,3.00695e-05,2.82598e-05,2.66991e-05,2.49157e-05,2.37535e-05,2.23878e-05,2.14767e-05,2.06461e-05,1.94112e-05,1.85349e-05,1.75539e-05,1.68462e-05,1.60431e-05,1.53171e-05,1.46572e-05,1.40541e-05,1.32916e-05,1.28931e-05,1.22518e-05,1.16728e-05,1.12193e-05,1.06676e-05,1.02282e-05,9.769e-06,9.34973e-06,8.96531e-06,8.52743e-06,8.13065e-06,7.83904e-06,7.43905e-06,7.165e-06,6.82965e-06,6.5488e-06,6.26771e-06,5.98929e-06,5.73461e-06,5.46647e-06,5.23793e-06,5.01338e-06,4.80733e-06,4.5814e-06,4.3977e-06,4.20791e-06,4.01539e-06,3.84814e-06,3.6865e-06,3.5308e-06,3.3747e-06,3.23182e-06,3.08964e-06,2.95448e-06,2.83064e-06,2.70839e-06
3.48e-07,0.00115895,0.00202818,0.00265266,0.00296141,0.00305286,0.00294255,0.00262167,0.00216431,0.00126669,0.000696482,0.000523793,0.000401851,0.000253759,0.000208852,0.000150511,0.000116091,0.000104042,8.62711e-05,7.39703e-05,6.50442e-05,5.83081e-05,5.30557e-05,4.88459e-05,4.38872e-05,4.12275e-05,3.79237e-05,3.60685e-05,3.36779e-05,3.16509e-05,2.99029e-05,2.79056e-05,2.66039e-05,2.50743e-05,2.40538e-05,2.31236e-05,2.17405e-05,2.07591e-05,1.96603e-05,1.88678e-05,1.79682e-05,1.71552e-05,1.64161e-05,1.57406e-05,1.48866e-05,1.44402e-05,1.3722e-05,1.30735e-05,1.25655e-05,1.19477e-05,1.14556e-05,1.09413e-05,1.04717e-05,1.00411e-05,9.55071e-06,9.10633e-06,8.77973e-06,8.33174e-06,8.02479e-06,7.64921e-06,7.33464e-06,7.01983e-06,6.70801e-06,6.42277e-06,6.12245e-06,5.86648e-06,5.61499e-06,5.38421e-06,5.13117e-06,4.92543e-06,4.71287e-06,4.49723e-06,4.30991e-06,4.12889e-06,3.95449e-06,3.77966e-06,3.61964e-06,3.46041e-06,3.30901e-06,3.17032e-06,3.03339e-06
3.9e-07,0.00129803,0.00227159,0.00297103,0.00331685,0.00341931,0.00329576,0.00293635,0.00242409,0.00141872,0.000780068,0.000586652,0.000450075,0.000284212,0.000233915,0.000168573,0.000130022,0.000116527,9.66239e-05,8.28468e-05,7.28497e-05,6.53053e-05,5.94224e-05,5.47075e-05,4.91537e-05,4.6175e-05,4.24746e-05,4.03968e-05,3.77192e-05,3.5449e-05,3.34913e-05,3.12542e-05,2.97964e-05,2.80833e-05,2.69404e-05,2.58985e-05,2.43495e-05,2.32502e-05,2.20196e-05,2.11319e-05,2.01244e-05,1.92139e-05,1.8386e-05,1.76296e-05,1.6673e-05,1.61731e-05,1.53687e-05,1.46424e-05,1.40735e-05,1.33814e-05,1.28303e-05,1.22543e-05,1.17283e-05,1.12461e-05,1.06968e-05,1.01991e-05,9.8333e-06,9.33157e-06,8.98776e-06,8.56712e-06,8.21481e-06,7.86221e-06,7.51297e-06,7.19351e-06,6.85714e-06,6.57047e-06,6.28879e-06,6.03032e-06,5.74692e-06,5.51649e-06,5.27842e-06,5.03691e-06,4.8271e-06,4.62435e-06,4.42904e-06,4.23323e-06,4.05401e-06,3.87566e-06,3.7061e-06,3.55076e-06,3.39741e-06
4.36e-07,0.0014538,0.0025442,0.0033276,0.00371493,0.00382972,0.00369135,0.00328881,0.00271503,0.00158898,0.000873683,0.000657054,0.000504086,0.000318317,0.000261986,0.000188801,0.000145624,0.000130511,0.000108219,9.27883e-05,8.15916e-05,7.31418e-05,6.6553e-05,6.12724e-05,5.50521e-05,5.17158e-05,4.75714e-05,4.52444e-05,4.22455e-05,3.97028e-05,3.75102e-05,3.50047e-05,3.33719e-05,3.14533e-05,3.01731e-05,2.90063e-05,2.72714e-05,2.60402e-05,2.46619e-05,2.36677e-05,2.25393e-05,2.15195e-05,2.05923e-05,1.9745e-05,1.86737e-05,1.81138e-05,1.72129e-05,1.63994e-05,1.57622e-05,1.49872e-05,1.43699e-05,1.37248e-05,1.31357e-05,1.25956e-05,1.19804e-05,1.1423e-05,1.10133e-05,1.04513e-05,1.00663e-05,9.59517e-06,9.20059e-06,8.80567e-06,8.41451e-06,8.05671e-06,7.68e-06,7.3589e-06,7.04344e-06,6.75395e-06,6.43654e-06,6.17846e-06,5.91181e-06,5.64133e-06,5.40635e-06,5.17928e-06,4.96052e-06,4.74121e-06,4.54048e-06,4.34073e-06,4.15083e-06,3.97684e-06,3.80509e-06
4.89e-07,0.00162827,0.00284953,0.00372699,0.00416086,0.00428943,0.00413447,0.0036836,0.00304093,0.0017797,0.000978534,0.000735906,0.000564581,0.000356517,0.000293424,0.000211457,0.000163099,0.000146173,0.000121205,0.000103923,9.13827e-05,8.19189e-05,7.45395e-05,6.86252e-05,6.16585e-05,5.79218e-05,5.328e-05,5.06738e-05,4.73149e-05,4.44673e-05,4.20115e-05,3.92053e-05,3.73766e-05,3.52277e-05,3.37939e-05,3.24871e-05,3.05439e-05,2.91651e-05,2.76214e-05,2.65079e-05,2.52441e-05,2.41019e-05,2.30634e-05,2.21145e-05,2.09146e-05,2.02875e-05,1.92785e-05,1.83674e-05,1.76537e-05,1.67857e-05,1.60943e-05,1.53717e-05,1.4712e-05,1.41071e-05,1.34181e-05,1.27938e-05,1.23349e-05,1.17055e-05,1.12743e-05,1.07466e-05,1.03047e-05,9.86237e-06,9.42427e-06,9.02354e-06,8.60161e-06,8.24198e-06,7.88866e-06,7.56444e-06,7.20893e-06,6.91988e-06,6.62124e-06,6.3183e-06,6.05512e-06,5.80079e-06,5.55579e-06,5.31016e-06,5.08534e-06,4.86162e-06,4.64892e-06,4.45407e-06,4.26171e-06
5.47e-07,0.00182367,0.00319153,0.00417431,0.00466029,0.00480434,0.0046308,0.00412578,0.00340598,0.00199331,0.00109597,0.000824224,0.000632336,0.000399302,0.000328638,0.000236834,0.000182673,0.000163713,0.000135751,0.000116394,0.000102349,9.17495e-05,8.34845e-05,7.68603e-05,6.90576e-05,6.48726e-05,5.96738e-05,5.67547e-05,5.29929e-05,4.98034e-05,4.7053e-05,4.39101e-05,4.18619e-05,3.94551e-05,3.78493e-05,3.63856e-05,3.42093e-05,3.26649e-05,3.0936e-05,2.96889e-05,2.82734e-05,2.69941e-05,2.58311e-05,2.47683e-05,2.34244e-05,2.2722e-05,2.15919e-05,2.05715e-05,1.97722e-05,1.88e-05,1.80257e-05,1.72164e-05,1.64775e-05,1.58e-05,1.50283e-05,1.4329e-05,1.38151e-05,1.31102e-05,1.26272e-05,1.20362e-05,1.15413e-05,1.10459e-05,1.05552e-05,1.01064e-05,9.63382e-06,9.23104e-06,8.83533e-06,8.47218e-06,8.07401e-06,7.75028e-06,7.4158e-06,7.0765e-06,6.78174e-06,6.4969e-06,6.2225e-06,5.94739e-06,5.69559e-06,5.44503e-06,5.20681e-06,4.98856e-06,4.77311e-06
6.13e-07,0.00204252,0.00357457,0.00467534,0.00521971,0.00538109,0.00518671,0.00462107,0.00381483,0.00223255,0.0012275,0.000923138,0.000708219,0.00044722,0.000368075,0.000265255,0.000204593,0.00018336,0.00015204,0.000130362,0.000114631,0.000102759,9.35026e-05,8.60835e-05,7.73445e-05,7.26573e-05,6.68346e-05,6.35653e-05,5.9352e-05,5.57798e-05,5.26993e-05,4.91792e-05,4.68853e-05,4.41896e-05,4.23911e-05,4.07519e-05,3.83143e-05,3.65847e-05,3.46483e-05,3.32515e-05,3.16662e-05,3.02334e-05,2.89308e-05,2.77404e-05,2.62353e-05,2.54487e-05,2.4183e-05,2.30401e-05,2.21449e-05,2.1056e-05,2.01888e-05,1.92823e-05,1.84547e-05,1.7696e-05,1.68317e-05,1.60485e-05,1.54729e-05,1.46834e-05,1.41425e-05,1.34805e-05,1.29262e-05,1.23714e-05,1.18218e-05,1.13191e-05,1.07899e-05,1.03388e-05,9.89555e-06,9.48883e-06,9.04289e-06,8.68032e-06,8.3057e-06,7.92567e-06,7.59554e-06,7.27652e-06,6.96919e-06,6.66107e-06,6.37906e-06,6.09842e-06,5.83162e-06,5.58719e-06,5.34588e-06
6.87e-07,0.00228765,0.00400359,0.00523654,0.00584628,0.0060271,0.0058094,0.00517587,0.00427278,0.00250052,0.00137483,0.00103393,0.000793213,0.00050089,0.000412245,0.000297085,0.000229145,0.000205363,0.000170286,0.000146005,0.000128387,0.000115091,0.000104723,9.64137e-05,8.66259e-05,8.13762e-05,7.48549e-05,7.11932e-05,6.64743e-05,6.24735e-05,5.90233e-05,5.50808e-05,5.25116e-05,4.94925e-05,4.74782e-05,4.56422e-05,4.29121e-05,4.09749e-05,3.88061e-05,3.72418e-05,3.54662e-05,3.38615e-05,3.24025e-05,3.10693e-05,2.93835e-05,2.85025e-05,2.70849e-05,2.58049e-05,2.48023e-05,2.35827e-05,2.26114e-05,2.15962e-05,2.06693e-05,1.98195e-05,1.88515e-05,1.79744e-05,1.73297e-05,1.64454e-05,1.58396e-05,1.50982e-05,1.44773e-05,1.38559e-05,1.32405e-05,1.26775e-05,1.20847e-05,1.15794e-05,1.1083e-05,1.06275e-05,1.01281e-05,9.72197e-06,9.30239e-06,8.87676e-06,8.50703e-06,8.14972e-06,7.80551e-06,7.46041e-06,7.14455e-06,6.83024e-06,6.53142e-06,6.25766e-06,5.9874e-06
7.69e-07,0.00256219,0.00448409,0.0058651,0.0065481,0.0067507,0.0065069,0.00579728,0.00478573,0.00280066,0.00153983,0.00115801,0.000888408,0.000560999,0.000461719,0.000332738,0.000256643,0.000230007,0.000190721,0.000163527,0.000143794,0.000128902,0.00011729,0.000107984,9.70213e-05,9.11416e-05,8.38375e-05,7.97366e-05,7.44514e-05,6.99704e-05,6.61062e-05,6.16905e-05,5.8813e-05,5.54316e-05,5.31756e-05,5.11193e-05,4.80616e-05,4.58919e-05,4.3463e-05,4.17108e-05,3.97222e-05,3.79249e-05,3.62909e-05,3.47977e-05,3.29096e-05,3.19229e-05,3.03352e-05,2.89016e-05,2.77786e-05,2.64127e-05,2.53249e-05,2.41878e-05,2.31497e-05,2.21979e-05,2.11137e-05,2.01313e-05,1.94093e-05,1.84189e-05,1.77403e-05,1.691e-05,1.62146e-05,1.55187e-05,1.48293e-05,1.41988e-05,1.35348e-05,1.2969e-05,1.2413e-05,1.19028e-05,1.13434e-05,1.08886e-05,1.04187e-05,9.94199e-06,9.52788e-06,9.1277e-06,8.74218e-06,8.35567e-06,8.00191e-06,7.64989e-06,7.31521e-06,7.00859e-06,6.7059e-06
8.61e-07,0.00286968,0.00502231,0.00656913,0.00733423,0.0075612,0.00728818,0.00649334,0.00536031,0.00313686,0.00172464,0.00129699,0.000995027,0.000628324,0.000517128,0.000372668,0.000287442,0.000257609,0.000213607,0.00018315,0.000161049,0.00014437,0.000131365,0.000120942,0.000108664,0.000102079,9.38977e-05,8.93046e-05,8.33855e-05,7.83669e-05,7.4039e-05,6.90934e-05,6.58706e-05,6.20835e-05,5.95567e-05,5.72536e-05,5.3829e-05,5.1399e-05,4.86785e-05,4.67161e-05,4.44889e-05,4.24759e-05,4.06458e-05,3.89734e-05,3.68588e-05,3.57537e-05,3.39754e-05,3.23697e-05,3.1112e-05,2.95822e-05,2.83639e-05,2.70904e-05,2.59276e-05,2.48616e-05,2.36474e-05,2.25471e-05,2.17384e-05,2.06292e-05,1.98692e-05,1.89393e-05,1.81604e-05,1.73809e-05,1.66089e-05,1.59026e-05,1.5159e-05,1.45253e-05,1.39026e-05,1.33312e-05,1.27047e-05,1.21952e-05,1.16689e-05,1.1135e-05,1.06712e-05,1.0223e-05,9.79125e-06,9.35836e-06,8.96215e-06,8.56787e-06,8.19303e-06,7.84962e-06,7.51061e-06
9.65e-07,0.00321407,0.00562512,0.00735771,0.00821477,0.00846909,0.00816335,0.00727302,0.0060039,0.00351341,0.00193163,0.00145266,0.00111445,0.000703728,0.000579187,0.00041739,0.000321936,0.000288523,0.000239241,0.000205129,0.000180376,0.000161695,0.000147129,0.000135455,0.000121704,0.000114328,0.000105166,0.000100022,9.33921e-05,8.77711e-05,8.2924e-05,7.73846e-05,7.37754e-05,6.95334e-05,6.67038e-05,6.41242e-05,6.02883e-05,5.7567e-05,5.45199e-05,5.23219e-05,4.98276e-05,4.75729e-05,4.55232e-05,4.36505e-05,4.12817e-05,4.00441e-05,3.80527e-05,3.62543e-05,3.48456e-05,3.31322e-05,3.17677e-05,3.03412e-05,2.9039e-05,2.7845e-05,2.64851e-05,2.52527e-05,2.43469e-05,2.31046e-05,2.22535e-05,2.12121e-05,2.03396e-05,1.94666e-05,1.86018e-05,1.7811e-05,1.69782e-05,1.62682e-05,1.55708e-05,1.4931e-05,1.42292e-05,1.36587e-05,1.30692e-05,1.24713e-05,1.19518e-05,1.14498e-05,1.09662e-05,1.04813e-05,1.00376e-05,9.59606e-06,9.17623e-06,8.79155e-06,8.41189e-06
1.08e-06,0.00359978,0.00630028,0.00824094,0.00920103,0.00948603,0.00914362,0.00814638,0.00672478,0.00393516,0.00216347,0.001627,0.00124819,0.000788179,0.000648691,0.000467477,0.000360568,0.000323146,0.000267949,0.000229743,0.00020202,0.000181098,0.000164784,0.000151709,0.000136307,0.000128048,0.000117785,0.000112024,0.000104599,9.83029e-05,9.2874e-05,8.66704e-05,8.26281e-05,7.7877e-05,7.47079e-05,7.18189e-05,6.75229e-05,6.4475e-05,6.10622e-05,5.86009e-05,5.58068e-05,5.32817e-05,5.09862e-05,4.88882e-05,4.62358e-05,4.48495e-05,4.26188e-05,4.06045e-05,3.90269e-05,3.71079e-05,3.55796e-05,3.3982e-05,3.25236e-05,3.11865e-05,2.96632e-05,2.82831e-05,2.72686e-05,2.58772e-05,2.49238e-05,2.37572e-05,2.27804e-05,2.18026e-05,2.08342e-05,1.99482e-05,1.90155e-05,1.82204e-05,1.74394e-05,1.67227e-05,1.59367e-05,1.52977e-05,1.46375e-05,1.39677e-05,1.33859e-05,1.28237e-05,1.22821e-05,1.17391e-05,1.12421e-05,1.07475e-05,1.02773e-05,9.84654e-06,9.42126e-06
1.21e-06,0.00403185,0.00705653,0.00923033,0.0103059,0.0106253,0.0102418,0.00912475,0.00753233,0.00440759,0.00242318,0.00182228,0.001398,0.000882772,0.000726542,0.000523579,0.000403839,0.000361926,0.000300106,0.000257315,0.000226264,0.000202831,0.000184559,0.000169915,0.000152666,0.000143413,0.00013192,0.000125468,0.000117151,0.0001101,0.00010402,9.70716e-05,9.25434e-05,8.72232e-05,8.36733e-05,8.04375e-05,7.56262e-05,7.22123e-05,6.83898e-05,6.56328e-05,6.2504e-05,5.9676e-05,5.71044e-05,5.4755e-05,5.17841e-05,5.02313e-05,4.77332e-05,4.54772e-05,4.37104e-05,4.1561e-05,3.98494e-05,3.806e-05,3.64265e-05,3.49288e-05,3.3223e-05,3.16772e-05,3.0541e-05,2.89826e-05,2.79149e-05,2.66084e-05,2.55141e-05,2.44189e-05,2.33343e-05,2.23421e-05,2.12975e-05,2.0407e-05,1.95322e-05,1.87294e-05,1.78491e-05,1.71335e-05,1.63941e-05,1.56439e-05,1.49923e-05,1.43627e-05,1.37561e-05,1.31479e-05,1.25912e-05,1.20373e-05,1.15106e-05,1.10282e-05,1.05519e-05
1.36e-06,0.00451572,0.00790356,0.0103385,0.0115434,0.0119013,0.0114719,0.0102207,0.00843688,0.00493673,0.00271402,0.00204099,0.00156578,0.000988714,0.000813733,0.000586411,0.000452302,0.000405358,0.000336119,0.000288193,0.000253416,0.000227171,0.000206706,0.000190305,0.000170986,0.000160624,0.000147751,0.000140523,0.000131209,0.000123312,0.000116502,0.00010872,0.000103649,9.76894e-05,9.37138e-05,9.00896e-05,8.47013e-05,8.08773e-05,7.65966e-05,7.35091e-05,7.0004e-05,6.68369e-05,6.39571e-05,6.13256e-05,5.7998e-05,5.62591e-05,5.3461e-05,5.09347e-05,4.89556e-05,4.65481e-05,4.46311e-05,4.26275e-05,4.07976e-05,3.91203e-05,3.72097e-05,3.54784e-05,3.42059e-05,3.24606e-05,3.12647e-05,2.98012e-05,2.85758e-05,2.73492e-05,2.61343e-05,2.50232e-05,2.38531e-05,2.28558e-05,2.1876e-05,2.09769e-05,1.99911e-05,1.91894e-05,1.83613e-05,1.75213e-05,1.67914e-05,1.60862e-05,1.54067e-05,1.47255e-05,1.41021e-05,1.34818e-05,1.28919e-05,1.23515e-05,1.18181e-05
1.52e-06,0.0050577,0.00885234,0.0115798,0.0129297,0.0133309,0.01285,0.0114484,0.0094502,0.00552947,0.00303981,0.00228597,0.00175372,0.00110738,0.000911393,0.000656787,0.000506582,0.000454004,0.000376455,0.000322778,0.000283827,0.000254433,0.000231513,0.000213143,0.000191505,0.000179899,0.000165482,0.000157387,0.000146955,0.00013811,0.000130482,0.000121767,0.000116087,0.000109413,0.00010496,0.000100901,9.48658e-05,9.05831e-05,8.57889e-05,8.23305e-05,7.84048e-05,7.48572e-05,7.16322e-05,6.86847e-05,6.49581e-05,6.30106e-05,5.98765e-05,5.70467e-05,5.48302e-05,5.21342e-05,4.9987e-05,4.77428e-05,4.56936e-05,4.38149e-05,4.16751e-05,3.97358e-05,3.83107e-05,3.63557e-05,3.50165e-05,3.33775e-05,3.20051e-05,3.06313e-05,2.92707e-05,2.80261e-05,2.67155e-05,2.55985e-05,2.45013e-05,2.34942e-05,2.23901e-05,2.14924e-05,2.05647e-05,1.96239e-05,1.88064e-05,1.80165e-05,1.72556e-05,1.64927e-05,1.57945e-05,1.50996e-05,1.4439e-05,1.38338e-05,1.32364e-05
1.7e-06,0.00566476,0.00991509,0.0129703,0.0144826,0.0149323,0.0143939,0.0128238,0.0105854,0.00619343,0.00340471,0.00256037,0.00196421,0.00124028,0.00102077,0.000735612,0.000567378,0.00050849,0.000421634,0.000361514,0.000317889,0.000284967,0.000259296,0.000238721,0.000214487,0.000201488,0.000185341,0.000176275,0.00016459,0.000154685,0.000146142,0.00013638,0.000130018,0.000122543,0.000117555,0.00011301,0.00010625,0.000101454,9.60838e-05,9.22106e-05,8.78141e-05,8.38406e-05,8.02285e-05,7.69274e-05,7.27537e-05,7.05722e-05,6.70621e-05,6.38928e-05,6.14104e-05,5.83908e-05,5.59857e-05,5.34722e-05,5.11771e-05,4.90729e-05,4.66762e-05,4.45044e-05,4.29081e-05,4.07189e-05,3.92186e-05,3.73831e-05,3.58459e-05,3.43072e-05,3.27832e-05,3.13893e-05,2.99215e-05,2.86705e-05,2.74415e-05,2.63137e-05,2.5077e-05,2.40716e-05,2.30327e-05,2.19788e-05,2.10633e-05,2.01787e-05,1.93264e-05,1.84719e-05,1.76899e-05,1.69117e-05,1.61717e-05,1.54939e-05,1.48247e-05
1.9e-06,0.00634467,0.0111054,0.0145279,0.0162222,0.0167263,0.0161233,0.0143645,0.011857,0.00693715,0.00381344,0.0028677,0.00219997,0.00138914,0.00114328,0.000823893,0.000635469,0.000569513,0.000472233,0.000404898,0.000356037,0.000319165,0.000290413,0.000267369,0.000240225,0.000225667,0.000207582,0.000197428,0.000184341,0.000173247,0.000163679,0.000152746,0.000145621,0.000137249,0.000131662,0.000126571,0.000119,0.000113628,0.000107614,0.000103276,9.83522e-05,9.39016e-05,8.9856e-05,8.6159e-05,8.14841e-05,7.9041e-05,7.51099e-05,7.15603e-05,6.87795e-05,6.53976e-05,6.27044e-05,5.9889e-05,5.73184e-05,5.49618e-05,5.22775e-05,4.98451e-05,4.80572e-05,4.56051e-05,4.3925e-05,4.18691e-05,4.01475e-05,3.84243e-05,3.67173e-05,3.5156e-05,3.35123e-05,3.21112e-05,3.07346e-05,2.94714e-05,2.80864e-05,2.69602e-05,2.57967e-05,2.46163e-05,2.3591e-05,2.26001e-05,2.16455e-05,2.06886e-05,1.98127e-05,1.89411e-05,1.81124e-05,1.73532e-05,1.66037e-05
2.13e-06,0.00710621,0.0124387,0.0162726,0.018171,0.0187361,0.0180609,0.0160907,0.0132815,0.00777022,0.00427126,0.00321194,0.00246403,0.00155586,0.00128049,0.00092277,0.00071173,0.000637859,0.000528904,0.000453488,0.000398764,0.000357465,0.000325263,0.000299454,0.000269054,0.000252748,0.000232492,0.00022112,0.000206463,0.000194037,0.000183321,0.000171075,0.000163096,0.000153719,0.000147462,0.00014176,0.000133281,0.000127264,0.000120528,0.000115669,0.000110154,0.00010517,0.000100639,9.64982e-05,9.12622e-05,8.85258e-05,8.41231e-05,8.01475e-05,7.70334e-05,7.32455e-05,7.02289e-05,6.70758e-05,6.41969e-05,6.15574e-05,5.85509e-05,5.58266e-05,5.38241e-05,5.10778e-05,4.9196e-05,4.68935e-05,4.49651e-05,4.30351e-05,4.11234e-05,3.93748e-05,3.75338e-05,3.59645e-05,3.44228e-05,3.3008e-05,3.14567e-05,3.01954e-05,2.88923e-05,2.75704e-05,2.64219e-05,2.53122e-05,2.42431e-05,2.31712e-05,2.21903e-05,2.12141e-05,2.02859e-05,1.94356e-05,1.85963e-05
2.39e-06,0.00795916,0.0139322,0.018227,0.0203541,0.0209878,0.0202318,0.0180246,0.0148775,0.00870344,0.00478404,0.00359753,0.0027598,0.0017426,0.00143418,0.00103351,0.000797145,0.000714408,0.000592377,0.000507909,0.000446617,0.000400363,0.000364296,0.000335391,0.000301341,0.000283079,0.000260392,0.000247655,0.000231239,0.000217322,0.00020532,0.000191605,0.000182668,0.000172166,0.000165158,0.000158772,0.000149275,0.000142536,0.000134992,0.00012955,0.000123373,0.000117791,0.000112716,0.000108078,0.000102214,9.91494e-05,9.42181e-05,8.97654e-05,8.62775e-05,8.20352e-05,7.86567e-05,7.5125e-05,7.19007e-05,6.89444e-05,6.55771e-05,6.25258e-05,6.02833e-05,5.72074e-05,5.50998e-05,5.25209e-05,5.03611e-05,4.81996e-05,4.60584e-05,4.41e-05,4.2038e-05,4.02804e-05,3.85536e-05,3.6969e-05,3.52316e-05,3.3819e-05,3.23594e-05,3.08789e-05,2.95927e-05,2.83497e-05,2.71524e-05,2.59519e-05,2.48531e-05,2.37598e-05,2.27203e-05,2.1768e-05,2.08279e-05
2.67e-06,0.00891452,0.015605,0.0204164,0.0227999,0.0235105,0.022664,0.0201913,0.0166655,0.00974881,0.00535843,0.00402938,0.00309107,0.00195175,0.0016063,0.00115755,0.000892811,0.000800143,0.000663467,0.000568861,0.000500214,0.000448409,0.000408013,0.000375638,0.000337503,0.000317048,0.00029164,0.000277374,0.000258988,0.0002434,0.000229958,0.000214598,0.000204588,0.000192825,0.000184978,0.000177824,0.000167188,0.00015964,0.000151191,0.000145096,0.000138178,0.000131926,0.000126242,0.000121048,0.00011448,0.000111047,0.000105524,0.000100537,9.66308e-05,9.18795e-05,8.80955e-05,8.41401e-05,8.05289e-05,7.72179e-05,7.34465e-05,7.0029e-05,6.75173e-05,6.40723e-05,6.17118e-05,5.88234e-05,5.64044e-05,5.39835e-05,5.15855e-05,4.9392e-05,4.70825e-05,4.5114e-05,4.318e-05,4.14053e-05,3.94595e-05,3.78772e-05,3.62425e-05,3.45844e-05,3.31438e-05,3.17517e-05,3.04106e-05,2.90662e-05,2.78356e-05,2.6611e-05,2.54468e-05,2.43802e-05,2.33272e-05
3e-06,0.00998463,0.0174789,0.022869,0.0255399,0.026337,0.0253893,0.0226191,0.0186687,0.0109199,0.00600184,0.00451315,0.00346215,0.00218602,0.00179909,0.00129648,0.000999961,0.000896172,0.00074309,0.00063713,0.000560244,0.000502221,0.000456978,0.000420717,0.000378005,0.000355096,0.000326638,0.00031066,0.000290068,0.00027261,0.000257555,0.000240351,0.000229139,0.000215965,0.000207175,0.000199164,0.000187251,0.000178798,0.000169334,0.000162508,0.00015476,0.000147758,0.000141392,0.000135574,0.000128218,0.000124373,0.000118188,0.000112602,0.000108227,0.000102906,9.86671e-05,9.42374e-05,9.01925e-05,8.64841e-05,8.22603e-05,7.84329e-05,7.56196e-05,7.17611e-05,6.91174e-05,6.58825e-05,6.31733e-05,6.04618e-05,5.7776e-05,5.53192e-05,5.27326e-05,5.05279e-05,4.83619e-05,4.63742e-05,4.41947e-05,4.24227e-05,4.05918e-05,3.87346e-05,3.71212e-05,3.5562e-05,3.40601e-05,3.25542e-05,3.11759e-05,2.98044e-05,2.85005e-05,2.73059e-05,2.61266e-05
3.36e-06,0.0111832,0.0195781,0.0256167,0.0286101,0.0295041,0.0284428,0.0253394,0.0209132,0.0122319,0.00672256,0.00505499,0.00387777,0.0024484,0.00201505,0.00145208,0.00111997,0.00100372,0.000832269,0.000713593,0.000627479,0.000562492,0.000511819,0.000471206,0.000423368,0.00039771,0.000365837,0.000347941,0.000324878,0.000305325,0.000288462,0.000269194,0.000256637,0.000241882,0.000232037,0.000223065,0.000209722,0.000200255,0.000189656,0.00018201,0.000173332,0.000165489,0.000158359,0.000151844,0.000143605,0.000139299,0.000132371,0.000126115,0.000121215,0.000115255,0.000110508,0.000105546,0.000101016,9.68626e-05,9.21319e-05,8.78452e-05,8.46944e-05,8.03728e-05,7.74119e-05,7.37888e-05,7.07543e-05,6.77175e-05,6.47094e-05,6.19577e-05,5.90607e-05,5.65915e-05,5.41655e-05,5.19393e-05,4.94983e-05,4.75137e-05,4.5463e-05,4.3383e-05,4.15759e-05,3.98297e-05,3.81475e-05,3.64609e-05,3.49172e-05,3.33811e-05,3.19207e-05,3.05827e-05,2.92619e-05
3.76e-06,0.0125257,0.0219295,0.0286949,0.0320496,0.0330529,0.0318647,0.0283874,0.0234281,0.0137016,0.00752987,0.00566194,0.0043433,0.00274231,0.00225691,0.00162635,0.00125439,0.00112419,0.000932153,0.000799232,0.000702782,0.000629996,0.000573241,0.000527754,0.000474175,0.000445437,0.00040974,0.000389696,0.000363865,0.000341965,0.000323079,0.000301498,0.000287435,0.000270909,0.000259883,0.000249833,0.00023489,0.000224286,0.000212415,0.000203852,0.000194133,0.000185349,0.000177363,0.000170066,0.000160838,0.000156015,0.000148256,0.000141249,0.000135761,0.000129086,0.000123769,0.000118212,0.000113138,0.000108487,0.000103188,9.83869e-05,9.48582e-05,9.00179e-05,8.67015e-05,8.26436e-05,7.92452e-05,7.58439e-05,7.24747e-05,6.93929e-05,6.61482e-05,6.33827e-05,6.06656e-05,5.81722e-05,5.54383e-05,5.32155e-05,5.09188e-05,4.85891e-05,4.65652e-05,4.46094e-05,4.27253e-05,4.08363e-05,3.91074e-05,3.7387e-05,3.57513e-05,3.42528e-05,3.27734e-05
4.21e-06,0.0140295,0.0245635,0.0321438,0.0359038,0.0370296,0.0356996,0.0318033,0.0262463,0.0153483,0.00843423,0.00634181,0.00486477,0.00307149,0.00252781,0.00182157,0.00140494,0.00125911,0.00104402,0.000895151,0.000787124,0.000705601,0.000642035,0.000591089,0.000531079,0.000498893,0.000458911,0.000436462,0.000407531,0.000383003,0.000361851,0.00033768,0.000321929,0.00030342,0.00029107,0.000279815,0.000263078,0.000251201,0.000237906,0.000228315,0.00021743,0.000207591,0.000198648,0.000190474,0.000180139,0.000174738,0.000166047,0.0001582,0.000152053,0.000144577,0.000138622,0.000132398,0.000126716,0.000121506,0.000115571,0.000110194,0.000106242,0.000100821,9.71063e-05,9.25613e-05,8.87551e-05,8.49455e-05,8.11721e-05,7.77205e-05,7.40864e-05,7.0989e-05,6.79458e-05,6.51532e-05,6.20912e-05,5.96016e-05,5.70293e-05,5.442e-05,5.21533e-05,4.99628e-05,4.78525e-05,4.57369e-05,4.38005e-05,4.18736e-05,4.00417e-05,3.83633e-05,3.67064e-05
4.71e-06,0.0157139,0.0275144,0.0360075,0.0402226,0.0414863,0.0399972,0.0356317,0.0294042,0.0171932,0.00944731,0.0071034,0.00544887,0.00344021,0.00283124,0.00204019,0.00157357,0.00141022,0.00116933,0.00100258,0.000881589,0.000790282,0.000719086,0.000662025,0.000594814,0.000558764,0.000513984,0.000488841,0.000456438,0.000428966,0.000405275,0.000378204,0.000360563,0.000339832,0.000326001,0.000313394,0.000294649,0.000281348,0.000266456,0.000255714,0.000243523,0.000232504,0.000222486,0.000213332,0.000201757,0.000195708,0.000185974,0.000177185,0.000170301,0.000161927,0.000155257,0.000148287,0.000141922,0.000136087,0.00012944,0.000123418,0.000118991,0.00011292,0.00010876,0.000103669,9.94062e-05,9.51394e-05,9.09132e-05,8.70476e-05,8.29773e-05,7.95081e-05,7.60998e-05,7.29719e-05,6.95425e-05,6.67542e-05,6.38732e-05,6.09508e-05,5.8412e-05,5.59586e-05,5.35951e-05,5.12256e-05,4.90569e-05,4.68987e-05,4.48469e-05,4.29671e-05,4.11115e-05
5.28e-06,0.0176007,0.03082,0.040337,0.0450622,0.0464811,0.0448142,0.0399223,0.0329434,0.0192602,0.0105822,0.0079565,0.00610315,0.00385319,0.00317111,0.00228509,0.00176242,0.00157948,0.00130967,0.00112291,0.000987392,0.000885126,0.000805384,0.000741475,0.000666196,0.000625822,0.000575666,0.000547506,0.000511214,0.000480445,0.000453911,0.000423591,0.000403833,0.000380615,0.000365124,0.000351004,0.000330009,0.000315111,0.000298432,0.000286402,0.000272747,0.000260406,0.000249186,0.000238934,0.00022597,0.000219194,0.000208292,0.000198448,0.000190738,0.000181359,0.000173889,0.000166082,0.000158954,0.000152418,0.000144974,0.000138229,0.000133271,0.000126471,0.000121811,0.00011611,0.000111335,0.000106557,0.000101823,9.74938e-05,9.29351e-05,8.90495e-05,8.52321e-05,8.17291e-05,7.78881e-05,7.47652e-05,7.15384e-05,6.82653e-05,6.54219e-05,6.2674e-05,6.00269e-05,5.7373e-05,5.4944e-05,5.25268e-05,5.02288e-05,4.81235e-05,4.60451e-05
5.91e-06,0.0197141,0.0345237,0.045188,0.0504858,0.0520797,0.0502137,0.0447315,0.0369099,0.0215762,0.0118536,0.00891215,0.00683605,0.00431579,0.00355177,0.00255938,0.00197397,0.00176906,0.00146685,0.00125768,0.0011059,0.000991355,0.000902042,0.000830461,0.000746148,0.000700926,0.000644752,0.000613212,0.000572564,0.000538103,0.000508385,0.000474426,0.000452296,0.000426291,0.000408941,0.000393128,0.000369613,0.000352927,0.000334247,0.000320772,0.000305479,0.000291657,0.000279091,0.000267608,0.000253087,0.000245499,0.000233289,0.000222264,0.000213628,0.000203124,0.000194758,0.000186014,0.00017803,0.00017071,0.000162373,0.000154817,0.000149265,0.000141648,0.00013643,0.000130045,0.000124697,0.000119345,0.000114043,0.000109194,0.000104088,9.97363e-05,9.54608e-05,9.15372e-05,8.72353e-05,8.37375e-05,8.01236e-05,7.64576e-05,7.3273e-05,7.01955e-05,6.72307e-05,6.42583e-05,6.15377e-05,5.88305e-05,5.62567e-05,5.38986e-05,5.15709e-05
6.62e-06,0.0220814,0.0386726,0.0506237,0.0565642,0.0583549,0.0562667,0.0501226,0.0413558,0.0241714,0.0132779,0.00998269,0.00765701,0.00483395,0.00397817,0.00286659,0.0022109,0.0019814,0.00164291,0.00140862,0.00123862,0.00111033,0.0010103,0.000930127,0.000835694,0.000785045,0.000722128,0.000686803,0.000641277,0.00060268,0.000569395,0.000531361,0.000506575,0.00047745,0.000458017,0.000440306,0.000413969,0.000395281,0.000374359,0.000359268,0.000342139,0.000326658,0.000312583,0.000299722,0.00028346,0.000274961,0.000261285,0.000248937,0.000239265,0.0002275,0.00021813,0.000208336,0.000199395,0.000191196,0.000181858,0.000173396,0.000167177,0.000158647,0.000152802,0.000145651,0.000139661,0.000133667,0.000127729,0.000122298,0.000116579,0.000111705,0.000106917,0.000102522,9.77041e-05,9.37866e-05,8.97391e-05,8.56331e-05,8.20663e-05,7.86194e-05,7.52988e-05,7.19698e-05,6.89227e-05,6.58906e-05,6.30079e-05,6.03669e-05,5.77598e-05
7.42e-06,0.0247334,0.0433214,0.0567151,0.0633775,0.0653902,0.063053,0.0561666,0.0463394,0.0270796,0.0148736,0.011182,0.00857669,0.00541436,0.00445578,0.00321071,0.00247628,0.00221923,0.0018401,0.00157769,0.00138728,0.00124359,0.00113156,0.00104176,0.000935989,0.000879261,0.000808793,0.000769227,0.000718238,0.000675008,0.000637729,0.00059513,0.00056737,0.000534749,0.000512985,0.000493147,0.00046365,0.000442719,0.000419286,0.000402383,0.000383199,0.00036586,0.000350097,0.000335692,0.000317478,0.000307959,0.000292642,0.000278812,0.000267979,0.000254802,0.000244308,0.000233339,0.000223324,0.000214142,0.000203683,0.000194206,0.00018724,0.000177686,0.00017114,0.00016313,0.000156422,0.000149708,0.000143058,0.000136975,0.00013057,0.000125111,0.000119748,0.000114826,0.00010943,0.000105042,0.000100509,9.59099e-05,9.19151e-05,8.80545e-05,8.43354e-05,8.06069e-05,7.71941e-05,7.37981e-05,7.05695e-05,6.76116e-05,6.46915e-05
8.31e-06,0.027704,0.04853,0.0635416,0.0710146,0.0732777,0.0706621,0.0629435,0.0519264,0.0303388,0.0166615,0.0125256,0.0096069,0.00606451,0.00499077,0.00359615,0.00277354,0.00248561,0.00206097,0.00176705,0.00155379,0.00139285,0.00126736,0.00116678,0.00104832,0.000984789,0.000905859,0.000861544,0.000804435,0.000756016,0.000714263,0.000666552,0.00063546,0.000598924,0.000574548,0.00055233,0.000519292,0.000495849,0.000469605,0.000450673,0.000429186,0.000409767,0.000392112,0.000375979,0.000355578,0.000344917,0.000327762,0.000312272,0.000300139,0.000285381,0.000273627,0.000261342,0.000250125,0.000239841,0.000228127,0.000217512,0.000209711,0.00019901,0.000191679,0.000182708,0.000175194,0.000167674,0.000160226,0.000153413,0.00014624,0.000140126,0.000134119,0.000128606,0.000122562,0.000117648,0.000112571,0.00010742,0.000102946,9.86219e-05,9.44565e-05,9.02805e-05,8.64582e-05,8.26546e-05,7.90385e-05,7.57256e-05,7.24552e-05
9.31e-06,0.0310319,0.054366,0.0711927,0.0795767,0.0821224,0.0791957,0.0705428,0.0581907,0.0339913,0.0186646,0.0140308,0.010761,0.00679277,0.00559003,0.00402788,0.00310648,0.00278398,0.00230836,0.00197916,0.00174029,0.00156003,0.00141947,0.00130682,0.00117414,0.00110297,0.00101457,0.000964939,0.000900982,0.000846746,0.000799982,0.000746549,0.000711722,0.000670804,0.0006435,0.000618616,0.000581614,0.000555357,0.000525963,0.000504759,0.000480694,0.000458944,0.00043917,0.000421101,0.000398252,0.000386311,0.000367098,0.000349749,0.000336159,0.00031963,0.000306466,0.000292706,0.000280143,0.000268625,0.000255505,0.000243617,0.000234879,0.000222894,0.000214683,0.000204635,0.00019622,0.000187797,0.000179455,0.000171825,0.00016379,0.000156942,0.000150215,0.000144041,0.000137271,0.000131767,0.000126081,0.000120312,0.0001153,0.000110458,0.000105792,0.000101115,9.68342e-05,9.25741e-05,8.85241e-05,8.48136e-05,8.11506e-05
1.04e-05,0.0347599,0.0609055,0.0797685,0.0891759,0.0920413,0.0887668,0.0790659,0.0652148,0.0380853,0.020909,0.0157172,0.012054,0.00760856,0.00626128,0.00451147,0.0034794,0.00311817,0.00258544,0.00221671,0.00194916,0.00174727,0.00158984,0.00146367,0.00131505,0.00123535,0.00113634,0.00108075,0.00100911,0.00094837,0.000895991,0.00083614,0.000797136,0.000751306,0.00072073,0.00069286,0.000651415,0.000622006,0.000589083,0.000565338,0.000538381,0.000514024,0.000491875,0.000471637,0.000446049,0.000432671,0.000411155,0.000391722,0.000376502,0.000357991,0.000343245,0.000327835,0.000313762,0.000300863,0.000286169,0.000272853,0.000263068,0.000249644,0.000240446,0.000229194,0.000219767,0.000210336,0.000200992,0.000192445,0.000183447,0.000175778,0.000168242,0.000161327,0.000153745,0.000147581,0.000141212,0.000134751,0.000129138,0.000123714,0.000118489,0.00011325,0.000108455,0.000103684,9.91484e-05,9.49926e-05,9.08899e-05
1.17e-05,0.0389362,0.0682337,0.0893817,0.0999402,0.103167,0.0995042,0.0886268,0.0730926,0.0426744,0.0234242,0.0176067,0.0135025,0.00852241,0.00701318,0.00505313,0.0038971,0.00349251,0.0028958,0.0024828,0.00218312,0.00195699,0.00178065,0.00163934,0.00147288,0.00138362,0.00127272,0.00121045,0.00113022,0.00106219,0.00100353,0.000936494,0.000892807,0.000841477,0.000807229,0.000776012,0.000729595,0.000696656,0.000659786,0.000633186,0.000602999,0.000575714,0.000550908,0.000528241,0.000499577,0.0004846,0.000460498,0.000438735,0.000421689,0.000400954,0.000384439,0.000367178,0.000351421,0.00033697,0.000320513,0.000305599,0.000294639,0.000279604,0.000269304,0.000256699,0.000246144,0.000235579,0.000225115,0.000215541,0.000205464,0.000196873,0.000188433,0.000180689,0.000172196,0.000165292,0.00015816,0.000150923,0.000144636,0.000138562,0.000132709,0.000126842,0.000121471,0.000116128,0.000111047,0.000106393,0.000101798
1.31e-05,0.043615,0.0764462,0.100159,0.112012,0.115649,0.111552,0.0993537,0.0819292,0.0478193,0.0262424,0.0197238,0.0151253,0.00954615,0.0078555,0.00565992,0.00436501,0.00391181,0.00324344,0.00278083,0.00244518,0.00219189,0.00199439,0.0018361,0.00164967,0.00154968,0.00142547,0.00135574,0.00126587,0.00118967,0.00112397,0.00104889,0.000999966,0.000942472,0.000904109,0.000869147,0.000817161,0.000780269,0.000738968,0.000709177,0.000675367,0.00064481,0.000617025,0.000591639,0.000559537,0.000542759,0.000515768,0.000491391,0.000472299,0.000449074,0.000430579,0.000411247,0.000393595,0.000377413,0.000358981,0.000342277,0.000330002,0.000313163,0.000301625,0.000287508,0.000275686,0.000263853,0.000252132,0.000241411,0.000230123,0.000220501,0.000211049,0.000202375,0.000192864,0.00018513,0.000177141,0.000169036,0.000161995,0.000155191,0.000148637,0.000142066,0.000136051,0.000130065,0.000124375,0.000119162,0.000114016
1.46e-05,0.0488573,0.0856508,0.112243,0.125554,0.129655,0.125073,0.111391,0.091843,0.0535873,0.0294011,0.0220961,0.0169436,0.010693,0.00879907,0.00633959,0.0048891,0.00438147,0.00363283,0.00311467,0.0027387,0.002455,0.00223379,0.0020565,0.00184768,0.00173569,0.00159657,0.00151847,0.00141781,0.00133247,0.00125887,0.00117478,0.00111998,0.00105559,0.00101262,0.000973466,0.000915236,0.000873918,0.000827664,0.000794297,0.000756426,0.000722202,0.000691085,0.00066265,0.000626695,0.000607902,0.00057767,0.000550368,0.000528984,0.000502973,0.000482257,0.000460606,0.000440837,0.000422711,0.000402067,0.000383359,0.000369609,0.000350749,0.000337828,0.000322015,0.000308772,0.00029552,0.000282392,0.000270385,0.000257743,0.000246967,0.000236379,0.000226664,0.000216012,0.00020735,0.000198402,0.000189324,0.000181438,0.000173818,0.000166476,0.000159116,0.00015238,0.000145675,0.000139302,0.000133464,0.0001277
1.64e-05,0.0547303,0.0959672,0.125792,0.140745,0.145373,0.140251,0.124903,0.102967,0.0600553,0.0329408,0.0247542,0.0189808,0.0119778,0.00985608,0.00710094,0.00547617,0.00490755,0.00406897,0.00348859,0.00306747,0.0027497,0.00250192,0.00230335,0.00206946,0.00194401,0.0017882,0.00170071,0.00158797,0.00149239,0.00140996,0.00131578,0.0012544,0.00118228,0.00113416,0.0010903,0.00102508,0.000978807,0.000926999,0.000889627,0.000847214,0.000808878,0.000774027,0.00074218,0.000701911,0.000680863,0.000647,0.000616424,0.000592473,0.000563342,0.000540137,0.000515889,0.000493745,0.000473445,0.000450322,0.000429369,0.000413968,0.000392846,0.000378373,0.000360664,0.000345832,0.000330988,0.000316286,0.000302836,0.000288676,0.000276607,0.00026475,0.000253869,0.000241938,0.000232236,0.000222214,0.000212047,0.000203214,0.000194679,0.000186456,0.000178213,0.000170668,0.00016316,0.000156021,0.000149482,0.000143026
1.84e-05,0.0613106,0.107531,0.140988,0.157791,0.163019,0.157293,0.140072,0.115452,0.0673084,0.0369083,0.0277331,0.0212635,0.0134172,0.0110402,0.00795377,0.00613375,0.00549681,0.00455749,0.0039074,0.00343572,0.00307977,0.00280225,0.00257982,0.00231786,0.00217736,0.00200283,0.00190484,0.00177857,0.00167151,0.00157919,0.0014737,0.00140496,0.00132417,0.00127028,0.00122116,0.00114811,0.00109628,0.00103826,0.000996403,0.000948896,0.000905958,0.000866923,0.000831256,0.000786154,0.000762583,0.000724652,0.000690407,0.000663582,0.000630951,0.000604964,0.000577803,0.000553003,0.000530268,0.000504369,0.000480902,0.000463653,0.000439995,0.000423784,0.000403951,0.000387339,0.000370714,0.000354246,0.000339183,0.000323323,0.000309806,0.000296525,0.000284338,0.000270975,0.000260109,0.000248884,0.000237496,0.000227604,0.000218044,0.000208835,0.000199602,0.000191152,0.000182742,0.000174747,0.000167423,0.000160192
2.06e-05,0.0686843,0.120495,0.158034,0.176922,0.182835,0.176435,0.157109,0.129469,0.0754443,0.0413558,0.0310717,0.0238214,0.0150298,0.0123668,0.00890917,0.00687038,0.0061569,0.00510473,0.00437654,0.00384819,0.0034495,0.00313865,0.00288952,0.00259608,0.00243871,0.00224324,0.00213348,0.00199205,0.00187214,0.00176874,0.00165058,0.00157359,0.00148311,0.00142275,0.00136773,0.00128592,0.00122787,0.00116287,0.00111599,0.00106279,0.0010147,0.00097098,0.00093103,0.000880512,0.000854113,0.000811631,0.000773273,0.000743227,0.000706683,0.000677578,0.000647157,0.00061938,0.000593913,0.000564907,0.000538623,0.000519303,0.000492805,0.000474651,0.000452436,0.00043383,0.000415209,0.000396765,0.000379893,0.000362131,0.00034699,0.000332115,0.000318465,0.000303499,0.00029133,0.000278756,0.000266002,0.000254922,0.000244216,0.000233901,0.000223559,0.000214094,0.000204675,0.000195721,0.000187517,0.00017942
2.3e-05,0.0769465,0.13503,0.177157,0.1984,0.205094,0.197945,0.176249,0.145209,0.0845716,0.0463417,0.0348135,0.026688,0.0168366,0.013853,0.00997947,0.00769555,0.00689633,0.00571772,0.00490204,0.00431022,0.00386364,0.00351544,0.00323639,0.00290773,0.00273146,0.00251251,0.00238959,0.00223117,0.00209687,0.00198105,0.00184871,0.00176247,0.00166113,0.00159353,0.0015319,0.00144027,0.00137525,0.00130245,0.00124995,0.00119036,0.00113649,0.00108753,0.00104278,0.000986199,0.000956628,0.000909053,0.000866088,0.000832436,0.000791505,0.000758906,0.000724834,0.000693724,0.000665201,0.000632713,0.000603272,0.000581634,0.000551958,0.000531622,0.000506742,0.000485903,0.000465046,0.000444388,0.000425493,0.000405597,0.00038864,0.000371979,0.000356691,0.000339927,0.000326297,0.000312215,0.00029793,0.000285521,0.000273528,0.000261976,0.000250394,0.000239792,0.000229243,0.000219214,0.000210026,0.000200955
2.58e-05,0.0862054,0.151329,0.198615,0.222519,0.230106,0.222121,0.19776,0.162891,0.094813,0.0519317,0.0390078,0.0299004,0.0188611,0.0155182,0.0111785,0.00861993,0.00772463,0.00640437,0.00549067,0.00482776,0.00432753,0.00393749,0.00362493,0.00325679,0.00305936,0.00281412,0.00267642,0.00249899,0.00234857,0.00221884,0.00207062,0.00197403,0.00186053,0.0017848,0.00171578,0.00161315,0.00154032,0.00145879,0.00139998,0.00133324,0.00127291,0.00121807,0.00116795,0.00110458,0.00107146,0.00101817,0.000970049,0.000932356,0.000886514,0.00085,0.000811838,0.000776993,0.000745046,0.000708657,0.000675685,0.000651451,0.00061821,0.000595433,0.000567566,0.000544226,0.000520867,0.00049773,0.000476565,0.000454282,0.000435289,0.000416628,0.000399504,0.000380729,0.000365463,0.000349692,0.000333692,0.000319792,0.000306361,0.000293421,0.000280449,0.000268576,0.00025676,0.000245526,0.000235236,0.000225076
2.89e-05,0.0965814,0.169606,0.222698,0.24961,0.258223,0.249308,0.221945,0.18276,0.106307,0.0581999,0.0437097,0.0335009,0.0211294,0.0173838,0.0125218,0.00965545,0.0086525,0.00717353,0.00615003,0.00540745,0.00484712,0.00441024,0.00406013,0.00364777,0.00342662,0.00315193,0.00299771,0.00279897,0.00263048,0.00248519,0.00231918,0.00221098,0.00208386,0.00199904,0.00192173,0.00180678,0.00172521,0.0016339,0.00156803,0.00149327,0.0014257,0.00136427,0.00130814,0.00123716,0.00120007,0.00114038,0.00108649,0.00104427,0.000992923,0.000952029,0.000909284,0.000870259,0.000834476,0.00079372,0.000756789,0.000729647,0.000692415,0.000666907,0.000635694,0.000609553,0.000583388,0.000557474,0.00053377,0.00050881,0.000487538,0.000466638,0.000447459,0.00042643,0.000409332,0.000391667,0.000373747,0.000358179,0.000343134,0.000328642,0.000314112,0.000300813,0.00028758,0.000274998,0.000263472,0.000252093
3.24e-05,0.108211,0.190106,0.249734,0.280053,0.289845,0.279896,0.24915,0.205096,0.11921,0.0652297,0.048981,0.0375366,0.0236714,0.0194742,0.0140267,0.0108155,0.00969196,0.00803517,0.00688865,0.00605682,0.00542916,0.00493977,0.0045476,0.0040857,0.003838,0.00353032,0.00335758,0.00313498,0.00294626,0.00278352,0.00259758,0.0024764,0.00233401,0.00223901,0.00215242,0.00202367,0.00193231,0.00183004,0.00175625,0.00167252,0.00159684,0.00152804,0.00146517,0.00138567,0.00134412,0.00127727,0.00121691,0.00116963,0.00111211,0.00106631,0.00101844,0.000974723,0.000934647,0.000888998,0.000847633,0.000817233,0.000775533,0.000746962,0.000712001,0.000682723,0.000653418,0.000624394,0.000597843,0.000569889,0.000546062,0.000522654,0.000501171,0.000477619,0.000458468,0.000438681,0.00041861,0.000401173,0.000384324,0.000368092,0.000351818,0.000336923,0.000322101,0.000308009,0.000295099,0.000282354
3.63e-05,0.121246,0.213104,0.280093,0.314274,0.325427,0.31433,0.279767,0.230218,0.133699,0.0731149,0.0548918,0.0420606,0.0265199,0.0218166,0.0157128,0.0121152,0.0108565,0.00900042,0.00771605,0.00678424,0.00608114,0.00553295,0.00509365,0.00457626,0.0042988,0.00395416,0.00376068,0.00351135,0.00329996,0.00311769,0.00290941,0.00277369,0.0026142,0.00250779,0.00241081,0.0022666,0.00216428,0.00204972,0.00196709,0.0018733,0.00178854,0.00171148,0.00164106,0.00155202,0.00150548,0.0014306,0.00136299,0.00131004,0.00124562,0.00119432,0.00114069,0.00109173,0.00104685,0.00099572,0.000949388,0.000915338,0.000868631,0.00083663,0.000797473,0.00076468,0.000731859,0.000699348,0.000669611,0.000638301,0.000611614,0.000585395,0.000561336,0.000534955,0.000513505,0.000491343,0.000468862,0.000449333,0.000430461,0.00041228,0.000394052,0.000377369,0.000360767,0.000344984,0.000330524,0.00031625
4.06e-05,0.135857,0.238908,0.314194,0.35276,0.365486,0.353116,0.314244,0.258485,0.149974,0.081961,0.0615203,0.0471326,0.0297124,0.0244416,0.0176021,0.0135713,0.0121611,0.0100818,0.00864295,0.00759911,0.00681148,0.0061974,0.0057053,0.00512575,0.00481495,0.00442892,0.0042122,0.00393292,0.00369616,0.00349199,0.0032587,0.00310668,0.00292805,0.00280887,0.00270024,0.00253872,0.0024241,0.00229579,0.00220324,0.0020982,0.00200326,0.00191694,0.00183807,0.00173834,0.00168622,0.00160235,0.00152662,0.0014673,0.00139516,0.0013377,0.00127764,0.0012228,0.00117252,0.00111526,0.00106336,0.00102522,0.000972911,0.00093707,0.000893212,0.00085648,0.000819718,0.000783306,0.000749999,0.000714929,0.000685039,0.000655674,0.000628725,0.000599176,0.000575152,0.00055033,0.00052515,0.000503276,0.000482138,0.000461774,0.000441358,0.000422673,0.000404078,0.000386399,0.000370204,0.000354215
4.55e-05,0.152238,0.267865,0.352511,0.396063,0.410616,0.396836,0.353095,0.290309,0.168261,0.0918871,0.0689549,0.0528196,0.0332906,0.0273833,0.0197189,0.0152027,0.0136227,0.0112932,0.00968133,0.00851196,0.00762963,0.00694172,0.00639047,0.00574127,0.00539313,0.00496072,0.00471796,0.00440513,0.00413993,0.00391126,0.00364995,0.00347968,0.0032796,0.00314611,0.00302443,0.00284352,0.00271514,0.00257143,0.00246776,0.0023501,0.00224376,0.00214709,0.00205875,0.00194704,0.00188866,0.00179472,0.00170991,0.00164347,0.00156266,0.0014983,0.00143103,0.00136961,0.00131329,0.00124915,0.00119103,0.00114831,0.00108972,0.00104957,0.00100045,0.000959309,0.000918132,0.000877349,0.000840041,0.000800763,0.000767284,0.000734392,0.000704208,0.000671112,0.000644204,0.000616402,0.000588198,0.000563698,0.000540022,0.000517215,0.000494348,0.000473418,0.000452591,0.00043279,0.00041465,0.000396742
5.09e-05,0.170603,0.300369,0.395579,0.44481,0.461492,0.446153,0.396903,0.32616,0.188816,0.103028,0.0772947,0.0591968,0.0373014,0.0306801,0.022091,0.0170305,0.0152603,0.0126504,0.0108446,0.00953456,0.00854613,0.0077755,0.00715798,0.00643075,0.00604077,0.0055564,0.00528448,0.00493408,0.00463702,0.00438088,0.00408819,0.00389747,0.00367336,0.00352385,0.00338756,0.00318493,0.00304114,0.00288016,0.00276405,0.00263227,0.00251316,0.00240488,0.00230593,0.00218081,0.00211542,0.0020102,0.00191521,0.00184079,0.00175028,0.00167819,0.00160284,0.00153405,0.00147097,0.00139913,0.00133403,0.00128618,0.00122055,0.00117559,0.00112057,0.00107449,0.00102837,0.000982685,0.000940901,0.000896904,0.000859406,0.000822565,0.000788757,0.000751689,0.000721548,0.000690409,0.000658821,0.000631378,0.00060486,0.000579313,0.000553701,0.000530258,0.000506931,0.000484753,0.000464435,0.000444376
5.7e-05,0.191195,0.336862,0.444007,0.49972,0.518894,0.501834,0.446342,0.366575,0.211932,0.115534,0.0866521,0.0663492,0.0417973,0.0343753,0.0247492,0.0190786,0.0170952,0.014171,0.0121478,0.0106802,0.00957284,0.00870953,0.00801776,0.0072031,0.00676625,0.00622368,0.00591908,0.00552658,0.00519384,0.00490693,0.00457909,0.00436547,0.00411444,0.00394697,0.00379432,0.00356735,0.00340629,0.00322599,0.00309594,0.00294832,0.00281492,0.00269363,0.0025828,0.00244266,0.00236942,0.00225157,0.00214516,0.00206181,0.00196043,0.00187969,0.00179529,0.00171824,0.00164759,0.00156712,0.0014942,0.00144061,0.00136711,0.00131674,0.00125511,0.0012035,0.00115184,0.00110068,0.00105387,0.0010046,0.000962595,0.000921331,0.000883464,0.000841944,0.000808186,0.000773307,0.000737924,0.000707187,0.000677485,0.000648871,0.000620184,0.000593927,0.000567798,0.000542957,0.0005202,0.000497733
6.39e-05,0.214289,0.377844,0.498485,0.561613,0.583715,0.564763,0.502187,0.41217,0.23794,0.129578,0.0971535,0.0743726,0.046838,0.0385175,0.0277282,0.0213737,0.0191512,0.0158747,0.013608,0.0119637,0.0107231,0.00975592,0.00898093,0.0080683,0.00757893,0.00697115,0.00662995,0.00619029,0.00581758,0.0054962,0.00512898,0.0048897,0.00460852,0.00442093,0.00424995,0.00399572,0.00381533,0.00361337,0.0034677,0.00330237,0.00315293,0.00301709,0.00289295,0.00273598,0.00265394,0.00252194,0.00240276,0.00230939,0.00219584,0.0021054,0.00201087,0.00192456,0.00184544,0.0017553,0.00167363,0.0016136,0.00153127,0.00147485,0.00140583,0.00134801,0.00129016,0.00123285,0.00118042,0.00112523,0.00107818,0.00103196,0.000989551,0.000943045,0.000905232,0.000866165,0.000826535,0.000792107,0.000758838,0.000726787,0.000694656,0.000665245,0.000635979,0.000608155,0.000582665,0.000557501
7.16e-05,0.240191,0.423881,0.559798,0.631428,0.656989,0.635958,0.56533,0.463651,0.267216,0.145354,0.108941,0.0833743,0.05249,0.0431612,0.0310672,0.0239456,0.021455,0.0177838,0.0152439,0.0134017,0.0120117,0.0109282,0.0100599,0.00903754,0.00848933,0.00780848,0.00742628,0.00693377,0.00651628,0.00615629,0.00574496,0.00547693,0.00516198,0.00495186,0.00476034,0.00447557,0.00427351,0.00404731,0.00388414,0.00369895,0.00353157,0.00337941,0.00324036,0.00306454,0.00297265,0.0028248,0.0026913,0.00258673,0.00245954,0.00235824,0.00225236,0.00215568,0.00206705,0.0019661,0.00187461,0.00180738,0.00171516,0.00165197,0.00157465,0.0015099,0.00144509,0.0013809,0.00132218,0.00126036,0.00120766,0.00115589,0.00110838,0.00105629,0.00101394,0.000970183,0.000925792,0.000887231,0.000849967,0.000814067,0.000778076,0.000745134,0.000712354,0.000681188,0.000652637,0.000624451
8.01e-05,0.269247,0.475611,0.628837,0.710243,0.739909,0.716606,0.636805,0.521832,0.300191,0.163081,0.122177,0.0934759,0.0588282,0.0483675,0.0348097,0.0268278,0.0240368,0.0199229,0.017077,0.0150128,0.0134554,0.0122415,0.0112687,0.0101233,0.0095092,0.00874649,0.00831834,0.00776665,0.00729898,0.00689573,0.00643498,0.00613474,0.00578196,0.0055466,0.00533208,0.0050131,0.00478677,0.0045334,0.00435063,0.00414319,0.00395572,0.00378528,0.00362953,0.00343259,0.00332966,0.00316406,0.00301452,0.00289739,0.00275493,0.00264146,0.00252287,0.00241458,0.00231531,0.00220222,0.00209975,0.00202444,0.00192115,0.00185037,0.00176377,0.00169123,0.00161864,0.00154674,0.00148097,0.00141172,0.0013527,0.00129471,0.0012415,0.00118315,0.00113572,0.0010867,0.00103698,0.000993787,0.000952047,0.000911836,0.000871523,0.000834625,0.000797908,0.000762999,0.000731018,0.000699448
8.98e-05,0.301847,0.533756,0.706617,0.799297,0.833863,0.808085,0.717807,0.587652,0.337357,0.183008,0.137043,0.104815,0.0659373,0.0542055,0.0390048,0.0300582,0.0269302,0.02232,0.0191309,0.016818,0.0150731,0.0137129,0.0126231,0.0113398,0.0106518,0.00979734,0.00931769,0.00869963,0.00817576,0.00772404,0.00720796,0.00687165,0.00647648,0.00621284,0.00597254,0.00561525,0.00536173,0.00507792,0.0048732,0.00464085,0.00443085,0.00423994,0.00406548,0.00384489,0.0037296,0.0035441,0.00337661,0.00324541,0.00308582,0.00295873,0.00282589,0.0027046,0.0025934,0.00246674,0.00235196,0.0022676,0.0021519,0.00207262,0.00197561,0.00189437,0.00181306,0.00173252,0.00165886,0.00158129,0.00151518,0.00145022,0.00139062,0.00132526,0.00127213,0.00121723,0.00116153,0.00111315,0.0010664,0.00102136,0.000976203,0.000934873,0.000893746,0.000854645,0.000818823,0.000783459
0.000101,0.338429,0.599135,0.794297,0.900018,0.94047,0.912006,0.809731,0.662197,0.379278,0.205419,0.153746,0.117546,0.073912,0.0607529,0.0437082,0.0336792,0.0301732,0.0250062,0.0214326,0.0188408,0.0168855,0.0153615,0.0141404,0.0127026,0.0119318,0.0109745,0.0104372,0.00974492,0.00915809,0.00865205,0.00807389,0.00769721,0.00725454,0.00695924,0.00669003,0.0062898,0.00600585,0.00568792,0.00545861,0.00519834,0.00496313,0.00474926,0.00455384,0.00430675,0.00417764,0.00396986,0.00378223,0.00363527,0.00345653,0.00331414,0.00316534,0.00302949,0.00290493,0.00276306,0.0026345,0.00254001,0.00241039,0.0023216,0.00221293,0.00212194,0.00203086,0.00194064,0.00185812,0.00177124,0.00169719,0.00162443,0.00155768,0.00148446,0.00142494,0.00136345,0.00130107,0.00124687,0.0011945,0.00114405,0.00109348,0.00104718,0.0010011,0.000957313,0.000917188,0.000877577
0.000113,0.379489,0.67267,0.893192,1.01405,1.06162,1.03026,0.914197,0.746722,0.4266,0.230635,0.172519,0.131844,0.0828598,0.068097,0.0489818,0.0377382,0.0338082,0.028017,0.0240121,0.0211075,0.0189165,0.0172087,0.0158405,0.0142295,0.013366,0.0122935,0.0116916,0.010916,0.0102585,0.00969166,0.00904404,0.00862202,0.00812618,0.00779535,0.00749384,0.00704552,0.0067274,0.00637133,0.00611443,0.00582288,0.00555942,0.00531987,0.00510096,0.00482419,0.00467956,0.00444681,0.00423664,0.00407203,0.00387179,0.00371232,0.00354566,0.00339347,0.00325396,0.00309502,0.00295101,0.00284517,0.0027,0.00260051,0.00247881,0.00237687,0.00227484,0.0021738,0.00208137,0.00198405,0.0019011,0.0018196,0.00174481,0.00166282,0.00159614,0.00152725,0.00145738,0.00139667,0.00133802,0.0012815,0.00122485,0.00117299,0.00112139,0.00107233,0.00102738,0.000983006
0.000126,0.425579,0.755404,1.0048,1.1433,1.19952,1.16505,1.03309,0.842681,0.480062,0.259022,0.193628,0.147907,0.0929011,0.0763359,0.0548953,0.0422885,0.0378829,0.0313915,0.0269027,0.0236476,0.0211923,0.0192785,0.0177453,0.0159403,0.0149727,0.0137711,0.0130968,0.0122278,0.0114914,0.0108563,0.0101308,0.0096581,0.00910263,0.00873203,0.00839429,0.00789212,0.0075358,0.00713688,0.00684912,0.00652253,0.00622739,0.00595905,0.00571386,0.00540382,0.00524182,0.00498108,0.0047457,0.0045613,0.00433701,0.00415837,0.00397167,0.00380119,0.00364492,0.00346691,0.00330559,0.00318701,0.0030244,0.00291299,0.00277664,0.00266246,0.00254818,0.00243499,0.00233145,0.00222244,0.00212952,0.00203824,0.00195445,0.00186261,0.00178792,0.00171076,0.00163249,0.00156449,0.00149878,0.00143547,0.00137202,0.00131393,0.00125612,0.00120117,0.00115082,0.00110112
0.000141,0.477332,0.848524,1.13083,1.28998,1.3568,1.319,1.16862,0.951769,0.540526,0.291,0.217376,0.16596,0.104173,0.0855809,0.0615278,0.0473906,0.0424514,0.0351744,0.0301429,0.0264944,0.0237427,0.021598,0.0198799,0.0178572,0.016773,0.0154268,0.0146713,0.0136977,0.0128726,0.0121613,0.0113485,0.0108189,0.0101966,0.00978153,0.0094032,0.00884062,0.00844141,0.0079946,0.00767224,0.00730646,0.0069758,0.00667525,0.00640058,0.00605325,0.00587178,0.00557972,0.005316,0.00510946,0.00485822,0.00465812,0.00444897,0.00425802,0.00408296,0.00388353,0.00370284,0.00357004,0.00338787,0.00326306,0.00311035,0.00298243,0.00285441,0.00272763,0.00261164,0.00248953,0.00238544,0.00228318,0.00218935,0.00208645,0.00200279,0.00191635,0.00182868,0.00175251,0.0016789,0.00160799,0.0015369,0.00147183,0.00140708,0.00134553,0.00128913,0.00123346
0.000158,0.535451,0.953352,1.2732,1.45663,1.53652,1.49515,1.32334,1.07593,0.608971,0.327046,0.244105,0.186258,0.116829,0.0959565,0.0689674,0.0531119,0.0475734,0.0394149,0.0337745,0.0296852,0.0266009,0.0241972,0.0222717,0.0200051,0.0187903,0.0172819,0.0164352,0.0153446,0.0144202,0.0136232,0.0127127,0.0121194,0.0114223,0.0109573,0.0105334,0.00990325,0.00945609,0.00895548,0.00859445,0.00818465,0.00781425,0.00747754,0.00716988,0.00678081,0.00657751,0.00625035,0.00595498,0.00572356,0.00544213,0.00521798,0.00498371,0.00476982,0.00457369,0.0043503,0.0041479,0.00399912,0.00379506,0.00365524,0.00348417,0.0033409,0.00319749,0.00305546,0.00292554,0.00278874,0.00267216,0.0025576,0.00245249,0.00233722,0.00224352,0.00214669,0.00204847,0.00196315,0.00188069,0.00180126,0.00172163,0.00164874,0.0015762,0.00150724,0.00144407,0.0013817
0.000177,0.600739,1.0714,1.43412,1.64622,1.74234,1.69715,1.50024,1.21744,0.686548,0.367712,0.274211,0.209092,0.131044,0.107605,0.0773149,0.0595288,0.0533177,0.0441696,0.0378461,0.0332619,0.0298046,0.0271104,0.0249524,0.0224123,0.0210508,0.0193605,0.018412,0.01719,0.0161543,0.0152614,0.0142413,0.0135766,0.0127957,0.0122748,0.0117999,0.0110939,0.010593,0.0100322,0.00962774,0.00916867,0.00875376,0.00837655,0.00803188,0.00759606,0.00736828,0.0070018,0.0066709,0.0064117,0.00609641,0.00584531,0.00558287,0.00534325,0.00512357,0.00487332,0.00464657,0.0044799,0.00425132,0.00409469,0.00390305,0.00374254,0.00358191,0.00342279,0.00327726,0.00312402,0.0029934,0.00286509,0.00274734,0.00261821,0.00251324,0.00240477,0.00229475,0.00219917,0.00210679,0.00201782,0.00192861,0.00184696,0.0017657,0.00168846,0.00161768,0.00154782
0.000198,0.674086,1.20431,1.61602,1.86213,1.97851,1.92917,1.70272,1.37886,0.774569,0.413624,0.308139,0.234789,0.147015,0.120686,0.0866818,0.0667267,0.05976,0.049501,0.0424107,0.0372712,0.0333956,0.0303755,0.0279566,0.0251096,0.023584,0.0216899,0.020627,0.0192577,0.0180973,0.0170969,0.015954,0.0152094,0.0143345,0.0137508,0.0132189,0.012428,0.0118668,0.0112386,0.0107855,0.0102712,0.00980636,0.00938382,0.00899769,0.00850947,0.0082543,0.00784374,0.00747304,0.00718268,0.00682947,0.0065482,0.00625419,0.00598576,0.00573966,0.00545933,0.00520529,0.0050186,0.00476252,0.00458707,0.00437238,0.00419257,0.00401262,0.00383438,0.00367133,0.00349966,0.00335334,0.0032096,0.00307768,0.00293304,0.00281544,0.00269394,0.00257067,0.0024636,0.00236013,0.00226045,0.00216051,0.00206904,0.00197802,0.00189148,0.0018122,0.00173394
0.000222,0.756506,1.35398,1.82163,2.10825,2.25006,2.19608,1.93508,1.56316,0.874568,0.46551,0.346405,0.26373,0.164967,0.13538,0.0971962,0.0748025,0.0669871,0.0554803,0.0475293,0.0417665,0.0374212,0.0340355,0.0313239,0.028133,0.026423,0.0243003,0.0231093,0.021575,0.0202748,0.0191538,0.0178734,0.017039,0.0160589,0.015405,0.014809,0.0139229,0.0132942,0.0125904,0.0120827,0.0115066,0.0109859,0.0105125,0.0100799,0.00953297,0.00924713,0.00878717,0.00837189,0.00804658,0.00765091,0.0073358,0.00700645,0.00670572,0.00642999,0.00611594,0.00583139,0.00562221,0.00533534,0.00513878,0.00489828,0.00469685,0.00449524,0.00429556,0.00411292,0.00392061,0.00375668,0.00359564,0.00344786,0.00328582,0.00315408,0.00301795,0.00287988,0.00275992,0.00264401,0.00253233,0.00242038,0.0023179,0.00221594,0.00211899,0.00203017,0.00194249
0.000249,0.849125,1.52242,2.0539,2.38896,2.56275,2.50428,2.20152,1.77358,0.988304,0.524206,0.389598,0.296342,0.185153,0.151892,0.109001,0.083865,0.0750954,0.0621871,0.0532695,0.046807,0.0419346,0.0381385,0.0350986,0.0315216,0.0296049,0.027226,0.0258913,0.0241719,0.0227149,0.021459,0.0200242,0.0190894,0.0179912,0.0172586,0.0165909,0.0155981,0.0148937,0.0141052,0.0135365,0.012891,0.0123076,0.0117773,0.0112927,0.0106799,0.0103597,0.00984437,0.00937913,0.00901467,0.00857139,0.00821837,0.00784939,0.00751247,0.00720359,0.00685174,0.00653295,0.00629864,0.00597723,0.00575703,0.00548758,0.00526192,0.00503607,0.00481237,0.00460774,0.00439229,0.00420866,0.00402823,0.00386268,0.00368114,0.00353355,0.00338105,0.00322635,0.00309196,0.00296211,0.002837,0.00271157,0.00259677,0.00248254,0.00237392,0.00227442,0.0021762
0.000279,0.953205,1.71186,2.316,2.70911,2.92353,2.85958,2.5067,2.0141,1.11781,0.59068,0.438399,0.333118,0.207863,0.170455,0.122259,0.0940371,0.0841949,0.0697113,0.0597078,0.0524595,0.0469954,0.0427386,0.0393302,0.03532,0.0331716,0.0305051,0.0290092,0.0270824,0.0254497,0.0240423,0.0224346,0.0213872,0.0201567,0.0193358,0.0185877,0.0174755,0.0166863,0.0158028,0.0151656,0.0144424,0.0137888,0.0131947,0.0126517,0.0119652,0.0116064,0.0110291,0.0105079,0.0100996,0.00960294,0.00920741,0.00879403,0.00841658,0.00807051,0.00767632,0.00731917,0.00705665,0.00669657,0.00644987,0.00614799,0.00589517,0.00564214,0.0053915,0.00516225,0.00492087,0.00471514,0.00451301,0.00432752,0.00412415,0.00395878,0.00378795,0.00361463,0.00346407,0.00331858,0.00317842,0.0030379,0.00290928,0.0027813,0.00265962,0.00254814,0.00243809
0.000312,1.07015,1.92478,2.61155,3.07424,3.3404,3.26821,2.85533,2.28836,1.2654,0.666056,0.493592,0.374628,0.233426,0.191333,0.137154,0.105458,0.0944091,0.0781545,0.0669306,0.0587997,0.0526708,0.0478968,0.0440745,0.0395783,0.0371698,0.034181,0.0325042,0.0303447,0.0285149,0.0269378,0.0251362,0.0239627,0.0225838,0.021664,0.0208258,0.0195795,0.0186953,0.0177055,0.0169915,0.0161813,0.0154489,0.0147832,0.0141749,0.0134057,0.0130037,0.0123569,0.0117729,0.0113154,0.0107591,0.0103159,0.00985272,0.00942982,0.0090421,0.00860048,0.00820031,0.00790618,0.00750275,0.00722635,0.00688813,0.00660488,0.00632138,0.00604059,0.00578374,0.00551329,0.0052828,0.00505632,0.00484852,0.00462066,0.00443539,0.00424397,0.00404979,0.00388111,0.00371811,0.00356107,0.00340363,0.00325953,0.00311614,0.00297981,0.00285492,0.00273162
0.00035,1.20151,2.1643,2.94428,3.49044,3.82051,3.73615,3.25163,2.59996,1.43371,0.751637,0.556084,0.42152,0.262218,0.214825,0.153894,0.118284,0.105877,0.0876305,0.0750349,0.065912,0.0590364,0.0536814,0.0493947,0.0443527,0.0416523,0.0383016,0.0364221,0.0340016,0.0319509,0.0301834,0.0281645,0.0268493,0.0253042,0.0242736,0.0233343,0.0219379,0.0209471,0.019838,0.019038,0.0181301,0.0173096,0.0165637,0.0158821,0.0150202,0.0145698,0.0138452,0.0131908,0.0126782,0.0120548,0.0115583,0.0110393,0.0105655,0.0101311,0.00963627,0.00918789,0.00885837,0.00840635,0.00809665,0.00771771,0.00740033,0.0070827,0.00676808,0.00648028,0.00617728,0.00591902,0.00566529,0.00543244,0.00517713,0.00496956,0.00475509,0.00453753,0.00434853,0.0041659,0.00398995,0.00381355,0.0036521,0.00349144,0.00333869,0.00319875,0.0030606
0.000392,1.34899,2.43258,3.31708,3.96255,4.37045,4.26713,3.69838,2.95211,1.62562,0.848939,0.626929,0.474549,0.29467,0.241276,0.172716,0.132694,0.118758,0.098269,0.0841303,0.0738922,0.0661775,0.0601697,0.0553611,0.0497065,0.0466783,0.0429216,0.0408145,0.0381013,0.0358027,0.0338217,0.0315591,0.0300852,0.0283538,0.0271988,0.0261462,0.0245814,0.0234711,0.0222284,0.021332,0.0203147,0.0193953,0.0185594,0.0177957,0.01683,0.0163253,0.0155133,0.0147801,0.0142058,0.0135072,0.0129509,0.0123694,0.0118385,0.0113517,0.0107973,0.0102949,0.00992565,0.00941919,0.00907219,0.00864757,0.00829197,0.00793606,0.00758353,0.00726108,0.00692156,0.00663217,0.00634787,0.00608698,0.00580091,0.00556832,0.00532802,0.00508425,0.00487247,0.00466782,0.00447068,0.00427303,0.00409213,0.00391211,0.00374096,0.00358416,0.00342937
0.000439,1.51451,2.73219,3.73221,4.49508,4.99365,4.86128,4.19655,3.34704,1.84428,0.959728,0.707353,0.534588,0.331276,0.271077,0.193889,0.148889,0.133229,0.110216,0.0943409,0.0828484,0.0741901,0.0674485,0.0620536,0.0557106,0.0523146,0.0481021,0.0457397,0.0426979,0.0401214,0.0379009,0.0353649,0.033713,0.0317725,0.0304782,0.0292987,0.027545,0.0263008,0.0249081,0.0239036,0.0227636,0.0217334,0.0207968,0.019941,0.0188588,0.0182933,0.0173834,0.0165618,0.0159183,0.0151355,0.0145121,0.0138605,0.0132656,0.0127201,0.0120989,0.0115359,0.0111221,0.0105546,0.0101658,0.00968999,0.00929152,0.0088927,0.00849768,0.00813636,0.00775592,0.00743166,0.00711307,0.00682072,0.00650018,0.00623956,0.00597028,0.00569712,0.00545982,0.00523051,0.0050096,0.00478812,0.00458542,0.0043837,0.00419191,0.00401622,0.00384277
0.000491,1.70058,3.06513,4.19097,5.09011,5.68774,5.51325,4.74438,3.78564,2.09293,1.08605,0.798787,0.602648,0.372603,0.304678,0.21772,0.167098,0.149495,0.123636,0.105806,0.0929023,0.0831824,0.0756158,0.0695617,0.0624453,0.058636,0.0539118,0.0512628,0.0478525,0.0449639,0.0424748,0.0396322,0.0377807,0.0356057,0.0341551,0.0328331,0.0308677,0.0294734,0.0279126,0.0267869,0.0255094,0.0243548,0.0233052,0.0223461,0.0211335,0.0204997,0.01948,0.0185593,0.0178381,0.016961,0.0162624,0.0155322,0.0148655,0.0142543,0.0135581,0.0129272,0.0124636,0.0118276,0.0113919,0.0108587,0.0104122,0.00996525,0.00952259,0.00911768,0.00869134,0.00832798,0.00797098,0.00764337,0.00728416,0.00699211,0.00669036,0.00638426,0.00611834,0.00586137,0.00561381,0.00536563,0.00513847,0.00491242,0.00469751,0.00450062,0.00430626
0.00055,1.90902,3.43286,4.69289,5.7467,6.4423,6.21231,5.33735,4.26743,2.37471,1.23028,0.902898,0.679912,0.419306,0.342592,0.244559,0.187581,0.167784,0.138717,0.118685,0.104191,0.0932768,0.0847819,0.0779864,0.0700007,0.0657272,0.0604282,0.0574574,0.0536333,0.0503946,0.047604,0.0444174,0.0423419,0.0399041,0.0382781,0.0367963,0.0345936,0.0330308,0.0312815,0.0300199,0.0285881,0.0272941,0.0261178,0.025043,0.0236839,0.0229737,0.021831,0.0207991,0.0199909,0.0190079,0.018225,0.0174067,0.0166595,0.0159745,0.0151943,0.0144873,0.0139677,0.013255,0.0127666,0.0121691,0.0116687,0.0111679,0.0106718,0.010218,0.00974022,0.00933301,0.00893292,0.00856578,0.00816322,0.00783592,0.00749776,0.00715471,0.00685671,0.00656872,0.0062913,0.00601316,0.00575859,0.00550526,0.00526441,0.00504377,0.00482595
0.000616,2.14215,3.83583,5.23575,6.46012,7.23843,6.9435,5.96861,4.79025,2.69279,1.39513,1.02164,0.76776,0.472143,0.385416,0.274805,0.210635,0.188359,0.155671,0.133156,0.116871,0.104612,0.0950718,0.0874421,0.0784788,0.0736834,0.0677387,0.0644064,0.0601177,0.056486,0.0533571,0.0497845,0.0474578,0.0447249,0.0429021,0.0412412,0.0387721,0.0370204,0.0350597,0.0336456,0.0320408,0.0305905,0.0292721,0.0280674,0.0265442,0.0257482,0.0244674,0.023311,0.0224051,0.0213034,0.0204259,0.0195088,0.0186714,0.0179037,0.0170292,0.0162369,0.0156545,0.0148557,0.0143084,0.0136387,0.0130779,0.0125165,0.0119605,0.011452,0.0109165,0.0104601,0.0100117,0.00960023,0.00914905,0.00878222,0.00840322,0.00801875,0.00768476,0.007362,0.00705107,0.00673934,0.00645403,0.00617011,0.00590019,0.00565289,0.00540877
0.00069,2.40206,4.27312,5.81554,7.21951,8.0535,7.69065,6.62927,5.35092,3.04902,1.58369,1.1573,0.867812,0.531994,0.433835,0.308918,0.236598,0.211519,0.17474,0.149422,0.131119,0.117343,0.106626,0.0980574,0.0879941,0.0826119,0.0759413,0.0722032,0.0673925,0.0633195,0.0598108,0.0558049,0.0531962,0.0501323,0.0480889,0.0462268,0.0434589,0.0414953,0.0392975,0.0377124,0.0359135,0.0342878,0.03281,0.0314597,0.0297524,0.0288601,0.0274245,0.0261282,0.0251129,0.023878,0.0228945,0.0218665,0.0209279,0.0200674,0.0190873,0.0181991,0.0175464,0.0166511,0.0160376,0.015287,0.0146584,0.0140292,0.013406,0.012836,0.0122358,0.0117242,0.0112216,0.0107604,0.0102548,0.00984359,0.00941879,0.00898785,0.0086135,0.00825173,0.00790323,0.00755383,0.00723404,0.00691581,0.00661326,0.00633608,0.00606245
0.000773,2.69082,4.74209,6.42623,8.01072,8.8659,8.43888,7.30962,5.94487,3.44444,1.79938,1.31252,0.981968,0.599886,0.488643,0.347426,0.265857,0.237603,0.196199,0.167716,0.147134,0.131648,0.119604,0.109978,0.0986764,0.0926339,0.0851472,0.0809527,0.0755558,0.0709872,0.0670519,0.0625596,0.0596344,0.0561988,0.0539078,0.0518201,0.0487169,0.0465155,0.0440516,0.0422746,0.0402579,0.0384355,0.0367789,0.0352652,0.0333513,0.032351,0.0307418,0.0292887,0.0281505,0.0267662,0.0256637,0.0245114,0.0234593,0.0224947,0.021396,0.0204004,0.0196687,0.0186651,0.0179775,0.0171361,0.0164314,0.0157261,0.0150276,0.0143886,0.0137158,0.0131424,0.012579,0.012062,0.0114951,0.0110342,0.0105581,0.010075,0.00965537,0.00924985,0.00885919,0.00846753,0.00810906,0.00775233,0.00741319,0.00710249,0.00679576
0.000866,3.00992,5.23895,7.06139,8.81768,9.65934,9.17645,8.00018,6.5669,3.87929,2.04585,1.49038,1.11247,0.677017,0.550768,0.390937,0.298855,0.267003,0.220361,0.188299,0.165143,0.147727,0.134187,0.123368,0.110672,0.103886,0.0954816,0.0907739,0.0847181,0.0795925,0.0751782,0.0701396,0.0668589,0.0630063,0.0604372,0.0580963,0.0546167,0.0521484,0.0493859,0.0473935,0.0451325,0.0430893,0.041232,0.039535,0.0373893,0.0362679,0.0344638,0.0328348,0.0315588,0.0300069,0.0287709,0.027479,0.0262995,0.0252181,0.0239864,0.0228703,0.02205,0.0209249,0.020154,0.0192107,0.0184207,0.0176301,0.0168469,0.0161306,0.0153764,0.0147335,0.0141019,0.0135223,0.0128869,0.0123702,0.0118363,0.0112948,0.0108243,0.0103697,0.00993178,0.00949271,0.00909083,0.00869092,0.00831072,0.0079624,0.00761855
0.00097,3.36032,5.75836,7.71593,9.62493,10.425,9.89561,8.69169,7.20975,4.35285,2.32684,1.69437,1.26194,0.764802,0.621291,0.440157,0.336105,0.300165,0.247584,0.211472,0.185406,0.165809,0.15058,0.138415,0.124146,0.116524,0.107086,0.101801,0.0950041,0.0892527,0.0843001,0.0786478,0.074968,0.0706469,0.0677655,0.0651403,0.0612382,0.0584703,0.0553725,0.0531384,0.0506032,0.0483122,0.0462297,0.0443269,0.041921,0.0406637,0.0386408,0.0368144,0.0353837,0.0336436,0.0322578,0.0308094,0.029487,0.0282745,0.0268935,0.0256421,0.0247224,0.0234609,0.0225965,0.021539,0.0206532,0.0197668,0.0188887,0.0180855,0.0172399,0.0165191,0.015811,0.0151612,0.0144487,0.0138694,0.0132709,0.0126637,0.0121362,0.0116265,0.0111355,0.0106432,0.0101926,0.00974426,0.00931799,0.00892746,0.00854193
0.00109,3.74165,6.29462,8.38333,10.4197,11.1583,10.5921,9.37577,7.86588,4.86365,2.64587,1.92837,1.43348,0.864904,0.701484,0.495905,0.378194,0.337603,0.27828,0.237577,0.208216,0.186153,0.169014,0.15533,0.139288,0.130722,0.12012,0.114186,0.106555,0.1001,0.0945422,0.0882002,0.0840719,0.0792246,0.0759926,0.073048,0.0686714,0.0655671,0.0620929,0.0595874,0.0567443,0.0541751,0.0518397,0.0497059,0.047008,0.0455981,0.0433297,0.0412815,0.0396772,0.037726,0.036172,0.0345478,0.0330649,0.0317053,0.0301567,0.0287535,0.0277221,0.0263076,0.0253384,0.0241524,0.0231592,0.0221652,0.0211806,0.02028,0.0193318,0.0185236,0.0177295,0.0170008,0.0162019,0.0155523,0.0148811,0.0142003,0.0136088,0.0130373,0.0124867,0.0119347,0.0114294,0.0109267,0.0104487,0.0100107,0.00957843
0.00122,4.15274,6.84198,9.05858,11.1927,11.8589,11.2637,10.0464,8.52693,5.40946,3.0059,2.19657,1.63065,0.979297,0.792842,0.559134,0.425803,0.379912,0.312919,0.267004,0.233909,0.209053,0.189754,0.174353,0.156308,0.146678,0.134765,0.128099,0.11953,0.112283,0.106045,0.0989278,0.0942953,0.0888567,0.0852308,0.0819274,0.0770178,0.0735357,0.0696387,0.0668284,0.0636395,0.0607579,0.0581386,0.0557453,0.0527195,0.0511383,0.0485941,0.0462971,0.0444978,0.0423095,0.0405667,0.0387451,0.037082,0.0355572,0.0338205,0.0322468,0.0310902,0.0295037,0.0284168,0.0270868,0.0259729,0.0248581,0.0237539,0.0227439,0.0216804,0.020774,0.0198835,0.0190663,0.0181703,0.0174418,0.0166891,0.0159256,0.0152623,0.0146213,0.0140038,0.0133847,0.0128181,0.0122542,0.0117181,0.011227,0.0107422
0.00136,4.59085,7.39571,9.73821,11.9387,12.5285,11.9104,10.6998,9.18569,5.9872,3.40904,2.50326,1.85758,1.11034,0.897153,0.630972,0.479729,0.427782,0.352048,0.300207,0.262872,0.23485,0.213103,0.195758,0.17545,0.164619,0.151227,0.143737,0.134111,0.125973,0.118969,0.11098,0.105781,0.0996774,0.0956085,0.0919019,0.0863934,0.0824866,0.0781146,0.0749619,0.0713846,0.068152,0.0652137,0.062529,0.0591348,0.0573611,0.0545073,0.0519307,0.0499124,0.0474578,0.0455029,0.0434596,0.0415941,0.0398838,0.0379357,0.0361705,0.0348731,0.0330936,0.0318744,0.0303826,0.0291332,0.0278827,0.0266442,0.0255113,0.0243184,0.0233018,0.0223029,0.0213863,0.0203812,0.0195641,0.0187198,0.0178634,0.0171194,0.0164004,0.0157078,0.0150134,0.0143778,0.0137453,0.013144,0.0125932,0.0120494
0.00153,5.05182,7.95228,10.4196,12.6554,13.1693,12.5329,11.3338,9.83604,6.59261,3.85614,2.85237,2.11885,1.26084,1.01652,0.71273,0.540891,0.48201,0.396293,0.337701,0.295545,0.263926,0.239403,0.219856,0.196987,0.1848,0.169738,0.161318,0.150502,0.14136,0.133494,0.124524,0.118687,0.111836,0.107269,0.103109,0.0969273,0.0925433,0.0876375,0.0840999,0.080086,0.0764591,0.0731623,0.0701503,0.0663422,0.0643522,0.0611504,0.0582597,0.0559954,0.0532415,0.0510483,0.048756,0.0466631,0.0447444,0.0425589,0.0405785,0.039123,0.0371267,0.0357589,0.0340853,0.0326836,0.0312808,0.0298913,0.0286203,0.0272821,0.0261415,0.0250209,0.0239926,0.0228651,0.0219484,0.0210012,0.0200404,0.0192057,0.0183991,0.0176221,0.0168431,0.0161301,0.0154205,0.014746,0.014128,0.0135179
0.00171,5.53065,8.50855,11.1002,13.3425,13.7837,13.1327,11.9476,10.4729,7.21981,4.34682,3.24717,2.41938,1.43414,1.15349,0.805978,0.610377,0.543533,0.446384,0.380086,0.332436,0.296726,0.269049,0.247004,0.221233,0.207511,0.190564,0.181094,0.168935,0.158661,0.149825,0.13975,0.133196,0.125504,0.120377,0.115707,0.108768,0.103847,0.0983409,0.0943707,0.0898659,0.0857957,0.0820961,0.078716,0.0744426,0.0722095,0.0686167,0.0653729,0.0628321,0.0597419,0.0572808,0.0547087,0.0523602,0.0502072,0.0477548,0.0455327,0.0438995,0.0416594,0.0401246,0.0382467,0.0366738,0.0350998,0.0335406,0.0321145,0.0306129,0.0293331,0.0280757,0.0269218,0.0256567,0.024628,0.0235652,0.0224871,0.0215506,0.0206455,0.0197736,0.0188995,0.0180994,0.0173033,0.0165464,0.0158529,0.0151684
0.00191,6.02175,9.06308,11.7779,14.0011,14.374,13.7109,12.5412,11.0934,7.8603,4.87934,3.68964,2.76409,1.63425,1.3111,0.912577,0.689463,0.613446,0.503173,0.428054,0.374132,0.333757,0.302491,0.277606,0.248545,0.233084,0.214004,0.203349,0.189674,0.178125,0.168195,0.156875,0.149513,0.140874,0.135116,0.129873,0.122082,0.116557,0.110376,0.105919,0.100862,0.0962934,0.0921407,0.0883467,0.0835502,0.0810438,0.0770113,0.0733704,0.0705187,0.0670504,0.0642882,0.0614013,0.0587655,0.0563491,0.0535967,0.0511027,0.0492697,0.0467556,0.045033,0.0429253,0.0411601,0.0393935,0.0376436,0.036043,0.0343578,0.0329214,0.0315102,0.0302152,0.0287953,0.0276408,0.026448,0.025238,0.0241869,0.0231712,0.0221926,0.0212116,0.0203136,0.0194201,0.0185706,0.0177923,0.017024
0.00214,6.51996,9.61523,12.4506,14.6326,14.9418,14.2685,13.115,11.696,8.50581,5.45051,4.1802,3.15742,1.86593,1.49305,1.03477,0.779671,0.693049,0.567657,0.482416,0.421314,0.375611,0.34025,0.312132,0.279332,0.2619,0.240405,0.22841,0.213023,0.200033,0.188869,0.176146,0.167873,0.158168,0.1517,0.14581,0.13706,0.130856,0.123915,0.11891,0.113232,0.108103,0.10344,0.0991804,0.0937954,0.0909814,0.0864542,0.0823667,0.0791653,0.0752715,0.0721706,0.0689297,0.0659707,0.0632579,0.060168,0.0573682,0.0553105,0.0524881,0.0505543,0.0481882,0.0462066,0.0442234,0.042259,0.0404621,0.0385703,0.0369578,0.0353736,0.0339198,0.0323258,0.0310298,0.0296908,0.0283325,0.0271525,0.0260122,0.0249137,0.0238124,0.0228044,0.0218013,0.0208476,0.019974,0.0191115
0.0024,7.0206,10.1649,13.1159,15.2386,15.4883,14.8065,13.6692,12.2797,9.14863,6.05557,4.71728,3.60256,2.13472,1.70374,1.17525,0.882805,0.783874,0.641005,0.544112,0.474769,0.422963,0.382922,0.351116,0.314061,0.29439,0.270157,0.256645,0.239321,0.224705,0.212147,0.197842,0.188543,0.177634,0.170367,0.163749,0.153918,0.146949,0.139152,0.133531,0.127154,0.121393,0.116156,0.111372,0.105325,0.102165,0.0970808,0.0924908,0.0888957,0.0845232,0.081041,0.0774017,0.0740789,0.0710326,0.067563,0.064419,0.0621084,0.0589391,0.0567677,0.0541108,0.0518856,0.0496586,0.0474528,0.0454351,0.0433107,0.0415001,0.0397212,0.0380888,0.0362989,0.0348436,0.03334,0.0318148,0.0304898,0.0292093,0.0279758,0.0267392,0.0256073,0.0244809,0.0234101,0.0224291,0.0214606
0.00269,7.52018,10.713,13.772,15.8209,16.0149,15.3253,14.2044,12.8448,9.78304,6.68815,5.29774,4.10123,2.44721,1.94871,1.33744,1.00115,0.887853,0.724682,0.614314,0.535474,0.476652,0.431242,0.395216,0.353303,0.331084,0.30374,0.288506,0.268989,0.252531,0.238398,0.222304,0.211845,0.199579,0.191409,0.18397,0.17292,0.165088,0.156326,0.15001,0.142844,0.136371,0.130487,0.125113,0.118319,0.114768,0.109057,0.1039,0.0998615,0.0949494,0.0910376,0.0869492,0.0832166,0.0797945,0.0758967,0.0723649,0.0697693,0.0662091,0.0637698,0.0607851,0.0582855,0.0557838,0.0533059,0.0510394,0.048653,0.046619,0.0446207,0.042787,0.0407763,0.0391416,0.0374526,0.0357392,0.0342508,0.0328124,0.0314268,0.0300376,0.0287661,0.0275008,0.0262979,0.0251959,0.024108
0.00301,8.0151,11.259,14.4156,16.3796,16.5209,15.8244,14.7199,13.3901,10.4032,7.33806,5.91523,4.65126,2.80964,2.23385,1.52508,1.13714,1.00702,0.820199,0.694214,0.604408,0.537508,0.485933,0.445071,0.397611,0.37249,0.341612,0.324426,0.302423,0.283883,0.267969,0.249856,0.238089,0.224292,0.215103,0.206738,0.194315,0.18551,0.175661,0.168561,0.160508,0.153233,0.146621,0.140581,0.132946,0.128957,0.122539,0.116744,0.112206,0.106686,0.102291,0.097697,0.0935028,0.0896577,0.0852781,0.0813097,0.0783932,0.0743929,0.0716521,0.0682985,0.0654899,0.062679,0.0598949,0.0573482,0.0546668,0.0523815,0.0501362,0.0480758,0.0458166,0.0439798,0.0420821,0.0401569,0.0384846,0.0368684,0.0353115,0.0337507,0.0323221,0.0309004,0.0295488,0.0283106,0.0270882
0.00337,8.50579,11.8039,15.0456,16.9164,17.0075,16.3044,15.2162,13.9162,11.0073,7.9965,6.56202,5.24959,3.22927,2.56686,1.7434,1.29421,1.14427,0.929702,0.785503,0.682961,0.60671,0.548019,0.501594,0.447774,0.419336,0.384428,0.365021,0.340195,0.319292,0.30136,0.280961,0.267713,0.252185,0.241845,0.232434,0.218459,0.208555,0.197479,0.189495,0.180439,0.172259,0.164825,0.158035,0.149451,0.144966,0.13775,0.131236,0.126134,0.119929,0.114988,0.109824,0.105109,0.100786,0.095863,0.0914019,0.0881234,0.0836265,0.0805456,0.0767757,0.0736185,0.0704587,0.0673291,0.0644663,0.0614522,0.0588832,0.0563592,0.0540431,0.0515036,0.0494388,0.0473055,0.0451415,0.0432615,0.0414449,0.0396947,0.0379402,0.0363342,0.0347362,0.0332169,0.031825,0.0304509
0.00378,8.99066,12.3477,15.6597,17.4315,17.4744,16.7649,15.6928,14.4225,11.5929,8.65365,7.22702,5.88823,3.71113,2.95541,1.9983,1.47623,1.30279,1.05552,0.889982,0.772592,0.68548,0.618553,0.565709,0.504582,0.472347,0.432839,0.410903,0.382867,0.359283,0.339064,0.316076,0.301153,0.283666,0.272026,0.261432,0.245704,0.23456,0.222097,0.213115,0.202928,0.193726,0.185364,0.177726,0.168071,0.163027,0.154912,0.147586,0.141848,0.13487,0.129313,0.123505,0.118202,0.113341,0.107805,0.102788,0.0991008,0.0940437,0.0905789,0.0863395,0.082789,0.0792356,0.0757161,0.0724968,0.0691072,0.0662182,0.0633799,0.0607753,0.0579195,0.0555975,0.0531986,0.0507649,0.0486509,0.0466079,0.0446398,0.0426667,0.0408608,0.0390637,0.0373552,0.0357899,0.0342447
0.00423,9.46936,12.8901,16.2562,17.9251,17.9216,17.2058,16.1493,14.9085,12.159,9.30188,7.89916,6.55619,4.25771,3.40715,2.29712,1.68809,1.48664,1.20057,1.00989,0.875101,0.775315,0.698814,0.638539,0.568991,0.532398,0.487629,0.462807,0.431118,0.404487,0.381672,0.355748,0.338927,0.319224,0.306111,0.29418,0.27647,0.263923,0.249894,0.239785,0.228319,0.217963,0.208553,0.199958,0.189094,0.183418,0.174287,0.166044,0.159588,0.151737,0.145484,0.13895,0.132984,0.127515,0.121286,0.115642,0.111494,0.105804,0.101906,0.0971365,0.093142,0.0891443,0.0851847,0.0815628,0.0777494,0.0744991,0.0713059,0.0683757,0.0651627,0.0625505,0.0598515,0.0571137,0.0547352,0.0524369,0.0502227,0.0480029,0.0459711,0.0439494,0.0420272,0.0402662,0.0385278
0.00474,9.94255,13.431,16.8339,18.3978,18.3493,17.6271,16.5858,15.3742,12.7047,9.93567,8.56826,7.2411,4.86737,3.92804,2.64862,1.93588,1.70083,1.36843,1.14794,0.992641,0.877987,0.790306,0.721393,0.642107,0.6005,0.5497,0.52158,0.485723,0.455623,0.429858,0.400603,0.38163,0.359415,0.344636,0.33119,0.311237,0.297104,0.281303,0.269918,0.257007,0.245347,0.234752,0.225076,0.212846,0.206456,0.196177,0.186898,0.179631,0.170793,0.163755,0.1564,0.149684,0.143528,0.136517,0.130164,0.125495,0.119091,0.114703,0.109334,0.104838,0.100339,0.0958818,0.0918051,0.0875129,0.0838546,0.0802604,0.0769622,0.0733459,0.0704057,0.0673679,0.0642862,0.0616092,0.0590222,0.0565301,0.0540316,0.0517447,0.0494691,0.0473056,0.0453236,0.0433669
0.00531,10.4114,13.97,17.3922,18.8502,18.7582,18.0296,17.0028,15.8196,13.2302,10.5521,9.22715,7.93087,5.53196,4.52124,3.06323,2.22749,1.95192,1.56376,1.30762,1.12794,0.995723,0.894904,0.815894,0.725296,0.677897,0.620159,0.588257,0.547635,0.513577,0.484451,0.451406,0.429989,0.404922,0.388251,0.373089,0.350593,0.334662,0.316854,0.304024,0.289477,0.276339,0.264403,0.253503,0.239726,0.232528,0.22095,0.210498,0.202313,0.192358,0.184431,0.176147,0.168583,0.16165,0.153753,0.146597,0.141339,0.134126,0.129185,0.123138,0.118075,0.113007,0.107987,0.103396,0.098562,0.0944418,0.090394,0.0866794,0.0826066,0.0792952,0.0758739,0.0724033,0.0693883,0.0664748,0.0636681,0.0608542,0.0582787,0.0557158,0.0532792,0.051047,0.0488433
0.00594,10.8767,14.5055,17.9295,19.282,19.1481,18.413,17.3997,16.244,13.7339,11.148,9.86916,8.61376,6.2362,5.17994,3.55114,2.57187,2.24742,1.79178,1.49273,1.28393,1.13085,1.01453,0.923678,0.81991,0.765809,0.700082,0.663844,0.617771,0.579198,0.546246,0.508893,0.484699,0.456398,0.437582,0.420473,0.395097,0.377131,0.357051,0.342587,0.326187,0.311379,0.297926,0.285641,0.270115,0.262004,0.248956,0.237179,0.227955,0.216738,0.207806,0.198471,0.189949,0.182136,0.173238,0.165176,0.159251,0.151124,0.145556,0.138744,0.133038,0.127328,0.121673,0.1165,0.111053,0.106411,0.10185,0.0976648,0.093076,0.089345,0.0854902,0.0815798,0.0781829,0.0749002,0.0717378,0.0685674,0.0656656,0.062778,0.0600327,0.0575176,0.0550347
0.00666,11.3395,15.0373,18.4466,19.6947,19.5203,18.7786,17.7782,16.6485,14.2162,11.7233,10.4922,9.28323,6.96426,5.89276,4.12205,2.98137,2.59784,2.05996,1.70872,1.46475,1.28667,1.15189,1.04705,0.92785,0.865956,0.79099,0.749758,0.697429,0.653689,0.616367,0.574102,0.546747,0.514766,0.493513,0.474194,0.445546,0.42527,0.402613,0.386294,0.367794,0.351091,0.335918,0.322063,0.304555,0.295408,0.280695,0.267415,0.257014,0.244366,0.234295,0.22377,0.214161,0.205353,0.19532,0.18623,0.17955,0.170387,0.164109,0.156428,0.149996,0.143558,0.137182,0.131349,0.125209,0.119975,0.114833,0.110114,0.104941,0.100734,0.096388,0.0919793,0.0881495,0.0844485,0.0808832,0.0773087,0.0740371,0.0707815,0.0676864,0.0648508,0.0620515
0.00746,11.8006,15.5638,18.9429,20.0883,19.8752,19.1269,18.1384,17.0333,14.6767,12.2767,11.0941,9.93401,7.69858,6.64022,4.7787,3.46966,3.01602,2.37719,1.96191,1.67508,1.46677,1.30988,1.18841,1.05106,0.980073,0.894399,0.84741,0.787893,0.738235,0.69592,0.648054,0.617101,0.580934,0.556911,0.53508,0.50272,0.479821,0.45424,0.435819,0.414938,0.396087,0.378964,0.36333,0.343574,0.333255,0.316655,0.301671,0.289938,0.275669,0.264307,0.252433,0.241593,0.231656,0.220338,0.210083,0.202547,0.192211,0.185129,0.176465,0.169208,0.161946,0.154753,0.148174,0.141247,0.135342,0.129542,0.124219,0.118383,0.113638,0.108735,0.103762,0.0994417,0.0952668,0.0912448,0.0872127,0.0835221,0.0798497,0.0763582,0.0731595,0.0700018
0.00835,12.2604,16.0844,19.4182,20.4638,20.2136,19.4586,18.4811,17.399,15.1151,12.8079,11.6739,10.5635,8.42547,7.40182,5.51363,4.05061,3.51711,2.75569,2.26058,1.92092,1.67568,1.49203,1.35067,1.19185,1.11022,1.0121,0.958462,0.890674,0.834232,0.786206,0.73195,0.696897,0.655966,0.628794,0.604109,0.567532,0.541657,0.512759,0.491952,0.46837,0.447084,0.427751,0.4101,0.387797,0.376147,0.357409,0.340496,0.327251,0.311144,0.298319,0.284917,0.272682,0.261465,0.248691,0.237117,0.228611,0.216945,0.208952,0.199172,0.190982,0.182786,0.174667,0.167241,0.159423,0.152759,0.146212,0.140205,0.133618,0.128262,0.122729,0.117116,0.11224,0.107528,0.102989,0.0984377,0.0942724,0.0901275,0.0861869,0.0825767,0.0790128
0.00935,12.7196,16.5972,19.8728,20.8219,20.5363,19.7747,18.8071,17.7465,15.532,13.3161,12.2312,11.1707,9.13599,8.16028,6.30783,4.73464,4.11758,3.21073,2.61625,2.21014,1.91897,1.70262,1.53725,1.35288,1.25875,1.14613,1.08478,1.00746,0.943237,0.888678,0.827127,0.787402,0.741051,0.710298,0.682371,0.641004,0.611752,0.579089,0.555576,0.528932,0.504884,0.483045,0.463108,0.437918,0.424761,0.403599,0.384498,0.36954,0.351351,0.336868,0.321734,0.307917,0.295251,0.280826,0.267756,0.258151,0.244977,0.235952,0.224909,0.215661,0.206405,0.197238,0.188853,0.180024,0.1725,0.165107,0.158323,0.150885,0.144838,0.13859,0.132252,0.126746,0.121425,0.116299,0.111161,0.106457,0.101777,0.0973274,0.0932509,0.0892266
0.0105,13.1781,17.1012,20.3073,21.1633,20.844,20.0759,19.1174,18.0769,15.9279,13.8011,12.7651,11.7549,9.82537,8.90415,7.13459,5.52144,4.83196,3.76184,3.04293,2.55287,2.20404,1.94699,1.75221,1.53718,1.42828,1.29871,1.22844,1.14012,1.06696,1.00492,0.935048,0.890002,0.837486,0.802663,0.771054,0.724252,0.691168,0.654237,0.627657,0.597541,0.570364,0.545686,0.523158,0.494698,0.479833,0.455925,0.434346,0.417449,0.396901,0.38054,0.363443,0.347835,0.333527,0.317232,0.302467,0.291617,0.276736,0.266541,0.254066,0.243619,0.233164,0.222809,0.213337,0.203364,0.194864,0.186514,0.178851,0.170449,0.163618,0.15656,0.1494,0.143181,0.137171,0.131381,0.125576,0.120263,0.114976,0.10995,0.105345,0.100799
0.0117,13.6365,17.5958,20.7225,21.4894,21.1379,20.3635,19.4133,18.3913,16.3039,14.2634,13.2759,12.3162,10.4925,9.62782,7.96953,6.39457,5.66434,4.4336,3.56116,2.96278,2.54007,2.23179,2.00078,1.74862,1.6221,1.47258,1.39187,1.29085,1.20737,1.13678,1.0574,1.0063,0.946769,0.907324,0.871534,0.818566,0.781137,0.739367,0.709311,0.675262,0.644539,0.616645,0.591184,0.559019,0.54222,0.515202,0.490817,0.471722,0.448502,0.430014,0.410694,0.393057,0.376889,0.358475,0.341792,0.329531,0.312716,0.301195,0.287099,0.275294,0.26348,0.251779,0.241076,0.229807,0.220202,0.210766,0.202108,0.192614,0.184895,0.176919,0.168829,0.161801,0.15501,0.148468,0.141908,0.135905,0.129931,0.124251,0.119048,0.113911
0.0131,14.0944,18.08,21.1192,21.8008,21.4188,20.6382,19.6955,18.6907,16.6609,14.7031,13.7634,12.8538,11.1365,10.329,8.7948,7.32185,6.5981,5.25027,4.19847,3.45888,2.93909,2.56495,2.28848,1.99105,1.84354,1.67053,1.57775,1.46198,1.36669,1.28629,1.19603,1.13802,1.07049,1.0258,0.985266,0.925309,0.882959,0.835682,0.801692,0.763193,0.728459,0.696927,0.668147,0.631793,0.612806,0.582271,0.554711,0.53313,0.506888,0.485994,0.464159,0.444226,0.425954,0.405144,0.386289,0.372433,0.353429,0.340409,0.324478,0.311137,0.297785,0.284561,0.272465,0.25973,0.248875,0.238211,0.228425,0.217696,0.208972,0.199959,0.190816,0.182874,0.175198,0.167804,0.160392,0.153607,0.146855,0.140437,0.134556,0.128751
0.0147,14.5507,18.5529,21.4977,22.098,21.6871,20.9005,19.9646,18.9757,16.9998,15.1205,14.2272,13.3674,11.7566,11.0065,9.60065,8.26811,7.59585,6.22235,4.99122,4.06865,3.41758,2.95634,2.62172,2.26838,2.09566,1.89504,1.78812,1.65538,1.54654,1.45497,1.35239,1.28657,1.21005,1.15939,1.11351,1.04567,0.997765,0.944338,0.905911,0.862366,0.82311,0.787476,0.754955,0.713878,0.692425,0.657924,0.626784,0.602401,0.572751,0.549143,0.524472,0.501951,0.481305,0.457792,0.436489,0.420833,0.39936,0.384649,0.366649,0.351575,0.336489,0.321547,0.307879,0.293489,0.281225,0.269176,0.258119,0.245995,0.236138,0.225954,0.215624,0.206649,0.197977,0.189622,0.181247,0.17358,0.165952,0.158699,0.152055,0.145495
0.0165,15.0045,19.0137,21.8588,22.3819,21.9436,21.1512,20.2214,19.2473,17.3215,15.5164,14.6678,13.8566,12.3525,11.6601,10.3841,9.2094,8.61809,7.32761,5.97798,4.83382,4.00078,3.42005,3.00895,2.58537,2.38208,2.14864,2.02535,1.87304,1.74873,1.64446,1.52794,1.4533,1.36663,1.30931,1.25741,1.18071,1.12658,1.06623,1.02283,0.973681,0.929329,0.889095,0.852379,0.806005,0.781787,0.742838,0.707684,0.680156,0.646683,0.62003,0.592178,0.566752,0.543443,0.516897,0.492845,0.475169,0.450926,0.434316,0.413994,0.396974,0.379942,0.363071,0.34764,0.331393,0.317546,0.303941,0.291457,0.277769,0.26664,0.255142,0.243478,0.233345,0.223554,0.214121,0.204664,0.196008,0.187395,0.179206,0.171704,0.164298
0.0185,15.4549,19.4622,22.2033,22.6532,22.1889,21.3908,20.4667,19.5063,17.6272,15.8917,15.0859,14.3221,12.9239,12.2897,11.1449,10.1348,9.6373,8.50997,7.16683,5.81114,4.72812,3.97678,3.46134,2.94751,2.70668,2.43418,2.29163,2.11674,1.97482,1.85612,1.72394,1.6394,1.54134,1.4766,1.41798,1.33141,1.27033,1.20222,1.15327,1.09786,1.04788,1.00251,0.96112,0.908841,0.88154,0.83763,0.797999,0.766964,0.729226,0.699176,0.667773,0.639105,0.612824,0.582893,0.555773,0.535842,0.508507,0.489778,0.466863,0.447672,0.428466,0.409443,0.392042,0.373722,0.358108,0.342767,0.32869,0.313255,0.300705,0.287739,0.274586,0.263161,0.252119,0.241482,0.230818,0.221058,0.211345,0.202111,0.193651,0.1853
0.0207,15.9015,19.899,22.5326,22.913,22.424,21.6204,20.7015,19.7539,17.9183,16.2484,15.4831,14.7648,13.4715,12.8959,11.8843,11.0428,10.6444,9.71559,8.49409,7.04077,5.65949,4.65986,3.99627,3.36247,3.07464,2.75484,2.58967,2.38866,2.22655,2.09156,1.94172,1.84611,1.73538,1.66234,1.59626,1.49871,1.42993,1.35327,1.29817,1.23577,1.17952,1.12847,1.08189,1.02306,0.992335,0.942923,0.898323,0.863396,0.820923,0.787103,0.751758,0.719491,0.68991,0.656219,0.625692,0.603258,0.572487,0.551405,0.52561,0.504007,0.482386,0.460972,0.441384,0.420761,0.403183,0.385913,0.370066,0.35269,0.338562,0.323966,0.309159,0.296296,0.283866,0.271892,0.259886,0.248898,0.237964,0.227569,0.218045,0.208644
0.0232,16.3419,20.3227,22.8465,23.1612,22.6488,21.84,20.9259,19.9901,18.1952,16.5865,15.8596,15.1848,13.9938,13.4768,12.6005,11.9311,11.6334,10.9093,9.85555,8.4492,6.84376,5.5144,4.63657,3.83891,3.49082,3.11311,2.92111,2.68964,2.50447,2.35111,2.1815,2.07354,1.9488,1.86661,1.79229,1.68266,1.6054,1.51932,1.45745,1.38743,1.32429,1.26699,1.21472,1.14867,1.11419,1.05873,1.00867,0.969471,0.921795,0.88383,0.844152,0.807928,0.774718,0.736894,0.702621,0.677433,0.642885,0.619214,0.590251,0.565995,0.541719,0.517674,0.49568,0.472522,0.452785,0.433393,0.415599,0.396088,0.380224,0.363834,0.347207,0.332763,0.318806,0.30536,0.291879,0.27954,0.267262,0.255589,0.244895,0.234338
0.0259,16.776,20.734,23.1466,23.399,22.8644,22.0505,21.1408,20.2161,18.4594,16.9082,16.2175,15.5841,14.4924,14.0336,13.2944,12.8016,12.6061,12.0818,11.1846,9.87121,8.21524,6.58544,5.4171,4.39151,3.9644,3.51411,3.2897,3.02244,2.81067,2.63638,2.44458,2.32293,2.18263,2.09033,2.00695,1.88405,1.79749,1.70108,1.63182,1.55343,1.48275,1.41862,1.36011,1.28621,1.24762,1.18555,1.12952,1.08564,1.03227,0.989753,0.945333,0.904779,0.867598,0.825249,0.786875,0.758672,0.719988,0.693484,0.661053,0.633892,0.606708,0.579783,0.555154,0.529222,0.50712,0.485405,0.465478,0.443628,0.425864,0.407509,0.38889,0.372715,0.357085,0.342027,0.32693,0.313113,0.299363,0.286291,0.274315,0.262492
0.0291,17.2022,21.1322,23.4331,23.6264,23.0709,22.2521,21.3465,20.4322,18.7112,17.214,16.5574,15.9632,14.967,14.5652,13.9636,13.6514,13.5592,13.2272,12.4628,11.2183,9.58769,7.83101,6.36617,5.03749,4.50559,3.9631,3.69905,3.38912,3.14647,2.94829,2.73148,2.59454,2.43704,2.33363,2.2403,2.10289,2.00619,1.89854,1.82122,1.73373,1.65486,1.58331,1.51803,1.43559,1.39254,1.32329,1.26078,1.21181,1.15226,1.10484,1.05527,1.01001,0.968519,0.921256,0.878428,0.846951,0.803775,0.774192,0.737994,0.707678,0.677335,0.647281,0.61979,0.590844,0.566173,0.541933,0.51969,0.4953,0.47547,0.454982,0.434197,0.416142,0.398694,0.381885,0.365033,0.349609,0.33426,0.319668,0.306299,0.293101
0.0325,17.6194,21.5176,23.7067,23.8442,23.2688,22.4453,21.5435,20.6389,18.9515,17.5052,16.8807,16.3238,15.4189,15.0727,14.6072,14.4756,14.4856,14.3397,13.6927,12.4901,10.8757,9.10492,7.46689,5.79611,5.12821,4.46805,4.155,3.79367,3.51469,3.28894,3.04377,2.88971,2.71316,2.59748,2.49325,2.33998,2.23221,2.11233,2.02626,1.9289,1.84115,1.76155,1.68894,1.59726,1.54938,1.47237,1.40284,1.34838,1.28215,1.22939,1.17426,1.12391,1.07775,1.02517,0.977524,0.942504,0.894469,0.861555,0.821281,0.78755,0.75379,0.72035,0.689761,0.657554,0.630103,0.603132,0.578382,0.551243,0.529178,0.50638,0.483253,0.463163,0.443748,0.425044,0.406292,0.389129,0.37205,0.355813,0.340937,0.326251
0.0364,18.0272,21.8905,23.9683,24.0528,23.4585,22.6305,21.7323,20.8369,19.1812,17.783,17.189,16.6673,15.8499,15.5572,15.2245,15.2694,15.3771,15.4047,14.8724,13.7082,12.0908,10.3215,8.62721,6.6748,5.84567,5.03842,4.66471,4.24109,3.91902,3.66124,3.38366,3.21035,3.01249,2.88326,2.76703,2.59639,2.47659,2.34341,2.24784,2.13977,2.04241,1.9541,1.87357,1.77189,1.7188,1.6334,1.55629,1.4959,1.42244,1.36394,1.30278,1.24695,1.19575,1.13743,1.08458,1.04573,0.992446,0.955935,0.911259,0.873841,0.83639,0.799294,0.765361,0.729632,0.699178,0.669258,0.6418,0.611693,0.587214,0.561923,0.536266,0.513977,0.492438,0.471688,0.450885,0.431844,0.412896,0.394882,0.378379,0.362086
0.0408,18.4241,22.25,24.2179,24.2523,23.64,22.8077,21.9128,21.0261,19.4005,18.0477,17.4825,16.9944,16.2604,16.0191,15.8144,16.0274,16.2242,16.4039,15.9859,14.8798,13.2608,11.4805,9.77,7.64764,6.65944,5.68142,5.23443,4.73585,4.36279,4.06754,3.75281,3.55771,3.33612,3.19192,3.06246,2.87284,2.73989,2.5923,2.48644,2.36681,2.25906,2.16136,2.07228,1.95983,1.90113,1.8067,1.72145,1.65467,1.57344,1.50875,1.44112,1.37937,1.32276,1.25826,1.19981,1.15685,1.09792,1.05754,1.00813,0.966741,0.925319,0.884289,0.846756,0.807237,0.773553,0.740458,0.710087,0.676786,0.64971,0.621735,0.593355,0.568701,0.544877,0.521925,0.498914,0.477852,0.456894,0.436968,0.418713,0.400692
0.0457,18.81,22.5969,24.4563,24.4431,23.8138,22.9774,22.0857,21.2073,19.6102,18.3005,17.7628,17.3066,16.6525,16.4604,16.3784,16.7484,17.0229,17.3283,17.0156,15.9939,14.405,12.6105,10.8826,8.67119,7.55625,6.40103,5.86982,5.28322,4.85011,4.51134,4.15398,3.93423,3.68612,3.52534,3.3814,3.17101,3.02378,2.86049,2.74349,2.61135,2.49238,2.38455,2.28625,2.1622,2.09745,1.9933,1.89928,1.82563,1.73604,1.66468,1.59009,1.52197,1.45952,1.38837,1.32389,1.2765,1.21149,1.16695,1.11244,1.06678,1.02109,0.975821,0.934415,0.890817,0.853656,0.817145,0.783639,0.7469,0.717029,0.686165,0.654855,0.627656,0.601371,0.576049,0.550663,0.527426,0.504303,0.48232,0.46218,0.442297
0.05,19.1065,22.8618,24.6368,24.5878,23.9458,23.1063,22.2169,21.3448,19.7693,18.4923,17.9753,17.5434,16.9497,16.7951,16.8057,17.2904,17.618,18.0031,17.7613,16.8162,15.2846,13.4963,11.7511,9.49309,8.30633,7.02116,6.41874,5.75408,5.26708,4.88921,4.49394,4.25264,3.98151,3.80646,3.65009,3.42201,3.26266,3.08612,2.95972,2.81702,2.6886,2.57224,2.46618,2.33238,2.26255,2.15023,2.04883,1.9694,1.87278,1.79582,1.71538,1.64192,1.57456,1.49782,1.42828,1.37716,1.30704,1.259,1.2002,1.15095,1.10166,1.05284,1.00818,0.961148,0.921064,0.88168,0.845538,0.805908,0.773686,0.740394,0.70662,0.677281,0.648927,0.621613,0.594228,0.569163,0.54422,0.520506,0.498781,0.477334
0.055,19.4142,23.1349,24.8217,24.7362,24.081,23.2383,22.3514,21.4857,19.9323,18.6888,18.1932,17.7862,17.255,17.1389,17.2442,17.8415,18.2173,18.6699,18.4897,17.6236,16.1801,14.4333,12.6791,10.3789,9.13523,7.72806,7.04873,6.29415,5.74316,5.31869,4.87864,4.6121,4.31435,4.12293,3.95239,3.70422,3.53117,3.33967,3.20268,3.0481,2.90906,2.7831,2.66834,2.52358,2.44804,2.32655,2.21687,2.13096,2.02645,1.94321,1.85619,1.77672,1.70385,1.62084,1.54561,1.49031,1.41445,1.36247,1.29886,1.24558,1.19225,1.13943,1.09111,1.04023,0.996857,0.954246,0.915142,0.872265,0.837402,0.801381,0.76484,0.733095,0.702418,0.672864,0.643235,0.616115,0.589128,0.56347,0.539964,0.516758
0.06,19.6881,23.3763,24.984,24.8665,24.1999,23.3544,22.4697,21.6097,20.0757,18.8618,18.3851,18.0001,17.5241,17.4421,17.6301,18.3217,18.7347,19.2354,19.0989,18.2961,16.9429,15.2713,13.5339,11.2024,9.9177,8.41318,7.66402,6.82216,6.20666,5.73487,5.24963,4.95794,4.63395,4.42653,4.24222,3.97464,3.78839,3.58252,3.43537,3.26947,3.12025,2.9851,2.862,2.70675,2.62575,2.49549,2.37789,2.28577,2.17371,2.08445,1.99113,1.90592,1.82778,1.73875,1.65807,1.59877,1.51741,1.46166,1.39344,1.3363,1.27911,1.22245,1.17063,1.11606,1.06954,1.02384,0.981897,0.935909,0.898516,0.859881,0.820688,0.786639,0.753736,0.722037,0.690257,0.661168,0.632222,0.604702,0.57949,0.5546
0.065,19.934,23.5917,25.128,24.9822,24.3054,23.4574,22.5747,21.7197,20.2032,19.0157,18.5558,18.1906,17.764,17.7123,17.9736,18.7452,19.1871,19.7221,19.6164,18.8627,17.5902,16.0101,14.3223,11.9797,10.6631,9.07952,8.26709,7.33952,6.65843,6.13819,5.60733,5.29052,4.94064,4.71759,4.5199,4.23356,4.0346,3.81495,3.65806,3.48122,3.32227,3.17834,3.04726,2.882,2.79579,2.65714,2.53197,2.43392,2.31464,2.21963,2.1203,2.02959,1.9464,1.85163,1.76574,1.70261,1.61599,1.55664,1.48401,1.42317,1.36228,1.30196,1.24678,1.18868,1.13915,1.09049,1.04584,0.996874,0.957061,0.915926,0.874195,0.837955,0.802921,0.769169,0.735331,0.704359,0.673538,0.644235,0.61739,0.590888
0.07,20.1565,23.7855,25.2569,25.0857,24.3999,23.5497,22.6688,21.8184,20.3176,19.154,18.7094,18.362,17.9803,17.956,18.2827,19.1226,19.5874,20.147,20.0632,19.347,18.1425,16.6545,15.0431,12.7214,11.382,9.73233,8.86156,7.84943,7.10104,6.53084,5.95295,5.61086,5.23518,4.99681,4.78608,4.48157,4.27037,4.03747,3.87124,3.68397,3.5157,3.36337,3.22466,3.04981,2.9586,2.81194,2.67953,2.57581,2.44963,2.34911,2.24403,2.14805,2.06005,1.95978,1.8689,1.8021,1.71045,1.64765,1.5708,1.50643,1.44199,1.37816,1.31978,1.25829,1.20589,1.15439,1.10714,1.05533,1.01319,0.969664,0.925504,0.887141,0.850068,0.814352,0.778544,0.745769,0.713153,0.682145,0.653737,0.625692
0.075,20.3585,23.9606,25.3728,25.1788,24.4847,23.6326,22.7533,21.9071,20.4206,19.2787,18.8479,18.5169,18.176,18.1764,18.5617,19.4606,19.9435,20.5207,20.4522,19.7646,18.6159,17.2119,15.6895,13.4276,12.0785,10.3747,9.44995,8.35311,7.53468,6.91231,6.28625,5.91863,5.51749,5.26405,5.04051,4.71841,4.49543,4.24981,4.07465,3.8774,3.70023,3.53988,3.3939,3.20991,3.11394,2.95963,2.82033,2.7112,2.57844,2.47268,2.36211,2.26112,2.16851,2.063,1.96737,1.89707,1.80063,1.73454,1.65366,1.58591,1.5181,1.45093,1.38948,1.32477,1.26962,1.21542,1.16569,1.11116,1.06682,1.021,0.974525,0.934149,0.89513,0.857539,0.819852,0.785357,0.75103,0.718395,0.688495,0.658978
0.08,20.544,24.1205,25.4781,25.2634,24.5618,23.7079,22.8302,21.9877,20.5144,19.3924,18.9745,18.6585,18.3552,18.3784,18.8169,19.7671,20.2647,20.8546,20.7966,20.1312,19.0284,17.6978,16.2658,14.0996,12.7598,11.0165,10.0414,8.85815,7.96511,7.28707,6.61059,6.21663,5.78974,5.52132,5.28533,4.94604,4.71152,4.45361,4.26983,4.06299,3.87727,3.70922,3.55625,3.36349,3.26297,3.10133,2.95541,2.8411,2.70203,2.59125,2.47541,2.36962,2.2726,2.16207,2.06188,1.98823,1.88718,1.81794,1.7332,1.66222,1.59117,1.52079,1.4564,1.3886,1.33081,1.27403,1.22192,1.16478,1.11832,1.07032,1.02162,0.97931,0.938425,0.899038,0.859548,0.823404,0.787435,0.753239,0.72191,0.690981
0.085,20.7144,24.2666,25.5739,25.3403,24.6319,23.7764,22.9001,22.0612,20.6,19.4964,19.0903,18.7881,18.5196,18.5638,19.0507,20.0459,20.5552,21.1538,21.1031,20.4548,19.3899,18.1224,16.7745,14.7279,13.4221,11.6592,10.6387,9.36753,8.3942,7.65603,6.92592,6.50497,6.05196,5.76859,5.52023,5.16402,4.91847,4.64867,4.45659,4.24053,4.04661,3.87118,3.71152,3.51037,3.40548,3.23684,3.0846,2.96534,2.82024,2.70465,2.58379,2.47341,2.37218,2.25684,2.15229,2.07544,1.97,1.89774,1.80931,1.73524,1.66109,1.58765,1.52045,1.4497,1.38939,1.33013,1.27575,1.21612,1.16763,1.11754,1.06671,1.02256,0.979894,0.938788,0.897576,0.859855,0.822317,0.786629,0.753933,0.721655
0.09,20.8721,24.4012,25.6618,25.4108,24.696,23.8391,22.9641,22.1285,20.6786,19.5921,19.197,18.9078,18.6716,18.7354,19.2667,20.3017,20.8205,21.4251,21.379,20.7442,19.7109,18.4972,17.2252,15.3085,14.0614,12.3075,11.2492,9.88845,8.8274,8.02313,7.23539,6.78601,6.30619,6.00765,5.74693,5.37418,5.11773,4.83636,4.63623,4.41124,4.2094,4.02686,3.86076,3.65154,3.54245,3.36707,3.20876,3.08474,2.93386,2.81365,2.68797,2.57318,2.4679,2.34794,2.23921,2.15928,2.04962,1.97447,1.8825,1.80545,1.72834,1.65195,1.58206,1.50847,1.44574,1.3841,1.32754,1.26552,1.21508,1.16298,1.11011,1.06419,1.01981,0.977051,0.934185,0.89495,0.855905,0.818784,0.784776,0.751202
0.095,21.0184,24.5252,25.7424,25.4754,24.7548,23.8965,23.0228,22.1903,20.7509,19.6804,19.2956,19.0184,18.8124,18.8943,19.4663,20.5366,21.0633,21.6716,21.6284,21.004,19.9975,18.8297,17.6245,15.8366,14.6677,12.959,11.8751,10.425,9.26762,8.38998,7.53974,7.06021,6.55272,6.23898,5.96586,5.57662,5.30947,5.01681,4.80886,4.57524,4.36575,4.17636,4.00406,3.78707,3.67395,3.4921,3.32796,3.19937,3.04294,2.9183,2.78799,2.66896,2.5598,2.43542,2.32268,2.2398,2.12608,2.04816,1.95278,1.8729,1.79293,1.71371,1.64124,1.56493,1.49988,1.43596,1.3773,1.31299,1.26069,1.20665,1.15183,1.10421,1.05818,1.01384,0.96939,0.928702,0.888212,0.849717,0.814449,0.779632
0.1,21.1548,24.6403,25.8169,25.535,24.809,23.9495,23.077,22.2474,20.8178,19.7623,19.3872,19.1213,18.9437,19.0426,19.6524,20.7543,21.2873,21.898,21.8559,21.24,20.2561,19.1281,17.9814,16.3153,15.2355,13.6109,12.5203,10.9853,9.72162,8.7613,7.84184,7.33024,6.79378,6.46435,6.17867,5.77292,5.49517,5.1914,4.9758,4.73375,4.51684,4.32078,4.14248,3.91797,3.80096,3.61285,3.44307,3.31008,3.14828,3.01937,2.88459,2.76148,2.64857,2.51992,2.4033,2.31757,2.19995,2.11935,2.02069,1.93806,1.85534,1.7734,1.69843,1.61949,1.5522,1.48609,1.42541,1.35888,1.30478,1.24888,1.19217,1.14291,1.0953,1.04943,1.00345,0.961358,0.919473,0.879651,0.843169,0.807153
0.105,21.282,24.747,25.8857,25.59,24.859,23.9984,23.127,22.3001,20.8798,19.8384,19.4723,19.2172,19.0661,19.1809,19.8258,20.956,21.4941,22.1059,22.0639,21.4546,20.4903,19.3967,18.3011,16.7461,15.7578,14.2513,13.1803,11.5729,10.1932,9.139,8.14284,7.59655,7.02964,6.68404,6.38558,5.96325,5.67497,5.36025,5.13715,4.88689,4.66274,4.46023,4.2761,4.04432,3.92353,3.72938,3.55417,3.41692,3.24994,3.11691,2.97782,2.85077,2.73425,2.60148,2.48113,2.39265,2.27126,2.18807,2.08626,2.00097,1.9156,1.83103,1.75366,1.67219,1.60274,1.5345,1.47188,1.40321,1.34737,1.28968,1.23115,1.18031,1.13117,1.08383,1.03637,0.992931,0.949702,0.908602,0.870948,0.833775
0.11,21.4016,24.8467,25.9497,25.641,24.9053,24.0437,23.1733,22.349,20.9375,19.9095,19.552,19.307,19.1812,19.3109,19.9885,21.1442,21.6867,22.2985,22.2557,21.6518,20.7043,19.641,18.5906,17.1356,16.2362,14.8708,13.8512,12.1949,10.6902,9.52848,8.44567,7.86149,7.2622,6.89975,6.58817,6.14902,5.85019,5.52459,5.29408,5.03574,4.80451,4.59569,4.40588,4.16702,4.04256,3.84253,3.66203,3.52065,3.34865,3.21162,3.06834,2.93747,2.81744,2.68068,2.55671,2.46556,2.34052,2.25482,2.14994,2.06209,1.97414,1.88702,1.80732,1.72339,1.65185,1.58155,1.51704,1.4463,1.38878,1.32935,1.26905,1.21667,1.16606,1.11729,1.0684,1.02364,0.979111,0.936771,0.89798,0.859686
0.115,21.5139,24.9399,26.0091,25.6884,24.9483,24.0857,23.2164,22.3946,20.9914,19.976,19.6266,19.3912,19.2893,19.4332,20.1413,21.3202,21.8662,22.4772,22.4331,21.8335,20.9007,19.8643,18.8538,17.488,16.6713,15.4563,14.5177,12.8513,11.2178,9.93311,8.75185,8.126,7.49205,7.11197,6.78682,6.33056,6.02112,5.68469,5.44685,5.18055,4.94237,4.72737,4.53201,4.28625,4.15821,3.95247,3.76683,3.62143,3.44455,3.30364,3.15629,3.02171,2.89828,2.75764,2.63014,2.53642,2.40782,2.31969,2.21184,2.12149,2.03104,1.94145,1.85948,1.77317,1.6996,1.6273,1.56096,1.48821,1.42905,1.36793,1.30593,1.25206,1.2,1.14985,1.09957,1.05354,1.00774,0.964198,0.924305,0.884923
0.12,21.6197,25.0271,26.0646,25.7324,24.9882,24.1247,23.2565,22.4369,21.0417,20.0383,19.6967,19.4704,19.3913,19.5486,20.2853,21.4853,22.034,22.6436,22.5976,22.0015,21.0818,20.0692,19.0943,17.8081,17.0665,15.9998,15.1637,13.5386,11.7823,10.3576,9.06359,8.39153,7.7202,7.32153,6.9823,6.50851,6.18836,5.84108,5.59596,5.3218,5.07677,4.85571,4.65492,4.4024,4.27087,4.05955,3.8689,3.71959,3.53795,3.39325,3.24196,3.10376,2.97702,2.8326,2.70168,2.60544,2.47339,2.3829,2.27214,2.17936,2.08649,1.99449,1.91032,1.82169,1.74614,1.6719,1.60378,1.52907,1.46832,1.40556,1.34189,1.28657,1.23311,1.18161,1.12998,1.08272,1.03569,0.990971,0.950006,0.909564
0.125,21.7194,25.1088,26.1163,25.7733,25.0253,24.161,23.2937,22.4764,21.0886,20.0967,19.7625,19.545,19.4873,19.6573,20.4211,21.64,22.1911,22.7987,22.7505,22.1572,21.249,20.2578,19.3147,18.0995,17.4253,16.4975,15.7725,14.2432,12.3871,10.8063,9.38257,8.65892,7.9471,7.52875,7.17484,6.68306,6.35205,5.99389,5.74154,5.45959,5.20782,4.9808,4.77468,4.51555,4.38062,4.16385,3.96831,3.81519,3.62893,3.48054,3.32539,3.18368,3.05371,2.90562,2.77137,2.67268,2.53727,2.44447,2.3309,2.23576,2.14053,2.04618,1.95987,1.86898,1.79151,1.71538,1.64552,1.56891,1.50662,1.44226,1.37696,1.32024,1.26542,1.2126,1.15965,1.11119,1.06296,1.01711,0.975099,0.933627
0.13,21.814,25.1858,26.1647,25.8116,25.0599,24.1949,23.3285,22.5134,21.1328,20.1518,19.8247,19.6155,19.5785,19.7606,20.5497,21.7862,22.3391,22.9445,22.8937,22.3026,21.4047,20.4329,19.5186,18.3674,17.7536,16.9521,16.3359,14.9468,13.0362,11.2873,9.71297,8.931,8.17476,7.73535,7.36597,6.85554,6.51344,6.14428,5.88466,5.59494,5.33648,5.10357,4.8922,4.62656,4.48827,4.26615,4.06581,3.90895,3.71814,3.56614,3.40722,3.26206,3.12893,2.97724,2.83973,2.73864,2.59994,2.50488,2.38855,2.29109,2.19354,2.0969,2.00849,1.9154,1.83604,1.75806,1.6865,1.60803,1.54422,1.47829,1.41141,1.3533,1.29715,1.24305,1.18881,1.13917,1.08977,1.0428,0.999767,0.957286
0.135,21.9035,25.2583,26.2102,25.8474,25.0923,24.2266,23.3611,22.548,21.1743,20.2038,19.8835,19.6822,19.665,19.8586,20.6718,21.9243,22.4786,23.0814,23.0279,22.4384,21.5499,20.5958,19.7076,18.6142,18.0545,17.3655,16.8488,15.6227,13.7232,11.8051,10.0572,9.20888,8.40366,7.94162,7.55589,7.02606,6.67259,6.29229,6.02537,5.7279,5.46279,5.22405,5.00748,4.73543,4.59384,4.36646,4.16141,4.00088,3.80562,3.65007,3.48745,3.33892,3.20269,3.04747,2.90676,2.80332,2.6614,2.56413,2.44509,2.34537,2.24555,2.14667,2.0562,1.96094,1.87973,1.79994,1.72672,1.64642,1.58113,1.51367,1.44523,1.38577,1.32831,1.27296,1.21746,1.16666,1.11611,1.06805,1.02401,0.980546
0.14,21.9886,25.3268,26.2528,25.8809,25.1225,24.2561,23.3915,22.5804,21.2133,20.2529,19.9391,19.7455,19.7472,19.9518,20.7878,22.055,22.6104,23.2103,23.1539,22.5657,21.6857,20.7477,19.8835,18.8424,18.3313,17.7423,17.3134,16.2506,14.4301,12.3655,10.4189,9.49447,8.63481,8.14831,7.74518,7.19507,6.82992,6.43829,6.16401,5.85878,5.58704,5.34252,5.12081,4.84242,4.69758,4.46501,4.25534,4.09119,3.89155,3.73253,3.56628,3.41443,3.27516,3.11647,2.97263,2.86688,2.72179,2.62236,2.50066,2.39872,2.29668,2.19559,2.1031,2.00572,1.9227,1.84113,1.76627,1.68418,1.61744,1.54847,1.4785,1.41772,1.35898,1.30239,1.24565,1.19372,1.14204,1.09291,1.0479,1.00346
0.145,22.0695,25.3914,26.2929,25.9123,25.1508,24.2838,23.4201,22.6108,21.2501,20.2994,19.9918,19.8056,19.8255,20.0405,20.8982,22.179,22.7351,23.332,23.2725,22.6854,21.813,20.8899,20.0476,19.0543,18.5871,18.0866,17.7334,16.8195,15.1328,12.969,10.8021,9.78994,8.86931,8.35616,7.93444,7.36303,6.9858,6.58261,6.30089,5.98786,5.70951,5.45922,5.23242,4.94776,4.7997,4.56202,4.34778,4.18008,3.97614,3.81369,3.64386,3.48875,3.34649,3.1844,3.03747,2.92945,2.78125,2.67968,2.55538,2.45125,2.34702,2.24376,2.1493,2.04982,1.96502,1.88171,1.80524,1.72139,1.65321,1.58277,1.5113,1.44922,1.38922,1.33141,1.27346,1.22041,1.16763,1.11744,1.07146,1.02607
0.15,22.1465,25.4526,26.3306,25.9417,25.1772,24.3097,23.4468,22.6394,21.2848,20.3434,20.0418,19.8627,19.9001,20.1252,21.0034,22.2968,22.8534,23.4472,23.3845,22.798,21.9328,21.0233,20.2013,19.2518,18.8244,18.4022,18.114,17.3287,15.8005,13.6122,11.2118,10.0978,9.10832,8.56596,8.12424,7.53035,7.14059,6.72555,6.43628,6.11541,5.83043,5.5744,5.34253,5.05166,4.90041,4.65768,4.43892,4.26771,4.05952,3.8937,3.72035,3.56202,3.41682,3.25137,3.1014,2.99115,2.83989,2.73622,2.60935,2.50307,2.39668,2.29129,2.19487,2.09333,2.00679,1.92174,1.8437,1.75812,1.68853,1.61663,1.54369,1.48032,1.41908,1.36008,1.30093,1.24678,1.19291,1.14168,1.09475,1.04842
0.155,22.2199,25.5105,26.366,25.9692,25.202,24.3339,23.4718,22.6662,21.3175,20.3851,20.0893,19.9171,19.9713,20.206,21.1039,22.4088,22.9658,23.5563,23.4903,22.9044,22.0456,21.1489,20.3456,19.4364,19.0453,18.6928,18.461,17.7838,16.4132,14.2811,11.6533,10.4211,9.35317,8.77854,8.31517,7.69742,7.29461,6.86739,6.57045,6.24164,5.95001,5.68825,5.45133,5.15428,4.99987,4.75214,4.52892,4.35425,4.14186,3.97271,3.79587,3.63438,3.48627,3.31751,3.16454,3.05209,2.8978,2.79206,2.66265,2.55425,2.44574,2.33824,2.2399,2.13634,2.04806,1.96132,1.88172,1.79443,1.72345,1.65011,1.57571,1.51108,1.44861,1.38844,1.3281,1.27288,1.21792,1.16568,1.11781,1.07055
0.16,22.29,25.5654,26.3995,25.9951,25.2252,24.3567,23.4954,22.6915,21.3485,20.4247,20.1346,19.9689,20.0393,20.2834,21.1999,22.5156,23.0727,23.6599,23.5905,23.0049,22.1522,21.2673,20.4814,19.6096,19.2517,18.9615,18.7783,18.1911,16.9614,14.9511,12.1319,10.7633,9.60534,8.99481,8.50785,7.86466,7.44818,7.00839,6.70362,6.36678,6.06846,5.80095,5.55899,5.2558,5.09826,4.84556,4.61792,4.43982,4.22328,4.05083,3.87056,3.70593,3.55495,3.38292,3.22699,3.11236,2.95509,2.8473,2.71539,2.60489,2.49428,2.3847,2.28445,2.17889,2.08891,2.00049,1.91935,1.83037,1.75802,1.68326,1.60743,1.54154,1.47787,1.41653,1.35503,1.29874,1.24272,1.18946,1.14067,1.0925
0.165,22.3572,25.6177,26.4311,26.0195,25.247,24.378,23.5175,22.7153,21.3778,20.4624,20.1778,20.0185,20.1047,20.3577,21.292,22.6178,23.1749,23.7587,23.686,23.1005,22.2533,21.3796,20.61,19.773,19.4456,19.2115,19.0705,18.5592,17.4499,15.5963,12.6536,11.1298,9.86737,9.21643,8.70352,8.03295,7.60207,7.14923,6.83641,6.4914,6.18631,5.91302,5.66601,5.35668,5.196,4.93835,4.70632,4.5248,4.30414,4.12842,3.94474,3.777,3.62316,3.44789,3.28902,3.17223,3.012,2.90218,2.76779,2.65521,2.54251,2.43087,2.32874,2.22119,2.12951,2.03943,1.95676,1.86611,1.7924,1.71624,1.63897,1.57185,1.50698,1.44448,1.38183,1.32447,1.2674,1.21314,1.16343,1.11436
0.17,22.4213,25.6673,26.4608,26.0423,25.2674,24.398,23.5382,22.7376,21.4055,20.4982,20.2188,20.0658,20.1671,20.4287,21.3801,22.7152,23.2721,23.8525,23.7764,23.1909,22.3489,21.4856,20.7313,19.9265,19.6274,19.4438,19.3393,18.8912,17.8818,16.19,13.2164,11.5236,10.1398,9.44323,8.90172,8.2017,7.75566,7.2893,6.96824,6.61493,6.30303,6.02395,5.77189,5.45644,5.29265,5.03009,4.79371,4.60881,4.38407,4.20512,4.01806,3.84725,3.6906,3.51213,3.35035,3.23143,3.06827,2.95645,2.8196,2.70497,2.59022,2.47654,2.37255,2.26303,2.16968,2.07796,1.99378,1.90148,1.82643,1.74887,1.6702,1.60185,1.5358,1.47217,1.40837,1.34997,1.29186,1.23661,1.18599,1.13602
0.175,22.4829,25.7145,26.4889,26.0637,25.2865,24.4167,23.5577,22.7587,21.4318,20.5324,20.2581,20.1111,20.2271,20.497,21.4648,22.8088,23.3653,23.9422,23.8628,23.2771,22.44,21.5864,20.8466,20.0721,19.7991,19.6616,19.5891,19.1943,18.268,16.7277,13.8186,11.9529,10.4268,9.67791,9.10446,8.37237,7.9102,7.42969,7.10012,6.73832,6.41949,6.13455,5.87741,5.55582,5.38892,5.12145,4.88072,4.69246,4.46366,4.28148,4.09108,3.9172,3.75775,3.57609,3.41143,3.29038,3.12431,3.0105,2.87121,2.75454,2.63774,2.52204,2.41619,2.30473,2.20972,2.11637,2.03069,1.93674,1.86035,1.78142,1.70134,1.63178,1.56455,1.49978,1.43485,1.37541,1.31627,1.26003,1.20851,1.15765
0.18,22.5417,25.7593,26.5154,26.0839,25.3044,24.4343,23.576,22.7785,21.4566,20.5649,20.2955,20.1543,20.2846,20.5625,21.5459,22.898,23.4542,24.0275,23.9448,23.3589,22.5264,21.682,20.9556,20.2096,19.9609,19.8651,19.8208,19.4709,18.6134,17.2046,14.4423,12.4211,10.7298,9.92058,9.31133,8.54432,8.06502,7.56973,7.2314,6.86093,6.53509,6.24426,5.98203,5.65431,5.48431,5.21196,4.96692,4.77532,4.54249,4.35713,4.16339,3.98649,3.82427,3.63945,3.47194,3.34879,3.17984,3.06406,2.92236,2.80366,2.68484,2.56714,2.45946,2.34607,2.24941,2.15444,2.06728,1.97171,1.894,1.8137,1.73224,1.66147,1.59308,1.52719,1.46113,1.40067,1.3405,1.28329,1.23088,1.17914
0.185,22.5984,25.8021,26.5405,26.1028,25.3213,24.4508,23.5932,22.7972,21.4802,20.5959,20.3314,20.1959,20.34,20.6256,21.6242,22.9839,23.5396,24.1094,24.0233,23.4371,22.6089,21.7733,21.0597,20.3405,20.1145,20.0571,20.0378,19.7263,18.9261,17.6285,15.0681,12.9363,11.0545,10.1747,9.52471,8.71915,8.22143,7.71056,7.36311,6.98372,6.65072,6.35391,6.08655,5.75265,5.57954,5.3023,5.05294,4.85801,4.62116,4.43261,4.23557,4.05564,3.89066,3.70269,3.53233,3.40709,3.23527,3.11752,2.97342,2.8527,2.73187,2.61217,2.50267,2.38735,2.28906,2.19248,2.10384,2.00665,1.92762,1.84596,1.76312,1.69115,1.6216,1.55459,1.48741,1.42592,1.36473,1.30656,1.25326,1.20064
0.19,22.6526,25.8428,26.5641,26.1206,25.337,24.4662,23.6093,22.8148,21.5025,20.6255,20.3656,20.2356,20.3931,20.6862,21.6992,23.0661,23.6212,24.1874,24.0981,23.5115,22.6873,21.8599,21.1585,20.4645,20.2597,20.2376,20.2404,19.9617,19.2094,18.0043,15.6655,13.4965,11.4039,10.4409,9.74438,8.8962,8.37873,7.85145,7.49456,7.10601,6.76575,6.4629,6.19037,5.8503,5.67408,5.39197,5.13831,4.94006,4.69922,4.50751,4.30718,4.12426,3.95653,3.76545,3.59226,3.46495,3.29029,3.17059,3.0241,2.90139,2.77856,2.65689,2.54557,2.42835,2.32843,2.23025,2.14015,2.04135,1.96102,1.87801,1.7938,1.72064,1.64994,1.58183,1.51355,1.45104,1.38884,1.3297,1.27553,1.22204
0.195,22.7048,25.8817,26.5865,26.1373,25.3517,24.4806,23.6245,22.8313,21.5237,20.6537,20.3985,20.2739,20.4443,20.7448,21.7716,23.1453,23.6998,24.2624,24.1699,23.5828,22.7624,21.943,21.2531,20.583,20.3983,20.4087,20.4314,20.181,19.4694,18.3418,16.218,14.0995,11.7866,10.724,9.97327,9.07728,8.53833,7.9936,7.62681,7.2288,6.88107,6.57207,6.29431,5.948,5.76865,5.48164,5.22367,5.02211,4.77727,4.58241,4.37879,4.19287,4.02241,3.82821,3.6522,3.52282,3.34531,3.22367,3.0748,2.9501,2.82528,2.70162,2.5885,2.46938,2.36784,2.26807,2.1765,2.0761,1.99446,1.91011,1.82453,1.75019,1.67834,1.60912,1.53973,1.47621,1.413,1.3529,1.29785,1.24349
0.2,22.7549,25.9187,26.6076,26.1529,25.3655,24.4941,23.6387,22.8469,21.5438,20.6807,20.4299,20.3104,20.4936,20.801,21.8412,23.2212,23.775,24.3341,24.2383,23.6508,22.834,22.022,21.3431,20.6957,20.5297,20.5702,20.6107,20.3849,19.7077,18.6452,16.7129,14.7237,12.2078,11.0258,10.2116,9.26177,8.6995,8.13625,7.75914,7.35135,6.99601,6.68078,6.39773,6.04517,5.86269,5.57078,5.30852,5.10365,4.85484,4.65684,4.44995,4.26106,4.08788,3.89059,3.71178,3.58034,3.40001,3.27644,3.12521,2.99853,2.87172,2.74611,2.63119,2.51018,2.40703,2.30568,2.21267,2.11067,2.02774,1.94205,1.85512,1.77959,1.70661,1.6363,1.5658,1.50128,1.43707,1.37602,1.32009,1.26487
0.205,22.8032,25.9541,26.6276,26.1676,25.3784,24.5067,23.652,22.8616,21.5629,20.7065,20.46,20.3457,20.5412,20.8555,21.9086,23.2946,23.8475,24.4031,24.3042,23.7161,22.9028,22.098,21.4295,20.8037,20.6555,20.7241,20.7806,20.5763,19.9288,18.9216,17.1543,15.3454,12.6796,11.3535,10.4632,9.45175,8.8638,8.28067,7.89266,7.4747,7.11151,6.7899,6.50148,6.14258,5.95693,5.6601,5.39352,5.18533,4.93254,4.73139,4.52123,4.32937,4.15346,3.95308,3.77146,3.63796,3.45482,3.32931,3.17572,3.04706,2.91827,2.7907,2.67399,2.55109,2.44633,2.34339,2.24893,2.14534,2.06112,1.97409,1.8858,1.8091,1.73498,1.66357,1.59197,1.52644,1.46123,1.39923,1.34243,1.28635
0.21,22.8497,25.9879,26.6465,26.1814,25.3904,24.5186,23.6645,22.8754,21.5811,20.7311,20.4889,20.3796,20.5871,20.908,21.9736,23.3652,23.9174,24.4694,24.3673,23.7787,22.9687,22.1707,21.5123,20.907,20.7757,20.8704,20.9414,20.7561,20.1341,19.1742,17.5464,15.9327,13.2099,11.7125,10.7301,9.64748,9.03115,8.42661,8.0271,7.59855,7.22727,6.89915,6.60528,6.23996,6.05113,5.74935,5.47844,5.26693,5.01016,4.80587,4.59244,4.39761,4.21898,4.01551,3.8311,3.69554,3.50958,3.38215,3.22619,3.09556,2.9648,2.83527,2.71676,2.59198,2.48561,2.3811,2.28519,2.18002,2.0945,2.00614,1.9165,1.83862,1.76336,1.69086,1.61817,1.55163,1.48542,1.42247,1.3648,1.30786
0.215,22.8946,26.0202,26.6644,26.1943,25.4016,24.5296,23.6761,22.8884,21.5983,20.7547,20.5167,20.4122,20.6314,20.9588,22.0364,23.4333,23.9846,24.5332,24.4279,23.8387,23.0318,22.2404,21.5916,21.006,20.8907,21.0098,21.094,20.9253,20.3256,19.4064,17.8962,16.4658,13.804,12.1118,11.016,9.85001,9.20206,8.57436,8.16266,7.72304,7.34342,7.00863,6.7092,6.33741,6.14536,5.83859,5.56335,5.34851,5.08775,4.88031,4.66362,4.46582,4.28448,4.07792,3.89072,3.75311,3.56434,3.43498,3.27667,3.14407,3.01133,2.87985,2.75956,2.63289,2.52492,2.41884,2.32148,2.21472,2.12791,2.03822,1.94723,1.86818,1.79179,1.71819,1.6444,1.57686,1.50966,1.44576,1.38722,1.32942
0.22,22.9378,26.051,26.6812,26.2064,25.4121,24.5398,23.6871,22.9006,21.6146,20.7773,20.5433,20.4436,20.6742,21.0078,22.0971,23.499,24.0494,24.5945,24.4862,23.8964,23.0925,22.3073,21.6677,21.101,21.0008,21.1428,21.239,21.0849,20.5048,19.6211,18.2105,16.9395,14.4587,12.5629,11.3259,10.0606,9.37713,8.72422,8.29956,7.84833,7.46007,7.11843,6.81335,6.43498,6.23969,5.92791,5.6483,5.43013,5.16537,4.95479,4.73483,4.53406,4.35001,4.14036,3.95036,3.81071,3.61913,3.48785,3.32718,3.19261,3.05791,2.92447,2.80239,2.67385,2.56428,2.45662,2.35781,2.24947,2.16138,2.07036,1.97802,1.89779,1.82027,1.74558,1.6707,1.60216,1.53396,1.46911,1.4097,1.35105
0.225,22.9794,26.0805,26.6971,26.2177,25.4218,24.5494,23.6972,22.912,21.63,20.7989,20.5688,20.4738,20.7156,21.0553,22.1558,23.5624,24.1119,24.6535,24.5422,23.9517,23.1507,22.3716,21.7409,21.1921,21.1064,21.2698,21.3771,21.236,20.673,19.8203,18.4949,17.3579,15.143,13.08,11.6664,10.281,9.55707,8.87655,8.43802,7.97458,7.57734,7.22867,6.91781,6.53277,6.33419,6.01735,5.73335,5.51183,5.24307,5.02934,4.80611,4.60237,4.4156,4.20287,4.01008,3.86838,3.67399,3.54078,3.37777,3.24123,3.10455,2.96916,2.8453,2.71488,2.60371,2.49447,2.39423,2.2843,2.19492,2.10257,2.00888,1.92749,1.84883,1.77305,1.69708,1.62754,1.55834,1.49254,1.43227,1.37276
0.23,23.0196,26.1087,26.7121,26.2282,25.4308,24.5582,23.7067,22.9227,21.6447,20.8195,20.5933,20.5028,20.7555,21.1012,22.2126,23.6237,24.1722,24.7104,24.5961,24.005,23.2067,22.4334,21.8112,21.2797,21.2078,21.3914,21.5088,21.3793,20.8314,20.0061,18.7542,17.7288,15.8081,13.6788,12.047,10.513,9.74271,9.03171,8.57828,8.10194,7.69536,7.33943,7.02266,6.63083,6.42894,6.10699,5.81857,5.59369,5.32091,5.10401,4.87751,4.6708,4.48131,4.26549,4.06991,3.92615,3.72896,3.59382,3.42846,3.28994,3.1513,3.01396,2.88831,2.75601,2.64324,2.53243,2.43074,2.31923,2.22856,2.13488,2.03984,1.95728,1.87749,1.80062,1.72355,1.65301,1.58281,1.51607,1.45493,1.39457
0.235,23.0583,26.1356,26.7262,26.238,25.4391,24.5664,23.7155,22.9328,21.6586,20.8393,20.6169,20.5308,20.7942,21.1456,22.2676,23.6828,24.2304,24.7653,24.6479,24.0562,23.2606,22.4929,21.8788,21.3639,21.3053,21.5079,21.6345,21.5153,20.9809,20.18,18.992,18.0599,16.4137,14.3718,12.4807,10.7593,9.93503,9.19015,8.72063,8.23061,7.81426,7.45084,7.128,6.72926,6.524,6.19688,5.90401,5.67574,5.39893,5.17887,4.94908,4.73938,4.54717,4.32826,4.12988,3.98408,3.78406,3.64701,3.47928,3.3388,3.19818,3.05888,2.93145,2.79727,2.68289,2.57051,2.46737,2.35428,2.26233,2.16731,2.07092,1.98719,1.90626,1.8283,1.75014,1.6786,1.6074,1.53971,1.4777,1.41648
0.24,23.0958,26.1613,26.7395,26.2471,25.4468,24.5739,23.7237,22.9421,21.6718,20.8582,20.6395,20.5578,20.8316,21.1887,22.3208,23.7401,24.2867,24.8181,24.6979,24.1056,23.3124,22.5502,21.944,21.4451,21.3991,21.6197,21.7548,21.6449,21.1224,20.3433,19.2113,18.3581,16.9461,15.1271,12.9857,11.0233,10.1352,9.35236,8.86535,8.36077,7.93418,7.56298,7.23392,6.82812,6.61943,6.28709,5.98974,5.75806,5.47719,5.25394,5.02086,4.80818,4.61324,4.39122,4.19004,4.04218,3.83935,3.70036,3.53028,3.38782,3.24522,3.10397,2.97475,2.83868,2.7227,2.60874,2.50415,2.38947,2.29623,2.19988,2.10214,2.01723,1.93517,1.85611,1.77686,1.70431,1.63212,1.56348,1.5006,1.43852
0.245,23.1321,26.1861,26.7521,26.2555,25.4539,24.5809,23.7313,22.9509,21.6843,20.8764,20.6614,20.584,20.8679,21.2305,22.3727,23.7957,24.3413,24.8694,24.7463,24.1533,23.3626,22.6056,22.007,21.5236,21.4898,21.7275,21.8704,21.7688,21.2571,20.4977,19.4156,18.6298,17.4081,15.8764,13.5902,11.3109,10.3457,9.51963,9.01343,8.49319,8.05578,7.67647,7.34097,6.92793,6.71574,6.37808,6.07617,5.84105,5.55608,5.32962,5.09322,4.87752,4.67983,4.45469,4.25069,4.10075,3.89508,3.75415,3.5817,3.43724,3.29266,3.14944,3.01841,2.88045,2.76285,2.6473,2.54126,2.42499,2.33044,2.23275,2.13365,2.04755,1.96435,1.8842,1.80384,1.73028,1.65708,1.58749,1.52373,1.46079
0.25,23.1669,26.2096,26.7638,26.2633,25.4604,24.5873,23.7383,22.9591,21.6961,20.8937,20.6823,20.609,20.903,21.2709,22.4227,23.8493,24.3938,24.9187,24.7928,24.1991,23.4107,22.6588,22.0676,21.599,21.5768,21.8307,21.9809,21.8867,21.3846,20.6429,19.605,18.8771,17.808,16.5412,14.3197,11.6261,10.5666,9.69122,9.16397,8.62697,8.17819,7.79046,7.44833,7.0279,6.81217,6.46914,6.16264,5.92405,5.63497,5.4053,5.16558,4.94687,4.74643,4.51817,4.31135,4.15934,3.95083,3.80796,3.63313,3.48669,3.34012,3.19493,3.06211,2.92225,2.80304,2.6859,2.57841,2.46054,2.36469,2.26566,2.1652,2.07793,1.99359,1.91233,1.83087,1.7563,1.6821,1.61155,1.54692,1.48312
0.255,23.2008,26.2322,26.7749,26.2705,25.4663,24.5932,23.7448,22.9667,21.7073,20.9103,20.7024,20.6333,20.9371,21.3103,22.4714,23.9015,24.445,24.9665,24.8378,24.2435,23.4574,22.7103,22.1263,21.6722,21.6612,21.9305,22.0874,21.9999,21.5065,20.7809,19.783,19.1057,18.1611,17.1076,15.1595,11.981,10.8023,9.8694,9.31873,8.76353,8.30264,7.90607,7.55705,7.129,6.90964,6.56112,6.24996,6.00785,5.71462,5.4817,5.23861,5.01686,4.81365,4.58224,4.37258,4.21848,4.00712,3.86229,3.68506,3.53662,3.38805,3.24087,3.10624,2.96447,2.84363,2.7249,2.61594,2.49646,2.39931,2.29893,2.1971,2.10863,2.02314,1.94078,1.8582,1.78262,1.7074,1.6359,1.57038,1.50571
0.26,23.2334,26.2537,26.7853,26.2771,25.4717,24.5984,23.7507,22.9737,21.7179,20.9262,20.7217,20.6567,20.97,21.3483,22.5185,23.9518,24.4943,25.0126,24.8811,24.2861,23.5022,22.7599,22.1828,21.7425,21.7423,22.0261,22.1893,22.1078,21.6222,20.9113,19.9492,19.3163,18.474,17.5876,15.9869,12.3863,11.0538,10.0536,9.47682,8.90193,8.4282,8.0224,7.66626,7.23041,7.00736,6.65327,6.33741,6.09177,5.79436,5.55818,5.31173,5.08693,4.88094,4.64639,4.43388,4.2777,4.06347,3.91669,3.73707,3.58663,3.43605,3.28689,3.15044,3.00676,2.8843,2.76397,2.65354,2.53245,2.434,2.33227,2.22907,2.13941,2.05277,1.9693,1.88561,1.80901,1.73279,1.66032,1.59393,1.52838
0.265,23.2651,26.2743,26.795,26.2832,25.4766,24.6032,23.7561,22.9802,21.7279,20.9414,20.7404,20.6793,21.002,21.3854,22.5645,24.0008,24.5423,25.0573,24.9231,24.3274,23.5456,22.8079,22.2376,21.8108,21.821,22.1188,22.2877,22.2117,21.7332,21.0357,20.1065,19.513,18.7571,17.9982,16.7006,12.8667,11.3278,10.2465,9.64025,9.04373,8.55621,8.14064,7.77706,7.33314,7.10628,6.74651,6.42585,6.17662,5.87496,5.63549,5.38563,5.15776,4.94897,4.71123,4.49584,4.33755,4.12044,3.97168,3.78965,3.63719,3.48459,3.33342,3.19515,3.04954,2.92543,2.80349,2.69158,2.56887,2.4691,2.366,2.26142,2.17056,2.08276,1.99817,1.91337,1.83574,1.7585,1.68506,1.61778,1.55135
0.27,23.2955,26.2939,26.804,26.2887,25.4809,24.6075,23.761,22.9862,21.7373,20.956,20.7582,20.701,21.0329,21.4212,22.6088,24.0481,24.5885,25.1003,24.9635,24.3671,23.5874,22.8542,22.2903,21.8766,21.8967,22.2078,22.3821,22.3109,21.8389,21.1537,20.2543,19.696,19.0131,18.3528,17.2794,13.4491,11.628,10.4479,9.80819,9.18796,8.6857,8.25987,7.88855,7.43634,7.20559,6.84004,6.51453,6.26167,5.95576,5.71296,5.4597,5.22874,5.01713,4.77621,4.55795,4.39755,4.17755,4.02681,3.84236,3.68787,3.53324,3.38008,3.23997,3.09244,2.96668,2.84313,2.72974,2.6054,2.50431,2.39985,2.29389,2.20183,2.11286,2.02716,1.94123,1.86258,1.78431,1.7099,1.64173,1.57443
0.275,23.3251,26.3128,26.8125,26.2937,25.4848,24.6114,23.7654,22.9917,21.7461,20.9699,20.7754,20.7221,21.0631,21.4561,22.6522,24.0942,24.6336,25.1422,25.0027,24.4057,23.628,22.8991,22.3416,21.9405,21.9704,22.2941,22.4734,22.4067,21.9406,21.2668,20.3949,19.8684,19.2487,18.6671,17.764,14.2147,11.9661,10.6616,9.983,9.33636,8.81812,8.38134,8.0019,7.54105,7.30629,6.9348,6.60433,6.34779,6.03754,5.79138,5.53466,5.30058,5.08613,4.84198,4.62081,4.45827,4.23535,4.08261,3.89571,3.73918,3.58251,3.42732,3.28536,3.13588,3.00846,2.88327,2.76839,2.64241,2.53998,2.43415,2.32678,2.23351,2.14337,2.05654,1.96948,1.88979,1.81049,1.7351,1.66602,1.59784
0.28,23.3538,26.3308,26.8204,26.2982,25.4882,24.6147,23.7694,22.9967,21.7545,20.9833,20.792,20.7424,21.0923,21.49,22.6943,24.1389,24.6773,25.1828,25.0406,24.443,23.6672,22.9426,22.3912,22.0025,22.0417,22.3776,22.5615,22.4988,22.0381,21.3749,20.5283,20.0307,19.4661,18.9485,18.169,15.1631,12.3547,10.8888,10.1649,9.48871,8.95311,8.5047,8.11672,7.6469,7.40802,7.03044,6.69492,6.43463,6.12,5.87044,5.61022,5.37299,5.15567,4.90828,4.68417,4.51949,4.29362,4.13887,3.94951,3.79092,3.63219,3.47496,3.33113,3.17969,3.0506,2.92377,2.80738,2.67975,2.57598,2.46876,2.35999,2.26549,2.17417,2.0862,1.99799,1.91726,1.83692,1.76054,1.69057,1.62149
0.285,23.3815,26.348,26.8277,26.3022,25.4912,24.6177,23.7729,23.0012,21.7623,20.996,20.8079,20.7621,21.1207,21.523,22.7352,24.1823,24.7197,25.222,25.0773,24.4791,23.7052,22.9846,22.4393,22.0625,22.1108,22.4583,22.6466,22.5875,22.1316,21.4783,20.6552,20.1839,19.6678,19.2032,18.5167,16.1091,12.8157,11.1329,10.355,9.64552,9.09098,8.63011,8.23314,7.75399,7.51084,7.12703,6.78636,6.52226,6.20318,5.95019,5.68644,5.44603,5.22582,4.97515,4.74809,4.58124,4.35241,4.19562,4.00379,3.84312,3.68232,3.52303,3.37733,3.2239,3.09313,2.96465,2.84674,2.71745,2.61232,2.5037,2.39351,2.29779,2.20528,2.11616,2.0268,1.94502,1.86364,1.78626,1.71537,1.64539
0.29,23.4083,26.3643,26.8344,26.3058,25.4937,24.6202,23.776,23.0054,21.7697,21.0082,20.8232,20.781,21.1482,21.555,22.775,24.2245,24.7608,25.2601,25.1129,24.5139,23.7419,23.0254,22.4859,22.1207,22.1778,22.5364,22.7288,22.6729,22.2216,21.5773,20.7761,20.3289,19.8559,19.4359,18.8217,16.8653,13.3862,11.3982,10.5549,9.8074,9.23203,8.75778,8.3513,7.86242,7.61487,7.22464,6.87871,6.61073,6.28714,6.03067,5.76336,5.51974,5.29661,5.04263,4.81259,4.64356,4.41173,4.25291,4.05857,3.89581,3.73291,3.57156,3.42396,3.26855,3.13608,3.00593,2.88649,2.75552,2.64903,2.539,2.42738,2.33042,2.23671,2.14643,2.05592,1.97308,1.89064,1.81226,1.74045,1.66957
0.295,23.4342,26.38,26.8406,26.3089,25.4958,24.6223,23.7787,23.0091,21.7765,21.0198,20.838,20.7993,21.1749,21.5861,22.8137,24.2654,24.8007,25.297,25.1472,24.5477,23.7774,23.0648,22.531,22.1771,22.2427,22.612,22.8082,22.7553,22.308,21.6723,20.8914,20.4665,20.0321,19.6501,19.0938,17.4484,14.1624,11.6909,10.7665,9.97504,9.37662,8.88794,8.47137,7.9723,7.72019,7.32336,6.97204,6.70011,6.37194,6.11194,5.84103,5.59416,5.36808,5.11077,4.87772,4.70648,4.47164,4.31075,4.1139,3.94903,3.78402,3.62058,3.47107,3.31365,3.17947,3.04763,2.92665,2.79399,2.68613,2.57468,2.46162,2.3634,2.26849,2.17704,2.08537,2.00145,1.91795,1.83856,1.76583,1.69403
0.3,23.4593,26.3949,26.8463,26.3115,25.4975,24.624,23.7809,23.0123,21.7829,21.0309,20.8521,20.817,21.2009,21.6164,22.8513,24.3053,24.8395,25.3327,25.1805,24.5804,23.8118,23.103,22.5748,22.2319,22.3058,22.6853,22.885,22.8348,22.3913,21.7636,21.0018,20.5974,20.1978,19.8486,19.3396,17.9171,15.1973,12.0204,10.9922,10.1493,9.52517,9.02083,8.5935,8.08374,7.82689,7.42325,7.06642,6.79046,6.45764,6.19406,5.91949,5.66934,5.44028,5.1796,4.94352,4.77005,4.53217,4.3692,4.1698,4.0028,3.83566,3.67011,3.51868,3.35923,3.22332,3.08979,2.96725,2.83289,2.72364,2.61076,2.49624,2.39676,2.30063,2.20801,2.11516,2.03016,1.94559,1.86518,1.79151,1.71879
