,0.33008,0.358,0.38592,0.41384,0.44176,0.46968,0.4976,0.52552,0.55344,0.58136,0.60928,0.6372,0.66512,0.69304,0.72096,0.74888,0.7768,0.80472,0.83264,0.86056,0.88848,0.9164,0.97224,1.00016,1.02808,1.056,1.11184,1.13976,1.1956,1.22352,1.27936,1.30728,1.36312,1.41896,1.4748,1.50272,1.55856,1.6144,1.67024,1.754,1.80984,1.86568,1.94944,2.00528,2.08904,2.14488,2.22864,2.3124,2.39616,2.47992,2.56368,2.64744,2.7312,2.84288,2.95456,3.03832,3.15,3.26168,3.37336,3.51296,3.62464,3.73632,3.87592,4.01552,4.15512,4.29472,4.46224,4.62976,4.76936,4.93688,5.13232,5.29984,5.49528,5.69072,5.88616,6.0816,6.30496,6.52832,6.75168,7.00296,7.22632,7.4776,7.7568,8.036,8.3152,8.5944,8.90152,9.20864,9.54368,9.87872,10.2138,10.5767,10.9397,11.3306,11.7214,12.1402,12.559,13.0058,13.4804,13.9271,14.4297,14.9322,15.4627,15.9932,16.5516,17.1379,17.7522,18.3664,19.0086,19.6786,20.3766,21.0746,21.8285,22.5823,23.3641,24.2017,25.0393
1e-07,0.000576986,0.000729372,0.000576225,0.000369763,0.000222084,0.000134399,8.48594e-05,5.66284e-05,3.99821e-05,2.97289e-05,2.31211e-05,1.86749e-05,1.55632e-05,1.33073e-05,1.16205e-05,1.03241e-05,9.30374e-06,8.48339e-06,7.81151e-06,7.25213e-06,6.77958e-06,6.37518e-06,5.7189e-06,5.44861e-06,5.20802e-06,4.99228e-06,4.62061e-06,4.45905e-06,4.17404e-06,4.04746e-06,3.82012e-06,3.7175e-06,3.53066e-06,3.36453e-06,3.21552e-06,3.14654e-06,3.0182e-06,2.90111e-06,2.79371e-06,2.64809e-06,2.55987e-06,2.47779e-06,2.36475e-06,2.29531e-06,2.19889e-06,2.13921e-06,2.05581e-06,1.97893e-06,1.90779e-06,1.84176e-06,1.78028e-06,1.72287e-06,1.66914e-06,1.60261e-06,1.54128e-06,1.49832e-06,1.4447e-06,1.39483e-06,1.34833e-06,1.29443e-06,1.25435e-06,1.2167e-06,1.17272e-06,1.13183e-06,1.09371e-06,1.0581e-06,1.01832e-06,9.81429e-07,9.52681e-07,9.20339e-07,8.85283e-07,8.57301e-07,8.26816e-07,7.98428e-07,7.7193e-07,7.47137e-07,7.20686e-07,6.96047e-07,6.73038e-07,6.4891e-07,6.28871e-07,6.07758e-07,5.85904e-07,5.65567e-07,5.46597e-07,5.28858e-07,5.1063e-07,4.93618e-07,4.76307e-07,4.60169e-07,4.45089e-07,4.29831e-07,4.15583e-07,4.01261e-07,3.87892e-07,3.74524e-07,3.62046e-07,3.49622e-07,3.37322e-07,3.26512e-07,3.1515e-07,3.04552e-07,2.94112e-07,2.84364e-07,2.74778e-07,2.65384e-07,2.56208e-07,2.47646e-07,2.39285e-07,2.31143e-07,2.2323e-07,2.15841e-07,2.08391e-07,2.01439e-07,1.94703e-07,1.87968e-07,1.81683e-07
1.12e-07,0.000646227,0.000816902,0.000645376,0.000414135,0.000248733,0.000150527,9.50428e-05,6.34239e-05,4.47801e-05,3.32965e-05,2.58957e-05,2.09159e-05,1.74307e-05,1.49042e-05,1.30149e-05,1.1563e-05,1.04202e-05,9.5014e-06,8.74891e-06,8.12239e-06,7.59313e-06,7.1402e-06,6.40517e-06,6.10244e-06,5.83299e-06,5.59135e-06,5.17508e-06,4.99413e-06,4.67493e-06,4.53315e-06,4.27854e-06,4.1636e-06,3.95434e-06,3.76827e-06,3.60138e-06,3.52413e-06,3.38038e-06,3.24924e-06,3.12896e-06,2.96586e-06,2.86705e-06,2.77512e-06,2.64852e-06,2.57074e-06,2.46275e-06,2.39592e-06,2.30251e-06,2.2164e-06,2.13673e-06,2.06277e-06,1.99391e-06,1.92962e-06,1.86943e-06,1.79492e-06,1.72623e-06,1.67812e-06,1.61806e-06,1.5622e-06,1.51013e-06,1.44976e-06,1.40487e-06,1.3627e-06,1.31344e-06,1.26765e-06,1.22496e-06,1.18507e-06,1.14051e-06,1.0992e-06,1.067e-06,1.03078e-06,9.91517e-07,9.60177e-07,9.26033e-07,8.9424e-07,8.64561e-07,8.36793e-07,8.07168e-07,7.79573e-07,7.53804e-07,7.26779e-07,7.04335e-07,6.80689e-07,6.56213e-07,6.33436e-07,6.12188e-07,5.92321e-07,5.71906e-07,5.52852e-07,5.33463e-07,5.15388e-07,4.985e-07,4.8141e-07,4.65454e-07,4.49411e-07,4.34439e-07,4.19466e-07,4.05492e-07,3.91577e-07,3.77801e-07,3.65694e-07,3.52968e-07,3.41098e-07,3.29405e-07,3.18488e-07,3.07751e-07,2.9723e-07,2.86953e-07,2.77363e-07,2.67999e-07,2.5888e-07,2.50018e-07,2.41742e-07,2.33398e-07,2.25612e-07,2.18067e-07,2.10524e-07,2.03485e-07
1.2544e-07,0.000723778,0.000914935,0.000722825,0.000463833,0.000278583,0.000168591,0.000106448,7.10346e-05,5.01537e-05,3.72921e-05,2.90032e-05,2.34258e-05,1.95223e-05,1.66926e-05,1.45767e-05,1.29506e-05,1.16706e-05,1.06416e-05,9.79878e-06,9.09708e-06,8.50431e-06,7.99703e-06,7.17379e-06,6.83474e-06,6.53294e-06,6.26231e-06,5.79609e-06,5.59344e-06,5.23592e-06,5.07713e-06,4.79197e-06,4.66324e-06,4.42886e-06,4.22047e-06,4.03355e-06,3.94702e-06,3.78603e-06,3.63915e-06,3.50444e-06,3.32176e-06,3.2111e-06,3.10814e-06,2.96634e-06,2.87923e-06,2.75829e-06,2.68343e-06,2.57881e-06,2.48237e-06,2.39314e-06,2.3103e-06,2.23318e-06,2.16117e-06,2.09377e-06,2.01031e-06,1.93338e-06,1.8795e-06,1.81223e-06,1.74967e-06,1.69134e-06,1.62373e-06,1.57345e-06,1.52622e-06,1.47106e-06,1.41977e-06,1.37196e-06,1.32727e-06,1.27737e-06,1.2311e-06,1.19504e-06,1.15447e-06,1.1105e-06,1.0754e-06,1.03716e-06,1.00155e-06,9.68309e-07,9.37209e-07,9.04029e-07,8.73122e-07,8.44259e-07,8.13993e-07,7.88856e-07,7.62372e-07,7.34958e-07,7.09447e-07,6.85651e-07,6.634e-07,6.40534e-07,6.19194e-07,5.97478e-07,5.77236e-07,5.5832e-07,5.39179e-07,5.21308e-07,5.03341e-07,4.86572e-07,4.69803e-07,4.54151e-07,4.38566e-07,4.23137e-07,4.09577e-07,3.95324e-07,3.8203e-07,3.68934e-07,3.56707e-07,3.44681e-07,3.32898e-07,3.21387e-07,3.10647e-07,3.00159e-07,2.89945e-07,2.80019e-07,2.70751e-07,2.61406e-07,2.52685e-07,2.44235e-07,2.35787e-07,2.27904e-07
1.40493e-07,0.000810636,0.00102474,0.000809569,0.000519496,0.000312013,0.000188822,0.000119222,7.95591e-05,5.61722e-05,4.17672e-05,3.24836e-05,2.62369e-05,2.18651e-05,1.86958e-05,1.6326e-05,1.45047e-05,1.30711e-05,1.19186e-05,1.09746e-05,1.01887e-05,9.52484e-06,8.95669e-06,8.03466e-06,7.65492e-06,7.31691e-06,7.01381e-06,6.49163e-06,6.26465e-06,5.86424e-06,5.6864e-06,5.36701e-06,5.22284e-06,4.96033e-06,4.72694e-06,4.51758e-06,4.42067e-06,4.24036e-06,4.07586e-06,3.92497e-06,3.72038e-06,3.59644e-06,3.48112e-06,3.32231e-06,3.22475e-06,3.08928e-06,3.00545e-06,2.88827e-06,2.78026e-06,2.68032e-06,2.58754e-06,2.50116e-06,2.42051e-06,2.34502e-06,2.25155e-06,2.16539e-06,2.10504e-06,2.0297e-06,1.95963e-06,1.8943e-06,1.81858e-06,1.76227e-06,1.70937e-06,1.64759e-06,1.59014e-06,1.53659e-06,1.48655e-06,1.43066e-06,1.37884e-06,1.33845e-06,1.29301e-06,1.24376e-06,1.20445e-06,1.16162e-06,1.12174e-06,1.08451e-06,1.04967e-06,1.01251e-06,9.77898e-07,9.45573e-07,9.11672e-07,8.83519e-07,8.53858e-07,8.23153e-07,7.94583e-07,7.6793e-07,7.43008e-07,7.174e-07,6.93498e-07,6.69177e-07,6.46505e-07,6.25319e-07,6.03881e-07,5.83865e-07,5.63743e-07,5.44961e-07,5.2618e-07,5.08649e-07,4.91194e-07,4.73915e-07,4.58727e-07,4.42763e-07,4.27874e-07,4.13207e-07,3.99512e-07,3.86044e-07,3.72846e-07,3.59954e-07,3.47925e-07,3.36179e-07,3.24739e-07,3.13622e-07,3.03241e-07,2.92775e-07,2.83008e-07,2.73544e-07,2.64082e-07,2.55253e-07
1.57352e-07,0.00090792,0.00114772,0.000906723,0.000581837,0.000349457,0.000211482,0.000133529,8.91061e-05,6.29129e-05,4.67793e-05,3.63815e-05,2.93853e-05,2.44889e-05,2.09394e-05,1.82851e-05,1.62453e-05,1.46396e-05,1.33488e-05,1.22916e-05,1.14114e-05,1.06678e-05,1.00315e-05,8.99881e-06,8.5735e-06,8.19493e-06,7.85545e-06,7.27063e-06,7.01641e-06,6.56794e-06,6.36876e-06,6.01104e-06,5.84957e-06,5.55557e-06,5.29416e-06,5.05969e-06,4.95115e-06,4.7492e-06,4.56496e-06,4.39596e-06,4.16682e-06,4.02801e-06,3.89885e-06,3.72098e-06,3.61171e-06,3.45999e-06,3.3661e-06,3.23486e-06,3.11388e-06,3.00195e-06,2.89805e-06,2.8013e-06,2.71097e-06,2.62642e-06,2.52174e-06,2.42523e-06,2.35764e-06,2.27326e-06,2.19479e-06,2.12162e-06,2.03681e-06,1.97374e-06,1.9145e-06,1.8453e-06,1.78096e-06,1.72098e-06,1.66493e-06,1.60234e-06,1.5443e-06,1.49906e-06,1.44817e-06,1.39301e-06,1.34898e-06,1.30101e-06,1.25634e-06,1.21465e-06,1.17564e-06,1.13401e-06,1.09524e-06,1.05904e-06,1.02107e-06,9.89541e-07,9.5632e-07,9.21931e-07,8.89932e-07,8.60081e-07,8.32169e-07,8.03487e-07,7.76717e-07,7.49477e-07,7.24085e-07,7.00357e-07,6.76347e-07,6.53929e-07,6.31392e-07,6.10356e-07,5.8932e-07,5.69687e-07,5.50137e-07,5.30784e-07,5.13773e-07,4.95895e-07,4.79219e-07,4.62791e-07,4.47453e-07,4.32368e-07,4.17587e-07,4.03149e-07,3.89675e-07,3.7652e-07,3.63708e-07,3.51257e-07,3.3963e-07,3.27908e-07,3.16968e-07,3.06369e-07,2.95771e-07,2.85883e-07
1.76234e-07,0.00101687,0.00128545,0.00101554,0.00065166,0.000391393,0.000236859,0.000149552,9.9799e-05,7.04625e-05,5.23927e-05,4.07473e-05,3.29115e-05,2.74275e-05,2.34521e-05,2.04793e-05,1.81946e-05,1.63964e-05,1.49506e-05,1.37665e-05,1.27807e-05,1.19479e-05,1.12353e-05,1.00786e-05,9.60235e-06,9.17828e-06,8.7981e-06,8.14309e-06,7.85836e-06,7.35608e-06,7.133e-06,6.73236e-06,6.55151e-06,6.22222e-06,5.92945e-06,5.66685e-06,5.54528e-06,5.3191e-06,5.11274e-06,4.92347e-06,4.66684e-06,4.51136e-06,4.36671e-06,4.16749e-06,4.04512e-06,3.87519e-06,3.77002e-06,3.62304e-06,3.48754e-06,3.36218e-06,3.24581e-06,3.13745e-06,3.03628e-06,2.94159e-06,2.82434e-06,2.71625e-06,2.64055e-06,2.54605e-06,2.45816e-06,2.37621e-06,2.28123e-06,2.21059e-06,2.14423e-06,2.06673e-06,1.99467e-06,1.9275e-06,1.86472e-06,1.79462e-06,1.72961e-06,1.67895e-06,1.62195e-06,1.56017e-06,1.51085e-06,1.45713e-06,1.4071e-06,1.3604e-06,1.31671e-06,1.27009e-06,1.22667e-06,1.18612e-06,1.1436e-06,1.10828e-06,1.07108e-06,1.03256e-06,9.96723e-07,9.6329e-07,9.32028e-07,8.99904e-07,8.69922e-07,8.39413e-07,8.10974e-07,7.84398e-07,7.57507e-07,7.32399e-07,7.07158e-07,6.83598e-07,6.60038e-07,6.38048e-07,6.16153e-07,5.94477e-07,5.75425e-07,5.55401e-07,5.36724e-07,5.18325e-07,5.01147e-07,4.84252e-07,4.67697e-07,4.51526e-07,4.36436e-07,4.21702e-07,4.07352e-07,3.93407e-07,3.80386e-07,3.67257e-07,3.55004e-07,3.43133e-07,3.31264e-07,3.20188e-07
1.97382e-07,0.00113891,0.00143972,0.00113741,0.000729865,0.000438361,0.000265283,0.000167499,0.000111775,7.89179e-05,5.86798e-05,4.56369e-05,3.68609e-05,3.07189e-05,2.62663e-05,2.29368e-05,2.0378e-05,1.83639e-05,1.67447e-05,1.54186e-05,1.43144e-05,1.33817e-05,1.25834e-05,1.1288e-05,1.07546e-05,1.02797e-05,9.85389e-06,9.12024e-06,8.80141e-06,8.23884e-06,7.98899e-06,7.54022e-06,7.33769e-06,6.9689e-06,6.641e-06,6.34686e-06,6.21071e-06,5.95739e-06,5.72627e-06,5.51429e-06,5.22686e-06,5.05272e-06,4.89071e-06,4.66759e-06,4.53053e-06,4.34021e-06,4.22243e-06,4.0578e-06,3.90605e-06,3.76565e-06,3.63531e-06,3.51395e-06,3.40064e-06,3.29458e-06,3.16326e-06,3.0422e-06,2.95742e-06,2.85157e-06,2.75314e-06,2.66135e-06,2.55497e-06,2.47586e-06,2.40154e-06,2.31474e-06,2.23403e-06,2.1588e-06,2.08849e-06,2.00997e-06,1.93717e-06,1.88042e-06,1.81658e-06,1.74739e-06,1.69216e-06,1.63198e-06,1.57595e-06,1.52365e-06,1.47471e-06,1.42251e-06,1.37387e-06,1.32846e-06,1.28083e-06,1.24128e-06,1.1996e-06,1.15647e-06,1.11633e-06,1.07888e-06,1.04387e-06,1.00789e-06,9.74313e-07,9.40143e-07,9.08291e-07,8.78526e-07,8.48408e-07,8.20287e-07,7.92017e-07,7.6563e-07,7.39243e-07,7.14614e-07,6.90091e-07,6.65815e-07,6.44477e-07,6.2205e-07,6.01131e-07,5.80524e-07,5.61284e-07,5.42362e-07,5.23821e-07,5.05709e-07,4.88808e-07,4.72306e-07,4.56234e-07,4.40616e-07,4.26032e-07,4.11328e-07,3.97605e-07,3.84308e-07,3.71015e-07,3.58611e-07
2.21068e-07,0.00127559,0.00161251,0.00127392,0.000817455,0.000490968,0.000297118,0.000187599,0.000125188,8.83883e-05,6.57216e-05,5.11136e-05,4.12843e-05,3.44051e-05,2.94183e-05,2.56892e-05,2.28234e-05,2.05676e-05,1.87541e-05,1.72688e-05,1.60322e-05,1.49875e-05,1.40935e-05,1.26427e-05,1.20451e-05,1.15133e-05,1.10364e-05,1.02147e-05,9.85756e-06,9.2275e-06,8.94764e-06,8.44506e-06,8.21824e-06,7.80517e-06,7.43793e-06,7.10851e-06,6.95598e-06,6.67227e-06,6.41342e-06,6.17598e-06,5.8541e-06,5.65904e-06,5.47762e-06,5.22771e-06,5.07421e-06,4.86104e-06,4.7291e-06,4.54474e-06,4.3748e-06,4.21752e-06,4.07154e-06,3.93562e-06,3.80873e-06,3.68993e-06,3.54286e-06,3.40728e-06,3.3123e-06,3.19376e-06,3.08351e-06,2.98071e-06,2.86156e-06,2.77298e-06,2.68974e-06,2.5925e-06,2.50211e-06,2.41785e-06,2.33912e-06,2.25116e-06,2.16962e-06,2.10608e-06,2.03458e-06,1.95708e-06,1.89522e-06,1.82782e-06,1.76508e-06,1.70649e-06,1.65168e-06,1.59321e-06,1.53874e-06,1.48788e-06,1.43453e-06,1.39023e-06,1.34356e-06,1.29525e-06,1.25028e-06,1.20835e-06,1.16914e-06,1.12884e-06,1.09123e-06,1.05297e-06,1.01728e-06,9.83949e-07,9.50219e-07,9.18718e-07,8.87057e-07,8.57508e-07,8.2795e-07,8.00371e-07,7.72902e-07,7.45716e-07,7.21817e-07,6.96697e-07,6.73268e-07,6.50188e-07,6.2864e-07,6.07448e-07,5.86677e-07,5.66394e-07,5.47467e-07,5.28982e-07,5.10984e-07,4.93489e-07,4.77158e-07,4.60688e-07,4.45318e-07,4.30426e-07,4.15537e-07,4.01644e-07
2.47596e-07,0.00142867,0.00180603,0.0014268,0.000915557,0.000549886,0.000332773,0.000210112,0.000140211,9.8995e-05,7.36082e-05,5.72472e-05,4.62385e-05,3.85338e-05,3.29486e-05,2.87719e-05,2.55622e-05,2.30357e-05,2.10046e-05,1.9341e-05,1.79561e-05,1.6786e-05,1.57847e-05,1.41598e-05,1.34905e-05,1.28948e-05,1.23607e-05,1.14405e-05,1.10405e-05,1.03347e-05,1.00214e-05,9.45849e-06,9.20442e-06,8.74178e-06,8.33046e-06,7.96151e-06,7.79069e-06,7.47297e-06,7.18305e-06,6.91712e-06,6.55658e-06,6.33813e-06,6.13493e-06,5.85504e-06,5.68309e-06,5.44438e-06,5.29659e-06,5.09011e-06,4.89976e-06,4.72362e-06,4.56013e-06,4.40788e-06,4.26576e-06,4.13274e-06,3.96801e-06,3.81614e-06,3.70979e-06,3.57701e-06,3.45353e-06,3.33841e-06,3.20495e-06,3.10573e-06,3.0125e-06,2.90361e-06,2.80236e-06,2.708e-06,2.61981e-06,2.52131e-06,2.42998e-06,2.35881e-06,2.27873e-06,2.19192e-06,2.12264e-06,2.04716e-06,1.97687e-06,1.91127e-06,1.84988e-06,1.78439e-06,1.72338e-06,1.66642e-06,1.60668e-06,1.55706e-06,1.50478e-06,1.45067e-06,1.40033e-06,1.35335e-06,1.30943e-06,1.2643e-06,1.22218e-06,1.17931e-06,1.13936e-06,1.10203e-06,1.06424e-06,1.02897e-06,9.93505e-07,9.60406e-07,9.27306e-07,8.96414e-07,8.65653e-07,8.35195e-07,8.08432e-07,7.80302e-07,7.54059e-07,7.28208e-07,7.04077e-07,6.80341e-07,6.57082e-07,6.34362e-07,6.13162e-07,5.92462e-07,5.72298e-07,5.52708e-07,5.34415e-07,5.15968e-07,4.98757e-07,4.82076e-07,4.654e-07,4.49843e-07
2.77308e-07,0.00160014,0.00202279,0.00159804,0.00102543,0.000615877,0.000372708,0.000235325,0.000157037,0.000110875,8.24414e-05,6.4117e-05,5.17872e-05,4.31579e-05,3.69024e-05,3.22246e-05,2.86298e-05,2.58e-05,2.35252e-05,2.1662e-05,2.01108e-05,1.88003e-05,1.7679e-05,1.5859e-05,1.51094e-05,1.44423e-05,1.3844e-05,1.28133e-05,1.23653e-05,1.1575e-05,1.1224e-05,1.05935e-05,1.0309e-05,9.79079e-06,9.33011e-06,8.91693e-06,8.72561e-06,8.36975e-06,8.04502e-06,7.74719e-06,7.34336e-06,7.09872e-06,6.87114e-06,6.55764e-06,6.36509e-06,6.09769e-06,5.93224e-06,5.70093e-06,5.48772e-06,5.29048e-06,5.10736e-06,4.93686e-06,4.77765e-06,4.62865e-06,4.44418e-06,4.27409e-06,4.15496e-06,4.00625e-06,3.86798e-06,3.73901e-06,3.58957e-06,3.47842e-06,3.374e-06,3.25204e-06,3.13866e-06,3.03296e-06,2.9342e-06,2.82387e-06,2.72159e-06,2.64187e-06,2.55217e-06,2.45497e-06,2.37737e-06,2.29283e-06,2.21411e-06,2.14062e-06,2.07188e-06,1.99852e-06,1.93019e-06,1.86639e-06,1.79949e-06,1.74391e-06,1.68537e-06,1.62476e-06,1.56837e-06,1.51575e-06,1.46657e-06,1.41602e-06,1.36885e-06,1.32084e-06,1.27608e-06,1.23427e-06,1.19196e-06,1.15244e-06,1.11273e-06,1.07565e-06,1.03859e-06,1.00398e-06,9.69528e-07,9.35426e-07,9.05448e-07,8.73939e-07,8.44545e-07,8.15595e-07,7.88566e-07,7.6198e-07,7.35933e-07,7.10485e-07,6.86744e-07,6.63559e-07,6.40978e-07,6.19035e-07,5.98546e-07,5.77888e-07,5.58606e-07,5.39927e-07,5.21252e-07,5.03823e-07
3.10585e-07,0.00179217,0.00226557,0.00178983,0.0011485,0.000689786,0.000417434,0.000263565,0.000175882,0.00012418,9.23344e-05,7.18111e-05,5.80018e-05,4.8337e-05,4.13308e-05,3.60916e-05,3.20653e-05,2.8896e-05,2.63482e-05,2.42615e-05,2.25241e-05,2.10564e-05,1.98004e-05,1.77621e-05,1.69226e-05,1.61753e-05,1.55053e-05,1.43509e-05,1.38492e-05,1.29639e-05,1.25708e-05,1.18648e-05,1.1546e-05,1.09657e-05,1.04497e-05,9.98696e-06,9.77269e-06,9.37407e-06,9.01041e-06,8.67687e-06,8.22457e-06,7.95056e-06,7.69567e-06,7.34457e-06,7.12889e-06,6.82943e-06,6.64409e-06,6.38506e-06,6.14626e-06,5.92533e-06,5.72024e-06,5.52928e-06,5.35097e-06,5.18411e-06,4.97748e-06,4.78698e-06,4.65356e-06,4.48702e-06,4.33212e-06,4.18769e-06,4.02032e-06,3.89582e-06,3.77887e-06,3.64228e-06,3.51531e-06,3.39691e-06,3.2863e-06,3.16273e-06,3.04817e-06,2.95889e-06,2.85843e-06,2.74957e-06,2.66266e-06,2.56796e-06,2.4798e-06,2.39749e-06,2.32049e-06,2.23835e-06,2.16182e-06,2.09036e-06,2.01542e-06,1.95318e-06,1.88761e-06,1.81974e-06,1.75657e-06,1.69765e-06,1.64255e-06,1.58594e-06,1.5331e-06,1.47934e-06,1.42921e-06,1.38238e-06,1.33499e-06,1.29074e-06,1.24626e-06,1.20474e-06,1.16322e-06,1.12446e-06,1.08588e-06,1.04767e-06,1.0141e-06,9.78807e-07,9.45896e-07,9.13469e-07,8.83194e-07,8.5342e-07,8.24245e-07,7.95747e-07,7.6915e-07,7.43185e-07,7.17893e-07,6.9332e-07,6.70371e-07,6.47233e-07,6.25639e-07,6.04718e-07,5.838e-07,5.64283e-07
3.47855e-07,0.00200726,0.00253749,0.00200465,0.00128633,0.000772566,0.000467528,0.000295193,0.000196988,0.000139082,0.000103415,8.04284e-05,6.49619e-05,5.41373e-05,4.62904e-05,4.04226e-05,3.59133e-05,3.23636e-05,2.951e-05,2.71729e-05,2.52269e-05,2.35832e-05,2.21765e-05,1.98935e-05,1.89533e-05,1.81164e-05,1.7366e-05,1.6073e-05,1.5511e-05,1.45196e-05,1.40793e-05,1.32886e-05,1.29315e-05,1.22816e-05,1.17037e-05,1.11853e-05,1.09454e-05,1.04989e-05,1.00917e-05,9.71809e-06,9.21152e-06,8.90466e-06,8.6191e-06,8.22592e-06,7.98434e-06,7.64895e-06,7.44136e-06,7.15127e-06,6.88382e-06,6.63636e-06,6.40665e-06,6.19278e-06,5.99309e-06,5.8062e-06,5.57477e-06,5.36141e-06,5.212e-06,5.02545e-06,4.85197e-06,4.69022e-06,4.50274e-06,4.36333e-06,4.23235e-06,4.07936e-06,3.93714e-06,3.80455e-06,3.68064e-06,3.54227e-06,3.41396e-06,3.31395e-06,3.20145e-06,3.0795e-06,2.98216e-06,2.87612e-06,2.77737e-06,2.6852e-06,2.59896e-06,2.50695e-06,2.42123e-06,2.3412e-06,2.25726e-06,2.18756e-06,2.11412e-06,2.0381e-06,1.96736e-06,1.90137e-06,1.83966e-06,1.77625e-06,1.71708e-06,1.65685e-06,1.60072e-06,1.54827e-06,1.49519e-06,1.44563e-06,1.39581e-06,1.3493e-06,1.3028e-06,1.2594e-06,1.21618e-06,1.1734e-06,1.13579e-06,1.09627e-06,1.0594e-06,1.02308e-06,9.89177e-07,9.55828e-07,9.23155e-07,8.91234e-07,8.61448e-07,8.32366e-07,8.04042e-07,7.76518e-07,7.50813e-07,7.24901e-07,7.00715e-07,6.77285e-07,6.53857e-07,6.31995e-07
3.89598e-07,0.00224817,0.00284206,0.00224525,0.00144071,0.000865283,0.000523635,0.000330619,0.000220626,0.000155772,0.000115825,9.008e-05,7.27575e-05,6.06339e-05,5.18454e-05,4.52734e-05,4.02229e-05,3.62474e-05,3.30513e-05,3.04336e-05,2.82543e-05,2.64132e-05,2.48377e-05,2.22808e-05,2.12277e-05,2.02904e-05,1.94499e-05,1.80018e-05,1.73724e-05,1.6262e-05,1.57688e-05,1.48832e-05,1.44833e-05,1.37554e-05,1.31082e-05,1.25276e-05,1.22589e-05,1.17589e-05,1.13027e-05,1.08843e-05,1.03169e-05,9.97319e-06,9.65343e-06,9.21301e-06,8.94249e-06,8.56684e-06,8.33434e-06,8.00943e-06,7.70988e-06,7.43272e-06,7.17546e-06,6.93593e-06,6.71227e-06,6.50294e-06,6.24374e-06,6.00477e-06,5.83744e-06,5.62851e-06,5.43423e-06,5.25304e-06,5.04309e-06,4.88693e-06,4.74023e-06,4.56889e-06,4.40959e-06,4.2611e-06,4.12233e-06,3.96734e-06,3.82364e-06,3.71163e-06,3.58562e-06,3.44905e-06,3.34003e-06,3.22126e-06,3.11066e-06,3.00742e-06,2.91084e-06,2.80778e-06,2.71178e-06,2.62216e-06,2.52815e-06,2.45007e-06,2.36781e-06,2.28267e-06,2.20344e-06,2.12954e-06,2.06042e-06,1.98941e-06,1.92313e-06,1.85569e-06,1.79281e-06,1.73406e-06,1.67462e-06,1.61911e-06,1.5633e-06,1.51123e-06,1.45914e-06,1.41053e-06,1.36212e-06,1.3142e-06,1.27208e-06,1.22782e-06,1.18653e-06,1.14586e-06,1.10788e-06,1.07053e-06,1.03393e-06,9.98185e-07,9.64823e-07,9.32253e-07,9.00528e-07,8.69699e-07,8.40912e-07,8.11888e-07,7.84803e-07,7.58559e-07,7.32322e-07,7.07836e-07
4.36349e-07,0.00251799,0.00318316,0.00251473,0.00161362,0.000969124,0.000586473,0.000370293,0.000247102,0.000174465,0.000129724,0.00010089,8.14884e-05,6.791e-05,5.80668e-05,5.07061e-05,4.50495e-05,4.05969e-05,3.70173e-05,3.40856e-05,3.16447e-05,2.95827e-05,2.78181e-05,2.49544e-05,2.3775e-05,2.27252e-05,2.17838e-05,2.0162e-05,1.94571e-05,1.82134e-05,1.76611e-05,1.66691e-05,1.62213e-05,1.5406e-05,1.46811e-05,1.40309e-05,1.37299e-05,1.31699e-05,1.2659e-05,1.21904e-05,1.15549e-05,1.117e-05,1.08118e-05,1.03186e-05,1.00156e-05,9.59484e-06,9.33444e-06,8.97054e-06,8.63504e-06,8.32464e-06,8.0365e-06,7.76821e-06,7.51776e-06,7.28328e-06,6.99296e-06,6.72536e-06,6.53791e-06,6.30394e-06,6.08633e-06,5.88342e-06,5.64825e-06,5.47334e-06,5.30906e-06,5.11716e-06,4.93875e-06,4.77242e-06,4.617e-06,4.44342e-06,4.28246e-06,4.15701e-06,4.0159e-06,3.86294e-06,3.74083e-06,3.60781e-06,3.48394e-06,3.36832e-06,3.26012e-06,3.14472e-06,3.0372e-06,2.9368e-06,2.83152e-06,2.74408e-06,2.65195e-06,2.55659e-06,2.46785e-06,2.38508e-06,2.30767e-06,2.22814e-06,2.1539e-06,2.07836e-06,2.00794e-06,1.94215e-06,1.87556e-06,1.81339e-06,1.7509e-06,1.69257e-06,1.63424e-06,1.57978e-06,1.52557e-06,1.47191e-06,1.42474e-06,1.37515e-06,1.32891e-06,1.28335e-06,1.24082e-06,1.19899e-06,1.158e-06,1.11797e-06,1.0806e-06,1.04412e-06,1.00859e-06,9.74061e-07,9.41822e-07,9.09314e-07,8.7898e-07,8.49586e-07,8.20198e-07,7.92776e-07
4.88711e-07,0.00282021,0.00356525,0.00281657,0.00180728,0.00108543,0.000656855,0.000414732,0.000276756,0.0001954,0.000145291,0.000112997,9.12672e-05,7.60593e-05,6.50349e-05,5.67909e-05,5.04556e-05,4.54686e-05,4.14594e-05,3.81759e-05,3.54421e-05,3.31327e-05,3.11563e-05,2.7949e-05,2.6628e-05,2.54523e-05,2.43979e-05,2.25815e-05,2.17919e-05,2.0399e-05,1.97804e-05,1.86694e-05,1.81679e-05,1.72548e-05,1.64428e-05,1.57147e-05,1.53775e-05,1.47503e-05,1.41781e-05,1.36532e-05,1.29415e-05,1.25104e-05,1.21092e-05,1.15568e-05,1.12174e-05,1.07462e-05,1.04546e-05,1.0047e-05,9.67126e-06,9.32362e-06,9.0009e-06,8.70041e-06,8.41986e-06,8.15727e-06,7.83215e-06,7.53238e-06,7.32247e-06,7.06041e-06,6.81668e-06,6.58944e-06,6.32603e-06,6.13016e-06,5.94615e-06,5.73121e-06,5.5314e-06,5.34511e-06,5.17104e-06,4.97663e-06,4.79636e-06,4.65587e-06,4.49781e-06,4.32648e-06,4.18972e-06,4.04075e-06,3.90201e-06,3.77251e-06,3.65134e-06,3.52208e-06,3.40166e-06,3.28922e-06,3.17129e-06,3.07336e-06,2.97018e-06,2.86338e-06,2.76399e-06,2.67129e-06,2.5846e-06,2.49551e-06,2.41237e-06,2.32777e-06,2.2489e-06,2.1752e-06,2.10064e-06,2.03101e-06,1.96101e-06,1.89568e-06,1.83034e-06,1.76936e-06,1.70865e-06,1.64854e-06,1.5957e-06,1.54017e-06,1.48838e-06,1.43736e-06,1.38972e-06,1.34287e-06,1.29696e-06,1.25212e-06,1.21027e-06,1.16942e-06,1.12962e-06,1.09095e-06,1.05484e-06,1.01844e-06,9.84455e-07,9.51536e-07,9.18623e-07,8.87909e-07
5.47357e-07,0.00315872,0.00399319,0.00315462,0.00202419,0.0012157,0.000735685,0.000464503,0.000309968,0.000218849,0.000162726,0.000126557,0.000102219,8.51867e-05,7.28391e-05,6.36059e-05,5.65103e-05,5.09249e-05,4.64348e-05,4.27571e-05,3.96953e-05,3.71087e-05,3.48952e-05,3.13029e-05,2.98234e-05,2.85066e-05,2.73257e-05,2.52913e-05,2.4407e-05,2.2847e-05,2.21541e-05,2.09097e-05,2.0348e-05,1.93253e-05,1.8416e-05,1.76004e-05,1.72228e-05,1.65204e-05,1.58794e-05,1.52916e-05,1.44945e-05,1.40117e-05,1.35624e-05,1.29437e-05,1.25635e-05,1.20358e-05,1.17092e-05,1.12526e-05,1.08318e-05,1.04425e-05,1.0081e-05,9.74448e-06,9.43029e-06,9.13616e-06,8.772e-06,8.43628e-06,8.20118e-06,7.90767e-06,7.63469e-06,7.38018e-06,7.08516e-06,6.86579e-06,6.65969e-06,6.41898e-06,6.19517e-06,5.98653e-06,5.79157e-06,5.57382e-06,5.37194e-06,5.21459e-06,5.03755e-06,4.84568e-06,4.6925e-06,4.52564e-06,4.37027e-06,4.22522e-06,4.08952e-06,3.94473e-06,3.80987e-06,3.68394e-06,3.55186e-06,3.44218e-06,3.32662e-06,3.20699e-06,3.09568e-06,2.99184e-06,2.89475e-06,2.79498e-06,2.70185e-06,2.6071e-06,2.51877e-06,2.43623e-06,2.35271e-06,2.27473e-06,2.19633e-06,2.12316e-06,2.04999e-06,1.98169e-06,1.91369e-06,1.84636e-06,1.78719e-06,1.725e-06,1.66699e-06,1.60985e-06,1.55649e-06,1.50402e-06,1.4526e-06,1.40238e-06,1.35551e-06,1.30975e-06,1.26518e-06,1.22187e-06,1.18142e-06,1.14065e-06,1.10259e-06,1.06572e-06,1.02886e-06,9.94462e-07
6.13039e-07,0.00353784,0.00447254,0.00353328,0.00226714,0.0013616,0.000823971,0.000520244,0.000347164,0.000245113,0.000182254,0.000141743,0.000114486,9.5409e-05,8.158e-05,7.12387e-05,6.32916e-05,5.70359e-05,5.20069e-05,4.78879e-05,4.44586e-05,4.15617e-05,3.90825e-05,3.50592e-05,3.34023e-05,3.19273e-05,3.06047e-05,2.83262e-05,2.73358e-05,2.55886e-05,2.48126e-05,2.3419e-05,2.27898e-05,2.16444e-05,2.06259e-05,1.97125e-05,1.92896e-05,1.85028e-05,1.7785e-05,1.71266e-05,1.62339e-05,1.56931e-05,1.51899e-05,1.44969e-05,1.40712e-05,1.34801e-05,1.31142e-05,1.2603e-05,1.21316e-05,1.16955e-05,1.12907e-05,1.09138e-05,1.05619e-05,1.02325e-05,9.82465e-06,9.44865e-06,9.18532e-06,8.85656e-06,8.55086e-06,8.26579e-06,7.93537e-06,7.68968e-06,7.45885e-06,7.18923e-06,6.93857e-06,6.70491e-06,6.48655e-06,6.24268e-06,6.01656e-06,5.84033e-06,5.64204e-06,5.42715e-06,5.25559e-06,5.06871e-06,4.89468e-06,4.73224e-06,4.58026e-06,4.4181e-06,4.26706e-06,4.126e-06,3.97808e-06,3.85523e-06,3.72581e-06,3.59183e-06,3.46716e-06,3.35086e-06,3.24212e-06,3.13037e-06,3.02607e-06,2.91995e-06,2.82102e-06,2.72858e-06,2.63504e-06,2.5477e-06,2.45989e-06,2.37794e-06,2.29599e-06,2.21949e-06,2.14333e-06,2.06792e-06,2.00165e-06,1.93199e-06,1.86703e-06,1.80302e-06,1.74327e-06,1.6845e-06,1.62691e-06,1.57066e-06,1.51817e-06,1.46692e-06,1.417e-06,1.36849e-06,1.32319e-06,1.27752e-06,1.2349e-06,1.19361e-06,1.15232e-06,1.11379e-06
6.86604e-07,0.00396248,0.00500944,0.00395742,0.00253925,0.00152501,0.000922858,0.000582677,0.000388827,0.000274527,0.000204125,0.000158753,0.000128224,0.000106858,9.13696e-05,7.97875e-05,7.08866e-05,6.38803e-05,5.82477e-05,5.36346e-05,4.97938e-05,4.65492e-05,4.37725e-05,3.92663e-05,3.74105e-05,3.57586e-05,3.42773e-05,3.17254e-05,3.06161e-05,2.86592e-05,2.77901e-05,2.62292e-05,2.55246e-05,2.42417e-05,2.31011e-05,2.2078e-05,2.16044e-05,2.07232e-05,1.99192e-05,1.91818e-05,1.81819e-05,1.75762e-05,1.70126e-05,1.62365e-05,1.57597e-05,1.50977e-05,1.4688e-05,1.41153e-05,1.35874e-05,1.3099e-05,1.26456e-05,1.22235e-05,1.18293e-05,1.14604e-05,1.10036e-05,1.05825e-05,1.02876e-05,9.91936e-06,9.57695e-06,9.25769e-06,8.88764e-06,8.61245e-06,8.35391e-06,8.05196e-06,7.77121e-06,7.50951e-06,7.26496e-06,6.99182e-06,6.73857e-06,6.54117e-06,6.3191e-06,6.07841e-06,5.88628e-06,5.67697e-06,5.48205e-06,5.30012e-06,5.12989e-06,4.94828e-06,4.77911e-06,4.62113e-06,4.45545e-06,4.31786e-06,4.1729e-06,4.02285e-06,3.88322e-06,3.75297e-06,3.63117e-06,3.50601e-06,3.38921e-06,3.27035e-06,3.15954e-06,3.05601e-06,2.95124e-06,2.85342e-06,2.75508e-06,2.66329e-06,2.5715e-06,2.48583e-06,2.40053e-06,2.31608e-06,2.24185e-06,2.16384e-06,2.09107e-06,2.01939e-06,1.95246e-06,1.88664e-06,1.82214e-06,1.75914e-06,1.70035e-06,1.64295e-06,1.58704e-06,1.53271e-06,1.48198e-06,1.43083e-06,1.38309e-06,1.33684e-06,1.2906e-06,1.24745e-06
7.68997e-07,0.00443815,0.0056108,0.00443246,0.00284403,0.00170804,0.00103361,0.000652605,0.000435489,0.000307472,0.000228621,0.000177804,0.000143612,0.000119682,0.000102334,8.93622e-05,7.93933e-05,7.15461e-05,6.52376e-05,6.00709e-05,5.57691e-05,5.21351e-05,4.90252e-05,4.39784e-05,4.18998e-05,4.00498e-05,3.83906e-05,3.55325e-05,3.42901e-05,3.20984e-05,3.1125e-05,2.93768e-05,2.85876e-05,2.71508e-05,2.58733e-05,2.47273e-05,2.41969e-05,2.321e-05,2.23095e-05,2.14836e-05,2.03638e-05,1.96854e-05,1.90542e-05,1.81849e-05,1.76509e-05,1.69095e-05,1.64506e-05,1.58092e-05,1.5218e-05,1.46709e-05,1.41631e-05,1.36903e-05,1.32489e-05,1.28357e-05,1.2324e-05,1.18524e-05,1.15221e-05,1.11097e-05,1.07262e-05,1.03686e-05,9.95416e-06,9.64593e-06,9.3564e-06,9.0182e-06,8.70376e-06,8.41066e-06,8.13675e-06,7.83084e-06,7.54719e-06,7.32613e-06,7.0774e-06,6.80784e-06,6.59263e-06,6.3582e-06,6.13992e-06,5.93613e-06,5.74547e-06,5.54207e-06,5.3526e-06,5.17566e-06,4.99011e-06,4.83601e-06,4.67365e-06,4.5056e-06,4.34921e-06,4.20332e-06,4.06691e-06,3.92674e-06,3.79592e-06,3.66279e-06,3.53869e-06,3.42273e-06,3.30539e-06,3.19584e-06,3.08569e-06,2.98289e-06,2.88008e-06,2.78413e-06,2.68859e-06,2.59401e-06,2.51088e-06,2.4235e-06,2.34201e-06,2.26172e-06,2.18676e-06,2.11304e-06,2.0408e-06,1.97024e-06,1.90439e-06,1.8401e-06,1.77749e-06,1.71664e-06,1.65982e-06,1.60253e-06,1.54907e-06,1.49726e-06,1.44547e-06,1.39715e-06
8.61276e-07,0.00497088,0.0062844,0.00496457,0.0031854,0.00191304,0.00115766,0.000730922,0.000487749,0.000344369,0.000256055,0.000199141,0.000160846,0.000134044,0.000114615,0.000100086,8.89204e-05,8.01317e-05,7.30661e-05,6.72794e-05,6.24615e-05,5.83913e-05,5.49084e-05,4.92558e-05,4.69278e-05,4.48557e-05,4.29975e-05,3.97964e-05,3.84049e-05,3.59502e-05,3.48599e-05,3.2902e-05,3.20181e-05,3.04088e-05,2.89781e-05,2.76946e-05,2.71006e-05,2.59952e-05,2.49867e-05,2.40617e-05,2.28074e-05,2.20476e-05,2.13407e-05,2.03671e-05,1.9769e-05,1.89385e-05,1.84246e-05,1.77063e-05,1.70441e-05,1.64314e-05,1.58627e-05,1.53332e-05,1.48387e-05,1.4376e-05,1.38029e-05,1.32747e-05,1.29047e-05,1.24429e-05,1.20134e-05,1.16128e-05,1.11487e-05,1.08034e-05,1.04791e-05,1.01004e-05,9.74821e-06,9.41993e-06,9.11317e-06,8.77054e-06,8.45285e-06,8.20525e-06,7.92669e-06,7.62477e-06,7.38375e-06,7.12119e-06,6.87669e-06,6.64847e-06,6.43494e-06,6.20713e-06,5.99491e-06,5.79674e-06,5.58893e-06,5.41634e-06,5.23449e-06,5.04627e-06,4.87112e-06,4.70772e-06,4.55495e-06,4.39795e-06,4.25143e-06,4.10233e-06,3.96334e-06,3.83346e-06,3.70204e-06,3.57933e-06,3.45598e-06,3.34083e-06,3.22569e-06,3.11823e-06,3.01122e-06,2.90529e-06,2.81218e-06,2.71432e-06,2.62304e-06,2.53313e-06,2.44917e-06,2.36661e-06,2.2857e-06,2.20667e-06,2.13292e-06,2.06091e-06,1.99078e-06,1.92264e-06,1.85899e-06,1.79483e-06,1.73495e-06,1.67694e-06,1.61893e-06,1.5648e-06
9.64629e-07,0.00556761,0.00703889,0.00556057,0.00356777,0.00214264,0.00129659,0.000818639,0.000546283,0.000385695,0.000286783,0.000223039,0.000180147,0.00015013,0.000128369,0.000112096,9.95911e-05,8.97476e-05,8.18342e-05,7.5353e-05,6.99569e-05,6.53984e-05,6.14974e-05,5.51666e-05,5.25592e-05,5.02385e-05,4.81573e-05,4.4572e-05,4.30136e-05,4.02642e-05,3.90431e-05,3.68502e-05,3.58603e-05,3.4058e-05,3.24554e-05,3.1018e-05,3.03526e-05,2.91146e-05,2.79851e-05,2.69491e-05,2.55444e-05,2.46933e-05,2.39016e-05,2.28111e-05,2.21413e-05,2.12112e-05,2.06356e-05,1.9831e-05,1.90894e-05,1.84032e-05,1.77662e-05,1.71731e-05,1.66194e-05,1.61011e-05,1.54593e-05,1.48677e-05,1.44533e-05,1.3936e-05,1.3455e-05,1.30064e-05,1.24865e-05,1.20999e-05,1.17367e-05,1.13124e-05,1.0918e-05,1.05503e-05,1.02067e-05,9.823e-06,9.4672e-06,9.18988e-06,8.87789e-06,8.53973e-06,8.2698e-06,7.97574e-06,7.7019e-06,7.44629e-06,7.20713e-06,6.95197e-06,6.71431e-06,6.49235e-06,6.25961e-06,6.0663e-06,5.86264e-06,5.65183e-06,5.45565e-06,5.27266e-06,5.10154e-06,4.92571e-06,4.76159e-06,4.59461e-06,4.43894e-06,4.29347e-06,4.14629e-06,4.00886e-06,3.87069e-06,3.74173e-06,3.61278e-06,3.49242e-06,3.37257e-06,3.25393e-06,3.14964e-06,3.04004e-06,2.93781e-06,2.8371e-06,2.74307e-06,2.6506e-06,2.55998e-06,2.47147e-06,2.38887e-06,2.30822e-06,2.22968e-06,2.15335e-06,2.08208e-06,2.01022e-06,1.94315e-06,1.87817e-06,1.8132e-06,1.75258e-06
1.08038e-06,0.00623596,0.00788403,0.00622811,0.00399602,0.00239981,0.0014522,0.000916882,0.000611837,0.000431978,0.000321197,0.000249803,0.000201765,0.000168145,0.000143772,0.000125548,0.000111542,0.000100517,9.16541e-05,8.43951e-05,7.83514e-05,7.32459e-05,6.88768e-05,6.17864e-05,5.88661e-05,5.62668e-05,5.3936e-05,4.99205e-05,4.8175e-05,4.50958e-05,4.37281e-05,4.12721e-05,4.01634e-05,3.81448e-05,3.63499e-05,3.474e-05,3.39948e-05,3.26082e-05,3.13432e-05,3.01829e-05,2.86096e-05,2.76565e-05,2.67697e-05,2.55484e-05,2.47982e-05,2.37565e-05,2.31118e-05,2.22107e-05,2.138e-05,2.06115e-05,1.98981e-05,1.92338e-05,1.86136e-05,1.80331e-05,1.73144e-05,1.66517e-05,1.61876e-05,1.56083e-05,1.50695e-05,1.45671e-05,1.39848e-05,1.35518e-05,1.3145e-05,1.26699e-05,1.22281e-05,1.18163e-05,1.14315e-05,1.10017e-05,1.06032e-05,1.02926e-05,9.9432e-06,9.56447e-06,9.26215e-06,8.9328e-06,8.62611e-06,8.33982e-06,8.07195e-06,7.78619e-06,7.51999e-06,7.27141e-06,7.01072e-06,6.79422e-06,6.56613e-06,6.33002e-06,6.1103e-06,5.90535e-06,5.71371e-06,5.51677e-06,5.33298e-06,5.14594e-06,4.9716e-06,4.80868e-06,4.64382e-06,4.4899e-06,4.33516e-06,4.19073e-06,4.0463e-06,3.91149e-06,3.77726e-06,3.64439e-06,3.52759e-06,3.40484e-06,3.29034e-06,3.17754e-06,3.07223e-06,2.96866e-06,2.86717e-06,2.76803e-06,2.67553e-06,2.5852e-06,2.49723e-06,2.41174e-06,2.33192e-06,2.25143e-06,2.17632e-06,2.10354e-06,2.03078e-06,1.96288e-06
1.21003e-06,0.00698464,0.00883072,0.00697593,0.00447574,0.00268786,0.0016265,0.00102692,0.000685267,0.00048382,0.000359744,0.000279781,0.000225978,0.000188322,0.000161026,0.000140614,0.000124927,0.00011258,0.000102653,9.45229e-05,8.77541e-05,8.20359e-05,7.71424e-05,6.92011e-05,6.59304e-05,6.30192e-05,6.04085e-05,5.59112e-05,5.39562e-05,5.05075e-05,4.89758e-05,4.6225e-05,4.49832e-05,4.27223e-05,4.07121e-05,3.8909e-05,3.80743e-05,3.65214e-05,3.51045e-05,3.3805e-05,3.20429e-05,3.09754e-05,2.99822e-05,2.86143e-05,2.77741e-05,2.66073e-05,2.58853e-05,2.48761e-05,2.39458e-05,2.3085e-05,2.2286e-05,2.1542e-05,2.08474e-05,2.01972e-05,1.93922e-05,1.865e-05,1.81303e-05,1.74813e-05,1.68779e-05,1.63152e-05,1.56631e-05,1.51781e-05,1.47225e-05,1.41903e-05,1.36956e-05,1.32343e-05,1.28034e-05,1.2322e-05,1.18757e-05,1.15278e-05,1.11364e-05,1.07123e-05,1.03737e-05,1.00048e-05,9.66128e-06,9.34064e-06,9.04064e-06,8.72057e-06,8.42242e-06,8.14401e-06,7.85204e-06,7.60957e-06,7.3541e-06,7.08965e-06,6.84358e-06,6.61403e-06,6.39938e-06,6.17881e-06,5.97295e-06,5.76348e-06,5.56821e-06,5.38574e-06,5.20111e-06,5.02871e-06,4.8554e-06,4.69364e-06,4.53188e-06,4.38089e-06,4.23056e-06,4.08173e-06,3.95092e-06,3.81343e-06,3.68519e-06,3.55887e-06,3.44091e-06,3.32492e-06,3.21125e-06,3.10021e-06,2.9966e-06,2.89544e-06,2.79691e-06,2.70116e-06,2.61176e-06,2.52161e-06,2.43749e-06,2.35597e-06,2.27448e-06,2.19844e-06
1.35523e-06,0.00782323,0.00989114,0.00781351,0.00501305,0.00301049,0.0018217,0.00115016,0.000767503,0.000541881,0.000402915,0.000313356,0.000253096,0.000210922,0.000180349,0.000157488,0.000139919,0.000126089,0.000114971,0.000105866,9.82845e-05,9.188e-05,8.63994e-05,7.7505e-05,7.38418e-05,7.05813e-05,6.76575e-05,6.26204e-05,6.04309e-05,5.65683e-05,5.48528e-05,5.17719e-05,5.03811e-05,4.78489e-05,4.55974e-05,4.3578e-05,4.26432e-05,4.09038e-05,3.9317e-05,3.78615e-05,3.5888e-05,3.46923e-05,3.358e-05,3.2048e-05,3.11069e-05,2.98002e-05,2.89915e-05,2.78611e-05,2.68192e-05,2.58552e-05,2.49602e-05,2.4127e-05,2.3349e-05,2.26208e-05,2.17192e-05,2.0888e-05,2.03059e-05,1.95791e-05,1.89032e-05,1.8273e-05,1.75426e-05,1.69994e-05,1.64891e-05,1.58931e-05,1.5339e-05,1.48224e-05,1.43397e-05,1.38006e-05,1.33007e-05,1.29111e-05,1.24728e-05,1.19977e-05,1.16185e-05,1.12053e-05,1.08206e-05,1.04615e-05,1.01255e-05,9.76701e-06,9.4331e-06,9.12129e-06,8.79428e-06,8.5227e-06,8.23658e-06,7.9404e-06,7.66479e-06,7.40769e-06,7.16729e-06,6.92026e-06,6.6897e-06,6.45508e-06,6.23639e-06,6.03202e-06,5.82523e-06,5.63215e-06,5.43804e-06,5.25687e-06,5.07569e-06,4.90659e-06,4.73821e-06,4.57153e-06,4.42502e-06,4.27104e-06,4.1274e-06,3.98592e-06,3.85382e-06,3.7239e-06,3.59659e-06,3.47223e-06,3.35619e-06,3.24288e-06,3.13254e-06,3.0253e-06,2.92516e-06,2.82421e-06,2.72998e-06,2.63869e-06,2.54742e-06,2.46225e-06
1.51786e-06,0.00876255,0.011079,0.00875178,0.0056149,0.00337186,0.00204035,0.0012882,0.000859614,0.000606913,0.000451268,0.00035096,0.000283469,0.000236234,0.000201992,0.000176387,0.00015671,0.00014122,0.000128769,0.00011857,0.000110079,0.000102906,9.67676e-05,8.68059e-05,8.27031e-05,7.90513e-05,7.57766e-05,7.0135e-05,6.76828e-05,6.33566e-05,6.14353e-05,5.79846e-05,5.6427e-05,5.35909e-05,5.10693e-05,4.88075e-05,4.77605e-05,4.58124e-05,4.40351e-05,4.2405e-05,4.01946e-05,3.88555e-05,3.76097e-05,3.58938e-05,3.48398e-05,3.33763e-05,3.24705e-05,3.12046e-05,3.00376e-05,2.89579e-05,2.79556e-05,2.70223e-05,2.61509e-05,2.53354e-05,2.43255e-05,2.33946e-05,2.27426e-05,2.19286e-05,2.11717e-05,2.04658e-05,1.96478e-05,1.90394e-05,1.84679e-05,1.78004e-05,1.71797e-05,1.66012e-05,1.60605e-05,1.54567e-05,1.48968e-05,1.44605e-05,1.39696e-05,1.34375e-05,1.30127e-05,1.255e-05,1.21191e-05,1.17169e-05,1.13406e-05,1.09391e-05,1.05651e-05,1.02159e-05,9.84961e-06,9.54546e-06,9.22499e-06,8.89326e-06,8.58459e-06,8.29664e-06,8.02738e-06,7.75071e-06,7.49248e-06,7.22971e-06,6.98477e-06,6.75588e-06,6.52427e-06,6.30802e-06,6.09062e-06,5.8877e-06,5.68479e-06,5.49539e-06,5.30681e-06,5.12012e-06,4.95603e-06,4.78357e-06,4.62271e-06,4.46424e-06,4.31628e-06,4.17078e-06,4.02819e-06,3.88891e-06,3.75895e-06,3.63204e-06,3.50845e-06,3.38835e-06,3.27619e-06,3.16312e-06,3.05759e-06,2.95534e-06,2.85311e-06,2.75772e-06
1.70001e-06,0.00981478,0.0124097,0.00980282,0.00628906,0.00377664,0.00228526,0.00144282,0.000962781,0.000679751,0.000505425,0.000393079,0.000317488,0.000264584,0.000226233,0.000197554,0.000175516,0.000158168,0.000144222,0.000132799,0.000123289,0.000115255,0.00010838,9.72234e-05,9.2628e-05,8.85379e-05,8.48702e-05,7.85517e-05,7.58051e-05,7.09598e-05,6.88079e-05,6.49431e-05,6.31985e-05,6.00222e-05,5.71979e-05,5.46647e-05,5.3492e-05,5.13101e-05,4.93195e-05,4.74938e-05,4.50182e-05,4.35184e-05,4.2123e-05,4.02013e-05,3.90208e-05,3.73816e-05,3.63672e-05,3.49493e-05,3.36423e-05,3.2433e-05,3.13104e-05,3.02651e-05,2.92892e-05,2.83758e-05,2.72448e-05,2.62021e-05,2.54718e-05,2.45602e-05,2.37124e-05,2.29218e-05,2.20056e-05,2.13242e-05,2.06841e-05,1.99365e-05,1.92414e-05,1.85934e-05,1.79879e-05,1.73116e-05,1.66845e-05,1.61958e-05,1.5646e-05,1.505e-05,1.45743e-05,1.40561e-05,1.35735e-05,1.3123e-05,1.27015e-05,1.22518e-05,1.1833e-05,1.14418e-05,1.10316e-05,1.0691e-05,1.0332e-05,9.9605e-06,9.61479e-06,9.29228e-06,8.99071e-06,8.68083e-06,8.39161e-06,8.09732e-06,7.82298e-06,7.56663e-06,7.30722e-06,7.06502e-06,6.82152e-06,6.59426e-06,6.367e-06,6.15487e-06,5.94365e-06,5.73457e-06,5.55078e-06,5.35762e-06,5.17746e-06,4.99998e-06,4.83426e-06,4.67129e-06,4.5116e-06,4.3556e-06,4.21004e-06,4.06791e-06,3.92948e-06,3.79496e-06,3.66935e-06,3.54271e-06,3.42452e-06,3.31e-06,3.1955e-06,3.08866e-06
1.90401e-06,0.0109934,0.0139004,0.0109802,0.00704419,0.00423,0.00255956,0.00161598,0.00107833,0.000761328,0.000566079,0.000440252,0.000355588,0.000296335,0.000253383,0.000221262,0.000196578,0.000177149,0.000161528,0.000148735,0.000138085,0.000129086,0.000121387,0.00010889,0.000103743,9.91623e-05,9.50548e-05,8.79779e-05,8.49015e-05,7.94747e-05,7.70649e-05,7.27363e-05,7.07824e-05,6.72248e-05,6.40616e-05,6.12245e-05,5.99111e-05,5.74674e-05,5.52379e-05,5.31931e-05,5.04204e-05,4.87406e-05,4.71778e-05,4.50255e-05,4.37033e-05,4.18674e-05,4.07312e-05,3.91432e-05,3.76793e-05,3.63249e-05,3.50676e-05,3.38969e-05,3.28039e-05,3.17809e-05,3.05141e-05,2.93463e-05,2.85285e-05,2.75074e-05,2.65579e-05,2.56725e-05,2.46463e-05,2.38832e-05,2.31662e-05,2.23289e-05,2.15504e-05,2.08246e-05,2.01464e-05,1.9389e-05,1.86867e-05,1.81393e-05,1.75235e-05,1.68561e-05,1.63232e-05,1.57428e-05,1.52023e-05,1.46978e-05,1.42257e-05,1.37221e-05,1.32529e-05,1.28148e-05,1.23554e-05,1.19739e-05,1.15719e-05,1.11558e-05,1.07686e-05,1.04074e-05,1.00696e-05,9.72254e-06,9.39861e-06,9.06901e-06,8.76174e-06,8.47462e-06,8.18409e-06,7.91282e-06,7.64011e-06,7.38558e-06,7.13104e-06,6.89346e-06,6.6569e-06,6.42272e-06,6.21689e-06,6.00054e-06,5.79875e-06,5.59997e-06,5.41437e-06,5.23185e-06,5.05299e-06,4.87828e-06,4.71525e-06,4.55606e-06,4.40102e-06,4.25036e-06,4.10967e-06,3.96783e-06,3.83546e-06,3.7072e-06,3.57896e-06,3.45931e-06
2.13249e-06,0.0123137,0.0155703,0.012299,0.00789004,0.00473781,0.00286679,0.00180993,0.00120774,0.000852695,0.000634015,0.000493085,0.000398261,0.000331897,0.000283789,0.000247815,0.000220168,0.000198407,0.000180912,0.000166584,0.000154655,0.000144577,0.000135952,0.000121957,0.000116193,0.000111062,0.000106461,9.8535e-05,9.50903e-05,8.90122e-05,8.63126e-05,8.14646e-05,7.9276e-05,7.5292e-05,7.17494e-05,6.85713e-05,6.71002e-05,6.43632e-05,6.18668e-05,5.95762e-05,5.64707e-05,5.45897e-05,5.2839e-05,5.04284e-05,4.89477e-05,4.68916e-05,4.56191e-05,4.38404e-05,4.22008e-05,4.06841e-05,3.92758e-05,3.79648e-05,3.67405e-05,3.55945e-05,3.41757e-05,3.2868e-05,3.1952e-05,3.08084e-05,2.97449e-05,2.87532e-05,2.76039e-05,2.67492e-05,2.59462e-05,2.50085e-05,2.41365e-05,2.33235e-05,2.25641e-05,2.17157e-05,2.09292e-05,2.0316e-05,1.96264e-05,1.88789e-05,1.8282e-05,1.76319e-05,1.70265e-05,1.64615e-05,1.59328e-05,1.53687e-05,1.48433e-05,1.43527e-05,1.38381e-05,1.34107e-05,1.29606e-05,1.24944e-05,1.20608e-05,1.16563e-05,1.12779e-05,1.08893e-05,1.05265e-05,1.01572e-05,9.81314e-06,9.49161e-06,9.16615e-06,8.86238e-06,8.5569e-06,8.27187e-06,7.98674e-06,7.72071e-06,7.45574e-06,7.19344e-06,6.96291e-06,6.7206e-06,6.4946e-06,6.27197e-06,6.06411e-06,5.85969e-06,5.65933e-06,5.46367e-06,5.2811e-06,5.10279e-06,4.92913e-06,4.76042e-06,4.60284e-06,4.44397e-06,4.29571e-06,4.15205e-06,4.00843e-06,3.87442e-06
2.38839e-06,0.0137927,0.017441,0.0137765,0.00883753,0.00530661,0.00321091,0.00202718,0.00135269,0.00095503,0.000710103,0.000552259,0.000446054,0.000371726,0.000317845,0.000277554,0.000246591,0.000222217,0.000202622,0.000186574,0.000173213,0.000161927,0.000152268,0.000136592,0.000130136,0.00012439,0.000119237,0.00011036,0.000106501,9.96938e-05,9.66705e-05,9.1241e-05,8.87898e-05,8.43271e-05,8.03593e-05,7.68004e-05,7.51527e-05,7.20874e-05,6.92906e-05,6.67253e-05,6.32474e-05,6.11402e-05,5.91798e-05,5.64803e-05,5.48218e-05,5.25189e-05,5.10933e-05,4.91013e-05,4.7265e-05,4.55662e-05,4.39889e-05,4.25205e-05,4.11493e-05,3.9866e-05,3.82771e-05,3.68121e-05,3.57862e-05,3.45055e-05,3.33142e-05,3.22038e-05,3.09165e-05,2.9959e-05,2.90598e-05,2.80095e-05,2.70329e-05,2.61224e-05,2.52718e-05,2.43216e-05,2.34407e-05,2.2754e-05,2.19815e-05,2.11443e-05,2.04759e-05,1.97479e-05,1.90698e-05,1.8437e-05,1.78448e-05,1.72131e-05,1.66246e-05,1.6075e-05,1.54987e-05,1.50201e-05,1.45158e-05,1.39938e-05,1.35081e-05,1.3055e-05,1.26313e-05,1.21959e-05,1.17896e-05,1.13762e-05,1.09908e-05,1.06306e-05,1.02662e-05,9.92588e-06,9.58379e-06,9.26452e-06,8.94523e-06,8.64716e-06,8.35044e-06,8.0567e-06,7.79848e-06,7.52707e-06,7.27399e-06,7.02463e-06,6.7918e-06,6.56284e-06,6.33848e-06,6.11932e-06,5.91482e-06,5.71515e-06,5.52064e-06,5.33167e-06,5.15521e-06,4.97727e-06,4.8112e-06,4.65034e-06,4.48947e-06,4.33937e-06
2.67499e-06,0.0154494,0.0195368,0.0154316,0.00989887,0.00594373,0.00359633,0.00227049,0.00151504,0.00106964,0.000795322,0.000618534,0.000499584,0.000416335,0.000355989,0.000310861,0.000276181,0.000248883,0.000226938,0.000208963,0.000193999,0.000181358,0.00017054,0.000152983,0.000145753,0.000139317,0.000133545,0.000123603,0.000119281,0.000111657,0.000108271,0.000102189,9.94446e-05,9.44462e-05,9.00021e-05,8.60162e-05,8.4171e-05,8.0738e-05,7.76053e-05,7.47328e-05,7.08371e-05,6.8477e-05,6.62814e-05,6.32575e-05,6.13999e-05,5.88206e-05,5.72244e-05,5.49936e-05,5.2937e-05,5.1034e-05,4.92674e-05,4.7623e-05,4.60871e-05,4.465e-05,4.28702e-05,4.12297e-05,4.00804e-05,3.86459e-05,3.7312e-05,3.60681e-05,3.46263e-05,3.35542e-05,3.2547e-05,3.13706e-05,3.02767e-05,2.92572e-05,2.83043e-05,2.72402e-05,2.62536e-05,2.54845e-05,2.46194e-05,2.36815e-05,2.2933e-05,2.21175e-05,2.13581e-05,2.06493e-05,1.99861e-05,1.92785e-05,1.86194e-05,1.8004e-05,1.73585e-05,1.68225e-05,1.62577e-05,1.56731e-05,1.51291e-05,1.46216e-05,1.41471e-05,1.36595e-05,1.32044e-05,1.27413e-05,1.23096e-05,1.19063e-05,1.1498e-05,1.1117e-05,1.07338e-05,1.03763e-05,1.00186e-05,9.68484e-06,9.35247e-06,9.02345e-06,8.73429e-06,8.43035e-06,8.14687e-06,7.86756e-06,7.60683e-06,7.35037e-06,7.09912e-06,6.85365e-06,6.62459e-06,6.40094e-06,6.18312e-06,5.97146e-06,5.77382e-06,5.57455e-06,5.38854e-06,5.20836e-06,5.02818e-06,4.8601e-06
2.99599e-06,0.0173055,0.0218849,0.0172858,0.0110878,0.00665739,0.00402806,0.00254301,0.00169688,0.00119802,0.00089077,0.000692766,0.000559539,0.0004663,0.000398709,0.000348166,0.000309325,0.000278751,0.000254171,0.00023404,0.000217281,0.000203122,0.000191004,0.000171341,0.000163243,0.000156035,0.000149571,0.000138436,0.000133596,0.000125056,0.000121264,0.000114452,0.000111378,0.00010578,0.000100803,9.63385e-05,9.42715e-05,9.04265e-05,8.69186e-05,8.37009e-05,7.93378e-05,7.66947e-05,7.42355e-05,7.08486e-05,6.87684e-05,6.58793e-05,6.40914e-05,6.15928e-05,5.92894e-05,5.71581e-05,5.51798e-05,5.33377e-05,5.16179e-05,5.00081e-05,4.80148e-05,4.61773e-05,4.48903e-05,4.32836e-05,4.17894e-05,4.03962e-05,3.87815e-05,3.75807e-05,3.64526e-05,3.5135e-05,3.39101e-05,3.27681e-05,3.1701e-05,3.05092e-05,2.9404e-05,2.85426e-05,2.75737e-05,2.65235e-05,2.56849e-05,2.47716e-05,2.39212e-05,2.31273e-05,2.23845e-05,2.1592e-05,2.08538e-05,2.01645e-05,1.94416e-05,1.88412e-05,1.82087e-05,1.75539e-05,1.69446e-05,1.63762e-05,1.58447e-05,1.52987e-05,1.4789e-05,1.42703e-05,1.37868e-05,1.3335e-05,1.28779e-05,1.24511e-05,1.20219e-05,1.16214e-05,1.12209e-05,1.08471e-05,1.04748e-05,1.01063e-05,9.78241e-06,9.44203e-06,9.1245e-06,8.81171e-06,8.51967e-06,8.23247e-06,7.95098e-06,7.67609e-06,7.41957e-06,7.16907e-06,6.9251e-06,6.68806e-06,6.46669e-06,6.24349e-06,6.0352e-06,5.83338e-06,5.63161e-06,5.4433e-06
3.35551e-06,0.0193848,0.0245157,0.0193632,0.0124197,0.0074568,0.00451163,0.00284826,0.00190055,0.0013418,0.000997676,0.000775906,0.00062669,0.00052226,0.000446558,0.00038995,0.000346446,0.000312203,0.000284674,0.000262126,0.000243355,0.000227497,0.000213926,0.000191903,0.000182833,0.00017476,0.00016752,0.000155049,0.000149627,0.000140063,0.000135816,0.000128187,0.000124744,0.000118474,0.000112899,0.000107899,0.000105584,0.000101278,9.73486e-05,9.37451e-05,8.88584e-05,8.58981e-05,8.31438e-05,7.93506e-05,7.70205e-05,7.37852e-05,7.17828e-05,6.89841e-05,6.64045e-05,6.40173e-05,6.18013e-05,5.97385e-05,5.78119e-05,5.6009e-05,5.37767e-05,5.17185e-05,5.02773e-05,4.84777e-05,4.68043e-05,4.52439e-05,4.34356e-05,4.20905e-05,4.08271e-05,3.93513e-05,3.79793e-05,3.67003e-05,3.55052e-05,3.41702e-05,3.29326e-05,3.19678e-05,3.08825e-05,2.97063e-05,2.87674e-05,2.77444e-05,2.67917e-05,2.59026e-05,2.50707e-05,2.41831e-05,2.33563e-05,2.25843e-05,2.17746e-05,2.11022e-05,2.03937e-05,1.96604e-05,1.8978e-05,1.83414e-05,1.77462e-05,1.71345e-05,1.65637e-05,1.59828e-05,1.54413e-05,1.49353e-05,1.44233e-05,1.39451e-05,1.34646e-05,1.3016e-05,1.25674e-05,1.21487e-05,1.17318e-05,1.13191e-05,1.09563e-05,1.05751e-05,1.02195e-05,9.86911e-06,9.54206e-06,9.22037e-06,8.90514e-06,8.59723e-06,8.30991e-06,8.02938e-06,7.75616e-06,7.49065e-06,7.2427e-06,6.99274e-06,6.75944e-06,6.53339e-06,6.30739e-06,6.09651e-06
3.75817e-06,0.0217143,0.0274635,0.0216907,0.0139118,0.00835229,0.00505328,0.00319016,0.00212867,0.00150285,0.00111741,0.000869025,0.000701899,0.000584936,0.000500149,0.000436746,0.000388022,0.000349668,0.000318835,0.000293583,0.000272558,0.000254797,0.000239598,0.000214932,0.000204773,0.000195732,0.000187623,0.000173654,0.000167583,0.000156871,0.000152114,0.00014357,0.000139713,0.000132691,0.000126447,0.000120847,0.000118255,0.000113431,0.000109031,0.000104995,9.95216e-05,9.62063e-05,9.31213e-05,8.88729e-05,8.62631e-05,8.26397e-05,8.03971e-05,7.72624e-05,7.43728e-05,7.16996e-05,6.92177e-05,6.69071e-05,6.47498e-05,6.27303e-05,6.023e-05,5.79247e-05,5.63105e-05,5.42953e-05,5.24209e-05,5.06732e-05,4.86478e-05,4.71416e-05,4.57265e-05,4.40737e-05,4.25368e-05,4.11045e-05,3.97658e-05,3.82708e-05,3.68844e-05,3.5804e-05,3.45885e-05,3.3271e-05,3.22194e-05,3.10737e-05,3.00068e-05,2.9011e-05,2.80793e-05,2.70851e-05,2.61592e-05,2.52945e-05,2.43877e-05,2.36345e-05,2.2841e-05,2.20197e-05,2.12554e-05,2.05424e-05,1.98758e-05,1.91907e-05,1.85514e-05,1.79008e-05,1.72942e-05,1.67275e-05,1.61541e-05,1.56186e-05,1.50803e-05,1.45779e-05,1.40755e-05,1.36066e-05,1.31396e-05,1.26774e-05,1.22711e-05,1.18441e-05,1.14458e-05,1.10535e-05,1.06871e-05,1.03268e-05,9.97377e-06,9.62893e-06,9.30711e-06,8.99294e-06,8.68691e-06,8.38952e-06,8.11184e-06,7.83187e-06,7.57059e-06,7.3174e-06,7.06431e-06,6.82811e-06
4.20915e-06,0.0243242,0.0307664,0.0242985,0.0155834,0.00935538,0.00566001,0.00357311,0.00238416,0.00168323,0.00125152,0.00097332,0.000786136,0.000655135,0.000560171,0.00048916,0.000434588,0.000391632,0.000357098,0.000328815,0.000305267,0.000285374,0.000268351,0.000240725,0.000229347,0.00021922,0.000210139,0.000194494,0.000187693,0.000175696,0.000170368,0.000160798,0.000156479,0.000148615,0.000141621,0.000135349,0.000132446,0.000127043,0.000122115,0.000117594,0.000111464,0.000107751,0.000104296,9.95379e-05,9.66152e-05,9.25565e-05,9.00448e-05,8.6534e-05,8.3298e-05,8.03038e-05,7.75241e-05,7.49362e-05,7.25199e-05,7.0258e-05,6.74577e-05,6.4876e-05,6.3068e-05,6.08108e-05,5.87117e-05,5.67543e-05,5.44856e-05,5.27985e-05,5.12138e-05,4.93627e-05,4.76414e-05,4.6037e-05,4.45379e-05,4.28633e-05,4.13108e-05,4.01006e-05,3.87393e-05,3.72638e-05,3.60859e-05,3.48027e-05,3.36078e-05,3.24924e-05,3.14488e-05,3.03354e-05,2.92983e-05,2.83298e-05,2.73141e-05,2.64706e-05,2.5582e-05,2.46622e-05,2.38061e-05,2.30076e-05,2.22609e-05,2.14937e-05,2.07776e-05,2.00489e-05,1.93696e-05,1.87349e-05,1.80926e-05,1.74929e-05,1.689e-05,1.63274e-05,1.57646e-05,1.52394e-05,1.47164e-05,1.41987e-05,1.37437e-05,1.32654e-05,1.28193e-05,1.23799e-05,1.19696e-05,1.15661e-05,1.11707e-05,1.07844e-05,1.0424e-05,1.00721e-05,9.72934e-06,9.39629e-06,9.08526e-06,8.77172e-06,8.47907e-06,8.19552e-06,7.91204e-06,7.64752e-06
4.71425e-06,0.0272484,0.0344673,0.0272203,0.0174561,0.0104791,0.00633962,0.00400207,0.00267036,0.00188525,0.00140173,0.00109013,0.000880484,0.00073376,0.000627398,0.000547864,0.000486743,0.000438631,0.000399952,0.000368275,0.000341901,0.000319621,0.000300555,0.000269614,0.00025687,0.000245528,0.000235356,0.000217834,0.000210217,0.00019678,0.000190813,0.000180095,0.000175257,0.000166449,0.000158617,0.000151592,0.00014834,0.000142289,0.000136769,0.000131706,0.00012484,0.000120682,0.000116812,0.000111483,0.000108209,0.000103664,0.00010085,9.69183e-05,9.32939e-05,8.99405e-05,8.68273e-05,8.39286e-05,8.12225e-05,7.86892e-05,7.55527e-05,7.26612e-05,7.06364e-05,6.81082e-05,6.57572e-05,6.35649e-05,6.10242e-05,5.91346e-05,5.73595e-05,5.52863e-05,5.33586e-05,5.15616e-05,4.98826e-05,4.80071e-05,4.62683e-05,4.49128e-05,4.3388e-05,4.17354e-05,4.04163e-05,3.8979e-05,3.76408e-05,3.63915e-05,3.52228e-05,3.39757e-05,3.28142e-05,3.17296e-05,3.0592e-05,2.96473e-05,2.86519e-05,2.76216e-05,2.6663e-05,2.57686e-05,2.49322e-05,2.4073e-05,2.32709e-05,2.24548e-05,2.16941e-05,2.09831e-05,2.02638e-05,1.95921e-05,1.89169e-05,1.82867e-05,1.76564e-05,1.70682e-05,1.64825e-05,1.59026e-05,1.5393e-05,1.48573e-05,1.43577e-05,1.38655e-05,1.3406e-05,1.2954e-05,1.25112e-05,1.20786e-05,1.16749e-05,1.12808e-05,1.08969e-05,1.05239e-05,1.01755e-05,9.82435e-06,9.4966e-06,9.17901e-06,8.86153e-06,8.56525e-06
5.27996e-06,0.0305247,0.0386148,0.0304945,0.0195542,0.0117379,0.00710087,0.00448253,0.00299089,0.00211154,0.00156997,0.00122097,0.000986156,0.000821822,0.000702694,0.000613614,0.000545157,0.000491271,0.000447951,0.00041247,0.000382932,0.000357977,0.000336623,0.000301968,0.000287695,0.000274992,0.0002636,0.000243974,0.000235444,0.000220394,0.000213711,0.000201707,0.000196288,0.000186423,0.000177651,0.000169783,0.000166141,0.000159364,0.000153181,0.000147511,0.000139822,0.000135164,0.00013083,0.000124861,0.000121195,0.000116104,0.000112953,0.000108549,0.000104489,0.000100733,9.72469e-05,9.40004e-05,9.09692e-05,8.81322e-05,8.46194e-05,8.13808e-05,7.91129e-05,7.62814e-05,7.36482e-05,7.1193e-05,6.83473e-05,6.62308e-05,6.42428e-05,6.19207e-05,5.97617e-05,5.77492e-05,5.58685e-05,5.37682e-05,5.18204e-05,5.03025e-05,4.85948e-05,4.6744e-05,4.52663e-05,4.36567e-05,4.21579e-05,4.07587e-05,3.94497e-05,3.8053e-05,3.67519e-05,3.55372e-05,3.42631e-05,3.3205e-05,3.20903e-05,3.09363e-05,2.98625e-05,2.88609e-05,2.79243e-05,2.69618e-05,2.60635e-05,2.51495e-05,2.42974e-05,2.35012e-05,2.26955e-05,2.19432e-05,2.1187e-05,2.04811e-05,1.97752e-05,1.91164e-05,1.84604e-05,1.7811e-05,1.72402e-05,1.66403e-05,1.60807e-05,1.55295e-05,1.50147e-05,1.45086e-05,1.40126e-05,1.35281e-05,1.3076e-05,1.26345e-05,1.22046e-05,1.17868e-05,1.13967e-05,1.10033e-05,1.06362e-05,1.02805e-05,9.92493e-06,9.59308e-06
5.91356e-06,0.034196,0.0432628,0.0341634,0.021905,0.0131481,0.00795364,0.00502071,0.00334994,0.002365,0.00175841,0.00136752,0.00110451,0.000920454,0.000787029,0.000687256,0.000610582,0.000550229,0.000501709,0.000461971,0.000428886,0.000400938,0.000377021,0.000338206,0.000322221,0.000307992,0.000295234,0.000273253,0.000263698,0.000246844,0.000239358,0.000225913,0.000219845,0.000208795,0.00019897,0.000190158,0.000186079,0.000178489,0.000171565,0.000165213,0.000156601,0.000151384,0.00014653,0.000139845,0.000135739,0.000130037,0.000126507,0.000121575,0.000117029,0.000112822,0.000108917,0.000105281,0.000101886,9.87086e-05,9.47741e-05,9.11471e-05,8.86069e-05,8.54356e-05,8.24863e-05,7.97365e-05,7.65492e-05,7.41789e-05,7.19524e-05,6.93517e-05,6.69336e-05,6.46794e-05,6.25731e-05,6.02206e-05,5.80392e-05,5.63392e-05,5.44265e-05,5.23534e-05,5.06986e-05,4.88956e-05,4.7217e-05,4.56499e-05,4.41837e-05,4.26195e-05,4.11624e-05,3.98018e-05,3.83749e-05,3.71898e-05,3.59413e-05,3.46488e-05,3.34461e-05,3.23244e-05,3.12753e-05,3.01974e-05,2.91913e-05,2.81676e-05,2.72132e-05,2.63214e-05,2.54191e-05,2.45766e-05,2.37296e-05,2.2939e-05,2.21484e-05,2.14105e-05,2.06758e-05,1.99484e-05,1.93091e-05,1.86372e-05,1.80104e-05,1.7393e-05,1.68166e-05,1.62497e-05,1.56941e-05,1.51515e-05,1.46451e-05,1.41507e-05,1.36692e-05,1.32012e-05,1.27643e-05,1.23238e-05,1.19126e-05,1.15142e-05,1.1116e-05,1.07443e-05
6.62318e-06,0.03831,0.0484725,0.0382752,0.0245389,0.0147279,0.00890887,0.00562353,0.00375208,0.00264888,0.00196946,0.00153165,0.00123708,0.00103092,0.000881483,0.000769736,0.00068386,0.000616261,0.000561918,0.000517411,0.000480356,0.000449053,0.000422265,0.000378793,0.000360889,0.000344953,0.000330663,0.000306044,0.000295343,0.000276465,0.000268081,0.000253023,0.000246227,0.00023385,0.000222847,0.000212977,0.000208409,0.000199908,0.000192153,0.000185039,0.000175394,0.00016955,0.000164114,0.000156627,0.000152028,0.000145641,0.000141689,0.000136165,0.000131072,0.000126361,0.000121987,0.000117915,0.000114113,0.000110554,0.000106147,0.000102085,9.924e-05,9.56881e-05,9.2385e-05,8.9305e-05,8.57355e-05,8.30807e-05,8.05868e-05,7.76738e-05,7.49658e-05,7.24413e-05,7.0082e-05,6.74472e-05,6.50041e-05,6.31e-05,6.09577e-05,5.86359e-05,5.67825e-05,5.47634e-05,5.28831e-05,5.1128e-05,4.94859e-05,4.7734e-05,4.61021e-05,4.4578e-05,4.298e-05,4.16527e-05,4.02543e-05,3.88068e-05,3.74599e-05,3.62033e-05,3.50284e-05,3.38211e-05,3.26943e-05,3.15477e-05,3.04789e-05,2.94801e-05,2.84694e-05,2.75258e-05,2.65771e-05,2.56917e-05,2.48062e-05,2.39798e-05,2.31569e-05,2.23423e-05,2.16262e-05,2.08737e-05,2.01717e-05,1.94802e-05,1.88346e-05,1.81997e-05,1.75775e-05,1.69697e-05,1.64026e-05,1.58489e-05,1.53095e-05,1.47854e-05,1.4296e-05,1.38026e-05,1.33422e-05,1.2896e-05,1.24499e-05,1.20337e-05
7.41797e-06,0.04292,0.0543118,0.0428834,0.0274904,0.0164978,0.00997893,0.00629879,0.00420254,0.00296685,0.00220587,0.00171549,0.00138556,0.00115466,0.000987279,0.000862118,0.000765934,0.000690222,0.000629356,0.000579507,0.000538004,0.000502944,0.000472941,0.000424251,0.000404198,0.00038635,0.000370345,0.000342772,0.000330786,0.000309643,0.000300253,0.000283388,0.000275775,0.000261914,0.000249591,0.000238536,0.000233419,0.000223898,0.000215212,0.000207245,0.000196442,0.000189898,0.000183809,0.000175423,0.000170272,0.000163119,0.000158692,0.000152505,0.000146802,0.000141525,0.000136627,0.000132065,0.000127807,0.000123821,0.000118886,0.000114336,0.000111149,0.000107171,0.000103472,0.000100022,9.60242e-05,9.30508e-05,9.02577e-05,8.69952e-05,8.39621e-05,8.11345e-05,7.84922e-05,7.55412e-05,7.2805e-05,7.06723e-05,6.8273e-05,6.56726e-05,6.35966e-05,6.13353e-05,5.92295e-05,5.72637e-05,5.54245e-05,5.34624e-05,5.16345e-05,4.99278e-05,4.81379e-05,4.66513e-05,4.50851e-05,4.34639e-05,4.19553e-05,4.05479e-05,3.92321e-05,3.78799e-05,3.66178e-05,3.53336e-05,3.41365e-05,3.30178e-05,3.18859e-05,3.0829e-05,2.97666e-05,2.87749e-05,2.77832e-05,2.68575e-05,2.59358e-05,2.50235e-05,2.42215e-05,2.33786e-05,2.25925e-05,2.1818e-05,2.10949e-05,2.03838e-05,1.96869e-05,1.90062e-05,1.8371e-05,1.77508e-05,1.71468e-05,1.65598e-05,1.60117e-05,1.54591e-05,1.49433e-05,1.44436e-05,1.3944e-05,1.34778e-05
8.30812e-06,0.0480867,0.0608574,0.0480483,0.0307976,0.0184808,0.0111777,0.00705518,0.0047071,0.003323,0.00247065,0.00192139,0.00155186,0.00129324,0.00110577,0.000965587,0.000857858,0.000773058,0.000704887,0.000649054,0.00060257,0.000563302,0.000529698,0.000475165,0.000452705,0.000432715,0.000414788,0.000383907,0.000370483,0.000346802,0.000336285,0.000317396,0.000308869,0.000293345,0.000279542,0.000267162,0.000261431,0.000250767,0.000241039,0.000232115,0.000220016,0.000212686,0.000205867,0.000196475,0.000190705,0.000182694,0.000177736,0.000170807,0.000164419,0.000158508,0.000153022,0.000147914,0.000143144,0.00013868,0.000133152,0.000128057,0.000124488,0.000120032,0.000115889,0.000112025,0.000107547,0.000104217,0.000101089,9.74351e-05,9.40379e-05,9.08711e-05,8.79116e-05,8.46064e-05,8.15418e-05,7.91533e-05,7.64661e-05,7.35535e-05,7.12286e-05,6.86957e-05,6.63373e-05,6.41356e-05,6.20758e-05,5.9878e-05,5.78309e-05,5.59193e-05,5.39145e-05,5.22496e-05,5.04955e-05,4.86797e-05,4.69901e-05,4.54139e-05,4.39401e-05,4.24256e-05,4.10121e-05,3.95738e-05,3.82331e-05,3.69801e-05,3.57124e-05,3.45287e-05,3.33387e-05,3.2228e-05,3.11173e-05,3.00806e-05,2.90483e-05,2.80264e-05,2.71282e-05,2.61842e-05,2.53037e-05,2.44362e-05,2.36264e-05,2.28299e-05,2.20494e-05,2.12871e-05,2.05756e-05,1.9881e-05,1.92045e-05,1.85471e-05,1.79331e-05,1.73142e-05,1.67366e-05,1.61769e-05,1.56173e-05,1.50952e-05
9.3051e-06,0.0538777,0.0681959,0.0538383,0.0345038,0.0207025,0.0125206,0.00790246,0.00527228,0.00372194,0.00276722,0.00215203,0.00173813,0.00144846,0.00123849,0.00108148,0.000960816,0.000865838,0.000789483,0.000726949,0.000674886,0.000630904,0.000593267,0.000532189,0.000507034,0.000484644,0.000464567,0.000429978,0.000414944,0.000388421,0.000376641,0.000355486,0.000345937,0.000328549,0.000313089,0.000299223,0.000292804,0.000280861,0.000269965,0.000259971,0.000246419,0.00023821,0.000230572,0.000220053,0.000213591,0.000204619,0.000199066,0.000191305,0.00018415,0.000177531,0.000171386,0.000165665,0.000160323,0.000155323,0.000149132,0.000143424,0.000139427,0.000134437,0.000129796,0.000125469,0.000120454,0.000116724,0.00011322,0.000109128,0.000105323,0.000101776,9.84615e-05,9.47598e-05,9.13275e-05,8.86523e-05,8.56426e-05,8.23806e-05,7.97765e-05,7.69397e-05,7.42982e-05,7.18323e-05,6.95252e-05,6.70638e-05,6.4771e-05,6.26301e-05,6.03846e-05,5.85199e-05,5.65553e-05,5.45215e-05,5.26292e-05,5.08639e-05,4.92132e-05,4.7517e-05,4.59339e-05,4.43229e-05,4.28212e-05,4.1418e-05,3.99981e-05,3.86723e-05,3.73396e-05,3.60956e-05,3.48516e-05,3.36904e-05,3.25343e-05,3.13898e-05,3.03838e-05,2.93265e-05,2.83403e-05,2.73688e-05,2.64617e-05,2.55696e-05,2.46955e-05,2.38416e-05,2.30449e-05,2.22669e-05,2.15091e-05,2.07728e-05,2.00853e-05,1.9392e-05,1.87451e-05,1.81182e-05,1.74915e-05,1.69067e-05
1.04217e-05,0.0603687,0.0764241,0.0603288,0.0386576,0.0231919,0.014025,0.0088516,0.00590534,0.00416879,0.00309942,0.00241035,0.00194675,0.00162232,0.00138713,0.00121128,0.00107613,0.000969754,0.000884235,0.000814193,0.00075588,0.00070662,0.000664465,0.000596057,0.000567883,0.000542805,0.000520318,0.000481579,0.00046474,0.000435034,0.000421841,0.000398147,0.000387451,0.000367977,0.000350662,0.000335132,0.000327942,0.000314566,0.000302362,0.000291168,0.000275991,0.000266797,0.000258242,0.000246461,0.000239223,0.000229174,0.000222955,0.000214262,0.000206249,0.000198836,0.000191953,0.000185545,0.000179562,0.000173962,0.000167028,0.000160636,0.000156159,0.00015057,0.000145372,0.000140526,0.000134909,0.000130732,0.000126807,0.000122224,0.000117962,0.00011399,0.000110278,0.000106131,0.000102287,9.92909e-05,9.592e-05,9.22666e-05,8.93501e-05,8.61728e-05,8.32143e-05,8.04526e-05,7.78686e-05,7.51118e-05,7.25439e-05,7.0146e-05,6.76311e-05,6.55426e-05,6.33421e-05,6.10645e-05,5.8945e-05,5.69678e-05,5.5119e-05,5.32193e-05,5.14461e-05,4.96419e-05,4.796e-05,4.63884e-05,4.47981e-05,4.33133e-05,4.18205e-05,4.04272e-05,3.90339e-05,3.77335e-05,3.64386e-05,3.51567e-05,3.403e-05,3.28458e-05,3.17412e-05,3.06532e-05,2.96372e-05,2.86382e-05,2.76591e-05,2.67028e-05,2.58103e-05,2.4939e-05,2.40904e-05,2.32657e-05,2.24956e-05,2.17192e-05,2.09946e-05,2.02925e-05,1.95906e-05,1.89356e-05
1.16723e-05,0.0676454,0.0856511,0.0676059,0.043313,0.0259813,0.0157105,0.00991485,0.00661447,0.00466931,0.0034715,0.00269969,0.00218043,0.00181704,0.00155364,0.00135666,0.00120529,0.00108614,0.000990358,0.00091191,0.000846596,0.000791424,0.000744209,0.00066759,0.000636034,0.000607947,0.000582762,0.000539373,0.000520513,0.000487241,0.000472465,0.000445927,0.000433948,0.000412137,0.000392744,0.00037535,0.000367298,0.000352316,0.000338647,0.000326111,0.000309112,0.000298814,0.000289233,0.000276038,0.000267932,0.000256677,0.000249711,0.000239975,0.000231,0.000222697,0.000214989,0.000207812,0.000201111,0.000194839,0.000187073,0.000179913,0.000174899,0.00016864,0.000162818,0.00015739,0.000151099,0.00014642,0.000142025,0.000136892,0.000132119,0.000127669,0.000123512,0.000118868,0.000114562,0.000111207,0.000107431,0.000103339,0.000100073,9.65142e-05,9.32007e-05,9.01074e-05,8.72134e-05,8.41258e-05,8.12497e-05,7.85639e-05,7.57473e-05,7.34082e-05,7.09438e-05,6.83926e-05,6.60187e-05,6.38043e-05,6.17337e-05,5.9606e-05,5.76201e-05,5.55994e-05,5.37156e-05,5.19553e-05,5.01742e-05,4.85112e-05,4.68392e-05,4.52788e-05,4.37183e-05,4.22618e-05,4.08115e-05,3.93758e-05,3.81138e-05,3.67876e-05,3.55505e-05,3.43318e-05,3.31939e-05,3.20749e-05,3.09784e-05,2.99073e-05,2.89078e-05,2.79319e-05,2.69814e-05,2.60577e-05,2.51952e-05,2.43256e-05,2.35141e-05,2.27278e-05,2.19416e-05,2.1208e-05
1.3073e-05,0.0758034,0.096,0.0757661,0.0485314,0.0291071,0.0175989,0.011106,0.00740885,0.00522996,0.00388828,0.00302379,0.00244217,0.00203516,0.00174012,0.00151951,0.00134996,0.00121651,0.00110922,0.00102136,0.000948204,0.000886409,0.000833527,0.00074771,0.000712367,0.000680909,0.0006527,0.000604105,0.00058298,0.000545716,0.000529166,0.000499443,0.000486026,0.000461597,0.000439877,0.000420396,0.000411377,0.000394597,0.000379289,0.000365248,0.000346209,0.000334675,0.000323944,0.000309165,0.000300086,0.000287481,0.000279679,0.000268775,0.000258723,0.000249423,0.00024079,0.000232751,0.000225246,0.000218221,0.000209523,0.000201505,0.000195889,0.000188878,0.000182358,0.000176279,0.000169232,0.000163992,0.00015907,0.00015332,0.000147974,0.000142991,0.000138334,0.000133133,0.000128311,0.000124553,0.000120324,0.000115741,0.000112083,0.000108097,0.000104386,0.000100921,9.76799e-05,9.42217e-05,9.10004e-05,8.79925e-05,8.48378e-05,8.2218e-05,7.94576e-05,7.66004e-05,7.39417e-05,7.14616e-05,6.91423e-05,6.67593e-05,6.45351e-05,6.22719e-05,6.0162e-05,5.81905e-05,5.61957e-05,5.4333e-05,5.24604e-05,5.07127e-05,4.89649e-05,4.73336e-05,4.57093e-05,4.41013e-05,4.26879e-05,4.12024e-05,3.98169e-05,3.8452e-05,3.71776e-05,3.59242e-05,3.46961e-05,3.34965e-05,3.2377e-05,3.1284e-05,3.02195e-05,2.91849e-05,2.82189e-05,2.7245e-05,2.6336e-05,2.54553e-05,2.45748e-05,2.37532e-05
1.46418e-05,0.0849511,0.107609,0.0849179,0.0543816,0.0326102,0.0197148,0.0124404,0.00829873,0.005858,0.00435513,0.00338681,0.00273535,0.00227946,0.001949,0.0017019,0.001512,0.00136253,0.00124236,0.00114394,0.00106201,0.000992796,0.000933565,0.000837448,0.000797863,0.000762629,0.000731034,0.000676606,0.000652946,0.000611209,0.000592673,0.000559383,0.000544356,0.000516995,0.000492669,0.000470848,0.000460748,0.000441954,0.000424808,0.000409082,0.000387759,0.00037484,0.000362821,0.000346269,0.0003361,0.000321981,0.000313243,0.000301031,0.000289773,0.000279357,0.000269687,0.000260684,0.000252279,0.000244411,0.000234669,0.000225688,0.000219398,0.000211546,0.000204243,0.000197434,0.000189542,0.000183673,0.00017816,0.00017172,0.000165733,0.000160152,0.000154936,0.000149111,0.00014371,0.0001395,0.000134764,0.000129631,0.000125534,0.00012107,0.000116913,0.000113033,0.000109403,0.000105529,0.000101922,9.85526e-05,9.50193e-05,9.20851e-05,8.89936e-05,8.57934e-05,8.28157e-05,8.00378e-05,7.74403e-05,7.47712e-05,7.228e-05,6.97452e-05,6.73822e-05,6.51742e-05,6.29398e-05,6.08536e-05,5.87564e-05,5.67989e-05,5.48413e-05,5.30142e-05,5.1195e-05,4.9394e-05,4.7811e-05,4.61473e-05,4.45954e-05,4.30667e-05,4.16393e-05,4.02356e-05,3.88601e-05,3.75165e-05,3.62627e-05,3.50384e-05,3.38462e-05,3.26875e-05,3.16055e-05,3.05147e-05,2.94967e-05,2.85103e-05,2.75241e-05,2.66039e-05
1.63988e-05,0.0952092,0.120633,0.0951826,0.0609403,0.0365361,0.0220854,0.0139353,0.00929556,0.00656147,0.00487805,0.00379342,0.00306373,0.0025531,0.00218297,0.00190618,0.00169349,0.00152607,0.00139147,0.00128124,0.00118947,0.00111195,0.00104561,0.000937954,0.000893617,0.000854155,0.000818768,0.000757807,0.000731307,0.000684562,0.0006638,0.000626515,0.000609684,0.00057904,0.000551794,0.000527355,0.000516042,0.000494993,0.000475789,0.000458176,0.000434293,0.000419824,0.000406363,0.000387824,0.000376435,0.000360622,0.000350836,0.000337158,0.000324548,0.000312882,0.000302053,0.000291969,0.000282554,0.000273742,0.000262831,0.000252772,0.000245728,0.000236933,0.000228754,0.000221128,0.000212289,0.000205716,0.000199541,0.000192328,0.000185623,0.000179371,0.00017353,0.000167006,0.000160956,0.000156242,0.000150937,0.000145188,0.000140599,0.000135599,0.000130944,0.000126598,0.000122532,0.000118194,0.000114153,0.00011038,0.000106423,0.000103136,9.96736e-05,9.60895e-05,9.27543e-05,8.96431e-05,8.67339e-05,8.37445e-05,8.09544e-05,7.81153e-05,7.54688e-05,7.29957e-05,7.04932e-05,6.81566e-05,6.58077e-05,6.36153e-05,6.14228e-05,5.93765e-05,5.73388e-05,5.53218e-05,5.35488e-05,5.16854e-05,4.99473e-05,4.82351e-05,4.66365e-05,4.50643e-05,4.35237e-05,4.20188e-05,4.06146e-05,3.92434e-05,3.7908e-05,3.66103e-05,3.53985e-05,3.41768e-05,3.30366e-05,3.19318e-05,3.08273e-05,2.97966e-05
1.83666e-05,0.106714,0.135249,0.106698,0.0682942,0.040936,0.0247418,0.0156101,0.0104122,0.00734947,0.00546379,0.00424887,0.00343153,0.00285959,0.002445,0.002135,0.00189676,0.00170924,0.00155849,0.00143502,0.00133224,0.00124541,0.0011711,0.00105052,0.00100086,0.000956668,0.000917034,0.000848751,0.000819072,0.000766716,0.000743463,0.000701703,0.000682853,0.00064853,0.000618014,0.000590642,0.000577972,0.000554397,0.000532888,0.000513161,0.000486412,0.000470207,0.00045513,0.000434366,0.000421611,0.0004039,0.000392939,0.000377619,0.000363497,0.000350431,0.000338301,0.000327008,0.000316463,0.000306593,0.000294373,0.000283107,0.000275217,0.000265367,0.000256207,0.000247665,0.000237766,0.000230403,0.000223487,0.000215409,0.000207899,0.000200897,0.000194355,0.000187048,0.000180273,0.000174992,0.000169051,0.000162612,0.000157472,0.000151872,0.000146658,0.000141791,0.000137237,0.000132378,0.000127852,0.000123626,0.000119194,0.000115513,0.000111635,0.000107621,0.000103886,0.000100401,9.71426e-05,9.37945e-05,9.06696e-05,8.74898e-05,8.45256e-05,8.17557e-05,7.89529e-05,7.6336e-05,7.37051e-05,7.12497e-05,6.8794e-05,6.65021e-05,6.422e-05,6.19608e-05,5.99752e-05,5.78881e-05,5.59414e-05,5.40238e-05,5.22333e-05,5.04724e-05,4.87469e-05,4.70615e-05,4.54886e-05,4.3953e-05,4.24573e-05,4.10039e-05,3.96467e-05,3.82783e-05,3.70013e-05,3.57639e-05,3.45269e-05,3.33725e-05
2.05706e-05,0.119621,0.151655,0.11962,0.0765415,0.0458684,0.0277187,0.0174867,0.0116633,0.00823225,0.00611994,0.00475904,0.00384354,0.0032029,0.00273852,0.00239129,0.00212445,0.00191442,0.00174555,0.00160727,0.00149214,0.00139488,0.00131166,0.0011766,0.00112099,0.00107148,0.00102709,0.000950619,0.000917378,0.000858737,0.000832687,0.000785917,0.000764803,0.000726364,0.000692181,0.000661525,0.000647338,0.000620931,0.000596845,0.000574747,0.000544787,0.000526639,0.000509753,0.000486496,0.000472208,0.000452375,0.000440098,0.000422938,0.000407122,0.000392487,0.000378902,0.000366253,0.000354443,0.000343389,0.000329702,0.000317084,0.000308247,0.000297215,0.000286955,0.000277389,0.000266301,0.000258055,0.000250309,0.000241261,0.000232849,0.000225008,0.00021768,0.000209496,0.000201908,0.000195993,0.000189339,0.000182128,0.000176371,0.000170099,0.000164259,0.000158808,0.000153707,0.000148266,0.000143197,0.000138463,0.000133499,0.000129377,0.000125033,0.000120537,0.000116353,0.00011245,0.000108801,0.000105051,0.000101551,9.79898e-05,9.46698e-05,9.15676e-05,8.84284e-05,8.54974e-05,8.25508e-05,7.98005e-05,7.70503e-05,7.44833e-05,7.19273e-05,6.9397e-05,6.71729e-05,6.48354e-05,6.26551e-05,6.05074e-05,5.8502e-05,5.65298e-05,5.45973e-05,5.27095e-05,5.0948e-05,4.9228e-05,4.75528e-05,4.5925e-05,4.44048e-05,4.28723e-05,4.1442e-05,4.00561e-05,3.86706e-05,3.73777e-05
2.30391e-05,0.134103,0.170075,0.134123,0.0857918,0.0513978,0.0310547,0.0195893,0.0130648,0.00922117,0.00685495,0.00533053,0.00430504,0.00358745,0.0030673,0.00267837,0.00237948,0.00214422,0.00195509,0.0018002,0.00167124,0.00156231,0.00146909,0.00131783,0.00125553,0.00120008,0.00115036,0.00106471,0.00102748,0.000961794,0.000932625,0.000880243,0.000856597,0.000813542,0.00077526,0.000740922,0.00072503,0.000695453,0.000668475,0.000643729,0.000610169,0.000589842,0.000570929,0.000544884,0.000528881,0.000506668,0.000492916,0.000473699,0.000455984,0.000439593,0.000424374,0.000410209,0.000396982,0.000384601,0.000369271,0.000355137,0.000345242,0.000332885,0.000321395,0.00031068,0.000298261,0.000289025,0.000280351,0.000270217,0.000260795,0.000252012,0.000243805,0.00023464,0.00022614,0.000219516,0.000212064,0.000203987,0.000197539,0.000190513,0.000183972,0.000177867,0.000172154,0.00016606,0.000160383,0.000155081,0.000149522,0.000144904,0.00014004,0.000135004,0.000130318,0.000125947,0.000121859,0.000117659,0.000113739,0.00010975,0.000106032,0.000102558,9.90408e-05,9.57582e-05,9.24581e-05,8.9378e-05,8.62979e-05,8.34224e-05,8.05599e-05,7.77255e-05,7.52351e-05,7.26168e-05,7.01747e-05,6.7769e-05,6.55229e-05,6.33141e-05,6.11496e-05,5.90354e-05,5.70626e-05,5.51363e-05,5.32598e-05,5.14368e-05,4.97341e-05,4.80178e-05,4.64157e-05,4.48635e-05,4.33116e-05,4.18635e-05
2.58038e-05,0.150355,0.190763,0.150405,0.0961687,0.0575969,0.0347935,0.0219451,0.0146351,0.010329,0.00767831,0.00597068,0.00482198,0.00401819,0.00343558,0.00299993,0.00266515,0.00240162,0.00218978,0.00201629,0.00187185,0.00174984,0.00164543,0.001476,0.00140622,0.00134412,0.00128843,0.00119249,0.00115079,0.00107723,0.00104456,0.000985885,0.0009594,0.000911182,0.000868302,0.000829849,0.000812041,0.000778918,0.000748704,0.000720983,0.000683403,0.000660634,0.000639451,0.000610279,0.000592356,0.000567472,0.000552076,0.000530551,0.000510707,0.000492349,0.000475307,0.00045944,0.000444627,0.000430761,0.000413591,0.00039776,0.000386677,0.000372837,0.000359967,0.000347966,0.000334058,0.000323714,0.000313998,0.000302647,0.000292095,0.000282259,0.000273066,0.0002628,0.000253281,0.000245862,0.000237515,0.000228467,0.000221245,0.000213379,0.000206052,0.000199214,0.000192816,0.00018599,0.000179631,0.000173694,0.000167467,0.000162294,0.000156846,0.000151206,0.000145957,0.000141062,0.000136484,0.00013178,0.000127389,0.000122922,0.000118757,0.000114866,0.000110928,0.000107251,0.000103555,0.000100105,9.66547e-05,9.34346e-05,9.02282e-05,8.70541e-05,8.42645e-05,8.13323e-05,7.85969e-05,7.59029e-05,7.3387e-05,7.09129e-05,6.8489e-05,6.61208e-05,6.3911e-05,6.17534e-05,5.96521e-05,5.76101e-05,5.57034e-05,5.37805e-05,5.19865e-05,5.02478e-05,4.851e-05,4.6888e-05
2.89002e-05,0.168598,0.214004,0.168688,0.107812,0.064548,0.0389841,0.0245851,0.0163944,0.0115701,0.00860065,0.00668776,0.00540105,0.00450069,0.00384808,0.00336011,0.00298511,0.00268994,0.00245265,0.00225832,0.00209653,0.00195987,0.00184293,0.00165316,0.00157501,0.00150545,0.00144307,0.00133562,0.00128891,0.00120652,0.00116993,0.00110421,0.00107455,0.00102054,0.000972513,0.000929439,0.000909505,0.000872402,0.000838559,0.000807513,0.000765419,0.000739923,0.000716195,0.000683523,0.000663449,0.000635579,0.000618331,0.000594223,0.000572,0.00055144,0.000532353,0.000514582,0.000497989,0.000482459,0.000463228,0.000445499,0.000433085,0.000417584,0.000403168,0.000389728,0.00037415,0.000362565,0.00035168,0.00033897,0.00032715,0.000316134,0.000305838,0.00029434,0.000283677,0.000275368,0.000266021,0.000255887,0.000247799,0.000238987,0.000230783,0.000223123,0.000215958,0.000208312,0.00020119,0.00019454,0.000187565,0.000181773,0.00017567,0.000169353,0.000163475,0.000157992,0.000152865,0.000147596,0.000142679,0.000137675,0.00013301,0.000128652,0.000124241,0.000120123,0.000115983,0.000112119,0.000108255,0.000104648,0.000101057,9.75019e-05,9.43772e-05,9.10934e-05,8.80301e-05,8.50125e-05,8.21945e-05,7.94237e-05,7.67087e-05,7.40566e-05,7.15814e-05,6.91647e-05,6.68115e-05,6.45242e-05,6.23885e-05,6.02352e-05,5.82257e-05,5.62787e-05,5.43317e-05,5.25154e-05
3.23682e-05,0.189082,0.240126,0.189226,0.120879,0.0723434,0.0436815,0.0275434,0.0183655,0.0129606,0.00963393,0.00749107,0.00604969,0.00504115,0.00431015,0.00376355,0.00334351,0.00301288,0.00274709,0.00252942,0.00234821,0.00219513,0.00206414,0.00185158,0.00176405,0.00168614,0.00161627,0.00149593,0.00144362,0.00135133,0.00131035,0.00123674,0.00120352,0.00114302,0.00108924,0.00104099,0.00101866,0.00097711,0.000939202,0.000904431,0.000857286,0.000828727,0.000802155,0.000765558,0.000743078,0.000711862,0.000692545,0.000665542,0.000640654,0.000617624,0.000596245,0.000576343,0.000557757,0.000540362,0.000518824,0.000498968,0.000485061,0.000467702,0.000451556,0.000436503,0.000419055,0.000406079,0.000393891,0.000379653,0.000366414,0.000354077,0.000342546,0.000329667,0.000317724,0.000308419,0.000297947,0.0002866,0.000277541,0.00026767,0.000258481,0.000249903,0.000241877,0.000233312,0.000225337,0.000217888,0.000210076,0.00020359,0.000196754,0.000189678,0.000183095,0.000176954,0.000171211,0.00016531,0.000159802,0.000154198,0.000148974,0.000144092,0.000139152,0.00013454,0.000129904,0.000125576,0.000121248,0.000117208,0.000113186,0.000109204,0.000105705,0.000102026,9.85952e-05,9.52157e-05,9.20598e-05,8.89563e-05,8.59151e-05,8.29445e-05,8.01726e-05,7.74661e-05,7.48302e-05,7.22683e-05,6.98765e-05,6.74647e-05,6.52138e-05,6.30334e-05,6.0853e-05,5.88185e-05
3.62524e-05,0.21209,0.269498,0.212305,0.135547,0.0810869,0.0489475,0.0308589,0.0205742,0.0145184,0.0107915,0.00839097,0.00677633,0.00564659,0.00482775,0.00421548,0.00374498,0.00337462,0.0030769,0.00283308,0.0026301,0.00245864,0.00231192,0.00207384,0.0019758,0.00188853,0.00181028,0.00167549,0.00161689,0.00151353,0.00146762,0.00138518,0.00134797,0.00128022,0.00121997,0.00116594,0.00114093,0.00109439,0.00105193,0.00101299,0.000960183,0.000928194,0.000898433,0.000857444,0.000832264,0.000797302,0.000775664,0.000745424,0.000717545,0.000691752,0.000667808,0.000645517,0.0006247,0.000605218,0.000581095,0.000558857,0.00054328,0.000523837,0.000505753,0.000488893,0.000469352,0.000454818,0.000441166,0.000425221,0.000410393,0.000396574,0.000383659,0.000369235,0.00035586,0.000345436,0.000333709,0.000320998,0.000310851,0.000299798,0.000289505,0.000279897,0.000270907,0.000261316,0.000252382,0.00024404,0.00023529,0.000228025,0.000220369,0.000212445,0.000205071,0.000198192,0.00019176,0.000185152,0.000178983,0.000172706,0.000166854,0.000161387,0.000155854,0.000150688,0.000145495,0.000140647,0.0001358,0.000131276,0.000126771,0.000122311,0.000118392,0.000114272,0.000110429,0.000106644,0.000103109,9.96332e-05,9.62273e-05,9.28999e-05,8.97955e-05,8.6764e-05,8.38115e-05,8.09424e-05,7.82633e-05,7.55622e-05,7.30411e-05,7.05987e-05,6.81569e-05,6.58781e-05
4.06027e-05,0.237941,0.302538,0.238251,0.152017,0.0908957,0.0548517,0.0345748,0.0230492,0.0162638,0.0120884,0.00939911,0.00759034,0.0063248,0.00540755,0.00472171,0.00419467,0.00377982,0.00344633,0.00317322,0.00294586,0.0027538,0.00258945,0.00232278,0.00221297,0.00211523,0.00202758,0.00187659,0.00181097,0.0016952,0.00164378,0.00155145,0.00150977,0.00143387,0.0013664,0.00130588,0.00127787,0.00122575,0.00117819,0.00113457,0.00107543,0.0010396,0.00100627,0.000960358,0.000932158,0.000893001,0.000868766,0.000834892,0.000803671,0.000774781,0.000747965,0.000722996,0.000699681,0.000677859,0.000650839,0.000625933,0.000608488,0.000586709,0.000566459,0.000547574,0.000525686,0.000509409,0.000494117,0.000476257,0.000459651,0.000444172,0.000429708,0.000413552,0.000398573,0.000386896,0.000373762,0.000359526,0.000348162,0.000335781,0.000324252,0.000313491,0.000303423,0.000292681,0.000282674,0.00027333,0.000263532,0.000255394,0.000246819,0.000237944,0.000229685,0.00022198,0.000214777,0.000207374,0.000200465,0.000193435,0.000186882,0.000180758,0.000174561,0.000168774,0.000162958,0.000157529,0.0001521,0.000147033,0.000141987,0.000136992,0.000132602,0.000127987,0.000123684,0.000119444,0.000115485,0.000111592,0.000107777,0.00010405,0.000100573,9.71779e-05,9.38713e-05,9.06576e-05,8.76572e-05,8.46317e-05,8.18082e-05,7.90725e-05,7.63375e-05,7.37854e-05
4.54751e-05,0.266998,0.339728,0.267432,0.170518,0.101902,0.0614723,0.0387401,0.0258228,0.0182196,0.0135414,0.0105285,0.00850225,0.00708457,0.00605708,0.00528879,0.00469841,0.0042337,0.00386014,0.00355422,0.00329954,0.00308441,0.00290033,0.00260163,0.00247862,0.00236914,0.00227097,0.00210186,0.00202835,0.00189868,0.00184109,0.00173767,0.00169099,0.00160599,0.00153041,0.00146263,0.00143126,0.00137287,0.00131961,0.00127076,0.00120452,0.00116439,0.00112705,0.00107563,0.00104405,0.00100019,0.000973044,0.000935107,0.000900134,0.000867779,0.000837741,0.000809777,0.000783664,0.000759224,0.000728962,0.000701064,0.000681527,0.000657135,0.00063445,0.000613298,0.000588784,0.000570552,0.000553425,0.000533422,0.000514824,0.000497487,0.000481285,0.000463189,0.000446414,0.000433337,0.000418625,0.00040268,0.000389952,0.000376085,0.000363172,0.00035112,0.000339843,0.000327811,0.000316604,0.000306138,0.000295163,0.000286049,0.000276445,0.000266504,0.000257254,0.000248625,0.000240557,0.000232266,0.000224528,0.000216653,0.000209313,0.000202454,0.000195513,0.000189033,0.000182519,0.000176438,0.000170357,0.000164681,0.00015903,0.000153436,0.000148518,0.00014335,0.000138529,0.000133781,0.000129347,0.000124986,0.000120714,0.00011654,0.000112645,0.000108843,0.000105139,0.00010154,9.81787e-05,9.47903e-05,9.16277e-05,8.85638e-05,8.55003e-05,8.2642e-05
5.09321e-05,0.299672,0.38161,0.300269,0.191304,0.114254,0.0688969,0.0434093,0.0289312,0.020411,0.0151694,0.0117939,0.00952384,0.00793569,0.00678467,0.00592404,0.0052627,0.00474214,0.00432367,0.00398098,0.0036957,0.00345472,0.00324853,0.00291395,0.00277617,0.00265354,0.00254358,0.00235417,0.00227183,0.0021266,0.0020621,0.00194626,0.00189396,0.00179877,0.00171412,0.0016382,0.00160305,0.00153766,0.00147801,0.00142329,0.0013491,0.00130415,0.00126234,0.00120474,0.00116937,0.00112024,0.00108984,0.00104735,0.00100818,0.000971941,0.000938298,0.000906975,0.00087773,0.000850354,0.000816459,0.000785213,0.000763331,0.000736011,0.000710605,0.000686915,0.000659458,0.000639038,0.000619854,0.000597451,0.000576619,0.000557201,0.000539055,0.000518788,0.000499996,0.000485351,0.000468873,0.000451014,0.000436758,0.000421227,0.000406765,0.000393266,0.000380635,0.00036716,0.000354607,0.000342885,0.000330592,0.000320383,0.000309627,0.000298493,0.000288133,0.000278468,0.000269432,0.000260145,0.000251478,0.000242659,0.000234438,0.000226755,0.000218981,0.000211723,0.000204426,0.000197616,0.000190805,0.000184449,0.000178119,0.000171853,0.000166346,0.000160557,0.000155158,0.000149839,0.000144873,0.000139989,0.000135204,0.000130529,0.000126166,0.000121907,0.000117759,0.000113728,0.000109963,0.000106168,0.000102626,9.91945e-05,9.57634e-05,9.25619e-05
5.70439e-05,0.336432,0.428811,0.33724,0.214669,0.12812,0.077225,0.0486439,0.0324151,0.0228666,0.0169934,0.0132115,0.0106684,0.00888918,0.00759975,0.00663566,0.00589479,0.00531167,0.00484289,0.00445902,0.00413945,0.00386952,0.00363855,0.00326378,0.00310945,0.0029721,0.00284893,0.00263677,0.00254455,0.00238187,0.00230963,0.00217989,0.00212132,0.00201468,0.00191988,0.00183484,0.00179548,0.00172224,0.00165542,0.00159413,0.00151104,0.0014607,0.00141386,0.00134935,0.00130973,0.00125471,0.00122066,0.00117307,0.0011292,0.00108861,0.00105093,0.00101584,0.000983087,0.000952428,0.000914464,0.000879468,0.000854957,0.000824356,0.000795902,0.000769369,0.000738613,0.000715744,0.00069426,0.000669165,0.000645833,0.000624083,0.00060376,0.00058106,0.000560013,0.00054361,0.000525154,0.000505153,0.000489184,0.000471789,0.000455591,0.000440472,0.000426325,0.000411232,0.000397172,0.000384044,0.000370276,0.000358841,0.000346794,0.000334324,0.00032272,0.000311895,0.000301773,0.000291371,0.000281664,0.000271787,0.000262578,0.000253973,0.000245267,0.000237138,0.000228965,0.000221336,0.000213709,0.000206589,0.0001995,0.000192482,0.000186313,0.000179829,0.000173782,0.000167825,0.000162263,0.000156793,0.000151433,0.000146197,0.000141311,0.000136541,0.000131894,0.000127379,0.000123163,0.000118912,0.000114945,0.000111101,0.000107259,0.000103673
6.38892e-05,0.377812,0.482048,0.378895,0.240945,0.14369,0.0865677,0.0545132,0.03632,0.0256188,0.0190374,0.0148,0.0119507,0.00995743,0.00851291,0.00743288,0.00660292,0.00594966,0.00542454,0.00499451,0.00463653,0.00433416,0.00407544,0.00365564,0.00348277,0.00332891,0.00319096,0.00295332,0.00285002,0.00266781,0.00258689,0.00244157,0.00237597,0.00225654,0.00215035,0.00205511,0.00201101,0.00192898,0.00185414,0.0017855,0.00169242,0.00163604,0.00158358,0.00151133,0.00146695,0.00140533,0.00136719,0.00131388,0.00126475,0.00121929,0.00117708,0.00113779,0.0011011,0.00106676,0.00102424,0.000985038,0.000957588,0.000923313,0.000891442,0.000861723,0.000827279,0.000801662,0.000777597,0.000749491,0.00072336,0.000699,0.000676236,0.000650811,0.000627238,0.000608865,0.000588195,0.000565791,0.000547907,0.000528424,0.000510281,0.000493346,0.000477501,0.000460595,0.00044485,0.000430144,0.000414723,0.000401916,0.000388424,0.000374456,0.000361459,0.000349335,0.000337998,0.000326348,0.000315475,0.000304412,0.000294098,0.000284461,0.000274709,0.000265604,0.000256451,0.000247907,0.000239362,0.000231388,0.000223447,0.000215588,0.000208679,0.000201417,0.000194643,0.000187971,0.000181742,0.000175615,0.000169611,0.000163747,0.000158274,0.000152931,0.000147727,0.00014267,0.000137948,0.000133187,0.000128744,0.000124439,0.000120134,0.000116118
7.15559e-05,0.424422,0.542144,0.42586,0.270507,0.16118,0.0970513,0.0610951,0.0406975,0.0287031,0.0213277,0.0165797,0.0133874,0.0111542,0.00953595,0.00832598,0.0073962,0.00666438,0.0060761,0.00559436,0.00519334,0.00485462,0.00456481,0.00409457,0.00390093,0.00372859,0.00357407,0.00330788,0.00319219,0.00298809,0.00289746,0.00273468,0.0026612,0.00252743,0.00240849,0.00230181,0.00225243,0.00216055,0.00207673,0.00199984,0.0018956,0.00183244,0.00177369,0.00169276,0.00164305,0.00157403,0.00153131,0.00147161,0.00141657,0.00136566,0.00131838,0.00127437,0.00123328,0.00119482,0.00114719,0.00110329,0.00107254,0.00103415,0.000998455,0.000965168,0.000926589,0.000897897,0.000870945,0.000839464,0.000810196,0.00078291,0.000757414,0.000728939,0.000702535,0.000681956,0.000658804,0.000633711,0.000613681,0.000591859,0.000571539,0.00055257,0.000534823,0.000515888,0.00049825,0.000481781,0.000464509,0.000450165,0.000435052,0.000419408,0.00040485,0.000391271,0.000378574,0.000365526,0.000353347,0.000340955,0.000329404,0.00031861,0.000307687,0.000297489,0.000287236,0.000277667,0.000268098,0.000259166,0.000250272,0.000241468,0.000233729,0.000225596,0.00021801,0.000210536,0.000203559,0.000196697,0.000189973,0.000183404,0.000177275,0.00017129,0.000165461,0.000159798,0.000154508,0.000149176,0.000144199,0.000139377,0.000134556,0.000130057
8.01426e-05,0.47696,0.610051,0.478857,0.303786,0.180832,0.108817,0.068477,0.045605,0.0321601,0.0238945,0.0185741,0.0149971,0.0124952,0.0106821,0.00932657,0.00828491,0.00746505,0.00680601,0.00626632,0.00581709,0.00543764,0.00511299,0.00458623,0.00436933,0.00417629,0.0040032,0.00370504,0.00357544,0.00334684,0.00324532,0.003063,0.0029807,0.00283086,0.00269764,0.00257815,0.00252285,0.00241993,0.00232605,0.00223993,0.00212317,0.00205243,0.00198662,0.00189598,0.00184031,0.00176299,0.00171515,0.00164828,0.00158663,0.0015296,0.00147666,0.00142736,0.00138134,0.00133825,0.00128491,0.00123574,0.0012013,0.0011583,0.00111832,0.00108104,0.00103783,0.00100569,0.000975504,0.000940243,0.000907461,0.000876901,0.000848342,0.000816448,0.000786876,0.000763826,0.000737894,0.000709789,0.000687352,0.000662912,0.000640152,0.000618906,0.000599029,0.000577821,0.000558066,0.000539619,0.000520274,0.000504207,0.00048728,0.000469759,0.000453454,0.000438243,0.000424022,0.000409407,0.000395767,0.000381888,0.000368949,0.000356859,0.000344625,0.000333203,0.000321719,0.000311001,0.000300283,0.000290279,0.000280318,0.000270457,0.000261789,0.000252679,0.000244182,0.000235812,0.000227996,0.000220311,0.000212779,0.000205422,0.000198557,0.000191854,0.000185326,0.000178982,0.000173058,0.000167085,0.000161511,0.00015611,0.00015071,0.000145672
8.97597e-05,0.536227,0.686868,0.538717,0.341274,0.202922,0.122026,0.0767579,0.0511076,0.0360352,0.0267711,0.0208089,0.016801,0.0139976,0.0119663,0.0104476,0.00928057,0.00836203,0.00762369,0.00701909,0.0065158,0.00609074,0.00572705,0.00513698,0.00489401,0.00467777,0.00448389,0.0041499,0.00400475,0.00374869,0.00363497,0.00343075,0.00333857,0.00317074,0.00302153,0.00288769,0.00282574,0.00271047,0.0026053,0.00250885,0.00237807,0.00229884,0.00222512,0.00212361,0.00206125,0.00197466,0.00192106,0.00184616,0.00177712,0.00171324,0.00165394,0.00159872,0.00154717,0.00149892,0.00143918,0.0013841,0.00134552,0.00129737,0.00125258,0.00121082,0.00116242,0.00112643,0.00109262,0.00105312,0.00101641,0.000982178,0.000950191,0.000914468,0.000881345,0.000855529,0.000826483,0.000795003,0.000769874,0.000742499,0.000717007,0.000693211,0.000670946,0.000647192,0.000625066,0.000604405,0.000582736,0.000564741,0.000545782,0.000526157,0.000507894,0.000490858,0.000474928,0.000458559,0.000443282,0.000427736,0.000413244,0.000399703,0.000386,0.000373206,0.000360344,0.000348339,0.000336334,0.000325129,0.000313972,0.000302927,0.000293219,0.000283015,0.000273498,0.000264123,0.00025537,0.000246761,0.000238326,0.000230085,0.000222396,0.000214888,0.000207576,0.00020047,0.000193835,0.000187145,0.000180902,0.000174853,0.000168805,0.000163161
0.000100531,0.603144,0.773875,0.6064,0.383532,0.227766,0.13686,0.0860489,0.0572783,0.0403794,0.0299954,0.0233135,0.0188223,0.0156812,0.0134052,0.0117036,0.0103961,0.00936698,0.00853977,0.0078624,0.00729857,0.00682236,0.00641494,0.00575392,0.00548175,0.00523953,0.00502234,0.00464823,0.00448563,0.00419881,0.00407144,0.0038427,0.00373944,0.00355146,0.00338432,0.00323441,0.00316502,0.00303591,0.00291812,0.00281008,0.00266359,0.00257485,0.00249229,0.00237858,0.00230873,0.00221174,0.00215172,0.00206783,0.00199049,0.00191894,0.00185252,0.00179068,0.00173293,0.00167889,0.00161197,0.00155028,0.00150707,0.00145314,0.00140297,0.0013562,0.00130199,0.00126168,0.0012238,0.00117957,0.00113844,0.0011001,0.00106428,0.00102426,0.000987163,0.000958247,0.000925716,0.000890455,0.000862309,0.000831646,0.000803095,0.00077644,0.000751504,0.000724899,0.000700116,0.000676973,0.000652703,0.000632548,0.000611312,0.00058933,0.000568874,0.000549794,0.000531951,0.000513617,0.000496505,0.000479093,0.000462862,0.000447694,0.000432346,0.000418016,0.000403609,0.000390164,0.000376717,0.000364166,0.00035167,0.000339299,0.000328425,0.000316997,0.000306337,0.000295836,0.000286031,0.000276389,0.00026694,0.000257711,0.000249099,0.000240689,0.000232499,0.00022454,0.000217108,0.000209616,0.000202622,0.000195847,0.000189073,0.000182752
0.000112595,0.678776,0.872564,0.683021,0.431207,0.255719,0.153522,0.0964754,0.0641993,0.0452501,0.0336095,0.0261206,0.0210875,0.0175678,0.0150176,0.0131109,0.011646,0.0104929,0.00956609,0.00880717,0.00817549,0.00764199,0.00718554,0.00644504,0.00614014,0.0058688,0.00562551,0.00520645,0.00502431,0.00470303,0.00456036,0.00430414,0.00418848,0.00397792,0.0037907,0.00362279,0.00354507,0.00340045,0.00326851,0.00314751,0.00298343,0.00288403,0.00279155,0.00266419,0.00258595,0.00247732,0.00241009,0.00231612,0.0022295,0.00214936,0.00207496,0.00200569,0.00194102,0.00188048,0.00180552,0.00173643,0.00168803,0.00162762,0.00157143,0.00151905,0.00145833,0.00141317,0.00137075,0.00132121,0.00127514,0.0012322,0.00119207,0.00114725,0.0011057,0.00107331,0.00103687,0.000997376,0.000965851,0.000931505,0.000899526,0.000869671,0.00084174,0.00081194,0.000784182,0.00075826,0.000731077,0.0007085,0.000684714,0.000660093,0.000637182,0.00061581,0.000595826,0.000575289,0.000556123,0.00053662,0.000518439,0.00050145,0.00048426,0.000468209,0.000452073,0.000437013,0.000421951,0.000407894,0.000393897,0.00038004,0.000367861,0.00035506,0.00034312,0.000331359,0.000320377,0.000309577,0.000298994,0.000288656,0.00027901,0.000269591,0.000260417,0.000251503,0.000243178,0.000234786,0.000226953,0.000219364,0.000211776,0.000204696
0.000126106,0.764352,0.984678,0.769873,0.485038,0.287188,0.172245,0.108179,0.0719624,0.0507113,0.037661,0.0292668,0.023626,0.0196817,0.0168242,0.0146879,0.0130464,0.0117544,0.0107159,0.0098656,0.00915786,0.00856014,0.00804878,0.00721921,0.00687765,0.00657369,0.00630115,0.00583173,0.0056277,0.00526782,0.00510801,0.004821,0.00469146,0.0044556,0.00424591,0.00405783,0.00397076,0.00380877,0.003661,0.00352546,0.00334167,0.00323034,0.00312675,0.0029841,0.00289646,0.00277479,0.00269948,0.00259423,0.00249721,0.00240744,0.00232412,0.00224652,0.00217409,0.00210628,0.00202233,0.00194493,0.00189073,0.00182306,0.00176013,0.00170145,0.00163344,0.00158286,0.00153534,0.00147985,0.00142825,0.00138015,0.00133521,0.00128501,0.00123846,0.00120219,0.00116137,0.00111714,0.00108183,0.00104336,0.00100754,0.000974098,0.000942813,0.000909435,0.000878343,0.000849309,0.000818861,0.000793574,0.000766933,0.000739356,0.000713693,0.000689755,0.00066737,0.000644369,0.000622901,0.000601056,0.000580692,0.000561664,0.000542409,0.000524431,0.000506357,0.000489488,0.000472619,0.000456873,0.000441195,0.000425675,0.000412033,0.000397695,0.000384322,0.000371148,0.000358848,0.000346751,0.000334897,0.000323318,0.000312513,0.000301963,0.000291688,0.000281703,0.000272379,0.000262979,0.000254206,0.000245706,0.000237207,0.000229276
0.000141239,0.861312,1.11229,0.868481,0.545888,0.32264,0.193293,0.121319,0.0806729,0.0568362,0.0422035,0.0327937,0.0264715,0.0220512,0.018849,0.016455,0.0146155,0.0131679,0.0120043,0.0110515,0.0102585,0.00958882,0.00901591,0.00808652,0.00770388,0.00736336,0.00705806,0.0065322,0.00630366,0.00590053,0.00572151,0.00540002,0.00525491,0.00499071,0.00475583,0.00454516,0.00444764,0.00426619,0.00410066,0.00394885,0.00374298,0.00361828,0.00350225,0.00334247,0.00324431,0.00310802,0.00302367,0.00290578,0.00279711,0.00269656,0.00260322,0.00251631,0.00243518,0.00235923,0.00226519,0.0021785,0.00211779,0.00204199,0.0019715,0.00190578,0.0018296,0.00177295,0.00171973,0.00165757,0.00159977,0.0015459,0.00149556,0.00143933,0.00138719,0.00134656,0.00130085,0.0012513,0.00121174,0.00116866,0.00112853,0.00109108,0.00105604,0.00101865,0.000983826,0.000951305,0.0009172,0.000888877,0.000859036,0.000828146,0.000799402,0.000772589,0.000747517,0.000721752,0.000697707,0.000673238,0.000650429,0.000629115,0.000607548,0.000587411,0.000567167,0.000548272,0.000529377,0.000511741,0.00049418,0.000476796,0.000461516,0.000445457,0.000430477,0.000415721,0.000401943,0.000388394,0.000375116,0.000362147,0.000350044,0.000338228,0.000326719,0.000315535,0.000305091,0.000294562,0.000284735,0.000275214,0.000265695,0.000256812
0.000158187,0.971323,1.25782,0.980619,0.614745,0.362605,0.216965,0.136077,0.0904473,0.063706,0.0472969,0.0367474,0.0296609,0.0247067,0.021118,0.0184352,0.0163739,0.0147516,0.0134477,0.0123801,0.0114916,0.0107412,0.0100993,0.0090581,0.00862943,0.00824795,0.00790593,0.00731686,0.00706084,0.00660926,0.00640872,0.0060486,0.00588606,0.00559012,0.00532702,0.00509104,0.0049818,0.00477856,0.00459315,0.00442309,0.00419251,0.00405282,0.00392287,0.00374389,0.00363394,0.00348128,0.0033868,0.00325475,0.00313302,0.0030204,0.00291586,0.00281851,0.00272763,0.00264256,0.00253723,0.00244013,0.00237212,0.00228722,0.00220827,0.00213465,0.00204932,0.00198587,0.00192626,0.00185663,0.0017919,0.00173155,0.00167516,0.00161218,0.00155379,0.00150827,0.00145707,0.00140157,0.00135727,0.00130901,0.00126407,0.00122211,0.00118286,0.00114099,0.00110198,0.00106555,0.00102735,0.000995627,0.000962203,0.000927603,0.000895407,0.000865374,0.000837291,0.000808433,0.000781499,0.000754093,0.000728544,0.000704671,0.000680513,0.000657958,0.000635282,0.000614118,0.000592954,0.0005732,0.00055353,0.000534058,0.000516944,0.000498955,0.000482177,0.000465649,0.000450216,0.000435039,0.000420168,0.000405641,0.000392085,0.000378849,0.000365958,0.000353431,0.000341733,0.000329939,0.000318932,0.000308267,0.000297605,0.000287656
0.00017717,1.09637,1.42422,1.10841,0.692774,0.407698,0.243604,0.152659,0.10142,0.0714133,0.0530092,0.0411807,0.0332363,0.0276834,0.0236613,0.0206547,0.0183446,0.0165265,0.0150653,0.0138689,0.0128732,0.0120325,0.0113132,0.0101467,0.00966635,0.00923899,0.00885586,0.00819593,0.00790913,0.00740325,0.00717862,0.00677522,0.00659314,0.00626164,0.00596692,0.00570258,0.00558022,0.00535257,0.00514488,0.00495439,0.00469611,0.00453964,0.00439407,0.00419359,0.00407044,0.00389944,0.00379361,0.0036457,0.00350935,0.0033832,0.0032661,0.00315706,0.00305526,0.00295997,0.00284199,0.00273322,0.00265705,0.00256195,0.00247351,0.00239105,0.00229548,0.0022244,0.00215763,0.00207964,0.00200713,0.00193954,0.00187638,0.00180583,0.00174042,0.00168944,0.00163209,0.00156992,0.0015203,0.00146624,0.0014159,0.00136891,0.00132494,0.00127804,0.00123434,0.00119354,0.00115075,0.00111522,0.00107778,0.00103902,0.00100296,0.00096932,0.000937864,0.00090554,0.00087537,0.000844672,0.000816055,0.000789314,0.000762255,0.00073699,0.000711591,0.000687886,0.000664178,0.000642052,0.00062002,0.000598209,0.000579038,0.00055889,0.000540096,0.000521582,0.000504296,0.000487297,0.000470638,0.000454367,0.000439182,0.000424357,0.000409917,0.000395886,0.000382783,0.000369572,0.000357243,0.000345298,0.000333354,0.00032221
0.00019843,1.23875,1.61491,1.25435,0.781318,0.45862,0.273595,0.171295,0.113739,0.0800612,0.059416,0.0461516,0.0372451,0.0310203,0.026512,0.0231422,0.0205531,0.0185155,0.0168779,0.0155371,0.0144214,0.0134792,0.0126733,0.0113662,0.0108281,0.0103493,0.00992003,0.00918069,0.00885939,0.00829269,0.00804107,0.00758915,0.00738522,0.00701387,0.00668373,0.00638764,0.00625058,0.00599557,0.00576293,0.00554955,0.00526024,0.00508497,0.00492191,0.00469734,0.00455939,0.00436786,0.00424931,0.00408364,0.00393091,0.0037896,0.00365843,0.0035363,0.00342227,0.00331553,0.00318338,0.00306155,0.00297622,0.0028697,0.00277064,0.00267827,0.00257122,0.0024916,0.00241681,0.00232946,0.00224824,0.00217252,0.00210177,0.00202275,0.00194949,0.00189238,0.00182814,0.00175851,0.00170292,0.00164237,0.00158598,0.00153335,0.0014841,0.00143156,0.00138262,0.00133692,0.00128899,0.00124918,0.00120725,0.00116384,0.00112344,0.00108576,0.00105052,0.00101432,0.000980524,0.000946138,0.000914084,0.000884131,0.000853821,0.000825522,0.000797072,0.000770518,0.000743964,0.000719179,0.000694501,0.00067007,0.000648596,0.000626027,0.000604976,0.000584239,0.000564876,0.000545835,0.000527176,0.000508949,0.000491941,0.000475334,0.000459161,0.000443443,0.000428766,0.000413969,0.000400159,0.000386779,0.000373401,0.000360918
0.000222242,1.4012,1.8341,1.42144,0.881973,0.516188,0.307386,0.19225,0.127575,0.0897672,0.0666038,0.0517268,0.04174,0.0347616,0.029708,0.0259307,0.0230285,0.0207446,0.0189092,0.0174066,0.0161561,0.0151003,0.0141972,0.0127326,0.0121297,0.0115933,0.0111123,0.0102841,0.00992412,0.00928922,0.00900733,0.00850112,0.0082726,0.00785662,0.00748682,0.0071551,0.00700158,0.00671593,0.00645534,0.00621633,0.00589226,0.00569592,0.00551324,0.0052617,0.00510717,0.00489263,0.00475982,0.00457427,0.00440317,0.0042449,0.00409796,0.00396114,0.00383344,0.00371388,0.00356584,0.00342936,0.0033338,0.00321447,0.00310351,0.00300004,0.00288013,0.00279095,0.00270717,0.00260933,0.00251834,0.00243355,0.00235429,0.00226578,0.00218369,0.00211974,0.00204777,0.00196977,0.00190751,0.00183969,0.00177652,0.00171757,0.0016624,0.00160356,0.00154874,0.00149754,0.00144385,0.00139927,0.00135229,0.00130366,0.00125841,0.00121621,0.00117674,0.00113618,0.00109833,0.00105981,0.0010239,0.000990355,0.000956404,0.000924707,0.00089284,0.00086309,0.000833347,0.000805588,0.000777939,0.000750576,0.000726521,0.000701244,0.000677662,0.000654431,0.000632748,0.000611418,0.000590517,0.0005701,0.000551049,0.000532443,0.000514327,0.000496723,0.000480285,0.000463707,0.00044824,0.00043325,0.000418267,0.000404283
0.000248911,1.58698,2.08686,1.6133,0.996604,0.581344,0.345484,0.215824,0.14312,0.100663,0.0746687,0.0579806,0.0467809,0.0389566,0.033291,0.0290566,0.0258033,0.0232432,0.0211857,0.0195015,0.0181,0.0169168,0.0159048,0.0142636,0.0135881,0.012987,0.0124481,0.0115201,0.0111169,0.0104056,0.0100898,0.00952278,0.00926676,0.00880081,0.00838651,0.00801492,0.00784292,0.00752297,0.00723102,0.00696327,0.00660026,0.00638031,0.00617574,0.00589395,0.00572087,0.00548051,0.00533179,0.00512389,0.00493228,0.00475496,0.00459038,0.0044371,0.00429402,0.00416013,0.00399429,0.00384143,0.00373436,0.00360071,0.00347641,0.00336054,0.00322619,0.0031263,0.00303245,0.00292284,0.00282095,0.00272594,0.00263716,0.00253803,0.0024461,0.00237444,0.00229383,0.00220646,0.00213672,0.00206074,0.00198999,0.00192395,0.00186216,0.00179624,0.00173483,0.00167748,0.00161734,0.0015674,0.00151478,0.00146032,0.00140963,0.00136235,0.00131814,0.0012727,0.00123031,0.00118716,0.00114694,0.00110935,0.00107133,0.00103582,0.00100012,0.000966806,0.000933485,0.000902387,0.000871421,0.000840766,0.000813825,0.000785507,0.000759095,0.000733071,0.000708779,0.000684884,0.000661475,0.000638603,0.000617261,0.000596428,0.000576134,0.000556412,0.000537997,0.00051943,0.000502103,0.000485315,0.000468526,0.000452865
0.00027878,1.80004,2.37942,1.8343,1.12744,0.655186,0.388475,0.242358,0.160591,0.112899,0.0837201,0.0649965,0.0524348,0.043661,0.0373085,0.0325613,0.028914,0.0260439,0.0237375,0.0218495,0.0202787,0.0189525,0.0178183,0.0159791,0.0152221,0.0145486,0.0139448,0.0129051,0.0124533,0.0116565,0.0113027,0.0106674,0.0103806,0.00985858,0.00939444,0.00897825,0.00878554,0.00842711,0.00810005,0.00780015,0.00739347,0.00714712,0.00691789,0.00660229,0.00640836,0.00613913,0.00597251,0.00573965,0.005525,0.00532638,0.005142,0.00497034,0.00481007,0.00466008,0.0044743,0.00430307,0.00418315,0.00403344,0.00389421,0.00376436,0.00361392,0.003502,0.00339689,0.00327411,0.00315996,0.00305354,0.00295409,0.00284302,0.00274005,0.00265979,0.0025695,0.00247163,0.00239351,0.0023084,0.00222914,0.00215515,0.00208594,0.00201209,0.00194331,0.00187907,0.00181172,0.00175577,0.00169682,0.0016358,0.00157903,0.00152606,0.00147654,0.00142565,0.00137816,0.00132983,0.00128478,0.00124268,0.00120008,0.0011603,0.00112031,0.00108299,0.00104567,0.00101083,0.000976148,0.000941813,0.000911631,0.000879906,0.000850324,0.000821176,0.000793962,0.000767199,0.000740973,0.000715356,0.000691447,0.000668108,0.000645373,0.000623284,0.000602654,0.000581859,0.000562448,0.00054364,0.000524837,0.000507295
0.000312234,2.0451,2.71933,2.0897,1.27713,0.739,0.437034,0.272244,0.180236,0.126644,0.0938815,0.0728696,0.0587777,0.0489375,0.0418142,0.0364911,0.0324017,0.0291837,0.0265978,0.0244813,0.0227203,0.0212338,0.0199626,0.0179014,0.0170531,0.0162984,0.0156219,0.0144569,0.0139507,0.013058,0.0126616,0.0119498,0.0116286,0.0110437,0.0105238,0.0100575,0.00984169,0.00944011,0.00907376,0.00873776,0.00828218,0.00800624,0.00774948,0.00739587,0.00717868,0.00687708,0.00669041,0.00642956,0.00618911,0.0059666,0.00576007,0.00556778,0.00538825,0.00522018,0.00501213,0.00482029,0.00468595,0.00451824,0.00436229,0.00421684,0.00404828,0.00392295,0.00380519,0.00366765,0.00353977,0.00342057,0.00330917,0.00318477,0.00306941,0.00297949,0.00287835,0.00276871,0.00268119,0.00258585,0.00249708,0.00241421,0.00233668,0.00225396,0.0021769,0.00210494,0.00202947,0.00196681,0.00190078,0.00183244,0.00176883,0.0017095,0.00165402,0.00159702,0.00154382,0.00148968,0.00143921,0.00139205,0.00134433,0.00129977,0.00125498,0.00121317,0.00117136,0.00113234,0.00109349,0.00105502,0.00102121,0.00098568,0.000952537,0.000919883,0.000889401,0.000859418,0.000830043,0.000801344,0.000774564,0.000748422,0.000722957,0.00069821,0.000675103,0.000651802,0.00063006,0.000608994,0.000587929,0.000568277
0.000349702,2.32792,3.11584,2.386,1.44887,0.834295,0.491937,0.305927,0.202337,0.142088,0.105292,0.0817063,0.0658949,0.0548567,0.0468678,0.0408983,0.0363124,0.0327038,0.0298044,0.0274313,0.0254572,0.0237907,0.0223658,0.0200556,0.019105,0.0182593,0.0175012,0.0161958,0.0156286,0.0146283,0.0141842,0.0133868,0.0130269,0.0123717,0.0117892,0.0112667,0.0110249,0.0105751,0.0101647,0.00978827,0.00927792,0.00896876,0.00868117,0.00828503,0.00804171,0.00770385,0.00749478,0.00720256,0.00693317,0.00668395,0.00645259,0.00623715,0.00603602,0.00584778,0.00561468,0.00539981,0.00524931,0.00506144,0.00488672,0.0047238,0.00453498,0.00439455,0.00426265,0.00410858,0.00396533,0.00383179,0.00370699,0.00356764,0.00343841,0.00333768,0.00322439,0.00310157,0.00300353,0.00289673,0.00279729,0.00270445,0.0026176,0.00252493,0.00243861,0.00235801,0.00227346,0.00220327,0.00212929,0.00205274,0.00198149,0.00191502,0.00185289,0.00178902,0.00172943,0.00166877,0.00161224,0.00155941,0.00150595,0.00145604,0.00140587,0.00135903,0.0013122,0.00126848,0.00122495,0.00118186,0.00114399,0.00110418,0.00106706,0.00103048,0.00099633,0.000962745,0.000929841,0.000897694,0.000867692,0.000838404,0.000809879,0.000782155,0.000756272,0.000730172,0.000705814,0.000682218,0.000658622,0.000636606
0.000391666,2.65549,3.5801,2.73116,1.64652,0.942854,0.554091,0.343921,0.227213,0.159451,0.118108,0.0916272,0.0738823,0.0614983,0.0525369,0.0458414,0.0406981,0.0366512,0.0333996,0.0307385,0.0285251,0.0266568,0.0250593,0.0224699,0.0214045,0.0204567,0.0196071,0.0181444,0.0175088,0.016388,0.0158904,0.0149969,0.0145936,0.0138595,0.013207,0.0126217,0.0123508,0.0118469,0.0113871,0.0109654,0.0103936,0.0100473,0.00972508,0.00928133,0.00900872,0.00863024,0.00839601,0.00806865,0.00776687,0.00748764,0.00722849,0.00698715,0.00676183,0.00655095,0.00628983,0.00604912,0.00588054,0.00567005,0.00547432,0.00529183,0.00508031,0.004923,0.00477522,0.00460263,0.00444215,0.00429254,0.00415275,0.00399664,0.00385186,0.00373904,0.00361211,0.00347452,0.0033647,0.00324507,0.00313365,0.00302965,0.00293235,0.00282855,0.00273184,0.00264155,0.00254685,0.0024682,0.00238535,0.00229958,0.00221976,0.00214531,0.00207569,0.00200415,0.00193739,0.00186945,0.00180611,0.00174693,0.00168705,0.00163114,0.00157492,0.00152245,0.00146999,0.00142102,0.00137226,0.00132399,0.00128156,0.00123697,0.00119538,0.0011544,0.00111615,0.00107853,0.00104166,0.00100565,0.000972044,0.000939231,0.000907273,0.000876222,0.000847223,0.000817986,0.000790697,0.00076426,0.000737829,0.000713167
0.000438666,3.03635,4.12533,3.13486,1.87479,1.0668,0.62455,0.386814,0.25523,0.178978,0.13251,0.102769,0.0828491,0.068952,0.058898,0.051387,0.0456174,0.0410779,0.037431,0.0344466,0.0319644,0.0298696,0.0280787,0.0251759,0.0239817,0.0229194,0.0219672,0.0203281,0.0196158,0.01836,0.0178023,0.0168012,0.0163494,0.0155269,0.0147958,0.0141401,0.0138366,0.0132719,0.0127568,0.0122844,0.0116438,0.0112558,0.0108948,0.0103977,0.0100923,0.00966832,0.00940587,0.00903912,0.00870106,0.00838827,0.00809791,0.00782758,0.00757513,0.0073389,0.00704636,0.00677668,0.00658781,0.00635204,0.00613276,0.00592831,0.00569136,0.00551512,0.00534957,0.00515621,0.00497644,0.00480886,0.00465224,0.00447734,0.00431517,0.00418876,0.00404657,0.00389244,0.00376941,0.00363538,0.00351056,0.00339406,0.00328505,0.00316877,0.00306044,0.00295927,0.00285318,0.00276509,0.00267225,0.00257617,0.00248675,0.00240335,0.00232536,0.00224521,0.00217042,0.00209431,0.00202336,0.00195706,0.00188997,0.00182733,0.00176436,0.00170559,0.00164681,0.00159195,0.00153733,0.00148325,0.00143572,0.00138576,0.00133916,0.00129326,0.00125041,0.00120826,0.00116696,0.00112662,0.00108897,0.00105221,0.00101641,0.000981622,0.000949137,0.000916385,0.000885815,0.0008562,0.000826587,0.000798959
0.000491306,3.48091,4.76629,3.60874,2.13945,1.20866,0.704546,0.435289,0.286808,0.200951,0.1487,0.115285,0.0929179,0.0773194,0.0660371,0.0576096,0.0511363,0.0460434,0.0419521,0.0386046,0.0358206,0.0334715,0.0314634,0.0282091,0.0268704,0.0256797,0.0246125,0.0227754,0.0219772,0.0205699,0.019945,0.0188233,0.018317,0.0173954,0.0165762,0.0158416,0.0155015,0.0148689,0.0142917,0.0137624,0.0130448,0.0126101,0.0122057,0.0116487,0.0113066,0.0108315,0.0105376,0.0101267,0.00974793,0.00939749,0.0090722,0.00876931,0.00848654,0.00822183,0.00789412,0.007592,0.00738042,0.00711625,0.0068706,0.00664155,0.00637607,0.00617866,0.00599319,0.00577656,0.00557515,0.00538741,0.00521197,0.00501601,0.00483433,0.00469273,0.00453342,0.00436075,0.00422291,0.00407276,0.00393293,0.00380241,0.00368029,0.00355,0.00342864,0.00331531,0.00319646,0.00309777,0.00299377,0.00288612,0.00278595,0.00269251,0.00260514,0.00251536,0.00243156,0.00234629,0.0022668,0.00219252,0.00211737,0.00204719,0.00197664,0.0019108,0.00184495,0.00178349,0.00172229,0.00166171,0.00160847,0.0015525,0.0015003,0.00144888,0.00140086,0.00135365,0.00130737,0.00126218,0.00122,0.00117882,0.00113872,0.00109974,0.00106334,0.00102665,0.000992406,0.000959228,0.000926053,0.000895098
0.000550262,4.00168,5.51755,4.16624,2.44749,1.37149,0.79553,0.490131,0.322427,0.225691,0.166908,0.129351,0.104228,0.0867147,0.0740512,0.0645931,0.0573287,0.0516138,0.0470234,0.0432677,0.0401449,0.0375102,0.0352581,0.0316092,0.0301085,0.0287736,0.0275775,0.0255183,0.0246239,0.0230467,0.0223465,0.0210894,0.0205221,0.0194895,0.0185716,0.0177484,0.0173674,0.0166586,0.0160119,0.0154189,0.0146149,0.0141278,0.0136747,0.0130507,0.0126673,0.0121351,0.0118057,0.0113454,0.0109211,0.0105285,0.010164,0.00982467,0.00950787,0.00921133,0.00884414,0.00850567,0.00826862,0.00797266,0.00769746,0.00744084,0.00714341,0.00692223,0.00671444,0.00647175,0.00624611,0.00603576,0.00583921,0.00561968,0.00541612,0.00525749,0.005079,0.00488555,0.00473113,0.0045629,0.00440626,0.00426004,0.00412321,0.00397725,0.00384128,0.00371432,0.00358116,0.00347057,0.00335407,0.00323347,0.00312124,0.00301655,0.00291867,0.00281808,0.0027242,0.00262867,0.00253962,0.00245641,0.0023722,0.00229358,0.00221454,0.00214077,0.002067,0.00199815,0.00192959,0.00186171,0.00180205,0.00173936,0.00168087,0.00162326,0.00156947,0.00151657,0.00146473,0.0014141,0.00136684,0.00132071,0.00127578,0.00123211,0.00119134,0.00115023,0.00111186,0.00107469,0.00103752,0.00100284
0.000616294,4.61327,6.38947,4.82176,2.80754,1.55898,0.899221,0.552262,0.36264,0.253565,0.187396,0.145166,0.116936,0.0972681,0.0830504,0.072433,0.0642791,0.0578646,0.0527127,0.0484984,0.0449947,0.0420391,0.0395132,0.0354213,0.0337386,0.0322422,0.0309013,0.0285931,0.0275905,0.0258229,0.0250382,0.0236295,0.0229937,0.0218366,0.020808,0.0198856,0.0194586,0.0186644,0.0179399,0.0172754,0.0163745,0.0158288,0.0153211,0.0146219,0.0141924,0.0135961,0.0132271,0.0127113,0.0122359,0.011796,0.0113877,0.0110075,0.0106525,0.0103203,0.0099089,0.00952968,0.00926409,0.00893251,0.00862418,0.00833666,0.00800342,0.0077556,0.0075228,0.00725088,0.00699808,0.00676242,0.00654219,0.00629625,0.00606819,0.00589045,0.00569048,0.00547375,0.00530073,0.00511224,0.00493674,0.0047729,0.00461963,0.00445608,0.00430374,0.00416149,0.0040123,0.00388842,0.00375789,0.00362276,0.00349703,0.00337974,0.00327007,0.00315737,0.00305218,0.00294516,0.00284538,0.00275216,0.00265782,0.00256973,0.00248118,0.00239853,0.00231587,0.00223873,0.00216191,0.00208587,0.00201903,0.00194878,0.00188326,0.00181871,0.00175845,0.00169917,0.0016411,0.00158437,0.00153143,0.00147973,0.0014294,0.00138047,0.00133479,0.00128873,0.00124575,0.0012041,0.00116246,0.00112361
0.000690249,5.3316,7.38074,5.58783,3.23011,1.77565,1.01766,0.622751,0.408085,0.284993,0.210463,0.162955,0.131222,0.109126,0.0931587,0.0812367,0.0720814,0.0648801,0.0590968,0.0543668,0.0504349,0.0471187,0.0442851,0.0396957,0.0378088,0.036131,0.0346275,0.03204,0.0309162,0.028935,0.0280554,0.0264766,0.0257641,0.0244674,0.0233147,0.0222811,0.0218027,0.0209127,0.0201008,0.0193563,0.0183468,0.0177353,0.0171665,0.016383,0.0159018,0.0152337,0.0148202,0.0142423,0.0137096,0.0132167,0.0127592,0.0123332,0.0119355,0.0115632,0.0111023,0.0106774,0.0103798,0.0100083,0.00966283,0.0093407,0.00896732,0.00868965,0.00842883,0.00812416,0.00784093,0.00757686,0.00733011,0.00705455,0.00679903,0.00659988,0.00637582,0.00613299,0.00593913,0.00572796,0.00553131,0.00534775,0.005176,0.00499277,0.00482209,0.0046627,0.00449556,0.00435674,0.00421049,0.00405909,0.00391822,0.0037868,0.00366393,0.00353766,0.00341981,0.00329989,0.0031881,0.00308364,0.00297793,0.00287924,0.00278002,0.00268742,0.00259481,0.00250838,0.00242231,0.00233711,0.00226222,0.00218352,0.0021101,0.00203778,0.00197025,0.00190385,0.00183878,0.00177521,0.0017159,0.00165798,0.00160158,0.00154677,0.00149558,0.00144398,0.00139581,0.00134915,0.0013025,0.00125896
0.000773079,6.17159,8.47025,6.46958,3.72766,2.02703,1.1533,0.702857,0.459503,0.320459,0.236451,0.182975,0.147289,0.122455,0.104517,0.0911259,0.0808433,0.072756,0.066262,0.0609517,0.0565383,0.0528167,0.0496373,0.0444891,0.0423729,0.0404914,0.0388056,0.0359046,0.0346448,0.0324239,0.031438,0.0296685,0.0288699,0.0274166,0.0261248,0.0249664,0.0244303,0.0234329,0.0225231,0.0216888,0.0205576,0.0198725,0.019235,0.0183572,0.0178179,0.0170692,0.0166059,0.0159584,0.0153615,0.0148092,0.0142966,0.0138192,0.0133736,0.0129565,0.01244,0.0119639,0.0116305,0.0112142,0.0108271,0.0104662,0.0100478,0.0097367,0.0094444,0.00910305,0.00878567,0.0084898,0.00821333,0.00790455,0.00761825,0.00739511,0.00714406,0.00687196,0.00665476,0.00641814,0.0061978,0.00599212,0.00579968,0.00559437,0.00540312,0.00522453,0.00503725,0.00488171,0.00471783,0.0045482,0.00439036,0.0042431,0.00410542,0.00396394,0.00383189,0.00369752,0.00357226,0.00345521,0.00333678,0.00322619,0.00311502,0.00301126,0.0029075,0.00281065,0.00271421,0.00261875,0.00253484,0.00244665,0.00236438,0.00228335,0.00220769,0.00213329,0.00206037,0.00198915,0.00192269,0.0018578,0.00179459,0.00173318,0.00167582,0.001618,0.00156404,0.00151175,0.00145948,0.0014107
0.000865848,7.14182,9.61517,7.45666,4.31404,2.31997,1.30909,0.794065,0.517754,0.360517,0.265751,0.20552,0.165368,0.137445,0.117285,0.102238,0.0906856,0.0816003,0.074306,0.0683426,0.0633873,0.0592098,0.0556417,0.0498654,0.0474917,0.0453814,0.0434908,0.040238,0.0388255,0.0363357,0.0352306,0.033247,0.032352,0.030723,0.0292752,0.027977,0.0273761,0.0262584,0.0252388,0.0243038,0.0230362,0.0222683,0.021554,0.0205703,0.019966,0.019127,0.0186078,0.0178822,0.0172133,0.0165945,0.01602,0.0154852,0.0149858,0.0145184,0.0139397,0.0134062,0.0130325,0.0125661,0.0121323,0.0117278,0.011259,0.0109104,0.0105829,0.0102004,0.00984477,0.00951325,0.00920345,0.00885743,0.00853662,0.00828657,0.00800527,0.00770038,0.007457,0.00719184,0.00694494,0.00671448,0.00649884,0.00626877,0.00605448,0.00585437,0.0056445,0.00547022,0.00528658,0.0050965,0.00491963,0.00475464,0.00460035,0.00444182,0.00429385,0.00414329,0.00400293,0.00387177,0.00373906,0.00361514,0.00349058,0.00337431,0.00325803,0.00314951,0.00304145,0.00293448,0.00284045,0.00274163,0.00264946,0.00255865,0.00247387,0.0023905,0.0023088,0.00222899,0.00215452,0.0020818,0.00201098,0.00194216,0.0018779,0.0018131,0.00175264,0.00169405,0.00163547,0.00158081
0.00096975,8.23626,10.7621,8.51732,5.00273,2.66294,1.48862,0.898141,0.583845,0.405815,0.298813,0.230925,0.185722,0.154312,0.131644,0.11473,0.101746,0.0915354,0.0833395,0.0766402,0.071075,0.0663842,0.0623788,0.0558967,0.0532335,0.0508661,0.0487458,0.0450978,0.0435139,0.0407223,0.0394834,0.0372597,0.0362565,0.0344304,0.0328077,0.0313525,0.0306791,0.0294263,0.0282836,0.0272357,0.0258151,0.0249545,0.024154,0.0230516,0.0223744,0.0214342,0.0208523,0.0200392,0.0192896,0.0185961,0.0179523,0.0173529,0.0167933,0.0162696,0.015621,0.0150232,0.0146044,0.0140817,0.0135957,0.0131424,0.0126171,0.0122264,0.0118594,0.0114307,0.0110322,0.0106607,0.0103135,0.0099258,0.00956629,0.00928608,0.00897085,0.00862918,0.00835644,0.00805932,0.00778264,0.00752436,0.00728273,0.00702492,0.00678477,0.00656053,0.00632535,0.00613003,0.00592427,0.00571126,0.00551306,0.00532816,0.00515527,0.00497761,0.0048118,0.00464307,0.00448579,0.00433882,0.0041901,0.00405124,0.00391164,0.00378135,0.00365105,0.00352945,0.00340835,0.00328848,0.00318311,0.00307238,0.00296908,0.00286733,0.00277232,0.00267889,0.00258733,0.0024979,0.00241445,0.00233296,0.0022536,0.00217648,0.00210447,0.00203186,0.0019641,0.00189844,0.0018328,0.00177155
0.00108612,9.42627,11.865,9.60312,5.80259,3.06604,1.6963,1.01719,0.658957,0.457099,0.336157,0.259577,0.208653,0.1733,0.147801,0.12878,0.114179,0.1027,0.0934872,0.0859585,0.079706,0.0744375,0.0699399,0.0626637,0.0596752,0.0570192,0.0546404,0.0505488,0.0487725,0.0456421,0.044253,0.0417599,0.0406351,0.0385881,0.0367689,0.0351378,0.034383,0.0329788,0.031698,0.0305234,0.0289312,0.0279667,0.0270694,0.0258339,0.0250749,0.0240212,0.0233691,0.0224578,0.0216177,0.0208405,0.020119,0.0194473,0.0188201,0.0182331,0.0175063,0.0168363,0.0163671,0.0157813,0.0152365,0.0147285,0.0141398,0.013702,0.0132907,0.0128103,0.0123637,0.0119473,0.0115583,0.0111237,0.0107208,0.0104068,0.0100536,0.00967065,0.00936499,0.00903201,0.00872195,0.00843251,0.00816171,0.00787279,0.00760366,0.00735235,0.00708879,0.00686992,0.00663931,0.0064006,0.00617848,0.00597126,0.0057775,0.00557841,0.00539259,0.0052035,0.00502723,0.00486253,0.00469586,0.00454025,0.0043838,0.00423779,0.00409177,0.00395548,0.00381978,0.00368544,0.00356735,0.00344325,0.00332749,0.00321346,0.00310699,0.00300228,0.00289968,0.00279945,0.00270592,0.00261461,0.00252567,0.00243924,0.00235854,0.00227717,0.00220123,0.00212765,0.00205409,0.00198545
0.00121645,10.6618,12.8959,10.665,6.71022,3.54158,1.93753,1.15376,0.744485,0.515239,0.37838,0.291917,0.234506,0.19469,0.165991,0.144589,0.128163,0.115251,0.10489,0.0964261,0.0893989,0.0834794,0.0784275,0.0702579,0.0669036,0.0639229,0.0612538,0.0566638,0.0546714,0.0511607,0.0496029,0.0468074,0.0455462,0.0432511,0.0412116,0.0393831,0.0385369,0.0369629,0.0355272,0.0342106,0.0324258,0.0313447,0.030339,0.0289541,0.0281035,0.0269225,0.0261916,0.0251701,0.0242285,0.0233574,0.0225488,0.0217959,0.021093,0.0204352,0.0196205,0.0188696,0.0183437,0.0176872,0.0170766,0.0165073,0.0158475,0.0153568,0.0148958,0.0143574,0.0138568,0.0133902,0.0129542,0.0124672,0.0120156,0.0116637,0.0112677,0.0108386,0.010496,0.0101228,0.00977532,0.00945093,0.00914743,0.00882362,0.00852199,0.00824033,0.00794494,0.00769963,0.00744118,0.00717364,0.0069247,0.00669247,0.00647532,0.00625217,0.00604391,0.005832,0.00563444,0.00544985,0.00526306,0.00508864,0.00491331,0.00474966,0.00458601,0.00443326,0.00428117,0.00413061,0.00399827,0.00385918,0.00372944,0.00360164,0.00348231,0.00336496,0.00324996,0.00313763,0.00303282,0.00293047,0.00283079,0.00273393,0.00264348,0.00255228,0.00246718,0.00238471,0.00230227,0.00222533
0.00136243,11.8862,13.8443,11.6682,7.70275,4.10356,2.21906,1.31094,0.842097,0.581266,0.426184,0.32846,0.263682,0.218807,0.186485,0.16239,0.143901,0.129369,0.117711,0.108191,0.100289,0.0936355,0.087959,0.0787833,0.0750173,0.0716715,0.0686761,0.0635257,0.0612906,0.0573525,0.0556054,0.0524702,0.0510559,0.0484825,0.0461957,0.0441456,0.043197,0.0414322,0.0398226,0.0383467,0.0363459,0.035134,0.0340067,0.0324543,0.0315007,0.0301768,0.0293576,0.0282126,0.0271572,0.0261808,0.0252744,0.0244305,0.0236426,0.0229052,0.0219921,0.0211504,0.0205609,0.019825,0.0191407,0.0185025,0.017763,0.017213,0.0166963,0.0160928,0.0155317,0.0150087,0.01452,0.0139741,0.013468,0.0130735,0.0126297,0.0121487,0.0117647,0.0113464,0.0109569,0.0105933,0.0102531,0.00989019,0.00955211,0.00923641,0.00890533,0.00863037,0.00834068,0.00804081,0.00776177,0.00750147,0.00725807,0.00700797,0.00677453,0.006537,0.00631557,0.00610867,0.0058993,0.00570382,0.00550729,0.00532386,0.00514043,0.00496922,0.00479875,0.00462999,0.00448166,0.00432576,0.00418034,0.00403709,0.00390334,0.00377181,0.00364291,0.00351701,0.00339953,0.00328481,0.00317308,0.00306451,0.00296313,0.00286091,0.00276552,0.00267309,0.00258068,0.00249445
0.00152592,13.0543,14.7105,12.5958,8.73723,4.76564,2.54923,1.49248,0.953771,0.656377,0.480377,0.369794,0.296633,0.246018,0.20959,0.182445,0.16162,0.145255,0.132131,0.121416,0.112527,0.105046,0.0986648,0.0883556,0.0841262,0.0803696,0.077007,0.0712267,0.0687187,0.0643005,0.0623407,0.0588241,0.057238,0.0543518,0.0517875,0.0494887,0.048425,0.0464462,0.0446416,0.0429868,0.0407436,0.039385,0.0381211,0.0363808,0.0353118,0.0338277,0.0329092,0.0316257,0.0304426,0.029348,0.0283319,0.0273859,0.0265027,0.0256761,0.0246525,0.023709,0.0230482,0.0222233,0.0214561,0.0207408,0.0199117,0.0192952,0.018716,0.0180396,0.0174106,0.0168243,0.0162765,0.0156646,0.0150972,0.014655,0.0141576,0.0136184,0.0131879,0.012719,0.0122824,0.0118749,0.0114935,0.0110867,0.0107077,0.0103538,0.00998269,0.00967447,0.00934974,0.00901359,0.00870081,0.00840902,0.00813619,0.00785582,0.00759416,0.00732789,0.00707969,0.00684775,0.00661306,0.00639393,0.00617364,0.00596802,0.0057624,0.00557049,0.00537939,0.00519022,0.00502395,0.00484919,0.00468618,0.00452561,0.00437568,0.00422823,0.00408375,0.00394262,0.00381092,0.00368233,0.0035571,0.00343539,0.00332174,0.00320716,0.00310023,0.00299662,0.00289303,0.00279637
0.00170903,14.1413,15.5006,13.4447,9.764,5.53734,2.93843,1.70305,1.08191,0.742007,0.541915,0.416612,0.333893,0.27675,0.235662,0.205058,0.181585,0.163143,0.148358,0.136293,0.126288,0.11787,0.110695,0.0991073,0.0943559,0.0901367,0.0863608,0.0798719,0.0770571,0.0720993,0.0699004,0.0659553,0.0641761,0.0609388,0.0580628,0.0554847,0.0542918,0.0520728,0.0500492,0.0481937,0.0456785,0.0441551,0.042738,0.0407867,0.0395882,0.0379242,0.0368945,0.0354555,0.034129,0.0329018,0.0317628,0.0307022,0.029712,0.0287852,0.0276377,0.0265799,0.0258391,0.0249142,0.0240542,0.0232523,0.0223228,0.0216316,0.0209823,0.0202239,0.0195189,0.0188616,0.0182474,0.0175614,0.0169253,0.0164296,0.0158719,0.0152674,0.0147849,0.0142592,0.0137698,0.0133128,0.0128853,0.0124292,0.0120044,0.0116076,0.0111916,0.010846,0.010482,0.0101052,0.0097545,0.00942738,0.00912151,0.0088072,0.00851386,0.00821537,0.0079371,0.00767708,0.00741398,0.00716832,0.00692135,0.00669084,0.00646033,0.00624518,0.00603095,0.00581887,0.00563247,0.00543655,0.00525381,0.00507379,0.00490571,0.00474042,0.00457844,0.00442022,0.00427258,0.00412842,0.00398802,0.00385158,0.00372418,0.00359572,0.00347584,0.00335969,0.00324356,0.0031352
0.00191411,15.139,16.2227,14.2188,10.7434,6.41617,3.39899,1.94844,1.22942,0.83986,0.611919,0.469717,0.376076,0.311496,0.26511,0.230577,0.204097,0.183299,0.166631,0.153035,0.141766,0.132291,0.124217,0.111188,0.105848,0.101107,0.0968662,0.0895798,0.0864199,0.0808552,0.0783875,0.0739608,0.0719646,0.0683329,0.0651067,0.062215,0.0608769,0.0583882,0.0561187,0.0540378,0.0512171,0.0495088,0.0479198,0.0457316,0.0443877,0.0425219,0.0413673,0.0397537,0.0382664,0.0368904,0.0356131,0.034424,0.0333137,0.0322746,0.030988,0.0298019,0.0289713,0.0279344,0.02697,0.0260709,0.0250288,0.0242538,0.0235258,0.0226755,0.0218849,0.021148,0.0204593,0.0196902,0.0189771,0.0184212,0.0177959,0.0171182,0.0165772,0.0159878,0.015439,0.0149267,0.0144474,0.013936,0.0134596,0.0130148,0.0125483,0.0121609,0.0117527,0.0113302,0.0109371,0.0105703,0.0102274,0.00987498,0.00954607,0.00921139,0.00889941,0.00860788,0.00831288,0.00803745,0.00776055,0.0075021,0.00724365,0.00700243,0.00676223,0.00652445,0.00631545,0.00609579,0.0058909,0.00568907,0.00550062,0.00531529,0.00513368,0.00495628,0.00479074,0.00462911,0.0044717,0.00431872,0.00417587,0.00403185,0.00389744,0.00376721,0.00363701,0.00351551
0.00214381,16.0499,16.8846,14.9253,11.6536,7.37965,3.9453,2.23591,1.39991,0.951998,0.691728,0.53006,0.423903,0.350832,0.298409,0.259405,0.229505,0.206028,0.187221,0.171889,0.159189,0.148515,0.139426,0.124767,0.118763,0.113435,0.10867,0.100485,0.0969366,0.0906891,0.087919,0.0829509,0.0807107,0.0766356,0.0730159,0.0697717,0.0682707,0.065479,0.0629332,0.0605992,0.0574355,0.0555195,0.0537373,0.0512833,0.0497761,0.0476836,0.0463887,0.0445791,0.0429112,0.0413681,0.0399358,0.0386022,0.0373572,0.0361919,0.0347491,0.0334191,0.0324877,0.0313248,0.0302435,0.0292352,0.0280666,0.0271976,0.0263812,0.0254277,0.0245412,0.0237148,0.0229426,0.0220801,0.0212804,0.0206572,0.019956,0.019196,0.0185893,0.0179284,0.017313,0.0167385,0.016201,0.0156276,0.0150934,0.0145946,0.0140715,0.0136371,0.0131794,0.0127056,0.0122647,0.0118535,0.0114689,0.0110737,0.0107049,0.0103296,0.00997978,0.00965288,0.00932208,0.00901322,0.00870272,0.00841291,0.0081231,0.00785259,0.00758325,0.00731662,0.00708226,0.00683594,0.00660618,0.00637986,0.00616853,0.00596072,0.00575707,0.00555815,0.00537252,0.00519127,0.00501475,0.00484321,0.00468303,0.00452154,0.00437082,0.00422478,0.00407878,0.00394254
0.00240107,16.8811,17.4938,15.5719,12.4879,8.38482,4.59201,2.57454,1.59779,1.08091,0.782931,0.598758,0.478216,0.395425,0.336108,0.292005,0.258208,0.23168,0.21044,0.193134,0.178809,0.166777,0.156538,0.140038,0.133284,0.127293,0.121936,0.112739,0.108753,0.101737,0.0986266,0.0930492,0.0905346,0.085961,0.0818989,0.0782586,0.0765744,0.0734422,0.0705861,0.0679676,0.0644186,0.0622693,0.0602701,0.0575174,0.0558268,0.0534798,0.0520274,0.0499977,0.048127,0.0463962,0.0447897,0.043294,0.0418976,0.0405907,0.0389725,0.0374808,0.0364361,0.035132,0.0339192,0.0327884,0.0314778,0.0305031,0.0295875,0.0285181,0.0275239,0.0265971,0.025731,0.0247637,0.0238669,0.0231678,0.0223815,0.0215291,0.0208487,0.0201075,0.0194173,0.018773,0.0181702,0.0175271,0.016928,0.0163686,0.0157819,0.0152947,0.0147814,0.01425,0.0137556,0.0132943,0.0128631,0.0124199,0.0120062,0.0115853,0.011193,0.0108264,0.0104554,0.010109,0.00976074,0.00943571,0.00911068,0.00880731,0.00850523,0.00820621,0.00794337,0.00766711,0.00740944,0.00715561,0.00691861,0.00668554,0.00645715,0.00623406,0.00602587,0.0058226,0.00562463,0.00543225,0.0052526,0.00507148,0.00490245,0.00473866,0.00457492,0.00442213
0.00268919,17.6417,18.0572,16.1664,13.2493,9.3826,5.35051,2.97611,1.82883,1.22979,0.887544,0.677216,0.540067,0.446105,0.37889,0.328952,0.290699,0.260687,0.23667,0.217116,0.200941,0.187366,0.175821,0.157234,0.149632,0.142892,0.136866,0.126527,0.122047,0.114164,0.11067,0.104407,0.101583,0.0964481,0.0918882,0.087802,0.0859117,0.0823964,0.079191,0.0762526,0.0722701,0.0698584,0.0676152,0.0645266,0.0626298,0.0599965,0.058367,0.0560898,0.053991,0.0520493,0.0502469,0.0485689,0.0470024,0.0455361,0.0437208,0.0420473,0.0408753,0.0394123,0.0380517,0.0367831,0.0353129,0.0342195,0.0331923,0.0319926,0.0308773,0.0298375,0.028866,0.0277809,0.0267747,0.0259906,0.0251084,0.0241522,0.0233889,0.0225574,0.0217831,0.0210604,0.0203841,0.0196627,0.0189906,0.0183631,0.0177049,0.0171584,0.0165825,0.0159864,0.0154318,0.0149143,0.0144305,0.0139334,0.0134693,0.0129972,0.012557,0.0121457,0.0117295,0.011341,0.0109503,0.0105857,0.0102211,0.00988075,0.00954188,0.00920643,0.00891158,0.00860167,0.00831262,0.00802787,0.007762,0.00750054,0.00724432,0.00699406,0.00676051,0.00653249,0.0063104,0.00609458,0.00589306,0.00568987,0.00550025,0.00531651,0.00513282,0.00496142
0.0030119,18.3391,18.5795,16.7144,13.943,10.3319,6.21816,3.4538,2.09967,1.40217,1.00773,0.766901,0.610535,0.503716,0.427438,0.370817,0.327465,0.293469,0.266282,0.244163,0.225883,0.210554,0.197529,0.176578,0.168017,0.160429,0.153649,0.142021,0.136985,0.128126,0.124201,0.117164,0.113993,0.108227,0.103107,0.0985196,0.0963975,0.0924516,0.0888539,0.0855559,0.0810865,0.07838,0.0758627,0.0723969,0.0702684,0.0673136,0.0654852,0.0629301,0.0605751,0.0583965,0.0563743,0.0544916,0.0527339,0.0510888,0.0490521,0.0471745,0.0458596,0.0442181,0.0426917,0.0412684,0.0396188,0.0383921,0.0372397,0.0358938,0.0346424,0.0334759,0.0323858,0.0311684,0.0300397,0.0291599,0.0281701,0.0270974,0.0262411,0.0253082,0.0244395,0.0236286,0.0228699,0.0220605,0.0213066,0.0206025,0.0198641,0.0192509,0.0186049,0.0179361,0.0173139,0.0167333,0.0161905,0.0156328,0.0151122,0.0145824,0.0140886,0.0136272,0.0131603,0.0127243,0.0122861,0.011877,0.0114679,0.0110861,0.0107059,0.0103296,0.00999877,0.00965109,0.00932679,0.00900734,0.00870905,0.00841572,0.00812827,0.00784749,0.00758548,0.00732965,0.00708049,0.00683837,0.00661227,0.00638431,0.00617157,0.00596545,0.00575936,0.00556706
0.00337332,18.9819,19.0664,17.2224,14.5775,11.2131,7.17373,4.02427,2.41972,1.60311,1.14656,0.869904,0.69116,0.569457,0.482727,0.418413,0.369199,0.330628,0.299805,0.274751,0.254065,0.236737,0.222024,0.198388,0.188739,0.180191,0.172558,0.159471,0.153807,0.143845,0.139433,0.131525,0.127962,0.121484,0.115733,0.110581,0.108198,0.103767,0.0997275,0.0960247,0.091007,0.0879687,0.0851429,0.0812524,0.0788632,0.0755466,0.0734943,0.0706265,0.0679833,0.065538,0.0632684,0.0611553,0.0591826,0.0573363,0.0550504,0.0529432,0.0514675,0.0496252,0.0479121,0.0463148,0.0444635,0.0430868,0.0417935,0.040283,0.0388786,0.0375695,0.0363462,0.0349799,0.0337131,0.0327258,0.031615,0.0304111,0.0294501,0.0284032,0.0274283,0.0265183,0.0256668,0.0247585,0.0239123,0.0231222,0.0222936,0.0216054,0.0208804,0.0201298,0.0194315,0.01878,0.0181708,0.0175449,0.0169607,0.0163662,0.015812,0.0152942,0.0147701,0.0142809,0.013789,0.01333,0.0128709,0.0124424,0.0120157,0.0115934,0.0112221,0.010832,0.010468,0.0101095,0.00977475,0.00944555,0.00912297,0.00880786,0.00851382,0.00822672,0.00794709,0.00767537,0.00742163,0.00716581,0.00692706,0.00669573,0.00646446,0.00624865
0.00377812,19.5765,19.5213,17.6947,15.1597,12.0196,8.17175,4.70327,2.80019,1.83849,1.30752,0.98853,0.783606,0.644608,0.545786,0.472591,0.416618,0.372778,0.337776,0.309356,0.285917,0.266303,0.249668,0.222977,0.212093,0.202458,0.193857,0.179121,0.172746,0.161539,0.156577,0.147687,0.143682,0.136401,0.129939,0.124151,0.121474,0.116497,0.11196,0.107801,0.102167,0.0987548,0.0955818,0.0912135,0.0885309,0.0848072,0.082503,0.0792833,0.0763159,0.0735707,0.0710227,0.0686505,0.066436,0.0643633,0.0617971,0.0594316,0.057775,0.055707,0.0537839,0.0519908,0.0499126,0.0483672,0.0469154,0.0452198,0.0436434,0.0421738,0.0408006,0.0392669,0.0378449,0.0367366,0.0354897,0.0341383,0.0330596,0.0318843,0.03079,0.0297685,0.0288128,0.0277931,0.0268433,0.0259563,0.0250262,0.0242537,0.0234398,0.0225974,0.0218134,0.0210821,0.0203984,0.0196957,0.0190399,0.0183726,0.0177505,0.0171692,0.016581,0.0160318,0.0154797,0.0149644,0.014449,0.0139681,0.0134891,0.013015,0.0125983,0.0121603,0.0117518,0.0113493,0.0109736,0.0106041,0.0102419,0.00988823,0.00955817,0.00923589,0.00892201,0.00861699,0.00833217,0.00804501,0.00777701,0.00751733,0.00725772,0.00701547
0.0042315,20.1285,19.9478,18.1356,15.696,12.7543,9.1599,5.50095,3.25555,2.11606,1.49511,1.12571,0.889967,0.730767,0.617889,0.534397,0.4706,0.420672,0.380851,0.348557,0.321957,0.299727,0.280894,0.250722,0.238435,0.227564,0.217865,0.201262,0.194083,0.181469,0.175885,0.165885,0.161381,0.153195,0.145931,0.139426,0.136418,0.130825,0.125728,0.121056,0.114726,0.110894,0.10733,0.102424,0.0994109,0.0952288,0.0926412,0.0890254,0.0856929,0.0826102,0.079749,0.0770851,0.0745984,0.0722709,0.0693894,0.0667332,0.0648731,0.0625509,0.0603915,0.0583781,0.0560447,0.0543093,0.0526792,0.0507753,0.0490052,0.0473552,0.0458132,0.0440912,0.0424945,0.0412501,0.0398501,0.0383327,0.0371214,0.0358018,0.0345731,0.0334261,0.032353,0.0312081,0.0301416,0.0291457,0.0281014,0.027234,0.0263202,0.0253742,0.024494,0.0236729,0.0229051,0.0221162,0.0213798,0.0206306,0.0199321,0.0192794,0.018619,0.0180023,0.0173824,0.0168038,0.0162252,0.0156851,0.0151474,0.014615,0.0141471,0.0136553,0.0131966,0.0127448,0.0123229,0.011908,0.0115014,0.0111042,0.0107336,0.0103718,0.0100193,0.00967686,0.00935706,0.00903463,0.00873371,0.00844215,0.00815066,0.00787865
0.00473928,20.6428,20.3489,18.5484,16.1921,13.4237,10.0979,6.41114,3.80305,2.44585,1.71507,1.28513,1.01283,0.829886,0.70058,0.605091,0.532194,0.475199,0.429797,0.39303,0.362791,0.337556,0.316205,0.282057,0.268171,0.255895,0.24495,0.226228,0.218138,0.20393,0.197644,0.186389,0.181322,0.172114,0.163945,0.156631,0.153249,0.146963,0.141234,0.135983,0.12887,0.124564,0.120559,0.115047,0.111662,0.106964,0.104057,0.0999948,0.0962513,0.0927884,0.0895744,0.0865822,0.0837888,0.0811745,0.0779379,0.0749543,0.072865,0.0702567,0.0678313,0.0655698,0.0629489,0.0609998,0.0591689,0.0570305,0.0550423,0.053189,0.0514572,0.0495231,0.0477297,0.046332,0.0447596,0.0430553,0.0416949,0.0402128,0.0388327,0.0375445,0.0363392,0.0350533,0.0338555,0.032737,0.031564,0.0305898,0.0295634,0.028501,0.0275124,0.0265902,0.0257278,0.0248417,0.0240147,0.0231731,0.0223886,0.0216556,0.0209138,0.0202212,0.019525,0.0188751,0.0182252,0.0176187,0.0170147,0.0164168,0.0158913,0.0153389,0.0148237,0.0143162,0.0138424,0.0133764,0.0129197,0.0124737,0.0120574,0.011651,0.0112552,0.0108705,0.0105113,0.0101492,0.00981122,0.00948376,0.00915636,0.00885086
0.00530799,21.1241,20.7274,18.9365,16.6534,14.0361,10.9661,7.40246,4.46287,2.84138,1.97509,1.47164,1.15557,0.944488,0.795842,0.686276,0.602726,0.537479,0.485579,0.443619,0.40917,0.380469,0.356223,0.317518,0.301804,0.287925,0.275561,0.254429,0.245304,0.229289,0.222207,0.209531,0.203826,0.193462,0.18427,0.176042,0.172238,0.165167,0.158724,0.15282,0.144823,0.139982,0.13548,0.129284,0.125479,0.120198,0.116931,0.112366,0.108159,0.104267,0.100655,0.0972923,0.0941532,0.0912154,0.0875782,0.0842255,0.0818777,0.0789467,0.0762213,0.0736801,0.0707349,0.0685448,0.0664874,0.0640845,0.0618505,0.059768,0.057822,0.0556487,0.0536336,0.0520631,0.0502962,0.0483812,0.0468525,0.0451872,0.0436365,0.042189,0.0408346,0.0393897,0.0380438,0.036787,0.035469,0.0343743,0.0332211,0.0320273,0.0309165,0.0298802,0.0289112,0.0279156,0.0269863,0.0260407,0.0251592,0.0243355,0.023502,0.0227238,0.0219415,0.0212113,0.020481,0.0197995,0.0191208,0.018449,0.0178585,0.0172379,0.016659,0.0160887,0.0155563,0.0150327,0.0145196,0.0140184,0.0135506,0.013094,0.0126492,0.012217,0.0118134,0.0114065,0.0110267,0.0106588,0.0102909,0.00994764
0.00594495,21.5752,21.0848,19.3018,17.0831,14.5974,11.7583,8.41894,5.25001,3.3189,2.28458,1.69098,1.32206,1.0774,0.905853,0.779685,0.683605,0.608681,0.549187,0.501181,0.461848,0.429141,0.40156,0.357626,0.339823,0.324114,0.310132,0.286258,0.275959,0.257894,0.24991,0.235626,0.229199,0.217527,0.207179,0.197919,0.193638,0.185682,0.178434,0.171793,0.162798,0.157354,0.152292,0.145324,0.141046,0.135109,0.131436,0.126303,0.121574,0.117199,0.113138,0.109358,0.10583,0.102527,0.0984388,0.0946702,0.0920311,0.0887366,0.0856731,0.0828168,0.0795064,0.0770447,0.0747323,0.0720314,0.0695204,0.0671797,0.0649925,0.0625497,0.0602848,0.0585195,0.0565336,0.0543812,0.0526631,0.0507913,0.0490484,0.0474214,0.0458992,0.0442752,0.0427624,0.0413498,0.0398684,0.0386381,0.0373419,0.0360002,0.0347516,0.0335869,0.0324979,0.0313788,0.0303343,0.0292715,0.0282808,0.027355,0.0264182,0.0255435,0.0246642,0.0238435,0.0230227,0.0222567,0.0214939,0.0207389,0.0200752,0.0193776,0.018727,0.018086,0.0174876,0.0168991,0.0163223,0.015759,0.0152333,0.0147201,0.0142202,0.0137344,0.0132808,0.0128234,0.0123966,0.011983,0.0115696,0.0111837
0.00665834,21.9998,21.4237,19.647,17.4855,15.1152,12.4795,9.4078,6.16772,3.90068,2.65727,1.95154,1.51795,1.23273,1.03376,0.887811,0.776854,0.69048,0.622039,0.566944,0.521908,0.484542,0.453096,0.403132,0.38293,0.365124,0.34929,0.322286,0.310648,0.29025,0.281241,0.26513,0.257884,0.244729,0.233071,0.222641,0.21782,0.208863,0.200703,0.193228,0.183105,0.176979,0.171283,0.163444,0.158631,0.151952,0.14782,0.142046,0.136726,0.131805,0.127238,0.122987,0.119018,0.115304,0.110705,0.106467,0.103499,0.0997939,0.0963486,0.0931363,0.0894135,0.086645,0.0840445,0.0810071,0.0781833,0.075551,0.0730912,0.0703442,0.0677971,0.065812,0.0635787,0.0611582,0.059226,0.0571211,0.0551611,0.0533315,0.0516196,0.0497934,0.0480922,0.0465037,0.0448377,0.0434542,0.0419965,0.0404877,0.0390836,0.0377739,0.0365492,0.0352907,0.0341162,0.032921,0.0318069,0.0307658,0.0297123,0.0287287,0.0277399,0.0268169,0.025894,0.0250325,0.0241748,0.0233256,0.0225793,0.0217949,0.0210632,0.0203424,0.0196694,0.0190076,0.0183591,0.0177256,0.0171344,0.0165572,0.0159951,0.0154488,0.0149387,0.0144244,0.0139444,0.0134793,0.0130144,0.0125805
0.00745735,22.4002,21.7453,19.9738,17.8633,15.5945,13.1362,10.3328,7.18764,4.611,3.11069,2.26399,1.75017,1.4154,1.18326,1.01352,0.884751,0.784729,0.705678,0.642219,0.590491,0.547684,0.511744,0.454804,0.431839,0.411623,0.393666,0.363083,0.349917,0.32686,0.316684,0.298496,0.29032,0.275483,0.262339,0.250583,0.245151,0.235059,0.225868,0.217449,0.20605,0.199152,0.19274,0.183915,0.178497,0.170979,0.166329,0.159831,0.153843,0.148305,0.143166,0.138382,0.133916,0.129736,0.124562,0.119793,0.116453,0.112284,0.108408,0.104793,0.100604,0.0974895,0.0945635,0.091146,0.0879688,0.0850072,0.0822396,0.0791489,0.0762831,0.0740496,0.0715369,0.0688135,0.0666396,0.0642714,0.0620662,0.0600077,0.0580817,0.056027,0.054113,0.0523257,0.0504514,0.0488948,0.0472548,0.0455572,0.0439775,0.0425039,0.041126,0.0397101,0.0383886,0.0370439,0.0357904,0.0346191,0.0334339,0.0323272,0.0312147,0.0301763,0.0291379,0.0281687,0.0272036,0.0262483,0.0254086,0.024526,0.0237028,0.0228919,0.0221347,0.0213901,0.0206605,0.0199477,0.0192826,0.0186332,0.0180008,0.0173861,0.0168122,0.0162336,0.0156936,0.0151703,0.0146472,0.014159
0.00835223,22.7787,22.0512,20.2838,18.2189,16.04,13.7364,11.1801,8.25104,5.47099,3.66877,2.64329,2.02834,1.63211,1.3593,1.1606,1.01025,0.893798,0.802054,0.728654,0.669019,0.619821,0.578628,0.513583,0.487423,0.46443,0.444032,0.409344,0.39443,0.368337,0.35683,0.336277,0.327042,0.310292,0.29546,0.2822,0.276074,0.264696,0.254335,0.244847,0.232002,0.224231,0.217007,0.207067,0.200965,0.192497,0.18726,0.179942,0.1732,0.166964,0.161177,0.15579,0.150762,0.146056,0.140231,0.134861,0.131101,0.126408,0.122044,0.117974,0.113259,0.109752,0.106458,0.102611,0.0990339,0.0956998,0.0925843,0.0891048,0.0858788,0.0833644,0.0805358,0.07747,0.0750228,0.0723568,0.0698744,0.0675571,0.065389,0.063076,0.0609213,0.0589094,0.0567994,0.0550471,0.053201,0.0512899,0.0495117,0.0478529,0.0463018,0.0447079,0.0432203,0.0417066,0.0402955,0.0389769,0.0376427,0.0363969,0.0351445,0.0339756,0.0328067,0.0317157,0.0306293,0.0295539,0.0286086,0.0276151,0.0266884,0.0257756,0.0249232,0.024085,0.0232636,0.0224613,0.0217126,0.0209816,0.0202696,0.0195777,0.0189316,0.0182803,0.0176724,0.0170833,0.0164945,0.015945
0.00935449,23.1373,22.3425,20.5783,18.5545,16.4556,14.2873,11.9503,9.2922,6.48134,4.36267,3.11035,2.36596,1.89203,1.56851,1.334,1.15717,1.02069,0.913599,0.828274,0.759226,0.702468,0.655097,0.580586,0.550718,0.524512,0.501296,0.461885,0.444965,0.415395,0.402367,0.379114,0.368673,0.349744,0.332991,0.318021,0.311107,0.298267,0.286579,0.275877,0.261393,0.252631,0.244487,0.233282,0.226404,0.216861,0.210958,0.202713,0.195115,0.188089,0.181569,0.175499,0.169834,0.164532,0.157969,0.15192,0.147685,0.142397,0.137481,0.132897,0.127584,0.123634,0.119923,0.11559,0.111561,0.107805,0.104295,0.100376,0.0967421,0.0939099,0.0907236,0.0872702,0.0845136,0.0815106,0.0787143,0.0761041,0.0736619,0.0710565,0.0686295,0.0663632,0.0639866,0.0620128,0.0599332,0.0577806,0.0557776,0.0539091,0.0521619,0.0503666,0.0486909,0.0469859,0.0453964,0.0439112,0.0424083,0.0410051,0.0395944,0.0382777,0.036961,0.0357321,0.0345084,0.033297,0.0322323,0.0311132,0.0300694,0.0290412,0.0280811,0.0271369,0.0262117,0.025308,0.0244646,0.0236412,0.0228392,0.0220599,0.0213322,0.0205985,0.0199137,0.0192503,0.0185869,0.017968
0.010477,23.4775,22.6204,20.8587,18.8721,16.8448,14.7954,12.6497,10.2666,7.60088,5.22722,3.69551,2.78235,2.20822,1.82009,1.54043,1.33051,1.16927,1.04339,0.943603,0.863241,0.797467,0.742779,0.657149,0.622956,0.593013,0.566532,0.521667,0.502437,0.468874,0.454103,0.42776,0.415941,0.394524,0.375582,0.358663,0.350852,0.33635,0.323151,0.31107,0.294723,0.284835,0.275646,0.263006,0.255248,0.244484,0.237827,0.228528,0.219961,0.212038,0.204686,0.197842,0.191455,0.185478,0.178078,0.171259,0.166484,0.160523,0.15498,0.149813,0.143824,0.139371,0.135188,0.130303,0.125761,0.121527,0.117571,0.113153,0.109057,0.105864,0.102273,0.09838,0.0952727,0.0918876,0.0887357,0.0857934,0.0830406,0.0801037,0.077368,0.0748135,0.0721345,0.0699096,0.0675656,0.0651392,0.0628814,0.0607752,0.0588058,0.0567821,0.0548933,0.0529714,0.0511798,0.0495057,0.0478116,0.0462299,0.0446398,0.0431557,0.0416715,0.0402863,0.038907,0.0375415,0.0363413,0.0350799,0.0339034,0.0327443,0.0316622,0.0305979,0.029555,0.0285363,0.0275857,0.0266576,0.0257536,0.0248752,0.0240549,0.0232278,0.022456,0.0217082,0.0209605,0.0202628
0.0117343,23.8013,22.8861,21.1263,19.1734,17.2107,15.2666,13.2877,11.1576,8.751,6.28566,4.44237,3.30734,2.60028,2.12765,1.78952,1.5373,1.34481,1.19554,1.07797,0.983844,0.907205,0.84377,0.744972,0.705698,0.671384,0.641097,0.589901,0.568,0.52983,0.513052,0.48316,0.469759,0.445493,0.424046,0.4049,0.396064,0.379664,0.364743,0.351089,0.332618,0.321449,0.311071,0.296796,0.288036,0.275884,0.268368,0.257871,0.2482,0.239258,0.23096,0.223237,0.216028,0.209283,0.200933,0.193237,0.187849,0.181122,0.174868,0.169038,0.162281,0.157256,0.152536,0.147024,0.1419,0.137123,0.132659,0.127675,0.123053,0.119451,0.115398,0.111007,0.107501,0.103682,0.100125,0.0968058,0.0936999,0.0903865,0.0873,0.0844179,0.0813954,0.0788852,0.0762406,0.0735031,0.0709558,0.0685795,0.0663576,0.0640744,0.0619435,0.0597751,0.0577538,0.055865,0.0539537,0.0521692,0.0503753,0.0487008,0.0470264,0.0454635,0.0439073,0.0423668,0.0410128,0.0395896,0.0382622,0.0369545,0.0357336,0.0345329,0.0333563,0.032207,0.0311345,0.0300874,0.0290675,0.0280764,0.0271509,0.0262179,0.0253471,0.0245033,0.0236598,0.0228727
0.0131424,24.1098,23.1403,21.382,19.4599,17.5557,15.7054,13.8721,11.9655,9.85435,7.5114,5.40693,3.98709,3.09858,2.51128,2.09508,1.78716,1.5543,1.37533,1.23554,1.12444,1.03456,0.960562,0.846043,0.800759,0.761301,0.726552,0.667969,0.642965,0.599459,0.580363,0.546379,0.531159,0.503617,0.479297,0.4576,0.447591,0.429019,0.412129,0.396678,0.375783,0.363151,0.351415,0.335276,0.325374,0.311638,0.303144,0.291282,0.280354,0.270249,0.260874,0.252149,0.244005,0.236384,0.226952,0.218259,0.212172,0.204574,0.19751,0.190924,0.183292,0.177617,0.172286,0.166061,0.160273,0.154878,0.149836,0.144206,0.138987,0.134918,0.130342,0.125382,0.121422,0.117109,0.113092,0.109343,0.105836,0.102094,0.0986078,0.0953528,0.0919393,0.0891044,0.0861177,0.083026,0.0801492,0.0774655,0.0749562,0.0723777,0.069971,0.0675222,0.0652394,0.0631062,0.0609478,0.0589324,0.0569064,0.0550153,0.0531243,0.0513593,0.0496018,0.047862,0.0463328,0.0447255,0.0432264,0.0417496,0.0403707,0.0390147,0.0376859,0.036388,0.0351767,0.0339941,0.0328423,0.031723,0.0306779,0.0296241,0.0286407,0.0276878,0.0267351,0.0258462
0.0147195,24.4039,23.3836,21.6263,19.7325,17.8816,16.1153,14.4099,12.6973,10.8685,8.80655,6.63498,4.89443,3.75359,3.0034,2.47787,2.09403,1.80737,1.58977,1.42166,1.28931,1.18307,1.09618,0.962722,0.910279,0.864727,0.824716,0.757473,0.728846,0.679136,0.657353,0.618637,0.601316,0.570002,0.542377,0.517751,0.506395,0.485334,0.466189,0.448681,0.425012,0.410708,0.397421,0.379153,0.367946,0.352402,0.342792,0.329371,0.317009,0.305579,0.294975,0.285106,0.275896,0.267278,0.256611,0.24678,0.239898,0.231306,0.223319,0.215872,0.207242,0.200825,0.194798,0.187759,0.181215,0.175115,0.169416,0.16305,0.157149,0.152549,0.147375,0.141767,0.137291,0.132414,0.127874,0.123635,0.119669,0.115439,0.111498,0.107818,0.103959,0.100754,0.0973772,0.093882,0.0906296,0.0875956,0.0847587,0.0818436,0.0791228,0.0763543,0.0737735,0.071362,0.0689217,0.0666433,0.0643528,0.0622149,0.060077,0.0580816,0.0560947,0.0541278,0.052399,0.0505819,0.0488871,0.0472176,0.0456587,0.0441257,0.0426235,0.0411561,0.0397868,0.0384498,0.0371477,0.0358823,0.0347007,0.0335094,0.0323975,0.0313203,0.0302433,0.0292383
0.0164858,24.6847,23.6168,21.8601,19.9922,18.19,16.4996,14.9073,13.3629,11.7844,10.0566,8.09298,6.13669,4.65774,3.66211,2.97309,2.47952,2.11833,1.84886,1.64373,1.48419,1.35741,1.25456,1.09803,1.03698,0.984144,0.937881,0.860413,0.827534,0.77057,0.745657,0.701444,0.68169,0.646012,0.614573,0.586572,0.573667,0.549743,0.528007,0.508138,0.481288,0.465067,0.450003,0.429296,0.416595,0.398983,0.388095,0.372891,0.358889,0.345943,0.333934,0.322758,0.312329,0.302571,0.290493,0.279363,0.27157,0.261844,0.252801,0.244371,0.234601,0.227337,0.220514,0.212546,0.205138,0.198234,0.191782,0.184577,0.177897,0.17269,0.166834,0.160486,0.155419,0.149899,0.144759,0.139962,0.135473,0.130685,0.126224,0.122059,0.117691,0.114063,0.110241,0.106285,0.102604,0.0991695,0.0959585,0.0926589,0.0895794,0.0864458,0.0835247,0.0807951,0.078033,0.0754542,0.0728616,0.0704418,0.068022,0.0657635,0.0635145,0.0612883,0.0593315,0.0572749,0.0553566,0.0534669,0.0517024,0.0499673,0.0482669,0.0466061,0.0450562,0.0435429,0.0420691,0.0406368,0.0392994,0.037951,0.0366926,0.0354733,0.0342542,0.0331167
0.0184641,24.9529,23.8402,22.0839,20.24,18.4826,16.8611,15.3696,13.9719,12.6095,11.1977,9.61908,7.79602,5.99093,4.60592,3.64607,2.98054,2.5093,2.16717,1.91215,1.71694,1.56381,1.44085,1.2558,1.18428,1.12266,1.0689,0.979262,0.941354,0.875854,0.847273,0.796641,0.774052,0.733305,0.697444,0.665539,0.650844,0.623616,0.598893,0.576304,0.545794,0.527369,0.510262,0.486754,0.472338,0.452351,0.439997,0.422748,0.406865,0.392182,0.378561,0.365888,0.354061,0.342996,0.329301,0.316682,0.307847,0.29682,0.286569,0.277011,0.265937,0.257703,0.249968,0.240936,0.232539,0.224712,0.217399,0.209232,0.20166,0.195759,0.18912,0.181925,0.176182,0.169926,0.1641,0.158663,0.153575,0.148147,0.143092,0.138371,0.13342,0.129308,0.124976,0.120492,0.11632,0.112428,0.108788,0.105048,0.101558,0.0980064,0.0946956,0.0916018,0.0884713,0.0855484,0.08261,0.0798674,0.0771248,0.0745649,0.072016,0.0694928,0.0672749,0.0649439,0.0627697,0.0606279,0.0586281,0.0566615,0.0547343,0.0528519,0.0510953,0.0493801,0.0477096,0.0460863,0.0445705,0.0430422,0.0416159,0.040234,0.0388523,0.0375631
0.0206798,25.2098,24.055,22.2987,20.477,18.761,17.2026,15.8019,14.5333,13.3569,12.2196,11.0459,9.71647,8.0453,6.13191,4.64395,3.66832,3.01897,2.56817,2.24255,1.99904,1.81119,1.66228,1.44132,1.35686,1.28449,1.22162,1.11734,1.07342,0.997784,0.964867,0.906676,0.880762,0.83408,0.793061,0.75661,0.739834,0.70877,0.680582,0.654843,0.620097,0.599125,0.579658,0.552914,0.53652,0.513793,0.499748,0.480142,0.462089,0.445404,0.429928,0.415528,0.402092,0.389522,0.373966,0.359632,0.349597,0.337073,0.32543,0.314576,0.301999,0.292647,0.283864,0.273607,0.264072,0.255184,0.246879,0.237606,0.229008,0.222307,0.214769,0.206599,0.200078,0.192974,0.186359,0.180185,0.174408,0.168245,0.162505,0.157144,0.151523,0.146855,0.141936,0.136845,0.132107,0.127688,0.123555,0.119309,0.115346,0.111314,0.107554,0.104042,0.100487,0.0971685,0.0938322,0.0907182,0.0876042,0.0846977,0.0818036,0.0789386,0.0764205,0.0737738,0.0713052,0.0688734,0.0666028,0.0643698,0.0621817,0.0600443,0.0580498,0.0561024,0.0542057,0.0523626,0.0506415,0.0489063,0.0472868,0.0457178,0.044149,0.0426852
0.0231614,25.4555,24.2608,22.5045,20.7035,19.0258,17.5252,16.2066,15.0525,14.0369,13.1312,12.3065,11.5286,10.6617,8.99696,6.40348,4.70329,3.71791,3.08918,2.6578,2.34578,2.11072,1.92762,1.66066,1.55999,1.4743,1.40026,1.27818,1.22703,1.13927,1.1012,1.03407,1.00423,0.95058,0.903521,0.861762,0.842561,0.807031,0.774818,0.745423,0.705768,0.681845,0.659648,0.629163,0.610481,0.58459,0.568593,0.546265,0.525711,0.506715,0.489098,0.472709,0.457417,0.443112,0.425411,0.409101,0.397683,0.383434,0.370188,0.35784,0.343532,0.332894,0.322903,0.311235,0.300388,0.290279,0.280833,0.270284,0.260505,0.252883,0.244309,0.235017,0.2276,0.21952,0.211996,0.204974,0.198404,0.191394,0.184865,0.178769,0.172375,0.167065,0.161471,0.155681,0.150293,0.145266,0.140566,0.135737,0.13123,0.126643,0.122368,0.118373,0.11433,0.110556,0.106761,0.10322,0.099678,0.0963723,0.0930808,0.0898225,0.0869585,0.0839484,0.0811408,0.078375,0.0757926,0.073253,0.0707644,0.0683335,0.0660652,0.0638503,0.0616932,0.059597,0.0576395,0.055666,0.0538242,0.0520396,0.0502555,0.0485906
0.0259407,25.691,24.4587,22.7021,20.9205,19.2786,17.8315,16.5878,15.5364,14.6614,13.952,13.4125,13.0771,12.956,12.5634,10.4455,6.62936,4.7746,3.80418,3.19841,2.78312,2.48076,2.25074,1.92312,1.80174,1.69923,1.61123,1.4672,1.40722,1.30477,1.26049,1.18266,1.14815,1.08623,1.03203,0.984019,0.961967,0.921196,0.884267,0.850595,0.805206,0.777842,0.752462,0.717621,0.696277,0.666705,0.648438,0.622947,0.599486,0.577807,0.557705,0.539006,0.521561,0.505243,0.485052,0.46645,0.453429,0.437179,0.422073,0.407993,0.391678,0.379549,0.368157,0.354853,0.342487,0.330961,0.320192,0.308166,0.297016,0.288327,0.278553,0.26796,0.259504,0.250293,0.241716,0.233711,0.226221,0.218231,0.210788,0.203838,0.196549,0.190497,0.18412,0.177519,0.171377,0.165647,0.160289,0.154784,0.149646,0.144418,0.139544,0.13499,0.130382,0.126079,0.121754,0.117717,0.113679,0.109911,0.106159,0.102445,0.0991802,0.0957489,0.0925484,0.0893956,0.0864519,0.083557,0.0807202,0.0779492,0.0753634,0.0728386,0.0703797,0.0679902,0.0657589,0.0635092,0.0614097,0.0593754,0.0573416,0.0554438
0.0290536,25.9165,24.6487,22.8917,21.1281,19.5197,18.1223,16.9475,15.9888,15.238,14.6966,14.3893,14.385,14.7288,14.947,14.0962,11.2052,6.73312,4.87595,3.93719,3.35191,2.94784,2.65072,2.24055,2.09199,1.9678,1.86205,1.69054,1.61964,1.49921,1.44741,1.35665,1.31656,1.24475,1.18206,1.12665,1.10123,1.05427,1.01179,0.973097,0.920983,0.889588,0.860484,0.820551,0.796097,0.762229,0.741314,0.712135,0.685285,0.660481,0.637484,0.616095,0.596143,0.577483,0.554395,0.533126,0.518239,0.499662,0.482393,0.466298,0.44765,0.433786,0.420765,0.405561,0.391427,0.378254,0.365947,0.352203,0.339462,0.329532,0.318362,0.306256,0.296594,0.286068,0.276267,0.26712,0.258561,0.24943,0.240925,0.232984,0.224655,0.217739,0.210452,0.202909,0.195891,0.189344,0.183222,0.176931,0.17106,0.165086,0.159517,0.154313,0.149048,0.144131,0.139189,0.134576,0.129963,0.125657,0.12137,0.117125,0.113395,0.109474,0.105817,0.102215,0.098851,0.0955431,0.0923017,0.0891354,0.0861808,0.0832959,0.0804862,0.0777558,0.0752062,0.0726356,0.0702366,0.0679122,0.0655883,0.0634197
0.0325401,26.1326,24.8311,23.0736,21.3271,19.7501,18.3991,17.288,16.4139,15.7742,15.3786,15.2635,15.5103,16.1437,16.6117,16.1282,14.4549,11.0333,6.79461,5.03473,4.1287,3.55715,3.15805,2.63057,2.44526,2.29237,2.1635,1.95683,1.8722,1.72938,1.66831,1.56177,1.51487,1.43113,1.35826,1.294,1.26456,1.21026,1.16121,1.11657,1.05652,1.02037,0.986887,0.940967,0.912861,0.873949,0.849928,0.816424,0.785603,0.757137,0.730751,0.706213,0.683327,0.661924,0.635447,0.611058,0.593989,0.57269,0.552894,0.534442,0.513066,0.497174,0.48225,0.464823,0.448624,0.433527,0.419421,0.40367,0.389068,0.377689,0.364888,0.351015,0.339942,0.32788,0.316649,0.306166,0.296359,0.285896,0.27615,0.267049,0.257506,0.249581,0.241231,0.232588,0.224545,0.217043,0.210028,0.20282,0.196093,0.189247,0.182866,0.176903,0.170869,0.165236,0.159572,0.154286,0.149,0.144067,0.139154,0.134291,0.130016,0.125524,0.121333,0.117205,0.113351,0.109561,0.105846,0.102218,0.0988328,0.0955272,0.0923077,0.089179,0.0862576,0.0833121,0.0805632,0.0778997,0.0752369,0.0727521
0.0364449,26.3399,25.0063,23.2483,21.5179,19.9706,18.6632,17.6113,16.8151,16.2758,16.0087,16.056,16.499,17.3224,17.8993,17.5487,16.269,14.0966,10.5409,6.91468,5.27331,4.39048,3.82322,3.12006,2.88312,2.69089,2.53099,2.2782,2.17587,2.00465,1.93195,1.8058,1.75052,1.65217,1.56692,1.49197,1.4577,1.39457,1.33764,1.2859,1.21639,1.1746,1.13591,1.08289,1.05046,1.00558,0.977881,0.939265,0.903754,0.870964,0.840578,0.812324,0.785978,0.761342,0.73087,0.702805,0.683164,0.658659,0.635884,0.614658,0.590069,0.571789,0.554623,0.534579,0.515949,0.498586,0.482364,0.464251,0.447458,0.434373,0.419652,0.4037,0.390967,0.377097,0.364183,0.352129,0.340852,0.328821,0.317615,0.307151,0.296178,0.287065,0.277464,0.267526,0.258279,0.249653,0.241587,0.233299,0.225564,0.217693,0.210356,0.2035,0.196563,0.190085,0.183573,0.177496,0.171418,0.165745,0.160097,0.154505,0.14959,0.144425,0.139607,0.134861,0.130429,0.126071,0.121801,0.117629,0.113736,0.109936,0.106234,0.102637,0.0992777,0.095891,0.0927304,0.089668,0.0866063,0.0837494
0.0408183,26.5382,25.1742,23.4157,21.7005,20.1812,18.9148,17.9184,17.1943,16.7467,16.5941,16.7808,17.3809,18.3337,18.9545,18.6554,17.5566,15.8512,13.4846,10.1464,7.14184,5.60574,4.73302,3.74837,3.43557,3.18761,2.98482,2.66997,2.54435,2.33635,2.24881,2.09795,2.03221,1.91578,1.81533,1.72733,1.68719,1.61339,1.54695,1.48668,1.40584,1.35729,1.31239,1.2509,1.21331,1.16133,1.12927,1.08458,1.04351,1.00559,0.97046,0.937804,0.907358,0.878893,0.843691,0.811274,0.788591,0.760291,0.733993,0.709485,0.681095,0.659993,0.640176,0.617038,0.595533,0.575491,0.556768,0.535861,0.51648,0.501377,0.484388,0.465977,0.451283,0.435276,0.420372,0.406462,0.393447,0.379564,0.366632,0.354557,0.341894,0.331378,0.320299,0.308831,0.29816,0.288206,0.278898,0.269334,0.260408,0.251326,0.242859,0.234948,0.226942,0.219468,0.211954,0.20494,0.197927,0.191381,0.184863,0.178411,0.172739,0.166779,0.161219,0.155742,0.150629,0.1456,0.140672,0.135858,0.131366,0.126981,0.122709,0.118558,0.114682,0.110774,0.107127,0.103593,0.10006,0.0967636
0.0457165,26.7282,25.3352,23.5762,21.8755,20.3828,19.1553,18.2111,17.5544,17.1912,17.1421,17.4505,18.1796,19.2225,19.8531,19.5699,18.5705,17.1047,15.2523,12.9126,9.99703,7.49918,6.04864,4.58164,4.15147,3.82064,3.55605,3.15472,2.99759,2.74085,2.634,2.4514,2.37238,2.2332,2.11382,2.00971,1.96235,1.87546,1.79744,1.7268,1.63223,1.57553,1.52313,1.45146,1.40768,1.34718,1.30988,1.25792,1.21018,1.16613,1.12533,1.08741,1.05207,1.01903,0.978183,0.940573,0.914259,0.881433,0.850931,0.822508,0.789587,0.765118,0.74214,0.715314,0.690382,0.667147,0.645441,0.621206,0.598739,0.581233,0.56154,0.5402,0.523167,0.504614,0.48734,0.471217,0.456133,0.440042,0.425054,0.411059,0.396383,0.384195,0.371354,0.358063,0.345696,0.33416,0.323373,0.312289,0.301944,0.291418,0.281605,0.272436,0.263158,0.254496,0.245787,0.237659,0.229531,0.221945,0.214391,0.206913,0.200341,0.193433,0.18699,0.180642,0.174716,0.168888,0.163177,0.157598,0.152393,0.14731,0.142359,0.137549,0.133057,0.128528,0.124301,0.120206,0.116111,0.112291
0.05,26.8724,25.4575,23.6981,22.0083,20.5358,19.3377,18.4328,17.8262,17.5255,17.5516,17.946,18.7616,19.856,20.4802,20.1966,19.2469,17.9011,16.2793,14.3707,12.0761,9.53032,7.52321,5.45077,4.87956,4.45271,4.11856,3.62308,3.43256,3.12529,2.99879,2.78438,2.69222,2.53076,2.39305,2.27346,2.21919,2.11985,2.03083,1.9504,1.8429,1.77853,1.7191,1.6379,1.58833,1.51987,1.47769,1.41894,1.36499,1.31524,1.26916,1.22634,1.18644,1.14916,1.10305,1.06062,1.03093,0.993895,0.959488,0.92743,0.8903,0.862704,0.836792,0.80654,0.778426,0.752227,0.727753,0.700427,0.675097,0.655358,0.633156,0.609097,0.589894,0.568978,0.549504,0.531328,0.514323,0.496183,0.479287,0.46351,0.446965,0.433226,0.418751,0.403768,0.389827,0.376822,0.364662,0.352167,0.340505,0.32864,0.317578,0.307242,0.296784,0.287019,0.277202,0.26804,0.258877,0.250326,0.24181,0.233381,0.225972,0.218185,0.210922,0.203767,0.197086,0.190516,0.184079,0.17779,0.171922,0.166192,0.160612,0.155189,0.150126,0.14502,0.140256,0.135639,0.131024,0.126717
0.055,27.0203,25.583,23.8232,22.1447,20.6929,19.5248,18.6599,18.1044,17.8665,17.9674,18.4453,19.3409,20.4758,21.0844,20.7931,19.88,18.6258,17.1704,15.5468,13.713,11.623,9.49013,6.66003,5.87173,5.29858,4.86042,4.228,3.99028,3.61303,3.45985,3.20286,3.09339,2.90279,2.74136,2.60192,2.53886,2.42367,2.32079,2.22799,2.10426,2.0303,1.96209,1.86898,1.8122,1.73382,1.68556,1.61839,1.55674,1.49988,1.44725,1.39836,1.35282,1.31025,1.25765,1.20923,1.17536,1.13312,1.09387,1.05731,1.01497,0.983502,0.953957,0.919465,0.887411,0.857543,0.829648,0.798496,0.769621,0.74712,0.721812,0.694387,0.672498,0.648657,0.62646,0.605742,0.58636,0.565685,0.546426,0.528444,0.509587,0.493927,0.477429,0.460353,0.444463,0.429641,0.415782,0.401541,0.38825,0.374726,0.362119,0.350339,0.338419,0.327289,0.316101,0.305659,0.295216,0.285469,0.275764,0.266157,0.257713,0.248838,0.24056,0.232405,0.224792,0.217304,0.209967,0.202799,0.196111,0.189581,0.183221,0.177041,0.17127,0.165451,0.160021,0.15476,0.149499,0.144591
0.06,27.1503,25.6934,23.9331,22.2646,20.8311,19.6894,18.8598,18.3489,18.1656,18.3306,18.8785,19.8381,20.9998,21.5888,21.2866,20.3971,19.206,17.8616,16.4164,14.8597,13.1472,11.2856,8.05972,7.02268,6.26889,5.70057,4.8986,4.60362,4.14326,3.95905,3.6533,3.52423,3.30107,3.11342,2.95224,2.87956,2.7472,2.62929,2.52319,2.38202,2.29778,2.22017,2.11436,2.04988,1.96095,1.90622,1.83009,1.76022,1.69582,1.63623,1.5809,1.52935,1.48119,1.42167,1.3669,1.3286,1.28083,1.23645,1.19511,1.14725,1.11167,1.07827,1.03928,1.00305,0.969286,0.937749,0.902539,0.869903,0.844473,0.815869,0.784874,0.760137,0.733192,0.708107,0.684694,0.66279,0.639425,0.617661,0.59734,0.57603,0.558334,0.53969,0.520392,0.502436,0.485686,0.470025,0.453932,0.438912,0.42363,0.409383,0.396071,0.382601,0.370025,0.357382,0.345581,0.333781,0.322767,0.3118,0.300944,0.291402,0.281372,0.272018,0.262803,0.254199,0.245738,0.237447,0.229348,0.22179,0.214411,0.207224,0.20024,0.193718,0.187143,0.181007,0.175061,0.169117,0.16357
0.065,27.2657,25.7913,24.0308,22.3712,20.954,19.8359,19.0376,18.5664,18.4312,18.652,19.2597,20.2716,21.4511,22.019,21.7045,20.8312,19.6864,18.4221,17.1006,15.728,14.2748,12.707,9.53769,8.29651,7.35238,6.63464,5.63238,5.27008,4.71339,4.49381,4.13324,3.98243,3.72346,3.50731,3.32261,3.23963,3.08885,2.9549,2.83465,2.67498,2.57985,2.4923,2.37305,2.30045,2.20037,2.13881,2.05321,1.9747,1.90235,1.83543,1.77329,1.71542,1.66136,1.59456,1.5331,1.49013,1.43653,1.38675,1.34037,1.28667,1.24677,1.20931,1.16557,1.12494,1.08707,1.05171,1.01222,0.975619,0.947101,0.915025,0.880268,0.852528,0.822313,0.794183,0.76793,0.743369,0.717168,0.692765,0.669978,0.646083,0.62624,0.605335,0.583696,0.563562,0.544781,0.527219,0.509174,0.492333,0.475197,0.459223,0.444296,0.429192,0.415091,0.400914,0.387682,0.374451,0.362101,0.349804,0.337631,0.326932,0.315686,0.305197,0.294865,0.285217,0.27573,0.266433,0.257352,0.248878,0.240603,0.232545,0.224714,0.217402,0.210029,0.203148,0.196482,0.189817,0.183597
0.07,27.3691,25.879,24.1183,22.4667,21.0642,19.9676,19.1975,18.7619,18.6697,18.94,19.5996,20.6552,21.8462,22.3925,22.0655,21.2037,20.0944,18.8912,17.6617,16.4217,15.153,13.8194,10.9477,9.61567,8.51331,7.64388,6.42002,5.98175,5.31718,5.05845,4.63792,4.46358,4.16618,3.91963,3.71007,3.61618,3.44602,3.29525,3.16017,2.98111,2.87463,2.77669,2.6434,2.56233,2.45061,2.38193,2.28645,2.19891,2.11828,2.04369,1.97446,1.90998,1.84977,1.77537,1.70692,1.65905,1.59936,1.54393,1.49229,1.4325,1.38808,1.34637,1.29768,1.25244,1.21029,1.17091,1.12696,1.08622,1.05447,1.01876,0.980071,0.949191,0.915556,0.884243,0.855019,0.827678,0.798513,0.771348,0.745983,0.719385,0.697296,0.674026,0.649939,0.627526,0.60662,0.587071,0.566985,0.548238,0.529163,0.511381,0.494766,0.477954,0.462256,0.446476,0.431747,0.417018,0.403271,0.389583,0.376033,0.364123,0.351605,0.339929,0.328428,0.317689,0.307128,0.29678,0.286671,0.277238,0.268028,0.259058,0.250341,0.242201,0.233994,0.226335,0.218914,0.211495,0.204572
0.075,27.4619,25.9577,24.1968,22.5526,21.1636,20.0862,19.3418,18.9383,18.8849,19.1993,19.9044,20.9967,22.1947,22.7199,22.3806,21.5272,20.4461,19.2912,18.1331,16.9936,15.8628,14.7096,12.201,10.8936,9.69725,8.69366,7.24121,6.72131,5.94095,5.64054,5.15683,4.95793,4.62059,4.34272,4.10757,4.00253,3.81252,3.64453,3.49428,3.29547,3.17735,3.06881,2.92119,2.83144,2.70783,2.63186,2.52628,2.42949,2.34035,2.25792,2.1814,2.11016,2.04362,1.96141,1.88579,1.8329,1.76697,1.70573,1.64869,1.58264,1.53356,1.48748,1.4337,1.38372,1.33716,1.29367,1.24511,1.2001,1.16503,1.12559,1.08285,1.04874,1.01158,0.976992,0.94471,0.914509,0.882292,0.852285,0.824266,0.794884,0.770484,0.744779,0.718171,0.693414,0.670319,0.648726,0.626537,0.605829,0.584758,0.565115,0.546761,0.528189,0.510849,0.493417,0.477148,0.460877,0.445692,0.430571,0.415603,0.402447,0.388619,0.375722,0.363017,0.351154,0.339488,0.328056,0.31689,0.30647,0.296296,0.286387,0.276758,0.267766,0.258701,0.25024,0.242043,0.233847,0.2262
0.08,27.5463,26.0293,24.2682,22.6308,21.254,20.1945,19.4737,19.0996,19.0815,19.4358,20.1814,21.3053,22.5071,23.0116,22.6604,21.8132,20.7553,19.6399,18.5398,17.4803,16.4576,15.4466,13.2908,12.0884,10.8713,9.76313,8.08264,7.47686,6.57503,6.23139,5.68274,5.45876,5.08097,4.7715,4.51064,4.39437,4.18442,3.99917,3.8337,3.61501,3.48522,3.366,3.20392,3.10542,2.96981,2.88647,2.77066,2.66451,2.56676,2.47636,2.39246,2.31435,2.24139,2.15125,2.06832,2.01033,1.93803,1.87088,1.80833,1.7359,1.68208,1.63156,1.57258,1.51778,1.46671,1.41902,1.36576,1.31641,1.27795,1.23469,1.18782,1.15041,1.10967,1.07173,1.03633,1.00321,0.967878,0.934969,0.904241,0.872018,0.845259,0.817067,0.787886,0.760734,0.735406,0.711724,0.68739,0.664678,0.641569,0.620026,0.599897,0.579529,0.560512,0.541393,0.52355,0.505706,0.489051,0.472468,0.456052,0.441623,0.426458,0.412313,0.398379,0.385368,0.372574,0.360036,0.34779,0.336362,0.325203,0.314336,0.303775,0.293914,0.283971,0.274692,0.265702,0.256714,0.248326
0.085,27.623,26.0942,24.3331,22.7019,21.3365,20.2934,19.5942,19.2473,19.2615,19.652,20.4338,21.5849,22.7882,23.2728,22.9102,22.0677,21.0291,19.9468,18.8945,17.9005,16.9651,16.0687,14.2284,13.174,12.0071,10.834,8.92869,8.23279,7.20492,6.81727,6.20343,5.95459,5.53693,5.19645,4.91045,4.78322,4.5538,4.35167,4.17132,3.93316,3.79189,3.6622,3.48591,3.37879,3.23131,3.14069,3.01477,2.89935,2.79305,2.69475,2.60351,2.51855,2.4392,2.34116,2.25096,2.18789,2.10924,2.03619,1.96814,1.88934,1.83079,1.77582,1.71165,1.65202,1.59646,1.54456,1.48662,1.43291,1.39106,1.34399,1.29299,1.25228,1.20794,1.16666,1.12813,1.09209,1.05364,1.01783,0.984386,0.949318,0.920197,0.889516,0.857759,0.828209,0.800644,0.774871,0.748387,0.72367,0.698519,0.675074,0.653167,0.631,0.610303,0.589496,0.570076,0.550656,0.53253,0.514482,0.496616,0.480912,0.464407,0.449013,0.433848,0.419688,0.405763,0.392118,0.37879,0.366352,0.354208,0.342381,0.330887,0.320154,0.309334,0.299235,0.28945,0.279668,0.27054
0.09,27.6933,26.1536,24.3924,22.7671,21.4123,20.3845,19.7054,19.3836,19.4277,19.8514,20.6659,21.8407,23.0437,23.5093,23.1358,22.2969,21.2747,20.2207,19.2091,18.2701,17.4073,16.6057,15.0399,14.1487,13.0919,11.9057,9.77964,8.98602,7.82479,7.392,6.71275,6.43939,5.98277,5.61228,5.30202,5.16421,4.91606,4.69765,4.50295,4.246,4.09364,3.95379,3.76371,3.64821,3.48919,3.39147,3.25566,3.13117,3.01651,2.91048,2.81204,2.72036,2.63473,2.52892,2.43157,2.36348,2.27858,2.19971,2.12624,2.04117,1.97794,1.91858,1.84929,1.7849,1.72489,1.66884,1.60626,1.54825,1.50305,1.45221,1.39712,1.35315,1.30525,1.26066,1.21904,1.18011,1.13857,1.09989,1.06376,1.02588,0.99442,0.961276,0.92697,0.895048,0.86527,0.837427,0.808817,0.782115,0.754945,0.729617,0.70595,0.682003,0.659643,0.637165,0.616186,0.595206,0.575624,0.556126,0.536825,0.51986,0.50203,0.485398,0.469015,0.453718,0.438675,0.423934,0.409535,0.396098,0.382978,0.370201,0.357784,0.346189,0.334499,0.323589,0.313018,0.30245,0.292588
0.095,27.7577,26.208,24.4468,22.8269,21.482,20.4684,19.8081,19.5096,19.5813,20.0356,20.8797,22.0754,23.2767,23.724,23.3402,22.5042,21.496,20.4665,19.49,18.598,17.7967,17.0749,15.7446,15.0122,14.1046,12.9695,10.6393,9.73612,8.4296,7.94969,7.20425,6.90665,6.41212,6.01277,5.67933,5.53147,5.26548,5.03165,4.82331,4.54851,4.3856,4.23606,4.03283,3.90932,3.73925,3.63472,3.48943,3.35622,3.23351,3.11999,3.01461,2.91645,2.82475,2.71143,2.60716,2.53422,2.44326,2.35876,2.28004,2.18887,2.12112,2.0575,1.98323,1.9142,1.84989,1.7898,1.72272,1.66053,1.61207,1.55756,1.4985,1.45135,1.4,1.35219,1.30757,1.26582,1.22129,1.17981,1.14107,1.10045,1.06672,1.03118,0.994392,0.960162,0.928231,0.898375,0.867696,0.839063,0.809928,0.782768,0.75739,0.73171,0.707733,0.683629,0.661132,0.638634,0.617636,0.596728,0.57603,0.557838,0.538717,0.520882,0.503314,0.48691,0.470779,0.454971,0.43953,0.425121,0.411052,0.39735,0.384035,0.371601,0.359065,0.347366,0.33603,0.324697,0.314122
0.1,27.817,26.2581,24.4969,22.8821,21.5465,20.5463,19.9035,19.6269,19.7245,20.2071,21.0783,22.2924,23.491,23.9208,23.5273,22.6934,21.6977,20.6896,19.7438,18.8929,18.1447,17.4915,16.3638,15.7761,15.0316,14.0107,11.5238,10.4941,9.02284,8.49212,7.67794,7.35594,6.82396,6.39661,6.04093,5.88346,5.6005,5.35199,5.13075,4.83903,4.66612,4.5074,4.29166,4.16053,3.97995,3.86894,3.7146,3.57306,3.44265,3.32199,3.20995,3.10558,3.00806,2.88753,2.7766,2.699,2.60222,2.5123,2.42851,2.33148,2.25936,2.19164,2.11257,2.03909,1.97061,1.90664,1.83521,1.76899,1.71739,1.65935,1.59645,1.54625,1.49156,1.44064,1.39312,1.34866,1.30123,1.25705,1.2158,1.17253,1.13661,1.09876,1.05957,1.02312,0.989108,0.957308,0.924631,0.894134,0.863102,0.834174,0.807143,0.779791,0.754253,0.728579,0.704616,0.680653,0.658288,0.636018,0.613972,0.594594,0.574228,0.555232,0.536519,0.519047,0.501864,0.485027,0.46858,0.453232,0.438247,0.423652,0.40947,0.396226,0.382873,0.370412,0.358338,0.346267,0.335002
0.105,27.8718,26.3042,24.5431,22.9331,21.6062,20.6185,19.9922,19.7362,19.8578,20.3668,21.2628,22.4932,23.6883,24.1015,23.6987,22.8666,21.8817,20.8927,19.9742,19.1593,18.4576,17.8638,16.9103,16.449,15.86,14.9922,12.4443,11.2703,9.60693,9.01989,8.1327,7.7857,7.21624,6.76148,6.38432,6.21765,5.91854,5.65614,5.42268,5.11502,4.93269,4.76532,4.53781,4.39951,4.209,4.09186,3.92897,3.77956,3.64186,3.51444,3.39609,3.28582,3.18278,3.05541,2.93816,2.85613,2.75381,2.65873,2.57014,2.46752,2.39125,2.31962,2.23599,2.15826,2.08582,2.01815,1.94258,1.87252,1.81793,1.75652,1.68996,1.63684,1.57898,1.5251,1.47481,1.42776,1.37757,1.33082,1.28717,1.24138,1.20336,1.16331,1.12184,1.08326,1.04727,1.01362,0.979036,0.946761,0.91392,0.883305,0.854698,0.825751,0.798724,0.771553,0.746193,0.720832,0.697162,0.673593,0.650261,0.629754,0.6082,0.588096,0.568291,0.5498,0.531615,0.513795,0.496389,0.480146,0.464287,0.448841,0.433831,0.419814,0.405683,0.392494,0.379716,0.366941,0.355019
0.11,27.9225,26.3469,24.5858,22.9804,21.6618,20.6859,20.0753,19.8386,19.983,20.5165,21.4355,22.6804,23.8715,24.2687,23.8571,23.0263,22.0513,21.0794,20.1852,19.4025,18.7422,18.2008,17.3987,17.0459,16.594,15.8855,13.41,12.0835,10.1912,9.53962,8.57252,8.19922,7.59136,7.10922,6.71101,6.5354,6.22069,5.94499,5.69992,5.37713,5.18588,5.01034,4.7717,4.62661,4.42672,4.30379,4.13282,3.97596,3.83136,3.69752,3.5732,3.45735,3.34907,3.2152,3.09196,3.00572,2.89815,2.79818,2.70501,2.59709,2.51687,2.44153,2.35356,2.27179,2.19559,2.12439,2.04488,1.97117,1.91373,1.84912,1.77909,1.72319,1.6623,1.6056,1.55269,1.50318,1.45036,1.40116,1.35522,1.30704,1.26702,1.22487,1.18123,1.14063,1.10275,1.06733,1.03094,0.99697,0.962407,0.930187,0.900079,0.869614,0.841169,0.812573,0.785883,0.759192,0.73428,0.709475,0.684919,0.663335,0.640651,0.619492,0.598648,0.579187,0.560047,0.541293,0.522973,0.505878,0.489187,0.47293,0.457132,0.442381,0.427508,0.413627,0.400178,0.386732,0.374186
0.115,27.9696,26.3864,24.6255,23.0244,21.7136,20.749,20.1531,19.9347,20.1005,20.6571,21.5974,22.8554,24.0418,24.4239,24.0039,23.1742,22.2079,21.2515,20.3793,19.6257,19.0023,18.5075,17.8374,17.5768,17.2401,16.6738,14.3979,12.9458,10.7837,10.0564,8.99976,8.59822,7.95027,7.44039,7.02127,6.83688,6.50701,6.21849,5.96228,5.62509,5.4254,5.24213,4.99298,4.84149,4.63274,4.50435,4.32576,4.16187,4.01076,3.87087,3.74091,3.61978,3.50656,3.36656,3.23765,3.14744,3.03489,2.93029,2.83281,2.71987,2.63592,2.55707,2.46499,2.3794,2.29963,2.2251,2.14187,2.0647,2.00457,1.93691,1.86359,1.80507,1.74131,1.68195,1.62654,1.5747,1.5194,1.46788,1.41977,1.36932,1.32743,1.28328,1.23759,1.19507,1.1554,1.11832,1.08021,1.04464,1.00844,0.9747,0.943172,0.911269,0.881482,0.851536,0.823586,0.795636,0.769548,0.743572,0.717857,0.695255,0.671499,0.649341,0.627514,0.607133,0.587091,0.567451,0.548266,0.530364,0.512884,0.49586,0.479317,0.463868,0.448293,0.433758,0.419674,0.405593,0.392454
0.12,28.0134,26.4231,24.6623,23.0654,21.7619,20.808,20.2262,20.0252,20.2112,20.7895,21.7495,23.0192,24.2008,24.5682,24.1403,23.3114,22.3531,21.4108,20.5587,19.8314,19.2414,18.7885,18.2344,18.0521,17.8101,17.3601,15.3531,13.8564,11.3954,10.5775,9.4183,8.9858,8.29522,7.75675,7.31653,7.12343,6.77862,6.47763,6.21069,5.85971,5.65196,5.46133,5.20222,5.04466,4.82756,4.694,4.50821,4.33768,4.18043,4.03483,3.89954,3.77343,3.65554,3.50975,3.37549,3.28152,3.16429,3.05532,2.95375,2.83608,2.74859,2.66642,2.57047,2.48127,2.39813,2.32045,2.23369,2.15326,2.09057,2.02005,1.94362,1.88261,1.81615,1.75427,1.69651,1.64246,1.5848,1.53109,1.48094,1.42834,1.38466,1.33864,1.291,1.24667,1.20532,1.16665,1.12692,1.08983,1.05209,1.01692,0.984045,0.950782,0.919726,0.888504,0.859362,0.830221,0.803021,0.775938,0.749127,0.725561,0.700793,0.67769,0.654933,0.633683,0.612786,0.592309,0.572307,0.553641,0.535417,0.517667,0.500418,0.484311,0.468072,0.452917,0.438232,0.423551,0.409852
0.125,28.0541,26.4571,24.6964,23.1034,21.8071,20.8633,20.2948,20.1103,20.3155,20.9142,21.8925,23.1728,24.3492,24.7027,24.2672,23.439,22.488,21.5586,20.7248,20.0214,19.4619,19.0466,18.595,18.4792,18.3142,17.956,16.2148,14.7801,12.0376,11.1104,9.83157,9.36457,8.62793,8.05957,7.59784,7.39596,7.03632,6.72309,6.44572,6.08147,5.86602,5.66839,5.3998,5.23651,5.01148,4.87305,4.68045,4.50366,4.34061,4.18963,4.04931,3.91851,3.79622,3.64496,3.50565,3.40815,3.28648,3.17339,3.06797,2.94583,2.85501,2.76972,2.6701,2.5775,2.49118,2.41052,2.32045,2.23693,2.17184,2.09862,2.01925,1.9559,1.88688,1.82262,1.76264,1.70651,1.64664,1.59086,1.53878,1.48416,1.43879,1.391,1.34152,1.29548,1.25254,1.21238,1.17111,1.1326,1.09341,1.05687,1.02273,0.988189,0.955935,0.923509,0.893244,0.862978,0.83473,0.806601,0.778757,0.754282,0.728558,0.704565,0.680929,0.65886,0.637157,0.61589,0.595116,0.575731,0.556803,0.538369,0.520454,0.503726,0.486861,0.471121,0.45587,0.440622,0.426395
0.13,28.0921,26.4888,24.7283,23.1391,21.8495,20.9154,20.3597,20.1909,20.4143,21.0324,22.0279,23.3178,24.4888,24.829,24.3863,23.5586,22.6142,21.6967,20.8798,20.1986,19.6669,19.2861,18.9259,18.8672,18.7653,18.4786,16.9623,15.659,12.7264,11.6678,10.2464,9.73999,8.95252,8.35231,7.86823,7.65737,7.28275,6.95734,6.66971,6.29252,6.06963,5.86525,5.58759,5.4188,5.18622,5.04314,4.84406,4.66131,4.49275,4.33665,4.19157,4.0563,3.92983,3.77339,3.62929,3.52843,3.40256,3.28556,3.17649,3.0501,2.95613,2.86786,2.76478,2.66894,2.57961,2.49613,2.40291,2.31647,2.2491,2.1733,2.09115,2.02558,1.95414,1.88762,1.82552,1.76743,1.70545,1.64771,1.59379,1.53725,1.49029,1.44081,1.38959,1.34194,1.29748,1.2559,1.21318,1.17331,1.13274,1.09492,1.05958,1.02382,0.990427,0.956858,0.925527,0.894195,0.86495,0.835831,0.807005,0.781668,0.755038,0.730199,0.70573,0.682883,0.660415,0.638399,0.616893,0.596824,0.577229,0.558145,0.539599,0.522281,0.504821,0.488527,0.472738,0.456953,0.442224
0.135,28.1276,26.5183,24.758,23.1724,21.8893,20.9645,20.421,20.2672,20.5081,21.1445,22.1561,23.4548,24.6202,24.9475,24.4979,23.6706,22.7324,21.826,21.0248,20.364,19.858,19.5087,19.2305,19.2209,19.1707,18.9397,17.6,16.4406,13.4688,12.2601,10.6672,10.1153,9.27091,8.63633,8.12878,7.90866,7.51878,7.18115,6.88335,6.49349,6.26336,6.05247,5.76608,5.59202,5.35222,5.2047,4.99945,4.81103,4.63723,4.47626,4.32665,4.18714,4.0567,3.89534,3.7467,3.64265,3.5128,3.39208,3.27954,3.14914,3.05217,2.96108,2.85471,2.7558,2.66361,2.57746,2.48125,2.39203,2.3225,2.24427,2.15948,2.09179,2.01806,1.94939,1.8853,1.82534,1.76136,1.70176,1.64611,1.58774,1.53926,1.48819,1.43532,1.38613,1.34023,1.29732,1.25322,1.21206,1.17018,1.13114,1.09466,1.05774,1.02327,0.988622,0.956279,0.923935,0.893747,0.863688,0.833931,0.807776,0.780286,0.754644,0.729386,0.705802,0.682608,0.659881,0.63768,0.616963,0.596736,0.577035,0.557891,0.540014,0.52199,0.505169,0.48887,0.472576,0.457371
0.14,28.1607,26.5458,24.7857,23.2036,21.9267,21.0109,20.479,20.3396,20.5971,21.2509,22.2777,23.5843,24.7441,25.0591,24.6029,23.7759,22.8434,21.9473,21.1606,20.5189,20.0367,19.7164,19.5122,19.5451,19.5375,19.3501,18.146,17.1122,14.2566,12.8997,11.1007,10.495,9.58588,8.91368,8.38118,8.15139,7.74581,7.3958,7.08784,6.68548,6.44828,6.23105,5.93621,5.75709,5.51034,5.35857,5.14742,4.95358,4.77477,4.60917,4.45523,4.3117,4.17748,4.01143,3.85846,3.75138,3.61773,3.49349,3.37765,3.24342,3.14361,3.04984,2.94033,2.83852,2.7436,2.65491,2.55585,2.464,2.39241,2.31187,2.22457,2.15488,2.07895,2.00826,1.94226,1.88052,1.81464,1.75327,1.69597,1.63587,1.58595,1.53337,1.47893,1.42827,1.38101,1.33682,1.29142,1.24903,1.20591,1.16571,1.12814,1.09013,1.05463,1.01895,0.985647,0.952342,0.921256,0.890303,0.859662,0.832729,0.804421,0.778018,0.752008,0.727723,0.70384,0.680436,0.657576,0.636243,0.615414,0.595127,0.575414,0.557005,0.538445,0.521124,0.504341,0.487562,0.471905
0.145,28.1917,26.5714,24.8115,23.2329,21.9619,21.0546,20.534,20.4084,20.6818,21.3522,22.3932,23.7071,24.8612,25.1643,24.7018,23.8751,22.9479,22.0613,21.2883,20.6644,20.2043,19.9108,19.7736,19.8435,19.8714,19.7184,18.6186,17.6854,15.0524,13.594,11.5545,10.8844,9.90034,9.18642,8.62707,8.38707,7.96514,7.6025,7.28431,6.86952,6.62536,6.40194,6.09889,5.91486,5.66142,5.50556,5.28873,5.08969,4.90609,4.73605,4.57798,4.43059,4.29276,4.12224,3.96514,3.85517,3.7179,3.59029,3.47131,3.33343,3.2309,3.13458,3.02209,2.91749,2.81999,2.72887,2.6271,2.53274,2.45919,2.37644,2.28674,2.21514,2.13713,2.0645,1.99669,1.93325,1.86556,1.80251,1.74363,1.68188,1.63059,1.57656,1.52062,1.46857,1.42002,1.37461,1.32796,1.28441,1.2401,1.19879,1.16019,1.12113,1.08466,1.048,1.01378,0.979554,0.947613,0.915808,0.884323,0.856649,0.827562,0.800432,0.773707,0.748753,0.724212,0.700165,0.676675,0.654755,0.633353,0.612508,0.592252,0.573336,0.554266,0.536468,0.519223,0.501982,0.485894
0.15,28.2208,26.5953,24.8357,23.2603,21.9951,21.0961,20.5862,20.4739,20.7626,21.4488,22.5032,23.8237,24.972,25.2638,24.7953,23.9687,23.0464,22.1689,21.4087,20.8014,20.362,20.0934,20.0173,20.1196,20.1772,20.0515,19.0326,18.1783,15.8024,14.3351,12.0382,11.2897,10.2175,9.45661,8.86803,8.61713,8.17806,7.80238,7.47378,7.04655,6.79551,6.566,6.25493,6.06612,5.80619,5.64638,5.42408,5.22004,5.03184,4.85753,4.69551,4.54442,4.40313,4.22832,4.06727,3.95452,3.8138,3.68296,3.56098,3.41961,3.31448,3.21572,3.10036,2.99311,2.89313,2.79969,2.69534,2.59857,2.52314,2.43828,2.3463,2.27287,2.19288,2.11838,2.04885,1.98379,1.91437,1.84971,1.78932,1.72599,1.67339,1.61798,1.56061,1.50723,1.45743,1.41087,1.36302,1.31835,1.27291,1.23054,1.19096,1.1509,1.11349,1.07589,1.04079,1.0057,0.972938,0.940319,0.908029,0.879646,0.849815,0.821991,0.794581,0.768988,0.74382,0.719156,0.695065,0.672584,0.650634,0.629255,0.60848,0.589081,0.569522,0.551268,0.533582,0.5159,0.4994
0.155,28.2479,26.6176,24.8583,23.286,22.0264,21.1353,20.6359,20.5363,20.8396,21.5409,22.6081,23.9346,25.0772,25.3579,24.8837,24.0571,23.1396,22.2705,21.5224,20.9307,20.5107,20.2654,20.2451,20.3761,20.4586,20.3548,19.3993,18.6071,16.47,15.0877,12.5637,11.719,10.541,9.72641,9.10561,8.84297,8.38571,7.99648,7.65725,7.21747,6.95957,6.72403,6.40508,6.21161,5.94537,5.78172,5.55412,5.34525,5.1526,4.97419,4.80835,4.65371,4.50909,4.33017,4.16532,4.04991,3.90587,3.77194,3.64707,3.50235,3.39473,3.29362,3.17553,3.06573,2.96338,2.86772,2.76087,2.6618,2.58458,2.4977,2.40352,2.32835,2.24644,2.17017,2.09897,2.03236,1.96129,1.89508,1.83325,1.76841,1.71455,1.65781,1.59907,1.54442,1.49343,1.44575,1.39675,1.35102,1.30449,1.26111,1.22058,1.17956,1.14126,1.10276,1.06683,1.03089,0.997348,0.963948,0.930885,0.901824,0.871279,0.842789,0.814724,0.788519,0.762748,0.737495,0.712827,0.689808,0.667333,0.645443,0.624171,0.604307,0.58428,0.56559,0.547481,0.529375,0.51248
0.16,28.2734,26.6385,24.8794,23.3102,22.0559,21.1725,20.6831,20.5959,20.9132,21.629,22.7082,24.0403,25.1771,25.4472,24.9674,24.141,23.2278,22.3668,21.63,21.0531,20.6514,20.4278,20.4589,20.6151,20.7187,20.6325,19.7275,18.9847,17.0487,15.801,13.1441,12.1823,10.8751,9.99816,9.3414,9.06595,8.58922,8.18579,7.83559,7.38307,7.1183,6.87677,6.55004,6.35198,6.07957,5.91218,5.67944,5.46588,5.26894,5.08656,4.91703,4.75896,4.61113,4.42824,4.25974,4.14177,3.99452,3.85762,3.72997,3.58203,3.47201,3.36865,3.24793,3.13568,3.03104,2.93324,2.82401,2.72272,2.64377,2.55495,2.45867,2.3818,2.29806,2.22008,2.14729,2.07918,2.00652,1.93882,1.87561,1.80931,1.75425,1.69623,1.63618,1.5803,1.52816,1.47941,1.42932,1.38256,1.33499,1.29063,1.24919,1.20725,1.16809,1.12873,1.09199,1.05524,1.02095,0.986797,0.952991,0.923277,0.892046,0.862916,0.834221,0.807427,0.781078,0.755257,0.730036,0.7065,0.68352,0.661138,0.639389,0.619079,0.598602,0.579492,0.560976,0.542464,0.52519
0.165,28.2974,26.658,24.8992,23.3329,22.0839,21.2079,20.7282,20.6529,20.9838,21.7135,22.8042,24.1415,25.2724,25.5323,25.0472,24.2207,23.3117,22.4583,21.7323,21.1694,20.785,20.5819,20.6605,20.8393,20.961,20.8891,20.0247,19.3219,17.5497,16.4415,13.7919,12.6945,11.2263,10.2753,9.57772,9.28811,8.79028,8.37178,8.01015,7.54459,7.27286,7.02532,6.69084,6.48826,6.20977,6.03871,5.80093,5.58279,5.38167,5.19542,5.02232,4.86091,4.70998,4.52324,4.35119,4.23074,4.08039,3.9406,3.81027,3.65921,3.54687,3.44134,3.31806,3.20345,3.09659,2.99673,2.88519,2.78176,2.70114,2.61043,2.51211,2.43362,2.3481,2.26847,2.19414,2.12459,2.05038,1.98125,1.9167,1.84899,1.79276,1.73352,1.67219,1.61512,1.56188,1.51209,1.46094,1.41319,1.3646,1.31931,1.27698,1.23416,1.19417,1.15397,1.11644,1.07892,1.0439,1.00902,0.974497,0.944153,0.912259,0.88251,0.853205,0.825843,0.798934,0.772565,0.746808,0.722773,0.699304,0.676448,0.654236,0.633495,0.612584,0.593068,0.574158,0.555253,0.537612
0.17,28.3198,26.6762,24.9177,23.3543,22.1102,21.2414,20.7711,20.7073,21.0513,21.7942,22.8958,24.2378,25.363,25.613,25.1228,24.2963,23.3912,22.545,21.8292,21.2796,20.9115,20.7277,20.85,21.049,21.1861,21.1256,20.2942,19.6239,17.9841,16.9977,14.4977,13.2684,11.5996,10.5592,9.81487,9.50954,8.98874,8.55423,8.18066,7.70172,7.42297,7.16939,6.82721,6.62016,6.33569,6.16105,5.91835,5.69576,5.49056,5.30057,5.124,4.95937,4.80542,4.61496,4.43949,4.31664,4.16331,4.02073,3.8878,3.73374,3.61916,3.51152,3.38579,3.26889,3.1599,3.05805,2.94428,2.83878,2.75655,2.66404,2.56375,2.48369,2.39647,2.31524,2.23942,2.16848,2.09278,2.02227,1.95643,1.88737,1.83001,1.76958,1.70702,1.64881,1.5945,1.54372,1.49154,1.44284,1.39328,1.34708,1.3039,1.26022,1.21943,1.17842,1.14015,1.10187,1.06615,1.03057,0.995357,0.964404,0.931872,0.901527,0.871635,0.843724,0.816276,0.789379,0.763106,0.738588,0.71465,0.691335,0.668679,0.647522,0.626192,0.606284,0.586996,0.567712,0.549718
0.175,28.3408,26.6932,24.935,23.3744,22.1352,21.2734,20.8122,20.7595,21.1162,21.8719,22.9839,24.3302,25.4497,25.6902,25.1949,24.3685,23.4671,22.6277,21.9218,21.3848,21.0322,20.8666,21.0297,21.2468,21.3972,21.3462,20.5417,19.8986,18.367,17.4817,15.2296,13.9215,12.007,10.8554,10.0563,9.73309,9.18688,8.73509,8.34891,7.85608,7.57013,7.31045,6.96052,6.749,6.4586,6.28041,6.03286,5.80589,5.5967,5.40304,5.22308,5.0553,4.89841,4.70432,4.52551,4.40032,4.24408,4.09879,3.96334,3.80635,3.68959,3.57991,3.45179,3.33266,3.2216,3.1178,3.00187,2.89437,2.81057,2.71629,2.61409,2.53251,2.44362,2.36085,2.28358,2.21128,2.13415,2.06229,1.99518,1.92481,1.86636,1.80477,1.74102,1.6817,1.62636,1.57461,1.52143,1.47179,1.42129,1.37421,1.33021,1.28569,1.24412,1.20233,1.16333,1.12432,1.08791,1.05166,1.01577,0.984227,0.951073,0.920149,0.889686,0.861242,0.83327,0.805859,0.779084,0.754099,0.729703,0.705943,0.682854,0.661293,0.639555,0.619268,0.599611,0.579959,0.561621
0.18,28.3605,26.709,24.9511,23.3932,22.1588,21.3037,20.8513,20.8094,21.1782,21.9463,23.0682,24.4185,25.5323,25.7635,25.2635,24.437,23.5392,22.7063,22.0096,21.4846,21.1468,20.9984,21.1994,21.4328,21.5945,21.5511,20.7688,20.1485,18.7061,17.9027,15.9256,14.646,12.4597,11.1668,10.3025,9.959,9.38453,8.91407,8.51453,8.00727,7.71397,7.44809,7.0904,6.87443,6.57815,6.39645,6.14414,5.91288,5.69979,5.50254,5.31928,5.14842,4.98868,4.79106,4.609,4.48155,4.32247,4.17456,4.03665,3.87682,3.75796,3.64629,3.51585,3.39456,3.28149,3.17582,3.05779,2.94834,2.86302,2.76704,2.66299,2.57992,2.48943,2.40515,2.32648,2.25288,2.17434,2.10118,2.03286,1.96121,1.9017,1.839,1.77409,1.71369,1.65734,1.60465,1.55051,1.49998,1.44855,1.40062,1.35582,1.31049,1.26817,1.22562,1.18591,1.14619,1.10913,1.07222,1.03568,1.00356,0.969804,0.938319,0.907303,0.878343,0.849863,0.821955,0.794693,0.769255,0.744416,0.720225,0.696716,0.674764,0.652632,0.631976,0.611963,0.591954,0.573282
0.185,28.379,26.7237,24.9662,23.411,22.1811,21.3326,20.8888,20.8574,21.2381,22.018,23.1493,24.5033,25.6115,25.8337,25.3291,24.5026,23.6081,22.7816,22.0938,21.5803,21.2565,21.1245,21.361,21.6091,21.7808,21.7436,20.9797,20.3788,19.0113,18.2751,16.5502,15.402,12.9811,11.5018,10.5579,10.1906,9.58412,9.09315,8.67927,8.15684,7.85592,7.5837,7.21812,6.99767,6.69551,6.51031,6.25327,6.01776,5.80081,5.60004,5.41352,5.23965,5.0771,4.87602,4.69078,4.56111,4.39926,4.24877,4.10846,3.94585,3.82492,3.71131,3.5786,3.45521,3.34017,3.23266,3.11258,3.00123,2.91443,2.81677,2.71091,2.6264,2.53433,2.44859,2.36855,2.29366,2.21376,2.13933,2.06982,1.99692,1.93637,1.87258,1.80654,1.74509,1.68776,1.63415,1.57907,1.52765,1.47533,1.42656,1.38099,1.33487,1.29181,1.24852,1.20811,1.16771,1.12999,1.09244,1.05526,1.02259,0.988243,0.956209,0.924653,0.895188,0.866212,0.837817,0.810081,0.784199,0.758927,0.734314,0.710396,0.688062,0.665544,0.644528,0.624166,0.603808,0.584812
0.19,28.3963,26.7374,24.9803,23.4276,22.2022,21.3601,20.9246,20.9033,21.2954,22.0868,23.2271,24.5845,25.6871,25.9006,25.3916,24.565,23.6738,22.8532,22.1739,21.6714,21.361,21.2445,21.5141,21.7756,21.9558,21.9235,21.1751,20.5908,19.2866,18.6058,17.0913,16.1141,13.597,11.8675,10.8238,10.4285,9.78556,9.27201,8.84271,8.30432,7.99553,7.71682,7.34324,7.11829,6.81025,6.62158,6.35985,6.12016,5.89942,5.69519,5.50547,5.32865,5.16335,4.95889,4.77055,4.6387,4.47415,4.32115,4.17851,4.01318,3.89024,3.77473,3.63982,3.51437,3.39742,3.28812,3.16604,3.05283,2.96459,2.86531,2.75769,2.67177,2.57816,2.491,2.40963,2.33349,2.25226,2.17658,2.10592,2.0318,1.97025,1.90539,1.83825,1.77578,1.71749,1.66299,1.60699,1.55472,1.50153,1.45194,1.40561,1.35872,1.31494,1.27093,1.22985,1.18877,1.15043,1.11225,1.07446,1.04124,1.00632,0.973751,0.941668,0.911712,0.882253,0.853385,0.825187,0.798873,0.77318,0.748157,0.72384,0.701133,0.67824,0.656874,0.636172,0.615475,0.596162
0.195,28.4125,26.7502,24.9934,23.4433,22.2223,21.3864,20.959,20.9476,21.3508,22.1532,23.3022,24.6628,25.7598,25.9649,25.4516,24.6249,23.7368,22.9219,22.2508,21.7589,21.4613,21.3596,21.6605,21.9341,22.1217,22.0935,21.358,20.7881,19.5386,18.9043,17.5617,16.744,14.3429,12.2801,11.1064,10.6771,9.99162,9.45275,9.00663,8.45123,8.1342,7.84876,7.467,7.23747,6.9235,6.73135,6.46494,6.22107,5.99657,5.78889,5.59603,5.41629,5.24828,5.04047,4.84907,4.71508,4.54787,4.3924,4.24745,4.07947,3.95454,3.83718,3.70009,3.57262,3.45379,3.34273,3.21869,3.10366,3.014,2.91311,2.80376,2.71646,2.62135,2.53278,2.4501,2.37274,2.2902,2.21331,2.1415,2.0662,2.00365,1.93775,1.86953,1.80605,1.74683,1.69145,1.63454,1.58143,1.52739,1.477,1.42992,1.38228,1.3378,1.29308,1.25134,1.20959,1.17063,1.13184,1.09344,1.05968,1.0242,0.991109,0.958509,0.928071,0.898137,0.868805,0.840152,0.813415,0.787308,0.761882,0.737174,0.714101,0.690839,0.669129,0.648094,0.627063,0.607439
0.2,28.4276,26.7621,25.0056,23.458,22.2412,21.4113,20.9918,20.9899,21.4039,22.217,23.3743,24.7377,25.8293,26.0262,25.5088,24.682,23.7969,22.9875,22.3243,21.8424,21.5571,21.4695,21.7996,22.0844,22.2784,22.2533,21.5286,20.9713,19.769,19.1742,17.9712,17.2834,15.2022,12.7595,11.4095,10.938,10.2024,9.63508,9.17059,8.59705,8.2714,7.97901,7.58888,7.35472,7.03477,6.83914,6.56806,6.32005,6.09182,5.88076,5.68478,5.50217,5.33149,5.12041,4.926,4.78992,4.6201,4.46221,4.315,4.14441,4.01754,3.89836,3.75915,3.62971,3.50903,3.39625,3.27029,3.15348,3.06242,2.95998,2.84894,2.76028,2.6637,2.57376,2.4898,2.41124,2.32742,2.24934,2.17642,2.09995,2.03643,1.96951,1.90023,1.83577,1.77563,1.7194,1.66161,1.60767,1.55279,1.50163,1.45381,1.40544,1.36026,1.31485,1.27246,1.23007,1.19051,1.15112,1.11212,1.07784,1.04181,1.0082,0.9751,0.94419,0.913792,0.884005,0.854908,0.827757,0.801246,0.775426,0.750334,0.726904,0.703282,0.681235,0.659874,0.638518,0.61859
0.205,28.4418,26.7731,25.017,23.4718,22.2592,21.4352,21.0234,21.0309,21.4553,22.2787,23.444,24.8101,25.8962,26.0852,25.5638,24.7369,23.8546,23.0506,22.3949,21.9228,21.6494,21.5753,21.933,22.2279,22.4275,22.405,21.6894,21.1432,19.9825,19.4217,18.3342,17.7496,16.0676,13.3485,11.7434,11.2177,10.4214,9.82137,9.33647,8.74333,8.40855,8.10889,7.71009,7.47118,7.14517,6.94601,6.67023,6.41807,6.18611,5.97167,5.7726,5.58713,5.41381,5.19948,5.00209,4.86394,4.69153,4.53124,4.38181,4.20864,4.07985,3.95887,3.81756,3.68617,3.56368,3.4492,3.32134,3.20277,3.11034,3.00636,2.89364,2.80366,2.70562,2.61432,2.5291,2.44935,2.36427,2.28502,2.211,2.13338,2.06891,2.00098,1.93066,1.86522,1.80418,1.7471,1.68844,1.63369,1.57798,1.52605,1.47752,1.42841,1.38256,1.33646,1.29344,1.25041,1.21025,1.17026,1.13068,1.09588,1.05931,1.0252,0.991596,0.960221,0.929365,0.89913,0.869595,0.842034,0.815124,0.788915,0.763446,0.739663,0.715685,0.693306,0.671624,0.649946,0.629717
0.21,28.4551,26.7833,25.0276,23.4847,22.2762,21.4579,21.0536,21.0702,21.5049,22.3383,23.5112,24.8798,25.9606,26.1419,25.6165,24.7895,23.91,23.1111,22.4627,22,21.7379,21.6768,22.0606,22.3649,22.5693,22.5487,21.8408,21.3045,20.1805,19.6493,18.6583,18.1555,16.819,14.1143,12.1202,11.5218,10.6502,10.0122,9.50448,8.89006,8.54559,8.23829,7.83052,7.58674,7.25455,7.05183,6.77132,6.515,6.27932,6.06152,5.85937,5.67107,5.49512,5.27757,5.07724,4.93704,4.76207,4.59942,4.44779,4.27207,4.14139,4.01864,3.87526,3.74194,3.61765,3.5015,3.37177,3.25146,3.15769,3.05218,2.93782,2.84652,2.74705,2.65442,2.56794,2.48704,2.40071,2.3203,2.2452,2.16644,2.10103,2.03211,1.96076,1.89437,1.83243,1.77452,1.715,1.65946,1.60293,1.55024,1.501,1.45117,1.40465,1.35788,1.31423,1.27057,1.22982,1.18925,1.14909,1.11378,1.07668,1.04207,1.00797,0.976139,0.944833,0.914155,0.884189,0.856225,0.828922,0.80233,0.776488,0.752358,0.728029,0.705323,0.683324,0.661329,0.640805
0.215,28.4674,26.7927,25.0374,23.4969,22.2923,21.4797,21.0827,21.1082,21.5527,22.3958,23.5761,24.947,26.0224,26.1962,25.6671,24.84,23.9632,23.1692,22.5278,22.0742,21.8231,21.7744,22.1829,22.4957,22.7044,22.6851,21.9837,21.4562,20.365,19.8598,18.9507,18.5136,17.4386,15.1227,12.5615,11.8598,10.8917,10.2089,9.67547,9.03778,8.68294,8.3676,7.95049,7.7017,7.36319,7.15685,6.87156,6.61107,6.37166,6.15049,5.94528,5.75416,5.57561,5.35486,5.15161,5.00937,4.83188,4.66689,4.51308,4.33484,4.2023,4.07778,3.93235,3.79714,3.67108,3.55327,3.42169,3.29967,3.20456,3.09755,2.98156,2.88896,2.78807,2.69413,2.60643,2.52437,2.43682,2.35526,2.27909,2.19921,2.13287,2.06297,1.99061,1.92327,1.86045,1.80171,1.74135,1.68501,1.62769,1.57424,1.5243,1.47377,1.42658,1.37915,1.33487,1.2906,1.24927,1.20812,1.16738,1.13158,1.09395,1.05884,1.02426,0.991978,0.960226,0.929112,0.898719,0.870358,0.842666,0.815696,0.789487,0.765013,0.740338,0.717309,0.694997,0.672689,0.651873
0.22,28.479,26.8014,25.0465,23.5082,22.3075,21.5004,21.1106,21.1447,21.5989,22.4515,23.6387,25.0118,26.082,26.2485,25.7157,24.8885,24.0142,23.225,22.5905,22.1456,21.905,21.8682,22.3002,22.6208,22.8332,22.8148,22.119,21.5994,20.5376,20.0555,19.2167,18.8336,17.9533,16.2034,13.1082,12.2472,11.1501,10.4133,9.8504,9.18703,8.82105,8.49717,8.07029,7.81631,7.47133,7.26131,6.97118,6.70647,6.46333,6.23879,6.03051,5.83659,5.65544,5.43151,5.22536,5.0811,4.9011,4.73379,4.57782,4.39708,4.26268,4.13643,3.98898,3.85187,3.72406,3.60462,3.4712,3.34749,3.25106,3.14256,3.02496,2.93108,2.82879,2.73354,2.64462,2.56142,2.47265,2.38996,2.31274,2.23175,2.16449,2.09362,2.02025,1.95198,1.88829,1.82874,1.76754,1.71042,1.6523,1.59811,1.54748,1.49624,1.4484,1.40031,1.35542,1.31053,1.26863,1.22691,1.18561,1.1493,1.11115,1.07556,1.0405,1.00777,0.975574,0.944028,0.913213,0.884458,0.856382,0.829038,0.802465,0.777651,0.752634,0.729286,0.706664,0.684046,0.662941
0.225,28.4897,26.8094,25.0549,23.5188,22.3219,21.5202,21.1373,21.1799,21.6435,22.5052,23.6993,25.0743,26.1393,26.2987,25.7624,24.9351,24.0633,23.2787,22.6507,22.2143,21.9839,21.9586,22.4128,22.7407,22.9562,22.9385,22.2472,21.7347,20.6996,20.2381,19.4605,19.1224,18.3904,17.0768,13.8475,12.7117,11.4309,10.6275,10.0304,9.33841,8.96036,8.62738,8.19024,7.93087,7.57922,7.36543,7.07039,6.80142,6.55451,6.32659,6.11525,5.91851,5.73477,5.50768,5.29864,5.15237,4.96987,4.80025,4.64213,4.45892,4.32268,4.1947,4.04523,3.90626,3.77671,3.65564,3.52041,3.39501,3.29727,3.1873,3.0681,2.97294,2.86926,2.77272,2.68259,2.59827,2.5083,2.42448,2.34621,2.26413,2.19595,2.12412,2.04976,1.98056,1.91601,1.85564,1.79361,1.73572,1.67681,1.62189,1.57057,1.51864,1.47015,1.4214,1.3759,1.3304,1.28794,1.24565,1.20379,1.16699,1.12832,1.09225,1.05671,1.02353,0.990903,0.958929,0.927697,0.898551,0.870094,0.842379,0.815445,0.790295,0.764938,0.741273,0.718344,0.69542,0.674029
0.23,28.4996,26.8166,25.0626,23.5287,22.3355,21.5391,21.163,21.2139,21.6867,22.5572,23.7579,25.1347,26.1946,26.347,25.8073,24.9798,24.1104,23.3303,22.7088,22.2806,22.06,22.0457,22.521,22.8556,23.0738,23.0564,22.369,21.863,20.8521,20.4091,19.6855,19.3855,18.7697,17.7422,14.9473,13.3095,11.7425,10.8541,10.2167,9.49257,9.10136,8.75862,8.31063,8.04563,7.68709,7.46945,7.16939,6.89609,6.64538,6.41407,6.19964,6.00009,5.81375,5.5835,5.37157,5.2233,5.03832,4.86639,4.70614,4.52046,4.38239,4.2527,4.10123,3.9604,3.82911,3.70642,3.56939,3.44233,3.34328,3.23185,3.11106,3.01463,2.90958,2.81175,2.72042,2.63497,2.54381,2.45888,2.37957,2.29639,2.22731,2.15452,2.07917,2.00905,1.94364,1.88248,1.81962,1.76096,1.70126,1.64561,1.59361,1.54099,1.49186,1.44246,1.39636,1.35025,1.30722,1.26437,1.22195,1.18467,1.14548,1.10893,1.07292,1.0393,1.00624,0.973841,0.942193,0.91266,0.883825,0.855741,0.828449,0.802965,0.777271,0.753291,0.730057,0.706828,0.685153
0.235,28.5088,26.8233,25.0697,23.538,22.3484,21.5571,21.1877,21.2467,21.7284,22.6076,23.8145,25.1931,26.2479,26.3936,25.8505,25.0229,24.1559,23.3801,22.7647,22.3444,22.1333,22.1297,22.6251,22.9659,23.1864,23.169,22.4849,21.9848,20.9961,20.57,19.8942,19.627,19.1045,18.2703,16.252,14.1746,12.0981,11.0967,10.4109,9.65024,9.24456,8.89128,8.43176,8.16088,7.79518,7.57356,7.26837,6.99068,6.73612,6.50138,6.28385,6.08147,5.89254,5.65911,5.4443,5.29403,5.10657,4.93235,4.76996,4.58182,4.44193,4.31053,4.15706,4.01438,3.88137,3.75707,3.61825,3.48951,3.38918,3.27628,3.15392,3.05623,2.9498,2.85069,2.75817,2.67161,2.57925,2.49321,2.41287,2.3286,2.25862,2.18488,2.10854,2.03751,1.97125,1.90928,1.84561,1.78618,1.7257,1.66933,1.61665,1.56334,1.51356,1.46353,1.41682,1.37011,1.32652,1.28311,1.24014,1.20237,1.16267,1.12564,1.08916,1.0551,1.02161,0.988787,0.956726,0.926808,0.897596,0.869145,0.841497,0.81568,0.789651,0.765358,0.741821,0.718289,0.69633
0.24,28.5173,26.8293,25.0761,23.5466,22.3606,21.5743,21.2115,21.2783,21.7688,22.6563,23.8694,25.2495,26.2993,26.4384,25.8921,25.0644,24.1996,23.428,22.8186,22.4061,22.2042,22.2108,22.7254,23.0719,23.2944,23.2768,22.5954,22.1006,21.1323,20.7216,20.0888,19.8501,19.4043,18.7078,17.2096,15.5047,12.5211,11.3605,10.615,9.81224,9.39053,9.02579,8.55397,8.27687,7.90372,7.67799,7.36753,7.08537,6.8269,6.58868,6.36803,6.1628,5.97126,5.73465,5.51695,5.36468,5.17473,4.99822,4.83371,4.64311,4.50139,4.36828,4.21283,4.0683,3.93357,3.80767,3.66705,3.53666,3.43503,3.32068,3.19674,3.09779,2.98999,2.88961,2.7959,2.70822,2.61468,2.52754,2.44616,2.36081,2.28993,2.21524,2.13793,2.06599,1.99887,1.93611,1.87162,1.81142,1.75017,1.69307,1.63971,1.58572,1.53531,1.48463,1.43732,1.39001,1.34586,1.30189,1.25837,1.22011,1.1799,1.1424,1.10545,1.07096,1.03703,1.00379,0.971317,0.941015,0.911428,0.882612,0.854609,0.82846,0.802097,0.777492,0.753652,0.729818,0.707578
0.245,28.5252,26.8348,25.082,23.5546,22.3721,21.5907,21.2344,21.309,21.808,22.7038,23.9228,25.3043,26.3491,26.4818,25.9323,25.1045,24.2419,23.4744,22.8709,22.4659,22.2729,22.2895,22.8224,23.1743,23.3985,23.3805,22.7013,22.2115,21.262,20.8655,20.2717,20.0583,19.677,19.0835,17.8852,16.7481,13.0614,11.6541,10.8326,9.98026,9.54055,9.16321,8.6781,8.3944,8.01342,7.78341,7.4675,7.18073,6.91827,6.67651,6.45269,6.24458,6.05039,5.81058,5.58997,5.43567,5.24323,5.0644,4.89775,4.70468,4.56114,4.42632,4.26886,4.12248,3.98603,3.85851,3.7161,3.58404,3.48111,3.36531,3.23978,3.13958,3.03041,2.92874,2.83384,2.74505,2.65031,2.56206,2.47965,2.39322,2.32143,2.24579,2.1675,2.09464,2.02667,1.96311,1.8978,1.83684,1.77481,1.71698,1.66295,1.60827,1.55721,1.50589,1.45798,1.41007,1.36536,1.32083,1.27675,1.23801,1.19729,1.15931,1.1219,1.08696,1.0526,1.01894,0.986053,0.955365,0.925402,0.89622,0.867861,0.84138,0.814681,0.789764,0.765621,0.741483,0.71896
0.25,28.5324,26.8397,25.0874,23.5619,22.3829,21.6064,21.2563,21.3385,21.8459,22.7496,23.9742,25.3571,26.3971,26.5235,25.9709,25.143,24.2825,23.519,22.9212,22.5234,22.3391,22.3652,22.9157,23.2724,23.498,23.4795,22.8021,22.3168,21.3848,21.0014,20.4428,20.2517,19.9251,19.4108,18.401,17.5585,13.8339,11.9867,11.0651,10.154,9.69405,9.30286,8.80344,8.51276,8.12357,7.88912,7.56761,7.27613,7.00961,6.76427,6.53725,6.32624,6.12939,5.88636,5.66283,5.50652,5.31158,5.13045,4.96166,4.76612,4.62076,4.48422,4.32478,4.17654,4.03837,3.90925,3.76504,3.63133,3.52711,3.40985,3.28275,3.18129,3.07075,2.96782,2.87173,2.78182,2.6859,2.59654,2.5131,2.42559,2.3529,2.27632,2.19705,2.12328,2.05446,1.9901,1.92397,1.86225,1.79945,1.7409,1.68619,1.63082,1.57913,1.52716,1.47866,1.43015,1.38487,1.33979,1.29516,1.25594,1.21471,1.17625,1.13837,1.103,1.06821,1.03412,1.00083,0.969757,0.939419,0.909872,0.881158,0.854346,0.827313,0.802084,0.77764,0.753201,0.730396
0.255,28.5389,26.844,25.0922,23.5688,22.3931,21.6214,21.2775,21.3671,21.8827,22.7942,24.0244,25.4085,26.4436,26.5638,26.0082,25.1803,24.3218,23.5622,22.9699,22.5792,22.4034,22.4388,23.0061,23.3674,23.5942,23.5749,22.899,22.4179,21.5022,21.1309,20.6048,20.4338,20.1546,19.7035,18.8233,18.1433,15.1596,12.3818,11.3193,10.3364,9.85319,9.44652,8.93148,8.63328,8.23539,7.99628,7.66893,7.37258,7.10188,6.85288,6.62259,6.40863,6.20909,5.96279,5.73631,5.57796,5.38049,5.19703,5.02608,4.82806,4.68086,4.5426,4.38114,4.23105,4.09114,3.96041,3.8144,3.67901,3.57349,3.45477,3.32609,3.22336,3.11144,3.00723,2.90994,2.81892,2.7218,2.63134,2.54686,2.45825,2.38467,2.30713,2.22687,2.15219,2.08251,2.01736,1.95041,1.88792,1.82433,1.76506,1.70966,1.65361,1.60128,1.54866,1.49956,1.45045,1.40461,1.35897,1.31378,1.27407,1.23233,1.1934,1.15504,1.11923,1.08401,1.0495,1.01579,0.984335,0.95362,0.923706,0.894636,0.86749,0.840122,0.814579,0.789831,0.765088,0.742
0.26,28.5449,26.8478,25.0964,23.575,22.4027,21.6356,21.2978,21.3947,21.9182,22.8372,24.0728,25.458,26.4884,26.6026,26.0441,25.216,24.3596,23.6038,23.0169,22.633,22.4654,22.5098,23.093,23.4586,23.6863,23.6662,22.9915,22.5142,21.6136,21.2537,20.7573,20.6044,20.3664,19.9664,19.1799,18.6007,16.5936,12.8768,11.6002,10.5276,10.0175,9.59356,9.06146,8.75522,8.34813,8.10416,7.77075,7.4694,7.19443,6.94171,6.7081,6.49115,6.28889,6.03931,5.80986,5.64946,5.44945,5.26366,5.09056,4.89005,4.741,4.60102,4.43756,4.2856,4.14396,4.01161,3.86379,3.72674,3.61991,3.49973,3.36947,3.26548,3.15219,3.04669,2.94821,2.85607,2.75776,2.66618,2.58067,2.49098,2.41649,2.338,2.25676,2.18116,2.11063,2.04468,1.9769,1.91365,1.84928,1.78928,1.73321,1.67647,1.6235,1.57024,1.52053,1.47082,1.42442,1.37821,1.33248,1.29228,1.25002,1.21061,1.17179,1.13554,1.09989,1.06496,1.03083,0.99899,0.967899,0.937618,0.908191,0.880713,0.853009,0.827154,0.802102,0.777056,0.753685
0.265,28.5503,26.8512,25.1002,23.5808,22.4117,21.6493,21.3174,21.4214,21.9528,22.8792,24.12,25.5062,26.5319,26.6402,26.0789,25.2507,24.3963,23.6441,23.0625,22.6854,22.5257,22.5788,23.1775,23.547,23.7755,23.7543,23.0805,22.6069,21.7206,21.3712,20.9025,20.7661,20.5646,20.2071,19.4919,18.9817,17.4628,13.5808,11.9212,10.7315,10.1897,9.74602,9.195,8.88003,8.46309,8.21396,7.87419,7.56764,7.28825,7.03169,6.79469,6.57469,6.36966,6.11673,5.88427,5.72178,5.51921,5.33106,5.15576,4.95274,4.80182,4.6601,4.4946,4.34077,4.19737,4.06339,3.91375,3.77501,3.66687,3.54522,3.41335,3.30809,3.19341,3.08662,2.98693,2.89366,2.79415,2.70145,2.61489,2.5241,2.4487,2.36926,2.28702,2.21049,2.1391,2.07234,2.00374,1.93971,1.87456,1.81383,1.75707,1.69964,1.64601,1.5921,1.54179,1.49147,1.4445,1.39773,1.35144,1.31075,1.26798,1.22808,1.18879,1.15209,1.11601,1.08065,1.04611,1.01387,0.982403,0.951752,0.921966,0.894152,0.86611,0.839939,0.814581,0.789229,0.765572
0.27,28.5552,26.854,25.1035,23.586,22.4201,21.6622,21.3361,21.4472,21.9862,22.9198,24.1655,25.5527,26.5737,26.6764,26.1123,25.284,24.4315,23.6829,23.1064,22.7358,22.5839,22.6454,23.2588,23.632,23.8611,23.8388,23.1657,22.6955,21.8225,21.483,21.0397,20.9185,20.7492,20.4272,19.7675,19.3072,18.0546,14.8468,12.2989,10.9492,10.3697,9.90337,9.33138,9.00694,8.57949,8.32492,7.97852,7.66657,7.38265,7.12217,6.88171,6.65861,6.45077,6.19447,5.95896,5.79438,5.58922,5.39869,5.2212,5.01564,4.86286,4.71938,4.55185,4.39612,4.25098,4.11535,3.96389,3.82346,3.71401,3.59087,3.4574,3.35086,3.23479,3.1267,3.02581,2.9314,2.83069,2.73687,2.64926,2.55737,2.48106,2.40065,2.31742,2.23996,2.16771,2.10014,2.03071,1.96591,1.89997,1.8385,1.78106,1.72293,1.66866,1.6141,1.56317,1.51224,1.46471,1.41737,1.37052,1.32933,1.28605,1.24567,1.2059,1.16876,1.13224,1.09645,1.06149,1.02887,0.99702,0.965998,0.935852,0.907701,0.87932,0.852832,0.827167,0.801509,0.777566
0.275,28.5595,26.8564,25.1064,23.5908,22.428,21.6746,21.3543,21.4722,22.0188,22.9594,24.21,25.598,26.6145,26.7115,26.1447,25.3163,24.4657,23.7206,23.1491,22.7849,22.6406,22.7103,23.3379,23.7146,23.944,23.9206,23.2479,22.7808,21.9205,21.5903,21.1711,21.0638,20.9236,20.6319,20.0169,19.5945,18.5124,16.5287,12.7761,11.1869,10.5608,10.0681,9.47241,9.13754,8.69871,8.43834,8.08492,7.76732,7.47868,7.21414,6.97012,6.74384,6.53312,6.27336,6.03475,5.86804,5.66025,5.4673,5.28758,5.07945,4.92477,4.77952,4.60992,4.45228,4.30535,4.16807,4.01475,3.87261,3.76182,3.63718,3.50209,3.39426,3.27677,3.16737,3.06525,2.96971,2.86777,2.77282,2.68414,2.59114,2.5139,2.43252,2.34828,2.26989,2.19676,2.12838,2.05811,1.99252,1.92578,1.86357,1.80543,1.7466,1.69167,1.63645,1.5849,1.53336,1.48525,1.43734,1.38992,1.34824,1.30443,1.26356,1.22331,1.18572,1.14876,1.11254,1.07716,1.04414,1.0119,0.980506,0.949995,0.921504,0.892779,0.865971,0.839996,0.814026,0.789794
0.28,28.5633,26.8583,25.1088,23.595,22.4354,21.6863,21.3717,21.4964,22.0504,22.9979,24.2532,25.642,26.6539,26.7455,26.176,25.3475,24.4987,23.7571,23.1905,22.8325,22.6955,22.7732,23.4145,23.7944,24.0241,23.9995,23.327,22.8629,22.0145,21.6932,21.2964,21.2019,21.088,20.8224,20.2439,19.8511,18.8882,17.4549,13.4555,11.4495,10.7646,10.2407,9.61811,9.27173,8.82055,8.55397,8.19313,7.86961,7.57607,7.30734,7.05965,6.83011,6.61646,6.35317,6.11141,5.94253,5.73207,5.53667,5.35469,5.14396,4.98736,4.84031,4.66862,4.50905,4.36032,4.22136,4.06618,3.9223,3.81017,3.68401,3.54729,3.43814,3.31923,3.20851,3.10515,3.00845,2.90528,2.80918,2.71943,2.62531,2.54714,2.46478,2.37952,2.30018,2.22617,2.15696,2.08584,2.01946,1.95191,1.88895,1.83011,1.77057,1.71498,1.65909,1.60692,1.55475,1.50606,1.45758,1.40959,1.3674,1.32306,1.2817,1.24096,1.20292,1.16551,1.12886,1.09305,1.05963,1.02701,0.99523,0.964351,0.935516,0.906444,0.879312,0.853023,0.826741,0.802216
0.285,28.5666,26.8597,25.1107,23.5989,22.4423,21.6976,21.3885,21.5199,22.081,23.0353,24.2952,25.6847,26.6921,26.7783,26.2062,25.3777,24.5307,23.7924,23.2305,22.8787,22.7489,22.8344,23.4888,23.8716,24.1015,24.0756,23.4031,22.9419,22.1048,21.7918,21.4161,21.3336,21.2434,21.0004,20.4522,20.0833,19.2088,18.0578,14.8024,11.7464,10.9844,10.4227,9.7692,9.41,8.94536,8.67211,8.30338,7.97365,7.67499,7.40193,7.15046,6.91758,6.70091,6.43403,6.18906,6.01797,5.8048,5.60691,5.42263,5.20927,5.05072,4.90185,4.72805,4.56651,4.41597,4.27531,4.11823,3.97261,3.85911,3.73143,3.59304,3.48257,3.36223,3.25016,3.14556,3.04769,2.94327,2.84601,2.75518,2.65992,2.58081,2.49745,2.41116,2.33087,2.25596,2.18592,2.11394,2.04676,1.9784,1.91468,1.85513,1.79487,1.73861,1.68204,1.62925,1.57646,1.52718,1.47811,1.42954,1.38684,1.34197,1.30011,1.25888,1.22038,1.18252,1.14542,1.10918,1.07537,1.04235,1.01019,0.978936,0.949753,0.920331,0.892872,0.866267,0.839667,0.814847
0.29,28.5695,26.8608,25.1123,23.6023,22.4488,21.7082,21.4046,21.5425,22.1108,23.0716,24.336,25.7261,26.7291,26.81,26.2354,25.4068,24.5616,23.8266,23.2694,22.9235,22.8007,22.8937,23.5608,23.9465,24.1763,24.149,23.4765,23.0179,22.1916,21.8865,21.5307,21.4593,21.3909,21.1675,20.6448,20.2955,19.4895,18.5144,16.7743,12.0933,11.2245,10.616,9.92654,9.55296,9.07352,8.79308,8.41593,8.07964,7.77564,7.49807,7.2427,7.00637,6.78662,6.51606,6.26781,6.09447,5.87854,5.67812,5.49151,5.27547,5.11495,4.96423,4.78829,4.62476,4.47237,4.32999,4.171,4.0236,3.90873,3.77949,3.63943,3.52762,3.40582,3.2924,3.18653,3.08747,2.9818,2.88336,2.79143,2.69502,2.61495,2.53059,2.44326,2.362,2.28619,2.2153,2.14246,2.07447,2.00528,1.94079,1.88052,1.81954,1.7626,1.70535,1.65192,1.59849,1.54862,1.49896,1.4498,1.40659,1.36118,1.31882,1.27709,1.23813,1.19981,1.16226,1.12559,1.09136,1.05794,1.0254,0.993769,0.964234,0.934458,0.906668,0.879742,0.852822,0.827702
0.295,28.5718,26.8614,25.1134,23.6052,22.4547,21.7183,21.4201,21.5645,22.1397,23.1069,24.3756,25.7664,26.765,26.8408,26.2637,25.435,24.5915,23.8597,23.3071,22.9671,22.8511,22.9514,23.6307,24.0189,24.2487,24.22,23.5473,23.0912,22.2751,21.9776,21.6405,21.5796,21.5311,21.325,20.8239,20.491,19.7398,18.8867,17.6768,12.5211,11.4915,10.8233,10.0912,9.70128,9.20547,8.9172,8.53104,8.18781,7.8782,7.59593,7.33652,7.09664,6.87371,6.59939,6.34777,6.17214,5.9534,5.75041,5.56142,5.34266,5.18013,5.02754,4.84942,4.68388,4.52961,4.38549,4.22456,4.07536,3.95908,3.82828,3.68651,3.57334,3.45006,3.33527,3.22811,3.12786,3.02091,2.92127,2.82824,2.73066,2.64963,2.56424,2.47586,2.39362,2.31689,2.24515,2.17142,2.10261,2.03259,1.96732,1.90633,1.8446,1.78698,1.72904,1.67497,1.62089,1.57042,1.52016,1.47041,1.42667,1.38071,1.33784,1.29561,1.25618,1.2174,1.1794,1.14228,1.10764,1.07382,1.04088,1.00887,0.978977,0.948841,0.920716,0.893465,0.86622,0.840797
0.3,28.5738,26.8617,25.1142,23.6077,22.4601,21.7278,21.4349,21.5855,22.1675,23.1411,24.414,25.8053,26.7996,26.8704,26.2909,25.4622,24.6204,23.8917,23.3435,23.0092,22.8999,23.0074,23.6984,24.0891,24.3186,24.2885,23.6156,23.1618,22.3555,22.0651,21.7458,21.6947,21.6645,21.4737,20.9911,20.6721,19.9659,19.2033,18.2549,13.1069,11.7957,11.0479,10.2643,9.85568,9.34163,9.04481,8.64893,8.29832,7.98281,7.69563,7.43203,7.18848,6.96229,6.68409,6.42904,6.25106,6.02945,5.82383,5.63243,5.4109,5.24633,5.09184,4.9115,4.74391,4.58775,4.44185,4.27894,4.12792,4.01022,3.87782,3.73433,3.61978,3.495,3.37881,3.27036,3.16889,3.06064,2.9598,2.86563,2.76688,2.68486,2.59844,2.50899,2.42575,2.34809,2.27548,2.20086,2.13122,2.06035,1.99429,1.93256,1.87009,1.81177,1.75313,1.6984,1.64367,1.59259,1.54172,1.49137,1.44711,1.40059,1.3572,1.31445,1.27454,1.2353,1.19684,1.15927,1.12421,1.08998,1.05664,1.02425,0.993993,0.963493,0.935027,0.907447,0.879872,0.854142
