,0.36687,0.38434,0.40181,0.41928,0.43675,0.45422,0.47169,0.48916,0.50663,0.5241,0.54157,0.55904,0.57651,0.59398,0.61145,0.62892,0.64639,0.66386,0.68133,0.6988,0.71627,0.73374,0.75121,0.76868,0.78615,0.80362,0.82109,0.83856,0.85603,0.8735,0.89097,0.90844,0.92591,0.94338,0.96085,0.97832,0.99579,1.01326,1.03073,1.0482,1.06567,1.08314,1.10061,1.11808,1.13555,1.15302,1.17049,1.18796,1.20543,1.2229,1.24037,1.25784,1.27531,1.29278,1.31025,1.32772,1.34519,1.36266,1.38013,1.3976
3.82585e-06,0.559746,0.430609,0.295577,0.191626,0.121783,0.0777084,0.05054,0.0338011,0.0233518,0.0166899,0.0123339,0.00940734,0.0073868,0.0059543,0.00491287,0.00413782,0.00354843,0.00309126,0.00273022,0.00244037,0.0022042,0.00200916,0.00184607,0.00170818,0.0015904,0.00148885,0.00140056,0.00132319,0.0012549,0.00119423,0.00113999,0.00109123,0.00104716,0.00100715,0.000970647,0.000937211,0.000906464,0.000878085,0.000851803,0.000827385,0.000804633,0.000783372,0.000763453,0.000744746,0.000727135,0.000710522,0.000694817,0.000679942,0.000665827,0.000652412,0.000639639,0.000627461,0.000615832,0.000604713,0.000594068,0.000583863,0.000574069,0.00056466,0.00055561,0.000546897
3.95654e-06,0.579669,0.445815,0.305919,0.19828,0.125989,0.0803822,0.0522749,0.0349598,0.0241515,0.0172611,0.0127558,0.00972906,0.00763936,0.00615786,0.00508081,0.00427926,0.00366971,0.00319691,0.00282352,0.00252377,0.00227952,0.00207782,0.00190915,0.00176655,0.00164474,0.00153973,0.00144842,0.0013684,0.00129778,0.00123503,0.00117894,0.00112851,0.00108294,0.00104156,0.00100381,0.000969231,0.000937433,0.000908085,0.000880905,0.000855653,0.000832123,0.000810136,0.000789536,0.00077019,0.000751978,0.000734797,0.000718555,0.000703172,0.000688575,0.000674701,0.000661492,0.000648898,0.000636872,0.000625373,0.000614364,0.00060381,0.000593682,0.000583951,0.000574592,0.000565581
4.09171e-06,0.600329,0.461576,0.316631,0.205168,0.130341,0.0831486,0.0540697,0.0361582,0.0249786,0.0178519,0.0131922,0.0100618,0.00790058,0.00636838,0.00525449,0.00442553,0.00379513,0.00330617,0.00292002,0.00261002,0.00235742,0.00214883,0.00197439,0.00182691,0.00170094,0.00159234,0.00149791,0.00141516,0.00134212,0.00127723,0.00121922,0.00116707,0.00111994,0.00107714,0.00103811,0.00100235,0.000969461,0.00093911,0.000911001,0.000884887,0.000860553,0.000837814,0.000816511,0.000796503,0.000777669,0.000759901,0.000743104,0.000727195,0.0007121,0.000697752,0.000684092,0.000671067,0.00065863,0.000646739,0.000635353,0.000624439,0.000613965,0.000603901,0.000594222,0.000584904
4.23149e-06,0.621758,0.477915,0.327728,0.212299,0.134845,0.0860109,0.0559264,0.0373979,0.0258341,0.0184629,0.0136435,0.0104059,0.00817073,0.00658611,0.00543412,0.0045768,0.00392485,0.00341917,0.00301981,0.00269922,0.00243798,0.00222226,0.00204186,0.00188934,0.00175906,0.00164675,0.00154909,0.00146351,0.00138798,0.00132087,0.00126087,0.00120694,0.0011582,0.00111395,0.00107357,0.00103659,0.00100258,0.000971195,0.000942126,0.000915119,0.000889954,0.000866438,0.000844407,0.000823716,0.000804238,0.000785863,0.000768492,0.00075204,0.000736429,0.00072159,0.000707464,0.000693994,0.000681132,0.000668834,0.00065706,0.000645773,0.000634941,0.000624534,0.000614524,0.000604887
4.37604e-06,0.643986,0.494852,0.339224,0.219683,0.139507,0.0889726,0.0578472,0.0386802,0.026719,0.0190949,0.0141103,0.0107618,0.00845013,0.00681128,0.00561988,0.00473324,0.004059,0.00353603,0.00312302,0.00279146,0.0025213,0.0022982,0.00211164,0.0019539,0.00181917,0.00170301,0.00160202,0.00151352,0.0014354,0.001366,0.00130395,0.00124818,0.00119778,0.00115201,0.00111025,0.00107201,0.00103684,0.00100438,0.000974315,0.000946385,0.00092036,0.00089604,0.000873256,0.000851858,0.000831715,0.000812712,0.000794748,0.000777733,0.000761589,0.000746243,0.000731634,0.000717704,0.000704403,0.000691685,0.000679508,0.000667836,0.000656633,0.00064587,0.000635519,0.000625553
4.52553e-06,0.667046,0.512413,0.351134,0.227329,0.144332,0.092037,0.0598344,0.0400067,0.0276343,0.0197485,0.0145931,0.0111299,0.00873909,0.00704416,0.00581201,0.00489504,0.00419774,0.00365689,0.00322976,0.00288686,0.00260746,0.00237674,0.0021838,0.00202067,0.00188133,0.00176121,0.00165676,0.00156523,0.00148445,0.00141267,0.00134851,0.00129083,0.0012387,0.00119137,0.00114819,0.00110863,0.00107226,0.00103869,0.0010076,0.000978718,0.000951804,0.000926654,0.000903091,0.000880962,0.00086013,0.000840478,0.0008219,0.000804305,0.000787608,0.000771739,0.00075663,0.000742225,0.000728469,0.000715316,0.000702723,0.000690652,0.000679067,0.000667936,0.000657231,0.000646925
4.68013e-06,0.69097,0.53062,0.363474,0.235245,0.149326,0.0952079,0.0618902,0.0413789,0.0285811,0.0204246,0.0150924,0.0115106,0.00903794,0.00728501,0.0060107,0.00506237,0.00434122,0.00378188,0.00334014,0.00298553,0.00269657,0.00245796,0.00225842,0.00208972,0.00194562,0.00182139,0.00171337,0.00161871,0.00153517,0.00146094,0.00139458,0.00133493,0.00128102,0.00123207,0.00118742,0.00114651,0.0011089,0.00107418,0.00104203,0.00101216,0.000984322,0.000958313,0.000933946,0.00091106,0.000889517,0.000869194,0.000849981,0.000831784,0.000814517,0.000798105,0.000782481,0.000767583,0.000753357,0.000739755,0.000726732,0.000714248,0.000702267,0.000690756,0.000679685,0.000669027
4.84001e-06,0.715796,0.549501,0.37626,0.243443,0.154495,0.098489,0.064017,0.0427983,0.0295603,0.0211239,0.0156089,0.0119044,0.00934703,0.00753411,0.0062162,0.00523543,0.00448961,0.00391114,0.0034543,0.00308756,0.00278873,0.00254196,0.0023356,0.00216113,0.0020121,0.00188362,0.00177192,0.00167402,0.00158762,0.00151086,0.00144223,0.00138054,0.00132479,0.00127417,0.00122799,0.00118569,0.00114678,0.00111088,0.00107763,0.00104674,0.00101795,0.000991055,0.000965855,0.000942188,0.000919908,0.00089889,0.000879021,0.000860202,0.000842345,0.000825373,0.000809215,0.000793808,0.000779096,0.000765028,0.000751561,0.00073865,0.00072626,0.000714356,0.000702907,0.000691884
5.00535e-06,0.741558,0.569081,0.38951,0.251932,0.159845,0.101884,0.0662174,0.0442666,0.0305733,0.0218471,0.016143,0.0123116,0.00966669,0.00779172,0.00642872,0.0054144,0.00464308,0.00404483,0.00357237,0.00319309,0.00288404,0.00262883,0.00241542,0.00223498,0.00208086,0.00194799,0.00183246,0.00173122,0.00164187,0.00156248,0.00149151,0.00142771,0.00137006,0.0013177,0.00126994,0.0012262,0.00118597,0.00114884,0.00111445,0.0010825,0.00105273,0.00102492,0.000998854,0.000974378,0.000951337,0.000929601,0.000909053,0.000889591,0.000871125,0.000853572,0.000836861,0.000820928,0.000805714,0.000791166,0.000777238,0.000763887,0.000751073,0.000738762,0.000726921,0.000715523
5.17634e-06,0.768297,0.589389,0.403241,0.260724,0.165383,0.105398,0.0684939,0.0457855,0.031621,0.0225952,0.0166955,0.0127328,0.00999731,0.00805816,0.00664852,0.0055995,0.0048018,0.00418308,0.00369447,0.00330222,0.00298261,0.00271867,0.00249796,0.00231136,0.00215197,0.00201456,0.00189508,0.00179038,0.00169797,0.00161587,0.00154247,0.00147649,0.00141687,0.00136272,0.00131333,0.00126809,0.00122649,0.00118809,0.00115253,0.00111949,0.0010887,0.00105993,0.00103298,0.00100767,0.000983841,0.000961361,0.000940112,0.000919985,0.000900887,0.000882734,0.000865453,0.000848975,0.000833241,0.000818197,0.000803793,0.000789985,0.000776734,0.000764002,0.000751757,0.000739968
5.35318e-06,0.796053,0.610454,0.417471,0.269829,0.171116,0.109033,0.0708492,0.0473568,0.0327048,0.023369,0.0172669,0.0131684,0.0103392,0.00833371,0.00687584,0.00579093,0.00496594,0.00432607,0.00382075,0.00341509,0.00308454,0.00281158,0.00258333,0.00239034,0.00222551,0.0020834,0.00195984,0.00185156,0.00175599,0.00167108,0.00159518,0.00152694,0.00146528,0.00140928,0.00135821,0.00131142,0.00126839,0.00122868,0.0011919,0.00115774,0.0011259,0.00109615,0.00106827,0.0010421,0.00101745,0.000994207,0.000972231,0.000951416,0.000931666,0.000912894,0.000895022,0.000877981,0.000861709,0.000846151,0.000831255,0.000816976,0.000803271,0.000790105,0.000777441,0.000765249
5.53605e-06,0.824868,0.632307,0.43222,0.279259,0.17705,0.112796,0.073286,0.0489822,0.0338258,0.0241693,0.0178579,0.0136189,0.0106929,0.0086187,0.00711093,0.00598891,0.0051357,0.00447395,0.00395134,0.00353181,0.00318997,0.00290767,0.00267162,0.00247203,0.00230156,0.00215459,0.0020268,0.00191483,0.00181599,0.00172818,0.00164968,0.00157912,0.00151535,0.00145744,0.00140461,0.00135623,0.00131173,0.00127066,0.00123263,0.00119729,0.00116436,0.0011336,0.00110477,0.0010777,0.00105222,0.00102818,0.00100545,0.000983923,0.000963497,0.000944083,0.000925601,0.000907978,0.00089115,0.00087506,0.000859655,0.000844888,0.000830715,0.000817099,0.000804003,0.000791394
5.72517e-06,0.854788,0.654979,0.447509,0.289027,0.183194,0.116689,0.0758073,0.0506637,0.0349854,0.0249971,0.0184692,0.0140849,0.0110586,0.00891344,0.00735408,0.00619366,0.00531127,0.00462688,0.00408641,0.00365253,0.00329899,0.00300705,0.00276292,0.00255651,0.00238021,0.00222822,0.00209606,0.00198026,0.00187804,0.00178723,0.00170605,0.00163307,0.00156712,0.00150723,0.0014526,0.00140256,0.00135655,0.00131408,0.00127474,0.0012382,0.00120415,0.00117233,0.00114252,0.00111452,0.00108817,0.0010633,0.0010398,0.00101754,0.000996417,0.000976339,0.000957225,0.000938999,0.000921597,0.000904957,0.000889026,0.000873754,0.000859097,0.000845016,0.000831472,0.000818433
5.92075e-06,0.885858,0.678504,0.463357,0.299144,0.189554,0.120718,0.0784159,0.0524032,0.0361849,0.0258534,0.0191014,0.0145669,0.0114369,0.00921828,0.00760554,0.00640542,0.00549284,0.00478505,0.00422609,0.00377737,0.00341175,0.00310982,0.00285734,0.00264388,0.00246155,0.00230436,0.00216769,0.00204792,0.00194222,0.0018483,0.00176435,0.00168887,0.00162067,0.00155873,0.00150224,0.00145049,0.0014029,0.00135897,0.0013183,0.0012805,0.00124529,0.00121238,0.00118155,0.0011526,0.00112535,0.00109963,0.00107533,0.0010523,0.00103046,0.0010097,0.000989929,0.000971081,0.000953085,0.000935876,0.0009194,0.000903606,0.000888449,0.000873886,0.00085988,0.000846395
6.12301e-06,0.918128,0.702917,0.479787,0.309625,0.196139,0.124888,0.0811149,0.0542028,0.0374257,0.026739,0.0197553,0.0150653,0.0118282,0.00953355,0.00786561,0.00662443,0.00568063,0.00494862,0.00437055,0.00390649,0.00352836,0.00321611,0.002955,0.00273423,0.00254567,0.00238311,0.00224177,0.00211791,0.00200858,0.00191146,0.00182463,0.00174658,0.00167604,0.00161199,0.00155357,0.00150005,0.00145083,0.00140541,0.00136334,0.00132425,0.00128784,0.00125381,0.00122192,0.00119198,0.00116379,0.0011372,0.00111207,0.00108826,0.00106567,0.00104419,0.00102375,0.00100426,0.000985647,0.000967851,0.000950812,0.000934479,0.000918804,0.000903743,0.000889258,0.000875313
6.33218e-06,0.95165,0.728254,0.496822,0.320482,0.202956,0.129204,0.0839075,0.0560644,0.0387092,0.0276551,0.0204317,0.0155809,0.0122328,0.00985962,0.00813459,0.00685093,0.00587484,0.0051178,0.00451995,0.00404002,0.00364896,0.00332603,0.00305599,0.00282768,0.00263267,0.00246455,0.00231837,0.00219028,0.00207722,0.00197677,0.00188698,0.00180626,0.00173331,0.00166707,0.00160665,0.0015513,0.0015004,0.00145342,0.00140992,0.0013695,0.00133184,0.00129665,0.00126367,0.00123271,0.00120356,0.00117606,0.00115006,0.00112544,0.00110208,0.00107987,0.00105873,0.00103857,0.00101932,0.00100092,0.000983298,0.000966406,0.000950196,0.000934621,0.000919641,0.000905219
6.5485e-06,0.986478,0.754554,0.514486,0.33173,0.210015,0.133671,0.0867971,0.0579904,0.0400368,0.0286026,0.0211313,0.0161141,0.0126513,0.0101968,0.00841277,0.00708518,0.0060757,0.00529276,0.00467446,0.00417811,0.00377369,0.00343971,0.00316044,0.00292432,0.00272264,0.00254877,0.0023976,0.00226512,0.0021482,0.00204432,0.00195146,0.00186798,0.00179254,0.00172403,0.00166155,0.00160431,0.00155167,0.00150309,0.00145809,0.00141629,0.00137734,0.00134095,0.00130685,0.00127483,0.00124468,0.00121624,0.00118936,0.00116389,0.00113973,0.00111677,0.0010949,0.00107406,0.00105415,0.00103512,0.00101689,0.000999425,0.00098266,0.000966554,0.000951062,0.000936147
6.77221e-06,1.02267,0.781858,0.532803,0.343384,0.217323,0.138294,0.089787,0.059983,0.0414102,0.0295828,0.0218549,0.0166656,0.0130841,0.0105456,0.00870047,0.00732745,0.00628343,0.0054737,0.00483426,0.00432093,0.00390268,0.00355728,0.00326846,0.00302426,0.00281569,0.00263587,0.00247953,0.00234253,0.00222161,0.00211418,0.00201814,0.00193181,0.00185379,0.00178294,0.00171832,0.00165912,0.00160469,0.00155444,0.00150791,0.00146469,0.0014244,0.00138677,0.0013515,0.00131838,0.00128721,0.0012578,0.00122999,0.00120366,0.00117867,0.00115492,0.00113231,0.00111075,0.00109017,0.00107048,0.00105164,0.00103357,0.00101623,0.000999577,0.000983556,0.000968132
7.00356e-06,1.06028,0.810207,0.5518,0.355459,0.224891,0.143079,0.0928807,0.0620444,0.042831,0.0305966,0.0226033,0.0172361,0.0135318,0.0109064,0.00899803,0.00757801,0.00649827,0.00566084,0.00499952,0.00446864,0.00403608,0.00367887,0.00338017,0.00312762,0.00291192,0.00272595,0.00256427,0.00242258,0.00229753,0.00218642,0.0020871,0.00199782,0.00191713,0.00184386,0.00177703,0.00171581,0.00165952,0.00160756,0.00155944,0.00151473,0.00147307,0.00143415,0.00139768,0.00136343,0.00133119,0.00130077,0.00127202,0.00124478,0.00121894,0.00119438,0.001171,0.0011487,0.00112741,0.00110706,0.00108757,0.00106889,0.00105096,0.00103373,0.00101716,0.00100121
7.24281e-06,1.09938,0.839646,0.571504,0.367971,0.232728,0.148031,0.0960821,0.064177,0.0443006,0.0316452,0.0233774,0.0178261,0.0139948,0.0112794,0.00930577,0.00783715,0.00672046,0.00585438,0.00517044,0.0046214,0.00417404,0.00380462,0.0034957,0.00323452,0.00301144,0.00281911,0.0026519,0.00250537,0.00237604,0.00226113,0.00215842,0.00206608,0.00198264,0.00190687,0.00183775,0.00177444,0.00171622,0.00166248,0.00161272,0.00156649,0.0015234,0.00148315,0.00144543,0.00141001,0.00137667,0.00134521,0.00131548,0.00128731,0.00126059,0.00123519,0.00121101,0.00118795,0.00116593,0.00114488,0.00112473,0.00110541,0.00108686,0.00106905,0.00105191,0.00103542
7.49024e-06,1.14003,0.870221,0.591944,0.380938,0.240843,0.153158,0.0993948,0.0663835,0.045821,0.03273,0.0241781,0.0184363,0.0144737,0.0116653,0.00962405,0.00810516,0.00695025,0.00605454,0.0053472,0.00477938,0.00431672,0.00393466,0.00361518,0.00334507,0.00311436,0.00291546,0.00274252,0.00259098,0.00245723,0.0023384,0.00223218,0.00213668,0.00205039,0.00197203,0.00190055,0.00183507,0.00177486,0.00171929,0.00166782,0.00162001,0.00157546,0.00153382,0.00149482,0.00145819,0.00142371,0.00139118,0.00136043,0.0013313,0.00130366,0.00127739,0.00125239,0.00122854,0.00120577,0.001184,0.00116316,0.00114317,0.001124,0.00110557,0.00108785,0.00107079
7.74611e-06,1.1823,0.901981,0.613148,0.394375,0.249247,0.158464,0.102823,0.0686663,0.0473937,0.033852,0.0250063,0.0190674,0.014969,0.0120644,0.00995323,0.00838235,0.00718791,0.00626155,0.00553001,0.00494277,0.00446429,0.00406916,0.00373875,0.0034594,0.0032208,0.0030151,0.00283625,0.00267953,0.0025412,0.00241831,0.00230845,0.0022097,0.00212045,0.00203941,0.00196549,0.00189777,0.00183551,0.00177803,0.00172481,0.00167536,0.00162929,0.00158623,0.0015459,0.00150801,0.00147235,0.00143871,0.00140691,0.00137679,0.00134821,0.00132104,0.00129518,0.00127052,0.00124697,0.00122445,0.0012029,0.00118223,0.0011624,0.00114335,0.00112502,0.00110738
8.01073e-06,1.22627,0.934978,0.635148,0.408303,0.257951,0.163957,0.10637,0.0710282,0.0490208,0.0350127,0.0258629,0.0197202,0.0154813,0.0124771,0.0102937,0.00866902,0.0074337,0.00647565,0.00571908,0.00511175,0.0046169,0.00420826,0.00386655,0.00357764,0.00333088,0.00311814,0.00293318,0.0027711,0.00262805,0.00250095,0.00238734,0.0022852,0.00219291,0.0021091,0.00203265,0.00196262,0.00189822,0.00183879,0.00178375,0.00173261,0.00168496,0.00164043,0.00159872,0.00155954,0.00152266,0.00148787,0.00145498,0.00142383,0.00139427,0.00136618,0.00133943,0.00131393,0.00128957,0.00126629,0.001244,0.00122263,0.00120212,0.00118241,0.00116346,0.00114522
8.28439e-06,1.272,0.969264,0.657978,0.422738,0.266965,0.169643,0.110041,0.0734719,0.0507039,0.0362133,0.026749,0.0203955,0.0160112,0.012904,0.0106458,0.00896551,0.00768791,0.00669707,0.00591462,0.00528651,0.00477473,0.00435211,0.00399871,0.00369992,0.00344472,0.00322471,0.00303342,0.0028658,0.00271786,0.00258641,0.00246892,0.00236329,0.00226784,0.00218117,0.00210211,0.00202968,0.00196308,0.00190162,0.00184469,0.00179181,0.00174253,0.00169648,0.00165334,0.00161283,0.00157469,0.00153871,0.00150469,0.00147248,0.00144191,0.00141285,0.00138519,0.00135882,0.00133364,0.00130956,0.0012865,0.0012644,0.00124319,0.00122281,0.00120321,0.00118435
8.5674e-06,1.3196,1.0049,0.68167,0.437702,0.276303,0.175529,0.11384,0.0760003,0.0524451,0.0374552,0.0276655,0.0210939,0.0165592,0.0133456,0.01101,0.00927215,0.00795082,0.00692607,0.00611685,0.00546725,0.00493796,0.00450089,0.0041354,0.00382639,0.00356246,0.00333493,0.0031371,0.00296374,0.00281074,0.0026748,0.00255329,0.00244405,0.00234534,0.0022557,0.00217394,0.00209904,0.00203016,0.0019666,0.00190773,0.00185303,0.00180207,0.00175445,0.00170984,0.00166794,0.00162849,0.00159128,0.00155611,0.00152279,0.00149118,0.00146113,0.00143252,0.00140525,0.0013792,0.0013543,0.00133046,0.0013076,0.00128567,0.00126459,0.00124433,0.00122481
8.86008e-06,1.36913,1.04194,0.706261,0.453216,0.285974,0.181623,0.117772,0.0786163,0.0542465,0.0387399,0.0286135,0.0218162,0.017126,0.0138022,0.0113866,0.00958929,0.00822273,0.00716291,0.006326,0.00565417,0.00510678,0.00465475,0.00427676,0.00395718,0.00368422,0.00344891,0.00324431,0.00306503,0.00290679,0.00276621,0.00264054,0.00252757,0.00242548,0.00233278,0.00224822,0.00217076,0.00209954,0.00203379,0.00197291,0.00191635,0.00186365,0.0018144,0.00176826,0.00172493,0.00168414,0.00164565,0.00160928,0.00157482,0.00154213,0.00151105,0.00148147,0.00145326,0.00142633,0.00140057,0.00137592,0.00135228,0.0013296,0.0013078,0.00128684,0.00126666
9.16275e-06,1.4207,1.08044,0.731788,0.469299,0.295992,0.187932,0.121841,0.0813231,0.0561101,0.0400688,0.0295941,0.0225634,0.0177123,0.0142746,0.0117762,0.0099173,0.00850395,0.00740785,0.00654231,0.0058475,0.00528137,0.00481388,0.00442296,0.00409245,0.00381015,0.00356679,0.00335519,0.00316978,0.00300613,0.00286074,0.00273078,0.00261395,0.00250837,0.0024125,0.00232505,0.00224494,0.00217128,0.00210329,0.00204033,0.00198183,0.00192733,0.0018764,0.00182868,0.00178387,0.00174168,0.00170188,0.00166426,0.00162863,0.00159482,0.00156268,0.00153209,0.00150292,0.00147506,0.00144843,0.00142293,0.00139849,0.00137503,0.00135249,0.00133081,0.00130994
9.47576e-06,1.47439,1.12049,0.75829,0.485976,0.306371,0.194464,0.126052,0.0841238,0.0580381,0.0414436,0.0306084,0.0233362,0.0183186,0.0147631,0.0121791,0.0102565,0.0087948,0.00766118,0.00676601,0.00604743,0.00546194,0.00497845,0.00457415,0.00423234,0.00394039,0.0036887,0.00346987,0.00327811,0.00310887,0.00295851,0.0028241,0.00270327,0.00259409,0.00249494,0.0024045,0.00232165,0.00224547,0.00217516,0.00211005,0.00204955,0.00199318,0.00194051,0.00189116,0.00184482,0.00180119,0.00176004,0.00172113,0.00168428,0.00164931,0.00161608,0.00158444,0.00155427,0.00152546,0.00149792,0.00147155,0.00144627,0.00142201,0.0013987,0.00137628,0.0013547
9.79947e-06,1.53031,1.16213,0.785809,0.503269,0.317123,0.201227,0.13041,0.0870218,0.0600327,0.0428657,0.0316577,0.0241355,0.0189458,0.0152683,0.0125958,0.0106074,0.00909561,0.00792319,0.00699738,0.00625421,0.00564868,0.00514865,0.00473052,0.00437701,0.00407508,0.00381478,0.00358846,0.00339015,0.00321512,0.00305961,0.00292061,0.00279565,0.00268273,0.00258019,0.00248666,0.00240099,0.0023222,0.00224949,0.00218215,0.00211959,0.00206129,0.00200682,0.00195579,0.00190786,0.00186274,0.00182017,0.00177994,0.00174183,0.00170567,0.0016713,0.00163858,0.00160738,0.00157759,0.0015491,0.00152183,0.00149569,0.0014706,0.00144649,0.00142331,0.00140099
1.01342e-05,1.58857,1.20546,0.814387,0.521203,0.328263,0.20823,0.134921,0.0900205,0.0620963,0.0443368,0.032743,0.0249624,0.0195945,0.0157909,0.0130268,0.0109703,0.00940672,0.00819416,0.00723667,0.00646806,0.00584182,0.00532468,0.00489224,0.00452664,0.00421437,0.00394517,0.00371111,0.00350602,0.003325,0.00316418,0.00302042,0.00289119,0.00277441,0.00266837,0.00257164,0.00248303,0.00240156,0.00232636,0.00225671,0.00219201,0.00213173,0.00207539,0.00202261,0.00197305,0.00192639,0.00188237,0.00184076,0.00180135,0.00176395,0.00172841,0.00169457,0.0016623,0.00163149,0.00160203,0.00157383,0.00154679,0.00152085,0.00149592,0.00147194,0.00144886
1.04804e-05,1.64928,1.25054,0.84407,0.539804,0.339805,0.21548,0.13959,0.0931235,0.0642313,0.0458586,0.0338656,0.0258176,0.0202654,0.0163314,0.0134725,0.0113456,0.00972848,0.00847441,0.00748415,0.00668924,0.00604156,0.00550672,0.0050595,0.00468138,0.00435843,0.00408002,0.00383796,0.00362585,0.00343864,0.00327232,0.00312364,0.00299,0.00286922,0.00275955,0.00265952,0.00256788,0.00248362,0.00240585,0.00233383,0.00226692,0.00220457,0.00214631,0.00209173,0.00204047,0.00199221,0.00194669,0.00190366,0.0018629,0.00182422,0.00178747,0.00175247,0.0017191,0.00168724,0.00165677,0.00162761,0.00159965,0.00157281,0.00154703,0.00152223,0.00149836
1.08385e-05,1.71256,1.29746,0.874907,0.559098,0.351766,0.222989,0.144423,0.0963343,0.0664402,0.047433,0.0350269,0.0267022,0.0209594,0.0168905,0.0139336,0.0117338,0.0100613,0.00876426,0.0077401,0.00691798,0.00624814,0.005695,0.00523247,0.00484142,0.00450742,0.00421948,0.00396914,0.00374977,0.00355616,0.00338415,0.0032304,0.00309218,0.00296728,0.00285386,0.0027504,0.00265564,0.00256849,0.00248806,0.00241358,0.00234438,0.0022799,0.00221965,0.0021632,0.00211019,0.00206029,0.00201321,0.00196871,0.00192655,0.00188656,0.00184854,0.00181235,0.00177784,0.00174489,0.00171339,0.00168322,0.0016543,0.00162655,0.00159989,0.00157425,0.00154956
1.12087e-05,1.77854,1.34629,0.906945,0.579113,0.36416,0.230764,0.149426,0.099657,0.0687255,0.0490617,0.0362281,0.0276172,0.0216772,0.0174687,0.0144104,0.0121352,0.0104055,0.00906404,0.00800482,0.00715456,0.00646179,0.00588972,0.00541136,0.00500693,0.0046615,0.00436372,0.00410481,0.00387794,0.00367771,0.00349982,0.0033408,0.00319786,0.00306868,0.00295139,0.00284439,0.00274639,0.00265626,0.00257309,0.00249606,0.00242449,0.00235781,0.0022955,0.00223712,0.0021823,0.00213069,0.002082,0.00203598,0.00199238,0.00195102,0.00191171,0.00187428,0.00183859,0.00180451,0.00177193,0.00174074,0.00171083,0.00168213,0.00165456,0.00162804,0.00160251
1.15916e-05,1.84735,1.39715,0.940239,0.599879,0.377004,0.238816,0.154604,0.103095,0.0710901,0.0507465,0.0374708,0.0285636,0.0224197,0.0180667,0.0149036,0.0125504,0.0107614,0.00937408,0.00827859,0.00739924,0.00668275,0.00609111,0.00559638,0.00517811,0.00482086,0.00451288,0.00424512,0.00401049,0.00380341,0.00361943,0.00345498,0.00330714,0.00317355,0.00305225,0.0029416,0.00284024,0.00274704,0.00266102,0.00258135,0.00250734,0.00243838,0.00237394,0.00231357,0.00225687,0.0022035,0.00215314,0.00210555,0.00206047,0.00201769,0.00197703,0.00193832,0.00190142,0.00186617,0.00183248,0.00180022,0.00176929,0.00173961,0.0017111,0.00168367,0.00165726
1.19876e-05,1.91914,1.45011,0.974843,0.621427,0.390317,0.247156,0.159964,0.106654,0.0735366,0.0524896,0.0387562,0.0295427,0.0231876,0.0186853,0.0154137,0.0129799,0.0111296,0.00969474,0.00856175,0.00765229,0.00691128,0.00629938,0.00578772,0.00535514,0.00498566,0.00466715,0.00439023,0.00414757,0.00393341,0.00374314,0.00357306,0.00342017,0.00328201,0.00315656,0.00304212,0.0029373,0.00284091,0.00275195,0.00266956,0.00259302,0.0025217,0.00245506,0.00239263,0.00233399,0.00227879,0.00222672,0.0021775,0.00213087,0.00208663,0.00204459,0.00200456,0.00196639,0.00192994,0.00189509,0.00186173,0.00182975,0.00179905,0.00176956,0.0017412,0.00171389
1.23971e-05,1.99406,1.50528,1.01082,0.643788,0.404116,0.255792,0.165513,0.110336,0.076068,0.0542929,0.0400859,0.0305553,0.023982,0.0193251,0.0159414,0.0134241,0.0115104,0.0100264,0.0088546,0.007914,0.00714763,0.00651479,0.00598562,0.00553822,0.00515611,0.0048267,0.0045403,0.00428934,0.00406785,0.00387107,0.00369518,0.00353706,0.00339418,0.00326443,0.00314609,0.00303768,0.002938,0.00284599,0.00276079,0.00268163,0.00260788,0.00253896,0.00247439,0.00241375,0.00235666,0.00230281,0.0022519,0.00220369,0.00215794,0.00211445,0.00207305,0.00203358,0.00199589,0.00195985,0.00192535,0.00189227,0.00186053,0.00183003,0.0018007,0.00177246
1.28206e-05,2.07227,1.56277,1.04822,0.666996,0.418419,0.264738,0.171257,0.114147,0.0786871,0.0561585,0.0414614,0.0316029,0.0248036,0.0199869,0.0164871,0.0138835,0.0119042,0.0103694,0.00915748,0.00818468,0.00739207,0.00673757,0.00619028,0.00572758,0.00533239,0.0049917,0.0046955,0.00443596,0.00420689,0.00400338,0.00382147,0.00365795,0.00351018,0.003376,0.00325361,0.00314149,0.0030384,0.00294325,0.00285514,0.00277327,0.00269699,0.00262572,0.00255894,0.00249623,0.00243719,0.0023815,0.00232885,0.00227899,0.00223168,0.00218671,0.00214389,0.00210307,0.00206409,0.00202682,0.00199114,0.00195693,0.0019241,0.00189256,0.00186223,0.00183302
1.32586e-05,2.15394,1.6227,1.08711,0.691087,0.433248,0.274005,0.177204,0.118091,0.0813972,0.0580885,0.0428844,0.0326864,0.0256535,0.0206713,0.0170515,0.0143587,0.0123116,0.0107242,0.00947074,0.00846463,0.00764488,0.00696798,0.00640195,0.00592341,0.00551469,0.00516235,0.00485601,0.00458759,0.00435069,0.00414022,0.00395209,0.00378297,0.00363015,0.00349138,0.0033648,0.00324886,0.00314224,0.00304384,0.00295271,0.00286805,0.00278916,0.00271545,0.00264639,0.00258153,0.00252048,0.00246288,0.00240844,0.00235687,0.00230794,0.00226143,0.00221715,0.00217494,0.00213463,0.00209608,0.00205918,0.0020238,0.00198985,0.00195723,0.00192586,0.00189566
1.37115e-05,2.23925,1.68517,1.12757,0.716097,0.448621,0.283603,0.183362,0.122173,0.0842013,0.0600854,0.0443564,0.0338073,0.0265325,0.0213793,0.0176353,0.0148501,0.0127329,0.0110911,0.00979472,0.00875416,0.00790635,0.00720627,0.00662087,0.00612595,0.00570324,0.00533884,0.00502202,0.00474441,0.0044994,0.00428173,0.00408717,0.00391227,0.00375422,0.0036107,0.0034798,0.00335989,0.00324962,0.00314786,0.00305361,0.00296606,0.00288448,0.00280824,0.00273682,0.00266975,0.00260661,0.00254705,0.00249074,0.00243741,0.00238681,0.00233871,0.00229292,0.00224926,0.00220757,0.00216771,0.00212954,0.00209296,0.00205785,0.00202412,0.00199167,0.00196044
1.418e-05,2.3284,1.75033,1.16967,0.742064,0.464561,0.293547,0.189736,0.126398,0.087103,0.0621513,0.0458792,0.0349667,0.0274418,0.0221116,0.0182391,0.0153584,0.0131686,0.0114706,0.0101298,0.00905361,0.00817677,0.00745272,0.00684728,0.00633541,0.00589824,0.00552136,0.0051937,0.00490659,0.0046532,0.00442809,0.00422687,0.00404598,0.00388253,0.00373411,0.00359872,0.00347471,0.00336068,0.00325544,0.00315797,0.00306742,0.00298305,0.00290421,0.00283035,0.00276098,0.00269569,0.00263409,0.00257585,0.0025207,0.00246837,0.00241863,0.00237127,0.00232612,0.00228301,0.00224178,0.00220231,0.00216448,0.00212817,0.00209328,0.00205973,0.00202743
1.46644e-05,2.42159,1.81831,1.21347,0.769031,0.481091,0.303849,0.196337,0.13077,0.0901055,0.0642887,0.0474546,0.0361661,0.0283823,0.0228691,0.0188636,0.0158842,0.0136193,0.0118631,0.0104764,0.00936332,0.00845645,0.00770761,0.00708144,0.00655205,0.00609991,0.00571014,0.00537126,0.00507433,0.00481227,0.00457945,0.00437134,0.00418427,0.00401523,0.00386173,0.00372172,0.00359347,0.00347554,0.00336669,0.00326589,0.00317225,0.00308499,0.00300346,0.00292707,0.00285534,0.00278781,0.0027241,0.00266388,0.00260684,0.00255272,0.00250128,0.0024523,0.00240561,0.00236102,0.00231839,0.00227757,0.00223844,0.00220089,0.00216481,0.00213012,0.00209671
1.51653e-05,2.51904,1.88924,1.25906,0.797038,0.498233,0.314522,0.203171,0.135296,0.0932125,0.0665001,0.0490843,0.0374067,0.0293552,0.0236525,0.0195096,0.016428,0.0140854,0.012269,0.0108348,0.00968364,0.00874572,0.00797123,0.00732361,0.0067761,0.00630848,0.00590537,0.00555489,0.0052478,0.00497677,0.00473599,0.00452076,0.00432729,0.00415246,0.00399372,0.00384892,0.00371628,0.00359432,0.00348175,0.00337751,0.00328066,0.00319042,0.0031061,0.00302711,0.00295292,0.00288308,0.00281719,0.00275491,0.00269592,0.00263995,0.00258675,0.00253611,0.00248781,0.0024417,0.00239761,0.0023554,0.00231494,0.0022761,0.00223879,0.00220291,0.00216836
1.56834e-05,2.62097,1.96329,1.30652,0.826131,0.516012,0.32558,0.210248,0.139981,0.0964276,0.0687882,0.0507703,0.0386902,0.0303616,0.0244629,0.0201777,0.0169904,0.0145675,0.0126889,0.0112055,0.0100149,0.00904488,0.00824387,0.00757408,0.00700782,0.00652419,0.00610728,0.00574481,0.0054272,0.0051469,0.00489788,0.00467529,0.0044752,0.0042944,0.00413022,0.00398047,0.0038433,0.00371716,0.00360075,0.00349294,0.00339278,0.00329946,0.00321225,0.00313056,0.00305383,0.00298161,0.00291347,0.00284906,0.00278805,0.00273017,0.00267515,0.00262277,0.00257283,0.00252514,0.00247955,0.00243589,0.00239404,0.00235388,0.0023153,0.00227819,0.00224246
1.62192e-05,2.72763,2.04061,1.35595,0.856357,0.534454,0.33704,0.217576,0.14483,0.0997548,0.0711556,0.0525145,0.0400178,0.0314026,0.0253011,0.0208688,0.0175721,0.0150662,0.0131231,0.011589,0.0103576,0.0093543,0.00852585,0.00783313,0.00724747,0.00674728,0.0063161,0.00594122,0.00561274,0.00532285,0.00506531,0.0048351,0.00462817,0.00444118,0.00427139,0.00411651,0.00397465,0.0038442,0.00372381,0.00361231,0.00350873,0.00341222,0.00332203,0.00323754,0.00315819,0.0030835,0.00301303,0.00294642,0.00288333,0.00282347,0.00276657,0.0027124,0.00266076,0.00261144,0.00256428,0.00251913,0.00247586,0.00243432,0.00239442,0.00235604,0.00231909
1.67732e-05,2.83929,2.12138,1.40743,0.887766,0.553585,0.348914,0.225165,0.149849,0.103198,0.073605,0.0543191,0.0413912,0.0324794,0.0261682,0.0215837,0.0181738,0.0155819,0.0135723,0.0119855,0.010712,0.00967431,0.00881749,0.00810104,0.00749533,0.00697801,0.00653206,0.00614435,0.00580463,0.00550482,0.00523846,0.00500038,0.00478637,0.00459298,0.00441738,0.00425721,0.0041105,0.00397559,0.00385108,0.00373577,0.00362865,0.00352884,0.00343557,0.00334819,0.00326613,0.00318888,0.00311601,0.00304712,0.00298187,0.00291996,0.00286112,0.0028051,0.00275168,0.00270068,0.00265191,0.00260522,0.00256047,0.00251751,0.00247624,0.00243655,0.00239834
1.73462e-05,2.95622,2.20578,1.46107,0.920408,0.573433,0.361221,0.233024,0.155045,0.106761,0.0761395,0.056186,0.042812,0.0335933,0.027065,0.0223231,0.0187962,0.0161154,0.0140368,0.0123957,0.0110785,0.0100053,0.00911912,0.00837813,0.00775168,0.00721664,0.00675542,0.00635444,0.00600309,0.00569301,0.00541754,0.00517132,0.00494998,0.00474998,0.00456837,0.00440272,0.00425099,0.00411147,0.0039827,0.00386345,0.00375267,0.00364944,0.00355298,0.00346262,0.00337775,0.00329786,0.0032225,0.00315125,0.00308378,0.00301975,0.0029589,0.00290096,0.00284572,0.00279298,0.00274254,0.00269425,0.00264797,0.00260355,0.00256087,0.00251982,0.0024803
1.79388e-05,3.07869,2.29399,1.51697,0.95434,0.594029,0.373975,0.241164,0.160424,0.110449,0.0787619,0.0581174,0.0442818,0.0347455,0.0279927,0.0230878,0.0194399,0.0166672,0.0145173,0.0128199,0.0114576,0.0103476,0.00943108,0.00866471,0.0080168,0.00746344,0.00698643,0.00657171,0.00620834,0.00588765,0.00560275,0.0053481,0.00511919,0.00491235,0.00472453,0.00455321,0.00439629,0.004252,0.00411883,0.0039955,0.00388093,0.00377417,0.00367441,0.00358096,0.00349319,0.00341057,0.00333263,0.00325895,0.00318917,0.00312295,0.00306002,0.0030001,0.00294297,0.00288842,0.00283627,0.00278633,0.00273846,0.00269252,0.00264838,0.00260593,0.00256506
1.85516e-05,3.20703,2.38624,1.57525,0.989617,0.615401,0.387196,0.249595,0.165993,0.114265,0.0814754,0.0601157,0.0458023,0.0359374,0.0289524,0.0238789,0.0201057,0.0172378,0.0150143,0.0132587,0.0118497,0.0107017,0.00975373,0.0089611,0.008291,0.00771869,0.00722534,0.00679643,0.00642061,0.00608894,0.00579429,0.00553093,0.00529419,0.00508027,0.00488602,0.00470885,0.00454656,0.00439733,0.0042596,0.00413206,0.00401357,0.00390316,0.0038,0.00370335,0.00361258,0.00352713,0.00344653,0.00337033,0.00329816,0.00322968,0.0031646,0.00310263,0.00304355,0.00298714,0.0029332,0.00288155,0.00283205,0.00278454,0.00273889,0.00269499,0.00265272
1.91854e-05,3.34155,2.48273,1.63601,1.0263,0.637583,0.4009,0.258327,0.171758,0.118215,0.0842832,0.0621832,0.0473753,0.0371704,0.029945,0.0246971,0.0207944,0.0178281,0.0155283,0.0137125,0.0122552,0.0110679,0.0100874,0.00926765,0.00857459,0.00798267,0.00747243,0.00702883,0.00664014,0.00629712,0.00599239,0.00572001,0.00547517,0.00525393,0.00505304,0.0048698,0.00470197,0.00454763,0.0044052,0.00427329,0.00415075,0.00403656,0.00392987,0.00382992,0.00373604,0.00364768,0.00356432,0.00348551,0.00341088,0.00334006,0.00327275,0.00320867,0.00314757,0.00308922,0.00303344,0.00298003,0.00292883,0.0028797,0.00283249,0.00278709,0.00274338
1.98408e-05,3.48259,2.5837,1.6994,1.06446,0.660609,0.415107,0.267372,0.177727,0.122303,0.0871886,0.0643222,0.0490026,0.0384459,0.0309718,0.0255435,0.0215067,0.0184386,0.0160599,0.0141819,0.0126746,0.0114466,0.0104326,0.0095847,0.00886789,0.0082557,0.00772798,0.00726918,0.00686719,0.00651243,0.00619726,0.00591556,0.00566235,0.00543353,0.00522577,0.00503627,0.00486269,0.00470308,0.00455577,0.00441935,0.00429262,0.00417453,0.00406419,0.00396082,0.00386373,0.00377235,0.00368614,0.00360464,0.00352745,0.00345421,0.0033846,0.00331833,0.00325514,0.0031948,0.00313711,0.00308188,0.00302893,0.00297812,0.00292929,0.00288234,0.00283714
2.05186e-05,3.63051,2.6894,1.76553,1.10415,0.684513,0.429835,0.276742,0.183906,0.126535,0.0901952,0.0665355,0.0506861,0.0397653,0.0320339,0.026419,0.0222435,0.0190701,0.0166098,0.0146674,0.0131084,0.0118383,0.0107895,0.00991261,0.00917124,0.00853807,0.00799228,0.00751777,0.00710201,0.0067351,0.00640915,0.00611781,0.00585592,0.00561928,0.00540441,0.00520842,0.00502891,0.00486384,0.00471149,0.00457041,0.00443934,0.00431721,0.0042031,0.00409619,0.00399579,0.00390128,0.00381212,0.00372784,0.00364801,0.00357227,0.00350028,0.00343174,0.00336639,0.00330399,0.00324433,0.0031872,0.00313245,0.0030799,0.00302941,0.00298085,0.0029341
2.12195e-05,3.78568,2.80007,1.83455,1.14545,0.709332,0.445107,0.286449,0.190305,0.130914,0.0933064,0.0688254,0.0524278,0.0411302,0.0331326,0.0273246,0.0230057,0.0197233,0.0171786,0.0151696,0.0135571,0.0122435,0.0111587,0.0102518,0.00948498,0.00883012,0.00826562,0.00777487,0.00734487,0.0069654,0.00662828,0.00632697,0.00605612,0.00581138,0.00558916,0.00538647,0.00520081,0.00503009,0.00487254,0.00472663,0.00459108,0.00446478,0.00434676,0.0042362,0.00413236,0.00403462,0.00394241,0.00385525,0.00377269,0.00369436,0.00361991,0.00354903,0.00348144,0.00341691,0.00335521,0.00329613,0.0032395,0.00318516,0.00313294,0.00308272,0.00303437
2.19444e-05,3.94847,2.91601,1.90662,1.18844,0.735106,0.460944,0.296506,0.19693,0.135448,0.096526,0.0711947,0.0542297,0.0425423,0.0342691,0.0282613,0.023794,0.0203989,0.0177669,0.0156889,0.0140212,0.0126625,0.0115406,0.0106025,0.00980947,0.00913217,0.00854833,0.00804076,0.00759604,0.00720357,0.00685492,0.00654329,0.00626317,0.00601006,0.00578023,0.00557061,0.0053786,0.00520204,0.00503909,0.00488819,0.00474801,0.00461739,0.00449534,0.00438099,0.00427361,0.00417252,0.00407716,0.00398702,0.00390164,0.00382063,0.00374363,0.00367033,0.00360043,0.00353369,0.00346988,0.00340879,0.00335022,0.00329402,0.00324002,0.00318808,0.00313808
2.26941e-05,4.11927,3.0375,1.98188,1.23319,0.761874,0.477367,0.306926,0.20379,0.14014,0.0998579,0.0736462,0.0560939,0.044003,0.0354448,0.0292303,0.0246094,0.0210978,0.0183753,0.0162261,0.0145012,0.0130959,0.0119355,0.0109653,0.0101451,0.00944456,0.00884072,0.00831576,0.00785581,0.0074499,0.00708931,0.00676701,0.00647731,0.00621553,0.00597784,0.00576104,0.00556246,0.00537986,0.00521134,0.00505528,0.00491031,0.00477522,0.00464899,0.00453074,0.00441968,0.00431514,0.00421652,0.00412329,0.00403499,0.00395121,0.00387158,0.00379577,0.00372349,0.00365447,0.00358847,0.00352529,0.00346473,0.0034066,0.00335075,0.00329704,0.00324533
2.34693e-05,4.29849,3.16484,2.06051,1.27978,0.78968,0.494401,0.317723,0.210895,0.144997,0.103306,0.0761828,0.0580227,0.0455142,0.036661,0.0302326,0.0254529,0.0218206,0.0190047,0.0167818,0.0149977,0.0135442,0.012344,0.0113405,0.0104922,0.00976766,0.00914312,0.00860018,0.00812447,0.00770466,0.00733172,0.00699839,0.00669877,0.00642803,0.00618221,0.00595799,0.00575262,0.00556377,0.00538949,0.00522809,0.00507815,0.00493844,0.0048079,0.0046856,0.00457075,0.00446263,0.00436064,0.00426423,0.00417291,0.00408626,0.00400391,0.00392551,0.00385075,0.00377938,0.00371112,0.00364578,0.00358315,0.00352303,0.00346528,0.00340973,0.00335625
2.42711e-05,4.48651,3.29836,2.14269,1.32831,0.818569,0.512069,0.32891,0.218252,0.150025,0.106874,0.0788075,0.0600182,0.0470775,0.0379191,0.0312694,0.0263254,0.0225683,0.0196557,0.0173565,0.0155112,0.0140078,0.0127665,0.0117286,0.0108512,0.0101018,0.00945589,0.00889434,0.00840233,0.00796814,0.00758243,0.00723769,0.00692781,0.00664781,0.00639357,0.00616168,0.00594928,0.00575397,0.00557373,0.00540681,0.00525174,0.00510725,0.00497225,0.00484577,0.00472698,0.00461517,0.00450969,0.00440998,0.00431554,0.00422593,0.00414076,0.00405968,0.00398237,0.00390855,0.00383797,0.00377039,0.00370561,0.00364345,0.00358372,0.00352627,0.00347096
2.51002e-05,4.68375,3.43841,2.22861,1.37887,0.848587,0.530398,0.340504,0.225871,0.155231,0.110568,0.0815235,0.0620828,0.0486949,0.0392206,0.032342,0.0272278,0.0233416,0.0203291,0.0179509,0.0160423,0.0144874,0.0132035,0.01213,0.0112225,0.0104474,0.00977936,0.00919857,0.0086897,0.00824064,0.00784172,0.00748517,0.00716469,0.0068751,0.00661216,0.00637233,0.00615267,0.00595068,0.00576427,0.00559164,0.00543127,0.00528184,0.00514221,0.00501141,0.00488856,0.00477293,0.00466384,0.00456072,0.00446305,0.00437038,0.0042823,0.00419844,0.00411849,0.00404215,0.00396915,0.00389926,0.00383227,0.00376798,0.00370621,0.0036468,0.0035896
2.59577e-05,4.89056,3.58532,2.31847,1.43156,0.879785,0.549414,0.35252,0.233763,0.160619,0.11439,0.0843339,0.0642189,0.0503681,0.040567,0.0334514,0.0281613,0.0241416,0.0210256,0.0185658,0.0165917,0.0149834,0.0136555,0.0125452,0.0116065,0.0108049,0.0101139,0.00951322,0.00898692,0.00852247,0.00810989,0.00774113,0.00740967,0.00711017,0.00683823,0.0065902,0.00636302,0.00615412,0.00596133,0.00578279,0.00561694,0.00546239,0.00531799,0.00518272,0.00505567,0.00493608,0.00482326,0.00471661,0.00461561,0.00451977,0.00442867,0.00434195,0.00425926,0.00418031,0.00410482,0.00403254,0.00396326,0.00389677,0.00383288,0.00377144,0.00371229
2.68444e-05,5.10732,3.73946,2.41248,1.48648,0.912215,0.569146,0.364974,0.241936,0.166198,0.118346,0.0872421,0.0664291,0.0520992,0.0419598,0.0345991,0.029127,0.024969,0.021746,0.0192018,0.0171599,0.0154964,0.014123,0.0129746,0.0120037,0.0111746,0.0104599,0.00983865,0.00929431,0.00881396,0.00838724,0.00800585,0.00766304,0.00735329,0.00707204,0.00681552,0.00658056,0.00636451,0.00616513,0.00598048,0.00580895,0.00564913,0.00549979,0.00535988,0.00522849,0.00510481,0.00498813,0.00487784,0.00477338,0.00467426,0.00458005,0.00449037,0.00440485,0.0043232,0.00424513,0.00417038,0.00409873,0.00402996,0.00396389,0.00390035,0.00383918
2.77615e-05,5.33432,3.90122,2.51088,1.54374,0.945931,0.589623,0.377884,0.250402,0.171974,0.122441,0.0902515,0.0687159,0.0538901,0.0434007,0.0357864,0.0301259,0.025825,0.0224912,0.0198596,0.0177476,0.0160271,0.0146065,0.0134187,0.0124145,0.011557,0.0108178,0.0101752,0.00961223,0.00911542,0.00867409,0.00827964,0.00792509,0.00760473,0.00731385,0.00704855,0.00680555,0.00658211,0.0063759,0.00618494,0.00600754,0.00584225,0.0056878,0.00554311,0.00540722,0.00527931,0.00515865,0.00504458,0.00493655,0.00483404,0.00473661,0.00464386,0.00455542,0.00447098,0.00439023,0.00431293,0.00423883,0.00416771,0.00409939,0.00403367,0.00397041
2.87099e-05,5.57184,4.07097,2.6139,1.60346,0.980992,0.610874,0.391266,0.259172,0.177955,0.126679,0.0933658,0.0710821,0.055743,0.0448914,0.0370145,0.0311592,0.0267103,0.023262,0.02054,0.0183555,0.016576,0.0151066,0.013878,0.0128394,0.0119525,0.0111879,0.0105233,0.00994105,0.00942721,0.00897075,0.00856279,0.0081961,0.00786477,0.00756394,0.00728955,0.00703824,0.00680715,0.00659388,0.00639639,0.00621292,0.00604198,0.00588224,0.0057326,0.00559207,0.00545978,0.00533499,0.00521703,0.0051053,0.00499929,0.00489853,0.0048026,0.00471114,0.00462381,0.0045403,0.00446036,0.00438372,0.00431017,0.00423951,0.00417155,0.00410612
2.96906e-05,5.82006,4.24911,2.72181,1.66577,1.01746,0.632934,0.405139,0.268256,0.184147,0.131066,0.0965888,0.0735305,0.0576601,0.0464335,0.038285,0.0322281,0.0276262,0.0240593,0.0212438,0.0189843,0.0171437,0.0156239,0.0143531,0.0132789,0.0123615,0.0115708,0.0108834,0.0102811,0.00974967,0.00927758,0.00885564,0.00847639,0.00813372,0.00782258,0.00753881,0.00727889,0.00703989,0.00681933,0.00661508,0.00642533,0.00624854,0.00608334,0.00592858,0.00578324,0.00564643,0.00551737,0.00539537,0.00527982,0.00517018,0.00506598,0.00496677,0.00487218,0.00478186,0.0046955,0.00461282,0.00453357,0.00445751,0.00438443,0.00431415,0.00424648
3.07049e-05,6.07908,4.43601,2.83487,1.7308,1.05539,0.655836,0.419523,0.277668,0.190558,0.135607,0.0999241,0.0760638,0.0596435,0.0480289,0.0395994,0.0333338,0.0285735,0.024884,0.0219718,0.0196347,0.0177308,0.0161589,0.0148445,0.0137334,0.0127846,0.0119667,0.0112557,0.0106328,0.0100832,0.00959491,0.00915852,0.00876628,0.00841187,0.00809008,0.00779659,0.00752778,0.0072806,0.00705249,0.00684125,0.00664501,0.00646216,0.00629132,0.00613126,0.00598095,0.00583946,0.00570599,0.00557981,0.00546031,0.00534693,0.00523916,0.00513656,0.00503873,0.00494533,0.00485601,0.00477051,0.00468854,0.00460988,0.0045343,0.00446162,0.00439164
3.17538e-05,6.34887,4.63205,2.95337,1.79868,1.09487,0.679614,0.434439,0.287418,0.197197,0.140307,0.103376,0.0786853,0.0616957,0.0496795,0.040959,0.0344776,0.0295535,0.0257371,0.0227248,0.0203075,0.0183382,0.0167123,0.0153528,0.0142036,0.0132222,0.0123762,0.0116409,0.0109966,0.0104281,0.00992311,0.00947177,0.00906609,0.00869954,0.00836674,0.0080632,0.00778518,0.00752954,0.00729362,0.00707516,0.00687221,0.0066831,0.00650641,0.00634088,0.00618543,0.0060391,0.00590106,0.00577057,0.00564698,0.00552972,0.00541826,0.00531215,0.00521098,0.00511438,0.00502202,0.00493359,0.00484882,0.00476747,0.0046893,0.00461413,0.00454176
3.28386e-05,6.62927,4.83759,3.07762,1.86958,1.13595,0.704307,0.449906,0.297521,0.204073,0.145173,0.106948,0.0813978,0.063819,0.0513871,0.0423657,0.0356608,0.0305672,0.0266196,0.0235037,0.0210033,0.0189664,0.0172847,0.0158785,0.0146898,0.0136747,0.0127998,0.0120392,0.0113729,0.0107849,0.0102626,0.00979574,0.00937617,0.00899707,0.00865286,0.00833893,0.0080514,0.00778701,0.00754301,0.00731707,0.00710717,0.0069116,0.00672886,0.00655767,0.0063969,0.00624556,0.0061028,0.00596785,0.00584004,0.00571876,0.00560349,0.00549376,0.00538913,0.00528922,0.0051937,0.00510224,0.00501458,0.00493044,0.00484961,0.00477187,0.00469702
3.39604e-05,6.91996,5.05294,3.20793,1.94364,1.17872,0.729952,0.465947,0.30799,0.211193,0.15021,0.110646,0.0842048,0.0660159,0.0531539,0.0438209,0.0368848,0.0316159,0.0275324,0.0243094,0.0217231,0.0196162,0.0178767,0.0164223,0.0151928,0.0141428,0.0132379,0.0124512,0.011762,0.0111538,0.0106136,0.0101308,0.00969686,0.00930478,0.00894879,0.0086241,0.00832672,0.00805329,0.00780094,0.00756726,0.00735018,0.00714792,0.00695893,0.00678188,0.00661561,0.0064591,0.00631145,0.00617188,0.00603969,0.00591427,0.00579506,0.00568157,0.00557337,0.00547004,0.00537125,0.00527667,0.005186,0.00509899,0.0050154,0.004935,0.00485759
3.51206e-05,7.22045,5.27838,3.34463,2.02103,1.22325,0.756593,0.482585,0.318837,0.218567,0.155425,0.114473,0.0871095,0.068289,0.0549817,0.0453263,0.0381511,0.0327006,0.0284766,0.0251429,0.0224677,0.0202884,0.0184891,0.0169847,0.015713,0.014627,0.013691,0.0128773,0.0121645,0.0115354,0.0109767,0.0104774,0.0100285,0.00962302,0.00925484,0.00891904,0.00861147,0.00832868,0.00806769,0.00782602,0.00760151,0.00739232,0.00719687,0.00701376,0.0068418,0.00667993,0.00652724,0.00638289,0.00624619,0.00611647,0.00599318,0.00587581,0.00576391,0.00565705,0.00555488,0.00545706,0.0053633,0.00527331,0.00518686,0.00510371,0.00502365
3.63203e-05,7.53006,5.5141,3.48807,2.10194,1.26963,0.78427,0.499844,0.330079,0.226204,0.160824,0.118433,0.0901155,0.0706411,0.0568728,0.0468838,0.039461,0.0338228,0.0294534,0.026005,0.0232378,0.0209836,0.0191225,0.0175665,0.0162511,0.0151278,0.0141596,0.013318,0.0125807,0.0119301,0.0113523,0.0108358,0.0103716,0.00995217,0.00957137,0.00922407,0.00890598,0.00861349,0.00834358,0.00809363,0.00786144,0.00764509,0.00744295,0.00725357,0.00707573,0.00690833,0.00675041,0.00660113,0.00645974,0.00632559,0.00619809,0.0060767,0.00596097,0.00585046,0.00574479,0.00564363,0.00554666,0.00545359,0.00536418,0.00527819,0.0051954
3.75611e-05,7.8479,5.76025,3.63862,2.18656,1.31796,0.81303,0.517749,0.341731,0.234114,0.166414,0.122533,0.0932262,0.0730748,0.0588295,0.0484951,0.0408162,0.0349836,0.0304638,0.0268967,0.0240344,0.0217028,0.0197777,0.0181682,0.0168076,0.0156457,0.0146443,0.0137739,0.0130113,0.0123384,0.0117407,0.0112065,0.0107264,0.0102926,0.00989874,0.00953955,0.00921056,0.00890806,0.00862891,0.0083704,0.00813026,0.00790651,0.00769745,0.0075016,0.00731767,0.00714454,0.00698121,0.00682683,0.0066806,0.00654187,0.00641,0.00628446,0.00616477,0.00605048,0.0059412,0.00583658,0.00573629,0.00564004,0.00554757,0.00545864,0.00537302
3.88442e-05,8.17294,6.01682,3.79664,2.27509,1.36831,0.842919,0.536327,0.353807,0.242307,0.172201,0.126776,0.0964455,0.0755931,0.060854,0.0501622,0.0422181,0.0361845,0.031509,0.0278192,0.0248585,0.0224466,0.0204554,0.0187906,0.0173832,0.0161815,0.0151457,0.0142453,0.0134566,0.0127606,0.0121424,0.0115899,0.0110933,0.0106447,0.0102373,0.00986583,0.00952557,0.00921272,0.008924,0.00865665,0.00840829,0.00817688,0.00796066,0.00775811,0.00756789,0.00738883,0.00721992,0.00706025,0.00690903,0.00676554,0.00662916,0.00649933,0.00637554,0.00625735,0.00614433,0.00603613,0.00593241,0.00583287,0.00573724,0.00564526,0.00555672
4.01712e-05,8.50395,6.2837,3.9625,2.36773,1.4208,0.87399,0.555604,0.366325,0.250794,0.178194,0.131169,0.0997772,0.078199,0.0629486,0.0518869,0.0436685,0.0374268,0.0325903,0.0287735,0.0257108,0.0232161,0.0211564,0.0194343,0.0179787,0.0167356,0.0156642,0.014733,0.0139171,0.0131973,0.0125579,0.0119864,0.0114728,0.0110088,0.0105875,0.0102033,0.00985137,0.0095278,0.0092292,0.0089527,0.00869583,0.00845651,0.00823289,0.0080234,0.00782667,0.00764149,0.00746679,0.00730166,0.00714527,0.00699687,0.00685583,0.00672156,0.00659353,0.00647129,0.00635441,0.00624251,0.00613524,0.0060323,0.0059334,0.00583828,0.0057467
4.15435e-05,8.83961,6.56065,4.13659,2.46473,1.47553,0.906292,0.575611,0.379302,0.259587,0.184399,0.135716,0.103225,0.0808956,0.065116,0.0536713,0.045169,0.038712,0.0337088,0.0297606,0.0265926,0.024012,0.0218815,0.0201002,0.0185945,0.0173087,0.0162006,0.0152373,0.0143935,0.0136489,0.0129876,0.0123965,0.0118653,0.0113854,0.0109497,0.0105523,0.0101883,0.00985368,0.00954485,0.00925888,0.00899322,0.0087457,0.00851443,0.00829777,0.00809431,0.00790279,0.00772212,0.00755134,0.00738959,0.00723612,0.00709025,0.00695139,0.00681898,0.00669256,0.00657168,0.00645595,0.00634502,0.00623855,0.00613627,0.00603789,0.00594318
4.29627e-05,9.17849,6.84722,4.31929,2.56633,1.53261,0.939883,0.596377,0.392756,0.268696,0.190824,0.140423,0.106794,0.0836861,0.0673585,0.0555175,0.0467214,0.0400416,0.0348659,0.0307817,0.0275047,0.0248353,0.0226315,0.020789,0.0192315,0.0179016,0.0167553,0.015759,0.0148862,0.0141161,0.013432,0.0128207,0.0122713,0.0117749,0.0113243,0.0109133,0.0105368,0.0101907,0.00987131,0.00957555,0.00930079,0.0090448,0.00880561,0.00858153,0.00837111,0.00817304,0.00798618,0.00780956,0.00764228,0.00748356,0.0073327,0.00718908,0.00705215,0.0069214,0.00679639,0.0066767,0.00656197,0.00645187,0.00634608,0.00624434,0.00614639
4.44304e-05,9.51915,7.14279,4.51094,2.67277,1.59217,0.974822,0.617933,0.406705,0.278133,0.197478,0.145296,0.110488,0.0865738,0.0696789,0.0574277,0.0483274,0.041417,0.0360629,0.0318381,0.0284482,0.025687,0.0234074,0.0215015,0.0198904,0.0185148,0.0173291,0.0162986,0.0153958,0.0145992,0.0138917,0.0132594,0.0126912,0.0121778,0.0117117,0.0112866,0.0108973,0.0105393,0.0102089,0.00990305,0.00961889,0.00935413,0.00910676,0.00887502,0.00865739,0.00845253,0.00825929,0.00807662,0.00790361,0.00773946,0.00758344,0.00743491,0.0072933,0.00715807,0.00702878,0.006905,0.00678635,0.00667248,0.00656307,0.00645785,0.00635656
4.59482e-05,9.86014,7.4466,4.71191,2.78434,1.65432,1.01117,0.640314,0.421169,0.287911,0.204368,0.15034,0.114311,0.0895621,0.07208,0.0594041,0.049989,0.04284,0.0373013,0.0329308,0.0294242,0.026568,0.0242099,0.0222384,0.020572,0.019149,0.0179226,0.0168566,0.0159229,0.0150989,0.0143672,0.0137132,0.0131255,0.0125945,0.0121124,0.0116727,0.01127,0.0108998,0.0105581,0.0102418,0.00994789,0.00967407,0.00941822,0.00917855,0.00895346,0.0087416,0.00854175,0.00835282,0.00817389,0.00800413,0.00784277,0.00768916,0.0075427,0.00740285,0.00726914,0.00714112,0.00701841,0.00690064,0.00678749,0.00667868,0.00657391
4.75179e-05,10.2001,7.75764,4.92248,2.90132,1.71921,1.04899,0.663553,0.43617,0.298043,0.211505,0.155563,0.118268,0.0926547,0.0745645,0.061449,0.0517082,0.0443121,0.0385823,0.0340612,0.0304339,0.0274793,0.02504,0.0230007,0.0212769,0.019805,0.0185365,0.0174339,0.016468,0.0156158,0.0148589,0.0141825,0.0135746,0.0130254,0.0125268,0.0120721,0.0116556,0.0112727,0.0109193,0.0105921,0.0102881,0.010005,0.00974034,0.00949247,0.00925968,0.00904056,0.00883387,0.00863848,0.00845343,0.00827785,0.00811097,0.0079521,0.00780063,0.007656,0.00751771,0.00738532,0.00725841,0.00713661,0.00701959,0.00690706,0.0067987
4.91412e-05,10.5377,8.0748,5.14291,3.02401,1.78697,1.08835,0.687688,0.451727,0.308542,0.218896,0.16097,0.122364,0.0958553,0.0771355,0.0635649,0.0534868,0.0458352,0.0399076,0.0352307,0.0314783,0.028422,0.0258987,0.0237892,0.0220061,0.0204836,0.0191714,0.0180309,0.0170319,0.0161504,0.0153675,0.0146679,0.0140392,0.0134711,0.0129554,0.0124851,0.0120543,0.0116583,0.0112928,0.0109544,0.0106401,0.0103472,0.0100735,0.00981714,0.00957638,0.00934977,0.00913599,0.00893392,0.00874254,0.00856095,0.00838836,0.00822405,0.0080674,0.00791782,0.0077748,0.00763787,0.00750662,0.00738066,0.00725965,0.00714325,0.00703119
5.08199e-05,10.8721,8.3968,5.3734,3.15274,1.85777,1.12933,0.712756,0.467863,0.319424,0.226551,0.166569,0.126603,0.0991678,0.0797959,0.0657542,0.0553271,0.047411,0.0412787,0.0364405,0.0325588,0.0293972,0.026787,0.0246049,0.0227604,0.0211855,0.0198282,0.0186485,0.0176151,0.0167034,0.0158936,0.01517,0.0145196,0.0139321,0.0133987,0.0129123,0.0124668,0.0120572,0.0116792,0.0113292,0.011004,0.0107011,0.0104181,0.0101529,0.00990393,0.00966955,0.00944847,0.00923947,0.00904154,0.00885374,0.00867524,0.00850532,0.0083433,0.0081886,0.00804069,0.00789908,0.00776333,0.00763306,0.00750791,0.00738753,0.00727164
5.2556e-05,11.2018,8.72229,5.61402,3.28783,1.93176,1.172,0.738799,0.484603,0.330701,0.234481,0.172366,0.130992,0.102596,0.0825491,0.0680196,0.0572312,0.0490412,0.0426972,0.037692,0.0336765,0.0304059,0.0277059,0.0254486,0.0235407,0.0219115,0.0205075,0.0192873,0.0182184,0.0172753,0.0164377,0.0156892,0.0150166,0.0144089,0.0138572,0.0133541,0.0128933,0.0124697,0.0120787,0.0117167,0.0113805,0.0110672,0.0107744,0.0105002,0.0102427,0.0100003,0.00977163,0.00955549,0.00935078,0.00915655,0.00897195,0.00879621,0.00862865,0.00846865,0.00831568,0.00816922,0.00802884,0.00789411,0.00776467,0.00764018,0.00752032
5.43514e-05,11.5262,9.04986,5.86478,3.42963,2.00911,1.21644,0.765857,0.50197,0.34239,0.242696,0.178368,0.135535,0.106144,0.0853982,0.0703637,0.0592013,0.0507279,0.0441647,0.0389868,0.0348328,0.0314495,0.0286564,0.0263214,0.0243477,0.0226625,0.0212102,0.019948,0.0188423,0.0178668,0.0170005,0.0162263,0.0155306,0.0149021,0.0143314,0.0138111,0.0133345,0.0128963,0.012492,0.0121176,0.0117698,0.0114458,0.011143,0.0108594,0.0105931,0.0103424,0.0101059,0.00988233,0.00967062,0.00946974,0.00927881,0.00909706,0.00892377,0.0087583,0.00860009,0.00844862,0.00830343,0.00816409,0.00803022,0.00790147,0.00777752
5.62081e-05,11.8447,9.37825,6.12553,3.57851,2.09001,1.26274,0.793977,0.519989,0.354507,0.251205,0.184584,0.140238,0.109817,0.0883466,0.0727893,0.0612397,0.0524731,0.045683,0.0403263,0.0360291,0.0325291,0.0296397,0.0272242,0.0251826,0.0234393,0.021937,0.0206314,0.0194877,0.0184787,0.0175826,0.0167818,0.0160622,0.0154121,0.0148219,0.0142837,0.0137908,0.0133376,0.0129194,0.0125322,0.0121725,0.0118373,0.0115242,0.0112309,0.0109554,0.0106961,0.0104516,0.0102204,0.0100014,0.00979365,0.00959619,0.00940821,0.00922899,0.00905786,0.00889423,0.00873758,0.00858743,0.00844332,0.00830487,0.00817171,0.00804352
5.81283e-05,12.1568,9.70582,6.39597,3.73482,2.17465,1.31099,0.823205,0.538689,0.367068,0.260021,0.19102,0.145108,0.113618,0.091398,0.0752993,0.0633489,0.0542787,0.0472538,0.0417121,0.0372666,0.0336459,0.0306569,0.0281581,0.0260461,0.0242429,0.0226889,0.0213383,0.0201553,0.0191116,0.0181846,0.0173564,0.0166121,0.0159396,0.0153292,0.0147725,0.0142627,0.013794,0.0133615,0.012961,0.0125889,0.0122423,0.0119185,0.0116151,0.0113302,0.0110621,0.0108091,0.01057,0.0103435,0.0101286,0.00992444,0.00973002,0.00954466,0.00936768,0.00919846,0.00903644,0.00888114,0.00873211,0.00858892,0.00845121,0.00831863
6.0114e-05,12.4619,10.0315,6.67563,3.89895,2.26324,1.36129,0.853589,0.558096,0.380091,0.269155,0.197686,0.150149,0.117553,0.094556,0.0778968,0.0655314,0.0561469,0.048879,0.0431459,0.0385469,0.0348013,0.0317091,0.0291242,0.0269394,0.025074,0.0234665,0.0220694,0.0208457,0.0197662,0.0188074,0.0179507,0.0171808,0.0164853,0.0158539,0.0152781,0.0147508,0.014266,0.0138187,0.0134045,0.0130197,0.0126612,0.0123262,0.0120125,0.0117178,0.0114405,0.0111789,0.0109316,0.0106974,0.0104751,0.0102639,0.0100629,0.00987116,0.00968811,0.0095131,0.00934554,0.00918493,0.00903079,0.0088827,0.00874028,0.00860316
6.21676e-05,12.7599,10.354,6.96388,4.07127,2.356,1.41374,0.885183,0.57824,0.393594,0.278619,0.20459,0.155368,0.121626,0.0978244,0.0805847,0.0677897,0.0580799,0.0505606,0.0446292,0.0398714,0.0359965,0.0327977,0.0301236,0.0278635,0.0259338,0.0242709,0.0228257,0.0215599,0.0204432,0.0194515,0.0185654,0.017769,0.0170497,0.0163966,0.0158011,0.0152557,0.0147543,0.0142916,0.0138632,0.0134652,0.0130944,0.012748,0.0124235,0.0121187,0.0118319,0.0115613,0.0113055,0.0110633,0.0108335,0.010615,0.0104071,0.0102088,0.0100195,0.00983851,0.00966522,0.00949911,0.00933969,0.00918654,0.00903924,0.00889743
6.42914e-05,13.0507,10.6725,7.25988,4.25215,2.45317,1.46844,0.91804,0.599152,0.407595,0.288426,0.21174,0.160772,0.125842,0.101207,0.0833663,0.0701265,0.0600799,0.0523003,0.0461639,0.0412417,0.037233,0.0339238,0.0311575,0.0288194,0.0268232,0.025103,0.0236081,0.0222987,0.0211436,0.0201177,0.0192011,0.0183775,0.0176334,0.0169579,0.0163419,0.0157779,0.0152592,0.0147807,0.0143376,0.013926,0.0135425,0.0131842,0.0128486,0.0125334,0.0122367,0.0119569,0.0116923,0.0114418,0.0112041,0.0109782,0.0107631,0.0105581,0.0103623,0.0101751,0.00999585,0.00982406,0.00965919,0.00950079,0.00934845,0.00920179
6.64876e-05,13.334,10.9861,7.56263,4.44193,2.55499,1.52551,0.952219,0.620865,0.422116,0.298588,0.219147,0.166367,0.130206,0.104708,0.086245,0.0725447,0.0621495,0.0541004,0.0477516,0.0426593,0.0385122,0.0350888,0.032227,0.0298082,0.0277432,0.0259637,0.0244173,0.0230628,0.021868,0.0208069,0.0198587,0.0190068,0.0182371,0.0175385,0.0169014,0.0163179,0.0157815,0.0152865,0.0148282,0.0144025,0.0140059,0.0136353,0.0132882,0.0129622,0.0126554,0.012366,0.0120924,0.0118333,0.0115874,0.0113538,0.0111313,0.0109193,0.0107168,0.0105232,0.0103378,0.0101601,0.00998962,0.0098258,0.00966825,0.00951657
6.8759e-05,13.6101,11.294,7.87099,4.64095,2.66172,1.58508,0.987781,0.643412,0.437177,0.30912,0.226818,0.172161,0.134724,0.108332,0.0892241,0.075047,0.0642909,0.0559628,0.0493944,0.0441261,0.0398357,0.036294,0.0333334,0.0308312,0.0286949,0.0268541,0.0252543,0.0238532,0.0226173,0.0215197,0.0205389,0.0196577,0.0188616,0.018139,0.01748,0.0168765,0.0163217,0.0158098,0.0153357,0.0148954,0.0144852,0.0141019,0.0137429,0.0134058,0.0130884,0.0127891,0.0125061,0.0122381,0.0119839,0.0117422,0.0115122,0.0112928,0.0110834,0.0108832,0.0106915,0.0105077,0.0103314,0.0101619,0.009999,0.00984213
7.11079e-05,13.8788,11.5958,8.18368,4.84949,2.77366,1.64727,1.02479,0.666828,0.452798,0.320036,0.234765,0.17816,0.139401,0.112083,0.0923074,0.0776365,0.0665067,0.05789,0.0510942,0.0456436,0.0412049,0.0375408,0.0344779,0.0318894,0.0296794,0.0277751,0.0261202,0.0246708,0.0233923,0.0222569,0.0212425,0.0203309,0.0195075,0.0187601,0.0180784,0.0174543,0.0168804,0.0163509,0.0158606,0.0154052,0.014981,0.0145845,0.0142132,0.0138645,0.0135363,0.0132267,0.0129341,0.0126569,0.0123939,0.012144,0.0119061,0.0116792,0.0114626,0.0112555,0.0110573,0.0108672,0.0106848,0.0105096,0.0103411,0.0101788
7.3537e-05,14.1404,11.8911,8.49936,5.06778,2.89108,1.71223,1.06331,0.691152,0.469004,0.33135,0.242997,0.184373,0.144244,0.115966,0.0954985,0.0803163,0.0687997,0.059884,0.0528528,0.0472136,0.0426214,0.0388307,0.035662,0.032984,0.0306978,0.0287278,0.0270158,0.0255165,0.024194,0.0230195,0.0219702,0.0210273,0.0201756,0.0194025,0.0186975,0.0180518,0.0174583,0.0169106,0.0164035,0.0159325,0.0154937,0.0150837,0.0146996,0.014339,0.0139995,0.0136793,0.0133766,0.01309,0.012818,0.0125595,0.0123135,0.0120788,0.0118548,0.0116406,0.0114356,0.011239,0.0110504,0.0108692,0.0106949,0.0105271
7.60492e-05,14.3949,12.1795,8.81665,5.29597,3.0143,1.78009,1.10342,0.716422,0.485817,0.343078,0.251526,0.190808,0.149258,0.119985,0.0988014,0.0830896,0.0711724,0.0619473,0.0546725,0.0488381,0.044087,0.0401652,0.036887,0.0341165,0.0317513,0.0297133,0.0279423,0.0263913,0.0250232,0.0238084,0.0227229,0.0217476,0.0208666,0.0200669,0.0193377,0.0186699,0.018056,0.0174896,0.0169651,0.0164779,0.016024,0.0156,0.0152028,0.0148297,0.0144786,0.0141475,0.0138344,0.013538,0.0132567,0.0129893,0.0127348,0.0124922,0.0122605,0.012039,0.0118269,0.0116236,0.0114285,0.0112411,0.0110608,0.0108873
7.86471e-05,14.6425,12.4609,9.13418,5.53413,3.14365,1.85102,1.14519,0.74268,0.503263,0.355237,0.260363,0.197471,0.154449,0.124146,0.10222,0.0859597,0.0736278,0.0640823,0.0565553,0.0505188,0.0456033,0.0415459,0.0381543,0.035288,0.0328411,0.0307328,0.0289007,0.0272963,0.025881,0.0246243,0.0235015,0.0224927,0.0215814,0.0207542,0.0199999,0.0193092,0.0186743,0.0180883,0.0175459,0.017042,0.0165725,0.0161339,0.0157231,0.0153373,0.0149742,0.0146316,0.0143079,0.0140013,0.0137103,0.0134338,0.0131706,0.0129196,0.01268,0.0124509,0.0122316,0.0120213,0.0118196,0.0116257,0.0114393,0.0112598
8.13338e-05,14.8835,12.7352,9.45066,5.78218,3.27946,1.92517,1.1887,0.769969,0.521368,0.367843,0.269519,0.204373,0.159823,0.128453,0.105758,0.0889301,0.0761688,0.0662916,0.0585035,0.0522579,0.0471721,0.0429743,0.0394654,0.0365,0.0339685,0.0317874,0.0298921,0.0282323,0.0267683,0.0254683,0.0243069,0.0232633,0.0223207,0.0214651,0.0206849,0.0199705,0.0193137,0.0187077,0.0181466,0.0176254,0.0171399,0.0166862,0.0162613,0.0158623,0.0154867,0.0151324,0.0147976,0.0144804,0.0141796,0.0138936,0.0136213,0.0133618,0.013114,0.012877,0.0126502,0.0124327,0.012224,0.0120236,0.0118307,0.0116451
8.41123e-05,15.118,13.0024,9.76489,6.03993,3.4221,2.00274,1.23404,0.798335,0.540158,0.380914,0.279007,0.211522,0.165389,0.132911,0.109421,0.0920044,0.0787983,0.0685778,0.0605194,0.0540572,0.0487953,0.0444521,0.0408218,0.0377538,0.0351348,0.0328783,0.0309176,0.0292006,0.0276861,0.0263413,0.0251399,0.0240604,0.0230854,0.0222004,0.0213934,0.0206544,0.0199751,0.0193483,0.0187679,0.0182289,0.0177267,0.0172575,0.016818,0.0164053,0.0160168,0.0156504,0.0153041,0.0149761,0.0146649,0.0143691,0.0140875,0.0138191,0.0135628,0.0133177,0.0130831,0.0128582,0.0126424,0.012435,0.0122356,0.0120436
8.69857e-05,15.3462,13.2625,10.0758,6.30702,3.57192,2.08391,1.2813,0.827826,0.559662,0.394468,0.288839,0.218927,0.171152,0.137528,0.113212,0.0951863,0.0815197,0.0709436,0.0626053,0.0559191,0.0504748,0.0459811,0.0422251,0.039051,0.0363414,0.0340069,0.0319785,0.0302022,0.0286355,0.0272444,0.0260016,0.024885,0.0238764,0.0229609,0.0221262,0.0213618,0.0206592,0.0200108,0.0194106,0.018853,0.0183336,0.0178483,0.0173937,0.0169669,0.0165651,0.0161861,0.0158279,0.0154887,0.0151668,0.0148609,0.0145697,0.0142921,0.014027,0.0137735,0.0135309,0.0132983,0.013075,0.0128606,0.0126543,0.0124558
8.99573e-05,15.5684,13.5156,10.3824,6.58291,3.72931,2.16887,1.33057,0.858492,0.579912,0.408525,0.299029,0.226597,0.17712,0.142307,0.117136,0.0984796,0.084336,0.0733918,0.0647639,0.0578456,0.0522125,0.0475631,0.043677,0.040393,0.0375897,0.0351745,0.033076,0.0312383,0.0296176,0.0281785,0.0268929,0.0257378,0.0246945,0.0237476,0.0228842,0.0220936,0.0213668,0.0206962,0.0200753,0.0194986,0.0189613,0.0184594,0.0179893,0.0175478,0.0171322,0.0167403,0.0163698,0.0160189,0.015686,0.0153696,0.0150684,0.0147813,0.0145071,0.0142449,0.013994,0.0137534,0.0135226,0.0133008,0.0130874,0.0128821
9.30304e-05,15.7848,13.762,10.6841,6.86689,3.89462,2.25784,1.38196,0.890388,0.600936,0.423105,0.30959,0.234544,0.183301,0.147255,0.121198,0.101888,0.0872509,0.0759254,0.0669975,0.059839,0.0540105,0.0491999,0.0451791,0.0417814,0.038881,0.0363823,0.0342113,0.0323102,0.0306335,0.0291448,0.0278149,0.02662,0.0255408,0.0245613,0.0236682,0.0228504,0.0220987,0.021405,0.0207628,0.0201663,0.0196106,0.0190915,0.0186052,0.0181486,0.0177188,0.0173134,0.0169302,0.0165673,0.016223,0.0158957,0.0155842,0.0152872,0.0150037,0.0147325,0.014473,0.0142242,0.0139854,0.013756,0.0135354,0.013323
9.62085e-05,15.9956,14.0018,10.9801,7.15807,4.06825,2.35106,1.43557,0.923569,0.622769,0.438228,0.320536,0.242776,0.189702,0.152379,0.125404,0.105417,0.0902677,0.0785475,0.069309,0.0619018,0.055871,0.0508935,0.0467333,0.0432178,0.040217,0.0376318,0.0353857,0.033419,0.0316844,0.0301443,0.0287686,0.0275326,0.0264162,0.025403,0.0244792,0.0236333,0.0228557,0.0221382,0.021474,0.020857,0.0202822,0.0197453,0.0192423,0.01877,0.0183255,0.0179062,0.0175098,0.0171345,0.0167784,0.0164399,0.0161178,0.0158106,0.0155173,0.0152369,0.0149684,0.0147111,0.0144641,0.0142269,0.0139987,0.0137791
9.94951e-05,16.2009,14.235,11.2699,7.4554,4.25054,2.44875,1.49151,0.958095,0.645446,0.453917,0.331884,0.251306,0.196332,0.157684,0.129758,0.109069,0.0933901,0.0812611,0.071701,0.0640363,0.057796,0.0526458,0.0483413,0.0447039,0.0415992,0.0389245,0.0366007,0.034566,0.0327715,0.0311783,0.0297551,0.0284765,0.0273217,0.0262736,0.025318,0.024443,0.0236387,0.0228966,0.0222095,0.0215714,0.0209769,0.0204215,0.0199013,0.0194128,0.018953,0.0185193,0.0181094,0.0177212,0.0173528,0.0170028,0.0166696,0.0163519,0.0160485,0.0157585,0.0154808,0.0152147,0.0149593,0.0147139,0.0144779,0.0142507
0.000102894,16.4011,14.462,11.5533,7.75766,4.44184,2.55119,1.54992,0.994028,0.669002,0.470194,0.343649,0.260144,0.203199,0.163177,0.134265,0.11285,0.0966219,0.0840695,0.0741764,0.0662452,0.0597881,0.054459,0.050005,0.0462415,0.0430291,0.0402618,0.0378576,0.0357525,0.033896,0.0322479,0.0307756,0.0294529,0.0282584,0.0271742,0.0261857,0.0252806,0.0244487,0.023681,0.0229704,0.0223103,0.0216954,0.0211209,0.0205828,0.0200776,0.019602,0.0191535,0.0187295,0.018328,0.017947,0.017585,0.0172403,0.0169117,0.016598,0.016298,0.0160109,0.0157356,0.0154714,0.0152176,0.0149736,0.0147386
0.000106409,16.5962,14.6829,11.8301,8.06357,4.64246,2.65863,1.61091,1.03144,0.693475,0.487085,0.355846,0.269303,0.210312,0.168866,0.138932,0.116763,0.099967,0.0869763,0.0767383,0.068531,0.0618494,0.0563351,0.0517265,0.0478323,0.0445085,0.0416453,0.0391579,0.03698,0.0350594,0.0333543,0.0318312,0.030463,0.0292272,0.0281057,0.0270832,0.026147,0.0252864,0.0244924,0.0237573,0.0230746,0.0224386,0.0218444,0.0212878,0.0207652,0.0202734,0.0198094,0.0193709,0.0189556,0.0185616,0.0181871,0.0178307,0.0174908,0.0171663,0.0168561,0.0165591,0.0162744,0.0160011,0.0157387,0.0154862,0.0152432
0.000110044,16.7866,14.898,12.0999,8.37178,4.85265,2.77138,1.67462,1.07039,0.718907,0.504614,0.368493,0.278793,0.21768,0.174757,0.143764,0.120815,0.10343,0.0899847,0.0793897,0.0708965,0.0639824,0.0582764,0.0535077,0.0494783,0.0460392,0.0430767,0.0405031,0.0382499,0.0362628,0.0344989,0.0329232,0.0315078,0.0302295,0.0290693,0.0280116,0.0270432,0.026153,0.0253317,0.0245714,0.0238652,0.0232073,0.0225927,0.022017,0.0214765,0.0209678,0.0204879,0.0200343,0.0196048,0.0191973,0.0188099,0.0184413,0.0180898,0.0177541,0.0174333,0.0171261,0.0168316,0.016549,0.0162776,0.0160165,0.0157651
0.000113803,16.9723,15.1074,12.3628,8.68092,5.07259,2.88972,1.74121,1.11096,0.745338,0.522807,0.381608,0.288629,0.225313,0.180858,0.148767,0.125009,0.107014,0.0930985,0.0821337,0.0733446,0.0661898,0.0602852,0.0553507,0.0511813,0.0476228,0.0445576,0.0418948,0.0395636,0.0375078,0.0356829,0.0340528,0.0325886,0.0312662,0.0300661,0.0289719,0.0279702,0.0270494,0.0261998,0.0254133,0.0246829,0.0240024,0.0233667,0.0227713,0.0222122,0.021686,0.0211897,0.0207205,0.0202763,0.0198547,0.0194542,0.0190728,0.0187093,0.0183621,0.0180303,0.0177125,0.017408,0.0171157,0.0168349,0.0165649,0.0163049
0.000117691,17.1535,15.3113,12.6189,8.98967,5.30239,3.014,1.81083,1.15323,0.772814,0.541692,0.39521,0.298824,0.233221,0.187177,0.153948,0.129351,0.110724,0.0963215,0.0849738,0.0758781,0.068474,0.062364,0.0572577,0.0529434,0.0492613,0.0460897,0.0433346,0.0409226,0.0387957,0.0369077,0.0352214,0.0337066,0.0323386,0.0310971,0.0299653,0.0289291,0.0279766,0.0270978,0.0262843,0.0255287,0.0248249,0.0241673,0.0235515,0.0229732,0.0224289,0.0219155,0.0214303,0.0209708,0.0205348,0.0201205,0.0197261,0.0193501,0.018991,0.0186478,0.0183191,0.0180042,0.0177019,0.0174115,0.0171322,0.0168633
0.000121712,17.3305,15.51,12.8681,9.29681,5.54204,3.14454,1.88364,1.19727,0.80138,0.561299,0.409317,0.309391,0.241414,0.193722,0.159312,0.133847,0.114565,0.0996577,0.0879132,0.0785001,0.070838,0.064515,0.0592311,0.0547667,0.0509566,0.0476749,0.0448242,0.0423286,0.0401281,0.0381748,0.0364302,0.0348631,0.0334479,0.0321637,0.0309929,0.0299209,0.0289357,0.0280267,0.0271852,0.0264036,0.0256756,0.0249955,0.0243584,0.0237603,0.0231973,0.0226663,0.0221644,0.0216892,0.0212382,0.0208097,0.0204018,0.0200128,0.0196415,0.0192865,0.0189466,0.0186208,0.0183081,0.0180078,0.0177189,0.0174408
0.000125869,17.5034,15.7036,13.1106,9.60119,5.79138,3.2817,1.95982,1.24319,0.831089,0.581657,0.423951,0.320345,0.249904,0.200502,0.164867,0.138502,0.118541,0.103111,0.0909557,0.0812139,0.0732844,0.0667411,0.061273,0.0566533,0.0527107,0.0493149,0.0463654,0.0437833,0.0415065,0.0394857,0.0376808,0.0360595,0.0345955,0.033267,0.0320558,0.0309469,0.0299278,0.0289875,0.028117,0.0273086,0.0265555,0.0258521,0.0251932,0.0245745,0.0239922,0.0234429,0.0229238,0.0224322,0.0219658,0.0215226,0.0211007,0.0206984,0.0203143,0.0199471,0.0195956,0.0192586,0.0189352,0.0186246,0.0183258,0.0180382
0.000130169,17.6723,15.8923,13.3466,9.90184,6.05012,3.42583,2.03956,1.29107,0.861989,0.602799,0.439133,0.331702,0.258701,0.207524,0.170621,0.143322,0.122658,0.106686,0.0941049,0.0840226,0.0758163,0.0690447,0.0633861,0.0586054,0.0545256,0.0510118,0.0479598,0.0452882,0.0429326,0.0408417,0.0389744,0.0372972,0.0357826,0.0344082,0.0331553,0.0320083,0.030954,0.0299813,0.0290809,0.0282447,0.0274658,0.0267381,0.0260566,0.0254166,0.0248143,0.0242462,0.0237093,0.0232008,0.0227184,0.02226,0.0218236,0.0214075,0.0210102,0.0206304,0.0202668,0.0199183,0.0195839,0.0192626,0.0189535,0.0186561
0.000134616,17.8374,16.0764,13.5762,10.1979,6.31778,3.57732,2.12306,1.34101,0.894137,0.624759,0.454885,0.343476,0.267817,0.214799,0.176579,0.148313,0.12692,0.110386,0.0973646,0.0869297,0.0784366,0.0714287,0.0655727,0.0606254,0.0564036,0.0527676,0.0496095,0.0468451,0.0444079,0.0422446,0.0403127,0.0385775,0.0370107,0.0355888,0.0342927,0.0331062,0.0320155,0.0310094,0.030078,0.0292131,0.0284073,0.0276546,0.0269496,0.0262877,0.0256647,0.0250771,0.0245218,0.0239958,0.0234969,0.0230227,0.0225713,0.022141,0.0217301,0.0213372,0.0209612,0.0206007,0.0202548,0.0199225,0.0196028,0.0192952
0.000139215,17.9989,16.2561,13.7996,10.4887,6.59371,3.73655,2.21054,1.39312,0.92759,0.647571,0.47123,0.355685,0.277265,0.222336,0.18275,0.153481,0.131332,0.114217,0.100739,0.0899387,0.0811487,0.0738959,0.0678355,0.0627156,0.0583467,0.0545842,0.0513163,0.048456,0.0459342,0.043696,0.0416972,0.039902,0.038281,0.0368102,0.0354693,0.0342418,0.0331137,0.0320729,0.0311094,0.0302147,0.0293812,0.0286027,0.0278735,0.0271888,0.0265444,0.0259366,0.0253622,0.0248182,0.0243021,0.0238116,0.0233447,0.0228996,0.0224746,0.0220683,0.0216794,0.0213065,0.0209487,0.020605,0.0202744,0.0199562
0.000143971,18.1568,16.4313,14.0169,10.7738,6.87708,3.9039,2.30223,1.44751,0.96241,0.671273,0.488194,0.368345,0.287057,0.230144,0.189142,0.158833,0.135901,0.118184,0.104232,0.0930532,0.0839557,0.0764493,0.0701772,0.0648786,0.0603574,0.0564638,0.0530823,0.0501226,0.0475133,0.0451975,0.0431296,0.0412723,0.0395952,0.0380736,0.0366865,0.0354167,0.0342496,0.033173,0.0321764,0.0312508,0.0303887,0.0295833,0.0288291,0.0281208,0.0274543,0.0268256,0.0262315,0.0256688,0.025135,0.0246277,0.0241448,0.0236844,0.0232448,0.0228246,0.0224222,0.0220366,0.0216666,0.021311,0.0209691,0.02064
0.000148889,18.3113,16.6025,14.2285,11.0527,7.16687,4.07974,2.39837,1.5043,0.998662,0.695904,0.5058,0.381476,0.297207,0.238235,0.195763,0.164375,0.140632,0.12229,0.107848,0.0962772,0.086861,0.0790921,0.0726006,0.067117,0.062438,0.0584087,0.0549096,0.0518469,0.0491471,0.046751,0.0446114,0.0426898,0.0409548,0.0393806,0.0379456,0.036632,0.0354247,0.0343109,0.03328,0.0323226,0.0314308,0.0305978,0.0298175,0.029085,0.0283955,0.0277453,0.0271307,0.0265487,0.0259965,0.0254718,0.0249723,0.0244961,0.0240415,0.0236068,0.0231907,0.0227918,0.022409,0.0220413,0.0216877,0.0213472
0.000153975,18.4625,16.7697,14.4344,11.3251,7.46191,4.26444,2.49922,1.56362,1.03641,0.721505,0.524078,0.395095,0.307729,0.246618,0.202622,0.170115,0.14553,0.126541,0.111591,0.0996145,0.0898683,0.0818272,0.0751087,0.0694334,0.064591,0.0604212,0.0568002,0.053631,0.0508373,0.0483582,0.0461444,0.0441563,0.0423613,0.0407326,0.0392481,0.0378892,0.0366402,0.0354881,0.0344217,0.0334313,0.0325088,0.0316471,0.03084,0.0300823,0.0293691,0.0286965,0.0280608,0.0274588,0.0268877,0.0263449,0.0258283,0.0253358,0.0248655,0.0244159,0.0239855,0.0235729,0.023177,0.0227967,0.0224309,0.0220788
0.000159235,18.6106,16.933,14.6349,11.5908,7.76095,4.45832,2.60505,1.6256,1.07574,0.748119,0.543054,0.409222,0.318637,0.255306,0.209727,0.17606,0.150603,0.130943,0.115467,0.103069,0.0929811,0.0846582,0.0777044,0.0718305,0.066819,0.0625037,0.0587564,0.055477,0.0525862,0.0500209,0.0477304,0.0456734,0.0438163,0.0421314,0.0405956,0.0391897,0.0378977,0.0367059,0.0356027,0.0345782,0.0336239,0.0327325,0.0318977,0.0311139,0.0303762,0.0296805,0.0290229,0.0284002,0.0278095,0.0272481,0.0267137,0.0262043,0.0257179,0.0252528,0.0248077,0.0243809,0.0239715,0.0235781,0.0231998,0.0228356
0.000164675,18.7557,17.0926,14.8303,11.8498,8.06264,4.66167,2.71617,1.69038,1.11671,0.775791,0.562758,0.423879,0.329947,0.264309,0.217089,0.182218,0.155856,0.135501,0.119479,0.106646,0.0962032,0.0875884,0.0803909,0.0743114,0.0691246,0.0646586,0.0607806,0.057387,0.0543956,0.0517413,0.0493713,0.047243,0.0453217,0.0435784,0.0419895,0.0405351,0.0391985,0.0379656,0.0368244,0.0357646,0.0347775,0.0338554,0.0329918,0.032181,0.031418,0.0306983,0.0300182,0.0293741,0.0287631,0.0281824,0.0276296,0.0271027,0.0265996,0.0261186,0.0256581,0.0252168,0.0247932,0.0243863,0.023995,0.0236183
0.000170301,18.8978,17.2487,15.0206,12.102,8.36561,4.87473,2.83287,1.75814,1.15941,0.80457,0.583222,0.439086,0.341673,0.273641,0.224715,0.188597,0.161297,0.140221,0.123633,0.110348,0.0995387,0.0906214,0.0831714,0.0768789,0.0715105,0.0668884,0.0628751,0.0593632,0.0562678,0.0535212,0.051069,0.0488669,0.046879,0.0450754,0.0434316,0.041927,0.0405442,0.0392688,0.0380882,0.0369919,0.0359707,0.0350169,0.0341236,0.0332849,0.0324957,0.0317512,0.0310477,0.0303815,0.0297494,0.0291488,0.0285771,0.028032,0.0275116,0.0270141,0.0265378,0.0260813,0.0256432,0.0252224,0.0248176,0.024428
0.000176118,19.0371,17.4014,15.2061,12.3475,8.66852,5.09763,2.95549,1.82901,1.20394,0.834507,0.604477,0.454866,0.353834,0.283313,0.232618,0.195204,0.166931,0.145108,0.127935,0.114181,0.102992,0.0937609,0.0860493,0.0795361,0.0739797,0.069196,0.0650425,0.0614081,0.0582049,0.0553628,0.0528254,0.050547,0.0484901,0.0466242,0.0449235,0.0433669,0.0419364,0.0406169,0.0393956,0.0382615,0.0372051,0.0362185,0.0352944,0.0344269,0.0336104,0.0328404,0.0321127,0.0314235,0.0307698,0.0301485,0.0295571,0.0289933,0.0284551,0.0279404,0.0274478,0.0269756,0.0265225,0.0260872,0.0256686,0.0252655
0.000182135,19.1737,17.5507,15.387,12.5865,8.97012,5.33042,3.08438,1.90319,1.25037,0.865654,0.626559,0.471244,0.366446,0.293339,0.240807,0.202049,0.172767,0.150169,0.132389,0.11815,0.106566,0.0970107,0.0890282,0.0822864,0.0765351,0.0715839,0.0672853,0.0635241,0.0602092,0.0572682,0.0546426,0.0522851,0.050157,0.0482264,0.0464669,0.0448565,0.0433765,0.0420115,0.040748,0.0395748,0.0384821,0.0374615,0.0365056,0.0356081,0.0347636,0.0339671,0.0332143,0.0325015,0.0318252,0.0311826,0.0305709,0.0299877,0.029431,0.0288987,0.0283891,0.0279007,0.027432,0.0269818,0.0265488,0.0261319
0.000188357,19.3076,17.6969,15.5634,12.8189,9.26926,5.573,3.21989,1.98086,1.2988,0.898069,0.649503,0.488242,0.379527,0.303733,0.249293,0.20914,0.178812,0.155411,0.137001,0.122259,0.110267,0.100375,0.0921115,0.0851329,0.0791799,0.0740551,0.0696061,0.0657136,0.0622832,0.0592397,0.0565229,0.0540835,0.0518816,0.0498841,0.0480637,0.0463975,0.0448665,0.0434543,0.0421472,0.0409335,0.0398031,0.0387473,0.0377585,0.0368302,0.0359565,0.0351326,0.0343539,0.0336166,0.0329171,0.0322523,0.0316196,0.0310164,0.0304405,0.0298899,0.0293628,0.0288576,0.0283729,0.0279071,0.0274593,0.0270281
0.000194791,19.439,17.8401,15.7355,13.0451,9.5649,5.82516,3.36239,2.06223,1.34935,0.93181,0.673348,0.505889,0.393096,0.314508,0.258088,0.216488,0.185074,0.16084,0.141777,0.126514,0.114098,0.103858,0.0953032,0.0880791,0.0819171,0.0766126,0.0720079,0.0679792,0.0644291,0.0612797,0.0584683,0.0559442,0.0536658,0.0515991,0.0497156,0.0479918,0.0464078,0.0449469,0.0435947,0.0423391,0.0411697,0.0400775,0.0390546,0.0380943,0.0371906,0.0363383,0.0355328,0.0347701,0.0340465,0.0333589,0.0327044,0.0320805,0.0314848,0.0309153,0.0303701,0.0298475,0.0293461,0.0288644,0.0284011,0.0279552
0.000201446,19.5679,17.9803,15.9036,13.2651,9.8562,6.08646,3.51229,2.1475,1.40211,0.966942,0.698132,0.52421,0.407174,0.325682,0.267204,0.2241,0.191561,0.166462,0.146723,0.13092,0.118065,0.107463,0.0986072,0.0911287,0.08475,0.0792594,0.0744933,0.0703238,0.0666497,0.0633904,0.0604812,0.0578693,0.0555119,0.0533735,0.0514247,0.0496413,0.0480025,0.046491,0.0450921,0.0437932,0.0425835,0.0414536,0.0403954,0.039402,0.0384672,0.0375855,0.0367523,0.0359634,0.0352149,0.0345036,0.0338266,0.0331812,0.0325651,0.031976,0.031412,0.0308715,0.0303529,0.0298546,0.0293754,0.0289141
0.000208327,19.6944,18.1176,16.0676,13.4791,10.1424,6.35632,3.66996,2.23689,1.45722,1.00353,0.723899,0.543236,0.421781,0.337268,0.276652,0.231989,0.198281,0.172286,0.151845,0.135482,0.122173,0.111196,0.102027,0.0942854,0.0876822,0.0819987,0.0770654,0.0727499,0.0689475,0.0655745,0.0625639,0.0598612,0.0574219,0.0552092,0.053193,0.0513477,0.0496522,0.0480885,0.0466413,0.0452975,0.044046,0.0428772,0.0417825,0.0407549,0.0397878,0.0388758,0.0380139,0.0371978,0.0364236,0.0356878,0.0349875,0.0343199,0.0336826,0.0330732,0.0324899,0.0319308,0.0313943,0.0308789,0.0303833,0.0299062
0.000215444,19.8186,18.2523,16.2279,13.6874,10.423,6.63396,3.83581,2.33068,1.51479,1.04165,0.750692,0.562994,0.436937,0.349285,0.286447,0.240164,0.205243,0.178319,0.15715,0.140206,0.126426,0.115061,0.105568,0.0975529,0.0907172,0.0848338,0.0797274,0.0752607,0.0713252,0.0678345,0.064719,0.0619222,0.0593981,0.0571086,0.0550224,0.0531133,0.0513591,0.0497412,0.048244,0.0468538,0.0455591,0.0443499,0.0432175,0.0421544,0.0411541,0.0402106,0.039319,0.0384748,0.0376739,0.0369129,0.0361885,0.0354979,0.0348386,0.0342083,0.0336049,0.0330266,0.0324717,0.0319386,0.0314259,0.0309324
0.000222804,19.9405,18.3842,16.3846,13.8902,10.6976,6.9184,4.01023,2.4291,1.57495,1.08137,0.778558,0.583518,0.452668,0.361747,0.296602,0.248637,0.212457,0.184569,0.162645,0.145099,0.130829,0.119062,0.109234,0.100935,0.0938586,0.0877682,0.0824824,0.077859,0.0737858,0.0701731,0.0669489,0.0640547,0.0614428,0.0590738,0.0569153,0.0549399,0.0531249,0.0514511,0.0499021,0.0484639,0.0471245,0.0458735,0.0447021,0.0436023,0.0425674,0.0415915,0.0406692,0.0397958,0.0389674,0.0381801,0.0374308,0.0367165,0.0360345,0.0353825,0.0347584,0.0341602,0.0335862,0.0330347,0.0325044,0.0319939
0.000230415,20.0604,18.5137,16.5377,14.0876,10.9657,7.20852,4.1936,2.53244,1.63786,1.12277,0.807546,0.60484,0.468995,0.374675,0.30713,0.257418,0.219932,0.191043,0.168336,0.150166,0.13539,0.123205,0.113029,0.104437,0.0971104,0.0908053,0.0853336,0.080548,0.0763321,0.0725931,0.0692564,0.0662613,0.0635585,0.0611072,0.0588737,0.0568298,0.0549519,0.0532202,0.0516176,0.0501296,0.0487439,0.0474498,0.0462379,0.0451002,0.0440296,0.04302,0.0420659,0.0411625,0.0403055,0.0394912,0.038716,0.0379771,0.0372717,0.0365972,0.0359516,0.0353329,0.0347391,0.0341687,0.0336202,0.0330921
0.000238287,20.1781,18.6406,16.6874,14.2798,11.2274,7.50306,4.38626,2.64099,1.70366,1.16594,0.83771,0.626996,0.485944,0.388087,0.318047,0.266521,0.227678,0.197751,0.174232,0.155414,0.140113,0.127495,0.116958,0.108062,0.100476,0.093949,0.0882847,0.0833309,0.0789672,0.0750974,0.0716441,0.0685445,0.0657476,0.063211,0.0608999,0.0587851,0.0568422,0.0550505,0.0533924,0.051853,0.0504194,0.0490805,0.0478268,0.0466498,0.0455423,0.0444979,0.0435109,0.0425764,0.0416898,0.0408474,0.0400456,0.0392812,0.0385515,0.0378539,0.0371861,0.036546,0.0359318,0.0353418,0.0347744,0.0342282
0.000246427,20.2938,18.7652,16.8339,14.4671,11.4824,7.80065,4.58852,2.75507,1.77251,1.21096,0.869102,0.650022,0.503542,0.402001,0.329368,0.275956,0.235705,0.204701,0.18034,0.16085,0.145004,0.131937,0.121026,0.111815,0.103961,0.097203,0.0913391,0.0862112,0.0816943,0.0776889,0.0741149,0.0709072,0.0680127,0.0653879,0.0629965,0.0608083,0.058798,0.0569441,0.0552286,0.0536359,0.0521528,0.0507676,0.0494706,0.048253,0.0471073,0.0460268,0.0450058,0.044039,0.043122,0.0422505,0.0414211,0.0406304,0.0398755,0.0391539,0.0384631,0.037801,0.0371657,0.0365554,0.0359685,0.0354035
0.000254845,20.4075,18.8874,16.9772,14.6496,11.7308,8.09992,4.80062,2.87502,1.84459,1.25794,0.901782,0.673956,0.521815,0.41644,0.341109,0.285739,0.244025,0.211902,0.186667,0.166481,0.150069,0.136538,0.125239,0.115701,0.107568,0.100571,0.0945005,0.0891921,0.0845166,0.0803708,0.0766717,0.073352,0.0703566,0.0676404,0.0651658,0.0629016,0.0608215,0.0589034,0.0571284,0.0554806,0.0539462,0.0525131,0.0511713,0.0499116,0.0487264,0.0476086,0.0465524,0.0455523,0.0446036,0.0437021,0.0428441,0.0420262,0.0412453,0.0404988,0.0397842,0.0390994,0.0384422,0.0378108,0.0372037,0.0366193
0.000263551,20.5193,19.0075,17.1175,14.8275,11.9725,8.3995,5.02272,3.00117,1.92008,1.30698,0.935812,0.698839,0.540793,0.431424,0.353287,0.295881,0.252649,0.219365,0.193223,0.172314,0.155316,0.141302,0.129601,0.119723,0.111303,0.104058,0.0977729,0.0922774,0.0874376,0.0831463,0.0793177,0.0758819,0.072782,0.0699711,0.0674104,0.0650675,0.0629152,0.0609306,0.0590941,0.0573892,0.0558016,0.0543191,0.0529308,0.0516276,0.0504014,0.0492451,0.0481524,0.0471178,0.0461364,0.0452039,0.0443163,0.0434701,0.0426624,0.0418902,0.041151,0.0404425,0.0397627,0.0391097,0.0384817,0.0378771
0.000272555,20.6292,19.1253,17.255,15.001,12.2078,8.69809,5.25488,3.13392,1.9992,1.35817,0.971257,0.724715,0.560506,0.446977,0.36592,0.306398,0.261588,0.227099,0.200016,0.178357,0.160751,0.146236,0.134118,0.123889,0.115169,0.107668,0.10116,0.0954709,0.0904607,0.0860187,0.0820559,0.0785,0.0752918,0.0723829,0.069733,0.0673086,0.0650816,0.063028,0.0611279,0.059364,0.0577214,0.0561875,0.0547512,0.053403,0.0521345,0.0509382,0.0498078,0.0487375,0.0477222,0.0467575,0.0458393,0.044964,0.0441284,0.0433296,0.042565,0.0418321,0.0411289,0.0404534,0.0398037,0.0391784
0.000281865,20.7374,19.2411,17.3896,15.1703,12.4366,8.99448,5.497,3.27364,2.08214,1.41165,1.00819,0.751629,0.580986,0.463121,0.379027,0.317304,0.270854,0.235114,0.207054,0.184617,0.16638,0.151347,0.138795,0.128202,0.119172,0.111404,0.104667,0.0987763,0.0935896,0.0889915,0.0848897,0.0812092,0.077889,0.0748786,0.0721364,0.0696276,0.0673231,0.0651983,0.0632322,0.0614071,0.0597077,0.0581207,0.0566348,0.0552399,0.0539275,0.0526899,0.0515205,0.0504132,0.0493629,0.0483649,0.0474151,0.0465096,0.0456452,0.0448189,0.0440279,0.0432697,0.0425423,0.0418435,0.0411715,0.0405246
0.000291494,20.8438,19.3549,17.5215,15.3355,12.6592,9.28761,5.74883,3.42074,2.16913,1.46752,1.04667,0.779628,0.602266,0.479883,0.392626,0.328615,0.280462,0.243422,0.214348,0.191103,0.172212,0.15664,0.14364,0.132668,0.123317,0.115273,0.108296,0.102198,0.0968282,0.0920683,0.0878225,0.084013,0.0805767,0.0774611,0.0746233,0.0720272,0.0696425,0.0674439,0.0654096,0.0635212,0.0617628,0.0601209,0.0585835,0.0571404,0.0557826,0.0545023,0.0532924,0.0521469,0.0510604,0.0500279,0.0490453,0.0481086,0.0472144,0.0463596,0.0455413,0.0447571,0.0440046,0.0432817,0.0425865,0.0419174
0.000301452,20.9485,19.4666,17.6508,15.4968,12.8757,9.57656,6.00996,3.57563,2.26043,1.52593,1.08679,0.808764,0.624382,0.497287,0.406738,0.340346,0.290424,0.252034,0.221907,0.197824,0.178254,0.162123,0.148657,0.137293,0.127608,0.119278,0.112054,0.10574,0.10018,0.0952528,0.0908577,0.0869147,0.083358,0.0801336,0.0771968,0.0745102,0.0720426,0.0697675,0.0676625,0.0657086,0.0638893,0.0621904,0.0605998,0.0591068,0.057702,0.0563774,0.0551257,0.0539407,0.0528166,0.0517485,0.050732,0.049763,0.0488379,0.0479536,0.0471071,0.0462959,0.0455174,0.0447696,0.0440505,0.0433583
0.00031175,21.0516,19.5765,17.7776,15.6544,13.0863,9.86058,6.27976,3.73873,2.3563,1.58702,1.12863,0.839088,0.647372,0.515362,0.421384,0.352516,0.300754,0.260962,0.229742,0.204789,0.184513,0.167802,0.153853,0.142083,0.132051,0.123425,0.115944,0.109406,0.10365,0.0985488,0.0939992,0.0899178,0.0862364,0.0828993,0.0798599,0.0770796,0.074526,0.0721718,0.0699937,0.0679719,0.0660895,0.0643318,0.0626861,0.0611413,0.059688,0.0583175,0.0570226,0.0557966,0.0546337,0.0535287,0.052477,0.0514746,0.0505176,0.0496028,0.0487271,0.0478879,0.0470826,0.0463091,0.0455652,0.0448491
0.0003224,21.153,19.6846,17.9019,15.8083,13.2913,10.1391,6.5574,3.91046,2.457,1.65092,1.17227,0.870659,0.671273,0.534136,0.436586,0.365143,0.311467,0.270218,0.237862,0.212006,0.190999,0.173686,0.159236,0.147043,0.136653,0.127719,0.119971,0.113201,0.107242,0.10196,0.0972506,0.0930258,0.0892154,0.0857614,0.0826158,0.0797385,0.0770959,0.0746598,0.0724059,0.0703139,0.0683661,0.0665474,0.0648447,0.0632465,0.0617428,0.0603249,0.0589852,0.0577168,0.0565137,0.0553706,0.0542826,0.0532455,0.0522555,0.0513091,0.0504032,0.0495351,0.048702,0.0479018,0.0471322,0.0463915
0.000333414,21.2529,19.7908,18.0239,15.9588,13.4907,10.4116,6.84187,4.09124,2.56286,1.71782,1.21781,0.903535,0.696128,0.553641,0.452368,0.378243,0.322578,0.279815,0.24628,0.219486,0.197719,0.179782,0.164811,0.15218,0.141418,0.132164,0.124141,0.11713,0.11096,0.105492,0.100616,0.0962425,0.0922984,0.0887234,0.0854678,0.08249,0.0797553,0.0772343,0.074902,0.0727373,0.0707219,0.0688401,0.0670783,0.0654246,0.0638689,0.062402,0.0610159,0.0597036,0.0584589,0.0572763,0.0561507,0.0550778,0.0540536,0.0530746,0.0521374,0.0512393,0.0503775,0.0495496,0.0487536,0.0479873
0.000344804,21.3513,19.8953,18.1436,16.1059,13.6849,10.6778,7.13199,4.28144,2.67418,1.78787,1.26536,0.937781,0.72198,0.573906,0.468754,0.391838,0.334104,0.289766,0.255007,0.227239,0.204683,0.186098,0.170587,0.157501,0.146353,0.136768,0.128458,0.121198,0.114809,0.109147,0.104099,0.0995719,0.0954892,0.0917889,0.0884193,0.0853375,0.0825074,0.0798985,0.077485,0.075245,0.0731595,0.0712124,0.0693894,0.0676785,0.0660688,0.0645511,0.063117,0.0617593,0.0604716,0.059248,0.0580836,0.0569736,0.0559141,0.0549012,0.0539317,0.0530026,0.052111,0.0512546,0.0504311,0.0496384
0.000356583,21.4483,19.9982,18.2612,16.2498,13.874,10.9375,7.42642,4.48143,2.7913,1.86127,1.315,0.973463,0.748875,0.594967,0.485769,0.405947,0.346061,0.300087,0.264055,0.235275,0.211901,0.192642,0.17657,0.163013,0.151464,0.141535,0.132928,0.12541,0.118793,0.112931,0.107705,0.103018,0.0987917,0.0949615,0.0914739,0.0882843,0.0853553,0.0826554,0.0801579,0.0778399,0.075682,0.0736672,0.071781,0.0700106,0.0683452,0.0667748,0.0652911,0.0638864,0.0625541,0.0612883,0.0600835,0.0589352,0.057839,0.0567912,0.0557882,0.054827,0.0539047,0.0530187,0.0521668,0.0513467
0.000368764,21.5437,20.0994,18.3766,16.3907,14.0582,11.1907,7.72376,4.69148,2.9146,1.93822,1.36687,1.01065,0.776862,0.616859,0.503442,0.420592,0.358466,0.310792,0.273436,0.243606,0.219381,0.199423,0.18277,0.168723,0.156757,0.146472,0.137557,0.12977,0.122918,0.116848,0.111437,0.106585,0.10221,0.0982452,0.0946353,0.091334,0.0883027,0.0855086,0.082924,0.0805253,0.0782922,0.0762074,0.0742556,0.0724239,0.0707006,0.0690759,0.0675407,0.0660874,0.064709,0.0633993,0.0621529,0.0609649,0.0598308,0.0587467,0.0577091,0.0567147,0.0557605,0.054844,0.0539626,0.0531142
0.000381362,21.6378,20.199,18.4899,16.5285,14.2376,11.4372,8.02259,4.91181,3.04445,2.01891,1.42108,1.04943,0.805992,0.639618,0.5218,0.435796,0.371338,0.321895,0.283165,0.252243,0.227134,0.20645,0.189193,0.174637,0.16224,0.151584,0.14235,0.134285,0.127189,0.120903,0.115301,0.110277,0.105748,0.101644,0.0979072,0.0944903,0.0913529,0.0884612,0.0857864,0.0833042,0.0809934,0.078836,0.0768165,0.0749211,0.073138,0.0714569,0.0698685,0.0683649,0.0669387,0.0655837,0.0642942,0.063065,0.0618917,0.0607702,0.0596967,0.0586679,0.0576808,0.0567326,0.0558208,0.0549431
0.00039439,21.7306,20.297,18.6012,16.6635,14.4126,11.677,8.32148,5.14252,3.18126,2.1036,1.47776,1.08986,0.836319,0.663284,0.540873,0.451581,0.384698,0.333414,0.293255,0.261198,0.235172,0.213733,0.195848,0.180765,0.167919,0.15688,0.147314,0.138959,0.13161,0.125101,0.1193,0.114099,0.10941,0.105161,0.101294,0.0977569,0.0945097,0.0915169,0.0887488,0.08618,0.0837887,0.0815562,0.0794664,0.0775052,0.0756602,0.0739208,0.0722773,0.0707215,0.0692459,0.067844,0.0665098,0.0652381,0.0640243,0.0628639,0.0617533,0.060689,0.0596677,0.0586867,0.0577435,0.0568355
0.000407863,21.822,20.3936,18.7107,16.7957,14.5832,11.9104,8.61911,5.38357,3.32545,2.19251,1.53704,1.13205,0.867902,0.687898,0.560692,0.467974,0.398563,0.345365,0.30372,0.270484,0.243504,0.221282,0.202745,0.187113,0.173802,0.162364,0.152454,0.1438,0.136189,0.129448,0.123441,0.118055,0.113201,0.108802,0.104799,0.101138,0.0977769,0.0946794,0.0918145,0.0891561,0.0866815,0.0843713,0.0822088,0.0801793,0.0782703,0.0764704,0.0747699,0.0731601,0.0716334,0.0701829,0.0688025,0.0674868,0.0662309,0.0650304,0.0638814,0.0627802,0.0617237,0.0607088,0.0597329,0.0587936
0.000421796,21.9121,20.4886,18.8182,16.9253,14.7497,12.1374,8.91426,5.63476,3.47746,2.28593,1.59909,1.17608,0.900801,0.713505,0.581291,0.485,0.412956,0.357766,0.314575,0.280114,0.252142,0.229107,0.209892,0.193691,0.179897,0.168045,0.157778,0.148813,0.140929,0.133948,0.127727,0.122151,0.117125,0.112571,0.108427,0.104637,0.101159,0.0979526,0.0949876,0.0922362,0.0896752,0.0872845,0.0850467,0.0829467,0.0809713,0.0791089,0.0773493,0.0756837,0.074104,0.0726032,0.071175,0.0698137,0.0685143,0.0672723,0.0660835,0.0649442,0.0638511,0.0628012,0.0617915,0.0608197
0.000436205,22.0009,20.5823,18.924,17.0523,14.9121,12.3583,9.20588,5.89571,3.63774,2.38412,1.66406,1.22205,0.935082,0.74015,0.602704,0.502686,0.4279,0.370636,0.325837,0.290101,0.261099,0.237218,0.2173,0.200507,0.186211,0.173929,0.163291,0.154004,0.145838,0.138607,0.132165,0.126391,0.121187,0.116473,0.112182,0.108259,0.104659,0.10134,0.0982714,0.0954239,0.0927736,0.0902995,0.0879837,0.0858106,0.0837664,0.0818393,0.0800186,0.0782952,0.0766607,0.0751078,0.0736301,0.0722216,0.0708772,0.0695921,0.0683622,0.0671835,0.0660526,0.0649663,0.0639217,0.0629163
0.000451107,22.0886,20.6746,19.0279,17.1768,15.0708,12.573,9.49306,6.1658,3.80677,2.4874,1.73211,1.27006,0.970813,0.767882,0.624967,0.52106,0.443417,0.383993,0.337522,0.30046,0.270388,0.245627,0.224978,0.207571,0.192753,0.180025,0.169002,0.159381,0.150921,0.143432,0.13676,0.13078,0.125392,0.120511,0.116069,0.112009,0.108281,0.104846,0.10167,0.0987231,0.0959802,0.0934198,0.0910233,0.0887745,0.0866591,0.084665,0.082781,0.0809977,0.0793065,0.0776997,0.0761706,0.0747134,0.0733224,0.0719928,0.0707202,0.0695007,0.0683306,0.0672068,0.0661261,0.0650859
0.000466517,22.175,20.7655,19.1302,17.2989,15.2257,12.7818,9.77507,6.44422,3.98498,2.5961,1.80344,1.32023,1.00807,0.796754,0.648121,0.540154,0.459532,0.397859,0.349647,0.311207,0.280021,0.254346,0.232937,0.214891,0.199531,0.186341,0.174918,0.164949,0.156185,0.148427,0.141517,0.135325,0.129746,0.124692,0.120093,0.115889,0.112031,0.108476,0.105188,0.102138,0.099299,0.0966492,0.0941691,0.0918419,0.0896528,0.0875893,0.0856398,0.0837945,0.0820444,0.0803819,0.0787998,0.077292,0.0758528,0.074477,0.0731604,0.0718986,0.0706881,0.0695253,0.0684072,0.0673309
0.000482454,22.2602,20.8551,19.2308,17.4187,15.3771,12.985,10.0513,6.72994,4.17283,2.71056,1.87824,1.37267,1.04692,0.82682,0.672206,0.56,0.476271,0.412255,0.362231,0.322357,0.290012,0.263387,0.241187,0.222478,0.206556,0.192884,0.181046,0.170716,0.161636,0.153601,0.146443,0.14003,0.134253,0.12902,0.124259,0.119907,0.115912,0.112232,0.108829,0.105672,0.102734,0.0999916,0.0974249,0.0950164,0.0927512,0.0906157,0.0885984,0.0866889,0.0848781,0.0831578,0.0815208,0.0799605,0.0784714,0.077048,0.0756856,0.0743802,0.0731276,0.0719246,0.0707677,0.0696542
0.000498936,22.3444,20.9435,19.3298,17.5363,15.525,13.1827,10.3215,7.02173,4.37072,2.83116,1.95673,1.42751,1.08746,0.858137,0.697263,0.58063,0.49366,0.427204,0.375293,0.333926,0.300376,0.272762,0.249741,0.230342,0.213835,0.199663,0.187394,0.17669,0.167282,0.158958,0.151544,0.144902,0.138919,0.133501,0.128571,0.124065,0.11993,0.116121,0.112598,0.10933,0.106289,0.103451,0.100795,0.0983022,0.0959579,0.093748,0.0916605,0.0896845,0.0878106,0.0860305,0.0843366,0.0827222,0.0811814,0.0797086,0.078299,0.0769482,0.0756523,0.0744075,0.0732106,0.0720585
0.00051598,22.4274,21.0306,19.4273,17.6517,15.6697,13.3751,10.5851,7.3182,4.57902,2.9583,2.03914,1.48489,1.12977,0.890769,0.723341,0.60208,0.511729,0.442728,0.388853,0.345932,0.311128,0.282486,0.258611,0.238494,0.221379,0.206688,0.193971,0.182878,0.17313,0.164506,0.156826,0.149947,0.143751,0.13814,0.133035,0.12837,0.12409,0.120146,0.1165,0.113117,0.109969,0.107032,0.104282,0.101703,0.0992768,0.0969898,0.0948295,0.0927848,0.0908457,0.0890037,0.0872509,0.0855804,0.083986,0.0824621,0.0810036,0.0796059,0.078265,0.0769771,0.0757387,0.0745467
0.000533607,22.5093,21.1165,19.5232,17.7651,15.8113,13.5625,10.8422,7.61788,4.79801,3.09241,2.12571,1.54495,1.17395,0.924779,0.750486,0.624388,0.530507,0.458854,0.402931,0.358392,0.322284,0.292572,0.267808,0.246946,0.229199,0.213967,0.200785,0.189288,0.179187,0.170252,0.162296,0.155171,0.148753,0.142943,0.137658,0.132827,0.128395,0.124313,0.120538,0.117037,0.113779,0.110738,0.107893,0.105223,0.102712,0.100345,0.0981095,0.0959935,0.093987,0.0920808,0.090267,0.0885385,0.0868887,0.0853118,0.0838027,0.0823565,0.080969,0.0796364,0.078355,0.0771218
0.000551836,22.5902,21.2012,19.6177,17.8764,15.9498,13.745,11.0926,7.91926,5.02788,3.23394,2.21671,1.60786,1.2201,0.960239,0.77875,0.647593,0.550026,0.475606,0.417551,0.371327,0.33386,0.303035,0.277346,0.255708,0.237304,0.221511,0.207846,0.195929,0.185462,0.176203,0.167961,0.160581,0.153933,0.147916,0.142443,0.137442,0.132853,0.128626,0.124719,0.121094,0.117722,0.114574,0.111629,0.108866,0.106268,0.103818,0.101504,0.0993147,0.0972381,0.0952656,0.0933887,0.0916001,0.0898929,0.0882612,0.0866996,0.0852032,0.0837676,0.0823887,0.0810629,0.0797868
0.000570687,22.67,21.2847,19.7107,17.9857,16.0853,13.9229,11.3363,8.22083,5.26868,3.38335,2.31243,1.67378,1.26833,0.997222,0.808188,0.671737,0.57032,0.493013,0.432734,0.384755,0.345873,0.313889,0.287239,0.264793,0.245706,0.229329,0.215162,0.20281,0.191961,0.182368,0.173829,0.166183,0.159298,0.153066,0.147398,0.142219,0.137468,0.133092,0.129047,0.125295,0.121804,0.118546,0.115497,0.112637,0.109948,0.107413,0.105018,0.102752,0.100603,0.098562,0.0966198,0.0947688,0.0930022,0.0913137,0.0896979,0.0881495,0.086664,0.0852372,0.0838654,0.082545
0.000590183,22.7488,21.3671,19.8023,18.0932,16.2181,14.0962,11.5733,8.52119,5.52029,3.54115,2.41319,1.74289,1.31874,1.03581,0.838857,0.696864,0.591423,0.511104,0.448506,0.398698,0.358343,0.325152,0.2975,0.274215,0.254417,0.237434,0.222744,0.209939,0.198695,0.188753,0.179905,0.171984,0.164853,0.158398,0.152528,0.147166,0.142246,0.137715,0.133527,0.129643,0.126029,0.122657,0.119501,0.116541,0.113758,0.111134,0.108656,0.10631,0.104086,0.101974,0.099964,0.0980486,0.0962204,0.0944733,0.0928012,0.0911989,0.0896618,0.0881854,0.086766,0.0853997
0.000610344,22.8266,21.4484,19.8926,18.1988,16.3482,14.2653,11.8039,8.81903,5.78239,3.70785,2.51931,1.8154,1.37147,1.07608,0.870817,0.72302,0.613373,0.529908,0.464892,0.413179,0.371288,0.336841,0.308146,0.283986,0.263449,0.245834,0.230602,0.217327,0.205671,0.195368,0.1862,0.177993,0.170605,0.16392,0.157841,0.152287,0.147193,0.142502,0.138166,0.134145,0.130403,0.126913,0.123646,0.120582,0.117701,0.114986,0.112421,0.109994,0.107692,0.105506,0.103426,0.101443,0.0995516,0.0977436,0.0960132,0.0943553,0.0927647,0.091237,0.0897682,0.0883544
0.000631195,22.9035,21.5287,19.9816,18.3026,16.4756,14.4302,12.0281,9.11325,6.05443,3.88395,2.63116,1.89151,1.42665,1.11813,0.904135,0.750256,0.636209,0.549458,0.48192,0.428219,0.384729,0.348972,0.319191,0.294121,0.272814,0.254543,0.238747,0.224982,0.2129,0.20222,0.19272,0.184217,0.176563,0.169638,0.163342,0.15759,0.152315,0.147458,0.142968,0.138805,0.134932,0.131319,0.127937,0.124766,0.121784,0.118973,0.116318,0.113806,0.111424,0.109161,0.107009,0.104957,0.103,0.101129,0.099338,0.0976223,0.0959763,0.0943955,0.0928755,0.0914126
0.000652757,22.9794,21.6079,20.0692,18.4047,16.6006,14.5912,12.246,9.40289,6.33561,4.06997,2.74913,1.97145,1.48443,1.16205,0.938879,0.778623,0.659972,0.569789,0.499617,0.443843,0.398685,0.361564,0.330651,0.304634,0.282526,0.263572,0.247189,0.232915,0.220389,0.20932,0.199474,0.190663,0.182734,0.17556,0.169039,0.163082,0.157619,0.152589,0.147941,0.143631,0.139621,0.13588,0.13238,0.129097,0.12601,0.123101,0.120353,0.117753,0.115287,0.112946,0.110718,0.108595,0.106569,0.104632,0.10278,0.101004,0.0993007,0.0976648,0.096092,0.0945782
0.000675056,23.0544,21.6861,20.1557,18.5052,16.7231,14.7484,12.458,9.6872,6.62489,4.26641,2.87365,2.05548,1.54494,1.20795,0.975122,0.808177,0.684706,0.590935,0.518014,0.460077,0.41318,0.374637,0.342545,0.315541,0.292599,0.272934,0.25594,0.241138,0.228151,0.216676,0.206472,0.197341,0.189126,0.181694,0.174938,0.168769,0.163112,0.157903,0.15309,0.148627,0.144475,0.140602,0.136979,0.133581,0.130385,0.127374,0.12453,0.121838,0.119287,0.116863,0.114557,0.11236,0.110263,0.10826,0.106342,0.104505,0.102742,0.101049,0.0994214,0.097855
0.000698117,23.1285,21.7632,20.2409,18.604,16.8433,14.9019,12.6641,9.96558,6.92102,4.47372,3.00514,2.14386,1.60837,1.25593,1.01294,0.838979,0.710459,0.612935,0.537142,0.476948,0.428237,0.38821,0.354891,0.326858,0.303047,0.282642,0.265012,0.249661,0.236194,0.224298,0.213721,0.204259,0.195746,0.188047,0.181049,0.174659,0.168799,0.163405,0.158421,0.1538,0.149502,0.145492,0.141741,0.138223,0.134915,0.131798,0.128854,0.126068,0.123427,0.120919,0.118532,0.116258,0.114088,0.112014,0.11003,0.108128,0.106304,0.104552,0.102868,0.101247
0.000721966,23.2016,21.8394,20.3249,18.7012,16.9612,15.0519,12.8647,10.2376,7.22253,4.6923,3.14412,2.23689,1.67489,1.30612,1.05243,0.871089,0.737278,0.635828,0.557034,0.494484,0.44388,0.402306,0.367706,0.338601,0.313885,0.29271,0.274419,0.258496,0.24453,0.232197,0.221232,0.211426,0.202605,0.194627,0.187377,0.180758,0.174689,0.169103,0.163942,0.159157,0.154706,0.150555,0.146671,0.143029,0.139605,0.136378,0.133331,0.130447,0.127713,0.125117,0.122647,0.120294,0.118048,0.115901,0.113847,0.111879,0.109992,0.108179,0.106436,0.104758
0.00074663,23.274,21.9147,20.4077,18.797,17.0769,15.1985,13.0598,10.5031,7.52785,4.92244,3.29107,2.33488,1.7447,1.35864,1.09367,0.904576,0.765218,0.659658,0.577727,0.512715,0.460136,0.416948,0.381011,0.350789,0.32513,0.303153,0.284173,0.267655,0.253171,0.240382,0.229016,0.218851,0.209709,0.201444,0.193933,0.187076,0.18079,0.175004,0.169659,0.164704,0.160095,0.155797,0.151776,0.148005,0.14446,0.14112,0.137966,0.134981,0.132151,0.129464,0.126907,0.124471,0.122147,0.119925,0.1178,0.115763,0.113809,0.111933,0.110129,0.108393
0.000772136,23.3455,21.989,20.4895,18.8912,17.1905,15.342,13.2499,10.7617,7.83532,5.16432,3.44655,2.43817,1.818,1.41363,1.13675,0.939512,0.794332,0.684469,0.599257,0.531673,0.47703,0.432157,0.394827,0.36344,0.336798,0.313985,0.294289,0.277151,0.262127,0.248865,0.237081,0.226545,0.21707,0.208505,0.200723,0.193619,0.187108,0.181115,0.175579,0.170448,0.165676,0.161225,0.157062,0.153158,0.149488,0.14603,0.142765,0.139675,0.136746,0.133964,0.131318,0.128797,0.12639,0.124091,0.121891,0.119783,0.117761,0.11582,0.113953,0.112156
0.000798513,23.4161,22.0624,20.5701,18.984,17.302,15.4822,13.4349,11.0135,8.14331,5.41792,3.61112,2.54714,1.89503,1.47124,1.18179,0.975971,0.824681,0.710308,0.621663,0.551391,0.494592,0.44796,0.409175,0.376572,0.348906,0.325222,0.30478,0.286997,0.271412,0.257658,0.245439,0.234517,0.224697,0.21582,0.207757,0.200397,0.193652,0.187445,0.181711,0.176397,0.171455,0.166847,0.162536,0.158494,0.154694,0.151114,0.147734,0.144535,0.141503,0.138624,0.135885,0.133275,0.130784,0.128405,0.126128,0.123946,0.121853,0.119843,0.117911,0.116052
0.000825791,23.4859,22.1349,20.6496,19.0754,17.4116,15.6195,13.6151,11.2584,8.45026,5.68305,3.78538,2.66219,1.97602,1.53162,1.22889,1.01404,0.856327,0.737227,0.644988,0.571904,0.512852,0.464383,0.424079,0.390208,0.361473,0.336881,0.315661,0.297207,0.281039,0.266773,0.254102,0.242778,0.232599,0.223399,0.215044,0.207419,0.200431,0.194001,0.188062,0.182558,0.177441,0.172668,0.168205,0.16402,0.160085,0.156379,0.152879,0.149568,0.146429,0.143448,0.140613,0.137911,0.135334,0.13287,0.130514,0.128256,0.12609,0.124009,0.12201,0.120085
0.000854002,23.555,22.2066,20.7281,19.1654,17.5193,15.754,13.7907,11.4966,8.75476,5.95924,3.96992,2.78376,2.06124,1.59496,1.27818,1.05379,0.889338,0.765279,0.669276,0.59325,0.531842,0.481453,0.439563,0.404368,0.374518,0.348979,0.326949,0.307796,0.29102,0.276222,0.263081,0.25134,0.240787,0.231252,0.222593,0.214692,0.207453,0.200792,0.19464,0.18894,0.18364,0.178697,0.174075,0.169742,0.165668,0.161831,0.158207,0.154779,0.15153,0.148444,0.145509,0.142713,0.140044,0.137495,0.135055,0.132718,0.130476,0.128323,0.126253,0.124261
0.000883176,23.6232,22.2773,20.8056,19.2541,17.6251,15.8856,13.9619,11.7281,9.05558,6.24573,4.16533,2.91233,2.151,1.66142,1.32977,1.09534,0.923785,0.794521,0.694573,0.615467,0.551596,0.4992,0.455652,0.419074,0.388061,0.361535,0.33866,0.318779,0.30137,0.286018,0.272388,0.260213,0.249273,0.23939,0.230415,0.222228,0.214727,0.207826,0.201454,0.195549,0.19006,0.184942,0.180155,0.175668,0.17145,0.167476,0.163725,0.160176,0.156812,0.153617,0.150579,0.147684,0.144922,0.142283,0.139757,0.137338,0.135018,0.132789,0.130647,0.128586
0.000913346,23.6907,22.3473,20.8821,19.3415,17.7292,16.0146,14.1289,11.9531,9.35168,6.5415,4.37221,3.0484,2.2456,1.73123,1.38381,1.13877,0.959745,0.825014,0.72093,0.638599,0.572149,0.517653,0.472373,0.434351,0.402123,0.374567,0.350811,0.330171,0.312104,0.296174,0.282037,0.269411,0.258068,0.247822,0.23852,0.230036,0.222263,0.215114,0.208512,0.202396,0.19671,0.191409,0.186452,0.181805,0.177438,0.173323,0.169439,0.165765,0.162282,0.158975,0.155829,0.152832,0.149973,0.147241,0.144627,0.142123,0.139721,0.137414,0.135197,0.133063
0.000944548,23.7575,22.4164,20.9576,19.4276,17.8315,16.141,14.2919,12.1719,9.64222,6.84524,4.59108,3.19254,2.3454,1.8046,1.44044,1.1842,0.9973,0.856823,0.748399,0.662688,0.593539,0.536846,0.489754,0.450223,0.416726,0.388095,0.363421,0.34199,0.323236,0.306707,0.29204,0.278945,0.267183,0.25656,0.246919,0.238126,0.230071,0.222663,0.215824,0.209489,0.203599,0.198109,0.192975,0.188162,0.18364,0.179379,0.175357,0.171553,0.167947,0.164523,0.161266,0.158164,0.155204,0.152375,0.149669,0.147077,0.144591,0.142203,0.139908,0.137699
0.000976815,23.8235,22.4848,21.0321,19.5126,17.9321,16.2649,14.451,12.3846,9.92659,7.15539,4.82239,3.34533,2.45076,1.88176,1.49984,1.23174,1.03654,0.890018,0.777038,0.687783,0.615806,0.556813,0.507825,0.466716,0.431894,0.40214,0.376509,0.354253,0.334784,0.317629,0.302412,0.288829,0.276631,0.265618,0.255623,0.246509,0.238162,0.230486,0.2234,0.216836,0.210735,0.205048,0.199731,0.194747,0.190063,0.185651,0.181487,0.177547,0.173814,0.170269,0.166897,0.163685,0.160621,0.157693,0.154891,0.152208,0.149634,0.147163,0.144787,0.142501
0.00101018,23.8888,22.5523,21.1058,19.5963,18.031,16.3865,14.6063,12.5914,10.2043,7.47022,5.06649,3.50742,2.56212,1.96298,1.56216,1.28151,1.07755,0.924672,0.806907,0.713934,0.638991,0.577591,0.526619,0.483859,0.447651,0.416725,0.390094,0.366978,0.346763,0.328958,0.313168,0.299076,0.286425,0.275005,0.264643,0.255196,0.246545,0.238591,0.231249,0.224448,0.218128,0.212237,0.20673,0.201568,0.196717,0.192148,0.187836,0.183756,0.17989,0.17622,0.172729,0.169403,0.166231,0.1632,0.1603,0.157522,0.154857,0.152299,0.149839,0.147473
0.00104469,23.9534,22.6191,21.1785,19.6789,18.1284,16.5057,14.7581,12.7925,10.4751,7.7879,5.32354,3.67946,2.6799,2.04855,1.62761,1.33365,1.12044,0.960864,0.838068,0.741193,0.663141,0.599216,0.546167,0.501679,0.464023,0.431873,0.404197,0.380184,0.359192,0.340708,0.324322,0.309701,0.296579,0.284736,0.273993,0.264199,0.255233,0.246989,0.239382,0.232335,0.225788,0.219685,0.213981,0.208634,0.20361,0.198878,0.194412,0.190188,0.186184,0.182384,0.178769,0.175326,0.172041,0.168903,0.165901,0.163025,0.160267,0.157618,0.155072,0.152622
0.00108038,24.0172,22.6851,21.2503,19.7603,18.2243,16.6227,14.9065,12.9883,10.7388,8.10658,5.5935,3.86217,2.80462,2.13877,1.69639,1.38831,1.16532,0.998681,0.870593,0.769617,0.688303,0.621731,0.566504,0.520209,0.481037,0.447607,0.418841,0.393892,0.372089,0.352898,0.33589,0.32072,0.307107,0.294825,0.283684,0.273531,0.264237,0.255693,0.247809,0.240508,0.233724,0.227402,0.221492,0.215954,0.21075,0.20585,0.201225,0.19685,0.192704,0.188769,0.185026,0.181461,0.17806,0.174811,0.171702,0.168725,0.165869,0.163127,0.160492,0.157956
0.00111729,24.0805,22.7504,21.3212,19.8406,18.3187,16.7376,15.0516,13.1788,10.9954,8.42449,5.87603,4.05627,2.93681,2.23399,1.76873,1.44565,1.21231,1.03821,0.904553,0.799268,0.714527,0.645178,0.587669,0.53948,0.498722,0.463953,0.434048,0.408121,0.385473,0.365545,0.34789,0.332147,0.318024,0.305284,0.293731,0.283204,0.273569,0.264713,0.256542,0.248976,0.241947,0.235397,0.229275,0.223538,0.218148,0.213072,0.208282,0.203751,0.199458,0.195383,0.191507,0.187816,0.184294,0.18093,0.177712,0.174629,0.171672,0.168834,0.166105,0.16348
0.00115546,24.143,22.815,21.3913,19.9199,18.4116,16.8504,15.1935,13.3644,11.2448,8.74004,6.17048,4.26249,3.07707,2.33458,1.84487,1.50583,1.26153,1.07956,0.940028,0.830209,0.741868,0.669604,0.609701,0.559526,0.517108,0.480939,0.449842,0.422895,0.399365,0.378668,0.360338,0.343999,0.329345,0.316129,0.304147,0.293231,0.283241,0.274061,0.265593,0.257752,0.250469,0.243682,0.237339,0.231396,0.225813,0.220555,0.215594,0.210901,0.206455,0.202235,0.198221,0.194399,0.190752,0.187269,0.183937,0.180745,0.177684,0.174745,0.17192,0.169201
0.00119493,24.2049,22.8789,21.4606,19.9981,18.5031,16.9612,15.3324,13.5452,11.4872,9.0518,6.47588,4.48155,3.22603,2.44095,1.92507,1.56904,1.31311,1.12283,0.977102,0.86251,0.770384,0.695056,0.632641,0.580384,0.536227,0.498591,0.46625,0.438237,0.413786,0.392287,0.373254,0.356292,0.341086,0.327374,0.314946,0.303626,0.293268,0.283752,0.274974,0.266848,0.2593,0.252267,0.245696,0.239539,0.233755,0.228309,0.223169,0.218309,0.213705,0.209334,0.205177,0.201219,0.197443,0.193836,0.190385,0.18708,0.183911,0.180868,0.177943,0.175129
0.00123575,24.2661,22.942,21.529,20.0753,18.5933,17.07,15.4684,13.7213,11.7228,9.3586,6.79085,4.7141,3.3844,2.55357,2.00965,1.63549,1.36722,1.16812,1.01587,0.896245,0.800135,0.721588,0.656533,0.602093,0.556112,0.516942,0.483298,0.45417,0.428757,0.406422,0.386655,0.369047,0.353264,0.339037,0.326144,0.314404,0.303663,0.293797,0.284697,0.276275,0.268452,0.261165,0.254356,0.247976,0.241984,0.236342,0.231019,0.225985,0.221215,0.216688,0.212384,0.208284,0.204374,0.200639,0.197066,0.193644,0.190362,0.187211,0.184183,0.181269
0.00127797,24.3268,23.0045,21.5967,20.1515,18.6821,17.177,15.6016,13.8931,11.9516,9.65951,7.11372,4.96071,3.55292,2.67292,2.09892,1.70541,1.424,1.21558,1.05642,0.931494,0.831188,0.749253,0.681426,0.624692,0.576799,0.536021,0.501014,0.47072,0.444303,0.421095,0.400563,0.382279,0.365897,0.351133,0.337757,0.325579,0.314441,0.304211,0.294777,0.286046,0.277939,0.270387,0.263331,0.256721,0.250512,0.244667,0.239153,0.233938,0.228998,0.224309,0.219851,0.215605,0.211556,0.207687,0.203987,0.200444,0.197045,0.193783,0.190647,0.18763
0.00132162,24.3868,23.0664,21.6636,20.2267,18.7696,17.2821,15.7321,14.0607,12.174,9.95384,7.44257,5.22183,3.73242,2.79958,2.19323,1.77902,1.48364,1.26533,1.09886,0.96834,0.863612,0.778111,0.707367,0.648225,0.598325,0.555862,0.519427,0.487915,0.460448,0.436328,0.414998,0.396011,0.379003,0.36368,0.349801,0.337168,0.325616,0.315008,0.305227,0.296176,0.287772,0.279945,0.272633,0.265783,0.259351,0.253295,0.247582,0.24218,0.237063,0.232206,0.227588,0.223191,0.218997,0.214991,0.211159,0.207489,0.20397,0.200591,0.197344,0.19422
0.00136677,24.4461,23.1275,21.7297,20.301,18.8559,17.3855,15.8599,14.2242,12.3901,10.2411,7.77528,5.49763,3.92375,2.93413,2.29299,1.85661,1.54633,1.31751,1.14332,1.00688,0.897485,0.808226,0.734412,0.672737,0.620731,0.5765,0.53857,0.505782,0.477217,0.452145,0.429983,0.410261,0.392602,0.376696,0.362294,0.349188,0.337205,0.326203,0.316061,0.306678,0.297966,0.289853,0.282275,0.275177,0.268511,0.262237,0.256318,0.250722,0.24542,0.240389,0.235606,0.231052,0.226708,0.222559,0.21859,0.21479,0.211145,0.207647,0.204284,0.201049
0.00141346,24.5049,23.1881,21.795,20.3743,18.9409,17.4872,15.9853,14.3839,12.6002,10.5209,8.10971,5.78804,4.12783,3.07726,2.39863,1.93847,1.61228,1.37229,1.1899,1.04721,0.932885,0.839663,0.762617,0.698278,0.644058,0.597972,0.558475,0.524352,0.494639,0.468572,0.44554,0.425052,0.406713,0.390201,0.375254,0.361655,0.349224,0.337813,0.327295,0.317566,0.308535,0.300125,0.29227,0.284914,0.278007,0.271505,0.265372,0.259574,0.254082,0.24887,0.243916,0.239198,0.234698,0.230401,0.226291,0.222355,0.21858,0.214957,0.211475,0.208125
0.00146175,24.5632,23.248,21.8597,20.4467,19.0248,17.5872,16.1083,14.5398,12.8046,10.7932,8.44379,6.09262,4.34558,3.22972,2.51065,2.02492,1.68171,1.42983,1.23875,1.08943,0.969902,0.872497,0.792042,0.724899,0.668352,0.620318,0.579178,0.543655,0.512741,0.485634,0.461694,0.440407,0.421359,0.404215,0.388699,0.374587,0.36169,0.349853,0.338945,0.328857,0.319493,0.310775,0.302633,0.295008,0.28785,0.281113,0.274757,0.26875,0.26306,0.257661,0.252528,0.247641,0.24298,0.238529,0.234271,0.230195,0.226286,0.222533,0.218927,0.215458
0.00151169,24.6208,23.3072,21.9236,20.5183,19.1075,17.6857,16.2289,14.6922,13.0033,11.0578,8.7756,6.41048,4.57793,3.39233,2.62957,2.11632,1.7549,1.49033,1.29,1.13367,1.00863,0.906803,0.822753,0.752655,0.693659,0.643579,0.600714,0.563725,0.531554,0.503359,0.478469,0.456348,0.436561,0.418758,0.40265,0.388003,0.374621,0.362341,0.351028,0.340565,0.330856,0.321817,0.313377,0.305474,0.298054,0.291072,0.284486,0.278262,0.272366,0.266772,0.261454,0.256391,0.251563,0.246952,0.242543,0.23832,0.234271,0.230385,0.22665,0.223057
0.00156333,24.6779,23.3659,21.9868,20.589,19.189,17.7826,16.3473,14.8412,13.1968,11.3149,9.10347,6.74028,4.82577,3.56599,2.75601,2.21308,1.8321,1.554,1.34383,1.18004,1.04916,0.942666,0.854818,0.781605,0.72003,0.667799,0.623124,0.584597,0.551109,0.521775,0.495894,0.472901,0.452343,0.433852,0.417128,0.401924,0.388037,0.375296,0.36356,0.352708,0.34264,0.333267,0.324517,0.316325,0.308634,0.301398,0.294573,0.288122,0.282013,0.276217,0.270707,0.265462,0.26046,0.255684,0.251116,0.246742,0.242548,0.238522,0.234654,0.230933
0.00161673,24.7344,23.424,22.0493,20.6588,19.2695,17.878,16.4636,14.987,13.3852,11.5646,9.426,7.08024,5.08989,3.7517,2.89064,2.31564,1.91364,1.62104,1.4004,1.22869,1.09162,0.980174,0.888312,0.811811,0.74752,0.693025,0.646447,0.606308,0.571439,0.540915,0.513996,0.490093,0.46873,0.449521,0.432154,0.41637,0.401956,0.388735,0.376559,0.365303,0.354861,0.345142,0.33607,0.327576,0.319605,0.312104,0.30503,0.298345,0.292015,0.286009,0.2803,0.274865,0.269683,0.264735,0.260003,0.255471,0.251127,0.246957,0.242951,0.239096
0.00167196,24.7903,23.4815,22.1112,20.7278,19.3489,17.9719,16.5777,15.1296,13.5687,11.807,9.74212,7.42817,5.37089,3.95053,3.03421,2.42449,1.99985,1.69173,1.4599,1.27976,1.13612,1.01942,0.923315,0.84334,0.776184,0.719307,0.670729,0.628896,0.592581,0.560808,0.532805,0.50795,0.485746,0.465789,0.447751,0.431362,0.4164,0.402679,0.390046,0.378369,0.367538,0.357459,0.348051,0.339245,0.330981,0.323206,0.315874,0.308945,0.302385,0.29616,0.290245,0.284614,0.279245,0.274118,0.269215,0.264521,0.260021,0.255701,0.251551,0.247558
0.00172908,24.8458,23.5384,22.1723,20.796,19.4272,18.0644,16.6899,15.2692,13.7476,12.0424,10.051,7.7816,5.66911,4.16363,3.18756,2.5402,2.09113,1.76633,1.52254,1.33342,1.18278,1.06052,0.959912,0.876265,0.806085,0.746697,0.696015,0.652404,0.61457,0.581491,0.552351,0.526502,0.503419,0.48268,0.463942,0.446923,0.43139,0.417149,0.404039,0.391924,0.380689,0.370235,0.360479,0.351348,0.342779,0.334719,0.327119,0.319937,0.313137,0.306687,0.300557,0.294722,0.289158,0.283846,0.278767,0.273903,0.269241,0.264766,0.260467,0.256331
0.00178815,24.9007,23.5948,22.2329,20.8633,19.5045,18.1555,16.8001,15.406,13.9221,12.271,10.3522,8.13793,5.98448,4.39223,3.35165,2.6634,2.18789,1.84516,1.58855,1.38984,1.23176,1.10358,0.998196,0.910662,0.837288,0.775252,0.722355,0.676874,0.637447,0.602997,0.572669,0.545778,0.521777,0.500223,0.480754,0.463078,0.446949,0.432166,0.41856,0.405989,0.394332,0.383489,0.37337,0.363901,0.355017,0.34666,0.338781,0.331336,0.324288,0.317603,0.31125,0.305203,0.299438,0.293933,0.28867,0.283631,0.278801,0.274165,0.26971,0.265426
0.00184923,24.9551,23.6506,22.2928,20.93,19.5809,18.2453,16.9084,15.5399,14.0922,12.4931,10.6452,8.49459,6.31647,4.63761,3.52754,2.79478,2.29062,1.92854,1.65819,1.44922,1.28319,1.14872,1.03827,0.946613,0.869862,0.805031,0.749801,0.702354,0.661254,0.625366,0.593792,0.565812,0.540851,0.518444,0.498213,0.47985,0.4631,0.447752,0.433629,0.420584,0.408489,0.39724,0.386745,0.376924,0.367711,0.359045,0.350877,0.343159,0.335853,0.328924,0.322339,0.316072,0.310097,0.304393,0.29894,0.293718,0.288713,0.28391,0.279295,0.274856
0.00191241,25.0089,23.7058,22.352,20.9958,19.6562,18.3339,17.0149,15.6712,14.2583,12.7089,10.9299,8.84922,6.66391,4.90102,3.71642,2.93517,2.39986,2.01688,1.73173,1.51177,1.33726,1.19607,1.08023,0.984209,0.903882,0.836099,0.778409,0.728892,0.686033,0.648637,0.615756,0.586636,0.560671,0.537373,0.516346,0.497267,0.47987,0.463933,0.449271,0.435731,0.423181,0.411509,0.400621,0.390435,0.38088,0.371894,0.363424,0.355423,0.347849,0.340666,0.33384,0.327345,0.321153,0.315241,0.309589,0.304179,0.298993,0.294016,0.289234,0.284635
0.00197774,25.0623,23.7606,22.4107,21.0609,19.7306,18.4211,17.1196,15.8,14.4205,12.9187,11.2063,9.19971,7.02501,5.18364,3.91961,3.08546,2.51622,2.11058,1.80949,1.57773,1.39414,1.24578,1.12421,1.02354,0.939428,0.868523,0.808238,0.75654,0.711832,0.672852,0.638602,0.608287,0.58127,0.557041,0.535183,0.515357,0.497283,0.480732,0.465509,0.451453,0.438428,0.426317,0.415021,0.404455,0.394544,0.385225,0.376442,0.368145,0.360293,0.352846,0.345771,0.339037,0.332619,0.326492,0.320635,0.315028,0.309654,0.304496,0.299541,0.294776
0.0020453,25.1152,23.8148,22.4688,21.1253,19.8041,18.5071,17.2226,15.9262,14.579,13.1228,11.4746,9.54435,7.39734,5.48646,4.13859,3.2467,2.64039,2.21014,1.89183,1.64736,1.45403,1.29801,1.17032,1.06472,0.976586,0.902378,0.839351,0.785354,0.7387,0.698056,0.662368,0.630801,0.602685,0.577481,0.554753,0.534147,0.515368,0.498176,0.482368,0.467775,0.454255,0.441687,0.429966,0.419003,0.408723,0.399057,0.389948,0.381345,0.373203,0.365482,0.358147,0.351167,0.344514,0.338163,0.332092,0.326281,0.320712,0.315367,0.310232,0.305294
0.00211517,25.1676,23.8684,22.5262,21.189,19.8767,18.5919,17.324,16.0501,14.7339,13.3214,11.7348,9.88181,7.77797,5.81018,4.37498,3.42007,2.77317,2.3161,1.97913,1.72097,1.51716,1.35294,1.21871,1.10786,1.01545,0.937741,0.871815,0.815394,0.76669,0.724295,0.687099,0.654219,0.62495,0.598727,0.57509,0.553668,0.534153,0.516292,0.499874,0.484722,0.470686,0.457641,0.445478,0.434103,0.423437,0.413411,0.403963,0.395041,0.386598,0.378592,0.370987,0.363751,0.356854,0.350271,0.343978,0.337955,0.332182,0.326643,0.321322,0.316204
0.00218743,25.2195,23.9216,22.5831,21.252,19.9484,18.6756,17.4238,16.1717,14.8854,13.5147,11.9872,10.2111,8.16366,6.15493,4.63053,3.60694,2.91546,2.42909,2.07184,1.79887,1.58378,1.41075,1.26953,1.15307,1.05612,0.974697,0.905703,0.846721,0.795857,0.751621,0.71284,0.678582,0.648106,0.620815,0.596228,0.573953,0.553669,0.53511,0.518056,0.50232,0.487747,0.474205,0.46158,0.449777,0.438711,0.428309,0.418509,0.409255,0.400498,0.392196,0.38431,0.376807,0.369657,0.362833,0.356309,0.350066,0.344082,0.338341,0.332826,0.327522
0.00226215,25.271,23.9743,22.6394,21.3142,20.0192,18.7581,17.522,16.291,15.0336,13.703,12.2321,10.5316,8.55108,6.5202,4.90708,3.80885,3.06833,2.54982,2.17046,1.88142,1.65416,1.47165,1.32294,1.20048,1.0987,1.01333,0.941092,0.879404,0.826261,0.780087,0.739639,0.703935,0.672192,0.643783,0.618201,0.595035,0.573948,0.554661,0.536941,0.520597,0.505464,0.491404,0.478299,0.466049,0.454565,0.443773,0.433606,0.424007,0.414924,0.406314,0.398137,0.390357,0.382943,0.375867,0.369105,0.362632,0.35643,0.350478,0.344762,0.339265
0.00233943,25.322,24.0265,22.6952,21.3759,20.0892,18.8395,17.6187,16.4083,15.1787,13.8866,12.4698,10.843,8.93708,6.90456,5.2065,4.02762,3.23298,2.67911,2.27557,1.96906,1.72861,1.53588,1.37912,1.25025,1.14331,1.05375,0.978064,0.913513,0.857965,0.809748,0.767547,0.730324,0.697252,0.667671,0.641048,0.61695,0.595023,0.574974,0.556562,0.539582,0.523865,0.509265,0.49566,0.482944,0.471026,0.459827,0.449279,0.43932,0.429899,0.420968,0.412487,0.404419,0.396731,0.389394,0.382383,0.375672,0.369242,0.363073,0.357147,0.351449
0.00241935,25.3725,24.0782,22.7504,21.4368,20.1584,18.9198,17.714,16.5235,15.3207,14.0656,12.7005,11.145,9.31886,7.30563,5.53054,4.26526,3.41083,2.81791,2.38782,2.06224,1.80748,1.6037,1.43827,1.30253,1.19008,1.09606,1.01671,0.949126,0.891037,0.840666,0.796619,0.757799,0.723332,0.692523,0.664809,0.639735,0.61693,0.596086,0.576949,0.559306,0.542979,0.527817,0.513691,0.50049,0.488119,0.476497,0.46555,0.455218,0.445444,0.43618,0.427383,0.419015,0.411042,0.403434,0.396164,0.389206,0.382539,0.376143,0.37,0.364093
0.002502,25.4226,24.1294,22.8051,21.4971,20.2268,18.9991,17.8079,16.6367,15.4599,14.2402,12.9245,11.4377,9.69413,7.72006,5.88066,4.52411,3.60355,2.96732,2.50798,2.16151,1.89114,1.67539,1.50061,1.35749,1.23914,1.14036,1.05712,0.986325,0.925548,0.872903,0.826912,0.786412,0.750481,0.718382,0.689525,0.66343,0.639706,0.61803,0.598136,0.579801,0.562839,0.547089,0.532419,0.518713,0.505871,0.493807,0.482447,0.471725,0.461584,0.451973,0.442847,0.434168,0.425899,0.418008,0.410469,0.403254,0.396341,0.389709,0.38334,0.377216
0.00258747,25.4722,24.1802,22.8592,21.5568,20.2943,19.0774,17.9003,16.748,15.5963,14.4108,13.1423,11.7213,10.0611,8.14377,6.25771,4.80678,3.8131,3.12867,2.63692,2.26747,1.98005,1.75127,1.56639,1.41532,1.29065,1.18678,1.09941,1.0252,0.961575,0.906529,0.858488,0.81622,0.778749,0.745297,0.715241,0.688076,0.66339,0.640845,0.62016,0.601102,0.583475,0.567114,0.551876,0.537643,0.524309,0.511786,0.499994,0.488867,0.478344,0.468372,0.458904,0.4499,0.441323,0.433139,0.425319,0.417837,0.410668,0.403792,0.397188,0.390839
0.00267586,25.5215,24.2305,22.9129,21.6159,20.3611,19.1547,17.9915,16.8574,15.7301,14.5773,13.3539,11.996,10.4186,8.57227,6.66164,5.11611,4.04179,3.30348,2.77569,2.38084,2.07469,1.83172,1.63587,1.47622,1.34476,1.23546,1.14367,1.06584,0.999201,0.941615,0.891412,0.847281,0.808191,0.773318,0.742004,0.713718,0.688025,0.66457,0.643058,0.623245,0.604924,0.587923,0.572094,0.55731,0.543464,0.530462,0.518221,0.506672,0.49575,0.485402,0.475579,0.466237,0.457339,0.44885,0.440739,0.432978,0.425544,0.418413,0.411564,0.40498
0.00276728,25.5702,24.2804,22.966,21.6743,20.4272,19.231,18.0813,16.9651,15.8612,14.74,13.5598,12.262,10.7658,9.00108,7.09101,5.45515,4.29239,3.49362,2.92549,2.50244,2.17565,1.91713,1.70935,1.54043,1.40167,1.28654,1.19004,1.10835,1.03851,0.97824,0.925752,0.879659,0.838864,0.802497,0.769863,0.740401,0.713653,0.689246,0.666869,0.646266,0.627221,0.609552,0.593105,0.577748,0.563367,0.549866,0.537157,0.525167,0.513831,0.503091,0.492897,0.483204,0.473972,0.465165,0.456751,0.448701,0.44099,0.433594,0.426492,0.419664
0.00286181,25.6186,24.3298,23.0186,21.7322,20.4925,19.3063,18.1699,17.071,15.9899,14.8991,13.7603,12.5198,11.1022,9.42612,7.54286,5.82688,4.56815,3.7013,3.0878,2.63325,2.28359,2.00797,1.78717,1.60819,1.46156,1.34017,1.23864,1.15284,1.07961,1.01649,0.961585,0.91342,0.870829,0.832892,0.798872,0.768175,0.740322,0.714917,0.691635,0.670206,0.650403,0.632037,0.614945,0.59899,0.584052,0.570029,0.556832,0.544383,0.532615,0.521468,0.510888,0.500829,0.491249,0.482111,0.473382,0.465031,0.457032,0.44936,0.441993,0.434912
0.00295957,25.6666,24.3788,23.0707,21.7895,20.5571,19.3808,18.2573,17.1752,16.1163,15.0548,13.9555,12.7698,11.4277,9.84401,8.01251,6.23388,4.87296,3.92926,3.26435,2.7744,2.39926,2.10477,1.86972,1.6798,1.52464,1.39653,1.28961,1.19943,1.12259,1.05645,0.998988,0.948636,0.904153,0.864562,0.829084,0.797093,0.768079,0.741629,0.717399,0.695107,0.674512,0.655417,0.637652,0.621071,0.605551,0.590985,0.577279,0.564352,0.552134,0.540561,0.529579,0.519139,0.509197,0.499715,0.490657,0.481993,0.473694,0.465736,0.458094,0.450749
0.00306068,25.7141,24.4273,23.1224,21.8462,20.621,19.4543,18.3435,17.2779,16.2404,15.2071,14.1458,13.0121,11.7424,10.2522,8.49399,6.67775,5.21134,4.18083,3.45731,2.92726,2.52359,2.20815,1.95742,1.75556,1.59118,1.45582,1.34312,1.24825,1.16756,1.09821,1.03805,0.985383,0.938904,0.897572,0.860561,0.827208,0.796978,0.769432,0.74421,0.721012,0.69959,0.679733,0.661263,0.64403,0.627903,0.612769,0.598532,0.585106,0.572419,0.560403,0.549002,0.538165,0.527846,0.518005,0.508605,0.499615,0.491005,0.482747,0.47482,0.4672
0.00316524,25.7613,24.4754,23.1735,21.9023,20.6842,19.5269,18.4285,17.3789,16.3622,15.3562,14.3313,13.2473,12.0466,10.6488,8.98063,7.15828,5.58847,4.46018,3.66931,3.09351,2.65761,2.31881,2.05076,1.83583,1.66142,1.51823,1.39931,1.29944,1.21464,1.14188,1.07885,1.02374,0.975156,0.931988,0.893364,0.858581,0.827073,0.798378,0.772115,0.74797,0.725681,0.705027,0.685822,0.667906,0.651144,0.635419,0.620627,0.606682,0.593504,0.581027,0.569189,0.557938,0.547226,0.537011,0.527256,0.517926,0.508991,0.500423,0.492198,0.484292
0.00327336,25.808,24.5231,23.2242,21.9579,20.7467,19.5987,18.5124,17.4785,16.482,15.5023,14.5124,13.4757,12.3406,11.0327,9.46589,7.67261,6.01,4.77251,3.90367,3.27517,2.80262,2.43758,2.1503,1.92101,1.73566,1.58399,1.45838,1.35314,1.26396,1.18758,1.1215,1.0638,1.01299,0.967883,0.92756,0.891273,0.858423,0.828521,0.801167,0.77603,0.752833,0.731345,0.71137,0.692742,0.675317,0.658973,0.643603,0.629114,0.615426,0.602467,0.590174,0.578491,0.56737,0.556766,0.546639,0.536955,0.527682,0.518791,0.510256,0.502053
0.00338519,25.8544,24.5704,23.2745,22.013,20.8086,19.6697,18.5952,17.5765,16.5997,15.6455,14.6891,13.6976,12.6249,11.4035,9.94409,8.21463,6.48146,5.1244,4.16465,3.47477,2.96014,2.56543,2.2567,2.01156,1.81425,1.65337,1.52054,1.40952,1.31566,1.23541,1.16609,1.10565,1.05248,1.00534,0.963219,0.925349,0.891088,0.859919,0.831421,0.805243,0.781095,0.758734,0.737954,0.71858,0.700463,0.683473,0.667499,0.652443,0.638222,0.62476,0.611992,0.599859,0.588311,0.577301,0.566789,0.556736,0.54711,0.537882,0.529024,0.520512
0.00350083,25.9004,24.6173,23.3243,22.0675,20.8698,19.7398,18.6769,17.6732,16.7154,15.7859,14.8618,13.9133,12.8998,11.761,10.4108,8.77526,7.00714,5.52412,4.45774,3.69551,3.13206,2.70351,2.3707,2.10798,1.89754,1.72663,1.58599,1.46877,1.36988,1.28551,1.21275,1.1494,1.09373,1.04442,1.00042,0.960881,0.925135,0.892635,0.862935,0.835666,0.810521,0.787246,0.765623,0.745469,0.726628,0.708962,0.692357,0.67671,0.661932,0.647945,0.634681,0.62208,0.610087,0.598654,0.587738,0.577301,0.567308,0.557729,0.548535,0.5397
0.00362043,25.946,24.6638,23.3736,22.1215,20.9304,19.8092,18.7576,17.7684,16.8292,15.9236,15.0305,14.1232,13.1658,12.1054,10.863,9.34365,7.58802,5.98194,4.79024,3.94155,3.32072,2.85323,2.49318,2.21087,1.98596,1.8041,1.65498,1.53107,1.4268,1.33801,1.26159,1.19514,1.13683,1.08524,1.03924,0.997942,0.960633,0.926734,0.895771,0.867357,0.841167,0.816934,0.794428,0.773458,0.753859,0.735487,0.718222,0.701957,0.686597,0.672063,0.658282,0.645191,0.632733,0.620859,0.609523,0.598686,0.588311,0.578366,0.568821,0.55965
0.0037441,25.9912,24.7099,23.4225,22.175,20.9903,19.8777,18.8373,17.8623,16.9412,16.0587,15.1955,14.3276,13.4234,12.4372,11.299,9.909,8.21922,6.51002,5.17208,4.21835,3.52909,3.01627,2.62518,2.32091,2.07998,1.88613,1.72779,1.59665,1.48658,1.39307,1.31274,1.243,1.18188,1.12787,1.07976,1.03661,0.997657,0.962285,0.929996,0.900378,0.873092,0.847854,0.824424,0.802599,0.782206,0.763097,0.745142,0.728229,0.712263,0.697157,0.682836,0.669233,0.656291,0.643956,0.632182,0.620927,0.610153,0.599827,0.589917,0.580396
0.00387201,26.0361,24.7556,23.471,22.228,21.0497,19.9455,18.916,17.9549,17.0515,16.1913,15.357,14.5267,13.6731,12.7568,11.7178,10.4623,8.88823,7.12108,5.6169,4.53336,3.761,3.19474,2.76795,2.4389,2.18015,1.9731,1.80471,1.66573,1.54943,1.45086,1.36634,1.29309,1.229,1.17243,1.12209,1.07698,1.03629,0.999363,0.965678,0.934796,0.906359,0.880067,0.855667,0.832947,0.811724,0.791841,0.773165,0.755577,0.738976,0.723272,0.708386,0.694251,0.680802,0.667987,0.655756,0.644065,0.632875,0.622151,0.61186,0.601974
0.00400428,26.0805,24.801,23.519,22.2804,21.1084,20.0125,18.9937,18.0462,17.16,16.3216,15.515,14.7208,13.9152,13.0648,12.1194,10.9972,9.57605,7.82417,6.14387,4.89705,4.02155,3.39128,2.92299,2.56576,2.2871,2.06546,1.88608,1.73859,1.61555,1.51154,1.42255,1.34556,1.2783,1.21901,1.16631,1.11913,1.0766,1.03805,1.00289,0.970681,0.941036,0.913637,0.88822,0.864562,0.842468,0.821776,0.802344,0.784049,0.766785,0.750456,0.734981,0.720288,0.706312,0.692995,0.680286,0.668141,0.656517,0.645378,0.63469,0.624423
0.00414108,26.1247,24.8459,23.5666,22.3324,21.1665,20.0788,19.0705,18.1363,17.2668,16.4496,15.6698,14.9102,14.1502,13.3619,12.5043,11.5098,10.2617,8.61619,6.77947,5.32468,4.31768,3.60927,3.09213,2.7026,2.40153,2.16372,1.97227,1.81551,1.68519,1.57532,1.48153,1.40055,1.32991,1.26773,1.21253,1.16316,1.1187,1.07842,1.04172,1.00811,0.977192,0.948631,0.922147,0.897504,0.874498,0.852959,0.832736,0.813702,0.795742,0.77876,0.76267,0.747394,0.732866,0.719025,0.705818,0.693198,0.681121,0.669549,0.658447,0.647783
0.00428254,26.1685,24.8905,23.6139,22.384,21.2241,20.1444,19.1463,18.2252,17.3721,16.5753,15.8215,15.0953,14.3785,13.6487,12.873,11.9985,10.9276,9.47235,7.55718,5.8396,4.65924,3.85316,3.27767,2.85075,2.52429,2.26844,2.06369,1.89682,1.75858,1.6424,1.54346,1.45821,1.38398,1.31872,1.26087,1.20918,1.16267,1.12057,1.08224,1.04716,1.0149,0.985121,0.957517,0.93184,0.907878,0.885451,0.864399,0.84459,0.825904,0.808239,0.791504,0.775619,0.760514,0.746126,0.732399,0.719284,0.706733,0.694709,0.683175,0.672097
0.00442884,26.2119,24.9348,23.6607,22.435,21.2811,20.2093,19.2213,18.313,17.4758,16.699,15.9702,15.2759,14.6005,13.9258,13.2265,12.4632,11.5624,10.3479,8.50563,6.47908,5.06082,4.12898,3.4825,3.01179,2.65637,2.3803,2.16083,1.98286,1.83603,1.71302,1.60854,1.51872,1.44064,1.37212,1.31144,1.25729,1.20862,1.1646,1.12455,1.08791,1.05425,1.02318,0.994403,0.967641,0.942675,0.919316,0.897396,0.876776,0.857329,0.838948,0.821539,0.805017,0.789309,0.774349,0.760079,0.746445,0.733401,0.720905,0.708919,0.697409
0.00458014,26.255,24.9786,23.7071,22.4856,21.3376,20.2735,19.2954,18.3996,17.5779,16.8206,16.1161,15.4525,14.8165,14.1938,13.5656,12.9046,12.1608,11.197,9.60852,7.3042,5.54533,4.44512,3.71036,3.1877,2.79893,2.50005,2.26421,2.07405,1.91785,1.78743,1.67698,1.58225,1.50007,1.42805,1.36438,1.30762,1.25666,1.21061,1.16874,1.13047,1.09532,1.0629,1.03288,1.00498,0.978962,0.954624,0.931794,0.910323,0.890079,0.870949,0.852835,0.835647,0.819308,0.80375,0.78891,0.774735,0.761176,0.748187,0.735729,0.723767
0.0047366,26.2978,25.0221,23.7531,22.5357,21.3935,20.337,19.3687,18.4851,17.6787,16.9402,16.2592,15.6251,15.027,14.4533,13.8913,13.3241,12.7219,11.9906,10.7652,8.40452,6.15139,4.8139,3.96622,3.38091,2.95336,2.62858,2.37446,2.17084,2.00438,1.86593,1.74903,1.64901,1.56243,1.48669,1.41983,1.3603,1.30691,1.2587,1.21491,1.17491,1.1382,1.10436,1.07304,1.04394,1.01681,0.991448,0.967663,0.945299,0.924221,0.904306,0.885452,0.867567,0.850568,0.834384,0.81895,0.804209,0.79011,0.776606,0.763656,0.751222
0.00489841,26.3402,25.0653,23.7987,22.5854,21.4488,20.3999,19.4412,18.5695,17.778,17.0579,16.3998,15.7941,15.232,14.7047,14.2046,13.723,13.2473,12.7187,11.8511,9.82133,6.94975,5.25429,4.25686,3.59453,3.12135,2.76693,2.49228,2.27373,2.09601,1.94881,1.82493,1.71922,1.62792,1.5482,1.47793,1.41546,1.35949,1.309,1.26318,1.22136,1.183,1.14766,1.11496,1.0846,1.05631,1.02987,1.00508,0.981778,0.959823,0.939086,0.919458,0.900842,0.883152,0.866312,0.850256,0.834924,0.820261,0.806219,0.792754,0.779827
0.00506575,26.3823,25.1082,23.844,22.6347,21.5037,20.4621,19.5128,18.6529,17.876,17.1738,16.5378,15.9595,15.4318,14.9486,14.5062,14.1031,13.7396,13.3827,12.8097,11.3274,8.07617,5.79775,4.59189,3.83259,3.30498,2.91633,2.61847,2.38331,2.19319,2.03642,1.90497,1.79312,1.69675,1.61276,1.53886,1.47324,1.41453,1.36163,1.31366,1.26991,1.22981,1.19288,1.15874,1.12705,1.09754,1.06996,1.04412,1.01984,0.996962,0.975362,0.954922,0.93554,0.917126,0.899601,0.882894,0.866942,0.85169,0.837084,0.823081,0.809639
0.0052388,26.4241,25.1506,23.8889,22.6835,21.558,20.5237,19.5836,18.7353,17.9726,17.2879,16.6734,16.1216,15.6269,15.1854,14.7969,14.4657,14.2017,13.9891,13.643,12.6224,9.70134,6.50137,4.98556,4.10042,3.50682,3.07826,2.75399,2.50023,2.2964,2.12916,1.98946,1.87097,1.76913,1.68058,1.60279,1.53383,1.4722,1.41673,1.36648,1.32068,1.27874,1.24014,1.20448,1.17139,1.14059,1.11182,1.08487,1.05955,1.03571,1.01321,0.991919,0.971734,0.952561,0.934318,0.916929,0.90033,0.884458,0.869264,0.854698,0.840717
0.00541777,26.4656,25.1928,23.9334,22.7319,21.6119,20.5847,19.6537,18.8167,18.0679,17.4003,16.8066,16.2805,15.8174,15.4155,15.0776,14.8124,14.6369,14.5453,14.3718,13.6675,11.5177,7.47987,5.46029,4.40533,3.73016,3.2545,2.89993,2.62525,2.4062,2.22744,2.07876,1.95307,1.84533,1.75186,1.66991,1.59737,1.53264,1.47444,1.42177,1.37381,1.32992,1.28956,1.25228,1.21772,1.18556,1.15554,1.12742,1.10102,1.07617,1.05271,1.03053,1.0095,0.989533,0.970537,0.952434,0.935155,0.918637,0.902825,0.88767,0.873125
0.00560285,26.5067,25.2346,23.9775,22.7798,21.6652,20.6451,19.723,18.8971,18.162,17.5111,16.9376,16.4362,16.0036,15.6396,15.3492,15.1444,15.0477,15.0584,15.0173,14.5257,12.9548,8.95275,6.05399,4.75769,3.97921,3.44723,3.05762,2.75925,2.52322,2.33176,2.17323,2.03971,1.92561,1.82685,1.74043,1.66407,1.59603,1.53492,1.47968,1.42943,1.38348,1.34125,1.30227,1.26615,1.23256,1.20121,1.17187,1.14433,1.11841,1.09396,1.07083,1.04892,1.02812,1.00833,0.989482,0.971491,0.954296,0.937839,0.922066,0.906931
0.00579425,26.5476,25.2761,24.0213,22.8274,21.718,20.7049,19.7916,18.9766,18.2549,17.6202,17.0665,16.5891,16.1856,15.8576,15.6118,15.4629,15.4368,15.5343,15.5961,15.2517,14.0337,10.8964,6.83668,5.17284,4.25958,3.65915,3.22862,2.90323,2.64818,2.44264,2.27332,2.13127,2.01026,1.90579,1.81458,1.73413,1.66254,1.59835,1.54037,1.48769,1.43955,1.39534,1.35456,1.3168,1.2817,1.24896,1.21832,1.18958,1.16254,1.13703,1.11292,1.09009,1.06841,1.04779,1.02815,1.00942,0.991513,0.974378,0.95796,0.942207
0.00599219,26.5881,25.3173,24.0648,22.8745,21.7704,20.764,19.8594,19.0552,18.3466,17.7278,17.1933,16.7391,16.3638,16.07,15.8661,15.7691,15.8067,15.978,16.1217,15.8818,14.888,12.5305,7.94495,5.67467,4.57884,3.89369,3.4148,3.0584,2.78189,2.56071,2.3795,2.22813,2.09961,1.98898,1.8926,1.80776,1.73239,1.66489,1.60401,1.54873,1.49827,1.45197,1.40929,1.36979,1.33309,1.29888,1.26689,1.23688,1.20865,1.18204,1.1569,1.13308,1.11049,1.089,1.06854,1.04902,1.03037,1.01252,0.995429,0.979029
0.00619689,26.6283,25.3582,24.1079,22.9213,21.8223,20.8227,19.9266,19.1329,18.4371,17.8339,17.3181,16.8864,16.5382,16.2771,16.1129,16.0641,16.1586,16.3943,16.6023,16.4398,15.5974,13.7078,9.55589,6.30274,4.94764,4.15522,3.61846,3.22615,2.92532,2.68665,2.4923,2.33071,2.19403,2.07672,1.97477,1.88521,1.80579,1.73476,1.67077,1.61275,1.55982,1.51129,1.4666,1.42526,1.38687,1.35111,1.31768,1.28633,1.25687,1.22909,1.20286,1.17802,1.15445,1.13205,1.11072,1.09038,1.07095,1.05236,1.03456,1.01748
0.00640859,26.6682,25.3987,24.1506,22.9677,21.8737,20.8807,19.993,19.2097,18.5265,17.9385,17.441,17.0311,16.709,16.4793,16.3525,16.3483,16.4945,16.7857,17.0461,16.9421,16.2067,14.6086,11.3464,7.12566,5.3814,4.44946,3.84243,3.40813,3.07955,2.82125,2.61233,2.43951,2.29391,2.16934,2.06137,1.96674,1.88296,1.80816,1.74086,1.6799,1.62435,1.57347,1.52664,1.48335,1.44318,1.40577,1.37082,1.33807,1.30729,1.27829,1.25091,1.22499,1.20041,1.17705,1.15481,1.1336,1.11335,1.09398,1.07543,1.05764
0.00662751,26.7079,25.439,24.193,23.0137,21.9247,20.9383,20.0588,19.2856,18.6149,18.0418,17.5621,17.1734,16.8765,16.6767,16.5854,16.6227,16.816,17.1556,17.4586,17.3988,16.7434,15.341,12.7379,8.25393,5.90328,4.78407,4.09025,3.60636,3.24588,2.96543,2.74027,2.55505,2.39968,2.26723,2.15275,2.05263,1.96418,1.88534,1.81449,1.7504,1.69206,1.63867,1.58957,1.54421,1.50215,1.46301,1.42645,1.39221,1.36005,1.32976,1.30117,1.27411,1.24846,1.22409,1.20089,1.17878,1.15767,1.13748,1.11815,1.09961
0.00685392,26.7472,25.4789,24.2351,23.0593,21.9752,20.9952,20.1239,19.3607,18.7022,18.1437,17.6813,17.3132,17.0407,16.8696,16.812,16.8881,17.1242,17.5063,17.8443,17.8186,17.2234,15.9614,13.7725,9.74115,6.54909,5.1695,4.36639,3.82324,3.4258,3.1202,2.87688,2.67794,2.51185,2.37079,2.24923,2.1432,2.04972,1.96653,1.8919,1.82446,1.76314,1.70708,1.65556,1.60802,1.56396,1.52297,1.48472,1.44891,1.41529,1.38363,1.35376,1.32551,1.29873,1.27329,1.24909,1.22603,1.20401,1.18296,1.1628,1.14348
0.00708806,26.7863,25.5186,24.2769,23.1045,22.0253,21.0517,20.1884,19.435,18.7884,18.2442,17.7988,17.4508,17.2018,17.0583,17.0327,17.145,17.4205,17.8399,18.2068,18.2076,17.6591,16.5022,14.5881,11.2656,7.37253,5.62029,4.6766,4.06171,3.6211,3.28678,3.02303,2.80885,2.63096,2.48047,2.35123,2.23879,2.13987,2.05202,1.97332,1.90231,1.83781,1.7789,1.72482,1.67494,1.62876,1.58582,1.54578,1.5083,1.47314,1.44004,1.40883,1.37931,1.35134,1.32479,1.29953,1.27546,1.25248,1.23053,1.20951,1.18936
0.0073302,26.8251,25.5579,24.3183,23.1493,22.075,21.1076,20.2522,19.5086,18.8737,18.3435,17.9147,17.5861,17.36,17.243,17.2477,17.3941,17.7056,18.1581,18.549,18.5704,18.0588,16.9834,15.2636,12.4971,8.43413,6.15692,5.02836,4.32541,3.83388,3.46655,3.17973,2.94854,2.7576,2.59679,2.45916,2.33977,2.23499,2.1421,2.05904,1.9842,1.9163,1.85435,1.79754,1.74518,1.69674,1.65174,1.60979,1.57055,1.53375,1.49914,1.4665,1.43565,1.40643,1.37869,1.35232,1.32719,1.30321,1.2803,1.25837,1.23736
0.00758061,26.8635,25.597,24.3594,23.1938,22.1242,21.1631,20.3154,19.5813,18.958,18.4415,18.0289,17.7193,17.5153,17.4238,17.4575,17.6359,17.9806,18.4625,18.8731,18.9107,18.4285,17.4178,15.8429,13.4571,9.71073,6.80742,5.43146,4.61884,4.06668,3.66114,3.34811,3.09788,2.89247,2.72029,2.5735,2.44654,2.33541,2.2371,2.14935,2.07039,1.99886,1.93367,1.87394,1.81894,1.7681,1.7209,1.67693,1.63583,1.5973,1.56108,1.52693,1.49468,1.46413,1.43515,1.4076,1.38136,1.35633,1.33241,1.30953,1.2876
0.00783958,26.9018,25.6358,24.4002,23.238,22.173,21.218,20.378,19.6534,19.0414,18.5384,18.1416,17.8505,17.6679,17.601,17.6623,17.8708,18.2461,18.7542,19.1812,19.2313,18.7729,17.8146,16.3519,14.2335,10.9903,7.60489,5.89868,4.9476,4.32252,3.87243,3.52949,3.25782,3.03631,2.8516,2.69477,2.55958,2.44155,2.33738,2.24457,2.16119,2.08576,2.0171,1.95425,1.89645,1.84304,1.79351,1.74739,1.70432,1.66396,1.62603,1.5903,1.55655,1.52461,1.49431,1.46552,1.4381,1.41196,1.38698,1.36309,1.34021
0.00810739,26.9397,25.6743,24.4407,23.2817,22.2214,21.2724,20.44,19.7246,19.1238,18.634,18.2528,17.9797,17.8179,17.7746,17.8624,18.0993,18.5029,19.0344,19.4749,19.5346,19.0956,18.1806,16.8075,14.8855,12.0865,8.56751,6.44617,5.31868,4.60507,4.10265,3.72535,3.42946,3.18998,2.99141,2.82354,2.67935,2.55383,2.44332,2.34505,2.25692,2.1773,2.10492,2.03874,1.97793,1.92181,1.86979,1.82139,1.77621,1.73391,1.69417,1.65676,1.62144,1.58802,1.55633,1.52623,1.49757,1.47026,1.44417,1.41922,1.39532
0.00838435,26.9774,25.7125,24.4809,23.3252,22.2694,21.3264,20.5015,19.7952,19.2053,18.7285,18.3625,18.107,17.9654,17.945,18.058,18.3217,18.7515,19.304,19.7557,19.8225,19.3994,18.5207,17.2205,15.449,12.9861,9.64809,7.09213,5.74066,4.91869,4.3544,3.93744,3.61407,3.35444,3.14048,2.96046,2.80642,2.67274,2.55534,2.45117,2.35791,2.2738,2.19742,2.12768,2.06366,2.00463,1.94996,1.89914,1.85173,1.80736,1.76571,1.72651,1.68952,1.65454,1.62138,1.5899,1.55993,1.53138,1.50411,1.47804,1.45308
0.00867077,27.0148,25.7504,24.5208,23.3683,22.317,21.3799,20.5623,19.8651,19.286,18.8219,18.4707,18.2325,18.1105,18.1121,18.2493,18.5384,18.9926,19.5639,20.0246,20.0966,19.6866,18.8385,17.5991,15.9467,13.7348,10.7214,7.85023,6.22361,5.2686,4.6307,4.16773,3.81303,3.53076,3.29966,3.10621,2.94137,2.79879,2.6739,2.56334,2.46455,2.37559,2.29493,2.22137,2.15391,2.09177,2.03428,1.98087,1.93109,1.88452,1.84084,1.79975,1.761,1.72436,1.68965,1.6567,1.62535,1.59548,1.56698,1.53973,1.51364
0.00896698,27.0519,25.7881,24.5603,23.4111,22.3643,21.4329,20.6226,19.9342,19.3658,18.9142,18.5777,18.3562,18.2533,18.2762,18.4366,18.7498,19.2267,19.8148,20.2828,20.3584,19.9592,19.1373,17.9491,16.3933,14.3734,11.6845,8.71329,6.7781,5.66083,4.9351,4.4185,4.02796,3.72012,3.4699,3.2616,3.08486,2.93254,2.79951,2.68201,2.57725,2.48306,2.39779,2.32012,2.24899,2.18353,2.12301,2.06685,2.01454,1.96564,1.9198,1.8767,1.83607,1.79768,1.76132,1.72682,1.69401,1.66276,1.63294,1.60445,1.57718
0.00927331,27.0888,25.8255,24.5996,23.4535,22.4111,21.4854,20.6824,20.0027,19.4448,19.0055,18.6832,18.4782,18.3938,18.4374,18.6201,18.956,19.454,20.0573,20.5311,20.609,20.2186,19.4193,18.2751,16.7994,14.9302,12.5138,9.63514,7.41216,6.10199,5.27157,4.69232,4.26064,3.92388,3.65224,3.42745,3.23762,3.07462,2.93271,2.80768,2.69643,2.5966,2.50637,2.42429,2.34921,2.28019,2.21645,2.15735,2.10233,2.05095,2.00281,1.95758,1.91496,1.87471,1.83661,1.80047,1.76611,1.7334,1.70219,1.67238,1.64386
0.0095901,27.1255,25.8626,24.6386,23.4956,22.4575,21.5376,20.7416,20.0706,19.5229,19.0958,18.7875,18.5985,18.5323,18.5958,18.7998,19.1574,19.6752,20.2921,20.7703,20.8494,20.4662,19.6865,18.5803,17.1721,15.4245,13.2266,10.5432,8.12481,6.59847,5.64449,4.99204,4.51308,4.14351,3.84784,3.60472,3.40043,3.22571,3.07409,2.94087,2.8226,2.71666,2.62107,2.53424,2.45493,2.38209,2.3149,2.25265,2.19476,2.14073,2.09015,2.04264,1.99791,1.95569,1.91573,1.87785,1.84186,1.80759,1.77492,1.74372,1.71388
0.00991771,27.1619,25.8995,24.6773,23.5374,22.5036,21.5892,20.8002,20.1378,19.6003,19.1851,18.8906,18.7173,18.6686,18.7515,18.9761,19.3543,19.8905,20.5196,21.0011,21.0804,20.7031,19.9405,18.8675,17.5172,15.8697,13.8468,11.3816,8.89786,7.15461,6.05826,5.32077,4.78744,4.38062,4.05797,3.79443,3.57414,3.38654,3.2243,3.08215,2.95624,2.8437,2.74232,2.65038,2.56651,2.48958,2.41869,2.35308,2.29211,2.23526,2.18207,2.13215,2.08517,2.04085,1.99893,1.9592,1.92147,1.88557,1.85135,1.81867,1.78743
0.0102565,27.198,25.9361,24.7158,23.5788,22.5493,21.6405,20.8584,20.2044,19.6769,19.2734,18.9924,18.8345,18.803,18.9046,19.149,19.5468,20.1002,20.7404,21.2241,21.3028,20.9302,20.1828,19.139,17.8388,16.2753,14.3944,12.1308,9.69461,7.76961,6.5167,5.68165,5.08606,4.63697,4.28398,3.99767,3.75968,3.5579,3.38402,3.23213,3.09793,2.97823,2.87059,2.77314,2.68435,2.60303,2.52817,2.45896,2.39471,2.33484,2.27887,2.22638,2.17701,2.13046,2.08645,2.04477,2.0052,1.96755,1.93169,1.89745,1.86473
0.0106069,27.2339,25.9725,24.7539,23.62,22.5947,21.6913,20.9161,20.2703,19.7527,19.3608,19.0931,18.9502,18.9354,19.0553,19.3187,19.7352,20.3048,20.9548,21.4399,21.5173,21.1485,20.4143,19.3966,18.1401,16.6482,14.8845,12.7949,10.473,8.43385,7.02181,6.07756,5.4113,4.91438,4.52732,4.21564,3.95803,3.74064,3.55401,3.39148,3.24825,3.12078,3.00637,2.90296,2.80889,2.72284,2.64372,2.57065,2.50289,2.4398,2.38086,2.32562,2.27371,2.22479,2.17857,2.1348,2.09327,2.05379,2.01618,1.9803,1.946
0.0109692,27.2695,26.0086,24.7918,23.6608,22.6397,21.7417,20.9732,20.3357,19.8277,19.4472,19.1926,19.0644,19.066,19.2035,19.4853,19.9196,20.5043,21.1632,21.649,21.7244,21.3586,20.6362,19.6416,18.4238,16.9939,15.3282,13.3857,11.2031,9.12749,7.57206,6.51057,5.76532,5.21469,4.78949,4.44955,4.17024,3.93564,3.73503,3.56089,3.40783,3.27192,3.15018,3.04033,2.94056,2.84942,2.76574,2.68853,2.617,2.55046,2.48836,2.4302,2.37558,2.32413,2.27555,2.22958,2.18598,2.14454,2.10508,2.06745,2.03149
0.011344,27.3049,26.0444,24.8294,23.7014,22.6843,21.7917,21.0299,20.4004,19.9021,19.5328,19.2909,19.1772,19.1948,19.3495,19.649,20.1003,20.6992,21.366,21.8517,21.9247,21.5612,20.8492,19.8755,18.6921,17.3161,15.734,13.9155,11.8724,9.82458,8.16069,6.98107,6.14984,5.53958,5.07195,4.70066,4.39737,4.14385,3.92791,3.74108,3.57732,3.43224,3.30256,3.18576,3.07984,2.98323,2.89463,2.81299,2.73742,2.66721,2.60172,2.54044,2.48293,2.42879,2.37771,2.32939,2.28358,2.24006,2.19865,2.15916,2.12145
0.0117315,27.3401,26.08,24.8667,23.7416,22.7286,21.8413,21.0861,20.4646,19.9757,19.6175,19.3882,19.2887,19.3219,19.4933,19.8098,20.2773,20.8896,21.5635,22.0485,22.1187,21.7568,21.0541,20.0992,18.9467,17.6183,16.1082,14.3951,12.4804,10.5011,8.7751,7.48682,6.56561,5.89041,5.37604,4.97018,4.64048,4.36619,4.13348,3.9328,3.7574,3.60238,3.46409,3.33977,3.22722,3.12472,3.03084,2.94443,2.86455,2.79039,2.72129,2.65668,2.59609,2.53909,2.48534,2.43452,2.38637,2.34065,2.29716,2.2557,2.21613
0.0121323,27.375,26.1154,24.9038,23.7815,22.7726,21.8905,21.1418,20.5283,20.0487,19.7013,19.4845,19.3989,19.4473,19.6349,19.968,20.451,21.0758,21.756,22.2397,22.3066,21.9459,21.2516,20.3137,19.1891,17.903,16.4557,14.8328,13.0326,11.1412,9.39876,8.02211,7.01185,6.26787,5.70282,5.25918,4.90057,4.60358,4.35257,4.13682,3.94875,3.78294,3.63535,3.5029,3.38321,3.27435,3.1748,3.08329,2.99877,2.9204,2.84744,2.77928,2.7154,2.65535,2.59876,2.54529,2.49465,2.44659,2.40089,2.35736,2.31581
0.0125467,27.4097,26.1505,24.9406,23.8212,22.8162,21.9393,21.197,20.5913,20.121,19.7844,19.5797,19.5077,19.5711,19.7745,20.1235,20.6214,21.2579,21.9437,22.4256,22.489,22.1289,21.4421,20.5198,19.4204,18.1722,16.7802,15.2356,13.5361,11.7377,10.0149,8.57782,7.48574,6.67169,6.05286,5.56847,5.17852,4.85685,4.58596,4.35384,4.15205,3.97456,3.8169,3.67569,3.54829,3.43261,3.32697,3.22998,3.14051,3.05763,2.98054,2.90859,2.84121,2.77792,2.71831,2.66202,2.60874,2.55819,2.51015,2.46441,2.42076
0.0129753,27.4441,26.1854,24.9772,23.8605,22.8595,21.9877,21.2518,20.6538,20.1927,19.8666,19.674,19.6154,19.6933,19.9121,20.2765,20.7886,21.4362,22.1269,22.6066,22.6662,22.3064,21.6263,20.7181,19.6417,18.4277,17.0849,15.6087,13.9977,12.2896,10.6103,9.14252,7.9821,7.10021,6.426,5.89849,5.47495,5.12669,4.83434,4.58454,4.36793,4.17783,4.00931,3.85866,3.72298,3.59997,3.48779,3.38493,3.29016,3.20246,3.12097,3.04498,2.97387,2.90713,2.8443,2.78502,2.72893,2.67575,2.62523,2.57714,2.53128
0.0134186,27.4784,26.22,25.0135,23.8996,22.9024,22.0357,21.3062,20.7158,20.2637,19.948,19.7672,19.7218,19.814,20.0478,20.4271,20.9528,21.6108,22.3058,22.7829,22.8384,22.4785,21.8045,20.9093,19.854,18.671,17.3722,15.9564,14.4234,12.7996,11.1767,9.70453,8.49369,7.55019,6.82108,6.24905,5.79012,5.41357,5.09824,4.82947,4.59694,4.39328,4.2131,4.0523,3.90773,3.77686,3.65768,3.54855,3.44812,3.35527,3.2691,3.1888,3.11372,3.04331,2.97707,2.91461,2.85554,2.79957,2.74642,2.69585,2.64765
0.013877,27.5124,26.2545,25.0495,23.9384,22.9451,22.0834,21.3601,20.7773,20.3341,20.0287,19.8595,19.827,19.9332,20.1816,20.5753,21.1141,21.7819,22.4806,22.9546,23.006,22.6457,21.9771,21.094,20.058,18.9033,17.6441,16.2821,14.8181,13.2717,11.7104,10.254,9.01209,8.01682,7.23582,6.61922,6.1238,5.71759,5.37797,5.08902,4.83949,4.62135,4.42869,4.25704,4.10296,3.96369,3.83704,3.72121,3.61474,3.51643,3.42525,3.34038,3.26109,3.18678,3.11693,3.05109,2.98887,2.92995,2.87402,2.82082,2.77014
0.014351,27.5462,26.2886,25.0854,23.9769,22.9874,22.1307,21.4136,20.8382,20.4038,20.1086,19.9509,19.9311,20.051,20.3136,20.7213,21.2725,21.9495,22.6516,23.1223,23.1692,22.8082,22.1445,21.2724,20.2543,19.1256,17.9024,16.5886,15.1861,13.71,12.2109,10.7838,9.52891,8.49412,7.66676,7.00719,6.47512,6.03843,5.67349,5.36333,5.09584,4.86233,4.6564,4.47321,4.309,4.16079,4.02619,3.90324,3.79036,3.68623,3.58976,3.50003,3.41628,3.33784,3.26416,3.19475,3.1292,3.06715,3.00827,2.95231,2.899
0.0148413,27.5798,26.3226,25.1209,24.0152,23.0294,22.1776,21.4667,20.8987,20.473,20.1877,20.0414,20.0341,20.1674,20.4439,20.8651,21.4283,22.114,22.8188,23.2859,23.3282,22.9663,22.3071,21.4452,20.4437,19.3388,18.1484,16.8782,15.5309,14.1184,12.6798,11.29,10.037,8.97563,8.10945,7.41023,6.84251,6.37522,5.98437,5.65223,5.36597,5.11631,4.89639,4.701,4.52607,4.3684,4.22537,4.09488,3.97521,3.86493,3.76285,3.668,3.57952,3.49673,3.419,3.34583,3.27676,3.21141,3.14944,3.09055,3.03449
0.0153483,27.6131,26.3563,25.1562,24.0532,23.0711,22.2242,21.5193,20.9587,20.5415,20.2662,20.131,20.136,20.2824,20.5725,21.0068,21.5815,22.2753,22.9824,23.4458,23.4833,23.1203,22.4651,21.6127,20.6265,19.5437,18.3834,17.1528,15.8552,14.5006,13.1193,11.771,10.5309,9.4552,8.55891,7.82487,7.22368,6.72651,6.3097,5.95516,5.64956,5.38313,5.14859,4.94041,4.75424,4.5866,4.4347,4.29628,4.16945,4.05269,3.94471,3.84446,3.75102,3.66363,3.58165,3.50452,3.43175,3.36294,3.29771,3.23575,3.17678
0.0158726,27.6463,26.3898,25.1913,24.0909,23.1125,22.2704,21.5715,21.0181,20.6095,20.344,20.2198,20.2368,20.3962,20.6994,21.1465,21.7322,22.4335,23.1426,23.6019,23.6346,23.2703,22.6187,21.7752,20.8033,19.741,18.6083,17.4139,16.1616,14.8597,13.5321,12.2267,11.0073,9.92765,9.01014,8.24713,7.61573,7.09025,6.64806,6.27116,5.94594,5.66232,5.4127,5.19125,4.99336,4.81532,4.65416,4.50743,4.37311,4.24957,4.13541,4.0295,3.93085,3.83866,3.75223,3.67094,3.5943,3.52185,3.45321,3.38804,3.32603
0.0164149,27.6792,26.4231,25.2261,24.1283,23.1537,22.3163,21.6234,21.0771,20.6769,20.421,20.3077,20.3366,20.5087,20.8248,21.2842,21.8805,22.589,23.2996,23.7547,23.7824,23.4165,22.7683,21.933,20.9744,19.9312,18.8242,17.663,16.4519,15.1982,13.9208,12.6583,11.4644,10.3891,9.45862,8.67292,8.01537,7.46391,6.99755,6.59879,6.25405,5.95308,5.68809,5.45303,5.24307,5.05429,4.88353,4.72817,4.58607,4.45547,4.33488,4.22308,4.11902,4.02182,3.93073,3.84513,3.76444,3.68821,3.61601,3.54748,3.4823
0.0169756,27.7119,26.4562,25.2607,24.1655,23.1945,22.3618,21.6748,21.1357,20.7438,20.4975,20.3948,20.4354,20.6199,20.9486,21.42,22.0265,22.7417,23.4533,23.9041,23.9266,23.5593,22.914,22.0863,21.1403,20.1149,19.0316,17.9011,16.728,15.5184,14.2878,13.0671,11.9018,10.8369,9.90064,9.09841,8.41918,7.84468,7.35591,6.93626,6.57244,6.25426,5.97385,5.72502,5.50275,5.30298,5.12236,4.95814,4.80803,4.67014,4.54291,4.42502,4.31535,4.21297,4.11707,4.02699,3.94211,3.86195,3.78606,3.71405,3.64558
0.0175555,27.7444,26.4891,25.2951,24.2024,23.235,22.4071,21.7259,21.1938,20.8101,20.5732,20.4811,20.5333,20.7299,21.071,21.554,22.1702,22.8917,23.6041,24.0503,24.0677,23.6986,23.0561,22.2356,21.3013,20.2925,19.2315,18.1293,16.9911,15.8224,14.6352,13.455,12.3197,11.2697,10.3335,9.52031,8.82391,8.22961,7.72061,7.28145,6.89937,6.5644,6.26874,6.00615,5.77152,5.56064,5.37002,5.19676,5.03847,4.89314,4.7591,4.63497,4.51954,4.41184,4.31099,4.2163,4.12711,4.0429,3.9632,3.8876,3.81573
0.0181553,27.7767,26.5217,25.3293,24.2391,23.2753,22.4519,21.7765,21.2514,20.8759,20.6483,20.5667,20.6302,20.8387,21.1918,21.6861,22.3117,23.0392,23.7521,24.1935,24.2057,23.8348,23.1947,22.3809,21.4576,20.4645,19.4242,18.3484,17.2426,16.1116,14.9651,13.8236,12.719,11.687,10.7553,9.93607,9.22673,8.61594,8.08913,7.63211,7.23286,6.88179,6.57128,6.29514,6.04823,5.82625,5.62559,5.44324,5.27668,5.12381,4.98288,4.8524,4.73112,4.61798,4.5121,4.41269,4.31909,4.23074,4.14714,4.06786,3.99251
0.0187755,27.8088,26.5542,25.3632,24.2755,23.3152,22.4965,21.8268,21.3086,20.9412,20.7227,20.6513,20.7261,20.9464,21.3113,21.8165,22.4511,23.1842,23.8973,24.3337,24.3408,23.9679,23.33,22.5225,21.6097,20.6312,19.6104,18.5593,17.4836,16.3877,15.2792,14.1747,13.1008,12.0888,11.1652,10.3439,9.62533,9.00121,8.45903,7.98598,7.57085,7.20455,6.87978,6.59048,6.33154,6.0986,5.88798,5.69656,5.52175,5.36133,5.21346,5.07659,4.94941,4.8308,4.71981,4.61563,4.51757,4.42501,4.33745,4.25442,4.17552
0.0194169,27.8407,26.5864,25.3969,24.3117,23.3549,22.5407,21.8767,21.3653,21.0059,20.7966,20.7353,20.8212,21.053,21.4294,21.9451,22.5885,23.3268,24.0398,24.4712,24.473,24.0981,23.4621,22.6606,21.7576,20.7931,19.7905,18.7624,17.715,16.6517,15.579,14.5098,13.4662,12.4756,11.5627,10.7425,10.018,9.38343,8.82822,8.34095,7.91131,7.5308,7.19249,6.89055,6.61993,6.3763,6.1559,5.95556,5.77258,5.60466,5.44991,5.30668,5.1736,5.0495,4.9334,4.82444,4.72188,4.62509,4.53353,4.44672,4.36423
0.0200802,27.8724,26.6184,25.4303,24.3476,23.3943,22.5847,21.9263,21.4216,21.0702,20.8698,20.8186,20.9153,21.1585,21.5461,22.0721,22.7239,23.4671,24.1797,24.606,24.6025,24.2254,23.5913,22.7953,21.9016,20.9502,19.9649,18.9586,17.9374,16.9048,15.8657,14.8302,13.8165,12.8481,11.948,11.1315,10.4038,9.7611,9.19497,8.6952,8.2524,7.85873,7.50768,7.19369,6.91186,6.65788,6.42798,6.21892,6.02794,5.85267,5.69112,5.54161,5.4027,5.27318,5.152,5.03827,4.93124,4.83023,4.73467,4.64408,4.55799
0.0207661,27.9039,26.6502,25.4636,24.3833,23.4334,22.6283,21.9755,21.4776,21.1339,20.9425,20.9012,21.0086,21.263,21.6616,22.1976,22.8574,23.6052,24.3172,24.7381,24.7293,24.3501,23.7176,22.9269,22.042,21.1031,20.134,19.1482,18.1518,17.148,16.1405,15.1373,14.1528,13.2072,12.3213,11.5107,10.7818,10.1332,9.55799,9.04725,8.59255,8.1867,7.82371,7.4983,7.20576,6.94184,6.70278,6.48528,6.28653,6.10409,5.93592,5.78027,5.63564,5.50078,5.3746,5.25618,5.14472,5.03953,4.94002,4.84567,4.75601
0.0214756,27.9352,26.6819,25.4966,24.4188,23.4723,22.6716,22.0243,21.5331,21.1972,21.0146,20.9832,21.1011,21.3662,21.7757,22.3215,22.9888,23.7411,24.4522,24.8678,24.8537,24.4722,23.8412,23.0555,22.1789,21.2518,20.2982,19.3316,18.3586,17.382,16.4046,15.4322,14.4763,13.5537,12.6833,11.8802,11.1521,10.4992,9.91641,9.39601,8.9305,8.51338,8.13916,7.80295,7.50021,7.22678,6.97891,6.75329,6.54703,6.35766,6.18307,6.02145,5.87126,5.7312,5.60014,5.47713,5.36134,5.25205,5.14864,5.05058,4.9574
0.0222092,27.9664,26.7133,25.5295,24.454,23.5109,22.7146,22.0728,21.5882,21.26,21.0862,21.0644,21.1927,21.4686,21.8887,22.4439,23.1186,23.8749,24.585,24.9951,24.9756,24.5919,23.9621,23.1811,22.3126,21.3967,20.4577,19.5094,18.5585,17.6076,16.6586,15.7158,14.7879,13.8886,13.0347,12.2404,11.5146,10.8589,10.2698,9.74079,9.26534,8.83769,8.45289,8.10641,7.79393,7.5114,7.25508,7.02165,6.80818,6.61214,6.43136,6.26398,6.10841,5.96331,5.82753,5.70005,5.58004,5.46675,5.35954,5.25786,5.16122
0.0229679,27.9973,26.7445,25.5621,24.489,23.5492,22.7573,22.121,21.6428,21.3223,21.1572,21.145,21.2836,21.57,22.0004,22.5649,23.2466,24.0066,24.7154,25.1201,25.0953,24.7092,24.0806,23.304,22.4431,21.5378,20.6129,19.6819,18.7519,17.8253,16.9035,15.9891,15.0885,14.2127,13.376,12.5919,11.8697,11.2124,10.6179,10.0812,9.59648,9.15889,8.764,8.40768,8.08586,7.79458,7.53014,7.28921,7.06881,6.86636,6.67962,6.5067,6.34596,6.19601,6.05566,5.92387,5.79978,5.68261,5.57171,5.46651,5.3665
0.0237525,28.028,26.7756,25.5945,24.5237,23.5873,22.7997,22.1688,21.6972,21.3842,21.2276,21.2249,21.3736,21.6704,22.1109,22.6844,23.3729,24.1364,24.8438,25.2428,25.2126,24.8242,24.1966,23.4243,22.5706,21.6756,20.7639,19.8495,18.9393,18.0359,17.1399,16.2528,15.379,14.5267,13.708,12.9352,12.2178,11.5599,10.961,10.4171,9.92366,9.47651,9.07188,8.70604,8.37517,8.07543,7.80316,7.55499,7.32792,7.1193,6.92685,6.7486,6.58289,6.42827,6.28352,6.14759,6.01956,5.89865,5.78418,5.67557,5.5723
0.0245639,28.0586,26.8064,25.6267,24.5583,23.6251,22.8419,22.2163,21.7511,21.4456,21.2975,21.3042,21.4629,21.7699,22.2203,22.8025,23.4976,24.2643,24.97,25.3634,25.3279,24.937,24.3104,23.5421,22.6952,21.81,20.911,20.0123,19.1211,18.2397,17.3685,16.5078,15.66,14.8314,14.0314,13.2709,12.5594,11.902,11.2993,10.7487,10.2469,9.79039,9.37619,9.00101,8.66128,8.35327,8.07338,7.81819,7.58466,7.37009,7.17213,6.98876,6.81827,6.65917,6.5102,6.37027,6.23846,6.11395,5.99605,5.88415,5.77772
0.0254031,28.0889,26.8371,25.6587,24.5926,23.6627,22.8837,22.2634,21.8046,21.5066,21.3669,21.3828,21.5514,21.8685,22.3286,22.9192,23.6206,24.3903,25.0942,25.4819,25.441,25.0478,24.4219,23.6574,22.8172,21.9413,21.0544,20.1708,19.2976,18.4373,17.5897,16.7545,15.9324,15.1274,14.3467,13.5997,12.8952,12.2391,11.6332,11.0764,10.5663,10.1006,9.67683,9.29234,8.94381,8.62764,8.34025,8.0782,7.83838,7.61803,7.41474,7.22643,7.05134,6.88792,6.7349,6.59113,6.45568,6.3277,6.20649,6.09143,5.98196
0.0262709,28.1191,26.8675,25.6905,24.6266,23.7,22.9253,22.3103,21.8578,21.5671,21.4358,21.4609,21.639,21.9662,22.4355,23.0346,23.7421,24.5144,25.2164,25.5984,25.5522,25.1564,24.5313,23.7704,22.9365,22.0696,21.1943,20.3251,19.4692,18.6291,17.8043,16.9936,16.1966,15.4153,14.6546,13.9221,13.2258,12.5719,11.9635,11.4007,10.8824,10.4073,9.97389,9.57999,9.22261,8.89827,8.60343,8.33459,8.08859,7.86259,7.65411,7.46101,7.28146,7.11388,6.95694,6.80949,6.67053,6.53922,6.41482,6.2967,6.18431
0.0271683,28.1491,26.8978,25.7221,24.6605,23.7371,22.9665,22.3568,21.9106,21.6272,21.5042,21.5383,21.726,22.063,22.5416,23.1487,23.862,24.6369,25.3367,25.7129,25.6614,25.2632,24.6386,23.8813,23.0534,22.195,21.3309,20.4755,19.6362,18.8153,18.0125,17.2256,16.4533,15.6956,14.9555,14.2386,13.5517,12.9011,12.2908,11.7222,11.1956,10.7109,10.2676,9.86408,9.49767,9.16507,8.86273,8.58711,8.33499,8.10341,7.88984,7.69207,7.50818,7.33656,7.17583,7.0248,6.88246,6.74793,6.62046,6.4994,6.38418
0.0280965,28.1789,26.9279,25.7535,24.6941,23.7739,23.0075,22.403,21.9631,21.6869,21.5721,21.6151,21.8124,22.1589,22.6466,23.2615,23.9804,24.7576,25.4551,25.8255,25.7687,25.368,24.744,23.9899,23.1679,22.3178,21.4643,20.6222,19.7988,18.9965,18.2147,17.4509,16.7028,15.9689,15.25,14.5497,13.8735,13.2274,12.6158,12.0416,11.5066,11.012,10.5584,10.1449,9.76916,9.42809,9.11811,8.83566,8.57739,8.34028,8.12166,7.91928,7.73115,7.55558,7.39116,7.23667,7.09105,6.9534,6.82296,6.69906,6.5811
0.0290563,28.2086,26.9578,25.7847,24.7276,23.8105,23.0483,22.4489,22.0151,21.7462,21.6395,21.6914,21.898,22.254,22.7506,23.3731,24.0973,24.8766,25.5718,25.9363,25.8743,25.471,24.8475,24.0965,23.2801,22.4379,21.5948,20.7654,19.9573,19.1728,18.4113,17.6701,16.9456,16.2354,15.5384,14.8559,14.1918,13.5513,12.9393,12.3598,11.8161,11.3113,10.8468,10.4228,10.0374,9.6875,9.36967,9.08024,8.81576,8.57307,8.34944,8.14248,7.95015,7.77072,7.60269,7.44481,7.29599,7.15532,7.02199,6.89533,6.77472
0.0300489,28.2381,26.9875,25.8157,24.7608,23.8469,23.0887,22.4945,22.0669,21.8051,21.7064,21.7671,21.983,22.3482,22.8536,23.4835,24.2129,24.9941,25.6867,26.0453,25.978,25.5722,24.9491,24.2011,23.3901,22.5555,21.7224,20.9053,20.1118,19.3446,18.6027,17.8833,17.1822,16.4957,15.821,15.1575,14.507,13.8735,13.2621,12.6776,12.1252,11.6094,11.1335,10.6984,10.3027,9.94359,9.61762,9.321,9.05016,8.80183,8.57314,8.36161,8.16511,7.98184,7.81026,7.64905,7.49711,7.35347,7.21733,7.08797,6.9648
0.0310754,28.2674,27.0171,25.8465,24.7938,23.883,23.1289,22.5398,22.1183,21.8636,21.7729,21.8423,22.0673,22.4417,22.9556,23.5927,24.327,25.1099,25.7998,26.1526,26.0801,25.6717,25.0489,24.3039,23.498,22.6708,21.8472,21.0419,20.2627,19.5121,18.7892,18.0911,17.4129,16.7501,16.0983,15.4548,14.8195,14.1947,13.5849,12.9959,12.4345,11.9073,11.4192,10.9722,10.5656,10.1968,9.86224,9.55815,9.28076,9.02665,8.79282,8.57668,8.37601,8.18891,8.0138,7.84931,7.69429,7.54775,7.40885,7.27686,7.15116
0.032137,28.2965,27.0465,25.8771,24.8266,23.9189,23.1689,22.5848,22.1693,21.9217,21.8388,21.9169,22.1509,22.5343,23.0566,23.7007,24.4397,25.2242,25.9114,26.2582,26.1805,25.7696,25.1471,24.4047,23.6038,22.7838,21.9694,21.1756,20.41,19.6755,18.9711,18.2936,17.6379,16.9988,16.3704,15.7481,15.1296,14.5153,13.9086,13.3158,12.7452,12.2059,11.7047,11.2449,10.8266,10.4474,10.1039,9.79196,9.50776,9.2477,9.00862,8.7878,8.58291,8.39198,8.21334,8.04558,7.88751,7.73811,7.59649,7.46192,7.33374
0.0332348,28.3254,27.0757,25.9076,24.8592,23.9545,23.2086,22.6295,22.22,21.9794,21.9044,21.9909,22.2339,22.6262,23.1567,23.8076,24.5512,25.337,26.0213,26.3622,26.2793,25.8659,25.2435,24.5038,23.7077,22.8946,22.0891,21.3064,20.5541,19.8351,19.1485,18.4912,17.8577,17.2421,16.6375,16.0376,15.4377,14.8358,14.2338,13.6381,13.0584,12.5063,11.9909,11.5173,11.0864,10.6961,10.343,10.0228,9.73146,9.46522,9.22072,8.99512,8.78594,8.59113,8.40896,8.23794,8.07683,7.92457,7.78026,7.64314,7.51253
0.0343702,28.3542,27.1047,25.9378,24.8915,23.9899,23.248,22.6739,22.2704,22.0367,21.9695,22.0645,22.3162,22.7173,23.2559,23.9133,24.6613,25.4484,26.1296,26.4646,26.3765,25.9606,25.3384,24.6012,23.8098,23.0032,22.2065,21.4344,20.6949,19.991,19.3218,18.6841,18.0725,17.4803,16.8999,16.3234,15.7438,15.1565,14.5614,13.9638,13.3752,12.8095,12.2788,11.7902,11.3457,10.9435,10.58,10.2511,9.95221,9.6795,9.42939,9.19885,8.98529,8.78655,8.60079,8.42648,8.26232,8.10722,7.96025,7.82059,7.68757
0.0355443,28.3828,27.1335,25.9679,24.9237,24.0251,23.2872,22.718,22.3205,22.0936,22.0341,22.1375,22.3979,22.8076,23.3541,24.018,24.7702,25.5583,26.2365,26.5655,26.4723,26.0538,25.4317,24.6969,23.91,23.1099,22.3215,21.5598,20.8327,20.1434,19.4911,18.8726,18.2825,17.7137,17.1577,16.6056,16.0481,15.4778,14.8918,14.294,13.6968,13.1168,12.5697,12.0647,11.6052,11.19,10.8155,10.4772,10.1704,9.89086,9.63489,9.39923,9.18116,8.97839,8.789,8.61137,8.44416,8.2862,8.13655,7.99437,7.85896
0.0367586,28.4113,27.1622,25.9977,24.9557,24.0601,23.3261,22.7619,22.3703,22.1502,22.0984,22.21,22.4791,22.8972,23.4514,24.1216,24.8778,25.6668,26.3418,26.6649,26.5665,26.1455,25.5235,24.791,24.0084,23.2146,22.4343,21.6826,20.9677,20.2925,19.6567,19.0569,18.4878,17.9422,17.4111,16.8843,16.3506,15.7997,15.2255,14.6296,14.0244,13.4297,12.8646,12.3417,11.8659,11.4366,11.0501,10.7016,10.3863,10.0996,9.83753,9.59655,9.37382,9.16691,8.97379,8.79279,8.62247,8.46164,8.30931,8.16461,8.02682
0.0380143,28.4396,27.1907,26.0274,24.9875,24.0949,23.3648,22.8054,22.4197,22.2064,22.1622,22.282,22.5596,22.986,23.5479,24.2242,24.9842,25.7739,26.4457,26.7628,26.6594,26.2358,25.6138,24.8836,24.1052,23.3174,22.545,21.8031,21.0999,20.4385,19.8187,19.2372,18.6888,18.1662,17.6601,17.1594,16.6511,16.1224,15.563,14.9715,14.3595,13.7494,13.165,12.6225,12.1287,11.6838,11.2843,10.9249,10.6006,10.3063,10.0377,9.7911,9.56352,9.35233,9.1554,8.97095,8.79747,8.63374,8.4787,8.33146,8.19128
0.0393129,28.4677,27.2191,26.0569,25.019,24.1294,23.4032,22.8487,22.4688,22.2623,22.2256,22.3535,22.6395,23.0742,23.6435,24.3257,25.0894,25.8797,26.5481,26.8593,26.7508,26.3247,25.7027,24.9746,24.2003,23.4184,22.6536,21.9212,21.2294,20.5815,19.9772,19.4136,18.8856,18.3858,17.9048,17.4308,16.9496,16.4455,15.9043,15.3203,14.7032,14.0777,13.4724,12.9082,12.3946,11.9327,11.5188,11.1477,10.8136,10.5111,10.2356,9.98321,9.75056,9.53494,9.33407,9.14606,8.96938,8.80269,8.64491,8.49512,8.35252
