,0.378908,0.414654,0.4504,0.486146,0.521892,0.557638,0.593384,0.62913,0.664876,0.700622,0.736368,0.772114,0.80786,0.843606,0.879352,0.915098,0.950844,0.98659,1.02234,1.05808,1.09383,1.12957,1.16532,1.20107,1.23681,1.27256,1.3083,1.34405,1.3798,1.41554,1.45129,1.48703,1.52278,1.55853,1.59427,1.63002,1.66576,1.70151,1.73726,1.773,1.80875,1.84449,1.88024,1.91599,1.95173,1.98748,2.02322,2.05897,2.09472,2.13046,2.16621,2.2377,2.30919,2.38068,2.45218,2.52367,2.59516,2.66665,2.73814,2.80964,2.88113,2.95262,3.02411,3.0956,3.1671,3.23859,3.31008,3.38157,3.45306,3.52456,3.59605,3.66754,3.73903,3.81052,3.88202,3.95351,4.025,4.09649,4.16798,4.23948,4.31097,4.38246,4.45395,4.52544,4.59694,4.66843,4.73992,4.81141,4.8829,4.9544,5.02589,5.20462,5.49059,5.77655,6.09827,6.41998,6.7417,7.09916,7.45662,7.84982,8.27877,8.70773,9.13668,9.63712,10.1376,10.638,11.2099,11.7819,12.3896,13.033,13.6764,14.3913,15.1063,15.8927,16.7148,17.5727,18.4664,19.3958,20.3967,21.4333,22.5057,23.6496,24.8292,26.116,27.4386,28.797,30.2626,31.7996,33.4082,35.0883,36.8756,38.7344
1e-08,15.4742,13.7073,11.7983,10.1881,8.76692,7.23392,4.8271,1.22895,0.318119,0.110267,0.0454923,0.0212127,0.010841,0.00594124,0.0055546,0.00533762,0.00513696,0.00495084,0.00477773,0.00461632,0.00446546,0.00432415,0.00419151,0.00406676,0.00394922,0.00383829,0.00373342,0.00363413,0.00353998,0.00345058,0.00336559,0.00328469,0.00320758,0.00313402,0.00306375,0.00299656,0.00293226,0.00287065,0.00281159,0.0027549,0.00270046,0.00264812,0.00259778,0.00254931,0.00250262,0.00245761,0.00241419,0.00237228,0.00233179,0.00229267,0.00225484,0.0021828,0.00211522,0.0020517,0.00199188,0.00193545,0.00188214,0.00183168,0.00178385,0.00173846,0.00169532,0.00165428,0.00161517,0.00157787,0.00154225,0.0015082,0.00147563,0.00144443,0.00141453,0.00138583,0.00135828,0.0013318,0.00130634,0.00128183,0.00125822,0.00123547,0.00121353,0.00119235,0.0011719,0.00115213,0.00113303,0.00111454,0.00109665,0.00107933,0.00106254,0.00104627,0.00103049,0.00101518,0.00100032,0.000985881,0.000971857,0.000938483,0.000889604,0.000845564,0.000800956,0.000760819,0.000724513,0.000688032,0.000655049,0.000622236,0.000589996,0.000560932,0.000534597,0.000506836,0.000481816,0.00045915,0.000435724,0.000414573,0.000394239,0.000374775,0.000357144,0.000339402,0.000323339,0.000307339,0.000292222,0.000277956,0.000264505,0.00025183,0.000239473,0.00022789,0.000217032,0.000206534,0.000196722,0.000187029,0.000178013,0.000169617,0.000161402,0.000153601,0.000146205,0.000139204,0.000132457,0.000126101
1.25892e-08,15.5664,13.7538,11.8452,10.2515,8.86896,7.42658,5.31312,1.63745,0.408445,0.139896,0.0574837,0.0267576,0.0136627,0.00748413,0.00715263,0.00687323,0.00661483,0.00637517,0.00615226,0.00594441,0.00575015,0.00556818,0.00539738,0.00523674,0.00508539,0.00494254,0.0048075,0.00467964,0.00455841,0.0044433,0.00433386,0.00422968,0.00413039,0.00403566,0.00394517,0.00385865,0.00377585,0.00369652,0.00362046,0.00354747,0.00347736,0.00340997,0.00334514,0.00328273,0.00322261,0.00316465,0.00310874,0.00305477,0.00300264,0.00295226,0.00290354,0.00281078,0.00272376,0.00264196,0.00256494,0.00249227,0.00242362,0.00235864,0.00229706,0.00223861,0.00218306,0.0021302,0.00207984,0.00203181,0.00198594,0.0019421,0.00190016,0.00185999,0.00182148,0.00178453,0.00174905,0.00171496,0.00168217,0.00165061,0.00162021,0.00159091,0.00156265,0.00153538,0.00150904,0.0014836,0.00145899,0.00143519,0.00141216,0.00138985,0.00136823,0.00134728,0.00132696,0.00130724,0.0012881,0.00126951,0.00125146,0.00120848,0.00114554,0.00108883,0.00103139,0.000979703,0.000932951,0.000885975,0.000843502,0.00080125,0.000759735,0.000722309,0.000688398,0.000652651,0.000620432,0.000591245,0.00056108,0.000533843,0.000507659,0.000482596,0.000459892,0.000437046,0.000416362,0.000395759,0.000376293,0.000357922,0.000340601,0.00032428,0.000308368,0.000293453,0.00027947,0.000265953,0.000253318,0.000240836,0.000229227,0.000218414,0.000207837,0.000197791,0.000188267,0.000179253,0.000170565,0.00016238
1.58489e-08,15.6537,13.7985,11.8903,10.3122,8.96527,7.60263,5.72546,2.19054,0.527423,0.177866,0.0727082,0.0337696,0.0172238,0.00942923,0.00916444,0.00880645,0.00847538,0.0081683,0.0078827,0.00761639,0.00736749,0.00713434,0.0069155,0.00670968,0.00651576,0.00633273,0.0061597,0.00599588,0.00584055,0.00569306,0.00555284,0.00541935,0.00529214,0.00517076,0.00505482,0.00494397,0.00483788,0.00473624,0.00463879,0.00454527,0.00445544,0.00436909,0.00428603,0.00420607,0.00412903,0.00405477,0.00398313,0.00391398,0.00384719,0.00378264,0.00372022,0.00360136,0.00348986,0.00338506,0.00328637,0.00319327,0.00310531,0.00302205,0.00294315,0.00286826,0.00279709,0.00272936,0.00266484,0.00260329,0.00254453,0.00248836,0.00243461,0.00238314,0.0023338,0.00228646,0.00224101,0.00219732,0.00215531,0.00211487,0.00207592,0.00203838,0.00200218,0.00196724,0.00193349,0.00190089,0.00186936,0.00183887,0.00180935,0.00178077,0.00175307,0.00172623,0.00170019,0.00167493,0.0016504,0.00162659,0.00160345,0.00154839,0.00146774,0.00139508,0.00132148,0.00125526,0.00119536,0.00113517,0.00108075,0.00102662,0.000973425,0.000925473,0.000882023,0.000836221,0.000794941,0.000757544,0.000718894,0.000683996,0.000650448,0.000618336,0.000589245,0.000559973,0.000533472,0.000507074,0.000482133,0.000458595,0.000436402,0.000415491,0.000395102,0.000375993,0.000358077,0.000340758,0.000324568,0.000308575,0.000293701,0.000279848,0.000266295,0.000253423,0.000241221,0.000229671,0.000218539,0.000208052
1.99526e-08,15.7363,13.8415,11.9338,10.3704,9.05646,7.76462,6.07996,2.88517,0.686207,0.226766,0.0920813,0.0426471,0.0217208,0.0118822,0.0116971,0.0112402,0.0108177,0.0104257,0.0100612,0.00972128,0.00940359,0.00910601,0.00882668,0.00856398,0.00831647,0.00808286,0.00786202,0.00765292,0.00745466,0.00726641,0.00708743,0.00691706,0.00675469,0.00659977,0.00645179,0.0063103,0.00617489,0.00604516,0.00592078,0.00580141,0.00568675,0.00557655,0.00547053,0.00536847,0.00527014,0.00517536,0.00508392,0.00499566,0.00491041,0.00482802,0.00474835,0.00459664,0.00445433,0.00432057,0.0041946,0.00407578,0.0039635,0.00385724,0.00375652,0.00366094,0.0035701,0.00348365,0.0034013,0.00332275,0.00324774,0.00317605,0.00310745,0.00304175,0.00297878,0.00291835,0.00286034,0.00280458,0.00275095,0.00269934,0.00264963,0.00260172,0.0025555,0.00251091,0.00246784,0.00242622,0.00238598,0.00234706,0.00230939,0.0022729,0.00223756,0.00220329,0.00217006,0.00213781,0.00210651,0.00207612,0.00204658,0.0019763,0.00187337,0.00178063,0.00168669,0.00160217,0.00152571,0.00144889,0.00137943,0.00131034,0.00124244,0.00118124,0.00112578,0.00106732,0.00101463,0.000966901,0.000917569,0.000873027,0.000830207,0.00078922,0.00075209,0.000714729,0.000680903,0.00064721,0.000615376,0.000585333,0.000557007,0.000530317,0.000504293,0.000479903,0.000457036,0.00043493,0.000414267,0.000393854,0.000374869,0.000357187,0.000339889,0.00032346,0.000307885,0.000293144,0.000278935,0.00026555
2.51188e-08,15.8148,13.8829,11.9756,10.4263,9.14304,7.9146,6.3892,3.63382,0.901692,0.290154,0.116806,0.0539033,0.0274043,0.0149771,0.0148856,0.0143041,0.0137664,0.0132676,0.0128037,0.0123711,0.0119668,0.0115882,0.0112327,0.0108984,0.0105834,0.0102861,0.0100051,0.00973898,0.00948667,0.00924711,0.00901935,0.00880254,0.00859591,0.00839875,0.00821044,0.00803039,0.00785806,0.00769297,0.00753468,0.00738277,0.00723687,0.00709662,0.0069617,0.00683182,0.0067067,0.00658607,0.00646971,0.00635739,0.0062489,0.00614405,0.00604267,0.00584961,0.00566851,0.00549828,0.00533798,0.00518676,0.00504388,0.00490865,0.00478049,0.00465885,0.00454325,0.00443324,0.00432843,0.00422847,0.00413302,0.00404178,0.00395449,0.00387088,0.00379074,0.00371385,0.00364002,0.00356906,0.00350082,0.00343514,0.00337187,0.0033109,0.00325209,0.00319534,0.00314053,0.00308757,0.00303636,0.00298683,0.00293889,0.00289246,0.00284748,0.00280387,0.00276158,0.00272055,0.00268071,0.00264203,0.00260445,0.00251501,0.00238402,0.002266,0.00214646,0.0020389,0.0019416,0.00184383,0.00175544,0.00166751,0.00158111,0.00150322,0.00143265,0.00135826,0.0012912,0.00123046,0.00116768,0.001111,0.00105651,0.00100435,0.000957098,0.000909552,0.000866506,0.000823629,0.000783117,0.000744885,0.000708838,0.000674872,0.000641755,0.000610716,0.000581616,0.000553485,0.000527189,0.000501212,0.000477053,0.00045455,0.000432537,0.000411629,0.00039181,0.00037305,0.000354969,0.000337934
3.16228e-08,15.8894,13.9228,12.0159,10.48,9.22547,8.05425,6.66268,4.32479,1.20008,0.373032,0.148483,0.0682038,0.034595,0.0188842,0.0188997,0.0181614,0.0174787,0.0168454,0.0162564,0.0157072,0.0151939,0.014713,0.0142617,0.0138373,0.0134373,0.0130599,0.0127031,0.0123652,0.0120449,0.0117407,0.0114515,0.0111763,0.0109139,0.0106636,0.0104245,0.0101959,0.00997708,0.00976748,0.0095665,0.00937363,0.00918838,0.00901031,0.00883901,0.00867411,0.00851524,0.00836209,0.00821435,0.00807174,0.007934,0.00780087,0.00767215,0.00742703,0.00719709,0.00698096,0.00677744,0.00658544,0.00640402,0.00623233,0.00606961,0.00591517,0.00576839,0.00562872,0.00549565,0.00536873,0.00524754,0.0051317,0.00502087,0.00491472,0.00481296,0.00471534,0.00462159,0.0045315,0.00444486,0.00436146,0.00428114,0.00420373,0.00412906,0.004057,0.00398741,0.00392017,0.00385516,0.00379227,0.0037314,0.00367245,0.00361534,0.00355997,0.00350628,0.00345418,0.0034036,0.00335449,0.00330677,0.00319322,0.0030269,0.00287706,0.00272528,0.00258871,0.00246518,0.00234105,0.00222882,0.00211718,0.00200748,0.00190859,0.00181898,0.00172453,0.00163939,0.00156227,0.00148256,0.00141059,0.00134141,0.00127518,0.00121519,0.00115482,0.00110017,0.00104573,0.000994295,0.000945753,0.000899985,0.00085686,0.000814813,0.000775404,0.000738456,0.000702739,0.000669352,0.00063637,0.000605696,0.000577125,0.000549176,0.000522631,0.000497466,0.000473647,0.00045069,0.000429062
3.98107e-08,15.9604,13.9613,12.0549,10.5317,9.30416,8.18491,6.90746,4.91448,1.6212,0.482637,0.189268,0.0864165,0.0437043,0.0238201,0.0239531,0.0230174,0.0221521,0.0213495,0.020603,0.0199069,0.0192564,0.018647,0.018075,0.0175371,0.0170302,0.0165518,0.0160996,0.0156714,0.0152654,0.0148799,0.0145134,0.0141646,0.0138321,0.0135148,0.0132118,0.0129221,0.0126448,0.0123791,0.0121244,0.01188,0.0116452,0.0114195,0.0112024,0.0109934,0.010792,0.0105979,0.0104107,0.01023,0.0100554,0.00988667,0.00972352,0.00941287,0.00912145,0.00884753,0.00858959,0.00834625,0.00811633,0.00789873,0.0076925,0.00749676,0.00731074,0.00713372,0.00696508,0.00680422,0.00665063,0.00650381,0.00636334,0.00622881,0.00609985,0.00597612,0.00585731,0.00574313,0.00563332,0.00552763,0.00542583,0.00532772,0.00523309,0.00514176,0.00505356,0.00496834,0.00488595,0.00480624,0.0047291,0.00465439,0.004582,0.00451183,0.00444378,0.00437775,0.00431366,0.00425141,0.00419094,0.00404702,0.00383623,0.00364632,0.00345396,0.00328088,0.00312431,0.002967,0.00282476,0.00268327,0.00254424,0.00241891,0.00230534,0.00218563,0.00207773,0.00197999,0.00187897,0.00178776,0.00170007,0.00161614,0.00154011,0.0014636,0.00139433,0.00132534,0.00126015,0.00119863,0.00114062,0.00108597,0.00103268,0.000982731,0.000935905,0.000890637,0.000848324,0.000806523,0.000767647,0.000731437,0.000696014,0.000662371,0.000630479,0.000600291,0.000571196,0.000543785
5.01187e-08,16.0281,13.9984,12.0926,10.5815,9.37944,8.30772,7.1289,5.41025,2.21413,0.629845,0.242125,0.109687,0.0552638,0.0300618,0.0303149,0.0291308,0.0280356,0.0270198,0.0260751,0.0251942,0.0243708,0.0235996,0.0228757,0.0221949,0.0215534,0.020948,0.0203756,0.0198337,0.0193199,0.018832,0.0183682,0.0179266,0.0175058,0.0171043,0.0167208,0.0163541,0.0160032,0.015667,0.0153446,0.0150352,0.0147381,0.0144525,0.0141777,0.0139132,0.0136584,0.0134127,0.0131758,0.012947,0.0127261,0.0125125,0.0123061,0.0119129,0.0115441,0.0111974,0.010871,0.010563,0.010272,0.00999662,0.00973561,0.00948788,0.00925245,0.00902842,0.00881498,0.00861141,0.00841702,0.00823121,0.00805343,0.00788317,0.00771996,0.00756336,0.007413,0.0072685,0.00712952,0.00699576,0.00686692,0.00674275,0.00662298,0.0065074,0.00639578,0.00628792,0.00618365,0.00608277,0.00598513,0.00589058,0.00579897,0.00571017,0.00562404,0.00554047,0.00545935,0.00538058,0.00530404,0.00512189,0.00485513,0.00461478,0.00437132,0.00415227,0.00395412,0.00375502,0.00357501,0.00339594,0.00321998,0.00306136,0.00291764,0.00276613,0.00262958,0.00250587,0.00237802,0.00226258,0.00215161,0.00204539,0.00194916,0.00185233,0.00176467,0.00167735,0.00159484,0.00151698,0.00144357,0.0013744,0.00130695,0.00124374,0.00118448,0.00112719,0.00107364,0.00102073,0.000971532,0.000925705,0.000880874,0.000838296,0.000797932,0.000759727,0.000722904,0.000688213
6.30958e-08,16.0927,14.0342,12.129,10.6297,9.45163,8.42363,7.33105,5.83143,2.98638,0.831768,0.311231,0.139544,0.0699644,0.0379638,0.0383241,0.0368271,0.0354426,0.0341585,0.0329641,0.0318505,0.0308096,0.0298346,0.0289194,0.0280587,0.0272478,0.0264824,0.0257588,0.0250738,0.0244242,0.0238074,0.023221,0.0226628,0.0221308,0.0216233,0.0211384,0.0206749,0.0202312,0.0198062,0.0193986,0.0190075,0.0186319,0.0182708,0.0179235,0.0175891,0.0172669,0.0169564,0.0166568,0.0163676,0.0160883,0.0158184,0.0155573,0.0150603,0.014594,0.0141558,0.0137431,0.0133537,0.0129859,0.0126377,0.0123078,0.0119946,0.0116969,0.0114137,0.0111439,0.0108865,0.0106408,0.0104059,0.0101811,0.0099659,0.00975956,0.0095616,0.00937151,0.00918883,0.00901313,0.00884403,0.00868116,0.00852418,0.00837277,0.00822665,0.00808554,0.00794919,0.00781736,0.00768983,0.0075664,0.00744687,0.00733106,0.00721879,0.00710991,0.00700426,0.00690171,0.00680212,0.00670536,0.00647509,0.00613785,0.005834,0.00552622,0.0052493,0.0049988,0.0047471,0.00451953,0.00429314,0.0040707,0.00387017,0.00368847,0.00349694,0.00332431,0.00316792,0.00300629,0.00286036,0.00272006,0.00258578,0.00246412,0.00234171,0.00223089,0.0021205,0.0020162,0.00191777,0.00182496,0.00173751,0.00165225,0.00157234,0.00149742,0.00142499,0.00135729,0.00129041,0.00122821,0.00117028,0.0011136,0.00105977,0.00100875,0.000960446,0.000913895,0.000870039
7.94328e-08,16.1544,14.0688,12.1642,10.6762,9.52099,8.53342,7.51707,6.19523,3.8201,1.1168,0.402659,0.178061,0.0887112,0.0479827,0.0484069,0.046516,0.0447673,0.0431453,0.0416367,0.0402301,0.0389154,0.0376839,0.0365279,0.0354408,0.0344165,0.0334497,0.0325358,0.0316705,0.03085,0.030071,0.0293303,0.0286253,0.0279533,0.0273122,0.0266998,0.0261143,0.0255539,0.025017,0.0245023,0.0240083,0.0235338,0.0230777,0.022639,0.0222166,0.0218097,0.0214175,0.0210391,0.0206738,0.020321,0.01998,0.0196503,0.0190225,0.0184336,0.01788,0.0173588,0.016867,0.0164024,0.0159626,0.0155458,0.0151503,0.0147743,0.0144166,0.0140758,0.0137507,0.0134403,0.0131436,0.0128597,0.0125879,0.0123272,0.0120772,0.0118371,0.0116063,0.0113844,0.0111708,0.0109651,0.0107668,0.0105756,0.010391,0.0102128,0.0100406,0.00987405,0.00971298,0.00955707,0.00940609,0.0092598,0.009118,0.00898047,0.00884703,0.0087175,0.00859171,0.00846949,0.00817865,0.00775267,0.00736888,0.00698013,0.00663035,0.00631395,0.00599603,0.00570859,0.00542264,0.00514167,0.00488839,0.00465888,0.00441695,0.00419891,0.00400138,0.00379723,0.0036129,0.00343569,0.00326607,0.00311242,0.0029578,0.00281782,0.00267839,0.00254664,0.00242232,0.00230509,0.00219464,0.00208695,0.00198601,0.00189138,0.0017999,0.00171438,0.00162991,0.00155134,0.00147817,0.00140658,0.00133859,0.00127414,0.00121313,0.00115433,0.00109894
1e-07,16.2134,14.1023,12.1984,10.7212,9.58778,8.63779,7.68947,6.51468,4.56929,1.53424,0.525641,0.228118,0.112705,0.0607106,0.0611006,0.0587138,0.0565066,0.0544592,0.052555,0.0507795,0.0491201,0.0475656,0.0461066,0.0447344,0.0434415,0.0422212,0.0410676,0.0399754,0.0389398,0.0379564,0.0370215,0.0361316,0.0352834,0.0344742,0.0337012,0.0329622,0.0322548,0.0315772,0.0309275,0.0303039,0.029705,0.0291293,0.0285756,0.0280424,0.0275288,0.0270337,0.0265561,0.026095,0.0256497,0.0252194,0.0248032,0.0240108,0.0232674,0.0225687,0.0219107,0.02129,0.0207035,0.0201484,0.0196224,0.0191231,0.0186486,0.018197,0.0177668,0.0173565,0.0169647,0.0165902,0.0162319,0.0158887,0.0155598,0.0152442,0.0149411,0.0146498,0.0143697,0.0141001,0.0138405,0.0135902,0.0133488,0.0131158,0.0128909,0.0126735,0.0124633,0.01226,0.0120632,0.0118726,0.011688,0.011509,0.0113354,0.011167,0.0110035,0.0108447,0.0106904,0.0103233,0.00978564,0.0093012,0.00881052,0.00836901,0.00796964,0.00756835,0.00720553,0.0068446,0.00648996,0.00617026,0.00588057,0.0055752,0.00529998,0.00505065,0.00479297,0.0045603,0.00433663,0.00412253,0.00392858,0.00373342,0.00355673,0.00338073,0.00321444,0.00305751,0.00290955,0.00277013,0.0026342,0.0025068,0.00238735,0.00227188,0.00216394,0.00205732,0.00195815,0.00186578,0.00177542,0.00168961,0.00160825,0.00153125,0.00145703,0.00138711
1.25892e-07,16.27,14.1348,12.2315,10.7649,9.65219,8.73732,7.85022,6.79928,5.19464,2.16556,0.695034,0.293816,0.143561,0.0769196,0.0770809,0.0740699,0.0712853,0.0687025,0.0663003,0.0640604,0.061967,0.060006,0.0581653,0.0564342,0.0548032,0.0532637,0.0518084,0.0504306,0.0491241,0.0478836,0.0467042,0.0455815,0.0445115,0.0434906,0.0425154,0.0415831,0.0406908,0.0398359,0.0390162,0.0382296,0.0374741,0.0367478,0.0360492,0.0353767,0.0347287,0.0341041,0.0335016,0.0329199,0.0323582,0.0318153,0.0312902,0.0302906,0.0293528,0.0284713,0.0276412,0.0268582,0.0261183,0.0254181,0.0247544,0.0241245,0.0235259,0.0229563,0.0224136,0.0218959,0.0214017,0.0209292,0.0204772,0.0200443,0.0196293,0.0192311,0.0188488,0.0184814,0.018128,0.0177879,0.0174603,0.0171446,0.01684,0.0165462,0.0162623,0.0159881,0.015723,0.0154665,0.0152182,0.0149778,0.0147449,0.0145191,0.0143001,0.0140876,0.0138813,0.013681,0.0134864,0.0130233,0.012345,0.0117338,0.0111148,0.0105578,0.010054,0.00954778,0.00909007,0.00863474,0.00818734,0.00778403,0.00741858,0.00703334,0.00668614,0.0063716,0.00604652,0.005753,0.00547083,0.00520074,0.00495606,0.00470986,0.00448696,0.00426493,0.00405515,0.00385718,0.00367052,0.00349464,0.00332315,0.00316242,0.00301174,0.00286607,0.0027299,0.00259539,0.00247028,0.00235376,0.00223977,0.00213151,0.00202888,0.00193173,0.0018381,0.0017499
1.58489e-07,16.3241,14.1661,12.2637,10.8072,9.71444,8.83249,8.00095,7.05603,5.71565,3.0771,0.936788,0.381231,0.183488,0.0976283,0.097199,0.0934021,0.0898908,0.0866339,0.0836047,0.0807802,0.0781404,0.0756676,0.0733465,0.0711635,0.0691068,0.0671656,0.0653305,0.0635929,0.0619455,0.0603812,0.058894,0.0574782,0.056129,0.0548416,0.053612,0.0524363,0.051311,0.0502331,0.0491995,0.0482076,0.0472548,0.046339,0.0454581,0.04461,0.0437929,0.0430053,0.0422455,0.0415121,0.0408037,0.040119,0.039457,0.0381964,0.0370139,0.0359023,0.0348556,0.0338682,0.0329352,0.0320522,0.0312153,0.0304211,0.0296662,0.0289479,0.0282635,0.0276108,0.0269875,0.0263918,0.0258218,0.0252758,0.0247525,0.0242505,0.0237683,0.023305,0.0228594,0.0224305,0.0220174,0.0216193,0.0212353,0.0208647,0.0205068,0.020161,0.0198267,0.0195032,0.0191902,0.018887,0.0185933,0.0183085,0.0180324,0.0177644,0.0175044,0.0172518,0.0170064,0.0164224,0.015567,0.0147964,0.0140158,0.0133134,0.0126781,0.0120398,0.0114626,0.0108884,0.0103242,0.00981566,0.00935483,0.00886905,0.00843122,0.00803459,0.00762466,0.00725454,0.00689872,0.00655813,0.00624959,0.00593913,0.00565806,0.00537808,0.00511355,0.0048639,0.00462852,0.00440674,0.00419049,0.00398782,0.0037978,0.00361411,0.00344241,0.00327278,0.00311503,0.00296809,0.00282435,0.00268783,0.00255842,0.00243592,0.00231785,0.00220662
1.99526e-07,16.3761,14.1966,12.2949,10.8484,9.77468,8.92376,8.14297,7.29011,6.15811,4.1097,1.30175,0.499834,0.235591,0.124197,0.122526,0.11774,0.113314,0.109208,0.10539,0.101829,0.0985013,0.0953842,0.0924583,0.0897066,0.0871139,0.0846669,0.0823536,0.0801633,0.0780865,0.0761147,0.0742399,0.0724553,0.0707545,0.0691317,0.0675816,0.0660996,0.0646811,0.0633223,0.0620193,0.060769,0.059568,0.0584136,0.057303,0.056234,0.055204,0.0542112,0.0532534,0.0523288,0.0514358,0.0505728,0.0497383,0.0481492,0.0466585,0.0452574,0.0439379,0.0426932,0.0415171,0.040404,0.0393491,0.0383478,0.0373963,0.0364908,0.0356281,0.0348053,0.0340196,0.0332687,0.0325501,0.0318619,0.0312023,0.0305694,0.0299616,0.0293776,0.0288159,0.0282752,0.0277545,0.0272526,0.0267686,0.0263014,0.0258503,0.0254143,0.0249929,0.0245852,0.0241905,0.0238084,0.0234381,0.0230792,0.0227311,0.0223933,0.0220654,0.021747,0.0214377,0.0207015,0.0196233,0.0186519,0.0176679,0.0167825,0.0159817,0.0151769,0.0144494,0.0137256,0.0130144,0.0123733,0.0117924,0.01118,0.0106281,0.0101282,0.00961142,0.00914484,0.00869631,0.00826698,0.00787805,0.00748669,0.00713237,0.00677944,0.00644598,0.00613129,0.00583457,0.00555499,0.0052824,0.00502692,0.00478739,0.00455583,0.00433939,0.00412557,0.00392671,0.00374148,0.00356029,0.0033882,0.00322506,0.00307064,0.00292181,0.0027816
2.51188e-07,16.4261,14.2261,12.3253,10.8884,9.83307,9.01149,8.27737,7.50549,6.54186,5.00419,1.90668,0.665527,0.30437,0.15847,0.15441,0.148379,0.142801,0.137627,0.132815,0.128328,0.124134,0.120206,0.116518,0.113051,0.109783,0.106699,0.103784,0.101024,0.0984067,0.0959217,0.0935591,0.0913101,0.0891666,0.0871215,0.0851681,0.0833004,0.0815128,0.0798004,0.0781584,0.0765826,0.0750691,0.0736143,0.0722148,0.0708675,0.0695696,0.0683183,0.0671113,0.0659462,0.0648208,0.0637332,0.0626815,0.0606789,0.0588003,0.0570345,0.0553717,0.0538031,0.0523209,0.0509182,0.0495888,0.048327,0.0471278,0.0459867,0.0448995,0.0438626,0.0428724,0.041926,0.0410205,0.0401533,0.0393219,0.0385243,0.0377584,0.0370224,0.0363145,0.0356332,0.034977,0.0343445,0.0337344,0.0331457,0.0325772,0.0320278,0.0314967,0.0309829,0.0304855,0.0300039,0.0295373,0.029085,0.0286463,0.0282206,0.0278075,0.0274062,0.0270163,0.0260886,0.0247298,0.0235056,0.0222655,0.0211498,0.0201405,0.0191264,0.0182095,0.0172974,0.0164011,0.0155932,0.0148611,0.0140894,0.0133939,0.0127638,0.0121126,0.0115246,0.0109593,0.0104183,0.00992812,0.00943492,0.0089884,0.00854363,0.00812339,0.00772681,0.00735288,0.00700055,0.00665702,0.00633505,0.00603319,0.00574138,0.00546861,0.00519915,0.00494854,0.00471512,0.00448677,0.00426989,0.0040643,0.0038697,0.00368214,0.00350544
3.16228e-07,16.474,14.2547,12.3548,10.9273,9.88976,9.09601,8.40507,7.70522,6.88096,5.72105,3.03785,0.908144,0.396649,0.20301,0.194551,0.186952,0.179924,0.173405,0.167341,0.161688,0.156404,0.151455,0.146809,0.142439,0.138323,0.134437,0.130764,0.127286,0.123989,0.120858,0.117881,0.115047,0.112347,0.10977,0.107309,0.104955,0.102703,0.100546,0.0984767,0.0964913,0.0945843,0.0927513,0.090988,0.0892904,0.0876551,0.0860785,0.0845577,0.0830897,0.0816718,0.0803014,0.0789763,0.0764531,0.0740862,0.0718614,0.0697663,0.0677899,0.0659224,0.064155,0.06248,0.0608902,0.0593792,0.0579415,0.0565717,0.0552652,0.0540177,0.0528252,0.0516843,0.0505916,0.0495442,0.0485392,0.0475742,0.0466468,0.0457549,0.0448965,0.0440697,0.0432728,0.0425041,0.0417624,0.041046,0.0403538,0.0396846,0.0390372,0.0384106,0.0378038,0.0372159,0.036646,0.0360933,0.035557,0.0350364,0.0345308,0.0340396,0.0328706,0.0311586,0.0296161,0.0280537,0.0266479,0.0253763,0.0240985,0.0229433,0.021794,0.0206648,0.0196468,0.0187244,0.0177521,0.0168758,0.0160819,0.0152614,0.0145205,0.0138083,0.0131266,0.0125091,0.0118876,0.0113251,0.0107647,0.0102352,0.00973549,0.00926436,0.00882043,0.0083876,0.00798193,0.0076016,0.00723393,0.00689025,0.00655073,0.00623497,0.00594087,0.00565316,0.00537991,0.00512087,0.00487568,0.00463936,0.00441673
3.98107e-07,16.5202,14.2825,12.3836,10.9652,9.94487,9.17762,8.52683,7.89169,7.18527,6.30691,4.68422,1.29492,0.52344,0.261471,0.245085,0.235512,0.226658,0.218446,0.210808,0.203686,0.197029,0.190794,0.184942,0.179437,0.174251,0.169357,0.164729,0.160348,0.156194,0.15225,0.1485,0.14493,0.141528,0.138282,0.135182,0.132217,0.12938,0.126662,0.124056,0.121554,0.119152,0.116843,0.114622,0.112483,0.110423,0.108437,0.106521,0.104672,0.102886,0.101159,0.0994901,0.0963115,0.0933297,0.090527,0.0878877,0.085398,0.0830454,0.080819,0.0787089,0.0767061,0.0748027,0.0729915,0.0712659,0.0696201,0.0680485,0.0665463,0.0651091,0.0637325,0.062413,0.061147,0.0599314,0.0587631,0.0576396,0.0565581,0.0555166,0.0545126,0.0535444,0.0526099,0.0517075,0.0508356,0.0499925,0.049177,0.0483876,0.0476232,0.0468826,0.0461646,0.0454683,0.0447927,0.0441369,0.0435,0.0428812,0.0414086,0.0392519,0.0373088,0.0353406,0.0335696,0.0319676,0.030358,0.0289027,0.0274549,0.0260324,0.02475,0.023588,0.0223631,0.0212592,0.0202591,0.0192254,0.0182922,0.017395,0.0165362,0.0157582,0.0149754,0.0142667,0.0135607,0.0128937,0.0122642,0.0116707,0.0111115,0.0105662,0.0100552,0.00957608,0.00911291,0.00867996,0.00825226,0.00785448,0.00748399,0.00712154,0.00677731,0.00645099,0.00614211,0.00584441,0.00556395
5.01187e-07,16.5646,14.3095,12.4116,11.0022,9.99852,9.25658,8.6433,8.06681,7.46188,6.80185,5.94865,2.04447,0.704252,0.339276,0.338395,0.325176,0.312952,0.301613,0.291067,0.281234,0.272043,0.263434,0.255353,0.247753,0.240593,0.233835,0.227446,0.221397,0.215661,0.210215,0.205037,0.200109,0.195411,0.190929,0.186648,0.182555,0.178638,0.174885,0.171286,0.167833,0.164516,0.161328,0.158261,0.155308,0.152464,0.149721,0.147076,0.144523,0.142057,0.139673,0.137368,0.132979,0.128862,0.124993,0.121349,0.117911,0.114663,0.111589,0.108675,0.10591,0.103282,0.100781,0.0983985,0.096126,0.0939561,0.0918821,0.0898976,0.087997,0.0861751,0.0844271,0.0827487,0.0811356,0.0795843,0.0780911,0.076653,0.0752669,0.07393,0.0726397,0.0713938,0.0701898,0.0690258,0.0678998,0.0668099,0.0657545,0.0647318,0.0637405,0.0627791,0.0618463,0.0609408,0.0600614,0.0592071,0.0571739,0.0541961,0.0515131,0.0487955,0.0463503,0.0441385,0.041916,0.0399066,0.0379076,0.0359435,0.0341729,0.0325685,0.0308773,0.029353,0.0279722,0.026545,0.0252564,0.0240176,0.0228319,0.0217577,0.0206769,0.0196983,0.0187236,0.0178026,0.0169335,0.016114,0.0153419,0.0145891,0.0138834,0.0132219,0.0125824,0.0119846,0.0113941,0.0108449,0.0103333,0.00983288,0.00935759,0.00890703,0.00848056,0.00806952,0.00768228
6.30958e-07,16.6074,14.3357,12.4389,11.0383,10.0508,9.33311,8.75504,8.23213,7.71599,7.23196,6.83951,4.59791,0.979196,0.444921,0.513247,0.493198,0.474657,0.457459,0.441464,0.42655,0.41261,0.399553,0.387297,0.37577,0.36491,0.354659,0.344969,0.335794,0.327095,0.318835,0.310982,0.303506,0.296382,0.289584,0.283091,0.276883,0.270941,0.265249,0.259792,0.254554,0.249523,0.244687,0.240036,0.235557,0.231243,0.227084,0.223072,0.219199,0.215459,0.211843,0.208348,0.201691,0.195447,0.189578,0.184051,0.178837,0.17391,0.169248,0.164829,0.160634,0.156649,0.152856,0.149242,0.145795,0.142504,0.139358,0.136348,0.133466,0.130703,0.128051,0.125506,0.123059,0.120706,0.118442,0.11626,0.114158,0.11213,0.110173,0.108284,0.106458,0.104692,0.102984,0.101331,0.0997304,0.0981794,0.0966759,0.0952177,0.0938029,0.0924295,0.0910957,0.0897999,0.0867161,0.0821997,0.0781304,0.0740086,0.0702999,0.0669452,0.0635744,0.0605267,0.0574949,0.0545158,0.0518303,0.049397,0.0468319,0.04452,0.0424256,0.0402611,0.0383066,0.0364278,0.0346294,0.0330002,0.0313608,0.0298766,0.0283983,0.0270014,0.0256832,0.0244403,0.0232692,0.0221274,0.0210572,0.0200538,0.0190838,0.0181772,0.0172815,0.0164485,0.0156726,0.0149136,0.0141927,0.0135094,0.0128625,0.0122391,0.0116518
7.94328e-07,16.6487,14.3612,12.4655,11.0736,10.1018,9.40741,8.86252,8.3889,7.95152,7.61407,7.52672,6.7349,1.45768,0.592787,0.650319,0.624916,0.601423,0.579633,0.559366,0.540468,0.522806,0.506261,0.490732,0.476127,0.462366,0.449378,0.4371,0.425475,0.414452,0.403986,0.394036,0.384564,0.375537,0.366923,0.358696,0.35083,0.343302,0.336089,0.329174,0.322537,0.316163,0.310036,0.304142,0.298468,0.293001,0.287731,0.282648,0.277741,0.273001,0.26842,0.263991,0.255557,0.247645,0.240208,0.233205,0.226599,0.220356,0.214448,0.208849,0.203535,0.198485,0.193679,0.1891,0.184733,0.180563,0.176577,0.172763,0.169111,0.165609,0.16225,0.159024,0.155925,0.152943,0.150074,0.14731,0.144646,0.142077,0.139597,0.137203,0.134889,0.132652,0.130488,0.128394,0.126365,0.1244,0.122495,0.120647,0.118855,0.117115,0.115425,0.113783,0.109875,0.104153,0.0989966,0.0937741,0.0890749,0.0848243,0.0805532,0.0766916,0.07285,0.0690754,0.0656727,0.0625894,0.0593392,0.0564099,0.0537562,0.0510136,0.0485372,0.0461565,0.0438778,0.0418135,0.0397364,0.0378558,0.0359826,0.0342127,0.0325424,0.0309676,0.0294837,0.0280369,0.0266809,0.0254096,0.0241806,0.0230318,0.0218969,0.0208414,0.0198583,0.0188966,0.0179832,0.0171173,0.0162977,0.0155078,0.0147636
1e-06,16.6886,14.3861,12.4915,11.1081,10.1517,9.47966,8.96617,8.53817,8.17146,7.9594,8.09092,7.75867,2.90768,0.810388,0.78888,0.758064,0.729565,0.703132,0.678547,0.655623,0.634197,0.614128,0.59529,0.577573,0.56088,0.545125,0.530231,0.516129,0.502758,0.490062,0.477991,0.466501,0.45555,0.445102,0.435122,0.42558,0.416447,0.407698,0.399309,0.391259,0.383526,0.376094,0.368944,0.36206,0.355429,0.349037,0.34287,0.336917,0.331168,0.325611,0.320238,0.310007,0.300409,0.291388,0.282893,0.274879,0.267306,0.26014,0.253348,0.246901,0.240775,0.234945,0.229391,0.224093,0.219034,0.214199,0.209573,0.205142,0.200895,0.19682,0.192907,0.189147,0.18553,0.182049,0.178697,0.175465,0.172348,0.169341,0.166436,0.163629,0.160916,0.158291,0.15575,0.153289,0.150905,0.148594,0.146353,0.144179,0.142068,0.140018,0.138026,0.133286,0.126344,0.120089,0.113754,0.108054,0.102897,0.0977162,0.0930318,0.0883718,0.0837929,0.0796652,0.075925,0.0719823,0.0684289,0.0652098,0.0618828,0.0588788,0.0559909,0.0532267,0.0507225,0.0482028,0.0459215,0.0436492,0.0415022,0.0394761,0.0375657,0.0357656,0.0340106,0.0323656,0.0308234,0.0293326,0.027939,0.0265623,0.025282,0.0240894,0.0229228,0.0218148,0.0207644,0.0197702,0.018812,0.0179092
1.25892e-06,16.727,14.4102,12.5169,11.1418,10.2005,9.55004,9.06634,8.6808,8.37815,8.27568,8.57254,8.46638,7.19923,1.16284,0.97944,0.941181,0.905798,0.872979,0.842456,0.813994,0.787393,0.762476,0.739087,0.71709,0.696365,0.676804,0.658312,0.640804,0.624203,0.60844,0.593454,0.579188,0.565592,0.55262,0.540229,0.528382,0.517044,0.506181,0.495766,0.485771,0.476171,0.466942,0.458065,0.449519,0.441286,0.433349,0.425693,0.418303,0.411164,0.404266,0.397595,0.384892,0.372976,0.361775,0.351228,0.341278,0.331876,0.322979,0.314546,0.306542,0.298936,0.291698,0.284802,0.278224,0.271944,0.265941,0.260197,0.254696,0.249423,0.244363,0.239505,0.234837,0.230346,0.226025,0.221862,0.21785,0.213981,0.210246,0.20664,0.203155,0.199786,0.196527,0.193373,0.190318,0.187358,0.184489,0.181706,0.179006,0.176385,0.17384,0.171367,0.165482,0.156863,0.149098,0.141232,0.134155,0.127753,0.12132,0.115504,0.109719,0.104034,0.098909,0.0942654,0.0893703,0.0849585,0.0809618,0.0768311,0.0731014,0.069516,0.066084,0.062975,0.0598466,0.0570143,0.0541931,0.0515274,0.0490119,0.04664,0.0444051,0.0422261,0.0401838,0.0382691,0.0364181,0.0346879,0.0329787,0.031389,0.0299084,0.02846,0.0270843,0.0257803,0.0245459,0.0233562,0.0222354
1.58489e-06,16.7642,14.4338,12.5417,11.1749,10.2482,9.61868,9.16333,8.81752,8.57347,8.56849,8.99444,9.01813,8.23169,1.90727,1.20726,1.1601,1.11649,1.07604,1.03841,1.00333,0.970542,0.939829,0.911,0.883887,0.858341,0.83423,0.811437,0.789856,0.769394,0.749964,0.731492,0.713908,0.69715,0.68116,0.665888,0.651285,0.637309,0.62392,0.611082,0.598762,0.586929,0.575554,0.564612,0.554078,0.54393,0.534147,0.52471,0.515601,0.506802,0.498299,0.490076,0.474418,0.459731,0.445925,0.432924,0.42066,0.409072,0.398104,0.38771,0.377845,0.368469,0.359547,0.351047,0.34294,0.335199,0.327799,0.320719,0.313939,0.307439,0.301203,0.295215,0.28946,0.283925,0.278598,0.273468,0.268523,0.263753,0.25915,0.254705,0.25041,0.246257,0.24224,0.238351,0.234586,0.230938,0.227401,0.223971,0.220643,0.217413,0.214276,0.211228,0.203974,0.19335,0.183778,0.174083,0.16536,0.157469,0.14954,0.142371,0.135239,0.128232,0.121915,0.116192,0.110158,0.10472,0.0997937,0.0947021,0.090105,0.0856855,0.0814553,0.0776231,0.073767,0.0702759,0.0667985,0.0635128,0.0604121,0.0574886,0.0547339,0.052048,0.0495307,0.0471706,0.044889,0.0427564,0.0406496,0.0386902,0.0368652,0.0350798,0.0333842,0.0317768,0.0302553,0.0287889,0.0274073
1.99526e-06,16.8001,14.4567,12.5659,11.2073,10.295,9.68571,9.25745,8.94896,8.7589,8.84191,9.37075,9.4746,8.91018,7.14979,1.44014,1.38388,1.33186,1.2836,1.23872,1.19687,1.15776,1.12112,1.08673,1.05439,1.02391,0.995153,0.967963,0.942219,0.91781,0.894633,0.872597,0.851621,0.83163,0.812556,0.794337,0.776918,0.760246,0.744274,0.72896,0.714263,0.700147,0.686578,0.673526,0.66096,0.648854,0.637184,0.625927,0.61506,0.604564,0.59442,0.584611,0.565934,0.548413,0.531944,0.516435,0.501805,0.487981,0.474899,0.462499,0.450731,0.439547,0.428904,0.418764,0.409093,0.399858,0.391031,0.382586,0.374497,0.366744,0.359305,0.352162,0.345297,0.338695,0.33234,0.32622,0.320321,0.314631,0.30914,0.303837,0.298714,0.29376,0.288968,0.284329,0.279838,0.275486,0.271267,0.267175,0.263205,0.259352,0.255609,0.251973,0.24332,0.230647,0.219229,0.207664,0.197258,0.187844,0.178386,0.169834,0.161327,0.152968,0.145433,0.138605,0.131407,0.12492,0.119044,0.11297,0.107486,0.102214,0.097168,0.0925966,0.0879966,0.0838321,0.0796839,0.0757644,0.0720656,0.0685781,0.065292,0.0620881,0.0590851,0.0562698,0.0535481,0.0510041,0.0484909,0.0461535,0.0439765,0.0418467,0.039824,0.0379065,0.0360915,0.0343422,0.0326942
2.51188e-06,16.8349,14.4791,12.5896,11.239,10.3409,9.75125,9.3489,9.07562,8.93567,9.09904,9.71092,9.86592,9.43048,8.2827,1.67238,1.60705,1.54663,1.4906,1.43848,1.38988,1.34446,1.30191,1.26198,1.22442,1.18903,1.15563,1.12406,1.09416,1.06582,1.0389,1.01331,0.988954,0.965739,0.943589,0.922432,0.902203,0.882843,0.864296,0.846512,0.829445,0.813053,0.797296,0.782138,0.767546,0.753489,0.739937,0.726864,0.714244,0.702056,0.690276,0.678886,0.657196,0.636849,0.617725,0.599715,0.582726,0.566673,0.551481,0.537082,0.523416,0.510428,0.498069,0.486294,0.475063,0.464339,0.454089,0.444282,0.434889,0.425885,0.417246,0.408951,0.400979,0.393312,0.385933,0.378826,0.371975,0.365368,0.358992,0.352834,0.346884,0.341132,0.335567,0.33018,0.324964,0.31991,0.315011,0.31026,0.30565,0.301175,0.296829,0.292607,0.282558,0.267842,0.254582,0.241152,0.229067,0.218136,0.207152,0.197222,0.187343,0.177636,0.168885,0.160956,0.152598,0.145065,0.138241,0.131188,0.124819,0.118697,0.112837,0.107529,0.102187,0.0973509,0.0925337,0.0879822,0.0836869,0.079637,0.075821,0.0721004,0.0686132,0.0653438,0.0621833,0.059229,0.0563105,0.0535962,0.0510681,0.0485949,0.046246,0.0440193,0.0419116,0.0398803,0.0379665
3.16228e-06,16.8685,14.5009,12.6128,11.2702,10.386,9.81542,9.43793,9.19799,9.10479,9.34228,10.0216,10.2095,9.85757,8.97525,6.66577,1.7236,1.65881,1.5987,1.54281,1.49068,1.44197,1.39634,1.3535,1.31322,1.27527,1.23945,1.20558,1.17352,1.14312,1.11425,1.0868,1.06068,1.03578,1.01202,0.989333,0.967637,0.946872,0.92698,0.907906,0.889602,0.872021,0.855121,0.838864,0.823214,0.808136,0.793602,0.77958,0.766046,0.752974,0.74034,0.728123,0.70486,0.683038,0.662526,0.643211,0.624989,0.607772,0.591478,0.576035,0.561377,0.547447,0.534192,0.521563,0.509518,0.498016,0.487023,0.476504,0.46643,0.456773,0.447508,0.438611,0.430061,0.421838,0.413924,0.406301,0.398953,0.391867,0.385028,0.378424,0.372043,0.365873,0.359904,0.354127,0.348533,0.343112,0.337858,0.332762,0.327818,0.323018,0.318357,0.313828,0.303051,0.287267,0.273046,0.258642,0.245681,0.233957,0.222176,0.211526,0.20093,0.190519,0.181134,0.17263,0.163666,0.155586,0.148267,0.140702,0.133872,0.127306,0.121021,0.115327,0.109598,0.104411,0.0992448,0.0943632,0.0897564,0.0854128,0.08132,0.0773296,0.0735895,0.070083,0.0666932,0.0635247,0.0603945,0.0574834,0.0547719,0.0521194,0.0496001,0.0472119,0.0449514,0.0427726,0.0407201
3.98107e-06,16.9011,14.5221,12.6355,11.3009,10.4303,9.8783,9.52471,9.31644,9.26709,9.5735,10.3075,10.5163,10.2221,9.49418,8.07275,1.84654,1.77712,1.71273,1.65285,1.59701,1.54482,1.49593,1.45004,1.40689,1.36623,1.32785,1.29157,1.25722,1.22465,1.19372,1.16432,1.13633,1.10966,1.08421,1.0599,1.03665,1.01441,0.993097,0.972663,0.953053,0.934218,0.916113,0.898696,0.881929,0.865777,0.850205,0.835184,0.820684,0.806679,0.793144,0.780056,0.755134,0.731756,0.709781,0.689088,0.669567,0.651121,0.633665,0.61712,0.601417,0.586494,0.572293,0.558764,0.545859,0.533537,0.521759,0.51049,0.499698,0.489352,0.479426,0.469895,0.460735,0.451926,0.443447,0.43528,0.427409,0.419817,0.41249,0.405415,0.398578,0.391969,0.385574,0.379385,0.373392,0.367585,0.361956,0.356496,0.351199,0.346057,0.341064,0.336212,0.324666,0.307757,0.292521,0.277089,0.263204,0.250644,0.238023,0.226613,0.215261,0.204108,0.194053,0.184943,0.175339,0.166683,0.158842,0.150738,0.143421,0.136386,0.129653,0.123553,0.117415,0.111859,0.106323,0.101094,0.0961583,0.0915049,0.0871202,0.0828451,0.0788382,0.0750817,0.0714501,0.0680556,0.0647022,0.0615834,0.0586785,0.0558368,0.0531378,0.0505793,0.0481575,0.0458234,0.0436244
5.01187e-06,16.9327,14.5429,12.6578,11.331,10.4739,9.93998,9.6094,9.43131,9.42328,9.79419,10.5725,10.7938,10.5413,9.91515,8.81879,5.53933,1.87628,1.8083,1.74507,1.68612,1.63102,1.5794,1.53095,1.48539,1.44246,1.40194,1.36364,1.32737,1.29298,1.26033,1.22929,1.19974,1.17157,1.1447,1.11904,1.0945,1.07101,1.04851,1.02694,1.00623,0.986346,0.96723,0.948842,0.93114,0.914086,0.897646,0.881786,0.866477,0.851691,0.837401,0.823582,0.79727,0.772587,0.749386,0.727538,0.706928,0.687453,0.669023,0.651555,0.634976,0.61922,0.604226,0.589942,0.576317,0.563308,0.550873,0.538975,0.52758,0.516657,0.506177,0.496114,0.486443,0.477142,0.46819,0.459568,0.451258,0.443242,0.435507,0.428037,0.420819,0.41384,0.407089,0.400555,0.394227,0.388096,0.382152,0.376388,0.370796,0.365367,0.360094,0.354972,0.342782,0.324929,0.308843,0.29255,0.27789,0.264629,0.251305,0.239257,0.227273,0.215497,0.204881,0.195262,0.185123,0.175984,0.167705,0.159149,0.151423,0.143996,0.136887,0.130447,0.123967,0.1181,0.112256,0.106735,0.101524,0.0966107,0.0919814,0.0874677,0.0832373,0.0792711,0.075437,0.071853,0.0683125,0.0650197,0.0619527,0.0589524,0.0561028,0.0534016,0.0508446,0.0483803,0.0460586
6.30958e-06,16.9633,14.5632,12.6796,11.3606,10.5168,10.0005,9.69218,9.54289,9.57398,10.0056,10.8193,11.0475,10.8259,10.2718,9.35803,7.73077,1.9591,1.88812,1.8221,1.76055,1.70301,1.64912,1.59853,1.55096,1.50613,1.46382,1.42383,1.38596,1.35006,1.31596,1.28355,1.2527,1.22329,1.19523,1.16843,1.14281,1.11829,1.09479,1.07227,1.05065,1.02988,1.00993,0.990725,0.972242,0.954435,0.937269,0.920709,0.904725,0.889286,0.874365,0.859936,0.832462,0.80669,0.782465,0.759652,0.738132,0.717798,0.698554,0.680315,0.663004,0.646553,0.630898,0.615983,0.601757,0.588173,0.575189,0.562766,0.550868,0.539463,0.528521,0.518013,0.507916,0.498204,0.488857,0.479854,0.471177,0.462808,0.454731,0.446931,0.439394,0.432107,0.425058,0.418236,0.411628,0.405227,0.399021,0.393003,0.387163,0.381494,0.37599,0.370641,0.357913,0.339272,0.322476,0.305464,0.290157,0.27631,0.262398,0.249819,0.237305,0.225009,0.213925,0.203882,0.193294,0.183752,0.175108,0.166174,0.158107,0.150352,0.14293,0.136205,0.129439,0.123313,0.117211,0.111446,0.106005,0.100875,0.0960416,0.0913287,0.0869115,0.0827702,0.0787668,0.0750247,0.0713279,0.0678897,0.0646874,0.0615546,0.0585793,0.0557588,0.053089,0.0505158,0.0480917
7.94328e-06,16.993,14.583,12.701,11.3897,10.559,10.0601,9.77315,9.65145,9.71967,10.2086,11.0502,11.2813,11.083,10.5826,9.78777,8.55447,2.54642,1.98861,1.91908,1.85424,1.79365,1.73689,1.68361,1.6335,1.58629,1.54173,1.49961,1.45972,1.42191,1.386,1.35186,1.31936,1.28839,1.25884,1.23062,1.20363,1.1778,1.15306,1.12933,1.10656,1.0847,1.06367,1.04345,1.02398,1.00523,0.987151,0.96971,0.952875,0.936614,0.920899,0.905703,0.876766,0.849622,0.824108,0.800081,0.777416,0.756,0.735732,0.716522,0.69829,0.680962,0.664474,0.648766,0.633783,0.619476,0.605801,0.592717,0.580186,0.568174,0.556649,0.545582,0.534947,0.524719,0.514874,0.505392,0.496253,0.487439,0.478932,0.470717,0.462779,0.455104,0.44768,0.440494,0.433535,0.426793,0.420257,0.413918,0.407768,0.401798,0.396,0.390367,0.376961,0.357328,0.339638,0.321721,0.305599,0.291016,0.276362,0.263114,0.249934,0.236984,0.22531,0.214732,0.203582,0.193532,0.184427,0.175018,0.166522,0.158354,0.150536,0.143454,0.136328,0.129876,0.123449,0.117377,0.111647,0.106244,0.101153,0.0961892,0.091537,0.0871753,0.0829589,0.0790175,0.075124,0.0715028,0.0681301,0.0648306,0.0616969,0.0587263,0.0559144,0.0532043,0.0506511
1e-05,17.0218,14.6023,12.722,11.4184,10.6007,10.1186,9.85245,9.7572,9.86081,10.4042,11.2673,11.4981,11.3179,10.8585,10.1479,9.12432,7.36503,2.0725,2.00004,1.93247,1.86932,1.81016,1.75464,1.70241,1.65321,1.60677,1.56287,1.52131,1.48189,1.44447,1.40889,1.37503,1.34275,1.31195,1.28254,1.25441,1.22749,1.2017,1.17698,1.15325,1.13046,1.10855,1.08747,1.06719,1.04764,1.0288,1.01062,0.993075,0.976128,0.95975,0.943913,0.913756,0.885466,0.858876,0.833836,0.810214,0.787894,0.766771,0.746751,0.72775,0.709691,0.692508,0.676136,0.660521,0.645611,0.631359,0.617723,0.604663,0.592144,0.580133,0.5686,0.557516,0.546856,0.536596,0.526714,0.517189,0.508003,0.499137,0.490576,0.482303,0.474305,0.466567,0.459078,0.451826,0.444799,0.437987,0.431381,0.424971,0.418749,0.412707,0.406836,0.392865,0.372403,0.353967,0.335294,0.318492,0.303293,0.288022,0.274214,0.260479,0.246982,0.234816,0.223792,0.21217,0.201696,0.192208,0.182402,0.173547,0.165035,0.156887,0.149506,0.142079,0.135355,0.128658,0.122329,0.116357,0.110726,0.10542,0.100247,0.0953988,0.0908531,0.0864588,0.0823512,0.0782934,0.0745194,0.0710044,0.0675657,0.0642998,0.0612039,0.0582734,0.0554489,0.052788
1.25892e-05,17.0498,14.6212,12.7426,11.4467,10.6417,10.1763,9.93018,9.86037,9.99778,10.5929,11.4718,11.7004,11.5342,11.1072,10.4593,9.5695,8.2677,2.48279,2.08275,2.01239,1.94663,1.88502,1.8272,1.77282,1.72158,1.67322,1.62751,1.58422,1.54318,1.50421,1.46716,1.43189,1.39828,1.36621,1.33558,1.30629,1.27826,1.2514,1.22565,1.20094,1.17721,1.15439,1.13245,1.11132,1.09097,1.07134,1.05242,1.03414,1.0165,0.999442,0.98295,0.951545,0.922086,0.894396,0.86832,0.843722,0.820479,0.798482,0.777634,0.757847,0.739042,0.721147,0.704099,0.687838,0.672311,0.65747,0.643269,0.62967,0.616633,0.604125,0.592115,0.580573,0.569472,0.558788,0.548497,0.538578,0.529012,0.51978,0.510864,0.502249,0.49392,0.485863,0.478064,0.470511,0.463194,0.456101,0.449221,0.442546,0.436067,0.429775,0.423661,0.409112,0.387804,0.368606,0.34916,0.331663,0.315836,0.299933,0.285555,0.271251,0.257197,0.244527,0.233047,0.220945,0.210038,0.200157,0.189945,0.180724,0.17186,0.163376,0.155689,0.147955,0.140953,0.133978,0.127388,0.121169,0.115305,0.10978,0.104393,0.0993441,0.0946105,0.0900344,0.0857569,0.0815313,0.0776013,0.0739408,0.07036,0.066959,0.063735,0.0606833,0.0577421,0.0549712
1.5849e-05,17.0769,14.6398,12.7629,11.4746,10.6823,10.233,10.0064,9.96112,10.1309,10.7754,11.6653,11.89,11.7349,11.3337,10.7343,9.93823,8.86708,7.06743,2.18689,2.113,2.04395,1.97927,1.91856,1.86146,1.80766,1.75688,1.70888,1.66343,1.62033,1.57942,1.54052,1.50348,1.46819,1.43452,1.40235,1.3716,1.34217,1.31397,1.28693,1.26099,1.23607,1.21211,1.18907,1.16688,1.14551,1.12491,1.10503,1.08585,1.06732,1.04941,1.03209,0.99912,0.968188,0.939113,0.911734,0.885905,0.8615,0.838404,0.816513,0.795737,0.775992,0.757202,0.739302,0.722228,0.705925,0.690341,0.675431,0.661151,0.647463,0.63433,0.621719,0.6096,0.597944,0.586725,0.57592,0.565506,0.555461,0.545767,0.536406,0.52736,0.518615,0.510154,0.501966,0.494036,0.486352,0.478904,0.471681,0.464673,0.457869,0.451262,0.444843,0.429567,0.407194,0.387035,0.366617,0.348246,0.331627,0.314929,0.299832,0.284813,0.270056,0.256753,0.244698,0.231992,0.220539,0.210164,0.199442,0.18976,0.180453,0.171544,0.163473,0.155353,0.148,0.140677,0.133757,0.127227,0.12107,0.115269,0.109613,0.104311,0.0993407,0.0945359,0.0900445,0.0856076,0.0814811,0.0776377,0.0738778,0.0703068,0.0669216,0.0637173,0.060629,0.0577196
1.99526e-05,17.1034,14.6579,12.7828,11.5021,10.7224,10.289,10.0813,10.0596,10.2605,10.9521,11.8488,12.0685,11.922,11.542,10.981,10.2545,9.32746,8.02234,2.64296,2.19323,2.12156,2.05442,1.9914,1.93213,1.87629,1.82359,1.77376,1.72659,1.68186,1.63938,1.59901,1.56057,1.52394,1.48898,1.4556,1.42368,1.39313,1.36386,1.3358,1.30886,1.283,1.25813,1.23421,1.21119,1.189,1.16762,1.14699,1.12708,1.10784,1.08926,1.07128,1.03705,1.00495,0.974769,0.94635,0.919542,0.89421,0.870236,0.847515,0.82595,0.805455,0.785952,0.767372,0.749649,0.732727,0.716552,0.701076,0.686254,0.672046,0.658414,0.645324,0.632745,0.620647,0.609002,0.597787,0.586977,0.576551,0.566489,0.556772,0.547383,0.538305,0.529524,0.521024,0.512793,0.504818,0.497088,0.48959,0.482315,0.475254,0.468396,0.461733,0.445877,0.422654,0.40173,0.380537,0.361468,0.344219,0.326886,0.311216,0.295627,0.280309,0.266501,0.253989,0.2408,0.228913,0.218144,0.207014,0.196965,0.187304,0.178057,0.16968,0.161251,0.15362,0.146018,0.138836,0.132058,0.125667,0.119645,0.113774,0.108272,0.103113,0.0981252,0.0934633,0.088858,0.0845748,0.0805855,0.0766828,0.0729762,0.0694625,0.0661366,0.062931,0.0599111
2.51188e-05,17.129,14.6756,12.8023,11.5292,10.762,10.3442,10.1549,10.156,10.3868,11.1235,12.0232,12.2372,12.0974,11.7347,11.2049,10.5322,9.70514,8.64066,6.89571,2.29012,2.21528,2.14518,2.07938,2.01749,1.95918,1.90415,1.85212,1.80286,1.75616,1.71181,1.66965,1.62951,1.59126,1.55476,1.5199,1.48657,1.45467,1.42411,1.39481,1.36669,1.33968,1.31371,1.28874,1.26469,1.24153,1.2192,1.19766,1.17687,1.15679,1.13738,1.11861,1.08287,1.04934,1.01783,0.988158,0.960165,0.933714,0.908681,0.884956,0.862438,0.841038,0.820674,0.801272,0.782767,0.765097,0.748208,0.732048,0.716571,0.701735,0.687501,0.673833,0.660698,0.648065,0.635906,0.624196,0.612908,0.602022,0.591515,0.581369,0.571565,0.562087,0.552917,0.544042,0.535447,0.52712,0.519048,0.511219,0.503623,0.496249,0.489088,0.482131,0.465574,0.441326,0.419478,0.397348,0.377437,0.359425,0.341327,0.324965,0.308687,0.292693,0.278274,0.26521,0.251438,0.239026,0.227781,0.21616,0.205666,0.195579,0.185923,0.177176,0.168375,0.160406,0.152469,0.144969,0.137892,0.131219,0.124931,0.118801,0.113055,0.107668,0.10246,0.0975923,0.0927835,0.0883111,0.0841455,0.0800704,0.0762001,0.0725312,0.0690583,0.0657112,0.0625578
3.16228e-05,17.154,14.6929,12.8216,11.556,10.8011,10.3986,10.2272,10.2504,10.5101,11.2898,12.1893,12.397,12.2625,11.9142,11.4101,10.7801,10.0271,9.11117,7.85703,3.15338,2.3151,2.24183,2.17307,2.10839,2.04745,1.98994,1.93557,1.88409,1.83528,1.78894,1.74488,1.70293,1.66296,1.62482,1.58838,1.55355,1.52021,1.48828,1.45765,1.42826,1.40004,1.37291,1.3468,1.32168,1.29747,1.27414,1.25162,1.22989,1.20891,1.18862,1.16901,1.13166,1.09662,1.06369,1.03268,1.00343,0.975784,0.949624,0.924829,0.901297,0.878932,0.857651,0.837375,0.818036,0.79957,0.78192,0.765032,0.748858,0.733353,0.718478,0.704194,0.690467,0.677265,0.664558,0.65232,0.640524,0.629147,0.618167,0.607564,0.597318,0.587412,0.57783,0.568555,0.559573,0.55087,0.542434,0.534253,0.526315,0.518609,0.511125,0.503854,0.486552,0.461211,0.438378,0.415252,0.394443,0.37562,0.356707,0.339607,0.322595,0.305881,0.290813,0.277159,0.262767,0.249795,0.238044,0.225899,0.214933,0.204391,0.1943,0.185159,0.175961,0.167634,0.159339,0.151501,0.144105,0.137131,0.13056,0.124153,0.118149,0.112519,0.107077,0.10199,0.0969641,0.0922902,0.0879369,0.0836782,0.0796335,0.0757992,0.0721699,0.0686719,0.0653765
3.98107e-05,17.1783,14.7099,12.8405,11.5825,10.8398,10.4524,10.2984,10.3429,10.6305,11.4515,12.3479,12.549,12.4185,12.0822,11.5995,11.0044,10.3086,9.49538,8.47926,6.85895,2.41388,2.33749,2.26579,2.19835,2.13482,2.07485,2.01816,1.96448,1.91359,1.86527,1.81933,1.77559,1.73391,1.69414,1.65616,1.61984,1.58508,1.55178,1.51985,1.48921,1.45977,1.43148,1.40427,1.37807,1.35283,1.3285,1.30503,1.28237,1.26049,1.23934,1.21889,1.17995,1.14341,1.10908,1.07674,1.04624,1.01742,0.990142,0.96429,0.939753,0.916434,0.894245,0.873104,0.85294,0.833686,0.815283,0.797674,0.78081,0.764644,0.749134,0.734241,0.719928,0.706163,0.692914,0.680153,0.667854,0.655991,0.644543,0.633487,0.622804,0.612476,0.602485,0.592814,0.583449,0.574375,0.565579,0.557048,0.548771,0.540736,0.532934,0.525353,0.507312,0.480889,0.457083,0.43297,0.411273,0.391647,0.371927,0.354097,0.33636,0.318932,0.303221,0.288985,0.273978,0.260453,0.248201,0.235538,0.224104,0.213112,0.202591,0.19306,0.183469,0.174786,0.166137,0.157965,0.150253,0.142982,0.136131,0.129451,0.12319,0.11732,0.111645,0.106341,0.101101,0.096228,0.0916889,0.0872485,0.0830313,0.0790334,0.0752492,0.071602,0.0681659
5.01187e-05,17.202,14.7266,12.8591,11.6086,10.8782,10.5055,10.3684,10.4336,10.7482,11.6087,12.4996,12.6938,12.5663,12.2402,11.7756,11.2094,10.5592,9.82216,8.95334,7.78314,4.65725,2.44893,2.37381,2.30316,2.2366,2.17377,2.11438,2.05814,2.00482,1.9542,1.90606,1.86025,1.81658,1.77491,1.73512,1.69707,1.66065,1.62576,1.59231,1.56021,1.52937,1.49973,1.47122,1.44377,1.41733,1.39184,1.36725,1.34351,1.32058,1.29843,1.277,1.2362,1.19793,1.16195,1.12808,1.09612,1.06593,1.03735,1.01026,0.984557,0.960127,0.936879,0.91473,0.893605,0.873433,0.854152,0.835704,0.818036,0.801099,0.78485,0.769247,0.754251,0.73983,0.725949,0.71258,0.699694,0.687266,0.675272,0.66369,0.652497,0.641677,0.631209,0.621077,0.611265,0.601759,0.592544,0.583606,0.574935,0.566517,0.558342,0.5504,0.531499,0.503816,0.478875,0.453612,0.430881,0.410319,0.389659,0.370979,0.352396,0.334137,0.317677,0.302763,0.287041,0.272871,0.260034,0.246767,0.234788,0.223272,0.21225,0.202264,0.192216,0.183119,0.174058,0.165497,0.157417,0.149799,0.142621,0.135622,0.129063,0.122913,0.116968,0.111411,0.105921,0.100816,0.0960603,0.0914082,0.0869899,0.0828014,0.0788368,0.0750157,0.0714158
6.30958e-05,17.225,14.7429,12.8775,11.6345,10.9162,10.558,10.4374,10.5227,10.8634,11.7617,12.645,12.8321,12.7068,12.3892,11.94,11.3981,10.7854,10.1077,9.34159,8.39629,6.91952,2.55755,2.4791,2.40531,2.3358,2.27018,2.20816,2.14943,2.09375,2.04087,1.99061,1.94275,1.89715,1.85364,1.81208,1.77234,1.7343,1.69787,1.66293,1.62941,1.5972,1.56625,1.53647,1.50781,1.48019,1.45357,1.42789,1.4031,1.37916,1.35602,1.33364,1.29103,1.25106,1.21349,1.17811,1.14474,1.1132,1.08336,1.05507,1.02823,1.00271,0.978433,0.955302,0.93324,0.912173,0.892037,0.872771,0.854319,0.836631,0.819661,0.803365,0.787705,0.772644,0.758148,0.744186,0.730728,0.717749,0.705223,0.693127,0.681438,0.670137,0.659205,0.648624,0.638377,0.628449,0.618825,0.609491,0.600435,0.591644,0.583107,0.574812,0.555073,0.526163,0.500115,0.473731,0.449992,0.428518,0.406941,0.387433,0.368026,0.348958,0.331768,0.316192,0.299772,0.284974,0.271568,0.257712,0.245202,0.233175,0.221664,0.211235,0.200742,0.191241,0.181778,0.172837,0.164399,0.156443,0.148947,0.141638,0.134787,0.128365,0.122156,0.116353,0.110619,0.105287,0.100321,0.0954625,0.0908482,0.086474,0.0823335,0.0783429,0.0745834
7.94328e-05,17.2475,14.7589,12.8956,11.6601,10.9538,10.61,10.5053,10.6101,10.9763,11.9107,12.7844,12.9645,12.8408,12.5304,12.0943,11.5731,10.9918,10.362,9.67333,8.87043,7.78212,5.48301,2.59858,2.52125,2.44838,2.3796,2.31459,2.25303,2.19466,2.13924,2.08655,2.03639,1.98859,1.94298,1.89941,1.85776,1.81789,1.7797,1.74308,1.70794,1.67419,1.64174,1.61053,1.58048,1.55154,1.52363,1.49671,1.47073,1.44563,1.42137,1.39792,1.35326,1.31136,1.27198,1.2349,1.19991,1.16686,1.13557,1.10593,1.07778,1.05104,1.02559,1.00135,0.97822,0.956138,0.935032,0.914837,0.895495,0.876955,0.859167,0.842086,0.825671,0.809884,0.794689,0.780054,0.765948,0.752343,0.739213,0.726534,0.714282,0.702437,0.690978,0.679887,0.669146,0.658739,0.648651,0.638868,0.629375,0.62016,0.611211,0.602517,0.581826,0.551523,0.524219,0.496564,0.471681,0.449172,0.426555,0.406107,0.385764,0.365777,0.347758,0.331431,0.314221,0.298709,0.284657,0.270133,0.25702,0.244414,0.232347,0.221416,0.210417,0.200459,0.19054,0.181167,0.172323,0.163983,0.156126,0.148465,0.141284,0.134552,0.128044,0.121961,0.115951,0.110362,0.105156,0.100064,0.0952269,0.0906418,0.0863018,0.0821189,0.0781782
0.0001,17.2694,14.7746,12.9134,11.6855,10.9911,10.6613,10.5723,10.6961,11.0869,12.0559,12.9185,13.0914,12.9687,12.6644,12.2397,11.7364,11.1817,10.5919,9.96511,9.26494,8.38174,7.03107,2.71977,2.63883,2.56256,2.49058,2.42253,2.3581,2.29701,2.23901,2.18386,2.13136,2.08133,2.03359,1.988,1.9444,1.90267,1.8627,1.82437,1.78759,1.75227,1.71831,1.68564,1.65419,1.62389,1.59469,1.56651,1.53932,1.51305,1.48766,1.46311,1.41637,1.37252,1.3313,1.29249,1.25587,1.22128,1.18853,1.1575,1.12805,1.10006,1.07342,1.04805,1.02384,1.00073,0.978638,0.957501,0.937258,0.917853,0.899236,0.881358,0.864178,0.847654,0.831751,0.816433,0.801669,0.78743,0.773688,0.760417,0.747594,0.735196,0.723202,0.711594,0.700352,0.689461,0.678902,0.668662,0.658727,0.649082,0.639716,0.630616,0.60896,0.577244,0.548667,0.519722,0.493678,0.47012,0.446448,0.425046,0.403755,0.382835,0.363976,0.346888,0.328875,0.31264,0.297932,0.282732,0.269007,0.255813,0.243183,0.231742,0.22023,0.209807,0.199426,0.189616,0.180359,0.171631,0.163407,0.155388,0.147873,0.140827,0.134015,0.127648,0.121359,0.115509,0.11006,0.10473,0.099668,0.0948691,0.0903266,0.0859486,0.0818241
0.000125892,17.2907,14.79,12.9309,11.7106,11.0281,10.7121,10.6383,10.7806,11.1955,12.1974,13.0475,13.2134,13.0911,12.792,12.3772,11.8893,11.3577,10.8022,10.2274,9.60905,8.86311,7.8258,5.99084,2.76123,2.68142,2.6061,2.5349,2.46748,2.40355,2.34286,2.28515,2.23022,2.17787,2.12792,2.08021,2.03459,1.99093,1.9491,1.909,1.87051,1.83354,1.79801,1.76383,1.73092,1.69922,1.66865,1.63917,1.61072,1.58323,1.55666,1.53098,1.48206,1.43618,1.39305,1.35244,1.31412,1.27792,1.24366,1.21119,1.18037,1.15108,1.12321,1.09666,1.07133,1.04715,1.02403,1.00191,0.980732,0.960427,0.940945,0.922239,0.904261,0.886971,0.87033,0.854302,0.838854,0.823954,0.809574,0.795688,0.78227,0.769297,0.756747,0.7446,0.732837,0.72144,0.710392,0.699677,0.689281,0.679189,0.669388,0.659866,0.637206,0.604018,0.574116,0.543829,0.516577,0.491926,0.467156,0.444761,0.422483,0.400592,0.380859,0.362978,0.344129,0.327141,0.311751,0.295846,0.281484,0.267678,0.254463,0.242491,0.230445,0.219539,0.208676,0.198411,0.188725,0.179592,0.170986,0.162596,0.154732,0.147359,0.140232,0.133569,0.126988,0.120867,0.115165,0.109588,0.104291,0.0992694,0.0945163,0.0899353,0.0856194
0.00015849,17.3115,14.8051,12.9482,11.7355,11.0648,10.7624,10.7034,10.8637,11.3021,12.3354,13.1718,13.3307,13.2086,12.9138,12.5076,12.0333,11.5219,10.9965,10.4673,9.92039,9.2841,8.41674,7.17119,3.51445,2.8131,2.73408,2.65938,2.58865,2.52159,2.45791,2.39737,2.33974,2.28482,2.23241,2.18236,2.1345,2.0887,2.04482,2.00274,1.96236,1.92358,1.8863,1.85044,1.81592,1.78266,1.7506,1.71967,1.68981,1.66098,1.63311,1.60616,1.55484,1.50671,1.46146,1.41885,1.37866,1.34068,1.30474,1.27067,1.23834,1.20761,1.17837,1.15051,1.12394,1.09857,1.07432,1.05112,1.02889,1.00759,0.987153,0.967528,0.948667,0.930529,0.91307,0.896255,0.880048,0.864416,0.849331,0.834762,0.820685,0.807075,0.793909,0.781166,0.768825,0.756868,0.745278,0.734037,0.72313,0.712542,0.70226,0.692271,0.668498,0.63368,0.60231,0.570535,0.541945,0.516083,0.490097,0.466603,0.44323,0.420265,0.399562,0.380803,0.361029,0.343206,0.327061,0.310374,0.295307,0.280823,0.266959,0.2544,0.241762,0.23032,0.218923,0.208155,0.197993,0.188411,0.179383,0.170581,0.16233,0.154595,0.147118,0.140129,0.133224,0.126802,0.120821,0.11497,0.109412,0.104144,0.0991578,0.0943518,0.089824
0.000199526,17.3318,14.82,12.9653,11.7601,11.1012,10.8122,10.7677,10.9455,11.4068,12.47,13.2917,13.4438,13.3214,13.0303,12.6315,12.1693,11.6759,11.1775,10.6903,10.2115,9.68088,8.92853,7.89591,6.39196,2.9419,2.85926,2.78114,2.70717,2.63704,2.57045,2.50714,2.44687,2.38943,2.33463,2.28228,2.23223,2.18433,2.13844,2.09444,2.05221,2.01166,1.97267,1.93517,1.89906,1.86428,1.83075,1.79841,1.76718,1.73703,1.70788,1.6797,1.62603,1.57569,1.52837,1.48382,1.44178,1.40206,1.36447,1.32885,1.29504,1.2629,1.23232,1.20319,1.1754,1.14887,1.12351,1.09924,1.076,1.05372,1.03235,1.01183,0.992103,0.973133,0.954876,0.937291,0.920341,0.903994,0.888218,0.872982,0.858261,0.844028,0.830259,0.816932,0.804026,0.791522,0.779401,0.767645,0.756239,0.745167,0.734414,0.723967,0.699105,0.662694,0.629887,0.596657,0.566758,0.539712,0.512537,0.487966,0.463523,0.439507,0.417856,0.398238,0.377558,0.35892,0.342035,0.324585,0.308828,0.293681,0.279182,0.266047,0.252831,0.240865,0.228947,0.217686,0.207058,0.197038,0.187596,0.178391,0.169763,0.161674,0.153854,0.146544,0.139324,0.132608,0.126353,0.120234,0.114422,0.108913,0.103698,0.0986717,0.0939366
0.000251188,17.3516,14.8345,12.9822,11.7846,11.1374,10.8615,10.8311,11.0261,11.5097,12.6013,13.4076,13.5529,13.4299,13.1419,12.7497,12.2981,11.821,11.3473,10.9003,10.4925,10.0885,9.44036,8.47688,7.32839,5.35904,2.9949,2.91307,2.8356,2.76214,2.69238,2.62607,2.56294,2.50278,2.44538,2.39055,2.33812,2.28795,2.23988,2.19379,2.14956,2.10708,2.06625,2.02697,1.98915,1.95272,1.9176,1.88372,1.85101,1.81943,1.7889,1.75938,1.70317,1.65044,1.60088,1.5542,1.51018,1.46857,1.4292,1.39189,1.35647,1.32281,1.29078,1.26027,1.23116,1.20337,1.1768,1.15139,1.12704,1.10371,1.08132,1.05983,1.03917,1.0193,1.00017,0.981753,0.964,0.946878,0.930353,0.914395,0.898975,0.884067,0.869645,0.855686,0.842168,0.82907,0.816374,0.80406,0.792113,0.780516,0.769253,0.75831,0.732269,0.69413,0.659767,0.624961,0.593644,0.565315,0.53685,0.511114,0.485512,0.460356,0.437678,0.41713,0.395469,0.375946,0.358261,0.339982,0.323478,0.307612,0.292426,0.278668,0.264825,0.252292,0.239808,0.228012,0.21688,0.206385,0.196495,0.186853,0.177816,0.169343,0.161152,0.153496,0.145933,0.138898,0.132347,0.125937,0.11985,0.114079,0.108617,0.103352,0.0983928
0.000316228,17.3709,14.8488,12.9988,11.8088,11.1734,10.9104,10.8937,11.1055,11.611,12.7295,13.5196,13.6583,13.5345,13.249,12.8627,12.4206,11.9582,11.5078,11.101,10.7732,10.5607,10.0948,9.03396,7.97963,6.73669,3.39823,3.05343,2.97222,2.89522,2.82211,2.7526,2.68643,2.62337,2.5632,2.50573,2.45078,2.39819,2.3478,2.29949,2.25313,2.20861,2.1658,2.12463,2.08499,2.0468,2.00999,1.97448,1.9402,1.90709,1.87509,1.84415,1.78523,1.72996,1.67801,1.62909,1.58294,1.53933,1.49806,1.45895,1.42182,1.38654,1.35297,1.32099,1.29048,1.26135,1.2335,1.20686,1.18135,1.15689,1.13342,1.11089,1.08923,1.06841,1.04836,1.02906,1.01045,0.9925,0.975178,0.958451,0.942289,0.926662,0.911545,0.896914,0.882744,0.869016,0.855708,0.842801,0.830278,0.818122,0.806316,0.794847,0.767551,0.727575,0.691556,0.655073,0.622246,0.592553,0.562716,0.53574,0.508905,0.482536,0.458766,0.437228,0.414523,0.39406,0.375522,0.356363,0.339064,0.322433,0.306515,0.292095,0.277584,0.264447,0.251362,0.238998,0.22733,0.216329,0.205963,0.195856,0.186383,0.177502,0.168917,0.160892,0.152964,0.145591,0.138723,0.132005,0.125624,0.119576,0.11385,0.108332,0.103133
0.000398107,17.3898,14.8629,13.0152,11.8329,11.2091,10.9588,10.9555,11.1837,11.7106,12.8546,13.6281,13.7602,13.6354,13.352,12.9708,12.5373,12.0885,11.6605,11.2951,11.0639,11.2138,11.7578,9.75548,8.53546,7.49597,6.12141,3.19854,3.11347,3.03281,2.95622,2.88341,2.8141,2.74804,2.68501,2.62481,2.56725,2.51215,2.45938,2.40877,2.36021,2.31357,2.26873,2.2256,2.18407,2.14407,2.10551,2.06831,2.0324,1.99772,1.9642,1.93179,1.87007,1.81217,1.75775,1.70651,1.65816,1.61248,1.56925,1.52828,1.48939,1.45244,1.41727,1.38376,1.35181,1.32129,1.29212,1.26422,1.23749,1.21187,1.18729,1.16368,1.141,1.11918,1.09818,1.07796,1.05847,1.03967,1.02152,1.004,0.987069,0.9707,0.954865,0.939538,0.924695,0.910314,0.896374,0.882854,0.869735,0.857001,0.844635,0.83262,0.804027,0.762151,0.724421,0.686204,0.651817,0.620713,0.589458,0.5612,0.533089,0.505468,0.480568,0.458006,0.434223,0.412787,0.393368,0.373298,0.355177,0.337756,0.321082,0.305976,0.290776,0.277015,0.263307,0.250356,0.238133,0.226609,0.215751,0.205164,0.195241,0.185938,0.176944,0.168538,0.160233,0.15251,0.145316,0.138278,0.131594,0.125258,0.119261,0.11348,0.108035
0.000501187,17.4082,14.8767,13.0315,11.8567,11.2445,11.0067,11.0166,11.2608,11.8088,12.9768,13.7332,13.859,13.7328,13.4512,13.0745,12.6488,12.2126,11.8065,11.4853,11.3755,12.1605,12.8284,11.8326,9.11213,8.07361,7.04417,5.47937,3.25909,3.17466,3.09449,3.01827,2.94572,2.87657,2.81059,2.74758,2.68732,2.62965,2.57441,2.52144,2.4706,2.42178,2.37484,2.32969,2.28623,2.24436,2.20399,2.16505,2.12746,2.09116,2.05607,2.02214,1.95754,1.89693,1.83997,1.78632,1.73572,1.6879,1.64265,1.59976,1.55906,1.52037,1.48356,1.44849,1.41503,1.38309,1.35256,1.32335,1.29537,1.26855,1.24282,1.21811,1.19437,1.17153,1.14955,1.12838,1.10797,1.08829,1.0693,1.05096,1.03324,1.0161,0.999526,0.983482,0.967945,0.952892,0.938299,0.924147,0.910415,0.897085,0.88414,0.871564,0.841634,0.797799,0.758304,0.718299,0.682304,0.649745,0.617028,0.587449,0.558023,0.52911,0.503045,0.479428,0.454532,0.432094,0.411767,0.390758,0.37179,0.353554,0.336099,0.320287,0.304376,0.289971,0.275623,0.262066,0.249271,0.237208,0.225842,0.21476,0.204373,0.194634,0.18522,0.176421,0.167728,0.159643,0.152113,0.144746,0.137749,0.131117,0.124839,0.118788,0.113088
0.000630958,17.4263,14.8903,13.0475,11.8805,11.2798,11.0542,11.0769,11.3368,11.9055,13.0961,13.8351,13.9546,13.8271,13.5469,13.1741,12.7555,12.3312,11.947,11.6741,11.7183,12.9775,13.3586,12.6098,10.0905,8.58947,7.67039,6.63467,4.82478,3.32634,3.24234,3.16248,3.08646,3.01401,2.94488,2.87885,2.81572,2.7553,2.69741,2.64191,2.58864,2.53749,2.48831,2.441,2.39546,2.35159,2.30929,2.26849,2.22911,2.19107,2.15431,2.11876,2.05107,1.98757,1.92788,1.87167,1.81865,1.76855,1.72114,1.6762,1.63355,1.59301,1.55444,1.51769,1.48264,1.44917,1.41718,1.38657,1.35726,1.32916,1.3022,1.27631,1.25143,1.2275,1.20447,1.18229,1.16091,1.14029,1.12039,1.10117,1.0826,1.06465,1.04728,1.03047,1.01419,0.99842,0.98313,0.968301,0.953913,0.939947,0.926383,0.913206,0.881846,0.835916,0.794534,0.752619,0.714904,0.680789,0.646509,0.615517,0.584685,0.55439,0.52708,0.502335,0.476249,0.452739,0.431441,0.409428,0.389553,0.370446,0.352158,0.33559,0.318919,0.303826,0.288792,0.274587,0.261181,0.248542,0.236632,0.225021,0.214137,0.203934,0.19407,0.18485,0.175742,0.16727,0.15938,0.151662,0.144331,0.137382,0.130804,0.124464,0.118491
0.000794328,17.4439,14.9036,13.0634,11.904,11.3149,11.1013,11.1365,11.4119,12.0007,13.2126,13.934,14.0475,13.9184,13.6392,13.27,12.8579,12.445,12.0829,11.8637,12.0959,13.5444,13.7369,13.0497,11.8077,9.14367,8.18047,7.32385,6.28432,4.24561,3.39946,3.31573,3.23602,3.16006,3.08758,3.01835,2.95216,2.88881,2.82812,2.76993,2.71408,2.66045,2.60889,2.55929,2.51154,2.46554,2.4212,2.37842,2.33713,2.29725,2.2587,2.22143,2.15046,2.08388,2.0213,1.96237,1.90678,1.85425,1.80454,1.75742,1.7127,1.67021,1.62977,1.59124,1.55449,1.5194,1.48586,1.45376,1.42303,1.39357,1.3653,1.33816,1.31207,1.28698,1.26284,1.23958,1.21717,1.19555,1.17468,1.15453,1.13506,1.11624,1.09803,1.08041,1.06334,1.0468,1.03077,1.01522,1.00014,0.985495,0.971274,0.957458,0.924578,0.876423,0.833036,0.789089,0.749547,0.713778,0.677838,0.645343,0.613017,0.581255,0.552621,0.526677,0.499327,0.474678,0.452347,0.429268,0.40843,0.388398,0.369223,0.351852,0.334373,0.318548,0.302786,0.287893,0.273838,0.260586,0.248099,0.235925,0.224514,0.213816,0.203474,0.193807,0.184258,0.175376,0.167104,0.159011,0.151325,0.144039,0.137142,0.130495,0.124233
0.001,17.4611,14.9167,13.0791,11.9274,11.3498,11.148,11.1954,11.4859,12.0947,13.3265,14.0302,14.1376,14.0069,13.7284,13.3624,12.9563,12.5544,12.2151,12.056,12.4966,13.9741,14.0386,13.3765,12.3788,10.0803,8.65316,7.84961,7.03616,6.01508,3.93848,3.47837,3.39475,3.31506,3.23903,3.16641,3.09697,3.03051,2.96684,2.9058,2.84721,2.79094,2.73685,2.68482,2.63473,2.58648,2.53996,2.49508,2.45177,2.40993,2.36949,2.33039,2.25594,2.18609,2.12045,2.05863,2.00031,1.9452,1.89305,1.84363,1.79671,1.75213,1.70971,1.66929,1.63074,1.59392,1.55874,1.52507,1.49283,1.46192,1.43227,1.40379,1.37643,1.35011,1.32478,1.30038,1.27687,1.25419,1.2323,1.21116,1.19074,1.17099,1.15189,1.1334,1.1155,1.09815,1.08133,1.06502,1.0492,1.03383,1.01892,1.00442,0.969929,0.919412,0.873897,0.827794,0.786312,0.748789,0.711086,0.676998,0.643086,0.609765,0.579728,0.55251,0.523819,0.497961,0.474535,0.450324,0.428464,0.407449,0.387333,0.369111,0.350774,0.334173,0.317638,0.302014,0.287269,0.273368,0.260268,0.247497,0.235526,0.224304,0.213455,0.203314,0.193295,0.183978,0.1753,0.16681,0.158747,0.151104,0.143869,0.136896,0.130326
0.00125892,17.4779,14.9297,13.0946,11.9507,11.3845,11.1943,11.2536,11.559,12.1874,13.4377,14.1236,14.2252,14.0927,13.8148,13.4515,13.0511,12.6598,12.3444,12.2527,12.8956,14.3233,14.2927,13.6425,12.753,11.4554,9.17059,8.30298,7.58175,6.81267,5.84493,3.99628,3.56197,3.47835,3.39857,3.32237,3.24951,3.17978,3.11298,3.04893,2.98746,2.92842,2.87166,2.81707,2.76451,2.71388,2.66507,2.61798,2.57253,2.52863,2.4862,2.44518,2.36706,2.29377,2.22489,2.16003,2.09884,2.04102,1.9863,1.93444,1.88521,1.83843,1.79392,1.75151,1.71106,1.67244,1.63552,1.60019,1.56636,1.53393,1.50282,1.47294,1.44423,1.41661,1.39004,1.36444,1.33976,1.31597,1.293,1.27082,1.24939,1.22867,1.20863,1.18923,1.17044,1.15224,1.13459,1.11748,1.10088,1.08476,1.0691,1.0539,1.0177,0.964699,0.916942,0.868569,0.825043,0.785672,0.746112,0.710344,0.674762,0.639801,0.608283,0.579725,0.549621,0.522489,0.497909,0.472506,0.449569,0.427518,0.406412,0.387292,0.368052,0.350634,0.333283,0.31689,0.301419,0.286833,0.273088,0.259688,0.247128,0.235352,0.223969,0.213328,0.202817,0.19304,0.183935,0.175027,0.166567,0.158547,0.150955,0.143639,0.136746
0.0015849,17.4944,14.9424,13.11,11.9738,11.4191,11.2401,11.3112,11.6312,12.2789,13.5465,14.2146,14.3105,14.176,13.8985,13.5376,13.1424,12.7617,12.4716,12.4547,13.2714,14.6194,14.5136,13.8694,13.0433,12.0184,9.9823,8.73994,8.03311,7.3719,6.65674,5.77705,4.30439,3.64949,3.56579,3.48584,3.4094,3.33623,3.26614,3.19894,3.13444,3.0725,3.01295,2.95567,2.90053,2.84741,2.7962,2.74679,2.6991,2.65305,2.60853,2.56549,2.48352,2.40663,2.33436,2.2663,2.2021,2.14144,2.08403,2.02961,1.97797,1.92889,1.88218,1.83769,1.79525,1.75472,1.71599,1.67892,1.64343,1.6094,1.57676,1.54541,1.51529,1.48631,1.45843,1.43157,1.40568,1.38071,1.35662,1.33335,1.31086,1.28912,1.26809,1.24774,1.22803,1.20893,1.19042,1.17246,1.15504,1.13813,1.12171,1.10575,1.06778,1.01216,0.962057,0.911304,0.865637,0.824329,0.782822,0.745295,0.707962,0.67128,0.638212,0.608249,0.576663,0.548196,0.522407,0.495754,0.471688,0.448553,0.426408,0.406347,0.386161,0.367886,0.349682,0.332482,0.31625,0.300945,0.286525,0.272465,0.259287,0.246932,0.234989,0.223824,0.212796,0.202538,0.192985,0.183639,0.174762,0.166348,0.158383,0.150706,0.143474
0.00199526,17.5105,14.9549,13.1252,11.9969,11.4535,11.2856,11.3682,11.7026,12.3693,13.6527,14.3031,14.3934,14.257,13.9796,13.6209,13.2306,12.8604,12.5972,12.6621,13.6153,14.8777,14.71,14.0686,13.2847,12.3886,11.1402,9.23417,8.44408,7.82362,7.21747,6.56624,5.79614,4.68426,3.73896,3.65513,3.57497,3.49826,3.42476,3.35429,3.28667,3.22171,3.15928,3.09921,3.04139,2.98569,2.93199,2.88019,2.83019,2.78189,2.73521,2.69008,2.60413,2.52351,2.44773,2.37637,2.30905,2.24544,2.18524,2.12818,2.07403,2.02256,1.97359,1.92693,1.88243,1.83994,1.79932,1.76046,1.72324,1.68756,1.65333,1.62046,1.58888,1.5585,1.52926,1.50109,1.47395,1.44777,1.4225,1.3981,1.37453,1.35173,1.32968,1.30834,1.28767,1.26764,1.24823,1.2294,1.21113,1.1934,1.17618,1.15945,1.11963,1.06132,1.00878,0.955561,0.907676,0.864362,0.820839,0.781489,0.742344,0.70388,0.669206,0.637788,0.604669,0.574819,0.547778,0.51983,0.494596,0.470337,0.447117,0.426081,0.404915,0.385752,0.366664,0.348628,0.331608,0.315561,0.30044,0.285697,0.271879,0.258924,0.246401,0.234694,0.22313,0.212375,0.202357,0.192557,0.183249,0.174426,0.166074,0.158025,0.150442
0.00251188,17.5263,14.9672,13.1402,12.0198,11.4877,11.3306,11.4245,11.773,12.4585,13.7566,14.3894,14.4742,14.3357,14.0583,13.7016,13.3159,12.9563,12.7219,12.8739,13.9279,15.1072,14.8872,14.2468,13.4934,12.6761,11.7183,10.007,8.86145,8.22342,7.66567,7.11445,6.53288,5.87618,5.03958,3.82908,3.74511,3.66475,3.58776,3.51393,3.44309,3.37504,3.30963,3.24671,3.18614,3.12779,3.07153,3.01726,2.96488,2.91429,2.86539,2.8181,2.72807,2.64361,2.56422,2.48946,2.41894,2.3523,2.28924,2.22947,2.17274,2.11882,2.06752,2.01864,1.97202,1.92751,1.88496,1.84425,1.80526,1.76788,1.73202,1.69759,1.66449,1.63267,1.60204,1.57253,1.5441,1.51667,1.4902,1.46464,1.43994,1.41606,1.39296,1.3706,1.34895,1.32797,1.30764,1.28791,1.26878,1.2502,1.23216,1.21463,1.17292,1.11183,1.05679,1.00104,0.950875,0.905499,0.859905,0.818682,0.777674,0.73738,0.701056,0.668142,0.633446,0.602176,0.573848,0.54457,0.518135,0.492721,0.468396,0.446359,0.424186,0.404111,0.384114,0.365221,0.34739,0.330579,0.314739,0.299294,0.284818,0.271247,0.258127,0.245864,0.233749,0.222482,0.211988,0.201721,0.191971,0.182728,0.173978,0.165546,0.157602
0.00316228,17.5417,14.9793,13.1551,12.0426,11.5218,11.3753,11.4803,11.8427,12.5467,13.8582,14.4736,14.553,14.4124,14.1348,13.7798,13.3986,13.0497,12.8463,13.0882,14.2129,15.3141,15.0489,14.4086,13.6785,12.9156,12.0982,11.0172,9.37004,8.61111,8.05741,7.55306,7.05646,6.54429,5.98976,5.35211,4.50863,3.82805,3.74763,3.67052,3.59651,3.52544,3.45711,3.39139,3.32812,3.26716,3.2084,3.15172,3.097,3.04415,2.99307,2.94368,2.84963,2.76141,2.67848,2.60039,2.52673,2.45712,2.39125,2.32881,2.26956,2.21324,2.15965,2.10859,2.0599,2.0134,1.96895,1.92643,1.8857,1.84666,1.8092,1.77323,1.73867,1.70542,1.67342,1.64261,1.6129,1.58425,1.55661,1.52991,1.50411,1.47916,1.45503,1.43168,1.40906,1.38715,1.3659,1.3453,1.32531,1.30591,1.28706,1.26876,1.22519,1.16137,1.10388,1.04565,0.993247,0.945849,0.898223,0.855163,0.812327,0.770238,0.732295,0.697915,0.661673,0.629009,0.599419,0.568836,0.541223,0.514677,0.489268,0.46625,0.443088,0.422118,0.40123,0.381495,0.36287,0.34531,0.328764,0.312631,0.29751,0.283334,0.26963,0.25682,0.244165,0.232396,0.221434,0.21071,0.200525,0.19087,0.181731,0.172923,0.164624
0.00398107,17.5568,14.9913,13.1699,12.0652,11.5558,11.4196,11.5354,11.9116,12.6339,13.9575,14.5557,14.6298,14.487,14.2091,13.8557,13.4787,13.1408,12.9709,13.3026,14.4743,15.5026,15.1978,14.557,13.8453,13.1232,12.3929,11.5817,10.2516,9.04067,8.42976,7.93571,7.47967,7.03517,6.5855,6.12152,5.62231,5.04971,4.31354,3.82608,3.74894,3.67485,3.60363,3.53512,3.46917,3.40563,3.34438,3.28529,3.22826,3.17317,3.11992,3.06844,2.97041,2.87844,2.792,2.7106,2.63382,2.56126,2.49259,2.42751,2.36574,2.30704,2.25118,2.19796,2.1472,2.09873,2.0524,2.00807,1.96562,1.92492,1.88588,1.84838,1.81235,1.7777,1.74435,1.71222,1.68126,1.6514,1.62258,1.59475,1.56785,1.54185,1.5167,1.49236,1.46878,1.44594,1.42379,1.40232,1.38148,1.36126,1.34161,1.32253,1.27711,1.2106,1.15067,1.08996,1.03534,0.985936,0.936292,0.891407,0.846755,0.802882,0.763331,0.727494,0.689716,0.655668,0.624824,0.592945,0.564161,0.53649,0.510004,0.48601,0.461867,0.440008,0.418235,0.397664,0.37825,0.359945,0.342697,0.325881,0.310119,0.295342,0.281057,0.267704,0.254513,0.242245,0.230819,0.21964,0.209024,0.198959,0.189433,0.180252,0.171602
0.00501187,17.5716,15.0031,13.1845,12.0878,11.5896,11.4635,11.59,11.9797,12.7201,14.0547,14.6358,14.7048,14.5598,14.2814,13.9293,13.5565,13.23,13.096,13.5145,14.7158,15.6758,15.3359,14.6943,13.9977,13.3077,12.6392,11.9664,11.1581,9.67793,8.8269,8.29742,7.85114,7.43882,7.04,6.64969,6.25798,5.8541,5.42661,4.95509,4.39676,3.82099,3.74694,3.67571,3.60713,3.54107,3.47738,3.41594,3.35664,3.29936,3.244,3.19047,3.08853,2.99291,2.90304,2.8184,2.73856,2.66312,2.59172,2.52405,2.45982,2.39879,2.3407,2.28537,2.23259,2.18219,2.13402,2.08793,2.04379,2.00147,1.96087,1.92189,1.88443,1.8484,1.81372,1.78032,1.74812,1.71707,1.6871,1.65817,1.6302,1.60317,1.57702,1.5517,1.52719,1.50344,1.48042,1.45809,1.43642,1.41539,1.39497,1.37512,1.3279,1.25874,1.19642,1.13331,1.07652,1.02514,0.973526,0.926856,0.880429,0.834811,0.793687,0.756425,0.717145,0.681743,0.649671,0.616525,0.586597,0.557825,0.530286,0.505338,0.480234,0.457506,0.434868,0.413478,0.393292,0.374259,0.356326,0.33884,0.322452,0.307087,0.292234,0.27835,0.264635,0.251879,0.239998,0.228375,0.217336,0.206872,0.196966,0.18742,0.178426
0.00630958,17.5861,15.0147,13.199,12.1103,11.6233,11.507,11.6441,12.0471,12.8054,14.1498,14.7141,14.778,14.6307,14.3518,14.0009,13.6321,13.3174,13.222,13.7218,14.9404,15.836,15.4648,14.8221,14.1383,13.4746,12.8534,12.2705,11.6825,10.8869,9.36851,8.67874,8.2038,7.79754,7.42195,7.06833,6.7268,6.38997,6.05407,5.71458,5.36538,4.9975,4.59611,4.13324,3.73919,3.67071,3.60469,3.541,3.47952,3.42015,3.36276,3.30727,3.20161,3.10249,3.00932,2.92158,2.83882,2.76061,2.6866,2.61646,2.54988,2.48661,2.4264,2.36904,2.31433,2.26208,2.21215,2.16437,2.11861,2.07475,2.03266,1.99225,1.95342,1.91607,1.88012,1.84549,1.81212,1.77993,1.74887,1.71887,1.68989,1.66186,1.63475,1.60851,1.5831,1.55848,1.53461,1.51147,1.48901,1.46721,1.44604,1.42547,1.37652,1.30482,1.24023,1.1748,1.11593,1.06268,1.00917,0.960789,0.912662,0.865374,0.822745,0.784118,0.7434,0.706702,0.673456,0.639096,0.608072,0.578248,0.5497,0.523839,0.497816,0.474256,0.450789,0.428616,0.40769,0.387961,0.369371,0.351245,0.334257,0.31833,0.302933,0.288541,0.274323,0.2611,0.248784,0.236736,0.225293,0.214445,0.204177,0.194281,0.184958
0.00794328,17.6003,15.0261,13.2134,12.1328,11.6569,11.5501,11.6976,12.1138,12.8898,14.2428,14.7907,14.8496,14.7,14.4204,14.0706,13.7057,13.4033,13.3491,13.9228,15.1505,15.9851,15.5856,14.9418,14.2688,13.6275,13.0448,12.5284,12.0672,11.6147,10.9287,9.18779,8.5771,8.14217,7.76732,7.42905,7.11238,6.80864,6.51469,6.22791,5.9458,5.66583,5.38517,5.10036,4.80679,4.49777,4.16279,3.78392,3.59426,3.53293,3.47365,3.41633,3.30718,3.20479,3.10855,3.01792,2.93243,2.85165,2.7752,2.70274,2.63396,2.56861,2.50641,2.44716,2.39064,2.33668,2.28509,2.23574,2.18847,2.14316,2.09969,2.05795,2.01783,1.97925,1.94212,1.90635,1.87188,1.83863,1.80654,1.77555,1.74561,1.71666,1.68866,1.66155,1.6353,1.60987,1.58522,1.56131,1.53811,1.51559,1.49372,1.47247,1.42191,1.34785,1.28112,1.21354,1.15273,1.09772,1.04245,0.992472,0.942758,0.89391,0.849875,0.809975,0.767914,0.730006,0.695664,0.660171,0.628124,0.597316,0.567827,0.541112,0.514231,0.489895,0.465654,0.442749,0.421134,0.400754,0.381551,0.362828,0.34528,0.328827,0.312923,0.298056,0.283369,0.26971,0.256988,0.244542,0.232722,0.221517,0.21091,0.200688,0.191057
0.01,17.6143,15.0374,13.2277,12.1551,11.6903,11.5928,11.7506,12.1798,12.9733,14.3339,14.8655,14.9195,14.7676,14.4873,14.1384,13.7774,13.488,13.4774,14.1168,15.3479,16.1245,15.6994,15.0544,14.3909,13.769,13.2189,12.7561,12.3847,12.0981,11.861,11.529,9.08428,8.51304,8.10539,7.7626,7.45382,7.16535,6.89229,6.63145,6.38049,6.13759,5.90118,5.66983,5.44217,5.21674,4.99195,4.7659,4.53629,4.3001,4.05319,3.78953,3.4106,3.30501,3.20576,3.1123,3.02413,2.94082,2.86198,2.78725,2.71633,2.64893,2.58479,2.52368,2.4654,2.40975,2.35655,2.30566,2.25691,2.21018,2.16535,2.1223,2.08093,2.04114,2.00285,1.96596,1.93041,1.89613,1.86303,1.83108,1.8002,1.77035,1.74147,1.71351,1.68644,1.66022,1.63479,1.61013,1.58621,1.56298,1.54043,1.51852,1.46637,1.39,1.32119,1.25149,1.18877,1.13205,1.07504,1.02351,0.972239,0.921864,0.876452,0.835304,0.791928,0.752834,0.717418,0.680815,0.647766,0.615995,0.585583,0.558034,0.530312,0.505215,0.480215,0.456595,0.434304,0.413286,0.393483,0.374174,0.356077,0.33911,0.322708,0.307376,0.292231,0.278144,0.265024,0.25219,0.24,0.228444,0.217506,0.206964,0.197032
0.0123556,17.6268,15.0476,13.2407,12.1756,11.7209,11.6318,11.7989,12.2399,13.0493,14.4159,14.9328,14.9825,14.8283,14.5472,14.1991,13.8418,13.5648,13.5962,14.2884,15.5193,16.2451,15.7985,15.1523,14.4966,13.8905,13.3668,12.9461,12.6409,12.4566,12.3732,12.3039,12.1055,8.98342,8.44599,8.06964,7.75184,7.46488,7.19924,6.94981,6.71336,6.48768,6.27116,6.06251,5.86067,5.6647,5.47377,5.28706,5.10378,4.92313,4.74429,4.56632,4.20874,3.83951,3.44122,3.19457,3.10408,3.01856,2.93764,2.86094,2.78814,2.71895,2.65312,2.5904,2.53057,2.47345,2.41885,2.36661,2.31657,2.26861,2.22259,2.17841,2.13594,2.0951,2.05579,2.01793,1.98144,1.94625,1.91228,1.87948,1.84779,1.81715,1.7875,1.75881,1.73102,1.7041,1.67801,1.6527,1.62814,1.6043,1.58115,1.55866,1.50514,1.42674,1.35611,1.28457,1.2202,1.16197,1.10346,1.05056,0.99794,0.946234,0.899621,0.857385,0.812862,0.772735,0.736383,0.698813,0.66489,0.632278,0.601063,0.572785,0.544331,0.51857,0.49291,0.468665,0.445785,0.424212,0.403884,0.384065,0.36549,0.348074,0.331239,0.315502,0.299956,0.285497,0.27203,0.258856,0.246344,0.234483,0.223256,0.212435,0.20224
0.0151863,17.6388,15.0574,13.2533,12.1955,11.7507,11.6695,11.8456,12.2979,13.1229,14.4944,14.9972,15.0426,14.8863,14.6044,14.257,13.9031,13.6391,13.7128,14.4497,15.6783,16.3564,15.8904,15.2432,14.5944,14.0023,13.502,13.118,12.8684,12.7608,12.7647,12.7741,12.6735,12.4157,11.9233,8.40569,8.05057,7.75025,7.48147,7.23436,7.00365,6.78608,6.57953,6.38244,6.19361,6.0121,5.83711,5.66795,5.50403,5.3448,5.18977,5.03846,4.74523,4.46166,4.18419,3.90881,3.63053,3.34253,3.03466,2.93282,2.85819,2.78727,2.71978,2.65548,2.59416,2.5356,2.47962,2.42607,2.37478,2.32561,2.27844,2.23314,2.18961,2.14774,2.10745,2.06864,2.03123,1.99515,1.96033,1.92671,1.89422,1.8628,1.83241,1.803,1.77452,1.74692,1.72017,1.69422,1.66905,1.64461,1.62088,1.59782,1.54295,1.46259,1.39019,1.31685,1.25086,1.19117,1.13119,1.07696,1.02301,0.970008,0.922225,0.878928,0.833286,0.792151,0.754886,0.716371,0.681596,0.648165,0.616166,0.587177,0.558008,0.5316,0.505295,0.48044,0.456985,0.43487,0.414032,0.393715,0.374673,0.35682,0.339562,0.323429,0.307492,0.292671,0.278865,0.26536,0.252534,0.240374,0.228865,0.217772,0.207322
0.0184855,17.6501,15.0667,13.2652,12.2144,11.7789,11.7051,11.8897,12.3527,13.1924,14.5678,15.0575,15.0989,14.9405,14.6578,14.311,13.9605,13.7093,13.8245,14.5979,15.8231,16.4574,15.9742,15.326,14.6833,14.1035,13.6238,13.2721,13.0699,13.022,13.0803,13.1231,13.0524,12.854,12.5307,12.0663,8.37946,8.03739,7.75138,7.49726,7.26481,7.0487,6.84569,6.65362,6.47096,6.29655,6.12949,5.96903,5.81453,5.66546,5.52136,5.3818,5.11488,4.86208,4.62119,4.39021,4.16727,3.95055,3.73814,3.52796,3.31757,3.10389,2.88289,2.71784,2.65507,2.59513,2.53785,2.48303,2.43054,2.38022,2.33194,2.28558,2.24102,2.19817,2.15693,2.11721,2.07892,2.042,2.00636,1.97195,1.93869,1.90654,1.87544,1.84534,1.81618,1.78794,1.76056,1.734,1.70824,1.68323,1.65894,1.63534,1.57918,1.49693,1.42283,1.34777,1.28023,1.21914,1.15775,1.10225,1.04704,0.992785,0.943879,0.899565,0.852852,0.810751,0.772611,0.733192,0.6976,0.663384,0.630633,0.600964,0.57111,0.544082,0.517159,0.491721,0.467715,0.445081,0.423754,0.40296,0.383471,0.365198,0.347535,0.331024,0.314712,0.299543,0.285413,0.271591,0.258463,0.246019,0.234239,0.222886,0.21219
0.0222947,17.6606,15.0754,13.2765,12.2324,11.8058,11.7388,11.9315,12.4046,13.2581,14.6366,15.1139,15.1516,14.9912,14.7077,14.3614,14.0141,13.7758,13.9312,14.7344,15.9553,16.5494,16.0509,15.4018,14.7644,14.1957,13.7344,13.4118,13.251,13.2509,13.345,13.4034,13.3448,13.1717,12.9021,12.5642,12.1291,8.36415,8.03099,7.75582,7.51297,7.29191,7.08713,6.89533,6.71433,6.5426,6.37898,6.22257,6.07264,5.92858,5.7899,5.65615,5.40196,5.16345,4.93856,4.72556,4.52299,4.32957,4.14413,3.96563,3.79309,3.62554,3.46203,3.30157,3.14308,2.98534,2.82696,2.66623,2.50101,2.4332,2.38385,2.33645,2.29091,2.24711,2.20495,2.16434,2.1252,2.08745,2.05102,2.01584,1.98185,1.94898,1.91719,1.88641,1.85661,1.82774,1.79975,1.7726,1.74627,1.7207,1.69587,1.67174,1.61434,1.53026,1.4545,1.37777,1.30873,1.24627,1.18352,1.12678,1.07034,1.01488,0.96489,0.91959,0.871837,0.828799,0.789809,0.749513,0.713129,0.678151,0.644672,0.614342,0.583823,0.556193,0.528671,0.502667,0.478127,0.454989,0.433187,0.41193,0.392007,0.373328,0.355271,0.338392,0.321718,0.306211,0.291767,0.277637,0.264217,0.251495,0.239453,0.227847,0.216913
0.0266534,17.6706,15.0837,13.2872,12.2495,11.8313,11.7708,11.971,12.4536,13.3203,14.7012,15.1668,15.201,15.0387,14.7544,14.4085,14.0644,13.839,14.0329,14.8604,16.0765,16.6335,16.1213,15.4714,14.8388,14.28,13.8355,13.5393,13.4154,13.4542,13.5724,13.638,13.5847,13.4252,13.1831,12.8961,12.566,12.178,8.36207,8.03234,7.76426,7.52956,7.31702,7.12086,6.93764,6.76513,6.60173,6.44629,6.2979,6.15584,6.01951,5.88841,5.64031,5.40876,5.19162,4.98716,4.79395,4.61078,4.43661,4.27054,4.11179,3.95961,3.81337,3.67248,3.53637,3.40452,3.27642,3.15157,3.02949,2.90964,2.79149,2.67447,2.55793,2.44113,2.32325,2.21049,2.17052,2.13197,2.09476,2.05883,2.02411,1.99054,1.95807,1.92664,1.89621,1.86672,1.83813,1.8104,1.7835,1.75739,1.73203,1.70739,1.64876,1.56289,1.48552,1.40715,1.33664,1.27285,1.20876,1.15081,1.09317,1.03653,0.985467,0.939201,0.890429,0.846473,0.806652,0.765496,0.728336,0.692613,0.658419,0.627443,0.596273,0.568054,0.539945,0.513387,0.488323,0.464692,0.442425,0.420714,0.400366,0.381289,0.362847,0.345608,0.328579,0.312741,0.297989,0.283557,0.269851,0.256858,0.24456,0.232706,0.221539
0.0315982,17.6799,15.0915,13.2973,12.2658,11.8555,11.801,12.0084,12.5001,13.3792,14.7617,15.2165,15.2473,15.0832,14.7981,14.4526,14.1116,13.899,14.1297,14.9768,16.188,16.7107,16.1862,15.5355,14.9072,14.3574,13.9284,13.6566,13.5658,13.6364,13.771,13.8394,13.7882,13.6371,13.412,13.1539,12.8718,12.5744,12.2662,8.37661,8.04289,7.77781,7.54822,7.34162,7.15175,6.97493,6.80882,6.65175,6.50254,6.36024,6.22414,6.09364,5.84754,5.61882,5.40514,5.20464,5.01584,4.83752,4.66861,4.50824,4.35563,4.21011,4.07107,3.93798,3.81035,3.68775,3.56978,3.45607,3.34628,3.24009,3.1372,3.03733,2.9402,2.84555,2.75312,2.66265,2.57389,2.48656,2.4004,2.31511,2.23038,2.14589,2.06125,1.97605,1.93451,1.90442,1.87526,1.84697,1.81953,1.79289,1.76702,1.74188,1.68206,1.59446,1.51552,1.43557,1.36363,1.29856,1.23317,1.17406,1.11525,1.05746,1.00537,0.958171,0.908414,0.86357,0.822945,0.780958,0.743048,0.706603,0.671718,0.640116,0.608317,0.579528,0.550851,0.523756,0.498187,0.474078,0.451361,0.429212,0.408453,0.388991,0.370176,0.352589,0.335216,0.319057,0.304008,0.289285,0.275302,0.262046,0.249499,0.237406,0.226014
0.0371622,17.6886,15.0988,13.3069,12.2813,11.8786,11.8297,12.0438,12.544,13.4351,14.8186,15.2632,15.2909,15.125,14.8391,14.494,14.1559,13.9562,14.2216,15.0848,16.2907,16.7816,16.246,15.5947,14.9703,14.4288,14.0141,13.7649,13.7039,13.8009,13.9467,14.0154,13.9647,13.8191,13.6055,13.3665,13.1135,12.8623,12.6341,12.4487,12.3234,8.06514,7.79819,7.57051,7.36734,7.18162,7.00931,6.84784,6.69546,6.55091,6.41322,6.28164,6.0345,5.80578,5.59282,5.39356,5.20641,5.03006,4.86341,4.70556,4.55571,4.41318,4.27737,4.14775,4.02384,3.90522,3.7915,3.68235,3.57744,3.47649,3.37923,3.28541,3.1948,3.10719,3.0224,2.94021,2.86048,2.78304,2.70771,2.63437,2.56286,2.49304,2.42478,2.35795,2.29242,2.22806,2.16474,2.10231,2.04066,1.97962,1.91908,1.85886,1.72428,1.63447,1.55356,1.4716,1.39785,1.33115,1.26412,1.20352,1.14324,1.084,1.0306,0.982217,0.931211,0.885242,0.843597,0.800557,0.761695,0.724335,0.688575,0.65618,0.623583,0.594071,0.564675,0.5369,0.510689,0.485975,0.462688,0.439984,0.418703,0.398753,0.379466,0.361438,0.343628,0.327064,0.311637,0.296545,0.282211,0.268623,0.255761,0.243364,0.231686
0.0433745,17.6969,15.1057,13.3161,12.2961,11.9004,11.8568,12.0773,12.5857,13.488,14.8721,15.3071,15.3318,15.1643,14.8777,14.5328,14.1976,14.0106,14.3088,15.185,16.3857,16.8471,16.3014,15.6495,15.0287,14.4949,14.0934,13.8655,13.8314,13.9501,14.1035,14.1712,14.1202,13.9784,13.7731,13.5478,13.3148,13.0936,12.9119,12.8027,12.8056,12.927,13.0083,7.82804,7.59848,7.39609,7.21241,7.0428,6.8844,6.73529,6.59408,6.45976,6.20879,5.97772,5.76337,5.56341,5.37605,5.19987,5.03367,4.87651,4.72756,4.5861,4.45152,4.32328,4.20089,4.08393,3.972,3.86478,3.76193,3.66317,3.56824,3.47691,3.38894,3.30414,3.22233,3.14331,3.06694,2.99307,2.92154,2.85224,2.78503,2.71981,2.65647,2.59489,2.53499,2.47667,2.41984,2.36443,2.31034,2.2575,2.20585,2.15531,2.03337,1.84922,1.67498,1.50445,1.42906,1.36087,1.29235,1.23039,1.16876,1.1082,1.05361,1.00415,0.952002,0.905006,0.862432,0.81843,0.778701,0.740507,0.703949,0.670831,0.637506,0.607335,0.577282,0.548887,0.522091,0.496825,0.473018,0.449807,0.428052,0.407655,0.387938,0.369507,0.3513,0.334367,0.318595,0.303165,0.288511,0.27462,0.261471,0.248798,0.236858
0.0502592,17.7046,15.1123,13.3247,12.3101,11.9212,11.8826,12.1091,12.6251,13.5381,14.9224,15.3485,15.3704,15.2012,14.9138,14.5693,14.2369,14.0625,14.3914,15.2781,16.4736,16.9077,16.3528,15.7003,15.0829,14.5561,14.1672,13.959,13.9495,14.0862,14.2446,14.3104,14.2587,14.1196,13.9207,13.7058,13.4877,13.2883,13.1399,13.0833,13.1655,13.3598,13.448,13.316,7.87152,7.63502,7.43023,7.24628,7.07754,6.92066,6.77345,6.63439,6.37648,6.14071,5.92306,5.72075,5.5317,5.35431,5.18728,5.02958,4.88031,4.73872,4.60418,4.47611,4.35402,4.23746,4.12604,4.01941,3.91724,3.81925,3.72517,3.63476,3.54779,3.46407,3.38341,3.30562,3.23057,3.15808,3.08803,3.02029,2.95473,2.89125,2.82974,2.7701,2.71224,2.65606,2.60151,2.54848,2.49691,2.44673,2.39788,2.3503,2.23651,2.0681,1.91396,1.75451,1.60686,1.46823,1.32138,1.25484,1.19199,1.13023,1.07455,1.0241,0.970921,0.922991,0.879571,0.834695,0.794176,0.755223,0.717938,0.684162,0.650175,0.619404,0.588755,0.559795,0.532466,0.506698,0.482419,0.458746,0.436558,0.415757,0.395647,0.37685,0.358281,0.341011,0.324926,0.30919,0.294245,0.280077,0.266667,0.253742,0.241565
0.0578353,17.7119,15.1185,13.3329,12.3235,11.941,11.907,12.1393,12.6625,13.5857,14.9698,15.3874,15.4067,15.236,14.9479,14.6036,14.2739,14.112,14.4695,15.3649,16.5552,16.9639,16.4006,15.7476,15.1332,14.613,14.2359,14.0464,14.059,14.2107,14.3723,14.4359,14.3832,14.2461,14.0522,13.8455,13.6391,13.4569,13.335,13.3209,13.4629,13.6918,13.7634,13.621,13.3622,13.0639,7.68452,7.47296,7.28587,7.11589,6.95886,6.81218,6.54326,6.29998,6.07693,5.8706,5.67846,5.49866,5.32971,5.17047,5.01997,4.87739,4.74205,4.61334,4.49074,4.37379,4.26208,4.15526,4.05298,3.95495,3.8609,3.77058,3.68376,3.60025,3.51984,3.44236,3.36766,3.29557,3.22597,3.15872,3.0937,3.0308,2.96992,2.91095,2.8538,2.79839,2.74464,2.69246,2.64179,2.59256,2.54471,2.49818,2.38724,2.22416,2.07641,1.92569,1.78881,1.66358,1.53578,1.41784,1.29721,1.17387,1.09618,1.04471,0.990462,0.941567,0.897273,0.851494,0.810159,0.770423,0.732388,0.697931,0.66326,0.631871,0.600604,0.571062,0.543183,0.516896,0.492128,0.467978,0.445344,0.424124,0.40361,0.384435,0.365492,0.347875,0.331465,0.315413,0.300167,0.285714,0.272034,0.258849,0.246427
0.0661159,17.7188,15.1243,13.3407,12.3362,11.9598,11.9302,12.1679,12.6979,13.6308,15.0144,15.4241,15.4408,15.2687,14.9799,14.6358,14.3088,14.1592,14.5434,15.4459,16.6309,17.016,16.445,15.7916,15.18,14.666,14.3,14.1281,14.1609,14.3251,14.4885,14.5496,14.4958,14.3603,14.1703,13.9704,13.7735,13.6055,13.5062,13.5289,13.7184,13.9613,14.012,13.8578,13.6052,13.3313,13.0759,12.8521,7.52905,7.33475,7.16078,7.00159,6.71539,6.46072,6.22962,6.0173,5.82054,5.63707,5.46516,5.30347,5.15091,5.00659,4.86975,4.73976,4.61605,4.49814,4.38559,4.27803,4.17511,4.07651,3.98197,3.89122,3.80404,3.72021,3.63954,3.56185,3.48697,3.41475,3.34505,3.27774,3.21269,3.1498,3.08895,3.03004,2.97299,2.91771,2.8641,2.81211,2.76164,2.71264,2.66504,2.61879,2.50867,2.34723,2.20154,2.05366,1.92025,1.79917,1.67691,1.5657,1.45417,1.34334,1.24189,1.14818,1.04665,0.960583,0.915395,0.868691,0.826521,0.785982,0.747179,0.712027,0.676655,0.644632,0.612734,0.582595,0.554153,0.527335,0.502067,0.47743,0.454339,0.43269,0.411762,0.392199,0.372874,0.3549,0.33816,0.321783,0.306229,0.291485,0.277528,0.264077,0.251404
0.0751091,17.7253,15.1299,13.3482,12.3484,11.9776,11.9521,12.195,12.7316,13.6737,15.0565,15.4587,15.4731,15.2996,15.01,14.6662,14.3418,14.2043,14.6133,15.5216,16.7015,17.0645,16.4864,15.8326,15.2237,14.7155,14.36,14.2048,14.2558,14.4304,14.5948,14.6533,14.5983,14.464,14.2773,14.0829,13.8941,13.7383,13.6589,13.7148,13.9422,14.1872,14.2171,14.0523,13.8022,13.542,13.3126,13.1306,12.9981,7.60663,7.39833,7.21631,6.90133,6.6291,6.38611,6.16516,5.96186,5.77325,5.59717,5.43204,5.27659,5.1298,4.99083,4.85898,4.73363,4.61425,4.5004,4.39167,4.28769,4.18814,4.09272,4.00119,3.91328,3.82879,3.74751,3.66925,3.59386,3.52117,3.45104,3.38334,3.31793,3.2547,3.19355,3.13437,3.07707,3.02156,2.96776,2.91559,2.86497,2.81583,2.76812,2.72177,2.6115,2.45002,2.30456,2.15723,2.02465,1.9047,1.78406,1.67486,1.56603,1.45879,1.36174,1.27335,1.17949,1.09409,1.01559,0.933003,0.856538,0.802006,0.762412,0.726543,0.69045,0.657774,0.625226,0.594472,0.56545,0.538086,0.512302,0.487163,0.463601,0.441511,0.420156,0.400195,0.380475,0.362136,0.345054,0.328343,0.312472,0.297427,0.283186,0.26946,0.256529
0.0848159,17.7314,15.1351,13.3552,12.3599,11.9946,11.973,12.2207,12.7635,13.7143,15.0962,15.4913,15.5035,15.3286,15.0385,14.6948,14.3729,14.2473,14.6793,15.5924,16.7672,17.1096,16.5251,15.871,15.2645,14.7617,14.4163,14.2767,14.3443,14.5276,14.6923,14.7483,14.6921,14.5587,14.3747,14.1851,14.0031,13.8581,13.797,13.8831,14.1403,14.3806,14.3915,14.2174,13.9682,13.7173,13.5051,13.3492,13.2519,13.2052,13.1894,7.48608,7.11535,6.81391,6.55267,6.31914,6.10659,5.91086,5.72912,5.55936,5.40004,5.24997,5.10817,4.97385,4.84633,4.72502,4.60943,4.49913,4.39373,4.29288,4.19628,4.10364,4.01472,3.92929,3.84714,3.76807,3.69192,3.61852,3.54772,3.47939,3.41339,3.34961,3.28794,3.22827,3.17051,3.11456,3.06034,3.00778,2.95679,2.9073,2.85927,2.81261,2.70164,2.53925,2.39308,2.24519,2.11227,1.99216,1.87156,1.76261,1.65428,1.54789,1.45197,1.36503,1.27328,1.19048,1.11516,1.03702,0.966031,0.897208,0.830171,0.768831,0.705784,0.671206,0.637993,0.606612,0.576997,0.549074,0.522764,0.497111,0.473068,0.450527,0.428736,0.408367,0.388245,0.369531,0.3521,0.335048,0.318853,0.303501,0.288969,0.274963,0.261768
0.0952324,17.7372,15.1401,13.3619,12.3709,12.0107,11.9927,12.2452,12.7937,13.7529,15.1337,15.5222,15.5322,15.3561,15.0652,14.7218,14.4024,14.2884,14.7416,15.6588,16.8285,17.1518,16.5613,15.9068,15.3026,14.805,14.4691,14.3444,14.427,14.6176,14.7821,14.8355,14.7782,14.6455,14.4638,14.2783,14.1024,13.967,13.9228,14.0368,14.317,14.5488,14.5426,14.3604,14.1117,13.8675,13.6683,13.5317,13.4591,13.4392,13.4471,13.4501,13.3564,7.03093,6.73894,6.48596,6.25988,6.05413,5.86462,5.68865,5.52423,5.36988,5.22442,5.08693,4.95664,4.83287,4.71509,4.60281,4.49562,4.39314,4.29504,4.20102,4.11083,4.02421,3.94096,3.86086,3.78374,3.70943,3.63778,3.56864,3.50187,3.43737,3.37501,3.31469,3.25631,3.19977,3.14499,3.09189,3.04039,2.99041,2.94191,2.8948,2.78278,2.61893,2.47154,2.32247,2.18857,2.06766,1.94634,1.83683,1.72807,1.62138,1.52535,1.43846,1.34698,1.26467,1.19006,1.113,1.04341,0.976438,0.911788,0.853417,0.794417,0.740607,0.686506,0.634641,0.589449,0.560923,0.534045,0.507839,0.483277,0.460249,0.437988,0.41718,0.396623,0.377505,0.359698,0.342279,0.325734,0.31005,0.295205,0.280897,0.267417
0.106348,17.7426,15.1448,13.3682,12.3814,12.026,12.0115,12.2683,12.8225,13.7896,15.169,15.5513,15.5593,15.382,15.0905,14.7473,14.4302,14.3276,14.8005,15.721,16.8858,17.1912,16.5951,15.9404,15.3383,14.8456,14.5187,14.408,14.5044,14.7011,14.865,14.916,14.8575,14.7253,14.5456,14.3637,14.1931,14.0666,14.0383,14.1781,14.4754,14.6969,14.6754,14.4863,14.2376,13.9989,13.8102,13.6891,13.6358,13.6352,13.6579,13.6698,13.5902,13.3941,6.96333,6.67668,6.42931,6.20872,6.00821,5.82369,5.65243,5.49244,5.34225,5.20072,5.06691,4.94006,4.81955,4.70483,4.59543,4.49096,4.39103,4.29534,4.2036,4.11555,4.03096,3.94961,3.87133,3.79593,3.72325,3.65313,3.58545,3.52008,3.45689,3.39578,3.33665,3.2794,3.22394,3.17018,3.11806,3.06748,3.0184,2.97074,2.85743,2.69175,2.54276,2.39213,2.25688,2.13479,2.01233,1.90184,1.79216,1.68462,1.5879,1.50045,1.40847,1.3258,1.25097,1.17381,1.10428,1.03755,0.973304,0.915566,0.857507,0.804902,0.752463,0.702763,0.655769,0.611198,0.568843,0.527091,0.492741,0.469262,0.446565,0.425349,0.40439,0.384897,0.366742,0.348981,0.332113,0.316122,0.300985,0.286397,0.272653
0.118148,17.7478,15.1493,13.3743,12.3914,12.0406,12.0294,12.2904,12.8497,13.8244,15.2024,15.5788,15.5849,15.4064,15.1144,14.7713,14.4566,14.3651,14.8561,15.7793,16.9394,17.228,16.6268,15.9718,15.3718,14.8836,14.5655,14.468,14.5768,14.7786,14.9417,14.9903,14.9308,14.799,14.621,14.4423,14.2765,14.1582,14.145,14.3083,14.6182,14.8285,14.7935,14.5982,14.3496,14.1154,13.9357,13.8278,13.7904,13.8047,13.8374,13.8541,13.781,13.6018,13.4124,6.91424,6.62823,6.38355,6.16638,5.96955,5.78877,5.62116,5.4647,5.31791,5.17961,5.04887,4.92495,4.80721,4.69511,4.5882,4.48606,4.38835,4.29476,4.205,4.11883,4.03602,3.95636,3.87967,3.80578,3.73453,3.66578,3.59939,3.53524,3.47322,3.41321,3.35513,3.29888,3.24437,3.19151,3.14024,3.09049,3.04219,2.92739,2.75957,2.60872,2.45626,2.3194,2.19588,2.07202,1.9603,1.84941,1.74073,1.643,1.55467,1.4618,1.37838,1.30291,1.22514,1.15513,1.08799,1.02342,0.965494,0.907358,0.854806,0.802571,0.75325,0.706821,0.663044,0.621752,0.581438,0.543554,0.50789,0.473201,0.440501,0.412353,0.392477,0.373964,0.355853,0.338652,0.322347,0.306912,0.292037,0.278023
0.130609,17.7527,15.1535,13.38,12.4009,12.0544,12.0463,12.3113,12.8756,13.8574,15.234,15.6048,15.6091,15.4295,15.137,14.794,14.4816,14.4009,14.9087,15.8342,16.9897,17.2625,16.6566,16.0013,15.4032,14.9194,14.6095,14.5246,14.6447,14.8509,15.0129,15.0593,14.9987,14.8673,14.6907,14.5149,14.3534,14.2427,14.244,14.4287,14.7475,14.9465,14.8993,14.6988,14.45,14.2198,14.0479,13.9518,13.928,13.9542,13.9938,14.0131,13.9429,13.7741,13.6074,13.5259,6.88763,6.59588,6.35025,6.1341,5.9392,5.76076,5.59569,5.44185,5.29766,5.16191,5.03365,4.91211,4.79667,4.68676,4.58193,4.48179,4.38597,4.29418,4.20613,4.12158,4.04031,3.96212,3.88682,3.81425,3.74426,3.6767,3.61144,3.54837,3.48737,3.42834,3.37118,3.31581,3.26213,3.21007,3.15957,3.11054,2.99405,2.82383,2.67088,2.51636,2.37768,2.25255,2.12711,2.01397,1.9017,1.79168,1.69276,1.60337,1.50941,1.42502,1.34868,1.27005,1.19929,1.13146,1.06622,1.00776,0.94913,0.896179,0.843604,0.794033,0.74744,0.7036,0.662355,0.622213,0.584642,0.549448,0.515429,0.483618,0.452128,0.422771,0.395305,0.368259,0.345425,0.328793,0.31305,0.297877,0.283583
0.143707,17.7573,15.1575,13.3855,12.4099,12.0676,12.0624,12.3311,12.9002,13.8889,15.2639,15.6294,15.632,15.4514,15.1583,14.8155,14.5052,14.4351,14.9584,15.8858,17.0367,17.2948,16.6845,16.0291,15.4328,14.9531,14.651,14.578,14.7084,14.9182,15.0791,15.1233,15.0617,14.9306,14.7553,14.582,14.4245,14.321,14.336,14.5404,14.865,15.0529,14.9949,14.7896,14.5409,14.3141,14.1493,14.0637,14.0518,14.0876,14.1322,14.1527,14.0837,13.922,13.7713,13.7183,13.7489,6.89212,6.58394,6.33221,6.11391,5.91873,5.74101,5.5772,5.42493,5.28247,5.14853,5.02211,4.90241,4.78875,4.68059,4.57745,4.47894,4.38469,4.2944,4.20778,4.12461,4.04465,3.96771,3.8936,3.82217,3.75326,3.68672,3.62245,3.56031,3.5002,3.44202,3.38567,3.33107,3.27812,3.22676,3.17692,3.05853,2.88564,2.73037,2.57357,2.4329,2.30601,2.17882,2.06413,1.95034,1.83884,1.7386,1.64804,1.55284,1.46735,1.39003,1.31039,1.23873,1.17005,1.10399,1.04482,0.985502,0.931944,0.878788,0.828699,0.781644,0.737405,0.695825,0.655405,0.617628,0.582303,0.548231,0.516458,0.485111,0.456013,0.428932,0.402445,0.377259,0.353351,0.330651,0.30865,0.289229
0.157411,17.7617,15.1613,13.3907,12.4185,12.0801,12.0777,12.35,12.9236,13.9187,15.2921,15.6527,15.6537,15.472,15.1784,14.8357,14.5277,14.4677,15.0053,15.9344,17.0809,17.3252,16.7107,16.0551,15.4605,14.9847,14.6902,14.6284,14.7683,14.9811,15.1407,15.1829,15.1204,14.9895,14.8153,14.6443,14.4905,14.3937,14.422,14.644,14.9723,15.1495,15.0817,14.8722,14.6234,14.3998,14.2416,14.1655,14.1642,14.2079,14.2559,14.2769,14.2081,14.0515,13.9134,13.8834,13.9358,13.8776,6.94928,6.60122,6.33441,6.10914,5.91062,5.73146,5.56731,5.41534,5.27359,5.14061,5.01531,4.89681,4.7844,4.67751,4.57563,4.47836,4.38533,4.29623,4.21076,4.1287,4.04981,3.9739,3.90078,3.83029,3.76229,3.69662,3.63318,3.57184,3.51248,3.45502,3.39936,3.34541,3.2931,3.24234,3.12183,2.94597,2.78814,2.62884,2.48599,2.35718,2.2281,2.11174,1.9963,1.88321,1.78156,1.68972,1.59319,1.50652,1.42813,1.34739,1.27475,1.20513,1.13815,1.07818,1.01806,0.963791,0.909937,0.8592,0.811543,0.766752,0.724669,0.683778,0.645583,0.60989,0.575491,0.543445,0.511868,0.482601,0.455414,0.428884,0.403731,0.379939,0.357452,0.33578,0.315368
0.171685,17.7658,15.165,13.3956,12.4267,12.0919,12.0922,12.3679,12.9458,13.9471,15.3188,15.6748,15.6742,15.4916,15.1974,14.8549,14.549,14.4989,15.0497,15.9801,17.1223,17.3537,16.7354,16.0796,15.4866,15.0146,14.7273,14.676,14.8245,15.0398,15.1982,15.2384,15.175,15.0443,14.8712,14.7023,14.5518,14.4615,14.5024,14.7404,15.0704,15.2375,15.1609,14.9477,14.6989,14.4782,14.326,14.2587,14.2668,14.3171,14.3675,14.3885,14.3193,14.1666,14.0389,14.0287,14.0978,14.0374,13.8788,13.7566,6.66887,6.36683,6.12577,5.91897,5.73518,5.56841,5.41505,5.2727,5.13962,5.01455,4.8965,4.7847,4.67852,4.57742,4.48097,4.38877,4.30051,4.21589,4.13465,4.05657,3.98145,3.9091,3.83936,3.77208,3.70711,3.64434,3.58364,3.5249,3.46803,3.41293,3.35953,3.30774,3.18484,3.00566,2.845,2.68295,2.53772,2.40683,2.27571,2.15754,2.04035,1.92556,1.8224,1.72921,1.63127,1.54334,1.46381,1.38191,1.30822,1.2376,1.16964,1.10882,1.04784,0.992794,0.938174,0.88672,0.83839,0.792971,0.750303,0.70885,0.670136,0.633968,0.599122,0.56667,0.534708,0.505103,0.477621,0.450826,0.425446,0.401474,0.378852,0.357094,0.336651
0.186492,17.7697,15.1684,13.4003,12.4346,12.1032,12.106,12.3849,12.9669,13.9741,15.3441,15.6956,15.6936,15.5101,15.2155,14.8731,14.5692,14.5286,15.0916,16.0232,17.1613,17.3805,16.7586,16.1027,15.5112,15.0427,14.7623,14.7211,14.8773,15.0948,15.2519,15.2903,15.2261,15.0954,14.9233,14.7563,14.6089,14.5248,14.5778,14.83,15.1606,15.3181,15.2334,15.0169,14.7682,14.5502,14.4035,14.3445,14.361,14.4168,14.4689,14.4894,14.4195,14.2699,14.1511,14.1586,14.2407,14.176,14.0177,13.9068,13.8665,6.86838,6.45418,6.17618,5.95135,5.75735,5.58438,5.42712,5.28227,5.14762,5.0216,4.90305,4.79106,4.68491,4.584,4.48784,4.39602,4.30819,4.22405,4.14332,4.06576,3.99116,3.91934,3.85012,3.78335,3.71889,3.65661,3.59639,3.53812,3.4817,3.42705,3.37407,3.24845,3.06553,2.9017,2.73661,2.58878,2.45561,2.32229,2.20218,2.0831,1.9665,1.86174,1.76711,1.66769,1.57843,1.49771,1.41459,1.3398,1.26813,1.19914,1.13742,1.07554,1.01968,0.964257,0.912044,0.862999,0.816908,0.773612,0.731548,0.692267,0.65557,0.620218,0.587299,0.554882,0.524861,0.497,0.469844,0.444132,0.419858,0.396966,0.374964,0.354312
0.201792,17.7734,15.1716,13.4048,12.442,12.114,12.1191,12.4011,12.9869,13.9998,15.368,15.7154,15.712,15.5276,15.2325,14.8902,14.5883,14.557,15.1313,16.0639,17.1979,17.4057,16.7805,16.1245,15.5344,15.0693,14.7954,14.7637,14.9271,15.1464,15.3021,15.3388,15.2738,15.1433,14.9719,14.8066,14.6623,14.584,14.6486,14.9136,15.2436,15.392,15.3001,15.0806,14.8319,14.6165,14.4751,14.4237,14.4478,14.5081,14.5614,14.5813,14.5105,14.3635,14.2525,14.2761,14.3684,14.2982,14.1393,14.0376,14.01,13.9959,13.946,6.7048,6.29404,6.02467,5.80834,5.6223,5.45672,5.30632,5.16786,5.03918,4.91877,4.80548,4.69843,4.59692,4.5004,4.40839,4.3205,4.23639,4.15576,4.07837,4.00398,3.93239,3.86343,3.79694,3.73277,3.67078,3.61085,3.55287,3.49675,3.44239,3.31362,3.12642,2.95901,2.79053,2.63981,2.50415,2.36842,2.24621,2.12511,2.00657,1.90009,1.80395,1.70295,1.6123,1.53032,1.44592,1.36998,1.29723,1.22717,1.16451,1.1017,1.04499,0.988731,0.93573,0.885941,0.839153,0.7952,0.752499,0.712621,0.675367,0.639477,0.606059,0.57315,0.542676,0.514396,0.486834,0.46074,0.436111,0.412889,0.390576,0.369639
0.217539,17.7769,15.1747,13.409,12.4491,12.1242,12.1316,12.4164,13.006,14.0242,15.3907,15.7341,15.7294,15.5442,15.2487,14.9065,14.6065,14.5842,15.1688,16.1022,17.2324,17.4294,16.8011,16.1449,15.5563,15.0944,14.8268,14.804,14.9739,15.1948,15.3492,15.3842,15.3184,15.188,15.0173,14.8537,14.7121,14.6394,14.7151,14.9915,15.3203,15.4602,15.3616,15.1395,14.8909,14.6777,14.5414,14.4972,14.5281,14.5922,14.6462,14.6653,14.5936,14.4486,14.3448,14.3833,14.4835,14.4072,14.2475,14.1536,14.1363,14.1282,14.0813,14.007,8.02281,6.69438,6.19288,5.91371,5.69726,5.51393,5.3521,5.20585,5.07165,4.9472,4.83092,4.72162,4.61841,4.5206,4.42761,4.33898,4.25432,4.17329,4.09561,4.02102,3.94932,3.88029,3.81379,3.74963,3.68769,3.62783,3.56994,3.51393,3.38144,3.18924,3.01773,2.84541,2.69145,2.55303,2.41465,2.29015,2.16685,2.04622,1.93791,1.84015,1.73748,1.64536,1.56206,1.47631,1.39918,1.32528,1.25412,1.19048,1.1267,1.06913,1.012,0.958185,0.907631,0.860122,0.815493,0.772134,0.731641,0.693811,0.657366,0.62343,0.59001,0.559062,0.530343,0.502353,0.475852,0.450842,0.427261,0.404605,0.383349
0.233689,17.7802,15.1776,13.413,12.4559,12.1339,12.1434,12.4311,13.0241,14.0473,15.4122,15.7519,15.7459,15.5599,15.2639,14.9219,14.6238,14.61,15.2043,16.1384,17.2649,17.4517,16.8205,16.1643,15.5769,15.118,14.8564,14.8421,15.0181,15.2402,15.3933,15.4268,15.3603,15.2299,15.0599,14.8978,14.7587,14.6915,14.7778,15.0642,15.3912,15.5232,15.4185,15.1939,14.9454,14.7346,14.6029,14.5654,14.6025,14.6698,14.7241,14.7425,14.6697,14.5266,14.4292,14.4817,14.5878,14.5053,14.3445,14.2577,14.2491,14.2454,14.2003,14.1289,14.0689,8.2985,7.86641,7.21281,6.1874,5.85488,5.62372,5.43551,5.27265,5.12718,4.9947,4.87247,4.75867,4.65199,4.55146,4.45632,4.36596,4.27991,4.19776,4.11916,4.04383,3.97152,3.90201,3.8351,3.77062,3.7084,3.64834,3.59029,3.45327,3.25512,3.07879,2.90204,2.74441,2.60287,2.46155,2.33451,2.2088,2.0859,1.97562,1.87612,1.77166,1.67797,1.59327,1.50611,1.42772,1.35264,1.28031,1.21567,1.15088,1.0924,1.03438,0.979727,0.928384,0.880137,0.834813,0.79078,0.749657,0.711237,0.674222,0.639756,0.605812,0.574378,0.545207,0.516776,0.489855,0.46445,0.440496,0.417482,0.395889
0.250196,17.7834,15.1804,13.4169,12.4623,12.1431,12.1547,12.445,13.0413,14.0694,15.4326,15.7687,15.7615,15.5748,15.2784,14.9365,14.6402,14.6347,15.2379,16.1727,17.2954,17.4728,16.8389,16.1825,15.5964,15.1404,14.8846,14.8783,15.0597,15.2829,15.4348,15.4667,15.3996,15.2692,15.0998,14.9391,14.8025,14.7404,14.8368,15.1321,15.4569,15.5815,15.4712,15.2445,14.9961,14.7873,14.6602,14.629,14.6717,14.7416,14.7961,14.8136,14.7398,14.5983,14.5069,14.5724,14.683,14.5942,14.4324,14.3519,14.3508,14.3504,14.3064,14.2371,14.1822,14.1618,14.1513,8.09311,7.74317,7.33475,6.6096,5.89542,5.60618,5.39696,5.22458,5.07455,4.94008,4.81733,4.70389,4.59811,4.49881,4.40512,4.31635,4.23197,4.15153,4.07465,4.00104,3.93042,3.86257,3.79727,3.73438,3.67372,3.53099,3.32548,3.14336,2.96138,2.79947,2.65438,2.50972,2.37985,2.25146,2.12606,2.01362,1.91223,1.80585,1.71049,1.6243,1.53563,1.45592,1.37957,1.30602,1.24033,1.17449,1.11508,1.05613,1.00061,0.948458,0.89945,0.853414,0.808689,0.76692,0.727897,0.690301,0.655292,0.620813,0.588885,0.559252,0.530371,0.503023,0.477214,0.452878,0.429496,0.407558
0.267012,17.7864,15.1831,13.4205,12.4685,12.1519,12.1654,12.4582,13.0576,14.0904,15.4519,15.7847,15.7763,15.5889,15.2922,14.9503,14.6557,14.6583,15.2698,16.205,17.3243,17.4927,16.8562,16.1997,15.6148,15.1616,14.9112,14.9125,15.0989,15.323,15.4737,15.5043,15.4364,15.3061,15.1373,14.9778,14.8435,14.7864,14.8925,15.1957,15.518,15.6356,15.5202,15.2914,15.0432,14.8365,14.7136,14.6884,14.7361,14.8082,14.8627,14.8794,14.8045,14.6644,14.5787,14.6564,14.7701,14.6751,14.5125,14.4379,14.4433,14.4453,14.4018,14.3343,14.2836,14.2698,14.2639,14.2256,8.20915,7.92249,7.63157,7.32326,6.96659,6.41676,5.72618,5.4301,5.22496,5.05872,4.91524,4.78724,4.67073,4.56325,4.46315,4.36925,4.2807,4.19681,4.11706,4.04102,3.96834,3.89871,3.8319,3.76769,3.61733,3.40235,3.213,3.02464,2.85765,2.70838,2.55987,2.42676,2.29536,2.16717,2.05234,1.94889,1.84041,1.74323,1.65544,1.56516,1.48403,1.40636,1.33152,1.26471,1.19778,1.13739,1.07748,1.02106,0.968063,0.91827,0.871498,0.826062,0.78363,0.74399,0.7058,0.670237,0.635213,0.602779,0.572678,0.54334,0.515556,0.489336,0.464613,0.440858,0.418569
0.284089,17.7892,15.1856,13.424,12.4743,12.1602,12.1756,12.4707,13.0732,14.1103,15.4702,15.7998,15.7904,15.6023,15.3052,14.9634,14.6705,14.6807,15.2999,16.2356,17.3515,17.5114,16.8725,16.216,15.6321,15.1816,14.9365,14.9449,15.136,15.3608,15.5103,15.5395,15.4711,15.3408,15.1725,15.0142,14.8821,14.8298,14.945,15.2552,15.5749,15.6859,15.5658,15.3352,15.0871,14.8823,14.7636,14.7439,14.7962,14.8702,14.9245,14.9403,14.8644,14.7256,14.6452,14.7344,14.8501,14.7492,14.5858,14.5167,14.5279,14.5317,14.4884,14.4222,14.3753,14.3674,14.3652,14.327,14.2716,14.2325,8.02365,7.77312,7.52457,7.2728,7.00983,6.71952,6.35381,5.7461,5.34174,5.11314,4.94018,4.79556,4.66881,4.55468,4.45016,4.35329,4.26276,4.17759,4.09706,4.0206,3.94779,3.87826,3.71686,3.48883,3.28997,3.09352,2.92026,2.76596,2.61288,2.47601,2.34114,2.20978,2.09227,1.98651,1.87572,1.77655,1.68701,1.59499,1.51234,1.43324,1.35703,1.28905,1.22096,1.15953,1.09861,1.04126,0.987384,0.936775,0.889243,0.843071,0.799957,0.75968,0.720879,0.684751,0.649168,0.616219,0.58564,0.555835,0.527609,0.500972,0.475855,0.451722,0.429077
0.30138,17.7919,15.1879,13.4273,12.4799,12.1682,12.1852,12.4827,13.088,14.1293,15.4875,15.8142,15.8037,15.615,15.3175,14.9759,14.6846,14.7022,15.3284,16.2645,17.3772,17.5291,16.888,16.2314,15.6486,15.2006,14.9605,14.9756,15.171,15.3964,15.5447,15.5727,15.5037,15.3734,15.2055,15.0484,14.9184,14.8707,14.9946,15.3109,15.6278,15.7328,15.6083,15.376,15.1281,14.9251,14.8103,14.7959,14.8523,14.9279,14.982,14.9969,14.9201,14.7824,14.707,14.8069,14.9238,14.8173,14.6531,14.5893,14.6055,14.6106,14.5674,14.5023,14.4588,14.4563,14.4572,14.4185,14.3636,14.3275,14.3105,14.2932,7.85978,7.63755,7.42005,7.20476,6.98873,6.7679,6.5354,6.27718,5.95364,5.46415,5.10138,4.88722,4.72574,4.59115,4.47343,4.36756,4.27064,4.18084,4.09693,4.01798,3.83825,3.59031,3.37795,3.17061,2.98923,2.82861,2.66994,2.52855,2.3896,2.25455,2.13397,2.0256,1.91221,1.81083,1.71936,1.62544,1.54112,1.46049,1.3828,1.31355,1.24423,1.18171,1.11972,1.06138,1.00659,0.955124,0.906799,0.859864,0.816041,0.775108,0.735677,0.698964,0.662809,0.629332,0.598263,0.567982,0.539304,0.512243,0.486726,0.462208,0.439202
0.318838,17.7944,15.1902,13.4305,12.4852,12.1757,12.1945,12.494,13.1021,14.1474,15.504,15.8278,15.8164,15.627,15.3292,14.9877,14.698,14.7226,15.3555,16.2919,17.4014,17.5458,16.9026,16.2459,15.6641,15.2185,14.9832,15.0048,15.204,15.4299,15.5771,15.604,15.5344,15.4041,15.2367,15.0806,14.9526,14.9093,15.0414,15.3632,15.6773,15.7765,15.648,15.4142,15.1664,14.9652,14.8541,14.8447,14.9048,14.9818,15.0355,15.0496,14.9718,14.8352,14.7645,14.8746,14.9919,14.88,14.7153,14.6563,14.6771,14.6832,14.6399,14.5756,14.5353,14.5378,14.5411,14.5016,14.4471,14.4137,14.3998,14.3844,14.3568,7.91919,7.71172,7.51177,7.31768,7.12797,6.94116,6.75562,6.56936,6.37968,6.18223,5.96905,5.72221,5.3923,4.99932,4.75016,4.57881,4.44236,4.32596,4.22282,4.00256,3.71784,3.48372,3.26029,3.06763,2.89862,2.73278,2.58574,2.44181,2.30236,2.17817,2.06677,1.9504,1.84651,1.75288,1.65683,1.57069,1.48837,1.40907,1.33846,1.26781,1.20411,1.14099,1.08159,1.02583,0.97347,0.924312,0.876577,0.832015,0.790399,0.750313,0.712997,0.67625,0.642228,0.610657,0.579887,0.550747,0.523251,0.497326,0.472416,0.449042
0.336417,17.7968,15.1924,13.4335,12.4903,12.1829,12.2032,12.5048,13.1154,14.1645,15.5196,15.8407,15.8284,15.6384,15.3403,14.9988,14.7107,14.7421,15.3811,16.3178,17.4243,17.5616,16.9164,16.2597,15.6788,15.2356,15.0048,15.0324,15.2352,15.4616,15.6077,15.6334,15.5634,15.433,15.266,15.1109,14.9847,14.9457,15.0857,15.4123,15.7235,15.8174,15.6851,15.4499,15.2023,15.0028,14.8953,14.8905,14.9541,15.0321,15.0854,15.0987,15.02,14.8844,14.8182,14.9379,15.0549,14.938,14.7729,14.7185,14.7433,14.7501,14.7065,14.6431,14.6057,14.6128,14.6181,14.5776,14.5232,14.4924,14.4813,14.4674,14.4405,14.4084,14.3836,7.76542,7.57584,7.39372,7.21778,7.04698,6.88037,6.71712,6.55633,6.39699,6.23794,6.07765,5.91398,5.74351,5.56024,5.35175,5.08978,4.76999,4.29703,3.90204,3.62265,3.37121,3.16101,2.97984,2.80414,2.64966,2.49935,2.35443,2.22584,2.11082,1.99096,1.88417,1.78806,1.68961,1.60142,1.51721,1.43612,1.36402,1.29192,1.22695,1.1626,1.10208,1.04528,0.991964,0.941923,0.893343,0.848005,0.805671,0.764903,0.726956,0.689593,0.655007,0.622915,0.591642,0.562023,0.534082,0.507738,0.482426,0.458678
0.354071,17.7991,15.1944,13.4363,12.4951,12.1897,12.2116,12.5151,13.1282,14.1809,15.5344,15.853,15.8398,15.6493,15.3508,15.0095,14.7228,14.7607,15.4054,16.3423,17.446,17.5766,16.9294,16.2727,15.6928,15.2517,15.0253,15.0586,15.2648,15.4914,15.6365,15.6612,15.5906,15.4603,15.2936,15.1394,15.0151,14.9801,15.1276,15.4583,15.7668,15.8556,15.7199,15.4833,15.2359,15.038,14.9339,14.9335,15.0002,15.0791,15.132,15.1445,15.065,14.9303,14.8685,14.997,15.1134,14.9917,14.8263,14.7763,14.8046,14.8119,14.7681,14.7053,14.6707,14.6821,14.6891,14.6473,14.5931,14.5645,14.5559,14.5433,14.5169,14.4857,14.4626,14.4497,14.4359,7.62496,7.45003,7.28228,7.12068,6.96444,6.81287,6.66534,6.52129,6.38019,6.24151,6.10464,5.96893,5.83361,5.69778,5.56009,5.19253,4.34448,3.84782,3.5256,3.28139,3.07976,2.88893,2.72374,2.56472,2.41262,2.27843,2.15893,2.03481,1.92455,1.82553,1.72428,1.63374,1.5474,1.4643,1.39052,1.31682,1.25046,1.18477,1.12302,1.0651,1.01076,0.959775,0.910295,0.864132,0.82104,0.779551,0.740943,0.702935,0.667759,0.635125,0.603327,0.573215,0.544812,0.518036,0.492311,0.468176
0.371758,17.8013,15.1963,13.439,12.4997,12.1962,12.2195,12.5249,13.1403,14.1964,15.5485,15.8647,15.8506,15.6595,15.3608,15.0195,14.7343,14.7784,15.4285,16.3655,17.4665,17.5907,16.9418,16.2851,15.7059,15.2669,15.0448,15.0835,15.2927,15.5196,15.6637,15.6873,15.6164,15.486,15.3196,15.1664,15.0437,15.0127,15.1672,15.5016,15.8073,15.8914,15.7525,15.5147,15.2675,15.0711,14.9703,14.974,15.0436,15.1232,15.1757,15.1874,15.1071,14.9732,14.9155,15.0525,15.1678,15.0416,14.8759,14.8302,14.8617,14.8693,14.8251,14.7629,14.731,14.7464,14.7547,14.7115,14.6574,14.631,14.6246,14.613,14.587,14.5565,14.535,14.5241,14.5114,14.4895,14.4654,7.49586,7.33294,7.17693,7.02694,6.88226,6.74232,6.6066,6.4747,6.34622,6.22078,6.09804,5.9777,5.85941,5.57022,5.11043,4.58471,3.83236,3.46642,3.21717,2.99774,2.81477,2.64246,2.48008,2.33826,2.21285,2.08331,1.96873,1.86617,1.76158,1.66826,1.57944,1.49402,1.41834,1.34284,1.27492,1.20774,1.14464,1.0855,1.03004,0.978027,0.927579,0.88053,0.836628,0.794372,0.755062,0.716373,0.680577,0.647373,0.615026,0.584397,0.555514,0.528289,0.502136,0.477602
0.389435,17.8034,15.1982,13.4416,12.5041,12.2024,12.227,12.5342,13.1518,14.2112,15.5618,15.8757,15.8609,15.6693,15.3703,15.0291,14.7452,14.7953,15.4503,16.3876,17.4858,17.604,16.9535,16.2967,15.7184,15.2814,15.0633,15.107,15.3191,15.5462,15.6893,15.7121,15.6407,15.5102,15.3442,15.1918,15.0707,15.0435,15.2047,15.5424,15.8453,15.925,15.783,15.5441,15.2971,15.1022,15.0045,15.0122,15.0843,15.1646,15.2166,15.2276,15.1465,15.0133,14.9597,15.1044,15.2184,15.088,14.9222,14.8805,14.9148,14.9226,14.878,14.8164,14.787,14.8062,14.8155,14.7709,14.7168,14.6925,14.6881,14.6773,14.6515,14.6216,14.6016,14.5925,14.5808,14.5591,14.5356,14.5185,14.506,7.37687,7.22389,7.07755,6.93703,6.8017,6.67103,6.54459,6.42199,6.30291,6.18708,6.07424,5.80361,5.39756,5.01204,4.57507,4.03266,3.4765,3.16291,2.93956,2.74233,2.56293,2.40952,2.27564,2.13868,2.01842,1.91131,1.80254,1.70582,1.61403,1.52585,1.44796,1.37037,1.30067,1.23181,1.1672,1.10669,1.05,0.996864,0.945357,0.897346,0.852567,0.809486,0.769425,0.730007,0.69355,0.659744,0.626818,0.595645,0.566258,0.538563,0.511962,0.487013
0.407066,17.8053,15.1999,13.4441,12.5082,12.2082,12.2342,12.543,13.1627,14.2253,15.5745,15.8862,15.8706,15.6786,15.3793,15.0382,14.7556,14.8114,15.471,16.4084,17.5042,17.6167,16.9646,16.3078,15.7302,15.2952,15.0808,15.1294,15.3441,15.5714,15.7136,15.7354,15.6636,15.5332,15.3674,15.2157,15.0962,15.0727,15.2401,15.5807,15.881,15.9565,15.8117,15.5718,15.325,15.1315,15.0368,15.0481,15.1226,15.2034,15.2549,15.2652,15.1834,15.051,15.0011,15.1532,15.2655,15.1313,14.9654,14.9275,14.9644,14.9722,14.9273,14.8662,14.8391,14.8619,14.872,14.826,14.7719,14.7495,14.7469,14.7367,14.7111,14.6818,14.6632,14.6557,14.6448,14.6232,14.6002,14.5842,14.5728,14.5599,14.5434,7.26741,7.12259,6.9842,6.85147,6.72378,6.60064,6.48163,6.36644,6.25477,5.98931,5.59878,5.24137,4.86771,4.51074,4.14739,3.64315,3.17202,2.89435,2.67643,2.50134,2.35336,2.20499,2.07652,1.96314,1.84882,1.74773,1.65219,1.56062,1.48004,1.39998,1.32819,1.25739,1.19104,1.12898,1.07089,1.01651,0.963823,0.914753,0.869014,0.825033,0.784156,0.743953,0.706786,0.672333,0.63879,0.607039,0.577117,0.548926,0.521854,0.496468
0.424611,17.8072,15.2016,13.4464,12.5122,12.2138,12.241,12.5514,13.1732,14.2387,15.5865,15.8962,15.8799,15.6874,15.3879,15.0468,14.7655,14.8268,15.4907,16.4282,17.5215,17.6287,16.9751,16.3182,15.7415,15.3082,15.0975,15.1507,15.3678,15.5952,15.7365,15.7575,15.6853,15.5548,15.3893,15.2384,15.1203,15.1003,15.2737,15.6168,15.9145,15.9861,15.8387,15.5978,15.3512,15.1591,15.0673,15.082,15.1586,15.2399,15.2909,15.3005,15.218,15.0863,15.0401,15.1991,15.3096,15.1717,15.0059,14.9715,15.0107,15.0185,14.9731,14.9126,14.8877,14.9139,14.9246,14.8771,14.8231,14.8025,14.8015,14.7918,14.7663,14.7375,14.7202,14.7142,14.704,14.6825,14.6599,14.6449,14.6345,14.6222,14.6061,14.5897,14.5764,7.16726,7.02905,6.89715,6.77079,6.64934,6.53237,6.41947,6.15292,5.76545,5.41645,5.05991,4.73303,4.42798,4.10348,3.77444,3.33362,2.88729,2.64225,2.46159,2.29133,2.14897,2.02583,1.90336,1.79616,1.69559,1.59958,1.51561,1.43248,1.35815,1.28501,1.21662,1.15275,1.09306,1.03724,0.983227,0.932966,0.886156,0.841178,0.799403,0.758339,0.7204,0.685246,0.651036,0.618663,0.58817,0.55945,0.531878,0.50603
0.442034,17.809,15.2032,13.4486,12.516,12.2191,12.2475,12.5594,13.1831,14.2515,15.598,15.9057,15.8887,15.6957,15.396,15.055,14.7749,14.8414,15.5094,16.447,17.5379,17.64,16.985,16.3282,15.7521,15.3206,15.1133,15.1708,15.3902,15.6177,15.7581,15.7783,15.7058,15.5753,15.41,15.2598,15.1431,15.1264,15.3055,15.6508,15.946,16.0139,15.8641,15.6223,15.3758,15.1851,15.096,15.114,15.1926,15.2742,15.3247,15.3337,15.2505,15.1195,15.0768,15.2422,15.3508,15.2095,15.0437,15.0127,15.054,15.0617,15.016,14.9559,14.9332,14.9626,14.9737,14.9247,14.8707,14.8519,14.8523,14.8431,14.8176,14.7892,14.7732,14.7686,14.759,14.7374,14.7152,14.7011,14.6916,14.6798,14.6641,14.6481,14.6356,14.6257,14.6147,7.0767,6.94362,6.81685,6.69562,6.57928,6.30685,5.91533,5.56669,5.21474,4.89695,4.60679,4.30997,4.03355,3.74392,3.42691,3.05272,2.67603,2.42776,2.25163,2.10904,1.9723,1.85536,1.74726,1.64492,1.55633,1.46917,1.39158,1.31552,1.24462,1.17856,1.11697,1.05946,1.0039,0.952267,0.904238,0.858133,0.81535,0.773328,0.734533,0.69861,0.66367,0.630619,0.599506,0.570216,0.542106,0.515763
0.459305,17.8106,15.2047,13.4508,12.5196,12.2241,12.2537,12.567,13.1925,14.2636,15.6088,15.9147,15.8971,15.7037,15.4037,15.0628,14.7838,14.8554,15.5271,16.4648,17.5535,17.6508,16.9945,16.3376,15.7622,15.3323,15.1284,15.19,15.4115,15.639,15.7786,15.7981,15.7251,15.5946,15.4296,15.28,15.1647,15.1512,15.3356,15.6829,15.9757,16.0401,15.888,15.6454,15.3991,15.2096,15.1231,15.1443,15.2246,15.3064,15.3565,15.3649,15.2811,15.1507,15.1113,15.2827,15.3894,15.2449,15.0792,15.0515,15.0946,15.1021,15.0561,14.9964,14.9758,15.0082,15.0196,14.9691,14.9152,14.898,14.8997,14.8909,14.8653,14.8374,14.8225,14.8193,14.81,14.7883,14.7665,14.7533,14.7447,14.7333,14.7178,14.7023,14.6904,14.6812,14.6706,14.6577,14.645,14.6344,6.86708,6.74416,6.46005,6.0581,5.70459,5.35112,5.03488,4.749,4.46044,4.19713,3.93094,3.66213,3.40818,3.15799,2.83519,2.47071,2.24834,2.07326,1.93573,1.81387,1.70103,1.60536,1.51235,1.43025,1.35027,1.27609,1.20727,1.14329,1.08373,1.02631,0.973054,0.923594,0.876183,0.832243,0.78913,0.749371,0.712583,0.676831,0.643031,0.611236,0.581321,0.552626,0.525747
0.476393,17.8122,15.2061,13.4528,12.523,12.2289,12.2596,12.5743,13.2015,14.2752,15.6192,15.9233,15.905,15.7112,15.411,15.0702,14.7923,14.8687,15.5439,16.4817,17.5682,17.6609,17.0034,16.3465,15.7717,15.3434,15.1427,15.2082,15.4316,15.6591,15.798,15.8167,15.7435,15.6129,15.4482,15.2992,15.1851,15.1748,15.3642,15.7131,16.0036,16.0648,15.9105,15.6671,15.421,15.2327,15.1488,15.1728,15.2548,15.3368,15.3864,15.3943,15.3099,15.1801,15.1439,15.3209,15.4255,15.278,15.1125,15.0879,15.1327,15.14,15.0936,15.0343,15.0158,15.051,15.0625,15.0105,14.9567,14.9411,14.944,14.9354,14.9099,14.8823,14.8685,14.8665,14.8577,14.8358,14.8143,14.8019,14.794,14.783,14.7677,14.7526,14.7414,14.7328,14.7226,14.7099,14.6976,14.6875,14.6786,14.669,6.62236,6.20137,5.83781,5.47831,5.15934,4.87299,4.58606,4.32653,4.06725,3.81032,3.57538,3.35789,3.12003,2.89068,2.65207,2.32378,2.08092,1.91652,1.77931,1.66996,1.56687,1.47759,1.39175,1.31291,1.24029,1.17318,1.11095,1.05118,0.995913,0.944713,0.895735,0.850425,0.806034,0.765157,0.72738,0.690703,0.656057,0.623498,0.592888,0.563545,0.536076
0.493271,17.8138,15.2075,13.4547,12.5263,12.2335,12.2652,12.5812,13.2101,14.2862,15.629,15.9314,15.9126,15.7184,15.418,15.0772,14.8004,14.8814,15.5598,16.4977,17.5822,17.6706,17.0119,16.355,15.7808,15.354,15.1563,15.2254,15.4507,15.6782,15.8164,15.8344,15.7608,15.6302,15.4657,15.3173,15.2045,15.1971,15.3912,15.7417,16.0299,16.088,15.9317,15.6876,15.4417,15.2546,15.173,15.1998,15.2833,15.3655,15.4146,15.4219,15.337,15.2077,15.1747,15.3569,15.4594,15.3092,15.1438,15.1221,15.1685,15.1756,15.1288,15.0699,15.0533,15.0912,15.1027,15.0493,14.9956,14.9814,14.9854,14.9771,14.9515,14.9243,14.9115,14.9107,14.9021,14.8801,14.8588,14.8472,14.84,14.8293,14.8142,14.7994,14.7889,14.7808,14.7709,14.7584,14.7464,14.7368,14.7283,14.719,14.6945,6.35395,5.97297,5.60257,5.27732,4.98737,4.69855,4.43877,4.18085,3.92725,3.69782,3.48862,3.26564,3.06114,2.87055,2.66335,2.45803,2.214,1.93674,1.77607,1.64671,1.54224,1.44559,1.35894,1.28042,1.20867,1.14269,1.07973,1.02181,0.968365,0.917412,0.870409,0.824464,0.782247,0.743297,0.705539,0.669912,0.636475,0.605075,0.575,0.54687
0.509912,17.8152,15.2088,13.4565,12.5294,12.2378,12.2705,12.5878,13.2182,14.2966,15.6383,15.9392,15.9197,15.7252,15.4246,15.0839,14.8082,14.8934,15.575,16.5129,17.5954,17.6798,17.0199,16.363,15.7894,15.3641,15.1693,15.2418,15.4688,15.6963,15.8337,15.8511,15.7773,15.6466,15.4823,15.3344,15.2228,15.2182,15.4169,15.7686,16.0548,16.11,15.9517,15.707,15.4613,15.2752,15.1959,15.2253,15.3102,15.3925,15.4412,15.448,15.3626,15.2338,15.2037,15.3908,15.4912,15.3384,15.1732,15.1544,15.2021,15.2089,15.1618,15.1033,15.0885,15.129,15.1403,15.0856,15.032,15.0193,15.0243,15.0161,14.9904,14.9635,14.9517,14.952,14.9437,14.9214,14.9005,14.8896,14.883,14.8726,14.8576,14.8431,14.8331,14.8257,14.816,14.8036,14.792,14.7828,14.7747,14.7657,14.7418,6.53144,6.11838,5.72979,5.39407,5.09758,4.80417,4.54165,4.2822,4.02834,3.7999,3.59289,3.37414,3.17608,2.99505,2.80517,2.63031,2.45656,2.27183,2.08404,1.8457,1.66226,1.53045,1.4249,1.33442,1.25435,1.18218,1.11429,1.05249,0.9959,0.942268,0.893032,0.845087,0.801184,0.760785,0.72171,0.684905,0.65043,0.618104,0.587181,0.558291
0.526293,17.8166,15.21,13.4583,12.5324,12.2419,12.2755,12.594,13.2259,14.3066,15.6471,15.9465,15.9265,15.7317,15.4309,15.0902,14.8155,14.905,15.5894,16.5273,17.608,17.6884,17.0276,16.3706,15.7976,15.3736,15.1816,15.2574,15.486,15.7134,15.8502,15.867,15.7928,15.6622,15.498,15.3506,15.2401,15.2383,15.4412,15.7941,16.0782,16.1306,15.9706,15.7253,15.4797,15.2947,15.2176,15.2495,15.3356,15.418,15.4663,15.4726,15.3866,15.2583,15.2312,15.4228,15.5211,15.3658,15.2009,15.1848,15.2337,15.2403,15.1928,15.1347,15.1217,15.1645,15.1757,15.1197,15.0662,15.0548,15.0607,15.0526,15.0269,15.0003,14.9895,14.9907,14.9826,14.9601,14.9394,14.9292,14.9232,14.913,14.8982,14.884,14.8745,14.8675,14.8581,14.8459,14.8345,14.8257,14.818,14.8092,14.786,14.7545,6.28949,5.86773,5.515,5.2082,4.90738,4.63994,4.37689,4.12058,3.89083,3.68341,3.46519,3.26865,3.09023,2.90497,2.73687,2.57387,2.41062,2.26109,2.10676,1.95635,1.78045,1.57576,1.43005,1.32494,1.23826,1.16056,1.09184,1.0301,0.972342,0.91984,0.869083,0.822893,0.780582,0.739811,0.70152,0.665758,0.632304,0.600362,0.57057
0.542395,17.8179,15.2112,13.4599,12.5352,12.2458,12.2804,12.6,13.2333,14.3161,15.6556,15.9535,15.933,15.7378,15.4369,15.0962,14.8225,14.9159,15.603,16.541,17.6199,17.6967,17.0348,16.3779,15.8053,15.3827,15.1933,15.2722,15.5022,15.7296,15.8658,15.882,15.8076,15.6769,15.5129,15.366,15.2566,15.2574,15.4642,15.8182,16.1003,16.1502,15.9885,15.7425,15.4972,15.3132,15.2382,15.2723,15.3596,15.4421,15.4899,15.4958,15.4094,15.2815,15.2571,15.453,15.5493,15.3917,15.227,15.2134,15.2635,15.2698,15.222,15.1642,15.1529,15.198,15.209,15.1516,15.0983,15.0882,15.0949,15.0869,15.061,15.0348,15.0249,15.0271,15.0191,14.9963,14.9759,14.9664,14.9608,14.9509,14.9361,14.9222,14.9132,14.9067,14.8975,14.8854,14.8742,14.8659,14.8584,14.8498,14.8272,14.7967,14.7688,6.03142,5.64781,5.32442,5.01228,4.73739,4.46871,4.20817,3.9755,3.76612,3.54649,3.34933,3.17096,2.98659,2.82018,2.66,2.50215,2.35967,2.21686,2.08565,1.95158,1.81938,1.68416,1.53253,1.36293,1.2415,1.15234,1.07859,1.01261,0.954279,0.898897,0.849179,0.80406,0.760898,0.72058,0.683114,0.648204,0.614972,0.584061
0.5582,17.8191,15.2123,13.4615,12.5379,12.2496,12.285,12.6056,13.2403,14.3251,15.6636,15.9601,15.9392,15.7437,15.4425,15.102,14.8291,14.9264,15.616,16.5541,17.6312,17.7045,17.0417,16.3847,15.8127,15.3913,15.2044,15.2863,15.5177,15.745,15.8806,15.8962,15.8215,15.6908,15.527,15.3806,15.2722,15.2755,15.4861,15.8409,16.1212,16.1686,16.0053,15.7589,15.5136,15.3306,15.2577,15.294,15.3824,15.4648,15.5123,15.5177,15.4308,15.3034,15.2817,15.4815,15.5757,15.416,15.2517,15.2404,15.2915,15.2975,15.2494,15.192,15.1823,15.2296,15.2402,15.1817,15.1284,15.1195,15.127,15.1191,15.0932,15.0672,15.0582,15.0613,15.0533,15.0303,15.0101,15.0012,14.9961,14.9864,14.9717,14.9581,14.9495,14.9434,14.9344,14.9224,14.9115,14.9034,14.8963,14.8879,14.8658,14.8361,14.809,14.781,5.80843,5.45439,5.12398,4.83787,4.56097,4.29424,4.05717,3.84456,3.62221,3.42314,3.24347,3.05827,2.89158,2.73165,2.57517,2.43445,2.2945,2.16745,2.04003,1.9185,1.80208,1.68978,1.57907,1.46227,1.33186,1.18724,1.08371,1.0077,0.941347,0.884522,0.834337,0.787202,0.743721,0.703734,0.666759,0.631758,0.599357
0.573691,17.8203,15.2134,13.463,12.5405,12.2531,12.2893,12.611,13.247,14.3337,15.6712,15.9664,15.945,15.7493,15.4479,15.1074,14.8355,14.9363,15.6284,16.5664,17.6419,17.7119,17.0482,16.3912,15.8197,15.3995,15.215,15.2997,15.5323,15.7596,15.8946,15.9097,15.8348,15.704,15.5403,15.3944,15.2869,15.2927,15.5068,15.8624,16.1409,16.186,16.0213,15.7743,15.5292,15.3471,15.2761,15.3145,15.4038,15.4863,15.5334,15.5383,15.4511,15.3241,15.3049,15.5084,15.6007,15.4389,15.2749,15.266,15.3179,15.3237,15.2753,15.2182,15.2101,15.2593,15.2697,15.2099,15.1568,15.1491,15.1573,15.1494,15.1233,15.0976,15.0894,15.0934,15.0855,15.0622,15.0423,15.0339,15.0293,15.0197,15.0051,14.9917,14.9836,14.9779,14.969,14.957,14.9464,14.9387,14.9318,14.9236,14.9019,14.873,14.8466,14.8194,6.05592,5.61644,5.25108,4.94667,4.6574,4.3818,4.13855,3.92139,3.69509,3.49307,3.31116,3.12408,2.95602,2.79514,2.63835,2.49752,2.35792,2.23175,2.10593,1.98689,1.87421,1.76753,1.66576,1.56516,1.4687,1.37469,1.27695,1.17037,1.04018,0.948368,0.882039,0.825135,0.775091,0.730462,0.690005,0.652214,0.617584
0.588854,17.8214,15.2144,13.4644,12.5429,12.2565,12.2935,12.6162,13.2533,14.3419,15.6784,15.9725,15.9506,15.7546,15.4531,15.1126,14.8415,14.9458,15.6401,16.5782,17.652,17.7189,17.0544,16.3974,15.8263,15.4073,15.2251,15.3124,15.5463,15.7735,15.9078,15.9225,15.8474,15.7166,15.553,15.4075,15.301,15.309,15.5265,15.8828,16.1596,16.2025,16.0364,15.7889,15.544,15.3628,15.2936,15.3339,15.4242,15.5066,15.5533,15.5579,15.4703,15.3437,15.3269,15.5339,15.6242,15.4605,15.2968,15.2901,15.3429,15.3483,15.2997,15.2428,15.2363,15.2874,15.2974,15.2365,15.1836,15.1769,15.1858,15.1778,15.1517,15.1262,15.1189,15.1237,15.1157,15.0922,15.0725,15.0647,15.0605,15.051,15.0364,15.0233,15.0156,15.0103,15.0015,14.9896,14.9791,14.9717,14.9651,14.957,14.9358,14.9075,14.8819,14.8554,14.8312,5.89518,5.41479,5.07357,4.7636,4.47459,4.22251,3.99908,3.76742,3.56139,3.37637,3.18656,3.01636,2.85373,2.69569,2.55382,2.41345,2.2869,2.16101,2.04228,1.93034,1.82492,1.72514,1.62762,1.53576,1.44892,1.36384,1.28276,1.19953,1.11759,1.03065,0.922102,0.834321,0.773527,0.724074,0.68028,0.641429
0.603678,17.8225,15.2154,13.4658,12.5452,12.2597,12.2974,12.621,13.2594,14.3497,15.6853,15.9782,15.9559,15.7596,15.4579,15.1175,14.8472,14.9549,15.6512,16.5893,17.6617,17.7256,17.0603,16.4033,15.8327,15.4147,15.2347,15.3245,15.5595,15.7866,15.9204,15.9346,15.8593,15.7285,15.565,15.4199,15.3143,15.3245,15.5452,15.9021,16.1772,16.2181,16.0506,15.8027,15.558,15.3776,15.3102,15.3523,15.4434,15.5259,15.5722,15.5764,15.4884,15.3622,15.3477,15.5579,15.6463,15.4809,15.3175,15.3128,15.3664,15.3716,15.3226,15.2661,15.261,15.314,15.3235,15.2615,15.2088,15.2032,15.2126,15.2047,15.1784,15.1532,15.1466,15.1521,15.1442,15.1204,15.1009,15.0937,15.0898,15.0804,15.0659,15.0529,15.0457,15.0407,15.032,15.0201,15.0099,15.0028,14.9964,14.9885,14.9677,14.94,14.915,14.8891,14.8655,14.8441,5.74676,5.24605,4.8909,4.57866,4.31301,4.08056,3.84151,3.63012,3.44101,3.24758,3.07454,2.90951,2.74953,2.60599,2.46421,2.3366,2.20985,2.09051,1.9782,1.87268,1.77309,1.67613,1.58524,1.49993,1.4172,1.33958,1.2621,1.18956,1.12079,1.05158,0.982005,0.908715,0.821476,0.737031,0.681343
0.618154,17.8235,15.2163,13.4671,12.5474,12.2628,12.3012,12.6257,13.2652,14.3571,15.6918,15.9836,15.961,15.7644,15.4626,15.1222,14.8527,14.9635,15.6618,16.5999,17.6709,17.732,17.0659,16.4089,15.8387,15.4217,15.2438,15.336,15.572,15.799,15.9324,15.9461,15.8706,15.7397,15.5764,15.4317,15.3269,15.3393,15.5629,15.9203,16.1939,16.2328,16.0641,15.8158,15.5712,15.3917,15.3259,15.3698,15.4616,15.5441,15.59,15.5939,15.5055,15.3797,15.3675,15.5806,15.6673,15.5002,15.3371,15.3344,15.3887,15.3935,15.3443,15.2881,15.2844,15.339,15.3482,15.2851,15.2326,15.228,15.2379,15.2299,15.2036,15.1786,15.1728,15.179,15.171,15.147,15.1277,15.121,15.1174,15.1081,15.0936,15.0809,15.074,15.0694,15.0608,15.0489,15.0388,15.032,15.0259,15.018,14.9976,14.9705,14.9461,14.9207,14.8977,14.8767,6.60715,5.9012,5.07625,4.70739,4.41703,4.17025,3.92041,3.7016,3.50702,3.30888,3.13218,2.96408,2.80153,2.65578,2.51209,2.38296,2.25485,2.13439,2.02115,1.9149,1.81477,1.71744,1.62641,1.54117,1.4588,1.38187,1.30556,1.23475,1.16853,1.10335,1.04063,0.98022,0.922109,0.863659,0.804136
0.632272,17.8244,15.2172,13.4683,12.5496,12.2657,12.3048,12.6301,13.2707,14.3642,15.6981,15.9888,15.9658,15.7689,15.467,15.1267,14.8579,14.9717,15.6719,16.61,17.6796,17.738,17.0712,16.4142,15.8443,15.4284,15.2525,15.3469,15.5839,15.8109,15.9437,15.957,15.8813,15.7504,15.5872,15.4429,15.3389,15.3533,15.5798,15.9377,16.2097,16.2468,16.0769,15.8282,15.5837,15.405,15.3408,15.3863,15.4789,15.5613,15.6069,15.6104,15.5217,15.3962,15.3862,15.6021,15.687,15.5184,15.3556,15.3548,15.4097,15.4143,15.3648,15.3088,15.3065,15.3627,15.3714,15.3074,15.255,15.2514,15.2618,15.2538,15.2274,15.2026,15.1975,15.2044,15.1963,15.172,15.1529,15.1467,15.1435,15.1342,15.1198,15.1072,15.1007,15.0963,15.0878,15.076,15.0661,15.0595,15.0535,15.0458,15.0258,14.9992,14.9753,14.9505,14.9279,14.9074,14.8867,6.3945,5.84317,4.91409,4.55212,4.27691,4.00907,3.77912,3.57685,3.37236,3.19088,3.01887,2.85303,2.7045,2.55842,2.42739,2.29753,2.17556,2.06103,1.95367,1.85259,1.75444,1.66276,1.57702,1.49429,1.41715,1.34085,1.27023,1.20445,1.14006,1.07861,1.02012,0.964841,0.911064,0.859805
0.646029,17.8254,15.218,13.4695,12.5516,12.2685,12.3082,12.6343,13.2759,14.3709,15.704,15.9937,15.9703,15.7732,15.4712,15.1309,14.8629,14.9795,15.6815,16.6196,17.6878,17.7437,17.0762,16.4192,15.8498,15.4347,15.2607,15.3573,15.5952,15.8221,15.9545,15.9674,15.8915,15.7606,15.5975,15.4535,15.3503,15.3666,15.5958,15.954,16.2247,16.26,16.089,15.8399,15.5956,15.4176,15.3549,15.402,15.4953,15.5776,15.6229,15.6261,15.5371,15.4119,15.4039,15.6225,15.7057,15.5355,15.3731,15.3741,15.4295,15.4338,15.3842,15.3285,15.3274,15.3852,15.3934,15.3284,15.2762,15.2735,15.2843,15.2763,15.2498,15.2252,15.2208,15.2283,15.2202,15.1956,15.1767,15.1709,15.168,15.1588,15.1444,15.132,15.1259,15.1218,15.1133,15.1015,15.0918,15.0855,15.0797,15.072,15.0523,15.0262,15.0028,14.9785,14.9564,14.9363,14.916,14.8976,6.16479,5.67468,4.82442,4.427,4.11843,3.86871,3.65437,3.44069,3.25268,3.07552,2.90542,2.75339,2.60436,2.47099,2.339,2.21519,2.09906,1.9903,1.88799,1.78874,1.6961,1.60953,1.5261,1.44837,1.37158,1.30059,1.23458,1.1701,1.10876,1.05054,0.995773,0.942855,0.892899
0.659417,17.8262,15.2188,13.4706,12.5535,12.2711,12.3115,12.6383,13.2808,14.3773,15.7096,15.9984,15.9747,15.7774,15.4752,15.1349,14.8676,14.987,15.6906,16.6287,17.6957,17.7492,17.081,16.424,15.8549,15.4408,15.2686,15.3672,15.606,15.8328,15.9647,15.9772,15.9011,15.7702,15.6072,15.4635,15.3611,15.3792,15.6109,15.9696,16.2388,16.2725,16.1005,15.851,15.6069,15.4296,15.3684,15.4169,15.5108,15.593,15.638,15.6409,15.5516,15.4268,15.4207,15.6418,15.7233,15.5518,15.3897,15.3923,15.4483,15.4524,15.4025,15.347,15.3472,15.4064,15.4141,15.3482,15.2962,15.2943,15.3056,15.2975,15.2709,15.2466,15.2428,15.2509,15.2427,15.2179,15.1992,15.1938,15.1911,15.182,15.1676,15.1554,15.1496,15.1458,15.1373,15.1255,15.116,15.1099,15.1043,15.0967,15.0773,15.0517,15.0287,15.0049,14.9831,14.9634,14.9435,14.9255,14.9076,5.9269,5.51323,5.02246,4.2898,3.98564,3.74752,3.51849,3.32062,3.13623,2.96037,2.8038,2.65106,2.51481,2.38023,2.25421,2.13616,2.02573,1.92195,1.82136,1.72753,1.63993,1.55556,1.47701,1.39947,1.32785,1.26131,1.19637,1.13468,1.07622,1.0213,0.968373,0.918555
0.672435,17.8271,15.2195,13.4717,12.5553,12.2737,12.3146,12.6422,13.2856,14.3834,15.715,16.0028,15.9788,15.7813,15.479,15.1388,14.8721,14.9941,15.6992,16.6374,17.7031,17.7543,17.0856,16.4286,15.8598,15.4465,15.2761,15.3766,15.6162,15.8429,15.9744,15.9866,15.9103,15.7793,15.6165,15.4731,15.3713,15.3913,15.6254,15.9843,16.2523,16.2844,16.1114,15.8616,15.6176,15.4409,15.3811,15.431,15.5255,15.6077,15.6524,15.655,15.5654,15.4409,15.4367,15.66,15.74,15.5671,15.4054,15.4096,15.4661,15.4699,15.4198,15.3646,15.366,15.4264,15.4337,15.367,15.3151,15.3141,15.3257,15.3176,15.2909,15.2667,15.2636,15.2723,15.264,15.2389,15.2204,15.2154,15.213,15.2039,15.1895,15.1775,15.172,15.1684,15.16,15.1482,15.1388,15.1329,15.1275,15.12,15.1008,15.0757,15.0531,15.0297,15.0083,14.989,14.9694,14.9518,14.9341,6.09687,5.71707,5.35946,4.93385,4.22248,3.88129,3.61652,3.4007,3.20474,3.02039,2.85754,2.69993,2.56002,2.42224,2.29352,2.17317,2.06077,1.95524,1.85307,1.75786,1.66904,1.58354,1.50401,1.42555,1.35311,1.28586,1.22027,1.15802,1.09906,1.04372,0.990454,0.940378
0.685082,17.8278,15.2202,13.4727,12.5571,12.2761,12.3175,12.6458,13.2901,14.3892,15.7201,16.0071,15.9827,15.785,15.4826,15.1424,14.8763,15.0008,15.7074,16.6456,17.7102,17.7592,17.0899,16.4329,15.8645,15.452,15.2832,15.3855,15.6259,15.8525,15.9836,15.9954,15.919,15.788,15.6252,15.4822,15.3811,15.4027,15.6391,15.9982,16.265,16.2956,16.1217,15.8716,15.6277,15.4517,15.3932,15.4444,15.5394,15.6215,15.666,15.6683,15.5784,15.4542,15.4518,15.6773,15.7557,15.5817,15.4202,15.426,15.4829,15.4864,15.4361,15.3812,15.3837,15.4454,15.4523,15.3847,15.333,15.3327,15.3448,15.3366,15.3098,15.2858,15.2833,15.2925,15.2841,15.2588,15.2404,15.2358,15.2337,15.2246,15.2102,15.1983,15.1932,15.1898,15.1814,15.1696,15.1604,15.1547,15.1494,15.1419,15.1231,15.0983,15.0762,15.0531,15.0321,15.0131,14.9939,14.9765,14.9592,14.9422,5.86868,5.52897,5.16277,4.81061,4.41449,3.7811,3.50953,3.28934,3.0902,2.9176,2.75305,2.6082,2.46625,2.33415,2.21096,2.09618,1.98858,1.88455,1.78773,1.69749,1.6107,1.53003,1.45048,1.3771,1.30901,1.24264,1.17968,1.12008,1.06417,1.0104,0.959879
0.697355,17.8286,15.2209,13.4737,12.5587,12.2784,12.3203,12.6493,13.2944,14.3948,15.7249,16.0111,15.9864,15.7885,15.486,15.1459,14.8804,15.0073,15.7153,16.6534,17.7169,17.7639,17.094,16.437,15.8689,15.4572,15.2899,15.394,15.6351,15.8616,15.9924,16.0038,15.9273,15.7963,15.6336,15.4908,15.3904,15.4136,15.6521,16.0115,16.277,16.3063,16.1315,15.8811,15.6373,15.4619,15.4047,15.4572,15.5526,15.6347,15.6789,15.6809,15.5908,15.4668,15.4662,15.6937,15.7707,15.5954,15.4343,15.4415,15.4988,15.5021,15.4516,15.3969,15.4006,15.4634,15.4698,15.4015,15.3499,15.3504,15.3628,15.3545,15.3276,15.3038,15.3019,15.3116,15.3031,15.2775,15.2593,15.2552,15.2532,15.2441,15.2297,15.218,15.2132,15.21,15.2016,15.1899,15.1807,15.1753,15.1701,15.1627,15.1441,15.1197,15.0979,15.0752,15.0546,15.0358,15.0169,14.9998,14.9828,14.9661,14.951,5.66492,5.30978,4.98601,4.68245,4.33981,3.83017,3.42054,3.18189,2.99022,2.81415,2.66192,2.51411,2.37748,2.25066,2.1329,2.02275,1.9165,1.81777,1.72587,1.63758,1.55559,1.47481,1.40035,1.3313,1.26403,1.20026,1.1399,1.08333,1.02895,0.977873
0.709257,17.8293,15.2216,13.4746,12.5603,12.2805,12.323,12.6526,13.2985,14.4,15.7295,16.0149,15.99,15.7919,15.4893,15.1492,14.8843,15.0134,15.7227,16.6609,17.7233,17.7684,17.0979,16.441,15.8731,15.4622,15.2964,15.4021,15.6439,15.8703,16.0007,16.0118,15.9352,15.8041,15.6415,15.499,15.3992,15.424,15.6644,16.024,16.2885,16.3164,16.1407,15.8901,15.6464,15.4716,15.4156,15.4693,15.5652,15.6472,15.6911,15.6929,15.6025,15.4788,15.4799,15.7092,15.7848,15.6085,15.4477,15.4562,15.5139,15.517,15.4663,15.4118,15.4165,15.4805,15.4864,15.4173,15.366,15.3672,15.3798,15.3715,15.3445,15.3209,15.3196,15.3297,15.321,15.2953,15.2772,15.2734,15.2716,15.2626,15.2482,15.2367,15.2321,15.2291,15.2207,15.209,15.2,15.1947,15.1896,15.1823,15.1639,15.1399,15.1184,15.0961,15.0757,15.0573,15.0386,15.0218,15.005,14.9886,14.9737,14.9604,5.43302,5.11457,4.82489,4.52004,4.23183,3.92078,3.37113,3.09533,2.89234,2.72646,2.56916,2.4258,2.2939,2.17218,2.05878,1.94974,1.84868,1.75479,1.66474,1.58122,1.49901,1.42332,1.35318,1.2849,1.22021,1.15899,1.10167,1.04658,0.994874
0.720789,17.83,15.2222,13.4755,12.5618,12.2826,12.3255,12.6557,13.3024,14.405,15.7339,16.0186,15.9934,15.7951,15.4924,15.1523,14.888,15.0193,15.7298,16.6679,17.7294,17.7726,17.1017,16.4447,15.8771,15.4669,15.3025,15.4098,15.6522,15.8785,16.0086,16.0195,15.9426,15.8116,15.649,15.5068,15.4075,15.4338,15.6762,16.036,16.2993,16.326,16.1495,15.8986,15.655,15.4809,15.426,15.4807,15.5771,15.659,15.7027,15.7042,15.6136,15.4902,15.4928,15.7239,15.7982,15.6208,15.4603,15.4702,15.5282,15.531,15.4802,15.4259,15.4316,15.4967,15.5021,15.4323,15.3812,15.383,15.3959,15.3875,15.3605,15.3371,15.3362,15.3468,15.338,15.3121,15.2942,15.2907,15.2891,15.28,15.2657,15.2543,15.25,15.2472,15.2388,15.227,15.2182,15.2131,15.2081,15.2008,15.1827,15.1589,15.1378,15.1158,15.0958,15.0776,15.0592,15.0426,15.026,15.0098,14.9952,14.982,14.9682,5.22684,4.93873,4.64156,4.37067,4.10445,3.83008,3.51936,3.03056,2.81806,2.63944,2.48383,2.34375,2.21617,2.09821,1.98547,1.8814,1.78504,1.69283,1.60748,1.52358,1.44646,1.37507,1.30562,1.23989,1.17771,1.11954,1.06367,1.01126
0.731954,17.8306,15.2228,13.4763,12.5633,12.2846,12.328,12.6587,13.3061,14.4098,15.7381,16.0221,15.9966,15.7982,15.4954,15.1553,14.8915,15.0249,15.7365,16.6747,17.7352,17.7766,17.1052,16.4482,15.8809,15.4714,15.3084,15.4171,15.6601,15.8864,16.0161,16.0267,15.9497,15.8186,15.6562,15.5142,15.4155,15.4432,15.6874,16.0473,16.3096,16.3351,16.1579,15.9067,15.6633,15.4896,15.4359,15.4916,15.5884,15.6702,15.7137,15.715,15.6242,15.501,15.5052,15.7379,15.8108,15.6325,15.4723,15.4834,15.5417,15.5444,15.4934,15.4392,15.446,15.512,15.517,15.4465,15.3955,15.398,15.4112,15.4027,15.3756,15.3523,15.352,15.363,15.3541,15.328,15.3102,15.3071,15.3056,15.2966,15.2822,15.271,15.2669,15.2643,15.2559,15.2441,15.2354,15.2304,15.2256,15.2184,15.2004,15.177,15.1561,15.1345,15.1147,15.0967,15.0786,15.0622,15.0459,15.0299,15.0155,15.0025,14.9888,5.33461,5.04181,4.74386,4.47628,4.21857,3.96495,3.72281,3.4646,3.17912,2.76214,2.56583,2.40759,2.26931,2.14395,2.02568,1.91741,1.81772,1.72273,1.63508,1.54912,1.47027,1.39741,1.32661,1.25968,1.1964,1.13727,1.08053,1.02732
0.742757,17.8313,15.2233,13.4771,12.5646,12.2865,12.3303,12.6615,13.3096,14.4144,15.7421,16.0254,15.9997,15.8011,15.4982,15.1582,14.8949,15.0302,15.7429,16.6811,17.7407,17.7804,17.1086,16.4516,15.8845,15.4756,15.3139,15.4241,15.6677,15.8938,16.0232,16.0335,15.9565,15.8254,15.663,15.5212,15.423,15.4521,15.698,16.058,16.3194,16.3437,16.1658,15.9144,15.6711,15.4979,15.4452,15.502,15.5991,15.6809,15.7241,15.7252,15.6342,15.5112,15.5169,15.7511,15.8228,15.6436,15.4837,15.496,15.5546,15.557,15.5058,15.4519,15.4596,15.5265,15.5311,15.46,15.4092,15.4123,15.4257,15.4171,15.3899,15.3668,15.367,15.3784,15.3694,15.343,15.3254,15.3225,15.3213,15.3122,15.2979,15.2867,15.2829,15.2804,15.2721,15.2603,15.2517,15.2469,15.2421,15.2349,15.2172,15.194,15.1735,15.1521,15.1325,15.1148,15.0969,15.0808,15.0647,15.0489,15.0347,15.0218,15.0084,14.9963,5.14319,4.83896,4.56912,4.31199,4.06296,3.8319,3.5979,3.38504,3.15915,2.89188,2.52059,2.34561,2.20332,2.07472,1.95954,1.85483,1.75589,1.66513,1.57646,1.49545,1.42077,1.34835,1.27999,1.21542,1.15519,1.09745,1.04334
0.7532,17.8318,15.2239,13.4779,12.5659,12.2883,12.3325,12.6643,13.313,14.4187,15.7459,16.0285,16.0026,15.8039,15.5009,15.1609,14.898,15.0352,15.749,16.6872,17.7459,17.784,17.1118,16.4548,15.888,15.4797,15.3192,15.4307,15.6748,15.9009,16.03,16.0401,15.9629,15.8318,15.6694,15.5279,15.4302,15.4606,15.7081,16.0682,16.3287,16.3519,16.1733,15.9217,15.6785,15.5058,15.4541,15.5119,15.6093,15.691,15.734,15.7349,15.6437,15.521,15.528,15.7637,15.8342,15.6541,15.4945,15.5079,15.5668,15.569,15.5177,15.4639,15.4725,15.5403,15.5445,15.4727,15.4221,15.4257,15.4394,15.4308,15.4035,15.3805,15.3812,15.3929,15.3838,15.3572,15.3398,15.3372,15.3361,15.327,15.3127,15.3017,15.2981,15.2958,15.2874,15.2756,15.2671,15.2625,15.2578,15.2506,15.2331,15.2102,15.1899,15.1688,15.1494,15.1319,15.1143,15.0983,15.0824,15.0668,15.0528,15.0401,15.0268,15.0149,15.004,4.93426,4.65765,4.39691,4.14707,3.9182,3.68938,3.48573,3.28041,3.08118,2.88243,2.6608,2.31573,2.14704,2.0152,1.90078,1.79516,1.6996,1.60704,1.52306,1.44599,1.3715,1.30136,1.23522,1.17369,1.11477,1.05963
0.763289,17.8324,15.2244,13.4786,12.5672,12.29,12.3346,12.6668,13.3162,14.4228,15.7495,16.0315,16.0054,15.8065,15.5034,15.1635,14.9011,15.0401,15.7548,16.693,17.7509,17.7875,17.1148,16.4578,15.8912,15.4835,15.3243,15.4371,15.6816,15.9076,16.0365,16.0463,15.969,15.8378,15.6756,15.5342,15.4371,15.4686,15.7177,16.0779,16.3375,16.3597,16.1805,15.9286,15.6855,15.5133,15.4626,15.5212,15.619,15.7006,15.7434,15.7441,15.6527,15.5302,15.5385,15.7756,15.845,15.6641,15.5047,15.5192,15.5783,15.5803,15.5289,15.4753,15.4847,15.5534,15.5571,15.4848,15.4343,15.4385,15.4524,15.4437,15.4163,15.3935,15.3947,15.4067,15.3975,15.3707,15.3534,15.3511,15.3501,15.3411,15.3267,15.3158,15.3125,15.3103,15.3019,15.2901,15.2817,15.2772,15.2726,15.2655,15.2482,15.2255,15.2054,15.1845,15.1655,15.1482,15.1307,15.1149,15.0992,15.0838,15.0699,15.0574,15.0442,15.0324,15.0217,15.0108,4.74829,4.47978,4.22556,3.99494,3.76596,3.56395,3.36298,3.17209,2.99005,2.81496,2.64201,2.4516,2.13419,1.97201,1.84863,1.74323,1.6438,1.55512,1.47454,1.39715,1.32464,1.25645,1.19328,1.13293,1.07654
0.77303,17.8329,15.2249,13.4793,12.5684,12.2916,12.3366,12.6693,13.3192,14.4268,15.7529,16.0344,16.008,15.809,15.5059,15.1659,14.904,15.0446,15.7604,16.6985,17.7556,17.7907,17.1177,16.4607,15.8943,15.4872,15.3291,15.4431,15.6881,15.914,16.0426,16.0522,15.9748,15.8436,15.6814,15.5402,15.4436,15.4763,15.7268,16.0871,16.3458,16.367,16.1872,15.9352,15.6922,15.5205,15.4707,15.5301,15.6282,15.7097,15.7524,15.7529,15.6613,15.539,15.5486,15.7869,15.8552,15.6735,15.5145,15.53,15.5893,15.5911,15.5395,15.4861,15.4964,15.5658,15.5691,15.4963,15.446,15.4507,15.4647,15.4559,15.4285,15.4059,15.4074,15.4198,15.4104,15.3835,15.3663,15.3643,15.3634,15.3544,15.34,15.3292,15.3261,15.3241,15.3156,15.3038,15.2955,15.2912,15.2867,15.2796,15.2624,15.2399,15.2201,15.1995,15.1806,15.1635,15.1462,15.1306,15.1151,15.0998,15.0861,15.0737,15.0607,15.0491,15.0385,15.0276,15.0179,4.56645,4.30369,4.06815,3.83598,3.63257,3.4317,3.24239,3.06384,2.89506,2.73429,2.57451,2.41962,2.26267,2.02733,1.8167,1.69583,1.59676,1.50964,1.42746,1.35133,1.2802,1.21481,1.15257,1.09461
0.78243,17.8334,15.2253,13.48,12.5695,12.2931,12.3385,12.6716,13.3221,14.4305,15.7561,16.0371,16.0105,15.8114,15.5082,15.1683,14.9067,15.049,15.7656,16.7038,17.7601,17.7939,17.1205,16.4635,15.8973,15.4907,15.3336,15.4488,15.6943,15.9201,16.0484,16.0578,15.9803,15.8491,15.687,15.546,15.4497,15.4836,15.7355,16.0958,16.3538,16.3741,16.1937,15.9415,15.6985,15.5273,15.4783,15.5386,15.6369,15.7184,15.7608,15.7612,15.6694,15.5473,15.5581,15.7976,15.865,15.6825,15.5237,15.5402,15.5997,15.6013,15.5496,15.4964,15.5074,15.5776,15.5805,15.5071,15.457,15.4622,15.4764,15.4676,15.4401,15.4176,15.4196,15.4323,15.4227,15.3956,15.3786,15.3768,15.376,15.367,15.3526,15.342,15.339,15.3371,15.3287,15.3169,15.3086,15.3044,15.3,15.2929,15.2759,15.2536,15.234,15.2136,15.195,15.178,15.1609,15.1455,15.1301,15.115,15.1014,15.0892,15.0763,15.0648,15.0544,15.0436,15.0339,4.66632,4.38711,4.14244,3.90405,3.69709,3.4941,3.30376,3.12525,2.95757,2.79935,2.64436,2.49814,2.35928,2.2217,2.0867,1.92961,1.67677,1.56289,1.46851,1.38506,1.30877,1.23987,1.17487,1.11469
0.791496,17.8339,15.2258,13.4806,12.5706,12.2946,12.3403,12.6739,13.3249,14.4341,15.7593,16.0397,16.0129,15.8137,15.5104,15.1705,14.9094,15.0532,15.7706,16.7088,17.7644,17.7968,17.1231,16.4661,15.9001,15.494,15.338,15.4542,15.7001,15.9259,16.054,16.0631,15.9855,15.8543,15.6922,15.5514,15.4556,15.4906,15.7437,16.1041,16.3613,16.3807,16.1998,15.9474,15.7045,15.5337,15.4856,15.5466,15.6452,15.7266,15.7689,15.7691,15.6772,15.5552,15.5672,15.8078,15.8742,15.691,15.5325,15.5498,15.6095,15.611,15.5592,15.5061,15.5179,15.5888,15.5913,15.5174,15.4674,15.4731,15.4875,15.4786,15.451,15.4287,15.431,15.444,15.4344,15.4071,15.3902,15.3886,15.388,15.3789,15.3646,15.354,15.3512,15.3495,15.341,15.3292,15.321,15.317,15.3126,15.3056,15.2887,15.2666,15.2472,15.227,15.2085,15.1918,15.1748,15.1596,15.1443,15.1294,15.116,15.1039,15.0911,15.0797,15.0694,15.0587,15.0492,15.0401,4.48635,4.22351,3.97423,3.7612,3.55415,3.36107,3.18083,3.01223,2.8539,2.69962,2.55518,2.41951,2.28768,2.16337,2.0377,1.91758,1.79792,1.61803,1.44185,1.34931,1.27263,1.20245,1.13858
0.800233,17.8344,15.2262,13.4812,12.5716,12.296,12.342,12.676,13.3275,14.4375,15.7622,16.0421,16.0152,15.8158,15.5125,15.1726,14.9119,15.0572,15.7754,16.7135,17.7685,17.7997,17.1256,16.4686,15.9028,15.4972,15.3422,15.4594,15.7057,15.9314,16.0592,16.0682,15.9905,15.8593,15.6973,15.5566,15.4612,15.4972,15.7516,16.112,16.3685,16.3871,16.2056,15.9531,15.7103,15.5398,15.4925,15.5542,15.6531,15.7344,15.7765,15.7765,15.6845,15.5627,15.5758,15.8175,15.8829,15.6991,15.5408,15.559,15.6189,15.6202,15.5683,15.5154,15.5279,15.5994,15.6016,15.5272,15.4774,15.4835,15.498,15.4891,15.4614,15.4392,15.442,15.4552,15.4454,15.418,15.4012,15.3999,15.3993,15.3903,15.3759,15.3655,15.3629,15.3612,15.3527,15.3409,15.3328,15.3289,15.3246,15.3175,15.3009,15.279,15.2598,15.2397,15.2214,15.2048,15.188,15.1729,15.1578,15.143,15.1297,15.1177,15.1051,15.0938,15.0836,15.0731,15.0636,15.0546,15.0449,4.32374,4.05226,3.82876,3.61505,3.41743,3.23401,3.06317,2.90337,2.74817,2.60342,2.46808,2.33733,2.21506,2.09332,1.9798,1.87325,1.76673,1.66131,1.54521,1.33932,1.2452,1.17146
0.808649,17.8348,15.2266,13.4817,12.5726,12.2973,12.3436,12.678,13.33,14.4407,15.765,16.0445,16.0174,15.8179,15.5145,15.1746,14.9143,15.061,15.7799,16.718,17.7724,17.8023,17.128,16.471,15.9054,15.5002,15.3461,15.4643,15.711,15.9367,16.0643,16.073,15.9953,15.864,15.702,15.5616,15.4665,15.5035,15.759,16.1195,16.3752,16.3931,16.2111,15.9584,15.7157,15.5457,15.4991,15.5615,15.6606,15.7419,15.7838,15.7837,15.6915,15.5698,15.584,15.8267,15.8912,15.7068,15.5487,15.5678,15.6278,15.6289,15.5769,15.5241,15.5373,15.6095,15.6113,15.5365,15.4868,15.4933,15.508,15.499,15.4713,15.4492,15.4523,15.4658,15.4559,15.4283,15.4117,15.4106,15.4101,15.401,15.3867,15.3763,15.3739,15.3723,15.3638,15.352,15.344,15.3402,15.3359,15.3289,15.3124,15.2906,15.2716,15.2518,15.2336,15.2172,15.2005,15.1855,15.1706,15.156,15.1428,15.1309,15.1184,15.1072,15.0971,15.0866,15.0773,15.0683,15.0587,15.0493,4.1521,3.90626,3.68082,3.47583,3.28744,3.11302,2.95064,2.79345,2.64731,2.51107,2.37986,2.2576,2.1365,2.02423,1.91982,1.81712,1.71875,1.62217,1.53092,1.43853,1.33652
0.816753,17.8352,15.227,13.4823,12.5735,12.2986,12.3452,12.68,13.3324,14.4438,15.7677,16.0467,16.0194,15.8198,15.5164,15.1766,14.9165,15.0646,15.7842,16.7223,17.776,17.8049,17.1302,16.4732,15.9078,15.5031,15.3499,15.469,15.7161,15.9416,16.069,16.0776,15.9998,15.8685,15.7066,15.5663,15.4716,15.5095,15.7661,16.1266,16.3817,16.3988,16.2164,15.9635,15.7209,15.5512,15.5054,15.5684,15.6677,15.7489,15.7907,15.7904,15.6981,15.5766,15.5918,15.8354,15.8991,15.714,15.5562,15.5761,15.6363,15.6373,15.5851,15.5325,15.5463,15.6191,15.6205,15.5453,15.4957,15.5027,15.5175,15.5084,15.4807,15.4587,15.4621,15.4759,15.4659,15.4382,15.4216,15.4207,15.4203,15.4112,15.3969,15.3866,15.3843,15.3829,15.3744,15.3625,15.3546,15.3509,15.3467,15.3397,15.3233,15.3017,15.2829,15.2632,15.2452,15.2289,15.2124,15.1975,15.1827,15.1682,15.1551,15.1434,15.131,15.1199,15.1098,15.0995,15.0902,15.0813,15.0718,15.0625,15.0535,4.01286,3.75931,3.54069,3.34414,3.16422,2.99794,2.83768,2.68927,2.55131,2.41879,2.29562,2.17397,2.06147,1.95721,1.85514,1.75807,1.66414,1.57677,1.49184,1.41054
0.824553,17.8356,15.2273,13.4828,12.5744,12.2998,12.3467,12.6818,13.3347,14.4467,15.7703,16.0488,16.0214,15.8217,15.5182,15.1784,14.9187,15.068,15.7883,16.7264,17.7795,17.8073,17.1324,16.4754,15.9101,15.5058,15.3534,15.4735,15.7209,15.9464,16.0736,16.082,16.0041,15.8728,15.7109,15.5707,15.4764,15.5152,15.7729,16.1334,16.3879,16.4042,16.2214,15.9684,15.7258,15.5565,15.5113,15.575,15.6745,15.7556,15.7973,15.7969,15.7044,15.5831,15.5993,15.8437,15.9066,15.721,15.5634,15.584,15.6443,15.6451,15.5929,15.5404,15.5549,15.6282,15.6293,15.5536,15.5042,15.5116,15.5265,15.5173,15.4896,15.4677,15.4715,15.4855,15.4753,15.4475,15.431,15.4303,15.43,15.4209,15.4066,15.3964,15.3943,15.3929,15.3844,15.3725,15.3647,15.361,15.3569,15.3499,15.3337,15.3122,15.2935,15.2741,15.2562,15.24,15.2237,15.2089,15.1942,15.1798,15.1669,15.1552,15.1429,15.1319,15.1219,15.1117,15.1025,15.0937,15.0842,15.075,15.0661,15.0582,3.88145,3.62236,3.40938,3.22009,3.0477,2.88287,2.73113,2.59064,2.45611,2.33137,2.20847,2.09503,1.99013,1.88767,1.7905,1.69698,1.61025,1.52657,1.44738
0.832054,17.836,15.2277,13.4833,12.5752,12.301,12.3481,12.6835,13.3369,14.4495,15.7727,16.0509,16.0233,15.8235,15.5199,15.1801,14.9207,15.0713,15.7922,16.7303,17.7829,17.8096,17.1344,16.4774,15.9123,15.5084,15.3569,15.4777,15.7254,15.9509,16.0779,16.0861,16.0081,15.8769,15.715,15.575,15.481,15.5207,15.7793,16.1399,16.3937,16.4094,16.2261,15.973,15.7305,15.5615,15.517,15.5812,15.6809,15.762,15.8035,15.803,15.7104,15.5892,15.6063,15.8516,15.9137,15.7275,15.5702,15.5915,15.6519,15.6526,15.6003,15.5479,15.563,15.6369,15.6376,15.5616,15.5123,15.52,15.535,15.5258,15.498,15.4762,15.4804,15.4946,15.4843,15.4563,15.44,15.4394,15.4392,15.4301,15.4158,15.4056,15.4037,15.4024,15.3939,15.382,15.3742,15.3707,15.3666,15.3596,15.3435,15.3222,15.3037,15.2843,15.2666,15.2506,15.2343,15.2197,15.2051,15.1908,15.178,15.1664,15.1542,15.1433,15.1334,15.1232,15.1141,15.1054,15.096,15.0868,15.078,15.0701,15.0624,3.79433,3.49857,3.28748,3.10387,2.93163,2.77487,2.63073,2.49333,2.36637,2.24163,2.12672,2.02068,1.91729,1.81942,1.72546,1.63848,1.55476,1.47584
0.839267,17.8364,15.228,13.4838,12.576,12.3021,12.3495,12.6852,13.3389,14.4522,15.775,16.0528,16.0251,15.8252,15.5215,15.1818,14.9227,15.0744,15.7959,16.7341,17.786,17.8118,17.1364,16.4794,15.9144,15.5109,15.3601,15.4818,15.7298,15.9552,16.082,16.0901,16.012,15.8807,15.7189,15.579,15.4854,15.5258,15.7854,16.146,16.3993,16.4143,16.2306,15.9774,15.735,15.5663,15.5224,15.5872,15.6871,15.7681,15.8094,15.8088,15.7161,15.595,15.613,15.8591,15.9204,15.7338,15.5766,15.5986,15.6592,15.6597,15.6073,15.5551,15.5707,15.6451,15.6455,15.5691,15.52,15.528,15.5431,15.5339,15.506,15.4843,15.4888,15.5032,15.4928,15.4647,15.4485,15.4481,15.448,15.4388,15.4245,15.4144,15.4127,15.4115,15.4029,15.391,15.3833,15.3798,15.3758,15.3689,15.3528,15.3317,15.3133,15.2941,15.2765,15.2606,15.2444,15.2299,15.2154,15.2013,15.1885,15.177,15.1649,15.1541,15.1443,15.1342,15.1251,15.1165,15.1072,15.0981,15.0892,15.0815,15.0738,4.23198,3.93254,3.39489,3.17661,2.989,2.82358,2.67373,2.53214,2.40205,2.27476,2.15781,2.05019,1.94545,1.84648,1.75161,1.66392,1.57966,1.50037
0.8462,17.8367,15.2283,13.4842,12.5768,12.3031,12.3507,12.6868,13.3409,14.4547,15.7772,16.0546,16.0268,15.8268,15.5231,15.1834,14.9246,15.0774,15.7995,16.7376,17.7891,17.8139,17.1382,16.4812,15.9164,15.5133,15.3632,15.4857,15.7339,15.9593,16.0859,16.0939,16.0157,15.8844,15.7226,15.5829,15.4895,15.5308,15.7912,16.1518,16.4045,16.419,16.2349,15.9816,15.7392,15.5708,15.5275,15.5928,15.6929,15.7738,15.8151,15.8143,15.7215,15.6006,15.6194,15.8662,15.9268,15.7397,15.5828,15.6054,15.6661,15.6665,15.614,15.5618,15.5781,15.6529,15.653,15.5763,15.5272,15.5356,15.5509,15.5415,15.5136,15.492,15.4968,15.5114,15.5009,15.4727,15.4565,15.4563,15.4563,15.4471,15.4328,15.4228,15.4212,15.42,15.4114,15.3995,15.3919,15.3885,15.3846,15.3776,15.3617,15.3406,15.3224,15.3034,15.2859,15.2701,15.2541,15.2396,15.2253,15.2112,15.1985,15.1871,15.1751,15.1644,15.1546,15.1446,15.1356,15.127,15.1178,15.1087,15.1,15.0922,15.0846,15.0776,4.08216,3.82631,3.5096,3.07187,2.8844,2.7236,2.57505,2.44022,2.30925,2.18951,2.07975,1.9732,1.87274,1.77657,1.68787,1.60275,1.52275
0.852861,17.837,15.2286,13.4846,12.5775,12.3041,12.352,12.6883,13.3428,14.4572,15.7793,16.0564,16.0284,15.8283,15.5246,15.1849,14.9264,15.0802,15.8029,16.741,17.7919,17.8159,17.14,16.483,15.9183,15.5155,15.3661,15.4893,15.7379,15.9631,16.0896,16.0974,16.0192,15.8879,15.7262,15.5865,15.4935,15.5355,15.7968,16.1573,16.4096,16.4234,16.239,15.9855,15.7432,15.5751,15.5324,15.5982,15.6984,15.7793,15.8204,15.8195,15.7266,15.6058,15.6255,15.873,15.9329,15.7454,15.5886,15.6118,15.6726,15.6729,15.6204,15.5683,15.5851,15.6603,15.6602,15.5831,15.5342,15.5429,15.5582,15.5488,15.5209,15.4994,15.5044,15.5192,15.5086,15.4802,15.4642,15.4642,15.4642,15.455,15.4406,15.4307,15.4293,15.4282,15.4196,15.4076,15.4001,15.3968,15.3929,15.3859,15.3701,15.3492,15.3311,15.3122,15.2948,15.2791,15.2632,15.2489,15.2346,15.2206,15.208,15.1967,15.1848,15.1741,15.1644,15.1545,15.1455,15.137,15.1278,15.1188,15.1101,15.1024,15.0949,15.0879,15.0813,3.93532,3.7054,3.46221,2.99827,2.79225,2.62768,2.48415,2.34723,2.22333,2.11058,2.00158,1.89914,1.80123,1.7112,1.62495,1.54399
0.859258,17.8373,15.2289,13.485,12.5782,12.3051,12.3531,12.6898,13.3446,14.4595,15.7813,16.058,16.0299,15.8298,15.526,15.1863,14.9281,15.0829,15.8061,16.7442,17.7947,17.8178,17.1417,16.4847,15.9201,15.5177,15.369,15.4928,15.7416,15.9668,16.0931,16.1008,16.0226,15.8912,15.7295,15.59,15.4972,15.5399,15.8021,16.1626,16.4143,16.4276,16.2429,15.9893,15.747,15.5792,15.537,15.6033,15.7037,15.7845,15.8255,15.8245,15.7315,15.6109,15.6313,15.8794,15.9387,15.7507,15.5941,15.618,15.6788,15.679,15.6264,15.5744,15.5917,15.6674,15.6669,15.5895,15.5408,15.5497,15.5651,15.5557,15.5277,15.5063,15.5116,15.5266,15.5159,15.4874,15.4715,15.4716,15.4717,15.4625,15.4481,15.4383,15.4369,15.4359,15.4273,15.4153,15.4079,15.4047,15.4008,15.3938,15.3781,15.3573,15.3393,15.3205,15.3033,15.2877,15.2718,15.2576,15.2434,15.2295,15.217,15.2057,15.1939,15.1833,15.1737,15.1638,15.155,15.1465,15.1374,15.1284,15.1198,15.1121,15.1046,15.0976,15.0911,15.0851,3.79313,3.57294,3.35979,3.13846,2.71587,2.5431,2.39325,2.262,2.14452,2.03193,1.92674,1.82646,1.7347,1.647,1.56481
0.865399,17.8376,15.2291,13.4854,12.5789,12.306,12.3543,12.6911,13.3463,14.4617,15.7832,16.0596,16.0314,15.8312,15.5274,15.1877,14.9297,15.0855,15.8091,16.7472,17.7973,17.8196,17.1433,16.4863,15.9219,15.5197,15.3716,15.4962,15.7452,15.9704,16.0965,16.1041,16.0257,15.8944,15.7327,15.5933,15.5008,15.5442,15.8071,16.1676,16.4189,16.4316,16.2466,15.9929,15.7507,15.5831,15.5415,15.6082,15.7087,15.7895,15.8304,15.8293,15.7362,15.6156,15.6368,15.8855,15.9442,15.7558,15.5994,15.6238,15.6848,15.6848,15.6321,15.5803,15.598,15.6741,15.6734,15.5957,15.547,15.5563,15.5718,15.5623,15.5343,15.513,15.5185,15.5337,15.5228,15.4943,15.4784,15.4787,15.4788,15.4696,15.4552,15.4455,15.4442,15.4433,15.4346,15.4227,15.4153,15.4121,15.4083,15.4013,15.3857,15.365,15.3471,15.3284,15.3113,15.2958,15.2801,15.2659,15.2518,15.238,15.2256,15.2144,15.2026,15.1921,15.1825,15.1727,15.1639,15.1555,15.1464,15.1375,15.1289,15.1213,15.1138,15.1069,15.1004,15.0944,15.0889,3.64762,3.4439,3.2503,3.05583,2.84966,2.466,2.31276,2.18552,2.06666,1.95717,1.8534,1.75928,1.66965,1.58588
0.871292,17.8379,15.2294,13.4858,12.5795,12.3069,12.3553,12.6924,13.3479,14.4638,15.785,16.0611,16.0328,15.8325,15.5287,15.189,14.9312,15.0879,15.8121,16.7501,17.7998,17.8214,17.1448,16.4878,15.9235,15.5217,15.3742,15.4993,15.7486,15.9737,16.0997,16.1072,16.0288,15.8974,15.7358,15.5965,15.5042,15.5482,15.8118,16.1724,16.4232,16.4354,16.2501,15.9963,15.7542,15.5868,15.5457,15.6128,15.7135,15.7942,15.835,15.8338,15.7406,15.6202,15.642,15.8913,15.9494,15.7607,15.6044,15.6293,15.6904,15.6903,15.6376,15.5858,15.6041,15.6805,15.6795,15.6015,15.553,15.5625,15.5781,15.5686,15.5405,15.5193,15.525,15.5404,15.5294,15.5008,15.485,15.4854,15.4855,15.4764,15.462,15.4523,15.4511,15.4503,15.4416,15.4296,15.4223,15.4192,15.4154,15.4084,15.3929,15.3723,15.3545,15.336,15.3189,15.3035,15.2879,15.2738,15.2598,15.2461,15.2337,15.2226,15.2109,15.2004,15.1909,15.1812,15.1724,15.1641,15.155,15.1461,15.1376,15.13,15.1226,15.1157,15.1093,15.1033,15.0978,15.0925,3.50911,3.31938,3.1351,2.96025,2.77959,2.57888,2.24914,2.11228,1.99394,1.88408,1.78635,1.69397,1.60802
0.876947,17.8382,15.2296,13.4861,12.5801,12.3077,12.3563,12.6937,13.3494,14.4658,15.7868,16.0626,16.0341,15.8338,15.5299,15.1902,14.9327,15.0903,15.8148,16.7529,17.8021,17.823,17.1462,16.4893,15.9251,15.5235,15.3766,15.5024,15.7519,15.9769,16.1028,16.1101,16.0317,15.9003,15.7387,15.5995,15.5075,15.5521,15.8164,16.1769,16.4273,16.4391,16.2534,15.9995,15.7575,15.5904,15.5497,15.6173,15.718,15.7987,15.8394,15.8381,15.7448,15.6245,15.647,15.8969,15.9544,15.7653,15.6092,15.6346,15.6957,15.6956,15.6428,15.5911,15.6098,15.6866,15.6853,15.6071,15.5586,15.5684,15.584,15.5745,15.5464,15.5252,15.5313,15.5468,15.5357,15.5069,15.4912,15.4918,15.492,15.4828,15.4684,15.4588,15.4577,15.4569,15.4482,15.4362,15.4289,15.4259,15.4221,15.4152,15.3998,15.3792,15.3616,15.3431,15.3262,15.3109,15.2953,15.2813,15.2674,15.2537,15.2414,15.2304,15.2187,15.2083,15.1989,15.1892,15.1805,15.1722,15.1632,15.1543,15.1458,15.1383,15.1309,15.1241,15.1177,15.1117,15.1062,15.101,15.0961,3.37753,3.19439,3.02359,2.85343,2.69124,2.5359,2.35885,2.05095,1.9238,1.8189,1.72184,1.63255
0.88237,17.8384,15.2299,13.4865,12.5807,12.3085,12.3573,12.6949,13.3509,14.4677,15.7884,16.0639,16.0354,15.835,15.531,15.1914,14.9341,15.0925,15.8175,16.7555,17.8044,17.8246,17.1476,16.4906,15.9265,15.5253,15.3789,15.5052,15.7549,15.9799,16.1057,16.1129,16.0344,15.9031,15.7415,15.6023,15.5106,15.5558,15.8207,16.1812,16.4312,16.4425,16.2566,16.0026,15.7606,15.5937,15.5535,15.6215,15.7223,15.803,15.8436,15.8422,15.7488,15.6286,15.6518,15.9021,15.9591,15.7696,15.6137,15.6396,15.7008,15.7006,15.6477,15.5961,15.6152,15.6923,15.6909,15.6123,15.564,15.574,15.5897,15.5801,15.552,15.5309,15.5372,15.5528,15.5417,15.5128,15.4972,15.4978,15.4981,15.4889,15.4745,15.4649,15.464,15.4632,15.4545,15.4425,15.4353,15.4323,15.4286,15.4216,15.4063,15.3859,15.3683,15.3499,15.3331,15.3178,15.3024,15.2884,15.2746,15.261,15.2488,15.2377,15.2262,15.2158,15.2064,15.1968,15.1881,15.1799,15.171,15.1621,15.1537,15.1462,15.1388,15.132,15.1256,15.1197,15.1143,15.109,15.1042,15.0997,3.2471,3.07581,2.90711,2.74924,2.60298,2.45728,2.31358,2.13901,1.86815,1.75837,1.6623
0.88757,17.8387,15.2301,13.4868,12.5812,12.3092,12.3582,12.696,13.3523,14.4695,15.79,16.0652,16.0366,15.8361,15.5321,15.1925,14.9354,15.0946,15.82,16.7581,17.8065,17.8261,17.1489,16.492,15.928,15.527,15.3811,15.508,15.7579,15.9828,16.1084,16.1156,16.037,15.9057,15.7441,15.6051,15.5135,15.5593,15.8248,16.1854,16.4349,16.4458,16.2596,16.0056,15.7636,15.597,15.5571,15.6255,15.7264,15.807,15.8475,15.8461,15.7526,15.6325,15.6563,15.9071,15.9636,15.7738,15.6181,15.6444,15.7057,15.7053,15.6524,15.6009,15.6204,15.6978,15.6961,15.6173,15.5691,15.5794,15.5951,15.5855,15.5573,15.5363,15.5428,15.5586,15.5473,15.5184,15.5028,15.5036,15.5039,15.4947,15.4803,15.4708,15.47,15.4693,15.4605,15.4485,15.4413,15.4384,15.4347,15.4278,15.4125,15.3921,15.3746,15.3564,15.3396,15.3244,15.3091,15.2952,15.2814,15.2679,15.2557,15.2448,15.2333,15.223,15.2136,15.204,15.1954,15.1872,15.1783,15.1696,15.1611,15.1536,15.1464,15.1396,15.1332,15.1274,15.1219,15.1167,15.1119,15.1074,15.1031,3.12434,2.95408,2.79615,2.6512,2.50906,2.37324,2.23751,2.10795,1.96753,1.70885
0.892554,17.8389,15.2303,13.4871,12.5817,12.3099,12.3591,12.6971,13.3536,14.4712,15.7915,16.0665,16.0378,15.8372,15.5332,15.1936,14.9367,15.0966,15.8224,16.7604,17.8086,17.8275,17.1502,16.4932,15.9293,15.5286,15.3832,15.5106,15.7607,15.9856,16.1111,16.1181,16.0395,15.9081,15.7466,15.6077,15.5163,15.5626,15.8288,16.1893,16.4385,16.449,16.2625,16.0084,15.7664,15.6,15.5606,15.6293,15.7303,15.8109,15.8513,15.8498,15.7563,15.6362,15.6606,15.9119,15.9679,15.7778,15.6222,15.6489,15.7103,15.7099,15.6568,15.6054,15.6253,15.7031,15.7011,15.6221,15.574,15.5845,15.6003,15.5906,15.5624,15.5415,15.5481,15.564,15.5527,15.5237,15.5082,15.5091,15.5094,15.5002,15.4858,15.4763,15.4756,15.475,15.4662,15.4542,15.447,15.4442,15.4405,15.4336,15.4184,15.3981,15.3807,15.3625,15.3459,15.3308,15.3154,15.3016,15.2879,15.2744,15.2624,15.2514,15.24,15.2298,15.2205,15.2109,15.2023,15.1942,15.1853,15.1766,15.1682,15.1608,15.1535,15.1467,15.1404,15.1346,15.1292,15.124,15.1192,15.1147,15.1105,15.1066,2.99925,2.83901,2.69301,2.55085,2.4162,2.28462,2.16232,2.04386,1.92841
0.897329,17.8391,15.2305,13.4874,12.5822,12.3106,12.3599,12.6981,13.3549,14.4728,15.7929,16.0677,16.0389,15.8383,15.5342,15.1946,14.9379,15.0986,15.8247,16.7627,17.8105,17.8288,17.1514,16.4944,15.9306,15.5301,15.3852,15.5131,15.7633,15.9882,16.1136,16.1205,16.0419,15.9105,15.749,15.6101,15.519,15.5658,15.8325,16.193,16.4418,16.4519,16.2653,16.011,15.7691,15.6029,15.5639,15.6329,15.7341,15.8146,15.8549,15.8533,15.7597,15.6397,15.6647,15.9164,15.972,15.7815,15.6261,15.6533,15.7146,15.7141,15.6611,15.6098,15.63,15.708,15.7059,15.6267,15.5786,15.5893,15.6052,15.5955,15.5672,15.5464,15.5532,15.5693,15.5579,15.5287,15.5133,15.5143,15.5147,15.5054,15.491,15.4816,15.481,15.4804,15.4716,15.4596,15.4525,15.4497,15.446,15.4391,15.424,15.4038,15.3865,15.3684,15.3518,15.3367,15.3215,15.3078,15.2941,15.2807,15.2686,15.2578,15.2464,15.2362,15.2269,15.2175,15.2089,15.2008,15.192,15.1833,15.1749,15.1675,15.1603,15.1536,15.1473,15.1414,15.136,15.1309,15.1261,15.1217,15.1175,15.1136,3.04645,2.8815,2.73272,2.58884,2.45332,2.32214,2.2009,2.08498,1.97491
0.901905,17.8393,15.2307,13.4876,12.5827,12.3113,12.3607,12.6991,13.3561,14.4744,15.7943,16.0688,16.0399,15.8392,15.5352,15.1956,14.9391,15.1004,15.8268,16.7649,17.8123,17.8301,17.1525,16.4955,15.9318,15.5315,15.3871,15.5154,15.7659,15.9907,16.116,16.1228,16.0441,15.9127,15.7513,15.6125,15.5215,15.5688,15.8361,16.1965,16.445,16.4548,16.2679,16.0136,15.7717,15.6057,15.567,15.6363,15.7376,15.8181,15.8583,15.8567,15.763,15.6431,15.6686,15.9207,15.9758,15.7851,15.6298,15.6574,15.7188,15.7182,15.6651,15.6139,15.6345,15.7128,15.7104,15.631,15.583,15.5939,15.6098,15.6001,15.5718,15.551,15.5581,15.5742,15.5627,15.5335,15.5182,15.5193,15.5197,15.5104,15.496,15.4867,15.4861,15.4856,15.4767,15.4647,15.4577,15.4549,15.4513,15.4444,15.4293,15.4092,15.3919,15.3739,15.3574,15.3424,15.3272,15.3136,15.2999,15.2866,15.2746,15.2638,15.2525,15.2423,15.2331,15.2237,15.2152,15.2071,15.1983,15.1896,15.1813,15.1739,15.1667,15.16,15.1538,15.148,15.1426,15.1374,15.1327,15.1283,15.1241,15.1202,15.1164,2.92738,2.77342,2.62613,2.48837,2.35591,2.23395,2.11805,2.00879
0.906287,17.8395,15.2309,13.4879,12.5832,12.3119,12.3615,12.7,13.3573,14.4759,15.7955,16.0699,16.0409,15.8402,15.5361,15.1965,14.9402,15.1021,15.8289,16.767,17.8141,17.8313,17.1536,16.4966,15.933,15.5329,15.3889,15.5177,15.7683,15.9931,16.1182,16.125,16.0463,15.9149,15.7534,15.6147,15.524,15.5717,15.8394,16.1999,16.4481,16.4575,16.2703,16.016,15.7742,15.6083,15.57,15.6396,15.741,15.8214,15.8616,15.8598,15.7661,15.6463,15.6723,15.9248,15.9795,15.7885,15.6334,15.6613,15.7228,15.7221,15.6689,15.6178,15.6387,15.7173,15.7147,15.6351,15.5872,15.5983,15.6143,15.6045,15.5762,15.5555,15.5627,15.5789,15.5674,15.5381,15.5228,15.524,15.5244,15.5152,15.5008,15.4914,15.491,15.4905,15.4816,15.4696,15.4626,15.4599,15.4563,15.4494,15.4344,15.4143,15.3971,15.3792,15.3628,15.3478,15.3327,15.3191,15.3055,15.2923,15.2803,15.2696,15.2583,15.2482,15.239,15.2296,15.2211,15.2131,15.2043,15.1957,15.1874,15.18,15.1728,15.1662,15.1599,15.1542,15.1488,15.1437,15.1389,15.1346,15.1304,15.1266,15.1227,15.1192,2.81929,2.6656,2.52382,2.38861,2.26479,2.1478,2.03798
0.910484,17.8397,15.2311,13.4882,12.5836,12.3125,12.3622,12.7009,13.3584,14.4773,15.7968,16.0709,16.0419,15.8411,15.537,15.1974,14.9412,15.1038,15.8309,16.7689,17.8158,17.8325,17.1546,16.4977,15.9341,15.5342,15.3907,15.5198,15.7706,15.9953,16.1204,16.1271,16.0483,15.9169,15.7555,15.6168,15.5263,15.5744,15.8427,16.2031,16.451,16.46,16.2727,16.0183,15.7765,15.6108,15.5729,15.6427,15.7442,15.8246,15.8647,15.8629,15.7691,15.6494,15.6758,15.9288,15.983,15.7918,15.6367,15.665,15.7265,15.7258,15.6726,15.6215,15.6427,15.7215,15.7188,15.639,15.5912,15.6025,15.6185,15.6087,15.5803,15.5597,15.5671,15.5834,15.5718,15.5424,15.5272,15.5285,15.529,15.5197,15.5053,15.496,15.4956,15.4951,15.4863,15.4743,15.4673,15.4647,15.461,15.4541,15.4392,15.4192,15.4021,15.3843,15.3679,15.353,15.3379,15.3244,15.3108,15.2976,15.2857,15.275,15.2638,15.2537,15.2446,15.2352,15.2267,15.2187,15.21,15.2014,15.1931,15.1858,15.1787,15.172,15.1658,15.1601,15.1547,15.1496,15.1449,15.1405,15.1364,15.1326,15.1288,15.1252,15.122,2.71252,2.5628,2.42253,2.29552,2.17649,2.06525
0.914501,17.8399,15.2312,13.4884,12.584,12.313,12.3629,12.7018,13.3594,14.4787,15.7979,16.0719,16.0428,15.8419,15.5378,15.1982,14.9422,15.1054,15.8328,16.7708,17.8174,17.8336,17.1556,16.4986,15.9352,15.5355,15.3923,15.5219,15.7728,15.9975,16.1225,16.1291,16.0503,15.9189,15.7574,15.6189,15.5285,15.577,15.8457,16.2061,16.4537,16.4625,16.2749,16.0205,15.7787,15.6132,15.5756,15.6457,15.7472,15.8276,15.8677,15.8658,15.7719,15.6523,15.6792,15.9325,15.9864,15.7949,15.6399,15.6686,15.7301,15.7293,15.6761,15.625,15.6466,15.7256,15.7227,15.6427,15.595,15.6064,15.6225,15.6126,15.5843,15.5637,15.5712,15.5877,15.576,15.5466,15.5314,15.5327,15.5333,15.524,15.5096,15.5003,15.5001,15.4996,15.4907,15.4787,15.4717,15.4692,15.4656,15.4587,15.4438,15.4238,15.4068,15.389,15.3727,15.3579,15.3429,15.3294,15.3159,15.3027,15.2909,15.2802,15.269,15.259,15.2499,15.2405,15.2321,15.2241,15.2154,15.2069,15.1986,15.1913,15.1842,15.1776,15.1714,15.1657,15.1603,15.1553,15.1506,15.1462,15.1421,15.1383,15.1345,15.131,15.1278,15.1247,2.61265,2.46108,2.32832,2.20591,2.09231
0.918347,17.8401,15.2314,13.4886,12.5844,12.3135,12.3635,12.7026,13.3604,14.48,15.7991,16.0728,16.0436,15.8428,15.5386,15.199,14.9432,15.1069,15.8345,16.7726,17.8189,17.8347,17.1565,16.4996,15.9362,15.5367,15.3939,15.5238,15.7748,15.9995,16.1244,16.131,16.0521,15.9207,15.7593,15.6208,15.5306,15.5795,15.8487,16.2091,16.4564,16.4648,16.2771,16.0226,15.7808,15.6155,15.5781,15.6486,15.7501,15.8305,15.8705,15.8685,15.7746,15.655,15.6824,15.936,15.9895,15.7978,15.643,15.6719,15.7336,15.7327,15.6794,15.6284,15.6503,15.7295,15.7264,15.6462,15.5986,15.6102,15.6263,15.6164,15.5881,15.5675,15.5752,15.5917,15.58,15.5505,15.5354,15.5368,15.5374,15.5281,15.5136,15.5045,15.5042,15.5038,15.4949,15.4829,15.476,15.4734,15.4699,15.463,15.4481,15.4282,15.4113,15.3936,15.3773,15.3625,15.3476,15.3341,15.3207,15.3076,15.2958,15.2851,15.274,15.264,15.2549,15.2456,15.2372,15.2293,15.2206,15.2121,15.2038,15.1966,15.1895,15.1829,15.1767,15.171,15.1657,15.1606,15.156,15.1516,15.1475,15.1437,15.1399,15.1364,15.1332,15.1301,15.1272,2.51494,2.36743,2.23857,2.12096
0.922026,17.8402,15.2315,13.4888,12.5848,12.3141,12.3641,12.7033,13.3614,14.4812,15.8001,16.0737,16.0444,15.8435,15.5393,15.1998,14.9441,15.1084,15.8363,16.7743,17.8203,17.8357,17.1574,16.5005,15.9371,15.5378,15.3954,15.5257,15.7768,16.0015,16.1263,16.1328,16.0539,15.9225,15.7611,15.6226,15.5325,15.5819,15.8514,16.2118,16.4589,16.467,16.2791,16.0245,15.7829,15.6176,15.5806,15.6513,15.7529,15.8332,15.8731,15.8711,15.7772,15.6577,15.6855,15.9394,15.9925,15.8006,15.6459,15.6752,15.7368,15.7359,15.6825,15.6316,15.6537,15.7332,15.73,15.6496,15.602,15.6138,15.6299,15.62,15.5916,15.5711,15.579,15.5956,15.5838,15.5542,15.5392,15.5407,15.5413,15.5319,15.5175,15.5084,15.5082,15.5079,15.4989,15.4869,15.48,15.4775,15.474,15.4671,15.4523,15.4324,15.4155,15.3979,15.3817,15.367,15.3521,15.3386,15.3253,15.3122,15.3004,15.2898,15.2787,15.2687,15.2597,15.2504,15.2421,15.2342,15.2255,15.217,15.2088,15.2016,15.1945,15.1879,15.1817,15.1761,15.1708,15.1657,15.1611,15.1568,15.1526,15.1489,15.1451,15.1416,15.1384,15.1354,15.1324,15.1294,2.43265,2.28071,2.1543
0.925547,17.8404,15.2317,13.489,12.5851,12.3145,12.3647,12.7041,13.3623,14.4824,15.8011,16.0745,16.0452,15.8443,15.54,15.2005,14.9449,15.1097,15.8379,16.7759,17.8217,17.8366,17.1583,16.5013,15.938,15.5389,15.3968,15.5275,15.7787,16.0034,16.1281,16.1345,16.0556,15.9241,15.7628,15.6244,15.5344,15.5842,15.8541,16.2145,16.4613,16.4691,16.2811,16.0264,15.7848,15.6197,15.5829,15.6538,15.7556,15.8358,15.8757,15.8736,15.7796,15.6602,15.6884,15.9426,15.9954,15.8033,15.6487,15.6782,15.7399,15.7389,15.6855,15.6347,15.6571,15.7367,15.7333,15.6528,15.6053,15.6172,15.6334,15.6234,15.595,15.5746,15.5826,15.5993,15.5874,15.5578,15.5428,15.5444,15.545,15.5356,15.5212,15.5121,15.512,15.5117,15.5027,15.4907,15.4838,15.4814,15.4779,15.471,15.4562,15.4364,15.4196,15.402,15.3858,15.3712,15.3563,15.3429,15.3296,15.3166,15.3048,15.2943,15.2832,15.2733,15.2643,15.255,15.2467,15.2388,15.2302,15.2217,15.2135,15.2063,15.1992,15.1927,15.1865,15.1809,15.1756,15.1706,15.1659,15.1616,15.1575,15.1538,15.15,15.1466,15.1434,15.1403,15.1374,15.1344,15.1315,2.55583,2.20389
0.928916,17.8405,15.2318,13.4892,12.5855,12.315,12.3653,12.7048,13.3632,14.4835,15.8021,16.0753,16.046,15.845,15.5407,15.2012,14.9457,15.111,15.8394,16.7775,17.823,17.8375,17.1591,16.5021,15.9389,15.5399,15.3982,15.5291,15.7805,16.0051,16.1298,16.1361,16.0572,15.9257,15.7644,15.6261,15.5362,15.5863,15.8566,16.217,16.4635,16.4711,16.2829,16.0282,15.7866,15.6217,15.5852,15.6563,15.7581,15.8383,15.8781,15.876,15.782,15.6626,15.6911,15.9456,15.9982,15.8058,15.6513,15.6811,15.7428,15.7418,15.6884,15.6376,15.6602,15.7401,15.7365,15.6558,15.6084,15.6205,15.6367,15.6267,15.5983,15.5779,15.586,15.6028,15.5908,15.5612,15.5462,15.5479,15.5485,15.5392,15.5247,15.5157,15.5156,15.5153,15.5064,15.4943,15.4875,15.4851,15.4816,15.4747,15.46,15.4402,15.4234,15.4059,15.3898,15.3752,15.3604,15.347,15.3337,15.3207,15.3091,15.2985,15.2875,15.2776,15.2686,15.2594,15.2511,15.2432,15.2346,15.2262,15.218,15.2108,15.2038,15.1972,15.1911,15.1855,15.1802,15.1752,15.1706,15.1663,15.1622,15.1584,15.1547,15.1512,15.1481,15.145,15.1421,15.1391,15.1362,15.1335,2.47141
0.932137,17.8407,15.2319,13.4894,12.5858,12.3154,12.3658,12.7054,13.364,14.4845,15.803,16.0761,16.0467,15.8457,15.5414,15.2019,14.9465,15.1123,15.8409,16.7789,17.8243,17.8384,17.1598,16.5029,15.9397,15.5409,15.3994,15.5308,15.7822,16.0068,16.1314,16.1376,16.0587,15.9273,15.7659,15.6277,15.538,15.5884,15.859,16.2194,16.4657,16.473,16.2847,16.0299,15.7883,15.6235,15.5873,15.6586,15.7604,15.8407,15.8804,15.8783,15.7842,15.6648,15.6938,15.9485,16.0008,15.8082,15.6538,15.6839,15.7457,15.7445,15.6911,15.6404,15.6632,15.7432,15.7396,15.6587,15.6114,15.6236,15.6398,15.6298,15.6014,15.581,15.5892,15.6061,15.5941,15.5644,15.5495,15.5512,15.5519,15.5425,15.5281,15.519,15.5191,15.5188,15.5098,15.4978,15.491,15.4886,15.4851,15.4782,15.4635,15.4439,15.4271,15.4096,15.3936,15.379,15.3642,15.3509,15.3377,15.3247,15.3131,15.3026,15.2915,15.2817,15.2727,15.2635,15.2553,15.2474,15.2389,15.2304,15.2223,15.2151,15.2081,15.2015,15.1955,15.1898,15.1846,15.1796,15.175,15.1707,15.1666,15.1629,15.1592,15.1557,15.1526,15.1495,15.1466,15.1436,15.1407,15.138,15.1354
0.935218,17.8408,15.2321,13.4896,12.5861,12.3159,12.3664,12.7061,13.3648,14.4856,15.8039,16.0768,16.0473,15.8463,15.542,15.2025,14.9473,15.1135,15.8423,16.7803,17.8255,17.8392,17.1606,16.5036,15.9405,15.5419,15.4007,15.5323,15.7839,16.0084,16.1329,16.1391,16.0602,15.9287,15.7674,15.6292,15.5396,15.5903,15.8613,16.2216,16.4678,16.4749,16.2863,16.0316,15.79,15.6253,15.5893,15.6608,15.7627,15.8429,15.8826,15.8804,15.7863,15.667,15.6963,15.9513,16.0032,15.8105,15.6562,15.6865,15.7483,15.7472,15.6937,15.643,15.6661,15.7463,15.7425,15.6615,15.6142,15.6265,15.6428,15.6328,15.6043,15.584,15.5923,15.6093,15.5972,15.5675,15.5526,15.5544,15.5551,15.5457,15.5313,15.5223,15.5224,15.5221,15.5131,15.501,15.4943,15.4919,15.4884,15.4816,15.467,15.4473,15.4306,15.4132,15.3972,15.3826,15.3679,15.3546,15.3414,15.3285,15.3169,15.3064,15.2954,15.2856,15.2766,15.2675,15.2593,15.2514,15.2429,15.2344,15.2263,15.2192,15.2122,15.2057,15.1996,15.194,15.1887,15.1838,15.1792,15.1749,15.1708,15.1671,15.1634,15.16,15.1568,15.1538,15.1509,15.1479,15.145,15.1423,15.1397
0.938163,17.8409,15.2322,13.4898,12.5864,12.3162,12.3668,12.7067,13.3655,14.4865,15.8047,16.0775,16.048,15.8469,15.5426,15.2031,14.948,15.1146,15.8436,16.7817,17.8266,17.84,17.1613,16.5043,15.9413,15.5427,15.4018,15.5337,15.7854,16.01,16.1344,16.1405,16.0616,15.9301,15.7688,15.6306,15.5412,15.5922,15.8635,16.2238,16.4697,16.4766,16.2879,16.0331,15.7916,15.627,15.5912,15.6629,15.7649,15.8451,15.8847,15.8825,15.7883,15.669,15.6987,15.9539,16.0056,15.8127,15.6585,15.689,15.7509,15.7496,15.6961,15.6455,15.6688,15.7492,15.7452,15.6641,15.6169,15.6293,15.6456,15.6356,15.6071,15.5868,15.5953,15.6123,15.6002,15.5704,15.5555,15.5574,15.5581,15.5487,15.5343,15.5253,15.5255,15.5253,15.5162,15.5042,15.4974,15.4951,15.4916,15.4847,15.4702,15.4506,15.4339,15.4166,15.4006,15.3861,15.3714,15.3582,15.345,15.3321,15.3205,15.3101,15.2991,15.2893,15.2804,15.2713,15.263,15.2552,15.2467,15.2383,15.2302,15.223,15.2161,15.2096,15.2035,15.1979,15.1927,15.1877,15.1831,15.1789,15.1748,15.1711,15.1674,15.164,15.1609,15.1578,15.1549,15.152,15.1491,15.1464,15.1438
0.940979,17.8411,15.2323,13.4899,12.5867,12.3166,12.3673,12.7072,13.3662,14.4874,15.8055,16.0782,16.0486,15.8475,15.5432,15.2037,14.9487,15.1157,15.8449,16.7829,17.8277,17.8408,17.1619,16.505,15.942,15.5436,15.403,15.5351,15.7869,16.0114,16.1358,16.1419,16.0629,15.9314,15.7701,15.632,15.5427,15.5939,15.8656,16.2259,16.4716,16.4782,16.2895,16.0346,15.7931,15.6286,15.5931,15.665,15.767,15.8471,15.8867,15.8844,15.7902,15.671,15.701,15.9564,16.0078,15.8148,15.6606,15.6914,15.7533,15.752,15.6985,15.6479,15.6714,15.7519,15.7479,15.6666,15.6194,15.632,15.6483,15.6382,15.6097,15.5895,15.5981,15.6152,15.603,15.5732,15.5584,15.5603,15.561,15.5516,15.5372,15.5282,15.5285,15.5282,15.5192,15.5071,15.5004,15.4982,15.4947,15.4878,15.4733,15.4537,15.4371,15.4198,15.4038,15.3894,15.3747,15.3615,15.3484,15.3355,15.324,15.3135,15.3026,15.2928,15.2839,15.2748,15.2666,15.2589,15.2504,15.242,15.2339,15.2267,15.2198,15.2133,15.2073,15.2017,15.1965,15.1915,15.1869,15.1827,15.1787,15.1749,15.1713,15.1678,15.1647,15.1617,15.1588,15.1558,15.153,15.1502,15.1477
0.94367,17.8412,15.2324,13.4901,12.5869,12.317,12.3677,12.7078,13.3669,14.4883,15.8063,16.0788,16.0492,15.848,15.5437,15.2042,14.9493,15.1167,15.8461,16.7841,17.8287,17.8415,17.1626,16.5056,15.9427,15.5444,15.404,15.5364,15.7883,16.0128,16.1371,16.1432,16.0641,15.9327,15.7714,15.6333,15.5441,15.5956,15.8675,16.2278,16.4734,16.4798,16.2909,16.036,15.7945,15.6302,15.5948,15.6669,15.7689,15.849,15.8886,15.8863,15.792,15.6729,15.7031,15.9588,16.01,15.8168,15.6627,15.6937,15.7556,15.7543,15.7007,15.6502,15.6739,15.7545,15.7504,15.669,15.6219,15.6345,15.6509,15.6408,15.6123,15.5921,15.6008,15.6179,15.6057,15.5758,15.561,15.563,15.5637,15.5544,15.5399,15.531,15.5313,15.5311,15.522,15.51,15.5033,15.501,15.4976,15.4907,15.4762,15.4567,15.4401,15.4228,15.4069,15.3925,15.3779,15.3647,15.3516,15.3388,15.3272,15.3168,15.3059,15.2962,15.2873,15.2782,15.2701,15.2623,15.2538,15.2454,15.2374,15.2303,15.2233,15.2169,15.2108,15.2052,15.2001,15.1951,15.1905,15.1863,15.1823,15.1786,15.1749,15.1715,15.1684,15.1654,15.1625,15.1595,15.1567,15.1539,15.1514
0.946242,17.8413,15.2325,13.4902,12.5872,12.3173,12.3682,12.7083,13.3676,14.4891,15.807,16.0794,16.0497,15.8486,15.5442,15.2047,14.9499,15.1177,15.8473,16.7853,17.8297,17.8422,17.1632,16.5062,15.9433,15.5452,15.405,15.5377,15.7897,16.0141,16.1384,16.1444,16.0653,15.9338,15.7726,15.6345,15.5454,15.5972,15.8694,16.2297,16.475,16.4813,16.2923,16.0373,15.7959,15.6316,15.5965,15.6687,15.7708,15.8509,15.8904,15.888,15.7938,15.6747,15.7052,15.9611,16.012,15.8187,15.6647,15.6959,15.7578,15.7564,15.7028,15.6523,15.6763,15.757,15.7527,15.6713,15.6242,15.637,15.6533,15.6432,15.6147,15.5945,15.6033,15.6205,15.6083,15.5783,15.5636,15.5656,15.5664,15.557,15.5425,15.5337,15.534,15.5338,15.5247,15.5127,15.506,15.5038,15.5003,15.4934,15.479,15.4595,15.443,15.4257,15.4099,15.3955,15.3809,15.3677,15.3547,15.3419,15.3304,15.32,15.3091,15.2994,15.2905,15.2815,15.2733,15.2656,15.2571,15.2488,15.2407,15.2336,15.2267,15.2202,15.2142,15.2086,15.2035,15.1985,15.194,15.1898,15.1857,15.182,15.1784,15.175,15.1719,15.1689,15.166,15.163,15.1602,15.1575,15.1549
0.9487,17.8414,15.2326,13.4904,12.5874,12.3177,12.3686,12.7088,13.3682,14.4899,15.8077,16.08,16.0503,15.8491,15.5447,15.2052,14.9505,15.1186,15.8484,16.7864,17.8306,17.8428,17.1637,16.5068,15.944,15.5459,15.406,15.5389,15.7909,16.0154,16.1396,16.1455,16.0665,15.935,15.7737,15.6357,15.5467,15.5988,15.8712,16.2315,16.4767,16.4827,16.2936,16.0386,15.7972,15.633,15.5981,15.6704,15.7726,15.8527,15.8921,15.8897,15.7954,15.6763,15.7072,15.9632,16.0139,15.8205,15.6665,15.698,15.7599,15.7585,15.7049,15.6544,15.6785,15.7594,15.755,15.6734,15.6264,15.6393,15.6557,15.6455,15.617,15.5968,15.6058,15.623,15.6107,15.5807,15.566,15.5681,15.5689,15.5595,15.545,15.5362,15.5365,15.5364,15.5273,15.5152,15.5086,15.5064,15.503,15.4961,15.4817,15.4622,15.4457,15.4285,15.4127,15.3983,15.3837,15.3706,15.3576,15.3448,15.3333,15.323,15.3121,15.3024,15.2936,15.2846,15.2764,15.2687,15.2603,15.2519,15.2439,15.2368,15.2299,15.2234,15.2174,15.2119,15.2067,15.2018,15.1972,15.193,15.189,15.1853,15.1817,15.1783,15.1752,15.1722,15.1693,15.1664,15.1635,15.1608,15.1583
0.951049,17.8415,15.2327,13.4905,12.5876,12.318,12.369,12.7093,13.3688,14.4907,15.8083,16.0805,16.0508,15.8495,15.5452,15.2057,14.9511,15.1195,15.8494,16.7874,17.8315,17.8434,17.1643,16.5074,15.9446,15.5466,15.4069,15.54,15.7922,16.0166,16.1407,16.1466,16.0676,15.9361,15.7748,15.6369,15.5479,15.6002,15.8729,16.2332,16.4782,16.4841,16.2948,16.0398,15.7984,15.6343,15.5996,15.6721,15.7743,15.8543,15.8938,15.8913,15.797,15.678,15.709,15.9653,16.0158,15.8222,15.6683,15.6999,15.7619,15.7604,15.7068,15.6564,15.6806,15.7617,15.7572,15.6755,15.6285,15.6415,15.6579,15.6477,15.6192,15.5991,15.6081,15.6254,15.613,15.583,15.5684,15.5705,15.5712,15.5618,15.5474,15.5386,15.539,15.5388,15.5297,15.5177,15.5111,15.5089,15.5054,15.4986,15.4842,15.4647,15.4483,15.4311,15.4153,15.401,15.3865,15.3734,15.3604,15.3476,15.3362,15.3258,15.315,15.3053,15.2965,15.2875,15.2794,15.2717,15.2633,15.2549,15.2469,15.2398,15.2329,15.2265,15.2205,15.2149,15.2098,15.2049,15.2003,15.1962,15.1922,15.1885,15.1848,15.1814,15.1783,15.1753,15.1725,15.1696,15.1667,15.164,15.1615
0.953292,17.8416,15.2328,13.4906,12.5879,12.3183,12.3693,12.7097,13.3693,14.4914,15.809,16.0811,16.0513,15.85,15.5456,15.2061,14.9516,15.1204,15.8504,16.7884,17.8324,17.844,17.1648,16.5079,15.9451,15.5473,15.4078,15.5411,15.7933,16.0177,16.1418,16.1477,16.0686,15.9371,15.7758,15.6379,15.5491,15.6016,15.8746,16.2348,16.4796,16.4854,16.296,16.041,15.7996,15.6356,15.601,15.6737,15.7759,15.8559,15.8953,15.8929,15.7985,15.6795,15.7108,15.9673,16.0175,15.8238,15.67,15.7018,15.7638,15.7623,15.7086,15.6582,15.6827,15.7638,15.7592,15.6774,15.6305,15.6435,15.66,15.6498,15.6213,15.6012,15.6103,15.6276,15.6152,15.5852,15.5706,15.5727,15.5735,15.5641,15.5497,15.5408,15.5413,15.5412,15.5321,15.52,15.5134,15.5112,15.5078,15.5009,15.4866,15.4672,15.4508,15.4336,15.4179,15.4036,15.3891,15.376,15.363,15.3503,15.3389,15.3286,15.3178,15.3081,15.2993,15.2903,15.2822,15.2745,15.2661,15.2578,15.2498,15.2427,15.2358,15.2294,15.2234,15.2179,15.2127,15.2078,15.2033,15.1991,15.1951,15.1915,15.1878,15.1844,15.1813,15.1784,15.1755,15.1726,15.1697,15.167,15.1645
0.955435,17.8417,15.2329,13.4907,12.5881,12.3186,12.3697,12.7102,13.3699,14.4921,15.8096,16.0815,16.0517,15.8504,15.546,15.2065,14.9521,15.1212,15.8514,16.7894,17.8332,17.8446,17.1653,16.5084,15.9457,15.5479,15.4086,15.5422,15.7944,16.0188,16.1429,16.1487,16.0696,15.9381,15.7768,15.6389,15.5502,15.603,15.8761,16.2363,16.481,16.4866,16.2972,16.0421,15.8007,15.6368,15.6024,15.6752,15.7774,15.8575,15.8968,15.8943,15.7999,15.681,15.7125,15.9691,16.0192,15.8254,15.6716,15.7036,15.7656,15.764,15.7104,15.66,15.6846,15.7659,15.7612,15.6793,15.6324,15.6455,15.662,15.6518,15.6232,15.6032,15.6124,15.6298,15.6173,15.5872,15.5727,15.5749,15.5757,15.5663,15.5518,15.543,15.5435,15.5434,15.5343,15.5222,15.5156,15.5135,15.5101,15.5032,15.4889,15.4695,15.4531,15.436,15.4203,15.406,15.3915,15.3785,15.3655,15.3528,15.3414,15.3312,15.3204,15.3107,15.3019,15.293,15.2849,15.2772,15.2688,15.2605,15.2525,15.2455,15.2386,15.2322,15.2262,15.2207,15.2155,15.2107,15.2061,15.202,15.198,15.1943,15.1907,15.1873,15.1842,15.1812,15.1784,15.1755,15.1726,15.1699,15.1674
0.957483,17.8418,15.233,13.4909,12.5883,12.3188,12.37,12.7106,13.3704,14.4928,15.8101,16.082,16.0522,15.8508,15.5464,15.2069,14.9526,15.1219,15.8523,16.7903,17.8339,17.8451,17.1658,16.5089,15.9462,15.5485,15.4094,15.5432,15.7955,16.0199,16.1439,16.1497,16.0705,15.939,15.7778,15.6399,15.5513,15.6042,15.8776,16.2378,16.4824,16.4878,16.2982,16.0431,15.8018,15.638,15.6037,15.6766,15.7789,15.8589,15.8982,15.8957,15.8013,15.6824,15.7142,15.9709,16.0208,15.8268,15.6732,15.7053,15.7673,15.7657,15.712,15.6617,15.6865,15.7678,15.763,15.6811,15.6342,15.6474,15.6639,15.6537,15.6251,15.6051,15.6144,15.6318,15.6193,15.5892,15.5747,15.5769,15.5777,15.5683,15.5538,15.5451,15.5456,15.5455,15.5364,15.5243,15.5178,15.5156,15.5122,15.5054,15.4911,15.4717,15.4554,15.4383,15.4226,15.4084,15.3939,15.3809,15.3679,15.3553,15.3439,15.3336,15.3229,15.3132,15.3045,15.2955,15.2874,15.2798,15.2714,15.2631,15.2551,15.2481,15.2412,15.2348,15.2288,15.2233,15.2182,15.2133,15.2088,15.2047,15.2007,15.197,15.1934,15.19,15.1869,15.184,15.1811,15.1782,15.1754,15.1727,15.1702
0.959438,17.8419,15.233,13.491,12.5885,12.3191,12.3703,12.711,13.3708,14.4934,15.8107,16.0825,16.0526,15.8512,15.5468,15.2073,14.9531,15.1227,15.8532,16.7912,17.8347,17.8456,17.1662,16.5093,15.9466,15.5491,15.4102,15.5441,15.7965,16.0209,16.1448,16.1506,16.0714,15.9399,15.7787,15.6409,15.5523,15.6054,15.879,16.2392,16.4836,16.4889,16.2993,16.0442,15.8028,15.6391,15.6049,15.678,15.7803,15.8603,15.8996,15.897,15.8026,15.6837,15.7157,15.9726,16.0223,15.8282,15.6746,15.7069,15.7689,15.7673,15.7136,15.6633,15.6882,15.7697,15.7648,15.6828,15.6359,15.6492,15.6657,15.6555,15.6269,15.6069,15.6163,15.6338,15.6212,15.5911,15.5766,15.5788,15.5797,15.5703,15.5558,15.5471,15.5476,15.5476,15.5384,15.5263,15.5198,15.5177,15.5143,15.5074,15.4932,15.4738,15.4575,15.4405,15.4248,15.4106,15.3961,15.3831,15.3702,15.3576,15.3462,15.336,15.3252,15.3156,15.3068,15.2979,15.2898,15.2822,15.2738,15.2655,15.2576,15.2505,15.2437,15.2373,15.2314,15.2259,15.2208,15.2159,15.2114,15.2072,15.2032,15.1996,15.196,15.1926,15.1895,15.1866,15.1837,15.1808,15.178,15.1753,15.1728
0.961305,17.8419,15.2331,13.4911,12.5886,12.3193,12.3706,12.7113,13.3713,14.494,15.8112,16.0829,16.053,15.8516,15.5472,15.2077,14.9535,15.1234,15.854,16.792,17.8354,17.8461,17.1667,16.5097,15.9471,15.5497,15.4109,15.545,15.7975,16.0218,16.1457,16.1514,16.0723,15.9408,15.7796,15.6418,15.5532,15.6066,15.8804,16.2405,16.4848,16.49,16.3003,16.0451,15.8038,15.6401,15.6061,15.6793,15.7816,15.8616,15.9009,15.8983,15.8038,15.6849,15.7172,15.9742,16.0238,15.8296,15.676,15.7085,15.7705,15.7689,15.7151,15.6648,15.6899,15.7714,15.7665,15.6844,15.6376,15.651,15.6675,15.6572,15.6286,15.6087,15.6181,15.6356,15.623,15.5929,15.5784,15.5807,15.5815,15.5721,15.5577,15.5489,15.5495,15.5495,15.5403,15.5282,15.5217,15.5196,15.5162,15.5094,15.4951,15.4758,15.4595,15.4425,15.4269,15.4127,15.3983,15.3853,15.3724,15.3598,15.3484,15.3382,15.3275,15.3179,15.3091,15.3002,15.2922,15.2845,15.2762,15.2679,15.2599,15.2529,15.2461,15.2397,15.2338,15.2283,15.2232,15.2183,15.2138,15.2096,15.2057,15.202,15.1984,15.1951,15.192,15.189,15.1862,15.1833,15.1805,15.1778,15.1753
0.963088,17.842,15.2332,13.4912,12.5888,12.3196,12.3709,12.7117,13.3718,14.4946,15.8117,16.0833,16.0533,15.852,15.5475,15.2081,14.9539,15.124,15.8548,16.7928,17.836,17.8466,17.1671,16.5101,15.9476,15.5502,15.4116,15.5459,15.7984,16.0227,16.1466,16.1523,16.0731,15.9416,15.7804,15.6426,15.5542,15.6077,15.8816,16.2418,16.486,16.491,16.3012,16.046,15.8047,15.6411,15.6072,15.6805,15.7829,15.8628,15.9021,15.8995,15.805,15.6862,15.7186,15.9758,16.0251,15.8309,15.6774,15.7099,15.772,15.7703,15.7166,15.6663,15.6915,15.7731,15.7681,15.6859,15.6391,15.6526,15.6691,15.6589,15.6303,15.6103,15.6198,15.6374,15.6248,15.5946,15.5801,15.5825,15.5833,15.5739,15.5594,15.5507,15.5513,15.5513,15.5421,15.53,15.5236,15.5215,15.5181,15.5112,15.497,15.4777,15.4615,15.4445,15.4289,15.4147,15.4003,15.3874,15.3745,15.3619,15.3505,15.3403,15.3296,15.32,15.3113,15.3024,15.2944,15.2867,15.2784,15.2701,15.2622,15.2552,15.2483,15.242,15.236,15.2306,15.2255,15.2206,15.2161,15.212,15.208,15.2044,15.2008,15.1974,15.1943,15.1914,15.1886,15.1857,15.1828,15.1802,15.1777
0.964789,17.8421,15.2332,13.4913,12.589,12.3198,12.3712,12.712,13.3722,14.4951,15.8121,16.0837,16.0537,15.8523,15.5478,15.2084,14.9543,15.1247,15.8555,16.7935,17.8367,17.847,17.1675,16.5105,15.948,15.5507,15.4123,15.5467,15.7993,16.0236,16.1474,16.153,16.0739,15.9423,15.7811,15.6434,15.555,15.6087,15.8828,16.243,16.4871,16.4919,16.3021,16.0469,15.8056,15.642,15.6083,15.6817,15.7841,15.864,15.9033,15.9006,15.8061,15.6873,15.7199,15.9772,16.0264,15.8321,15.6786,15.7113,15.7734,15.7717,15.7179,15.6677,15.693,15.7747,15.7696,15.6874,15.6406,15.6542,15.6707,15.6604,15.6318,15.6119,15.6214,15.639,15.6264,15.5962,15.5817,15.5841,15.585,15.5756,15.5611,15.5524,15.5531,15.553,15.5439,15.5318,15.5253,15.5233,15.5199,15.513,15.4988,15.4796,15.4633,15.4464,15.4308,15.4166,15.4022,15.3893,15.3764,15.3639,15.3525,15.3423,15.3316,15.3221,15.3134,15.3045,15.2964,15.2888,15.2805,15.2722,15.2643,15.2573,15.2505,15.2442,15.2382,15.2327,15.2277,15.2228,15.2183,15.2142,15.2102,15.2066,15.203,15.1996,15.1966,15.1936,15.1908,15.1879,15.1851,15.1824,15.1799
0.966414,17.8422,15.2333,13.4914,12.5891,12.32,12.3714,12.7124,13.3726,14.4956,15.8126,16.0841,16.0541,15.8526,15.5482,15.2087,14.9547,15.1253,15.8562,16.7942,17.8373,17.8474,17.1678,16.5109,15.9484,15.5512,15.4129,15.5475,15.8001,16.0244,16.1482,16.1538,16.0746,15.9431,15.7819,15.6442,15.5558,15.6097,15.884,16.2441,16.4881,16.4929,16.3029,16.0477,15.8064,15.6429,15.6093,15.6828,15.7853,15.8652,15.9044,15.9017,15.8071,15.6884,15.7212,15.9786,16.0277,15.8332,15.6798,15.7127,15.7747,15.773,15.7192,15.669,15.6945,15.7763,15.7711,15.6888,15.6421,15.6557,15.6722,15.6619,15.6333,15.6134,15.623,15.6406,15.628,15.5977,15.5833,15.5857,15.5866,15.5772,15.5627,15.554,15.5547,15.5547,15.5455,15.5334,15.527,15.5249,15.5216,15.5147,15.5005,15.4813,15.4651,15.4482,15.4326,15.4184,15.4041,15.3912,15.3783,15.3657,15.3545,15.3443,15.3336,15.324,15.3153,15.3065,15.2984,15.2908,15.2825,15.2743,15.2663,15.2594,15.2525,15.2462,15.2403,15.2348,15.2297,15.2249,15.2204,15.2163,15.2123,15.2087,15.2051,15.2018,15.1987,15.1958,15.193,15.19,15.1872,15.1846,15.1821
0.967966,17.8422,15.2334,13.4914,12.5893,12.3202,12.3717,12.7127,13.373,14.4961,15.813,16.0844,16.0544,15.8529,15.5485,15.209,14.9551,15.1259,15.8569,16.7949,17.8379,17.8478,17.1682,16.5113,15.9488,15.5516,15.4135,15.5482,15.8009,16.0251,16.1489,16.1545,16.0753,15.9438,15.7826,15.6449,15.5566,15.6106,15.8851,16.2452,16.4891,16.4937,16.3037,16.0485,15.8072,15.6438,15.6103,15.6839,15.7864,15.8663,15.9054,15.9028,15.8082,15.6894,15.7224,15.9799,16.0289,15.8343,15.681,15.7139,15.776,15.7743,15.7205,15.6703,15.6958,15.7777,15.7725,15.6901,15.6434,15.6571,15.6736,15.6633,15.6347,15.6148,15.6245,15.6422,15.6295,15.5992,15.5848,15.5873,15.5881,15.5787,15.5642,15.5556,15.5563,15.5563,15.5471,15.535,15.5285,15.5265,15.5232,15.5163,15.5022,15.4829,15.4667,15.4499,15.4343,15.4202,15.4058,15.393,15.3801,15.3676,15.3563,15.3461,15.3354,15.3259,15.3172,15.3083,15.3003,15.2928,15.2845,15.2762,15.2683,15.2613,15.2545,15.2482,15.2423,15.2368,15.2317,15.2269,15.2224,15.2183,15.2143,15.2107,15.2071,15.2038,15.2007,15.1978,15.195,15.1921,15.1893,15.1866,15.1841
0.969447,17.8423,15.2334,13.4915,12.5894,12.3204,12.3719,12.713,13.3733,14.4966,15.8134,16.0848,16.0547,15.8532,15.5487,15.2093,14.9554,15.1264,15.8576,16.7955,17.8384,17.8482,17.1685,16.5116,15.9491,15.552,15.4141,15.5489,15.8016,16.0259,16.1496,16.1552,16.076,15.9444,15.7833,15.6456,15.5574,15.6115,15.8862,16.2463,16.49,16.4946,16.3045,16.0492,15.808,15.6446,15.6113,15.6849,15.7874,15.8673,15.9064,15.9037,15.8091,15.6904,15.7236,15.9812,16.03,15.8354,15.6821,15.7151,15.7772,15.7755,15.7217,15.6715,15.6971,15.7791,15.7738,15.6914,15.6447,15.6584,15.675,15.6647,15.636,15.6162,15.6259,15.6436,15.6309,15.6006,15.5862,15.5887,15.5896,15.5802,15.5657,15.5571,15.5578,15.5578,15.5486,15.5365,15.5301,15.5281,15.5247,15.5178,15.5037,15.4845,15.4683,15.4515,15.4359,15.4218,15.4075,15.3946,15.3818,15.3693,15.358,15.3478,15.3372,15.3277,15.319,15.3101,15.3022,15.2946,15.2863,15.278,15.2701,15.2632,15.2564,15.25,15.2441,15.2387,15.2336,15.2288,15.2243,15.2202,15.2163,15.2126,15.209,15.2057,15.2027,15.1997,15.1969,15.194,15.1912,15.1886,15.1861
0.970861,17.8424,15.2335,13.4916,12.5896,12.3206,12.3722,12.7132,13.3737,14.497,15.8138,16.0851,16.055,15.8535,15.549,15.2096,14.9557,15.1269,15.8582,16.7962,17.8389,17.8486,17.1689,16.5119,15.9495,15.5525,15.4146,15.5496,15.8023,16.0266,16.1503,16.1558,16.0766,15.9451,15.7839,15.6463,15.5581,15.6124,15.8872,16.2473,16.4909,16.4954,16.3052,16.0499,15.8087,15.6454,15.6121,15.6859,15.7884,15.8683,15.9074,15.9047,15.81,15.6914,15.7246,15.9824,16.0311,15.8364,15.6831,15.7163,15.7784,15.7766,15.7228,15.6727,15.6984,15.7804,15.7751,15.6926,15.6459,15.6597,15.6763,15.666,15.6373,15.6175,15.6273,15.645,15.6323,15.602,15.5876,15.5901,15.591,15.5815,15.5671,15.5585,15.5592,15.5592,15.55,15.5379,15.5315,15.5295,15.5262,15.5193,15.5052,15.486,15.4698,15.453,15.4375,15.4234,15.4091,15.3962,15.3834,15.3709,15.3597,15.3495,15.3389,15.3294,15.3207,15.3119,15.3039,15.2963,15.288,15.2798,15.2719,15.2649,15.2581,15.2518,15.2459,15.2405,15.2354,15.2306,15.2261,15.222,15.2181,15.2145,15.2109,15.2076,15.2045,15.2016,15.1988,15.1959,15.1931,15.1904,15.1879
0.972209,17.8424,15.2335,13.4917,12.5897,12.3208,12.3724,12.7135,13.374,14.4974,15.8142,16.0854,16.0553,15.8538,15.5493,15.2098,14.956,15.1274,15.8588,16.7967,17.8394,17.8489,17.1692,16.5122,15.9498,15.5528,15.4151,15.5502,15.803,16.0273,16.1509,16.1565,16.0772,15.9457,15.7845,15.6469,15.5588,15.6132,15.8881,16.2482,16.4918,16.4961,16.3059,16.0506,15.8094,15.6461,15.613,15.6868,15.7893,15.8692,15.9083,15.9056,15.8109,15.6923,15.7257,15.9836,16.0321,15.8374,15.6841,15.7174,15.7795,15.7777,15.7239,15.6738,15.6996,15.7817,15.7763,15.6937,15.6471,15.6609,15.6775,15.6672,15.6385,15.6187,15.6286,15.6463,15.6336,15.6032,15.5889,15.5914,15.5923,15.5829,15.5684,15.5598,15.5606,15.5606,15.5514,15.5393,15.5329,15.5309,15.5276,15.5207,15.5066,15.4874,15.4713,15.4545,15.439,15.4249,15.4106,15.3978,15.385,15.3725,15.3612,15.3511,15.3405,15.331,15.3223,15.3135,15.3055,15.298,15.2897,15.2815,15.2736,15.2666,15.2598,15.2535,15.2476,15.2422,15.2371,15.2323,15.2279,15.2237,15.2198,15.2162,15.2126,15.2093,15.2063,15.2033,15.2005,15.1976,15.1949,15.1922,15.1897
0.973496,17.8425,15.2336,13.4918,12.5898,12.3209,12.3726,12.7138,13.3743,14.4979,15.8145,16.0857,16.0555,15.8541,15.5495,15.2101,14.9563,15.1279,15.8593,16.7973,17.8399,17.8493,17.1695,16.5125,15.9501,15.5532,15.4156,15.5508,15.8037,16.0279,16.1515,16.1571,16.0778,15.9462,15.7851,15.6475,15.5595,15.614,15.889,16.2491,16.4926,16.4968,16.3066,16.0513,15.81,15.6469,15.6138,15.6877,15.7902,15.8701,15.9092,15.9064,15.8118,15.6931,15.7267,15.9846,16.0331,15.8383,15.6851,15.7184,15.7806,15.7787,15.7249,15.6748,15.7007,15.7829,15.7774,15.6948,15.6482,15.6621,15.6787,15.6684,15.6397,15.6199,15.6298,15.6476,15.6348,15.6044,15.5901,15.5927,15.5936,15.5841,15.5696,15.5611,15.5619,15.5619,15.5527,15.5406,15.5342,15.5322,15.5289,15.522,15.5079,15.4888,15.4727,15.4559,15.4404,15.4263,15.4121,15.3992,15.3864,15.374,15.3627,15.3526,15.342,15.3325,15.3239,15.315,15.3071,15.2995,15.2913,15.283,15.2752,15.2682,15.2614,15.2551,15.2493,15.2438,15.2388,15.2339,15.2295,15.2254,15.2215,15.2179,15.2143,15.211,15.2079,15.205,15.2022,15.1993,15.1965,15.1939,15.1914
0.974725,17.8425,15.2336,13.4918,12.5899,12.3211,12.3728,12.714,13.3746,14.4982,15.8148,16.086,16.0558,15.8543,15.5498,15.2103,14.9566,15.1284,15.8599,16.7978,17.8403,17.8496,17.1697,16.5128,15.9504,15.5536,15.4161,15.5514,15.8043,16.0285,16.1521,16.1576,16.0783,15.9468,15.7856,15.6481,15.5601,15.6147,15.8899,16.25,16.4934,16.4975,16.3072,16.0519,15.8107,15.6475,15.6145,15.6885,15.7911,15.871,15.91,15.9072,15.8126,15.6939,15.7277,15.9857,16.034,15.8391,15.686,15.7194,15.7816,15.7797,15.7259,15.6758,15.7018,15.784,15.7785,15.6958,15.6493,15.6632,15.6798,15.6695,15.6408,15.621,15.6309,15.6488,15.636,15.6056,15.5913,15.5939,15.5948,15.5853,15.5708,15.5623,15.5631,15.5632,15.5539,15.5418,15.5354,15.5335,15.5301,15.5233,15.5092,15.4901,15.474,15.4572,15.4417,15.4277,15.4134,15.4006,15.3879,15.3754,15.3642,15.3541,15.3435,15.334,15.3253,15.3165,15.3086,15.301,15.2928,15.2846,15.2767,15.2697,15.263,15.2567,15.2508,15.2454,15.2403,15.2355,15.2311,15.227,15.223,15.2194,15.2159,15.2126,15.2095,15.2066,15.2038,15.2009,15.1981,15.1955,15.193
0.975897,17.8426,15.2337,13.4919,12.59,12.3212,12.373,12.7142,13.3749,14.4986,15.8152,16.0862,16.0561,15.8545,15.55,15.2106,14.9569,15.1288,15.8604,16.7983,17.8408,17.8499,17.17,16.5131,15.9507,15.5539,15.4165,15.552,15.8049,16.0291,16.1527,16.1581,16.0789,15.9473,15.7862,15.6486,15.5607,15.6155,15.8907,16.2508,16.4941,16.4982,16.3078,16.0525,15.8113,15.6482,15.6153,15.6893,15.7919,15.8718,15.9108,15.908,15.8133,15.6947,15.7286,15.9867,16.0349,15.8399,15.6868,15.7204,15.7825,15.7807,15.7268,15.6767,15.7028,15.7851,15.7795,15.6968,15.6503,15.6643,15.6809,15.6705,15.6418,15.6221,15.6321,15.6499,15.6371,15.6067,15.5924,15.595,15.5959,15.5865,15.572,15.5634,15.5643,15.5643,15.5551,15.543,15.5366,15.5347,15.5313,15.5245,15.5104,15.4913,15.4752,15.4585,15.443,15.429,15.4147,15.4019,15.3892,15.3767,15.3655,15.3554,15.3448,15.3354,15.3267,15.3179,15.31,15.3025,15.2942,15.286,15.2781,15.2712,15.2644,15.2582,15.2523,15.2468,15.2418,15.237,15.2326,15.2285,15.2245,15.2209,15.2174,15.2141,15.211,15.2081,15.2053,15.2024,15.1997,15.197,15.1945
0.977016,17.8426,15.2337,13.4919,12.5901,12.3214,12.3731,12.7145,13.3752,14.499,15.8155,16.0865,16.0563,15.8547,15.5502,15.2108,14.9572,15.1292,15.8608,16.7988,17.8412,17.8502,17.1702,16.5133,15.951,15.5542,15.417,15.5525,15.8054,16.0296,16.1532,16.1586,16.0794,15.9478,15.7867,15.6491,15.5612,15.6161,15.8915,16.2516,16.4948,16.4988,16.3084,16.053,15.8118,15.6488,15.616,15.6901,15.7927,15.8725,15.9116,15.9087,15.814,15.6955,15.7294,15.9876,16.0358,15.8407,15.6877,15.7213,15.7834,15.7816,15.7277,15.6776,15.7038,15.7862,15.7805,15.6978,15.6513,15.6653,15.6819,15.6715,15.6428,15.6231,15.6331,15.651,15.6381,15.6077,15.5934,15.5961,15.597,15.5875,15.5731,15.5645,15.5654,15.5655,15.5562,15.5441,15.5377,15.5358,15.5325,15.5256,15.5116,15.4925,15.4764,15.4597,15.4442,15.4302,15.416,15.4032,15.3905,15.378,15.3668,15.3567,15.3462,15.3367,15.3281,15.3193,15.3113,15.3038,15.2956,15.2874,15.2795,15.2726,15.2658,15.2595,15.2537,15.2482,15.2432,15.2384,15.234,15.2299,15.226,15.2224,15.2188,15.2155,15.2125,15.2096,15.2068,15.2039,15.2011,15.1985,15.196
0.978083,17.8427,15.2337,13.492,12.5902,12.3215,12.3733,12.7147,13.3754,14.4993,15.8158,16.0867,16.0565,15.855,15.5504,15.211,14.9574,15.1296,15.8613,16.7993,17.8416,17.8504,17.1705,16.5136,15.9512,15.5546,15.4174,15.553,15.806,16.0302,16.1537,16.1591,16.0798,15.9483,15.7872,15.6496,15.5618,15.6168,15.8923,16.2523,16.4955,16.4994,16.3089,16.0536,15.8124,15.6494,15.6166,15.6908,15.7935,15.8733,15.9123,15.9095,15.8147,15.6962,15.7302,15.9885,16.0366,15.8415,15.6884,15.7221,15.7843,15.7824,15.7285,15.6785,15.7048,15.7872,15.7815,15.6987,15.6522,15.6662,15.6829,15.6725,15.6438,15.6241,15.6341,15.652,15.6391,15.6087,15.5944,15.5971,15.5981,15.5886,15.5741,15.5656,15.5665,15.5665,15.5573,15.5452,15.5388,15.5369,15.5336,15.5267,15.5127,15.4936,15.4775,15.4608,15.4454,15.4314,15.4172,15.4044,15.3917,15.3792,15.3681,15.358,15.3474,15.3379,15.3293,15.3205,15.3126,15.3051,15.2969,15.2887,15.2808,15.2739,15.2671,15.2609,15.255,15.2496,15.2446,15.2398,15.2353,15.2312,15.2273,15.2237,15.2202,15.2169,15.2139,15.2109,15.2082,15.2053,15.2025,15.1999,15.1974
0.979101,17.8427,15.2338,13.4921,12.5903,12.3217,12.3735,12.7149,13.3757,14.4996,15.816,16.0869,16.0567,15.8552,15.5506,15.2112,14.9576,15.13,15.8617,16.7997,17.842,17.8507,17.1707,16.5138,15.9515,15.5548,15.4178,15.5535,15.8065,16.0307,16.1542,16.1596,16.0803,15.9488,15.7876,15.6501,15.5623,15.6174,15.893,16.253,16.4961,16.5,16.3095,16.0541,15.8129,15.6499,15.6173,15.6915,15.7942,15.874,15.913,15.9101,15.8154,15.6968,15.731,15.9894,16.0373,15.8422,15.6892,15.723,15.7851,15.7832,15.7293,15.6793,15.7057,15.7881,15.7824,15.6995,15.6531,15.6671,15.6838,15.6734,15.6447,15.625,15.6351,15.653,15.6401,15.6097,15.5954,15.5981,15.599,15.5896,15.5751,15.5666,15.5675,15.5676,15.5583,15.5462,15.5398,15.5379,15.5346,15.5277,15.5138,15.4947,15.4786,15.4619,15.4465,15.4325,15.4183,15.4055,15.3928,15.3804,15.3692,15.3592,15.3486,15.3391,15.3305,15.3218,15.3138,15.3063,15.2981,15.2899,15.2821,15.2752,15.2684,15.2621,15.2563,15.2509,15.2458,15.241,15.2366,15.2325,15.2286,15.225,15.2215,15.2182,15.2152,15.2122,15.2095,15.2066,15.2038,15.2012,15.1987
0.980072,17.8427,15.2338,13.4921,12.5904,12.3218,12.3736,12.715,13.3759,14.4999,15.8163,16.0872,16.0569,15.8554,15.5508,15.2114,14.9579,15.1303,15.8622,16.8001,17.8423,17.8509,17.1709,16.514,15.9517,15.5551,15.4181,15.5539,15.807,16.0312,16.1547,16.16,16.0807,15.9492,15.788,15.6506,15.5628,15.618,15.8937,16.2537,16.4968,16.5005,16.31,16.0546,15.8134,15.6505,15.6179,15.6922,15.7948,15.8746,15.9136,15.9108,15.816,15.6975,15.7318,15.9902,16.0381,15.8429,15.6899,15.7237,15.7859,15.784,15.7301,15.6801,15.7065,15.789,15.7832,15.7003,15.6539,15.668,15.6847,15.6743,15.6456,15.6259,15.636,15.6539,15.641,15.6106,15.5963,15.599,15.6,15.5905,15.576,15.5675,15.5684,15.5685,15.5593,15.5471,15.5408,15.5389,15.5356,15.5287,15.5148,15.4957,15.4796,15.463,15.4476,15.4336,15.4194,15.4066,15.3939,15.3815,15.3703,15.3603,15.3497,15.3403,15.3317,15.3229,15.315,15.3075,15.2993,15.2911,15.2833,15.2764,15.2696,15.2633,15.2575,15.2521,15.2471,15.2423,15.2378,15.2338,15.2299,15.2263,15.2227,15.2194,15.2164,15.2135,15.2107,15.2078,15.2051,15.2024,15.2
0.980999,17.8428,15.2339,13.4922,12.5905,12.3219,12.3738,12.7152,13.3761,14.5002,15.8165,16.0874,16.0571,15.8555,15.551,15.2116,14.9581,15.1307,15.8626,16.8005,17.8426,17.8512,17.1711,16.5142,15.9519,15.5554,15.4185,15.5544,15.8074,16.0316,16.1551,16.1605,16.0811,15.9496,15.7885,15.651,15.5632,15.6185,15.8943,16.2544,16.4973,16.501,16.3104,16.055,15.8138,15.651,15.6184,15.6928,15.7955,15.8753,15.9142,15.9114,15.8166,15.6981,15.7325,15.991,16.0388,15.8435,15.6906,15.7245,15.7867,15.7847,15.7308,15.6808,15.7073,15.7898,15.784,15.7011,15.6547,15.6688,15.6855,15.6751,15.6464,15.6267,15.6369,15.6548,15.6419,15.6114,15.5972,15.5999,15.6009,15.5914,15.5769,15.5684,15.5694,15.5695,15.5602,15.5481,15.5417,15.5399,15.5365,15.5297,15.5157,15.4966,15.4806,15.4639,15.4485,15.4346,15.4204,15.4077,15.395,15.3826,15.3714,15.3614,15.3508,15.3414,15.3328,15.324,15.3161,15.3086,15.3004,15.2922,15.2844,15.2775,15.2708,15.2645,15.2586,15.2532,15.2482,15.2434,15.239,15.2349,15.231,15.2275,15.2239,15.2206,15.2176,15.2147,15.2119,15.209,15.2063,15.2036,15.2012
0.981883,17.8428,15.2339,13.4922,12.5906,12.322,12.3739,12.7154,13.3763,14.5005,15.8168,16.0876,16.0573,15.8557,15.5511,15.2117,14.9583,15.131,15.8629,16.8009,17.843,17.8514,17.1713,16.5144,15.9522,15.5556,15.4188,15.5548,15.8079,16.0321,16.1555,16.1609,16.0815,15.95,15.7889,15.6514,15.5637,15.6191,15.8949,16.255,16.4979,16.5015,16.3109,16.0555,15.8143,15.6514,15.619,15.6934,15.7961,15.8759,15.9148,15.9119,15.8172,15.6987,15.7332,15.9917,16.0394,15.8441,15.6912,15.7252,15.7874,15.7854,15.7315,15.6815,15.7081,15.7907,15.7848,15.7018,15.6554,15.6696,15.6863,15.6759,15.6472,15.6275,15.6377,15.6557,15.6427,15.6123,15.598,15.6008,15.6017,15.5922,15.5778,15.5693,15.5702,15.5703,15.5611,15.5489,15.5426,15.5407,15.5374,15.5306,15.5166,15.4976,15.4816,15.4649,15.4495,15.4356,15.4214,15.4087,15.396,15.3836,15.3724,15.3624,15.3518,15.3424,15.3339,15.3251,15.3172,15.3097,15.3015,15.2933,15.2855,15.2786,15.2718,15.2656,15.2597,15.2543,15.2493,15.2445,15.2401,15.2361,15.2322,15.2286,15.225,15.2217,15.2187,15.2158,15.2131,15.2102,15.2074,15.2048,15.2023
0.982726,17.8428,15.2339,13.4923,12.5907,12.3221,12.374,12.7156,13.3765,14.5007,15.817,16.0878,16.0575,15.8559,15.5513,15.2119,14.9585,15.1313,15.8633,16.8013,17.8433,17.8516,17.1715,16.5146,15.9524,15.5559,15.4191,15.5552,15.8083,16.0325,16.1559,16.1613,16.0819,15.9503,15.7892,15.6518,15.5641,15.6196,15.8955,16.2556,16.4984,16.502,16.3113,16.0559,15.8147,15.6519,15.6195,15.694,15.7967,15.8765,15.9154,15.9125,15.8177,15.6992,15.7338,15.9924,16.0401,15.8447,15.6918,15.7259,15.7881,15.7861,15.7322,15.6822,15.7088,15.7914,15.7855,15.7025,15.6562,15.6704,15.6871,15.6767,15.6479,15.6283,15.6385,15.6565,15.6435,15.613,15.5988,15.6016,15.6026,15.5931,15.5786,15.5701,15.5711,15.5712,15.5619,15.5498,15.5435,15.5416,15.5383,15.5314,15.5175,15.4985,15.4825,15.4658,15.4504,15.4365,15.4223,15.4096,15.3969,15.3845,15.3734,15.3634,15.3528,15.3434,15.3348,15.3261,15.3182,15.3107,15.3025,15.2943,15.2865,15.2796,15.2729,15.2666,15.2608,15.2554,15.2504,15.2456,15.2412,15.2371,15.2332,15.2297,15.2261,15.2228,15.2198,15.2169,15.2141,15.2113,15.2085,15.2059,15.2034
0.98353,17.8429,15.234,13.4923,12.5908,12.3222,12.3742,12.7157,13.3767,14.501,15.8172,16.0879,16.0576,15.856,15.5514,15.212,14.9587,15.1316,15.8637,16.8016,17.8436,17.8518,17.1717,16.5148,15.9526,15.5561,15.4194,15.5556,15.8087,16.0329,16.1563,16.1616,16.0823,15.9507,15.7896,15.6522,15.5645,15.62,15.8961,16.2561,16.4989,16.5024,16.3117,16.0563,15.8151,15.6523,15.62,15.6945,15.7972,15.877,15.9159,15.913,15.8182,15.6998,15.7344,15.9931,16.0407,15.8453,15.6924,15.7265,15.7887,15.7867,15.7328,15.6829,15.7095,15.7922,15.7862,15.7032,15.6568,15.6711,15.6878,15.6774,15.6487,15.629,15.6393,15.6573,15.6443,15.6138,15.5996,15.6024,15.6033,15.5938,15.5794,15.5709,15.5719,15.572,15.5627,15.5506,15.5443,15.5424,15.5391,15.5322,15.5183,15.4993,15.4833,15.4666,15.4513,15.4374,15.4232,15.4105,15.3978,15.3854,15.3743,15.3643,15.3538,15.3443,15.3358,15.327,15.3192,15.3117,15.3035,15.2953,15.2875,15.2806,15.2739,15.2676,15.2618,15.2564,15.2514,15.2466,15.2422,15.2381,15.2342,15.2307,15.2271,15.2238,15.2208,15.2179,15.2152,15.2123,15.2095,15.2069,15.2044
0.984297,17.8429,15.234,13.4923,12.5908,12.3223,12.3743,12.7159,13.3769,14.5012,15.8174,16.0881,16.0578,15.8562,15.5516,15.2122,14.9588,15.1319,15.864,16.802,17.8438,17.852,17.1719,16.515,15.9527,15.5563,15.4197,15.5559,15.8091,16.0332,16.1566,16.162,16.0826,15.951,15.7899,15.6525,15.5649,15.6205,15.8966,16.2566,16.4994,16.5029,16.3121,16.0567,15.8155,15.6527,15.6205,15.6951,15.7978,15.8775,15.9164,15.9135,15.8187,15.7003,15.735,15.9937,16.0412,15.8458,15.693,15.7271,15.7894,15.7874,15.7334,15.6835,15.7102,15.7929,15.7869,15.7039,15.6575,15.6718,15.6885,15.6781,15.6493,15.6297,15.64,15.658,15.645,15.6145,15.6003,15.6031,15.6041,15.5946,15.5801,15.5716,15.5726,15.5728,15.5635,15.5513,15.545,15.5432,15.5399,15.533,15.5191,15.5001,15.4841,15.4675,15.4521,15.4382,15.4241,15.4114,15.3987,15.3863,15.3752,15.3652,15.3547,15.3452,15.3367,15.3279,15.3201,15.3126,15.3044,15.2962,15.2884,15.2815,15.2748,15.2686,15.2627,15.2573,15.2523,15.2476,15.2432,15.2391,15.2352,15.2316,15.2281,15.2248,15.2218,15.2189,15.2161,15.2133,15.2105,15.2079,15.2054
0.985029,17.8429,15.234,13.4924,12.5909,12.3224,12.3744,12.716,13.3771,14.5015,15.8176,16.0883,16.0579,15.8563,15.5517,15.2123,14.959,15.1321,15.8643,16.8023,17.8441,17.8522,17.1721,16.5151,15.9529,15.5566,15.42,15.5562,15.8095,16.0336,16.157,16.1623,16.0829,15.9514,15.7903,15.6529,15.5653,15.6209,15.8971,16.2571,16.4999,16.5033,16.3125,16.057,15.8159,15.6531,15.6209,15.6955,15.7983,15.878,15.9169,15.914,15.8192,15.7007,15.7356,15.9944,16.0418,15.8463,15.6935,15.7277,15.7899,15.7879,15.734,15.6841,15.7108,15.7936,15.7876,15.7045,15.6581,15.6724,15.6892,15.6787,15.65,15.6303,15.6407,15.6587,15.6457,15.6152,15.601,15.6038,15.6048,15.5953,15.5808,15.5723,15.5733,15.5735,15.5642,15.552,15.5458,15.5439,15.5406,15.5338,15.5198,15.5008,15.4849,15.4682,15.4529,15.439,15.4249,15.4122,15.3995,15.3872,15.376,15.366,15.3555,15.3461,15.3376,15.3288,15.3209,15.3135,15.3053,15.2971,15.2893,15.2824,15.2757,15.2695,15.2636,15.2583,15.2533,15.2485,15.2441,15.24,15.2361,15.2326,15.229,15.2257,15.2227,15.2198,15.2171,15.2142,15.2115,15.2088,15.2064
0.985728,17.843,15.234,13.4924,12.591,12.3225,12.3745,12.7162,13.3773,14.5017,15.8178,16.0884,16.0581,15.8565,15.5519,15.2125,14.9592,15.1324,15.8646,16.8026,17.8444,17.8524,17.1722,16.5153,15.9531,15.5567,15.4203,15.5566,15.8098,16.0339,16.1573,16.1626,16.0832,15.9517,15.7906,15.6532,15.5656,15.6214,15.8976,16.2576,16.5003,16.5036,16.3128,16.0574,15.8162,15.6535,15.6214,15.696,15.7988,15.8785,15.9174,15.9145,15.8196,15.7012,15.7361,15.9949,16.0423,15.8468,15.694,15.7283,15.7905,15.7885,15.7345,15.6846,15.7114,15.7942,15.7882,15.705,15.6587,15.6731,15.6898,15.6793,15.6506,15.631,15.6413,15.6594,15.6464,15.6158,15.6017,15.6045,15.6055,15.5959,15.5815,15.573,15.574,15.5742,15.5649,15.5527,15.5464,15.5446,15.5413,15.5345,15.5206,15.5016,15.4856,15.469,15.4537,15.4398,15.4256,15.4129,15.4003,15.3879,15.3768,15.3668,15.3563,15.3469,15.3384,15.3296,15.3218,15.3143,15.3061,15.298,15.2902,15.2833,15.2766,15.2703,15.2645,15.2591,15.2541,15.2494,15.245,15.2409,15.237,15.2334,15.2299,15.2266,15.2236,15.2207,15.218,15.2151,15.2124,15.2097,15.2073
0.986392,17.843,15.2341,13.4925,12.591,12.3226,12.3746,12.7163,13.3774,14.5019,15.818,16.0886,16.0582,15.8566,15.552,15.2126,14.9593,15.1326,15.8649,16.8029,17.8446,17.8525,17.1724,16.5154,15.9533,15.5569,15.4205,15.5569,15.8101,16.0343,16.1576,16.1629,16.0835,15.952,15.7909,15.6535,15.5659,15.6218,15.8981,16.2581,16.5007,16.504,16.3132,16.0577,15.8166,15.6539,15.6218,15.6965,15.7992,15.879,15.9178,15.9149,15.8201,15.7016,15.7366,15.9955,16.0428,15.8473,15.6945,15.7288,15.791,15.789,15.735,15.6851,15.712,15.7948,15.7887,15.7056,15.6593,15.6737,15.6904,15.6799,15.6512,15.6316,15.642,15.66,15.647,15.6164,15.6023,15.6051,15.6061,15.5966,15.5821,15.5736,15.5747,15.5748,15.5655,15.5534,15.5471,15.5453,15.542,15.5351,15.5212,15.5022,15.4863,15.4697,15.4544,15.4405,15.4264,15.4137,15.401,15.3887,15.3776,15.3676,15.3571,15.3477,15.3392,15.3304,15.3226,15.3151,15.3069,15.2988,15.291,15.2841,15.2774,15.2711,15.2653,15.2599,15.2549,15.2502,15.2458,15.2417,15.2378,15.2343,15.2307,15.2275,15.2245,15.2216,15.2188,15.216,15.2132,15.2106,15.2081
0.987028,17.843,15.2341,13.4925,12.5911,12.3227,12.3747,12.7164,13.3776,14.5021,15.8182,16.0887,16.0584,15.8567,15.5521,15.2127,14.9595,15.1329,15.8652,16.8031,17.8448,17.8527,17.1725,16.5156,15.9534,15.5571,15.4208,15.5572,15.8105,16.0346,16.1579,16.1632,16.0838,15.9523,15.7912,15.6538,15.5663,15.6221,15.8985,16.2585,16.5011,16.5044,16.3135,16.058,15.8169,15.6542,15.6222,15.6969,15.7997,15.8794,15.9183,15.9153,15.8205,15.7021,15.7371,15.996,16.0433,15.8477,15.6949,15.7293,15.7916,15.7895,15.7355,15.6856,15.7126,15.7954,15.7893,15.7061,15.6598,15.6742,15.691,15.6805,15.6517,15.6321,15.6425,15.6606,15.6476,15.617,15.6029,15.6057,15.6067,15.5972,15.5827,15.5743,15.5753,15.5755,15.5662,15.554,15.5477,15.5459,15.5426,15.5358,15.5219,15.5029,15.487,15.4704,15.4551,15.4412,15.4271,15.4144,15.4018,15.3894,15.3783,15.3683,15.3578,15.3484,15.3399,15.3312,15.3233,15.3159,15.3077,15.2995,15.2917,15.2849,15.2782,15.2719,15.2661,15.2607,15.2557,15.251,15.2466,15.2425,15.2386,15.2351,15.2315,15.2283,15.2253,15.2224,15.2196,15.2168,15.214,15.2114,15.2089
0.987633,17.8431,15.2341,13.4925,12.5912,12.3228,12.3748,12.7165,13.3777,14.5023,15.8183,16.0889,16.0585,15.8568,15.5522,15.2128,14.9596,15.1331,15.8654,16.8034,17.8451,17.8528,17.1726,16.5157,15.9536,15.5573,15.421,15.5575,15.8108,16.0349,16.1582,16.1635,16.0841,15.9525,15.7914,15.6541,15.5666,15.6225,15.899,16.2589,16.5015,16.5047,16.3138,16.0583,15.8172,15.6546,15.6225,15.6973,15.8001,15.8798,15.9186,15.9157,15.8208,15.7025,15.7376,15.9965,16.0437,15.8481,15.6954,15.7298,15.792,15.79,15.736,15.6861,15.7131,15.7959,15.7898,15.7066,15.6603,15.6748,15.6915,15.681,15.6523,15.6327,15.6431,15.6612,15.6481,15.6176,15.6034,15.6063,15.6073,15.5978,15.5833,15.5748,15.5759,15.5761,15.5668,15.5546,15.5483,15.5465,15.5433,15.5364,15.5225,15.5035,15.4876,15.471,15.4557,15.4418,15.4277,15.4151,15.4024,15.3901,15.379,15.369,15.3585,15.3491,15.3406,15.3319,15.324,15.3166,15.3084,15.3003,15.2925,15.2856,15.2789,15.2727,15.2669,15.2615,15.2565,15.2517,15.2473,15.2433,15.2394,15.2358,15.2323,15.229,15.226,15.2231,15.2204,15.2175,15.2148,15.2122,15.2097
0.988209,17.8431,15.2341,13.4926,12.5912,12.3228,12.3749,12.7166,13.3779,14.5024,15.8185,16.089,16.0586,15.8569,15.5523,15.2129,14.9597,15.1333,15.8657,16.8036,17.8453,17.853,17.1728,16.5158,15.9537,15.5575,15.4212,15.5577,15.811,16.0351,16.1585,16.1637,16.0843,15.9528,15.7917,15.6543,15.5668,15.6228,15.8994,16.2593,16.5018,16.505,16.3141,16.0586,15.8175,15.6549,15.6229,15.6977,15.8005,15.8802,15.919,15.9161,15.8212,15.7028,15.738,15.997,16.0442,15.8485,15.6958,15.7303,15.7925,15.7904,15.7364,15.6866,15.7136,15.7965,15.7903,15.7071,15.6608,15.6753,15.692,15.6815,15.6528,15.6332,15.6437,15.6618,15.6487,15.6181,15.604,15.6068,15.6078,15.5983,15.5838,15.5754,15.5765,15.5766,15.5673,15.5552,15.5489,15.5471,15.5438,15.537,15.5231,15.5041,15.4882,15.4716,15.4563,15.4425,15.4284,15.4157,15.4031,15.3907,15.3797,15.3697,15.3592,15.3498,15.3413,15.3326,15.3247,15.3173,15.3091,15.301,15.2932,15.2863,15.2796,15.2734,15.2676,15.2622,15.2572,15.2524,15.2481,15.244,15.2401,15.2366,15.233,15.2298,15.2268,15.2239,15.2211,15.2183,15.2155,15.2129,15.2104
0.988761,17.8431,15.2342,13.4926,12.5913,12.3229,12.375,12.7167,13.378,14.5026,15.8186,16.0891,16.0587,15.8571,15.5524,15.213,14.9599,15.1335,15.8659,16.8039,17.8455,17.8531,17.1729,16.516,15.9538,15.5576,15.4214,15.558,15.8113,16.0354,16.1587,16.164,16.0846,15.953,15.7919,15.6546,15.5671,15.6232,15.8997,16.2597,16.5022,16.5053,16.3144,16.0589,15.8177,15.6552,15.6232,15.6981,15.8009,15.8806,15.9194,15.9164,15.8216,15.7032,15.7384,15.9975,16.0446,15.8489,15.6962,15.7307,15.793,15.7909,15.7369,15.687,15.7141,15.797,15.7908,15.7076,15.6613,15.6758,15.6925,15.682,15.6533,15.6337,15.6442,15.6623,15.6492,15.6186,15.6045,15.6074,15.6084,15.5988,15.5844,15.5759,15.577,15.5772,15.5679,15.5557,15.5495,15.5477,15.5444,15.5375,15.5237,15.5047,15.4888,15.4722,15.4569,15.4431,15.429,15.4163,15.4037,15.3914,15.3803,15.3703,15.3598,15.3505,15.3419,15.3332,15.3254,15.3179,15.3098,15.3016,15.2938,15.287,15.2803,15.2741,15.2682,15.2629,15.2579,15.2531,15.2487,15.2447,15.2408,15.2373,15.2337,15.2305,15.2275,15.2246,15.2218,15.219,15.2162,15.2136,15.2111
0.989286,17.8431,15.2342,13.4926,12.5913,12.323,12.3751,12.7168,13.3781,14.5028,15.8188,16.0892,16.0588,15.8572,15.5525,15.2131,14.96,15.1337,15.8661,16.8041,17.8457,17.8533,17.173,16.5161,15.9539,15.5578,15.4216,15.5582,15.8116,16.0357,16.159,16.1642,16.0848,15.9532,15.7922,15.6548,15.5674,15.6235,15.9001,16.2601,16.5025,16.5056,16.3146,16.0591,15.818,15.6554,15.6235,15.6984,15.8012,15.8809,15.9197,15.9168,15.8219,15.7035,15.7388,15.9979,16.045,15.8493,15.6966,15.7311,15.7934,15.7913,15.7373,15.6874,15.7145,15.7974,15.7913,15.708,15.6617,15.6762,15.693,15.6825,15.6537,15.6342,15.6447,15.6628,15.6497,15.6191,15.605,15.6079,15.6089,15.5994,15.5849,15.5764,15.5775,15.5777,15.5684,15.5562,15.55,15.5482,15.5449,15.538,15.5242,15.5052,15.4893,15.4728,15.4575,15.4436,15.4296,15.4169,15.4043,15.392,15.3809,15.3709,15.3604,15.3511,15.3425,15.3338,15.326,15.3186,15.3104,15.3023,15.2945,15.2876,15.2809,15.2747,15.2689,15.2635,15.2585,15.2538,15.2494,15.2453,15.2415,15.2379,15.2344,15.2311,15.2281,15.2252,15.2225,15.2196,15.2169,15.2143,15.2118
0.989785,17.8431,15.2342,13.4926,12.5914,12.323,12.3752,12.7169,13.3782,14.5029,15.8189,16.0893,16.0589,15.8573,15.5526,15.2132,14.9601,15.1339,15.8663,16.8043,17.8458,17.8534,17.1731,16.5162,15.9541,15.5579,15.4218,15.5585,15.8118,16.0359,16.1592,16.1644,16.085,15.9535,15.7924,15.655,15.5676,15.6238,15.9005,16.2604,16.5028,16.5059,16.3149,16.0594,15.8183,15.6557,15.6239,15.6988,15.8016,15.8813,15.9201,15.9171,15.8222,15.7039,15.7392,15.9983,16.0453,15.8496,15.6969,15.7315,15.7938,15.7917,15.7377,15.6878,15.7149,15.7979,15.7917,15.7084,15.6622,15.6767,15.6934,15.6829,15.6542,15.6346,15.6451,15.6633,15.6502,15.6196,15.6054,15.6083,15.6093,15.5998,15.5853,15.5769,15.578,15.5782,15.5689,15.5567,15.5505,15.5487,15.5454,15.5385,15.5247,15.5057,15.4899,15.4733,15.458,15.4442,15.4301,15.4175,15.4048,15.3925,15.3815,15.3715,15.361,15.3516,15.3431,15.3344,15.3266,15.3191,15.311,15.3029,15.2951,15.2882,15.2815,15.2753,15.2695,15.2641,15.2592,15.2544,15.25,15.246,15.2421,15.2385,15.235,15.2318,15.2288,15.2259,15.2231,15.2203,15.2175,15.2149,15.2125
0.990263,17.8432,15.2342,13.4927,12.5914,12.3231,12.3752,12.717,13.3784,14.5031,15.819,16.0894,16.059,15.8573,15.5527,15.2133,14.9602,15.134,15.8665,16.8045,17.846,17.8535,17.1732,16.5163,15.9542,15.558,15.422,15.5587,15.8121,16.0361,16.1594,16.1646,16.0852,15.9537,15.7926,15.6552,15.5679,15.6241,15.9008,16.2607,16.5031,16.5061,16.3151,16.0596,15.8185,15.656,15.6241,15.6991,15.8019,15.8816,15.9204,15.9174,15.8225,15.7042,15.7396,15.9987,16.0457,15.8499,15.6973,15.7319,15.7942,15.7921,15.738,15.6882,15.7154,15.7983,15.7921,15.7088,15.6626,15.6771,15.6939,15.6834,15.6546,15.635,15.6456,15.6637,15.6506,15.62,15.6059,15.6088,15.6098,15.6003,15.5858,15.5774,15.5785,15.5787,15.5694,15.5572,15.551,15.5492,15.5459,15.539,15.5252,15.5062,15.4904,15.4738,15.4585,15.4447,15.4306,15.418,15.4054,15.3931,15.382,15.372,15.3616,15.3522,15.3437,15.335,15.3271,15.3197,15.3116,15.3034,15.2957,15.2888,15.2821,15.2759,15.2701,15.2647,15.2597,15.255,15.2506,15.2466,15.2427,15.2391,15.2356,15.2324,15.2294,15.2265,15.2237,15.2209,15.2181,15.2155,15.2131
0.990718,17.8432,15.2342,13.4927,12.5914,12.3232,12.3753,12.7171,13.3785,14.5032,15.8191,16.0895,16.0591,15.8574,15.5528,15.2134,14.9603,15.1342,15.8667,16.8047,17.8462,17.8536,17.1733,16.5164,15.9543,15.5582,15.4221,15.5589,15.8123,16.0364,16.1596,16.1648,16.0854,15.9539,15.7928,15.6555,15.5681,15.6243,15.9011,16.2611,16.5034,16.5064,16.3154,16.0598,15.8187,15.6562,15.6244,15.6994,15.8022,15.8819,15.9207,15.9177,15.8228,15.7045,15.7399,15.9991,16.046,15.8503,15.6976,15.7323,15.7945,15.7924,15.7384,15.6886,15.7158,15.7988,15.7925,15.7092,15.663,15.6775,15.6943,15.6838,15.655,15.6354,15.646,15.6641,15.651,15.6204,15.6063,15.6092,15.6102,15.6007,15.5862,15.5778,15.5789,15.5791,15.5698,15.5576,15.5514,15.5496,15.5464,15.5395,15.5256,15.5067,15.4908,15.4743,15.459,15.4452,15.4311,15.4185,15.4059,15.3936,15.3825,15.3725,15.3621,15.3527,15.3442,15.3355,15.3277,15.3203,15.3121,15.304,15.2962,15.2893,15.2827,15.2765,15.2706,15.2653,15.2603,15.2556,15.2512,15.2471,15.2433,15.2397,15.2362,15.2329,15.2299,15.2271,15.2243,15.2215,15.2187,15.2161,15.2136
0.991151,17.8432,15.2342,13.4927,12.5915,12.3232,12.3754,12.7172,13.3786,14.5034,15.8193,16.0896,16.0592,15.8575,15.5529,15.2135,14.9604,15.1344,15.8669,16.8049,17.8463,17.8537,17.1734,16.5165,15.9544,15.5583,15.4223,15.5591,15.8125,16.0366,16.1598,16.165,16.0856,15.9541,15.793,15.6557,15.5683,15.6246,15.9014,16.2613,16.5037,16.5066,16.3156,16.06,15.8189,15.6565,15.6247,15.6997,15.8025,15.8822,15.921,15.918,15.8231,15.7047,15.7402,15.9995,16.0463,15.8506,15.6979,15.7326,15.7949,15.7927,15.7387,15.6889,15.7161,15.7991,15.7929,15.7095,15.6633,15.6779,15.6946,15.6841,15.6554,15.6358,15.6464,15.6646,15.6514,15.6208,15.6067,15.6096,15.6107,15.6011,15.5866,15.5782,15.5794,15.5795,15.5702,15.5581,15.5518,15.5501,15.5468,15.5399,15.5261,15.5072,15.4913,15.4747,15.4595,15.4457,15.4316,15.419,15.4064,15.3941,15.383,15.373,15.3626,15.3532,15.3447,15.336,15.3282,15.3208,15.3126,15.3045,15.2967,15.2899,15.2832,15.277,15.2712,15.2658,15.2608,15.2561,15.2517,15.2477,15.2438,15.2403,15.2367,15.2335,15.2305,15.2276,15.2249,15.222,15.2193,15.2167,15.2142
0.991566,17.8432,15.2343,13.4927,12.5915,12.3233,12.3754,12.7173,13.3787,14.5035,15.8194,16.0897,16.0593,15.8576,15.553,15.2136,14.9605,15.1345,15.8671,16.8051,17.8465,17.8538,17.1735,16.5166,15.9545,15.5584,15.4225,15.5593,15.8127,16.0368,16.16,16.1652,16.0858,15.9542,15.7932,15.6559,15.5685,15.6248,15.9017,16.2616,16.5039,16.5068,16.3158,16.0602,15.8192,15.6567,15.6249,15.6999,15.8028,15.8825,15.9213,15.9183,15.8234,15.705,15.7406,15.9998,16.0467,15.8508,15.6982,15.7329,15.7952,15.7931,15.739,15.6892,15.7165,15.7995,15.7932,15.7099,15.6637,15.6782,15.695,15.6845,15.6557,15.6362,15.6468,15.6649,15.6518,15.6212,15.6071,15.61,15.611,15.6015,15.587,15.5786,15.5798,15.58,15.5706,15.5585,15.5522,15.5505,15.5472,15.5403,15.5265,15.5076,15.4917,15.4752,15.4599,15.4461,15.432,15.4194,15.4068,15.3945,15.3835,15.3735,15.3631,15.3537,15.3452,15.3365,15.3287,15.3213,15.3131,15.305,15.2972,15.2904,15.2837,15.2775,15.2717,15.2663,15.2614,15.2566,15.2522,15.2482,15.2443,15.2408,15.2373,15.234,15.231,15.2281,15.2254,15.2225,15.2198,15.2172,15.2147
0.991959,17.8432,15.2343,13.4928,12.5916,12.3233,12.3755,12.7174,13.3788,14.5036,15.8195,16.0898,16.0594,15.8577,15.553,15.2136,14.9606,15.1347,15.8673,16.8052,17.8466,17.8539,17.1736,16.5167,15.9546,15.5585,15.4226,15.5595,15.8129,16.037,16.1602,16.1654,16.086,15.9544,15.7933,15.656,15.5687,15.6251,15.902,16.2619,16.5042,16.5071,16.316,16.0604,15.8193,15.6569,15.6252,15.7002,15.803,15.8827,15.9215,15.9185,15.8236,15.7053,15.7409,16.0001,16.0469,15.8511,15.6985,15.7332,15.7955,15.7934,15.7393,15.6896,15.7168,15.7999,15.7936,15.7102,15.664,15.6786,15.6954,15.6849,15.6561,15.6365,15.6471,15.6653,15.6522,15.6215,15.6075,15.6104,15.6114,15.6019,15.5874,15.579,15.5802,15.5803,15.571,15.5589,15.5526,15.5509,15.5476,15.5407,15.5269,15.508,15.4921,15.4756,15.4603,15.4465,15.4325,15.4198,15.4073,15.395,15.3839,15.374,15.3635,15.3542,15.3457,15.337,15.3292,15.3217,15.3136,15.3055,15.2977,15.2908,15.2842,15.278,15.2722,15.2668,15.2618,15.2571,15.2527,15.2487,15.2448,15.2413,15.2377,15.2345,15.2315,15.2286,15.2259,15.223,15.2203,15.2177,15.2152
