,0.33452,0.35496,0.3754,0.39584,0.41628,0.43672,0.45716,0.4776,0.49804,0.51848,0.53892,0.55936,0.5798,0.60024,0.62068,0.64112,0.66156,0.69018,0.71879,0.74741,0.77602,0.80464,0.83326,0.86187,0.89049,0.94772,0.97634,1.00495,1.03357,1.06218,1.11942,1.14803,1.20526,1.23388,1.29111,1.31973,1.37696,1.43419,1.46281,1.52004,1.57727,1.6345,1.69174,1.74897,1.8062,1.86343,1.94928,2.00651,2.09236,2.14959,2.23544,2.32129,2.37852,2.46437,2.55022,2.66468,2.75053,2.83638,2.95084,3.03669,3.15115,3.26562,3.38008,3.49454,3.60901,3.75209,3.86655,4.00963,4.15271,4.29579,4.43887,4.61057,4.75365,4.92534,5.09704,5.29735,5.46905,5.66936,5.86967,6.06998,6.2703,6.49922,6.72815,6.95708,7.21462,7.47217,7.72971,7.98726,8.27342,8.55958,8.87435,9.18913,9.5039,9.81868,10.1907,10.5341,10.9061,11.2781,11.6787,12.0793,12.5086,12.9378,13.3957,13.8821,14.3686,14.8551,15.3988,15.9139,16.4862,17.0585,17.6595,18.289,18.9186,19.5767,20.2635,20.9789,21.7229,22.467,23.2682,24.0694,24.9279
1e-08,7.62323,9.96495,9.53113,7.64646,4.70748,1.07945,0.279091,0.0905998,0.0344445,0.01442,0.00682763,0.00361911,0.0021217,0.00135314,0.000927486,0.000673083,0.000509807,0.000367872,0.000281538,0.000230464,0.000191527,0.000163861,0.000143499,0.000128064,0.000116068,9.72545e-05,9.10585e-05,8.58857e-05,8.15435e-05,7.7824e-05,7.08116e-05,6.83944e-05,6.35278e-05,6.18537e-05,5.82548e-05,5.70255e-05,5.4229e-05,5.18338e-05,5.10327e-05,4.9054e-05,4.73016e-05,4.57248e-05,4.43083e-05,4.3018e-05,4.18283e-05,4.07359e-05,3.90748e-05,3.8173e-05,3.67691e-05,3.60041e-05,3.47987e-05,3.3689e-05,3.30758e-05,3.20979e-05,3.11882e-05,3.00054e-05,2.92292e-05,2.84986e-05,2.75359e-05,2.69008e-05,2.60555e-05,2.52674e-05,2.45325e-05,2.38439e-05,2.3196e-05,2.24133e-05,2.18481e-05,2.11603e-05,2.05182e-05,1.9917e-05,1.93528e-05,1.87048e-05,1.8211e-05,1.7641e-05,1.71079e-05,1.65183e-05,1.60539e-05,1.55375e-05,1.5055e-05,1.46029e-05,1.41787e-05,1.3719e-05,1.32894e-05,1.2887e-05,1.24597e-05,1.2061e-05,1.16879e-05,1.13381e-05,1.09713e-05,1.06283e-05,1.02735e-05,9.94249e-06,9.63274e-06,9.34226e-06,9.01842e-06,8.74047e-06,8.45739e-06,8.19256e-06,7.92472e-06,7.67426e-06,7.42251e-06,7.18709e-06,6.9516e-06,6.71751e-06,6.49896e-06,6.29445e-06,6.08e-06,5.8905e-06,5.69283e-06,5.50822e-06,5.32676e-06,5.149e-06,4.98287e-06,4.82025e-06,4.66147e-06,4.50677e-06,4.35643e-06,4.21589e-06,4.07423e-06,3.94192e-06,3.80922e-06
1.2e-08,8.19277,10.4371,10.0003,8.17532,5.38525,1.42454,0.341558,0.109387,0.0414293,0.017321,0.00819704,0.00434402,0.00254643,0.00162394,0.00111306,0.00080774,0.000611793,0.000441459,0.000337853,0.000276562,0.000229836,0.000196634,0.0001722,0.000153679,0.000139283,0.000116706,0.000109271,0.000103064,9.78525e-05,9.33894e-05,8.49738e-05,8.20734e-05,7.62337e-05,7.42247e-05,6.9906e-05,6.84308e-05,6.5075e-05,6.22008e-05,6.12394e-05,5.8865e-05,5.6762e-05,5.48699e-05,5.31701e-05,5.16218e-05,5.01941e-05,4.88832e-05,4.68899e-05,4.58077e-05,4.4123e-05,4.32051e-05,4.17585e-05,4.04269e-05,3.96911e-05,3.85174e-05,3.74261e-05,3.60065e-05,3.50751e-05,3.41984e-05,3.30432e-05,3.22812e-05,3.12667e-05,3.0321e-05,2.94391e-05,2.86128e-05,2.78353e-05,2.68961e-05,2.62178e-05,2.53924e-05,2.46219e-05,2.39005e-05,2.32233e-05,2.24459e-05,2.18533e-05,2.11692e-05,2.05295e-05,1.98219e-05,1.92648e-05,1.86449e-05,1.80662e-05,1.75235e-05,1.70144e-05,1.64628e-05,1.59474e-05,1.54645e-05,1.49517e-05,1.44732e-05,1.40256e-05,1.36058e-05,1.31656e-05,1.2754e-05,1.23283e-05,1.1931e-05,1.15593e-05,1.12108e-05,1.08222e-05,1.04886e-05,1.01489e-05,9.83107e-06,9.50969e-06,9.20916e-06,8.90704e-06,8.62454e-06,8.34196e-06,8.06101e-06,7.79876e-06,7.55336e-06,7.29601e-06,7.0686e-06,6.83142e-06,6.60988e-06,6.39214e-06,6.17879e-06,5.97944e-06,5.78432e-06,5.59374e-06,5.40815e-06,5.22772e-06,5.05912e-06,4.88911e-06,4.7303e-06,4.57109e-06
1.44e-08,8.74137,10.8931,10.4526,8.68184,6.02635,1.93565,0.420118,0.132246,0.0498545,0.0208099,0.00984204,0.00521443,0.00305626,0.00194895,0.00133578,0.000969346,0.000734184,0.000529768,0.000405434,0.000331882,0.000275808,0.000235965,0.000206643,0.000184416,0.00016714,0.000140048,0.000131126,0.000123676,0.000117423,0.000112068,0.00010197,9.84886e-05,9.14809e-05,8.90702e-05,8.38873e-05,8.21173e-05,7.80905e-05,7.46414e-05,7.34876e-05,7.06385e-05,6.81148e-05,6.58443e-05,6.38042e-05,6.19465e-05,6.0233e-05,5.866e-05,5.6268e-05,5.49695e-05,5.29477e-05,5.18463e-05,5.01104e-05,4.85123e-05,4.76296e-05,4.62213e-05,4.49115e-05,4.32082e-05,4.20902e-05,4.10383e-05,3.96519e-05,3.87374e-05,3.75201e-05,3.63853e-05,3.5327e-05,3.43354e-05,3.34023e-05,3.22754e-05,3.14615e-05,3.0471e-05,2.95463e-05,2.86808e-05,2.78681e-05,2.69351e-05,2.62241e-05,2.54032e-05,2.46355e-05,2.37864e-05,2.31177e-05,2.2374e-05,2.16793e-05,2.10283e-05,2.04174e-05,1.97555e-05,1.91368e-05,1.85574e-05,1.79421e-05,1.7368e-05,1.68308e-05,1.6327e-05,1.57988e-05,1.53049e-05,1.4794e-05,1.43173e-05,1.38713e-05,1.34529e-05,1.29866e-05,1.25864e-05,1.21787e-05,1.17974e-05,1.14117e-05,1.1051e-05,1.06885e-05,1.03495e-05,1.00104e-05,9.67326e-06,9.35858e-06,9.06406e-06,8.75526e-06,8.48239e-06,8.19773e-06,7.93189e-06,7.6706e-06,7.41458e-06,7.1754e-06,6.94122e-06,6.71255e-06,6.48978e-06,6.2733e-06,6.07096e-06,5.86695e-06,5.67637e-06,5.48533e-06
1.728e-08,9.27024,11.334,10.8894,9.1678,6.63352,2.62935,0.520228,0.160144,0.060028,0.0250075,0.0118185,0.00625961,0.00366832,0.00233907,0.00160309,0.0011633,0.000881069,0.000635747,0.000486535,0.000398267,0.000330976,0.000283162,0.000247974,0.000221302,0.00020057,0.000168059,0.000157352,0.000148413,0.00014091,0.000134482,0.000122364,0.000118187,0.000109778,0.000106885,0.000100665,9.85414e-05,9.37085e-05,8.957e-05,8.81858e-05,8.47666e-05,8.1738e-05,7.90135e-05,7.65657e-05,7.4336e-05,7.22799e-05,7.03924e-05,6.75218e-05,6.59636e-05,6.35375e-05,6.22158e-05,6.01326e-05,5.82152e-05,5.71556e-05,5.54658e-05,5.38938e-05,5.18498e-05,5.05086e-05,4.92463e-05,4.75826e-05,4.64851e-05,4.50245e-05,4.36624e-05,4.23927e-05,4.12027e-05,4.00831e-05,3.87307e-05,3.77541e-05,3.65654e-05,3.54558e-05,3.44169e-05,3.3442e-05,3.23222e-05,3.1469e-05,3.04841e-05,2.95628e-05,2.85438e-05,2.77415e-05,2.68491e-05,2.60153e-05,2.52342e-05,2.4501e-05,2.37068e-05,2.29644e-05,2.2269e-05,2.15306e-05,2.08416e-05,2.0197e-05,1.95925e-05,1.89587e-05,1.83658e-05,1.77528e-05,1.71808e-05,1.66456e-05,1.61437e-05,1.5584e-05,1.51037e-05,1.46145e-05,1.41569e-05,1.36941e-05,1.32613e-05,1.28263e-05,1.24195e-05,1.20125e-05,1.1608e-05,1.12303e-05,1.0877e-05,1.05064e-05,1.01789e-05,9.83732e-06,9.51829e-06,9.20472e-06,8.89753e-06,8.61049e-06,8.32946e-06,8.05509e-06,7.78779e-06,7.52798e-06,7.28517e-06,7.04036e-06,6.8117e-06,6.58243e-06
2.0736e-08,9.7806,11.7608,11.3116,9.63477,7.20955,3.3967,0.650148,0.194326,0.0723285,0.0300605,0.0141939,0.00751486,0.00440315,0.00280736,0.00192393,0.00139608,0.00105735,0.000762932,0.000583863,0.000477935,0.00039718,0.000339801,0.000297573,0.000265566,0.000240687,0.000201673,0.000188824,0.000178097,0.000169092,0.000161379,0.000146838,0.000141826,0.000131734,0.000128262,0.0001208,0.000118251,0.000112451,0.000107485,0.000105823,0.00010172,9.80859e-05,9.48166e-05,9.18791e-05,8.92037e-05,8.67364e-05,8.44715e-05,8.10266e-05,7.91568e-05,7.62455e-05,7.46594e-05,7.21597e-05,6.98587e-05,6.85872e-05,6.65591e-05,6.46731e-05,6.22203e-05,6.06108e-05,5.90957e-05,5.70994e-05,5.57823e-05,5.40297e-05,5.23954e-05,5.08714e-05,4.94435e-05,4.81e-05,4.6477e-05,4.53052e-05,4.38786e-05,4.25472e-05,4.13005e-05,4.01304e-05,3.8787e-05,3.77631e-05,3.65811e-05,3.54755e-05,3.42528e-05,3.32899e-05,3.22191e-05,3.12186e-05,3.02811e-05,2.94014e-05,2.84482e-05,2.75574e-05,2.6723e-05,2.58368e-05,2.50101e-05,2.42365e-05,2.35111e-05,2.27505e-05,2.20391e-05,2.13036e-05,2.06171e-05,1.99748e-05,1.93724e-05,1.8701e-05,1.81245e-05,1.75375e-05,1.69884e-05,1.6433e-05,1.59136e-05,1.53916e-05,1.49034e-05,1.44151e-05,1.39297e-05,1.34765e-05,1.30524e-05,1.26077e-05,1.22148e-05,1.18049e-05,1.1422e-05,1.10458e-05,1.06771e-05,1.03326e-05,9.99543e-06,9.66617e-06,9.34542e-06,9.03364e-06,8.74227e-06,8.44849e-06,8.17409e-06,7.89896e-06
2.4883e-08,10.2735,12.1745,11.7203,10.0844,7.75727,4.14758,0.823189,0.236411,0.0872244,0.0361469,0.0170494,0.00902254,0.0052854,0.00336949,0.00230903,0.00167545,0.00126891,0.000915565,0.000700662,0.000573537,0.000476625,0.000407768,0.000357092,0.000318682,0.000288827,0.000242007,0.000226589,0.000213717,0.000202911,0.000193656,0.000176205,0.00017019,0.00015808,0.000153914,0.000144959,0.0001419,0.000134941,0.000128981,0.000126988,0.000122064,0.000117703,0.000113779,0.000110255,0.000107044,0.000104084,0.000101365,9.72319e-05,9.4988e-05,9.14945e-05,8.95912e-05,8.65917e-05,8.38302e-05,8.23043e-05,7.98708e-05,7.76074e-05,7.4664e-05,7.27328e-05,7.09148e-05,6.85192e-05,6.69387e-05,6.48354e-05,6.28742e-05,6.10454e-05,5.93322e-05,5.77199e-05,5.57723e-05,5.43659e-05,5.26542e-05,5.10565e-05,4.95607e-05,4.81566e-05,4.65442e-05,4.53155e-05,4.38972e-05,4.25706e-05,4.11033e-05,3.99478e-05,3.86627e-05,3.74623e-05,3.63372e-05,3.52816e-05,3.41378e-05,3.30687e-05,3.20675e-05,3.10042e-05,3.0012e-05,2.90838e-05,2.82133e-05,2.73005e-05,2.64469e-05,2.55643e-05,2.47405e-05,2.39698e-05,2.32469e-05,2.2441e-05,2.17494e-05,2.1045e-05,2.0386e-05,1.97195e-05,1.90963e-05,1.84699e-05,1.78841e-05,1.72981e-05,1.67156e-05,1.61718e-05,1.56629e-05,1.51293e-05,1.46577e-05,1.41658e-05,1.37064e-05,1.32549e-05,1.28125e-05,1.23991e-05,1.19945e-05,1.15994e-05,1.12145e-05,1.08403e-05,1.04907e-05,1.01382e-05,9.80887e-06,9.47872e-06
2.986e-08,10.7501,12.5758,12.1166,10.5179,8.27952,4.85936,1.06275,0.288563,0.105302,0.0434853,0.0204839,0.0108341,0.00634495,0.00404442,0.00277134,0.00201083,0.00152286,0.00109877,0.00084085,0.000688284,0.000571976,0.00048934,0.000428527,0.00038243,0.000346602,0.000290417,0.000271914,0.000256466,0.000243499,0.000232392,0.000211452,0.000204233,0.000189701,0.000184701,0.000173954,0.000170284,0.000161933,0.000154781,0.000152388,0.00014648,0.000141246,0.000136538,0.000132309,0.000128456,0.000124903,0.000121641,0.000116681,0.000113988,0.000109796,0.000107511,0.000103912,0.000100598,9.87673e-05,9.58473e-05,9.31309e-05,8.95989e-05,8.72811e-05,8.50997e-05,8.22247e-05,8.03282e-05,7.78042e-05,7.54508e-05,7.32562e-05,7.12e-05,6.92652e-05,6.69283e-05,6.52405e-05,6.31865e-05,6.12691e-05,5.94741e-05,5.77891e-05,5.58544e-05,5.43799e-05,5.26778e-05,5.10858e-05,4.9325e-05,4.79384e-05,4.63963e-05,4.49557e-05,4.36056e-05,4.23388e-05,4.09662e-05,3.96834e-05,3.84819e-05,3.72059e-05,3.60152e-05,3.49013e-05,3.38567e-05,3.27613e-05,3.1737e-05,3.06778e-05,2.96892e-05,2.87643e-05,2.78969e-05,2.69299e-05,2.60998e-05,2.52546e-05,2.44638e-05,2.3664e-05,2.29161e-05,2.21643e-05,2.14613e-05,2.07582e-05,2.00591e-05,1.94066e-05,1.87958e-05,1.81555e-05,1.75896e-05,1.69994e-05,1.64481e-05,1.59062e-05,1.53753e-05,1.48793e-05,1.43937e-05,1.39196e-05,1.34577e-05,1.30087e-05,1.25891e-05,1.21661e-05,1.17709e-05,1.13747e-05
3.5832e-08,11.2113,12.9656,12.5009,10.9366,8.7786,5.52997,1.41277,0.35371,0.12729,0.0523396,0.0246158,0.0130109,0.0076174,0.00485474,0.00332629,0.00241335,0.00182763,0.00131863,0.00100908,0.000825982,0.000686399,0.000587228,0.000514245,0.000458927,0.00041593,0.000348506,0.000326301,0.000307764,0.000292203,0.000278874,0.000253744,0.000245082,0.000227643,0.000221644,0.000208747,0.000204342,0.000194321,0.000185739,0.000182868,0.000175778,0.000169498,0.000163848,0.000158772,0.000154148,0.000149885,0.000145971,0.000140018,0.000136787,0.000131756,0.000129015,0.000124696,0.000120719,0.000118522,0.000115018,0.000111758,0.00010752,0.000104738,0.00010212,9.86706e-05,9.6395e-05,9.33658e-05,9.05418e-05,8.79082e-05,8.54407e-05,8.31191e-05,8.03145e-05,7.82895e-05,7.58247e-05,7.35236e-05,7.13695e-05,6.93475e-05,6.70257e-05,6.52565e-05,6.32138e-05,6.13035e-05,5.91907e-05,5.75266e-05,5.56762e-05,5.39473e-05,5.23274e-05,5.0807e-05,4.91599e-05,4.76205e-05,4.61786e-05,4.46475e-05,4.32186e-05,4.1882e-05,4.06284e-05,3.93139e-05,3.80848e-05,3.68136e-05,3.56274e-05,3.45175e-05,3.34765e-05,3.23161e-05,3.13201e-05,3.03057e-05,2.93568e-05,2.83971e-05,2.74995e-05,2.65974e-05,2.57539e-05,2.491e-05,2.40712e-05,2.32881e-05,2.25552e-05,2.17868e-05,2.11077e-05,2.03994e-05,1.97379e-05,1.90876e-05,1.84506e-05,1.78553e-05,1.72726e-05,1.67036e-05,1.61493e-05,1.56106e-05,1.51071e-05,1.45994e-05,1.41252e-05,1.36498e-05
4.2998e-08,11.6581,13.3445,12.874,11.3415,9.25639,6.16189,1.94464,0.435985,0.154116,0.0630357,0.0295896,0.0156273,0.00914579,0.00582769,0.00399249,0.00289651,0.00219343,0.00158249,0.00121098,0.000991229,0.000823712,0.000704694,0.000617109,0.000550722,0.000499124,0.000418211,0.000391565,0.00036932,0.000350646,0.000334651,0.000304494,0.0002941,0.000273173,0.000265973,0.000250498,0.000245211,0.000233186,0.000222887,0.000219442,0.000210934,0.000203397,0.000196617,0.000190526,0.000184978,0.000179862,0.000175165,0.000168022,0.000164144,0.000158108,0.000154818,0.000149635,0.000144863,0.000142227,0.000138022,0.00013411,0.000129024,0.000125686,0.000122545,0.000118405,0.000115674,0.000112039,0.00010865,0.00010549,0.000102529,9.97431e-05,9.63778e-05,9.39475e-05,9.09896e-05,8.82285e-05,8.56437e-05,8.32173e-05,8.04312e-05,7.83079e-05,7.58569e-05,7.35643e-05,7.10289e-05,6.9032e-05,6.68115e-05,6.4737e-05,6.2793e-05,6.09686e-05,5.89921e-05,5.71447e-05,5.54145e-05,5.35771e-05,5.18625e-05,5.02584e-05,4.87542e-05,4.71769e-05,4.57018e-05,4.41765e-05,4.2753e-05,4.14211e-05,4.01719e-05,3.87794e-05,3.75843e-05,3.6367e-05,3.52283e-05,3.40766e-05,3.29995e-05,3.1917e-05,3.09047e-05,2.98921e-05,2.88855e-05,2.79457e-05,2.70663e-05,2.61442e-05,2.53293e-05,2.44794e-05,2.36855e-05,2.29052e-05,2.21408e-05,2.14265e-05,2.07272e-05,2.00444e-05,1.93792e-05,1.87328e-05,1.81285e-05,1.75194e-05,1.69503e-05,1.63798e-05
5.1598e-08,12.0915,13.7132,13.2369,11.7333,9.71495,6.75898,2.67508,0.541466,0.186975,0.0759772,0.0355816,0.0187736,0.0109822,0.00699624,0.00479243,0.00347659,0.00263257,0.00189924,0.00145332,0.00118957,0.000988519,0.000845679,0.000740564,0.000660893,0.00059897,0.000501868,0.000469891,0.000443195,0.000420786,0.000401591,0.000365403,0.000352929,0.000327815,0.000319176,0.000300604,0.00029426,0.00027983,0.00026747,0.000263336,0.000253125,0.000244082,0.000235945,0.000228636,0.000221979,0.000215839,0.000210203,0.000201631,0.000196977,0.000189733,0.000185786,0.000179566,0.000173839,0.000170675,0.000165629,0.000160935,0.000154832,0.000150827,0.000147057,0.000142089,0.000138812,0.00013445,0.000130383,0.000126591,0.000123038,0.000119694,0.000115656,0.000112739,0.00010919,0.000105877,0.000102775,9.98627e-05,9.65193e-05,9.39715e-05,9.10302e-05,8.82791e-05,8.52364e-05,8.28402e-05,8.01755e-05,7.7686e-05,7.53531e-05,7.31639e-05,7.07919e-05,6.85752e-05,6.64989e-05,6.42938e-05,6.22363e-05,6.03115e-05,5.85063e-05,5.66135e-05,5.48435e-05,5.3013e-05,5.13046e-05,4.97064e-05,4.82074e-05,4.65364e-05,4.51021e-05,4.36414e-05,4.22748e-05,4.08927e-05,3.96003e-05,3.83013e-05,3.70864e-05,3.58713e-05,3.46634e-05,3.35356e-05,3.24803e-05,3.13737e-05,3.03958e-05,2.93759e-05,2.84232e-05,2.74868e-05,2.65695e-05,2.57123e-05,2.48731e-05,2.40538e-05,2.32556e-05,2.24798e-05,2.17547e-05,2.10237e-05,2.03408e-05,1.96562e-05
6.1917e-08,12.5121,14.0724,13.59,12.1132,10.1558,7.3243,3.46798,0.679548,0.22741,0.0916596,0.0428044,0.0225583,0.0131889,0.00839968,0.00575289,0.00417295,0.00315966,0.0022794,0.00174416,0.00142759,0.00118629,0.00101486,0.000888709,0.000793095,0.000718782,0.000602253,0.000563879,0.000531841,0.000504949,0.000481914,0.000438487,0.000423518,0.000393381,0.000383014,0.000360728,0.000353115,0.000335798,0.000320966,0.000316005,0.000303752,0.0002929,0.000283136,0.000274365,0.000266376,0.000259008,0.000252245,0.000241958,0.000236374,0.000227681,0.000222944,0.00021548,0.000208609,0.000204812,0.000198756,0.000193123,0.000185799,0.000180993,0.000176469,0.000170508,0.000166575,0.000161341,0.000156461,0.00015191,0.000147646,0.000143634,0.000138788,0.000135288,0.000131029,0.000127053,0.00012333,0.000119836,0.000115824,0.000112767,0.000109237,0.000105936,0.000102284,9.94091e-05,9.62112e-05,9.32238e-05,9.04243e-05,8.77972e-05,8.49509e-05,8.22906e-05,7.97991e-05,7.71531e-05,7.46841e-05,7.23743e-05,7.02081e-05,6.79366e-05,6.58126e-05,6.3616e-05,6.1566e-05,5.9648e-05,5.78493e-05,5.5844e-05,5.41229e-05,5.237e-05,5.07301e-05,4.90716e-05,4.75207e-05,4.59618e-05,4.4504e-05,4.30458e-05,4.15963e-05,4.0243e-05,3.89767e-05,3.76487e-05,3.64753e-05,3.52513e-05,3.41081e-05,3.29845e-05,3.18836e-05,3.0855e-05,2.9848e-05,2.88647e-05,2.79069e-05,2.69759e-05,2.61058e-05,2.52287e-05,2.44092e-05,2.35876e-05
7.4301e-08,12.9209,14.4227,13.9339,12.4818,10.5805,7.86137,4.23149,0.866003,0.277488,0.110708,0.051521,0.0271136,0.0158419,0.0100858,0.00690644,0.00500913,0.00379251,0.00273576,0.00209328,0.00171331,0.00142368,0.00121792,0.00106652,0.000951766,0.00086258,0.000722733,0.00067668,0.000638233,0.00060596,0.000578317,0.000526202,0.000508238,0.000472071,0.00045963,0.000432886,0.00042375,0.000402969,0.00038517,0.000379216,0.000364513,0.00035149,0.000339773,0.000329247,0.00031966,0.000310819,0.000302701,0.000290358,0.000283657,0.000273224,0.00026754,0.000258583,0.000250337,0.000245781,0.000238514,0.000231755,0.000222965,0.000217197,0.000211769,0.000204615,0.000199896,0.000193614,0.000187758,0.000182297,0.00017718,0.000172365,0.00016655,0.00016235,0.000157239,0.000152467,0.000148,0.000143807,0.000138993,0.000135324,0.000131088,0.000127126,0.000122745,0.000119294,0.000115457,0.000111872,0.000108512,0.00010536,0.000101944,9.87516e-05,9.57616e-05,9.25863e-05,8.96234e-05,8.68516e-05,8.42521e-05,8.15262e-05,7.89773e-05,7.63413e-05,7.38813e-05,7.15796e-05,6.94211e-05,6.70147e-05,6.49493e-05,6.28457e-05,6.08778e-05,5.88876e-05,5.70264e-05,5.51557e-05,5.34063e-05,5.16565e-05,4.9917e-05,4.8293e-05,4.67733e-05,4.51797e-05,4.37716e-05,4.23028e-05,4.09309e-05,3.95824e-05,3.82614e-05,3.70271e-05,3.58186e-05,3.46386e-05,3.34893e-05,3.23721e-05,3.13279e-05,3.02752e-05,2.92918e-05,2.83059e-05
8.9161e-08,13.3183,14.7646,14.2693,12.8399,10.9901,8.37297,4.94912,1.1299,0.340001,0.133903,0.0620513,0.032599,0.0190318,0.0121119,0.00829192,0.00601319,0.00455228,0.00328357,0.00251234,0.00205623,0.00170859,0.00146162,0.00127991,0.00114219,0.00103515,0.000867312,0.000812044,0.000765903,0.000727174,0.000694,0.000631458,0.000609901,0.000566499,0.000551569,0.000519474,0.000508512,0.000483573,0.000462214,0.000455069,0.000437425,0.000421797,0.000407736,0.000395105,0.0003836,0.00037299,0.00036325,0.000348436,0.000340395,0.000327876,0.000321055,0.000310306,0.000300411,0.000294943,0.000286222,0.000278111,0.000267564,0.000260642,0.000254128,0.000245543,0.00023988,0.000232342,0.000225314,0.000218761,0.00021262,0.000206843,0.000199864,0.000194824,0.00018869,0.000182965,0.000177604,0.000172572,0.000166795,0.000162392,0.000157309,0.000152555,0.000147297,0.000143156,0.000138551,0.000134249,0.000130217,0.000126434,0.000122335,0.000118504,0.000114916,0.000111106,0.00010755,0.000104224,0.000101105,9.78335e-05,9.47748e-05,9.16115e-05,8.86594e-05,8.58974e-05,8.33071e-05,8.04193e-05,7.79408e-05,7.54165e-05,7.3055e-05,7.06666e-05,6.84332e-05,6.61883e-05,6.4089e-05,6.19891e-05,5.99016e-05,5.79528e-05,5.61292e-05,5.42169e-05,5.2527e-05,5.07644e-05,4.91181e-05,4.75e-05,4.59148e-05,4.44334e-05,4.29833e-05,4.15673e-05,4.0188e-05,3.88473e-05,3.75943e-05,3.6331e-05,3.51509e-05,3.39678e-05
1.0699e-07,13.7051,15.0984,14.5965,13.1881,11.3859,8.8614,5.62167,1.52971,0.418873,0.162238,0.0747889,0.0392089,0.0228688,0.0145466,0.0099561,0.00721883,0.00546442,0.00394115,0.00301529,0.00246776,0.00205048,0.00175407,0.00153596,0.00137067,0.00124221,0.00104079,0.000974468,0.000919094,0.000872617,0.000832806,0.000757753,0.000731883,0.000679799,0.000661884,0.000623369,0.000610213,0.000580287,0.000554656,0.000546082,0.000524909,0.000506155,0.000489283,0.000474125,0.000460318,0.000447587,0.000435898,0.000418122,0.000408473,0.00039345,0.000385265,0.000372366,0.000360491,0.000353931,0.000343466,0.000333732,0.000321076,0.00031277,0.000304952,0.000294651,0.000287855,0.00027881,0.000270376,0.000262512,0.000255144,0.000248211,0.000239836,0.000233789,0.000226428,0.000219557,0.000213125,0.000207086,0.000200153,0.00019487,0.00018877,0.000183065,0.000176756,0.000171787,0.000166261,0.000161098,0.00015626,0.000151721,0.000146802,0.000142205,0.000137899,0.000133327,0.000129061,0.000125068,0.000121325,0.0001174,0.000113729,0.000109934,0.000106392,0.000103077,9.99684e-05,9.65035e-05,9.3529e-05,9.04999e-05,8.76656e-05,8.48e-05,8.21199e-05,7.94259e-05,7.6907e-05,7.43871e-05,7.18819e-05,6.95431e-05,6.73549e-05,6.50604e-05,6.30325e-05,6.09173e-05,5.89419e-05,5.7e-05,5.50975e-05,5.33202e-05,5.15799e-05,4.98809e-05,4.82256e-05,4.66167e-05,4.51132e-05,4.35972e-05,4.21811e-05,4.07612e-05
1.2839e-07,14.082,15.4249,14.9163,13.5271,11.7688,9.32905,6.25373,2.15446,0.519902,0.197011,0.09023,0.0471837,0.0274884,0.0174748,0.0119563,0.00866741,0.00656005,0.00473085,0.00361922,0.0029619,0.00246097,0.00210515,0.00184336,0.00164496,0.00149078,0.00124904,0.00116944,0.00110299,0.00104721,0.000999426,0.00090935,0.000878304,0.000815806,0.000794301,0.000748085,0.000732296,0.000696378,0.000665621,0.000655329,0.000629919,0.000607415,0.000587165,0.000568976,0.000552406,0.00053713,0.000523101,0.000501769,0.000490189,0.000472161,0.000462341,0.00044686,0.000432609,0.000424737,0.00041218,0.000400498,0.000385309,0.000375343,0.000365961,0.000353597,0.000345443,0.000334586,0.000324467,0.000315029,0.000306187,0.000297866,0.000287818,0.00028056,0.000271727,0.000263481,0.000255762,0.000248515,0.000240196,0.000233855,0.000226535,0.000219689,0.000212117,0.000206155,0.000199523,0.000193327,0.000187522,0.000182074,0.000176171,0.000170655,0.000165488,0.00016,0.00015488,0.000150089,0.000145598,0.000140887,0.000136482,0.000131927,0.000127676,0.000123699,0.000119968,0.00011581,0.000112241,0.000108605,0.000105204,0.000101765,9.85482e-05,9.5316e-05,9.22925e-05,8.92685e-05,8.62628e-05,8.34561e-05,8.083e-05,7.80761e-05,7.56423e-05,7.31042e-05,7.07337e-05,6.84033e-05,6.61206e-05,6.39874e-05,6.18991e-05,5.98601e-05,5.78735e-05,5.59428e-05,5.41383e-05,5.23193e-05,5.06198e-05,4.89161e-05
1.5407e-07,14.4497,15.7443,15.2289,13.8575,12.1399,9.77775,6.84936,2.96444,0.65202,0.239904,0.108985,0.0568137,0.0330522,0.0209967,0.0143604,0.0104077,0.00787599,0.00567912,0.00434432,0.0035551,0.00295372,0.00252657,0.00221232,0.00197418,0.00178911,0.00149897,0.00140343,0.00132368,0.00125673,0.00119939,0.00109129,0.00105403,0.000979019,0.000953218,0.000897751,0.000878802,0.000835703,0.000798789,0.000786438,0.000755944,0.000728938,0.000704641,0.00068281,0.000662924,0.000644589,0.000627758,0.000602155,0.00058826,0.000566625,0.000554837,0.000536262,0.000519159,0.00050971,0.000494643,0.000480623,0.000462394,0.000450433,0.000439176,0.000424339,0.000414552,0.000401526,0.000389383,0.000378057,0.000367444,0.000357459,0.000345399,0.000336689,0.000326091,0.000316195,0.000306931,0.000298236,0.000288251,0.000280641,0.000271858,0.000263641,0.000254555,0.000247399,0.00023944,0.000232006,0.000225039,0.0002185,0.000211417,0.000204796,0.000198596,0.000192011,0.000185866,0.000180117,0.000174727,0.000169073,0.000163788,0.000158321,0.000153219,0.000148446,0.00014397,0.000138979,0.000134695,0.000130333,0.000126252,0.000122125,0.000118264,0.000114385,0.000110757,0.000107129,0.000103521,0.000100153,9.70013e-05,9.36966e-05,9.07761e-05,8.77297e-05,8.4885e-05,8.20886e-05,7.93487e-05,7.67887e-05,7.42829e-05,7.18358e-05,6.9452e-05,6.71351e-05,6.49696e-05,6.27865e-05,6.07472e-05,5.87027e-05
1.8488e-07,14.8085,16.0568,15.5347,14.1797,12.4998,10.2091,7.41247,3.78473,0.830237,0.293167,0.13182,0.0684553,0.0397571,0.0252342,0.0172504,0.0124987,0.00945651,0.00681772,0.00521478,0.00426715,0.00354511,0.00303232,0.00265508,0.00236923,0.00214711,0.00179888,0.00168421,0.00158849,0.00150815,0.00143933,0.0013096,0.00126488,0.00117486,0.00114389,0.00107733,0.00105459,0.00100287,0.000958568,0.000943753,0.000907157,0.000874748,0.000845586,0.000819393,0.000795531,0.000773525,0.000753325,0.000722606,0.000705931,0.000679968,0.000665822,0.000643527,0.000623007,0.000611669,0.000593583,0.000576764,0.000554889,0.000540536,0.000527025,0.00050922,0.000497477,0.000481844,0.000467271,0.000453678,0.000440946,0.000428963,0.000414489,0.000404038,0.000391318,0.000379444,0.000368327,0.000357892,0.00034591,0.000336778,0.000326237,0.000316378,0.000305474,0.000296887,0.000287336,0.000278414,0.000270053,0.000262208,0.000253708,0.000245762,0.000238321,0.00023042,0.000223045,0.000216147,0.000209678,0.000202894,0.000196551,0.00018999,0.000183868,0.00017814,0.000172768,0.000166779,0.00016164,0.000156405,0.000151506,0.000146554,0.000141921,0.000137266,0.000132913,0.000128558,0.000124229,0.000120187,0.000116405,0.000112439,0.000108934,0.000105279,0.000101865,9.85087e-05,9.52216e-05,9.21493e-05,8.9142e-05,8.62052e-05,8.33448e-05,8.05647e-05,7.79657e-05,7.5346e-05,7.28987e-05,7.04451e-05
2.2186e-07,15.1592,16.363,15.8342,14.4945,12.8494,10.6247,7.94697,4.55558,1.08292,0.359938,0.159729,0.0825575,0.0478476,0.0303378,0.0207272,0.0150127,0.011356,0.00818561,0.00626033,0.00512226,0.00425527,0.00363958,0.00318669,0.00284354,0.0025769,0.0021589,0.00202127,0.00190638,0.00180995,0.00172736,0.00157165,0.00151799,0.00140995,0.00137278,0.0012929,0.00126561,0.00120354,0.00115037,0.00113259,0.00108868,0.00104978,0.00101478,0.00098334,0.000954705,0.000928301,0.000904058,0.000867193,0.000847176,0.00081602,0.000799043,0.000772292,0.000747666,0.000734055,0.000712355,0.000692167,0.000665917,0.00064869,0.000632476,0.000611113,0.000597015,0.000578256,0.000560767,0.000544456,0.000529175,0.000514795,0.000497426,0.000484882,0.000469617,0.000455367,0.000442025,0.000429503,0.000415123,0.000404165,0.000391515,0.000379682,0.000366597,0.000356291,0.00034483,0.000334122,0.000324089,0.000314674,0.000304472,0.000294938,0.000286008,0.000276524,0.000267675,0.000259396,0.000251633,0.000243491,0.000235879,0.000228006,0.000220659,0.000213785,0.000207338,0.000200151,0.000193982,0.000187699,0.000181822,0.000175878,0.000170319,0.000164732,0.000159507,0.000154281,0.000149085,0.000144235,0.000139697,0.000134937,0.000130731,0.000126345,0.000122247,0.00011822,0.000114274,0.000110588,0.000106979,0.000103454,0.000100022,9.66849e-05,9.35663e-05,9.04223e-05,8.74853e-05,8.45407e-05
2.6623e-07,15.5022,16.6632,16.1278,14.8022,13.1895,11.0257,8.45558,5.27357,1.47129,0.444646,0.193972,0.0996685,0.0576177,0.0364864,0.0249107,0.0180354,0.0136386,0.00982872,0.00751591,0.00614899,0.00510781,0.00436852,0.00382476,0.00341279,0.0030927,0.00259096,0.00242577,0.00228787,0.00217213,0.002073,0.00188613,0.00182173,0.00169206,0.00164746,0.00155158,0.00151883,0.00144434,0.00138054,0.00135919,0.00130649,0.00125981,0.00121781,0.00118008,0.00114572,0.00111403,0.00108494,0.00104069,0.00101668,0.000979283,0.000958913,0.000926805,0.00089725,0.000880921,0.000854875,0.000830649,0.000799149,0.000778474,0.000759018,0.000733377,0.000716463,0.00069395,0.000672961,0.000653387,0.000635048,0.000617791,0.000596948,0.000581895,0.000563576,0.000546474,0.000530463,0.000515435,0.000498179,0.000485027,0.000469847,0.000455647,0.000439943,0.000427577,0.000413821,0.000400972,0.000388932,0.000377633,0.00036539,0.000353948,0.00034323,0.00033185,0.000321231,0.000311295,0.000301979,0.000292209,0.000283072,0.000273625,0.000264807,0.000256558,0.000248821,0.000240197,0.000232793,0.000225254,0.0002182,0.000211067,0.000204396,0.000197691,0.000191421,0.000185149,0.000178914,0.000173094,0.000167647,0.000161935,0.000156888,0.000151623,0.000146706,0.000141873,0.000137138,0.000132714,0.000128383,0.000124154,0.000120034,0.000116029,0.000112287,0.000108514,0.000104989,0.000101455
3.1948e-07,15.838,16.9576,16.4158,15.1034,13.5207,11.4132,8.94097,5.9439,2.1139,0.553987,0.236221,0.120487,0.0694352,0.0439021,0.0299486,0.0216721,0.0163831,0.0118034,0.00902435,0.00738222,0.00613165,0.00524381,0.00459087,0.00409623,0.00371194,0.00310963,0.00291134,0.00274582,0.00260689,0.00248791,0.00226362,0.00218631,0.00203069,0.00197716,0.00186208,0.00182278,0.00173337,0.0016568,0.00163119,0.00156794,0.00151191,0.00146151,0.00141623,0.00137499,0.00133696,0.00130205,0.00124895,0.00122012,0.00117525,0.0011508,0.00111227,0.0010768,0.00105721,0.00102595,0.000996874,0.000959067,0.000934259,0.000910909,0.000880137,0.000859836,0.000832819,0.000807628,0.000784139,0.00076213,0.000741421,0.000716405,0.000698341,0.000676356,0.000655832,0.000636616,0.000618582,0.000597872,0.00058209,0.000563869,0.00054683,0.000527984,0.00051314,0.000496635,0.000481213,0.000466763,0.000453202,0.000438511,0.000424779,0.000411917,0.000398259,0.000385515,0.000373592,0.00036241,0.000350684,0.00033972,0.000328382,0.0003178,0.0003079,0.000298615,0.000288263,0.00027938,0.000270331,0.000261867,0.000253305,0.0002453,0.000237253,0.000229728,0.000222201,0.000214718,0.000207732,0.000201196,0.000194341,0.000188284,0.000181966,0.000176065,0.000170264,0.000164582,0.000159272,0.000154074,0.000148999,0.000144055,0.000139249,0.000134757,0.000130229,0.000125999,0.000121758
3.8338e-07,16.1669,17.2465,16.6985,15.3984,13.8436,11.7884,9.40545,6.5724,2.99664,0.698677,0.288708,0.14589,0.0837516,0.0528545,0.0360189,0.0260491,0.0196839,0.0141768,0.0108368,0.00886356,0.00736121,0.00629481,0.00551067,0.00491672,0.00445531,0.00373223,0.00349419,0.0032955,0.00312874,0.00298591,0.0027167,0.00262391,0.00243712,0.00237288,0.00223477,0.00218759,0.00208029,0.00198839,0.00195765,0.00188173,0.0018145,0.00175401,0.00169966,0.00165017,0.00160453,0.00156262,0.0014989,0.00146431,0.00141045,0.00138111,0.00133487,0.0012923,0.00126878,0.00123127,0.00119638,0.00115101,0.00112123,0.00109321,0.00105628,0.00103192,0.000999491,0.00096926,0.000941071,0.000914656,0.000889802,0.000859781,0.000838103,0.000811717,0.000787084,0.000764026,0.00074238,0.000717525,0.000698586,0.000676719,0.000656269,0.00063365,0.000615838,0.000596027,0.000577521,0.000560178,0.000543904,0.000526271,0.000509791,0.000494356,0.000477965,0.000462669,0.00044836,0.000434941,0.000420869,0.00040771,0.000394102,0.000381403,0.000369522,0.000358379,0.000345956,0.000335293,0.000324434,0.000314275,0.000304001,0.000294392,0.000284736,0.000275705,0.000266671,0.000257691,0.000249308,0.000241462,0.000233236,0.000225967,0.000218384,0.000211302,0.000204341,0.000197521,0.000191149,0.00018491,0.000178819,0.000172886,0.000167118,0.000161727,0.000156293,0.000151217,0.000146127
4.6005e-07,16.4893,17.5303,16.9762,15.6876,14.1585,12.1521,9.85096,7.16393,3.88362,0.897689,0.354509,0.177005,0.101129,0.0636743,0.0433386,0.0313199,0.023655,0.0170303,0.0130147,0.0106431,0.0088379,0.00755682,0.006615,0.00590171,0.00534767,0.00447953,0.00419375,0.00395523,0.00375505,0.00358362,0.00326047,0.0031491,0.00292491,0.00284779,0.00268203,0.00262541,0.00249662,0.00238632,0.00234943,0.00225832,0.00217763,0.00210503,0.00203981,0.00198041,0.00192563,0.00187534,0.00179886,0.00175735,0.00169272,0.0016575,0.00160201,0.00155092,0.0015227,0.00147768,0.0014358,0.00138135,0.00134562,0.00131199,0.00126767,0.00123843,0.00119952,0.00116323,0.0011294,0.0010977,0.00106788,0.00103185,0.00100583,0.000974162,0.000944602,0.000916928,0.000890951,0.000861123,0.000838392,0.000812152,0.000787608,0.000760462,0.000739085,0.00071531,0.000693099,0.000672286,0.000652756,0.000631594,0.000611816,0.000593292,0.00057362,0.000555264,0.000538091,0.000521986,0.000505099,0.000489306,0.000472975,0.000457734,0.000443474,0.000430101,0.000415193,0.000402396,0.000389364,0.000377172,0.000364841,0.000353311,0.00034172,0.000330882,0.000320041,0.000309264,0.000299203,0.000289787,0.000279914,0.00027119,0.00026209,0.00025359,0.000245236,0.000237052,0.000229404,0.000221917,0.000214607,0.000207485,0.000200564,0.000194095,0.000187573,0.00018148,0.000175372
5.5206e-07,16.8056,17.8091,17.2492,15.9714,14.4661,12.5052,10.2794,7.72301,4.70409,1.19013,0.43805,0.21531,0.122279,0.0767736,0.0521755,0.0376729,0.0284363,0.0204627,0.015633,0.0127818,0.0106121,0.00907273,0.00794128,0.00708454,0.00641916,0.00537674,0.00503363,0.00474727,0.00450696,0.00430115,0.00391325,0.00377956,0.00351045,0.00341789,0.00321892,0.00315097,0.00299639,0.00286401,0.00281973,0.00271038,0.00261353,0.00252639,0.00244812,0.00237682,0.00231108,0.00225073,0.00215894,0.00210912,0.00203155,0.00198928,0.00192268,0.00186137,0.00182749,0.00177346,0.00172321,0.00165785,0.00161497,0.00157461,0.00152142,0.00148633,0.00143962,0.00139608,0.00135548,0.00131743,0.00128163,0.00123839,0.00120717,0.00116916,0.00113369,0.00110047,0.0010693,0.0010335,0.00100622,0.000974721,0.000945265,0.000912687,0.000887031,0.000858498,0.000831841,0.000806862,0.000783422,0.000758023,0.000734287,0.000712054,0.000688445,0.000666415,0.000645804,0.000626475,0.000606207,0.000587254,0.000567654,0.000549362,0.000532248,0.000516197,0.000498305,0.000482947,0.000467306,0.000452673,0.000437875,0.000424036,0.000410125,0.000397117,0.000384106,0.000371171,0.000359096,0.000347796,0.000335947,0.000325476,0.000314554,0.000304354,0.000294327,0.000284505,0.000275326,0.00026634,0.000257567,0.00024902,0.000240713,0.000232948,0.000225121,0.000217808,0.000210478
6.6247e-07,17.1159,18.0831,17.5177,16.25,14.7669,12.8485,10.6919,8.25349,5.46042,1.67098,0.54598,0.262763,0.148102,0.0926618,0.0628571,0.0453365,0.0341961,0.0245932,0.018782,0.0153525,0.0127439,0.0108938,0.00953424,0.008505,0.0077058,0.00645397,0.00604198,0.00569815,0.00540962,0.00516254,0.00469687,0.00453638,0.00421335,0.00410223,0.00386341,0.00378184,0.0035963,0.00343739,0.00338425,0.00325301,0.00313676,0.00303218,0.00293823,0.00285266,0.00277376,0.00270132,0.00259116,0.00253136,0.00243826,0.00238753,0.0023076,0.00223401,0.00219336,0.00212851,0.00206819,0.00198976,0.00193829,0.00188984,0.00182601,0.00178389,0.00172784,0.00167558,0.00162685,0.00158119,0.00153822,0.00148632,0.00144885,0.00140323,0.00136066,0.00132079,0.00128337,0.00124041,0.00120767,0.00116987,0.00113451,0.00109541,0.00106462,0.00103037,0.000998381,0.000968401,0.000940267,0.000909785,0.000881296,0.000854613,0.000826277,0.000799836,0.000775099,0.0007519,0.000727575,0.000704827,0.000681304,0.000659349,0.000638809,0.000619545,0.00059807,0.000579638,0.000560865,0.000543303,0.000525542,0.000508931,0.000492237,0.000476625,0.000461008,0.000445484,0.000430991,0.000417429,0.000403208,0.00039064,0.000377532,0.000365289,0.000353255,0.000341465,0.000330449,0.000319665,0.000309134,0.000298877,0.000288906,0.000279587,0.000270193,0.000261416,0.000252618
7.9497e-07,17.4206,18.3528,17.782,16.5239,15.0613,13.1826,11.0901,8.75854,6.16134,2.49998,0.68908,0.322043,0.179759,0.11198,0.075789,0.054592,0.0411413,0.0295674,0.0225709,0.0184441,0.0153066,0.0130821,0.011448,0.0102112,0.00925109,0.00774754,0.00725278,0.00683991,0.00649345,0.00619678,0.00563771,0.00544503,0.00505723,0.00492385,0.00463715,0.00453923,0.00431651,0.00412578,0.00406199,0.00390445,0.00376492,0.00363938,0.00352663,0.00342392,0.00332921,0.00324227,0.00311004,0.00303826,0.00292652,0.00286564,0.0027697,0.00268137,0.00263258,0.00255475,0.00248235,0.00238821,0.00232643,0.00226829,0.00219167,0.00214113,0.00207385,0.00201112,0.00195263,0.00189783,0.00184626,0.00178397,0.00173899,0.00168424,0.00163314,0.00158529,0.00154038,0.00148881,0.00144951,0.00140414,0.00136171,0.00131478,0.00127782,0.00123672,0.00119832,0.00116233,0.00112857,0.00109198,0.00105779,0.00102576,0.00099175,0.000960014,0.000930322,0.000902479,0.000873282,0.000845979,0.000817744,0.000791393,0.00076674,0.000743619,0.000717842,0.000695719,0.000673187,0.000652108,0.000630789,0.000610853,0.000590815,0.000572076,0.000553333,0.0005347,0.000517304,0.000501026,0.000483956,0.000468872,0.000453139,0.000438444,0.000424,0.00040985,0.000396628,0.000383683,0.000371044,0.000358732,0.000346765,0.00033558,0.000324304,0.00031377,0.000303209
9.5396e-07,17.7198,18.6181,18.0422,16.7928,15.3495,13.5081,11.4751,9.24079,6.81493,3.49048,0.886728,0.39692,0.218764,0.135534,0.0914737,0.065784,0.0495228,0.0355609,0.0271318,0.022163,0.0183877,0.0157121,0.0137474,0.0122609,0.0111071,0.00930093,0.00870668,0.00821085,0.0077948,0.00743855,0.00676727,0.00653593,0.00607034,0.00591021,0.00556604,0.00544849,0.00518113,0.00495217,0.0048756,0.00468648,0.004519,0.00436832,0.00423297,0.00410969,0.00399601,0.00389165,0.00373293,0.00364678,0.00351266,0.00343958,0.00332443,0.00321842,0.00315985,0.00306643,0.00297954,0.00286654,0.00279239,0.0027226,0.00263064,0.00256997,0.00248922,0.00241393,0.00234373,0.00227795,0.00221605,0.00214128,0.0020873,0.00202159,0.00196024,0.00190282,0.00184891,0.00178701,0.00173984,0.00168539,0.00163446,0.00157813,0.00153377,0.00148443,0.00143834,0.00139515,0.00135462,0.0013107,0.00126966,0.00123122,0.0011904,0.0011523,0.00111667,0.00108325,0.0010482,0.00101543,0.000981539,0.000949911,0.000920319,0.000892567,0.000861627,0.000835073,0.000808028,0.000782727,0.000757138,0.000733209,0.000709157,0.000686665,0.000664167,0.000641802,0.000620922,0.000601383,0.000580895,0.000562789,0.000543905,0.000526266,0.000508929,0.000491945,0.000476074,0.000460536,0.000445366,0.000430588,0.000416223,0.000402798,0.000389264,0.000376619,0.000363943
1.1448e-06,18.0139,18.8795,18.2984,17.0576,15.632,13.8256,11.848,9.70267,7.42785,4.40967,1.18064,0.493007,0.267158,0.164368,0.110548,0.0793445,0.0596533,0.0427913,0.0326274,0.0266405,0.0220948,0.018875,0.0165118,0.0147245,0.0133376,0.0111673,0.0104534,0.00985777,0.00935798,0.00893017,0.008124,0.00784622,0.00728716,0.00709489,0.00668165,0.00654053,0.00621953,0.00594465,0.00585273,0.0056257,0.00542464,0.00524375,0.00508126,0.00493327,0.00479682,0.00467153,0.00448101,0.0043776,0.00421659,0.00412887,0.00399064,0.00386339,0.00379308,0.00368094,0.00357663,0.003441,0.00335199,0.00326822,0.00315783,0.003085,0.00298808,0.0028977,0.00281343,0.00273446,0.00266017,0.00257041,0.0025056,0.00242674,0.00235308,0.00228416,0.00221945,0.00214516,0.00208852,0.00202316,0.00196202,0.00189441,0.00184116,0.00178192,0.00172661,0.00167475,0.00162611,0.00157339,0.00152413,0.00147797,0.00142897,0.00138325,0.00134047,0.00130035,0.00125828,0.00121894,0.00117826,0.00114029,0.00110477,0.00107146,0.00103432,0.00100244,0.000969969,0.0009396,0.000908882,0.000880162,0.000851289,0.000824288,0.000797279,0.00077043,0.000745367,0.000721913,0.000697321,0.000675583,0.000652917,0.000631744,0.000610928,0.000590541,0.000571491,0.000552839,0.000534626,0.000516888,0.000499643,0.000483528,0.000467281,0.000452105,0.000436886
1.3737e-06,18.3029,19.137,18.5509,17.3181,15.9089,14.1355,12.2097,10.1458,8.00515,5.24492,1.68319,0.619034,0.327682,0.199805,0.133796,0.0957959,0.0719067,0.0515163,0.0392495,0.0320305,0.026554,0.0226775,0.0198338,0.017684,0.0160166,0.0134083,0.0125505,0.011835,0.0112347,0.0107208,0.0097526,0.00941908,0.00874776,0.00851689,0.0080207,0.00785125,0.00746588,0.00713584,0.00702553,0.00675298,0.00651159,0.00629446,0.00609938,0.00592173,0.00575793,0.00560757,0.00537883,0.00525474,0.00506147,0.00495614,0.00479024,0.0046375,0.0045531,0.00441848,0.00429329,0.00413046,0.00402362,0.00392308,0.00379056,0.00370315,0.0035868,0.00347832,0.00337716,0.00328239,0.0031932,0.00308547,0.00300767,0.00291298,0.00282461,0.00274187,0.00266418,0.002575,0.00250702,0.00242856,0.00235518,0.002274,0.00221009,0.002139,0.00207258,0.00201035,0.00195194,0.00188867,0.00182954,0.00177414,0.00171532,0.00166042,0.00160908,0.00156092,0.00151042,0.0014632,0.00141437,0.0013688,0.00132615,0.00128616,0.00124158,0.00120331,0.00116435,0.00112789,0.00109102,0.00105654,0.00102188,0.000989469,0.000957046,0.000924822,0.000894734,0.000866579,0.000837056,0.000810967,0.000783755,0.000758341,0.000733355,0.000708882,0.000686013,0.000663627,0.000641766,0.000620468,0.00059977,0.000580423,0.000560921,0.000542701,0.000524438
1.6484e-06,18.5871,19.3909,18.7999,17.5745,16.1806,14.4385,12.561,10.5722,8.55171,6.01072,2.6319,0.790338,0.404319,0.243644,0.162251,0.115816,0.0867629,0.0620644,0.0472411,0.0385274,0.0319239,0.0272535,0.0238297,0.0212427,0.0192371,0.0161014,0.0150705,0.0142106,0.0134893,0.0128719,0.011709,0.0113084,0.0105021,0.0102248,0.00962905,0.00942557,0.00896282,0.00856657,0.00843411,0.00810685,0.00781705,0.00755635,0.00732218,0.00710892,0.00691229,0.00673173,0.0064572,0.00630816,0.00607615,0.00594976,0.00575053,0.00556717,0.00546587,0.00530429,0.005154,0.00495854,0.00483029,0.00470958,0.0045505,0.00444557,0.0043059,0.00417566,0.00405422,0.00394045,0.00383339,0.00370407,0.00361068,0.00349701,0.00339089,0.00329156,0.00319832,0.00309126,0.00300966,0.00291548,0.00282737,0.00272994,0.0026532,0.00256785,0.00248813,0.00241342,0.00234331,0.00226735,0.00219635,0.00212986,0.00205924,0.00199334,0.00193169,0.00187389,0.00181326,0.00175657,0.00169795,0.00164323,0.00159205,0.00154404,0.00149052,0.00144459,0.0013978,0.00135404,0.00130977,0.00126838,0.00122677,0.00118786,0.00114895,0.00111025,0.00107414,0.00104033,0.00100489,0.000973569,0.000940906,0.000910391,0.000880401,0.000851021,0.000823566,0.000796684,0.000770443,0.000744879,0.000720028,0.000696803,0.00067339,0.000651517,0.000629588
1.9781e-06,18.8667,19.6415,19.0456,17.8271,16.4475,14.7349,12.9027,10.9835,9.07132,6.71915,3.73891,1.03798,0.502997,0.298312,0.197246,0.140259,0.104817,0.0748379,0.0568981,0.0463669,0.0383961,0.0327641,0.0286388,0.025524,0.0231102,0.0193389,0.0180994,0.0170658,0.016199,0.015457,0.0140598,0.0135784,0.01261,0.012277,0.0115614,0.011317,0.0107612,0.0102854,0.0101263,0.00973338,0.0093854,0.00907237,0.00879118,0.00853512,0.00829903,0.00808224,0.00775261,0.0075737,0.00729511,0.00714335,0.00690421,0.00668406,0.00656244,0.00636842,0.00618798,0.00595333,0.00579933,0.00565442,0.00546344,0.00533744,0.00516975,0.00501341,0.00486761,0.00473101,0.00460247,0.00444721,0.00433508,0.00419862,0.00407123,0.00395198,0.00384003,0.00371148,0.00361351,0.00350043,0.00339465,0.00327766,0.00318554,0.00308307,0.00298735,0.00289766,0.00281348,0.00272228,0.00263704,0.0025572,0.00247241,0.0023933,0.00231928,0.00224988,0.00217709,0.00210903,0.00203864,0.00197295,0.00191149,0.00185385,0.0017896,0.00173444,0.00167827,0.00162572,0.00157258,0.00152288,0.00147292,0.00142621,0.00137948,0.00133303,0.00128966,0.00124908,0.00120653,0.00116892,0.0011297,0.00109307,0.00105706,0.00102178,0.000988819,0.000956544,0.000925039,0.000894341,0.00086451,0.000836626,0.000808511,0.000782253,0.000755924
2.3738e-06,19.1418,19.8889,19.288,18.0759,16.7097,15.0251,13.2357,11.3809,9.56695,7.37948,4.72789,1.44453,0.633216,0.367204,0.240544,0.170219,0.126818,0.0903358,0.0685837,0.0558362,0.0462032,0.0394047,0.0344299,0.0306767,0.0277701,0.023232,0.0217412,0.0204984,0.0194562,0.0185642,0.0168851,0.0163066,0.0151431,0.014743,0.0138833,0.0135898,0.0129223,0.0123507,0.0121596,0.0116877,0.0112698,0.0108939,0.0105562,0.0102488,0.00996519,0.00970489,0.00930905,0.00909423,0.00875972,0.0085775,0.00829035,0.00802597,0.00787997,0.00764703,0.00743034,0.00714856,0.00696368,0.00678966,0.00656035,0.00640909,0.00620773,0.00601998,0.00584494,0.0056809,0.00552658,0.00534013,0.00520551,0.00504165,0.00488868,0.00474548,0.00461105,0.0044567,0.00433907,0.00420328,0.00407627,0.0039358,0.00382518,0.00370214,0.00358721,0.0034795,0.00337841,0.0032689,0.00316655,0.00307069,0.00296888,0.00287388,0.00278501,0.00270166,0.00261426,0.00253253,0.00244801,0.00236914,0.00229533,0.00222612,0.00214896,0.00208273,0.00201529,0.00195219,0.00188837,0.00182869,0.0017687,0.00171261,0.0016565,0.00160072,0.00154864,0.00149991,0.00144882,0.00140366,0.00135656,0.00131257,0.00126933,0.00122697,0.00118739,0.00114863,0.0011108,0.00107394,0.00103811,0.00100463,0.000970877,0.000939338,0.000907724
2.8485e-06,19.4126,20.1332,19.5273,18.321,16.9673,15.3094,13.5603,11.7654,10.041,7.99865,5.61403,2.31259,0.81189,0.455266,0.294516,0.207112,0.153712,0.109176,0.0827429,0.0672851,0.0556262,0.04741,0.0414051,0.036879,0.0333765,0.0279133,0.0261195,0.0246245,0.0233711,0.0222986,0.0202801,0.0195848,0.0181865,0.0177057,0.0166729,0.0163202,0.0155184,0.0148318,0.0146024,0.0140355,0.0135336,0.013082,0.0126765,0.0123072,0.0119667,0.0116541,0.0111788,0.0109208,0.0105191,0.0103003,0.00995544,0.00963799,0.00946264,0.00918292,0.00892274,0.00858438,0.00836237,0.00815341,0.00787805,0.0076964,0.00745461,0.00722917,0.00701896,0.00682199,0.00663666,0.00641279,0.00625113,0.00605437,0.00587067,0.00569872,0.00553731,0.00535196,0.0052107,0.00504763,0.00489512,0.00472643,0.00459358,0.00444584,0.00430781,0.00417848,0.0040571,0.00392558,0.00380267,0.00368755,0.0035653,0.00345121,0.00334448,0.00324439,0.00313944,0.0030413,0.0029398,0.00284508,0.00275645,0.00267334,0.00258067,0.00250115,0.00242015,0.00234438,0.00226774,0.00219607,0.00212403,0.00205667,0.00198929,0.00192231,0.00185977,0.00180125,0.00173989,0.00168566,0.0016291,0.00157627,0.00152434,0.00147347,0.00142594,0.0013794,0.00133397,0.0012897,0.00124668,0.00120647,0.00116593,0.00112806,0.00109009
3.4182e-06,19.6793,20.3748,19.7637,18.5626,17.2208,15.5882,13.8772,12.1384,10.4959,8.58288,6.42069,3.6196,1.07587,0.5703,0.362542,0.252862,0.186744,0.132157,0.0999436,0.0811557,0.0670189,0.0570743,0.0498168,0.044353,0.040129,0.0335473,0.0313877,0.0295883,0.0280802,0.0267902,0.0243627,0.0235267,0.0218458,0.0212679,0.0200266,0.0196029,0.0186393,0.0178144,0.0175387,0.0168577,0.0162547,0.0157123,0.0152252,0.0147816,0.0143727,0.0139972,0.0134262,0.0131164,0.0126339,0.0123711,0.011957,0.0115757,0.0113652,0.0110292,0.0107167,0.0103103,0.0100437,0.00979275,0.00946202,0.00924386,0.00895347,0.00868271,0.00843024,0.00819368,0.00797112,0.00770223,0.00750806,0.00727175,0.00705115,0.00684461,0.00665075,0.00642813,0.00625848,0.00606263,0.00587944,0.00567686,0.0055173,0.00533985,0.00517407,0.00501873,0.00487295,0.004715,0.00456738,0.00442911,0.00428227,0.00414525,0.00401706,0.00389685,0.0037708,0.00365291,0.003531,0.00341724,0.0033108,0.00321096,0.00309968,0.00300415,0.00290687,0.00281585,0.0027238,0.00263772,0.00255121,0.00247029,0.00238936,0.00230891,0.0022338,0.0021635,0.0020898,0.00202467,0.00195673,0.00189328,0.00183092,0.00176981,0.00171272,0.00165683,0.00160225,0.00154909,0.00149741,0.00144911,0.00140042,0.00135494,0.00130933
4.1019e-06,19.9421,20.6137,19.9972,18.8008,17.4703,15.8618,14.187,12.5006,10.9336,9.13676,7.16371,4.75536,1.53882,0.725653,0.449555,0.310087,0.227547,0.160294,0.120896,0.097995,0.0808145,0.0687555,0.0599709,0.053367,0.0482674,0.0403317,0.0377298,0.0355628,0.0337472,0.0321945,0.0292741,0.0282686,0.0262472,0.0255524,0.0240601,0.0235507,0.0223924,0.0214011,0.0210698,0.0202515,0.0195269,0.0188752,0.01829,0.017757,0.0172657,0.0168146,0.0161286,0.0157564,0.0151768,0.0148612,0.0143637,0.0139056,0.0136527,0.0132491,0.0128738,0.0123856,0.0120654,0.0117639,0.0113667,0.0111046,0.0107558,0.0104305,0.0101273,0.00984311,0.00957573,0.00925274,0.00901951,0.00873563,0.00847064,0.00822254,0.00798966,0.00772224,0.00751846,0.00728317,0.00706313,0.00681976,0.00662808,0.00641492,0.00621578,0.00602917,0.00585405,0.0056643,0.00548696,0.00532086,0.00514446,0.00497986,0.00482587,0.00468145,0.00453002,0.00438841,0.00424196,0.00410529,0.00397742,0.00385749,0.00372379,0.00360904,0.00349217,0.00338283,0.00327225,0.00316884,0.0030649,0.0029677,0.00287047,0.00277382,0.00268359,0.00259915,0.0025106,0.00243236,0.00235074,0.00227452,0.00219959,0.00212618,0.00205759,0.00199045,0.00192488,0.00186101,0.00179893,0.00174091,0.00168242,0.00162777,0.00157298
4.9222e-06,20.2012,20.8502,20.2279,19.0357,17.7161,16.1303,14.49,12.8528,11.3556,9.66392,7.85443,5.74632,2.77272,0.948162,0.563258,0.382498,0.278311,0.1949,0.146498,0.118485,0.0975483,0.0828926,0.0722402,0.0642466,0.058082,0.0485049,0.0453677,0.0427562,0.0405691,0.0386992,0.035184,0.0339739,0.0315421,0.0307063,0.0289117,0.0282991,0.0269066,0.0257148,0.0253166,0.0243329,0.0234621,0.0226789,0.0219756,0.0213351,0.0207447,0.0202028,0.0193785,0.0189313,0.0182348,0.0178556,0.0172579,0.0167076,0.0164038,0.0159189,0.0154679,0.0148814,0.0144967,0.0141345,0.0136572,0.0133424,0.0129232,0.0125325,0.0121682,0.0118268,0.0115055,0.0111175,0.0108372,0.0104962,0.0101778,0.00987972,0.00959993,0.00927861,0.00903378,0.00875111,0.00848671,0.0081943,0.00796403,0.00770789,0.00746863,0.00724442,0.007034,0.00680601,0.00659294,0.00639337,0.00618142,0.00598366,0.00579863,0.00562512,0.00544316,0.00527301,0.00509705,0.00493283,0.00477918,0.00463509,0.00447444,0.00433656,0.00419614,0.00406476,0.00393189,0.00380764,0.00368275,0.00356595,0.00344913,0.003333,0.00322458,0.00312311,0.00301672,0.0029227,0.00282464,0.00273305,0.00264301,0.00255481,0.0024724,0.00239171,0.00231293,0.00223619,0.00216159,0.00209188,0.00202159,0.00195593,0.0018901
5.9067e-06,20.457,21.0845,20.4561,19.2675,17.9583,16.3943,14.7868,13.1959,11.7635,10.1676,8.50153,6.6353,4.27616,1.31179,0.717029,0.475697,0.342121,0.23774,0.177928,0.143506,0.117901,0.100039,0.0870926,0.0773983,0.069935,0.0583628,0.0545763,0.0514262,0.0487892,0.0465357,0.0423016,0.0408446,0.0379173,0.0369116,0.0347523,0.0340154,0.0323404,0.0309072,0.0304283,0.0292455,0.0281985,0.027257,0.0264114,0.0256416,0.0249319,0.0242805,0.0232897,0.0227523,0.0219153,0.0214595,0.0207411,0.0200798,0.0197147,0.019132,0.01859,0.0178852,0.0174228,0.0169876,0.016414,0.0160356,0.015532,0.0150624,0.0146245,0.0142142,0.0138282,0.0133618,0.0130251,0.0126152,0.0122326,0.0118743,0.0115381,0.0111519,0.0108577,0.010518,0.0102002,0.00984876,0.00957201,0.00926421,0.00897664,0.00870717,0.00845429,0.00818028,0.0079242,0.00768433,0.00742961,0.00719192,0.00696954,0.00676099,0.00654231,0.0063378,0.00612631,0.00592894,0.00574428,0.00557109,0.00537801,0.00521229,0.00504351,0.00488561,0.00472592,0.00457657,0.00442647,0.00428609,0.00414568,0.0040061,0.00387578,0.00375383,0.00362595,0.00351295,0.00339509,0.003285,0.00317679,0.00307078,0.00297172,0.00287474,0.00278005,0.00268781,0.00259815,0.00251435,0.00242987,0.00235095,0.00227183
7.088e-06,20.7095,21.3165,20.6818,19.4963,18.1973,16.6539,15.0776,13.5305,12.1585,10.6504,9.11154,7.44641,5.48202,2.35418,0.938175,0.598658,0.423421,0.291194,0.216716,0.174176,0.142724,0.12088,0.105101,0.0933179,0.0842651,0.0702621,0.0656864,0.0618825,0.0587001,0.0559819,0.0508782,0.0491226,0.0455969,0.0443858,0.0417863,0.0408995,0.0388838,0.0371594,0.0365833,0.0351606,0.0339013,0.0327689,0.0317522,0.0308265,0.0299731,0.0291899,0.0279987,0.0273525,0.0263462,0.0257984,0.0249347,0.0241398,0.0237009,0.0230005,0.022349,0.0215017,0.0209458,0.0204227,0.0197331,0.0192783,0.0186729,0.0181084,0.017582,0.0170888,0.0166248,0.0160641,0.0156593,0.0151666,0.0147066,0.014276,0.0138717,0.0134075,0.0130538,0.0126454,0.0122634,0.0118409,0.0115082,0.0111382,0.0107924,0.0104685,0.0101645,0.00983506,0.00952718,0.00923882,0.00893258,0.00864682,0.00837947,0.00812875,0.00786583,0.00761997,0.00736571,0.00712842,0.0069064,0.00669819,0.00646605,0.00626682,0.0060639,0.00587406,0.00568206,0.00550251,0.00532204,0.00515327,0.00498445,0.00481663,0.00465995,0.00451334,0.00435959,0.00422373,0.00408201,0.00394966,0.00381956,0.0036921,0.003573,0.0034564,0.00334255,0.00323165,0.00312386,0.00302311,0.00292153,0.00282664,0.00273151
8.5056e-06,20.9591,21.5466,20.9052,19.7224,18.4332,16.9093,15.3629,13.8572,12.5417,11.1145,9.68974,8.19558,6.52442,4.35829,1.30552,0.767695,0.529098,0.358639,0.26494,0.211969,0.173118,0.146286,0.126989,0.112626,0.10162,0.0846449,0.0791074,0.0745082,0.070663,0.0673806,0.0612229,0.0591055,0.0548558,0.0533964,0.0502651,0.0491971,0.04677,0.0446941,0.0440009,0.0422885,0.0407731,0.0394106,0.0381874,0.0370738,0.0360474,0.0351054,0.0336725,0.0328954,0.0316851,0.0310263,0.0299876,0.0290316,0.028504,0.0276616,0.0268782,0.0258592,0.0251908,0.0245618,0.0237325,0.0231857,0.0224576,0.0217788,0.0211458,0.0205527,0.0199946,0.0193204,0.0188337,0.0182411,0.0176879,0.01717,0.0166839,0.0161256,0.0157003,0.0152091,0.0147497,0.0142416,0.0138415,0.0133964,0.0129807,0.0125911,0.0122254,0.0118293,0.011459,0.0111122,0.0107439,0.0104002,0.0100786,0.00977711,0.00946089,0.00916519,0.00885939,0.00857399,0.00830696,0.00805654,0.00777734,0.00753771,0.00729365,0.00706532,0.0068344,0.00661844,0.00640138,0.00619839,0.00599534,0.00579349,0.00560504,0.0054287,0.00524378,0.00508036,0.00490992,0.00475072,0.00459423,0.00444093,0.00429768,0.00415744,0.0040205,0.00388711,0.00375745,0.00363627,0.00351409,0.00339996,0.00328554
1.0207e-05,21.206,21.7749,21.1265,19.9459,18.6662,17.161,15.643,14.1768,12.9143,11.5619,10.2403,8.89417,7.45563,5.75884,3.07823,1.01971,0.670799,0.44507,0.325482,0.25886,0.210517,0.177375,0.15367,0.136102,0.122682,0.102059,0.0953454,0.0897752,0.0851224,0.0811532,0.0737153,0.071159,0.0660316,0.0642714,0.0604962,0.059209,0.0562844,0.0537836,0.0529487,0.0508866,0.0490619,0.0474217,0.0459492,0.0446089,0.0433735,0.0422398,0.0405155,0.0395804,0.0381241,0.0373315,0.0360818,0.0349316,0.0342968,0.0332834,0.0323409,0.0311149,0.0303108,0.029554,0.0285563,0.0278985,0.0270225,0.0262059,0.0254443,0.0247308,0.0240594,0.0232482,0.0226626,0.0219496,0.0212841,0.020661,0.0200761,0.0194044,0.0188926,0.0183016,0.0177489,0.0171375,0.0166561,0.0161206,0.0156204,0.0151516,0.0147116,0.0142349,0.0137894,0.0133721,0.0129289,0.0125154,0.0121285,0.0117656,0.0113851,0.0110293,0.0106613,0.0103179,0.0099966,0.00969525,0.00935928,0.00907093,0.00877724,0.00850248,0.0082246,0.00796473,0.00770352,0.00745926,0.00721491,0.00697201,0.00674524,0.00653304,0.0063105,0.00611385,0.00590874,0.00571716,0.00552885,0.00534436,0.00517198,0.00500321,0.00483842,0.00467789,0.00452186,0.00437603,0.00422901,0.00409166,0.00395396
1.2248e-05,21.4503,22.0014,21.3458,20.1669,18.8965,17.4089,15.9182,14.4895,13.2768,11.994,10.7664,9.55024,8.30311,6.92745,5.25036,1.49926,0.8714,0.558336,0.402471,0.317526,0.256799,0.215572,0.186296,0.164714,0.148293,0.123172,0.115015,0.108256,0.102616,0.0978095,0.088813,0.0857231,0.0795301,0.0774049,0.0728493,0.0712966,0.0677696,0.0647547,0.0637488,0.0612637,0.0590653,0.0570894,0.0553159,0.0537017,0.0522141,0.0508492,0.0487728,0.0476472,0.0458938,0.0449398,0.0434355,0.0420511,0.0412871,0.0400673,0.0389329,0.0374571,0.0364893,0.0355785,0.0343776,0.0335858,0.0325315,0.0315485,0.0306318,0.029773,0.0289649,0.0279884,0.0272836,0.0264253,0.0256242,0.0248742,0.0241702,0.0233616,0.0227455,0.0220342,0.0213688,0.0206328,0.0200533,0.0194086,0.0188064,0.0182421,0.0177125,0.0171386,0.0166023,0.0160999,0.0155663,0.0150685,0.0146027,0.0141659,0.0137078,0.0132794,0.0128364,0.012423,0.0120361,0.0116733,0.0112688,0.0109217,0.0105681,0.0102373,0.00990272,0.00958985,0.00927537,0.00898128,0.0086871,0.00839465,0.00812161,0.00786612,0.00759819,0.00736143,0.00711447,0.0068838,0.00665707,0.00643495,0.00622739,0.00602419,0.00582578,0.00563251,0.00544464,0.00526905,0.00509203,0.00492666,0.00476086
1.4698e-05,21.6926,22.2264,21.5633,20.3859,19.1243,17.6536,16.1886,14.796,13.6303,12.4126,11.2711,10.1706,9.08511,7.9538,6.71866,5.1373,1.1932,0.712444,0.502341,0.391872,0.314583,0.262813,0.226397,0.199737,0.179553,0.148847,0.138908,0.130686,0.123834,0.118001,0.1071,0.103359,0.0958684,0.0932991,0.0877949,0.0859196,0.0816615,0.0780232,0.0768097,0.0738121,0.071161,0.0687786,0.0666408,0.0646953,0.0629026,0.0612578,0.0587557,0.0573998,0.0552872,0.0541381,0.052326,0.0506583,0.0497383,0.0482691,0.0469027,0.0451251,0.0439594,0.0428624,0.0414159,0.0404623,0.0391923,0.0380083,0.0369042,0.0358698,0.0348964,0.0337202,0.0328712,0.0318374,0.0308724,0.029969,0.0291209,0.0281468,0.0274048,0.0265478,0.0257463,0.0248597,0.0241615,0.0233849,0.0226595,0.0219796,0.0213416,0.0206502,0.020004,0.0193988,0.018756,0.0181562,0.0175951,0.0170688,0.0165169,0.0160008,0.015467,0.0149689,0.0145028,0.0140657,0.0135784,0.0131601,0.0127341,0.0123355,0.0119324,0.0115554,0.0111765,0.0108222,0.0104677,0.0101153,0.00978635,0.0094785,0.00915568,0.0088704,0.00857283,0.00829489,0.0080217,0.00775406,0.00750397,0.00725912,0.00702005,0.00678716,0.00656079,0.00634921,0.00613591,0.00593664,0.00573686
1.7637e-05,21.9328,22.4498,21.7791,20.6028,19.3496,17.895,16.4548,15.0966,13.9753,12.8186,11.7565,10.7598,9.81346,8.87759,7.93965,6.91773,4.89894,0.937374,0.635722,0.487663,0.387479,0.321653,0.275941,0.242773,0.217825,0.180138,0.167987,0.157956,0.14961,0.142514,0.129279,0.124741,0.115666,0.112555,0.105895,0.103627,0.0984803,0.0940844,0.0926192,0.0889996,0.0857994,0.0829243,0.080345,0.0779981,0.0758359,0.0738524,0.0708349,0.0692001,0.0666529,0.0652679,0.0630832,0.0610729,0.0599643,0.0581934,0.0565464,0.0544036,0.0529987,0.0516764,0.0499329,0.0487836,0.0472528,0.0458256,0.0444948,0.043248,0.0420747,0.0406569,0.0396335,0.0383874,0.0372241,0.036135,0.0351127,0.0339385,0.0330439,0.0320109,0.0310446,0.0299757,0.0291341,0.0281978,0.0273232,0.0265035,0.0257344,0.0249008,0.0241218,0.0233921,0.0226171,0.0218939,0.0212173,0.0205828,0.0199173,0.0192951,0.0186515,0.0180509,0.0174889,0.0169619,0.0163742,0.0158699,0.0153562,0.0148756,0.0143895,0.013935,0.013478,0.0130508,0.0126234,0.0121984,0.0118018,0.0114305,0.0110412,0.0106972,0.0103384,0.0100032,0.00967382,0.00935106,0.00904948,0.00875422,0.00846592,0.00818508,0.0079121,0.00765696,0.00739973,0.00715943,0.00691851
2.1165e-05,22.1714,22.672,21.9936,20.8181,19.5729,18.1335,16.7171,15.3916,14.3127,13.2135,12.225,11.3222,10.4977,9.72348,9.00775,8.31394,7.03645,5.38075,0.823711,0.614431,0.480937,0.395753,0.337656,0.296008,0.264944,0.218436,0.203517,0.191232,0.181032,0.172373,0.156261,0.150743,0.139723,0.135948,0.127875,0.125128,0.118896,0.113577,0.111806,0.107429,0.10356,0.100086,0.0969704,0.094136,0.0915251,0.0891305,0.0854871,0.0835143,0.0804395,0.0787684,0.076132,0.0737062,0.072369,0.0702322,0.068245,0.0656593,0.0639644,0.0623692,0.0602654,0.0588789,0.0570319,0.0553099,0.0537042,0.0521997,0.0507841,0.0490732,0.0478385,0.0463348,0.0449311,0.0436169,0.0423833,0.0409663,0.0398868,0.0386401,0.0374741,0.0361841,0.0351684,0.0340385,0.0329829,0.0319937,0.0310654,0.0300594,0.0291191,0.0282384,0.027303,0.0264301,0.0256135,0.0248476,0.0240444,0.0232933,0.0225165,0.0217915,0.0211132,0.020477,0.0197677,0.0191589,0.0185388,0.0179587,0.0173719,0.0168232,0.0162717,0.0157559,0.0152399,0.014727,0.0142481,0.0138,0.01333,0.0129147,0.0124815,0.0120769,0.0116792,0.0112896,0.0109255,0.0105691,0.010221,0.00988199,0.00955244,0.00924442,0.00893388,0.00864377,0.00835292
2.5398e-05,22.4085,22.8931,22.2068,21.032,19.7941,18.3692,16.9756,15.6817,14.6428,13.5979,12.6779,11.8609,11.1441,10.5069,9.96652,9.50195,8.59589,7.82109,5.96177,0.789766,0.603471,0.490378,0.415278,0.362336,0.323289,0.265503,0.247086,0.23197,0.21945,0.208843,0.189165,0.182435,0.16902,0.16443,0.154622,0.151288,0.143728,0.13728,0.135134,0.129833,0.12515,0.120946,0.117176,0.113748,0.110592,0.107697,0.103292,0.100908,0.0971924,0.0951737,0.0919885,0.0890579,0.0874433,0.0848621,0.0824618,0.0793381,0.0772909,0.0753643,0.0728229,0.0711485,0.0689173,0.0668372,0.0648977,0.0630804,0.0613705,0.0593036,0.0578121,0.0559955,0.0542998,0.0527122,0.0512219,0.0495099,0.0482057,0.0466995,0.0452906,0.043732,0.0425048,0.0411395,0.0398641,0.0386688,0.0375471,0.0363315,0.0351953,0.0341311,0.0330007,0.0319459,0.030959,0.0300335,0.0290629,0.0281552,0.0272164,0.0263402,0.0255204,0.0247516,0.0238943,0.0231585,0.0224091,0.021708,0.0209988,0.0203356,0.019669,0.0190456,0.018422,0.017802,0.0172232,0.0166816,0.0161135,0.0156116,0.015088,0.0145989,0.0141182,0.0136473,0.0132072,0.0127763,0.0123556,0.0119458,0.0115475,0.0111751,0.0107998,0.0104491,0.0100975
3.0477e-05,22.6444,23.113,22.419,21.2446,20.0135,18.6022,17.2304,15.9671,14.9663,13.9728,13.1169,12.3786,11.7581,11.2391,10.8421,10.5505,9.88712,9.5175,8.44339,5.25304,0.770177,0.613772,0.514281,0.445833,0.396126,0.323684,0.30079,0.282078,0.266628,0.253573,0.229443,0.221205,0.20482,0.19922,0.187272,0.183214,0.17402,0.166187,0.163583,0.157149,0.151468,0.146371,0.141803,0.137651,0.133828,0.130323,0.124989,0.122105,0.117607,0.115165,0.111311,0.107765,0.105813,0.102691,0.0997875,0.0960084,0.0935324,0.0912023,0.088128,0.086103,0.083404,0.0808878,0.0785417,0.0763435,0.0742751,0.0717746,0.0699705,0.0677727,0.0657212,0.0638005,0.0619975,0.0599261,0.0583483,0.0565258,0.0548212,0.0529351,0.0514503,0.0497982,0.0482548,0.0468085,0.0454511,0.04398,0.042605,0.0413171,0.0399491,0.0386725,0.0374782,0.0363581,0.0351833,0.0340847,0.0329484,0.0318879,0.0308957,0.0299651,0.0289274,0.0280368,0.0271297,0.026281,0.0254226,0.0246199,0.0238129,0.0230583,0.0223034,0.0215529,0.0208522,0.0201965,0.0195089,0.0189012,0.0182674,0.0176754,0.0170934,0.0165233,0.0159905,0.0154689,0.0149596,0.0144634,0.0139812,0.0135304,0.0130759,0.0126514,0.0122257
3.6573e-05,22.8792,23.3321,22.6305,21.4563,20.2312,18.8329,17.482,16.2481,15.2835,14.339,13.5434,12.8779,12.3442,11.9285,11.6519,11.4968,11.0081,10.8892,10.1595,8.17617,1.01362,0.78012,0.643163,0.552479,0.488084,0.396171,0.367452,0.344105,0.324907,0.308738,0.27899,0.268858,0.248762,0.241903,0.227297,0.222341,0.211127,0.201582,0.198413,0.190584,0.183677,0.177482,0.171934,0.166893,0.162253,0.158001,0.151529,0.148032,0.142577,0.139618,0.134946,0.130648,0.128284,0.1245,0.120982,0.116401,0.113402,0.110578,0.106853,0.104399,0.101129,0.0980795,0.0952364,0.0925727,0.0900661,0.0870355,0.0848493,0.0821856,0.0796991,0.0773711,0.0751859,0.0726749,0.0707626,0.0685533,0.0664869,0.0642004,0.0624004,0.0603976,0.0585264,0.0567729,0.0551273,0.0533436,0.0516764,0.0501149,0.0484561,0.0469082,0.0454599,0.0441017,0.0426771,0.0413449,0.039967,0.0386809,0.0374776,0.036349,0.0350906,0.0340105,0.0329103,0.031881,0.0308399,0.0298663,0.0288876,0.0279723,0.0270566,0.0261464,0.0252965,0.0245012,0.0236671,0.0229301,0.0221612,0.0214431,0.0207372,0.0200456,0.0193993,0.0187666,0.0181488,0.0175469,0.0169619,0.0164151,0.0158638,0.0153488,0.0148324
4.3887e-05,23.1131,23.5505,22.8413,21.6672,20.4473,19.0613,17.7303,16.5248,15.595,14.6971,13.9581,13.3603,12.9057,12.5812,12.4071,12.3634,12.0076,12.0602,11.5307,10.0025,6.25317,1.01816,0.816213,0.691458,0.605907,0.487354,0.45089,0.421459,0.397387,0.3772,0.340281,0.327742,0.302963,0.294523,0.276586,0.27051,0.256777,0.245105,0.241236,0.231679,0.223254,0.215705,0.208948,0.202811,0.197165,0.191993,0.184122,0.179871,0.17324,0.169646,0.16397,0.15875,0.15588,0.151285,0.147012,0.141448,0.137806,0.134378,0.129853,0.126875,0.122903,0.119199,0.115747,0.112512,0.109468,0.105786,0.103132,0.0998959,0.0968755,0.0940478,0.0913933,0.0883428,0.0860198,0.0833358,0.0808252,0.0780469,0.07586,0.0734264,0.0711527,0.069022,0.0670223,0.0648547,0.0628287,0.060931,0.0589149,0.0570336,0.0552735,0.0536227,0.0518912,0.0502719,0.0485969,0.0470337,0.045571,0.0441992,0.0426693,0.0413563,0.0400189,0.0387676,0.0375019,0.0363183,0.0351284,0.0340156,0.0329024,0.0317957,0.0307624,0.0297954,0.0287813,0.0278852,0.0269503,0.0260772,0.0252188,0.0243779,0.0235921,0.0228227,0.0220715,0.0213396,0.0206282,0.0199633,0.019293,0.0186667,0.0180388
5.2665e-05,23.3465,23.7683,23.0517,21.8777,20.6619,19.2876,17.9757,16.7975,15.9011,15.0479,14.3624,13.8277,13.4456,13.2027,13.1174,13.1662,12.9151,13.0917,12.6907,11.4196,8.54632,1.41039,1.06189,0.87849,0.760267,0.603663,0.556588,0.518963,0.48841,0.462933,0.416704,0.401062,0.370296,0.35984,0.337685,0.330195,0.313292,0.298954,0.294211,0.282494,0.272178,0.262943,0.254683,0.247187,0.240295,0.233985,0.224378,0.219198,0.211111,0.206735,0.199818,0.193459,0.189968,0.18437,0.179167,0.17239,0.167955,0.163782,0.15827,0.154645,0.149807,0.145297,0.141092,0.137153,0.133446,0.128961,0.125728,0.121787,0.118108,0.114663,0.11143,0.107713,0.104883,0.101613,0.0985536,0.095168,0.0925034,0.0895376,0.0867668,0.0841701,0.081733,0.0790911,0.0766217,0.0743087,0.0718512,0.0695579,0.0674123,0.0654,0.0632891,0.061315,0.0592729,0.057367,0.0555836,0.0539111,0.0520457,0.0504448,0.0488139,0.0472882,0.0457448,0.0443014,0.0428504,0.0414934,0.0401358,0.0387861,0.037526,0.0363467,0.0351099,0.034017,0.0328768,0.0318118,0.030765,0.0297393,0.0287808,0.0278424,0.0269261,0.0260335,0.0251657,0.0243547,0.023537,0.022773,0.0220071
6.3197e-05,23.5793,23.9857,23.2619,22.0877,20.8752,19.5119,18.2183,17.0663,16.2022,15.3918,14.7571,14.2814,13.966,13.7967,13.7891,13.916,13.7495,14.0192,13.7056,12.5976,10.1595,6.56988,1.45515,1.14448,0.969605,0.75487,0.692627,0.643575,0.604142,0.571516,0.512931,0.49321,0.454656,0.441593,0.414022,0.404721,0.383783,0.366063,0.360216,0.345774,0.333078,0.321725,0.311583,0.302387,0.293938,0.286207,0.274436,0.268099,0.258199,0.25285,0.244392,0.236617,0.232355,0.225514,0.219156,0.21087,0.205452,0.200354,0.193618,0.18919,0.183277,0.177766,0.172627,0.167813,0.163283,0.157801,0.15385,0.149032,0.144534,0.140324,0.136371,0.131826,0.128366,0.124367,0.120627,0.116486,0.113227,0.1096,0.106211,0.103035,0.100054,0.0968221,0.0938012,0.0909716,0.0879648,0.085159,0.0825337,0.0800715,0.0774885,0.0750728,0.0725737,0.0702413,0.0680589,0.0660119,0.0637288,0.0617694,0.0597733,0.0579058,0.0560166,0.0542498,0.0524736,0.0508124,0.0491505,0.0474982,0.0459555,0.0445118,0.0429975,0.0416595,0.0402635,0.0389596,0.0376779,0.036422,0.0352485,0.0340995,0.0329775,0.0318844,0.0308219,0.0298288,0.0288274,0.027892,0.026954
7.5837e-05,23.8118,24.2028,23.4721,22.2976,21.0873,19.7344,18.4582,17.3315,16.4986,15.7293,15.1429,14.7227,14.4691,14.3667,14.4279,14.6217,14.5246,14.8656,14.6132,13.6166,11.4484,8.51456,4.59815,1.57065,1.27094,0.957392,0.871958,0.806104,0.753958,0.711294,0.635791,0.610555,0.561629,0.545119,0.51045,0.498792,0.472624,0.450548,0.443286,0.425357,0.409626,0.395582,0.383052,0.371705,0.36129,0.351769,0.337268,0.329476,0.317296,0.310728,0.300334,0.290784,0.285559,0.27716,0.269354,0.259177,0.252529,0.246274,0.238003,0.23257,0.225312,0.218545,0.212237,0.206328,0.200766,0.194034,0.189184,0.183267,0.177743,0.172572,0.167717,0.162134,0.157885,0.152972,0.148376,0.143288,0.139284,0.134827,0.130662,0.126758,0.123095,0.119122,0.115409,0.11193,0.108234,0.104784,0.101556,0.0985291,0.0953528,0.0923823,0.089309,0.0864405,0.0837565,0.081239,0.0784307,0.0760207,0.0735654,0.0712682,0.0689442,0.0667707,0.0645856,0.062542,0.0604973,0.0584643,0.0565662,0.0547899,0.0529267,0.0512802,0.0495625,0.047958,0.0463807,0.0448353,0.0433911,0.0419771,0.0405962,0.039251,0.0379433,0.0367211,0.0354887,0.0343373,0.0331829
9.1004e-05,24.0443,24.4199,23.6824,22.5073,21.2982,19.9552,18.6958,17.5932,16.7907,16.061,15.5207,15.1528,14.9566,14.9151,15.0378,15.2895,15.2502,15.6468,15.438,14.5203,12.5371,9.96809,6.95947,3.27427,1.76719,1.24157,1.11719,1.02469,0.953033,0.89542,0.795659,0.762666,0.699453,0.678241,0.63402,0.619209,0.586108,0.558302,0.549192,0.526715,0.507045,0.489521,0.473917,0.459808,0.446873,0.435063,0.417071,0.40743,0.392343,0.384229,0.371376,0.359574,0.353133,0.342758,0.33312,0.320544,0.312338,0.304619,0.294402,0.2877,0.278735,0.270379,0.26259,0.255293,0.248426,0.240108,0.23412,0.226809,0.219985,0.213595,0.207597,0.200696,0.195446,0.189373,0.183692,0.177401,0.172452,0.16694,0.161789,0.156962,0.152432,0.147518,0.142925,0.138622,0.134048,0.12978,0.125786,0.122041,0.11811,0.114434,0.11063,0.10708,0.103758,0.100642,0.0971649,0.0941816,0.0911418,0.0882977,0.0854202,0.0827291,0.0800233,0.0774927,0.0749607,0.0724429,0.0700922,0.0678923,0.0655846,0.0635454,0.0614178,0.0594304,0.0574766,0.0555622,0.0537732,0.0520215,0.0503109,0.0486443,0.0470242,0.0455099,0.043983,0.0425566,0.0411262
0.00010921,24.2768,24.6372,23.893,22.7171,21.5082,20.1746,18.9311,17.8516,17.0788,16.3873,15.8911,15.5727,15.43,15.4446,15.6226,15.9248,15.9343,16.374,16.1961,15.3364,13.4878,11.1577,8.55912,5.91531,3.29323,1.67783,1.47368,1.33272,1.22831,1.14671,1.00985,0.965288,0.881298,0.853356,0.795728,0.776537,0.733919,0.698334,0.686735,0.658159,0.633243,0.611111,0.591455,0.573719,0.557488,0.542694,0.52015,0.508111,0.489251,0.479144,0.463114,0.448405,0.440406,0.427485,0.415487,0.399819,0.38961,0.380008,0.367287,0.358953,0.347793,0.33739,0.327695,0.318612,0.310065,0.299704,0.292251,0.283145,0.274644,0.266686,0.259214,0.250613,0.244074,0.236504,0.229424,0.221579,0.21541,0.208536,0.202114,0.196094,0.190444,0.184314,0.178583,0.173215,0.167508,0.162181,0.157198,0.152523,0.147616,0.143027,0.138278,0.133845,0.129697,0.125807,0.121465,0.117739,0.113942,0.11039,0.106796,0.103434,0.100054,0.096892,0.0937285,0.0905826,0.0876453,0.0848964,0.0820125,0.0794642,0.0768051,0.0743212,0.0718792,0.0694863,0.0672502,0.0650606,0.0629223,0.0608389,0.0588136,0.0569205,0.0550115,0.0532281,0.0514397
0.00013105,24.5096,24.8546,24.1039,22.9269,21.7172,20.3924,19.1642,18.1068,17.3631,16.7085,16.2545,15.9831,15.8905,15.9568,16.1847,16.5315,16.5823,17.0558,16.8995,16.0825,14.3369,12.1767,9.83091,7.54234,5.49939,2.51567,2.06263,1.80731,1.63573,1.50907,1.30873,1.24537,1.12927,1.09115,1.0137,0.988132,0.93182,0.885227,0.870159,0.833036,0.800844,0.772376,0.74719,0.724536,0.703858,0.685055,0.656402,0.641175,0.617284,0.604544,0.584308,0.565762,0.555723,0.539448,0.524343,0.504596,0.491758,0.479685,0.463664,0.453193,0.439143,0.426049,0.413847,0.402417,0.39166,0.378609,0.369231,0.35776,0.347052,0.337027,0.327614,0.316772,0.308533,0.29899,0.290063,0.280167,0.272389,0.263717,0.255615,0.248019,0.24089,0.233152,0.225918,0.219141,0.211934,0.205208,0.198913,0.193009,0.18681,0.181012,0.175011,0.169409,0.164167,0.159249,0.15376,0.14905,0.14425,0.139758,0.135213,0.130962,0.126687,0.122688,0.118686,0.114706,0.11099,0.107513,0.103864,0.100639,0.0972742,0.0941309,0.0910404,0.0880118,0.0851816,0.0824101,0.0797033,0.077066,0.074502,0.0721054,0.0696886,0.0674306,0.0651662
0.00015726,24.7427,25.0725,24.3154,23.1366,21.9253,20.6088,19.3954,18.359,17.6439,17.0251,16.6116,16.3848,16.3394,16.4536,16.7269,17.1132,17.1991,17.6991,17.5573,16.7722,15.1073,13.0752,10.9045,8.82452,7.02166,4.19249,3.27874,2.68303,2.32574,2.09029,1.75808,1.65907,1.48612,1.4306,1.32078,1.28491,1.20736,1.14404,1.12372,1.07406,1.03133,0.993761,0.960709,0.93112,0.904218,0.879845,0.842688,0.823054,0.792235,0.775894,0.749891,0.72614,0.71335,0.692505,0.673175,0.647864,0.631459,0.616038,0.595567,0.582203,0.564226,0.547476,0.53187,0.517253,0.503498,0.486785,0.474795,0.460106,0.446394,0.433556,0.421503,0.407604,0.397054,0.384819,0.373374,0.360677,0.350703,0.339576,0.329178,0.31943,0.310279,0.300342,0.291051,0.282346,0.273084,0.264439,0.25635,0.24876,0.24079,0.233335,0.225615,0.218409,0.211665,0.205339,0.198274,0.192212,0.186033,0.180251,0.174399,0.168924,0.163418,0.158268,0.153114,0.147986,0.143199,0.138718,0.134015,0.12986,0.125523,0.121472,0.117488,0.113584,0.109935,0.106362,0.102872,0.0994708,0.0961643,0.0930735,0.0899564,0.087044,0.0841232
0.00018871,24.9763,25.291,24.5274,23.3466,22.1325,20.824,19.6248,18.6086,17.9216,17.3373,16.9629,16.7786,16.7776,16.9363,17.251,17.6725,17.7887,18.3092,18.1764,17.4151,15.8151,13.8836,11.8427,9.90315,8.23903,5.67968,4.83494,4.14878,3.5945,3.15699,2.52133,2.34093,2.04818,1.95777,1.7869,1.73231,1.61736,1.5256,1.49656,1.42638,1.36675,1.31484,1.26964,1.22944,1.19307,1.16031,1.11046,1.08442,1.04336,1.02184,0.987547,0.956221,0.939602,0.912227,0.886874,0.853638,0.832174,0.812007,0.785102,0.767691,0.744124,0.722174,0.701732,0.682588,0.664574,0.642639,0.626942,0.607664,0.589671,0.572824,0.557006,0.538739,0.524892,0.50881,0.493763,0.477053,0.463966,0.449318,0.435628,0.422793,0.410743,0.397646,0.385399,0.373923,0.361705,0.3503,0.339626,0.329611,0.319087,0.309242,0.299044,0.289523,0.280612,0.272252,0.262909,0.254895,0.246723,0.239076,0.231332,0.224089,0.216802,0.209986,0.203161,0.196372,0.190032,0.184098,0.177868,0.172364,0.166617,0.161249,0.155969,0.150794,0.145957,0.14122,0.136593,0.132083,0.127698,0.123599,0.119465,0.115602,0.111727
0.00022645,25.2107,25.5102,24.74,23.5568,22.3391,21.038,19.8527,18.8558,18.1962,17.6455,17.3089,17.1652,17.2059,17.4062,17.7591,18.212,18.3543,18.8902,18.762,18.0183,16.4717,14.6213,12.682,10.845,9.27077,6.87472,6.10639,5.48557,4.97333,4.53594,3.74268,3.47543,3.00046,2.84884,2.56295,2.47248,2.28604,2.14082,2.09574,1.98802,1.89818,1.82121,1.75501,1.69683,1.64476,1.59823,1.52751,1.49116,1.4337,1.40413,1.3568,1.31382,1.29139,1.25395,1.21939,1.17379,1.14465,1.11726,1.08056,1.05691,1.02477,0.994851,0.967007,0.940979,0.916449,0.886477,0.865115,0.838779,0.814198,0.791184,0.769575,0.744556,0.725639,0.703607,0.683024,0.660088,0.642118,0.622007,0.603209,0.585581,0.569029,0.551012,0.534162,0.518371,0.501539,0.485825,0.471114,0.457311,0.442792,0.429208,0.415126,0.401978,0.389669,0.37812,0.3652,0.35412,0.342816,0.332236,0.321519,0.311492,0.3014,0.291959,0.282504,0.273094,0.264306,0.256079,0.247439,0.239805,0.231832,0.224383,0.217055,0.209871,0.203156,0.196578,0.190152,0.183888,0.177796,0.172101,0.166355,0.160986,0.1556
0.00027174,25.446,25.7304,24.9531,23.7671,22.545,21.2511,20.079,19.1009,18.4681,17.95,17.6498,17.5444,17.6254,17.8645,18.2524,18.7336,18.8987,19.4459,19.3189,18.5878,17.0855,15.3024,13.4454,11.6881,10.1766,7.88061,7.15938,6.58439,6.11529,5.71497,4.95311,4.69138,4.18249,4.0142,3.66495,3.55254,3.30258,3.10041,3.03891,2.88425,2.7539,2.64179,2.5453,2.46055,2.38484,2.31738,2.21389,2.16183,2.0783,2.03631,1.96851,1.90718,1.87594,1.82264,1.77344,1.70807,1.66666,1.62781,1.57524,1.54174,1.49573,1.45289,1.41304,1.37573,1.34061,1.29745,1.26687,1.22893,1.19351,1.16034,1.12919,1.09299,1.0657,1.0338,1.00394,0.97063,0.944588,0.915361,0.888034,0.862397,0.838317,0.812053,0.787481,0.764446,0.739852,0.716885,0.69538,0.675193,0.653934,0.634038,0.61339,0.594106,0.576051,0.559104,0.540119,0.523844,0.507225,0.491669,0.4759,0.461144,0.446283,0.432378,0.418445,0.404572,0.391613,0.379481,0.366731,0.355467,0.343694,0.332694,0.32187,0.311255,0.301332,0.291608,0.282105,0.272841,0.263829,0.255403,0.2469,0.238954,0.23098
0.00032609,25.6824,25.9517,25.1671,23.9774,22.7502,21.4631,20.3041,19.3441,18.7375,18.2512,17.9862,17.9184,18.0366,18.3122,18.7325,19.2393,19.424,19.9793,19.8507,19.1282,17.6631,15.9369,14.1487,12.4565,10.9917,8.75704,8.06299,7.51533,7.07237,6.69568,5.96446,5.71462,5.21453,5.05121,4.69717,4.58535,4.3226,4.10457,4.0404,3.86754,3.71866,3.58784,3.47326,3.37117,3.27852,3.19506,3.06373,2.99753,2.88921,2.83483,2.74548,2.66401,2.62253,2.55102,2.48464,2.39571,2.33932,2.28623,2.21391,2.16785,2.10424,2.04492,1.98962,1.93775,1.88885,1.82862,1.78593,1.73286,1.68328,1.6368,1.59313,1.54231,1.50401,1.45918,1.41721,1.37034,1.33369,1.29254,1.25406,1.21795,1.18402,1.147,1.11236,1.07987,1.04518,1.01279,0.982445,0.953962,0.923959,0.895878,0.86673,0.839507,0.814016,0.790089,0.763281,0.740298,0.716828,0.694858,0.672584,0.651742,0.63075,0.611107,0.591424,0.571825,0.553517,0.536376,0.518361,0.502446,0.485811,0.470267,0.454972,0.439972,0.425949,0.412208,0.398779,0.385686,0.37295,0.361042,0.349025,0.337794,0.326524
0.0003913,25.9201,26.1742,25.3818,24.1876,22.9547,21.6743,20.5278,19.5857,19.0046,18.5491,18.3181,18.2861,18.4401,18.7501,19.2003,19.7303,19.9321,20.4926,20.3602,19.6433,18.2099,16.5323,14.8032,13.1663,11.7387,9.5405,8.8604,8.32707,7.8981,7.53374,6.81845,6.5736,6.07664,5.91431,5.55604,5.44266,5.171,4.942,4.87416,4.68857,4.52628,4.38159,4.25311,4.13712,4.03069,3.9337,3.78038,3.70154,3.5726,3.50646,3.39795,3.29826,3.24621,3.15794,3.07563,2.96585,2.89538,2.82887,2.73887,2.68089,2.60152,2.52736,2.45812,2.39313,2.33183,2.25666,2.20306,2.13678,2.07483,2.01676,1.96218,1.89888,1.85101,1.79518,1.7429,1.68467,1.63904,1.58793,1.54014,1.49529,1.45317,1.4073,1.36438,1.32415,1.28125,1.24119,1.20368,1.16849,1.13145,1.09679,1.06086,1.0273,0.995886,0.966405,0.933419,0.905131,0.876264,0.849246,0.821874,0.796264,0.770486,0.746368,0.722212,0.698171,0.675717,0.654697,0.632618,0.613113,0.592737,0.573699,0.554971,0.53661,0.519448,0.502635,0.486208,0.470197,0.454625,0.440067,0.425379,0.411655,0.397886
0.00046956,26.1594,26.3981,25.5971,24.3977,23.1587,21.8846,20.7505,19.8259,19.2696,18.8442,18.6461,18.6484,18.8368,19.1786,19.6571,20.2081,20.4247,20.9882,20.8501,20.1359,18.7301,17.0947,15.4171,13.8295,12.4337,10.2558,9.58004,9.05204,8.62852,8.26867,7.55764,7.31256,6.81193,6.64677,6.28016,6.16225,5.87906,5.63729,5.56354,5.36408,5.18765,5.02875,4.88621,4.75628,4.63621,4.52596,4.35262,4.26146,4.11406,4.03658,3.91095,3.79504,3.73306,3.63004,3.53383,3.40633,3.32362,3.24551,3.14071,3.07248,2.97998,2.89352,2.81277,2.73696,2.66547,2.57827,2.51574,2.43889,2.36705,2.29972,2.23646,2.16336,2.10789,2.04345,1.98312,1.9161,1.86347,1.80468,1.74971,1.69816,1.64975,1.59714,1.54793,1.50182,1.45272,1.40688,1.36398,1.32372,1.28143,1.24186,1.20087,1.1626,1.12679,1.09318,1.05564,1.02343,0.990589,0.959856,0.928741,0.899636,0.870356,0.842967,0.815549,0.788274,0.762803,0.738963,0.71394,0.69183,0.668747,0.647184,0.625979,0.605195,0.58577,0.566746,0.548163,0.530055,0.512448,0.495989,0.479389,0.463879,0.448323
0.00056348,26.4005,26.6235,25.8131,24.6076,23.3622,22.0941,20.9723,20.0651,19.5326,19.1365,18.9704,19.0059,19.227,19.5998,20.1037,20.6739,20.9034,21.4677,21.3223,20.609,19.2269,17.6289,15.9972,14.4546,13.0886,10.9206,10.242,9.71238,9.28783,8.92667,8.21142,7.96252,7.45353,7.28322,6.90542,6.78124,6.48503,6.22948,6.14875,5.93514,5.74454,5.57162,5.41535,5.27208,5.13903,5.01623,4.82473,4.72209,4.55819,4.47028,4.3295,4.19934,4.12839,4.0125,3.90418,3.76157,3.66829,3.5802,3.46289,3.38586,3.28231,3.18554,3.09513,3.01026,2.93027,2.83314,2.76319,2.67761,2.59764,2.52272,2.45234,2.37127,2.30959,2.23816,2.17131,2.09721,2.03892,1.97395,1.91322,1.85629,1.80284,1.74484,1.69062,1.63981,1.58579,1.53537,1.48819,1.44393,1.39748,1.35403,1.30906,1.26709,1.22781,1.19096,1.14985,1.11457,1.07862,1.04498,1.01094,0.979108,0.947098,0.917161,0.887205,0.857417,0.829604,0.803574,0.776267,0.752138,0.72696,0.703442,0.680321,0.657665,0.636493,0.615762,0.595517,0.575792,0.556618,0.538695,0.520624,0.50374,0.48681
0.00067617,26.6435,26.8505,26.0296,24.817,23.5652,22.3029,21.1932,20.3032,19.7938,19.4264,19.2912,19.3588,19.6113,20.0129,20.5406,21.1286,21.3694,21.9328,21.7788,21.0645,19.7032,18.1385,16.5485,15.0481,13.7118,11.5486,10.8614,10.3242,9.89334,9.52622,8.79985,8.54448,8.02385,7.84692,7.45639,7.32514,7.01527,6.74576,6.6577,6.43014,6.22581,6.03948,5.8702,5.71434,5.56917,5.4347,5.22673,5.11356,4.93484,4.83744,4.6832,4.54041,4.4614,4.33417,4.2152,4.05945,3.95692,3.8601,3.73198,3.6473,3.53423,3.42859,3.32989,3.23726,3.14999,3.04441,2.9681,2.87513,2.78827,2.70691,2.63051,2.54271,2.47578,2.39847,2.32614,2.24611,2.18306,2.11292,2.04738,1.98595,1.92829,1.86581,1.80741,1.7527,1.6946,1.64038,1.58965,1.54207,1.49218,1.44552,1.39727,1.35224,1.3101,1.27059,1.22653,1.18872,1.15021,1.11419,1.07775,1.04368,1.00943,0.977406,0.945371,0.913527,0.883797,0.855977,0.826805,0.801026,0.774138,0.749025,0.724341,0.700159,0.677563,0.655442,0.633843,0.612804,0.592354,0.573241,0.553973,0.535974,0.517928
0.0008114,26.8888,27.0792,26.2466,25.0259,23.7677,22.5111,21.4134,20.5408,20.0534,19.7139,19.6087,19.7075,19.9901,20.4191,20.9695,21.5732,21.8239,22.3849,22.2213,21.5044,20.1614,18.6266,17.0751,15.6154,14.3104,12.152,11.4512,10.901,10.4587,10.0812,9.33733,9.0734,8.53871,8.35428,7.95017,7.81143,7.48773,7.2044,7.10898,6.86794,6.65046,6.45143,6.26989,6.10227,5.94582,5.80054,5.57755,5.4547,5.26256,5.1565,4.99016,4.83605,4.74973,4.61238,4.48391,4.31653,4.20579,4.10123,3.96358,3.87212,3.75069,3.63725,3.53128,3.43184,3.33819,3.22525,3.14339,3.04397,2.95112,2.86417,2.78253,2.68892,2.61743,2.53503,2.45796,2.37281,2.30565,2.23106,2.16137,2.09607,2.03479,1.96847,1.90648,1.84842,1.78682,1.72934,1.67558,1.62516,1.57233,1.52293,1.47188,1.42423,1.37966,1.33787,1.29132,1.25135,1.21067,1.17261,1.13414,1.09816,1.06201,1.02821,0.994416,0.960828,0.929473,0.900135,0.869383,0.842207,0.813871,0.787408,0.761403,0.73593,0.71213,0.688834,0.666092,0.643942,0.622415,0.602297,0.582019,0.563077,0.544091
0.00097369,27.1367,27.3097,26.4641,25.2343,23.9699,22.7186,21.6328,20.7778,20.3116,19.9994,19.9234,20.0523,20.3639,20.8189,21.3903,22.0087,22.2678,22.8252,22.6511,21.9304,20.6035,19.096,17.5802,16.1606,14.89,12.7417,12.0237,11.4549,10.9956,10.6029,9.83482,9.56028,9.00931,8.81672,8.39847,8.25204,7.91463,7.6178,7.51513,7.26117,7.0312,6.82017,6.62712,6.44848,6.28153,6.1262,5.88941,5.75762,5.55324,5.43921,5.26188,5.0975,5.00452,4.85801,4.72097,4.54315,4.425,4.31347,4.16729,4.06974,3.94083,3.82044,3.70797,3.60247,3.50314,3.38365,3.29685,3.19172,3.09356,3.00164,2.91536,2.81661,2.74108,2.6542,2.57294,2.48329,2.41251,2.334,2.26066,2.19196,2.12749,2.05779,1.99265,1.93166,1.86699,1.80666,1.75024,1.69733,1.64193,1.59013,1.53663,1.48671,1.44001,1.39623,1.3475,1.30565,1.26307,1.22324,1.18299,1.14536,1.10756,1.07221,1.03688,1.00178,0.969009,0.938352,0.906228,0.877837,0.848244,0.820609,0.793456,0.766864,0.742019,0.717704,0.69397,0.670856,0.648396,0.627407,0.606255,0.586497,0.566695
0.0011684,27.3873,27.542,26.6819,25.4419,24.1716,22.9255,21.8517,21.0144,20.5682,20.2828,20.2353,20.3935,20.7329,21.2127,21.8039,22.4356,22.702,23.2548,23.0694,22.3437,21.0311,19.5488,18.0667,16.6869,15.4548,13.3289,12.5913,11.9978,11.5151,11.1013,10.3008,10.0135,9.444,9.2427,8.80993,8.65573,8.30479,7.99484,7.88509,7.61874,7.37689,7.15451,6.95061,6.76164,6.58485,6.42015,6.1706,6.03051,5.81484,5.69345,5.50603,5.33226,5.23315,5.07827,4.9334,4.7461,4.6212,4.50333,4.34942,4.24633,4.11066,3.98397,3.86564,3.75465,3.65018,3.52481,3.43354,3.32327,3.22032,3.12395,3.03349,2.93013,2.85098,2.76007,2.67506,2.58138,2.50735,2.42534,2.34874,2.27699,2.20968,2.13696,2.06901,2.0054,1.938,1.87513,1.81633,1.76121,1.70352,1.64959,1.59391,1.54196,1.49337,1.44782,1.39715,1.35364,1.30937,1.26797,1.22615,1.18704,1.14777,1.11106,1.07437,1.03792,1.0039,0.972078,0.93874,0.909274,0.878569,0.849897,0.821729,0.794146,0.768378,0.743161,0.718551,0.694586,0.671301,0.649543,0.627618,0.607139,0.586617
0.0014021,27.641,27.7764,26.9001,25.6489,24.3731,23.132,22.0699,21.2509,20.8238,20.5645,20.5448,20.7314,21.0977,21.6011,22.2109,22.855,23.1277,23.6747,23.4774,22.7457,21.4459,19.9869,18.5371,17.1972,16.0083,13.9265,13.1708,12.5455,12.0299,11.5866,10.7428,10.4399,9.84945,9.63889,9.19122,9.02923,8.66495,8.34224,8.22561,7.94738,7.69419,7.46105,7.24689,7.04817,6.86213,6.68863,6.42719,6.27934,6.05321,5.92496,5.72822,5.54575,5.44096,5.27836,5.12628,4.93026,4.79916,4.67545,4.51446,4.40628,4.26442,4.13198,4.00827,3.89226,3.78311,3.65236,3.55701,3.44207,3.33476,3.23433,3.14007,3.03252,2.95007,2.85551,2.76709,2.66974,2.59278,2.50759,2.42803,2.35353,2.28363,2.20818,2.1377,2.07171,2.00184,1.93667,1.87573,1.81861,1.75885,1.703,1.64535,1.59157,1.54128,1.49413,1.44172,1.3967,1.35092,1.3081,1.26486,1.22443,1.18384,1.1459,1.10799,1.07033,1.03519,1.00231,0.96788,0.937448,0.905744,0.87614,0.84706,0.818589,0.791991,0.765966,0.740568,0.71584,0.691816,0.669367,0.646749,0.625623,0.604456
0.0016825,27.898,28.0127,27.1184,25.8549,24.5744,23.338,22.2876,21.4871,21.078,20.8444,20.852,21.0662,21.4583,21.9844,22.6117,23.2671,23.5451,24.0856,23.8759,23.1374,21.849,20.4118,18.9932,17.6938,16.5529,14.5481,13.7854,13.1211,12.5576,12.0711,11.1674,10.8454,10.2307,10.0102,9.5472,9.37739,8.99998,8.66486,8.54154,8.25189,7.98786,7.74447,7.52058,7.31262,7.11786,6.93607,6.66348,6.50835,6.27244,6.13777,5.93233,5.74178,5.63168,5.46191,5.30314,5.09905,4.96219,4.83308,4.66554,4.55265,4.40507,4.26731,4.13865,4.01802,3.90454,3.76885,3.66975,3.55049,3.43919,3.33501,3.23727,3.12587,3.04039,2.94247,2.85093,2.75024,2.67057,2.58247,2.50021,2.42318,2.35093,2.27298,2.20017,2.13202,2.05989,1.99262,1.92972,1.87077,1.80913,1.75152,1.69208,1.63664,1.58479,1.53619,1.48219,1.4358,1.38863,1.34453,1.29999,1.25836,1.21657,1.17751,1.13849,1.09973,1.06356,1.02973,0.994309,0.962999,0.930387,0.899936,0.870029,0.84075,0.813399,0.78664,0.760528,0.735107,0.71041,0.687335,0.664088,0.642376,0.620624
0.002019,28.1588,28.2513,27.337,26.0603,24.7756,23.5437,22.5049,21.7231,21.3313,21.123,21.1573,21.3984,21.8154,22.3631,23.0071,23.673,23.9554,24.4886,24.266,23.5202,22.2419,20.8251,19.437,18.1788,17.0909,15.2073,14.4734,13.7719,13.1309,12.5735,11.5821,11.2357,10.5924,10.3612,9.88228,9.70457,9.31415,8.96689,8.83704,8.53636,8.26194,8.00874,7.77556,7.55882,7.35576,7.16612,6.88302,6.72101,6.47589,6.33516,6.12157,5.92345,5.80835,5.63187,5.46683,5.25522,5.11298,4.97882,4.80518,4.68789,4.53498,4.39228,4.25901,4.13408,4.01658,3.8763,3.77371,3.65046,3.53543,3.42779,3.32681,3.21185,3.12356,3.02254,2.92811,2.82432,2.74215,2.65136,2.5666,2.48723,2.4128,2.33255,2.2576,2.18744,2.11323,2.04403,1.97933,1.91869,1.85531,1.79608,1.73499,1.67801,1.62473,1.57479,1.51933,1.47168,1.42324,1.37795,1.33223,1.28949,1.2466,1.20651,1.16646,1.12669,1.08959,1.05488,1.01854,0.986425,0.95298,0.921752,0.891085,0.861065,0.833022,0.805589,0.778822,0.752765,0.727453,0.703802,0.679979,0.657729,0.63544
0.0024228,28.4235,28.4919,27.5556,26.2647,24.9766,23.749,22.7217,21.9587,21.5835,21.4,21.4605,21.7278,22.1687,22.7373,23.397,24.0726,24.3587,24.884,24.6482,23.8941,22.6251,21.2277,19.8693,18.6533,17.6229,15.9097,15.2825,14.6268,13.8448,13.1309,11.9948,11.616,10.9381,10.6952,10.1994,10.0137,9.61033,9.25117,9.11494,8.80358,8.51914,8.25655,8.01447,7.78934,7.57838,7.38126,7.08821,6.91966,6.66586,6.51939,6.29811,6.09285,5.97304,5.79025,5.61932,5.40064,5.25335,5.11445,4.9351,4.81368,4.65578,4.50846,4.37087,4.24191,4.12065,3.97608,3.87023,3.74324,3.62475,3.51388,3.40988,3.29159,3.20069,3.09678,2.99966,2.89298,2.80848,2.71519,2.6281,2.54657,2.47011,2.38771,2.31076,2.23875,2.16261,2.0916,2.02523,1.96303,1.89804,1.8373,1.77468,1.71628,1.66167,1.61049,1.55367,1.50485,1.45524,1.40885,1.36202,1.31826,1.27434,1.2333,1.1923,1.15161,1.11363,1.07811,1.04093,1.00807,0.973851,0.941905,0.910535,0.879829,0.851148,0.823092,0.795719,0.769074,0.743192,0.719011,0.694655,0.671908,0.649123
0.0029074,28.6924,28.7347,27.7743,26.4683,25.1776,23.954,22.938,22.1938,21.8347,21.6757,21.762,22.0546,22.5188,23.1075,23.7821,24.4667,24.7556,25.2726,25.0233,24.2612,23,21.6208,20.2918,19.1187,18.1499,16.6469,16.2051,15.8281,15.2944,13.9032,12.4174,11.9929,11.2715,11.0154,10.5017,10.3078,9.89142,9.52053,9.37803,9.05627,8.76213,8.49047,8.23983,8.00665,7.78813,7.58386,7.28132,7.10654,6.84447,6.69255,6.46397,6.25196,6.12767,5.9389,5.7624,5.53705,5.38498,5.2416,5.05686,4.93154,4.76895,4.61726,4.47561,4.34286,4.21806,4.06946,3.96053,3.83004,3.70829,3.59438,3.48754,3.36613,3.27277,3.16614,3.06649,2.95711,2.87044,2.7748,2.68552,2.60196,2.5236,2.43919,2.36038,2.28663,2.20868,2.13599,2.06804,2.00438,1.93788,1.87575,1.8117,1.75196,1.69611,1.64377,1.58568,1.53577,1.48506,1.43764,1.38979,1.34507,1.3002,1.25827,1.21639,1.17482,1.13603,1.09975,1.06179,1.02823,0.993293,0.960677,0.928652,0.897308,0.868031,0.839395,0.811457,0.784265,0.757853,0.733177,0.708325,0.685115,0.661868
0.0034889,28.9658,28.9797,27.993,26.6711,25.3787,24.1589,23.1538,22.4284,22.085,21.9501,22.0619,22.3792,22.8658,23.4737,24.1626,24.8556,25.1468,25.6548,25.3919,24.621,23.3671,22.0054,20.7054,19.5762,18.672,17.3983,17.1478,17.0164,16.8042,16.1241,12.8707,12.3747,11.5962,11.3249,10.7916,10.5893,10.1597,9.77711,9.62845,9.29651,8.99293,8.71248,8.45357,8.21263,7.98683,7.77569,7.46408,7.28332,7.01337,6.85622,6.6207,6.40225,6.27369,6.07924,5.89743,5.66575,5.50915,5.36152,5.17166,5.04264,4.8756,4.71978,4.57428,4.43794,4.30978,4.15737,4.04553,3.91173,3.78689,3.67011,3.56059,3.43625,3.34056,3.23137,3.12934,3.0174,2.92867,2.83082,2.73949,2.654,2.57385,2.48755,2.40699,2.3316,2.25194,2.17767,2.10825,2.04321,1.97529,1.91183,1.84644,1.78545,1.72843,1.675,1.61572,1.56479,1.51304,1.46466,1.41584,1.37022,1.32446,1.28169,1.23898,1.19659,1.15704,1.12005,1.08135,1.04714,1.01153,0.978287,0.945647,0.913704,0.883868,0.854687,0.82622,0.798514,0.771606,0.746465,0.721148,0.697505,0.673825
0.0041867,29.2442,29.2272,28.2118,26.8734,25.5798,24.3637,23.3694,22.6622,22.3346,22.2236,22.3604,22.7016,23.2101,23.8367,24.5391,25.2398,25.5326,26.0313,25.7547,24.9745,23.7273,22.3827,21.1115,20.027,19.1896,18.1448,18.0527,18.0792,18.0232,17.5849,13.4089,12.7749,11.9162,11.6268,11.0716,10.8604,10.4173,10.023,9.86822,9.52624,9.21342,8.9244,8.65747,8.409,8.17616,7.9584,7.63805,7.45155,7.17402,7.01187,6.76968,6.54507,6.41242,6.21253,6.02567,5.78794,5.62701,5.47532,5.28059,5.14804,4.97676,4.817,4.66783,4.52807,4.39672,4.24068,4.12608,3.98912,3.86136,3.74184,3.62978,3.50263,3.40473,3.29312,3.18882,3.07447,2.98378,2.88383,2.79054,2.70324,2.62139,2.5333,2.45107,2.37412,2.29285,2.21708,2.14627,2.07992,2.01066,1.94595,1.87928,1.81711,1.75898,1.70452,1.64412,1.59221,1.53948,1.49019,1.44047,1.39399,1.34738,1.30382,1.26033,1.21717,1.1769,1.13924,1.09984,1.06501,1.02876,0.994925,0.961705,0.929196,0.898832,0.869137,0.840171,0.81198,0.784602,0.759023,0.733267,0.709214,0.685125
0.005024,29.5276,29.4767,28.4305,27.0752,25.7811,24.5682,23.5844,22.895,22.5834,22.4958,22.6572,23.0218,23.5514,24.196,24.9114,25.6192,25.913,26.402,26.1115,25.322,24.0807,22.7526,21.5103,20.4713,19.7021,18.8738,18.906,19.0389,19.0756,18.7587,15.6355,13.2191,12.2358,11.924,11.3437,11.123,10.6658,10.2597,10.0988,9.74684,9.42493,9.12752,8.85276,8.59698,8.35731,8.13312,7.80434,7.61229,7.32748,7.16048,6.9119,6.68137,6.54478,6.33968,6.14796,5.90445,5.73937,5.58378,5.38439,5.24846,5.07312,4.9096,4.75692,4.61389,4.47949,4.31999,4.20274,4.06277,3.93221,3.81009,3.69559,3.56578,3.46578,3.35184,3.24539,3.12873,3.03618,2.93423,2.83908,2.75005,2.66658,2.57678,2.49296,2.41454,2.33173,2.25454,2.18239,2.1148,2.04426,1.97836,1.91048,1.84718,1.78801,1.73256,1.67109,1.61826,1.5646,1.51445,1.46385,1.41657,1.36915,1.32484,1.28061,1.23671,1.19576,1.15746,1.1174,1.08198,1.04513,1.01073,0.97696,0.943914,0.913049,0.882866,0.853425,0.824774,0.796951,0.770957,0.744784,0.720342,0.695866
0.0060288,29.8163,29.7285,28.6493,27.2764,25.9825,24.7726,23.799,23.1267,22.8314,22.7671,22.9528,23.3399,23.8901,24.5522,25.28,25.9943,26.2886,26.7674,26.4632,25.6641,24.4283,23.1162,21.9028,20.91,20.2095,19.5808,19.7105,19.919,20.0165,19.772,17.3241,13.7945,12.5613,12.2205,11.6103,11.3793,10.9071,10.4889,10.3218,9.95993,9.629,9.32333,9.04088,8.77795,8.53162,8.30118,7.96421,7.76677,7.47489,7.30322,7.04845,6.81221,6.67182,6.46168,6.26528,6.0162,5.84712,5.68779,5.48391,5.34473,5.16548,4.99834,4.84229,4.69612,4.55879,4.39596,4.27617,4.13331,4.00006,3.87545,3.75861,3.62625,3.52422,3.40806,3.29953,3.18066,3.08632,2.98246,2.88553,2.79484,2.70982,2.61839,2.53305,2.45321,2.36893,2.29037,2.21694,2.14817,2.07641,2.00937,1.94032,1.87595,1.81577,1.75939,1.69689,1.64317,1.58863,1.53765,1.48622,1.43817,1.38998,1.34495,1.30001,1.25541,1.2138,1.17489,1.1342,1.09823,1.0608,1.02585,0.991556,0.957997,0.926655,0.896005,0.866111,0.837021,0.808772,0.782381,0.75581,0.730997,0.706151
0.0072346,30.1107,29.9826,28.8684,27.4777,26.1843,24.9772,24.0134,23.3574,23.0788,23.0376,23.2472,23.6563,24.2265,24.9055,25.6452,26.3655,26.6597,27.128,26.81,26.0012,24.7706,23.4743,22.2899,21.344,20.7119,20.2647,20.472,20.7365,20.8761,20.6784,18.5568,16.5497,12.902,12.5212,11.8741,11.6315,11.1432,10.7123,10.539,10.167,9.82705,9.51316,9.22313,8.95316,8.70029,8.46373,8.11876,7.91607,7.61732,7.44109,7.18032,6.93853,6.79444,6.57943,6.3785,6.12402,5.95107,5.78811,5.57989,5.43756,5.25454,5.0839,4.9246,4.77539,4.63522,4.46918,4.34693,4.20129,4.06545,3.93842,3.81933,3.6845,3.58052,3.46221,3.35169,3.23069,3.13463,3.02892,2.93027,2.83798,2.75146,2.65846,2.57165,2.49045,2.40475,2.32487,2.25022,2.1803,2.10736,2.03923,1.96907,1.90365,1.84251,1.78522,1.72174,1.66717,1.61178,1.55999,1.50777,1.45897,1.41004,1.36433,1.31869,1.27342,1.23119,1.19169,1.15039,1.11388,1.07589,1.04043,1.00563,0.971574,0.93977,0.908673,0.878343,0.84883,0.820172,0.793399,0.766446,0.741276,0.716074
0.0086815,30.4108,30.2389,29.0876,27.6791,26.3864,25.1817,24.2273,23.5866,23.3257,23.3072,23.5401,23.9707,24.5604,25.2557,26.0067,26.7324,27.026,27.4836,27.1519,26.3334,25.1075,23.8268,22.6716,21.7729,21.2086,20.9254,21.1952,21.5023,21.6716,21.5053,19.584,17.9836,13.2742,12.8325,12.1376,11.8817,11.3754,10.9312,10.7515,10.3692,10.0201,9.698,9.40043,9.1235,8.86419,8.62161,8.2688,8.06096,7.7555,7.57482,7.30819,7.061,6.91331,6.69356,6.48821,6.2285,6.05179,5.8853,5.67287,5.52749,5.34081,5.16677,5.00431,4.85216,4.70924,4.54009,4.41546,4.26711,4.12876,3.99939,3.87812,3.7409,3.63503,3.51464,3.40219,3.27912,3.18139,3.07389,2.97359,2.87974,2.79178,2.69725,2.60903,2.5265,2.43944,2.35828,2.28245,2.21141,2.13734,2.06814,1.9969,1.93048,1.8684,1.81024,1.7458,1.69042,1.63419,1.58164,1.52864,1.47913,1.42948,1.3831,1.3368,1.29088,1.24803,1.20797,1.16608,1.12905,1.09052,1.05456,1.01927,0.984739,0.952491,0.92096,0.890209,0.860288,0.831234,0.804093,0.77677,0.751255,0.725709
0.010418,30.717,30.4975,29.3073,27.8809,26.589,25.3864,24.4409,23.8146,23.5722,23.5762,23.8321,24.2834,24.8923,25.6035,26.3651,27.0958,27.3881,27.8347,27.4894,26.6612,25.4398,24.1746,23.0489,22.1979,21.7001,21.5649,21.8859,22.2258,22.4164,22.2715,20.4868,19.0981,13.7188,13.166,12.4048,12.1329,11.6062,11.1475,10.9611,10.568,10.2096,9.87923,9.5741,9.29024,9.02452,8.77599,8.41543,8.20253,7.89046,7.70542,7.43304,7.18055,7.02934,6.80495,6.59529,6.33046,6.15007,5.98014,5.7636,5.61523,5.42497,5.24762,5.08208,4.92705,4.78145,4.60926,4.48231,4.33132,4.19052,4.05887,3.93548,3.79592,3.68821,3.5658,3.45146,3.32638,3.22703,3.11778,3.01585,2.9205,2.83113,2.73511,2.64551,2.56169,2.47329,2.39089,2.3139,2.24179,2.1666,2.09637,2.02408,1.95668,1.89369,1.83467,1.76931,1.71312,1.65609,1.60278,1.54904,1.49882,1.44848,1.40144,1.3545,1.30794,1.2645,1.22389,1.18142,1.14388,1.10484,1.06839,1.03262,0.997623,0.964942,0.932988,0.901827,0.871508,0.842069,0.814567,0.786884,0.761033,0.735152
0.012501,31.0291,30.7581,29.5275,28.0833,26.7919,25.5912,24.654,24.0411,23.8181,23.8445,24.1227,24.5944,25.222,25.9484,26.7201,27.4553,27.7459,28.1812,27.8225,26.9844,25.7674,24.5176,23.4217,22.6188,22.1857,22.184,22.5473,22.9128,23.1184,22.9878,21.3022,20.047,15.9111,13.5437,12.6805,12.3884,11.8376,11.3629,11.1692,10.7649,10.3968,10.0579,9.74514,9.45431,9.1822,8.92773,8.55948,8.34157,8.02297,7.83362,7.55557,7.29787,7.1432,6.91424,6.70035,6.43049,6.24649,6.07319,5.85261,5.70131,5.50755,5.32695,5.15838,5.00054,4.85231,4.67714,4.54791,4.39434,4.25114,4.11725,3.99177,3.84994,3.74042,3.61602,3.49983,3.37279,3.27184,3.16088,3.05736,2.96053,2.86978,2.7723,2.68134,2.59627,2.50656,2.42294,2.34482,2.27165,2.19537,2.12412,2.0508,1.98244,1.91855,1.85871,1.79243,1.73545,1.67763,1.62359,1.56911,1.5182,1.46718,1.4195,1.37193,1.32474,1.28073,1.23957,1.19654,1.1585,1.11894,1.08202,1.04578,1.01033,0.97722,0.944853,0.913289,0.882579,0.852762,0.824908,0.796871,0.770691,0.744481
0.015002,31.3475,31.0211,29.7486,28.2868,26.9955,25.7963,24.8669,24.2666,24.0638,24.1123,24.4123,24.9039,25.5499,26.2909,27.0722,27.8114,28.0997,28.5234,28.1514,27.3034,26.0906,24.8564,23.7907,23.0359,22.6659,22.785,23.1835,23.569,23.7847,23.6634,22.0528,20.8909,17.676,14.034,12.9726,12.6535,12.0727,11.5795,11.378,10.9615,10.5832,10.2355,9.91495,9.61705,9.33848,9.07806,8.70209,8.47918,8.15407,7.96044,7.67677,7.4139,7.25581,7.02233,6.80424,6.52942,6.34186,6.16522,5.94066,5.78647,5.58924,5.40544,5.23388,5.07325,4.92243,4.74432,4.61285,4.45672,4.31115,4.17506,4.04752,3.90342,3.79212,3.66577,3.54775,3.41876,3.31623,3.20359,3.09851,3.00021,2.90809,2.80918,2.71688,2.63056,2.53955,2.45473,2.37549,2.30127,2.22392,2.15167,2.07732,2.00802,1.94324,1.88257,1.81539,1.75764,1.69904,1.64426,1.58905,1.53747,1.48577,1.43746,1.38926,1.34146,1.29687,1.25517,1.21159,1.17306,1.13299,1.09559,1.05889,1.02298,0.989457,0.956679,0.924717,0.89362,0.863429,0.835226,0.806839,0.780332,0.753797
0.018002,31.672,31.2861,29.9706,28.4915,27.1995,26.0015,25.0796,24.4909,24.3093,24.3794,24.7006,25.2118,25.8756,26.6308,27.4211,28.1636,28.4492,28.8611,28.476,27.6183,26.4095,25.1908,24.1556,23.4492,23.1401,23.3687,23.7968,24.1976,24.4198,24.3038,22.7518,21.6593,18.8978,17.1937,13.2944,12.9354,12.3152,11.8001,11.5897,11.1596,10.7704,10.4134,10.0847,9.77957,9.49443,9.22797,8.84421,8.61628,8.28464,8.08674,7.79746,7.52942,7.36792,7.12994,6.9077,6.62793,6.43683,6.25689,6.02837,5.8713,5.67064,5.48365,5.30912,5.14574,4.99234,4.81131,4.6776,4.51895,4.37102,4.23273,4.10315,3.95681,3.84374,3.71543,3.59561,3.46467,3.36059,3.24626,3.13962,3.03987,2.94639,2.84605,2.75242,2.66485,2.57256,2.48654,2.40618,2.33092,2.25249,2.17924,2.10389,2.03363,1.96798,1.90648,1.83841,1.77988,1.7205,1.665,1.60906,1.5568,1.50442,1.45548,1.40666,1.35824,1.31308,1.27084,1.22671,1.18769,1.14711,1.10924,1.07207,1.03572,1.00177,0.968584,0.936224,0.904741,0.874176,0.845625,0.816888,0.790055,0.763194
0.021602,32.0027,31.5533,30.1941,28.6978,27.4042,26.2071,25.2923,24.714,24.5543,24.6462,24.9881,25.5184,26.1997,26.9685,27.7671,28.5124,28.795,29.1948,28.7967,27.9288,26.7243,25.5214,24.5171,23.859,23.6088,23.937,24.39,24.8025,25.0281,24.9144,23.4093,22.3712,19.9074,18.6609,13.6766,13.2479,12.571,12.0282,11.8075,11.3617,10.9604,10.5935,10.2562,9.94352,9.6516,9.37895,8.98722,8.75421,8.41595,8.21374,7.91879,7.64557,7.48065,7.23815,7.01173,6.72701,6.53237,6.34912,6.11663,5.95669,5.75258,5.5624,5.38491,5.21875,5.06278,4.87882,4.74288,4.58168,4.4314,4.29091,4.15927,4.01069,3.89584,3.76558,3.64393,3.51106,3.4054,3.28939,3.18117,3.07996,2.98512,2.88334,2.78837,2.69955,2.60596,2.51874,2.43726,2.36095,2.28144,2.20719,2.13081,2.0596,1.99306,1.93074,1.86176,1.80245,1.74228,1.68605,1.62938,1.57643,1.52337,1.4738,1.42435,1.37531,1.32956,1.28679,1.2421,1.20258,1.16149,1.12314,1.08551,1.0487,1.01433,0.980725,0.947963,0.916091,0.885148,0.856244,0.827154,0.799992,0.772802
0.025923,32.3396,31.8227,30.419,28.9062,27.6097,26.4132,25.5044,24.9366,24.7999,24.9125,25.2745,25.8237,26.5221,27.3039,28.1103,28.8578,29.1369,29.5243,29.1135,28.2356,27.0353,25.8481,24.8751,24.2651,24.0716,24.4909,24.9649,25.3861,25.6127,25.4988,24.0319,23.038,20.7942,19.798,17.5161,13.6209,12.8492,12.269,12.0355,11.5709,11.1558,10.7779,10.4313,10.1106,9.81158,9.5325,9.13253,8.89431,8.54926,8.34268,8.04196,7.76346,7.59509,7.34802,7.11738,6.82765,6.62944,6.44284,6.20634,6.04351,5.83593,5.64252,5.46203,5.29308,5.1345,4.94758,4.80939,4.64562,4.49295,4.35024,4.21653,4.06567,3.94902,3.81678,3.69329,3.55844,3.45119,3.33347,3.22367,3.12098,3.02475,2.9215,2.82517,2.73509,2.64018,2.55174,2.46911,2.39174,2.31114,2.23586,2.15844,2.08626,2.01882,1.95565,1.88574,1.82564,1.76468,1.70769,1.65027,1.59663,1.54288,1.49266,1.44256,1.39289,1.34655,1.30323,1.25796,1.21794,1.17632,1.13748,1.09938,1.0621,1.0273,0.993274,0.9601,0.927829,0.8965,0.867235,0.837784,0.810285,0.782758
0.031107,32.6819,32.0941,30.6457,29.1165,27.8159,26.6191,25.7166,25.1589,25.045,25.1788,25.56,26.1279,26.8428,27.637,28.4505,29.1999,29.4747,29.8499,29.4264,28.5383,27.3418,26.1709,25.2294,24.6673,24.5283,25.031,25.5228,25.9501,26.1756,26.0597,24.6242,23.6675,21.5988,20.7721,19.3152,18.8107,17.0472,12.5303,12.2798,11.7913,11.3596,10.9691,10.6124,10.283,9.97635,9.69049,9.28185,9.03822,8.68614,8.47506,8.16839,7.88449,7.71259,7.46085,7.22591,6.93105,6.7292,6.53921,6.29862,6.13285,5.92171,5.72502,5.54148,5.36968,5.20845,5.0185,4.87801,4.71162,4.5565,4.41152,4.27569,4.12249,4.00401,3.86974,3.74437,3.60749,3.49861,3.37914,3.2677,3.16349,3.06584,2.96109,2.86337,2.77198,2.67572,2.58601,2.50221,2.42374,2.34201,2.26568,2.18718,2.11401,2.04563,1.98159,1.91074,1.84982,1.78802,1.73027,1.67208,1.61771,1.56324,1.51235,1.46159,1.41126,1.36432,1.32042,1.27456,1.23401,1.19186,1.15251,1.11391,1.07615,1.0409,1.00644,0.972836,0.940151,0.908421,0.878783,0.848957,0.821107,0.793232
0.037329,33.03,32.3676,30.8747,29.3294,28.0228,26.826,25.9292,25.3802,25.2905,25.4449,25.8446,26.4309,27.1619,27.9679,28.7881,29.5385,29.8089,30.1715,29.7354,28.8374,27.6451,26.49,25.5804,25.0657,24.979,25.5583,26.065,26.4964,26.7193,26.5998,25.1904,24.2658,22.344,21.6456,20.6371,20.4558,19.8823,17.8338,12.5508,12.0294,11.5767,11.1712,10.8027,10.4636,10.1486,9.85546,9.43751,9.18819,8.82868,8.61291,8.30004,8.0105,7.83498,7.57839,7.33899,7.03884,6.83324,6.63975,6.39494,6.22614,6.01134,5.81125,5.62455,5.44982,5.28584,5.09276,4.9499,4.78079,4.62314,4.47581,4.33778,4.18217,4.06178,3.92541,3.79807,3.65909,3.54852,3.42722,3.31409,3.20829,3.10916,3.00285,2.90367,2.81092,2.71324,2.62222,2.53719,2.45758,2.37466,2.29723,2.21761,2.14339,2.07403,2.00908,1.93723,1.87545,1.81279,1.75422,1.69522,1.6401,1.58487,1.53328,1.48182,1.4308,1.38321,1.33872,1.29223,1.25113,1.2084,1.16853,1.1294,1.09114,1.05541,1.02049,0.986438,0.953317,0.921165,0.891132,0.860909,0.832691,0.804446
0.044794,33.3836,32.6435,31.1061,29.5446,28.2309,27.034,26.1416,25.6014,25.536,25.7109,26.1288,26.733,27.4796,28.2968,29.1228,29.8739,30.1394,30.4894,30.0408,29.1327,27.9444,26.8055,25.9281,25.4603,25.4237,26.0734,26.5927,27.0263,27.2453,27.1208,25.7335,24.8372,23.0436,22.4495,21.7466,21.7297,21.5154,20.4201,19.2973,12.2955,11.814,11.3894,11.0068,10.6564,10.3321,10.0307,9.60257,9.34709,8.97958,8.75885,8.43938,8.14387,7.96454,7.70285,7.45879,7.15307,6.94357,6.74641,6.49717,6.32522,6.10658,5.90294,5.71293,5.53512,5.36827,5.1719,5.02655,4.85458,4.69428,4.54447,4.40414,4.24597,4.12358,3.98498,3.85558,3.71438,3.60201,3.47878,3.36385,3.25638,3.15568,3.04771,2.94698,2.8528,2.75361,2.66119,2.57486,2.49402,2.40985,2.33124,2.25042,2.17509,2.1047,2.03877,1.96585,1.90315,1.83956,1.78014,1.72027,1.66434,1.6083,1.55596,1.50375,1.45199,1.40371,1.35857,1.31142,1.26972,1.22638,1.18594,1.14625,1.10744,1.07121,1.03578,1.00125,0.967661,0.935054,0.904597,0.873948,0.845332,0.81669
0.053753,33.7429,32.9217,31.3405,29.7638,28.44,27.2422,26.3542,25.8226,25.7822,25.977,26.4125,27.0346,27.7961,28.6239,29.4552,30.2063,30.4666,30.8037,30.3428,29.4246,28.2399,27.1174,26.2724,25.8509,25.8622,26.5767,27.1065,27.5408,27.7544,27.624,26.2556,25.3847,23.7065,23.2014,22.7295,22.8149,22.7843,21.9912,21.241,18.1642,12.0832,11.6321,11.2313,10.8672,10.5317,10.221,9.78122,9.51894,9.14258,8.91646,8.5898,8.28784,8.10446,7.8373,7.58825,7.27657,7.0629,6.86187,6.60791,6.4326,6.20987,6.00244,5.80891,5.62782,5.4579,5.25801,5.11001,4.93498,4.77183,4.61938,4.47656,4.31565,4.19112,4.05013,3.9185,3.77489,3.66061,3.53529,3.41842,3.30914,3.20675,3.09698,2.99458,2.89883,2.79802,2.70408,2.61633,2.53417,2.44863,2.36875,2.28662,2.21007,2.13854,2.07156,1.99748,1.93378,1.86918,1.8088,1.74799,1.69117,1.63425,1.58108,1.52806,1.47548,1.42645,1.38061,1.33272,1.29037,1.24636,1.20528,1.16499,1.12558,1.08878,1.05281,1.01775,0.983641,0.950533,0.919609,0.888491,0.859437,0.830357
0.064504,34.1075,33.2024,31.578,29.985,28.6503,27.4513,26.5677,26.0442,26.0289,26.2433,26.6962,27.3356,28.1113,28.9491,29.7854,30.5359,30.7904,31.1145,30.6415,29.713,28.532,27.4259,26.6134,26.2375,26.2944,27.0686,27.6071,28.0404,28.2475,28.1101,26.758,25.9104,24.3385,23.9119,23.6251,23.7808,23.8615,23.2183,22.6115,20.55,16.8012,11.9134,11.487,11.1047,10.7553,10.4332,9.97956,9.70946,9.32297,9.09082,8.75612,8.44699,8.25919,7.98599,7.73149,7.41329,7.1951,6.98986,6.73075,6.55182,6.32463,6.11307,5.9157,5.73103,5.55778,5.35404,5.20315,5.02476,4.8585,4.70314,4.55761,4.39369,4.2668,4.12318,3.98909,3.84284,3.72644,3.59882,3.4798,3.36852,3.26426,3.15249,3.04824,2.95076,2.84813,2.7525,2.66318,2.57955,2.49248,2.41117,2.32759,2.24968,2.17689,2.10872,2.03333,1.96851,1.90278,1.84135,1.77946,1.72166,1.66375,1.60965,1.5557,1.50222,1.45233,1.40569,1.35698,1.3139,1.26913,1.22735,1.18636,1.14627,1.10884,1.07226,1.03659,1.0019,0.968226,0.936773,0.905124,0.875574,0.845999
0.077405,34.477,33.4854,31.8185,30.2101,28.8619,27.6612,26.7802,26.2665,26.2763,26.5099,26.9794,27.6361,28.4251,29.2725,30.1129,30.8623,31.1109,31.422,30.9369,29.9978,28.8205,27.7306,26.9508,26.6197,26.7199,27.5489,28.0939,28.5252,28.7247,28.5794,27.2413,26.4154,24.9432,24.5875,24.4545,24.6612,24.8153,24.2601,23.7274,22.0458,20.0353,17.0836,11.7929,11.3838,11.0152,10.6782,10.207,9.92744,9.52877,9.28962,8.94554,8.62815,8.43535,8.15531,7.89466,7.56911,7.34588,7.13595,6.87106,6.68812,6.45593,6.23975,6.0381,5.84943,5.67244,5.46436,5.31024,5.12808,4.95832,4.79968,4.6511,4.48376,4.35422,4.20762,4.07076,3.9215,3.80268,3.67245,3.55099,3.43743,3.33103,3.21699,3.11061,3.01115,2.90645,2.80888,2.71775,2.63243,2.54361,2.46067,2.37541,2.29594,2.22169,2.15215,2.07526,2.00915,1.9421,1.87944,1.81633,1.75737,1.69831,1.64314,1.58813,1.53358,1.48271,1.43515,1.38547,1.34154,1.29589,1.25328,1.21148,1.17061,1.13244,1.09513,1.05877,1.02339,0.989059,0.956989,0.924719,0.894589,0.864435
0.092886,34.8516,33.7712,32.0626,30.4383,29.0755,27.872,26.995,26.4897,26.5249,26.7771,27.2628,27.9362,28.7384,29.5945,30.4384,31.1862,31.4285,31.7265,31.2294,30.2797,29.1057,28.0325,27.2851,26.9977,27.1391,28.0181,28.5681,28.996,29.1869,29.0328,27.7068,26.9012,25.5237,25.2331,25.2313,25.4761,25.6808,25.1819,24.6939,23.2225,21.7272,20.4377,19.1308,15.943,11.3351,10.9762,10.4804,10.1883,9.77389,9.52603,9.17035,8.84291,8.64422,8.35601,8.08812,7.7539,7.52483,7.30947,7.03786,6.8503,6.61231,6.39076,6.18413,5.99082,5.8095,5.59635,5.43848,5.25191,5.07804,4.91558,4.76342,4.59207,4.45942,4.30931,4.16918,4.01636,3.89471,3.76137,3.63703,3.52076,3.41184,3.29509,3.18619,3.08437,2.97718,2.87731,2.78403,2.69669,2.60576,2.52086,2.43359,2.35224,2.27624,2.20506,2.12636,2.05868,1.99005,1.92592,1.86132,1.80097,1.74052,1.68405,1.62774,1.57191,1.51984,1.47116,1.42031,1.37535,1.32862,1.28501,1.24223,1.2004,1.16133,1.12315,1.08593,1.04973,1.01458,0.98176,0.948732,0.917895,0.887032
0.11146,35.2308,34.0598,32.3101,30.6705,29.2904,28.0848,27.211,26.7139,26.7741,27.045,27.5464,28.2359,29.0508,29.9149,30.7617,31.5074,31.7431,32.0281,31.5189,30.5582,29.3876,28.3308,27.6159,27.3711,27.5513,28.4759,29.0293,29.4526,29.6338,29.4702,28.1545,27.3679,26.0809,25.8506,25.9623,26.2361,26.4761,26.0148,25.5564,24.2244,23.0104,22.2175,21.7185,20.9788,19.1829,11.3696,10.8327,10.5215,10.0841,9.82424,9.45277,9.11203,8.90583,8.60716,8.33017,7.98511,7.74887,7.5269,7.24703,7.05387,6.80878,6.58067,6.36795,6.16899,5.98238,5.76299,5.60055,5.40855,5.22964,5.06247,4.90591,4.72958,4.5931,4.43864,4.29445,4.13719,4.01203,3.87482,3.74686,3.62723,3.51514,3.395,3.28293,3.17815,3.06783,2.96505,2.86904,2.77916,2.68558,2.59819,2.50836,2.42464,2.3464,2.27314,2.19213,2.12246,2.05182,1.9858,1.9193,1.85718,1.79495,1.73682,1.67884,1.62137,1.56776,1.51764,1.46529,1.419,1.37089,1.32599,1.28195,1.23887,1.19865,1.15934,1.12101,1.08374,1.04755,1.01375,0.979744,0.947991,0.916211
0.13376,35.6149,34.3516,32.562,30.9067,29.5073,28.2991,27.4271,26.9398,27.0248,27.3138,27.8307,28.5364,29.3625,30.2342,31.0835,31.8266,32.0557,32.3271,31.8061,30.8345,29.6665,28.6263,27.9436,27.7404,27.9571,28.9232,29.4785,29.896,30.0666,29.8929,28.5859,27.8172,26.6167,26.4428,26.6535,26.9494,27.214,26.7784,26.3407,25.113,24.0913,23.5746,23.3792,23.0077,22.0465,20.3238,11.3549,11.0037,10.5227,10.2422,9.84475,9.48322,9.26588,8.95182,8.66193,8.30166,8.0557,7.82487,7.53382,7.33331,7.07872,6.84186,6.62105,6.41456,6.22093,5.99318,5.82468,5.62541,5.43973,5.26626,5.10379,4.92075,4.77913,4.61879,4.46911,4.30581,4.17588,4.0334,3.90052,3.77628,3.65988,3.53508,3.41866,3.30981,3.19519,3.08839,2.98862,2.89521,2.79795,2.70713,2.61374,2.5267,2.44537,2.3692,2.28496,2.21252,2.13905,2.0704,2.00123,1.93662,1.87188,1.81141,1.7511,1.6913,1.63553,1.58338,1.52891,1.48074,1.43067,1.38395,1.33811,1.29327,1.25141,1.21049,1.1706,1.1318,1.09413,1.05894,1.02354,0.99048,0.957393
0.16051,36.0038,34.6469,32.8182,31.1459,29.7262,28.5151,27.6456,27.1678,27.2772,27.5841,28.116,28.8371,29.6741,30.5527,31.4037,32.1436,32.3651,32.624,32.0911,31.1077,29.9428,28.9189,28.2684,28.1055,28.3564,29.3597,29.9156,30.3265,30.4857,30.3013,29.0015,28.2496,27.132,27.0105,27.3078,27.6204,27.9013,27.4829,27.0603,25.9165,25.0444,24.7181,24.6924,24.4786,23.7662,22.6177,20.3982,18.5933,11.3493,10.999,10.5273,10.1146,11.7876,11.5416,9.21137,8.82308,8.56035,8.31472,8.00511,7.79294,7.523,7.27213,7.03846,6.82008,6.61537,6.37426,6.19627,5.98542,5.78899,5.60551,5.43368,5.23984,5.09009,4.9203,4.7618,4.58872,4.45113,4.30009,4.15924,4.02752,3.9041,3.77167,3.64812,3.53259,3.41085,3.29741,3.19144,3.0922,2.98882,2.89226,2.79295,2.70036,2.61384,2.53281,2.44312,2.36602,2.2878,2.21469,2.14101,2.07218,2.0032,1.93875,1.87446,1.8107,1.75123,1.69563,1.63752,1.58614,1.53272,1.48286,1.43394,1.38609,1.3414,1.29772,1.25512,1.21368,1.17345,1.13588,1.09805,1.06274,1.02739
0.19261,36.3971,34.9456,33.079,31.3898,29.9477,28.7325,27.8656,27.3964,27.5311,27.8549,28.4019,29.1378,29.9854,30.8701,31.7224,32.4587,32.6727,32.9187,32.3739,31.3787,30.2163,29.2088,28.59,28.4662,28.7489,29.786,30.3411,30.7443,30.8916,30.6962,29.4018,28.6657,27.6274,27.5545,27.9271,28.252,28.5426,28.135,27.7237,26.6505,25.904,25.7238,25.8097,25.6831,25.0903,24.1646,22.7356,22.0728,20.8186,19.2589,12.3221,11.7692,13.0997,12.8095,12.5469,12.1771,11.977,9.5794,9.22517,8.98671,8.68055,8.39675,8.13322,7.88721,7.65685,7.38351,7.18368,6.945,6.72276,6.51521,6.32077,6.10029,5.93093,5.73774,5.55737,5.35955,5.20292,5.03018,4.86902,4.71824,4.5769,4.42469,4.28255,4.14964,4.00917,3.87822,3.75583,3.64117,3.52141,3.40952,3.29419,3.18664,3.08609,2.99187,2.88729,2.79745,2.70616,2.62081,2.53467,2.45417,2.37341,2.29792,2.22254,2.14771,2.07788,2.01258,1.94424,1.88383,1.82094,1.76222,1.70457,1.64814,1.59543,1.54387,1.49357,1.44461,1.39706,1.35263,1.30788,1.26609,1.22423
0.20162,36.4964,35.021,33.1445,31.4518,30.0036,28.7879,27.9196,27.4551,27.5958,27.9231,28.4741,29.2137,30.0632,30.9498,31.8023,32.5378,32.7497,32.9923,32.4444,31.4463,30.2846,29.2811,28.6702,28.556,28.8465,29.8913,30.446,30.8472,30.9913,30.7931,29.5,28.7678,27.7489,27.6876,28.0775,28.4047,28.6967,28.291,27.882,26.825,26.1074,25.9593,26.0675,25.9567,25.3849,24.4964,23.1783,22.625,21.6287,20.4797,12.7654,12.208,13.4539,13.1466,12.8721,12.4986,12.3142,12.1425,9.61618,9.37146,9.05628,8.76379,8.4919,8.23796,7.99993,7.71695,7.51023,7.26276,7.03221,6.81681,6.61505,6.38579,6.20983,6.0088,5.82105,5.61493,5.45182,5.27173,5.10368,4.94639,4.79894,4.64002,4.49165,4.35282,4.20601,4.06913,3.94118,3.82128,3.696,3.57894,3.45823,3.34564,3.24038,3.14173,3.03217,2.93807,2.84242,2.75297,2.66269,2.57831,2.49363,2.41448,2.33542,2.25693,2.18369,2.11518,2.04346,1.98008,1.91407,1.85244,1.79192,1.73268,1.67734,1.6232,1.57038,1.51896,1.46902,1.42235,1.37534,1.33144,1.28746
0.21995,36.6863,35.1654,33.2716,31.5717,30.1103,28.8928,28.026,27.5667,27.7179,28.0538,28.612,29.3576,30.2119,31.1008,31.954,32.6875,32.8958,33.1318,32.5788,31.5746,30.414,29.4183,28.8223,28.7262,29.0308,30.0901,30.6438,31.041,31.1793,30.9756,29.6846,28.9594,27.9765,27.9371,28.3581,28.6894,28.9833,28.5802,28.1751,27.1472,26.4821,26.3909,26.5368,26.4516,25.9136,25.0846,23.9365,23.5358,22.847,22.073,19.7414,12.9151,14.1184,13.7666,13.4639,13.072,12.8852,12.7225,12.4505,12.2959,9.6339,9.3255,9.03852,8.77032,8.5186,8.21901,8.00008,7.73772,7.49317,7.26458,7.05035,6.80677,6.61981,6.40609,6.20643,5.98712,5.81355,5.62185,5.44294,5.27546,5.11843,4.94916,4.7911,4.64319,4.48675,4.34088,4.20452,4.07674,3.94321,3.81842,3.68973,3.56971,3.45748,3.3523,3.23548,3.13514,3.03314,2.93777,2.84149,2.7515,2.66119,2.57678,2.49246,2.40874,2.33062,2.25755,2.18105,2.11344,2.04303,1.97729,1.91273,1.84954,1.7905,1.73275,1.67641,1.62155,1.56827,1.51848,1.46834,1.4215,1.37458
0.24376,36.912,35.3372,33.423,31.7125,30.2371,29.0175,28.1516,27.6975,27.8625,28.2088,28.7744,29.5279,30.387,31.2796,32.1328,32.8639,33.0678,33.297,32.7369,31.7256,30.5662,29.5796,29.0017,28.9264,29.2472,30.322,30.8744,31.2666,31.3977,31.1875,29.8986,29.1816,28.2405,28.2254,28.6806,29.0156,29.3104,28.909,28.5077,27.5119,26.905,26.8748,27.0584,26.9971,26.4912,25.7191,24.7275,24.4536,23.9792,23.4085,21.8887,19.7511,17.1189,14.4871,14.1279,13.6983,13.4971,13.3233,13.0478,12.9153,12.7118,12.5195,12.3181,9.25847,8.99247,8.676,8.44446,8.16718,7.90869,7.66699,7.44044,7.18299,6.98522,6.75928,6.54818,6.3164,6.13286,5.93026,5.74115,5.56415,5.39818,5.21935,5.05237,4.89612,4.73091,4.57687,4.43287,4.29794,4.15697,4.02524,3.88943,3.76276,3.64433,3.53334,3.41011,3.30424,3.19665,3.09606,2.99452,2.89962,2.8044,2.71539,2.6265,2.53825,2.4559,2.37888,2.29826,2.227,2.15281,2.08354,2.01552,1.94893,1.88674,1.82591,1.76655,1.70877,1.65265,1.60022,1.5474,1.49808,1.44867
0.27553,37.1832,35.544,33.6056,31.8832,30.39,29.1665,28.3026,27.8562,28.0364,28.393,28.9687,29.7315,30.5967,31.4925,32.3457,33.0739,33.2725,33.4929,32.925,31.9053,30.747,29.7711,29.2142,29.1634,29.5025,30.5949,31.1452,31.5313,31.6538,31.4358,30.1489,29.4408,28.5488,28.5611,29.0532,29.3915,29.6855,29.2845,28.8868,27.926,27.3837,27.4186,27.639,27.5992,27.1234,26.4069,25.5648,25.4011,25.0889,24.6441,23.5114,22.3393,21.6421,19.9375,14.9656,14.4265,14.1937,13.9964,13.6979,13.5589,13.3522,13.1658,13.0031,12.8682,12.7447,9.12722,8.88245,8.58972,8.31678,8.0616,7.82242,7.55089,7.34209,7.10378,6.88113,6.63684,6.44327,6.22977,6.0305,5.844,5.66914,5.48084,5.30503,5.14053,4.96669,4.80461,4.65311,4.51116,4.36292,4.2244,4.08164,3.9485,3.82402,3.70738,3.57793,3.46671,3.35371,3.24806,3.14145,3.04181,2.94185,2.84843,2.75514,2.66253,2.57613,2.49531,2.41075,2.336,2.25819,2.18554,2.11421,2.0444,1.9792,1.91542,1.8532,1.79264,1.73382,1.67887,1.62352,1.57184,1.52007
0.29384,37.3265,35.6534,33.7024,31.9739,30.4709,29.2457,28.3826,27.9399,28.1292,28.4911,29.0719,29.8393,30.707,31.6042,32.4574,33.184,33.3798,33.5957,33.0234,31.9988,30.8414,29.8714,29.3254,29.2874,29.6353,30.7366,31.2856,31.6684,31.7863,31.5642,30.278,29.5749,28.7076,28.7338,29.2439,29.5834,29.8762,29.4747,29.0785,28.1349,27.6247,27.6905,27.9274,27.8963,27.4335,26.7423,25.968,25.8511,25.6017,25.2003,24.1862,23.2372,22.7629,21.6998,19.5462,14.8389,14.5717,14.3538,14.0362,13.8899,13.6761,13.4846,13.3205,13.1871,13.067,9.34212,9.09092,8.79072,8.51082,8.24914,8.00386,7.7255,7.51138,7.26714,7.03896,6.7887,6.59033,6.37164,6.16753,5.9765,5.7974,5.60459,5.42459,5.25617,5.07823,4.91233,4.75727,4.61199,4.46031,4.31858,4.17253,4.03633,3.90899,3.78968,3.6573,3.54355,3.428,3.31997,3.21096,3.10909,3.00689,2.91139,2.81603,2.72138,2.63306,2.55047,2.46405,2.38766,2.30814,2.23391,2.16103,2.0897,2.02308,1.95792,1.89436,1.83249,1.77241,1.71627,1.65974,1.60695,1.55407
0.3126,37.4648,35.7592,33.7962,32.0621,30.549,29.3221,28.4589,28.0219,28.2172,28.5851,29.1718,29.9421,30.813,31.7117,32.5648,33.2898,33.4828,33.6946,33.1181,32.0891,30.932,29.9676,29.4321,29.4057,29.7627,30.8717,31.4195,31.799,31.9125,31.6865,30.4008,29.7023,28.8587,28.8979,29.4242,29.7645,30.0558,29.6534,29.2584,28.3306,27.85,27.944,28.1948,28.1704,27.7186,27.0497,26.3357,26.2585,26.0602,25.6924,24.7656,23.9657,23.6187,22.8544,21.4921,16.7579,14.9707,14.7174,14.372,14.2155,13.9919,13.7928,13.6248,13.4897,13.3686,9.5408,9.28359,8.97644,8.69007,8.42234,8.17142,7.88681,7.66777,7.41804,7.18474,6.92895,6.72616,6.50263,6.29404,6.09883,5.91583,5.71886,5.53499,5.36295,5.18124,5.01182,4.85348,4.70514,4.55028,4.40559,4.25652,4.1175,3.98753,3.86576,3.73067,3.6146,3.4967,3.38647,3.27526,3.17133,3.06708,2.96966,2.87239,2.77586,2.68579,2.60155,2.51343,2.43553,2.35445,2.27876,2.20444,2.13172,2.0638,1.99737,1.93257,1.8695,1.80825,1.75103,1.69341,1.6396,1.5857
0.3412,37.6616,35.9096,33.9296,32.1869,30.6599,29.4318,28.5683,28.1367,28.3431,28.7181,29.311,30.0876,30.963,31.8637,32.7164,33.4392,33.6284,33.8339,33.2519,32.2167,31.0603,30.1034,29.5825,29.5728,29.9414,31.0614,31.6071,31.9819,32.0892,31.8574,30.5726,29.88,29.0693,29.1262,29.6742,30.015,30.3037,29.8995,29.5058,28.599,28.1584,28.2893,28.557,28.5404,28.1015,27.4615,26.8251,26.7973,26.658,26.3267,25.4983,24.8528,24.6217,24.0849,23.1659,21.3718,19.4365,15.3256,14.8917,14.7096,14.4632,14.248,14.0703,13.9294,13.8033,9.81507,9.54959,9.23284,8.93755,8.6615,8.40279,8.10952,7.88371,7.62643,7.38608,7.1227,6.9138,6.68368,6.46893,6.26797,6.07959,5.8769,5.6877,5.5107,5.32378,5.14953,4.98667,4.83411,4.67488,4.52612,4.37287,4.22997,4.09639,3.97122,3.83242,3.71314,3.592,3.47874,3.3645,3.25774,3.15066,3.0506,2.95071,2.85157,2.75908,2.67258,2.58211,2.50212,2.41888,2.34118,2.2649,2.19025,2.12054,2.05235,1.98585,1.92112,1.85827,1.79955,1.74042,1.6852,1.6299
0.36015,37.7838,36.0033,34.0132,32.2651,30.7286,29.4992,28.636,28.2084,28.4212,28.8019,29.3995,30.1787,31.0559,31.9579,32.8105,33.5316,33.7183,33.9202,33.3344,32.2951,31.1391,30.1872,29.6754,29.6751,30.0515,31.1778,31.7222,32.094,32.1973,31.9619,30.6775,29.9887,29.198,29.2655,29.8261,30.1673,30.4536,30.0479,29.6549,28.7605,28.3436,28.4956,28.7725,28.7593,28.3272,27.703,27.1114,27.111,27.0025,26.6899,25.9109,25.3408,25.1613,24.7145,23.9363,22.5852,21.4948,19.7009,15.2712,15.0528,14.782,14.5512,14.3643,14.2175,14.0863,9.98426,9.7137,9.39106,9.09029,8.80913,8.54565,8.24706,8.0171,7.75519,7.51052,7.24247,7.02983,6.79564,6.57711,6.37262,6.18093,5.97474,5.78227,5.6022,5.41209,5.23486,5.06923,4.91408,4.75216,4.60089,4.44508,4.29979,4.16397,4.03672,3.89562,3.77437,3.65123,3.53611,3.42,3.31149,3.20266,3.10097,2.99946,2.89872,2.80473,2.71684,2.62491,2.54363,2.45907,2.38012,2.30262,2.22678,2.15595,2.08669,2.01913,1.95338,1.88953,1.82988,1.76982,1.71373,1.65757
0.38201,37.9173,36.1057,34.1049,32.3505,30.8042,29.5731,28.7111,28.2882,28.507,28.8914,29.4942,30.2773,31.1567,32.0603,32.9126,33.6321,33.8162,34.014,33.4244,32.3804,31.2254,30.2781,29.7761,29.7875,30.1712,31.3036,31.8465,32.215,32.3141,32.0749,30.7907,30.1058,29.3366,29.4154,29.9889,30.33,30.6138,30.2063,29.8137,28.9323,28.5403,28.7141,28.9997,28.9901,28.5638,27.9556,27.4096,27.4362,27.3573,27.062,26.3304,25.8308,25.6971,25.3251,24.6517,23.5803,22.8552,21.8645,19.0996,15.4971,15.1704,14.9118,14.7094,14.5529,14.4139,10.171,9.89492,9.56582,9.25903,8.97228,8.70356,8.39914,8.16464,7.89763,7.64823,7.37505,7.15831,6.91966,6.69697,6.48861,6.29329,6.08323,5.88716,5.70374,5.51011,5.3296,5.16091,5.0029,4.83802,4.68398,4.52534,4.37741,4.23913,4.10957,3.96594,3.84251,3.71716,3.59999,3.4818,3.37136,3.26061,3.15711,3.0538,2.95129,2.85565,2.7662,2.67266,2.58996,2.50391,2.42359,2.34474,2.26758,2.19552,2.12505,2.05632,1.98944,1.92448,1.8638,1.80271,1.74565,1.68852
0.40573,38.0547,36.2112,34.1987,32.4387,30.8822,29.6484,28.7881,28.3682,28.5957,28.985,29.5932,30.3789,31.2606,32.1651,33.0173,33.735,33.9163,34.1101,33.5164,32.4679,31.313,30.3708,29.8793,29.9016,30.2923,31.4317,31.9729,32.338,32.4328,32.1896,30.9055,30.2247,29.4772,29.5672,30.1532,30.4941,30.7749,30.3653,29.9731,29.1043,28.7372,28.9315,29.2252,29.2172,28.797,28.2039,27.7016,27.7533,27.7007,27.4212,26.732,26.2953,26.2008,25.8896,25.2943,24.4067,23.8858,23.2106,21.7126,20.132,15.6554,15.3337,15.1031,14.9306,14.7795,14.5765,10.0869,9.75096,9.43787,9.14525,8.87104,8.56051,8.32124,8.0489,7.79452,7.51594,7.2949,7.05156,6.8245,6.61206,6.41293,6.1988,5.99893,5.81196,5.61461,5.43065,5.25874,5.0977,4.92968,4.77273,4.61108,4.46036,4.31948,4.18748,4.04116,3.91541,3.78772,3.66836,3.54798,3.43548,3.32267,3.21726,3.11204,3.00764,2.91023,2.81914,2.72388,2.63967,2.55204,2.47025,2.38996,2.31139,2.23802,2.16627,2.09629,2.02819,1.96205,1.90027,1.83807,1.77998,1.72182
0.42798,38.1768,36.3052,34.2832,32.5174,30.9517,29.7169,28.855,28.4417,28.6728,29.0679,29.679,30.4689,31.3527,32.2585,33.11,33.8262,34.005,34.1952,33.5979,32.545,31.3906,30.4536,29.9705,30.0024,30.4003,31.5445,32.0842,32.4463,32.5371,32.2905,31.0065,30.3287,29.6006,29.7002,30.2968,30.6373,30.9153,30.5034,30.1115,29.2536,28.9076,29.1197,29.4191,29.4127,28.9962,28.4155,27.9497,28.0215,27.9891,27.7208,27.0663,26.6795,26.6145,26.3465,25.8064,25.0381,24.6299,24.1083,23.0127,22.0948,20.325,15.7949,15.5059,15.3071,15.1388,14.9212,14.8216,9.92375,9.60486,9.30683,9.02757,8.71138,8.46774,8.19046,7.93149,7.64793,7.42291,7.17523,6.94413,6.72792,6.52525,6.30734,6.10395,5.9137,5.71289,5.52571,5.35079,5.18695,5.01601,4.85633,4.69189,4.53856,4.39524,4.26096,4.11212,3.98421,3.85434,3.73292,3.61048,3.49606,3.38133,3.27412,3.1671,3.06092,2.96186,2.86923,2.77235,2.68671,2.5976,2.51442,2.43277,2.35288,2.27827,2.20531,2.13415,2.0649,1.99765,1.93483,1.87159,1.81252,1.75338
0.44742,38.2787,36.3837,34.3536,32.5831,31.0094,29.7734,28.9116,28.5003,28.7385,29.1369,29.7514,30.5437,31.4291,32.3356,33.187,33.9019,34.0787,34.2659,33.6656,32.6094,31.4553,30.5219,30.0462,30.086,30.4892,31.6377,32.1761,32.5357,32.6232,32.3736,31.0896,30.4151,29.7018,29.8097,30.4147,30.7548,31.0302,30.6164,30.2247,29.3754,29.0465,29.2724,29.5761,29.5699,29.1567,28.5857,28.1484,28.2358,28.2182,27.9583,27.3298,26.981,26.9377,26.7008,26.1988,25.5108,25.173,24.7354,23.837,23.1578,22.0326,20.1718,15.9154,15.6675,15.4742,15.2377,15.129,14.9621,9.75292,9.45016,9.1665,8.84535,8.59789,8.3163,8.0533,7.76536,7.53686,7.28537,7.05072,6.83119,6.62541,6.40417,6.19769,6.00453,5.80068,5.61065,5.43308,5.26675,5.09323,4.93113,4.76421,4.60857,4.46309,4.32679,4.17572,4.04588,3.91406,3.79082,3.66654,3.55041,3.43396,3.32514,3.21653,3.10876,3.00823,2.9142,2.81588,2.72896,2.63852,2.5541,2.47123,2.39016,2.31444,2.24039,2.16817,2.0979,2.02965,1.9659,1.90171,1.84178,1.78176
0.46763,38.3804,36.4621,34.4239,32.6493,31.0671,29.8298,28.9694,28.5603,28.803,29.2053,29.8242,30.6177,31.5054,32.4131,33.2638,33.9774,34.1522,34.3363,33.7331,32.6735,31.5192,30.59,30.1214,30.1691,30.5775,31.7302,32.2673,32.6241,32.7086,32.456,31.172,30.5003,29.8023,29.918,30.531,30.8704,31.1433,30.7275,30.3357,29.4949,29.1827,29.4216,29.7293,29.7232,29.3124,28.7503,28.3402,28.4419,28.4377,28.1852,27.5802,27.2666,27.2428,27.0332,26.5638,25.9443,25.6633,25.2885,24.5215,23.9922,23.1667,21.9937,20.2541,16.1106,15.862,15.5918,15.4688,15.2882,15.1432,9.60496,9.31661,8.99019,8.73867,8.45248,8.1852,7.89258,7.66037,7.40481,7.16637,6.94329,6.73419,6.50939,6.29958,6.10331,5.89618,5.7031,5.52267,5.35367,5.17736,5.01266,4.84306,4.68493,4.53711,4.39863,4.24513,4.11321,3.97927,3.85406,3.72779,3.6098,3.49148,3.38092,3.27057,3.16108,3.05893,2.9634,2.8635,2.77519,2.6833,2.59753,2.51334,2.43096,2.35403,2.2788,2.20542,2.13402,2.06469,1.99991,1.9347,1.8738,1.81282
0.49149,38.4956,36.5511,34.5037,32.7236,31.1327,29.8933,29.0347,28.6295,28.8762,29.283,29.9058,30.7022,31.5917,32.4995,33.3504,34.0625,34.2349,34.4157,33.8093,32.7452,31.5916,30.6668,30.2063,30.2626,30.6767,31.834,32.3695,32.7236,32.8043,32.5485,31.2642,30.5954,29.9152,30.039,30.6605,30.9993,31.269,30.8509,30.459,29.6274,29.3334,29.5865,29.898,29.8917,29.4832,28.9305,28.5495,28.6661,28.6744,28.4291,27.8492,27.572,27.568,27.3853,26.9481,26.3955,26.1677,25.8479,25.1879,24.7686,24.1508,23.3049,22.273,20.9675,18.702,16.0654,15.9101,15.7041,15.5431,15.4105,9.50702,9.17403,8.91749,8.62557,8.35296,8.05449,7.81768,7.55694,7.31376,7.08625,6.873,6.64373,6.42974,6.22956,6.0183,5.82138,5.63735,5.46498,5.28515,5.11716,4.94417,4.78286,4.63209,4.49083,4.33425,4.19969,4.06306,3.93533,3.80652,3.68615,3.56545,3.45266,3.34008,3.22838,3.12416,3.0267,2.92479,2.83468,2.74094,2.65343,2.56753,2.48348,2.40499,2.32823,2.25336,2.18051,2.10976,2.04367,1.97713,1.91499,1.85277
0.50931,38.5782,36.6149,34.5611,32.7774,31.1795,29.9399,29.0799,28.6781,28.9296,29.3384,29.9634,30.7629,31.6535,32.5625,33.4124,34.1234,34.2942,34.4726,33.8637,32.797,31.6435,30.7214,30.2668,30.3294,30.7475,31.9077,32.4423,32.7943,32.8724,32.6142,31.3298,30.6635,29.9955,30.125,30.7523,31.0906,31.3579,30.9379,30.546,29.7209,29.4398,29.7024,30.0162,30.0095,29.6023,29.0559,28.6948,28.8213,28.8378,28.5968,28.0333,27.7805,27.7892,27.6235,27.2069,26.6969,26.502,26.2145,25.6136,25.251,24.735,24.0362,23.2248,22.323,21.069,18.5429,16.2867,16.0449,15.8656,15.7205,15.601,9.32578,9.06521,8.76867,8.49175,8.18853,7.94799,7.68321,7.43618,7.20507,6.98845,6.75552,6.53813,6.33477,6.12012,5.92004,5.73307,5.55793,5.3752,5.2045,5.0287,4.86479,4.71157,4.56802,4.40888,4.27213,4.13326,4.00346,3.87253,3.75018,3.6275,3.51285,3.39841,3.28486,3.17892,3.07985,2.97624,2.88464,2.78933,2.70037,2.61303,2.52758,2.44777,2.36973,2.29361,2.21953,2.1476,2.0804,2.01274,1.94955,1.88628
0.53213,38.6801,36.6938,34.6319,32.8437,31.2378,29.996,29.1365,28.7381,28.9946,29.4071,30.0359,30.8378,31.7294,32.6392,33.4887,34.1983,34.367,34.5425,33.9308,32.8604,31.7068,30.7889,30.3412,30.4113,30.8343,31.9984,32.5316,32.8809,32.9558,32.6947,31.4101,30.7465,30.0934,30.23,30.8643,31.2016,31.4661,31.0438,30.6518,29.8344,29.5687,29.8426,30.1591,30.1515,29.7457,29.2066,28.869,29.0068,29.032,28.7958,28.2508,28.026,28.049,27.902,27.5082,27.0461,26.8866,26.6333,26.0943,25.7877,25.3608,24.7868,24.1604,23.503,22.6841,21.2954,19.572,16.5403,16.3185,16.1484,16.0126,15.844,9.2856,8.98233,8.69915,8.38901,8.14308,7.87227,7.61962,7.38326,7.16172,6.92343,6.70104,6.493,6.27336,6.06863,5.8773,5.69809,5.51106,5.33634,5.15638,4.98857,4.83171,4.68475,4.52179,4.38176,4.23954,4.1066,3.9725,3.84718,3.7215,3.60406,3.48682,3.37048,3.26194,3.16042,3.05425,2.96039,2.86272,2.77154,2.68203,2.59445,2.51265,2.43265,2.35462,2.27868,2.20494,2.13604,2.06668,2.0019,1.93702
0.55296,38.7701,36.7635,34.6948,32.9022,31.2891,30.0465,29.1876,28.7921,29.0524,29.4682,30.0998,30.9024,31.7961,32.7065,33.5557,34.2641,34.431,34.604,33.9894,32.916,31.7629,30.8478,30.4067,30.4827,30.9104,32.0777,32.6096,32.9566,33.0287,32.765,31.4801,30.819,30.1789,30.3215,30.9618,31.2984,31.5601,31.1357,30.7437,29.9328,29.6803,29.9637,30.2821,30.2737,29.8687,29.3357,29.0178,29.1648,29.1968,28.964,28.4341,28.2322,28.2665,28.1341,27.7582,27.3344,27.2026,26.975,26.4818,26.2161,25.8516,25.3547,24.8383,24.3221,23.6855,22.7168,21.857,20.0328,16.7954,16.579,16.4191,16.2314,16.1363,9.23288,8.94263,8.62458,8.37257,8.09491,7.83589,7.59356,7.36643,7.12202,6.8939,6.6805,6.45512,6.24502,6.04867,5.86474,5.67273,5.49335,5.30853,5.13618,4.97507,4.82411,4.65666,4.51278,4.36663,4.23,4.09215,3.96332,3.8341,3.71334,3.59277,3.47311,3.36146,3.25705,3.14781,3.05124,2.95074,2.85691,2.7648,2.67465,2.59045,2.5081,2.42778,2.3496,2.27367,2.20273,2.1313,2.06459,1.99778
0.57276,38.8524,36.8273,34.7523,32.9561,31.3362,30.0909,29.2333,28.8404,29.104,29.5237,30.1585,30.9636,31.8574,32.7682,33.6171,34.3244,34.4896,34.6602,34.0434,32.9669,31.8139,30.902,30.4663,30.549,30.9799,32.1499,32.6807,33.0256,33.0953,32.8292,31.544,30.8847,30.2567,30.4048,31.0499,31.3861,31.6453,31.2189,30.8266,30.0217,29.7812,30.073,30.3928,30.3834,29.9791,29.4514,29.1508,29.3057,29.3431,29.1131,28.5959,28.4137,28.4574,28.3367,27.9758,27.5843,27.4755,27.2686,26.8126,26.5794,26.2626,25.8208,25.3775,24.9543,24.4369,23.6673,23.0503,22.0304,20.5969,17.0462,16.8445,16.6247,16.5148,16.3733,9.26882,8.94058,8.68085,8.39439,8.12717,7.87718,7.64287,7.39051,7.15496,6.9346,6.70168,6.48456,6.28162,6.0915,5.8929,5.70735,5.51608,5.3377,5.17093,5.01465,4.84117,4.69213,4.54069,4.39909,4.25618,4.12262,3.9886,3.86335,3.73826,3.61408,3.4982,3.38982,3.2764,3.17614,3.07175,2.9743,2.8786,2.78493,2.69744,2.61185,2.52836,2.44708,2.36814,2.29438,2.22009,2.15071,2.08122
0.59143,38.9276,36.8857,34.8051,33.0055,31.3789,30.1344,29.2753,28.8856,29.1523,29.5739,30.2121,31.0175,31.9133,32.8247,33.673,34.3792,34.5427,34.7115,34.0925,33.0132,31.8603,30.9513,30.521,30.6088,31.0431,32.2157,32.7453,33.0883,33.1554,32.8873,31.6022,30.9446,30.3271,30.4804,31.1298,31.4653,31.7222,31.2939,30.9014,30.1019,29.8721,30.1712,30.4923,30.4818,30.0779,29.5548,29.2695,29.4311,29.4728,29.2449,28.7386,28.5733,28.6248,28.5137,28.165,27.801,27.7112,27.5213,27.0958,26.8889,26.6098,26.2102,25.8198,25.4592,25.0215,24.3857,23.8908,23.1203,22.2358,21.0879,19.684,17.032,16.8953,16.7373,16.609,9.32914,9.06053,8.76378,8.48694,8.22789,7.98506,7.72319,7.47871,7.24995,7.00791,6.78224,6.57129,6.37361,6.16695,5.97382,5.7746,5.58878,5.41504,5.2522,5.07125,4.91583,4.75783,4.61008,4.46088,4.32142,4.18144,4.0506,3.91986,3.79004,3.66889,3.55557,3.43692,3.33204,3.22279,3.1208,3.02062,2.92254,2.83092,2.74128,2.65382,2.56866,2.48593,2.40863,2.33076,2.25803,2.18516
0.61186,39.0077,36.9481,34.8614,33.0579,31.425,30.1792,29.3211,28.9324,29.2034,29.6291,30.2685,31.0756,31.9726,32.8842,33.7325,34.4376,34.5997,34.766,34.1447,33.0622,31.9095,31.0038,30.5788,30.6723,31.1101,32.2852,32.8136,33.1546,33.2192,32.9489,31.6635,31.0082,30.4018,30.5601,31.2147,31.5489,31.8032,31.3729,30.9802,30.1863,29.9673,30.2743,30.5965,30.5848,30.1811,29.6627,29.393,29.5614,29.6072,29.3811,28.8855,28.7371,28.7963,28.6942,28.3575,28.0204,27.949,27.7754,27.3793,27.1976,26.9541,26.5931,26.25,25.9417,25.5667,25.0398,24.6424,24.0205,23.361,22.621,21.7272,20.176,17.3633,17.169,17.02,16.8536,9.4404,9.13302,8.84617,8.57767,8.32591,8.05417,7.80041,7.56291,7.31144,7.07694,6.85769,6.6522,6.43726,6.23636,6.02903,5.83563,5.65476,5.48523,5.29673,5.13485,4.97021,4.81625,4.66073,4.51536,4.3694,4.23295,4.0966,3.96117,3.83477,3.71653,3.59269,3.48324,3.3692,3.26272,3.15812,3.05571,2.96003,2.86641,2.77505,2.68609,2.59966,2.5189,2.43754,2.36154,2.28539
0.63099,39.0803,37.0046,34.912,33.1056,31.4666,30.2188,29.3602,28.9771,29.2502,29.6772,30.3194,31.1288,32.0262,32.9386,33.7861,34.4903,34.651,34.8153,34.1919,33.1071,31.9539,31.051,30.6309,30.7293,31.1706,32.3479,32.8752,33.2143,33.2768,33.0043,31.7187,31.0652,30.469,30.6317,31.2904,31.6239,31.8759,31.4437,31.0508,30.2618,30.053,30.3663,30.6892,30.6763,30.2729,29.7584,29.5024,29.6766,29.7256,29.5009,29.0144,28.8804,28.9458,28.8509,28.5239,28.2094,28.1533,27.9927,27.6209,27.4599,27.2449,26.915,26.6089,26.3401,26.0089,25.5555,25.2271,24.7096,24.1747,23.6026,22.9774,22.0385,20.9007,19.8807,17.4474,17.2517,17.1533,9.41353,9.1184,8.8421,8.583,8.30326,8.042,7.79747,7.5385,7.29699,7.07117,6.85952,6.63808,6.43112,6.21749,6.01825,5.83188,5.65717,5.4629,5.29606,5.12637,4.96767,4.80737,4.65751,4.50704,4.36638,4.2258,4.08617,3.95585,3.83394,3.70625,3.59339,3.4758,3.36599,3.25813,3.15251,3.05384,2.9573,2.86307,2.77133,2.68219,2.5989,2.51498,2.43659,2.35805
0.64558,39.1347,37.0469,34.9504,33.1414,31.4973,30.2499,29.3915,29.0088,29.2847,29.714,30.3582,31.1676,32.0663,32.9789,33.8265,34.5298,34.6891,34.8521,34.2269,33.1403,31.9874,31.086,30.6696,30.7721,31.2156,32.3949,32.9211,33.259,33.3197,33.0457,31.7598,31.1077,30.5189,30.6852,31.3468,31.6797,31.9298,31.4963,31.1031,30.3178,30.1164,30.4345,30.7578,30.744,30.3406,29.829,29.5831,29.7614,29.8124,29.5886,29.1085,28.9848,29.0546,28.9645,28.6441,28.3455,28.2998,28.1483,27.7934,27.6466,27.4512,27.1419,26.8611,26.6184,26.3152,25.9059,25.6169,25.1632,24.6994,24.2066,23.6875,22.9735,22.3186,21.1127,20.2906,17.5932,17.4739,9.60246,9.30149,9.01972,8.75547,8.47016,8.2037,7.95429,7.69016,7.44382,7.21348,6.99759,6.77173,6.56062,6.34271,6.13943,5.94933,5.77112,5.57295,5.40277,5.22967,5.06779,4.90427,4.75141,4.59792,4.45443,4.31103,4.1686,4.03567,3.91131,3.78106,3.66593,3.54598,3.43398,3.32395,3.21621,3.11557,3.01708,2.92097,2.82738,2.73646,2.65149,2.56589,2.48594,2.40581
0.66464,39.2036,37.1008,34.9987,33.1869,31.5373,30.2867,29.4299,29.0498,29.3294,29.7607,30.4068,31.2181,32.1174,33.0304,33.8772,34.5796,34.738,34.8989,34.2718,33.1825,32.0295,31.1309,30.7193,30.8258,31.2727,32.4535,32.9793,33.3151,33.3737,33.0978,31.8115,31.1612,30.5818,30.7523,31.4176,31.7497,31.9976,31.5622,31.1688,30.3881,30.1958,30.5198,30.8438,30.8286,30.425,29.917,29.6834,29.8667,29.9201,29.6972,29.2247,29.1134,29.1883,29.1037,28.791,28.5112,28.4777,28.3365,28.0012,27.8714,27.6986,27.4134,27.1615,26.9485,26.6765,26.315,26.066,25.6758,25.2889,24.8763,24.4457,23.8825,23.4239,22.7519,21.9819,20.8447,17.9341,17.7829,9.51774,9.22935,8.9589,8.6669,8.39419,8.13893,7.86861,7.61651,7.38078,7.15984,6.9287,6.71266,6.48967,6.28165,6.08711,5.90475,5.70197,5.52783,5.35071,5.18507,5.01775,4.86134,4.7043,4.55749,4.41077,4.26505,4.12904,4.00181,3.86855,3.75077,3.62805,3.51346,3.4009,3.29069,3.18772,3.08697,2.98865,2.89292,2.7999,2.71299,2.62542,2.54363,2.46167
0.67958,39.2565,37.1421,35.0366,33.2216,31.5676,30.3182,29.4605,29.0823,29.3644,29.7966,30.4438,31.2563,32.1562,33.0694,33.9162,34.6177,34.7749,34.9344,34.3059,33.2147,32.0621,31.1651,30.7569,30.8677,31.316,32.4991,33.0236,33.358,33.415,33.1376,31.8512,31.202,30.6299,30.8031,31.4716,31.803,32.0492,31.6125,31.2189,30.4416,30.2561,30.5846,30.9088,30.8926,30.489,29.9836,29.7592,29.9461,30.0011,29.7787,29.3119,29.2097,29.2882,29.2074,28.9,28.6338,28.6089,28.4747,28.1534,28.0356,27.8788,27.6105,27.3789,27.1865,26.9359,26.6067,26.3835,26.032,25.692,25.3329,24.9581,24.4689,24.0847,23.5748,23.0035,22.2298,21.3231,20.7147,18.0312,9.38403,9.10895,8.81197,8.53462,8.27501,8.0001,7.74372,7.50399,7.27931,7.04426,6.82457,6.59783,6.38631,6.18849,6.00306,5.79688,5.61982,5.43973,5.27132,5.10121,4.94218,4.78252,4.63326,4.4841,4.33595,4.19768,4.06834,3.93287,3.81313,3.68839,3.5719,3.45748,3.34544,3.24078,3.13837,3.03842,2.94111,2.84656,2.75822,2.66921,2.58607,2.50276
0.69347,39.3046,37.1798,35.0707,33.2535,31.5953,30.3451,29.4868,29.1106,29.3955,29.8282,30.4767,31.2909,32.1918,33.1055,33.9517,34.6527,34.8091,34.9671,34.3371,33.244,32.0913,31.196,30.791,30.9053,31.3555,32.54,33.0635,33.3969,33.4525,33.1737,31.8872,31.2391,30.6735,30.85,31.5204,31.8513,32.0959,31.6578,31.264,30.4896,30.3108,30.6431,30.9675,30.9503,30.5465,30.0435,29.8273,30.0173,30.0736,29.8517,29.3896,29.2954,29.377,29.2993,28.9964,28.7418,28.7242,28.596,28.2865,28.179,28.0356,27.7816,27.5671,27.3921,27.1594,26.8572,26.6547,26.3333,26.0283,25.7097,25.3805,24.9471,24.6111,24.175,23.7292,23.1237,22.615,21.6625,21.1373,9.52299,9.24374,8.94229,8.66076,8.39724,8.11821,7.85799,7.61467,7.38662,7.14807,6.9251,6.69498,6.48032,6.27956,6.09138,5.88215,5.70246,5.51971,5.34881,5.17619,5.01491,4.85289,4.70143,4.55008,4.39975,4.25945,4.1282,3.99075,3.86926,3.74269,3.6245,3.5084,3.39473,3.28854,3.18463,3.08323,2.9845,2.88858,2.79895,2.70865,2.6243,2.53978
0.70845,39.3557,37.2195,35.1068,33.2871,31.6246,30.3734,29.5168,29.1411,29.4261,29.8629,30.5137,31.3278,32.2286,33.1433,33.9893,34.6896,34.8449,35.0015,34.3701,33.275,32.1227,31.229,30.8275,30.9451,31.3972,32.5833,33.1059,33.4382,33.4921,33.2119,31.9251,31.2783,30.7196,30.899,31.572,31.9022,32.145,31.7055,31.3117,30.5406,30.3682,30.7044,31.0291,31.0108,30.6069,30.1062,29.8986,30.0919,30.1493,29.9277,29.4705,29.3845,29.4691,29.3943,29.0959,28.853,28.8426,28.7201,28.4223,28.3249,28.1948,27.9549,27.7575,27.5994,27.3842,27.1083,26.9261,26.633,26.3601,26.0765,25.7888,25.4101,25.1142,24.7333,24.3551,23.8811,23.482,22.9613,22.2178,9.67132,9.38765,9.08144,8.79546,8.52779,8.24438,7.98006,7.73292,7.5013,7.25901,7.03255,6.79884,6.58082,6.37694,6.18582,5.97334,5.79086,5.60527,5.43172,5.25642,5.09255,4.92803,4.77423,4.62055,4.4679,4.32544,4.19217,4.05261,3.92925,3.80073,3.68073,3.56285,3.44743,3.33961,3.23411,3.13115,3.03091,2.93352,2.84252,2.75084,2.6652,2.5794
0.72231,39.402,37.2559,35.1398,33.3179,31.6512,30.3996,29.5419,29.1689,29.4562,29.8939,30.5465,31.3621,32.2632,33.1769,34.0233,34.7228,34.8769,35.0326,34.3998,33.3031,32.1504,31.2589,30.8606,30.9803,31.435,32.6224,33.1447,33.4753,33.5278,33.2462,31.9593,31.3136,30.7612,30.9432,31.6184,31.948,32.1893,31.7486,31.3543,30.5864,30.4198,30.7596,31.0844,31.0651,30.661,30.1624,29.9624,30.1584,30.2168,29.9954,29.5426,29.4634,29.5509,29.4786,29.1838,28.9509,28.9465,28.8288,28.5408,28.452,28.3331,28.1049,27.9221,27.7783,27.5776,27.3239,27.1584,26.8888,26.6408,26.3846,26.1273,25.7925,25.5324,25.1921,24.8558,24.4451,24.1283,23.6987,23.2692,9.80931,9.52154,9.21093,8.92085,8.64934,8.36187,8.09378,7.84312,7.60818,7.36243,7.13275,6.89571,6.67459,6.4678,6.27397,6.05847,5.87339,5.68518,5.50916,5.33138,5.16519,4.99833,4.84235,4.68649,4.53169,4.38722,4.25206,4.11052,3.98542,3.85509,3.73339,3.61385,3.4968,3.38746,3.28048,3.17607,3.07441,2.97565,2.88337,2.7904,2.70355,2.61654
0.73502,39.444,37.2887,35.1697,33.3457,31.6754,30.4232,29.5659,29.1944,29.4837,29.9216,30.5755,31.3917,32.2941,33.2086,34.0541,34.7531,34.9068,35.061,34.4269,33.3283,32.1761,31.286,30.8903,31.0129,31.4691,32.6578,33.1794,33.5091,33.5602,33.2775,31.9903,31.3456,30.7988,30.9834,31.6604,31.9895,32.2293,31.7874,31.3929,30.6277,30.4664,30.8094,31.1342,31.114,30.7096,30.2129,30.0198,30.2183,30.2775,30.0561,29.607,29.5343,29.6238,29.5534,29.2619,29.0376,29.0384,28.9245,28.645,28.5635,28.4539,28.2359,28.0653,27.9336,27.7454,27.5104,27.3591,27.1093,26.8823,26.6475,26.4138,26.1123,25.8811,25.5777,25.2733,24.9041,24.6255,24.2784,23.9276,9.94029,9.64869,9.33394,9.04002,8.7649,8.47361,8.20196,7.94797,7.70992,7.46091,7.22819,6.98801,6.76396,6.55443,6.35803,6.13967,5.95215,5.76143,5.58308,5.40295,5.23455,5.06549,4.90744,4.74951,4.59266,4.44627,4.30932,4.16591,4.03915,3.90709,3.78377,3.66264,3.54405,3.43326,3.32485,3.21906,3.11606,3.01599,2.92248,2.82827,2.74028,2.65211
0.7488,39.4886,37.3235,35.2,33.375,31.701,30.4482,29.5907,29.2201,29.512,29.9531,30.607,31.4239,32.3269,33.2409,34.0868,34.7852,34.9379,35.0907,34.4556,33.3548,32.2021,31.3145,30.9217,31.048,31.5057,32.6951,33.2158,33.5446,33.5944,33.3104,32.023,31.3795,30.8381,31.0255,31.7046,32.0331,32.2714,31.8283,31.4337,30.671,30.5154,30.8617,31.1866,31.1652,30.7605,30.2659,30.0797,30.2808,30.3407,30.1195,29.6742,29.6079,29.6996,29.6312,29.3427,29.1272,29.1331,29.0229,28.7516,28.6775,28.5771,28.369,28.2106,28.0908,27.9149,27.6985,27.5611,27.3307,27.1245,26.9105,26.6985,26.4268,26.221,25.9534,25.6834,25.3495,25.1011,24.7974,24.5082,10.0885,9.79262,9.47328,9.17502,8.89588,8.60033,8.32469,8.06698,7.82545,7.5728,7.33665,7.09294,6.8656,6.65299,6.4537,6.23212,6.04183,5.84831,5.66732,5.48452,5.31364,5.14207,4.98169,4.82142,4.66224,4.51368,4.3747,4.22915,4.10051,3.96648,3.84133,3.7184,3.59804,3.4856,3.37558,3.2682,3.16367,3.0621,2.9672,2.87158,2.78227,2.69279
0.76006,39.5244,37.3517,35.2261,33.3991,31.7218,30.4676,29.6112,29.2428,29.5351,29.9765,30.6335,31.4502,32.3526,33.2676,34.113,34.8106,34.9629,35.1149,34.4786,33.3765,32.2236,31.3375,30.9462,31.0759,31.535,32.7253,33.2456,33.5729,33.6218,33.3369,32.0493,31.4064,30.8699,31.0595,31.74,32.0681,32.305,31.861,31.4664,30.7058,30.5546,30.9035,31.2283,31.2063,30.8013,30.3082,30.1276,30.3306,30.391,30.1698,29.7275,29.6662,29.7598,29.6927,29.4064,29.1978,29.2074,29.1,28.835,28.7663,28.6728,28.4721,28.323,28.2124,28.0456,27.8432,27.7163,27.5007,27.31,27.1116,26.9156,26.665,26.4772,26.2337,25.989,25.6852,25.4562,25.1768,24.9164,10.219,9.91949,9.59613,9.29417,9.01154,8.71227,8.43318,8.17223,7.92767,7.67182,7.4327,7.18591,6.95569,6.74039,6.53857,6.31417,6.12146,5.92546,5.74217,5.55703,5.38395,5.21018,5.04774,4.8854,4.72417,4.57369,4.43291,4.28548,4.15517,4.0194,3.89263,3.7681,3.64616,3.53225,3.42079,3.31202,3.20612,3.10322,3.00707,2.9102,2.81973,2.72907
0.77187,39.5616,37.3807,35.2526,33.4239,31.743,30.4894,29.6323,29.2655,29.5599,30.0025,30.6579,31.4774,32.3806,33.295,34.1403,34.8377,34.9894,35.1399,34.5025,33.3994,32.2474,31.3612,30.9723,31.1045,31.5649,32.7564,33.2762,33.6028,33.6503,33.3642,32.0765,31.4346,30.9033,31.0947,31.777,32.1043,32.34,31.8951,31.5,30.7419,30.5952,30.9466,31.2715,31.2485,30.8435,30.3517,30.177,30.3819,30.4427,30.2216,29.7822,29.7261,29.8211,29.7555,29.4715,29.2696,29.2831,29.1783,28.9193,28.8561,28.7692,28.5757,28.4357,28.3337,28.176,27.9875,27.8708,27.6696,27.4942,27.3109,27.1303,26.8997,26.7282,26.5064,26.286,26.0118,25.8046,25.5475,25.3096,10.3716,10.0679,9.73994,9.43368,9.14705,8.84348,8.56045,8.29579,8.04773,7.78823,7.54567,7.29531,7.06175,6.84332,6.63858,6.4109,6.21537,6.0165,5.83052,5.64265,5.46701,5.29067,5.12582,4.96106,4.79743,4.64468,4.50179,4.35215,4.21987,4.08206,3.95337,3.82696,3.70319,3.58754,3.47438,3.36395,3.25643,3.15196,3.05435,2.95599,2.86413,2.77208
0.78411,39.5997,37.4106,35.2793,33.4489,31.7648,30.51,29.6545,29.289,29.5831,30.027,30.687,31.5036,32.4082,33.3236,34.1681,34.865,35.015,35.1655,34.5268,33.4226,32.2697,31.3853,31.0002,31.1333,31.595,32.7881,33.3069,33.6329,33.6793,33.3922,32.1042,31.4631,30.937,31.1301,31.8141,32.1411,32.3753,31.9292,31.5342,30.7784,30.6362,30.9905,31.3152,31.2914,30.8859,30.3956,30.2269,30.4338,30.495,30.2738,29.8373,29.7863,29.8829,29.8186,29.5367,29.3414,29.3585,29.2562,29.0031,28.9451,28.8646,28.6778,28.5464,28.4528,28.3037,28.1285,28.0217,27.8343,27.6736,27.5049,27.3392,27.1272,26.9704,26.7687,26.5691,26.3226,26.1367,25.9042,25.682,10.557,10.2483,9.91493,9.60362,9.31225,9.00365,8.71584,8.44676,8.19458,7.93065,7.68399,7.42935,7.1918,6.96964,6.76138,6.52972,6.33082,6.12848,5.93923,5.74804,5.56932,5.38984,5.22205,5.05436,4.88778,4.7323,4.58684,4.43448,4.29981,4.15949,4.02845,3.89972,3.77367,3.65591,3.54067,3.4282,3.31869,3.21228,3.11284,3.01266,2.91908,2.8253
0.79429,39.6309,37.4349,35.3019,33.4696,31.7831,30.5281,29.6721,29.3072,29.602,30.0482,30.709,31.5269,32.4312,33.3461,34.1909,34.8873,35.0372,35.1863,34.5469,33.4412,32.2891,31.4056,31.0222,31.1577,31.6204,32.814,33.3328,33.6575,33.703,33.4151,32.1269,31.4866,30.9643,31.1593,31.8446,32.1711,32.4044,31.9573,31.5622,30.8079,30.6699,31.0263,31.3509,31.3262,30.9207,30.4317,30.2673,30.4758,30.5374,30.3161,29.882,29.8351,29.9332,29.8697,29.5894,29.3994,29.4192,29.3189,29.0702,29.0162,28.9405,28.7589,28.6343,28.547,28.4046,28.2397,28.1403,27.9637,27.8145,27.6572,27.5033,27.306,27.1604,26.9736,26.7891,26.5626,26.3931,26.1813,25.9778,10.7488,10.435,10.0958,9.77941,9.48285,9.16969,8.87705,8.60364,8.34707,8.07883,7.82793,7.56904,7.32745,7.10143,6.88964,6.65388,6.45166,6.24586,6.05306,5.85845,5.67654,5.49382,5.32323,5.15226,4.98263,4.82442,4.67631,4.52099,4.3838,4.24085,4.10738,3.97626,3.84782,3.72783,3.61042,3.4958,3.38419,3.2758,3.17442,3.07231,2.97692,2.88134
0.80477,39.6626,37.4599,35.3235,33.491,31.8015,30.5457,29.6875,29.3264,29.6243,30.0694,30.7304,31.5493,32.4539,33.3694,34.2141,34.91,35.0593,35.2076,34.5668,33.4603,32.3076,31.426,31.0437,31.1811,31.646,32.8404,33.3586,33.6824,33.727,33.4383,32.1499,31.5102,30.9923,31.189,31.8754,32.2017,32.4338,31.9858,31.5905,30.8384,30.7039,31.0624,31.387,31.3612,30.9557,30.4681,30.3085,30.5185,30.5802,30.3587,29.9269,29.8841,29.9835,29.9209,29.6421,29.4573,29.4799,29.3812,29.137,29.0868,29.0157,28.8391,28.7209,28.6397,28.5036,28.3486,28.2564,28.0902,27.9519,27.8055,27.6627,27.4798,27.345,27.1715,27.0007,26.7921,26.6374,26.4444,26.2593,26.0837,10.6869,10.3398,10.0166,9.71501,9.39309,9.09519,8.81633,8.55451,8.28047,8.0238,7.75796,7.512,7.28092,7.06463,6.82233,6.61601,6.40541,6.20845,6.00962,5.82341,5.63596,5.46132,5.2865,5.11278,4.9505,4.79876,4.6394,4.49925,4.35243,4.21625,4.0812,3.94957,3.82673,3.70633,3.58858,3.47417,3.36295,3.25899,3.1542,3.05684,2.95832
0.81434,39.6911,37.4822,35.3444,33.5099,31.818,30.5602,29.7054,29.3431,29.6429,30.0888,30.7505,31.5698,32.4752,33.3904,34.2349,34.9299,35.0791,35.2266,34.5856,33.4776,32.3251,31.4429,31.0645,31.2037,31.669,32.864,33.3816,33.7051,33.7485,33.459,32.1704,31.5317,31.0168,31.2156,31.9029,32.229,32.4601,32.0115,31.6157,30.8654,30.7343,31.0948,31.4193,31.393,30.987,30.5004,30.345,30.5563,30.6183,30.3968,29.9671,29.9278,30.0282,29.9663,29.6888,29.5085,29.5335,29.4363,29.1957,29.1489,29.0818,28.9091,28.7965,28.7205,28.5896,28.443,28.357,28.1995,28.0707,27.9335,27.8004,27.6298,27.5044,27.3427,27.1836,26.9893,26.8478,26.6693,26.5006,26.3373,26.1871,10.6134,10.2832,9.97425,9.64664,9.34093,9.05524,8.78729,8.50661,8.24421,7.9731,7.72004,7.48539,7.26347,7.01431,6.80215,6.58616,6.38411,6.17974,5.98872,5.80607,5.61728,5.43923,5.25952,5.0929,4.93716,4.77379,4.62938,4.47892,4.33829,4.20017,4.06484,3.93839,3.81461,3.69376,3.57602,3.46167,3.35477,3.24702,3.14635,3.04545
0.82411,39.7202,37.5052,35.3663,33.5293,31.8352,30.5781,29.7215,29.3609,29.6611,30.1075,30.7714,31.5905,32.4961,33.4123,34.256,34.9512,35.0993,35.246,34.6039,33.4951,32.3428,31.4626,31.0845,31.2261,31.6923,32.888,33.405,33.7276,33.7705,33.48,32.1913,31.5531,31.0427,31.2424,31.9312,32.2565,32.4866,32.037,31.6414,30.8926,30.765,31.1275,31.4519,31.4249,31.0184,30.5331,30.3821,30.5948,30.6569,30.4351,30.0075,29.9717,30.0733,30.012,29.736,29.56,29.5872,29.4914,29.2544,29.2108,29.1474,28.9788,28.8713,28.8001,28.6744,28.5358,28.4557,28.3067,28.1868,28.0587,27.9349,27.7761,27.66,27.51,27.3618,27.1811,27.0496,26.8851,26.7299,26.5836,26.4461,26.2803,10.5455,10.2302,9.8953,9.58307,9.29098,9.01723,8.73011,8.46163,8.18409,7.92512,7.68696,7.45976,7.20228,6.98486,6.76363,6.55654,6.34719,6.15138,5.95664,5.77064,5.58966,5.4035,5.23291,5.07303,4.90538,4.7573,4.60278,4.4585,4.31652,4.17747,4.04756,3.92041,3.79629,3.67541,3.55788,3.44818,3.33756,3.23421,3.13054
0.83224,39.7441,37.5236,35.3834,33.5452,31.8454,30.592,29.735,29.3756,29.6768,30.1238,30.788,31.6082,32.5141,33.4294,34.2734,34.9682,35.1159,35.262,34.6195,33.5094,32.3572,31.4774,31.1015,31.2435,31.7112,32.9078,33.4243,33.7465,33.7886,33.4975,32.2086,31.571,31.0633,31.2649,31.9543,32.2793,32.5085,32.0582,31.6624,30.9152,30.7902,31.1543,31.4787,31.4509,31.0443,30.5599,30.4122,30.6262,30.6883,30.4664,30.0405,30.0075,30.11,30.0491,29.7741,29.6017,29.6308,29.5359,29.3018,29.2609,29.2002,29.0346,28.9313,28.8639,28.7421,28.6098,28.5342,28.3918,28.2791,28.1579,28.0415,27.8921,27.7833,27.6427,27.5034,27.3337,27.2102,27.0566,26.9122,26.7751,26.6471,26.4936,10.7425,10.4221,10.0817,9.76365,9.46678,9.1884,8.89636,8.62329,8.34087,8.07733,7.83081,7.59962,7.34165,7.12039,6.89502,6.68418,6.47093,6.27149,6.07109,5.88355,5.69639,5.50958,5.3355,5.17261,5.00177,4.85082,4.69335,4.54626,4.40168,4.26003,4.12765,3.998,3.87146,3.74823,3.62842,3.51655,3.4037,3.29828,3.19256
0.84053,39.7682,37.5428,35.3981,33.5613,31.8595,30.6054,29.7487,29.3906,29.6926,30.1407,30.806,31.626,32.5318,33.4472,34.291,34.9854,35.1326,35.2779,34.6349,33.5237,32.3714,31.4931,31.1173,31.2619,31.7309,32.9277,33.4442,33.7653,33.8067,33.5148,32.226,31.5888,31.0843,31.2871,31.9775,32.3021,32.5305,32.0795,31.6837,30.938,30.8157,31.1813,31.5055,31.4772,31.0703,30.5869,30.4428,30.6576,30.7197,30.4978,30.0734,30.0435,30.1467,30.0863,29.8123,29.6434,29.6742,29.5804,29.3489,29.3104,29.2526,29.0901,28.9906,28.9268,28.8086,28.6824,28.6111,28.4751,28.3692,28.2547,28.1454,28.0051,27.9034,27.7719,27.6413,27.4823,27.3665,27.2227,27.0873,26.9611,26.8457,26.7032,26.5722,10.5933,10.2477,9.92524,9.62349,9.34024,9.04389,8.76682,8.47941,8.21186,7.96164,7.72671,7.46491,7.24007,7.01105,6.79682,6.58019,6.37752,6.17367,5.98322,5.79248,5.60283,5.42602,5.26042,5.08673,4.93325,4.77314,4.62359,4.4766,4.33249,4.19801,4.06622,3.93757,3.81207,3.69034,3.57651,3.46172,3.35448,3.24695
0.84886,39.7922,37.5615,35.4165,33.5774,31.8763,30.6189,29.7628,29.4049,29.7056,30.1565,30.8221,31.643,32.5491,33.4653,34.3085,35.0026,35.1493,35.2941,34.6502,33.5382,32.386,31.508,31.135,31.2804,31.7504,32.9475,33.4636,33.7841,33.8247,33.5324,32.2431,31.6065,31.105,31.309,32.0005,32.3249,32.5523,32.1007,31.7047,30.9603,30.8412,31.2081,31.5321,31.5033,31.0961,30.6136,30.4727,30.6887,30.7509,30.5288,30.1059,30.0789,30.1829,30.123,29.8499,29.6844,29.7169,29.624,29.3951,29.3591,29.3038,29.144,29.0483,28.9879,28.8732,28.7526,28.6854,28.5553,28.4558,28.3479,28.2453,28.1137,28.0186,27.8959,27.7738,27.6246,27.517,27.3823,27.2562,27.1385,27.0302,26.9002,26.7778,26.6662,10.4028,10.0757,9.76977,9.48283,9.18184,8.90037,8.60928,8.3376,8.0834,7.84501,7.57902,7.3507,7.1183,6.90077,6.68096,6.47521,6.26829,6.07499,5.88133,5.68897,5.50933,5.34121,5.16488,5.00907,4.8465,4.69467,4.54542,4.39918,4.26253,4.12875,3.99805,3.87084,3.74705,3.63152,3.51497,3.40606,3.29691
0.85646,39.8138,37.5786,35.4332,33.5917,31.8888,30.6312,29.7734,29.4175,29.7199,30.1707,30.8377,31.6573,32.5647,33.481,34.3241,35.018,35.1643,35.3086,34.664,33.5512,32.3989,31.5202,31.1503,31.2975,31.7676,32.9652,33.481,33.801,33.8409,33.5479,32.2586,31.6222,31.1238,31.3285,32.021,32.3452,32.5719,32.1196,31.7236,30.9803,30.8637,31.2322,31.556,31.5265,31.1191,30.6375,30.4997,30.7166,30.7788,30.5565,30.1352,30.1106,30.2152,30.1557,29.8834,29.7209,29.7548,29.6628,29.4361,29.4021,29.3491,29.1916,29.0991,29.0415,28.9298,28.814,28.7503,28.6253,28.5312,28.4287,28.3319,28.2078,28.1187,28.0036,27.8889,27.7488,27.648,27.5209,27.4028,27.2925,27.1913,27.069,26.9566,26.8534,26.7336,10.2065,9.89659,9.6061,9.30126,9.0162,8.72145,8.44629,8.18886,7.94741,7.67802,7.44685,7.21139,6.99118,6.76826,6.55993,6.3504,6.15443,5.95843,5.76348,5.58151,5.41116,5.23253,5.07475,4.90995,4.75617,4.60498,4.45682,4.31836,4.18278,4.05045,3.92149,3.79617,3.67904,3.56096,3.45064,3.34003
0.86355,39.834,37.5945,35.4473,33.6053,31.9008,30.6427,29.7846,29.43,29.7341,30.1849,30.8502,31.6719,32.5795,33.4959,34.3388,35.0324,35.1783,35.322,34.6769,33.5632,32.411,31.5345,31.1639,31.3128,31.7833,32.9818,33.4973,33.8168,33.8559,33.5624,32.2731,31.6373,31.1413,31.347,32.0404,32.3643,32.5902,32.1376,31.7411,30.999,30.885,31.2545,31.5783,31.5482,31.1407,30.6598,30.5246,30.7426,30.8047,30.5823,30.1623,30.14,30.2454,30.1861,29.9145,29.7548,29.79,29.6986,29.474,29.4419,29.3909,29.2355,29.1458,29.0908,28.9817,28.8703,28.8095,28.689,28.5999,28.5022,28.4106,28.2932,28.2093,28.1009,27.9931,27.8614,27.7665,27.647,27.5356,27.4322,27.3371,27.223,27.1179,27.0221,26.9102,26.8097,10.0146,9.72062,9.41224,9.12377,8.82534,8.54703,8.28661,8.04221,7.76971,7.53601,7.29772,7.07469,6.84932,6.63834,6.42638,6.22805,6.02973,5.83243,5.64832,5.47597,5.29518,5.13538,4.96879,4.81312,4.66009,4.51017,4.37013,4.23287,4.09892,3.96844,3.8416,3.72306,3.60353,3.49199,3.37994
0.87075,39.8542,37.6104,35.4595,33.6187,31.9079,30.6531,29.7972,29.4421,29.747,30.198,30.8644,31.6879,32.594,33.5103,34.3535,35.0467,35.1921,35.3354,34.6899,33.5751,32.423,31.5474,31.1774,31.3284,31.7999,32.9984,33.5135,33.8324,33.8711,33.5769,32.2875,31.6523,31.1589,31.3658,32.0597,32.3832,32.6085,32.155,31.7585,31.018,30.906,31.2768,31.6004,31.5699,31.1621,30.6817,30.5497,30.7682,30.8306,30.6079,30.1892,30.1691,30.2751,30.2162,29.9452,29.7882,29.8247,29.734,29.5113,29.481,29.432,29.2785,29.1916,29.139,29.0323,28.925,28.8671,28.751,28.6664,28.5732,28.4866,28.3755,28.2965,28.1947,28.0934,27.9694,27.8812,27.7685,27.6637,27.5665,27.4774,27.3702,27.2731,27.1838,27.0807,26.9873,26.9038,9.83587,9.52384,9.23214,8.93028,8.64868,8.38511,8.13791,7.86209,7.62562,7.38444,7.159,6.93078,6.71741,6.50287,6.30222,6.10149,5.9019,5.71556,5.54114,5.3582,5.19664,5.02799,4.87052,4.71564,4.56392,4.42215,4.28339,4.14781,4.01576,3.88741,3.76746,3.64655,3.53354,3.42027
0.87732,39.8728,37.625,35.4739,33.6311,31.923,30.6641,29.8088,29.4533,29.7577,30.2101,30.8786,31.7011,32.6081,33.524,34.367,35.0599,35.2052,35.3478,34.7015,33.5866,32.4343,31.5585,31.1903,31.3423,31.8143,33.0135,33.5284,33.8469,33.885,33.5904,32.3007,31.666,31.1749,31.3826,32.0774,32.4007,32.6252,32.1711,31.7747,31.0352,30.9251,31.2972,31.6207,31.5896,31.1816,30.7021,30.5726,30.7919,30.8541,30.6313,30.2137,30.1958,30.3024,30.2436,29.9734,29.8187,29.8564,29.7662,29.5453,29.5166,29.4692,29.3175,29.233,29.1825,29.078,28.9742,28.9189,28.8063,28.7259,28.6367,28.5544,28.4489,28.3743,28.2784,28.1828,28.066,27.9828,27.8774,27.7785,27.6865,27.6028,27.5017,27.4094,27.3264,27.2288,27.1422,27.0637,9.94524,9.62992,9.33491,9.02979,8.74503,8.47859,8.22873,7.94999,7.71071,7.46702,7.23899,7.00828,6.79255,6.57562,6.37277,6.16981,5.96801,5.7796,5.60329,5.41833,5.25489,5.08438,4.92507,4.76852,4.61508,4.47175,4.33138,4.19432,4.06079,3.931,3.8097,3.6874,3.57315,3.45858
0.88334,39.8893,37.638,35.4863,33.6423,31.9283,30.6715,29.8183,29.4631,29.7689,30.2217,30.8888,31.7119,32.6202,33.5364,34.379,35.0717,35.2165,35.3587,34.7121,33.5952,32.4438,31.5684,31.2029,31.3547,31.8271,33.027,33.5417,33.8598,33.8973,33.6022,32.3126,31.6776,31.1892,31.3976,32.0932,32.416,32.64,32.1856,31.789,31.0504,30.9424,31.3154,31.6388,31.6072,31.199,30.7201,30.5925,30.8128,30.875,30.6521,30.2355,30.2194,30.3265,30.2679,29.9982,29.8457,29.8843,29.7946,29.5752,29.5479,29.502,29.3517,29.2693,29.2206,29.1179,29.0172,28.9639,28.8545,28.7775,28.6917,28.613,28.5123,28.4415,28.3504,28.2598,28.1491,28.0705,27.9709,27.8773,27.7902,27.711,27.6152,27.5278,27.4497,27.3579,27.2775,27.2057,27.1417,9.72895,9.43106,9.12285,8.83522,8.5661,8.31369,8.03209,7.79046,7.54426,7.31392,7.08089,6.86276,6.64382,6.43889,6.23385,6.02992,5.83955,5.66148,5.47461,5.30948,5.13722,4.9763,4.8181,4.66311,4.51827,4.37645,4.23797,4.10305,3.9719,3.84934,3.72579,3.61034,3.49454
0.88932,39.9058,37.6511,35.4967,33.6533,31.9422,30.6814,29.8277,29.4732,29.7787,30.2323,30.9015,31.7241,32.6323,33.5486,34.391,35.0835,35.2281,35.3695,34.7225,33.6061,32.4542,31.5799,31.2136,31.3668,31.8401,33.0406,33.5545,33.8726,33.9096,33.614,32.3243,31.6903,31.2034,31.4127,32.1088,32.4314,32.6549,32.1998,31.8032,31.0653,30.9594,31.3336,31.6568,31.6248,31.2164,30.7381,30.6129,30.8336,30.8958,30.6727,30.2572,30.243,30.3504,30.292,30.0228,29.8724,29.9121,29.8228,29.6048,29.579,29.5344,29.3855,29.3052,29.2582,29.1572,29.0594,29.0081,28.9017,28.8279,28.7454,28.6702,28.574,28.5068,28.4206,28.3347,28.2299,28.1561,28.0621,27.9741,27.8922,27.8177,27.727,27.6456,27.5712,27.4856,27.4098,27.3433,27.284,27.215,9.53402,9.22255,8.93189,8.65993,8.40484,8.12023,7.87601,7.62719,7.39436,7.15873,6.93863,6.71713,6.50989,6.30252,6.09652,5.90408,5.72399,5.53509,5.36817,5.19401,5.03131,4.87137,4.7147,4.56828,4.42495,4.28494,4.14853,4.01592,3.89205,3.76715,3.65042,3.53337
0.89521,39.9221,37.6641,35.509,33.6643,31.9515,30.6921,29.8363,29.4834,29.7909,30.243,30.912,31.7367,32.6439,33.5604,34.4027,35.0944,35.2392,35.3807,34.7328,33.6159,32.4631,31.5903,31.2259,31.3796,31.8534,33.0539,33.5679,33.8852,33.9217,33.6257,32.3357,31.7022,31.2173,31.4276,32.1241,32.4466,32.6694,32.214,31.8172,31.0805,30.9762,31.3512,31.6743,31.6418,31.2334,30.7555,30.6327,30.854,30.9161,30.6928,30.2783,30.2659,30.3737,30.3156,30.0468,29.8985,29.939,29.8502,29.6336,29.609,29.5658,29.4182,29.3398,29.2945,29.195,29.1001,29.0506,28.947,28.8762,28.7967,28.7247,28.6328,28.569,28.4872,28.4059,28.3068,28.2374,28.1487,28.0658,27.9887,27.9183,27.8325,27.7541,27.6846,27.6032,27.5313,27.4684,27.4141,27.3515,27.2984,9.33028,9.03653,8.76154,8.5036,8.21577,7.96882,7.71711,7.48165,7.2434,7.02066,6.79667,6.58715,6.3775,6.16899,5.97436,5.79222,5.60101,5.43232,5.25619,5.0916,4.92975,4.7712,4.62314,4.4781,4.33643,4.19841,4.0642,3.9388,3.81234,3.69419,3.57581
0.90023,39.9359,37.6747,35.5197,33.6735,31.9586,30.6985,29.8432,29.4911,29.7988,30.2526,30.9218,31.7464,32.6539,33.5705,34.4128,35.1046,35.2488,35.39,34.742,33.6241,32.4719,31.5987,31.2345,31.3895,31.864,33.0652,33.5789,33.8959,33.932,33.6356,32.3457,31.7124,31.2291,31.4402,32.1372,32.4595,32.6818,32.2259,31.8291,31.0932,30.9905,31.3663,31.6893,31.6565,31.2477,30.7703,30.6496,30.8714,30.9334,30.71,30.2963,30.2855,30.3937,30.3355,30.0672,29.9207,29.9619,29.8734,29.658,29.6346,29.5923,29.4459,29.369,29.3251,29.2269,29.1342,29.0863,28.9849,28.9166,28.8395,28.7702,28.6818,28.6207,28.5425,28.4649,28.3703,28.3045,28.2203,28.1417,28.0688,28.0023,27.9208,27.8468,27.7806,27.7031,27.6351,27.5759,27.526,27.4656,27.4168,9.43728,9.14018,8.86219,8.60148,8.3105,8.06088,7.80646,7.56846,7.32759,7.10233,6.87584,6.66398,6.45198,6.24116,6.04432,5.86015,5.66686,5.49609,5.31788,5.15141,4.98774,4.82737,4.67748,4.53071,4.38738,4.24773,4.11198,3.98511,3.8572,3.73773,3.61791
0.90569,39.9506,37.6864,35.5313,33.6833,31.9679,30.7082,29.8532,29.5003,29.8074,30.2623,30.9327,31.7557,32.6646,33.5813,34.4234,35.1153,35.2589,35.3996,34.751,33.633,32.4804,31.6073,31.2458,31.4009,31.8755,33.0772,33.5907,33.9072,33.9429,33.6461,32.356,31.723,31.2417,31.4534,32.151,32.4731,32.6949,32.2385,31.8416,31.1062,31.0054,31.3821,31.7051,31.6719,31.263,30.7862,30.6673,30.8897,30.9517,30.7282,30.3153,30.3057,30.4146,30.3566,30.0888,29.9439,29.986,29.8978,29.6836,29.6613,29.6202,29.4749,29.3996,29.357,29.2603,29.1698,29.1234,29.0243,28.9586,28.884,28.8173,28.7325,28.6742,28.5998,28.5259,28.4361,28.374,28.2945,28.2205,28.152,28.0896,28.0127,27.943,27.8813,27.8064,27.7431,27.6876,27.6389,27.5835,27.5381,27.487,9.26773,8.98552,8.72065,8.42627,8.17376,7.9164,7.67536,7.43135,7.20313,6.97351,6.75868,6.54393,6.3301,6.13058,5.94391,5.74797,5.5744,5.39397,5.2253,5.06012,4.89792,4.74503,4.59681,4.45171,4.31013,4.17232,4.0436,3.91387,3.79262,3.67106
0.91036,39.9633,37.6964,35.5402,33.6915,31.9755,30.7155,29.857,29.5073,29.8175,30.2709,30.9411,31.7648,32.6732,33.5907,34.4327,35.1244,35.2677,35.4081,34.7593,33.6407,32.4875,31.6151,31.2537,31.4105,31.8865,33.0875,33.6005,33.9171,33.9524,33.6552,32.3652,31.7324,31.2528,31.465,32.1631,32.4849,32.7062,32.2496,31.8526,31.118,31.0185,31.3962,31.7189,31.6852,31.2764,30.7998,30.6826,30.9055,30.9675,30.7439,30.3319,30.3238,30.4327,30.3749,30.1074,29.964,30.0068,29.919,29.7057,29.6844,29.6443,29.4999,29.426,29.3846,29.2889,29.2004,29.1552,29.0581,28.9945,28.9219,28.8575,28.7756,28.7196,28.6483,28.5775,28.4916,28.4328,28.3571,28.2869,28.2219,28.1629,28.09,28.0238,27.9646,27.8951,27.8342,27.782,27.7356,27.6837,27.641,27.5931,27.5529,9.12991,8.8618,8.56254,8.30593,8.04438,7.7995,7.55177,7.32007,7.08701,6.86896,6.65082,6.4338,6.23122,6.04158,5.84257,5.66674,5.48316,5.31171,5.14317,4.97799,4.82356,4.67242,4.52471,4.38083,4.24098,4.11019,3.97836,3.85519,3.73166
0.91532,39.9766,37.7068,35.5479,33.7008,31.982,30.7208,29.8663,29.5162,29.826,30.2801,30.9499,31.7756,32.6836,33.6003,34.4422,35.1338,35.2769,35.4167,34.7678,33.6482,32.4948,31.625,31.2627,31.4204,31.8967,33.0983,33.6114,33.9273,33.9622,33.6646,32.3743,31.7417,31.2641,31.4769,32.1756,32.4972,32.718,32.2607,31.8637,31.1301,31.0321,31.4105,31.7331,31.6994,31.2901,30.8141,30.6987,30.922,30.9839,30.7602,30.3487,30.3419,30.4515,30.3937,30.1265,29.9849,30.0284,29.9408,29.7285,29.7082,29.669,29.5256,29.4531,29.4128,29.3182,29.2317,29.1878,29.0925,29.031,28.9604,28.8983,28.8192,28.7656,28.6973,28.6298,28.5479,28.492,28.4206,28.354,28.2928,28.2374,28.1683,28.1065,28.0506,27.9848,27.9256,27.8771,27.8335,27.7847,27.7459,27.7001,27.6628,27.6334,9.05627,8.75107,8.48935,8.22242,7.97272,7.71994,7.48351,7.24564,7.02317,6.80043,6.57886,6.37199,6.17836,5.97504,5.79549,5.60799,5.43284,5.26058,5.09177,4.93396,4.77943,4.62849,4.48141,4.33844,4.20476,4.06996,3.94404,3.81772
0.91985,39.9887,37.7168,35.5572,33.7087,31.99,30.7301,29.872,29.5236,29.8332,30.2885,30.9588,31.7841,32.6925,33.6092,34.4509,35.1423,35.2853,35.4248,34.7755,33.6558,32.5018,31.6312,31.2709,31.4301,31.9063,33.1082,33.6211,33.9365,33.9712,33.6732,32.3828,31.7507,31.2744,31.488,32.187,32.5084,32.7288,32.2711,31.8743,31.1411,31.0446,31.4233,31.7461,31.7118,31.3024,30.827,30.713,30.937,30.9988,30.7749,30.3641,30.3588,30.4685,30.4108,30.144,30.0038,30.0479,29.9604,29.7492,29.7298,29.6914,29.5488,29.4776,29.4382,29.3446,29.2598,29.217,29.1235,29.0638,28.995,28.9347,28.8582,28.8065,28.741,28.6761,28.5977,28.5447,28.4764,28.4133,28.3557,28.3036,28.2374,28.1791,28.1261,28.064,28.0085,27.9613,27.9219,27.8752,27.8388,27.795,27.7604,27.7328,9.24246,8.93158,8.66504,8.39322,8.13882,7.88172,7.64071,7.39791,7.17106,6.94607,6.72008,6.50708,6.30959,6.1023,5.91905,5.72805,5.54939,5.3747,5.20093,5.03998,4.88218,4.72932,4.57798,4.43194,4.2955,4.15785,4.02924,3.90025
0.92398,39.9997,37.7252,35.5641,33.7159,31.9964,30.7351,29.8803,29.53,29.8396,30.2962,30.9676,31.7919,32.7005,33.6173,34.4589,35.1502,35.2929,35.432,34.7825,33.6618,32.5101,31.6393,31.2795,31.4384,31.9147,33.1171,33.6299,33.9451,33.9793,33.6811,32.3908,31.7589,31.2838,31.4981,32.1973,32.5185,32.7385,32.2808,31.8837,31.151,31.0559,31.4355,31.7578,31.7233,31.3138,30.8387,30.7261,30.9506,31.0123,30.7883,30.3783,30.374,30.484,30.4263,30.1598,30.0209,30.0655,29.9783,29.7679,29.7492,29.7117,29.5698,29.4997,29.4612,29.3684,29.2851,29.2433,29.1513,29.0931,29.0259,28.9673,28.893,28.8431,28.7799,28.7174,28.6419,28.5913,28.5262,28.466,28.4108,28.3616,28.2998,28.2433,28.1932,28.1338,28.0817,28.0367,27.9999,27.9543,27.9191,27.8785,27.8462,27.8216,27.8026,9.07437,8.80412,8.5283,8.27012,8.00872,7.76422,7.51814,7.28789,7.05733,6.82792,6.61363,6.41306,6.2026,6.01638,5.82204,5.64048,5.46193,5.28686,5.12328,4.96296,4.80643,4.65382,4.50542,4.36675,4.22686,4.09617,3.96505
0.92801,40.0104,37.7335,35.5719,33.7234,32.0025,30.7389,29.8865,29.5366,29.8469,30.3033,30.9754,31.7996,32.7086,33.6251,34.4668,35.1577,35.3002,35.4395,34.7893,33.6678,32.5148,31.6463,31.2871,31.4464,31.9236,33.1258,33.6384,33.9534,33.9873,33.6887,32.3983,31.7664,31.2929,31.5077,32.2074,32.5286,32.7481,32.29,31.8925,31.161,31.0665,31.447,31.7693,31.7344,31.3249,30.8501,30.7389,30.9638,31.0254,30.8013,30.3918,30.3888,30.4991,30.4414,30.175,30.0374,30.0827,29.9956,29.7859,29.7681,29.7311,29.59,29.5209,29.4833,29.3914,29.3095,29.2686,29.1779,29.1213,29.0555,28.9985,28.9262,28.8779,28.8169,28.7567,28.6841,28.6357,28.5734,28.5161,28.4638,28.4168,28.3578,28.3047,28.2573,28.2008,28.1509,28.1084,28.0729,28.0308,27.997,27.9578,27.929,27.9067,27.8871,27.8595,8.92584,8.6485,8.38701,8.12021,7.87253,7.62299,7.38971,7.15647,6.92379,6.70665,6.50343,6.28818,6.10142,5.90445,5.72031,5.53923,5.36175,5.19531,5.03331,4.87468,4.71986,4.5694,4.42886,4.28686,4.15433,4.02135
0.93191,40.0208,37.7418,35.5806,33.7303,32.0081,30.7479,29.8925,29.5429,29.8523,30.31,30.982,31.8071,32.7157,33.6326,34.4742,35.1651,35.3074,35.4463,34.7956,33.6739,32.5226,31.6525,31.2938,31.4543,31.9317,33.134,33.6466,33.9613,33.9949,33.6962,32.4056,31.7742,31.3017,31.5169,32.2172,32.538,32.7573,32.2988,31.9015,31.1703,31.0772,31.4578,31.7801,31.7452,31.3355,30.8611,30.7514,30.9765,31.0381,30.8139,30.4049,30.403,30.5135,30.4559,30.1899,30.0534,30.099,30.0122,29.8033,29.7862,29.75,29.6094,29.5414,29.5046,29.4134,29.3328,29.2928,29.2033,29.1481,29.0837,29.0281,28.9578,28.911,28.852,28.7939,28.7239,28.6776,28.6179,28.5632,28.5134,28.4689,28.413,28.3627,28.318,28.2642,28.2173,28.177,28.143,28.1032,28.0708,28.0345,28.0057,27.9839,27.9649,27.9387,27.9312,8.75127,8.48673,8.21851,7.96793,7.71575,7.47983,7.2435,7.00821,6.7885,6.58283,6.36681,6.17601,5.9767,5.79042,5.60725,5.4276,5.25971,5.09513,4.93445,4.77768,4.62549,4.48328,4.33973,4.20563,4.07105
0.93548,40.0303,37.7492,35.5863,33.7367,32.0135,30.7531,29.8971,29.5484,29.86,30.3173,30.9893,31.8135,32.7221,33.6396,34.4811,35.1717,35.3139,35.4526,34.8019,33.6806,32.5283,31.6574,31.3007,31.4606,31.9394,33.1419,33.6541,33.9686,34.0019,33.703,32.4122,31.7812,31.3097,31.5255,32.226,32.5466,32.7656,32.307,31.9094,31.1789,31.0869,31.468,31.7903,31.7549,31.3452,30.8711,30.7627,30.9881,31.0497,30.8252,30.4171,30.416,30.5266,30.4692,30.2033,30.0678,30.114,30.0274,29.8192,29.8026,29.767,29.6271,29.5598,29.5238,29.4333,29.354,29.3147,29.2264,29.1724,29.1091,29.0548,28.9862,28.9407,28.8835,28.8272,28.7595,28.7151,28.6577,28.6054,28.5578,28.5156,28.4622,28.4145,28.3721,28.321,28.2765,28.2383,28.2063,28.1684,28.1391,28.1031,28.0759,28.0554,28.041,28.0167,28.0071,8.84343,8.57639,8.30642,8.05322,7.79837,7.55992,7.32101,7.08322,6.86107,6.653,6.43482,6.24203,6.04065,5.85255,5.66749,5.48592,5.31611,5.14994,4.98751,4.82918,4.67509,4.53091,4.38584,4.25046,4.11459
0.93894,40.0395,37.7566,35.5927,33.7428,32.0194,30.7578,29.9029,29.5543,29.8652,30.3225,30.9959,31.8203,32.7289,33.6463,34.4877,35.1783,35.3202,35.4585,34.8077,33.6856,32.5333,31.663,31.3064,31.4678,31.9461,33.1494,33.6614,33.9757,34.0087,33.7095,32.4183,31.7873,31.3177,31.5338,32.2344,32.5552,32.7735,32.3147,31.9171,31.1873,31.0963,31.4779,31.8,31.7645,31.3544,30.8808,30.7736,30.9992,31.0607,30.8364,30.4286,30.4283,30.5393,30.4819,30.2163,30.0818,30.1284,30.042,29.8345,29.8185,29.7834,29.6441,29.5776,29.5423,29.4523,29.3741,29.3355,29.2483,29.1956,29.1333,29.0803,29.0132,28.969,28.9135,28.8588,28.7934,28.7507,28.6956,28.6455,28.6003,28.5602,28.5096,28.4646,28.424,28.3758,28.3335,28.2974,28.267,28.2309,28.2009,28.1691,28.1436,28.1247,28.1116,28.0889,28.0779,28.0678,8.6609,8.38757,8.13212,7.87488,7.63416,7.39306,7.15301,6.92881,6.71889,6.49847,6.30374,6.10031,5.9103,5.72332,5.53999,5.36859,5.20073,5.03669,4.87684,4.72134,4.576,4.42943,4.2925,4.1551
0.94224,40.048,37.7633,35.598,33.7485,32.0247,30.7631,29.9063,29.5599,29.8716,30.3291,31.0019,31.8257,32.7349,33.6524,34.4939,35.1843,35.3261,35.4643,34.813,33.6901,32.5388,31.6701,31.3125,31.4743,31.9528,33.1563,33.6682,33.9822,34.0149,33.7155,32.4249,31.794,31.3248,31.5414,32.2424,32.5629,32.7811,32.3218,31.9243,31.1948,31.105,31.4871,31.809,31.7732,31.3631,30.8896,30.7837,31.0096,31.0711,30.8466,30.4392,30.4398,30.5511,30.4937,30.2283,30.0947,30.1418,30.0555,29.8486,29.8331,29.7986,29.6597,29.5941,29.5593,29.47,29.3928,29.3549,29.2686,29.2169,29.1556,29.1036,29.0379,28.9948,28.9408,28.8876,28.8241,28.7829,28.7297,28.6814,28.6379,28.5995,28.5508,28.5075,28.4698,28.4229,28.3827,28.3483,28.3195,28.2853,28.2575,28.226,28.2015,28.183,28.1703,28.1482,28.1395,28.1297,28.1254,8.46419,8.20634,7.94671,7.70383,7.46053,7.2184,6.99216,6.78041,6.55797,6.36147,6.15617,5.96431,5.77555,5.59055,5.41771,5.24836,5.08287,4.92155,4.76467,4.61804,4.47012,4.3319,4.19321
0.94549,40.0566,37.7701,35.6039,33.7539,32.029,30.7673,29.9115,29.5645,29.8746,30.3342,31.0071,31.8319,32.7419,33.6585,34.5001,35.1903,35.332,35.4701,34.8185,33.6963,32.5437,31.6752,31.3184,31.4808,31.9602,33.1632,33.675,33.9888,34.0213,33.7215,32.4303,31.7998,31.3321,31.5495,32.2503,32.5708,32.7887,32.3292,31.9318,31.2026,31.1136,31.4962,31.8182,31.782,31.372,30.8986,30.7937,31.0201,31.0815,30.8568,30.45,30.4514,30.5628,30.5055,30.2404,30.1077,30.1552,30.0689,29.8626,29.8479,29.8138,29.6754,29.6106,29.5763,29.4875,29.4115,29.3741,29.2888,29.238,29.1777,29.1269,29.0625,29.0205,28.9679,28.9163,28.8546,28.815,28.7637,28.7173,28.6758,28.6393,28.5929,28.5514,28.5159,28.472,28.4342,28.4021,28.3754,28.3433,28.3176,28.2871,28.2653,28.2471,28.2368,28.2155,28.2086,28.1996,28.1958,28.1863,8.28068,8.01909,7.77327,7.5278,7.28322,7.05548,6.84209,6.61765,6.41915,6.21205,6.01846,5.82809,5.64143,5.467,5.29663,5.12976,4.96703,4.80872,4.66063,4.51124,4.37177,4.23183
0.94862,40.0646,37.7763,35.6096,33.7597,32.0339,30.7725,29.9164,29.5696,29.8805,30.3393,31.0132,31.8378,32.7473,33.6645,34.5058,35.1961,35.3376,35.4751,34.8238,33.7013,32.5482,31.68,31.3246,31.4864,31.9667,33.1697,33.6813,33.995,34.0272,33.7267,32.4363,31.8057,31.339,31.5568,32.258,32.5781,32.7958,32.3362,31.9386,31.2098,31.1219,31.5049,31.8267,31.7903,31.3801,30.9071,30.8032,31.0298,31.0912,30.8665,30.4601,30.4623,30.5739,30.5166,30.2516,30.1198,30.1677,30.0816,29.8758,29.8616,29.8279,29.6899,29.6259,29.5922,29.504,29.4287,29.392,29.3075,29.2577,29.1983,29.1483,29.0853,29.0443,28.9929,28.9426,28.8827,28.8443,28.7947,28.7502,28.7103,28.6757,28.6313,28.5922,28.5572,28.5159,28.4804,28.4505,28.425,28.3945,28.3704,28.3426,28.3212,28.3052,28.2947,28.2753,28.268,28.2602,28.2568,28.252,8.35548,8.09112,7.84415,7.59649,7.34985,7.11993,6.90428,6.67784,6.47772,6.26876,6.07347,5.88148,5.69311,5.51694,5.34452,5.17598,5.01164,4.85194,4.70265,4.55181,4.41095,4.26966
0.95163,40.0726,37.7827,35.6139,33.7651,32.0386,30.7771,29.9211,29.5742,29.8853,30.3462,31.0179,31.8438,32.7528,33.6701,34.5116,35.2017,35.3431,35.4806,34.8286,33.7039,32.5533,31.6847,31.3302,31.4931,31.9729,33.176,33.6876,34.0011,34.033,33.7328,32.4419,31.8117,31.3458,31.5637,32.2653,32.5855,32.8027,32.343,31.945,31.2171,31.1296,31.5133,31.835,31.7985,31.3883,30.9155,30.8127,31.0394,31.1007,30.8759,30.4701,30.4732,30.5848,30.5275,30.2627,30.132,30.18,30.094,29.8888,29.8751,29.8418,29.7044,29.641,29.6078,29.5201,29.4458,29.4095,29.3258,29.277,29.2184,29.1694,29.1074,29.0673,29.0172,28.9682,28.9098,28.8728,28.8249,28.7818,28.7436,28.7104,28.6678,28.6303,28.5979,28.5583,28.5242,28.4943,28.4724,28.4431,28.4203,28.3945,28.3741,28.3593,28.3496,28.3314,28.3261,28.3189,28.3164,28.3111,28.3083,8.16709,7.91755,7.66743,7.41916,7.18655,6.96892,6.74044,6.53868,6.32783,6.13079,5.93695,5.74682,5.56904,5.39495,5.22483,5.05899,4.8977,4.74697,4.59488,4.45273,4.3101
0.95439,40.0796,37.7883,35.6194,33.7697,32.0429,30.78,29.926,29.5786,29.8903,30.3498,31.0235,31.8486,32.7579,33.6753,34.5167,35.2067,35.3479,35.4855,34.8331,33.7095,32.5555,31.6898,31.3347,31.4983,31.9782,33.1819,33.6932,34.0065,34.0383,33.7376,32.4471,31.8166,31.3517,31.5702,32.2718,32.5919,32.809,32.349,31.9513,31.2236,31.1367,31.5207,31.8425,31.8058,31.3953,30.9229,30.8209,31.048,31.1092,30.8844,30.4787,30.4828,30.5945,30.5372,30.2725,30.1426,30.1909,30.1051,29.9003,29.887,29.8542,29.7171,29.6544,29.6216,29.5343,29.4608,29.425,29.342,29.2939,29.236,29.1879,29.127,29.0876,29.0386,28.9907,28.9337,28.8978,28.8513,28.8097,28.7729,28.7411,28.6999,28.6641,28.6339,28.5963,28.5642,28.5368,28.5157,28.489,28.4675,28.4425,28.4232,28.4097,28.3997,28.3841,28.3779,28.3709,28.3689,28.3625,28.3669,28.3682,7.99009,7.73796,7.48451,7.25256,7.03314,6.80258,6.59886,6.38626,6.18712,5.99141,5.79956,5.62028,5.44482,5.27314,5.10585,4.94292,4.79087,4.63733,4.49382,4.35002
0.95717,40.087,37.7941,35.6243,33.7747,32.0474,30.7849,29.9274,29.5831,29.896,30.3553,31.0296,31.8547,32.7639,33.6808,34.522,35.2119,35.353,35.4901,34.8378,33.7142,32.5621,31.6933,31.3395,31.504,31.9843,33.1878,33.6989,34.0121,34.0437,33.743,32.4518,31.8219,31.3583,31.5765,32.2786,32.5985,32.8153,32.3551,31.9575,31.2301,31.144,31.5284,31.8502,31.8132,31.4028,30.9303,30.8294,31.0568,31.1181,30.8931,30.488,30.4925,30.6045,30.5472,30.2827,30.1535,30.2023,30.1165,29.912,29.8994,29.8669,29.7303,29.6682,29.6359,29.5489,29.4762,29.4409,29.3587,29.3114,29.2542,29.2069,29.147,29.1084,29.0605,29.0136,28.958,28.9232,28.8781,28.8379,28.8024,28.7719,28.7326,28.6985,28.6691,28.6329,28.6023,28.5767,28.5563,28.5313,28.5108,28.4876,28.4699,28.4573,28.4492,28.4335,28.4286,28.4229,28.4218,28.4186,28.4214,28.4229,28.4274,7.82321,7.56946,7.33256,7.11068,6.87764,6.67169,6.45656,6.25553,6.05783,5.86383,5.68258,5.50493,5.33136,5.16228,4.9977,4.84389,4.68875,4.54376,4.39827
0.95972,40.0935,37.7993,35.6293,33.779,32.0503,30.7887,29.9328,29.5879,29.8991,30.3586,31.0336,31.8585,32.7685,33.6856,34.5267,35.2165,35.3574,35.4944,34.842,33.7172,32.565,31.6972,31.344,31.5088,31.9888,33.1932,33.7042,34.0171,34.0485,33.7477,32.4564,31.827,31.3637,31.5822,32.2847,32.6045,32.8211,32.3607,31.963,31.2356,31.1508,31.5354,31.8571,31.8199,31.4094,30.9372,30.8371,31.0647,31.1259,30.9008,30.496,30.5013,30.6134,30.5561,30.2917,30.1633,30.2122,30.1265,29.9226,29.9103,29.8782,29.7419,29.6802,29.6484,29.5619,29.4899,29.455,29.3734,29.3267,29.2702,29.2235,29.1645,29.1267,29.0797,29.0337,28.9794,28.9455,28.9016,28.8626,28.8283,28.7989,28.761,28.7284,28.7002,28.6655,28.6364,28.6121,28.5926,28.5685,28.5499,28.5285,28.512,28.5004,28.4932,28.478,28.4736,28.4681,28.4669,28.4645,28.467,28.47,28.4759,7.92102,7.6643,7.42478,7.19997,6.96403,6.75563,6.53785,6.33447,6.13417,5.93789,5.75438,5.57456,5.40017,5.22756,5.06091,4.90528,4.74807,4.60139,4.45401
0.96205,40.0995,37.804,35.6338,33.783,32.0538,30.7915,29.9351,29.5917,29.9048,30.363,31.0363,31.8627,32.7726,33.69,34.531,35.2207,35.3615,35.4985,34.8458,33.7205,32.5677,31.7009,31.3482,31.5131,31.9942,33.1977,33.7089,34.0216,34.0529,33.752,32.4607,31.8311,31.3689,31.5876,32.2903,32.6102,32.8263,32.3657,31.968,31.241,31.1567,31.5421,31.8634,31.826,31.4154,30.9434,30.8443,31.072,31.1332,30.9079,30.5034,30.5092,30.6215,30.5642,30.2999,30.1722,30.2214,30.1357,29.9323,29.9203,29.8885,29.7524,29.6914,29.6599,29.5737,29.5023,29.4678,29.3867,29.3407,29.2847,29.2387,29.1805,29.1432,29.097,29.0519,28.9986,28.9656,28.9227,28.8848,28.8515,28.8233,28.7867,28.7552,28.7283,28.6951,28.6673,28.6444,28.6259,28.6033,28.5857,28.5647,28.5492,28.5383,28.5319,28.5175,28.5139,28.5094,28.509,28.5076,28.5111,28.5134,28.5197,28.5261,7.77998,7.53672,7.30892,7.06956,6.85814,6.63716,6.43071,6.22753,6.02829,5.842,5.65951,5.48123,5.30742,5.13832,4.98028,4.82076,4.67174,4.52222
0.96437,40.1054,37.8086,35.6381,33.7869,32.0577,30.7955,29.9389,29.5942,29.9068,30.3656,31.0418,31.8681,32.7769,33.694,34.5353,35.2249,35.3656,35.5025,34.8496,33.7252,32.571,31.7059,31.3531,31.5174,31.9986,33.2026,33.7136,34.0261,34.0572,33.7563,32.4648,31.835,31.3735,31.5931,32.2956,32.6152,32.8314,32.3707,31.973,31.2465,31.1628,31.5482,31.8696,31.832,31.4213,30.9496,30.851,31.079,31.14,30.9149,30.5107,30.5171,30.6295,30.5722,30.308,30.181,30.2304,30.1449,29.9418,29.9302,29.8987,29.7629,29.7024,29.6712,29.5853,29.5145,29.4803,29.3999,29.3545,29.2991,29.2536,29.1962,29.1595,29.1141,29.0698,29.0175,28.9853,28.9434,28.9066,28.8744,28.8469,28.8117,28.7813,28.7556,28.7238,28.6973,28.6755,28.6584,28.637,28.6201,28.6002,28.5863,28.5752,28.5689,28.5561,28.5533,28.5501,28.5495,28.5486,28.5534,28.5556,28.5618,28.5682,28.5751,7.68055,7.44868,7.20494,6.98956,6.76452,6.55424,6.34731,6.14436,5.95465,5.76875,5.58708,5.41005,5.23777,5.07713,4.91464,4.76227,4.60989
0.9666,40.1111,37.8131,35.6427,33.791,32.0613,30.7978,29.943,29.5976,29.912,30.3708,31.0451,31.8703,32.7812,33.6984,34.5394,35.229,35.3695,35.506,34.8528,33.7281,32.576,31.7091,31.3568,31.5218,32.0022,33.2073,33.7181,34.0305,34.0615,33.76,32.4689,31.8394,31.3784,31.5984,32.3009,32.6205,32.8364,32.3755,31.9778,31.2518,31.1683,31.5543,31.8756,31.8379,31.4271,30.9555,30.8576,31.0859,31.1468,30.9216,30.5176,30.5248,30.6372,30.58,30.3159,30.1893,30.2391,30.1536,29.9508,29.9396,29.9085,29.773,29.7128,29.6821,29.5964,29.5263,29.4925,29.4125,29.3676,29.3127,29.2678,29.2111,29.1749,29.1303,29.0867,29.0354,29.0039,28.9631,28.9272,28.8959,28.8695,28.8352,28.8059,28.7813,28.7506,28.7251,28.7044,28.6883,28.6679,28.6524,28.634,28.6205,28.6111,28.6067,28.5944,28.5919,28.5885,28.5892,28.5884,28.5926,28.5961,28.6026,28.609,28.6158,7.81528,7.57952,7.3317,7.11657,6.88407,6.67014,6.45978,6.25339,6.06031,5.87123,5.69834,5.50621,5.33096,5.16714,5.00511,4.85173,4.69218
0.96865,40.1164,37.8172,35.6454,33.7941,32.0596,30.8018,29.9451,29.6005,29.9162,30.3745,31.0498,31.8745,32.7849,33.7022,34.5432,35.2327,35.3732,35.5095,34.8565,33.7318,32.5795,31.7117,31.3604,31.5256,32.0067,33.2115,33.7222,34.0345,34.0653,33.7638,32.4725,31.8433,31.3828,31.6028,32.3056,32.6255,32.841,32.38,31.9821,31.2565,31.1736,31.5598,31.8811,31.8432,31.4321,30.9611,30.8637,31.0921,31.1531,30.9278,30.5242,30.5318,30.6444,30.587,30.3232,30.1971,30.247,30.1617,29.9591,29.9482,29.9174,29.7822,29.7225,29.692,29.6067,29.537,29.5035,29.4241,29.3797,29.3252,29.2807,29.2247,29.189,29.1451,29.1022,29.0518,29.0209,28.9809,28.9459,28.9154,28.8898,28.8566,28.8283,28.8046,28.7751,28.7506,28.7311,28.7158,28.6963,28.6817,28.6642,28.6515,28.6432,28.6389,28.6275,28.6255,28.6227,28.6242,28.624,28.6285,28.6317,28.6391,28.6458,28.6526,28.6625,7.69182,7.42977,7.20816,6.97634,6.77264,6.54653,6.34831,6.1419,5.96173,5.76314,5.59123,5.41329,5.23687,5.06933,4.92219,4.75561
0.97071,40.1216,37.8214,35.6495,33.798,32.0669,30.8013,29.9489,29.604,29.9181,30.3791,31.0526,31.8781,32.7882,33.706,34.547,35.2364,35.3766,35.5132,34.8601,33.735,32.5819,31.7161,31.3633,31.5296,32.0108,33.2156,33.7264,34.0386,34.0691,33.7675,32.4759,31.8473,31.3872,31.6075,32.3107,32.63,32.8457,32.3843,31.9866,31.2612,31.1788,31.5651,31.8866,31.8486,31.4377,30.9667,30.87,31.0983,31.1592,30.934,30.5307,30.5386,30.6513,30.5942,30.3303,30.2049,30.255,30.1697,29.9675,29.9569,29.9264,29.7914,29.732,29.7019,29.6169,29.5477,29.5146,29.4355,29.3917,29.3376,29.2937,29.2383,29.2031,29.1598,29.1175,29.0679,29.0378,28.9986,28.9644,28.9347,28.9099,28.8777,28.8503,28.8274,28.7988,28.7753,28.7563,28.7421,28.7237,28.7101,28.6937,28.6819,28.6745,28.6712,28.6607,28.6594,28.6566,28.6575,28.658,28.6638,28.6624,28.6743,28.6816,28.689,28.6992,28.7116,7.5159,7.2918,7.07124,6.83905,6.62271,6.41114,6.21349,6.02035,5.83027,5.64623,5.46655,5.29796,5.12854,4.97016,4.81116
0.97262,40.1265,37.8253,35.6526,33.801,32.0701,30.8076,29.9519,29.6058,29.9206,30.382,31.0558,31.8827,32.7924,33.7096,34.5505,35.2399,35.3801,35.5162,34.8622,33.7371,32.5843,31.7184,31.3666,31.5331,32.0149,33.2196,33.7303,34.0422,34.0727,33.7709,32.4794,31.8508,31.3912,31.6119,32.3151,32.6345,32.85,32.3885,31.9907,31.2652,31.1839,31.5705,31.8917,31.8534,31.4426,30.9716,30.8756,31.1043,31.1652,30.9398,30.5366,30.5452,30.6579,30.6007,30.3369,30.212,30.2624,30.1771,29.9753,29.965,29.9346,29.7999,29.7409,29.7111,29.6262,29.5576,29.5247,29.4461,29.4027,29.3491,29.3056,29.2508,29.216,29.1733,29.1317,29.0828,29.0532,29.0148,28.9813,28.9524,28.9283,28.8969,28.8704,28.8484,28.8208,28.7983,28.7805,28.7669,28.7495,28.7366,28.7211,28.7098,28.7032,28.7003,28.6904,28.6896,28.6878,28.69,28.6911,28.6958,28.7002,28.7075,28.715,28.7225,28.7328,28.7413,7.58986,7.36357,7.12698,6.90582,6.68804,6.4765,6.27492,6.07918,5.88796,5.70144,5.52002,5.35045,5.17926,5.01942,4.85884
0.97451,40.1314,37.8293,35.6575,33.8045,32.0728,30.8092,29.9545,29.6098,29.9255,30.3844,31.059,31.8853,32.7954,33.713,34.554,35.2432,35.3834,35.5196,34.8658,33.7405,32.5864,31.7217,31.3709,31.5365,32.0181,33.2234,33.734,34.0459,34.0763,33.7745,32.4832,31.8538,31.3953,31.616,32.3196,32.639,32.8541,32.3926,31.9946,31.2699,31.1886,31.5754,31.8966,31.8583,31.4474,30.9766,30.8813,31.1102,31.1708,30.9454,30.5424,30.5515,30.6645,30.6071,30.3436,30.2191,30.2697,30.1844,29.9828,29.9729,29.9428,29.8083,29.7497,29.7201,29.6355,29.5674,29.5348,29.4565,29.4136,29.3604,29.3173,29.263,29.2288,29.1866,29.1455,29.0974,29.0683,29.0307,28.9979,28.9697,28.9463,28.9157,28.8901,28.8688,28.8421,28.8205,28.8034,28.7906,28.7739,28.7618,28.7471,28.7369,28.7308,28.7284,28.7193,28.719,28.7177,28.719,28.7217,28.7266,28.7313,28.7388,28.7465,28.7543,28.7646,28.7774,28.7882,7.43245,7.19363,6.97035,6.75065,6.53511,6.33371,6.13622,5.94312,5.75493,5.57179,5.40069,5.22787,5.06644,4.90434
0.97626,40.1359,37.8328,35.6593,33.8075,32.0753,30.8126,29.9582,29.6127,29.9281,30.3872,31.0623,31.8892,32.7986,33.7164,34.5571,35.2463,35.3865,35.5222,34.8684,33.7424,32.5899,31.7241,31.3738,31.5399,32.0226,33.2268,33.7375,34.0494,34.0794,33.7776,32.4863,31.8573,31.3993,31.6201,32.3237,32.643,32.858,32.3964,31.9984,31.2738,31.193,31.5801,31.9013,31.8629,31.4519,30.9813,30.8863,31.1154,31.1761,30.9506,30.5479,30.5573,30.6705,30.6131,30.3496,30.2258,30.2765,30.1913,29.9899,29.9803,29.9504,29.8161,29.7579,29.7285,29.6442,29.5765,29.544,29.4662,29.4237,29.3708,29.3281,29.2743,29.2404,29.1988,29.1582,29.1108,29.0822,29.0452,29.0131,28.9855,28.9627,28.9329,28.9079,28.8872,28.8615,28.8407,28.8243,28.8121,28.7962,28.7847,28.7708,28.7615,28.7557,28.7538,28.7453,28.7454,28.7446,28.7474,28.7493,28.7545,28.7594,28.7669,28.775,28.7828,28.7931,28.806,28.817,28.8314,7.2556,7.03053,6.809,6.59162,6.3884,6.18923,5.9946,5.80471,5.61999,5.44735,5.27313,5.11028,4.94675
0.97798,40.1403,37.8363,35.6637,33.8105,32.0778,30.8148,29.9592,29.6148,29.9307,30.3891,31.0661,31.8926,32.8025,33.7195,34.5603,35.2495,35.3894,35.5256,34.8716,33.7449,32.593,31.7268,31.3769,31.5436,32.0255,33.2307,33.7411,34.0527,34.0826,33.7807,32.4892,31.8602,31.403,31.6245,32.3278,32.6467,32.8618,32.4001,32.002,31.2776,31.1974,31.5851,31.9059,31.8673,31.4562,30.9858,30.8914,31.1206,31.1814,30.9558,30.5532,30.5632,30.6764,30.6192,30.3556,30.2321,30.2831,30.198,29.9968,29.9875,29.9578,29.8236,29.7658,29.7366,29.6525,29.5852,29.5531,29.4756,29.4334,29.3809,29.3387,29.2854,29.2518,29.2107,29.1706,29.1238,29.0958,29.0594,29.0278,29.0009,28.9787,28.9496,28.9254,28.9054,28.8804,28.8602,28.8446,28.833,28.818,28.8073,28.7941,28.7855,28.7801,28.7788,28.7709,28.7715,28.7712,28.7741,28.7766,28.782,28.7872,28.7921,28.8034,28.8111,28.8217,28.8345,28.8454,28.8602,7.31883,7.09179,6.86836,6.64911,6.44417,6.24325,6.04683,5.85535,5.66905,5.49491,5.31922,5.15492,4.98995
0.97961,40.1445,37.8396,35.6675,33.8133,32.0799,30.8175,29.9632,29.6178,29.9311,30.393,31.0684,31.8946,32.8045,33.7226,34.5633,35.2524,35.3924,35.528,34.8745,33.7487,32.5958,31.7293,31.3794,31.5468,32.029,33.234,33.7444,34.0559,34.0857,33.7835,32.4922,31.8635,31.4066,31.6277,32.3316,32.6506,32.8653,32.4034,32.0057,31.2812,31.2016,31.5892,31.9103,31.8717,31.4605,30.99,30.8963,31.1257,31.1863,30.9607,30.5585,30.5687,30.682,30.6247,30.3613,30.2382,30.2893,30.2043,30.0034,29.9942,29.9648,29.8308,29.7733,29.7444,29.6605,29.5936,29.5616,29.4845,29.4427,29.3905,29.3486,29.2957,29.2626,29.2219,29.1823,29.136,29.1084,29.0726,29.0417,29.0153,28.9936,28.9653,28.9417,28.9224,28.8982,28.8788,28.8639,28.853,28.8386,28.8286,28.8161,28.8079,28.8035,28.8025,28.7951,28.7961,28.7962,28.7998,28.8024,28.8082,28.8137,28.8218,28.831,28.8383,28.849,28.8619,28.873,28.8877,28.9011,7.15417,6.92873,6.70757,6.5009,6.29818,6.10011,5.90718,5.71901,5.54334,5.36599,5.20033,5.03394
0.98116,40.1485,37.8428,35.6706,33.8158,32.083,30.8189,29.965,29.619,29.9352,30.3952,31.0709,31.8972,32.8085,33.7255,34.5662,35.2553,35.395,35.5308,34.8767,33.7498,32.5968,31.7324,31.3816,31.5502,32.0314,33.2371,33.7475,34.0589,34.0888,33.7863,32.495,31.8666,31.4098,31.6313,32.3353,32.6542,32.8688,32.4067,32.0088,31.2849,31.2056,31.5934,31.9143,31.8756,31.4645,30.9943,30.9008,31.1304,31.1911,30.9654,30.5633,30.574,30.6873,30.6301,30.3667,30.2439,30.2952,30.2103,30.0096,30.0007,29.9715,29.8376,29.7804,29.7517,29.668,29.6015,29.5697,29.4929,29.4515,29.3996,29.358,29.3056,29.2727,29.2325,29.1933,29.1476,29.1204,29.0852,29.0547,29.0289,29.0077,28.98,28.957,28.9383,28.9148,28.8961,28.8817,28.8713,28.8575,28.8477,28.8358,28.8281,28.8243,28.8238,28.8171,28.8186,28.8193,28.8233,28.8265,28.8325,28.8384,28.8467,28.8548,28.863,28.8736,28.8864,28.8975,28.9122,28.9254,28.9401,6.99292,6.78363,6.56115,6.36956,6.16297,5.9617,5.77208,5.59482,5.41584,5.24863,5.08655
0.98262,40.152,37.8455,35.6719,33.8182,32.0848,30.8219,29.9658,29.6222,29.9371,30.3982,31.0743,31.9002,32.8105,33.7281,34.5687,35.2578,35.3974,35.5333,34.8791,33.7505,32.599,31.735,31.3837,31.5517,32.0351,33.24,33.7503,34.0616,34.0913,33.7889,32.4973,31.869,31.4127,31.6343,32.3386,32.6575,32.8719,32.4099,32.0118,31.2879,31.2093,31.5971,31.9182,31.8793,31.468,30.9977,30.905,31.1345,31.1952,30.9694,30.5677,30.5785,30.6919,30.6348,30.3714,30.2492,30.3006,30.2156,30.0151,30.0064,29.9773,29.8438,29.7867,29.7583,29.6748,29.6085,29.577,29.5005,29.4593,29.4077,29.3664,29.3143,29.2817,29.2418,29.203,29.1578,29.131,29.0962,29.0662,29.0408,29.0201,28.9929,28.9704,28.9522,28.9293,28.9111,28.8972,28.8873,28.8742,28.8652,28.854,28.8469,28.8435,28.8434,28.8373,28.8391,28.84,28.8442,28.8475,28.8538,28.8598,28.8682,28.8767,28.8852,28.8959,28.9086,28.9196,28.9341,28.9471,28.9618,7.07366,6.83439,6.63689,6.41731,6.21548,6.03072,5.83889,5.64819,5.47809,5.30861,5.12914
0.98402,40.1556,37.8485,35.6761,33.8206,32.0833,30.8238,29.9679,29.625,29.9386,30.4001,31.0759,31.9019,32.8127,33.7306,34.5713,35.2603,35.4,35.5356,34.8814,33.7541,32.6009,31.7369,31.3864,31.5548,32.0377,33.243,33.7531,34.0644,34.0939,33.7911,32.5002,31.8716,31.4157,31.6376,32.3418,32.6607,32.8751,32.4129,32.0149,31.2913,31.2128,31.6012,31.9218,31.8828,31.4714,31.0017,30.9091,31.1388,31.1992,30.9736,30.572,30.5833,30.6967,30.6396,30.3763,30.2543,30.306,30.221,30.0207,30.0123,29.9833,29.8499,29.7932,29.7649,29.6814,29.6156,29.5843,29.508,29.4672,29.4158,29.3748,29.3231,29.2908,29.2513,29.2129,29.1681,29.1417,29.1073,29.0778,29.0529,29.0326,29.0059,28.9839,28.9662,28.9438,28.9262,28.9128,28.9034,28.8908,28.8823,28.8715,28.8649,28.862,28.8624,28.8567,28.8587,28.8599,28.8644,28.8679,28.8743,28.8804,28.8889,28.8975,28.9061,28.9169,28.9296,28.9406,28.955,28.9679,28.9822,28.9969,6.91793,6.71279,6.50108,6.29158,6.09234,5.89855,5.7175,5.54254,5.36988,5.19603
0.98538,40.1591,37.851,35.6784,33.823,32.0886,30.8259,29.9701,29.6268,29.9405,30.402,31.0783,31.9052,32.8151,33.7331,34.5738,35.2627,35.4022,35.5378,34.8836,33.7568,32.6046,31.7395,31.3898,31.5585,32.0408,33.2458,33.7559,34.067,34.0966,33.7937,32.5021,31.874,31.4187,31.6408,32.3453,32.6641,32.8781,32.4158,32.0178,31.2942,31.2165,31.6045,31.9253,31.8863,31.4749,31.0051,30.9133,31.1429,31.2035,30.9775,30.5762,30.588,30.7013,30.6442,30.381,30.2596,30.3113,30.2262,30.0263,30.018,29.9892,29.8559,29.7995,29.7713,29.6881,29.6225,29.5914,29.5154,29.4748,29.4237,29.383,29.3317,29.2997,29.2605,29.2224,29.1781,29.152,29.1181,29.089,29.0645,29.0446,29.0185,28.9969,28.9797,28.9578,28.9407,28.9278,28.9188,28.9066,28.8985,28.8882,28.882,28.8793,28.88,28.8747,28.8771,28.8787,28.8834,28.8872,28.8938,28.9002,28.9089,28.9176,28.9262,28.9371,28.9498,28.9608,28.9752,28.9881,29.0024,29.017,7.04603,6.8183,6.61806,6.39827,6.19573,5.99868,5.81456,5.62858,5.46643,5.28629
0.98668,40.1622,37.8537,35.6796,33.825,32.0883,30.8276,29.9732,29.6279,29.9448,30.4045,31.0808,31.9081,32.8179,33.7354,34.5761,35.2649,35.4043,35.54,34.8842,33.7588,32.6062,31.741,31.3919,31.5598,32.0422,33.2483,33.7582,34.0694,34.0987,33.7963,32.5044,31.876,31.4213,31.6438,32.348,32.6668,32.8809,32.4185,32.0202,31.297,31.2194,31.608,31.9288,31.8896,31.4779,31.0082,30.9167,31.1467,31.2071,30.9814,30.58,30.5919,30.7057,30.6483,30.3852,30.264,30.3159,30.2309,30.0311,30.0231,29.9944,29.8612,29.805,29.7771,29.694,29.6287,29.5977,29.5219,29.4816,29.4307,29.3903,29.3393,29.3074,29.2686,29.2308,29.187,29.1612,29.1276,29.099,29.0748,29.0553,29.0295,29.0085,28.9916,28.9702,28.9535,28.9411,28.9325,28.9208,28.9131,28.9033,28.8975,28.8952,28.8962,28.8914,28.8941,28.896,28.901,28.9051,28.9119,28.9185,28.9274,28.9362,28.945,28.9559,28.9686,28.9797,28.994,29.0069,29.0212,29.0356,29.0505,6.9559,6.74117,6.52719,6.32064,6.11971,5.93187,5.74219,5.56636,5.38693
0.98794,40.1655,37.8563,35.6816,33.8272,32.0923,30.8283,29.9749,29.6289,29.9448,30.4071,31.0824,31.9109,32.8205,33.7378,34.5784,35.2671,35.4067,35.5421,34.8877,33.7605,32.6065,31.7435,31.3939,31.5629,32.046,33.2508,33.7607,34.0719,34.1011,33.7982,32.5067,31.8785,31.424,31.6463,32.3512,32.6697,32.8837,32.421,32.023,31.3001,31.2225,31.6114,31.932,31.8927,31.4815,31.0116,30.9205,31.1505,31.2111,30.9851,30.5841,30.5962,30.7099,30.6527,30.3897,30.2688,30.3208,30.2357,30.0362,30.0283,29.9998,29.8668,29.8108,29.783,29.7001,29.6351,29.6042,29.5287,29.4887,29.4381,29.3978,29.3472,29.3156,29.2771,29.2396,29.1962,29.1707,29.1375,29.1092,29.0854,29.0663,29.041,29.0203,29.0039,28.983,28.9668,28.9547,28.9466,28.9353,28.9281,28.9187,28.9132,28.9114,28.9126,28.9082,28.9112,28.9133,28.9189,28.9229,28.9298,28.9364,28.9455,28.9545,28.9633,28.9744,28.9871,28.9981,29.0123,29.0252,29.0393,29.0536,29.0692,29.0836,6.86077,6.65292,6.43501,6.23058,6.04363,5.84623,5.67335,5.48984
0.98914,40.1686,37.8587,35.6851,33.8295,32.0942,30.8308,29.9743,29.632,29.948,30.41,31.0853,31.9123,32.8234,33.7398,34.5807,35.2694,35.4088,35.5442,34.8894,33.7618,32.6085,31.7456,31.3961,31.565,32.0477,33.2534,33.7633,34.0743,34.1034,33.8007,32.509,31.8808,31.4269,31.6494,32.3539,32.6726,32.8864,32.4238,32.0258,31.3026,31.2257,31.6146,31.9353,31.896,31.4844,31.0148,30.9241,31.1542,31.2148,30.9888,30.5878,30.6004,30.714,30.6568,30.3938,30.2732,30.3254,30.2405,30.0411,30.0332,30.0048,29.8721,29.8163,29.7887,29.7058,29.6411,29.6104,29.5351,29.4954,29.445,29.4049,29.3546,29.3232,29.2851,29.2479,29.2048,29.1796,29.1468,29.1189,29.0955,29.0767,29.0518,29.0316,29.0155,28.9951,28.9793,28.9678,28.9598,28.9491,28.9422,28.9332,28.9284,28.9267,28.9284,28.9243,28.9276,28.9297,28.9354,28.94,28.9469,28.9534,28.9626,28.9721,28.9809,28.992,29.0049,29.016,29.0301,29.0429,29.0569,29.0711,29.0858,29.1008,6.95351,6.73479,6.52167,6.31434,6.12124,5.92518,5.74226,5.55864
0.99026,40.1714,37.8609,35.6864,33.8311,32.0956,30.8326,29.9785,29.6345,29.95,30.4106,31.0877,31.9132,32.8252,33.742,34.5825,35.2714,35.4107,35.5459,34.8914,33.7642,32.6114,31.7464,31.3972,31.5674,32.0499,33.2556,33.7654,34.0764,34.1055,33.8024,32.5108,31.8828,31.429,31.6517,32.3563,32.6751,32.8888,32.4258,32.0278,31.305,31.2284,31.6175,31.938,31.8987,31.487,31.0175,30.9273,31.1575,31.2178,30.9919,30.5911,30.6038,30.7175,30.6604,30.3975,30.2772,30.3293,30.2445,30.0452,30.0376,30.0094,29.8765,29.8211,29.7936,29.7109,29.6464,29.6158,29.5407,29.5012,29.4509,29.4112,29.3611,29.3299,29.2919,29.255,29.2123,29.1873,29.1549,29.1273,29.1041,29.0856,29.0611,29.0412,29.0255,29.0054,28.99,28.9787,28.9712,28.9608,28.9542,28.9457,28.941,28.9397,28.9414,28.9378,28.9413,28.944,28.9496,28.9541,28.9617,28.9687,28.9779,28.9869,28.996,29.0069,29.0196,29.0306,29.0448,29.0573,29.0715,29.0855,29.0997,29.1148,29.1301,6.80987,6.58834,6.37857,6.19056,5.98531,5.80066,5.61515
0.99121,40.1739,37.8629,35.6902,33.8328,32.0972,30.8313,29.9785,29.6357,29.9522,30.4121,31.0899,31.9154,32.8262,33.7439,34.5843,35.273,35.4125,35.5478,34.8917,33.7648,32.613,31.7482,31.3984,31.5688,32.0517,33.2575,33.7674,34.0781,34.1072,33.8041,32.5123,31.8846,31.4311,31.6538,32.3587,32.6774,32.8908,32.4279,32.0297,31.3073,31.231,31.6199,31.9407,31.9013,31.4896,31.0202,30.9301,31.1603,31.2208,30.9948,30.5941,30.6071,30.7209,30.6637,30.4008,30.2807,30.333,30.2482,30.049,30.0416,30.0134,29.8808,29.8254,29.7981,29.7155,29.6512,29.6208,29.5459,29.5065,29.4565,29.4169,29.367,29.336,29.2983,29.2616,29.2192,29.1945,29.1623,29.135,29.1121,29.0939,29.0697,29.0501,29.0347,29.015,28.9999,28.9889,28.9817,28.9715,28.9652,28.9569,28.9525,28.9515,28.9534,28.9499,28.9536,28.9565,28.9621,28.9671,28.9745,28.9817,28.991,29.0004,29.0094,29.0204,29.033,29.044,29.058,29.0707,29.0846,29.0986,29.1127,29.1274,29.143,6.86434,6.65533,6.44504,6.24925,6.04851,5.86019,5.66582
0.99213,40.176,37.8644,35.6906,33.8343,32.0975,30.8329,29.9786,29.637,29.9522,30.4156,31.0915,31.9158,32.8272,33.7454,34.5857,35.2744,35.4141,35.549,34.8943,33.7668,32.6143,31.7496,31.4003,31.57,32.0533,33.2591,33.7691,34.0799,34.1088,33.8059,32.5139,31.8857,31.4329,31.6556,32.3608,32.6794,32.8927,32.4298,32.0317,31.3092,31.2331,31.6222,31.9432,31.9035,31.4919,31.0225,30.9327,31.1629,31.2233,30.9972,30.5967,30.61,30.7238,30.6665,30.4038,30.284,30.3363,30.2515,30.0524,30.0451,30.0171,29.8845,29.8293,29.8021,29.7196,29.6555,29.6252,29.5505,29.5113,29.4613,29.4219,29.3723,29.3414,29.3039,29.2675,29.2253,29.2007,29.1688,29.1417,29.1191,29.1011,29.0772,29.0578,29.0427,29.0233,29.0085,28.9978,28.9908,28.9809,28.9749,28.9669,28.9628,28.9619,28.9641,28.961,28.9648,28.9678,28.9738,28.9788,28.9864,28.9937,29.0031,29.0122,29.0216,29.0324,29.0451,29.0562,29.0702,29.083,29.097,29.1107,29.1249,29.1396,29.1547,29.1693,6.70015,6.48723,6.28825,6.08731,5.89948,5.71855
0.99304,40.1778,37.866,35.6911,33.836,32.0991,30.8357,29.9807,29.6384,29.9528,30.4161,31.0921,31.9186,32.8301,33.7471,34.5876,35.2762,35.4155,35.55,34.8955,33.7681,32.6148,31.7505,31.403,31.5724,32.0551,33.2607,33.7709,34.0816,34.1104,33.8071,32.5154,31.8878,31.4346,31.6578,32.3628,32.6811,32.8947,32.4318,32.0335,31.3113,31.2354,31.6248,31.9453,31.9057,31.494,31.0245,30.9352,31.1656,31.2261,30.9999,30.5993,30.613,30.7269,30.6695,30.4068,30.2871,30.3396,30.2546,30.0559,30.0486,30.0207,29.8881,29.8332,29.806,29.7236,29.6598,29.6295,29.555,29.5159,29.4662,29.4269,29.3774,29.3468,29.3095,29.2732,29.2312,29.2069,29.1752,29.1484,29.126,29.1082,29.0845,29.0655,29.0506,29.0315,29.0169,29.0067,29,28.9904,28.9847,28.9772,28.9732,28.9727,28.9752,28.9724,28.9765,28.9799,28.9862,28.9913,28.9991,29.0067,29.0162,29.0257,29.0348,29.0452,29.058,29.0691,29.0832,29.0965,29.1106,29.1243,29.1383,29.1529,29.1679,29.1827,6.75715,6.55085,6.34992,6.14704,5.95626,5.76947
0.995,40.1825,37.8697,35.6952,33.8391,32.1026,30.8388,29.9843,29.6418,29.9559,30.4186,31.0951,31.9226,32.8333,33.7509,34.5913,35.2797,35.419,35.5536,34.8983,33.7711,32.6186,31.7539,31.4053,31.5758,32.0592,33.2651,33.7747,34.0853,34.114,33.8108,32.5191,31.891,31.4388,31.662,32.3675,32.6857,32.8989,32.4359,32.0378,31.3155,31.2404,31.6298,31.9504,31.9105,31.4989,31.0297,30.9409,31.1714,31.2316,31.0055,30.6053,30.6192,30.7333,30.6759,30.4132,30.2942,30.3468,30.262,30.0634,30.0565,30.0288,29.8965,29.8418,29.8149,29.7328,29.6693,29.6392,29.565,29.5264,29.4769,29.4381,29.389,29.3587,29.3218,29.286,29.2446,29.2207,29.1896,29.1632,29.1413,29.124,29.101,29.0825,29.0681,29.0497,29.0357,29.0259,29.0197,29.0107,29.0055,28.9984,28.9951,28.995,28.9979,28.9956,29.0001,29.0039,29.0102,29.0159,29.0239,29.0316,29.0414,29.0509,29.0604,29.0717,29.0844,29.0956,29.1095,29.122,29.1356,29.1487,29.1627,29.1772,29.1917,29.2063,29.2208,29.2356,6.48713,6.28026,6.08603,5.89147
0.999,40.1929,37.8778,35.7026,33.846,32.1089,30.8444,29.9897,29.6472,29.9635,30.4259,31.103,31.9307,32.8401,33.7581,34.5984,35.2868,35.4261,35.5607,34.9053,33.7772,32.6246,31.7595,31.4122,31.5832,32.0667,33.2731,33.7827,34.0931,34.1213,33.8181,32.5263,31.8985,31.4474,31.6711,32.3766,32.6947,32.9077,32.4445,32.0463,31.3246,31.2504,31.6406,31.9611,31.9208,31.5091,31.0401,30.9526,31.1835,31.2436,31.0174,30.6177,30.6326,30.7468,30.6894,30.4269,30.3088,30.3618,30.2771,30.079,30.0727,30.0454,29.9136,29.8596,29.8332,29.7515,29.6889,29.6593,29.5858,29.5479,29.4991,29.461,29.4129,29.3832,29.3472,29.3123,29.272,29.2489,29.2189,29.1936,29.1727,29.1563,29.1344,29.117,29.1037,29.0865,29.0737,29.0649,29.0597,29.0517,29.0475,29.0414,29.039,29.0395,29.0431,29.0418,29.0468,29.0507,29.0579,29.0637,29.0719,29.0799,29.0897,29.0992,29.1086,29.1199,29.1322,29.1428,29.1567,29.1683,29.1819,29.1954,29.208,29.2225,29.236,29.2505,29.2644,29.2782,29.2933,29.3074,29.3218,6.43683
