,0.378908,0.414654,0.4504,0.486146,0.521892,0.593384,0.62913,0.664876,0.736368,0.772114,0.843606,0.879352,0.950844,1.02234,1.09383,1.16532,1.23681,1.3083,1.3798,1.48703,1.55853,1.66576,1.773,1.84449,1.98748,2.09472,2.20195,2.34494,2.45218,2.59516,2.73814,2.91687,3.05986,3.23859,3.41732,3.59605,3.81052,4.025,4.23948,4.45395,4.70417,4.9544,5.20462,5.49059,5.77655,6.09827,6.41998,6.7417,7.09916,7.45662,7.84982,8.27877,8.70773,9.13668,9.63712,10.1376,10.638,11.2099,11.7819,12.3896,13.033,13.6764,14.3913,15.1063,15.8927,16.7148,17.5727,18.4664,19.3958,20.3967,21.4333,22.5057,23.6496,24.8292,26.116,27.4386,28.797,30.2626,31.7996,33.4082,35.0883,36.8756,38.7344,40.6646,42.7379,44.8827
1e-08,0.504814,4.04788,2.79432,0.707624,0.152149,0.0104078,0.00359427,0.00146494,0.00035775,0.000204432,8.1991e-05,5.62108e-05,2.97087e-05,1.76888e-05,1.1499e-05,7.98941e-06,5.84461e-06,4.45346e-06,3.50654e-06,2.57225e-06,2.14764e-06,1.69035e-06,1.37144e-06,1.20963e-06,9.66881e-07,8.33569e-07,7.28633e-07,6.19991e-07,5.55545e-07,4.86052e-07,4.30531e-07,3.75368e-07,3.39688e-07,3.02943e-07,2.72846e-07,2.47812e-07,2.22889e-07,2.02253e-07,1.84924e-07,1.70191e-07,1.55591e-07,1.432e-07,1.32566e-07,1.22131e-07,1.1317e-07,1.04499e-07,9.70301e-08,9.05349e-08,8.42482e-08,7.87637e-08,7.34888e-08,6.84761e-08,6.40974e-08,6.0241e-08,5.6287e-08,5.28186e-08,4.97525e-08,4.66577e-08,4.39266e-08,4.13564e-08,3.89461e-08,3.68037e-08,3.46868e-08,3.28033e-08,3.09578e-08,2.92418e-08,2.76467e-08,2.6164e-08,2.47856e-08,2.34589e-08,2.22307e-08,2.10925e-08,2.00042e-08,1.89975e-08,1.8013e-08,1.71062e-08,1.62691e-08,1.54572e-08,1.46925e-08,1.39732e-08,1.32974e-08,1.26507e-08,1.20456e-08,1.14794e-08,1.09316e-08,1.04211e-08
1.25892e-08,0.641381,5.07002,3.58838,0.909048,0.192577,0.013109,0.00452578,0.00184441,0.000450393,0.000257369,0.000103221,7.07656e-05,3.74012e-05,2.22689e-05,1.44765e-05,1.00581e-05,7.35794e-06,5.60657e-06,4.41447e-06,3.23827e-06,2.70371e-06,2.12803e-06,1.72654e-06,1.52283e-06,1.21723e-06,1.0494e-06,9.17294e-07,7.80522e-07,6.9939e-07,6.11902e-07,5.42006e-07,4.7256e-07,4.27642e-07,3.81383e-07,3.43492e-07,3.11977e-07,2.806e-07,2.54622e-07,2.32806e-07,2.14258e-07,1.95878e-07,1.80278e-07,1.6689e-07,1.53754e-07,1.42472e-07,1.31556e-07,1.22154e-07,1.13977e-07,1.06062e-07,9.91575e-08,9.25169e-08,8.62064e-08,8.06938e-08,7.58389e-08,7.08611e-08,6.64947e-08,6.26347e-08,5.87386e-08,5.53003e-08,5.20646e-08,4.90302e-08,4.63331e-08,4.36681e-08,4.1297e-08,3.89735e-08,3.68132e-08,3.48051e-08,3.29385e-08,3.12033e-08,2.9533e-08,2.79868e-08,2.65539e-08,2.51838e-08,2.39164e-08,2.2677e-08,2.15354e-08,2.04816e-08,1.94595e-08,1.84967e-08,1.75912e-08,1.67405e-08,1.59263e-08,1.51645e-08,1.44517e-08,1.3762e-08,1.31194e-08
1.58489e-08,0.816822,6.09884,4.48032,1.17329,0.244091,0.0165134,0.00569899,0.00232223,0.000567032,0.000324016,0.00012995,8.90893e-05,4.70856e-05,2.8035e-05,1.82248e-05,1.26624e-05,9.26311e-06,7.05827e-06,5.5575e-06,4.07675e-06,3.40378e-06,2.67903e-06,2.17359e-06,1.91714e-06,1.53241e-06,1.32112e-06,1.15481e-06,9.82621e-07,8.80482e-07,7.7034e-07,6.82346e-07,5.94918e-07,5.3837e-07,4.80133e-07,4.32432e-07,3.92757e-07,3.53255e-07,3.2055e-07,2.93085e-07,2.69735e-07,2.46596e-07,2.26957e-07,2.10102e-07,1.93565e-07,1.79362e-07,1.65619e-07,1.53782e-07,1.43488e-07,1.33524e-07,1.24832e-07,1.16472e-07,1.08528e-07,1.01588e-07,9.54756e-08,8.92089e-08,8.37119e-08,7.88525e-08,7.39476e-08,6.96191e-08,6.55456e-08,6.17254e-08,5.833e-08,5.4975e-08,5.19899e-08,4.90649e-08,4.63451e-08,4.38171e-08,4.14672e-08,3.92826e-08,3.718e-08,3.52334e-08,3.34294e-08,3.17045e-08,3.0109e-08,2.85487e-08,2.71115e-08,2.57848e-08,2.4498e-08,2.3286e-08,2.21461e-08,2.1075e-08,2.00501e-08,1.9091e-08,1.81936e-08,1.73254e-08,1.65163e-08
1.99526e-08,1.0433,7.03079,5.36533,1.5218,0.309937,0.0208051,0.00717676,0.00292392,0.000713884,0.000407924,0.000163599,0.000112158,5.92775e-05,3.52941e-05,2.29437e-05,1.5941e-05,1.16616e-05,8.88584e-06,6.99648e-06,5.13233e-06,4.2851e-06,3.3727e-06,2.73639e-06,2.41353e-06,1.92918e-06,1.66319e-06,1.45381e-06,1.23705e-06,1.10846e-06,9.69801e-07,8.59022e-07,7.48957e-07,6.77768e-07,6.04452e-07,5.44399e-07,4.94451e-07,4.44721e-07,4.03549e-07,3.68973e-07,3.39576e-07,3.10446e-07,2.85722e-07,2.64503e-07,2.43683e-07,2.25803e-07,2.08502e-07,1.936e-07,1.80641e-07,1.68097e-07,1.57154e-07,1.4663e-07,1.36628e-07,1.27891e-07,1.20197e-07,1.12307e-07,1.05387e-07,9.92694e-08,9.30945e-08,8.76451e-08,8.2517e-08,7.77077e-08,7.34331e-08,6.92094e-08,6.54513e-08,6.1769e-08,5.8345e-08,5.51624e-08,5.22041e-08,4.94539e-08,4.68067e-08,4.43562e-08,4.20851e-08,3.99136e-08,3.7905e-08,3.59406e-08,3.41313e-08,3.24611e-08,3.08412e-08,2.93153e-08,2.78802e-08,2.65319e-08,2.52416e-08,2.40342e-08,2.29044e-08,2.18113e-08,2.07928e-08
2.51188e-08,1.33731,7.82812,6.15932,1.98103,0.394429,0.0262174,0.00903842,0.00368164,0.000898775,0.000513564,0.000205962,0.0001412,7.46262e-05,4.44326e-05,2.88844e-05,2.00685e-05,1.4681e-05,1.11866e-05,8.80803e-06,6.46121e-06,5.39461e-06,4.24597e-06,3.4449e-06,3.03845e-06,2.42869e-06,2.09383e-06,1.83024e-06,1.55734e-06,1.39547e-06,1.2209e-06,1.08144e-06,9.4288e-07,8.53257e-07,7.60958e-07,6.85356e-07,6.22475e-07,5.5987e-07,5.08037e-07,4.64508e-07,4.275e-07,3.90827e-07,3.59702e-07,3.32989e-07,3.06778e-07,2.84269e-07,2.62488e-07,2.43728e-07,2.27413e-07,2.11622e-07,1.97845e-07,1.84595e-07,1.72004e-07,1.61005e-07,1.51318e-07,1.41386e-07,1.32674e-07,1.24972e-07,1.17199e-07,1.10338e-07,1.03882e-07,9.78279e-08,9.24466e-08,8.71292e-08,8.23982e-08,7.77624e-08,7.34519e-08,6.94452e-08,6.57209e-08,6.22586e-08,5.89261e-08,5.5841e-08,5.29818e-08,5.02481e-08,4.77195e-08,4.52465e-08,4.29686e-08,4.0866e-08,3.88267e-08,3.69058e-08,3.5099e-08,3.34016e-08,3.17772e-08,3.02572e-08,2.88349e-08,2.74588e-08,2.61766e-08
3.16228e-08,1.72133,8.49825,6.83623,2.57518,0.503379,0.0330461,0.0113842,0.00463595,0.00113157,0.00064657,0.000259297,0.000177763,9.39497e-05,5.59377e-05,3.63635e-05,2.52649e-05,1.84824e-05,1.40831e-05,1.10887e-05,8.13419e-06,6.79143e-06,5.34537e-06,4.33688e-06,3.82519e-06,3.05755e-06,2.63598e-06,2.30414e-06,1.96058e-06,1.75679e-06,1.53703e-06,1.36146e-06,1.18702e-06,1.07419e-06,9.57991e-07,8.62814e-07,7.83652e-07,7.04836e-07,6.39581e-07,5.84782e-07,5.38192e-07,4.92023e-07,4.52839e-07,4.19209e-07,3.86211e-07,3.57874e-07,3.30454e-07,3.06836e-07,2.86296e-07,2.66416e-07,2.49073e-07,2.32392e-07,2.16541e-07,2.02694e-07,1.90499e-07,1.77995e-07,1.67027e-07,1.57331e-07,1.47545e-07,1.38908e-07,1.3078e-07,1.23158e-07,1.16384e-07,1.09689e-07,1.03733e-07,9.78972e-08,9.24706e-08,8.74264e-08,8.27378e-08,7.8379e-08,7.41837e-08,7.02998e-08,6.67003e-08,6.32587e-08,6.00753e-08,5.6962e-08,5.40944e-08,5.14473e-08,4.88799e-08,4.64617e-08,4.41871e-08,4.20502e-08,4.00051e-08,3.80916e-08,3.6301e-08,3.45686e-08,3.29544e-08
3.98107e-08,2.22546,9.06258,7.40532,3.30239,0.644691,0.0416666,0.0143404,0.00583793,0.00142469,0.000814031,0.000326443,0.000223794,0.000118277,7.04217e-05,4.57791e-05,3.18067e-05,2.3268e-05,1.77296e-05,1.39598e-05,1.02403e-05,8.5499e-06,6.72943e-06,5.4598e-06,4.81562e-06,3.84922e-06,3.3185e-06,2.90074e-06,2.46823e-06,2.21167e-06,1.935e-06,1.71397e-06,1.49436e-06,1.35232e-06,1.20604e-06,1.08622e-06,9.86558e-07,8.87335e-07,8.05184e-07,7.36196e-07,6.77543e-07,6.1942e-07,5.7009e-07,5.27752e-07,4.86211e-07,4.50536e-07,4.16016e-07,3.86283e-07,3.60426e-07,3.35398e-07,3.13563e-07,2.92564e-07,2.72608e-07,2.55176e-07,2.39823e-07,2.24082e-07,2.10274e-07,1.98068e-07,1.85748e-07,1.74875e-07,1.64643e-07,1.55047e-07,1.46518e-07,1.38091e-07,1.30592e-07,1.23245e-07,1.16413e-07,1.10063e-07,1.04161e-07,9.86733e-08,9.33916e-08,8.8502e-08,8.39706e-08,7.9638e-08,7.56304e-08,7.17109e-08,6.81007e-08,6.47683e-08,6.15361e-08,5.84917e-08,5.56282e-08,5.2938e-08,5.03635e-08,4.79544e-08,4.57002e-08,4.35193e-08,4.14871e-08
5.01187e-08,2.88761,9.54232,7.88555,4.10395,0.829254,0.0525571,0.0180673,0.0073521,0.00179379,0.00102488,0.000410982,0.000281747,0.000148903,8.86564e-05,5.76327e-05,4.00424e-05,2.92927e-05,2.23203e-05,1.75744e-05,1.28918e-05,1.07637e-05,8.47185e-06,6.8735e-06,6.06252e-06,4.84589e-06,4.17775e-06,3.65182e-06,3.10732e-06,2.78432e-06,2.43603e-06,2.15777e-06,1.88129e-06,1.70248e-06,1.51831e-06,1.36747e-06,1.242e-06,1.11709e-06,1.01367e-06,9.26817e-07,8.52977e-07,7.79804e-07,7.17702e-07,6.64401e-07,6.12104e-07,5.67191e-07,5.23734e-07,4.86302e-07,4.53749e-07,4.22241e-07,3.94753e-07,3.68316e-07,3.43194e-07,3.21248e-07,3.0192e-07,2.82103e-07,2.6472e-07,2.49353e-07,2.33843e-07,2.20154e-07,2.07273e-07,1.95193e-07,1.84455e-07,1.73846e-07,1.64406e-07,1.55156e-07,1.46556e-07,1.38561e-07,1.31131e-07,1.24222e-07,1.17573e-07,1.11418e-07,1.05713e-07,1.00258e-07,9.5213e-08,9.02787e-08,8.57338e-08,8.15385e-08,7.74695e-08,7.36368e-08,7.00319e-08,6.6645e-08,6.34039e-08,6.0371e-08,5.75332e-08,5.47876e-08,5.22292e-08
6.30958e-08,3.74613,9.9548,8.29493,4.88308,1.0721,0.0663278,0.0227671,0.00925986,0.00225857,0.00129037,0.000517418,0.000354709,0.000187461,0.000111613,7.25559e-05,5.04107e-05,3.68775e-05,2.80997e-05,2.2125e-05,1.62299e-05,1.35507e-05,1.06655e-05,8.65324e-06,7.63228e-06,6.10063e-06,5.25948e-06,4.59738e-06,3.91189e-06,3.50526e-06,3.06678e-06,2.71647e-06,2.36841e-06,2.14329e-06,1.91145e-06,1.72154e-06,1.56359e-06,1.40633e-06,1.27613e-06,1.1668e-06,1.07384e-06,9.81717e-07,9.03534e-07,8.36433e-07,7.70595e-07,7.14053e-07,6.59343e-07,6.12219e-07,5.71237e-07,5.31571e-07,4.96966e-07,4.63684e-07,4.32056e-07,4.04428e-07,3.80095e-07,3.55147e-07,3.33263e-07,3.13918e-07,2.94391e-07,2.77159e-07,2.60942e-07,2.45733e-07,2.32216e-07,2.18859e-07,2.06975e-07,1.95331e-07,1.84503e-07,1.74439e-07,1.65084e-07,1.56387e-07,1.48016e-07,1.40267e-07,1.33085e-07,1.26218e-07,1.19866e-07,1.13654e-07,1.07933e-07,1.02651e-07,9.75284e-08,9.27033e-08,8.81651e-08,8.39013e-08,7.98209e-08,7.60028e-08,7.24302e-08,6.89736e-08,6.57528e-08
7.94328e-08,4.81255,10.3134,8.64795,5.57316,1.3936,0.08376,0.0286967,0.0116639,0.00284389,0.00162467,0.000651425,0.000446568,0.000236004,0.000140514,9.1343e-05,6.34635e-05,4.64261e-05,3.53755e-05,2.78537e-05,2.04323e-05,1.70594e-05,1.3427e-05,1.08938e-05,9.60846e-06,7.68023e-06,6.62129e-06,5.78775e-06,4.92477e-06,4.41286e-06,3.86085e-06,3.41983e-06,2.98165e-06,2.69824e-06,2.40637e-06,2.16729e-06,1.96844e-06,1.77047e-06,1.60656e-06,1.46891e-06,1.35188e-06,1.23591e-06,1.13748e-06,1.05301e-06,9.7012e-07,8.98938e-07,8.30062e-07,7.70737e-07,7.19144e-07,6.69208e-07,6.25642e-07,5.83743e-07,5.43926e-07,5.09143e-07,4.78511e-07,4.47103e-07,4.19553e-07,3.95198e-07,3.70615e-07,3.48922e-07,3.28506e-07,3.0936e-07,2.92342e-07,2.75527e-07,2.60566e-07,2.45906e-07,2.32276e-07,2.19605e-07,2.07828e-07,1.96879e-07,1.86341e-07,1.76585e-07,1.67544e-07,1.58899e-07,1.50902e-07,1.43082e-07,1.35879e-07,1.2923e-07,1.22781e-07,1.16706e-07,1.10993e-07,1.05625e-07,1.00488e-07,9.56817e-08,9.1184e-08,8.68325e-08,8.27777e-08
1e-07,6.0244,10.6284,8.95579,6.15913,1.8191,0.10586,0.036182,0.0146944,0.00358106,0.00204564,0.000820151,0.000562222,0.000297119,0.000176899,0.000114995,7.98964e-05,5.84474e-05,4.45353e-05,3.50658e-05,2.57228e-05,2.14765e-05,1.69036e-05,1.37145e-05,1.20964e-05,9.66886e-06,8.33572e-06,7.28635e-06,6.19993e-06,5.55547e-06,4.86053e-06,4.30532e-06,3.75368e-06,3.39689e-06,3.02944e-06,2.72846e-06,2.47813e-06,2.22889e-06,2.02254e-06,1.84925e-06,1.70192e-06,1.55592e-06,1.43201e-06,1.32566e-06,1.22131e-06,1.1317e-06,1.04499e-06,9.70301e-07,9.0535e-07,8.42483e-07,7.87637e-07,7.34889e-07,6.84762e-07,6.40975e-07,6.0241e-07,5.6287e-07,5.28187e-07,4.97526e-07,4.66578e-07,4.39267e-07,4.13565e-07,3.89461e-07,3.68038e-07,3.46869e-07,3.28034e-07,3.09578e-07,2.92418e-07,2.76467e-07,2.6164e-07,2.47857e-07,2.3459e-07,2.22308e-07,2.10925e-07,2.00042e-07,1.89975e-07,1.8013e-07,1.71062e-07,1.62691e-07,1.54572e-07,1.46925e-07,1.39732e-07,1.32974e-07,1.26508e-07,1.20456e-07,1.14794e-07,1.09316e-07,1.04211e-07
1.25892e-07,7.24374,10.9075,9.22695,6.65239,2.37164,0.133928,0.0456378,0.0185155,0.00450957,0.00257579,0.0010326,0.000707837,0.000374062,0.000222707,0.000144772,0.000100584,7.35813e-05,5.60669e-05,4.41454e-05,3.23831e-05,2.70374e-05,2.12805e-05,1.72655e-05,1.52284e-05,1.21724e-05,1.04941e-05,9.17298e-06,7.80525e-06,6.99393e-06,6.11905e-06,5.42008e-06,4.72561e-06,4.27643e-06,3.81384e-06,3.43493e-06,3.11978e-06,2.80601e-06,2.54622e-06,2.32806e-06,2.14258e-06,1.95878e-06,1.80279e-06,1.6689e-06,1.53754e-06,1.42472e-06,1.31556e-06,1.22154e-06,1.13977e-06,1.06062e-06,9.91577e-07,9.2517e-07,8.62065e-07,8.06939e-07,7.58389e-07,7.08612e-07,6.64947e-07,6.26348e-07,5.87387e-07,5.53004e-07,5.20647e-07,4.90302e-07,4.63332e-07,4.36682e-07,4.1297e-07,3.89736e-07,3.68132e-07,3.48051e-07,3.29386e-07,3.12033e-07,2.95331e-07,2.79869e-07,2.65539e-07,2.51838e-07,2.39165e-07,2.2677e-07,2.15354e-07,2.04816e-07,1.94595e-07,1.84967e-07,1.75912e-07,1.67405e-07,1.59264e-07,1.51645e-07,1.44517e-07,1.3762e-07,1.31194e-07
1.58489e-07,8.34819,11.1569,9.46797,7.07017,3.04808,0.16966,0.0575939,0.0233356,0.00567927,0.0032435,0.0013001,0.000891181,0.000470936,0.000280378,0.00018226,0.00012663,9.26342e-05,7.05845e-05,5.55761e-05,4.07682e-05,3.40382e-05,2.67906e-05,2.17361e-05,1.91715e-05,1.53242e-05,1.32113e-05,1.15481e-05,9.82625e-06,8.80485e-06,7.70344e-06,6.82349e-06,5.9492e-06,5.38372e-06,4.80135e-06,4.32433e-06,3.92758e-06,3.53256e-06,3.20551e-06,2.93086e-06,2.69736e-06,2.46597e-06,2.26958e-06,2.10103e-06,1.93565e-06,1.79362e-06,1.6562e-06,1.53783e-06,1.43489e-06,1.33525e-06,1.24832e-06,1.16472e-06,1.08528e-06,1.01588e-06,9.54757e-07,8.92091e-07,8.37121e-07,7.88527e-07,7.39477e-07,6.96192e-07,6.55457e-07,6.17255e-07,5.83301e-07,5.49751e-07,5.19899e-07,4.90649e-07,4.63452e-07,4.38171e-07,4.14673e-07,3.92827e-07,3.718e-07,3.52334e-07,3.34294e-07,3.17046e-07,3.01091e-07,2.85487e-07,2.71115e-07,2.57848e-07,2.44981e-07,2.3286e-07,2.21461e-07,2.10751e-07,2.00501e-07,1.9091e-07,1.81936e-07,1.73254e-07,1.65164e-07
1.99526e-07,9.29294,11.3814,9.68391,7.42797,3.78941,0.215282,0.0727282,0.0294191,0.00715302,0.00408452,0.00163695,0.00112203,0.000592901,0.000352985,0.000229456,0.000159419,0.000116621,8.88613e-05,6.99666e-05,5.13243e-05,4.28517e-05,3.37275e-05,2.73642e-05,2.41356e-05,1.9292e-05,1.6632e-05,1.45383e-05,1.23705e-05,1.10847e-05,9.69806e-06,8.59027e-06,7.48961e-06,6.77771e-06,6.04454e-06,5.44401e-06,4.94453e-06,4.44723e-06,4.0355e-06,3.68974e-06,3.39577e-06,3.10447e-06,2.85723e-06,2.64504e-06,2.43684e-06,2.25804e-06,2.08503e-06,1.93601e-06,1.80641e-06,1.68098e-06,1.57155e-06,1.4663e-06,1.36628e-06,1.27891e-06,1.20197e-06,1.12308e-06,1.05387e-06,9.92696e-07,9.30947e-07,8.76453e-07,8.25171e-07,7.77078e-07,7.34332e-07,6.92095e-07,6.54515e-07,6.17691e-07,5.83452e-07,5.51625e-07,5.22042e-07,4.9454e-07,4.68068e-07,4.43563e-07,4.20851e-07,3.99137e-07,3.79051e-07,3.59407e-07,3.41313e-07,3.24611e-07,3.08412e-07,2.93154e-07,2.78803e-07,2.65319e-07,2.52416e-07,2.40342e-07,2.29044e-07,2.18114e-07,2.07929e-07
2.51188e-07,10.0867,11.5846,9.87875,7.73804,4.50389,0.273748,0.0919134,0.0371021,0.00901026,0.00514402,0.00206114,0.00141272,0.000746463,0.000444397,0.000288874,0.0002007,0.000146818,0.00011187,8.80831e-05,6.46136e-05,5.39473e-05,4.24605e-05,3.44495e-05,3.03849e-05,2.42872e-05,2.09385e-05,1.83026e-05,1.55736e-05,1.39548e-05,1.22091e-05,1.08145e-05,9.42885e-06,8.53262e-06,7.60962e-06,6.85359e-06,6.22478e-06,5.59872e-06,5.08039e-06,4.6451e-06,4.27502e-06,3.90829e-06,3.59703e-06,3.3299e-06,3.06779e-06,2.8427e-06,2.62489e-06,2.43729e-06,2.27414e-06,2.11622e-06,1.97845e-06,1.84596e-06,1.72004e-06,1.61005e-06,1.51319e-06,1.41387e-06,1.32674e-06,1.24973e-06,1.17199e-06,1.10339e-06,1.03883e-06,9.78281e-07,9.24468e-07,8.71294e-07,8.23984e-07,7.77625e-07,7.34521e-07,6.94453e-07,6.57211e-07,6.22587e-07,5.89262e-07,5.58411e-07,5.29819e-07,5.02483e-07,4.77196e-07,4.52466e-07,4.29687e-07,4.08661e-07,3.88267e-07,3.69058e-07,3.50991e-07,3.34016e-07,3.17772e-07,3.02572e-07,2.88349e-07,2.74589e-07,2.61766e-07
3.16228e-07,10.7547,11.7696,10.0557,8.00979,5.13324,0.349031,0.116279,0.0468135,0.0113515,0.00647899,0.00259537,0.00177877,0.000939815,0.000559489,0.000363682,0.000252672,0.000184836,0.000140838,0.000110891,8.13444e-05,6.79161e-05,5.34549e-05,4.33696e-05,3.82525e-05,3.05759e-05,2.63601e-05,2.30417e-05,1.9606e-05,1.75681e-05,1.53704e-05,1.36147e-05,1.18703e-05,1.0742e-05,9.57997e-06,8.62819e-06,7.83656e-06,7.04839e-06,6.39584e-06,5.84784e-06,5.38194e-06,4.92025e-06,4.52841e-06,4.19211e-06,3.86213e-06,3.57875e-06,3.30455e-06,3.06837e-06,2.86297e-06,2.66417e-06,2.49073e-06,2.32393e-06,2.16541e-06,2.02694e-06,1.90499e-06,1.77996e-06,1.67028e-06,1.57332e-06,1.47545e-06,1.38909e-06,1.30781e-06,1.23159e-06,1.16384e-06,1.0969e-06,1.03734e-06,9.78974e-07,9.24708e-07,8.74267e-07,8.27381e-07,7.83793e-07,7.41839e-07,7.02999e-07,6.67005e-07,6.32589e-07,6.00755e-07,5.69622e-07,5.40945e-07,5.14475e-07,4.88801e-07,4.64618e-07,4.41872e-07,4.20503e-07,4.00052e-07,3.80916e-07,3.63011e-07,3.45687e-07,3.29545e-07
3.98107e-07,11.3222,11.939,10.2172,8.25037,5.66712,0.446544,0.147294,0.0591014,0.0143036,0.00816138,0.00326825,0.00223976,0.00118327,0.000704394,0.000457865,0.000318103,0.000232699,0.000177308,0.000139605,0.000102407,8.55019e-05,6.72961e-05,5.45993e-05,4.81572e-05,3.84929e-05,3.31855e-05,2.90078e-05,2.46826e-05,2.21169e-05,1.93503e-05,1.71399e-05,1.49438e-05,1.35233e-05,1.20605e-05,1.08623e-05,9.86565e-06,8.87341e-06,8.05189e-06,7.362e-06,6.77547e-06,6.19424e-06,5.70093e-06,5.27755e-06,4.86213e-06,4.50538e-06,4.16018e-06,3.86285e-06,3.60427e-06,3.35399e-06,3.13565e-06,2.92565e-06,2.72609e-06,2.55177e-06,2.39824e-06,2.24083e-06,2.10275e-06,1.98069e-06,1.85748e-06,1.74875e-06,1.64643e-06,1.55047e-06,1.46519e-06,1.38091e-06,1.30593e-06,1.23246e-06,1.16414e-06,1.10064e-06,1.04161e-06,9.86736e-07,9.33919e-07,8.85023e-07,8.39708e-07,7.96382e-07,7.56306e-07,7.17111e-07,6.8101e-07,6.47685e-07,6.15363e-07,5.84919e-07,5.56284e-07,5.29381e-07,5.03636e-07,4.79545e-07,4.57004e-07,4.35194e-07,4.14872e-07
5.01187e-07,11.8098,12.0946,10.3654,8.46528,6.11759,0.573793,0.186891,0.0746706,0.0180279,0.0102822,0.00411587,0.00282034,0.00148983,0.000886845,0.000576446,0.000400481,0.000292958,0.000223221,0.000175756,0.000128925,0.000107642,8.47215e-05,6.87369e-05,6.06268e-05,4.846e-05,4.17783e-05,3.65188e-05,3.10737e-05,2.78437e-05,2.43606e-05,2.15779e-05,1.88132e-05,1.70249e-05,1.51833e-05,1.36748e-05,1.24202e-05,1.1171e-05,1.01368e-05,9.26824e-06,8.52983e-06,7.7981e-06,7.17707e-06,6.64406e-06,6.12108e-06,5.67195e-06,5.23737e-06,4.86305e-06,4.53752e-06,4.22244e-06,3.94755e-06,3.68318e-06,3.43195e-06,3.21249e-06,3.01921e-06,2.82104e-06,2.64721e-06,2.49354e-06,2.33844e-06,2.20156e-06,2.07274e-06,1.95193e-06,1.84456e-06,1.73847e-06,1.64407e-06,1.55157e-06,1.46557e-06,1.38562e-06,1.31131e-06,1.24223e-06,1.17574e-06,1.11418e-06,1.05713e-06,1.00259e-06,9.52134e-07,9.02791e-07,8.57342e-07,8.15388e-07,7.74698e-07,7.3637e-07,7.00322e-07,6.66453e-07,6.34041e-07,6.03713e-07,5.75334e-07,5.47878e-07,5.22294e-07
6.30958e-07,12.2334,12.2383,10.502,8.65877,6.50071,0.741352,0.237637,0.0944308,0.0227286,0.0129568,0.00518378,0.00355165,0.00187588,0.00111658,0.000725746,0.000504197,0.000368824,0.000281026,0.000221268,0.000162309,0.000135515,0.000106659,8.65356e-05,7.63253e-05,6.1008e-05,5.25961e-05,4.59748e-05,3.91197e-05,3.50533e-05,3.06684e-05,2.71651e-05,2.36845e-05,2.14332e-05,1.91147e-05,1.72156e-05,1.56361e-05,1.40635e-05,1.27615e-05,1.16681e-05,1.07385e-05,9.81726e-06,9.03542e-06,8.3644e-06,7.70601e-06,7.14058e-06,6.59348e-06,6.12224e-06,5.71242e-06,5.31575e-06,4.96969e-06,4.63687e-06,4.32059e-06,4.0443e-06,3.80098e-06,3.55149e-06,3.33266e-06,3.1392e-06,2.94392e-06,2.7716e-06,2.60943e-06,2.45735e-06,2.32217e-06,2.18861e-06,2.06977e-06,1.95332e-06,1.84504e-06,1.7444e-06,1.65085e-06,1.56388e-06,1.48017e-06,1.40267e-06,1.33085e-06,1.26219e-06,1.19867e-06,1.13655e-06,1.07933e-06,1.02652e-06,9.75289e-07,9.27038e-07,8.81655e-07,8.39016e-07,7.98213e-07,7.60031e-07,7.24305e-07,6.89739e-07,6.57531e-07
7.94328e-07,12.6052,12.3715,10.6284,8.83422,6.83049,0.964279,0.30298,0.119564,0.0286659,0.016331,0.00652948,0.00447292,0.00236205,0.00140584,0.000913726,0.000634778,0.000464339,0.000353801,0.000278566,0.000204339,0.000170605,0.000134278,0.000108943,9.60886e-05,7.6805e-05,6.6215e-05,5.78791e-05,4.9249e-05,4.41296e-05,3.86093e-05,3.4199e-05,2.98171e-05,2.69829e-05,2.4064e-05,2.16732e-05,1.96847e-05,1.77049e-05,1.60658e-05,1.46892e-05,1.35189e-05,1.23592e-05,1.13749e-05,1.05302e-05,9.7013e-06,8.98947e-06,8.3007e-06,7.70744e-06,7.19151e-06,6.69213e-06,6.25647e-06,5.83748e-06,5.4393e-06,5.09148e-06,4.78515e-06,4.47107e-06,4.19556e-06,3.95201e-06,3.70618e-06,3.48924e-06,3.28508e-06,3.09362e-06,2.92344e-06,2.75529e-06,2.60568e-06,2.45908e-06,2.32277e-06,2.19607e-06,2.07829e-06,1.96881e-06,1.86342e-06,1.76586e-06,1.67545e-06,1.589e-06,1.50903e-06,1.43083e-06,1.3588e-06,1.29231e-06,1.22782e-06,1.16707e-06,1.10994e-06,1.05626e-06,1.00489e-06,9.56822e-07,9.11845e-07,8.6833e-07,8.27782e-07
1e-06,12.9344,12.4952,10.7459,8.9943,7.1179,1.26383,0.387642,0.151621,0.0361717,0.0205903,0.00822567,0.0056337,0.00297438,0.00177011,0.00115042,0.000799191,0.000584597,0.000445426,0.000350704,0.000257253,0.000214784,0.000169048,0.000137153,0.00012097,9.66928e-05,8.33605e-05,7.28661e-05,6.20012e-05,5.55563e-05,4.86066e-05,4.30543e-05,3.75377e-05,3.39696e-05,3.0295e-05,2.72851e-05,2.47817e-05,2.22893e-05,2.02257e-05,1.84927e-05,1.70194e-05,1.55594e-05,1.43203e-05,1.32568e-05,1.22133e-05,1.13171e-05,1.045e-05,9.70313e-06,9.0536e-06,8.42492e-06,7.87646e-06,7.34897e-06,6.8477e-06,6.40981e-06,6.02416e-06,5.62876e-06,5.28192e-06,4.9753e-06,4.66582e-06,4.39271e-06,4.13568e-06,3.89465e-06,3.68041e-06,3.46872e-06,3.28037e-06,3.09581e-06,2.92421e-06,2.76469e-06,2.61643e-06,2.47859e-06,2.34592e-06,2.22309e-06,2.10927e-06,2.00044e-06,1.89977e-06,1.80131e-06,1.71063e-06,1.62692e-06,1.54573e-06,1.46926e-06,1.39733e-06,1.32975e-06,1.26508e-06,1.20457e-06,1.14795e-06,1.09317e-06,1.04212e-06
1.25892e-06,13.2283,12.6106,10.8554,9.14119,7.37128,1.66776,0.498193,0.192652,0.0456705,0.0259707,0.0103643,0.00709658,0.00374567,0.00222884,0.00144846,0.0010062,0.000736008,0.000560784,0.000441527,0.000323872,0.000270403,0.000212823,0.000172668,0.000152294,0.000121731,0.000104946,9.1734e-05,7.80557e-05,6.99418e-05,6.11925e-05,5.42025e-05,4.72575e-05,4.27655e-05,3.81393e-05,3.43501e-05,3.11985e-05,2.80607e-05,2.54627e-05,2.32811e-05,2.14262e-05,1.95882e-05,1.80282e-05,1.66893e-05,1.53756e-05,1.42475e-05,1.31558e-05,1.22156e-05,1.13978e-05,1.06064e-05,9.9159e-06,9.25183e-06,8.62076e-06,8.06949e-06,7.58399e-06,7.0862e-06,6.64956e-06,6.26355e-06,5.87394e-06,5.5301e-06,5.20653e-06,4.90308e-06,4.63337e-06,4.36687e-06,4.12975e-06,3.8974e-06,3.68136e-06,3.48055e-06,3.29389e-06,3.12036e-06,2.95334e-06,2.79871e-06,2.65542e-06,2.5184e-06,2.39167e-06,2.26772e-06,2.15356e-06,2.04818e-06,1.94597e-06,1.84969e-06,1.75914e-06,1.67406e-06,1.59265e-06,1.51647e-06,1.44518e-06,1.37622e-06,1.31195e-06
1.58489e-06,13.4925,12.7185,10.9578,9.27664,7.59698,2.20234,0.643983,0.24541,0.0577086,0.0327734,0.0130619,0.00894071,0.00471737,0.00280659,0.00182378,0.00126687,0.000926651,0.000706028,0.000555877,0.000407746,0.000340428,0.000267936,0.000217381,0.000191731,0.000153252,0.000132121,0.000115488,9.82675e-05,8.80526e-05,7.70377e-05,6.82376e-05,5.94942e-05,5.38391e-05,4.8015e-05,4.32446e-05,3.92769e-05,3.53266e-05,3.20559e-05,2.93093e-05,2.69742e-05,2.46602e-05,2.26963e-05,2.10107e-05,1.93569e-05,1.79366e-05,1.65623e-05,1.53786e-05,1.43491e-05,1.33527e-05,1.24834e-05,1.16474e-05,1.0853e-05,1.01589e-05,9.54773e-06,8.92105e-06,8.37134e-06,7.88539e-06,7.39488e-06,6.96202e-06,6.55466e-06,6.17264e-06,5.83309e-06,5.49758e-06,5.19907e-06,4.90656e-06,4.63458e-06,4.38177e-06,4.14678e-06,3.92832e-06,3.71805e-06,3.52339e-06,3.34298e-06,3.1705e-06,3.01095e-06,2.85491e-06,2.71118e-06,2.57851e-06,2.44984e-06,2.32863e-06,2.21464e-06,2.10753e-06,2.00504e-06,1.90913e-06,1.81939e-06,1.73256e-06,1.65166e-06
1.99526e-06,13.7315,12.8197,11.0538,9.40213,7.79987,2.86193,0.838587,0.313645,0.0729918,0.0413841,0.0164662,0.0112662,0.00594172,0.0035343,0.00229643,0.0015951,0.0011667,0.000888901,0.000699849,0.000513344,0.00042859,0.000337321,0.000273674,0.000241381,0.000192937,0.000166333,0.000145393,0.000123713,0.000110853,9.69858e-05,8.5907e-05,7.48995e-05,6.778e-05,6.04479e-05,5.44421e-05,4.94471e-05,4.44738e-05,4.03563e-05,3.68985e-05,3.39587e-05,3.10456e-05,2.85731e-05,2.64511e-05,2.4369e-05,2.25809e-05,2.08508e-05,1.93605e-05,1.80645e-05,1.68102e-05,1.57158e-05,1.46633e-05,1.36631e-05,1.27894e-05,1.20199e-05,1.1231e-05,1.05389e-05,9.92715e-06,9.30964e-06,8.7647e-06,8.25187e-06,7.77092e-06,7.34345e-06,6.92107e-06,6.54526e-06,6.17702e-06,5.83462e-06,5.51634e-06,5.22051e-06,4.94548e-06,4.68076e-06,4.4357e-06,4.20858e-06,3.99143e-06,3.79057e-06,3.59413e-06,3.41319e-06,3.24616e-06,3.08417e-06,2.93158e-06,2.78807e-06,2.65323e-06,2.5242e-06,2.40345e-06,2.29048e-06,2.18117e-06,2.07932e-06
2.51188e-06,13.9489,12.9147,11.144,9.51886,7.98373,3.57444,1.10195,0.402571,0.0924391,0.0522992,0.020765,0.0142,0.00748478,0.00445103,0.00289171,0.00200844,0.00146896,0.00111916,0.000881121,0.000646297,0.000539587,0.000424678,0.000344545,0.000303889,0.000242899,0.000209406,0.000183042,0.000155748,0.000139558,0.0001221,0.000108152,9.42939e-05,8.53308e-05,7.61e-05,6.85392e-05,6.22506e-05,5.59896e-05,5.08059e-05,4.64528e-05,4.27518e-05,3.90843e-05,3.59716e-05,3.33001e-05,3.06789e-05,2.84278e-05,2.62497e-05,2.43736e-05,2.2742e-05,2.11628e-05,1.97851e-05,1.84601e-05,1.72009e-05,1.6101e-05,1.51322e-05,1.4139e-05,1.32678e-05,1.24976e-05,1.17202e-05,1.10341e-05,1.03885e-05,9.78304e-06,9.24489e-06,8.71314e-06,8.24002e-06,7.77642e-06,7.34536e-06,6.94468e-06,6.57224e-06,6.226e-06,5.89274e-06,5.58422e-06,5.2983e-06,5.02493e-06,4.77205e-06,4.52475e-06,4.29696e-06,4.08669e-06,3.88275e-06,3.69065e-06,3.50998e-06,3.34023e-06,3.17778e-06,3.02578e-06,2.88355e-06,2.74593e-06,2.61771e-06
3.16228e-06,14.1477,13.0043,11.2291,9.62785,8.15154,4.24351,1.46264,0.519616,0.117259,0.0661614,0.0261981,0.0179034,0.00943014,0.00560608,0.00364153,0.002529,0.00184959,0.00140911,0.00110937,0.000813699,0.000679343,0.000534666,0.000433776,0.000382589,0.000305802,0.000263634,0.000230443,0.00019608,0.000175697,0.000153717,0.000136158,0.000118711,0.000107427,9.58058e-05,8.62871e-05,7.83701e-05,7.04877e-05,6.39617e-05,5.84813e-05,5.3822e-05,4.92048e-05,4.52861e-05,4.19229e-05,3.86229e-05,3.57889e-05,3.30468e-05,3.06849e-05,2.86308e-05,2.66427e-05,2.49082e-05,2.32401e-05,2.16549e-05,2.02701e-05,1.90505e-05,1.78001e-05,1.67033e-05,1.57337e-05,1.4755e-05,1.38913e-05,1.30785e-05,1.23162e-05,1.16387e-05,1.09693e-05,1.03736e-05,9.79001e-06,9.24734e-06,8.7429e-06,8.27403e-06,7.83813e-06,7.41858e-06,7.03017e-06,6.67022e-06,6.32605e-06,6.0077e-06,5.69636e-06,5.40958e-06,5.14487e-06,4.88812e-06,4.64629e-06,4.41883e-06,4.20513e-06,4.00062e-06,3.80925e-06,3.6302e-06,3.45695e-06,3.29552e-06
3.98107e-06,14.3303,13.0888,11.3095,9.72999,8.3057,4.82277,1.95555,0.675653,0.149054,0.0838081,0.0330714,0.0225815,0.0118835,0.0070617,0.00458612,0.00318464,0.00232895,0.00177423,0.00139678,0.00102448,0.000855307,0.000673146,0.000546119,0.000481673,0.000384997,0.000331907,0.000290119,0.000246857,0.000221195,0.000193523,0.000171416,0.000149451,0.000135245,0.000120614,0.000108631,9.86636e-05,8.87401e-05,8.05241e-05,7.36246e-05,6.77587e-05,6.19459e-05,5.70125e-05,5.27783e-05,4.86238e-05,4.5056e-05,4.16038e-05,3.86303e-05,3.60444e-05,3.35414e-05,3.13578e-05,2.92578e-05,2.72621e-05,2.55187e-05,2.39834e-05,2.24092e-05,2.10283e-05,1.98077e-05,1.85755e-05,1.74882e-05,1.64649e-05,1.55053e-05,1.46524e-05,1.38096e-05,1.30597e-05,1.2325e-05,1.16418e-05,1.10067e-05,1.04164e-05,9.86769e-06,9.3395e-06,8.85052e-06,8.39736e-06,7.96408e-06,7.5633e-06,7.17134e-06,6.8103e-06,6.47705e-06,6.15382e-06,5.84937e-06,5.56301e-06,5.29397e-06,5.03651e-06,4.79559e-06,4.57017e-06,4.35207e-06,4.14884e-06
5.01187e-06,14.4986,13.1687,11.3855,9.82599,8.44812,5.31265,2.59826,0.887102,0.189989,0.106342,0.0417784,0.0284961,0.014979,0.00889663,0.0057763,0.00401054,0.00293268,0.00223404,0.00175871,0.00128989,0.00107687,0.000847508,0.00068757,0.000606428,0.000484707,0.000417866,0.000365254,0.000310786,0.000278478,0.000243639,0.000215806,0.000188153,0.000170268,0.000151848,0.000136761,0.000124213,0.000111719,0.000101376,9.26896e-05,8.53047e-05,7.79866e-05,7.17756e-05,6.6445e-05,6.12147e-05,5.6723e-05,5.23769e-05,4.86334e-05,4.53778e-05,4.22267e-05,3.94777e-05,3.68338e-05,3.43214e-05,3.21266e-05,3.01937e-05,2.82118e-05,2.64734e-05,2.49366e-05,2.33855e-05,2.20166e-05,2.07284e-05,1.95202e-05,1.84465e-05,1.73854e-05,1.64414e-05,1.55164e-05,1.46563e-05,1.38568e-05,1.31137e-05,1.24228e-05,1.17579e-05,1.11423e-05,1.05717e-05,1.00263e-05,9.52172e-06,9.02826e-06,8.57375e-06,8.1542e-06,7.74727e-06,7.36399e-06,7.00348e-06,6.66478e-06,6.34065e-06,6.03735e-06,5.75355e-06,5.47898e-06,5.22313e-06
6.30958e-06,14.6544,13.2445,11.4577,9.91651,8.58037,5.72877,3.33697,1.17932,0.243036,0.135232,0.0528268,0.0359825,0.0188869,0.0112105,0.00727625,0.00505107,0.00369315,0.00281315,0.0022145,0.00162411,0.00135587,0.00106706,0.000865673,0.000763506,0.00061025,0.000526092,0.000459852,0.000391275,0.000350598,0.000306736,0.000271694,0.000236879,0.000214361,0.000191171,0.000172177,0.000156379,0.00014065,0.000127628,0.000116692,0.000107395,9.81815e-05,9.03621e-05,8.36511e-05,7.70664e-05,7.14115e-05,6.59398e-05,6.12269e-05,5.71283e-05,5.31613e-05,4.97004e-05,4.63718e-05,4.32088e-05,4.04457e-05,3.80122e-05,3.55172e-05,3.33286e-05,3.13939e-05,2.9441e-05,2.77177e-05,2.60959e-05,2.45749e-05,2.3223e-05,2.18873e-05,2.06988e-05,1.95343e-05,1.84514e-05,1.74449e-05,1.65094e-05,1.56396e-05,1.48025e-05,1.40275e-05,1.33092e-05,1.26225e-05,1.19873e-05,1.13661e-05,1.07939e-05,1.02657e-05,9.75337e-06,9.27083e-06,8.81697e-06,8.39056e-06,7.9825e-06,7.60067e-06,7.24338e-06,6.89771e-06,6.57561e-06
7.94328e-06,14.7991,13.3163,11.5263,10.0021,8.70377,6.08699,4.05616,1.59074,0.312376,0.172465,0.0668758,0.0454721,0.0238242,0.0141294,0.00916707,0.00636221,0.00465118,0.0035426,0.00278855,0.002045,0.0017072,0.00134351,0.00108993,0.000961287,0.000768319,0.000662357,0.000578956,0.000492614,0.0004414,0.000386176,0.000342058,0.000298225,0.000269875,0.000240679,0.000216765,0.000196875,0.000177073,0.000160678,0.000146911,0.000135205,0.000123606,0.000113762,0.000105313,9.70229e-05,8.99036e-05,8.3015e-05,7.70816e-05,7.19216e-05,6.69273e-05,6.25702e-05,5.83797e-05,5.43975e-05,5.09189e-05,4.78553e-05,4.47142e-05,4.19589e-05,3.95232e-05,3.70646e-05,3.4895e-05,3.28532e-05,3.09384e-05,2.92365e-05,2.75549e-05,2.60586e-05,2.45925e-05,2.32293e-05,2.19622e-05,2.07843e-05,1.96894e-05,1.86354e-05,1.76598e-05,1.67555e-05,1.5891e-05,1.50913e-05,1.43092e-05,1.35888e-05,1.29239e-05,1.22789e-05,1.16714e-05,1.11e-05,1.05632e-05,1.00495e-05,9.56878e-06,9.11899e-06,8.6838e-06,8.27829e-06
1e-05,14.9338,13.3847,11.5917,10.0832,8.81939,6.39999,4.68373,2.16909,0.404095,0.220785,0.0847905,0.0575235,0.0300678,0.0178139,0.0115515,0.0080148,0.00585833,0.00446154,0.00351164,0.00257508,0.00214965,0.00169165,0.00137233,0.00121034,0.000967355,0.000833934,0.000728922,0.00062021,0.000555728,0.000486197,0.00043065,0.000375463,0.00033977,0.000303011,0.000272903,0.000247862,0.000222931,0.00020229,0.000184956,0.000170219,0.000155616,0.000143222,0.000132585,0.000122148,0.000113185,0.000104513,9.70427e-05,9.05465e-05,8.42587e-05,7.87732e-05,7.34976e-05,6.84841e-05,6.41047e-05,6.02477e-05,5.62932e-05,5.28243e-05,4.97578e-05,4.66626e-05,4.39312e-05,4.13607e-05,3.895e-05,3.68074e-05,3.46903e-05,3.28065e-05,3.09608e-05,2.92446e-05,2.76493e-05,2.61664e-05,2.47879e-05,2.34611e-05,2.22327e-05,2.10944e-05,2.0006e-05,1.89992e-05,1.80146e-05,1.71076e-05,1.62705e-05,1.54585e-05,1.46937e-05,1.39744e-05,1.32985e-05,1.26518e-05,1.20466e-05,1.14803e-05,1.09324e-05,1.04219e-05
1.25892e-05,15.0597,13.4497,11.654,10.1603,8.92815,6.67732,5.21318,2.92481,0.527411,0.284085,0.107716,0.0728645,0.0379729,0.0224677,0.0145598,0.0100984,0.00737969,0.00561938,0.00442255,0.00324276,0.00270691,0.00213008,0.00172794,0.00152395,0.00121798,0.00104998,0.000917753,0.00078087,0.000699679,0.000612133,0.000542195,0.000472711,0.000427771,0.00038149,0.000343584,0.000312056,0.000280667,0.00025468,0.000232856,0.000214302,0.000195917,0.000180313,0.000166921,0.000153781,0.000142497,0.000131578,0.000122174,0.000113995,0.000106079,9.91727e-05,9.25308e-05,8.6219e-05,8.07054e-05,7.58496e-05,7.08709e-05,6.65037e-05,6.26431e-05,5.87464e-05,5.53075e-05,5.20713e-05,4.90364e-05,4.63389e-05,4.36735e-05,4.1302e-05,3.89783e-05,3.68176e-05,3.48092e-05,3.29424e-05,3.12069e-05,2.95364e-05,2.799e-05,2.65569e-05,2.51866e-05,2.39191e-05,2.26795e-05,2.15377e-05,2.04838e-05,1.94615e-05,1.84987e-05,1.75931e-05,1.67422e-05,1.5928e-05,1.51661e-05,1.44532e-05,1.37634e-05,1.31207e-05
1.5849e-05,15.1775,13.5118,11.7135,10.2337,9.03083,6.92608,5.66179,3.74907,0.697133,0.368085,0.137193,0.0924536,0.0479968,0.0283511,0.0183572,0.0127263,0.00929763,0.00707859,0.00557032,0.00408387,0.00340885,0.00268229,0.00217582,0.00191891,0.0015336,0.00132204,0.00115553,0.000983172,0.000880939,0.000770707,0.000682646,0.000595158,0.000538575,0.000480304,0.000432576,0.000392881,0.000353361,0.000320642,0.000293166,0.000269806,0.000246658,0.000227013,0.000210152,0.000193608,0.000179401,0.000165655,0.000153814,0.000143517,0.000133551,0.000124856,0.000116494,0.000108548,0.000101606,9.54926e-05,8.92245e-05,8.37263e-05,7.88659e-05,7.39599e-05,6.96305e-05,6.55562e-05,6.17353e-05,5.83392e-05,5.49836e-05,5.19979e-05,4.90723e-05,4.63521e-05,4.38236e-05,4.14733e-05,3.92884e-05,3.71853e-05,3.52384e-05,3.34341e-05,3.1709e-05,3.01132e-05,2.85526e-05,2.71152e-05,2.57883e-05,2.45013e-05,2.32891e-05,2.2149e-05,2.10778e-05,2.00527e-05,1.90935e-05,1.8196e-05,1.73276e-05,1.65184e-05
1.99526e-05,15.2882,13.571,11.7705,10.3037,9.12807,7.15162,6.04791,4.49749,0.938976,0.481608,0.175328,0.117567,0.0607323,0.0357971,0.023154,0.0160426,0.0117163,0.00891808,0.00701682,0.00514361,0.00429315,0.00337787,0.00273991,0.00241634,0.00193107,0.00166465,0.00145497,0.00123792,0.00110919,0.000970381,0.000859498,0.000749338,0.000678092,0.000604722,0.000544628,0.000494648,0.000444889,0.000403694,0.000369099,0.000339689,0.000310544,0.00028581,0.000264581,0.000243753,0.000225866,0.000208558,0.000193651,0.000180687,0.000168139,0.000157192,0.000146664,0.00013666,0.00012792,0.000120224,0.000112332,0.00010541,9.92905e-05,9.3114e-05,8.76633e-05,8.25338e-05,7.77233e-05,7.34477e-05,6.9223e-05,6.5464e-05,6.17808e-05,5.83561e-05,5.51727e-05,5.22138e-05,4.94629e-05,4.68153e-05,4.43642e-05,4.20926e-05,3.99207e-05,3.79117e-05,3.59469e-05,3.41372e-05,3.24667e-05,3.08464e-05,2.93203e-05,2.78849e-05,2.65363e-05,2.52457e-05,2.40381e-05,2.29081e-05,2.18149e-05,2.07962e-05
2.51188e-05,15.3922,13.6276,11.825,10.3707,9.22047,7.35804,6.38598,5.12634,1.30278,0.639232,0.225079,0.149934,0.0769534,0.0452342,0.0292189,0.0202298,0.014768,0.0112378,0.0088403,0.00647911,0.00540738,0.00425417,0.00345049,0.00304291,0.00243169,0.00209614,0.00183207,0.00155873,0.00139662,0.00122182,0.0010822,0.000943482,0.000853771,0.000761386,0.000685719,0.000622789,0.000560136,0.000508266,0.000464709,0.000427678,0.000390983,0.000359841,0.000333113,0.000306889,0.000284368,0.000262577,0.000243808,0.000227486,0.000211688,0.000197906,0.00018465,0.000172054,0.000161051,0.000151361,0.000141425,0.00013271,0.000125006,0.00011723,0.000110367,0.000103909,9.78527e-05,9.24697e-05,8.71508e-05,8.24183e-05,7.77811e-05,7.34694e-05,6.94616e-05,6.57363e-05,6.2273e-05,5.89396e-05,5.58537e-05,5.29938e-05,5.02594e-05,4.773e-05,4.52564e-05,4.2978e-05,4.08748e-05,3.8835e-05,3.69136e-05,3.51065e-05,3.34086e-05,3.17838e-05,3.02634e-05,2.88408e-05,2.74644e-05,2.61819e-05
3.16228e-05,15.4904,13.6818,11.8774,10.4348,9.30851,7.54851,6.6866,5.65267,1.90001,0.867613,0.290732,0.191943,0.0976821,0.0572168,0.0368959,0.0255213,0.0186205,0.0141643,0.0111399,0.0081626,0.00681168,0.00535837,0.00434575,0.00383226,0.0030623,0.00263964,0.00230704,0.00196278,0.00175861,0.00153849,0.00136265,0.00118797,0.001075,0.00095867,0.00086339,0.000784148,0.000705258,0.000639946,0.0005851,0.000538474,0.00049227,0.000453058,0.000419405,0.000386386,0.000358031,0.000330594,0.000306963,0.000286412,0.000266521,0.000249169,0.00023248,0.000216621,0.000202767,0.000190566,0.000178057,0.000167084,0.000157384,0.000147594,0.000138954,0.000130823,0.000123197,0.00011642,0.000109724,0.000103765,9.79269e-05,9.24984e-05,8.74524e-05,8.27622e-05,7.84019e-05,7.42051e-05,7.03198e-05,6.67192e-05,6.32766e-05,6.00921e-05,5.69778e-05,5.41092e-05,5.14613e-05,4.88931e-05,4.64741e-05,4.41989e-05,4.20613e-05,4.00156e-05,3.81015e-05,3.63104e-05,3.45775e-05,3.29628e-05
3.98107e-05,15.583,13.7337,11.9277,10.4964,9.39261,7.72552,6.95755,6.10149,2.98556,1.22406,0.378777,0.246986,0.124283,0.0724664,0.0466274,0.0322146,0.0234875,0.0178586,0.0140411,0.0102854,0.00858203,0.00675004,0.00547388,0.00482684,0.00385675,0.0033243,0.00290533,0.00247171,0.00221456,0.00193732,0.00171587,0.00149588,0.00135361,0.00120711,0.00108713,0.000987345,0.000888004,0.000805762,0.000736701,0.00067799,0.000619812,0.000570438,0.000528064,0.000486488,0.000450785,0.000416239,0.000386485,0.000360609,0.000335564,0.000313716,0.000292703,0.000272735,0.000255292,0.000239931,0.000224181,0.000210365,0.000198152,0.000185825,0.000174947,0.00016471,0.000155109,0.000146576,0.000138145,0.000130643,0.000123292,0.000116457,0.000110104,0.000104199,9.87095e-05,9.34255e-05,8.85339e-05,8.40005e-05,7.96662e-05,7.56569e-05,7.17359e-05,6.81242e-05,6.47905e-05,6.1557e-05,5.85114e-05,5.56469e-05,5.29555e-05,5.03801e-05,4.79701e-05,4.57151e-05,4.35333e-05,4.15004e-05
5.01187e-05,15.6707,13.7836,11.9761,10.5556,9.47315,7.89106,7.20458,6.49244,4.54898,1.87515,0.499688,0.320068,0.158611,0.0919328,0.0589866,0.040692,0.0296418,0.0225253,0.0177036,0.0129634,0.0108147,0.00850457,0.00689582,0.00608032,0.00485783,0.00418695,0.0036591,0.00311284,0.00278891,0.0024397,0.00216077,0.0018837,0.00170452,0.00152002,0.00136892,0.00124325,0.00111815,0.00101458,0.000927617,0.000853685,0.000780426,0.000718253,0.000664895,0.000612543,0.000567586,0.000524087,0.000486622,0.00045404,0.000422505,0.000394995,0.000368537,0.000343394,0.000321432,0.00030209,0.000282259,0.000264864,0.000249487,0.000233966,0.000220269,0.000207379,0.000195291,0.000184547,0.000173932,0.000164486,0.000155231,0.000146626,0.000138627,0.000131192,0.00012428,0.000117627,0.000111468,0.00010576,0.000100303,9.52551e-05,9.03183e-05,8.57711e-05,8.15737e-05,7.75026e-05,7.3668e-05,7.00614e-05,6.66729e-05,6.34302e-05,6.03959e-05,5.75568e-05,5.48098e-05,5.22503e-05
6.30958e-05,15.7538,13.8314,12.0227,10.6126,9.55047,8.04676,7.43202,6.83945,5.8097,3.73387,0.672007,0.418951,0.203243,0.116879,0.0747207,0.0514464,0.0374333,0.0284257,0.0223302,0.0163436,0.0136317,0.0107174,0.00868867,0.00766051,0.00611957,0.00527408,0.00460893,0.00392065,0.00351254,0.0030726,0.00272124,0.00237222,0.00214654,0.00191415,0.00172384,0.00156557,0.00140802,0.00127759,0.00116806,0.00107496,0.000982702,0.000904408,0.000837216,0.000771291,0.000714679,0.000659904,0.000612726,0.000571698,0.00053199,0.000497348,0.000464033,0.000432374,0.00040472,0.000380365,0.000355395,0.000333492,0.000314129,0.000294586,0.00027734,0.00026111,0.00024589,0.000232362,0.000218995,0.000207102,0.000195449,0.000184614,0.000174542,0.000165181,0.000156478,0.000148101,0.000140347,0.00013316,0.000126289,0.000119933,0.000113717,0.000107992,0.000102707,9.7581e-05,9.27529e-05,8.82119e-05,8.39454e-05,7.98626e-05,7.60422e-05,7.24675e-05,6.90089e-05,6.57861e-05
7.94328e-05,15.8327,13.8774,12.0676,10.6676,9.62485,8.19391,7.64318,7.15234,6.72317,6.25767,0.9339,0.556609,0.261863,0.149012,0.0948127,0.0651177,0.047312,0.0358944,0.02818,0.0206129,0.017188,0.0135095,0.01095,0.00965328,0.00771029,0.00664445,0.00580608,0.00493867,0.0044244,0.00387008,0.00342739,0.0029877,0.00270339,0.00241066,0.00217093,0.00197158,0.00177313,0.00160886,0.00147092,0.00135366,0.00123747,0.00113887,0.00105425,0.000971224,0.000899931,0.000830951,0.00077154,0.000719875,0.000669871,0.000626249,0.000584296,0.00054443,0.000509607,0.000478938,0.000447496,0.000419915,0.000395534,0.000370925,0.000349209,0.000328773,0.000309607,0.000292574,0.000275743,0.000260768,0.000246094,0.000232451,0.000219769,0.000207982,0.000197024,0.000186476,0.000176712,0.000167663,0.000159011,0.000151008,0.000143182,0.000135973,0.000129318,0.000122864,0.000116785,0.000111067,0.000105695,0.000100555,9.57442e-05,9.12432e-05,8.68884e-05,8.28306e-05
0.0001,15.9077,13.9217,12.1109,10.7207,9.69655,8.33362,7.84066,7.43817,7.43737,7.44293,1.3903,0.757341,0.339956,0.190687,0.120574,0.0825439,0.0598613,0.0453622,0.0355853,0.0260099,0.0216809,0.0170346,0.0138038,0.0121675,0.00971656,0.00837247,0.00731544,0.00622198,0.00557378,0.00487517,0.0043173,0.00376327,0.00340505,0.00303624,0.00273423,0.0024831,0.00223312,0.00202619,0.00185244,0.00170474,0.00155839,0.0014342,0.00132762,0.00122306,0.00113327,0.0010464,0.000971575,0.000906509,0.000843535,0.000788599,0.000735767,0.000685563,0.000641709,0.000603088,0.000563492,0.00052876,0.000498058,0.000467069,0.000439722,0.000413987,0.000389854,0.000368404,0.00034721,0.000328353,0.000309876,0.000292696,0.000276727,0.000261884,0.000248085,0.000234804,0.000222509,0.000211114,0.00020022,0.000190143,0.000180288,0.00017121,0.000162831,0.000154704,0.000147049,0.00013985,0.000133086,0.000126612,0.000120555,0.000114888,0.000109404,0.000104295
0.000125892,15.9791,13.9643,12.1528,10.7721,9.76581,8.46679,8.0265,7.70207,8.02863,8.23254,2.90807,1.07648,0.446142,0.245237,0.15378,0.104833,0.0758426,0.0573865,0.0449733,0.0328401,0.0273625,0.0214886,0.0174074,0.0153414,0.0122481,0.0105524,0.00921915,0.00784025,0.00702298,0.00614227,0.00543909,0.00474081,0.00428938,0.00382463,0.00344409,0.00312766,0.00281271,0.00255201,0.00233312,0.00214706,0.00196271,0.00180627,0.00167202,0.00154031,0.00142722,0.0013178,0.00122356,0.00114161,0.00106229,0.000993102,0.000926562,0.000863334,0.000808103,0.000759464,0.000709597,0.000665857,0.000627191,0.000588165,0.000553726,0.000521317,0.000490925,0.000463913,0.000437223,0.000413476,0.000390208,0.000368573,0.000348464,0.000329772,0.000312396,0.000295671,0.000280188,0.000265839,0.00025212,0.00023943,0.00022702,0.000215589,0.000205038,0.000194804,0.000185165,0.000176099,0.000167581,0.00015943,0.000151803,0.000144666,0.000137761,0.000131327
0.00015849,16.0472,14.0055,12.1934,10.8218,9.83282,8.59418,8.20234,7.94794,8.53617,8.83793,7.58928,1.70968,0.595117,0.317558,0.196883,0.133472,0.0962596,0.0726944,0.0568974,0.0414962,0.0345557,0.0271217,0.0219616,0.0193511,0.0154445,0.0133039,0.0116214,0.00988181,0.00885097,0.00774031,0.00685366,0.00597332,0.00540426,0.00481847,0.00433885,0.00394008,0.00354319,0.00321469,0.00293889,0.00270446,0.00247219,0.0022751,0.00210598,0.00194005,0.00179758,0.00165974,0.00154103,0.0014378,0.00133789,0.00125074,0.00116693,0.00108729,0.00101772,0.000956462,0.000893654,0.000838562,0.000789864,0.000740711,0.000697337,0.00065652,0.000618243,0.000584223,0.000550609,0.000520701,0.000491398,0.000464151,0.000438825,0.000415285,0.000393402,0.000372339,0.00035284,0.00033477,0.000317493,0.000301512,0.000285883,0.000271488,0.0002582,0.000245313,0.000233174,0.000221756,0.00021103,0.000200765,0.00019116,0.000182172,0.000173477,0.000165374
0.000199526,16.1122,14.0451,12.2326,10.8701,9.89778,8.71645,8.36952,8.17871,8.98236,9.33389,8.4987,7.01092,0.815265,0.415197,0.253371,0.17049,0.122452,0.0922429,0.0720792,0.0524858,0.0436764,0.0342545,0.0277229,0.0244212,0.0194832,0.0167792,0.0146547,0.0124588,0.0111579,0.0097566,0.00863816,0.0075279,0.0068103,0.00607171,0.00546706,0.00496438,0.0044641,0.00405006,0.00370247,0.00340704,0.00311435,0.002866,0.00265289,0.00244382,0.00226432,0.00209065,0.00194109,0.00181104,0.00168517,0.00157538,0.0014698,0.00136947,0.00128184,0.00120467,0.00112555,0.00105616,0.000994817,0.000932904,0.000878269,0.000826857,0.000778644,0.000735794,0.000693456,0.000655787,0.000618877,0.00058456,0.000552662,0.000523013,0.000495451,0.000468923,0.000444365,0.000421606,0.000399846,0.000379719,0.000360035,0.000341905,0.00032517,0.000308939,0.000293651,0.000279271,0.000265762,0.000252834,0.000240737,0.000229418,0.000218467,0.000208263
0.000251188,16.1743,14.0834,12.2706,10.9169,9.96084,8.83413,8.52912,8.39669,9.38119,9.75625,9.11995,8.18554,1.17519,0.550653,0.328383,0.218724,0.156238,0.117307,0.0914693,0.06647,0.0552637,0.0433006,0.0350208,0.0308395,0.0245914,0.0211725,0.0184877,0.0157138,0.0140711,0.0123021,0.0108905,0.00948964,0.00858437,0.00765274,0.00689018,0.00625629,0.0056255,0.0051035,0.00466531,0.0042929,0.00392397,0.00361094,0.00334235,0.00307888,0.00285266,0.00263381,0.00244535,0.00228147,0.00212288,0.00198454,0.00185151,0.00172511,0.0016147,0.00151747,0.0014178,0.00133037,0.00125309,0.00117509,0.00110627,0.0010415,0.000980765,0.000926786,0.000873452,0.000826001,0.000779508,0.000736279,0.000696098,0.000658751,0.000624033,0.000590617,0.000559684,0.000531016,0.000503608,0.000478256,0.000453462,0.000430625,0.000409546,0.000389102,0.000369846,0.000351734,0.000334719,0.000318435,0.000303199,0.000288942,0.000275149,0.000262297
0.000316228,16.2337,14.1204,12.3075,10.9625,10.0222,8.94771,8.68207,8.60369,9.74206,10.1252,9.60407,8.88161,1.96584,0.74697,0.429898,0.282263,0.200138,0.149615,0.116336,0.0843182,0.0700214,0.0547962,0.0442807,0.038977,0.0310602,0.0267326,0.0233361,0.019829,0.017753,0.0155182,0.0137355,0.0119668,0.0108242,0.00964846,0.00868628,0.00788658,0.00709091,0.00643254,0.00587993,0.00541032,0.00494514,0.00455048,0.00421187,0.00387972,0.00359456,0.0033187,0.00308116,0.00287461,0.00267473,0.00250039,0.00233274,0.00217344,0.00203431,0.0019118,0.00178619,0.00167603,0.00157865,0.00148038,0.00139365,0.00131205,0.00123553,0.00116752,0.00110032,0.00104054,0.00098196,0.000927497,0.000876876,0.000829825,0.000786086,0.000743988,0.000705018,0.000668903,0.000634374,0.000602436,0.000571202,0.000542434,0.000515879,0.000490125,0.000465867,0.000443052,0.000421616,0.000401104,0.000381911,0.000363951,0.000346576,0.000330386
0.000398107,16.2906,14.1562,12.3433,11.0068,10.0819,9.0576,8.8291,8.80118,10.0717,10.4535,10.0051,9.39911,7.12485,1.05505,0.571236,0.367255,0.257745,0.191554,0.148397,0.107185,0.0888773,0.0694417,0.0560545,0.0493136,0.0392649,0.0337789,0.0294766,0.0250374,0.0224112,0.0195853,0.017332,0.0150973,0.013654,0.0121693,0.0109546,0.00994512,0.00894093,0.00811017,0.00741296,0.00682053,0.00623374,0.00573597,0.00530892,0.00489006,0.00453048,0.00418265,0.00388315,0.00362274,0.00337076,0.00315097,0.00293963,0.00273884,0.00256347,0.00240904,0.00225073,0.00211188,0.00198916,0.0018653,0.001756,0.00165316,0.00155673,0.00147102,0.00138634,0.00131101,0.00123719,0.00116856,0.00110478,0.00104549,0.000990374,0.00093733,0.000888226,0.000842721,0.000799214,0.000758973,0.000719619,0.000683372,0.000649914,0.000617465,0.000586901,0.000558155,0.000531148,0.000505304,0.000481122,0.000458495,0.000436604,0.000416206
0.000501187,16.3451,14.1909,12.3781,11.0499,10.1401,9.16414,8.97086,8.99033,10.3749,10.7496,10.3495,9.81749,8.14395,1.63968,0.777278,0.483513,0.334384,0.246514,0.190028,0.136632,0.113071,0.0881627,0.0710662,0.0624758,0.0496927,0.0427249,0.0372663,0.0316389,0.0283123,0.0247347,0.0218837,0.0190574,0.0172327,0.0153564,0.0138215,0.0125465,0.0112783,0.0102294,0.0093492,0.00860141,0.00786087,0.00723272,0.00669389,0.00616544,0.00571181,0.00527305,0.00489528,0.00456685,0.00424905,0.00397188,0.00370538,0.00345219,0.00323106,0.00303635,0.00283676,0.00266171,0.00250699,0.00235084,0.00221306,0.00208342,0.00196186,0.00185383,0.00174709,0.00165213,0.00155909,0.00147259,0.00139219,0.00131747,0.001248,0.00118115,0.00111926,0.00106191,0.00100708,0.000956367,0.00090677,0.00086109,0.000818926,0.000778032,0.000739516,0.00070329,0.000669257,0.000636689,0.000606215,0.000577702,0.000550116,0.000524411
0.000630958,16.3975,14.2245,12.4119,11.092,10.1969,9.26765,9.10789,9.17211,10.6557,11.0195,10.6524,10.1714,8.78446,5.96728,1.10422,0.648105,0.43837,0.319495,0.244611,0.174805,0.144285,0.112197,0.0902741,0.0792892,0.0629801,0.0541091,0.0471684,0.0400215,0.0358007,0.0312647,0.0276523,0.0240734,0.021764,0.0193902,0.0174491,0.0158371,0.0142342,0.0129087,0.0117968,0.0108523,0.00991703,0.00912388,0.00844359,0.0077765,0.00720392,0.00665018,0.00617344,0.00575901,0.00535803,0.00500834,0.00467213,0.00435273,0.00407379,0.0038282,0.00357645,0.00335567,0.00316054,0.00296363,0.00278988,0.0026264,0.00247311,0.00233688,0.0022023,0.00208256,0.00196526,0.00185619,0.00175483,0.00166062,0.00157305,0.00148876,0.00141074,0.00133844,0.00126932,0.00120539,0.00114287,0.00108528,0.00103213,0.000980583,0.000932031,0.000886368,0.000843468,0.000802416,0.000764004,0.000728063,0.000693291,0.000660892
0.000794328,16.4478,14.257,12.4448,11.1331,10.2525,9.36839,9.24064,9.34734,10.9169,11.2677,10.9233,10.4793,9.26843,7.5187,1.74362,0.895074,0.583706,0.418239,0.317132,0.224739,0.184853,0.143228,0.114965,0.100855,0.0799683,0.0686385,0.0597891,0.0506905,0.0453235,0.0395612,0.0349762,0.0304372,0.0275102,0.0245029,0.0220451,0.0200047,0.0179767,0.0163001,0.0148941,0.0137,0.0125179,0.0115156,0.0106561,0.00981339,0.00909018,0.00839084,0.00778884,0.00726557,0.00675934,0.0063179,0.00589351,0.00549038,0.00513834,0.0048284,0.00451072,0.00423214,0.00398593,0.00373748,0.00351828,0.00331203,0.00311865,0.00294681,0.00277704,0.00262601,0.00247805,0.00234049,0.00221264,0.00209382,0.00198337,0.00187707,0.00177868,0.0016875,0.00160033,0.00151971,0.00144086,0.00136825,0.00130123,0.00123622,0.001175,0.00111742,0.00106333,0.00101156,0.000963131,0.000917814,0.000873971,0.00083312
0.001,16.4961,14.2886,12.4768,11.1733,10.3069,9.46661,9.36952,9.51668,11.161,11.4975,11.1688,10.7527,9.66282,8.29657,5.79828,1.31152,0.796902,0.555654,0.415342,0.290873,0.238104,0.183598,0.146898,0.128666,0.101784,0.0872543,0.0759307,0.0643109,0.0574676,0.050129,0.0442964,0.0385281,0.0348113,0.0309952,0.0278783,0.0252919,0.0227224,0.0205992,0.0188191,0.0173078,0.0158121,0.0145443,0.0134572,0.0123917,0.0114774,0.0105934,0.00983264,0.00917144,0.00853184,0.00797416,0.0074381,0.00692892,0.00648434,0.00609295,0.00569181,0.00534008,0.00502923,0.00471558,0.00443887,0.00417853,0.00393445,0.00371755,0.00350328,0.00331268,0.00312595,0.00295236,0.00279103,0.0026411,0.00250173,0.00236761,0.00224346,0.00212842,0.00201845,0.00191673,0.00181726,0.00172565,0.0016411,0.00155909,0.00148186,0.00140923,0.00134099,0.00127569,0.0012146,0.00115743,0.00110213,0.0010506
0.00125892,16.5426,14.3192,12.5081,11.2126,10.3602,9.5625,9.49485,9.6807,11.3901,11.7116,11.3935,10.999,9.99809,8.85769,7.39976,2.33361,1.13911,0.755715,0.552189,0.380018,0.308977,0.236663,0.188538,0.16479,0.129961,0.111226,0.0966678,0.0817673,0.0730098,0.0636335,0.0561923,0.0488425,0.0441117,0.0392586,0.0352977,0.0320132,0.028752,0.0260587,0.0238016,0.0218862,0.0199911,0.0183853,0.0170088,0.0156599,0.0145028,0.0133843,0.0124218,0.0115855,0.0107766,0.0100715,0.00939372,0.00875006,0.00818812,0.00769347,0.00718655,0.00674211,0.00634937,0.00595311,0.00560355,0.0052747,0.0049664,0.00469246,0.00442185,0.00418115,0.00394535,0.00372615,0.00352244,0.00333313,0.00315717,0.00298784,0.00283111,0.00268588,0.00254705,0.00241864,0.00229308,0.00217744,0.00207072,0.00196721,0.00186973,0.00177805,0.00169193,0.00160952,0.00153241,0.00146026,0.00139047,0.00132544
0.0015849,16.5874,14.3489,12.5386,11.251,10.4125,9.65625,9.61695,9.83989,11.6057,11.9119,11.6008,11.2233,10.2911,9.30939,8.28246,6.38637,1.82834,1.0719,0.751835,0.503347,0.405184,0.307422,0.243446,0.21217,0.166637,0.142302,0.123468,0.104256,0.0929955,0.0809644,0.0714346,0.0620378,0.0559978,0.0498083,0.0447619,0.0405807,0.0364323,0.0330086,0.0301412,0.027709,0.0253037,0.0232664,0.0215207,0.0198105,0.0183439,0.0169267,0.0157075,0.0146483,0.0136242,0.0127314,0.0118736,0.011059,0.010348,0.00972217,0.00908093,0.00851878,0.00802209,0.007521,0.007079,0.00666323,0.00627348,0.00592719,0.00558514,0.00528091,0.0049829,0.00470588,0.00444846,0.00420925,0.00398692,0.00377298,0.00357496,0.00339148,0.00321609,0.00305388,0.00289527,0.0027492,0.00261438,0.00248365,0.00236052,0.00224473,0.00213596,0.00203188,0.00193449,0.00184338,0.00175524,0.00167312
0.00199526,16.6306,14.3778,12.5683,11.2887,10.4638,9.74802,9.73603,9.99465,11.8094,12.1003,11.7934,11.4295,10.5521,9.69468,9.01064,7.71192,5.29046,1.6782,1.06854,0.681119,0.539725,0.403744,0.316989,0.275155,0.214878,0.182953,0.158377,0.133425,0.118855,0.10333,0.0910636,0.0789957,0.0712528,0.0633298,0.0568785,0.0515391,0.0462467,0.0418829,0.0382309,0.035135,0.0320754,0.0294851,0.0272666,0.0250942,0.023232,0.0214331,0.0198861,0.0185425,0.0172436,0.0161117,0.0150243,0.013992,0.0130911,0.0122983,0.0114861,0.0107741,0.0101452,0.00951079,0.00895126,0.008425,0.00793171,0.00749349,0.00706068,0.00667574,0.00629871,0.00594827,0.00562265,0.00532008,0.00503888,0.0047683,0.00451788,0.00428587,0.00406408,0.00385898,0.00365844,0.00347376,0.00330332,0.00313804,0.0029824,0.00283602,0.00269852,0.00256696,0.00244387,0.00232871,0.0022173,0.00211351
0.00251188,16.6722,14.4059,12.5973,11.3257,10.5143,9.83796,9.85235,10.1454,12.0022,12.2782,11.9733,11.6204,10.788,10.0359,9.73857,9.16489,6.93074,4.50499,1.68111,0.956547,0.737165,0.539021,0.417761,0.360506,0.279261,0.236789,0.204341,0.171611,0.152593,0.132406,0.116512,0.100921,0.0909419,0.0807499,0.0724657,0.0656191,0.0588416,0.0532598,0.048593,0.0446402,0.0407366,0.0374342,0.0346076,0.0318411,0.0294708,0.0271823,0.0252149,0.0235069,0.0218564,0.0204185,0.0190375,0.0177268,0.0165833,0.0155772,0.0145467,0.0136437,0.012846,0.0120416,0.0113322,0.0106651,0.0100399,0.00948451,0.00893607,0.00844837,0.00797073,0.00752683,0.00711439,0.0067312,0.0063751,0.00603247,0.0057154,0.00542165,0.00514087,0.00488123,0.00462738,0.00439362,0.00417789,0.00396871,0.00377172,0.00358649,0.00341249,0.003246,0.00309025,0.00294454,0.00280358,0.00267226
0.00316228,16.7124,14.4333,12.6257,11.3619,10.5639,9.92619,9.9661,10.2923,12.1853,12.4466,12.142,11.7982,11.0038,10.3466,10.5759,11.5564,7.97146,6.40973,4.35459,1.45572,1.05386,0.738989,0.560764,0.479539,0.36702,0.309351,0.265781,0.222237,0.197116,0.170591,0.149805,0.129499,0.116545,0.103348,0.0926461,0.0838185,0.0750951,0.067922,0.0619325,0.0568649,0.0518654,0.0476396,0.0440256,0.0404911,0.0374648,0.0345445,0.0320355,0.0298584,0.0277554,0.0259242,0.024166,0.022498,0.0210431,0.0197636,0.0184533,0.0173054,0.0162917,0.0152696,0.0143685,0.0135212,0.0127273,0.0120222,0.011326,0.010707,0.0101009,0.00953763,0.00901438,0.00852827,0.00807659,0.00764205,0.00723994,0.00686745,0.00651144,0.00618226,0.00586044,0.00556412,0.00529068,0.00502555,0.00477588,0.00454113,0.00432062,0.00410966,0.0039123,0.00372767,0.00354907,0.00338269
0.00398107,16.7512,14.4599,12.6535,11.3975,10.6127,10.0128,10.0774,10.4358,12.3595,12.6065,12.3011,11.9647,11.2029,10.6354,11.4952,12.2441,9.79727,7.32007,6.14231,3.13761,1.68389,1.06437,0.77598,0.653379,0.490516,0.409707,0.349706,0.290573,0.256815,0.221439,0.193905,0.167159,0.150174,0.132933,0.118996,0.10753,0.0962257,0.0869496,0.0792177,0.0726854,0.0662495,0.0608163,0.0561745,0.0516391,0.0477592,0.0440183,0.0408067,0.0380216,0.0353329,0.0329929,0.0307474,0.028618,0.0267616,0.0251295,0.0234588,0.0219956,0.020704,0.0194019,0.0182543,0.0171756,0.0161651,0.0152678,0.014382,0.0135946,0.0128237,0.0121074,0.0114421,0.0108242,0.01025,0.00969777,0.00918681,0.00871351,0.00826123,0.00784307,0.0074343,0.00705795,0.00671069,0.00637401,0.006057,0.00575894,0.005479,0.00521119,0.00496066,0.00472631,0.00449963,0.00428846
0.00501187,16.7887,14.4858,12.6807,11.4326,10.6609,10.098,10.1865,10.5761,12.5257,12.7588,12.4515,12.1213,11.388,10.9088,12.2806,12.6919,11.1359,8.08348,6.98374,5.53223,4.13583,1.7391,1.13966,0.929389,0.67365,0.554262,0.468209,0.385304,0.338747,0.290518,0.253355,0.217558,0.194974,0.172163,0.153808,0.138761,0.123974,0.111876,0.101815,0.0933326,0.0849902,0.0779592,0.0719608,0.0661074,0.0611059,0.0562887,0.0521571,0.0485772,0.0451239,0.0421207,0.0392406,0.0365113,0.034133,0.0320432,0.0299051,0.0280334,0.0263818,0.0247175,0.0232512,0.0218733,0.020583,0.0194375,0.0183071,0.0173024,0.016319,0.0154056,0.0145574,0.0137696,0.0130379,0.0123341,0.0116831,0.0110802,0.0105041,0.00997153,0.009451,0.00897183,0.00852974,0.00810117,0.00769768,0.00731835,0.00696211,0.00662133,0.00630257,0.00600441,0.00571604,0.00544743
0.00630958,16.825,14.511,12.7073,11.467,10.7084,10.1817,10.2935,10.7133,12.6844,12.9042,12.5941,12.2691,11.5614,11.1711,12.8872,13.037,11.6828,9.0858,7.62269,6.42044,5.64272,4.16219,1.99569,1.46086,0.973404,0.777745,0.644958,0.52226,0.45529,0.38722,0.335603,0.286523,0.255864,0.225129,0.200559,0.180523,0.160925,0.144955,0.131719,0.12059,0.109673,0.100493,0.0926768,0.0850625,0.0785668,0.0723197,0.0669687,0.0623377,0.0578751,0.0539978,0.0502828,0.0467651,0.0437024,0.041013,0.0382631,0.0358573,0.0337355,0.0315987,0.0297168,0.0279493,0.0262947,0.0248265,0.023378,0.0220912,0.0208319,0.0196626,0.0185771,0.0175692,0.0166332,0.0157333,0.0149009,0.0141302,0.0133939,0.0127134,0.0120484,0.0114363,0.0108717,0.0103244,0.00980926,0.00932498,0.00887022,0.00843527,0.00802846,0.00764799,0.00728004,0.00693732
0.00794328,16.8601,14.5356,12.7333,11.5009,10.7552,10.2641,10.3985,10.8477,12.8363,13.0433,12.7298,12.4091,11.7246,11.4257,13.3692,13.3222,12.0657,10.4988,8.23062,7.0285,6.3869,5.45078,4.37973,3.35612,1.60344,1.17911,0.937676,0.735433,0.631373,0.529323,0.454119,0.384163,0.341168,0.298572,0.264869,0.237604,0.211118,0.189667,0.171975,0.15716,0.142678,0.130541,0.120235,0.11022,0.101696,0.0935143,0.0865194,0.0804753,0.0746595,0.0696131,0.0647837,0.0602163,0.0562438,0.0527585,0.0491981,0.0460859,0.043343,0.0405825,0.0381531,0.0358726,0.0337389,0.0318467,0.0299807,0.0283237,0.0267029,0.0251985,0.0238024,0.0225066,0.0213037,0.0201474,0.0190782,0.0180886,0.0171434,0.01627,0.0154166,0.0146314,0.0139072,0.0132053,0.0125448,0.0119239,0.0113411,0.0107836,0.0102624,0.00977491,0.00930356,0.00886459
0.01,16.8941,14.5596,12.7589,11.5343,10.8015,10.3452,10.5015,10.9795,12.982,13.1766,12.8592,12.542,11.879,11.6749,13.7681,13.5674,12.37,11.1554,9.06657,7.53252,6.92703,6.13348,5.37941,4.86783,3.6677,2.36178,1.57497,1.12446,0.931132,0.75758,0.637446,0.530468,0.466682,0.4048,0.356686,0.318276,0.281377,0.251778,0.227553,0.207391,0.18779,0.171443,0.157618,0.144233,0.132877,0.12201,0.112745,0.104756,0.0970855,0.0904422,0.0840955,0.0781027,0.0728982,0.068338,0.0636851,0.0596227,0.056046,0.0524497,0.0492876,0.0463218,0.0435491,0.0410918,0.0386704,0.0365213,0.0344205,0.0324715,0.0306639,0.0289869,0.0274308,0.0259356,0.0245537,0.0232749,0.0220541,0.0209263,0.0198248,0.0188115,0.0178772,0.016972,0.0161203,0.0153199,0.0145687,0.0138504,0.0131789,0.012551,0.0119439,0.0113787
0.0123556,16.9244,14.5812,12.7819,11.5645,10.8435,10.4187,10.5946,11.0983,13.1107,13.2944,12.9731,12.6586,12.0142,11.9002,14.0827,13.7667,12.607,11.5569,10.5029,7.97696,7.34677,6.59654,5.93475,5.51954,4.71253,4.08665,3.36654,2.13458,1.54647,1.1552,0.929779,0.748921,0.647731,0.553396,0.482306,0.426811,0.374458,0.333092,0.299628,0.272033,0.245421,0.223382,0.20485,0.187,0.171926,0.15756,0.145354,0.134864,0.124819,0.116141,0.107869,0.100076,0.093321,0.0874122,0.081393,0.0761456,0.0715315,0.066898,0.0628288,0.0590161,0.0554552,0.0523023,0.0491979,0.0464449,0.0437557,0.0412626,0.0389519,0.0368095,0.0348226,0.0329144,0.0311518,0.0295215,0.0279657,0.0265291,0.0251265,0.0238367,0.0226478,0.0214964,0.0204133,0.0193959,0.0184411,0.0175285,0.0166755,0.0158781,0.0151073,0.0143898
0.0151863,16.9531,14.6017,12.804,11.5937,10.8841,10.4894,10.684,11.2123,13.2319,13.4052,13.0798,12.7677,12.1404,12.1173,14.3535,13.9425,12.8107,11.8686,11.2226,8.49014,7.73418,6.97699,6.35095,5.97294,5.27813,4.79261,4.32232,3.68871,3.17045,2.33617,1.61305,1.16821,0.966364,0.797643,0.679707,0.592023,0.512272,0.451042,0.402541,0.363186,0.325746,0.295098,0.269567,0.245175,0.224724,0.205353,0.188987,0.174986,0.161634,0.150143,0.139226,0.128973,0.12011,0.112377,0.104517,0.09768,0.091679,0.0856634,0.0803889,0.0754543,0.070852,0.0667821,0.0627795,0.0592338,0.0557739,0.0525692,0.0496018,0.0468528,0.0443052,0.0418604,0.0396035,0.0375175,0.0355279,0.0336918,0.0319002,0.0302534,0.0287362,0.0272674,0.0258864,0.0245896,0.0233732,0.0222108,0.0211246,0.0201097,0.0191289,0.0182161
0.0184855,16.9797,14.6209,12.8247,11.6211,10.9224,10.556,10.768,11.3193,13.3436,13.5074,13.1778,12.8676,12.2563,12.3219,14.5854,14.0963,12.9858,12.1224,11.6829,11.6069,8.13281,7.30882,6.68831,6.325,5.67568,5.23861,4.83355,4.3306,3.97245,3.50619,3.03069,2.36731,1.79943,1.31869,1.04996,0.87801,0.736283,0.634731,0.557925,0.497626,0.441749,0.396986,0.360316,0.325769,0.29715,0.270322,0.247855,0.228777,0.2107,0.195231,0.180611,0.166943,0.155178,0.14495,0.134589,0.125604,0.117739,0.109875,0.102995,0.0965731,0.0905949,0.0853176,0.0801361,0.075553,0.0710872,0.0669562,0.0631362,0.0596012,0.0563286,0.0531913,0.0502979,0.0476257,0.0450792,0.042731,0.0404412,0.038338,0.0364015,0.034528,0.0327673,0.031115,0.0295658,0.0280861,0.0267042,0.0254133,0.0241664,0.0230064
0.0222947,17.0045,14.6389,12.8442,11.647,10.9585,10.6188,10.8469,11.4198,13.4468,13.6019,13.2682,12.9595,12.363,12.5146,14.7869,14.2323,13.1389,12.3378,12.0387,12.2424,11.8371,7.62193,6.98163,6.6205,5.98918,5.57296,5.19425,4.73622,4.42147,4.03255,3.67116,3.24618,2.91735,2.50315,2.06369,1.61912,1.22781,0.991426,0.836284,0.725377,0.629332,0.556231,0.498516,0.445713,0.403008,0.363751,0.331414,0.304312,0.27892,0.257404,0.237239,0.218535,0.202545,0.188722,0.174793,0.162773,0.152294,0.141858,0.13276,0.124294,0.116436,0.109518,0.102742,0.0967615,0.0909464,0.0855775,0.0806221,0.076044,0.0718121,0.0677609,0.0640296,0.0605879,0.0573118,0.0542941,0.0513544,0.0486569,0.0461755,0.0437767,0.0415242,0.0394119,0.0374328,0.0355438,0.0337805,0.0321345,0.0305454,0.0290678
0.0266534,17.0275,14.6557,12.8625,11.6714,10.9928,10.6779,10.9212,11.5143,13.5425,13.6895,13.3517,13.0442,12.4618,12.6959,14.9641,14.3537,13.2744,12.5252,12.3338,12.6469,12.3593,7.94827,7.25242,6.88323,6.25362,5.84557,5.47831,5.03959,4.74225,4.38092,4.05334,3.68284,3.41199,3.09891,2.80774,2.53194,2.21176,1.8924,1.57165,1.28303,1.03671,0.870916,0.753552,0.654855,0.580025,0.514537,0.462638,0.420401,0.381765,0.349676,0.320104,0.293078,0.270265,0.250749,0.231268,0.2146,0.200173,0.185896,0.173525,0.162073,0.151494,0.14222,0.133171,0.125214,0.117502,0.110403,0.103869,0.0978484,0.0922957,0.0869916,0.0821165,0.077628,0.0733631,0.0694406,0.0656257,0.0621299,0.0589185,0.0558177,0.0529095,0.0501852,0.0476354,0.0452039,0.0429365,0.0408215,0.0387814,0.0368858
0.0315982,17.049,14.6714,12.8797,11.6944,11.0251,10.7337,10.9912,11.6033,13.6312,13.7707,13.429,13.1226,12.5534,12.8661,15.1213,14.4628,13.3956,12.6912,12.5874,12.9546,12.7062,11.8156,7.51889,7.12929,6.48804,6.08034,5.71675,5.28591,4.99603,4.64635,4.33227,3.98141,3.72888,3.44273,3.18432,2.94916,2.69245,2.45849,2.2427,2.04108,1.819,1.60653,1.40156,1.18285,0.998241,0.841282,0.727035,0.641359,0.568182,0.510704,0.460046,0.415458,0.378955,0.348475,0.318679,0.29365,0.272306,0.251464,0.233616,0.217261,0.202288,0.189267,0.176653,0.165632,0.155013,0.145289,0.136386,0.128217,0.120713,0.113571,0.10703,0.101026,0.0953372,0.0901195,0.0850572,0.0804294,0.0761871,0.072099,0.0682721,0.0646935,0.0613494,0.0581656,0.0552006,0.0524388,0.0497781,0.0473089
0.0371622,17.069,14.6861,12.8958,11.7162,11.0558,10.7864,11.0572,11.6871,13.7138,13.8463,13.5007,13.1952,12.6386,13.0258,15.2619,14.5616,13.5048,12.8401,12.8098,13.2052,12.9748,12.2741,7.8043,7.373,6.70497,6.29133,5.92619,5.49665,5.20919,4.86393,4.55523,4.21218,3.96665,3.69019,3.44259,3.21949,2.97919,2.7642,2.57055,2.39504,2.2097,2.042,1.88915,1.72964,1.58357,1.4324,1.29266,1.16265,1.02899,0.908249,0.79361,0.691875,0.61166,0.54809,0.489244,0.442266,0.403828,0.367634,0.337603,0.310795,0.286805,0.266345,0.246861,0.230089,0.214139,0.199704,0.186634,0.174751,0.163924,0.153699,0.144398,0.135914,0.127922,0.120629,0.113587,0.107178,0.101327,0.0957092,0.0904688,0.0855843,0.0810336,0.0767127,0.0726995,0.0689702,0.0653855,0.0620658
0.0433745,17.0878,14.7,12.9111,11.7368,11.0849,10.8362,11.1194,11.7662,13.7907,13.9168,13.5675,13.2627,12.7182,13.1754,15.3884,14.6513,13.6039,12.975,13.0077,13.4168,13.196,12.5875,12.1665,7.63231,6.91439,6.48826,6.11713,5.68417,5.39594,5.05097,4.7435,4.40277,4.15954,3.88635,3.64236,3.42319,3.18798,2.97849,2.7908,2.62173,2.44457,2.28586,2.14292,1.99602,1.86412,1.73094,1.61147,1.50367,1.39552,1.29784,1.20069,1.10516,1.01891,0.940591,0.857878,0.783382,0.716093,0.647495,0.587197,0.531626,0.481339,0.438931,0.399371,0.366206,0.33557,0.308628,0.284925,0.263901,0.245168,0.227838,0.212367,0.198487,0.185606,0.174011,0.162952,0.153001,0.144006,0.13545,0.127535,0.120215,0.113444,0.107055,0.101158,0.0957078,0.0904958,0.085692
0.0502592,17.1053,14.713,12.9255,11.7563,11.1124,10.8833,11.1781,11.8408,13.8624,13.9825,13.6296,13.3255,12.7926,13.3155,15.5029,14.7334,13.6943,13.0981,13.1854,13.5997,13.3842,12.8339,12.6395,12.9112,7.12628,6.67906,6.2972,5.85663,5.56517,5.21764,4.90878,4.56727,4.32388,4.05084,3.80729,3.58873,3.35443,3.14598,2.95944,2.7916,2.61599,2.45892,2.31773,2.17294,2.04327,1.91276,1.79612,1.69133,1.58673,1.49282,1.40008,1.30966,1.22879,1.15608,1.08006,1.01217,0.951084,0.888525,0.832559,0.779239,0.728365,0.682994,0.637808,0.59729,0.55738,0.520049,0.48537,0.453073,0.42303,0.394189,0.367616,0.343158,0.319986,0.298799,0.278357,0.259839,0.243043,0.227063,0.212316,0.19874,0.18626,0.174568,0.163865,0.154062,0.144772,0.136287
0.0578353,17.1217,14.7252,12.9391,11.7748,11.1385,10.9278,11.2336,11.9113,13.9295,14.0439,13.6876,13.3839,12.8623,13.4466,15.6069,14.8085,13.777,13.2111,13.3461,13.7604,13.548,13.039,12.9918,13.3292,7.35383,6.87157,6.47286,6.02012,5.72313,5.37066,5.05845,4.71405,4.46895,4.19428,3.94943,3.72981,3.49444,3.28508,3.09774,2.92918,2.75279,2.59502,2.45315,2.30766,2.17732,2.04611,1.9288,1.82338,1.71811,1.62358,1.53018,1.43908,1.35757,1.28426,1.20756,1.13903,1.07735,1.01413,0.957536,0.903573,0.851988,0.805972,0.760076,0.718853,0.678159,0.640007,0.6044,0.571106,0.539976,0.509891,0.481942,0.455966,0.431069,0.408004,0.385408,0.364588,0.345363,0.326719,0.30916,0.292661,0.27718,0.262372,0.248543,0.235633,0.223168,0.211581
0.0661159,17.137,14.7367,12.9519,11.7923,11.1633,10.9699,11.2861,11.9779,13.9921,14.1014,13.7417,13.4385,12.9277,13.5692,15.7019,14.8777,13.8531,13.3153,13.4923,13.9034,13.6926,13.2152,13.2828,13.6366,7.62145,7.07556,6.65057,6.17984,5.87476,5.51497,5.19767,4.84865,4.60071,4.32315,4.07591,3.85423,3.61668,3.40539,3.21627,3.04607,2.86789,2.70844,2.56499,2.41776,2.28578,2.1528,2.03381,1.92677,1.81978,1.7236,1.62846,1.53555,1.4523,1.37732,1.29877,1.22846,1.16508,1.10001,1.04165,0.985893,0.932464,0.884727,0.837008,0.794054,0.751549,0.711608,0.674216,0.639163,0.606304,0.574457,0.544784,0.517122,0.490527,0.46581,0.441515,0.419055,0.398244,0.377991,0.358849,0.340797,0.323797,0.307475,0.292175,0.277837,0.26394,0.250972
0.0751091,17.1514,14.7475,12.964,11.8088,11.1868,11.0097,11.3356,12.0408,14.0508,14.1552,13.7924,13.4896,12.9892,13.684,15.7889,14.9414,13.9233,13.4119,13.6257,14.0316,13.8217,13.3698,13.5333,13.8814,13.0669,7.30702,6.83833,6.34094,6.02447,5.65461,5.33039,4.97513,4.72335,4.44189,4.19142,3.96695,3.7265,3.51262,3.32117,3.14882,2.96833,2.80673,2.66126,2.51187,2.37785,2.24271,2.12168,2.01271,1.90369,1.80558,1.70843,1.61345,1.52824,1.45141,1.37082,1.29859,1.23339,1.16635,1.10614,1.04854,0.993239,0.943771,0.894246,0.849597,0.805344,0.763697,0.724632,0.687951,0.653512,0.620078,0.588872,0.559732,0.531668,0.505542,0.479819,0.455997,0.433887,0.412333,0.391927,0.372652,0.354469,0.336985,0.320568,0.305159,0.290201,0.276221
0.0848159,17.165,14.7577,12.9754,11.8245,11.2091,11.0474,11.3825,12.1003,14.1059,14.2057,13.8398,13.5373,13.0471,13.7914,15.8688,15.0004,13.9882,13.5017,13.7481,14.1475,13.9379,13.5073,13.7533,14.0849,13.2857,12.973,7.04844,6.50946,6.17684,5.79333,5.45999,5.09671,4.84007,4.55375,4.2993,4.07146,3.8275,3.61057,3.41639,3.24156,3.05843,2.8944,2.74669,2.59492,2.45868,2.32122,2.19802,2.08701,1.97587,1.87577,1.77657,1.67949,1.59232,1.51365,1.43104,1.35694,1.28998,1.22106,1.1591,1.09976,1.04271,0.991639,0.940457,0.894263,0.848431,0.805253,0.764701,0.726585,0.690762,0.655947,0.623418,0.593011,0.563697,0.536379,0.509455,0.484496,0.461308,0.438683,0.41724,0.396968,0.377827,0.359407,0.342095,0.325832,0.310031,0.295252
0.0952324,17.1777,14.7674,12.9863,11.8394,11.2302,11.0831,11.4269,12.1567,14.1575,14.2531,13.8842,13.5821,13.1017,13.8919,15.9424,15.0551,14.0484,13.5853,13.8608,14.2529,14.0433,13.631,13.9488,14.2584,13.4669,13.2339,7.30624,6.69404,6.33743,5.93502,5.5897,5.2162,4.95355,4.66132,4.40213,4.17032,3.92234,3.70193,3.50469,3.32712,3.1411,2.97445,2.82434,2.67005,2.5315,2.39163,2.26621,2.15313,2.03985,1.93776,1.83653,1.73739,1.64832,1.56786,1.48332,1.40743,1.3388,1.26811,1.20451,1.14355,1.08489,1.03234,0.979647,0.932051,0.884792,0.840238,0.798357,0.758963,0.721916,0.685884,0.652194,0.62068,0.590279,0.561929,0.53397,0.508033,0.483923,0.460383,0.43806,0.416944,0.396994,0.377785,0.359723,0.342746,0.326243,0.3108
0.106348,17.1897,14.7765,12.9965,11.8536,11.2503,11.117,11.4689,12.21,14.206,14.2976,13.926,13.624,13.1531,13.9862,16.0105,15.1058,14.1044,13.6634,13.9646,14.3492,14.1393,13.7432,14.1238,14.4092,13.6221,13.4472,13.4741,6.90999,6.5143,6.08447,5.72298,5.33637,5.06625,4.76687,4.50206,4.26565,4.01306,3.78876,3.58813,3.40757,3.21844,3.049,2.89636,2.73945,2.5985,2.45617,2.32849,2.21333,2.09792,1.99387,1.89063,1.78948,1.69855,1.61637,1.52998,1.45238,1.38216,1.30981,1.24466,1.18219,1.12203,1.06812,1.01403,0.965144,0.916579,0.870772,0.827685,0.787138,0.748987,0.711863,0.677135,0.644634,0.613265,0.584,0.555125,0.528327,0.503406,0.479064,0.45597,0.434116,0.413462,0.393568,0.374854,0.357259,0.34015,0.324133
0.118148,17.2009,14.785,13.0062,11.867,11.2695,11.149,11.5087,12.2605,14.2517,14.3395,13.9651,13.6634,13.2018,14.0745,16.0734,15.1531,14.1566,13.7365,14.0607,14.4375,14.2272,13.8456,14.2814,14.542,13.758,13.6291,13.6767,13.3643,6.72181,6.24851,5.86416,5.46022,5.18068,4.87253,4.60103,4.35926,4.10141,3.87273,3.66836,3.48453,3.29205,3.11965,2.96435,2.80469,2.66127,2.51642,2.38645,2.2692,2.15166,2.04564,1.94044,1.83731,1.74456,1.66072,1.57254,1.4933,1.42157,1.34762,1.28102,1.21712,1.15554,1.10036,1.04496,0.99488,0.945105,0.89814,0.853943,0.812335,0.773174,0.735052,0.699377,0.66598,0.633733,0.60364,0.573938,0.546365,0.520714,0.495651,0.471866,0.449354,0.428071,0.407566,0.388272,0.370128,0.35248,0.335955
0.130609,17.2115,14.7931,13.0154,11.8797,11.2876,11.1794,11.5463,12.3084,14.2946,14.3788,14.002,13.7005,13.2478,14.1573,16.1318,15.1971,14.2052,13.805,14.1497,14.5188,14.3081,13.9395,14.424,14.6602,13.8788,13.7881,13.848,13.5589,6.99411,6.43884,6.01943,5.59151,5.29968,4.98058,4.70098,4.45288,4.18895,3.95531,3.74678,3.55936,3.36324,3.18767,3.02955,2.86703,2.72104,2.57359,2.44128,2.32191,2.20222,2.09425,1.98707,1.882,1.78747,1.70199,1.61207,1.53124,1.45804,1.38257,1.31457,1.24931,1.18638,1.12999,1.07336,1.02215,0.971239,0.923188,0.877954,0.835358,0.795256,0.756208,0.719657,0.685429,0.652374,0.621519,0.591056,0.56277,0.536451,0.51073,0.486313,0.463199,0.441344,0.420283,0.400463,0.38182,0.363684,0.346699
0.143707,17.2215,14.8008,13.0241,11.8918,11.3048,11.2083,11.5821,12.3538,14.335,14.4159,14.0366,13.7353,13.2912,14.2351,16.1861,15.2382,14.2507,13.8694,14.2324,14.5939,14.3826,14.026,14.5534,14.7662,13.9872,13.9292,13.9965,13.7224,13.6038,6.6811,6.19936,5.73557,5.42698,5.09369,4.80402,4.54829,4.27721,4.03789,3.82466,3.63326,3.43316,3.25415,3.09303,2.92747,2.77879,2.62864,2.49392,2.37238,2.25051,2.14056,2.03141,1.92439,1.82809,1.741,1.64936,1.56697,1.49235,1.41539,1.34603,1.27946,1.21523,1.15768,1.09987,1.04759,0.995593,0.946511,0.900294,0.856764,0.815774,0.775854,0.738479,0.703474,0.66966,0.638092,0.606919,0.57797,0.551028,0.524695,0.499692,0.47602,0.453634,0.432059,0.411752,0.392649,0.374062,0.356653
0.157411,17.2309,14.808,13.0323,11.9033,11.3212,11.2356,11.6159,12.3968,14.373,14.4509,14.0693,13.7681,13.3324,14.3081,16.2367,15.2766,14.2933,13.9299,14.3094,14.6635,14.4516,14.106,14.6713,14.862,14.0853,14.0559,14.1274,13.8638,13.7759,13.7792,6.42647,5.90128,5.56803,5.21539,4.91275,4.64755,4.36788,4.12189,3.90327,3.70738,3.50287,3.3201,3.15571,2.9869,2.83537,2.68239,2.54516,2.42137,2.29726,2.1853,2.07415,1.96515,1.86708,1.77838,1.68503,1.60111,1.52508,1.44666,1.37597,1.30811,1.24261,1.18393,1.12499,1.07166,1.01862,0.968549,0.921389,0.876964,0.835127,0.794375,0.756215,0.72047,0.685937,0.653692,0.621848,0.592271,0.564742,0.537831,0.512276,0.488079,0.465194,0.443135,0.422372,0.402837,0.383829,0.366024
0.171685,17.2398,14.8148,13.0401,11.9142,11.3368,11.2615,11.648,12.4376,14.4089,14.4838,14.1,13.7989,13.3714,14.3768,16.2838,15.3125,14.3331,13.9868,14.3811,14.728,14.5155,14.1802,14.7792,14.9491,14.1748,14.1705,14.2442,13.9884,13.9264,13.9458,6.77408,6.10655,5.73213,5.35097,5.03068,4.75325,4.46293,4.20892,3.98398,3.78292,3.57341,3.38646,3.21849,3.04614,2.89155,2.73556,2.59569,2.46955,2.34311,2.22906,2.11586,2.00486,1.90498,1.81465,1.71959,1.63412,1.55668,1.47681,1.4048,1.33567,1.26893,1.20914,1.14908,1.09473,1.04068,0.989641,0.941566,0.896274,0.853617,0.812061,0.773145,0.736687,0.701463,0.668569,0.636081,0.605903,0.577812,0.550349,0.524266,0.49957,0.47621,0.453692,0.432494,0.412549,0.393141,0.374959
0.186492,17.2482,14.8213,13.0475,11.9245,11.3516,11.2861,11.6785,12.4762,14.4428,14.5149,14.129,13.828,13.4084,14.4413,16.3278,15.3461,14.3706,14.0404,14.448,14.788,14.5749,14.2493,14.8781,15.0285,14.2568,14.2749,14.3493,14.0997,14.0604,14.0895,13.8341,6.40244,5.93879,5.50955,5.16322,4.86906,4.56491,4.30094,4.06836,3.86121,3.64594,3.45423,3.28226,3.10602,2.94808,2.78884,2.64614,2.5175,2.38861,2.27239,2.15705,2.04398,1.94225,1.85026,1.75345,1.66641,1.58756,1.50622,1.4329,1.3625,1.29451,1.23362,1.17245,1.1171,1.06205,1.01006,0.961084,0.914944,0.871484,0.829144,0.789491,0.752339,0.716442,0.682919,0.649805,0.619046,0.590411,0.562415,0.535823,0.510645,0.486827,0.463867,0.442251,0.421912,0.402119,0.383577
0.201792,17.2561,14.8274,13.0546,11.9343,11.3657,11.3095,11.7073,12.513,14.4747,14.5443,14.1563,13.8555,13.4434,14.5021,16.3689,15.3777,14.4057,14.0909,14.5105,14.8439,14.6302,14.3137,14.969,15.1013,14.3323,14.3703,14.4446,14.2,14.1813,14.2159,13.9687,13.9154,6.24782,5.71056,5.32004,5.00086,4.67762,4.40064,4.1585,3.94394,3.72181,3.52459,3.34803,3.1674,3.00575,2.84294,2.69717,2.56585,2.43434,2.31581,2.19822,2.08298,1.97933,1.88561,1.78701,1.69836,1.61806,1.53523,1.46057,1.3889,1.31965,1.25766,1.19537,1.13902,1.08297,1.03003,0.980169,0.933186,0.888932,0.845818,0.805438,0.767605,0.731046,0.696905,0.663178,0.631849,0.602683,0.574166,0.547077,0.521428,0.497164,0.473774,0.451752,0.43103,0.410864,0.391971
0.217539,17.2635,14.8332,13.0612,11.9437,11.3791,11.3316,11.7348,12.5478,14.5049,14.572,14.1821,13.8814,13.4767,14.5593,16.4073,15.4073,14.4388,14.1386,14.569,14.8961,14.6818,14.3739,15.0528,15.1683,14.402,14.4581,14.5315,14.291,14.2912,14.3284,14.0877,14.0524,7.88076,6.01417,5.52239,5.15954,4.8072,4.51205,4.25728,4.0333,3.80275,3.59891,3.41698,3.2313,3.06543,2.89862,2.74945,2.61519,2.48085,2.35983,2.23984,2.1223,2.01662,1.9211,1.82061,1.73031,1.6485,1.56415,1.48812,1.41513,1.3446,1.28149,1.21808,1.16071,1.10365,1.04977,0.999007,0.951183,0.906136,0.862248,0.821144,0.782632,0.745418,0.710663,0.676329,0.644436,0.614745,0.585714,0.558135,0.532022,0.50732,0.483505,0.461084,0.439987,0.419454,0.400218
0.233689,17.2706,14.8387,13.0675,11.9526,11.3919,11.3527,11.7608,12.5808,14.5334,14.5982,14.2065,13.9058,13.5083,14.6132,16.4434,15.4352,14.4699,14.1837,14.6238,14.9448,14.73,14.4302,15.1303,15.2301,14.4666,14.5389,14.6111,14.3742,14.3919,14.4294,14.1942,14.1731,14.0492,7.48783,5.84199,5.37081,4.96554,4.64208,4.36928,4.13262,3.89119,3.67909,3.49065,3.29896,3.12818,2.95679,2.80377,2.66624,2.52875,2.40502,2.28242,2.1624,2.05455,1.9571,1.85464,1.76259,1.67921,1.59326,1.51581,1.44147,1.36961,1.30534,1.24078,1.18238,1.12429,1.06944,1.01778,0.9691,0.923251,0.878585,0.836752,0.797558,0.759685,0.724315,0.689375,0.656918,0.626702,0.597159,0.569091,0.542517,0.517379,0.493143,0.470326,0.448857,0.427961,0.408385
0.250196,17.2773,14.8439,13.0735,11.961,11.404,11.3727,11.7855,12.6122,14.5603,14.6229,14.2295,13.9289,13.5382,14.6641,16.4772,15.4614,14.4991,14.2262,14.6752,14.9905,14.7751,14.483,15.202,15.2872,14.5266,14.6137,14.6843,14.4505,14.4847,14.5208,14.2905,14.2807,14.1614,14.1138,7.30195,5.73823,5.18235,4.8048,4.50275,4.24735,3.99087,3.76792,3.57118,3.37207,3.19538,3.01858,2.86111,2.71982,2.57879,2.45202,2.32654,2.2038,2.09359,1.99406,1.88947,1.79555,1.71051,1.62287,1.54392,1.46816,1.39493,1.32945,1.2637,1.20423,1.14508,1.08924,1.03665,0.987098,0.940431,0.894971,0.852396,0.81251,0.773969,0.737978,0.702423,0.669398,0.638653,0.608594,0.580034,0.552997,0.527421,0.502764,0.47955,0.457707,0.436448,0.416532
0.267012,17.2836,14.8488,13.0792,11.9691,11.4155,11.3916,11.8089,12.642,14.5858,14.6463,14.2513,13.9508,13.5667,14.712,16.509,15.486,14.5267,14.2665,14.7234,15.0332,14.8173,14.5326,15.2686,15.3402,14.5825,14.683,14.7518,14.5208,14.5704,14.6039,14.3783,14.3777,14.2618,14.2278,7.9526,7.17854,5.60057,5.03925,4.67593,4.38811,4.10837,3.86988,3.66191,3.45314,3.26899,3.08556,2.92274,2.77703,2.63188,2.50163,2.37288,2.2471,2.13427,2.03247,1.92555,1.8296,1.74277,1.65332,1.57277,1.49551,1.4208,1.35406,1.28706,1.22647,1.16622,1.10935,1.05579,1.00534,0.957826,0.911548,0.868211,0.827614,0.78839,0.751762,0.715581,0.681976,0.650693,0.620108,0.591049,0.563541,0.537522,0.512437,0.488822,0.466602,0.444977,0.424717
0.284089,17.2896,14.8535,13.0846,11.9767,11.4265,11.4097,11.8312,12.6703,14.6099,14.6685,14.2718,13.9714,13.5937,14.7572,16.5388,15.5092,14.5528,14.3045,14.7687,15.0733,14.8569,14.5792,15.3304,15.3894,14.6347,14.7474,14.8143,14.5858,14.6499,14.68,14.4586,14.4657,14.3526,14.3302,14.2228,7.69451,6.93101,5.64016,4.94941,4.58145,4.25746,3.99346,3.7686,3.54623,3.35206,3.16004,2.99051,2.83937,2.68928,2.55492,2.42237,2.2931,2.17729,2.07291,1.9634,1.86522,1.77641,1.68499,1.60271,1.52382,1.44753,1.37944,1.31111,1.24933,1.18792,1.12996,1.07538,1.02399,0.975597,0.928467,0.884338,0.843003,0.80307,0.765784,0.728956,0.694754,0.662917,0.631793,0.602221,0.574232,0.547757,0.522236,0.49821,0.475606,0.453607,0.432998
0.30138,17.2952,14.8579,13.0898,11.9839,11.4369,11.4268,11.8523,12.6972,14.6327,14.6894,14.2913,13.9909,13.6194,14.7999,16.5668,15.5311,14.5774,14.3405,14.8113,15.111,14.894,14.6231,15.388,15.4352,14.6835,14.8073,14.8722,14.646,14.7239,14.7498,14.5325,14.546,14.4352,14.4231,14.3169,8.02735,7.37399,6.74085,5.9809,4.95121,4.47822,4.15854,3.90319,3.65891,3.44988,3.24583,3.0673,2.90915,2.75282,2.61339,2.47625,2.34282,2.22353,2.11619,2.00372,1.903,1.81198,1.71835,1.63416,1.55349,1.47546,1.40591,1.33614,1.27308,1.21041,1.1513,1.09564,1.04325,0.993922,0.945891,0.900929,0.858821,0.818145,0.780172,0.742667,0.707843,0.67543,0.643745,0.61364,0.585152,0.558209,0.532235,0.507786,0.484786,0.462402,0.441433
0.318838,17.3006,14.8621,13.0946,11.9909,11.4468,11.4431,11.8724,12.7228,14.6543,14.7093,14.3097,14.0094,13.6438,14.8403,16.5932,15.5517,14.6006,14.3746,14.8514,15.1464,14.929,14.6644,15.4417,15.4779,14.7292,14.8632,14.9261,14.702,14.7929,14.814,14.6007,14.6196,14.5108,14.5079,14.4022,14.3659,7.6751,7.11053,6.57795,6.03185,5.1161,4.44111,4.09915,3.80885,3.57339,3.35011,3.15823,2.9902,2.82545,2.67941,2.53643,2.39784,2.27431,2.16341,2.04743,1.94376,1.85018,1.75405,1.66769,1.58501,1.50504,1.43386,1.3625,1.29804,1.23401,1.17364,1.11682,1.06334,1.01301,0.964021,0.918169,0.875236,0.833771,0.79507,0.756851,0.72137,0.68835,0.656076,0.625413,0.596402,0.568966,0.542521,0.51763,0.494217,0.471432,0.45009
0.336417,17.3057,14.8661,13.0993,11.9974,11.4563,11.4585,11.8915,12.7471,14.6747,14.728,14.3271,14.0269,13.667,14.8784,16.6181,15.5711,14.6225,14.4068,14.8892,15.1797,14.9618,14.7033,15.4919,15.5178,14.772,14.9154,14.9762,14.7542,14.8573,14.8734,14.664,14.6874,14.5803,14.5857,14.4801,14.4494,14.3729,7.37953,6.88644,6.42949,5.91581,5.36761,4.59105,4.06109,3.75327,3.4898,3.27409,3.09005,2.91258,2.75707,2.60606,2.46063,2.33164,2.21625,2.09595,1.98869,1.89206,1.79295,1.70406,1.61906,1.53686,1.46382,1.39068,1.32464,1.2591,1.19733,1.13923,1.08457,1.03314,0.983101,0.936283,0.892458,0.850143,0.810658,0.771672,0.735489,0.701821,0.66892,0.637662,0.608096,0.58014,0.553195,0.527837,0.503989,0.480782,0.459046
0.354071,17.3105,14.8699,13.1037,12.0037,11.4653,11.4732,11.9096,12.7701,14.6941,14.7458,14.3436,14.0434,13.689,14.9145,16.6415,15.5895,14.6432,14.4374,14.9248,15.211,14.9927,14.7401,15.5387,15.5551,14.8122,14.9641,15.023,14.8028,14.9175,14.9284,14.7227,14.75,14.6444,14.6573,14.5514,14.5257,14.4521,7.6122,7.12576,6.69007,6.22647,5.79469,5.37639,4.86724,4.19471,3.72904,3.44622,3.22738,3.02617,2.85473,2.6912,2.53571,2.39902,2.27754,2.15154,2.03967,1.93918,1.8364,1.74442,1.65664,1.57176,1.49655,1.42133,1.35349,1.28621,1.22285,1.16329,1.10731,1.05466,1.00345,0.955563,0.910757,0.867507,0.827164,0.787341,0.750395,0.716024,0.682443,0.650542,0.620378,0.591862,0.564382,0.538524,0.51421,0.490553,0.468398
0.371758,17.315,14.8735,13.1078,12.0096,11.4738,11.4872,11.9268,12.792,14.7124,14.7627,14.3593,14.0591,13.71,14.9486,16.6636,15.6069,14.6628,14.4663,14.9583,15.2405,15.0218,14.7748,15.5826,15.59,14.85,15.0098,15.0668,14.8483,14.9739,14.9795,14.7775,14.808,14.7038,14.7235,14.6172,14.5957,14.5248,14.4854,7.33756,6.90357,6.45275,6.04619,5.67292,5.2752,4.89377,4.4505,3.90171,3.48408,3.20511,2.99524,2.8064,2.6329,2.48361,2.35275,2.21838,2.10002,1.99428,1.88661,1.79064,1.69932,1.61109,1.53321,1.45546,1.38545,1.31611,1.25089,1.18964,1.13212,1.07806,1.02553,0.976424,0.930506,0.886206,0.844903,0.804147,0.766351,0.731202,0.696871,0.664263,0.633442,0.604314,0.576248,0.549845,0.525026,0.500879,0.47827
0.389435,17.3193,14.8769,13.1118,12.0153,11.482,11.5005,11.9432,12.8129,14.7298,14.7787,14.3741,14.074,13.7299,14.9808,16.6844,15.6232,14.6813,14.4938,14.99,15.2683,15.0492,14.8076,15.6237,15.6228,14.8856,15.0526,15.1077,14.8909,15.0268,15.027,14.8285,14.8618,14.7588,14.7848,14.6779,14.6603,14.5916,14.5551,14.5075,7.09724,6.64482,6.24394,5.88268,5.50804,5.1656,4.80936,4.47315,4.14189,3.73966,3.30926,3.00883,2.7829,2.60466,2.45516,2.30581,2.17672,2.06279,1.94784,1.84615,1.74992,1.65713,1.57572,1.49473,1.42196,1.35005,1.28253,1.21923,1.15985,1.10411,1.05,0.999471,0.952258,0.906738,0.864327,0.822499,0.783735,0.747702,0.712523,0.679115,0.647556,0.617743,0.589024,0.562013,0.536633,0.511945,0.488834
0.407066,17.3234,14.8801,13.1156,12.0206,11.4897,11.5131,11.9588,12.8327,14.7463,14.7939,14.3881,14.0881,13.7489,15.0114,16.704,15.6387,14.6989,14.5198,15.0198,15.2946,15.0751,14.8386,15.6623,15.6535,14.9191,15.0928,15.146,14.9308,15.0765,15.0712,14.8762,14.9118,14.8101,14.8418,14.7342,14.7201,14.6533,14.6193,14.5743,7.2867,6.82205,6.41745,6.05734,5.68848,5.35638,5.0184,4.71101,4.42824,4.13594,3.85892,3.55821,3.20482,2.86636,2.63852,2.44437,2.28962,2.1587,2.03015,1.91858,1.8144,1.71449,1.62787,1.54224,1.46565,1.39025,1.31968,1.25368,1.19193,1.13407,1.07798,1.02569,0.976892,0.929894,0.88615,0.843043,0.803131,0.766055,0.729881,0.695542,0.663127,0.632522,0.603051,0.575345,0.549326,0.524022,0.500342
0.424611,17.3273,14.8832,13.1192,12.0258,11.4971,11.5251,11.9736,12.8515,14.7619,14.8082,14.4014,14.1014,13.767,15.0403,16.7226,15.6534,14.7155,14.5445,15.048,15.3193,15.0995,14.868,15.6985,15.6823,14.9507,15.1305,15.182,14.9682,15.1231,15.1125,14.9209,14.9585,14.8579,14.8949,14.7866,14.7755,14.7105,14.6786,14.636,14.5959,6.99682,6.5806,6.2152,5.84461,5.5139,5.18043,4.88056,4.60875,4.33401,4.08329,3.83015,3.57542,3.33674,3.10647,2.83374,2.55988,2.34761,2.1712,2.03256,1.90988,1.79517,1.69881,1.60513,1.52226,1.44137,1.36618,1.29626,1.23112,1.17029,1.11152,1.05687,1.00598,0.957057,0.911604,0.866872,0.825519,0.787148,0.749748,0.714266,0.680811,0.649252,0.618879,0.590344,0.563566,0.537535,0.513186
0.442034,17.331,14.8861,13.1226,12.0306,11.5041,11.5365,11.9877,12.8694,14.7768,14.8219,14.4141,14.1141,13.7841,15.0676,16.7401,15.6673,14.7313,14.5679,15.0747,15.3427,15.1225,14.8957,15.7325,15.7094,14.9804,15.166,15.2158,15.0034,15.167,15.1511,14.9627,15.0021,14.9025,14.9443,14.8353,14.827,14.7636,14.7335,14.693,14.6542,14.6193,6.74345,6.36655,5.98892,5.65474,5.32001,5.02089,4.75141,4.48101,4.23653,3.99283,3.75245,3.53437,3.33502,3.12191,2.92573,2.74188,2.54039,2.34234,2.14002,1.95617,1.82489,1.70804,1.60969,1.51677,1.43234,1.35511,1.28404,1.21826,1.15516,1.09685,1.04281,0.991067,0.943162,0.896142,0.852803,0.81267,0.773626,0.736628,0.701812,0.669019,0.63749,0.607901,0.580169,0.553229,0.528049
0.459305,17.3345,14.8888,13.1258,12.0353,11.5108,11.5473,12.001,12.8864,14.7908,14.8348,14.426,14.1261,13.8005,15.0936,16.7567,15.6804,14.7462,14.5901,15.0999,15.3648,15.1443,14.922,15.7645,15.7349,15.0086,15.1994,15.2475,15.0365,15.2082,15.1873,15.002,15.0428,14.9442,14.9905,14.8808,14.8749,14.813,14.7846,14.746,14.7083,14.6753,6.91744,6.51993,6.12943,5.78773,5.44799,5.14603,4.87517,4.60448,4.36073,4.11887,3.88163,3.66793,3.47431,3.26999,3.08553,2.91768,2.74287,2.58393,2.42936,2.27126,2.12713,1.97826,1.83616,1.69327,1.56938,1.46542,1.37607,1.29696,1.22351,1.15718,1.09675,1.0396,0.987244,0.936241,0.889581,0.846597,0.804966,0.765633,0.728772,0.694167,0.660965,0.629877,0.600812,0.572615,0.546299
0.476393,17.3378,14.8915,13.1289,12.0397,11.5172,11.5577,12.0138,12.9026,14.8042,14.8471,14.4374,14.1375,13.816,15.1182,16.7724,15.6928,14.7603,14.6112,15.1237,15.3857,15.1649,14.9469,15.7946,15.7589,15.0351,15.2308,15.2773,15.0677,15.2471,15.2211,15.0389,15.081,14.9833,15.0338,14.9233,14.9197,14.8592,14.8321,14.7954,14.7585,14.7272,14.6937,6.68608,6.27355,5.9194,5.57098,5.26342,4.98876,4.71526,4.4697,4.22669,3.98897,3.77542,3.58249,3.37959,3.19717,3.03204,2.8613,2.70744,2.55965,2.4136,2.28312,2.15351,2.0358,1.91785,1.80556,1.69844,1.59607,1.4971,1.39841,1.30495,1.21937,1.14121,1.07312,1.00954,0.953548,0.903248,0.855481,0.810954,0.769816,0.731631,0.695252,0.661425,0.63002,0.599671,0.571462
0.493271,17.3409,14.894,13.1319,12.0439,11.5232,11.5675,12.0258,12.918,14.8168,14.8587,14.4482,14.1483,13.8308,15.1414,16.7872,15.7046,14.7737,14.6312,15.1463,15.4055,15.1843,14.9705,15.823,15.7816,15.0602,15.2604,15.3054,15.097,15.2837,15.2529,15.0737,15.1168,15.02,15.0743,14.9631,14.9616,14.9023,14.8764,14.8414,14.8053,14.7755,14.7432,14.7131,6.43135,6.05651,5.69451,5.37826,5.09759,4.81929,4.57022,4.32434,4.08431,3.86906,3.6749,3.47102,3.28799,3.12256,2.95188,2.79834,2.65119,2.50705,2.37821,2.25067,2.13555,2.02105,1.91314,1.81155,1.71608,1.62594,1.53818,1.45599,1.37891,1.30425,1.23444,1.16496,1.10053,1.04019,0.980843,0.92375,0.869874,0.819919,0.772483,0.729143,0.690026,0.652924,0.619139
0.509912,17.3439,14.8963,13.1346,12.0479,11.529,11.5768,12.0374,12.9327,14.8289,14.8698,14.4584,14.1586,13.8449,15.1635,16.8013,15.7157,14.7864,14.6502,15.1676,15.4241,15.2027,14.9929,15.8498,15.8029,15.084,15.2883,15.3319,15.1247,15.3182,15.2827,15.1064,15.1503,15.0544,15.1123,15.0004,15.0007,14.9426,14.9178,14.8843,14.8489,14.8205,14.7894,14.7602,14.7315,6.20919,5.82488,5.49545,5.20599,4.92077,4.66661,4.41646,4.17282,3.95474,3.75828,3.55222,3.36742,3.20052,3.02848,2.8738,2.72565,2.58109,2.45166,2.32356,2.20807,2.0933,1.98526,1.88366,1.78829,1.69845,1.61116,1.52961,1.45337,1.37983,1.31134,1.24366,1.18118,1.12311,1.06644,1.01254,0.96156,0.913773,0.867704,0.824426,0.784057,0.744742,0.70801
0.526293,17.3467,14.8986,13.1373,12.0517,11.5345,11.5857,12.0483,12.9466,14.8403,14.8803,14.4681,14.1683,13.8583,15.1845,16.8145,15.7263,14.7985,14.6682,15.1878,15.4418,15.2201,15.0141,15.875,15.823,15.1064,15.3146,15.3569,15.1508,15.3507,15.3107,15.1371,15.1819,15.0868,15.1479,15.0354,15.0374,14.9804,14.9565,14.9245,14.8897,14.8626,14.8325,14.8041,14.7764,6.40056,5.9724,5.62132,5.31865,5.02356,4.76236,4.50641,4.25794,4.03604,3.83647,3.62741,3.44011,3.27107,3.09696,2.94047,2.79065,2.64478,2.51397,2.38451,2.26782,2.15188,2.04273,1.94009,1.84373,1.75296,1.66477,1.58238,1.50534,1.43103,1.36181,1.29344,1.23027,1.17157,1.11428,1.05986,1.00836,0.960021,0.913465,0.869727,0.828836,0.789055,0.751881
0.542395,17.3494,14.9007,13.1398,12.0553,11.5397,11.5941,12.0587,12.9599,14.8511,14.8903,14.4773,14.1775,13.871,15.2044,16.8271,15.7363,14.8099,14.6853,15.2069,15.4586,15.2366,15.0343,15.8988,15.842,15.1277,15.3395,15.3804,15.1754,15.3815,15.3371,15.1662,15.2115,15.1172,15.1814,15.0683,15.0718,15.0159,14.9928,14.9621,14.9279,14.9019,14.8728,14.8452,14.8183,14.7937,6.16225,5.76715,5.44231,5.13229,4.86111,4.5973,4.34247,4.11565,3.91214,3.69932,3.50891,3.33722,3.16054,3.00181,2.84991,2.70224,2.56967,2.43848,2.32027,2.20281,2.09222,1.9882,1.89053,1.79852,1.7091,1.62553,1.54737,1.47196,1.40168,1.33226,1.26806,1.20839,1.15012,1.09478,1.04236,0.99312,0.945682,0.901088,0.859337,0.818711,0.780721
0.5582,17.352,14.9028,13.1422,12.0587,11.5447,11.6022,12.0686,12.9725,14.8614,14.8997,14.4861,14.1863,13.8832,15.2232,16.8391,15.7458,14.8208,14.7016,15.225,15.4744,15.2522,15.0534,15.9212,15.86,15.1478,15.363,15.4026,15.1987,15.4104,15.3619,15.1935,15.2394,15.1459,15.2129,15.0992,15.1042,15.0493,15.0268,14.9975,14.9637,14.9387,14.9105,14.8836,14.8575,14.8336,14.8088,5.9642,5.5906,5.25445,4.96784,4.69277,4.42932,4.1961,3.98759,3.77013,3.57594,3.40109,3.22137,3.06002,2.9057,2.75589,2.62127,2.48813,2.36819,2.24902,2.13683,2.03129,1.93218,1.8388,1.74803,1.66318,1.58381,1.50721,1.43581,1.36525,1.29998,1.23929,1.18,1.12369,1.07033,1.02016,0.971828,0.926369,0.883772,0.842315,0.80353
0.573691,17.3544,14.9047,13.1445,12.062,11.5494,11.6098,12.078,12.9845,14.8712,14.9087,14.4944,14.1947,13.8947,15.2411,16.8504,15.7548,14.8311,14.7171,15.2422,15.4895,15.267,15.0715,15.9424,15.8769,15.1668,15.3852,15.4236,15.2207,15.4378,15.3853,15.2194,15.2657,15.1729,15.2426,15.1284,15.1346,15.0807,15.0587,15.0306,14.9973,14.9732,14.9459,14.9195,14.8942,14.871,14.8469,6.71669,5.80899,5.40694,5.09157,4.7984,4.52232,4.28033,4.06527,3.84192,3.64308,3.46442,3.2811,3.1167,2.95963,2.80733,2.67042,2.5351,2.41328,2.29226,2.17834,2.07117,1.97054,1.87572,1.78355,1.69738,1.61675,1.53894,1.46639,1.39469,1.32834,1.26663,1.20634,1.14907,1.09478,1.04372,0.994515,0.948226,0.904828,0.862585,0.823052
0.588854,17.3567,14.9065,13.1467,12.0651,11.5539,11.6171,12.087,12.9959,14.8805,14.9173,14.5023,14.2026,13.9057,15.2581,16.8611,15.7633,14.8409,14.7318,15.2585,15.5037,15.281,15.0887,15.9625,15.893,15.1849,15.4061,15.4435,15.2415,15.4637,15.4073,15.2438,15.2905,15.1984,15.2705,15.1558,15.1632,15.1102,15.0888,15.0618,15.0288,15.0057,14.9791,14.9533,14.9286,14.9061,14.8826,14.861,6.69669,5.66296,5.25618,4.92554,4.62802,4.3727,4.1484,3.91718,3.71238,3.529,3.34132,3.17332,3.01306,2.85788,2.71836,2.58064,2.45676,2.33372,2.21795,2.10906,2.00682,1.9105,1.81687,1.72933,1.64743,1.56839,1.49468,1.42183,1.3544,1.29168,1.2304,1.17219,1.11698,1.06505,1.01501,0.967922,0.923761,0.88077,0.840531
0.603678,17.3589,14.9083,13.1487,12.0681,11.5582,11.624,12.0955,13.0067,14.8893,14.9254,14.5098,14.2101,13.9162,15.2742,16.8712,15.7714,14.8502,14.7457,15.2739,15.5172,15.2943,15.1051,15.9814,15.9081,15.202,15.426,15.4622,15.2611,15.4882,15.4281,15.2669,15.3138,15.2225,15.2968,15.1817,15.1901,15.138,15.117,15.0911,15.0584,15.0361,15.0103,14.985,14.9609,14.939,14.9161,14.8951,14.8759,6.52442,5.66158,5.11121,4.76166,4.48167,4.24245,3.99964,3.78664,3.59704,3.40386,3.23144,3.06735,2.90877,2.76623,2.62579,2.49961,2.37437,2.25658,2.14584,2.0419,1.94399,1.84883,1.75988,1.67667,1.59636,1.52147,1.44745,1.37894,1.31522,1.25295,1.1938,1.13769,1.08491,1.03405,0.986184,0.941285,0.897573,0.856655
0.618154,17.361,14.91,13.1507,12.0709,11.5623,11.6306,12.1037,13.0171,14.8977,14.9331,14.5169,14.2173,13.9262,15.2895,16.8808,15.7791,14.859,14.759,15.2886,15.53,15.3069,15.1206,15.9993,15.9225,15.2182,15.4447,15.4799,15.2798,15.5113,15.4477,15.2887,15.3359,15.2452,15.3216,15.2061,15.2155,15.1642,15.1436,15.1187,15.0863,15.0648,15.0396,15.0148,14.9912,14.9699,14.9475,14.927,14.9083,14.8893,6.3574,5.81955,4.9913,4.63104,4.35971,4.09638,3.87054,3.67195,3.47124,3.29306,3.12417,2.96138,2.81522,2.67161,2.54281,2.41509,2.29507,2.1823,2.07652,1.9769,1.88013,1.78969,1.70509,1.62347,1.54736,1.47215,1.40254,1.33779,1.27453,1.21443,1.15742,1.1038,1.05212,1.00349,0.957865,0.913448,0.871866
0.632272,17.363,14.9115,13.1526,12.0736,11.5662,11.6369,12.1114,13.0269,14.9057,14.9405,14.5237,14.2241,13.9357,15.304,16.89,15.7864,14.8674,14.7716,15.3024,15.5421,15.3189,15.1354,16.0163,15.936,15.2336,15.4625,15.4967,15.2974,15.5332,15.4662,15.3093,15.3567,15.2667,15.3451,15.2291,15.2395,15.189,15.1687,15.1447,15.1126,15.0917,15.0672,15.0428,15.0198,14.9989,14.9771,14.957,14.9388,14.9202,6.58414,6.15875,5.70259,5.07417,4.54796,4.22638,3.97437,3.76024,3.54784,3.36135,3.18591,3.0176,2.86684,2.71936,2.58745,2.45684,2.33427,2.21921,2.1114,2.0099,1.91136,1.81932,1.73325,1.65024,1.57285,1.49638,1.42563,1.35984,1.29555,1.23449,1.17656,1.12208,1.06959,1.02018,0.973838,0.928719,0.88648
0.646029,17.3649,14.913,13.1544,12.0762,11.5699,11.6429,12.1187,13.0363,14.9133,14.9474,14.5301,14.2305,13.9447,15.3179,16.8986,15.7934,14.8754,14.7836,15.3156,15.5536,15.3302,15.1494,16.0323,15.9489,15.2482,15.4793,15.5126,15.3141,15.5539,15.4837,15.3289,15.3763,15.287,15.3672,15.2509,15.262,15.2123,15.1923,15.1692,15.1374,15.1172,15.0932,15.0692,15.0466,15.0262,15.0049,14.9853,14.9674,14.9492,14.9327,6.35068,5.94444,5.56263,5.1773,4.53187,4.13554,3.87969,3.64346,3.44258,3.2569,3.08051,2.92339,2.77085,2.63502,2.50087,2.37524,2.25751,2.14734,2.04371,1.9432,1.84938,1.76171,1.67718,1.59842,1.52061,1.44865,1.38175,1.3164,1.25433,1.19544,1.14008,1.08675,1.03656,0.989483,0.943653,0.900751
0.659417,17.3666,14.9145,13.1561,12.0786,11.5734,11.6485,12.1257,13.0452,14.9205,14.9541,14.5363,14.2367,13.9533,15.331,16.9068,15.7999,14.883,14.795,15.3281,15.5645,15.341,15.1627,16.0476,15.9611,15.2621,15.4952,15.5276,15.3299,15.5735,15.5003,15.3473,15.3949,15.3062,15.3881,15.2714,15.2834,15.2344,15.2146,15.1924,15.1607,15.1411,15.1178,15.0941,15.072,15.052,15.0311,15.0119,14.9943,14.9765,14.9603,14.944,6.11064,5.7514,5.4202,5.05505,4.68319,4.16526,3.79504,3.55439,3.34732,3.15645,2.98913,2.82914,2.68789,2.54903,2.4195,2.29844,2.18542,2.07926,1.97644,1.88058,1.79108,1.70486,1.62458,1.5453,1.47203,1.40393,1.33743,1.2743,1.21438,1.15811,1.1039,1.05289,1.00505,0.958487,0.914904
0.672435,17.3683,14.9158,13.1577,12.081,11.5768,11.654,12.1324,13.0537,14.9273,14.9604,14.5421,14.2425,13.9616,15.3434,16.9146,15.8062,14.8902,14.8058,15.34,15.5749,15.3512,15.1754,16.0619,15.9726,15.2752,15.5103,15.5419,15.3449,15.5921,15.5159,15.3648,15.4125,15.3243,15.4078,15.2909,15.3035,15.2552,15.2356,15.2142,15.1828,15.1637,15.1409,15.1176,15.0958,15.0763,15.0558,15.0369,15.0197,15.0022,14.9863,14.9704,14.9546,5.89689,5.57535,5.23455,4.92141,4.62578,4.28858,3.85049,3.5002,3.26465,3.07455,2.90086,2.75075,2.60477,2.46965,2.34406,2.22731,2.11792,2.01225,1.9139,1.82223,1.73403,1.65199,1.57102,1.49628,1.42685,1.35909,1.29478,1.23375,1.17648,1.12133,1.06944,1.02081,0.97347,0.929171
0.685082,17.37,14.9171,13.1592,12.0832,11.58,11.6591,12.1387,13.0617,14.9339,14.9664,14.5476,14.2481,13.9694,15.3553,16.922,15.8121,14.897,14.8161,15.3513,15.5848,15.3608,15.1874,16.0756,15.9835,15.2877,15.5246,15.5554,15.3591,15.6097,15.5308,15.3814,15.4291,15.3415,15.4265,15.3093,15.3226,15.275,15.2555,15.2349,15.2036,15.1851,15.1627,15.1398,15.1184,15.0992,15.079,15.0605,15.0436,15.0265,15.0109,14.9952,14.9797,6.02753,5.70457,5.36771,5.06466,4.78823,4.49804,4.22686,3.94806,3.60235,3.22998,3.00799,2.83647,2.67624,2.53133,2.39847,2.27613,2.16213,2.05255,1.95094,1.85648,1.76581,1.68161,1.59862,1.52212,1.45115,1.38193,1.31628,1.25399,1.19561,1.13941,1.08657,1.03706,0.988884,0.943813
0.697355,17.3715,14.9184,13.1607,12.0853,11.5831,11.664,12.1448,13.0694,14.9401,14.9721,14.5529,14.2534,13.9768,15.3665,16.9291,15.8178,14.9035,14.8259,15.362,15.5941,15.37,15.1988,16.0885,15.9939,15.2996,15.5382,15.5681,15.3726,15.6264,15.5448,15.3971,15.4449,15.3578,15.4442,15.3267,15.3406,15.2936,15.2743,15.2544,15.2233,15.2052,15.1833,15.1607,15.1396,15.1208,15.101,15.0828,15.0662,15.0493,15.034,15.0186,15.0033,14.9895,5.82499,5.48406,5.18108,4.90807,4.62612,4.37,4.12118,3.87279,3.62805,3.35228,3.03571,2.79818,2.62289,2.47296,2.33952,2.21734,2.10139,1.99479,1.8963,1.80217,1.71508,1.62943,1.55071,1.47781,1.4068,1.33954,1.27574,1.21607,1.15867,1.10472,1.05422,1.00511,0.959174
0.709257,17.373,14.9195,13.1621,12.0873,11.586,11.6687,12.1505,13.0767,14.9459,14.9775,14.5579,14.2584,13.9839,15.3772,16.9358,15.8231,14.9097,14.8352,15.3721,15.603,15.3788,15.2097,16.1008,16.0037,15.3108,15.5511,15.5803,15.3854,15.6422,15.558,15.412,15.4598,15.3732,15.4609,15.3431,15.3576,15.3113,15.292,15.2728,15.2419,15.2243,15.2028,15.1804,15.1597,15.1412,15.1217,15.1038,15.0875,15.0709,15.0558,15.0406,15.0257,15.012,14.9996,5.5954,5.28701,5.01178,4.72996,4.47649,4.2331,3.99585,3.77418,3.55048,3.34778,3.13548,2.90991,2.64713,2.45238,2.30283,2.1708,2.05366,1.94761,1.84756,1.75584,1.66616,1.58424,1.50865,1.43524,1.36585,1.30009,1.23879,1.1799,1.12461,1.07293,1.0227,0.975758
0.720789,17.3743,14.9206,13.1634,12.0892,11.5887,11.6731,12.156,13.0837,14.9516,14.9826,14.5626,14.2632,13.9906,15.3874,16.9421,15.8282,14.9156,14.8441,15.3818,15.6114,15.3871,15.22,16.1124,16.013,15.3215,15.5633,15.5918,15.3975,15.6572,15.5706,15.4262,15.4739,15.3878,15.4767,15.3588,15.3737,15.328,15.3088,15.2903,15.2595,15.2423,15.2212,15.1991,15.1787,15.1605,15.1413,15.1237,15.1076,15.0913,15.0764,15.0615,15.0467,15.0333,15.0211,15.0082,5.39121,5.10956,4.8237,4.56845,4.32482,4.08944,3.87255,3.65618,3.46394,3.27126,3.08718,2.91032,2.73847,2.56436,2.36585,2.17526,2.03583,1.91758,1.81444,1.71618,1.62821,1.54795,1.4706,1.39791,1.32921,1.26559,1.20464,1.14755,1.09432,1.04265,0.994433
0.731954,17.3757,14.9217,13.1646,12.091,11.5914,11.6773,12.1612,13.0904,14.9569,14.9876,14.5672,14.2677,13.997,15.3971,16.9481,15.8331,14.9212,14.8525,15.391,15.6194,15.3949,15.2299,16.1234,16.0219,15.3317,15.5748,15.6027,15.409,15.6714,15.5825,15.4396,15.4872,15.4017,15.4917,15.3735,15.389,15.3438,15.3247,15.3068,15.2761,15.2593,15.2387,15.2168,15.1966,15.1787,15.1598,15.1425,15.1266,15.1105,15.0959,15.0812,15.0666,15.0534,15.0414,15.0286,15.0171,5.20847,4.91455,4.65445,4.40763,4.17066,3.95382,3.73826,3.54764,3.3582,3.17917,3.01012,2.85047,2.69874,2.54911,2.40655,2.26902,2.12849,1.98216,1.82675,1.70897,1.61255,1.52437,1.44397,1.36908,1.30116,1.23663,1.17655,1.12091,1.06708,1.017
0.742757,17.3769,14.9227,13.1659,12.0928,11.5939,11.6814,12.1662,13.0967,14.962,14.9922,14.5715,14.272,14.0032,15.4063,16.9539,15.8377,14.9265,14.8605,15.3997,15.627,15.4024,15.2392,16.1339,16.0303,15.3413,15.5858,15.613,15.4199,15.6848,15.5938,15.4523,15.4999,15.4148,15.5059,15.3876,15.4034,15.3588,15.3398,15.3225,15.2919,15.2755,15.2552,15.2335,15.2136,15.1959,15.1774,15.1602,15.1446,15.1287,15.1143,15.0998,15.0854,15.0724,15.0605,15.0479,15.0366,5.31732,5.00875,4.74012,4.48743,4.2465,4.02729,3.80989,3.61825,3.42853,3.24987,3.08185,2.92392,2.775,2.6296,2.49326,2.36518,2.24084,2.124,2.00663,1.89649,1.79172,1.68426,1.57347,1.45927,1.36983,1.292,1.22302,1.16134,1.10263,1.04873
0.7532,17.3781,14.9237,13.167,12.0944,11.5963,11.6852,12.1709,13.1027,14.9668,14.9967,14.5756,14.2761,14.009,15.415,16.9593,15.8421,14.9315,14.8682,15.4079,15.6342,15.4095,15.2481,16.1438,16.0382,15.3505,15.5962,15.6228,15.4303,15.6976,15.6045,15.4643,15.5119,15.4273,15.5194,15.4008,15.4171,15.3731,15.354,15.3373,15.3068,15.2907,15.2708,15.2493,15.2296,15.2122,15.1939,15.177,15.1616,15.1459,15.1317,15.1174,15.1032,15.0903,15.0786,15.0662,15.055,15.0447,5.11567,4.83153,4.56905,4.32148,4.09778,3.87671,3.68255,3.49098,3.31097,3.14203,2.98354,2.83447,2.68927,2.55354,2.42651,2.3038,2.18924,2.07557,1.97025,1.87236,1.77622,1.68453,1.59508,1.51212,1.43113,1.35313,1.27897,1.2035,1.1302
0.763289,17.3793,14.9246,13.1681,12.096,11.5986,11.6888,12.1754,13.1084,14.9714,15.0009,14.5795,14.28,14.0145,15.4233,16.9645,15.8462,14.9363,14.8754,15.4158,15.6411,15.4163,15.2566,16.1532,16.0458,15.3592,15.6061,15.6322,15.4402,15.7097,15.6147,15.4758,15.5233,15.4391,15.5321,15.4134,15.4301,15.3866,15.3675,15.3513,15.3209,15.3052,15.2856,15.2643,15.2448,15.2277,15.2096,15.1929,15.1777,15.1622,15.1481,15.134,15.12,15.1073,15.0957,15.0835,15.0724,15.0622,15.0517,4.93987,4.65893,4.40018,4.16917,3.94235,3.74431,3.54973,3.3673,3.19644,3.03637,2.88606,2.73983,2.6033,2.47568,2.35258,2.23781,2.12423,2.01912,1.92164,1.82625,1.73568,1.64846,1.56765,1.48974,1.4162,1.34757,1.28057,1.21774
0.77303,17.3804,14.9255,13.1691,12.0975,11.6007,11.6923,12.1796,13.1139,14.9757,15.0049,14.5832,14.2838,14.0198,15.4312,16.9694,15.8502,14.9409,14.8823,15.4233,15.6476,15.4227,15.2647,16.1622,16.053,15.3675,15.6155,15.641,15.4495,15.7212,15.6243,15.4866,15.5341,15.4503,15.5442,15.4254,15.4424,15.3993,15.3803,15.3646,15.3343,15.3189,15.2996,15.2785,15.2592,15.2423,15.2244,15.208,15.1929,15.1776,15.1637,15.1497,15.1359,15.1234,15.1119,15.0998,15.0889,15.0788,15.0684,15.0589,4.77164,4.48999,4.24617,4.0103,3.80656,3.60764,3.42177,3.24815,3.08578,2.93358,2.78564,2.64768,2.51882,2.39461,2.2789,2.16451,2.05865,1.96054,1.86461,1.77362,1.68627,1.6052,1.52715,1.4536,1.38492,1.31804,1.25545
0.78243,17.3814,14.9263,13.1701,12.0989,11.6028,11.6956,12.1837,13.119,14.9799,15.0087,14.5867,14.2873,14.0249,15.4388,16.9741,15.8539,14.9453,14.8889,15.4304,15.6538,15.4288,15.2723,16.1706,16.0598,15.3754,15.6244,15.6494,15.4584,15.7322,15.6334,15.497,15.5444,15.461,15.5557,15.4367,15.4541,15.4115,15.3924,15.3772,15.347,15.3318,15.3128,15.2919,15.2729,15.2561,15.2385,15.2222,15.2074,15.1922,15.1785,15.1646,15.151,15.1386,15.1273,15.1153,15.1045,15.0945,15.0842,15.0749,15.0658,4.61186,4.33801,4.08566,3.87287,3.66755,3.47685,3.29946,3.13403,2.97931,2.82913,2.68925,2.55874,2.43303,2.31599,2.20038,2.09341,1.9943,1.89743,1.80559,1.71753,1.63572,1.55697,1.4828,1.41349,1.34602,1.2829
0.791496,17.3824,14.9271,13.171,12.1003,11.6048,11.6988,12.1876,13.124,14.9839,15.0124,14.59,14.2907,14.0297,15.4459,16.9785,15.8575,14.9494,14.8952,15.4372,15.6597,15.4346,15.2796,16.1787,16.0663,15.3829,15.6329,15.6574,15.4669,15.7425,15.6421,15.5068,15.5541,15.4711,15.5666,15.4475,15.4652,15.423,15.4039,15.3892,15.3591,15.3441,15.3254,15.3047,15.2858,15.2693,15.2518,15.2357,15.221,15.206,15.1924,15.1788,15.1652,15.153,15.1418,15.13,15.1192,15.1094,15.0992,15.0899,15.081,5.11997,4.47968,4.18004,3.94948,3.7335,3.53548,3.35274,3.18315,3.02512,2.87205,2.72976,2.59718,2.46963,2.35097,2.23385,2.12551,2.02519,1.92718,1.83428,1.74526,1.66253,1.58292,1.50794,1.43784,1.36962,1.30579
0.800233,17.3833,14.9278,13.1719,12.1016,11.6066,11.7018,12.1913,13.1287,14.9876,15.0158,14.5932,14.2939,14.0342,15.4527,16.9827,15.8609,14.9534,14.9011,15.4436,15.6654,15.4402,15.2866,16.1864,16.0724,15.39,15.641,15.665,15.4749,15.7524,15.6503,15.5161,15.5633,15.4807,15.5769,15.4577,15.4756,15.4339,15.4149,15.4005,15.3705,15.3558,15.3373,15.3168,15.2981,15.2817,15.2645,15.2485,15.234,15.2191,15.2057,15.1921,15.1788,15.1666,15.1556,15.1438,15.1332,15.1235,15.1134,15.1042,15.0954,15.0858,5.00608,4.36139,4.05473,3.81421,3.60277,3.41141,3.2357,3.07305,2.91612,2.77073,2.63556,2.50574,2.38513,2.26621,2.15628,2.05456,1.95523,1.86112,1.77098,1.68722,1.60663,1.53075,1.45979,1.39075,1.32614
0.808649,17.3842,14.9285,13.1728,12.1028,11.6084,11.7047,12.1948,13.1332,14.9912,15.0191,14.5963,14.2969,14.0386,15.4592,16.9867,15.8642,14.9571,14.9068,15.4497,15.6707,15.4454,15.2932,16.1937,16.0783,15.3968,15.6486,15.6722,15.4825,15.7618,15.6581,15.5249,15.5721,15.4898,15.5867,15.4674,15.4856,15.4443,15.4252,15.4113,15.3813,15.3669,15.3487,15.3282,15.3097,15.2935,15.2764,15.2607,15.2462,15.2315,15.2182,15.2048,15.1916,15.1795,15.1686,15.157,15.1465,15.1368,15.1268,15.1177,15.109,15.0995,15.0901,4.83587,4.47398,3.94768,3.69279,3.48288,3.29625,3.12627,2.96368,2.814,2.67541,2.5427,2.41967,2.29857,2.18673,2.08339,1.98255,1.88707,1.79563,1.71074,1.62908,1.55222,1.48034,1.41043,1.34501
0.816753,17.385,14.9292,13.1736,12.104,11.6101,11.7074,12.1982,13.1375,14.9946,15.0223,14.5992,14.2998,14.0427,15.4654,16.9906,15.8672,14.9607,14.9122,15.4555,15.6758,15.4504,15.2994,16.2006,16.0838,15.4033,15.6559,15.679,15.4898,15.7706,15.6655,15.5333,15.5804,15.4985,15.596,15.4766,15.4951,15.4542,15.435,15.4215,15.3916,15.3774,15.3594,15.3391,15.3207,15.3047,15.2878,15.2721,15.2579,15.2433,15.2301,15.2168,15.2037,15.1918,15.1809,15.1694,15.159,15.1495,15.1396,15.1306,15.1219,15.1125,15.1031,15.094,4.67934,4.38222,4.01537,3.59716,3.3775,3.19185,3.01912,2.8626,2.71898,2.58226,2.45602,2.33212,2.21793,2.11264,2.01001,1.91294,1.81999,1.73382,1.65099,1.57304,1.50017,1.42932,1.36304
0.824553,17.3858,14.9299,13.1744,12.1051,11.6117,11.71,12.2014,13.1415,14.9979,15.0253,14.6019,14.3026,14.0467,15.4712,16.9942,15.8702,14.9641,14.9173,15.4611,15.6806,15.4551,15.3054,16.2071,16.0891,15.4094,15.6628,15.6855,15.4967,15.7791,15.6726,15.5413,15.5883,15.5067,15.6048,15.4854,15.504,15.4635,15.4443,15.4312,15.4014,15.3873,15.3696,15.3494,15.3312,15.3153,15.2986,15.2831,15.2689,15.2545,15.2414,15.2282,15.2152,15.2034,15.1927,15.1813,15.1709,15.1615,15.1517,15.1427,15.1341,15.1248,15.1155,15.1065,15.0984,4.51654,4.25119,3.986,3.6595,3.30036,3.09521,2.92359,2.77076,2.62749,2.49645,2.3686,2.25125,2.14344,2.03858,1.93958,1.8448,1.75715,1.67296,1.5938,1.51984,1.44796,1.38074
0.832054,17.3866,14.9305,13.1751,12.1062,11.6133,11.7124,12.2044,13.1454,15.001,15.0281,14.6046,14.3052,14.0504,15.4768,16.9977,15.873,14.9673,14.9222,15.4663,15.6852,15.4597,15.3111,16.2134,16.0941,15.4152,15.6694,15.6917,15.5032,15.7871,15.6793,15.5489,15.5958,15.5145,15.6132,15.4937,15.5126,15.4724,15.4532,15.4404,15.4106,15.3968,15.3792,15.3592,15.3411,15.3254,15.3088,15.2934,15.2794,15.2651,15.2521,15.239,15.2261,15.2144,15.2038,15.1925,15.1822,15.1728,15.1631,15.1542,15.1457,15.1365,15.1272,15.1183,15.1102,15.1023,4.35569,4.11232,3.87859,3.64837,3.37801,3.03194,2.84529,2.68628,2.5459,2.4113,2.28905,2.17761,2.06968,1.96814,1.87098,1.78151,1.69572,1.61512,1.53989,1.46685,1.39858
0.839267,17.3873,14.9311,13.1758,12.1072,11.6148,11.7148,12.2073,13.1491,15.0039,15.0308,14.6071,14.3077,14.054,15.4821,17.001,15.8756,14.9704,14.9269,15.4714,15.6895,15.464,15.3165,16.2193,16.0989,15.4208,15.6756,15.6976,15.5095,15.7947,15.6856,15.5561,15.6029,15.5219,15.6211,15.5016,15.5207,15.4808,15.4616,15.4491,15.4194,15.4058,15.3884,15.3685,15.3505,15.3349,15.3185,15.3032,15.2893,15.2751,15.2622,15.2493,15.2365,15.2249,15.2143,15.2031,15.1929,15.1836,15.174,15.1652,15.1567,15.1475,15.1384,15.1294,15.1215,15.1136,15.1062,4.19898,3.97283,3.75912,3.54645,3.33998,3.1267,2.81518,2.62379,2.46995,2.33713,2.21907,2.1061,2.00069,1.90007,1.80815,1.72025,1.63783,1.56107,1.48664,1.41712
0.8462,17.388,14.9316,13.1765,12.1082,11.6162,11.717,12.2101,13.1526,15.0067,15.0334,14.6094,14.3101,14.0574,15.4872,17.0041,15.8781,14.9733,14.9313,15.4761,15.6937,15.4681,15.3217,16.225,16.1034,15.4261,15.6815,15.7032,15.5154,15.802,15.6917,15.563,15.6097,15.529,15.6287,15.5091,15.5283,15.4889,15.4696,15.4574,15.4278,15.4143,15.3971,15.3774,15.3595,15.344,15.3277,15.3126,15.2988,15.2847,15.2719,15.259,15.2463,15.2348,15.2243,15.2132,15.2031,15.1939,15.1843,15.1756,15.1672,15.158,15.1489,15.1401,15.1321,15.1243,15.1169,4.27407,4.04758,3.83595,3.62914,3.43462,3.25042,3.06832,2.88982,2.6789,2.42624,2.28197,2.15581,2.0423,1.93532,1.83945,1.74839,1.66338,1.58453,1.50827,1.43718
0.852861,17.3887,14.9322,13.1771,12.1091,11.6175,11.7192,12.2127,13.156,15.0094,15.0359,14.6117,14.3124,14.0607,15.492,17.0071,15.8805,14.9761,14.9355,15.4807,15.6977,15.4719,15.3266,16.2303,16.1077,15.4311,15.6872,15.7085,15.521,15.8089,15.6974,15.5695,15.6162,15.5357,15.6359,15.5162,15.5357,15.4965,15.4771,15.4653,15.4357,15.4224,15.4054,15.3857,15.368,15.3526,15.3364,15.3214,15.3077,15.2937,15.281,15.2683,15.2557,15.2442,15.2338,15.2227,15.2127,15.2036,15.1941,15.1854,15.1771,15.168,15.1589,15.1501,15.1422,15.1345,15.1271,15.1202,4.11601,3.9022,3.6951,3.50205,3.32145,3.14653,2.98222,2.81747,2.65913,2.50578,2.32276,2.12076,1.98821,1.88234,1.78474,1.69499,1.6127,1.53363,1.46023
0.859258,17.3893,14.9327,13.1777,12.11,11.6188,11.7212,12.2152,13.1591,15.0119,15.0382,14.6138,14.3146,14.0638,15.4966,17.0099,15.8828,14.9788,14.9396,15.485,15.7014,15.4756,15.3313,16.2354,16.1119,15.4359,15.6926,15.7135,15.5264,15.8154,15.7029,15.5757,15.6223,15.5421,15.6427,15.523,15.5426,15.5037,15.4843,15.4728,15.4432,15.4301,15.4133,15.3937,15.376,15.3608,15.3447,15.3298,15.3162,15.3023,15.2897,15.277,15.2645,15.2531,15.2428,15.2318,15.2219,15.2128,15.2033,15.1947,15.1865,15.1775,15.1684,15.1597,15.1518,15.1441,15.1368,15.1299,15.1235,3.96567,3.75522,3.56036,3.3792,3.20489,3.04249,2.88173,2.73099,2.59135,2.45296,2.31889,2.17781,2.02569,1.85668,1.7458,1.6536,1.56806,1.49008
0.865399,17.3899,14.9332,13.1783,12.1108,11.62,11.7231,12.2176,13.1622,15.0143,15.0404,14.6159,14.3166,14.0668,15.5009,17.0126,15.885,14.9813,14.9434,15.4891,15.705,15.4792,15.3358,16.2403,16.1158,15.4404,15.6977,15.7183,15.5315,15.8217,15.7081,15.5816,15.6281,15.5482,15.6492,15.5294,15.5492,15.5106,15.4912,15.4799,15.4504,15.4374,15.4207,15.4013,15.3837,15.3686,15.3526,15.3378,15.3243,15.3105,15.298,15.2854,15.2729,15.2616,15.2513,15.2404,15.2306,15.2215,15.2122,15.2036,15.1954,15.1864,15.1774,15.1687,15.161,15.1533,15.146,15.1392,15.1327,15.1267,3.81505,3.61588,3.43198,3.25597,3.09272,2.93193,2.78207,2.64408,2.50883,2.38013,2.25364,2.13615,2.02207,1.91099,1.80134,1.67291,1.54933
0.871292,17.3905,14.9336,13.1789,12.1116,11.6211,11.725,12.2198,13.1651,15.0167,15.0425,14.6179,14.3186,14.0696,15.5051,17.0152,15.8871,14.9837,14.947,15.493,15.7084,15.4825,15.34,16.2449,16.1195,15.4448,15.7025,15.7229,15.5364,15.8276,15.713,15.5872,15.6336,15.5539,15.6554,15.5356,15.5555,15.5172,15.4977,15.4867,15.4572,15.4443,15.4278,15.4085,15.391,15.376,15.3601,15.3454,15.332,15.3182,15.3058,15.2933,15.2809,15.2697,15.2595,15.2486,15.2388,15.2298,15.2205,15.212,15.2039,15.1949,15.186,15.1773,15.1696,15.1619,15.1547,15.1479,15.1415,15.1355,15.1297,3.67325,3.48425,3.30471,3.13905,2.97655,2.82566,2.68712,2.55183,2.42362,2.29914,2.18387,2.07343,1.9688,1.87059,1.77476,1.68378
0.876947,17.391,14.9341,13.1794,12.1124,11.6222,11.7267,12.222,13.1678,15.0188,15.0446,14.6197,14.3205,14.0723,15.5091,17.0176,15.889,14.986,14.9505,15.4967,15.7116,15.4857,15.344,16.2493,16.123,15.4489,15.7071,15.7273,15.541,15.8332,15.7177,15.5925,15.6389,15.5594,15.6612,15.5414,15.5614,15.5234,15.5039,15.4931,15.4637,15.4509,15.4346,15.4153,15.3979,15.383,15.3672,15.3526,15.3393,15.3256,15.3132,15.3008,15.2885,15.2773,15.2672,15.2564,15.2467,15.2377,15.2285,15.22,15.2119,15.203,15.1941,15.1855,15.1778,15.1702,15.163,15.1562,15.1499,15.1439,15.1381,15.1327,3.54055,3.3548,3.18498,3.01939,2.86624,2.72608,2.58958,2.46051,2.33586,2.22041,2.11015,2.00616,1.90886,1.81447,1.72579
0.88237,17.3916,14.9345,13.1799,12.1131,11.6233,11.7284,12.2241,13.1705,15.0209,15.0465,14.6215,14.3222,14.0748,15.5128,17.0199,15.8909,14.9882,14.9538,15.5002,15.7147,15.4888,15.3479,16.2535,16.1264,15.4528,15.7115,15.7314,15.5454,15.8386,15.7221,15.5976,15.6439,15.5647,15.6668,15.5469,15.5671,15.5293,15.5097,15.4992,15.4698,15.4572,15.441,15.4218,15.4045,15.3896,15.374,15.3595,15.3462,15.3326,15.3203,15.3079,15.2957,15.2846,15.2745,15.2638,15.2541,15.2452,15.236,15.2276,15.2195,15.2107,15.2019,15.1933,15.1856,15.178,15.1709,15.1641,15.1578,15.1519,15.1461,15.1407,15.1357,3.41136,3.2341,3.06336,2.90654,2.76379,2.62522,2.49453,2.36872,2.25223,2.14122,2.03672,1.93902,1.8444,1.75568
0.88757,17.392,14.9349,13.1804,12.1138,11.6243,11.73,12.226,13.173,15.0229,15.0483,14.6232,14.3239,14.0772,15.5164,17.0221,15.8927,14.9903,14.9569,15.5036,15.7177,15.4916,15.3516,16.2574,16.1296,15.4566,15.7157,15.7353,15.5496,15.8437,15.7264,15.6024,15.6487,15.5696,15.6721,15.5522,15.5725,15.535,15.5153,15.505,15.4757,15.4631,15.4471,15.428,15.4107,15.396,15.3804,15.366,15.3528,15.3393,15.327,15.3147,15.3026,15.2915,15.2815,15.2708,15.2612,15.2523,15.2432,15.2348,15.2268,15.218,15.2092,15.2006,15.193,15.1855,15.1784,15.1717,15.1654,15.1595,15.1537,15.1484,15.1433,15.1385,3.29336,3.11259,2.94948,2.80265,2.66096,2.52783,2.40008,2.28196,2.16969,2.06416,1.96557,1.87018,1.78082
0.892554,17.3925,14.9353,13.1808,12.1145,11.6252,11.7315,12.2279,13.1753,15.0248,15.0501,14.6248,14.3255,14.0796,15.5198,17.0242,15.8944,14.9923,14.9599,15.5068,15.7205,15.4944,15.355,16.2612,16.1326,15.4601,15.7197,15.7391,15.5536,15.8485,15.7304,15.607,15.6532,15.5744,15.6772,15.5572,15.5776,15.5403,15.5206,15.5106,15.4812,15.4688,15.4529,15.4338,15.4167,15.402,15.3865,15.3721,15.359,15.3456,15.3334,15.3212,15.3091,15.2981,15.2881,15.2775,15.2679,15.2591,15.25,15.2417,15.2337,15.225,15.2162,15.2076,15.2001,15.1925,15.1855,15.1788,15.1725,15.1666,15.1609,15.1556,15.1506,15.1458,15.1412,3.17792,3.00037,2.84605,2.69924,2.56241,2.43169,2.31127,2.19725,2.09027,1.99044,1.89396,1.80367
0.897329,17.393,14.9356,13.1812,12.1151,11.6261,11.733,12.2297,13.1776,15.0266,15.0517,14.6263,14.3271,14.0818,15.5231,17.0262,15.896,14.9941,14.9628,15.5099,15.7231,15.497,15.3584,16.2648,16.1355,15.4635,15.7235,15.7426,15.5573,15.8531,15.7342,15.6114,15.6575,15.5789,15.682,15.562,15.5825,15.5454,15.5257,15.5158,15.4865,15.4742,15.4584,15.4394,15.4223,15.4077,15.3923,15.378,15.365,15.3516,15.3395,15.3273,15.3153,15.3043,15.2944,15.2839,15.2743,15.2655,15.2565,15.2482,15.2403,15.2315,15.2228,15.2143,15.2067,15.1993,15.1922,15.1856,15.1793,15.1735,15.1678,15.1625,15.1575,15.1527,15.1482,15.1437,3.08118,2.90271,2.74474,2.60124,2.46563,2.34177,2.22531,2.11635,2.01489,1.91702,1.82553
0.901905,17.3934,14.936,13.1816,12.1157,11.627,11.7344,12.2314,13.1798,15.0283,15.0533,14.6278,14.3285,14.0839,15.5262,17.0282,15.8976,14.9959,14.9655,15.5128,15.7257,15.4995,15.3615,16.2682,16.1382,15.4667,15.7271,15.746,15.561,15.8575,15.7379,15.6155,15.6616,15.5831,15.6865,15.5665,15.5871,15.5503,15.5305,15.5208,15.4916,15.4793,15.4636,15.4447,15.4277,15.4132,15.3979,15.3836,15.3706,15.3573,15.3453,15.3331,15.3211,15.3103,15.3004,15.2899,15.2804,15.2717,15.2626,15.2544,15.2465,15.2378,15.2291,15.2206,15.2131,15.2057,15.1986,15.192,15.1858,15.18,15.1743,15.169,15.1641,15.1593,15.1548,15.1503,15.1461,3.18141,2.81677,2.65222,2.50593,2.37601,2.25572,2.14387,2.04016,1.94046,1.84742
0.906287,17.3938,14.9363,13.182,12.1162,11.6278,11.7357,12.233,13.1818,15.03,15.0548,14.6291,14.3299,14.0859,15.5291,17.03,15.8991,14.9976,14.9681,15.5156,15.7281,15.5019,15.3645,16.2715,16.1409,15.4698,15.7305,15.7492,15.5644,15.8617,15.7414,15.6195,15.6655,15.5872,15.6909,15.5708,15.5915,15.5549,15.5351,15.5256,15.4963,15.4842,15.4686,15.4498,15.4328,15.4183,15.4031,15.3889,15.376,15.3627,15.3507,15.3387,15.3267,15.3159,15.306,15.2956,15.2862,15.2775,15.2685,15.2603,15.2524,15.2438,15.2351,15.2267,15.2191,15.2117,15.2047,15.1981,15.1919,15.1861,15.1805,15.1752,15.1703,15.1655,15.1611,15.1566,15.1524,15.1485,3.10203,2.90302,2.56841,2.42036,2.29217,2.17524,2.06799,1.96562,1.87043
0.910484,17.3942,14.9366,13.1824,12.1168,11.6286,11.7369,12.2345,13.1838,15.0315,15.0562,14.6305,14.3313,14.0878,15.5319,17.0317,15.9005,14.9993,14.9706,15.5182,15.7304,15.5041,15.3674,16.2746,16.1434,15.4727,15.7338,15.7523,15.5677,15.8657,15.7447,15.6233,15.6692,15.5911,15.695,15.575,15.5957,15.5593,15.5394,15.5301,15.5009,15.4888,15.4734,15.4546,15.4376,15.4233,15.4081,15.394,15.3811,15.3679,15.356,15.3439,15.3321,15.3213,15.3115,15.3011,15.2916,15.283,15.274,15.2659,15.258,15.2494,15.2408,15.2324,15.2249,15.2175,15.2105,15.204,15.1978,15.192,15.1864,15.1811,15.1762,15.1714,15.167,15.1626,15.1584,15.1545,15.1507,3.00024,2.82766,2.63402,2.35013,2.21734,2.10233,1.99511,1.89641
0.914501,17.3946,14.9369,13.1828,12.1173,11.6294,11.7381,12.236,13.1857,15.033,15.0576,14.6317,14.3325,14.0896,15.5346,17.0334,15.9018,15.0008,14.9729,15.5207,15.7326,15.5063,15.3702,16.2775,16.1457,15.4755,15.7369,15.7552,15.5708,15.8695,15.7478,15.6269,15.6727,15.5948,15.6989,15.5789,15.5997,15.5635,15.5435,15.5344,15.5052,15.4932,15.4779,15.4591,15.4423,15.4279,15.4128,15.3988,15.386,15.3728,15.3609,15.3489,15.3371,15.3264,15.3166,15.3062,15.2969,15.2882,15.2793,15.2712,15.2634,15.2548,15.2462,15.2378,15.2303,15.223,15.2161,15.2095,15.2033,15.1976,15.192,15.1867,15.1818,15.1771,15.1727,15.1682,15.1641,15.1602,15.1564,15.1528,2.89203,2.73205,2.57987,2.42439,2.16442,2.0376,1.9301
0.918347,17.3949,14.9372,13.1831,12.1178,11.6301,11.7393,12.2374,13.1874,15.0344,15.0589,14.6329,14.3337,14.0914,15.5371,17.0349,15.9031,15.0023,14.9752,15.5231,15.7347,15.5083,15.3728,16.2804,16.148,15.4782,15.7399,15.758,15.5737,15.8731,15.7508,15.6303,15.6761,15.5983,15.7026,15.5826,15.6035,15.5674,15.5475,15.5385,15.5093,15.4974,15.4822,15.4635,15.4467,15.4324,15.4174,15.4034,15.3906,15.3775,15.3656,15.3537,15.3419,15.3312,15.3215,15.3112,15.3018,15.2932,15.2843,15.2763,15.2685,15.2599,15.2513,15.243,15.2355,15.2282,15.2213,15.2147,15.2086,15.2029,15.1973,15.1921,15.1872,15.1825,15.1781,15.1736,15.1695,15.1656,15.1618,15.1582,15.1545,2.78299,2.63678,2.49799,2.36539,2.2334,2.08904
0.922026,17.3952,14.9375,13.1834,12.1183,11.6308,11.7403,12.2387,13.1891,15.0358,15.0602,14.6341,14.3349,14.093,15.5396,17.0364,15.9043,15.0037,14.9773,15.5254,15.7366,15.5103,15.3752,16.283,16.1501,15.4807,15.7427,15.7607,15.5766,15.8765,15.7536,15.6335,15.6793,15.6016,15.7062,15.5861,15.6071,15.5712,15.5512,15.5424,15.5132,15.5014,15.4862,15.4676,15.4508,15.4366,15.4217,15.4077,15.395,15.3819,15.3701,15.3582,15.3465,15.3358,15.3261,15.3159,15.3065,15.298,15.2891,15.2811,15.2733,15.2648,15.2562,15.2479,15.2405,15.2332,15.2263,15.2198,15.2136,15.2079,15.2024,15.1972,15.1923,15.1876,15.1832,15.1788,15.1746,15.1708,15.167,15.1634,15.1597,15.1561,2.67922,2.54191,2.41286,2.28823,2.16997
0.925547,17.3956,14.9377,13.1837,12.1187,11.6314,11.7414,12.24,13.1908,15.0371,15.0613,14.6352,14.336,14.0946,15.5419,17.0378,15.9054,15.0051,14.9793,15.5275,15.7385,15.5122,15.3776,16.2856,16.1522,15.4831,15.7454,15.7632,15.5792,15.8797,15.7564,15.6366,15.6823,15.6048,15.7096,15.5895,15.6105,15.5748,15.5548,15.5461,15.517,15.5052,15.4901,15.4715,15.4548,15.4407,15.4257,15.4119,15.3992,15.3862,15.3744,15.3625,15.3509,15.3402,15.3306,15.3203,15.311,15.3025,15.2937,15.2856,15.2779,15.2694,15.2609,15.2526,15.2452,15.2379,15.231,15.2245,15.2184,15.2127,15.2072,15.202,15.1971,15.1924,15.188,15.1837,15.1795,15.1757,15.1719,15.1683,15.1646,15.161,15.1575,2.57912,2.4497,2.3255,2.2089
0.928916,17.3959,14.938,13.184,12.1191,11.632,11.7423,12.2412,13.1923,15.0383,15.0625,14.6362,14.337,14.0961,15.5441,17.0392,15.9065,15.0063,14.9813,15.5296,15.7403,15.5139,15.3798,16.288,16.1542,15.4854,15.7479,15.7656,15.5818,15.8828,15.7589,15.6396,15.6852,15.6078,15.7128,15.5927,15.6138,15.5782,15.5582,15.5496,15.5205,15.5088,15.4938,15.4753,15.4586,15.4445,15.4296,15.4158,15.4032,15.3902,15.3785,15.3666,15.355,15.3444,15.3348,15.3245,15.3153,15.3068,15.298,15.29,15.2823,15.2738,15.2653,15.257,15.2496,15.2424,15.2355,15.229,15.223,15.2173,15.2117,15.2066,15.2017,15.197,15.1927,15.1883,15.1842,15.1804,15.1766,15.173,15.1693,15.1657,15.1623,15.159,2.4834,2.35786,2.24058
0.932137,17.3961,14.9382,13.1843,12.1195,11.6326,11.7433,12.2424,13.1938,15.0394,15.0635,14.6372,14.338,14.0975,15.5462,17.0405,15.9076,15.0075,14.9831,15.5316,15.742,15.5156,15.382,16.2903,16.156,15.4876,15.7503,15.7679,15.5842,15.8858,15.7614,15.6424,15.6879,15.6107,15.7159,15.5958,15.6169,15.5815,15.5614,15.553,15.5239,15.5122,15.4973,15.4788,15.4622,15.4482,15.4333,15.4195,15.4069,15.394,15.3823,15.3705,15.3589,15.3484,15.3388,15.3286,15.3194,15.3109,15.3021,15.2941,15.2865,15.278,15.2695,15.2613,15.2539,15.2466,15.2398,15.2333,15.2273,15.2216,15.2161,15.2109,15.2061,15.2014,15.1971,15.1927,15.1886,15.1848,15.1811,15.1775,15.1738,15.1702,15.1668,15.1635,15.1604,2.3893,2.27007
0.935218,17.3964,14.9384,13.1846,12.1199,11.6332,11.7442,12.2435,13.1952,15.0406,15.0645,14.6381,14.3389,14.0989,15.5482,17.0417,15.9086,15.0087,14.9849,15.5334,15.7437,15.5172,15.384,16.2925,16.1578,15.4896,15.7526,15.77,15.5865,15.8886,15.7637,15.645,15.6906,15.6135,15.7188,15.5987,15.6199,15.5846,15.5645,15.5562,15.5271,15.5155,15.5007,15.4822,15.4656,15.4516,15.4369,15.4231,15.4105,15.3977,15.386,15.3743,15.3627,15.3522,15.3426,15.3324,15.3232,15.3148,15.306,15.2981,15.2904,15.282,15.2735,15.2653,15.2579,15.2507,15.2439,15.2374,15.2314,15.2257,15.2202,15.2151,15.2103,15.2056,15.2013,15.1969,15.1928,15.189,15.1853,15.1817,15.1781,15.1745,15.171,15.1677,15.1647,15.1618,2.30032
0.938163,17.3967,14.9386,13.1848,12.1203,11.6337,11.745,12.2445,13.1965,15.0416,15.0655,14.639,14.3398,14.1002,15.5501,17.0429,15.9095,15.0098,14.9865,15.5352,15.7452,15.5188,15.386,16.2946,16.1595,15.4916,15.7549,15.7721,15.5888,15.8913,15.7659,15.6476,15.6931,15.6161,15.7216,15.6014,15.6227,15.5876,15.5674,15.5592,15.5302,15.5186,15.5039,15.4854,15.4689,15.4549,15.4402,15.4265,15.414,15.4011,15.3895,15.3778,15.3662,15.3558,15.3462,15.3361,15.3269,15.3185,15.3098,15.3018,15.2942,15.2858,15.2773,15.2691,15.2618,15.2546,15.2478,15.2413,15.2353,15.2297,15.2242,15.219,15.2143,15.2096,15.2053,15.2009,15.1968,15.1931,15.1893,15.1858,15.1821,15.1785,15.1751,15.1718,15.1688,15.1659,15.1632
0.940979,17.3969,14.9388,13.1851,12.1206,11.6342,11.7458,12.2455,13.1978,15.0426,15.0664,14.6399,14.3407,14.1014,15.5519,17.044,15.9104,15.0109,14.9881,15.5369,15.7467,15.5202,15.3878,16.2966,16.1611,15.4935,15.7569,15.7741,15.5909,15.8938,15.7681,15.65,15.6954,15.6186,15.7242,15.6041,15.6254,15.5904,15.5702,15.5621,15.5331,15.5216,15.5069,15.4885,15.472,15.4581,15.4434,15.4297,15.4172,15.4044,15.3928,15.3812,15.3696,15.3592,15.3497,15.3396,15.3304,15.322,15.3133,15.3054,15.2978,15.2894,15.2809,15.2728,15.2654,15.2582,15.2515,15.245,15.239,15.2334,15.2279,15.2228,15.218,15.2134,15.2091,15.2047,15.2007,15.1969,15.1932,15.1896,15.1859,15.1824,15.1789,15.1757,15.1727,15.1698,15.167
0.94367,17.3972,14.939,13.1853,12.121,11.6347,11.7466,12.2465,13.199,15.0436,15.0673,14.6407,14.3415,14.1026,15.5536,17.0451,15.9113,15.0119,14.9896,15.5385,15.7481,15.5216,15.3896,16.2985,16.1626,15.4953,15.7589,15.776,15.5929,15.8963,15.7701,15.6523,15.6977,15.6209,15.7267,15.6066,15.628,15.5931,15.5728,15.5649,15.5358,15.5244,15.5098,15.4914,15.475,15.4611,15.4464,15.4328,15.4203,15.4076,15.396,15.3844,15.3729,15.3624,15.3529,15.3429,15.3337,15.3254,15.3167,15.3088,15.3012,15.2928,15.2844,15.2762,15.2689,15.2617,15.255,15.2486,15.2426,15.2369,15.2315,15.2264,15.2216,15.217,15.2127,15.2083,15.2043,15.2005,15.1968,15.1933,15.1896,15.1861,15.1826,15.1794,15.1763,15.1735,15.1707
0.946242,17.3974,14.9392,13.1855,12.1213,11.6351,11.7473,12.2474,13.2001,15.0445,15.0682,14.6415,14.3423,14.1037,15.5552,17.0461,15.9121,15.0128,14.9911,15.5401,15.7495,15.5229,15.3913,16.3003,16.164,15.497,15.7609,15.7778,15.5948,15.8986,15.772,15.6545,15.6999,15.6232,15.7291,15.609,15.6304,15.5956,15.5753,15.5675,15.5385,15.5271,15.5125,15.4942,15.4778,15.4639,15.4493,15.4357,15.4233,15.4106,15.399,15.3874,15.3759,15.3655,15.3561,15.346,15.3369,15.3286,15.3199,15.312,15.3045,15.2961,15.2877,15.2795,15.2723,15.2651,15.2583,15.2519,15.246,15.2403,15.2349,15.2298,15.225,15.2204,15.2161,15.2118,15.2077,15.204,15.2003,15.1967,15.1931,15.1895,15.1861,15.1829,15.1799,15.177,15.1743
0.9487,17.3976,14.9394,13.1857,12.1216,11.6356,11.748,12.2482,13.2012,15.0454,15.069,14.6422,14.343,14.1048,15.5568,17.047,15.9129,15.0137,14.9925,15.5416,15.7507,15.5242,15.3929,16.302,16.1654,15.4987,15.7627,15.7795,15.5966,15.9008,15.7738,15.6566,15.7019,15.6253,15.7314,15.6112,15.6327,15.598,15.5777,15.57,15.541,15.5296,15.5151,15.4969,15.4804,15.4666,15.4521,15.4385,15.4261,15.4134,15.4019,15.3903,15.3789,15.3685,15.359,15.349,15.3399,15.3316,15.323,15.3151,15.3075,15.2992,15.2908,15.2827,15.2754,15.2682,15.2615,15.2551,15.2492,15.2436,15.2381,15.233,15.2283,15.2237,15.2194,15.2151,15.211,15.2073,15.2036,15.2,15.1964,15.1929,15.1894,15.1862,15.1832,15.1803,15.1776
0.951049,17.3978,14.9395,13.1859,12.1219,11.636,11.7487,12.249,13.2023,15.0462,15.0697,14.6429,14.3437,14.1058,15.5583,17.048,15.9136,15.0146,14.9938,15.5429,15.752,15.5254,15.3944,16.3036,16.1667,15.5002,15.7644,15.7811,15.5983,15.9029,15.7756,15.6586,15.7039,15.6274,15.7336,15.6134,15.6349,15.6004,15.58,15.5724,15.5434,15.5321,15.5176,15.4994,15.483,15.4692,15.4547,15.4412,15.4288,15.4161,15.4046,15.3931,15.3817,15.3713,15.3619,15.3519,15.3428,15.3345,15.3259,15.318,15.3105,15.3022,15.2938,15.2857,15.2784,15.2713,15.2645,15.2582,15.2522,15.2466,15.2412,15.2361,15.2314,15.2268,15.2225,15.2182,15.2142,15.2104,15.2067,15.2032,15.1996,15.196,15.1926,15.1894,15.1864,15.1835,15.1808
0.953292,17.398,14.9397,13.1861,12.1222,11.6364,11.7493,12.2498,13.2033,15.047,15.0705,14.6436,14.3444,14.1068,15.5597,17.0488,15.9143,15.0154,14.995,15.5443,15.7531,15.5265,15.3959,16.3052,16.168,15.5017,15.766,15.7826,15.6,15.9049,15.7772,15.6605,15.7057,15.6293,15.7356,15.6155,15.637,15.6026,15.5822,15.5746,15.5457,15.5344,15.52,15.5018,15.4854,15.4717,15.4572,15.4437,15.4314,15.4187,15.4072,15.3957,15.3843,15.374,15.3645,15.3546,15.3455,15.3372,15.3286,15.3208,15.3133,15.305,15.2966,15.2885,15.2813,15.2741,15.2674,15.2611,15.2551,15.2495,15.2441,15.2391,15.2343,15.2297,15.2255,15.2212,15.2171,15.2134,15.2097,15.2062,15.2026,15.199,15.1956,15.1924,15.1894,15.1865,15.1838
0.955435,17.3982,14.9399,13.1863,12.1224,11.6368,11.75,12.2506,13.2042,15.0477,15.0712,14.6442,14.3451,14.1077,15.5611,17.0497,15.915,15.0162,14.9962,15.5455,15.7542,15.5276,15.3973,16.3067,16.1692,15.5031,15.7676,15.7841,15.6015,15.9068,15.7788,15.6623,15.7075,15.6312,15.7376,15.6174,15.639,15.6047,15.5843,15.5768,15.5478,15.5366,15.5223,15.5041,15.4877,15.474,15.4596,15.4461,15.4338,15.4211,15.4097,15.3982,15.3868,15.3765,15.3671,15.3572,15.3481,15.3399,15.3313,15.3235,15.316,15.3077,15.2993,15.2912,15.284,15.2769,15.2702,15.2638,15.2579,15.2523,15.2469,15.2419,15.2371,15.2325,15.2283,15.224,15.22,15.2162,15.2126,15.209,15.2054,15.2019,15.1985,15.1953,15.1923,15.1894,15.1867
0.957483,17.3984,14.94,13.1865,12.1227,11.6371,11.7505,12.2513,13.2051,15.0485,15.0718,14.6448,14.3457,14.1086,15.5624,17.0505,15.9156,15.017,14.9974,15.5468,15.7553,15.5286,15.3986,16.3081,16.1703,15.5044,15.7691,15.7855,15.603,15.9086,15.7803,15.664,15.7092,15.633,15.7395,15.6193,15.6409,15.6067,15.5862,15.5788,15.5499,15.5387,15.5244,15.5063,15.4899,15.4763,15.4618,15.4484,15.4361,15.4235,15.4121,15.4006,15.3892,15.3789,15.3696,15.3596,15.3506,15.3424,15.3338,15.326,15.3185,15.3102,15.3019,15.2938,15.2866,15.2795,15.2728,15.2664,15.2605,15.2549,15.2496,15.2445,15.2398,15.2352,15.231,15.2267,15.2227,15.2189,15.2153,15.2118,15.2081,15.2046,15.2012,15.198,15.195,15.1922,15.1895
0.959438,17.3985,14.9401,13.1866,12.1229,11.6375,11.7511,12.252,13.206,15.0491,15.0724,14.6454,14.3462,14.1094,15.5636,17.0512,15.9162,15.0177,14.9984,15.5479,15.7563,15.5296,15.3998,16.3094,16.1714,15.5057,15.7705,15.7868,15.6045,15.9103,15.7817,15.6656,15.7108,15.6347,15.7413,15.6211,15.6427,15.6086,15.5881,15.5808,15.5519,15.5407,15.5264,15.5083,15.492,15.4784,15.464,15.4506,15.4383,15.4257,15.4143,15.4028,15.3915,15.3812,15.3719,15.362,15.353,15.3447,15.3362,15.3284,15.3209,15.3127,15.3043,15.2962,15.289,15.282,15.2753,15.2689,15.263,15.2575,15.2521,15.247,15.2423,15.2378,15.2335,15.2292,15.2252,15.2215,15.2179,15.2143,15.2107,15.2072,15.2038,15.2006,15.1976,15.1948,15.1921
0.961305,17.3987,14.9403,13.1868,12.1231,11.6378,11.7516,12.2526,13.2068,15.0498,15.073,14.646,14.3468,14.1102,15.5648,17.0519,15.9168,15.0183,14.9995,15.549,15.7572,15.5306,15.401,16.3107,16.1725,15.5069,15.7719,15.7881,15.6058,15.912,15.7831,15.6672,15.7123,15.6363,15.743,15.6228,15.6445,15.6104,15.5899,15.5827,15.5537,15.5426,15.5284,15.5103,15.494,15.4804,15.466,15.4526,15.4404,15.4278,15.4165,15.405,15.3937,15.3834,15.3741,15.3642,15.3552,15.347,15.3385,15.3307,15.3232,15.315,15.3066,15.2986,15.2914,15.2843,15.2776,15.2713,15.2654,15.2599,15.2545,15.2495,15.2448,15.2402,15.2359,15.2317,15.2277,15.224,15.2203,15.2168,15.2132,15.2097,15.2063,15.2031,15.2001,15.1973,15.1946
0.963088,17.3989,14.9404,13.1869,12.1234,11.6381,11.7521,12.2532,13.2076,15.0504,15.0736,14.6465,14.3473,14.111,15.5659,17.0526,15.9174,15.019,15.0004,15.55,15.7581,15.5315,15.4022,16.3119,16.1734,15.5081,15.7731,15.7893,15.6071,15.9135,15.7844,15.6687,15.7138,15.6378,15.7446,15.6244,15.6461,15.6121,15.5916,15.5844,15.5555,15.5444,15.5303,15.5122,15.4959,15.4823,15.468,15.4546,15.4424,15.4298,15.4185,15.4071,15.3958,15.3855,15.3762,15.3663,15.3574,15.3491,15.3406,15.3329,15.3254,15.3172,15.3089,15.3008,15.2936,15.2866,15.2799,15.2736,15.2677,15.2621,15.2568,15.2518,15.2471,15.2425,15.2383,15.234,15.23,15.2263,15.2226,15.2191,15.2156,15.2121,15.2087,15.2055,15.2025,15.1996,15.197
0.964789,17.399,14.9405,13.1871,12.1236,11.6384,11.7526,12.2538,13.2084,15.051,15.0742,14.647,14.3478,14.1117,15.5669,17.0533,15.9179,15.0196,15.0014,15.551,15.759,15.5323,15.4033,16.3131,16.1744,15.5092,15.7744,15.7905,15.6083,15.915,15.7856,15.6701,15.7152,15.6392,15.7461,15.6259,15.6477,15.6138,15.5932,15.5861,15.5572,15.5462,15.532,15.514,15.4977,15.4842,15.4699,15.4565,15.4443,15.4318,15.4204,15.409,15.3977,15.3875,15.3782,15.3683,15.3594,15.3512,15.3427,15.3349,15.3275,15.3193,15.311,15.3029,15.2958,15.2887,15.282,15.2757,15.2699,15.2643,15.259,15.2539,15.2492,15.2447,15.2405,15.2362,15.2322,15.2285,15.2249,15.2214,15.2178,15.2143,15.2109,15.2077,15.2047,15.2019,15.1992
0.966414,17.3992,14.9406,13.1872,12.1238,11.6387,11.753,12.2544,13.2091,15.0516,15.0747,14.6475,14.3483,14.1124,15.5679,17.0539,15.9184,15.0202,15.0023,15.552,15.7598,15.5331,15.4043,16.3142,16.1753,15.5103,15.7755,15.7916,15.6095,15.9164,15.7868,15.6714,15.7165,15.6406,15.7476,15.6274,15.6492,15.6153,15.5948,15.5877,15.5588,15.5478,15.5337,15.5157,15.4995,15.4859,15.4716,15.4583,15.4461,15.4336,15.4223,15.4109,15.3996,15.3894,15.3801,15.3703,15.3614,15.3531,15.3447,15.3369,15.3295,15.3213,15.313,15.3049,15.2978,15.2907,15.2841,15.2778,15.2719,15.2664,15.261,15.256,15.2513,15.2468,15.2426,15.2383,15.2343,15.2306,15.227,15.2235,15.2199,15.2164,15.2131,15.2098,15.2069,15.204,15.2014
0.967966,17.3993,14.9407,13.1873,12.124,11.639,11.7535,12.2549,13.2098,15.0521,15.0752,14.6479,14.3488,14.1131,15.5689,17.0545,15.9189,15.0208,15.0031,15.5529,15.7606,15.5339,15.4053,16.3153,16.1761,15.5113,15.7767,15.7926,15.6106,15.9178,15.7879,15.6727,15.7177,15.642,15.749,15.6288,15.6506,15.6168,15.5962,15.5893,15.5604,15.5494,15.5353,15.5173,15.5011,15.4876,15.4733,15.46,15.4478,15.4353,15.424,15.4127,15.4014,15.3912,15.3819,15.3721,15.3632,15.355,15.3465,15.3388,15.3314,15.3232,15.3149,15.3069,15.2997,15.2927,15.286,15.2798,15.2739,15.2684,15.263,15.258,15.2533,15.2488,15.2446,15.2403,15.2363,15.2326,15.229,15.2255,15.2219,15.2185,15.2151,15.2119,15.2089,15.2061,15.2034
0.969447,17.3994,14.9408,13.1875,12.1241,11.6393,11.7539,12.2554,13.2104,15.0526,15.0756,14.6483,14.3492,14.1137,15.5698,17.0551,15.9194,15.0213,15.0039,15.5538,15.7614,15.5346,15.4063,16.3163,16.1769,15.5122,15.7777,15.7936,15.6117,15.9191,15.789,15.674,15.7189,15.6432,15.7503,15.6301,15.6519,15.6182,15.5976,15.5907,15.5619,15.5509,15.5368,15.5188,15.5027,15.4892,15.4749,15.4616,15.4495,15.437,15.4257,15.4143,15.4031,15.393,15.3837,15.3739,15.365,15.3568,15.3483,15.3406,15.3332,15.325,15.3167,15.3087,15.3016,15.2945,15.2879,15.2816,15.2757,15.2702,15.2649,15.2599,15.2552,15.2507,15.2465,15.2422,15.2383,15.2346,15.2309,15.2275,15.2239,15.2204,15.217,15.2138,15.2109,15.208,15.2054
0.970861,17.3995,14.9409,13.1876,12.1243,11.6395,11.7543,12.2559,13.211,15.0531,15.0761,14.6488,14.3496,14.1143,15.5707,17.0556,15.9198,15.0218,15.0047,15.5546,15.7621,15.5353,15.4071,16.3173,16.1777,15.5131,15.7787,15.7946,15.6127,15.9203,15.79,15.6751,15.7201,15.6444,15.7516,15.6314,15.6532,15.6196,15.599,15.5921,15.5632,15.5523,15.5383,15.5203,15.5042,15.4907,15.4764,15.4632,15.451,15.4386,15.4273,15.416,15.4048,15.3946,15.3853,15.3755,15.3666,15.3585,15.35,15.3423,15.3349,15.3267,15.3185,15.3104,15.3033,15.2963,15.2897,15.2834,15.2775,15.272,15.2667,15.2617,15.257,15.2525,15.2483,15.2441,15.2401,15.2364,15.2328,15.2293,15.2257,15.2222,15.2189,15.2157,15.2127,15.2099,15.2072
0.972209,17.3996,14.941,13.1877,12.1245,11.6397,11.7547,12.2564,13.2116,15.0536,15.0765,14.6491,14.35,14.1149,15.5715,17.0561,15.9202,15.0223,15.0054,15.5554,15.7628,15.536,15.408,16.3182,16.1784,15.514,15.7797,15.7955,15.6137,15.9215,15.791,15.6762,15.7212,15.6455,15.7528,15.6326,15.6545,15.6209,15.6002,15.5934,15.5646,15.5536,15.5397,15.5217,15.5056,15.4921,15.4779,15.4646,15.4525,15.4401,15.4288,15.4175,15.4063,15.3961,15.3869,15.3771,15.3682,15.3601,15.3516,15.3439,15.3365,15.3284,15.3201,15.3121,15.305,15.2979,15.2913,15.2851,15.2792,15.2737,15.2684,15.2634,15.2587,15.2542,15.25,15.2458,15.2418,15.2381,15.2345,15.231,15.2275,15.224,15.2206,15.2174,15.2145,15.2117,15.209
0.973496,17.3998,14.9411,13.1878,12.1246,11.64,11.755,12.2568,13.2122,15.054,15.0769,14.6495,14.3504,14.1154,15.5723,17.0566,15.9206,15.0228,15.0061,15.5561,15.7634,15.5367,15.4088,16.319,16.1791,15.5148,15.7806,15.7963,15.6146,15.9226,15.7919,15.6773,15.7222,15.6466,15.754,15.6337,15.6556,15.6221,15.6014,15.5947,15.5658,15.5549,15.541,15.5231,15.5069,15.4935,15.4793,15.466,15.454,15.4415,15.4303,15.4189,15.4078,15.3976,15.3884,15.3786,15.3697,15.3616,15.3532,15.3455,15.3381,15.3299,15.3217,15.3137,15.3066,15.2995,15.2929,15.2867,15.2808,15.2753,15.27,15.265,15.2604,15.2558,15.2517,15.2474,15.2435,15.2398,15.2362,15.2327,15.2291,15.2257,15.2223,15.2191,15.2162,15.2133,15.2107
0.974725,17.3999,14.9412,13.1879,12.1248,11.6402,11.7553,12.2572,13.2127,15.0544,15.0773,14.6499,14.3508,14.116,15.5731,17.0571,15.921,15.0232,15.0068,15.5568,15.764,15.5373,15.4096,16.3199,16.1798,15.5156,15.7815,15.7972,15.6155,15.9236,15.7928,15.6783,15.7232,15.6477,15.7551,15.6348,15.6567,15.6233,15.6026,15.5959,15.5671,15.5562,15.5423,15.5243,15.5082,15.4948,15.4806,15.4674,15.4553,15.4429,15.4316,15.4203,15.4092,15.3991,15.3898,15.38,15.3712,15.3631,15.3546,15.347,15.3396,15.3314,15.3232,15.3152,15.3081,15.3011,15.2945,15.2882,15.2824,15.2769,15.2716,15.2666,15.2619,15.2574,15.2532,15.249,15.245,15.2414,15.2378,15.2343,15.2307,15.2273,15.2239,15.2207,15.2178,15.2149,15.2123
0.975897,17.4,14.9413,13.188,12.1249,11.6404,11.7557,12.2576,13.2132,15.0548,15.0777,14.6502,14.3511,14.1165,15.5738,17.0575,15.9213,15.0236,15.0074,15.5575,15.7646,15.5378,15.4103,16.3206,16.1805,15.5164,15.7823,15.798,15.6163,15.9247,15.7936,15.6793,15.7241,15.6487,15.7561,15.6359,15.6578,15.6244,15.6037,15.597,15.5682,15.5573,15.5434,15.5255,15.5094,15.496,15.4819,15.4687,15.4566,15.4442,15.433,15.4217,15.4105,15.4004,15.3912,15.3814,15.3726,15.3644,15.356,15.3484,15.341,15.3329,15.3246,15.3166,15.3095,15.3025,15.2959,15.2897,15.2838,15.2783,15.273,15.2681,15.2634,15.2589,15.2547,15.2505,15.2465,15.2429,15.2393,15.2358,15.2322,15.2288,15.2254,15.2222,15.2193,15.2165,15.2138
0.977016,17.4001,14.9413,13.1881,12.125,11.6406,11.756,12.258,13.2137,15.0552,15.078,14.6506,14.3514,14.1169,15.5745,17.0579,15.9217,15.024,15.0081,15.5581,15.7652,15.5384,15.411,16.3214,16.1811,15.5171,15.7831,15.7987,15.6171,15.9256,15.7944,15.6802,15.725,15.6496,15.7571,15.6369,15.6588,15.6255,15.6047,15.5981,15.5693,15.5584,15.5446,15.5267,15.5106,15.4972,15.4831,15.4699,15.4578,15.4454,15.4342,15.4229,15.4118,15.4017,15.3925,15.3827,15.3739,15.3658,15.3574,15.3497,15.3423,15.3342,15.326,15.318,15.3109,15.3039,15.2973,15.2911,15.2852,15.2797,15.2744,15.2695,15.2648,15.2603,15.2561,15.2519,15.248,15.2443,15.2407,15.2372,15.2337,15.2302,15.2269,15.2237,15.2207,15.2179,15.2153
0.978083,17.4001,14.9414,13.1882,12.1252,11.6408,11.7563,12.2584,13.2141,15.0556,15.0784,14.6509,14.3517,14.1174,15.5752,17.0583,15.922,15.0244,15.0086,15.5587,15.7657,15.5389,15.4117,16.3221,16.1816,15.5178,15.7839,15.7994,15.6179,15.9265,15.7952,15.681,15.7259,15.6505,15.7581,15.6378,15.6598,15.6265,15.6057,15.5992,15.5703,15.5595,15.5457,15.5278,15.5117,15.4983,15.4842,15.471,15.459,15.4466,15.4354,15.4241,15.413,15.4029,15.3937,15.384,15.3751,15.367,15.3586,15.351,15.3436,15.3355,15.3273,15.3193,15.3122,15.3052,15.2986,15.2924,15.2866,15.2811,15.2758,15.2708,15.2662,15.2617,15.2575,15.2533,15.2493,15.2457,15.2421,15.2386,15.235,15.2316,15.2282,15.2251,15.2221,15.2193,15.2167
0.979101,17.4002,14.9415,13.1883,12.1253,11.6409,11.7566,12.2587,13.2146,15.0559,15.0787,14.6512,14.352,14.1178,15.5758,17.0587,15.9223,15.0248,15.0092,15.5593,15.7662,15.5394,15.4124,16.3228,16.1822,15.5184,15.7846,15.8001,15.6186,15.9274,15.7959,15.6819,15.7267,15.6514,15.759,15.6387,15.6607,15.6274,15.6067,15.6002,15.5713,15.5605,15.5467,15.5288,15.5128,15.4994,15.4853,15.4721,15.4601,15.4477,15.4365,15.4253,15.4142,15.4041,15.3949,15.3851,15.3763,15.3682,15.3598,15.3522,15.3448,15.3367,15.3285,15.3205,15.3134,15.3065,15.2999,15.2936,15.2878,15.2824,15.2771,15.2721,15.2675,15.263,15.2588,15.2546,15.2506,15.247,15.2434,15.2399,15.2364,15.2329,15.2296,15.2264,15.2234,15.2206,15.218
0.980072,17.4003,14.9416,13.1883,12.1254,11.6411,11.7568,12.259,13.215,15.0563,15.079,14.6514,14.3523,14.1182,15.5764,17.0591,15.9226,15.0251,15.0097,15.5599,15.7667,15.5399,15.413,16.3235,16.1827,15.519,15.7853,15.8007,15.6193,15.9282,15.7966,15.6827,15.7275,15.6522,15.7598,15.6396,15.6616,15.6284,15.6076,15.6011,15.5723,15.5615,15.5477,15.5298,15.5138,15.5004,15.4863,15.4732,15.4612,15.4488,15.4376,15.4264,15.4153,15.4052,15.396,15.3863,15.3775,15.3694,15.361,15.3533,15.346,15.3379,15.3297,15.3217,15.3146,15.3076,15.3011,15.2948,15.289,15.2836,15.2783,15.2733,15.2687,15.2642,15.26,15.2558,15.2519,15.2482,15.2446,15.2411,15.2376,15.2342,15.2308,15.2276,15.2247,15.2219,15.2192
0.980999,17.4004,14.9416,13.1884,12.1255,11.6413,11.7571,12.2593,13.2154,15.0566,15.0793,14.6517,14.3526,14.1186,15.5769,17.0594,15.9229,15.0254,15.0102,15.5604,15.7672,15.5404,15.4135,16.3241,16.1832,15.5196,15.7859,15.8013,15.6199,15.929,15.7973,15.6834,15.7282,15.6529,15.7606,15.6404,15.6624,15.6292,15.6085,15.602,15.5732,15.5624,15.5486,15.5308,15.5148,15.5014,15.4873,15.4742,15.4622,15.4498,15.4387,15.4274,15.4163,15.4062,15.3971,15.3873,15.3785,15.3705,15.3621,15.3544,15.3471,15.339,15.3308,15.3228,15.3158,15.3088,15.3022,15.296,15.2902,15.2847,15.2794,15.2745,15.2698,15.2653,15.2612,15.257,15.253,15.2494,15.2458,15.2423,15.2388,15.2353,15.232,15.2288,15.2259,15.2231,15.2204
0.981883,17.4005,14.9417,13.1885,12.1256,11.6414,11.7573,12.2596,13.2158,15.0569,15.0796,14.652,14.3528,14.119,15.5775,17.0598,15.9232,15.0257,15.0107,15.5609,15.7676,15.5408,15.4141,16.3247,16.1837,15.5202,15.7866,15.8019,15.6206,15.9298,15.7979,15.6841,15.7289,15.6537,15.7614,15.6412,15.6632,15.6301,15.6093,15.6029,15.5741,15.5633,15.5495,15.5317,15.5157,15.5023,15.4883,15.4751,15.4631,15.4508,15.4396,15.4284,15.4173,15.4072,15.3981,15.3884,15.3796,15.3715,15.3631,15.3555,15.3482,15.3401,15.3318,15.3239,15.3168,15.3099,15.3033,15.2971,15.2913,15.2858,15.2805,15.2756,15.2709,15.2665,15.2623,15.2581,15.2542,15.2505,15.2469,15.2435,15.2399,15.2365,15.2331,15.23,15.227,15.2242,15.2216
0.982726,17.4005,14.9417,13.1886,12.1257,11.6416,11.7576,12.2599,13.2162,15.0572,15.0798,14.6522,14.3531,14.1193,15.578,17.0601,15.9234,15.026,15.0111,15.5614,15.768,15.5412,15.4146,16.3252,16.1841,15.5207,15.7871,15.8025,15.6212,15.9305,15.7985,15.6848,15.7296,15.6544,15.7622,15.6419,15.664,15.6309,15.6101,15.6037,15.5749,15.5641,15.5504,15.5326,15.5165,15.5032,15.4892,15.476,15.464,15.4517,15.4406,15.4293,15.4183,15.4082,15.399,15.3893,15.3806,15.3725,15.3641,15.3565,15.3492,15.3411,15.3329,15.3249,15.3179,15.3109,15.3043,15.2981,15.2923,15.2869,15.2816,15.2766,15.272,15.2675,15.2633,15.2592,15.2552,15.2516,15.248,15.2445,15.241,15.2375,15.2342,15.231,15.2281,15.2253,15.2227
0.98353,17.4006,14.9418,13.1886,12.1258,11.6417,11.7578,12.2602,13.2165,15.0574,15.0801,14.6524,14.3533,14.1197,15.5785,17.0604,15.9237,15.0263,15.0116,15.5619,15.7684,15.5416,15.4151,16.3258,16.1846,15.5212,15.7877,15.803,15.6217,15.9312,15.7991,15.6855,15.7302,15.655,15.7629,15.6426,15.6647,15.6316,15.6108,15.6044,15.5757,15.5649,15.5512,15.5334,15.5174,15.5041,15.49,15.4769,15.4649,15.4526,15.4415,15.4302,15.4192,15.4091,15.4,15.3903,15.3815,15.3734,15.3651,15.3574,15.3501,15.342,15.3338,15.3259,15.3188,15.3119,15.3053,15.2991,15.2933,15.2879,15.2826,15.2776,15.273,15.2685,15.2644,15.2602,15.2562,15.2526,15.249,15.2456,15.242,15.2386,15.2352,15.2321,15.2291,15.2263,15.2237
0.984297,17.4007,14.9419,13.1887,12.1259,11.6418,11.758,12.2605,13.2168,15.0577,15.0803,14.6526,14.3535,14.12,15.579,17.0607,15.9239,15.0266,15.012,15.5623,15.7688,15.542,15.4156,16.3263,16.185,15.5217,15.7883,15.8035,15.6223,15.9319,15.7996,15.6861,15.7308,15.6557,15.7635,15.6433,15.6654,15.6323,15.6115,15.6052,15.5764,15.5657,15.552,15.5342,15.5182,15.5049,15.4908,15.4777,15.4657,15.4534,15.4423,15.4311,15.42,15.41,15.4008,15.3912,15.3824,15.3743,15.366,15.3584,15.351,15.343,15.3348,15.3268,15.3198,15.3128,15.3063,15.3,15.2942,15.2888,15.2835,15.2786,15.274,15.2695,15.2653,15.2611,15.2572,15.2536,15.25,15.2465,15.243,15.2396,15.2362,15.2331,15.2301,15.2273,15.2247
0.985029,17.4007,14.9419,13.1887,12.126,11.642,11.7582,12.2607,13.2171,15.0579,15.0805,14.6529,14.3537,14.1203,15.5794,17.0609,15.9241,15.0269,15.0124,15.5627,15.7692,15.5423,15.4161,16.3268,16.1854,15.5222,15.7888,15.804,15.6228,15.9325,15.8001,15.6867,15.7314,15.6563,15.7642,15.644,15.666,15.633,15.6122,15.6059,15.5771,15.5664,15.5527,15.5349,15.5189,15.5056,15.4916,15.4785,15.4665,15.4542,15.4431,15.4319,15.4209,15.4108,15.4017,15.392,15.3832,15.3752,15.3668,15.3592,15.3519,15.3438,15.3356,15.3277,15.3207,15.3137,15.3071,15.3009,15.2951,15.2897,15.2844,15.2795,15.2749,15.2704,15.2662,15.2621,15.2581,15.2545,15.2509,15.2475,15.2439,15.2405,15.2372,15.234,15.2311,15.2283,15.2256
0.985728,17.4008,14.9419,13.1888,12.1261,11.6421,11.7584,12.2609,13.2174,15.0582,15.0808,14.6531,14.3539,14.1206,15.5798,17.0612,15.9243,15.0271,15.0127,15.5631,15.7695,15.5427,15.4165,16.3272,16.1858,15.5226,15.7893,15.8045,15.6233,15.9331,15.8006,15.6873,15.732,15.6569,15.7648,15.6446,15.6666,15.6337,15.6128,15.6066,15.5778,15.5671,15.5534,15.5356,15.5196,15.5063,15.4923,15.4793,15.4673,15.455,15.4439,15.4327,15.4216,15.4116,15.4025,15.3928,15.384,15.376,15.3676,15.36,15.3527,15.3447,15.3365,15.3285,15.3215,15.3145,15.308,15.3018,15.296,15.2906,15.2853,15.2804,15.2757,15.2713,15.2671,15.2629,15.259,15.2554,15.2518,15.2483,15.2448,15.2414,15.238,15.2349,15.232,15.2292,15.2265
0.986392,17.4008,14.942,13.1889,12.1262,11.6422,11.7586,12.2612,13.2177,15.0584,15.081,14.6533,14.3541,14.1209,15.5802,17.0614,15.9245,15.0273,15.0131,15.5635,15.7699,15.543,15.4169,16.3277,16.1861,15.523,15.7897,15.8049,15.6237,15.9336,15.8011,15.6878,15.7325,15.6574,15.7654,15.6452,15.6672,15.6343,15.6135,15.6072,15.5784,15.5677,15.5541,15.5363,15.5203,15.507,15.493,15.48,15.468,15.4557,15.4446,15.4334,15.4224,15.4124,15.4032,15.3936,15.3848,15.3768,15.3684,15.3608,15.3535,15.3455,15.3373,15.3293,15.3223,15.3153,15.3088,15.3026,15.2968,15.2914,15.2861,15.2812,15.2766,15.2721,15.2679,15.2638,15.2598,15.2562,15.2526,15.2492,15.2457,15.2422,15.2389,15.2357,15.2328,15.23,15.2274
0.987028,17.4009,14.942,13.1889,12.1262,11.6423,11.7587,12.2614,13.218,15.0586,15.0812,14.6534,14.3543,14.1211,15.5806,17.0617,15.9247,15.0276,15.0134,15.5639,15.7702,15.5433,15.4173,16.3281,16.1864,15.5234,15.7902,15.8053,15.6242,15.9342,15.8015,15.6883,15.733,15.658,15.7659,15.6457,15.6678,15.6349,15.614,15.6078,15.579,15.5683,15.5547,15.537,15.521,15.5077,15.4937,15.4806,15.4687,15.4564,15.4453,15.4341,15.4231,15.4131,15.404,15.3943,15.3855,15.3775,15.3692,15.3616,15.3543,15.3462,15.338,15.3301,15.3231,15.3161,15.3096,15.3034,15.2976,15.2922,15.2869,15.282,15.2774,15.2729,15.2687,15.2646,15.2606,15.257,15.2534,15.25,15.2465,15.243,15.2397,15.2365,15.2336,15.2308,15.2282
0.987633,17.4009,14.9421,13.189,12.1263,11.6424,11.7589,12.2616,13.2183,15.0588,15.0814,14.6536,14.3545,14.1214,15.581,17.0619,15.9249,15.0278,15.0138,15.5642,15.7705,15.5436,15.4177,16.3285,16.1868,15.5238,15.7906,15.8057,15.6246,15.9347,15.802,15.6888,15.7335,15.6585,15.7665,15.6463,15.6683,15.6355,15.6146,15.6084,15.5796,15.5689,15.5553,15.5376,15.5216,15.5083,15.4944,15.4813,15.4694,15.4571,15.446,15.4348,15.4238,15.4138,15.4047,15.395,15.3862,15.3782,15.3699,15.3623,15.355,15.3469,15.3387,15.3308,15.3238,15.3169,15.3103,15.3041,15.2983,15.2929,15.2877,15.2827,15.2781,15.2736,15.2695,15.2653,15.2614,15.2578,15.2542,15.2508,15.2472,15.2438,15.2405,15.2373,15.2344,15.2316,15.229
0.988209,17.401,14.9421,13.189,12.1264,11.6425,11.759,12.2618,13.2185,15.059,15.0815,14.6538,14.3547,14.1216,15.5813,17.0621,15.9251,15.028,15.0141,15.5645,15.7708,15.5439,15.418,16.3289,16.1871,15.5242,15.791,15.8061,15.625,15.9352,15.8024,15.6893,15.7339,15.6589,15.767,15.6468,15.6689,15.636,15.6151,15.6089,15.5802,15.5695,15.5559,15.5382,15.5222,15.5089,15.495,15.4819,15.47,15.4577,15.4466,15.4354,15.4244,15.4144,15.4053,15.3956,15.3869,15.3789,15.3706,15.363,15.3557,15.3476,15.3394,15.3315,15.3245,15.3175,15.311,15.3048,15.2991,15.2936,15.2884,15.2834,15.2788,15.2744,15.2702,15.266,15.2621,15.2585,15.2549,15.2515,15.248,15.2445,15.2412,15.238,15.2351,15.2323,15.2297
0.988761,17.401,14.9422,13.1891,12.1264,11.6426,11.7592,12.262,13.2187,15.0592,15.0817,14.6539,14.3548,14.1219,15.5817,17.0623,15.9253,15.0282,15.0144,15.5649,15.771,15.5441,15.4184,16.3292,16.1874,15.5245,15.7914,15.8065,15.6254,15.9356,15.8028,15.6897,15.7344,15.6594,15.7675,15.6472,15.6693,15.6365,15.6156,15.6095,15.5807,15.57,15.5565,15.5387,15.5228,15.5095,15.4955,15.4825,15.4706,15.4583,15.4472,15.436,15.425,15.415,15.4059,15.3963,15.3875,15.3795,15.3712,15.3636,15.3563,15.3483,15.3401,15.3322,15.3252,15.3182,15.3117,15.3055,15.2997,15.2943,15.289,15.2841,15.2795,15.275,15.2709,15.2667,15.2628,15.2592,15.2556,15.2522,15.2487,15.2452,15.2419,15.2387,15.2358,15.233,15.2304
0.989286,17.4011,14.9422,13.1891,12.1265,11.6427,11.7593,12.2621,13.219,15.0594,15.0819,14.6541,14.355,14.1221,15.582,17.0625,15.9254,15.0284,15.0146,15.5651,15.7713,15.5444,15.4187,16.3296,16.1877,15.5249,15.7917,15.8068,15.6258,15.9361,15.8031,15.6901,15.7348,15.6598,15.7679,15.6477,15.6698,15.637,15.6161,15.61,15.5812,15.5706,15.557,15.5393,15.5233,15.5101,15.4961,15.4831,15.4711,15.4589,15.4478,15.4366,15.4256,15.4156,15.4065,15.3969,15.3881,15.3801,15.3718,15.3642,15.3569,15.3489,15.3407,15.3328,15.3258,15.3188,15.3123,15.3062,15.3004,15.2949,15.2897,15.2848,15.2802,15.2757,15.2716,15.2674,15.2635,15.2598,15.2563,15.2528,15.2493,15.2459,15.2426,15.2394,15.2365,15.2337,15.2311
0.989785,17.4011,14.9422,13.1891,12.1266,11.6428,11.7595,12.2623,13.2192,15.0596,15.082,14.6542,14.3551,14.1223,15.5823,17.0627,15.9256,15.0285,15.0149,15.5654,15.7715,15.5446,15.419,16.3299,16.1879,15.5252,15.7921,15.8071,15.6261,15.9365,15.8035,15.6905,15.7352,15.6602,15.7684,15.6481,15.6703,15.6375,15.6166,15.6105,15.5817,15.571,15.5575,15.5398,15.5238,15.5106,15.4966,15.4836,15.4717,15.4594,15.4483,15.4372,15.4262,15.4162,15.4071,15.3974,15.3887,15.3807,15.3724,15.3648,15.3575,15.3495,15.3413,15.3334,15.3264,15.3194,15.3129,15.3068,15.301,15.2955,15.2903,15.2854,15.2808,15.2763,15.2722,15.268,15.2641,15.2605,15.2569,15.2535,15.2499,15.2465,15.2432,15.24,15.2371,15.2343,15.2317
0.990263,17.4012,14.9423,13.1892,12.1266,11.6428,11.7596,12.2625,13.2194,15.0597,15.0822,14.6544,14.3552,14.1225,15.5826,17.0629,15.9257,15.0287,15.0152,15.5657,15.7718,15.5449,15.4193,16.3302,16.1882,15.5255,15.7924,15.8074,15.6265,15.9369,15.8038,15.6909,15.7356,15.6606,15.7688,15.6485,15.6707,15.6379,15.617,15.6109,15.5822,15.5715,15.558,15.5402,15.5243,15.5111,15.4971,15.4841,15.4722,15.46,15.4489,15.4377,15.4267,15.4167,15.4076,15.398,15.3893,15.3812,15.3729,15.3654,15.3581,15.3501,15.3419,15.334,15.327,15.32,15.3135,15.3073,15.3016,15.2961,15.2909,15.286,15.2814,15.2769,15.2728,15.2686,15.2647,15.2611,15.2575,15.2541,15.2505,15.2471,15.2438,15.2407,15.2377,15.2349,15.2323
0.990718,17.4012,14.9423,13.1892,12.1267,11.6429,11.7597,12.2626,13.2196,15.0599,15.0823,14.6545,14.3554,14.1227,15.5829,17.0631,15.9258,15.0289,15.0154,15.566,15.772,15.5451,15.4196,16.3305,16.1884,15.5258,15.7927,15.8077,15.6268,15.9373,15.8041,15.6913,15.7359,15.661,15.7692,15.6489,15.6711,15.6384,15.6174,15.6113,15.5826,15.5719,15.5584,15.5407,15.5248,15.5115,15.4976,15.4846,15.4727,15.4604,15.4494,15.4382,15.4272,15.4172,15.4081,15.3985,15.3898,15.3818,15.3735,15.3659,15.3586,15.3506,15.3424,15.3345,15.3275,15.3206,15.3141,15.3079,15.3021,15.2967,15.2915,15.2865,15.2819,15.2775,15.2733,15.2692,15.2653,15.2616,15.2581,15.2546,15.2511,15.2477,15.2444,15.2412,15.2383,15.2355,15.2329
0.991151,17.4012,14.9423,13.1892,12.1267,11.643,11.7599,12.2628,13.2198,15.06,15.0825,14.6546,14.3555,14.1228,15.5831,17.0632,15.926,15.029,15.0156,15.5662,15.7722,15.5453,15.4199,16.3308,16.1886,15.526,15.793,15.808,15.6271,15.9377,15.8044,15.6916,15.7363,15.6614,15.7696,15.6493,15.6715,15.6388,15.6178,15.6118,15.583,15.5724,15.5588,15.5411,15.5252,15.512,15.4981,15.485,15.4731,15.4609,15.4498,15.4387,15.4277,15.4177,15.4086,15.399,15.3903,15.3823,15.374,15.3664,15.3591,15.3511,15.3429,15.335,15.328,15.3211,15.3146,15.3084,15.3026,15.2972,15.292,15.2871,15.2825,15.278,15.2739,15.2697,15.2658,15.2622,15.2586,15.2552,15.2517,15.2482,15.2449,15.2418,15.2389,15.2361,15.2335
0.991566,17.4013,14.9423,13.1893,12.1268,11.6431,11.76,12.2629,13.2199,15.0602,15.0826,14.6547,14.3556,14.123,15.5834,17.0634,15.9261,15.0292,15.0159,15.5664,15.7724,15.5455,15.4201,16.3311,16.1889,15.5263,15.7933,15.8083,15.6274,15.938,15.8047,15.692,15.7366,15.6617,15.7699,15.6497,15.6718,15.6391,15.6182,15.6122,15.5834,15.5728,15.5593,15.5416,15.5256,15.5124,15.4985,15.4855,15.4736,15.4614,15.4503,15.4392,15.4282,15.4182,15.4091,15.3995,15.3908,15.3828,15.3745,15.3669,15.3596,15.3516,15.3434,15.3355,15.3285,15.3216,15.3151,15.3089,15.3032,15.2977,15.2925,15.2876,15.283,15.2785,15.2744,15.2702,15.2663,15.2627,15.2591,15.2557,15.2522,15.2488,15.2455,15.2423,15.2394,15.2366,15.234
0.991959,17.4013,14.9424,13.1893,12.1268,11.6431,11.7601,12.263,13.2201,15.0603,15.0827,14.6548,14.3557,14.1232,15.5836,17.0635,15.9262,15.0293,15.0161,15.5667,15.7726,15.5457,15.4204,16.3314,16.1891,15.5265,15.7936,15.8086,15.6276,15.9383,15.805,15.6923,15.7369,15.662,15.7703,15.65,15.6722,15.6395,15.6186,15.6125,15.5838,15.5732,15.5597,15.542,15.526,15.5128,15.4989,15.4859,15.474,15.4618,15.4507,15.4396,15.4286,15.4186,15.4096,15.3999,15.3912,15.3832,15.3749,15.3674,15.3601,15.3521,15.3439,15.336,15.329,15.3221,15.3156,15.3094,15.3036,15.2982,15.293,15.2881,15.2835,15.279,15.2749,15.2707,15.2668,15.2632,15.2596,15.2562,15.2527,15.2493,15.2459,15.2428,15.2399,15.2371,15.2345
