,0.34166,0.373237,0.409326,0.440903,0.476992,0.508569,0.544658,0.576235,0.612324,0.643901,0.67999,0.713823,0.747656,0.781489,0.815322,0.849155,0.882988,0.916821,0.950654,0.984487,1.01832,1.04539,1.08147,1.11756,1.15365,1.18072,1.21681,1.2529,1.28898,1.31605,1.35214,1.38823,1.42432,1.45138,1.48747,1.51905,1.55965,1.58671,1.62731,1.65438,1.69498,1.72205,1.76265,1.78971,1.83031,1.85738,1.89798,1.92504,1.96564,1.99271,2.03331,2.10098,2.16864,2.23631,2.30397,2.37164,2.43931,2.50697,2.57464,2.6423,2.70997,2.77764,2.8453,2.91297,2.98063,3.0483,3.10243,3.18363,3.23776,3.31896,3.3731,3.4543,3.50843,3.58963,3.64376,3.72496,3.77909,3.86029,3.91442,3.99562,4.06329,4.13096,4.19862,4.26629,4.33395,4.40162,4.46929,4.53695,4.60462,4.67228,4.73995,4.90911,5.17978,5.45044,5.75494,6.05944,6.36393,6.70226,7.04059,7.41276,7.81875,8.22475,8.63075,9.10441,9.57807,10.0517,10.5931,11.1344,11.7095,12.3185,12.9275,13.6042,14.2809,15.0252,15.8033,16.6153,17.4612,18.3408,19.2881,20.2693
1e-08,0.0531535,2.31413,5.11422,1.95798,0.388063,0.0920997,0.0206581,0.00665561,0.00222595,0.000985399,0.000450654,0.000239667,0.000138299,8.56416e-05,5.62624e-05,3.86337e-05,2.76787e-05,2.05056e-05,1.56229e-05,1.22216e-05,9.78474e-06,8.28153e-06,6.74486e-06,5.5766e-06,4.68512e-06,4.14781e-06,3.56129e-06,3.08358e-06,2.69825e-06,2.45705e-06,2.18291e-06,1.95011e-06,1.75551e-06,1.62562e-06,1.47875e-06,1.37375e-06,1.24156e-06,1.16707e-06,1.06863e-06,1.01138e-06,9.31692e-07,8.84297e-07,8.21265e-07,7.82584e-07,7.29275e-07,6.98404e-07,6.53748e-07,6.25025e-07,5.88204e-07,5.66063e-07,5.36268e-07,4.92152e-07,4.50789e-07,4.16132e-07,3.85959e-07,3.5949e-07,3.35645e-07,3.15712e-07,2.96826e-07,2.7962e-07,2.64313e-07,2.50429e-07,2.37866e-07,2.26532e-07,2.15712e-07,2.06299e-07,1.99063e-07,1.89262e-07,1.82904e-07,1.74464e-07,1.68877e-07,1.61642e-07,1.57005e-07,1.50311e-07,1.46272e-07,1.4056e-07,1.36805e-07,1.31736e-07,1.28714e-07,1.23981e-07,1.20759e-07,1.17416e-07,1.1418e-07,1.11047e-07,1.08229e-07,1.05498e-07,1.02849e-07,1.00279e-07,9.77844e-08,9.55635e-08,9.3406e-08,8.82725e-08,8.11193e-08,7.51939e-08,6.92553e-08,6.42238e-08,5.98215e-08,5.55394e-08,5.1936e-08,4.8314e-08,4.49637e-08,4.20584e-08,3.95354e-08,3.68591e-08,3.45456e-08,3.25436e-08,3.04369e-08,2.87039e-08,2.69729e-08,2.54105e-08,2.39953e-08,2.25945e-08,2.13265e-08,2.00823e-08,1.89745e-08,1.7934e-08,1.69576e-08,1.60418e-08,1.52052e-08,1.43764e-08
1.2e-08,0.0638097,2.83624,6.43763,2.40968,0.468414,0.110694,0.0247998,0.00799326,0.00267113,0.00118394,0.000540508,0.000287074,0.000165959,0.000102842,6.74457e-05,4.63826e-05,3.32145e-05,2.46068e-05,1.87871e-05,1.47041e-05,1.17232e-05,9.981e-06,8.0921e-06,6.69528e-06,5.62215e-06,4.97578e-06,4.272e-06,3.69879e-06,3.2379e-06,2.94989e-06,2.62088e-06,2.34284e-06,2.10529e-06,1.95593e-06,1.77577e-06,1.64603e-06,1.4947e-06,1.40403e-06,1.28236e-06,1.21024e-06,1.1147e-06,1.05897e-06,9.81252e-07,9.34899e-07,8.73075e-07,8.35048e-07,7.82517e-07,7.51983e-07,7.07758e-07,6.79276e-07,6.42598e-07,5.90583e-07,5.41814e-07,5.00199e-07,4.65109e-07,4.32022e-07,4.04623e-07,3.78704e-07,3.55972e-07,3.35828e-07,3.17384e-07,3.00853e-07,2.85439e-07,2.71709e-07,2.58918e-07,2.4762e-07,2.39058e-07,2.27055e-07,2.19485e-07,2.093e-07,2.02876e-07,1.93753e-07,1.88352e-07,1.80425e-07,1.75423e-07,1.68571e-07,1.64415e-07,1.58278e-07,1.54408e-07,1.48918e-07,1.44819e-07,1.40854e-07,1.37016e-07,1.33301e-07,1.29701e-07,1.26426e-07,1.2325e-07,1.20376e-07,1.17382e-07,1.14676e-07,1.12048e-07,1.05889e-07,9.7452e-08,9.01982e-08,8.3139e-08,7.69444e-08,7.17858e-08,6.66193e-08,6.22163e-08,5.80783e-08,5.39805e-08,5.05158e-08,4.73771e-08,4.42928e-08,4.15136e-08,3.89963e-08,3.65598e-08,3.43602e-08,3.23514e-08,3.04468e-08,2.87216e-08,2.70858e-08,2.56049e-08,2.41488e-08,2.27813e-08,2.14982e-08,2.03492e-08,1.92707e-08,1.82267e-08,1.72517e-08
1.44e-08,0.0766084,3.49217,8.11261,2.98207,0.566095,0.133084,0.0297743,0.00959191,0.00319308,0.00142043,0.000649715,0.000345016,0.000198648,0.000123892,8.09349e-05,5.56812e-05,3.99213e-05,2.95281e-05,2.25445e-05,1.75685e-05,1.41233e-05,1.19592e-05,9.73485e-06,8.03265e-06,6.74658e-06,5.97094e-06,5.12177e-06,4.44155e-06,3.88694e-06,3.53558e-06,3.14228e-06,2.81006e-06,2.52767e-06,2.34452e-06,2.12966e-06,1.974e-06,1.79002e-06,1.68247e-06,1.53652e-06,1.45456e-06,1.34208e-06,1.27186e-06,1.17857e-06,1.12398e-06,1.04769e-06,1.00206e-06,9.41001e-07,9.03356e-07,8.4644e-07,8.16074e-07,7.72042e-07,7.0691e-07,6.50176e-07,6.0108e-07,5.54867e-07,5.19219e-07,4.81694e-07,4.53695e-07,4.27167e-07,4.01998e-07,3.81554e-07,3.62106e-07,3.43584e-07,3.25922e-07,3.10639e-07,2.97267e-07,2.8693e-07,2.72525e-07,2.63614e-07,2.51217e-07,2.43284e-07,2.32667e-07,2.25862e-07,2.16563e-07,2.10508e-07,2.02386e-07,1.97248e-07,1.89934e-07,1.85146e-07,1.7856e-07,1.73736e-07,1.68842e-07,1.6433e-07,1.59961e-07,1.55728e-07,1.5184e-07,1.48068e-07,1.4441e-07,1.40859e-07,1.37611e-07,1.34457e-07,1.27143e-07,1.1687e-07,1.08134e-07,9.96361e-08,9.24574e-08,8.61134e-08,8.00834e-08,7.47664e-08,6.96178e-08,6.48006e-08,6.05733e-08,5.68526e-08,5.30688e-08,4.97574e-08,4.68516e-08,4.3925e-08,4.12829e-08,3.88538e-08,3.65514e-08,3.45387e-08,3.24753e-08,3.06732e-08,2.8966e-08,2.73613e-08,2.57979e-08,2.44405e-08,2.31146e-08,2.18818e-08,2.07299e-08
1.73e-08,0.0919828,4.32353,10.1125,3.71452,0.68517,0.160065,0.0357499,0.0115168,0.00383784,0.00170803,0.000778276,0.000413492,0.00023888,0.000147948,9.7191e-05,6.68618e-05,4.79055e-05,3.54748e-05,2.6994e-05,2.11013e-05,1.68925e-05,1.42971e-05,1.16471e-05,9.67283e-06,8.09915e-06,7.16513e-06,6.14921e-06,5.33436e-06,4.66724e-06,4.24269e-06,3.76796e-06,3.37207e-06,3.03584e-06,2.81084e-06,2.55306e-06,2.37004e-06,2.14561e-06,2.02015e-06,1.84844e-06,1.74434e-06,1.60828e-06,1.52841e-06,1.41322e-06,1.34983e-06,1.25826e-06,1.20449e-06,1.1292e-06,1.07914e-06,1.0186e-06,9.81176e-07,9.29224e-07,8.45607e-07,7.80212e-07,7.18774e-07,6.65025e-07,6.2227e-07,5.81887e-07,5.43684e-07,5.1114e-07,4.8382e-07,4.57865e-07,4.33174e-07,4.09658e-07,3.90461e-07,3.72136e-07,3.57708e-07,3.45406e-07,3.27739e-07,3.16453e-07,3.00214e-07,2.92609e-07,2.80289e-07,2.70605e-07,2.59771e-07,2.52816e-07,2.42762e-07,2.36549e-07,2.27677e-07,2.22127e-07,2.14319e-07,2.08668e-07,2.02747e-07,1.97241e-07,1.91909e-07,1.86961e-07,1.82165e-07,1.77514e-07,1.73209e-07,1.6903e-07,1.65174e-07,1.61428e-07,1.5261e-07,1.4028e-07,1.29865e-07,1.19563e-07,1.10918e-07,1.03395e-07,9.6072e-08,8.97197e-08,8.35667e-08,7.77848e-08,7.26879e-08,6.82884e-08,6.37032e-08,5.97678e-08,5.62033e-08,5.26212e-08,4.95564e-08,4.65603e-08,4.38769e-08,4.13737e-08,3.89703e-08,3.68605e-08,3.47217e-08,3.27741e-08,3.10027e-08,2.92856e-08,2.77272e-08,2.62192e-08,2.48573e-08
2.07e-08,0.110456,5.38662,12.2536,4.65954,0.830811,0.192605,0.0429299,0.0138169,0.0046054,0.00204379,0.000934484,0.000496454,0.000286656,0.000178019,0.000116445,8.02563e-05,5.73802e-05,4.25492e-05,3.24324e-05,2.53025e-05,2.0308e-05,1.71745e-05,1.39939e-05,1.16074e-05,9.69616e-06,8.59816e-06,7.37751e-06,6.39974e-06,5.60069e-06,5.09266e-06,4.52572e-06,4.04242e-06,3.63641e-06,3.3743e-06,3.06493e-06,2.84033e-06,2.57956e-06,2.42299e-06,2.21813e-06,2.09662e-06,1.92993e-06,1.8341e-06,1.70119e-06,1.61769e-06,1.50991e-06,1.44236e-06,1.35207e-06,1.29888e-06,1.21945e-06,1.17458e-06,1.11414e-06,1.01562e-06,9.36254e-07,8.61688e-07,7.99662e-07,7.45138e-07,6.97493e-07,6.5617e-07,6.17019e-07,5.79873e-07,5.4805e-07,5.21163e-07,4.9225e-07,4.67908e-07,4.47824e-07,4.28632e-07,4.12064e-07,3.92696e-07,3.80324e-07,3.62523e-07,3.51131e-07,3.34714e-07,3.24191e-07,3.1162e-07,3.04411e-07,2.90204e-07,2.8356e-07,2.72725e-07,2.66553e-07,2.56431e-07,2.49847e-07,2.43479e-07,2.37316e-07,2.31349e-07,2.23399e-07,2.17829e-07,2.12428e-07,2.07188e-07,2.02918e-07,1.98169e-07,1.93555e-07,1.83055e-07,1.68409e-07,1.55734e-07,1.43574e-07,1.33101e-07,1.24074e-07,1.15286e-07,1.0761e-07,1.00305e-07,9.32936e-08,8.72027e-08,8.19025e-08,7.64026e-08,7.16428e-08,6.74252e-08,6.3181e-08,5.94339e-08,5.59526e-08,5.26523e-08,4.9663e-08,4.67782e-08,4.42326e-08,4.17286e-08,3.93765e-08,3.71693e-08,3.51535e-08,3.33137e-08,3.14826e-08,2.98195e-08
2.49e-08,0.132656,6.7541,14.2811,5.87907,1.00967,0.231889,0.051559,0.0165919,0.00552649,0.00245255,0.0011211,0.000595218,0.00034449,0.000212901,0.000139503,9.61968e-05,6.88775e-05,5.1059e-05,3.88596e-05,3.0363e-05,2.43695e-05,2.05914e-05,1.67752e-05,1.38784e-05,1.16517e-05,1.03496e-05,8.88391e-06,7.65267e-06,6.71645e-06,6.11405e-06,5.42947e-06,4.85497e-06,4.36897e-06,4.04786e-06,3.67792e-06,3.40963e-06,3.09185e-06,2.90878e-06,2.65714e-06,2.51139e-06,2.31814e-06,2.19982e-06,2.03716e-06,1.94333e-06,1.81291e-06,1.73083e-06,1.62447e-06,1.55768e-06,1.46812e-06,1.41044e-06,1.33605e-06,1.22143e-06,1.12264e-06,1.03403e-06,9.58778e-07,8.95751e-07,8.36221e-07,7.83655e-07,7.37502e-07,6.9727e-07,6.59048e-07,6.22688e-07,5.91361e-07,5.64716e-07,5.36128e-07,5.14976e-07,4.969e-07,4.69464e-07,4.55808e-07,4.33328e-07,4.208e-07,4.02745e-07,3.91172e-07,3.74468e-07,3.63745e-07,3.50769e-07,3.4077e-07,3.28732e-07,3.19383e-07,3.08187e-07,3.00742e-07,2.91264e-07,2.84331e-07,2.75415e-07,2.68946e-07,2.62676e-07,2.56596e-07,2.48625e-07,2.4293e-07,2.374e-07,2.32028e-07,2.20203e-07,2.01437e-07,1.8626e-07,1.71505e-07,1.59784e-07,1.49184e-07,1.38288e-07,1.29106e-07,1.20341e-07,1.11928e-07,1.04689e-07,9.82395e-08,9.17863e-08,8.59714e-08,8.09851e-08,7.58704e-08,7.13376e-08,6.7111e-08,6.31065e-08,5.96247e-08,5.61753e-08,5.30528e-08,5.00493e-08,4.7228e-08,4.46371e-08,4.22057e-08,3.99252e-08,3.77693e-08,3.58019e-08
2.99e-08,0.15935,8.50493,16.0496,7.41769,1.23047,0.279381,0.0619342,0.0199177,0.00663178,0.0029489,0.00134643,0.000715051,0.000413639,0.000256203,0.000168326,0.000115126,8.27169e-05,6.12093e-05,4.6671e-05,3.64738e-05,2.92619e-05,2.47277e-05,2.01651e-05,1.66541e-05,1.40146e-05,1.23399e-05,1.06607e-05,9.22822e-06,8.09475e-06,7.35686e-06,6.51398e-06,5.82325e-06,5.24013e-06,4.85744e-06,4.4173e-06,4.09032e-06,3.71263e-06,3.48935e-06,3.19434e-06,3.01708e-06,2.77844e-06,2.63651e-06,2.4478e-06,2.33199e-06,2.17242e-06,2.08003e-06,1.94639e-06,1.87019e-06,1.75983e-06,1.69347e-06,1.60418e-06,1.46303e-06,1.34803e-06,1.24419e-06,1.15461e-06,1.07411e-06,1.00192e-06,9.41135e-07,8.87193e-07,8.36013e-07,7.90857e-07,7.47902e-07,7.10294e-07,6.74432e-07,6.43353e-07,6.16737e-07,5.93857e-07,5.63947e-07,5.45809e-07,5.21126e-07,5.04403e-07,4.81661e-07,4.68871e-07,4.4779e-07,4.35978e-07,4.18904e-07,4.07929e-07,3.94478e-07,3.8422e-07,3.69354e-07,3.6089e-07,3.50427e-07,3.40302e-07,3.32701e-07,3.23169e-07,3.1393e-07,3.07074e-07,3.00422e-07,2.91924e-07,2.85685e-07,2.79623e-07,2.64243e-07,2.43176e-07,2.24202e-07,2.07439e-07,1.92361e-07,1.78726e-07,1.65496e-07,1.54873e-07,1.44562e-07,1.34651e-07,1.25718e-07,1.17626e-07,1.10474e-07,1.03048e-07,9.72569e-08,9.13995e-08,8.52674e-08,8.02764e-08,7.57736e-08,7.15496e-08,6.73689e-08,6.36502e-08,6.00592e-08,5.66855e-08,5.35192e-08,5.06576e-08,4.79204e-08,4.53232e-08,4.29438e-08
3.58e-08,0.191449,10.6748,17.5433,9.22938,1.5046,0.336872,0.0744114,0.0239118,0.00796735,0.00353284,0.00161738,0.000857271,0.000495362,0.000306722,0.000201761,0.000138373,9.92177e-05,7.35127e-05,5.60646e-05,4.38259e-05,3.50774e-05,2.96732e-05,2.41633e-05,2.00185e-05,1.6785e-05,1.48875e-05,1.27465e-05,1.10289e-05,9.69911e-06,8.78538e-06,7.78618e-06,6.97436e-06,6.28948e-06,5.82893e-06,5.30202e-06,4.91334e-06,4.45395e-06,4.1884e-06,3.82975e-06,3.61936e-06,3.33302e-06,3.166e-06,2.93309e-06,2.79944e-06,2.60895e-06,2.49502e-06,2.33765e-06,2.2413e-06,2.10893e-06,2.02839e-06,1.92317e-06,1.75833e-06,1.61677e-06,1.49219e-06,1.38309e-06,1.28814e-06,1.20231e-06,1.13236e-06,1.06244e-06,1.00322e-06,9.46948e-07,8.96806e-07,8.52352e-07,8.09964e-07,7.72654e-07,7.40085e-07,7.15052e-07,6.79099e-07,6.56132e-07,6.25918e-07,6.04726e-07,5.79626e-07,5.62645e-07,5.39443e-07,5.2369e-07,5.04703e-07,4.90012e-07,4.72399e-07,4.61064e-07,4.44636e-07,4.32605e-07,4.20968e-07,4.09706e-07,3.98801e-07,3.88237e-07,3.77997e-07,3.68068e-07,3.58434e-07,3.51126e-07,3.42017e-07,3.35151e-07,3.15943e-07,2.9036e-07,2.69042e-07,2.48274e-07,2.29592e-07,2.14176e-07,1.99157e-07,1.85581e-07,1.73728e-07,1.611e-07,1.50862e-07,1.41587e-07,1.32156e-07,1.23657e-07,1.16895e-07,1.09147e-07,1.02996e-07,9.63316e-08,9.08062e-08,8.58013e-08,8.08427e-08,7.6354e-08,7.19459e-08,6.78084e-08,6.44946e-08,6.08322e-08,5.7402e-08,5.45828e-08,5.14769e-08
4.3e-08,0.230068,13.1568,18.8012,11.1242,1.84754,0.406595,0.0894234,0.0287089,0.00956389,0.00424817,0.00193532,0.00102846,0.000594685,0.000368067,0.000242113,0.000166047,0.000119232,8.81742e-05,6.72379e-05,5.25147e-05,4.20929e-05,3.56079e-05,2.90307e-05,2.39718e-05,2.01257e-05,1.78332e-05,1.52958e-05,1.32796e-05,1.15952e-05,1.0571e-05,9.38513e-06,8.39632e-06,7.52361e-06,6.99471e-06,6.38265e-06,5.89106e-06,5.34595e-06,5.02371e-06,4.59801e-06,4.34096e-06,4.00406e-06,3.7992e-06,3.52504e-06,3.35618e-06,3.1328e-06,2.99605e-06,2.80815e-06,2.69054e-06,2.53454e-06,2.43407e-06,2.30688e-06,2.10731e-06,1.93753e-06,1.79063e-06,1.66052e-06,1.54577e-06,1.44508e-06,1.35733e-06,1.27785e-06,1.20244e-06,1.13772e-06,1.07617e-06,1.02414e-06,9.74539e-07,9.27185e-07,8.88102e-07,8.57456e-07,8.11966e-07,7.86777e-07,7.50535e-07,7.27343e-07,6.93919e-07,6.75174e-07,6.46808e-07,6.2946e-07,6.03121e-07,5.89507e-07,5.67366e-07,5.52316e-07,5.34034e-07,5.18201e-07,5.05162e-07,4.90304e-07,4.78121e-07,4.64149e-07,4.52742e-07,4.41681e-07,4.3095e-07,4.20534e-07,4.1042e-07,4.00595e-07,3.79131e-07,3.48432e-07,3.22506e-07,2.97275e-07,2.76131e-07,2.57011e-07,2.38427e-07,2.22964e-07,2.07966e-07,1.9356e-07,1.80577e-07,1.69904e-07,1.59e-07,1.48193e-07,1.40274e-07,1.31331e-07,1.23258e-07,1.15598e-07,1.0912e-07,1.03252e-07,9.67349e-08,9.14931e-08,8.63351e-08,8.14891e-08,7.6941e-08,7.26756e-08,6.91899e-08,6.53044e-08,6.16795e-08
5.16e-08,0.276561,15.6738,19.8702,12.8809,2.28043,0.491356,0.107498,0.0344726,0.0114828,0.00509488,0.00232239,0.00123521,0.000714125,0.000442642,0.000290536,0.000199257,0.000142652,0.000105604,8.06855e-05,6.30176e-05,5.0493e-05,4.27115e-05,3.47673e-05,2.87662e-05,2.41997e-05,2.14158e-05,1.83858e-05,1.59056e-05,1.39288e-05,1.27138e-05,1.12622e-05,1.00891e-05,9.04153e-06,8.41956e-06,7.64654e-06,7.05442e-06,6.38862e-06,6.04268e-06,5.51645e-06,5.21029e-06,4.80265e-06,4.55795e-06,4.22898e-06,4.02847e-06,3.75936e-06,3.59324e-06,3.36779e-06,3.22767e-06,3.04145e-06,2.92466e-06,2.76918e-06,2.53235e-06,2.32763e-06,2.14792e-06,1.99099e-06,1.85492e-06,1.7341e-06,1.6273e-06,1.52977e-06,1.44435e-06,1.36319e-06,1.29275e-06,1.22897e-06,1.16816e-06,1.11325e-06,1.06387e-06,1.02713e-06,9.77311e-07,9.43552e-07,9.00642e-07,8.72255e-07,8.32702e-07,8.09137e-07,7.75122e-07,7.55867e-07,7.24249e-07,7.06413e-07,6.79379e-07,6.62779e-07,6.399e-07,6.22304e-07,6.05284e-07,5.88812e-07,5.72863e-07,5.57412e-07,5.44572e-07,5.30018e-07,5.17969e-07,5.04233e-07,4.92907e-07,4.81904e-07,4.55724e-07,4.19207e-07,3.88042e-07,3.5771e-07,3.30427e-07,3.08708e-07,2.86112e-07,2.68358e-07,2.49813e-07,2.32032e-07,2.17149e-07,2.03667e-07,1.89974e-07,1.78616e-07,1.67394e-07,1.57065e-07,1.47741e-07,1.38878e-07,1.31249e-07,1.23612e-07,1.16082e-07,1.09923e-07,1.03852e-07,9.81438e-08,9.27818e-08,8.7749e-08,8.30279e-08,7.84627e-08,7.42009e-08
6.19e-08,0.332563,17.9618,20.7892,14.3962,2.83241,0.594657,0.129269,0.0413982,0.0137855,0.00610218,0.00279239,0.00148804,0.000856196,0.000530449,0.000348181,0.000239108,0.000171395,0.000127135,9.68028e-05,7.56211e-05,6.05546e-05,5.12538e-05,4.17208e-05,3.45698e-05,2.9007e-05,2.56352e-05,2.20166e-05,1.91317e-05,1.67e-05,1.52137e-05,1.34868e-05,1.20528e-05,1.08894e-05,1.01035e-05,9.1632e-06,8.47768e-06,7.71456e-06,7.22751e-06,6.64285e-06,6.25007e-06,5.76762e-06,5.45862e-06,5.07158e-06,4.83206e-06,4.50918e-06,4.31188e-06,4.04135e-06,3.87711e-06,3.64878e-06,3.50959e-06,3.32394e-06,3.03792e-06,2.79142e-06,2.57666e-06,2.39083e-06,2.22352e-06,2.08092e-06,1.95351e-06,1.83645e-06,1.7325e-06,1.63721e-06,1.54995e-06,1.47345e-06,1.4005e-06,1.33717e-06,1.27973e-06,1.23316e-06,1.17218e-06,1.13226e-06,1.07907e-06,1.04782e-06,1.00142e-06,9.72572e-07,9.32241e-07,9.05493e-07,8.70613e-07,8.48193e-07,8.15741e-07,7.97256e-07,7.69292e-07,7.47227e-07,7.25885e-07,7.0747e-07,6.87436e-07,6.70196e-07,6.53487e-07,6.37283e-07,6.21563e-07,6.06304e-07,5.91488e-07,5.79078e-07,5.47634e-07,5.02686e-07,4.6565e-07,4.27945e-07,3.97133e-07,3.70746e-07,3.43615e-07,3.21763e-07,2.99268e-07,2.78919e-07,2.60579e-07,2.45054e-07,2.28175e-07,2.13947e-07,2.0106e-07,1.89011e-07,1.77289e-07,1.66975e-07,1.57194e-07,1.48335e-07,1.39575e-07,1.32303e-07,1.24498e-07,1.17773e-07,1.10886e-07,1.04976e-07,9.94285e-08,9.40578e-08,8.90411e-08
7.43e-08,0.400079,19.922,21.5891,15.6727,3.544,0.721,0.155519,0.0497235,0.0165399,0.00732845,0.00334534,0.00177775,0.00102844,0.000636298,0.000417357,0.000287816,0.000205461,0.000152767,0.000115689,9.08026e-05,7.27394e-05,6.15045e-05,5.0065e-05,4.1467e-05,3.47921e-05,3.08101e-05,2.642e-05,2.2958e-05,2.00546e-05,1.8285e-05,1.6198e-05,1.44904e-05,1.30673e-05,1.21112e-05,1.09958e-05,1.02103e-05,9.22131e-06,8.70856e-06,7.91365e-06,7.50009e-06,6.93224e-06,6.55035e-06,6.0795e-06,5.77746e-06,5.39252e-06,5.16211e-06,4.84863e-06,4.64862e-06,4.37567e-06,4.21245e-06,3.98503e-06,3.6464e-06,3.35058e-06,3.09367e-06,2.86817e-06,2.6714e-06,2.49325e-06,2.34346e-06,2.2052e-06,2.07758e-06,1.96674e-06,1.8613e-06,1.76747e-06,1.68124e-06,1.60208e-06,1.53259e-06,1.47858e-06,1.40544e-06,1.35872e-06,1.29432e-06,1.25683e-06,1.20007e-06,1.16548e-06,1.11817e-06,1.08608e-06,1.04474e-06,1.01733e-06,9.7889e-07,9.55747e-07,9.22209e-07,8.97598e-07,8.71517e-07,8.48516e-07,8.26245e-07,8.04669e-07,7.83757e-07,7.63478e-07,7.45875e-07,7.26749e-07,7.10188e-07,6.941e-07,6.56778e-07,6.02497e-07,5.5878e-07,5.14514e-07,4.76249e-07,4.44599e-07,4.12338e-07,3.85848e-07,3.58868e-07,3.34222e-07,3.13152e-07,2.92976e-07,2.73604e-07,2.57129e-07,2.41272e-07,2.2628e-07,2.12746e-07,2.00691e-07,1.8848e-07,1.78147e-07,1.67904e-07,1.58632e-07,1.49522e-07,1.4097e-07,1.33515e-07,1.25971e-07,1.19417e-07,1.13064e-07,1.06664e-07
8.92e-08,0.481543,21.572,22.2927,16.7493,4.46849,0.876131,0.187196,0.0597335,0.0198561,0.0088029,0.00402271,0.0021333,0.00123337,0.000763798,0.00050152,0.000345379,0.00024698,0.0001825,0.00013942,0.000108849,8.72319e-05,7.38234e-05,6.01475e-05,4.97099e-05,4.17994e-05,3.69402e-05,3.17503e-05,2.75346e-05,2.40655e-05,2.19277e-05,1.94655e-05,1.7402e-05,1.56412e-05,1.45075e-05,1.32077e-05,1.22524e-05,1.10897e-05,1.04266e-05,9.53104e-06,8.97738e-06,8.31868e-06,7.86042e-06,7.30606e-06,6.98548e-06,6.47103e-06,6.2249e-06,5.79459e-06,5.56662e-06,5.26036e-06,5.0474e-06,4.76169e-06,4.37121e-06,4.01809e-06,3.71156e-06,3.44344e-06,3.20251e-06,2.99421e-06,2.81591e-06,2.64697e-06,2.49381e-06,2.3587e-06,2.23355e-06,2.12097e-06,2.02007e-06,1.92375e-06,1.84096e-06,1.77551e-06,1.68594e-06,1.63162e-06,1.55488e-06,1.50764e-06,1.43954e-06,1.39857e-06,1.34075e-06,1.30535e-06,1.25166e-06,1.2213e-06,1.17613e-06,1.14786e-06,1.10571e-06,1.07573e-06,1.04673e-06,1.01643e-06,9.89291e-07,9.65169e-07,9.39654e-07,9.17014e-07,8.92978e-07,8.7169e-07,8.5303e-07,8.3292e-07,7.86985e-07,7.24085e-07,6.69157e-07,6.17417e-07,5.72429e-07,5.33224e-07,4.95086e-07,4.63285e-07,4.31149e-07,4.01547e-07,3.74869e-07,3.51789e-07,3.28325e-07,3.08162e-07,2.899e-07,2.71536e-07,2.55802e-07,2.40829e-07,2.25871e-07,2.13776e-07,2.0107e-07,1.90227e-07,1.79552e-07,1.69521e-07,1.60105e-07,1.51273e-07,1.42993e-07,1.35482e-07,1.27997e-07
1.07e-07,0.579937,22.9651,22.9176,17.6668,5.66439,1.06755,0.22546,0.0717725,0.0238383,0.0105693,0.00482448,0.00256786,0.00148357,0.000916558,0.000601824,0.000414012,0.00029595,0.00021941,0.000167106,0.000130809,0.000104309,8.866e-05,7.21422e-05,5.97192e-05,5.01104e-05,4.43442e-05,3.80849e-05,3.30115e-05,2.88786e-05,2.62847e-05,2.33585e-05,2.08554e-05,1.8809e-05,1.7422e-05,1.57986e-05,1.46658e-05,1.33197e-05,1.25e-05,1.14373e-05,1.07956e-05,9.98242e-06,9.44342e-06,8.74594e-06,8.35106e-06,7.80632e-06,7.43952e-06,6.98322e-06,6.68972e-06,6.31244e-06,6.08518e-06,5.73252e-06,5.23471e-06,4.81131e-06,4.45556e-06,4.12071e-06,3.8446e-06,3.59151e-06,3.37834e-06,3.17637e-06,2.99186e-06,2.83044e-06,2.68026e-06,2.54715e-06,2.42344e-06,2.3085e-06,2.20792e-06,2.13001e-06,2.02253e-06,1.95678e-06,1.86643e-06,1.80861e-06,1.72799e-06,1.67722e-06,1.60785e-06,1.56591e-06,1.50402e-06,1.46506e-06,1.40989e-06,1.37599e-06,1.32685e-06,1.29088e-06,1.25608e-06,1.22016e-06,1.18759e-06,1.1582e-06,1.12758e-06,1.1e-06,1.07323e-06,1.04725e-06,1.02203e-06,9.99504e-07,9.43999e-07,8.69265e-07,8.03678e-07,7.39921e-07,6.87226e-07,6.39573e-07,5.94665e-07,5.55408e-07,5.17378e-07,4.80895e-07,4.50299e-07,4.22582e-07,3.94402e-07,3.69991e-07,3.4788e-07,3.25666e-07,3.06456e-07,2.88192e-07,2.71656e-07,2.56677e-07,2.41146e-07,2.28404e-07,2.15212e-07,2.02831e-07,1.91787e-07,1.8142e-07,1.71694e-07,1.62286e-07,1.53967e-07
1.28e-07,0.698988,24.1541,23.4776,18.4588,7.15622,1.30529,0.271766,0.0862647,0.0286235,0.0126861,0.00579214,0.00306827,0.00177274,0.00110059,0.000721727,0.000497035,0.000355565,0.000263497,0.000200725,0.000156589,0.00012554,0.000106104,8.65707e-05,7.1663e-05,6.01325e-05,5.32608e-05,4.56556e-05,3.96138e-05,3.46397e-05,3.15702e-05,2.80164e-05,2.50535e-05,2.25048e-05,2.09194e-05,1.89584e-05,1.75742e-05,1.59716e-05,1.49882e-05,1.37478e-05,1.29547e-05,1.19234e-05,1.13539e-05,1.05058e-05,1.00318e-05,9.34704e-06,8.95779e-06,8.36996e-06,8.05696e-06,7.55579e-06,7.26448e-06,6.88828e-06,6.3085e-06,5.80824e-06,5.33826e-06,4.93669e-06,4.59766e-06,4.31598e-06,4.04951e-06,3.79704e-06,3.59308e-06,3.39583e-06,3.21835e-06,3.05591e-06,2.90748e-06,2.77209e-06,2.65197e-06,2.55722e-06,2.42999e-06,2.34872e-06,2.23745e-06,2.17088e-06,2.07359e-06,2.01481e-06,1.92995e-06,1.87806e-06,1.80431e-06,1.75857e-06,1.69236e-06,1.65215e-06,1.59269e-06,1.54998e-06,1.50638e-06,1.46419e-06,1.42555e-06,1.38811e-06,1.35396e-06,1.31873e-06,1.28663e-06,1.25752e-06,1.22724e-06,1.1998e-06,1.13356e-06,1.04167e-06,9.64068e-07,8.88558e-07,8.2374e-07,7.68078e-07,7.13878e-07,6.66222e-07,6.21361e-07,5.78276e-07,5.40588e-07,5.07534e-07,4.7287e-07,4.43597e-07,4.18018e-07,3.91332e-07,3.68085e-07,3.45991e-07,3.25834e-07,3.07576e-07,2.89514e-07,2.73821e-07,2.5838e-07,2.43872e-07,2.30257e-07,2.17488e-07,2.06032e-07,1.94938e-07,1.84575e-07
1.54e-07,0.843237,25.1809,23.9829,19.1506,8.85155,1.60282,0.327886,0.103716,0.0343732,0.0152211,0.00695334,0.00368719,0.00213735,0.00132312,0.000865842,0.000595557,0.000426891,0.000315787,0.000241265,0.000188098,0.000150464,0.000127685,0.000104302,8.57938e-05,7.21916e-05,6.38493e-05,5.48485e-05,4.75666e-05,4.15676e-05,3.78557e-05,3.35779e-05,3.00642e-05,2.70586e-05,2.50644e-05,2.28132e-05,2.11014e-05,1.91659e-05,1.80095e-05,1.64627e-05,1.55684e-05,1.43636e-05,1.3592e-05,1.2639e-05,1.20276e-05,1.11959e-05,1.07291e-05,1.00539e-05,9.61952e-06,9.08608e-06,8.72681e-06,8.27518e-06,7.56125e-06,6.93522e-06,6.43114e-06,5.95666e-06,5.5489e-06,5.16376e-06,4.87441e-06,4.56375e-06,4.30458e-06,4.05835e-06,3.85796e-06,3.6671e-06,3.48511e-06,3.31138e-06,3.1762e-06,3.06018e-06,2.91422e-06,2.81904e-06,2.68493e-06,2.60283e-06,2.48994e-06,2.41669e-06,2.31751e-06,2.2547e-06,2.16518e-06,2.10929e-06,2.03083e-06,1.98113e-06,1.91264e-06,1.85997e-06,1.80675e-06,1.75748e-06,1.71198e-06,1.66573e-06,1.62304e-06,1.58374e-06,1.54562e-06,1.50862e-06,1.47268e-06,1.43976e-06,1.36143e-06,1.25036e-06,1.15723e-06,1.0666e-06,9.88178e-07,9.21694e-07,8.55532e-07,7.99734e-07,7.44365e-07,6.93691e-07,6.4802e-07,6.08823e-07,5.67857e-07,5.32905e-07,5.01247e-07,4.69421e-07,4.41533e-07,4.15832e-07,3.90696e-07,3.69382e-07,3.47555e-07,3.28454e-07,3.0968e-07,2.92647e-07,2.76082e-07,2.61094e-07,2.47546e-07,2.33926e-07,2.21675e-07
1.85e-07,1.01834,26.0776,24.4417,19.7614,10.5377,1.97839,0.396027,0.124742,0.0412824,0.0182727,0.00834953,0.00442463,0.00255224,0.00158774,0.00103993,0.000715111,0.000512057,0.000379354,0.000288728,0.00022629,0.000180925,0.000152862,0.000124293,0.000103457,8.63692e-05,7.66669e-05,6.57409e-05,5.70199e-05,4.99541e-05,4.54268e-05,4.03213e-05,3.60906e-05,3.24703e-05,3.01161e-05,2.73632e-05,2.53711e-05,2.29629e-05,2.16233e-05,1.97553e-05,1.86934e-05,1.71919e-05,1.63213e-05,1.51454e-05,1.44437e-05,1.34556e-05,1.28547e-05,1.20844e-05,1.15727e-05,1.09033e-05,1.04722e-05,9.93946e-06,9.08245e-06,8.32226e-06,7.69214e-06,7.13984e-06,6.65868e-06,6.20422e-06,5.84929e-06,5.4765e-06,5.15838e-06,4.89083e-06,4.63632e-06,4.39391e-06,4.19503e-06,4.00519e-06,3.82377e-06,3.69645e-06,3.48407e-06,3.39679e-06,3.22872e-06,3.12117e-06,2.99337e-06,2.8936e-06,2.77578e-06,2.70874e-06,2.59922e-06,2.53712e-06,2.43505e-06,2.37736e-06,2.29376e-06,2.23243e-06,2.16855e-06,2.10898e-06,2.05349e-06,1.99974e-06,1.94765e-06,1.89923e-06,1.85433e-06,1.80871e-06,1.76642e-06,1.72732e-06,1.63333e-06,1.5008e-06,1.38833e-06,1.28057e-06,1.18674e-06,1.10633e-06,1.02804e-06,9.59947e-07,8.93999e-07,8.31949e-07,7.78309e-07,7.30806e-07,6.81428e-07,6.38897e-07,6.01309e-07,5.63482e-07,5.30177e-07,4.98516e-07,4.69293e-07,4.42822e-07,4.17342e-07,3.94276e-07,3.71616e-07,3.50938e-07,3.31525e-07,3.13313e-07,2.96748e-07,2.80711e-07,2.65732e-07
2.22e-07,1.23148,26.8692,24.861,20.3059,12.0427,2.45802,0.47901,0.150107,0.0495908,0.0219388,0.0100222,0.00532009,0.00306772,0.00190047,0.00124515,0.000857912,0.000614255,0.000455225,0.000347066,0.000271167,0.000216926,0.000183435,0.0001495,0.000123644,0.000104295,9.23506e-05,7.87964e-05,6.84239e-05,5.99449e-05,5.44979e-05,4.83856e-05,4.32681e-05,3.8938e-05,3.61393e-05,3.2798e-05,3.03835e-05,2.76037e-05,2.5948e-05,2.3741e-05,2.23866e-05,2.06303e-05,1.95965e-05,1.81852e-05,1.73324e-05,1.61776e-05,1.54357e-05,1.44617e-05,1.38677e-05,1.30553e-05,1.25477e-05,1.18811e-05,1.08721e-05,1.00127e-05,9.24738e-06,8.56781e-06,7.96664e-06,7.43736e-06,7.01165e-06,6.5718e-06,6.19005e-06,5.86206e-06,5.55004e-06,5.28591e-06,5.03404e-06,4.79361e-06,4.59469e-06,4.42363e-06,4.1927e-06,4.06453e-06,3.88013e-06,3.76212e-06,3.59205e-06,3.48304e-06,3.32569e-06,3.25049e-06,3.12916e-06,3.03459e-06,2.92206e-06,2.85764e-06,2.75251e-06,2.68354e-06,2.59407e-06,2.52988e-06,2.46772e-06,2.4075e-06,2.34914e-06,2.2715e-06,2.21691e-06,2.16391e-06,2.11246e-06,2.06247e-06,1.9531e-06,1.80205e-06,1.66599e-06,1.53538e-06,1.42409e-06,1.32641e-06,1.23281e-06,1.15087e-06,1.0728e-06,9.97857e-07,9.33743e-07,8.76749e-07,8.17714e-07,7.6648e-07,7.21945e-07,6.76179e-07,6.35706e-07,5.98059e-07,5.63151e-07,5.31532e-07,5.00948e-07,4.73263e-07,4.46064e-07,4.21126e-07,3.97717e-07,3.76298e-07,3.562e-07,3.36756e-07,3.19064e-07
2.66e-07,1.49162,27.574,25.2458,20.7953,13.3197,3.07782,0.580345,0.180728,0.0595826,0.0263424,0.0120266,0.00637357,0.00368378,0.00228538,0.00149879,0.00102949,0.000737745,0.000546475,0.000416282,0.000325591,0.000260311,0.000220301,0.000179921,0.000148877,0.000124665,0.000110661,9.50192e-05,8.17786e-05,7.19047e-05,6.54261e-05,5.80488e-05,5.19353e-05,4.67256e-05,4.33283e-05,3.93702e-05,3.65097e-05,3.30882e-05,3.1102e-05,2.84776e-05,2.68753e-05,2.47897e-05,2.35267e-05,2.18115e-05,2.07989e-05,1.93617e-05,1.85229e-05,1.73838e-05,1.6651e-05,1.56854e-05,1.5095e-05,1.42851e-05,1.30644e-05,1.20066e-05,1.10969e-05,1.02814e-05,9.55204e-06,8.94025e-06,8.39898e-06,7.88616e-06,7.43518e-06,7.04141e-06,6.66682e-06,6.34309e-06,6.0344e-06,5.73972e-06,5.48896e-06,5.30229e-06,5.04895e-06,4.87744e-06,4.64482e-06,4.48668e-06,4.29957e-06,4.17965e-06,4.00654e-06,3.89543e-06,3.73481e-06,3.65643e-06,3.50647e-06,3.43397e-06,3.2936e-06,3.21562e-06,3.11744e-06,3.04481e-06,2.95245e-06,2.88466e-06,2.79761e-06,2.73422e-06,2.67272e-06,2.61303e-06,2.53495e-06,2.47893e-06,2.35521e-06,2.15955e-06,2.00057e-06,1.84572e-06,1.70643e-06,1.59524e-06,1.47264e-06,1.37517e-06,1.29345e-06,1.19743e-06,1.12003e-06,1.0521e-06,9.81876e-07,9.20561e-07,8.6596e-07,8.11059e-07,7.63185e-07,7.17671e-07,6.75323e-07,6.37693e-07,6.00447e-07,5.67389e-07,5.35528e-07,5.05589e-07,4.77487e-07,4.51665e-07,4.2744e-07,4.04497e-07,3.83062e-07
3.19e-07,1.81033,28.2068,25.6008,21.2385,14.3932,3.88805,0.704595,0.217748,0.0716067,0.0316345,0.0144328,0.00765092,0.00442556,0.00274246,0.00179855,0.00123982,0.000884655,0.000655155,0.00049934,0.000390518,0.000312927,0.000264362,0.000215557,0.000178316,0.000149924,0.000132157,0.00011356,9.82843e-05,8.60523e-05,7.85684e-05,6.95195e-05,6.22953e-05,5.60971e-05,5.2007e-05,4.72695e-05,4.38116e-05,3.97179e-05,3.73224e-05,3.41385e-05,3.22731e-05,2.97254e-05,2.82211e-05,2.61845e-05,2.49481e-05,2.32649e-05,2.22173e-05,2.08506e-05,1.99715e-05,1.88417e-05,1.8114e-05,1.71513e-05,1.56594e-05,1.43906e-05,1.32826e-05,1.23213e-05,1.14942e-05,1.07129e-05,1.00863e-05,9.4926e-06,8.92933e-06,8.46356e-06,8.02049e-06,7.59849e-06,7.22837e-06,6.90658e-06,6.59909e-06,6.36275e-06,6.05284e-06,5.83551e-06,5.57945e-06,5.40631e-06,5.17037e-06,5.01022e-06,4.79214e-06,4.66935e-06,4.49186e-06,4.37777e-06,4.21263e-06,4.10635e-06,3.95232e-06,3.86337e-06,3.75458e-06,3.64929e-06,3.54735e-06,3.44858e-06,3.37421e-06,3.28106e-06,3.21141e-06,3.12339e-06,3.05803e-06,2.97471e-06,2.81476e-06,2.59509e-06,2.39724e-06,2.20506e-06,2.04771e-06,1.90543e-06,1.78119e-06,1.65554e-06,1.54706e-06,1.44269e-06,1.34861e-06,1.26339e-06,1.17701e-06,1.10899e-06,1.03803e-06,9.76111e-07,9.1177e-07,8.58957e-07,8.08862e-07,7.63487e-07,7.18602e-07,6.77971e-07,6.44385e-07,6.06707e-07,5.714e-07,5.43721e-07,5.12518e-07,4.84909e-07,4.59582e-07
3.83e-07,2.20246,28.7787,25.9295,21.6423,15.3028,4.94961,0.857646,0.262571,0.0860833,0.0379954,0.0173275,0.00919163,0.00530565,0.00328373,0.00215596,0.00148336,0.00106244,0.000786391,0.000599209,0.000468813,0.000374774,0.000317414,0.000258147,0.000213643,0.000179257,0.000159225,0.000136735,0.000118541,0.000103554,9.42821e-05,8.34234e-05,7.44835e-05,6.73165e-05,6.23695e-05,5.66855e-05,5.25368e-05,4.76736e-05,4.47869e-05,4.09546e-05,3.86936e-05,3.56594e-05,3.38435e-05,3.14107e-05,2.99378e-05,2.79384e-05,2.66709e-05,2.50108e-05,2.39756e-05,2.25717e-05,2.17463e-05,2.05724e-05,1.87913e-05,1.72947e-05,1.59728e-05,1.48101e-05,1.3793e-05,1.28709e-05,1.2111e-05,1.13911e-05,1.07437e-05,1.01285e-05,9.61105e-06,9.11819e-06,8.68049e-06,8.26267e-06,7.92507e-06,7.6353e-06,7.2634e-06,7.02583e-06,6.68401e-06,6.49314e-06,6.20445e-06,6.00155e-06,5.76104e-06,5.59806e-06,5.37509e-06,5.24835e-06,5.0649e-06,4.92282e-06,4.7522e-06,4.62679e-06,4.50549e-06,4.36572e-06,4.25241e-06,4.14264e-06,4.03624e-06,3.93307e-06,3.85369e-06,3.75623e-06,3.66159e-06,3.58949e-06,3.38921e-06,3.12137e-06,2.88013e-06,2.66241e-06,2.46657e-06,2.28946e-06,2.13182e-06,1.98932e-06,1.8514e-06,1.7192e-06,1.61148e-06,1.51389e-06,1.41448e-06,1.3249e-06,1.24377e-06,1.17133e-06,1.0975e-06,1.03557e-06,9.69108e-07,9.16184e-07,8.63704e-07,8.16198e-07,7.69508e-07,7.25669e-07,6.90206e-07,6.51389e-07,6.15022e-07,5.79942e-07,5.51869e-07
4.6e-07,2.68742,29.2988,26.235,22.0123,16.0832,6.30475,1.04725,0.316934,0.103522,0.0456422,0.0208042,0.0110352,0.00637432,0.00394529,0.00258254,0.00178224,0.00127748,0.000944285,0.000719841,0.000562384,0.000450467,0.000381256,0.000310298,0.00025654,0.000215923,0.00019107,0.000163773,0.0001418,0.000123974,0.000112853,0.000100108,9.00573e-05,8.05158e-05,7.51284e-05,6.82501e-05,6.31185e-05,5.71962e-05,5.37324e-05,4.91571e-05,4.64778e-05,4.28135e-05,4.06121e-05,3.77035e-05,3.59253e-05,3.3485e-05,3.20355e-05,3.0013e-05,2.88097e-05,2.71148e-05,2.60861e-05,2.46868e-05,2.25495e-05,2.0719e-05,1.91673e-05,1.77476e-05,1.65278e-05,1.54528e-05,1.45107e-05,1.36547e-05,1.28782e-05,1.2175e-05,1.154e-05,1.09352e-05,1.0423e-05,9.93413e-06,9.49775e-06,9.15024e-06,8.71018e-06,8.41939e-06,8.01515e-06,7.77505e-06,7.42901e-06,7.20721e-06,6.91325e-06,6.73315e-06,6.4602e-06,6.29304e-06,6.06327e-06,5.90738e-06,5.71675e-06,5.55215e-06,5.39294e-06,5.23886e-06,5.1117e-06,4.96683e-06,4.84776e-06,4.7323e-06,4.62028e-06,4.51156e-06,4.40598e-06,4.30342e-06,4.05939e-06,3.73838e-06,3.44926e-06,3.18509e-06,2.94747e-06,2.74736e-06,2.55257e-06,2.38986e-06,2.21915e-06,2.06785e-06,1.93149e-06,1.81885e-06,1.69325e-06,1.58988e-06,1.49626e-06,1.40205e-06,1.317e-06,1.24428e-06,1.16751e-06,1.10524e-06,1.03644e-06,9.80754e-07,9.25912e-07,8.74372e-07,8.25984e-07,7.8059e-07,7.38026e-07,6.96905e-07,6.63171e-07
5.52e-07,3.29114,29.7744,26.5199,22.3531,16.762,7.89592,1.2839,0.38303,0.12455,0.0548406,0.0249817,0.0132417,0.00764416,0.00473916,0.00310135,0.00213648,0.00153298,0.00112781,0.000863216,0.000675052,0.000540007,0.000457687,0.00037201,0.000307848,0.000258293,0.000228488,0.000196218,0.000170309,0.000148768,0.000135709,0.000120269,0.000107662,9.7015e-05,9.00245e-05,8.15209e-05,7.54946e-05,6.87078e-05,6.45737e-05,5.89192e-05,5.57393e-05,5.1354e-05,4.87455e-05,4.52229e-05,4.31209e-05,4.02128e-05,3.84122e-05,3.60057e-05,3.45717e-05,3.25186e-05,3.1275e-05,2.96335e-05,2.70684e-05,2.48801e-05,2.29924e-05,2.12971e-05,1.98571e-05,1.85356e-05,1.74354e-05,1.6393e-05,1.54396e-05,1.46031e-05,1.38413e-05,1.31487e-05,1.24883e-05,1.1921e-05,1.14096e-05,1.09985e-05,1.04522e-05,1.01033e-05,9.62951e-06,9.33563e-06,8.9257e-06,8.65402e-06,8.30114e-06,8.07462e-06,7.7472e-06,7.5616e-06,7.2808e-06,7.10807e-06,6.84599e-06,6.66258e-06,6.48518e-06,6.29111e-06,6.12523e-06,5.96453e-06,5.80877e-06,5.67876e-06,5.53191e-06,5.40979e-06,5.27108e-06,5.15617e-06,4.88275e-06,4.48243e-06,4.13911e-06,3.82211e-06,3.53696e-06,3.30865e-06,3.0715e-06,2.8705e-06,2.67566e-06,2.48863e-06,2.32007e-06,2.17826e-06,2.03396e-06,1.90393e-06,1.79551e-06,1.68601e-06,1.57871e-06,1.48511e-06,1.40406e-06,1.32338e-06,1.24373e-06,1.17822e-06,1.10734e-06,1.04687e-06,9.90049e-07,9.36708e-07,8.86656e-07,8.38235e-07,7.93022e-07
6.62e-07,4.04831,30.2113,26.7863,22.6683,17.3593,9.52219,1.58191,0.463613,0.149929,0.0659096,0.0300018,0.0158977,0.00917802,0.0056894,0.00372393,0.0025682,0.00183106,0.00136362,0.00103823,0.000809681,0.000648008,0.000548505,0.00044676,0.00036925,0.00031044,0.000274663,0.000235617,0.000204071,0.000178668,0.000162851,0.000144601,0.00012933,0.000116154,0.000107511,9.79515e-05,9.09648e-05,8.25699e-05,7.76069e-05,7.10496e-05,6.70462e-05,6.15582e-05,5.84073e-05,5.43955e-05,5.17346e-05,4.82246e-05,4.61048e-05,4.32365e-05,4.14567e-05,3.90223e-05,3.75489e-05,3.55509e-05,3.2482e-05,2.98648e-05,2.7574e-05,2.5581e-05,2.38206e-05,2.2235e-05,2.09225e-05,1.96424e-05,1.85346e-05,1.75168e-05,1.66163e-05,1.57586e-05,1.50053e-05,1.42862e-05,1.36607e-05,1.32103e-05,1.2519e-05,1.21355e-05,1.15554e-05,1.12028e-05,1.06945e-05,1.03955e-05,9.95089e-06,9.69987e-06,9.31178e-06,9.0789e-06,8.74183e-06,8.52488e-06,8.21048e-06,8.00435e-06,7.78222e-06,7.56724e-06,7.35909e-06,7.15744e-06,6.98334e-06,6.81451e-06,6.65072e-06,6.49174e-06,6.33737e-06,6.18741e-06,5.8593e-06,5.37166e-06,4.98418e-06,4.5898e-06,4.25056e-06,3.95856e-06,3.67458e-06,3.43124e-06,3.20825e-06,2.98155e-06,2.78866e-06,2.61391e-06,2.44695e-06,2.28668e-06,2.15087e-06,2.02321e-06,1.89952e-06,1.79016e-06,1.67877e-06,1.58514e-06,1.49248e-06,1.41518e-06,1.33256e-06,1.25505e-06,1.18806e-06,1.12513e-06,1.06604e-06,1.00393e-06,9.50699e-07
7.95e-07,5.00621,30.6145,27.0363,22.9612,17.8907,10.9897,1.96152,0.562203,0.180599,0.0792384,0.0360371,0.0190884,0.0110136,0.00682006,0.00447332,0.00307741,0.00220365,0.0016302,0.00124588,0.000973908,0.000778164,0.000658206,0.000536286,0.000443268,0.000372365,0.000329596,0.00028274,0.000245336,0.000214401,0.000195707,0.000173104,0.000155061,0.000139253,0.000129532,0.000117542,0.00010891,9.88428e-05,9.30098e-05,8.49129e-05,8.01146e-05,7.3759e-05,7.04162e-05,6.50613e-05,6.19764e-05,5.80338e-05,5.51638e-05,5.20027e-05,4.98066e-05,4.68172e-05,4.50492e-05,4.26703e-05,3.89695e-05,3.58464e-05,3.30804e-05,3.06809e-05,2.85768e-05,2.67051e-05,2.50844e-05,2.35855e-05,2.22344e-05,2.10202e-05,1.99328e-05,1.89302e-05,1.80064e-05,1.71561e-05,1.64052e-05,1.58463e-05,1.50287e-05,1.45452e-05,1.38495e-05,1.34322e-05,1.28443e-05,1.24854e-05,1.19411e-05,1.16347e-05,1.11792e-05,1.08947e-05,1.04707e-05,1.02299e-05,9.85728e-06,9.60059e-06,9.32956e-06,9.06726e-06,8.83532e-06,8.58892e-06,8.37146e-06,8.16059e-06,7.97672e-06,7.77784e-06,7.60485e-06,7.41696e-06,7.02734e-06,6.46051e-06,5.96722e-06,5.50449e-06,5.10377e-06,4.75618e-06,4.41791e-06,4.1255e-06,3.8423e-06,3.58267e-06,3.34867e-06,3.13669e-06,2.93221e-06,2.74794e-06,2.5904e-06,2.42253e-06,2.27942e-06,2.14338e-06,2.01452e-06,1.90508e-06,1.7965e-06,1.69822e-06,1.60158e-06,1.51082e-06,1.42567e-06,1.34584e-06,1.27617e-06,1.20862e-06,1.14548e-06
9.54e-07,6.22868,30.9879,27.2713,23.2342,18.3678,12.2359,2.45143,0.683323,0.21771,0.0952972,0.0432943,0.0229218,0.013229,0.00819129,0.0053726,0.00369732,0.00264013,0.00195829,0.00149308,0.00116487,0.00093232,0.000790387,0.000643196,0.000532426,0.000447327,0.000395674,0.000339134,0.000294103,0.000257428,0.000234277,0.000207863,0.000186209,0.000167631,0.000155438,0.000140924,0.000130569,0.000118732,0.000111375,0.000102242,9.65921e-05,8.87326e-05,8.40628e-05,7.83935e-05,7.45818e-05,6.93324e-05,6.62977e-05,6.24033e-05,5.95727e-05,5.64293e-05,5.42477e-05,5.13153e-05,4.69782e-05,4.29983e-05,3.97217e-05,3.68416e-05,3.42843e-05,3.2023e-05,3.01088e-05,2.82952e-05,2.66813e-05,2.52173e-05,2.38923e-05,2.26964e-05,2.15883e-05,2.05936e-05,1.97048e-05,1.89973e-05,1.80404e-05,1.74485e-05,1.66251e-05,1.61353e-05,1.54023e-05,1.49771e-05,1.43502e-05,1.39565e-05,1.33999e-05,1.30587e-05,1.25649e-05,1.2271e-05,1.18334e-05,1.15207e-05,1.11955e-05,1.08807e-05,1.0598e-05,1.03241e-05,1.00586e-05,9.80112e-06,9.57207e-06,9.32933e-06,9.11374e-06,8.90431e-06,8.42514e-06,7.74898e-06,7.15722e-06,6.59885e-06,6.12763e-06,5.7015e-06,5.30149e-06,4.95328e-06,4.61583e-06,4.29199e-06,4.01155e-06,3.76839e-06,3.52071e-06,3.29753e-06,3.10474e-06,2.91059e-06,2.73531e-06,2.56884e-06,2.41896e-06,2.28319e-06,2.15581e-06,2.03391e-06,1.92064e-06,1.80823e-06,1.70854e-06,1.6204e-06,1.53243e-06,1.44742e-06,1.37272e-06
1.14e-06,7.79969,31.3351,27.4928,23.4896,18.7997,13.2816,3.09379,0.832961,0.262712,0.114668,0.0520276,0.0275303,0.0158839,0.00982714,0.00644482,0.00442793,0.00317241,0.0023479,0.00178972,0.00140357,0.00111694,0.000944148,0.000771835,0.000638407,0.000536141,0.000474491,0.000407115,0.000353373,0.000309205,0.000281418,0.000249575,0.00022345,0.00020063,0.000186526,0.000169361,0.000157177,0.000142237,0.000133887,0.000122459,0.000115342,0.000106479,0.000100985,9.38589e-05,8.92881e-05,8.31989e-05,7.94561e-05,7.47848e-05,7.17802e-05,6.74283e-05,6.50973e-05,6.1486e-05,5.63738e-05,5.15807e-05,4.74979e-05,4.4063e-05,4.12204e-05,3.84585e-05,3.61456e-05,3.39908e-05,3.20175e-05,3.02815e-05,2.86978e-05,2.72224e-05,2.59124e-05,2.46934e-05,2.3621e-05,2.2815e-05,2.16426e-05,2.09614e-05,1.99671e-05,1.93401e-05,1.85045e-05,1.79511e-05,1.72046e-05,1.67426e-05,1.60748e-05,1.56704e-05,1.50973e-05,1.47204e-05,1.42095e-05,1.3811e-05,1.34255e-05,1.30748e-05,1.27132e-05,1.23845e-05,1.2066e-05,1.17571e-05,1.14782e-05,1.12074e-05,1.09445e-05,1.06891e-05,1.01102e-05,9.29152e-06,8.60591e-06,7.92189e-06,7.35316e-06,6.85362e-06,6.3674e-06,5.94126e-06,5.54153e-06,5.14558e-06,4.81158e-06,4.51989e-06,4.22279e-06,3.95508e-06,3.72195e-06,3.48738e-06,3.28406e-06,3.09064e-06,2.90732e-06,2.74128e-06,2.5842e-06,2.44201e-06,2.30227e-06,2.17106e-06,2.05365e-06,1.9434e-06,1.83994e-06,1.73983e-06,1.64633e-06
1.37e-06,9.81229,31.6587,27.702,23.7291,19.1932,14.166,3.94713,1.01892,0.317359,0.138041,0.0625347,0.0330679,0.0190718,0.0117998,0.00773608,0.00532459,0.00381115,0.00281953,0.00214568,0.00168047,0.00134771,0.00114197,0.000930026,0.000766256,0.000643695,0.00056923,0.000489001,0.000423898,0.000371192,0.000337844,0.000299629,0.00026814,0.000240888,0.000223442,0.000202854,0.000188118,0.000170564,0.000160546,0.00014672,0.000138638,0.000128108,0.000121181,0.000112524,0.000107146,0.000100147,9.56509e-05,8.96428e-05,8.59409e-05,8.08183e-05,7.78337e-05,7.35058e-05,6.75591e-05,6.19835e-05,5.71656e-05,5.30388e-05,4.95438e-05,4.62427e-05,4.34947e-05,4.08912e-05,3.8421e-05,3.64211e-05,3.45186e-05,3.26735e-05,3.11078e-05,2.96447e-05,2.83699e-05,2.73598e-05,2.59829e-05,2.5142e-05,2.39605e-05,2.32137e-05,2.21782e-05,2.15413e-05,2.06612e-05,2.00963e-05,1.93049e-05,1.88045e-05,1.81168e-05,1.76741e-05,1.70326e-05,1.65871e-05,1.61106e-05,1.56718e-05,1.5247e-05,1.48571e-05,1.44792e-05,1.41128e-05,1.3778e-05,1.3453e-05,1.31375e-05,1.28309e-05,1.21399e-05,1.11607e-05,1.03133e-05,9.50627e-06,8.81138e-06,8.21253e-06,7.62966e-06,7.12951e-06,6.64476e-06,6.1795e-06,5.78303e-06,5.42387e-06,5.06941e-06,4.75002e-06,4.47008e-06,4.1884e-06,3.93412e-06,3.70074e-06,3.48726e-06,3.2939e-06,3.10243e-06,2.9291e-06,2.76522e-06,2.60527e-06,2.46098e-06,2.331e-06,2.20383e-06,2.08584e-06,1.9756e-06
1.65e-06,12.325,31.9613,27.9001,23.9545,19.5541,14.925,5.0818,1.25207,0.383929,0.166292,0.0751909,0.0397283,0.0229029,0.0141677,0.009281,0.00638729,0.00456699,0.00338343,0.00258075,0.00201465,0.00161541,0.00136677,0.00111255,0.000916816,0.000772434,0.000683076,0.000586338,0.000508678,0.000444846,0.000404984,0.000359416,0.000321633,0.000289065,0.000268131,0.000243931,0.000225865,0.000204918,0.000192536,0.00017618,0.000166479,0.000153618,0.000145745,0.000134922,0.00012868,0.000120176,0.000114882,0.000107472,0.000103031,9.70776e-05,9.34004e-05,8.82994e-05,8.09814e-05,7.41201e-05,6.85147e-05,6.36466e-05,5.90562e-05,5.54912e-05,5.21187e-05,4.89234e-05,4.62475e-05,4.37053e-05,4.12869e-05,3.93139e-05,3.74326e-05,3.56367e-05,3.39205e-05,3.27227e-05,3.12976e-05,3.01937e-05,2.86053e-05,2.78676e-05,2.6641e-05,2.58549e-05,2.47725e-05,2.41207e-05,2.31659e-05,2.25604e-05,2.17206e-05,2.12041e-05,2.04439e-05,1.98952e-05,1.93418e-05,1.88062e-05,1.83096e-05,1.78285e-05,1.73836e-05,1.69311e-05,1.65336e-05,1.61273e-05,1.57529e-05,1.53892e-05,1.45525e-05,1.33928e-05,1.23828e-05,1.14173e-05,1.05799e-05,9.85208e-06,9.1584e-06,8.55808e-06,7.97625e-06,7.41781e-06,6.93735e-06,6.513e-06,6.08123e-06,5.70198e-06,5.35848e-06,5.02253e-06,4.7277e-06,4.44731e-06,4.18166e-06,3.94832e-06,3.71738e-06,3.51492e-06,3.31577e-06,3.12871e-06,2.95318e-06,2.79397e-06,2.64459e-06,2.50496e-06,2.36979e-06
1.98e-06,15.2471,32.2451,28.0879,24.1671,19.8871,15.5858,6.52707,1.54751,0.4653,0.200495,0.090449,0.0477433,0.0275089,0.0170114,0.0111487,0.00766032,0.00548252,0.00406012,0.00309492,0.00241567,0.00193849,0.00163652,0.00132985,0.00110186,0.000928876,0.000820009,0.00070376,0.000609963,0.000534545,0.00048641,0.000431716,0.00038596,0.000347142,0.000321886,0.000292591,0.000271038,0.000245902,0.000231043,0.000211416,0.000200002,0.00018412,0.000174676,0.00016212,0.000154416,0.000143801,0.000137656,0.000129264,0.000124028,0.000116684,0.000112269,0.000106329,9.70882e-05,8.92909e-05,8.23858e-05,7.62943e-05,7.09467e-05,6.62811e-05,6.26174e-05,5.87811e-05,5.5497e-05,5.2377e-05,4.94089e-05,4.69124e-05,4.48546e-05,4.25748e-05,4.07047e-05,3.93884e-05,3.74981e-05,3.62905e-05,3.4553e-05,3.34411e-05,3.18386e-05,3.10794e-05,2.98527e-05,2.88932e-05,2.77587e-05,2.71123e-05,2.6055e-05,2.54546e-05,2.44668e-05,2.3828e-05,2.32101e-05,2.26122e-05,2.19671e-05,2.13856e-05,2.08432e-05,2.03384e-05,1.98278e-05,1.93527e-05,1.89115e-05,1.84829e-05,1.7463e-05,1.60605e-05,1.48491e-05,1.36877e-05,1.26896e-05,1.18314e-05,1.09957e-05,1.0267e-05,9.56135e-06,8.89656e-06,8.32025e-06,7.80906e-06,7.28922e-06,6.84042e-06,6.43392e-06,6.02527e-06,5.67324e-06,5.33035e-06,5.02105e-06,4.74089e-06,4.46362e-06,4.21921e-06,3.97892e-06,3.75326e-06,3.54721e-06,3.35384e-06,3.17761e-06,3.00205e-06,2.84282e-06
2.37e-06,18.2735,32.5118,28.2663,24.3682,20.1957,16.1687,8.15813,1.92692,0.565161,0.241978,0.10886,0.0573937,0.0330478,0.0204288,0.0133834,0.00919903,0.00657902,0.00487009,0.00371786,0.00290263,0.00232618,0.00196922,0.0015993,0.00132896,0.00111628,0.000987196,0.00084204,0.000732256,0.000641016,0.000583549,0.00051792,0.000463152,0.000416438,0.000386652,0.000351361,0.000325493,0.000295323,0.000277252,0.000253584,0.000239776,0.000220722,0.000209611,0.000194651,0.000185404,0.000173074,0.000165491,0.000155018,0.000148443,0.000139639,0.00013444,0.000127595,0.000116327,0.000107062,9.87789e-05,9.17979e-05,8.52153e-05,7.97686e-05,7.49909e-05,7.04643e-05,6.65253e-05,6.2783e-05,5.95614e-05,5.64931e-05,5.38901e-05,5.10898e-05,4.90306e-05,4.72661e-05,4.48796e-05,4.35486e-05,4.13503e-05,4.01293e-05,3.83696e-05,3.72417e-05,3.56137e-05,3.48267e-05,3.33104e-05,3.25845e-05,3.14121e-05,3.04975e-05,2.94072e-05,2.86861e-05,2.77611e-05,2.70898e-05,2.64398e-05,2.55933e-05,2.49863e-05,2.43976e-05,2.38266e-05,2.32723e-05,2.27341e-05,2.22112e-05,2.08714e-05,1.92363e-05,1.77637e-05,1.64971e-05,1.52338e-05,1.41947e-05,1.31976e-05,1.23231e-05,1.14762e-05,1.06879e-05,9.98888e-06,9.37741e-06,8.75532e-06,8.20458e-06,7.72444e-06,7.23209e-06,6.80451e-06,6.39803e-06,6.02068e-06,5.68616e-06,5.35497e-06,5.06174e-06,4.77345e-06,4.50272e-06,4.25438e-06,4.02677e-06,3.81313e-06,3.60636e-06,3.41324e-06
2.85e-06,21.0676,32.7631,28.4361,24.5586,20.4829,16.6883,9.72375,2.42212,0.688283,0.292382,0.131091,0.0690155,0.0397088,0.0245348,0.0160688,0.0110477,0.00789909,0.00585436,0.00445946,0.00348506,0.00278773,0.00236487,0.0019209,0.00158971,0.00133628,0.00117827,0.00101199,0.000877807,0.000765719,0.000699973,0.000621504,0.000555918,0.000500254,0.000463723,0.000421507,0.000390468,0.000354388,0.00033294,0.000304416,0.000287503,0.000265089,0.000251642,0.000233581,0.00022217,0.000207484,0.000198387,0.000185724,0.00017823,0.000167853,0.000161328,0.000153021,0.000139592,0.000128301,0.000118535,0.000110157,0.000102258,9.55682e-05,8.9989e-05,8.47032e-05,7.9688e-05,7.52702e-05,7.1406e-05,6.77257e-05,6.4539e-05,6.1497e-05,5.88984e-05,5.66588e-05,5.40326e-05,5.22583e-05,4.95637e-05,4.82109e-05,4.59891e-05,4.47437e-05,4.2946e-05,4.1792e-05,4.01239e-05,3.90517e-05,3.74998e-05,3.6741e-05,3.52886e-05,3.44696e-05,3.34499e-05,3.2463e-05,3.17278e-05,3.07987e-05,3.01116e-05,2.92351e-05,2.85919e-05,2.79676e-05,2.71602e-05,2.65741e-05,2.5084e-05,2.30473e-05,2.13854e-05,1.97639e-05,1.83053e-05,1.69863e-05,1.58484e-05,1.48198e-05,1.38221e-05,1.28639e-05,1.20004e-05,1.1218e-05,1.05312e-05,9.81409e-06,9.26746e-06,8.67851e-06,8.16372e-06,7.68245e-06,7.22634e-06,6.82775e-06,6.42596e-06,6.07541e-06,5.73065e-06,5.40683e-06,5.10865e-06,4.82889e-06,4.57166e-06,4.32763e-06,4.09496e-06
3.42e-06,23.4779,33.0002,28.5979,24.7395,20.7514,17.1565,11.0749,3.08152,0.841108,0.353818,0.157981,0.083028,0.0477258,0.0294719,0.0192957,0.0132589,0.00948529,0.00702318,0.00534937,0.00418208,0.00335081,0.00283245,0.00230334,0.00190933,0.00160516,0.0014171,0.00121285,0.00105787,0.000926156,0.000842825,0.000743858,0.000666966,0.000599909,0.000556339,0.000505556,0.000468438,0.000424904,0.000399291,0.000365645,0.000345459,0.000318328,0.000301862,0.000279977,0.000266814,0.000249083,0.000237862,0.000222869,0.000213876,0.000201328,0.000193877,0.000183533,0.000167779,0.000153875,0.000142073,0.000131781,0.000122869,0.000114836,0.000107987,0.000101498,9.56968e-05,9.05324e-05,8.56196e-05,8.12708e-05,7.74468e-05,7.37964e-05,7.06164e-05,6.81723e-05,6.4662e-05,6.24196e-05,5.94764e-05,5.76859e-05,5.52414e-05,5.35852e-05,5.13257e-05,5.00472e-05,4.79468e-05,4.67625e-05,4.50484e-05,4.39452e-05,4.23463e-05,4.11785e-05,4.00488e-05,3.89556e-05,3.78971e-05,3.68716e-05,3.60913e-05,3.51242e-05,3.41859e-05,3.34794e-05,3.25922e-05,3.19286e-05,3.02539e-05,2.77657e-05,2.5697e-05,2.3684e-05,2.18733e-05,2.03836e-05,1.89339e-05,1.7757e-05,1.64851e-05,1.53886e-05,1.44004e-05,1.35052e-05,1.25961e-05,1.17769e-05,1.11284e-05,1.03823e-05,9.79309e-06,9.23178e-06,8.69908e-06,8.21657e-06,7.73879e-06,7.30628e-06,6.88178e-06,6.48344e-06,6.11002e-06,5.81405e-06,5.48394e-06,5.2146e-06,4.91581e-06
4.1e-06,25.5092,33.2246,28.7523,24.9116,21.0033,17.5819,12.2036,3.97678,1.03234,0.428958,0.19056,0.099939,0.0573811,0.0354102,0.0231741,0.0159199,0.0113879,0.00842782,0.00642715,0.00501276,0.00401544,0.00339893,0.002764,0.00228783,0.00192294,0.00170371,0.00146005,0.00126794,0.00110847,0.0010071,0.000896801,0.000799004,0.000719363,0.000667088,0.000606667,0.000562497,0.000509884,0.000479267,0.000438428,0.000414209,0.00038155,0.000362452,0.000335972,0.000320387,0.0002989,0.000285435,0.000267443,0.000256846,0.000241498,0.000232558,0.000220055,0.000201335,0.000185084,0.000170656,0.0001583,0.000147442,0.000137572,0.000129359,0.000121578,0.000114907,0.000108569,0.000102879,9.74589e-05,9.29361e-05,8.86187e-05,8.48014e-05,8.18068e-05,7.76534e-05,7.51938e-05,7.16549e-05,6.93902e-05,6.63985e-05,6.43023e-05,6.18003e-05,6.01082e-05,5.75362e-05,5.62145e-05,5.40581e-05,5.28302e-05,5.08156e-05,4.95067e-05,4.82406e-05,4.67915e-05,4.56087e-05,4.44629e-05,4.31387e-05,4.20649e-05,4.12303e-05,4.02161e-05,3.92313e-05,3.82747e-05,3.61898e-05,3.33914e-05,3.08709e-05,2.84208e-05,2.63721e-05,2.45194e-05,2.28609e-05,2.12283e-05,1.97821e-05,1.85145e-05,1.72577e-05,1.6228e-05,1.5074e-05,1.41323e-05,1.33728e-05,1.2512e-05,1.17348e-05,1.10781e-05,1.03779e-05,9.81626e-06,9.25891e-06,8.75438e-06,8.25814e-06,7.79202e-06,7.35465e-06,6.94456e-06,6.56023e-06,6.23803e-06,5.8897e-06
4.92e-06,27.2218,33.4371,28.8999,25.0756,21.2404,17.9712,13.1507,5.19577,1.27405,0.521226,0.230102,0.120367,0.0690143,0.0425544,0.0278358,0.0191164,0.0136719,0.0101195,0.00771259,0.00602486,0.00481852,0.00408232,0.00332028,0.00275045,0.00230589,0.00203808,0.00175361,0.00151553,0.00132725,0.0012071,0.00107755,0.000961514,0.000864555,0.000803096,0.000726737,0.000674501,0.000614754,0.000575239,0.000526229,0.000497165,0.000458082,0.000435052,0.000403167,0.000384464,0.000358474,0.000342623,0.000321426,0.000308118,0.000289798,0.000278786,0.000263974,0.000241602,0.000221927,0.000204703,0.000190124,0.000176772,0.000165318,0.000155231,0.00014604,0.000137675,0.000130075,0.000123184,0.000117281,0.00011133,0.000106279,0.000101762,9.81681e-05,9.3007e-05,9.00004e-05,8.58159e-05,8.3324e-05,7.94605e-05,7.71627e-05,7.4108e-05,7.19751e-05,6.91444e-05,6.74077e-05,6.47723e-05,6.33963e-05,6.11669e-05,5.94543e-05,5.77978e-05,5.61946e-05,5.46423e-05,5.31385e-05,5.18945e-05,5.06882e-05,4.93106e-05,4.81777e-05,4.70776e-05,4.60089e-05,4.34661e-05,3.99245e-05,3.69071e-05,3.41376e-05,3.16465e-05,2.93938e-05,2.7349e-05,2.55007e-05,2.384e-05,2.21212e-05,2.06863e-05,1.94954e-05,1.81714e-05,1.69784e-05,1.59913e-05,1.49966e-05,1.40987e-05,1.32456e-05,1.25145e-05,1.17795e-05,1.11245e-05,1.04658e-05,9.88474e-06,9.33853e-06,8.82558e-06,8.34423e-06,7.89278e-06,7.4564e-06,7.09546e-06
5.91e-06,28.68,33.6389,29.0411,25.2322,21.4642,18.3298,13.9582,6.76362,1.58379,0.635169,0.27823,0.145085,0.0830474,0.0511567,0.0334428,0.0229585,0.0164158,0.0121468,0.0092551,0.00722793,0.00578777,0.00490058,0.00398955,0.00329717,0.00277033,0.00245207,0.00210124,0.00182314,0.00159707,0.00144994,0.00128611,0.00115111,0.00103615,0.000958534,0.000872084,0.000810639,0.000735294,0.00069313,0.000629626,0.000596598,0.000549588,0.000521844,0.000484227,0.000461147,0.000429861,0.000411451,0.000385315,0.000369643,0.00034814,0.000334921,0.000317138,0.000289922,0.000266139,0.000245896,0.000228067,0.000212444,0.000198458,0.000186352,0.000175248,0.000165424,0.00015609,0.000147888,0.000140407,0.000133596,0.000127409,0.000121806,0.000117559,0.000111608,0.000108,0.000103092,9.97659e-05,9.55158e-05,9.27025e-05,8.87724e-05,8.64217e-05,8.30237e-05,8.08395e-05,7.79216e-05,7.58834e-05,7.34003e-05,7.12526e-05,6.94028e-05,6.73888e-05,6.5659e-05,6.39831e-05,6.23589e-05,6.07838e-05,5.92556e-05,5.77724e-05,5.65334e-05,5.51314e-05,5.20827e-05,4.79094e-05,4.4323e-05,4.08345e-05,3.78517e-05,3.53021e-05,3.28188e-05,3.07076e-05,2.85319e-05,2.65695e-05,2.48008e-05,2.33074e-05,2.17851e-05,2.04133e-05,1.91708e-05,1.80137e-05,1.69691e-05,1.58947e-05,1.49563e-05,1.4179e-05,1.33356e-05,1.25721e-05,1.18867e-05,1.11824e-05,1.05794e-05,1.00131e-05,9.48158e-06,8.96717e-06,8.48673e-06
7.088e-06,29.9362,33.8306,29.1764,25.3819,21.6761,18.6622,14.6582,8.4828,1.98771,0.776802,0.336976,0.175041,0.0999895,0.0615193,0.0401882,0.0275769,0.0197126,0.0145836,0.0111084,0.00867924,0.00695086,0.0058807,0.00478051,0.00396165,0.0033244,0.0029377,0.00252612,0.00219077,0.00191794,0.00174279,0.00155028,0.00138133,0.00124734,0.00115283,0.00104903,0.000971529,0.000879942,0.000829387,0.000756707,0.000715918,0.000659949,0.000627742,0.000581285,0.000551485,0.000518709,0.000493437,0.000462576,0.000443865,0.000417481,0.000401905,0.000380473,0.000347638,0.000319453,0.000295076,0.000273762,0.000254853,0.00023815,0.000223848,0.000210298,0.000198509,0.000187308,0.000177669,0.000168819,0.000160379,0.000152954,0.000146475,0.000141192,0.000134048,0.000129775,0.000123484,0.000119831,0.000114565,0.000111189,0.000106579,0.000103706,9.96789e-05,9.70074e-05,9.35059e-05,9.12522e-05,8.79863e-05,8.55957e-05,8.30558e-05,8.08218e-05,7.86585e-05,7.65629e-05,7.47452e-05,7.27723e-05,7.10653e-05,6.94086e-05,6.77998e-05,6.6237e-05,6.26141e-05,5.75276e-05,5.32911e-05,4.90014e-05,4.54531e-05,4.2392e-05,3.94106e-05,3.67157e-05,3.42383e-05,3.18593e-05,2.98295e-05,2.79906e-05,2.61214e-05,2.45352e-05,2.30985e-05,2.15632e-05,2.0346e-05,1.91058e-05,1.80086e-05,1.70148e-05,1.59613e-05,1.51391e-05,1.42641e-05,1.34427e-05,1.27292e-05,1.20049e-05,1.13779e-05,1.07703e-05,1.02026e-05
8.51e-06,31.0309,34.0132,29.3063,25.5253,21.8772,18.9717,15.2744,10.0549,2.52686,0.954413,0.408968,0.211427,0.120472,0.0740141,0.0483083,0.0331311,0.0236749,0.017511,0.0133363,0.0104143,0.00833549,0.00705863,0.0057453,0.0047523,0.00399254,0.00352684,0.00302825,0.00262592,0.00229716,0.00209278,0.00185617,0.00165895,0.00149152,0.00138599,0.00125757,0.00116336,0.00106075,0.000995264,0.000906893,0.000857965,0.000793048,0.00075329,0.000698609,0.000661782,0.000621424,0.000592125,0.000554696,0.000532247,0.000502126,0.000481154,0.00045629,0.000417435,0.000383604,0.000353923,0.000328433,0.000305586,0.000285548,0.000268467,0.000252284,0.000237997,0.000225117,0.000213203,0.000202516,0.000192649,0.000183545,0.000175462,0.00016937,0.000160917,0.000155614,0.000148408,0.000143797,0.000137423,0.000133427,0.00012779,0.000124344,0.000119615,0.000116409,0.000112012,0.000109503,0.000105631,0.000102715,9.98946e-05,9.71652e-05,9.45225e-05,9.19622e-05,8.96942e-05,8.7495e-05,8.53613e-05,8.32903e-05,8.12793e-05,7.9524e-05,7.50604e-05,6.91419e-05,6.38113e-05,5.8965e-05,5.46057e-05,5.08113e-05,4.72646e-05,4.41923e-05,4.10859e-05,3.82312e-05,3.57725e-05,3.36541e-05,3.1387e-05,2.94423e-05,2.76808e-05,2.59113e-05,2.43983e-05,2.2959e-05,2.15951e-05,2.03596e-05,1.92088e-05,1.8167e-05,1.70793e-05,1.61194e-05,1.5275e-05,1.44275e-05,1.3633e-05,1.29147e-05,1.22431e-05
1.0207e-05,31.9951,34.1872,29.431,25.6629,22.0686,19.2614,15.8242,11.37,3.26807,1.17971,0.497634,0.255744,0.145279,0.0890967,0.0580911,0.0398145,0.0284392,0.0210294,0.0160129,0.012503,0.01001,0.00847036,0.00689262,0.00570276,0.00479105,0.00423539,0.00363081,0.0031511,0.00275659,0.00250705,0.00222462,0.00199074,0.00179511,0.00166448,0.00151035,0.00139851,0.0012717,0.00119076,0.00109174,0.00102842,0.00094833,0.000900673,0.000837264,0.000798341,0.000744682,0.000708526,0.000668606,0.000639674,0.000602551,0.000580215,0.000545514,0.0005011,0.000459458,0.000424539,0.000394119,0.00036702,0.000342966,0.000322086,0.000303033,0.000285667,0.000269863,0.000255843,0.000242821,0.00023105,0.000220443,0.000210616,0.000203305,0.0001931,0.000186678,0.000177863,0.0001725,0.000164908,0.00016022,0.000153453,0.000149368,0.000143336,0.00013979,0.000134658,0.000131355,0.000126568,0.000123304,0.000119691,0.000116419,0.000113471,0.000110398,0.000107633,0.000104952,0.000102351,9.98259e-05,9.75754e-05,9.53892e-05,9.01873e-05,8.2934e-05,7.67461e-05,7.07253e-05,6.54648e-05,6.10031e-05,5.66615e-05,5.30041e-05,4.93285e-05,4.59255e-05,4.29727e-05,4.02978e-05,3.7685e-05,3.52326e-05,3.31983e-05,3.11468e-05,2.92948e-05,2.75348e-05,2.58683e-05,2.44316e-05,2.30091e-05,2.17872e-05,2.05202e-05,1.93908e-05,1.83301e-05,1.73345e-05,1.64006e-05,1.54976e-05,1.47011e-05
1.2248e-05,32.8518,34.3533,29.5508,25.7949,22.251,19.5336,16.3199,12.4576,4.31928,1.46968,0.60745,0.309873,0.175363,0.107315,0.0698801,0.0478571,0.034167,0.0252567,0.0192278,0.0150109,0.0120166,0.0101665,0.00827463,0.00684668,0.00574437,0.00507928,0.0043647,0.00378132,0.00331082,0.00301417,0.0026765,0.00239024,0.00215149,0.00199479,0.00181368,0.00167697,0.00152483,0.00143365,0.00131124,0.00123865,0.00114243,0.00108081,0.00100258,0.000955908,0.000893618,0.000855292,0.000797375,0.000766632,0.000722104,0.000693427,0.000656467,0.000599531,0.000550483,0.000508606,0.000473269,0.000439949,0.00041233,0.000386203,0.000363639,0.000342587,0.000323974,0.000306944,0.000291386,0.000277195,0.000264279,0.000252862,0.000243905,0.000231779,0.00022413,0.000213549,0.000207056,0.000197835,0.000192103,0.000184091,0.000179293,0.000172104,0.000167649,0.000161444,0.00015753,0.000151976,0.000147826,0.000143812,0.000139703,0.000135945,0.000132521,0.000129202,0.000125984,0.000122862,0.000119832,0.00011709,0.000114427,0.000108187,9.94483e-05,9.19228e-05,8.47724e-05,7.86509e-05,7.32629e-05,6.80218e-05,6.35515e-05,5.92195e-05,5.50625e-05,5.15444e-05,4.83574e-05,4.51188e-05,4.22987e-05,3.98379e-05,3.73584e-05,3.512e-05,3.29936e-05,3.10572e-05,2.93761e-05,2.76385e-05,2.61315e-05,2.46493e-05,2.32571e-05,2.19508e-05,2.07798e-05,1.96807e-05,1.86166e-05,1.76227e-05
1.4698e-05,33.6197,34.5121,29.6662,25.922,22.4255,19.7903,16.7716,13.3722,5.81696,1.85087,0.744633,0.3763,0.211961,0.12937,0.0841099,0.0575476,0.041061,0.0303411,0.0230926,0.0180248,0.0144274,0.0122053,0.00992946,0.0082177,0.00689324,0.00609832,0.00523764,0.00453909,0.00397445,0.00361415,0.0032118,0.002871,0.00258047,0.00239634,0.00217389,0.00201732,0.00182618,0.00171802,0.00157118,0.00148297,0.00136981,0.00129915,0.00120523,0.00115024,0.00106823,0.0010223,0.000960812,0.000918005,0.000865569,0.000834943,0.000790534,0.000720332,0.00066318,0.00061369,0.000567107,0.000527146,0.000493255,0.000464943,0.000434469,0.00041267,0.000388491,0.000368875,0.000350191,0.000332376,0.000318523,0.000303435,0.000292686,0.000278135,0.00026884,0.000256315,0.000248579,0.000237565,0.000230684,0.000221015,0.000214893,0.000206676,0.000201228,0.00019383,0.000188988,0.000182324,0.000177437,0.000172483,0.000167688,0.000163266,0.000158982,0.000154829,0.000151013,0.00014731,0.000143921,0.000140428,0.000137234,0.000129824,0.00011941,0.000110376,0.00010176,9.4319e-05,8.78859e-05,8.16261e-05,7.6235e-05,7.10127e-05,6.61231e-05,6.18305e-05,5.80506e-05,5.42045e-05,5.0837e-05,4.77868e-05,4.48124e-05,4.21272e-05,3.96565e-05,3.73145e-05,3.51931e-05,3.31662e-05,3.13315e-05,2.95291e-05,2.78966e-05,2.63636e-05,2.4925e-05,2.35758e-05,2.23205e-05,2.11473e-05
1.7637e-05,34.3125,34.664,29.7773,26.0443,22.5924,20.0333,17.1863,14.157,7.71973,2.36615,0.917666,0.458189,0.256584,0.156097,0.101294,0.0692252,0.0493575,0.0364547,0.0277369,0.0216453,0.0173228,0.0146533,0.0119199,0.00986073,0.00827824,0.00732435,0.00628054,0.0054469,0.00476934,0.00433555,0.00385138,0.00343978,0.00309524,0.0028756,0.00260993,0.00241954,0.00219383,0.00206162,0.00188888,0.00178411,0.00164155,0.00156117,0.00144521,0.00137609,0.00128393,0.0012298,0.00114901,0.00110356,0.00103773,0.00100004,0.000947716,0.000863503,0.000793215,0.000735587,0.000681344,0.00063416,0.000593447,0.000554932,0.000522093,0.000494493,0.000464802,0.000443327,0.000419569,0.000400142,0.000381597,0.000363875,0.000351466,0.000333644,0.000322259,0.000308711,0.000298183,0.000285731,0.000275964,0.000264484,0.000257975,0.000247809,0.000241524,0.000232547,0.00022693,0.000218789,0.000212832,0.000206843,0.000201271,0.000195875,0.000190865,0.000186009,0.0001813,0.000176938,0.000172705,0.000168594,0.000164799,0.000155674,0.000143184,0.000132452,0.000122177,0.000113245,0.000105463,9.80355e-05,9.15889e-05,8.53421e-05,7.93477e-05,7.41737e-05,6.97043e-05,6.50454e-05,6.09455e-05,5.7419e-05,5.37748e-05,5.05695e-05,4.76039e-05,4.47926e-05,4.22463e-05,3.97995e-05,3.75846e-05,3.54724e-05,3.34879e-05,3.1625e-05,2.99316e-05,2.83423e-05,2.6804e-05,2.53674e-05
2.1165e-05,34.9418,34.8096,29.8844,26.1622,22.7527,20.2641,17.5701,14.8437,9.60192,3.09178,1.13911,0.559879,0.311227,0.188581,0.122089,0.0833199,0.0593554,0.0438143,0.0333241,0.0259987,0.0208028,0.0175952,0.0143114,0.011838,0.00993759,0.00879058,0.00753973,0.00653478,0.00572466,0.00520694,0.00462305,0.00413045,0.00371561,0.00344554,0.00313445,0.00290221,0.0026338,0.00247631,0.00226434,0.00213639,0.00196875,0.00187231,0.00173319,0.00165446,0.00154072,0.00147272,0.00138179,0.00132329,0.00124814,0.00119817,0.00113726,0.00103799,0.000953592,0.000882705,0.000815981,0.000760992,0.000709054,0.000667419,0.000627972,0.000590545,0.000558456,0.000531315,0.000502161,0.000480815,0.000457285,0.000437883,0.000421153,0.000401554,0.000386131,0.000368187,0.000356705,0.000342877,0.000332228,0.000319476,0.00030957,0.000297775,0.000291022,0.000280031,0.000271355,0.000263488,0.000254474,0.00024803,0.000241794,0.000235755,0.000229906,0.0002221,0.000216634,0.000211331,0.000206184,0.000203198,0.000197719,0.000186885,0.000171857,0.000159011,0.000146514,0.000135894,0.000126585,0.000117671,0.00010988,0.000102334,9.52172e-05,8.90313e-05,8.36452e-05,7.80545e-05,7.31149e-05,6.88279e-05,6.45121e-05,6.07002e-05,5.70765e-05,5.37206e-05,5.0681e-05,4.77456e-05,4.51542e-05,4.25419e-05,4.01497e-05,3.79613e-05,3.59071e-05,3.39799e-05,3.21648e-05,3.04224e-05
2.5398e-05,35.5162,34.9491,29.9878,26.2759,22.9066,20.4838,17.9273,15.454,11.1648,4.17171,1.42783,0.687188,0.37842,0.228151,0.147285,0.100344,0.0714071,0.0526747,0.0400449,0.0312324,0.0249851,0.0211296,0.0171839,0.0142127,0.0119301,0.0105526,0.0090527,0.00784827,0.0068696,0.00624976,0.00554765,0.00495654,0.00446137,0.00413854,0.00376007,0.00348389,0.00315815,0.00296802,0.0027149,0.00256821,0.00236251,0.00224349,0.00207983,0.00198535,0.00184887,0.00177131,0.00165913,0.00159186,0.00149681,0.00143874,0.00136379,0.00124828,0.00114431,0.00105925,0.000979178,0.000911605,0.000851636,0.000802402,0.000752106,0.0007115,0.000672923,0.000636224,0.000604576,0.000574397,0.000548742,0.000524227,0.00050599,0.000481274,0.000464518,0.000441825,0.000429161,0.000410909,0.00039921,0.000382324,0.000371484,0.000355816,0.000348232,0.000336037,0.000326587,0.000315245,0.000307682,0.000298091,0.000288809,0.000282025,0.000275453,0.000266947,0.000260802,0.000254841,0.000249054,0.000243436,0.000237977,0.000224032,0.000206881,0.000191434,0.000176405,0.000162886,0.000152139,0.000141654,0.000131776,0.000122877,0.000114333,0.00010686,0.000100309,9.36448e-05,8.78361e-05,8.26683e-05,7.7379e-05,7.27728e-05,6.84757e-05,6.448e-05,6.08608e-05,5.72809e-05,5.41718e-05,5.10503e-05,4.82392e-05,4.55423e-05,4.3067e-05,4.07964e-05,3.85491e-05,3.65439e-05
3.0477e-05,36.0433,35.0831,30.0877,26.3858,23.0548,20.6935,18.2616,16.0036,12.4251,5.85938,1.81477,0.848403,0.461535,0.276516,0.177877,0.120934,0.0859492,0.0633497,0.048134,0.0375272,0.0300127,0.0253774,0.0206351,0.0170651,0.014323,0.0126687,0.0108673,0.00942097,0.00824446,0.00750136,0.00665997,0.00595191,0.00535232,0.00496754,0.00451209,0.00418315,0.00379098,0.00356636,0.00325788,0.00307958,0.00283944,0.00269656,0.00250113,0.00237926,0.00221864,0.00212052,0.00199096,0.00190925,0.00179809,0.00172649,0.00163654,0.00149435,0.00137404,0.00126941,0.00117501,0.00109393,0.00102505,0.000963633,0.000905448,0.0008538,0.000804732,0.000764823,0.000726812,0.000690567,0.000659122,0.000629072,0.000605976,0.000575757,0.000557422,0.000532455,0.00051555,0.000492546,0.000479588,0.000458265,0.000446297,0.000428998,0.000417878,0.000401783,0.000391424,0.000378764,0.00036783,0.000357254,0.000347019,0.000339311,0.000329676,0.000320337,0.000313383,0.000306638,0.000298049,0.00029172,0.000285573,0.000269988,0.000246806,0.000229376,0.000210706,0.000195464,0.00018168,0.000169704,0.000157544,0.000147098,0.000137055,0.000128004,0.000120893,0.000112539,0.000105011,9.91272e-05,9.31742e-05,8.78001e-05,8.18819e-05,7.70708e-05,7.2713e-05,6.87508e-05,6.49667e-05,6.13104e-05,5.78751e-05,5.46507e-05,5.16804e-05,4.89455e-05,4.62979e-05,4.38249e-05
3.6573e-05,36.529,35.2118,30.1842,26.4922,23.1978,20.8944,18.5762,16.5043,13.4656,8.2146,2.35579,1.05582,0.565161,0.335903,0.215133,0.145888,0.103522,0.0762259,0.0578791,0.0451043,0.0360608,0.0304856,0.0247839,0.0204931,0.0171984,0.0152108,0.013047,0.01131,0.00989711,0.0090048,0.00799293,0.00714493,0.00642807,0.00595846,0.00541577,0.00501854,0.00455039,0.00427727,0.00391062,0.00369891,0.00340511,0.0032315,0.00299709,0.00285722,0.00266545,0.00254563,0.00238717,0.00229013,0.00215675,0.00207557,0.00196478,0.00179412,0.00165145,0.00152162,0.00141165,0.00131588,0.00122928,0.00115486,0.00108435,0.00102456,0.00096776,0.000917111,0.000868871,0.000829326,0.000788423,0.000755503,0.000730201,0.000690909,0.000670648,0.000637247,0.00061866,0.000590511,0.000573362,0.000549918,0.000534009,0.000514797,0.000499961,0.00048214,0.000470669,0.000454047,0.000441859,0.00043007,0.000416422,0.000405411,0.000394743,0.00038654,0.000376481,0.000366722,0.00035725,0.000350064,0.000341101,0.000323602,0.000297619,0.000274216,0.000253174,0.000234246,0.000218607,0.000203364,0.000189586,0.000176264,0.000164707,0.00015429,0.000144854,0.000135253,0.000126602,0.000118766,0.000111809,0.000104685,9.87399e-05,9.30954e-05,8.79827e-05,8.22246e-05,7.76704e-05,7.38227e-05,6.95929e-05,6.56261e-05,6.19088e-05,5.89396e-05,5.55575e-05,5.24044e-05
4.3887e-05,36.9784,35.3355,30.2776,26.595,23.3358,21.0871,18.8735,16.9647,14.3494,10.4636,3.16674,1.32855,0.695613,0.409192,0.260631,0.176184,0.124781,0.0917676,0.0696241,0.054227,0.0433376,0.0366287,0.0297711,0.0246126,0.0206527,0.0182645,0.015665,0.0135784,0.0118815,0.0108099,0.0095948,0.00857657,0.00771566,0.00715462,0.00650006,0.00602719,0.00546649,0.00513627,0.0046962,0.00443755,0.00408725,0.00388108,0.0035997,0.00342971,0.00319956,0.00305678,0.00286758,0.00274913,0.00258714,0.00249068,0.00235773,0.00215205,0.00198087,0.00182846,0.00169316,0.00157747,0.00147591,0.00138733,0.00130341,0.00122734,0.00116201,0.00109986,0.00104397,0.0009939,0.000946107,0.000906604,0.000875635,0.000829681,0.000804197,0.000764696,0.000741277,0.000710246,0.00068857,0.000659901,0.000642358,0.000615738,0.000601943,0.000579542,0.000564323,0.000545797,0.000529768,0.000514264,0.000501498,0.000486934,0.000474994,0.00046342,0.000452198,0.000439238,0.0004287,0.00042048,0.000410511,0.000386791,0.000355691,0.000329404,0.000303809,0.000282336,0.000262919,0.000244037,0.000228305,0.00021177,0.000197167,0.000185149,0.000173172,0.000162097,0.000152118,0.00014308,0.000133993,0.00012579,0.000118006,0.000111409,0.000105434,9.88078e-05,9.34678e-05,8.82119e-05,8.32735e-05,7.86382e-05,7.42906e-05,7.0215e-05,6.67664e-05,6.30708e-05
5.2665e-05,37.3957,35.4547,30.368,26.6948,23.4692,21.2724,19.1555,17.3916,15.1191,12.1986,4.55824,1.69937,0.86212,0.500296,0.316441,0.213072,0.150551,0.110556,0.0837967,0.065222,0.0521,0.0440223,0.0357702,0.0295661,0.0248052,0.0219347,0.0188108,0.0163039,0.0142654,0.0129782,0.0115188,0.010296,0.00926216,0.00858847,0.00780256,0.00723133,0.00655822,0.00616294,0.00563776,0.00532393,0.00490802,0.0046562,0.00431964,0.00411776,0.0038364,0.00366915,0.00344208,0.00330091,0.00310361,0.00298598,0.00282928,0.00258604,0.00237531,0.00219415,0.00203587,0.00189455,0.00176878,0.0016648,0.00156263,0.00147281,0.00139441,0.00131983,0.0012521,0.00119397,0.00113848,0.00108854,0.00104834,0.00099798,0.000963875,0.000917636,0.000891762,0.000851751,0.000827892,0.000790834,0.000771346,0.00073939,0.000721337,0.000693989,0.000677188,0.000654015,0.000636184,0.000618937,0.000602245,0.000586083,0.000570426,0.00055525,0.000540534,0.000528328,0.000516481,0.000502966,0.00049182,0.000465298,0.000428281,0.00039494,0.000364244,0.000338183,0.000314617,0.000293125,0.000273698,0.000254885,0.000236841,0.000221721,0.000208024,0.000194104,0.000182542,0.000171135,0.000160615,0.000151117,0.000142089,0.000133539,0.000126521,0.000118846,0.000112556,0.000105729,9.99282e-05,9.4479e-05,8.93641e-05,8.45655e-05,7.99248e-05,7.55922e-05
6.3197e-05,37.7843,35.5694,30.4556,26.7914,23.5984,21.4509,19.424,17.79,15.8027,13.5525,7.64962,2.23168,1.07864,0.614548,0.385232,0.258116,0.181849,0.133296,0.100913,0.078481,0.0626555,0.0529234,0.042988,0.0355228,0.029797,0.0263458,0.0225908,0.0195781,0.0171289,0.0155825,0.0138294,0.0123607,0.0111191,0.0103101,0.00936631,0.00868046,0.00787217,0.0073976,0.00676658,0.00639241,0.00589046,0.00559028,0.00518357,0.00494236,0.00460676,0.00440298,0.0041305,0.00396012,0.00372529,0.00358507,0.00339328,0.00310056,0.00285211,0.0026313,0.00243978,0.00227109,0.00212331,0.00199476,0.00187661,0.00176808,0.0016719,0.00158379,0.00150318,0.00143277,0.00136555,0.0013044,0.00126043,0.0011958,0.00115549,0.00110173,0.00106733,0.00102047,0.000991327,0.000950572,0.000923551,0.000888278,0.000865605,0.000832787,0.000814066,0.000783407,0.000763421,0.000741814,0.000720903,0.000702859,0.00068321,0.0006663,0.000649902,0.000633994,0.000618553,0.000603559,0.000590977,0.000559123,0.000513574,0.000474273,0.000437746,0.00040644,0.000378131,0.000350628,0.000328438,0.000305608,0.00028493,0.000266294,0.000249411,0.000233338,0.000218854,0.000205736,0.00019256,0.00018151,0.000170186,0.000160246,0.000151243,0.000142338,0.000134936,0.000127,0.000120152,0.000113148,0.000107129,0.000101479,9.60072e-05,9.08961e-05
7.5837e-05,38.1473,35.6801,30.5406,26.8853,23.7237,21.6232,19.6806,18.1643,16.4196,14.6619,11.9188,3.08066,1.36823,0.759624,0.470606,0.31336,0.219973,0.160881,0.12162,0.0944914,0.0753853,0.0636496,0.0516792,0.0426916,0.0358019,0.0316506,0.0271355,0.0235139,0.0205702,0.018712,0.0166057,0.0148413,0.0133499,0.0123781,0.0112446,0.0104209,0.00945022,0.00888036,0.00812264,0.00767339,0.00707071,0.00671028,0.006223,0.00592941,0.0055297,0.00528727,0.00495516,0.00475116,0.00447131,0.00430208,0.00407287,0.00372246,0.00341993,0.00316092,0.00292937,0.00272689,0.0025472,0.00239596,0.00225267,0.00212383,0.00200836,0.00190191,0.00180712,0.00171674,0.00163677,0.00156651,0.00151191,0.00143496,0.00138775,0.00132264,0.00128191,0.00122456,0.00118959,0.00114173,0.00110929,0.00106745,0.00103972,0.00100081,0.000974958,0.000941029,0.000916105,0.000889721,0.000866427,0.000841668,0.000819852,0.000798706,0.000780304,0.000760378,0.00074308,0.000724271,0.000707982,0.000670182,0.0006152,0.000569128,0.000525948,0.000487108,0.000453462,0.000422156,0.000393859,0.000366476,0.000341436,0.000318867,0.000299511,0.000279799,0.000262036,0.000246883,0.000231604,0.000217812,0.000204705,0.000192295,0.000181783,0.000171359,0.000161923,0.00015265,0.000143944,0.000135778,0.000128663,0.000121979,0.000115014,0.000108983
9.1004e-05,38.4873,35.7868,30.623,26.9765,23.8453,21.7899,19.9263,18.5176,16.9832,15.6074,14.473,4.92567,1.773,0.946936,0.577458,0.381444,0.266556,0.194413,0.146707,0.113846,0.0907496,0.0765839,0.0621497,0.0513221,0.0430274,0.0380319,0.0326005,0.0282453,0.0247063,0.0224729,0.0199415,0.0178215,0.0160295,0.0148622,0.0135006,0.0125111,0.0113453,0.0106609,0.00975101,0.00921153,0.00848783,0.00805507,0.00746994,0.00711747,0.00663753,0.00634647,0.00594777,0.00570452,0.00536949,0.00516401,0.00488943,0.00446964,0.00410912,0.00379143,0.00351688,0.00327385,0.00305972,0.0028759,0.00270174,0.00254717,0.00240726,0.00228093,0.00216722,0.00206202,0.00196475,0.00188105,0.0018149,0.00172137,0.00166646,0.00158887,0.00153829,0.0014722,0.00142805,0.00136956,0.00133115,0.00127942,0.00124617,0.00120048,0.00117187,0.00112924,0.00109886,0.00106721,0.00103882,0.00101132,0.00098469,0.000958874,0.000935944,0.000913697,0.000890063,0.000871137,0.000850768,0.000804218,0.000738603,0.000684678,0.000630484,0.00058484,0.00054504,0.000506307,0.000472631,0.000440025,0.000409963,0.000382869,0.000359413,0.000335552,0.000315032,0.000296446,0.000277748,0.000260868,0.000245646,0.000231212,0.000218139,0.000205216,0.000194176,0.000183306,0.000172495,0.0001635,0.000154503,0.000146068,0.000138406,0.000130779
0.00010921,38.8067,35.8899,30.703,27.0652,23.9635,21.9514,20.1626,18.8528,17.5038,16.4371,16.2421,15.7315,2.38663,1.19485,0.712785,0.465936,0.323735,0.235305,0.177175,0.137287,0.109323,0.0922025,0.0747791,0.0617232,0.0517299,0.0457146,0.0391773,0.0339376,0.0296812,0.0269955,0.0239523,0.021404,0.0192505,0.0178477,0.0162117,0.0150229,0.0136225,0.0128003,0.0117074,0.0110594,0.0101902,0.00967049,0.00896784,0.0085445,0.00796825,0.00761872,0.00713997,0.00684788,0.00644562,0.00619891,0.00586923,0.00536482,0.0049299,0.00455194,0.00422119,0.00393179,0.00367244,0.00344958,0.00324574,0.00305945,0.00289287,0.0027378,0.00260001,0.00247507,0.00235896,0.00225726,0.00217848,0.00206682,0.00200033,0.00190608,0.00184762,0.00176609,0.00171473,0.00164452,0.00159945,0.00153682,0.0014974,0.00144155,0.0014048,0.00135508,0.00131864,0.00128111,0.00124703,0.00121403,0.00118206,0.00115108,0.00112313,0.00109602,0.00106971,0.00104416,0.00102132,0.000965062,0.000887412,0.000820924,0.000756255,0.000701187,0.000652867,0.000607287,0.000567424,0.000528791,0.000491715,0.000459443,0.000431295,0.000402662,0.000377842,0.000355362,0.000332765,0.00031321,0.000294614,0.000276997,0.000261767,0.000246674,0.000233011,0.000219591,0.000207589,0.000195747,0.000185188,0.000175281,0.000165698,0.000157213
0.00013105,39.1072,35.9894,30.7807,27.1515,24.0784,22.108,20.39,19.172,17.9885,17.1805,17.6351,18.3431,16.248,1.53542,0.886786,0.571621,0.394248,0.28532,0.214251,0.165716,0.131796,0.111074,0.0900178,0.0742608,0.0622118,0.0549641,0.0470916,0.0407846,0.0356633,0.0324329,0.0287732,0.0257093,0.0231207,0.0214346,0.0194685,0.01804,0.0163574,0.0153697,0.0140567,0.0132783,0.0122343,0.0116101,0.0107663,0.0102578,0.00956577,0.00914605,0.00857114,0.00822044,0.00773742,0.00744118,0.00704532,0.00643972,0.00591752,0.00546373,0.00506667,0.004717,0.00440727,0.00414216,0.00389426,0.00367138,0.00347013,0.00328603,0.00312199,0.00296879,0.00283201,0.00270748,0.00261176,0.00248019,0.00240098,0.00228842,0.00221826,0.00211985,0.00205767,0.00197185,0.00191934,0.00184217,0.00179588,0.00172888,0.00168576,0.00162798,0.00158236,0.00153824,0.00149554,0.00145639,0.00141847,0.00138172,0.00134818,0.00131564,0.00128406,0.00125339,0.00122558,0.00115846,0.00106526,0.000984764,0.000908159,0.000842355,0.000784326,0.000729306,0.000680908,0.000634042,0.000590299,0.000552017,0.000518426,0.000483195,0.000453411,0.000426434,0.000399318,0.000375683,0.000353216,0.000332702,0.00031412,0.000295732,0.000279745,0.000263384,0.000248631,0.000235349,0.000222333,0.000210645,0.000198837,0.000188749
0.00015726,39.3905,36.0857,30.8562,27.2355,24.1904,22.2602,20.6096,19.4771,18.4433,17.8577,18.806,20.0026,19.52,2.03541,1.11572,0.705379,0.481831,0.346795,0.259529,0.200289,0.159047,0.133919,0.108435,0.0893948,0.0748527,0.0661126,0.0566249,0.0490286,0.0428631,0.0389755,0.0345724,0.0308872,0.0277742,0.0257471,0.0233836,0.0216665,0.0196443,0.0184574,0.0168797,0.0159446,0.0146903,0.0139404,0.0129267,0.012316,0.0114847,0.0109806,0.0102902,0.00986899,0.00928889,0.00893314,0.00845774,0.00773055,0.00710352,0.00655871,0.00608196,0.00566214,0.00529024,0.00497197,0.00467437,0.00440678,0.00416518,0.00394615,0.00374685,0.00356491,0.00339823,0.00325054,0.0031365,0.00297847,0.00288001,0.00274441,0.00266135,0.00254437,0.00247028,0.00236726,0.00230372,0.00221312,0.00215655,0.00207466,0.00202436,0.00195264,0.0018993,0.00184771,0.00179554,0.00174723,0.0017026,0.00165934,0.00161739,0.00157877,0.00154128,0.00150487,0.00146951,0.00139015,0.00127758,0.00118137,0.00108946,0.0010099,0.000940896,0.000875167,0.00081709,0.000760851,0.000708118,0.000661734,0.000621893,0.000580246,0.0005437,0.000511534,0.000479182,0.00045082,0.000424662,0.000399089,0.000376653,0.000355155,0.000335694,0.000316562,0.000298595,0.000282306,0.000267016,0.000252671,0.0002388,0.000226313
0.00018871,39.6583,36.1788,30.9297,27.3174,24.2996,22.4083,20.822,19.7697,18.8725,18.4825,19.8273,21.2713,21.1681,18.9723,1.42749,0.877302,0.591571,0.422777,0.315037,0.242452,0.192162,0.161624,0.130723,0.107682,0.0901105,0.0795599,0.0681159,0.0589596,0.0515325,0.0468511,0.0415508,0.0371162,0.0333712,0.0309331,0.0280908,0.0260262,0.0235951,0.0221684,0.0202723,0.0191484,0.0176413,0.0167402,0.0155222,0.0147886,0.01379,0.0131844,0.012355,0.011849,0.0111524,0.0107251,0.0101541,0.00928074,0.00852776,0.00787352,0.00730108,0.00679697,0.00635043,0.00596826,0.00561096,0.00528972,0.00499964,0.00473669,0.00449745,0.004279,0.00407892,0.00390163,0.00376469,0.00357498,0.0034579,0.00329488,0.00319385,0.00305251,0.00296452,0.00284101,0.00276382,0.00265507,0.00258689,0.00249052,0.0024299,0.00234316,0.00228101,0.00221634,0.00215599,0.00209756,0.00204312,0.00199036,0.00194129,0.00189369,0.00184953,0.00180464,0.001765,0.0016678,0.00153346,0.00141937,0.00130834,0.00121156,0.00112996,0.00104908,0.000979974,0.000913021,0.000849982,0.00079431,0.000746054,0.000695883,0.000652637,0.000614402,0.000575905,0.000541152,0.000508952,0.000479213,0.000452275,0.000426324,0.000402833,0.000379749,0.000358671,0.00033888,0.000320311,0.000302898,0.00028656,0.000271297
0.00022645,39.9117,36.269,31.0012,27.3973,24.4062,22.5526,21.0279,20.0512,19.2798,19.0646,20.7397,22.3147,22.3706,20.9783,1.8778,1.10329,0.730726,0.517392,0.383435,0.294063,0.232518,0.1953,0.157747,0.129815,0.108551,0.0957991,0.0819803,0.0709337,0.0619792,0.056338,0.0499537,0.0446143,0.0401067,0.0371727,0.0337532,0.0312696,0.028346,0.0266305,0.0243508,0.0229998,0.0211882,0.0201052,0.0186415,0.0177599,0.0165599,0.0158323,0.0148358,0.014228,0.013391,0.0128777,0.0121919,0.0111429,0.0102385,0.00945268,0.00876519,0.00815982,0.0076236,0.00716474,0.00673569,0.00634993,0.00600167,0.00568595,0.00539869,0.00513643,0.0048962,0.00468335,0.00451895,0.00429119,0.00415064,0.00395493,0.0038336,0.00366394,0.00355833,0.00341004,0.00331738,0.00318685,0.00310498,0.00298931,0.00291657,0.00281342,0.00273733,0.00266049,0.00258762,0.0025184,0.00245259,0.00238995,0.00233025,0.00227332,0.00221897,0.00216702,0.00211734,0.00200216,0.00184086,0.00170221,0.00156968,0.00145512,0.00135595,0.00125946,0.00117624,0.00109562,0.0010195,0.000953172,0.000895265,0.000835266,0.000783164,0.000736908,0.000690377,0.000650058,0.000610903,0.00057536,0.000543166,0.000511313,0.000483136,0.000455449,0.000430048,0.000406203,0.000384373,0.000363888,0.000344066,0.00032602
0.00027174,40.1521,36.3563,31.0708,27.4752,24.5103,22.6934,21.2279,20.3228,19.6681,19.6116,21.5678,23.2078,23.3397,22.2778,19.6681,1.41067,0.910105,0.636366,0.468266,0.357535,0.281872,0.236353,0.190589,0.156652,0.130873,0.115437,0.0987281,0.0853857,0.0745793,0.0677756,0.0600795,0.053646,0.048217,0.0446844,0.0405683,0.0375791,0.0340616,0.0319979,0.0292561,0.0276314,0.0254531,0.024151,0.0223914,0.0213317,0.0198894,0.0190149,0.0178174,0.017087,0.0160812,0.0154645,0.0146404,0.0133801,0.0122937,0.0113498,0.010524,0.00979691,0.00915289,0.00860179,0.00808652,0.0076233,0.00720506,0.00682594,0.00648102,0.00616609,0.00587766,0.00562205,0.0054247,0.00515123,0.00498248,0.00474749,0.00460185,0.00439814,0.00427133,0.0040933,0.00398208,0.00382535,0.00372707,0.00358819,0.00350087,0.00337705,0.00328569,0.00319346,0.00310597,0.00302287,0.00294388,0.00286868,0.00279702,0.00272868,0.00266343,0.00260108,0.00254144,0.00240316,0.00220955,0.00204377,0.00188379,0.00174636,0.00162711,0.00151195,0.00141168,0.00131545,0.00122417,0.00114457,0.00107497,0.00100253,0.00094019,0.000884664,0.000828807,0.00078007,0.000733726,0.000689822,0.000651509,0.000613575,0.000579895,0.000546789,0.000516296,0.00048767,0.000461355,0.000436665,0.000412782,0.000390946
0.00032609,40.3804,36.441,31.1387,27.5513,24.6121,22.8309,21.4225,20.5853,20.0398,20.1289,22.328,23.9922,24.1604,23.281,21.3868,1.85365,1.14687,0.787945,0.574368,0.436053,0.342492,0.286576,0.230611,0.189264,0.157943,0.139222,0.118987,0.102849,0.0897925,0.0815779,0.0722916,0.0645334,0.0579897,0.0537334,0.0487754,0.0451757,0.0409412,0.0384575,0.0351582,0.0332035,0.0305832,0.0290172,0.0269011,0.0256268,0.0238927,0.0228413,0.0214018,0.0205239,0.019315,0.0185737,0.0175833,0.0160688,0.0147634,0.0136293,0.0126373,0.0117638,0.0109901,0.0103282,0.00970928,0.00915288,0.00865056,0.00819525,0.00778099,0.00740282,0.00705642,0.00674951,0.00651249,0.00618408,0.00598145,0.00569931,0.00552441,0.00527982,0.00512757,0.00491383,0.00478026,0.00459207,0.00447411,0.00430736,0.0042025,0.00405386,0.00394416,0.00383342,0.00372839,0.00362863,0.00353378,0.00344349,0.00335747,0.00327543,0.00319708,0.00312223,0.00305063,0.00288464,0.0026522,0.0024532,0.00226115,0.00209616,0.00195303,0.00181478,0.00169442,0.0015789,0.00146934,0.00137379,0.00128979,0.00120379,0.00112848,0.001062,0.000994976,0.000935907,0.000880391,0.000828381,0.00078221,0.000736629,0.000696111,0.000656453,0.000619603,0.000585385,0.0005536,0.000524075,0.000495675,0.000469404
0.0003913,40.5974,36.523,31.2048,27.6257,24.7117,22.9654,21.612,20.8396,20.3966,20.6209,23.0317,24.6933,24.8765,24.1114,22.5589,19.7328,1.47095,0.984598,0.708539,0.533907,0.417349,0.34828,0.279541,0.228997,0.190838,0.168083,0.143529,0.123979,0.108181,0.0982502,0.0870326,0.0776675,0.0697732,0.0646406,0.0586644,0.0543264,0.0492257,0.0462346,0.0422624,0.0399095,0.036756,0.0348716,0.0323258,0.0307929,0.0287071,0.0274428,0.0257116,0.0246559,0.0232025,0.0223114,0.0211208,0.0193004,0.0177314,0.0163685,0.0151764,0.0141269,0.0131974,0.0124021,0.0116586,0.0109903,0.0103869,0.00983996,0.00934241,0.00888818,0.00847217,0.00810353,0.00781888,0.0074245,0.00718116,0.00684233,0.00663231,0.00633861,0.00615577,0.00589907,0.00573871,0.00551275,0.00537108,0.00517088,0.00504495,0.00486649,0.00473478,0.00460182,0.00447571,0.00435592,0.00424204,0.00413364,0.00403036,0.00393186,0.0038378,0.00374794,0.00366197,0.00346268,0.00318365,0.00294472,0.00271417,0.00251611,0.00234428,0.00217832,0.00203385,0.00189516,0.00176365,0.00164895,0.00154812,0.0014449,0.00135449,0.00127468,0.00119424,0.00112333,0.00105669,0.000994267,0.000938841,0.000884136,0.000835503,0.000787895,0.000743674,0.000702596,0.000664449,0.000629008,0.000594923,0.000563389
0.00046956,40.8042,36.6027,31.2693,27.6984,24.8092,23.097,21.7969,21.0866,20.7403,21.0911,23.6874,25.3285,25.5144,24.8262,23.4795,21.3545,1.94364,1.24676,0.880872,0.657121,0.510472,0.424539,0.339639,0.277585,0.230937,0.203198,0.173331,0.149596,0.130447,0.118423,0.104853,0.093534,0.0839993,0.0778039,0.0705931,0.0653607,0.0592115,0.0556069,0.0508211,0.0479871,0.0441896,0.0419209,0.0388562,0.0370113,0.0345013,0.03298,0.0308973,0.0296274,0.0278792,0.0268075,0.0253756,0.0231867,0.0213003,0.019662,0.0182291,0.0169677,0.0158507,0.0148949,0.0140015,0.0131985,0.0124735,0.0118164,0.0112187,0.010673,0.0101732,0.00973042,0.00938851,0.00891479,0.0086225,0.00821556,0.0079633,0.00761054,0.00739096,0.00708268,0.00689005,0.00661871,0.00644858,0.00620813,0.00605694,0.00584262,0.00568445,0.00552478,0.00537333,0.00522952,0.00509275,0.00496259,0.00483858,0.00472029,0.00460736,0.00449945,0.00439623,0.00415693,0.0038219,0.00353503,0.00325823,0.00302044,0.00281412,0.00261488,0.00244143,0.00227496,0.00211706,0.00197937,0.00185832,0.0017344,0.00162588,0.00153008,0.0014335,0.00134839,0.00126839,0.00119345,0.00112692,0.00106125,0.00100287,0.000945726,0.000892639,0.000843335,0.000797542,0.000755006,0.000714089,0.000676239
0.00056348,41.0014,36.68,31.3323,27.7696,24.9049,23.226,21.9777,21.3268,21.0723,21.5422,24.3015,25.9099,26.0912,25.457,24.2483,22.4748,19.6533,1.6116,1.10712,0.814385,0.627405,0.519475,0.413859,0.337259,0.279987,0.246051,0.20961,0.180722,0.157459,0.142873,0.126429,0.112727,0.101196,0.0937078,0.0849975,0.0786794,0.071259,0.066911,0.0611403,0.057724,0.0531475,0.0504142,0.0467226,0.0445008,0.0414785,0.0396471,0.0371401,0.0356117,0.0335079,0.0322183,0.0304955,0.0278623,0.0255935,0.0236233,0.0219004,0.0203838,0.0190409,0.017892,0.0168182,0.015853,0.0149818,0.0141921,0.0134738,0.0128182,0.0122177,0.0116856,0.0112748,0.0107057,0.0103545,0.00986566,0.00956262,0.00913885,0.00887508,0.00850479,0.00827342,0.00794746,0.00774313,0.00745434,0.00727273,0.0070153,0.00682535,0.00663359,0.00645168,0.00627896,0.00611471,0.00595839,0.00580946,0.00566741,0.00553178,0.0054022,0.00527825,0.00499086,0.00458854,0.00424407,0.00391168,0.00362616,0.00337844,0.00313921,0.00293095,0.00273106,0.00254148,0.00237619,0.00223085,0.00208207,0.00195178,0.00183676,0.00172082,0.00161865,0.0015226,0.00143264,0.00135277,0.00127393,0.00120385,0.00113525,0.00107152,0.00101233,0.000957358,0.000906296,0.000857178,0.000811739
0.00067617,41.1897,36.7551,31.3937,27.8393,24.9987,23.3525,22.1544,21.5608,21.3936,21.9763,24.8789,26.4464,26.6184,26.0233,24.9134,23.3582,21.2061,16.452,1.41412,1.01893,0.77606,0.638775,0.506151,0.410934,0.340237,0.298536,0.253908,0.218637,0.190302,0.172565,0.152596,0.13598,0.12201,0.112946,0.10241,0.0947714,0.0858068,0.0805566,0.0735913,0.0694694,0.0639495,0.0606536,0.0562037,0.0535259,0.0498844,0.047678,0.0446586,0.042818,0.0402849,0.0387324,0.0366584,0.0334893,0.0307592,0.028389,0.0263165,0.0244925,0.0228776,0.021496,0.0202049,0.0190446,0.0179972,0.017048,0.0161847,0.0153966,0.0146749,0.0140355,0.0135419,0.012858,0.012436,0.0118486,0.0114844,0.0109753,0.0106584,0.0102135,0.00993555,0.00954397,0.00929848,0.00895156,0.00873339,0.00842417,0.00819597,0.00796562,0.00774713,0.00753965,0.00734238,0.00715463,0.00697572,0.00680512,0.00664222,0.00648657,0.00633771,0.00599256,0.00550936,0.00509568,0.00469652,0.00435364,0.00405616,0.0037689,0.00351883,0.00327881,0.00305117,0.00285269,0.00267819,0.00249957,0.00234312,0.00220503,0.00206583,0.00194316,0.00182785,0.00171985,0.00162395,0.0015293,0.00144516,0.00136281,0.0012863,0.00121524,0.00114925,0.00108794,0.00102898,0.000974429
0.0008114,41.3697,36.828,31.4537,27.9076,25.0908,23.4767,22.3275,21.7891,21.7053,22.3955,25.4236,26.9448,27.1047,26.5384,25.5024,24.0975,22.2925,19.7042,1.8547,1.2926,0.968394,0.790661,0.622004,0.502555,0.414671,0.363136,0.308219,0.264984,0.230353,0.208722,0.18441,0.164211,0.147254,0.136262,0.123496,0.114245,0.1034,0.0970517,0.0886342,0.0836553,0.0769903,0.0730122,0.0676429,0.0644128,0.0600214,0.0573613,0.0537217,0.0515035,0.0484513,0.046581,0.0440827,0.0402662,0.0369794,0.0341264,0.0316321,0.0294373,0.0274944,0.0258324,0.0242794,0.0228839,0.0216244,0.020483,0.0194449,0.0184975,0.0176299,0.0168612,0.0162678,0.0154457,0.0149385,0.0142325,0.0137949,0.013183,0.0128021,0.0122675,0.0119335,0.0114629,0.011168,0.0107511,0.010489,0.0101174,0.00984325,0.00956651,0.00930402,0.00905472,0.00881774,0.00859218,0.00837724,0.00817229,0.0079766,0.00778964,0.00761081,0.00719618,0.00661578,0.00611889,0.00563945,0.00522763,0.00487037,0.00452537,0.00422505,0.00393681,0.00366345,0.0034251,0.00321555,0.00300105,0.0028132,0.00264738,0.00248024,0.00233293,0.00219448,0.0020648,0.00194966,0.00183601,0.00173499,0.00163611,0.00154425,0.00145894,0.0013797,0.0013061,0.00123531,0.00116981
0.00097369,41.542,36.899,31.5123,27.9745,25.1813,23.5988,22.4973,22.0122,22.0083,22.8013,25.939,27.4106,27.5566,27.0117,26.0327,24.738,23.1536,21.1545,17.8255,1.67572,1.22365,0.987556,0.769264,0.617557,0.507301,0.44314,0.375148,0.321882,0.279378,0.252899,0.223202,0.19858,0.177942,0.164582,0.149081,0.137856,0.124712,0.117024,0.106836,0.100813,0.092755,0.0879476,0.0814613,0.0775607,0.0722593,0.0690491,0.0646578,0.0619822,0.0583013,0.0560462,0.0530344,0.048435,0.044475,0.0410385,0.0380349,0.0353924,0.0330536,0.0310531,0.0291843,0.0275051,0.0259898,0.0246167,0.023368,0.0222284,0.021185,0.0202606,0.019547,0.0185585,0.0179487,0.0170998,0.0165737,0.0158381,0.0153802,0.0147376,0.014336,0.0137705,0.0134159,0.0129149,0.0125998,0.0121533,0.0118238,0.0114912,0.0111757,0.0108762,0.0105914,0.0103203,0.0100621,0.00981578,0.00958065,0.00935599,0.00914112,0.00864295,0.00794563,0.00734865,0.00677269,0.00627798,0.00584883,0.00543441,0.00507368,0.00472747,0.00439913,0.00411287,0.00386119,0.00360358,0.00337798,0.00317883,0.00297811,0.00280121,0.00263495,0.00247922,0.00234095,0.00220448,0.00208317,0.00196444,0.00185413,0.00175169,0.00165655,0.00156816,0.00148316,0.00140452
0.0011684,41.707,36.968,31.5697,28.0401,25.2703,23.7188,22.6638,22.2304,22.3032,23.1949,26.4278,27.8478,27.9788,27.4499,26.5159,25.3056,23.8761,22.2014,20.0354,2.2587,1.57605,1.24952,0.95965,0.763669,0.623633,0.54298,0.458136,0.392092,0.339646,0.307083,0.270661,0.24054,0.215345,0.19906,0.18019,0.166538,0.150573,0.141245,0.128892,0.121595,0.111837,0.106018,0.098172,0.0934556,0.0870481,0.0831693,0.0778653,0.0746345,0.0701911,0.0674695,0.0638351,0.0582873,0.0535126,0.0493704,0.0457509,0.0425673,0.0397502,0.037341,0.0350908,0.0330693,0.0312452,0.0295927,0.02809,0.0267187,0.0254632,0.024351,0.0234926,0.0223035,0.02157,0.0205491,0.0199163,0.0190317,0.0184811,0.0177083,0.0172255,0.0165455,0.0161192,0.0155169,0.0151381,0.0146013,0.0142052,0.0138054,0.0134262,0.0130661,0.0127238,0.012398,0.0120876,0.0117915,0.011509,0.0112389,0.0109807,0.010382,0.00954404,0.00882671,0.00813465,0.00754026,0.00702465,0.00652678,0.00609341,0.0056775,0.00528309,0.00493923,0.00463691,0.00432749,0.00405652,0.00381732,0.00357624,0.00336377,0.00316409,0.00297705,0.002811,0.0026471,0.00250142,0.00235882,0.00222636,0.00210333,0.00198908,0.00188295,0.00178087,0.00168643
0.0014021,41.8653,37.0351,31.6257,28.1045,25.3579,23.837,22.8275,22.4441,22.5907,23.5775,26.8926,28.2601,28.3755,27.8585,26.9605,25.8169,24.5034,23.0433,21.3623,19.0318,2.0982,1.61297,1.21214,0.952599,0.771661,0.668939,0.561944,0.479362,0.414196,0.373913,0.329009,0.291993,0.261113,0.241191,0.218144,0.201488,0.182047,0.170698,0.155686,0.146825,0.134986,0.127931,0.118423,0.11271,0.104953,0.10026,0.0938443,0.0899379,0.084567,0.0812784,0.0768874,0.0701882,0.0644251,0.0594273,0.0550616,0.0512228,0.0478269,0.0449231,0.0422117,0.0397763,0.0375792,0.0355889,0.0337794,0.0321283,0.0306169,0.029278,0.0282447,0.0268136,0.025931,0.0247024,0.023941,0.0228766,0.0222142,0.0212846,0.0207038,0.0198858,0.0193731,0.0186485,0.018193,0.0175474,0.0170709,0.0165902,0.0161342,0.0157012,0.0152896,0.0148978,0.0145246,0.0141687,0.0138289,0.0135043,0.0131939,0.0124741,0.0114668,0.0106045,0.00977274,0.00905836,0.0084387,0.0078404,0.00731963,0.00681987,0.00634596,0.0059328,0.00556958,0.00519782,0.00487227,0.00458491,0.00429529,0.00404005,0.00380018,0.0035755,0.00337604,0.00317916,0.00300417,0.00283288,0.00267377,0.002526,0.00238877,0.00226129,0.00213868,0.00202526
0.0016825,42.0173,37.1004,31.6806,28.1677,25.4441,23.9534,22.9884,22.6536,22.8714,23.95,27.3352,28.6501,28.7496,28.2413,27.3727,26.283,25.0604,23.757,22.3748,20.7876,18.3035,2.15594,1.56023,1.20297,0.963304,0.830067,0.693203,0.588784,0.507079,0.456861,0.401131,0.355382,0.317344,0.292865,0.264604,0.244208,0.220453,0.206607,0.188312,0.177525,0.163125,0.154552,0.143005,0.136073,0.126665,0.120976,0.113203,0.108472,0.10197,0.0979903,0.0926778,0.0845778,0.0776133,0.0715764,0.0663053,0.061672,0.0575745,0.0540714,0.0508017,0.0478653,0.0452168,0.0428182,0.0406377,0.0386484,0.0368276,0.0352148,0.0339704,0.032247,0.0311841,0.0297049,0.0287883,0.027507,0.0267097,0.0255908,0.0248918,0.0239074,0.0232904,0.0224185,0.0218704,0.0210936,0.0205204,0.019942,0.0193934,0.0188725,0.0183774,0.0179062,0.0174573,0.0170292,0.0166206,0.0162301,0.0158568,0.0149912,0.0137799,0.0127431,0.011743,0.0108842,0.0101393,0.00942015,0.0087942,0.00819352,0.00762395,0.00712743,0.00669093,0.00624419,0.00585298,0.00550769,0.00515969,0.00485301,0.0045648,0.00429485,0.0040552,0.00381867,0.00360844,0.00340267,0.00321152,0.003034,0.00286914,0.002716,0.00256872,0.00243248
0.002019,42.1632,37.1641,31.7343,28.2299,25.529,24.0681,23.1468,22.8592,23.1457,24.3132,27.7576,29.0203,29.1039,28.6018,27.7574,26.7122,25.5631,24.3818,23.2163,22.0718,20.9063,18.7437,2.07434,1.54795,1.21792,1.0404,0.861749,0.727674,0.623976,0.560732,0.490961,0.433996,0.386839,0.356587,0.321752,0.296657,0.267511,0.250552,0.228177,0.215003,0.197435,0.186987,0.172928,0.164495,0.153058,0.146146,0.136708,0.130967,0.123081,0.118257,0.111818,0.102008,0.0935794,0.0862773,0.0799045,0.0743053,0.0693555,0.0651247,0.0611774,0.0576335,0.0544379,0.0515444,0.0489145,0.0465157,0.0443205,0.0423762,0.0408763,0.0387994,0.0375187,0.0357364,0.0346322,0.0330888,0.0321284,0.0307808,0.029939,0.0287536,0.0280106,0.026961,0.0263011,0.0253659,0.0246758,0.0239796,0.0233193,0.0226924,0.0220965,0.0215294,0.0209892,0.0204741,0.0199823,0.0195125,0.0190633,0.0180219,0.0165646,0.0153175,0.0141147,0.0130818,0.012186,0.0113212,0.0105686,0.00984637,0.0091616,0.00856468,0.00803997,0.00750295,0.00703273,0.00661769,0.00619943,0.00583085,0.00548447,0.00516004,0.00487205,0.0045878,0.00433517,0.0040879,0.00385821,0.0036449,0.0034468,0.0032628,0.00308583,0.00292213
0.0024228,42.3036,37.2261,31.7869,28.2909,25.6127,24.1812,23.3027,23.0611,23.4141,24.6679,28.1614,29.3727,29.4404,28.9426,28.1181,27.1102,26.0222,24.9408,23.9488,23.1512,23.0809,26.6818,28.6796,2.05668,1.57005,1.32327,1.0829,0.906917,0.773065,0.692307,0.603931,0.532304,0.473349,0.435684,0.39246,0.361395,0.325444,0.304572,0.277087,0.26093,0.239417,0.22664,0.209465,0.199174,0.18523,0.17681,0.165321,0.158338,0.148751,0.142889,0.135068,0.123164,0.112944,0.104096,0.096379,0.0896024,0.0836145,0.0784979,0.0737266,0.0694444,0.0655841,0.0620897,0.0589145,0.0560189,0.0533697,0.0510235,0.049214,0.0467088,0.0451642,0.0430151,0.0416838,0.0398231,0.0386654,0.0370411,0.0360267,0.0345982,0.033703,0.0324383,0.0316433,0.0305168,0.0296855,0.0288469,0.0280516,0.0272967,0.026579,0.0258961,0.0252457,0.0246254,0.0240334,0.0234678,0.0229269,0.0216733,0.0199192,0.0184183,0.0169709,0.0157281,0.0146504,0.0136101,0.0127047,0.0118361,0.0110125,0.0102947,0.00966365,0.0090179,0.00845249,0.00795349,0.0074506,0.00700748,0.00659106,0.00620105,0.00585484,0.00551316,0.00520949,0.00491226,0.00463618,0.0043798,0.00414171,0.00392055,0.00370787,0.00351112
0.0029074,42.4387,37.2865,31.8384,28.3509,25.6952,24.2929,23.4564,23.2595,23.677,25.0147,28.5479,29.709,29.761,29.2658,28.458,27.4817,26.4457,25.4492,24.606,24.1217,25.4582,29.6818,30.0483,28.088,2.09305,1.7226,1.38272,1.14388,0.966808,0.861651,0.747888,0.656618,0.582082,0.534727,0.480627,0.441866,0.397214,0.371366,0.337411,0.317494,0.291023,0.275327,0.25426,0.241652,0.224588,0.214296,0.200266,0.191744,0.180055,0.172913,0.163388,0.148906,0.136485,0.125742,0.116379,0.108162,0.100906,0.0947075,0.0889311,0.083749,0.0790791,0.0748533,0.0710147,0.0675151,0.064314,0.0614796,0.0592941,0.056269,0.0544042,0.05181,0.0502031,0.0479578,0.046561,0.0446014,0.0433778,0.0416548,0.0405752,0.0390502,0.0380916,0.0367335,0.0357311,0.0347203,0.0337618,0.0328518,0.031987,0.0311641,0.0303802,0.0296329,0.0289196,0.0282382,0.0275866,0.0260765,0.0239638,0.0221564,0.0204136,0.0189175,0.0176202,0.016368,0.0152784,0.0142331,0.0132421,0.0123784,0.0116193,0.0108424,0.0101623,0.00956204,0.00895717,0.00842422,0.00792341,0.00745438,0.00703804,0.00662716,0.00626201,0.00590462,0.00557266,0.0052644,0.00497813,0.00471225,0.00445654,0.00422001
0.0034889,42.5689,37.3455,31.8889,28.4099,25.7767,24.4032,23.608,23.4547,23.9346,25.3541,28.9184,30.0307,30.0671,29.5734,28.7795,27.8304,26.8394,25.9173,25.2083,25.0297,27.7365,31.0525,30.9612,29.2273,26.0939,2.34025,1.81191,1.46893,1.22554,1.08458,0.934686,0.816197,0.720499,0.660166,0.59166,0.54279,0.48683,0.454561,0.412304,0.387587,0.354815,0.335424,0.309445,0.293923,0.272948,0.260312,0.243107,0.232669,0.218365,0.209633,0.197993,0.180322,0.165184,0.152105,0.140717,0.130731,0.121919,0.114395,0.107388,0.101106,0.095447,0.0903282,0.0856802,0.0814442,0.0775707,0.0741414,0.0714982,0.0678404,0.0655862,0.0624508,0.0605091,0.0577964,0.0561092,0.0537425,0.0522649,0.0501846,0.0488813,0.0470404,0.0458834,0.0442444,0.0430348,0.0418151,0.0406588,0.0395611,0.0385179,0.0375254,0.0365801,0.0356788,0.0348187,0.033997,0.0332114,0.0313909,0.0288445,0.0266664,0.0245665,0.0227641,0.0212015,0.0196934,0.0183814,0.0171228,0.0159297,0.0148899,0.0139761,0.0130411,0.0122225,0.0115002,0.0107723,0.010131,0.00952845,0.00896415,0.00846327,0.00796897,0.0075297,0.00709979,0.00670049,0.00632971,0.00598539,0.0056656,0.00535807,0.0050736
0.0041867,42.6943,37.4029,31.9384,28.468,25.8571,24.5122,23.7575,23.6468,24.1874,25.6866,29.2741,30.339,30.3602,29.8667,29.0846,28.1591,27.2076,26.3526,25.7696,25.8994,29.4637,32.0337,31.676,30.0283,27.7403,16.6766,2.49578,1.94417,1.58644,1.38836,1.18364,1.0255,0.899884,0.821569,0.733413,0.670912,0.599924,0.5592,0.5061,0.475157,0.434257,0.410124,0.37787,0.358641,0.332703,0.317104,0.295898,0.28305,0.265464,0.254741,0.240456,0.218809,0.200296,0.184321,0.170428,0.158258,0.147527,0.138371,0.129852,0.122218,0.115346,0.109133,0.103494,0.0983568,0.0936611,0.0895048,0.0863026,0.0818727,0.0791433,0.0753481,0.0729983,0.0697162,0.0676753,0.064813,0.0630263,0.0605113,0.0589358,0.056711,0.0553129,0.0533325,0.0518709,0.0503977,0.0490011,0.0476755,0.0464158,0.0452174,0.0440762,0.0429882,0.0419499,0.0409582,0.0400101,0.0378132,0.0347411,0.0321139,0.0295817,0.0274086,0.025525,0.0237074,0.0221262,0.0206097,0.0191723,0.0179198,0.0168192,0.0156931,0.0147073,0.0138375,0.0129612,0.0121891,0.0114637,0.0107844,0.0101814,0.00958648,0.00905779,0.00854039,0.00805985,0.00761365,0.00719932,0.00681452,0.00644447,0.0061022
0.005024,42.8153,37.459,31.987,28.5253,25.9366,24.6199,23.9052,23.836,24.4355,26.0125,29.616,30.6349,30.6412,30.1472,29.375,28.4701,27.5541,26.7608,26.2994,26.7418,30.7753,32.8177,32.2734,30.6685,28.6639,26.7596,16.4135,2.74019,2.13105,1.8271,1.52964,1.30903,1.13847,1.03396,0.91785,0.836286,0.7447,0.692543,0.624933,0.585735,0.534144,0.503815,0.463411,0.439391,0.40707,0.387677,0.361363,0.345449,0.3237,0.310458,0.292833,0.266186,0.243442,0.22385,0.206836,0.191951,0.178842,0.167663,0.157275,0.147973,0.139606,0.132045,0.125187,0.118943,0.113238,0.10819,0.104302,0.0989265,0.0956155,0.0910129,0.0881642,0.0841861,0.0817132,0.0782457,0.0760816,0.0730362,0.0711289,0.0684359,0.0667439,0.0643477,0.0625791,0.060797,0.0591079,0.0575048,0.0559817,0.0545329,0.0531534,0.0518383,0.0505835,0.0493851,0.0482395,0.0455854,0.0418748,0.0387026,0.0356459,0.0330233,0.0307505,0.0285579,0.0266509,0.024822,0.023089,0.021579,0.0202522,0.018895,0.0177071,0.016659,0.0156031,0.0146729,0.013799,0.0129808,0.0122546,0.0115381,0.0109013,0.0102783,0.00969964,0.00916237,0.00866352,0.00820022,0.00775472,0.00734267
0.0060288,42.932,37.5138,32.0346,28.5816,26.0151,24.7265,24.051,24.0224,24.6792,26.3324,29.945,30.9197,30.9113,30.416,29.6521,28.7654,27.8815,27.1463,26.8048,27.5593,31.8311,33.4783,32.791,31.2101,29.3616,27.8288,19.3471,16.4239,3.12674,2.54039,2.04822,1.71433,1.46903,1.32324,1.16467,1.05497,0.933847,0.865613,0.777914,0.727438,0.661396,0.622773,0.571543,0.541205,0.500518,0.476177,0.443235,0.42336,0.396255,0.379782,0.357883,0.324872,0.296768,0.272614,0.251676,0.233388,0.217305,0.203602,0.190888,0.179514,0.169291,0.160062,0.151696,0.144084,0.137133,0.130985,0.126253,0.119713,0.115687,0.110092,0.10663,0.101798,0.0987952,0.0945859,0.0919596,0.0882645,0.0859509,0.082685,0.0806335,0.0777288,0.0755848,0.0734255,0.0713791,0.0694373,0.0675927,0.0658383,0.0641679,0.0625759,0.0610571,0.0596067,0.0582203,0.0550091,0.0505212,0.0466858,0.0429912,0.0398224,0.0370769,0.0344288,0.0321262,0.0299184,0.0278267,0.0260045,0.0244038,0.0227664,0.0213336,0.0200695,0.0187962,0.0176746,0.016621,0.0156346,0.0147593,0.0138956,0.0131283,0.0123774,0.0116801,0.0110327,0.0104317,0.00987349,0.00933678,0.0088404
0.0072346,43.0448,37.5672,32.0814,28.6372,26.0928,24.8321,24.1952,24.2061,24.9188,26.6465,30.262,31.1939,31.1712,30.674,29.9172,29.0467,28.1924,27.5126,27.2909,28.3486,32.7189,34.0527,33.2501,31.6834,29.9369,28.5883,26.5668,18.6078,16.556,15.0157,2.97605,2.35765,1.96127,1.74057,1.5101,1.35504,1.18852,1.09633,0.979387,0.912816,0.826473,0.776358,0.710295,0.671386,0.619445,0.5885,0.546768,0.52167,0.487538,0.466848,0.439385,0.398148,0.36316,0.333175,0.307247,0.284648,0.26481,0.247927,0.232291,0.218321,0.205779,0.194468,0.184223,0.17491,0.166412,0.158897,0.15312,0.145138,0.140227,0.133406,0.129188,0.123302,0.119646,0.114523,0.111327,0.106833,0.10402,0.10005,0.0975567,0.0940277,0.0914227,0.0888006,0.0863162,0.0839592,0.0817206,0.0795919,0.0775655,0.0756346,0.0737927,0.072034,0.0703532,0.066461,0.0610235,0.0563787,0.0519061,0.0480715,0.0447502,0.0415477,0.0387637,0.0360951,0.0335673,0.0313658,0.0294321,0.0274547,0.0257245,0.0241984,0.0226612,0.0213075,0.020036,0.0188457,0.0177896,0.0167476,0.0158219,0.0149163,0.0140753,0.0132945,0.0125697,0.0118966,0.0112495,0.010651
0.0086815,43.1538,37.6195,32.1273,28.6919,26.1697,24.9366,24.3377,24.3874,25.1544,26.9551,30.5677,31.4585,31.4218,30.9222,30.1713,29.3153,28.4884,27.8625,27.7618,29.1051,33.4879,34.5627,33.664,32.106,30.4327,29.2006,27.5746,25.4635,18.3421,17.1163,15.5671,13.6156,2.82555,2.41679,2.03454,1.7938,1.5486,1.41709,1.25404,1.1629,1.04634,0.979469,0.892145,0.841132,0.77349,0.733429,0.679676,0.647495,0.6039,0.577569,0.542694,0.490602,0.446608,0.409048,0.376676,0.348538,0.323896,0.302956,0.28361,0.266354,0.250883,0.236948,0.224342,0.212894,0.202457,0.193234,0.186151,0.176372,0.170359,0.162013,0.156854,0.14966,0.145193,0.138937,0.135037,0.129554,0.126123,0.121283,0.118245,0.113945,0.110771,0.107579,0.104555,0.101686,0.0989628,0.0963735,0.0939094,0.0915617,0.0893227,0.0871853,0.0851429,0.0804148,0.073813,0.0681765,0.0627519,0.058103,0.0540781,0.0501985,0.0468271,0.0435964,0.0405371,0.0378734,0.0355343,0.0331428,0.0310507,0.0292058,0.0273479,0.025712,0.0241757,0.0227377,0.0214619,0.0202034,0.0190855,0.0179919,0.0169765,0.0160339,0.0151589,0.0143465,0.0135655,0.0128432
0.010418,43.2593,37.6705,32.1724,28.7459,26.2457,25.0401,24.4787,24.5662,25.3863,27.2586,30.863,31.7142,31.6637,31.1613,30.4154,29.5725,28.7714,28.1984,28.2204,29.8252,34.1677,35.0226,34.0416,32.4889,30.8717,29.723,28.3188,26.981,20.2657,18.6275,17.2403,15.986,14.6463,13.3977,3.00977,2.52813,2.10685,1.89793,1.651,1.51779,1.35164,1.25827,1.13824,1.06904,0.978248,0.924969,0.854025,0.811836,0.755013,0.720867,0.675792,0.608954,0.55287,0.505241,0.46437,0.428978,0.398083,0.371884,0.347754,0.326277,0.307058,0.289776,0.274166,0.260008,0.247118,0.235735,0.227003,0.214961,0.207563,0.197302,0.190965,0.182133,0.176653,0.168982,0.164203,0.157487,0.153286,0.147364,0.143647,0.138391,0.13451,0.130609,0.126916,0.123414,0.12009,0.116931,0.113925,0.111062,0.108332,0.105727,0.103238,0.0974787,0.0894417,0.0825846,0.0759892,0.0703403,0.0654519,0.0607422,0.056651,0.0527321,0.0490225,0.0457936,0.0429591,0.0400618,0.0375279,0.035294,0.0330448,0.0310648,0.0292056,0.0274658,0.0259224,0.0244003,0.0230484,0.021726,0.0204984,0.019359,0.0183014,0.0173195,0.0163756,0.0155029
0.012501,43.3612,37.7203,32.2167,28.7992,26.321,25.1426,24.6181,24.7426,25.6145,27.557,31.1482,31.9614,31.8975,31.3919,30.6501,29.8191,29.0426,28.5221,28.6686,30.5069,34.7776,35.4418,34.3893,32.8397,31.2674,30.183,28.9315,27.919,27.109,26.5227,18.5547,17.3776,16.322,15.5374,14.43,13.3286,3.22062,2.75688,2.29617,2.07159,1.8078,1.6659,1.48904,1.38952,1.2614,1.1874,1.09011,1.03288,0.956495,0.910962,0.851168,0.763456,0.69055,0.629105,0.576709,0.531574,0.492347,0.459179,0.42876,0.401762,0.377665,0.356044,0.336554,0.318909,0.30287,0.288719,0.277883,0.262957,0.253798,0.241107,0.233277,0.222374,0.215615,0.20616,0.200273,0.192006,0.18684,0.179559,0.174992,0.168536,0.163771,0.158985,0.154456,0.150164,0.146091,0.142221,0.13854,0.135036,0.131696,0.128509,0.125465,0.118425,0.108609,0.100241,0.0921989,0.0853156,0.0793627,0.0736306,0.0686539,0.063889,0.0593805,0.055458,0.0520158,0.0484987,0.0454237,0.0427134,0.0399855,0.0375846,0.0353308,0.0332221,0.031352,0.0295079,0.0278703,0.0262688,0.0247823,0.0234028,0.0221225,0.0209341,0.0197918,0.0187357
0.015002,43.46,37.7691,32.2603,28.8518,26.3957,25.2444,24.7562,24.9169,25.8394,27.8509,31.4243,32.2009,32.1239,31.6148,30.8764,30.0564,29.3034,28.8357,29.1082,31.1512,35.3314,35.8276,34.712,33.1642,31.6292,30.5972,29.463,28.6607,28.2532,28.2634,28.6582,28.9888,28.7462,27.8289,15.9406,15.2186,14.1812,13.4215,11.9946,3.20741,2.61672,2.34855,2.04287,1.88133,1.68195,1.57052,1.4276,1.34522,1.23704,1.17345,1.09073,0.971464,0.873811,0.792472,0.723763,0.665031,0.614315,0.571613,0.532682,0.498267,0.467657,0.440278,0.415665,0.393436,0.373274,0.355509,0.341938,0.323274,0.311837,0.296014,0.286264,0.272702,0.264303,0.252567,0.245267,0.235024,0.228628,0.219621,0.213976,0.206,0.200113,0.194209,0.188624,0.183334,0.178317,0.173552,0.169023,0.164712,0.160605,0.156687,0.152948,0.144303,0.132261,0.122008,0.112163,0.103744,0.0964691,0.0894687,0.083395,0.0775831,0.0720872,0.0673081,0.063116,0.0588346,0.0550929,0.0517962,0.0484792,0.0455608,0.042822,0.0402603,0.0379889,0.0357498,0.0337618,0.031818,0.0300142,0.0283405,0.0267875,0.0253461,0.0239609,0.0226804
0.018002,43.5557,37.8168,32.3031,28.9038,26.4696,25.3453,24.8929,25.089,26.0609,28.14,31.6915,32.433,32.3431,31.8303,31.0947,30.2848,29.5546,29.1401,29.5398,31.7595,35.8384,36.1851,35.0131,33.4662,31.9629,30.9753,29.9377,29.2951,29.1327,29.3579,29.9163,30.2565,30.1361,29.7639,28.8523,16.4073,15.5618,15.0034,14.1528,13.5618,12.5941,11.8339,9.84219,2.82447,2.41261,2.20742,1.96206,1.82783,1.65802,1.56115,1.43761,1.2651,1.12762,1.01541,0.922093,0.843301,0.775941,0.719604,0.668682,0.623935,0.584337,0.549076,0.5175,0.489081,0.463385,0.440786,0.423576,0.39996,0.38552,0.365577,0.353309,0.336273,0.325738,0.311037,0.301904,0.289104,0.281119,0.269887,0.262854,0.252927,0.245598,0.238262,0.231327,0.224763,0.218541,0.212637,0.207027,0.201691,0.19661,0.191766,0.187144,0.176468,0.161617,0.148988,0.136878,0.126535,0.117605,0.109021,0.101579,0.0944627,0.0877387,0.0818954,0.076773,0.0715441,0.0669768,0.0629546,0.0589092,0.0553515,0.052014,0.0488934,0.0461274,0.0434014,0.0409819,0.0386167,0.0364225,0.034387,0.0324987,0.0307465,0.0290629,0.0275069
0.021602,43.6484,37.8634,32.3452,28.9551,26.543,25.4454,25.0283,25.259,26.2792,28.4248,31.9504,32.6582,32.5558,32.039,31.3056,30.5051,29.7972,29.4367,29.9639,32.3345,36.306,36.5183,35.2957,33.749,32.2735,31.3246,30.3705,29.8603,29.878,30.225,30.829,31.1389,31.0315,30.7313,30.1013,29.4409,16.5752,16.0763,15.3518,14.878,14.1711,13.6961,12.9645,12.452,11.6073,10.9399,9.15037,2.7786,2.41272,2.22653,2.00443,1.71889,1.5054,1.33833,1.20348,1.09213,0.998603,0.921296,0.852373,0.792379,0.739711,0.693133,0.651668,0.614541,0.581123,0.55182,0.529601,0.499211,0.480684,0.455165,0.439505,0.417806,0.404415,0.385763,0.374196,0.35801,0.347928,0.333765,0.32491,0.312424,0.303207,0.294001,0.285308,0.277088,0.269303,0.261921,0.254913,0.248252,0.241914,0.235876,0.230118,0.216832,0.198382,0.182723,0.167732,0.154946,0.143923,0.133338,0.124172,0.115416,0.10715,0.0999725,0.0936852,0.0872719,0.0816738,0.0767466,0.0717938,0.0674403,0.0633582,0.0595431,0.0561629,0.0528329,0.0498783,0.0469911,0.0443133,0.0418301,0.0395271,0.0373906,0.0353383,0.0334419
0.025923,43.7383,37.9091,32.3866,29.0058,26.6157,25.5448,25.1624,25.4271,26.4946,28.7055,32.2017,32.8769,32.7622,32.2413,31.5097,30.718,30.0321,29.7268,30.3807,32.8792,36.74,36.8306,35.5619,34.0152,32.5643,31.6503,30.771,30.3766,30.5371,30.961,31.5723,31.8484,31.7377,31.4665,30.9323,30.4828,29.5955,28.8704,16.271,15.837,15.2088,14.8014,14.202,13.8073,13.2175,12.8222,12.2182,11.8017,11.1375,10.6476,9.75919,2.61227,2.1667,1.86598,1.64263,1.4679,1.32656,1.21261,1.11353,1.02876,0.955384,0.891255,0.83473,0.784545,0.739702,0.70057,0.671097,0.630984,0.60664,0.573243,0.552823,0.524621,0.507269,0.483166,0.468255,0.44744,0.434502,0.416363,0.405042,0.389107,0.377346,0.365637,0.354595,0.344166,0.334303,0.324961,0.316102,0.30769,0.299693,0.292083,0.284832,0.268125,0.244978,0.225381,0.206663,0.190731,0.177019,0.163872,0.152503,0.141658,0.131432,0.122562,0.1148,0.10689,0.0999912,0.0939237,0.0878291,0.0824756,0.0774589,0.072773,0.0686235,0.0645375,0.060914,0.0573746,0.0540932,0.0510514,0.0482314,0.0456161,0.0431046,0.0407847
0.031107,43.8255,37.9538,32.4274,29.056,26.6879,25.6435,25.2953,25.5931,26.707,28.982,32.4455,33.0896,32.9628,32.4376,31.7074,30.9239,30.2599,30.011,30.79,33.3964,37.1447,37.1243,35.8136,34.2666,32.8381,31.9559,31.1456,30.8558,31.1335,31.6074,32.2091,32.4531,32.3347,32.0785,31.5948,31.2405,30.5761,30.1799,29.7802,16.6412,16.0396,15.657,15.1049,14.7489,14.2297,13.8917,13.3944,13.0679,12.5829,12.2611,11.7985,10.97,10.0686,8.91163,2.53788,2.1525,1.88424,1.68497,1.52249,1.38915,1.27729,1.18188,1.09943,1.02739,0.963868,0.908941,0.86804,0.81285,0.779611,0.734312,0.706781,0.668957,0.645797,0.613764,0.594025,0.566568,0.549558,0.525781,0.510983,0.490208,0.474882,0.45969,0.445394,0.431917,0.419194,0.407164,0.395773,0.384974,0.374723,0.364979,0.355708,0.334389,0.304951,0.280115,0.256467,0.236396,0.219161,0.202673,0.188442,0.17489,0.162132,0.151084,0.141428,0.131599,0.123037,0.115514,0.107965,0.10134,0.0951366,0.0893466,0.0842229,0.0791809,0.0747122,0.0703498,0.0663075,0.0625623,0.0590918,0.0558745,0.0527862,0.0499345
0.037329,43.9102,37.9975,32.4676,29.1056,26.7595,25.7416,25.427,25.7573,26.9167,29.2546,32.6824,33.2965,33.158,32.6283,31.8992,31.1235,30.4813,30.2902,31.1917,33.8887,37.5238,37.4017,36.0525,34.5051,33.0971,32.2446,31.4992,31.3059,31.6814,32.1873,32.7715,32.9858,32.8584,32.6108,32.159,31.8626,31.3135,31.0432,30.9677,17.3798,16.7738,16.3957,15.8583,15.5164,15.0241,14.7078,14.2488,13.952,13.5188,13.2372,12.848,12.1782,11.5272,10.8853,10.2395,9.56808,8.82407,7.83877,2.36888,2.06651,1.84522,1.67174,1.53036,1.41206,1.31119,1.22594,1.16393,1.08172,1.03298,0.967405,0.928001,0.874395,0.841854,0.797186,0.769856,0.732073,0.708799,0.676431,0.65638,0.62835,0.607697,0.587362,0.568288,0.550363,0.533488,0.517575,0.502546,0.48833,0.474864,0.462092,0.449962,0.422155,0.38395,0.351887,0.321497,0.295806,0.273822,0.252854,0.234806,0.217661,0.201559,0.187643,0.175502,0.163165,0.152434,0.14302,0.133584,0.125313,0.117577,0.110365,0.103988,0.0977181,0.0921658,0.0867495,0.0817344,0.0770909,0.0727905,0.0688063,0.0649839,0.0614561
0.044794,43.9924,38.0404,32.5071,29.1546,26.8307,25.839,25.5576,25.9196,27.1236,29.5233,32.9127,33.498,33.3478,32.8136,32.0852,31.317,30.6967,30.5651,31.5854,34.3586,37.8802,37.6645,36.2798,34.7319,33.343,32.5186,31.8351,31.732,32.1894,32.7149,33.2776,33.4648,33.3282,33.0859,32.6561,32.4004,31.9287,31.7403,31.8672,32.3995,33.5179,17.0859,16.5405,16.1985,15.7118,15.4022,14.957,14.6715,14.2585,13.9923,13.6308,13.0139,12.4292,11.8719,11.3376,10.822,10.3207,9.85309,9.36223,8.86557,8.34813,7.77807,7.04676,2.24622,1.99967,1.81654,1.69475,1.5433,1.45783,1.34707,1.28252,1.19688,1.14599,1.07734,1.03598,0.979546,0.945192,0.897896,0.868875,0.828628,0.79908,0.77032,0.743508,0.718447,0.694972,0.67294,0.652223,0.632708,0.614292,0.596886,0.58041,0.542834,0.491632,0.449024,0.408931,0.375252,0.346582,0.319363,0.296031,0.273947,0.253276,0.235465,0.219967,0.204257,0.190624,0.178686,0.166743,0.156292,0.146533,0.137446,0.129422,0.121544,0.114574,0.107782,0.1015,0.0956881,0.0903104,0.085332,0.0805593,0.0761575
0.053753,44.0723,38.0824,32.546,29.2032,26.9014,25.9358,25.687,26.0802,27.3279,29.7882,33.1368,33.6943,33.5328,32.9939,32.266,31.5051,30.9069,30.8364,31.9707,34.8083,38.2165,37.9142,36.4966,34.9482,33.5774,32.7799,32.1563,32.1381,32.6639,33.2003,33.7396,33.902,33.7565,33.5175,33.1039,32.8794,32.467,32.3438,32.6378,33.2976,34.3562,34.524,34.0718,33.5456,16.3519,16.0384,15.5919,15.3079,14.8998,14.6384,14.2872,13.6902,13.1308,12.6041,12.1061,11.6336,11.1838,10.7811,10.3674,9.96942,9.58513,9.21238,8.84884,8.49203,8.13886,7.79792,7.51016,7.06013,6.73402,6.13478,2.09794,1.87041,1.75242,1.60665,1.52463,1.41818,1.35597,1.2731,1.22365,1.15666,1.10815,1.06213,1.01989,0.980933,0.944879,0.911404,0.880226,0.851117,0.823868,0.798296,0.774259,0.719996,0.647238,0.587647,0.532297,0.486321,0.447535,0.410998,0.37989,0.350621,0.323373,0.300008,0.279759,0.25931,0.241626,0.226186,0.210783,0.197339,0.184813,0.173174,0.162918,0.152864,0.143985,0.135345,0.127365,0.119992,0.113178,0.106877,0.100843,0.0952836
0.064504,44.1499,38.1235,32.5844,29.2512,26.9716,26.0321,25.8154,26.2391,27.5298,30.0495,33.355,33.8857,33.7131,33.1695,32.4419,31.6879,31.1122,31.1043,32.3476,35.2396,38.5347,38.152,36.7038,35.1551,33.8014,33.0299,32.4648,32.5268,33.1096,33.6505,34.1658,34.3055,34.1514,33.9144,33.5133,33.314,32.9515,32.8861,33.3303,34.0759,35.0496,35.1362,34.6317,34.1078,33.3093,32.8701,16.2004,15.9093,15.4945,15.2306,14.8789,14.2845,13.7321,13.2156,12.7308,12.274,11.8423,11.4623,11.0722,10.701,10.347,10.0089,9.68524,9.37483,9.07651,8.80389,8.58075,8.2571,8.048,7.74312,7.54502,7.25426,7.06385,6.78169,6.59471,6.31325,6.12286,5.82752,5.61815,5.26216,4.84275,1.716,1.60823,1.51717,1.43834,1.36892,1.30693,1.25123,1.20059,1.15431,1.11179,1.01882,0.899976,0.806604,0.722593,0.654528,0.598196,0.545958,0.502075,0.461248,0.423618,0.391629,0.364103,0.336485,0.312745,0.292123,0.271644,0.253845,0.237323,0.222024,0.208583,0.195444,0.183871,0.172636,0.162282,0.152736,0.143929,0.1358,0.128027,0.120876
0.077405,44.2254,38.1639,32.6222,29.2988,27.0414,26.1278,25.9427,26.3963,27.7293,30.3072,33.5675,34.0725,33.889,33.3406,32.613,31.8658,31.313,31.3695,32.7156,35.6544,38.8366,38.379,36.9023,35.3533,34.0161,33.27,32.7626,32.9002,33.5301,34.0707,34.5621,34.6808,34.5186,34.2828,33.8918,33.7139,33.3955,33.3848,33.9672,34.7639,35.6461,35.6664,35.1188,34.595,33.8273,33.4287,33.0965,33.0597,16.0835,15.8094,15.4465,14.8405,14.2824,13.7643,13.2805,12.827,12.4003,12.0281,11.6456,11.2832,10.9391,10.6119,10.3003,10.003,9.71914,9.46349,9.25397,8.95271,8.75999,8.48225,8.30418,8.04698,7.88171,7.64246,7.48841,7.26486,7.12059,6.91089,6.77526,6.57761,6.42828,6.27213,6.11979,5.97092,5.82518,5.68222,5.54166,5.4031,5.26609,5.1301,4.9945,4.65125,4.00742,1.27584,1.09415,0.963857,0.863725,0.775635,0.704521,0.640375,0.582755,0.534789,0.494194,0.454042,0.41996,0.390659,0.361829,0.336978,0.314073,0.293004,0.274597,0.256696,0.241,0.225828,0.211899,0.199103,0.187337,0.176507,0.166181,0.156705
0.092886,44.2988,38.2034,32.6595,29.346,27.1108,26.2229,26.0689,26.5518,27.9264,30.5613,33.7747,34.2549,34.0607,33.5074,32.7796,32.0392,31.5098,31.6321,33.0749,36.0539,39.1236,38.5961,37.0929,35.5436,34.2224,33.5013,33.0509,33.2598,33.9281,34.4652,34.9331,35.0324,34.8625,34.6274,34.2446,34.0854,33.8082,33.851,34.5592,35.38,36.1725,36.1368,35.5527,35.0282,34.2848,33.9192,33.6626,33.6831,33.8898,34.0446,34.2923,15.3945,14.8174,14.2868,13.7948,13.336,12.9061,12.5335,12.1506,11.7887,11.446,11.1209,10.8119,10.5179,10.2376,9.98707,9.78109,9.48563,9.29708,9.02609,8.85282,8.6033,8.44348,8.21294,8.06504,7.85132,7.71402,7.5154,7.38763,7.20254,7.06594,6.92183,6.78239,6.6474,6.51663,6.38988,6.26695,6.14767,6.03186,5.91935,5.81001,5.54953,5.16692,4.82017,4.46543,4.14091,3.83966,3.52308,3.211,2.81759,0.932195,0.82847,0.748416,0.674327,0.61463,0.565139,0.51786,0.478196,0.442352,0.409953,0.382084,0.3553,0.33209,0.309884,0.289679,0.271267,0.254456,0.239082,0.224508,0.211203
0.11146,44.3703,38.2422,32.6963,29.3927,27.1799,26.3176,26.1941,26.7058,28.1213,30.8119,33.9768,34.433,34.2283,33.6701,32.9421,32.2083,31.703,31.8925,33.4252,36.4395,39.3972,38.8042,37.276,35.7266,34.421,33.7246,33.3308,33.6069,34.3062,34.8373,35.2822,35.3635,35.1863,34.9514,34.5756,34.4334,34.1955,34.2922,35.1124,35.9376,36.6452,36.5612,35.9457,35.4203,34.6974,34.3613,34.1719,34.2397,34.4862,34.6429,34.8794,34.7021,34.3103,14.8167,14.3055,13.8324,13.3918,13.012,12.6227,12.2558,11.9092,11.581,11.2696,10.9737,10.692,10.4414,10.2349,9.93889,9.75021,9.47928,9.30621,9.05722,8.89788,8.66826,8.52107,8.3086,8.17222,7.97513,7.84847,7.66518,7.5311,7.3887,7.25108,7.11801,6.98925,6.86462,6.74392,6.62697,6.51359,6.40363,6.29694,6.04361,5.67406,5.34268,5.00862,4.7095,4.44003,4.17046,3.92772,3.68716,3.45159,3.23984,3.04833,2.8466,2.66464,2.49929,2.32725,2.17001,2.0156,1.86193,1.71155,1.51965,0.537275,0.49137,0.451942,0.417576,0.387295,0.360394,0.335503,0.313265
0.13376,44.4399,38.2803,32.7326,29.4391,27.2486,26.4119,26.3183,26.8582,28.3141,31.0592,34.1741,34.6072,34.3921,33.8291,33.1006,32.3734,31.8928,32.1509,33.767,36.8126,39.6585,39.004,37.4524,35.903,34.6128,33.9411,33.6036,33.9425,34.6664,35.1897,35.6124,35.677,35.4928,35.2579,34.8881,34.7615,34.5625,34.7137,35.6309,36.4472,37.0757,36.9491,36.306,35.7798,35.0754,34.7669,34.6401,34.7478,35.0204,35.1743,35.398,35.2113,34.8379,34.6239,34.9503,14.3502,13.8886,13.4933,13.0909,12.7132,12.3576,12.0218,11.7039,11.4023,11.1157,10.8617,10.6519,10.3516,10.1604,9.88596,9.71076,9.45885,9.29772,9.06562,8.91691,8.70231,8.56461,8.36567,8.23784,8.05293,7.91825,7.77465,7.63589,7.50174,7.37197,7.24638,7.12476,7.00694,6.89274,6.782,6.67457,6.41954,6.04769,5.71444,5.37872,5.07832,4.80805,4.53794,4.29508,4.05483,3.82015,3.60985,3.42038,3.22182,3.04395,2.8838,2.71926,2.57161,2.43053,2.29632,2.17549,2.05464,1.9459,1.83825,1.73718,1.6424,1.55359,1.47042,1.38983,1.31478
0.16051,44.5076,38.3176,32.7684,29.485,27.317,26.5057,26.4415,27.0091,28.5047,31.3029,34.3667,34.7775,34.5523,33.9843,33.2553,32.5347,32.0796,32.4072,34.0999,37.1738,39.9084,39.1961,37.6224,36.0732,34.7981,34.1511,33.8698,34.2673,35.0102,35.5244,35.9257,35.9746,35.7839,35.5488,35.1841,35.0723,34.9123,35.1189,36.1172,36.9162,37.4713,37.3068,36.6393,36.1124,35.4255,35.1436,35.0762,35.2174,35.5062,35.6547,35.8654,35.6689,35.3096,35.1491,35.5872,35.9631,35.5912,14.0139,13.5875,13.1906,12.8191,12.4699,12.1405,11.829,11.5336,11.2729,11.0575,10.7496,10.5536,10.2728,10.0936,9.83622,9.6717,9.4348,9.2831,9.06426,8.92389,8.72113,8.59089,8.4025,8.26556,8.1193,7.978,7.8414,7.70926,7.58138,7.45755,7.33759,7.22131,7.10855,6.99915,6.73942,6.36063,6.02101,5.67871,5.37221,5.09625,4.82026,4.57189,4.32596,4.08549,3.86975,3.67517,3.47102,3.28792,3.1228,2.95293,2.80028,2.65421,2.51503,2.38951,2.26376,2.15043,2.03802,1.93229,1.83293,1.73965,1.65211,1.56712,1.48777
0.19261,44.5736,38.3543,32.8037,29.5305,27.3851,26.599,26.5637,27.1586,28.6934,31.5434,34.555,34.9442,34.709,34.136,33.4064,32.6925,32.2636,32.6617,34.4245,37.5242,40.1479,39.3809,37.7865,36.2376,34.9775,34.3555,34.1302,34.5819,35.3392,35.8435,36.2241,36.2582,36.0613,35.8258,35.4659,35.3682,35.2479,35.5105,36.5744,37.3511,37.8381,37.6394,36.9499,36.4225,35.7525,35.4972,35.4865,35.6555,35.9532,36.0947,36.2927,36.0869,35.7392,35.6307,36.1676,36.5018,36.0824,35.7405,35.6918,35.8317,13.3346,12.9615,12.6122,12.2839,11.9741,11.7021,11.4776,11.1574,10.9542,10.6633,10.4781,10.2123,10.0426,9.79855,9.64236,9.41723,9.2729,9.06454,8.93076,8.73731,8.59672,8.44666,8.30171,8.16161,8.02611,7.895,7.76806,7.64508,7.52589,7.41032,7.29819,7.03198,6.64369,6.29547,5.94435,5.62979,5.34641,5.06279,4.80736,4.55424,4.3065,4.08402,3.88317,3.6722,3.48277,3.31176,3.13563,2.97715,2.8253,2.68043,2.54965,2.41844,2.30001,2.18241,2.07162,1.96739,1.86938,1.7773,1.68775,1.60405
0.20162,44.5899,38.3633,32.8125,29.5419,27.4021,26.6223,26.5942,27.1959,28.7404,31.6032,34.6015,34.9854,34.7477,34.1735,33.4438,32.7315,32.3094,32.7252,34.5046,37.6105,40.2064,39.4262,37.8268,36.278,35.0217,34.4059,34.1947,34.6593,35.4195,35.9212,36.2967,36.3273,36.1289,35.8933,35.5345,35.4403,35.33,35.6068,36.6848,37.4554,37.9261,37.7192,37.0246,36.4972,35.8314,35.5828,35.5859,35.761,36.06,36.1996,36.3945,36.1865,35.8414,35.7459,36.3055,36.6274,36.1971,35.8584,35.8233,35.9681,35.9795,13.0984,12.7419,12.4075,12.0926,11.8167,11.5891,11.2648,11.0591,10.765,10.5778,10.3093,10.138,9.89159,9.73399,9.50687,9.36131,9.15121,9.01634,8.82134,8.67958,8.52836,8.38231,8.24116,8.10466,7.97259,7.84471,7.72085,7.6008,7.48439,7.37146,7.10337,6.71234,6.36166,6.00804,5.69123,5.40579,5.12007,4.86272,4.60765,4.35797,4.1337,3.93119,3.71844,3.52737,3.35484,3.1771,3.01713,2.86384,2.71755,2.58543,2.45286,2.33319,2.21432,2.10232,1.9969,1.89777,1.8046,1.71398,1.62925
0.21995,44.6206,38.3805,32.8292,29.5635,27.4344,26.6667,26.6521,27.2665,28.8295,31.7163,34.6893,35.0633,34.821,34.2444,33.5143,32.8052,32.3961,32.8458,34.6556,37.7729,40.3162,39.5113,37.9025,36.354,35.1048,34.501,34.3164,34.805,35.5701,36.0667,36.4327,36.4568,36.2555,36.0196,35.6629,35.5753,35.4845,35.7882,36.8905,37.6491,38.0895,37.8677,37.1637,36.6362,35.9783,35.7425,35.7715,35.9575,36.258,36.394,36.583,36.3708,36.0306,35.9602,36.5601,36.8574,36.4075,36.0752,36.0653,36.218,36.2251,36.0783,13.0099,12.6606,12.3333,12.0479,11.8129,11.4791,11.2678,10.9662,10.7745,10.5,10.3249,10.0734,9.91271,9.68125,9.53299,9.31911,9.18186,8.98352,8.83921,8.68552,8.53712,8.39373,8.2551,8.12098,7.99116,7.86542,7.74357,7.62543,7.51083,7.2388,6.84211,6.4864,6.12771,5.80633,5.51675,5.22684,4.96567,4.70674,4.45322,4.22544,4.01969,3.80348,3.60923,3.43376,3.25294,3.09013,2.93406,2.78507,2.65044,2.51533,2.3933,2.27204,2.15775,2.05013,1.9489,1.85371,1.76109,1.67447
0.24376,44.6564,38.4006,32.8487,29.5889,27.4726,26.719,26.7202,27.3496,28.9342,31.8491,34.7919,35.1544,34.9065,34.3271,33.5966,32.8913,32.4978,32.9876,34.8316,37.9621,40.4431,39.61,37.9904,36.4422,35.2014,34.6119,34.4588,34.9744,35.7443,36.2348,36.5898,36.6062,36.4017,36.1656,35.8111,35.7312,35.6638,35.9992,37.1262,37.8703,38.2761,38.0375,37.3229,36.7953,36.1469,35.9263,35.9851,36.1825,36.4836,36.6151,36.7975,36.5804,36.2457,36.2055,36.8484,37.1151,36.6438,36.3199,36.3388,36.4982,36.4998,36.3504,36.1915,36.2056,36.3982,12.3544,12.107,11.7573,11.537,11.2234,11.0247,10.7408,10.5601,10.3009,10.1355,9.89761,9.7454,9.526,9.38533,9.18218,9.03414,8.87694,8.72523,8.57871,8.4371,8.30016,8.16763,8.03932,7.915,7.7945,7.67763,7.40029,6.99604,6.63366,6.26834,5.94105,5.64615,5.3509,5.08489,4.82114,4.56283,4.33071,4.12098,3.90053,3.70241,3.52339,3.33885,3.17265,3.01326,2.86106,2.72349,2.58536,2.46057,2.33653,2.21957,2.10941,2.00574,1.90823,1.81333,1.72453
0.27553,44.6984,38.4243,32.8718,29.619,27.5179,26.7811,26.8009,27.4481,29.0582,32.0059,34.9125,35.2615,35.0071,34.4244,33.6934,32.9927,32.6181,33.1559,35.0381,38.1837,40.5908,39.7251,38.0931,36.5454,35.3147,34.7423,34.6265,35.1727,35.9469,36.4299,36.7721,36.7799,36.5716,36.3351,35.9832,35.9124,35.8735,36.2465,37.3974,38.1238,38.4901,38.2325,37.506,36.9785,36.3413,36.1392,36.2325,36.4415,36.7418,36.8679,37.0426,36.82,36.4916,36.4883,37.1756,37.405,36.9101,36.5976,36.6492,36.8137,36.8084,36.6558,36.5041,36.5471,36.7664,36.9009,36.7097,36.5169,11.9132,11.5773,11.3659,11.0652,10.8748,10.6025,10.4293,10.1808,10.0222,9.79394,9.64784,9.43716,9.28311,9.12054,8.96379,8.81254,8.66648,8.52532,8.38881,8.25671,8.12879,8.00485,7.8847,7.59977,7.18483,6.8132,6.43878,6.1035,5.80149,5.49918,5.22683,4.9568,4.69234,4.45466,4.23989,4.0141,3.81114,3.62772,3.43859,3.26821,3.10478,2.94866,2.80752,2.66577,2.53767,2.4103,2.29017,2.17699,2.07044,1.9702,1.87262,1.78128
0.29384,44.7202,38.4366,32.8839,29.6348,27.5417,26.8137,26.8432,27.4995,29.123,32.0877,34.9752,35.3172,35.0594,34.4749,33.7436,33.0454,32.681,33.244,35.1452,38.2985,40.6669,39.7845,38.1462,36.5988,35.3733,34.81,34.7138,35.2752,36.0512,36.5302,36.8659,36.8692,36.6589,36.4222,36.0717,36.0057,35.982,36.3745,37.5359,38.2529,38.5992,38.3319,37.5994,37.072,36.4408,36.2485,36.3594,36.5737,36.8731,36.9963,37.167,36.9416,36.6165,36.633,37.3408,37.5505,37.0441,36.738,36.8061,36.9722,36.9632,36.809,36.6611,36.7197,36.9514,37.0758,36.8765,36.6874,36.7088,36.7623,11.5765,11.2626,11.0645,10.7824,10.6035,10.3472,10.184,9.94949,9.79961,9.58373,9.4255,9.2593,9.0992,8.94482,8.79583,8.65192,8.51283,8.37829,8.24806,8.12194,7.99972,7.71001,7.28846,6.91119,6.5313,6.19127,5.88507,5.57865,5.30264,5.02902,4.76106,4.52024,4.30264,4.07388,3.86824,3.68238,3.49073,3.31808,3.15244,2.99421,2.85115,2.70745,2.57758,2.44843,2.32661,2.21182,2.10376,2.00208,1.90308,1.81041
0.3126,44.741,38.4484,32.8954,29.6499,27.5645,26.8449,26.8837,27.5489,29.1851,32.166,35.035,35.3703,35.1094,34.5232,33.7916,33.0958,32.7412,33.3284,35.2473,38.4079,40.7391,39.8409,38.1967,36.6495,35.4292,34.8747,34.7972,35.3729,36.1502,36.6254,36.9548,36.9539,36.7418,36.5049,36.1557,36.0943,36.0855,36.4965,37.6667,38.3746,38.7019,38.4257,37.6877,37.1603,36.535,36.3521,36.4796,36.6986,36.9967,37.1172,37.2842,37.0562,36.7342,36.7701,37.4955,37.6863,37.1695,36.87,36.9535,37.1205,37.1078,36.9521,36.8079,36.882,37.1243,37.2384,37.0316,36.8465,36.875,36.9307,36.9049,36.8,11.2728,10.9776,10.7911,10.525,10.356,10.1137,9.95923,9.73707,9.57374,9.40327,9.23922,9.0812,8.92882,8.78177,8.63972,8.50241,8.36958,8.241,8.11646,7.82145,7.39264,7.00925,6.62348,6.27841,5.96779,5.65706,5.37725,5.09991,4.82835,4.58434,4.36386,4.13208,3.92374,3.73544,3.54127,3.36634,3.19852,3.03819,2.89322,2.7476,2.61598,2.48509,2.36162,2.24526,2.13572,2.03263,1.93226,1.83829
0.3412,44.77,38.4649,32.9117,29.6712,27.5966,26.889,26.9408,27.6184,29.2726,32.2761,35.1189,35.445,35.1795,34.5909,33.8589,33.1664,32.8261,33.4475,35.3902,38.561,40.8396,39.9197,38.2672,36.7205,35.5074,34.9654,34.9144,35.5094,36.2881,36.7579,37.0786,37.0719,36.8573,36.62,36.2725,36.2176,36.2303,36.6672,37.8476,38.5428,38.844,38.5554,37.8098,37.2827,36.6656,36.4964,36.6467,36.8716,37.1674,37.284,37.4459,37.2143,36.8966,36.9607,37.7079,37.8723,37.3413,37.0517,37.1562,37.3236,37.3057,37.148,37.0091,37.1057,37.3609,37.4599,37.2428,37.064,37.1021,37.16,37.1319,37.0254,36.975,37.0189,37.0733,10.8232,10.6417,10.3834,10.2195,9.98478,9.81126,9.63257,9.46107,9.29624,9.13761,8.98478,8.83739,8.6951,8.55763,8.42471,8.29608,7.99187,7.55066,7.157,6.76155,6.40825,6.09053,5.77294,5.48712,5.20396,4.92682,4.67787,4.45298,4.21661,4.00416,3.81218,3.61423,3.4359,3.26481,3.10137,2.95358,2.80513,2.67095,2.5375,2.41161,2.29297,2.18126,2.07614,1.97377,1.87794
0.36015,44.7878,38.4751,32.9217,29.6843,27.6166,26.9162,26.976,27.6612,29.3265,32.3437,35.1703,35.4907,35.2224,34.6324,33.9002,33.2097,32.8782,33.5208,35.4776,38.6546,40.9009,39.9677,38.3102,36.7638,35.5552,35.021,34.9863,35.5928,36.3721,36.8385,37.1538,37.1437,36.9275,36.6901,36.3436,36.2927,36.3188,36.7714,37.9571,38.6445,38.9299,38.6339,37.8838,37.3568,36.7449,36.5842,36.7482,36.9763,37.2705,37.3847,37.5435,37.3097,36.9947,37.0765,37.8354,37.9836,37.4444,37.1613,37.2782,37.4454,37.4243,37.2654,37.1299,37.2408,37.5026,37.592,37.3688,37.1943,37.2381,37.2969,37.2673,37.1598,37.1116,37.1651,37.2226,37.1662,37.0791,10.585,10.412,10.1656,9.98259,9.79663,9.61865,9.448,9.2841,9.12648,8.9747,8.82838,8.68718,8.5508,8.41895,8.10756,7.6569,7.25557,6.85301,6.49377,6.17099,5.84856,5.55854,5.27136,4.99039,4.73807,4.5102,4.27074,4.05555,3.86112,3.66066,3.48009,3.30686,3.14139,2.99176,2.84146,2.70562,2.57052,2.44307,2.32296,2.20987,2.10345,1.99981,1.90278
0.38201,44.8071,38.4861,32.9325,29.6986,27.6382,26.9459,27.0143,27.7077,29.385,32.417,35.2259,35.5402,35.2689,34.6773,33.9448,33.2567,32.935,33.6005,35.5722,38.7558,40.9668,40.0195,38.3567,36.8106,35.6069,35.0812,35.0642,35.6829,36.4626,36.9252,37.2349,37.221,37.0031,36.7655,36.4202,36.3737,36.4147,36.8842,38.0746,38.7534,39.022,38.7181,37.9631,37.4363,36.8301,36.6788,36.8575,37.0887,37.381,37.4925,37.648,37.4119,37.0999,37.2013,37.9713,38.1022,37.5543,37.2786,37.4087,37.5752,37.5507,37.3905,37.2588,37.3855,37.6534,37.7322,37.5025,37.3332,37.383,37.4423,37.4109,37.3024,37.2568,37.3209,37.3815,37.3187,37.2285,37.1804,37.1967,10.4038,10.2046,10.0069,9.8187,9.63907,9.46722,9.30247,9.14427,8.99212,8.8456,8.70433,8.56798,8.24672,7.78334,7.37194,6.96021,6.59343,6.26431,5.93587,5.64071,5.34863,5.06303,4.80668,4.57526,4.33214,4.11373,3.91642,3.71304,3.52985,3.35415,3.18632,3.03458,2.88217,2.74443,2.60744,2.47822,2.35644,2.24178,2.13387,2.0288,1.93043
0.40573,44.8266,38.4973,32.9436,29.7132,27.6603,26.9761,27.0533,27.7552,29.4446,32.4917,35.2824,35.5906,35.3162,34.7229,33.9901,33.3044,32.9928,33.6817,35.6681,38.8585,41.0335,40.072,38.4037,36.8579,35.6593,35.1424,35.1435,35.7741,36.554,37.0129,37.3168,37.2991,37.0796,36.8417,36.4976,36.4556,36.5119,36.9984,38.1927,38.8629,39.1145,38.8027,38.043,37.5164,36.9161,36.7745,36.9678,37.2018,37.4919,37.6008,37.753,37.5146,37.2056,37.3274,38.1071,38.2206,37.6641,37.3963,37.5395,37.7049,37.6769,37.5154,37.3878,37.531,37.8037,37.8717,37.6357,37.472,37.5276,37.587,37.5539,37.4444,37.4015,37.4768,37.5399,37.4701,37.3768,37.3329,37.3522,37.3583,37.4336,37.3865,10.0743,9.87951,9.69466,9.51864,9.35054,9.18961,9.03524,8.88689,8.74412,8.4091,7.9286,7.50409,7.08073,6.7046,6.36774,6.0321,5.73084,5.43302,5.14207,4.88108,4.6456,4.39833,4.17629,3.97576,3.76911,3.58303,3.40459,3.23418,3.08012,2.9254,2.78559,2.64655,2.5154,2.39182,2.27547,2.16598,2.05936,1.95955
0.42798,44.8437,38.5071,32.9534,29.7261,27.6799,27.0029,27.0878,27.7971,29.4973,32.5576,35.3322,35.6349,35.3578,34.763,34.03,33.3464,33.0439,33.7535,35.7524,38.9488,41.0919,40.118,38.445,36.8996,35.7054,35.1963,35.2133,35.8543,36.6342,37.0897,37.3885,37.3676,37.1466,36.9085,36.5653,36.5274,36.5976,37.0988,38.2957,38.9584,39.1952,38.8765,38.1127,37.5864,36.9913,36.8584,37.0643,37.3006,37.5886,37.6951,37.8444,37.604,37.2977,37.4379,38.2249,38.3232,37.7595,37.4989,37.6532,37.8175,37.7864,37.6238,37.4998,37.6579,37.9339,37.9922,37.7508,37.5925,37.6529,37.7122,37.6774,37.5671,37.5268,37.6122,37.6771,37.6009,37.5049,37.4648,37.4866,37.4928,37.5677,37.5209,37.5122,37.5346,37.5286,9.7649,9.58142,9.40741,9.24174,9.08351,8.932,8.57895,8.07718,7.63713,7.20047,6.81394,6.46867,6.12534,5.81767,5.5139,5.21743,4.95174,4.71219,4.46079,4.23514,4.03145,3.82162,3.63273,3.45164,3.27873,3.1224,2.96547,2.82368,2.6827,2.54973,2.42444,2.30658,2.1956,2.08753,1.98637
0.44742,44.8579,38.5153,32.9615,29.7368,27.6962,27.0252,27.1164,27.8319,29.5411,32.6122,35.3733,35.6716,35.3922,34.7963,34.0631,33.3812,33.0863,33.8131,35.8221,39.0234,41.1401,40.1559,38.4791,36.9339,35.7435,35.2409,35.2712,35.9205,36.7003,37.153,37.4476,37.424,37.2018,36.9635,36.6212,36.5867,36.6684,37.1817,38.3804,39.0367,39.2614,38.9372,38.17,37.6438,37.0533,36.9276,37.1437,37.3817,37.6679,37.7725,37.9195,37.6774,37.3733,37.5291,38.3211,38.407,37.8374,37.5832,37.7463,37.9095,37.8759,37.7124,37.5916,37.7622,38.0401,38.0904,37.8447,37.691,37.7553,37.8142,37.7782,37.6672,37.6291,37.723,37.7892,37.7073,37.6091,37.5724,37.5962,37.6023,37.6769,37.6304,37.6244,37.6498,37.6433,37.5948,37.5571,37.5518,9.46415,9.29133,9.12748,8.75042,8.22247,7.76451,7.31323,6.91567,6.56171,6.2106,5.89655,5.58694,5.28517,5.01498,4.77156,4.51628,4.28729,4.08067,3.8679,3.67644,3.49294,3.31776,3.1595,3.0006,2.85704,2.71432,2.57973,2.45293,2.33357,2.22126,2.11192,2.00957
0.46763,44.872,38.5234,32.9695,29.7474,27.7126,27.0473,27.1448,27.8664,29.5845,32.6663,35.4141,35.708,35.4263,34.8292,34.0958,33.4157,33.1284,33.8723,35.8911,39.0971,41.1876,40.1933,38.5128,36.9679,35.7812,35.2852,35.3286,35.986,36.7654,37.2153,37.5059,37.4796,37.2562,37.0178,36.6763,36.6451,36.7385,37.2636,38.4636,39.1137,39.3265,38.9968,38.2263,37.7004,37.1143,36.9958,37.222,37.4614,37.7458,37.8485,37.9932,37.7495,37.4476,37.619,38.4153,38.489,37.9138,37.6659,37.8377,37.9996,37.9634,37.7991,37.6815,37.8647,38.1439,38.1862,37.9363,37.7875,37.8555,37.9139,37.8765,37.7649,37.7291,37.8316,37.8987,37.8111,37.7107,37.6775,37.7032,37.7091,37.7833,37.7371,37.734,37.7624,37.7551,37.7045,37.6671,37.6636,37.6655,37.6502,9.39358,8.9701,8.3987,7.91413,7.44262,7.03053,6.6655,6.30475,5.98298,5.66644,5.35844,5.08306,4.83523,4.57555,4.3428,4.13291,3.9169,3.72261,3.53646,3.35883,3.19837,3.03731,2.89185,2.74727,2.61093,2.48251,2.36168,2.24798,2.13728,2.03368
0.49149,44.8877,38.5324,32.9785,29.7594,27.7308,27.0722,27.1768,27.9053,29.6333,32.7271,35.4597,35.7487,35.4646,34.8661,34.1324,33.4544,33.1758,33.9388,35.9682,39.1797,41.2406,40.2352,38.5504,37.0059,35.8234,35.3348,35.3929,36.0591,36.8382,37.2849,37.5709,37.5417,37.3169,37.0784,36.7378,36.7104,36.8171,37.3551,38.5562,39.1993,39.3989,39.0631,38.289,37.7634,37.1823,37.0722,37.3093,37.5502,37.8324,37.933,38.0751,37.8297,37.5303,37.7194,38.5197,38.5798,37.9984,37.7579,37.9391,38.0994,38.0605,37.8953,37.7813,37.9788,38.2586,38.2921,38.0377,37.8945,37.9665,38.0241,37.9852,37.873,37.8398,37.9522,38.0199,37.9257,37.823,37.7938,37.8215,37.827,37.9007,37.855,37.8552,37.8871,37.8787,37.8255,37.7885,37.7872,37.7899,37.7743,37.7454,37.7247,8.67262,8.13034,7.62125,7.18462,6.80203,6.42665,6.09356,5.76712,5.45044,5.16796,4.91417,4.64866,4.41096,4.19682,3.97662,3.77871,3.5892,3.40847,3.24527,3.08154,2.9337,2.78681,2.64834,2.51794,2.39523,2.27981,2.16747,2.06234
0.50931,44.8988,38.5389,32.985,29.7679,27.7438,27.09,27.1996,27.933,29.6681,32.7704,35.4923,35.7777,35.4918,34.8923,34.1585,33.4819,33.2096,33.9862,36.0231,39.2385,41.2782,40.2649,38.5772,37.0329,35.8535,35.3701,35.4388,36.1111,36.8899,37.3343,37.6171,37.5857,37.3601,37.1214,36.7814,36.7568,36.8731,37.4203,38.6217,39.2599,39.4501,39.11,38.3334,37.808,37.2306,37.1264,37.3712,37.6131,37.8937,37.9928,38.133,37.8864,37.5889,37.7908,38.5932,38.6437,38.0581,37.8231,38.0108,38.1698,38.1289,37.963,37.8518,38.0596,38.3394,38.3666,38.109,37.9701,38.0447,38.1017,38.0618,37.9491,37.9179,38.0374,38.1053,38.0062,37.9019,37.8758,37.9048,37.9099,37.9833,37.9379,37.9406,37.9748,37.9656,37.9105,37.8739,37.874,37.8774,37.8614,37.8321,37.8141,9.01987,8.35069,7.78736,7.32118,6.91942,6.52911,6.18501,5.84929,5.52471,5.23591,4.97694,4.7064,4.46452,4.24683,4.02316,3.82227,3.63003,3.44678,3.28138,3.11551,2.96579,2.81706,2.6769,2.54497,2.42082,2.30406,2.19044,2.08412
0.53213,44.9125,38.5468,32.9929,29.7784,27.7598,27.1119,27.2277,27.967,29.7109,32.8235,35.5321,35.8133,35.5252,34.9245,34.1905,33.5157,33.2511,34.0445,36.0904,39.3104,41.3242,40.3013,38.6099,37.0659,35.8902,35.4135,35.495,36.1748,36.953,37.3947,37.6735,37.6396,37.4128,37.1739,36.8347,36.8135,36.9418,37.4999,38.7015,39.3337,39.5125,39.1672,38.3875,37.8624,37.2895,37.1927,37.4468,37.6897,37.9683,38.0655,38.2036,37.9554,37.6602,37.878,38.6825,38.7214,38.1306,37.9025,38.0979,38.2553,38.212,38.0454,37.9375,38.1581,38.4372,38.4568,38.1954,38.0619,38.1397,38.1958,38.1545,38.0413,38.0128,38.1409,38.2088,38.1037,37.9975,37.9751,38.0057,38.0103,38.0832,38.0383,38.0442,38.0814,38.0708,38.0134,37.9772,37.9792,37.9832,37.9668,37.9371,37.9223,37.863,13.6784,8.10561,7.55016,7.10425,6.68395,6.31958,5.96777,5.63011,5.33121,5.06415,4.78597,4.53782,4.31489,4.08617,3.881,3.68486,3.49806,3.32958,3.16072,3.00839,2.85715,2.71467,2.58059,2.45447,2.33591,2.22055,2.11265
0.55296,44.9245,38.5537,32.9998,29.7876,27.7739,27.1311,27.2522,27.9968,29.7483,32.8699,35.5669,35.8443,35.5543,34.9526,34.2184,33.5452,33.2875,34.0955,36.149,39.3731,41.3641,40.3329,38.6384,37.0947,35.9223,35.4513,35.5442,36.2302,37.0079,37.4471,37.7225,37.6864,37.4586,37.2196,36.8811,36.8629,37.0016,37.5692,38.7707,39.3976,39.5665,39.2168,38.4345,37.9095,37.3408,37.2504,37.5125,37.7562,38.0329,38.1286,38.2647,38.0153,37.722,37.9539,38.7596,38.7885,38.1933,37.9714,38.1733,38.3292,38.2838,38.1165,38.0117,38.2435,38.5217,38.5346,38.27,38.1413,38.2217,38.277,38.2345,38.121,38.0947,38.2306,38.2982,38.1878,38.0799,38.0609,38.0928,38.0969,38.1694,38.1249,38.1336,38.1734,38.1616,38.102,38.0663,38.07,38.0744,38.0576,38.0275,38.0157,37.9563,37.9121,13.1245,7.95962,7.35166,6.86978,6.47215,6.09701,5.74193,5.43036,5.15358,4.86651,4.61128,4.38256,4.14836,3.93862,3.73838,3.54788,3.37622,3.20431,3.04933,2.89555,2.75077,2.61456,2.48651,2.36617,2.24912,2.13965
0.57276,44.9353,38.5601,33.0061,29.796,27.7867,27.1486,27.2747,28.0241,29.7825,32.9123,35.5986,35.8726,35.5809,34.9782,34.2438,33.5721,33.3207,34.1421,36.2024,39.4303,41.4005,40.3617,38.6644,37.1209,35.9515,35.4859,35.589,36.2807,37.0578,37.4948,37.7671,37.729,37.5003,37.2611,36.9233,36.9078,37.0563,37.6324,38.8335,39.4556,39.6156,39.2618,38.4771,37.9524,37.3874,37.303,37.5722,37.8165,38.0916,38.1858,38.3201,38.0695,37.7782,38.023,38.8293,38.8492,38.25,38.0339,38.2416,38.3961,38.3488,38.181,38.079,38.3211,38.5979,38.6048,38.3374,38.2133,38.296,38.3503,38.3069,38.193,38.1689,38.3119,38.379,38.2636,38.1544,38.1386,38.1716,38.175,38.2472,38.2032,38.2146,38.2567,38.2435,38.1819,38.1468,38.1519,38.1568,38.1396,38.1092,38.1,38.0405,37.9967,37.9589,12.6193,11.955,7.17191,6.677,6.25586,5.87234,5.54226,5.25225,4.9537,4.6897,4.45402,4.2134,3.99841,3.79354,3.59894,3.4238,3.24858,3.09076,2.93427,2.78704,2.64862,2.51854,2.39635,2.27755,2.16649
0.59143,44.9452,38.5658,33.0118,29.8037,27.7984,27.1646,27.2951,28.0489,29.8136,32.9509,35.6274,35.8984,35.605,35.0015,34.2669,33.5966,33.351,34.1846,36.2509,39.4822,41.4334,40.3878,38.6879,37.1447,35.9781,35.5173,35.6298,36.3265,37.1031,37.5381,37.8075,37.7676,37.5381,37.2988,36.9615,36.9486,37.106,37.6897,38.8903,39.5081,39.66,39.3025,38.5157,37.9912,37.4296,37.3508,37.6263,37.8711,38.1446,38.2374,38.3703,38.1186,37.8289,38.0857,38.8922,38.9039,38.3012,38.0905,38.3033,38.4564,38.4074,38.2391,38.1398,38.3912,38.6666,38.6681,38.3982,38.2783,38.363,38.4164,38.372,38.2578,38.2358,38.3853,38.4518,38.3319,38.2215,38.2085,38.2425,38.2454,38.3172,38.2736,38.2876,38.3318,38.3173,38.2539,38.2193,38.2257,38.231,38.2133,38.1826,38.176,38.1163,38.0728,38.0359,12.823,12.1541,11.4866,10.8857,6.49611,6.04113,5.67708,5.3662,5.05121,4.7755,4.53094,4.28245,4.06122,3.85098,3.6517,3.47265,3.29378,3.13286,2.97346,2.82361,2.68283,2.55063,2.42651,2.30588,2.19317
0.61186,44.9556,38.5719,33.0179,29.8118,27.8108,27.1815,27.3167,28.0751,29.8465,32.9916,35.6578,35.9255,35.6305,35.026,34.2913,33.6224,33.383,34.2294,36.302,39.5369,41.4681,40.4152,38.7127,37.1698,36.0061,35.5505,35.6728,36.3748,37.1507,37.5836,37.85,37.8082,37.5778,37.3384,37.0018,36.9915,37.1584,37.75,38.95,39.5632,39.7066,39.3452,38.5562,38.032,37.474,37.401,37.6832,37.9284,38.2002,38.2917,38.4229,38.1702,37.8823,38.1517,38.9581,38.9612,38.3549,38.1499,38.368,38.5197,38.4688,38.3,38.2036,38.4649,38.7384,38.7343,38.4617,38.3465,38.4332,38.4856,38.4402,38.3257,38.306,38.4623,38.528,38.4033,38.2916,38.2818,38.3167,38.319,38.3904,38.3473,38.3641,38.4104,38.3945,38.3291,38.295,38.303,38.3085,38.2904,38.2593,38.2555,38.1955,38.1524,38.1164,38.082,12.3617,11.6872,11.0821,10.4834,9.89744,5.91932,5.54288,5.19062,4.89257,4.63274,4.37161,4.1409,3.9228,3.7169,3.53248,3.34868,3.18365,3.02045,2.86723,2.72346,2.58857,2.46204,2.33916,2.22441
0.63099,44.965,38.5773,33.0234,29.8191,27.822,27.1968,27.3363,28.0988,29.8763,33.0284,35.6853,35.9501,35.6535,35.0482,34.3134,33.6457,33.412,34.27,36.3482,39.5863,41.4994,40.44,38.7351,37.1924,36.0314,35.5805,35.7118,36.4184,37.1937,37.6246,37.8883,37.8448,37.6137,37.3742,37.0381,37.0303,37.2058,37.8044,39.0037,39.6127,39.7484,39.3837,38.5927,38.0686,37.514,37.4464,37.7344,37.98,38.2503,38.3405,38.4702,38.2165,37.9303,38.2112,39.0172,39.0126,38.4031,38.2034,38.4262,38.5764,38.524,38.3547,38.261,38.5312,38.8028,38.7935,38.5187,38.4078,38.4961,38.5476,38.5013,38.3866,38.369,38.5315,38.5962,38.4673,38.3544,38.3476,38.3832,38.3849,38.456,38.4134,38.4328,38.481,38.4636,38.3964,38.363,38.3722,38.3779,38.3594,38.328,38.3268,38.2664,38.2236,38.1884,38.1546,38.1243,11.8685,11.2562,10.652,10.062,9.53267,9.05466,5.42102,5.05385,4.76186,4.47868,4.23326,4.00391,3.78909,3.59771,3.40776,3.23775,3.07004,2.91292,2.76573,2.62783,2.49861,2.37326,2.2563
0.64558,44.972,38.5814,33.0275,29.8246,27.8303,27.2082,27.3508,28.1164,29.8984,33.0557,35.7056,35.9683,35.6706,35.0647,34.3297,33.663,33.4335,34.3001,36.3823,39.6228,41.5224,40.4584,38.7516,37.2091,36.0501,35.6028,35.7406,36.4506,37.2254,37.6549,37.9166,37.8719,37.6401,37.4006,37.0649,37.0589,37.2409,37.8446,39.0432,39.6492,39.7793,39.412,38.6196,38.0957,37.5436,37.4799,37.7722,38.018,38.2872,38.3765,38.5051,38.2507,37.9657,38.2552,39.0606,39.0505,38.4385,38.2429,38.469,38.6182,38.5646,38.395,38.3033,38.5801,38.8501,38.8371,38.5606,38.4529,38.5424,38.5933,38.5463,38.4315,38.4154,38.5824,38.6465,38.5143,38.4007,38.396,38.4322,38.4334,38.5042,38.462,38.4834,38.5329,38.5145,38.4459,38.4129,38.4231,38.429,38.4101,38.3785,38.3793,38.3186,38.276,38.2413,38.208,38.1782,38.1457,11.3865,10.7761,10.1813,9.64843,9.16781,8.66313,8.20974,4.92905,4.59588,4.32681,4.08219,3.85646,3.6572,3.46063,3.28548,3.11326,2.95235,2.8019,2.66118,2.52951,2.40191,2.28296
0.66464,44.9808,38.5865,33.0327,29.8315,27.8409,27.2227,27.3692,28.1388,29.9265,33.0904,35.7314,35.9913,35.6922,35.0855,34.3504,33.685,33.4609,34.3383,36.4257,39.6692,41.5517,40.4816,38.7726,37.2303,36.0738,35.631,35.7772,36.4915,37.2656,37.6933,37.9525,37.9062,37.6737,37.434,37.0988,37.0952,37.2855,37.8956,39.0933,39.6954,39.8184,39.4479,38.6536,38.13,37.5811,37.5225,37.8201,38.0662,38.3338,38.422,38.5492,38.2939,38.0105,38.311,39.1155,39.0982,38.4833,38.2929,38.5232,38.671,38.6158,38.4459,38.3568,38.642,38.9097,38.8921,38.6135,38.5099,38.601,38.6508,38.603,38.488,38.474,38.6469,38.7098,38.5735,38.459,38.4571,38.494,38.4945,38.565,38.5233,38.5473,38.5986,38.5786,38.5082,38.4759,38.4873,38.4934,38.474,38.4422,38.4455,38.3844,38.342,38.3079,38.2753,38.2461,38.2141,11.5577,10.9366,10.3334,9.79404,9.30845,8.79921,8.34227,7.92982,7.50486,4.60843,4.24329,3.9803,3.76007,3.54825,3.36232,3.18129,3.0133,2.85705,2.71145,2.57562,2.44431,2.32216
0.67958,44.9875,38.5905,33.0366,29.8368,27.8489,27.2337,27.3833,28.1559,29.9479,33.1168,35.7511,36.0089,35.7087,35.1014,34.3662,33.7017,33.4818,34.3675,36.4587,39.7045,41.5739,40.4992,38.7885,37.2465,36.0919,35.6525,35.8052,36.5226,37.2962,37.7224,37.9798,37.9322,37.6992,37.4594,37.1247,37.1228,37.3195,37.9344,39.1313,39.7305,39.8481,39.4752,38.6795,38.156,37.6096,37.5549,37.8565,38.1027,38.3693,38.4565,38.5828,38.3267,38.0446,38.3534,39.1571,39.1344,38.5173,38.3309,38.5642,38.711,38.6547,38.4844,38.3974,38.689,38.9549,38.9337,38.6535,38.5532,38.6453,38.6944,38.646,38.5309,38.5185,38.6957,38.7578,38.6184,38.5031,38.5034,38.5408,38.5408,38.6111,38.5697,38.5958,38.6483,38.6272,38.5555,38.5236,38.5359,38.5421,38.5224,38.4903,38.4957,38.4342,38.3919,38.3584,38.3262,38.2975,38.2658,38.2378,11.0642,10.4521,9.90632,9.41564,8.90171,8.44101,8.02545,7.59757,7.21256,6.84351,6.49124,3.90479,3.65232,3.44653,3.25191,3.0743,2.91076,2.75941,2.6189,2.48357,2.35803
0.69347,44.9936,38.594,33.0402,29.8416,27.8563,27.2438,27.3961,28.1714,29.9674,33.1408,35.769,36.0249,35.7237,35.1158,34.3805,33.7169,33.5007,34.394,36.4886,39.7365,41.5941,40.5153,38.803,37.2612,36.1083,35.6721,35.8305,36.5508,37.3239,37.7489,38.0045,37.9559,37.7224,37.4825,37.1481,37.1479,37.3504,37.9696,39.1658,39.7623,39.875,39.4998,38.7029,38.1796,37.6355,37.5843,37.8895,38.1358,38.4013,38.4878,38.6131,38.3564,38.0754,38.3919,39.1947,39.1672,38.5481,38.3653,38.6014,38.7472,38.6899,38.5193,38.4341,38.7315,38.9957,38.9713,38.6897,38.5924,38.6854,38.7339,38.6848,38.5696,38.5588,38.74,38.8011,38.6589,38.543,38.5452,38.583,38.5826,38.6526,38.6117,38.6396,38.6933,38.671,38.5981,38.5668,38.5799,38.5861,38.5661,38.5339,38.541,38.4792,38.437,38.4039,38.3721,38.3439,38.3126,38.2848,38.2564,10.5645,10.0111,9.51471,8.9955,8.53056,8.11152,7.68033,7.29251,6.92094,6.56636,6.24607,5.92459,3.6173,3.35652,3.15527,2.97774,2.8168,2.66917,2.52813,2.39804
0.70845,45,38.5978,33.044,29.8466,27.8641,27.2544,27.4096,28.1878,29.988,33.1661,35.7878,36.0417,35.7395,35.1311,34.3956,33.733,33.5208,34.422,36.5202,39.7703,41.6153,40.5321,38.8182,37.2766,36.1257,35.6927,35.8573,36.5805,37.3531,37.7767,38.0305,37.9807,37.7467,37.5068,37.1727,37.1743,37.3829,38.0067,39.202,39.7957,39.9032,39.5258,38.7275,38.2044,37.6627,37.6152,37.9243,38.1707,38.4351,38.5206,38.645,38.3876,38.1078,38.4324,39.2342,39.2015,38.5803,38.4015,38.6404,38.7852,38.7268,38.556,38.4728,38.7762,39.0385,39.0107,38.7277,38.6335,38.7275,38.7752,38.7255,38.6102,38.6011,38.7864,38.8466,38.7013,38.5848,38.5892,38.6274,38.6265,38.6963,38.6558,38.6856,38.7405,38.7171,38.6428,38.612,38.626,38.6323,38.612,38.5795,38.5886,38.5264,38.4843,38.4517,38.4203,38.3925,38.3615,38.3342,38.3061,10.6903,10.1268,9.62268,9.09659,8.62627,8.2028,7.76738,7.37604,7.00128,6.6438,6.32095,5.99699,5.70449,5.41384,5.13989,3.14506,2.91874,2.74912,2.59447,2.45505
0.72231,45.0058,38.6012,33.0474,29.8512,27.8712,27.264,27.4219,28.2027,30.0066,33.189,35.8048,36.057,35.7538,35.1448,34.4093,33.7475,33.5389,34.4473,36.5487,39.8008,41.6345,40.5474,38.832,37.2905,36.1413,35.7114,35.8815,36.6074,37.3795,37.8019,38.054,38.0032,37.7687,37.5287,37.195,37.1981,37.4124,38.0401,39.2346,39.8258,39.9287,39.5492,38.7498,38.2268,37.6873,37.6433,37.9556,38.2021,38.4655,38.5503,38.6737,38.4158,38.1371,38.469,39.2697,39.2325,38.6094,38.4342,38.6756,38.8194,38.76,38.589,38.5076,38.8166,39.077,39.0462,38.7619,38.6706,38.7655,38.8124,38.7622,38.6469,38.6392,38.8283,38.8875,38.7396,38.6225,38.6288,38.6673,38.666,38.7355,38.6954,38.7272,38.7831,38.7585,38.683,38.6527,38.6675,38.6739,38.6532,38.6206,38.6315,38.5689,38.5269,38.4946,38.4636,38.4362,38.4056,38.3785,38.3508,38.3246,10.2385,9.72549,9.19163,8.7153,8.28701,7.84714,7.45196,7.07386,6.71331,6.3878,6.06126,5.76647,5.47359,5.19756,4.9377,4.69321,4.46332,4.23965,2.55161
0.73502,45.011,38.6042,33.0505,29.8554,27.8775,27.2727,27.4329,28.216,30.0233,33.2096,35.8201,36.0706,35.7666,35.1572,34.4216,33.7605,33.5553,34.4701,36.5743,39.8283,41.6517,40.5611,38.8444,37.3031,36.1554,35.7282,35.9033,36.6315,37.4031,37.8245,38.0751,38.0234,37.7885,37.5484,37.215,37.2196,37.4388,38.0702,39.2639,39.8528,39.9515,39.5702,38.7697,38.2469,37.7093,37.6684,37.9838,38.2302,38.4927,38.5769,38.6995,38.4411,38.1633,38.5019,39.3016,39.2602,38.6355,38.4635,38.7072,38.8501,38.7898,38.6186,38.5389,38.8527,39.1115,39.078,38.7925,38.7038,38.7994,38.8458,38.795,38.6796,38.6733,38.8658,38.9241,38.7738,38.6563,38.6642,38.7031,38.7013,38.7707,38.7309,38.7644,38.8212,38.7955,38.719,38.6892,38.7047,38.7111,38.6901,38.6573,38.6699,38.6069,38.5649,38.5331,38.5024,38.4753,38.445,38.4182,38.3907,38.3649,38.3404,9.82422,9.28152,8.79861,8.36513,7.92046,7.52138,7.1398,6.7761,6.44792,6.11874,5.82165,5.52655,5.24845,4.98665,4.74037,4.5088,4.28348,4.07274
0.7488,45.0166,38.6075,33.0538,29.8598,27.8843,27.2819,27.4446,28.2302,30.0412,33.2315,35.8364,36.0852,35.7803,35.1703,34.4346,33.7744,33.5727,34.4944,36.6015,39.8574,41.67,40.5756,38.8575,37.3164,36.1703,35.7461,35.9264,36.6571,37.4283,37.8484,38.0975,38.0448,37.8094,37.5693,37.2362,37.2423,37.467,38.1021,39.2949,39.8814,39.9758,39.5924,38.7908,38.2682,37.7327,37.6951,38.0136,38.2601,38.5216,38.605,38.7268,38.4679,38.1912,38.5367,39.3353,39.2896,38.6631,38.4946,38.7406,38.8826,38.8214,38.6499,38.572,38.891,39.1479,39.1116,38.8249,38.7391,38.8354,38.8811,38.8298,38.7143,38.7095,38.9056,38.9629,38.8099,38.692,38.7018,38.741,38.7387,38.8078,38.7685,38.8038,38.8616,38.8347,38.7571,38.7278,38.744,38.7504,38.7291,38.6962,38.7105,38.6472,38.6052,38.5737,38.5434,38.5166,38.4866,38.4602,38.433,38.4074,38.3832,38.3611,9.38408,8.89228,8.45204,8.0013,7.5974,7.21139,6.84402,6.51248,6.18021,5.88043,5.58272,5.30222,5.03818,4.78982,4.55631,4.32912,4.1166
0.76006,45.021,38.6101,33.0564,29.8633,27.8897,27.2893,27.454,28.2416,30.0555,33.2491,35.8494,36.0969,35.7912,35.1809,34.4451,33.7855,33.5866,34.5138,36.6234,39.8808,41.6846,40.5873,38.8681,37.3271,36.1823,35.7604,35.945,36.6776,37.4484,37.8676,38.1155,38.062,37.8262,37.586,37.2532,37.2606,37.4896,38.1277,39.3198,39.9044,39.9951,39.6102,38.8078,38.2853,37.7515,37.7165,38.0375,38.284,38.5448,38.6276,38.7487,38.4893,38.2135,38.5647,39.3622,39.313,38.6851,38.5195,38.7673,38.9086,38.8466,38.6749,38.5985,38.9217,39.177,39.1384,38.8508,38.7673,38.8642,38.9093,38.8576,38.7421,38.7385,38.9373,38.9939,38.8388,38.7205,38.7318,38.7712,38.7685,38.8375,38.7985,38.8353,38.8938,38.8661,38.7875,38.7587,38.7754,38.7819,38.7603,38.7272,38.743,38.6793,38.6374,38.6062,38.5761,38.5497,38.5199,38.4937,38.4667,38.4414,38.4173,38.3954,9.47397,8.97298,8.52598,8.06932,7.66081,7.27083,6.89985,6.56544,6.23037,5.92817,5.62813,5.34552,5.07951,4.82937,4.59419,4.36538,4.15137
0.77187,45.0256,38.6128,33.0591,29.867,27.8953,27.2969,27.4638,28.2534,30.0703,33.2672,35.8629,36.1089,35.8025,35.1917,34.4559,33.797,33.6011,34.5339,36.6459,39.9049,41.6997,40.5993,38.8789,37.3381,36.1947,35.7752,35.9641,36.6988,37.4691,37.8874,38.1339,38.0796,37.8435,37.6033,37.2708,37.2794,37.5129,38.154,39.3454,39.9279,40.0151,39.6286,38.8252,38.3028,37.7709,37.7386,38.0621,38.3087,38.5686,38.6508,38.7712,38.5114,38.2364,38.5935,39.3899,39.3372,38.7078,38.5452,38.7948,38.9353,38.8725,38.7007,38.6258,38.9533,39.207,39.166,38.8774,38.7963,38.8937,38.9383,38.8862,38.7706,38.7683,38.9701,39.0257,38.8685,38.7498,38.7627,38.8023,38.7992,38.8681,38.8294,38.8678,38.927,38.8983,38.8188,38.7904,38.8078,38.8142,38.7924,38.7592,38.7764,38.7124,38.6705,38.6396,38.6098,38.5836,38.5541,38.5281,38.5014,38.4763,38.4524,38.4307,38.4078,9.06379,8.60788,8.14372,7.72944,7.33467,6.95952,6.62163,6.28336,5.97837,5.67572,5.39071,5.12257,4.87041,4.63336,4.40278,4.18715
0.78411,45.0303,38.6155,33.0619,29.8707,27.901,27.3047,27.4737,28.2654,30.0853,33.2857,35.8766,36.1212,35.814,35.2028,34.4669,33.8087,33.6158,34.5544,36.6688,39.9294,41.715,40.6115,38.89,37.3493,36.2073,35.7902,35.9837,36.7204,37.4902,37.9075,38.1528,38.0976,37.8611,37.6208,37.2886,37.2985,37.5366,38.1808,39.3714,39.9519,40.0354,39.6472,38.8429,38.3207,37.7905,37.7611,38.0872,38.3337,38.5928,38.6744,38.7941,38.5338,38.2598,38.6228,39.418,39.3617,38.7309,38.5713,38.8228,38.9624,38.8989,38.7269,38.6536,38.9854,39.2374,39.194,38.9044,38.8258,38.9238,38.9677,38.9152,38.7996,38.7986,39.0033,39.058,38.8987,38.7796,38.794,38.8339,38.8304,38.8991,38.8608,38.9007,38.9608,38.931,38.8505,38.8226,38.8406,38.847,38.8249,38.7916,38.8104,38.7459,38.7041,38.6735,38.644,38.6181,38.5888,38.5631,38.5366,38.5118,38.488,38.4665,38.4438,9.16823,8.69983,8.22574,7.80417,7.40344,7.02327,6.68131,6.3392,6.03112,5.72544,5.43779,5.16719,4.91282,4.67376,4.44125,4.22383
0.79429,45.0341,38.6178,33.0642,29.8737,27.9057,27.3111,27.4818,28.2753,30.0977,33.3009,35.8878,36.1312,35.8234,35.2119,34.4759,33.8183,33.6278,34.5712,36.6876,39.9495,41.7275,40.6215,38.899,37.3584,36.2176,35.8026,35.9996,36.738,37.5075,37.924,38.1681,38.1124,37.8756,37.6352,37.3032,37.3142,37.5561,38.2028,39.3926,39.9715,40.052,39.6625,38.8574,38.3353,37.8067,37.7795,38.1077,38.3542,38.6126,38.6937,38.8128,38.5521,38.2788,38.6468,39.441,39.3817,38.7497,38.5926,38.8456,38.9846,38.9205,38.7483,38.6763,39.0116,39.2622,39.2169,38.9265,38.8498,38.9483,38.9917,38.9388,38.8233,38.8234,39.0304,39.0843,38.9233,38.8039,38.8197,38.8597,38.8558,38.9244,38.8864,38.9277,38.9883,38.9577,38.8764,38.8489,38.8674,38.8738,38.8515,38.818,38.8381,38.7733,38.7315,38.7011,38.6718,38.6462,38.6171,38.5915,38.5653,38.5407,38.5171,38.4956,38.4731,38.4528,8.78472,8.29959,7.87037,7.4636,7.07852,6.73263,6.387,6.07589,5.76752,5.47741,5.20463,4.94829,4.70744,4.47323,4.25424
0.80477,45.038,38.6201,33.0665,29.8768,27.9105,27.3176,27.49,28.2853,30.1102,33.3162,35.8992,36.1414,35.833,35.2211,34.4851,33.828,33.6401,34.5882,36.7066,39.9698,41.7403,40.6316,38.9082,37.3677,36.228,35.8151,36.0159,36.7559,37.525,37.9407,38.1837,38.1273,37.8902,37.6497,37.318,37.33,37.5758,38.225,39.4142,39.9914,40.0688,39.6779,38.8721,38.3501,37.823,37.7982,38.1284,38.3749,38.6326,38.7132,38.8318,38.5707,38.2982,38.6711,39.4643,39.402,38.7688,38.6143,38.8687,39.007,38.9423,38.77,38.6993,39.0382,39.2872,39.24,38.9489,38.8742,38.9731,39.0161,38.9628,38.8472,38.8485,39.0579,39.111,38.9482,38.8285,38.8456,38.8858,38.8816,38.95,38.9123,38.955,39.0162,38.9847,38.9026,38.8755,38.8945,38.9009,38.8783,38.8448,38.8662,38.801,38.7593,38.7291,38.7,38.6746,38.6457,38.6204,38.5943,38.5699,38.5465,38.5251,38.5028,38.4825,38.4641,8.38382,7.94419,7.52966,7.13844,6.7878,6.43796,6.12342,5.8119,5.51903,5.24382,4.98528,4.74245,4.50637,4.28568
0.81434,45.0414,38.6221,33.0686,29.8796,27.9148,27.3234,27.4975,28.2943,30.1215,33.3301,35.9095,36.1506,35.8416,35.2294,34.4933,33.8368,33.6511,34.6036,36.7238,39.9882,41.7517,40.6407,38.9165,37.3761,36.2375,35.8264,36.0305,36.772,37.5408,37.9557,38.1978,38.1407,37.9033,37.6628,37.3313,37.3443,37.5936,38.245,39.4335,40.0092,40.0839,39.6918,38.8853,38.3634,37.8377,37.815,38.1471,38.3935,38.6506,38.7308,38.8488,38.5874,38.3156,38.693,39.4852,39.4202,38.7859,38.6337,38.8895,39.0272,38.9618,38.7894,38.72,39.062,39.3098,39.2608,38.9689,38.8962,38.9955,39.0379,38.9843,38.8687,38.871,39.0826,39.135,38.9705,38.8506,38.8689,38.9092,38.9047,38.973,38.9356,38.9795,39.0413,39.0089,38.9261,38.8994,38.9188,38.9252,38.9024,38.8688,38.8914,38.8259,38.7842,38.7542,38.7253,38.7001,38.6714,38.6463,38.6204,38.5961,38.5728,38.5516,38.5294,38.5093,38.4909,8.47224,8.01904,7.59513,7.19696,6.84106,6.4867,6.16855,5.8538,5.55812,5.28045,5.01972,4.77494,4.53704,4.31469
0.82411,45.045,38.6242,33.0707,29.8825,27.9191,27.3293,27.505,28.3033,30.1329,33.344,35.9198,36.1598,35.8503,35.2377,34.5016,33.8456,33.6623,34.6191,36.741,40.0067,41.7632,40.6499,38.9248,37.3845,36.247,35.8378,36.0452,36.7882,37.5566,37.9708,38.2119,38.1542,37.9165,37.676,37.3447,37.3588,37.6115,38.2652,39.453,40.0272,40.0991,39.7058,38.8986,38.3768,37.8525,37.8319,38.1659,38.4123,38.6688,38.7484,38.866,38.6042,38.3331,38.7151,39.5062,39.4385,38.8032,38.6533,38.9104,39.0475,38.9815,38.809,38.7408,39.0861,39.3324,39.2817,38.9891,38.9182,39.0179,39.0599,39.006,38.8904,38.8937,39.1074,39.1591,38.993,38.8728,38.8923,38.9328,38.9279,38.9961,38.959,39.0042,39.0665,39.0333,38.9498,38.9235,38.9433,38.9497,38.9267,38.8929,38.9167,38.851,38.8092,38.7794,38.7507,38.7258,38.6973,38.6723,38.6465,38.6225,38.5993,38.5782,38.5561,38.5361,38.5179,38.4991,8.10727,7.66964,7.26202,6.89944,6.5395,6.21698,5.89843,5.59951,5.31904,5.05586,4.8089,4.56898,4.34484
0.83224,45.0478,38.6259,33.0724,29.8848,27.9227,27.3342,27.5111,28.3108,30.1423,33.3555,35.9283,36.1675,35.8574,35.2446,34.5084,33.8529,33.6714,34.6318,36.7552,40.0219,41.7727,40.6574,38.9316,37.3914,36.2548,35.8472,36.0574,36.8016,37.5697,37.9832,38.2235,38.1653,37.9274,37.6869,37.3557,37.3706,37.6263,38.2818,39.469,40.042,40.1115,39.7172,38.9095,38.3878,37.8646,37.8458,38.1814,38.4277,38.6837,38.7629,38.8801,38.618,38.3475,38.7332,39.5234,39.4535,38.8173,38.6694,38.9276,39.0641,38.9977,38.8251,38.7579,39.1058,39.351,39.2988,39.0056,38.9363,39.0363,39.0779,39.0237,38.9081,38.9123,39.1278,39.1788,39.0114,38.8911,38.9115,38.9521,38.947,39.015,38.9783,39.0245,39.0871,39.0533,38.9691,38.9432,38.9634,38.9697,38.9465,38.9127,38.9376,38.8715,38.8298,38.8001,38.7716,38.7468,38.7185,38.6936,38.668,38.6441,38.621,38.6,38.5781,38.5581,38.54,38.5213,8.19675,7.74085,7.32223,6.95229,6.58655,6.25976,5.93746,5.63547,5.35237,5.08692,4.83798,4.59624,4.37047
0.84053,45.0508,38.6276,33.0741,29.8871,27.9263,27.3391,27.5174,28.3184,30.1517,33.3671,35.9369,36.1751,35.8646,35.2515,34.5153,33.8602,33.6807,34.6447,36.7695,40.0372,41.7822,40.6651,38.9385,37.3984,36.2626,35.8566,36.0696,36.815,37.5828,37.9958,38.2352,38.1765,37.9384,37.6978,37.3668,37.3825,37.6412,38.2985,39.4851,40.0568,40.1241,39.7288,38.9205,38.3989,37.8769,37.8599,38.1969,38.4432,38.6987,38.7776,38.8943,38.6319,38.3619,38.7514,39.5407,39.4686,38.8316,38.6856,38.9449,39.0809,39.014,38.8412,38.7751,39.1257,39.3697,39.3161,39.0223,38.9546,39.0548,39.096,39.0416,38.926,38.9311,39.1483,39.1987,39.0299,38.9094,38.9309,38.9716,38.9661,39.0341,38.9976,39.0449,39.108,39.0734,38.9887,38.9631,38.9836,38.9899,38.9666,38.9326,38.9585,38.8921,38.8504,38.8209,38.7926,38.7679,38.7398,38.7151,38.6896,38.6659,38.6429,38.622,38.6001,38.5803,38.5622,38.5436,38.5268,7.82862,7.39227,7.01211,6.63874,6.30647,5.97971,5.67399,5.38788,5.11985,4.86866,4.62488,4.39732
0.84886,45.0537,38.6293,33.0758,29.8894,27.9299,27.344,27.5235,28.3259,30.1611,33.3786,35.9454,36.1828,35.8717,35.2584,34.5222,33.8675,33.6899,34.6574,36.7838,40.0524,41.7917,40.6726,38.9453,37.4054,36.2705,35.866,36.0817,36.8283,37.5959,38.0082,38.2469,38.1877,37.9493,37.7087,37.3778,37.3944,37.6559,38.315,39.5011,40.0716,40.1366,39.7403,38.9314,38.4099,37.8891,37.8738,38.2124,38.4586,38.7135,38.7921,38.9083,38.6457,38.3763,38.7696,39.5579,39.4836,38.8457,38.7018,38.962,39.0975,39.0302,38.8573,38.7922,39.1454,39.3882,39.3332,39.0388,38.9727,39.0732,39.114,39.0593,38.9437,38.9497,39.1687,39.2184,39.0483,38.9276,38.9501,38.9909,38.9852,39.053,39.0168,39.0652,39.1286,39.0934,39.008,38.9828,39.0037,39.01,38.9864,38.9524,38.9793,38.9126,38.8709,38.8416,38.8134,38.7889,38.7609,38.7364,38.711,38.6874,38.6646,38.6437,38.622,38.6023,38.5843,38.5658,38.549,38.5328,7.47828,7.08144,6.6973,6.35784,6.02541,5.71533,5.42561,5.15458,4.90082,4.65477,4.42523
0.85646,45.0563,38.6308,33.0774,29.8915,27.9331,27.3484,27.5291,28.3326,30.1696,33.389,35.9531,36.1896,35.8782,35.2646,34.5283,33.874,33.6982,34.669,36.7966,40.0662,41.8003,40.6794,38.9515,37.4116,36.2775,35.8745,36.0927,36.8404,37.6076,38.0194,38.2574,38.1977,37.9591,37.7184,37.3878,37.4051,37.6693,38.33,39.5156,40.0849,40.1478,39.7506,38.9413,38.4199,37.9001,37.8864,38.2263,38.4725,38.727,38.8051,38.921,38.6582,38.3893,38.7859,39.5734,39.4971,38.8585,38.7163,38.9775,39.1125,39.0447,38.8718,38.8076,39.1631,39.4049,39.3486,39.0537,38.989,39.0898,39.1303,39.0753,38.9597,38.9665,39.1871,39.2361,39.0649,38.944,38.9674,39.0083,39.0023,39.0701,39.0341,39.0834,39.1472,39.1114,39.0255,39.0005,39.0218,39.028,39.0043,38.9702,38.998,38.9311,38.8894,38.8602,38.8321,38.8078,38.7799,38.7555,38.7303,38.7069,38.6841,38.6633,38.6417,38.622,38.6041,38.5857,38.569,38.5529,7.58815,7.1591,6.759,6.41034,6.07112,5.75601,5.46233,5.18813,4.93171,4.68329,4.45173
0.86355,45.0587,38.6323,33.0789,29.8935,27.9361,27.3525,27.5343,28.3389,30.1775,33.3986,35.9602,36.196,35.8842,35.2704,34.534,33.8801,33.7059,34.6797,36.8085,40.0789,41.8082,40.6857,38.9572,37.4174,36.2841,35.8824,36.1029,36.8515,37.6185,38.0298,38.2671,38.207,37.9682,37.7275,37.397,37.415,37.6816,38.3438,39.5289,40.0972,40.1582,39.7602,38.9503,38.429,37.9102,37.898,38.2392,38.4854,38.7394,38.8172,38.9328,38.6697,38.4013,38.801,39.5878,39.5096,38.8702,38.7297,38.9917,39.1263,39.0582,38.8851,38.8219,39.1796,39.4203,39.3628,39.0675,39.0041,39.1051,39.1452,39.09,38.9745,38.982,39.204,39.2525,39.0802,38.9592,38.9834,39.0243,39.0181,39.0858,39.05,39.1003,39.1644,39.1279,39.0416,39.0169,39.0384,39.0446,39.0208,38.9867,39.0153,38.9481,38.9064,38.8774,38.8494,38.8253,38.7975,38.7732,38.7481,38.7248,38.7021,38.6814,38.6599,38.6403,38.6225,38.6041,38.5875,38.5714,10.3667,7.26,6.82919,6.46678,6.11893,5.79762,5.4993,5.2215,4.96218,4.71127,4.4776
0.87075,45.0611,38.6337,33.0803,29.8954,27.9392,27.3566,27.5395,28.3452,30.1854,33.4083,35.9674,36.2024,35.8902,35.2762,34.5398,33.8862,33.7136,34.6904,36.8204,40.0916,41.8161,40.6921,38.963,37.4233,36.2906,35.8903,36.1131,36.8627,37.6295,38.0402,38.2768,38.2163,37.9773,37.7366,37.4062,37.4249,37.6941,38.3577,39.5423,40.1095,40.1687,39.7698,38.9595,38.4383,37.9205,37.9097,38.2522,38.4983,38.7518,38.8294,38.9445,38.6812,38.4133,38.8162,39.6021,39.5221,38.882,38.7432,39.0061,39.1402,39.0717,38.8986,38.8362,39.196,39.4358,39.3771,39.0813,39.0192,39.1205,39.1603,39.1048,38.9893,38.9976,39.221,39.269,39.0955,38.9744,38.9994,39.0404,39.034,39.1016,39.0661,39.1173,39.1817,39.1446,39.0577,39.0333,39.0552,39.0614,39.0373,39.0032,39.0327,38.9653,38.9236,38.8946,38.8668,38.8428,38.8151,38.791,38.766,38.7428,38.7202,38.6996,38.6781,38.6586,38.6409,38.6226,38.606,38.59,38.5747,9.92147,6.92899,6.53732,6.17478,5.84497,5.54057,5.25822,4.99536,4.74147,4.50529
0.87732,45.0633,38.635,33.0816,29.8972,27.9419,27.3603,27.5442,28.3509,30.1926,33.417,35.9738,36.2082,35.8956,35.2814,34.545,33.8918,33.7206,34.7001,36.8312,40.1032,41.8233,40.6978,38.9682,37.4285,36.2966,35.8974,36.1223,36.8729,37.6393,38.0496,38.2856,38.2247,37.9856,37.7448,37.4146,37.434,37.7053,38.3703,39.5544,40.1207,40.1781,39.7785,38.9677,38.4466,37.9297,37.9203,38.2639,38.5099,38.7631,38.8403,38.9552,38.6917,38.4242,38.83,39.6151,39.5335,38.8927,38.7554,39.019,39.1528,39.0839,38.9107,38.8492,39.2109,39.4497,39.3899,39.0938,39.0329,39.1344,39.1738,39.1182,39.0027,39.0117,39.2364,39.2838,39.1094,38.9881,39.0139,39.055,39.0483,39.1159,39.0806,39.1326,39.1973,39.1597,39.0723,39.0482,39.0703,39.0765,39.0523,39.0181,39.0484,38.9807,38.939,38.9102,38.8825,38.8586,38.8311,38.807,38.7822,38.759,38.7365,38.7159,38.6946,38.6751,38.6575,38.6392,38.6227,38.6068,38.5915,9.97747,9.46439,6.62847,6.23787,5.89496,5.58286,5.29513,5.0283,4.77103,4.53225
0.88334,45.0653,38.6362,33.0828,29.8988,27.9443,27.3637,27.5485,28.3561,30.1991,33.425,35.9797,36.2135,35.9006,35.2862,34.5497,33.8968,33.727,34.709,36.841,40.1137,41.8298,40.703,38.9729,37.4333,36.302,35.9039,36.1307,36.8821,37.6483,38.0582,38.2936,38.2324,37.9931,37.7523,37.4222,37.4421,37.7155,38.3817,39.5654,40.1308,40.1867,39.7863,38.9752,38.4542,37.9381,37.93,38.2745,38.5205,38.7733,38.8503,38.9649,38.7011,38.4341,38.8425,39.6269,39.5437,38.9024,38.7665,39.0308,39.1642,39.0949,38.9217,38.8609,39.2245,39.4624,39.4016,39.1051,39.0453,39.147,39.1862,39.1304,39.0148,39.0245,39.2504,39.2973,39.1219,39.0006,39.0271,39.0682,39.0614,39.1288,39.0937,39.1465,39.2114,39.1733,39.0855,39.0617,39.0841,39.0902,39.0659,39.0316,39.0626,38.9947,38.953,38.9243,38.8967,38.873,38.8455,38.8216,38.7968,38.7738,38.7513,38.7308,38.7096,38.6902,38.6725,38.6544,38.6379,38.622,38.6068,38.593,9.51319,9.04846,6.31823,5.9512,5.62771,5.33301,5.06129,4.80039,4.55872
0.88932,45.0673,38.6373,33.084,29.9004,27.9468,27.367,27.5528,28.3612,30.2055,33.4328,35.9855,36.2187,35.9054,35.2909,34.5544,33.9018,33.7333,34.7177,36.8507,40.1241,41.8362,40.7081,38.9775,37.438,36.3073,35.9103,36.139,36.8912,37.6572,38.0666,38.3015,38.2399,38.0004,37.7597,37.4297,37.4502,37.7256,38.393,39.5762,40.1408,40.1951,39.7941,38.9826,38.4616,37.9464,37.9394,38.285,38.531,38.7834,38.8601,38.9744,38.7105,38.4439,38.8548,39.6385,39.5539,38.912,38.7774,39.0424,39.1754,39.1058,38.9325,38.8725,39.2378,39.4749,39.4132,39.1162,39.0576,39.1594,39.1983,39.1423,39.0268,39.0371,39.2641,39.3106,39.1343,39.0129,39.0401,39.0812,39.0742,39.1416,39.1067,39.1602,39.2254,39.1868,39.0986,39.075,39.0976,39.1037,39.0792,39.0449,39.0767,39.0086,38.9669,38.9383,38.9107,38.8871,38.8597,38.8359,38.8112,38.7883,38.7659,38.7455,38.7243,38.7049,38.6873,38.6692,38.6529,38.637,38.6219,38.6081,9.56217,9.0947,8.6314,6.02878,5.68229,5.37664,5.09817,4.83262,4.58719
0.89521,45.0692,38.6385,33.0852,29.902,27.9492,27.3703,27.5569,28.3663,30.2118,33.4405,35.9912,36.2238,35.9102,35.2954,34.5589,33.9066,33.7394,34.7262,36.8602,40.1342,41.8425,40.7132,38.9821,37.4426,36.3125,35.9166,36.1471,36.9,37.6659,38.0749,38.3092,38.2473,38.0077,37.7669,37.437,37.4581,37.7355,38.404,39.5868,40.1505,40.2034,39.8017,38.9899,38.4689,37.9545,37.9487,38.2952,38.5412,38.7932,38.8697,38.9837,38.7196,38.4534,38.8668,39.6499,39.5638,38.9213,38.7881,39.0537,39.1864,39.1165,38.9431,38.8838,39.2508,39.4871,39.4244,39.1271,39.0695,39.1715,39.2101,39.154,39.0385,39.0494,39.2776,39.3235,39.1464,39.0248,39.0527,39.0939,39.0867,39.154,39.1193,39.1736,39.239,39.1999,39.1113,39.088,39.1108,39.1168,39.0923,39.0579,39.0904,39.022,38.9804,38.9519,38.9244,38.9009,38.8736,38.8499,38.8253,38.8025,38.7802,38.7597,38.7386,38.7193,38.7018,38.6838,38.6674,38.6517,38.6365,38.6228,38.609,9.14069,8.67475,8.23663,5.75835,5.42988,5.14067,4.86813,4.61822
0.90023,45.0708,38.6394,33.0861,29.9033,27.9512,27.373,27.5604,28.3705,30.2171,33.447,35.996,36.2281,35.9142,35.2993,34.5628,33.9107,33.7446,34.7334,36.8682,40.1427,41.8478,40.7174,38.9859,37.4465,36.3169,35.9219,36.154,36.9075,37.6732,38.0819,38.3157,38.2535,38.0138,37.773,37.4432,37.4647,37.7438,38.4133,39.5958,40.1588,40.2104,39.8081,38.996,38.4751,37.9613,37.9566,38.3039,38.5498,38.8015,38.8778,38.9916,38.7273,38.4615,38.877,39.6595,39.5721,38.9292,38.7971,39.0633,39.1957,39.1255,38.9521,38.8934,39.2618,39.4974,39.4339,39.1363,39.0797,39.1818,39.2202,39.1639,39.0484,39.0599,39.2889,39.3345,39.1566,39.035,39.0634,39.1047,39.0973,39.1646,39.13,39.1849,39.2505,39.211,39.1221,39.099,39.122,39.128,39.1033,39.0689,39.102,39.0335,38.9918,38.9633,38.936,38.9125,38.8854,38.8617,38.8372,38.8145,38.7922,38.7718,38.7508,38.7315,38.7141,38.6961,38.6798,38.664,38.6489,38.6352,38.6215,9.18042,8.71204,8.27177,7.85801,5.49325,5.18527,4.90356,4.64801
0.90569,45.0726,38.6405,33.0872,29.9047,27.9534,27.376,27.5642,28.3751,30.2228,33.454,36.0012,36.2327,35.9186,35.3035,34.5669,33.9152,33.7503,34.7412,36.8768,40.152,41.8536,40.722,38.9901,37.4508,36.3217,35.9276,36.1614,36.9157,37.6811,38.0894,38.3228,38.2603,38.0204,37.7795,37.4499,37.472,37.7528,38.4234,39.6054,40.1677,40.2179,39.8151,39.0026,38.4818,37.9687,37.9651,38.3133,38.5591,38.8105,38.8866,39.0001,38.7357,38.4702,38.888,39.6698,39.5811,38.9377,38.8069,39.0736,39.2057,39.1352,38.9618,38.9037,39.2737,39.5085,39.4442,39.1462,39.0906,39.1928,39.231,39.1745,39.059,39.0711,39.3012,39.3463,39.1677,39.0459,39.075,39.1163,39.1087,39.1759,39.1415,39.1972,39.2629,39.223,39.1337,39.1108,39.134,39.14,39.1152,39.0808,39.1145,39.0458,39.0041,38.9757,38.9485,38.9251,38.898,38.8745,38.85,38.8274,38.8052,38.7849,38.7639,38.7447,38.7273,38.7093,38.6931,38.6774,38.6623,38.6487,38.6349,38.6224,8.75301,8.31032,7.89447,7.50389,5.25436,4.95126,4.68595
0.91036,45.0741,38.6414,33.0881,29.9059,27.9553,27.3786,27.5674,28.379,30.2277,33.46,36.0056,36.2367,35.9223,35.3071,34.5705,33.919,33.7551,34.7479,36.8842,40.1599,41.8585,40.7259,38.9936,37.4544,36.3257,35.9325,36.1677,36.9226,37.6878,38.0958,38.3288,38.266,38.026,37.7851,37.4556,37.4781,37.7605,38.4319,39.6136,40.1753,40.2243,39.8209,39.0082,38.4874,37.975,37.9723,38.3212,38.567,38.8182,38.894,39.0073,38.7427,38.4776,38.8973,39.6786,39.5888,38.9449,38.8152,39.0824,39.2142,39.1435,38.97,38.9125,39.2838,39.5179,39.4529,39.1547,39.0999,39.2022,39.2402,39.1836,39.0681,39.0807,39.3116,39.3563,39.177,39.0552,39.0848,39.1261,39.1184,39.1856,39.1513,39.2076,39.2735,39.2331,39.1435,39.1209,39.1443,39.1502,39.1253,39.0908,39.1251,39.0562,39.0145,38.9863,38.9591,38.9358,38.9088,38.8853,38.861,38.8384,38.8162,38.7959,38.775,38.7559,38.7385,38.7206,38.7044,38.6887,38.6737,38.6601,38.6463,38.6339,8.78836,8.34339,7.92565,7.53339,7.16527,5.00957,4.7263
0.91532,45.0757,38.6423,33.089,29.9072,27.9573,27.3812,27.5708,28.3831,30.2329,33.4663,36.0103,36.2408,35.9262,35.3109,34.5742,33.9229,33.7601,34.7549,36.8919,40.1682,41.8636,40.73,38.9974,37.4581,36.33,35.9376,36.1744,36.9298,37.6949,38.1026,38.3351,38.2721,38.0319,37.791,37.4616,37.4846,37.7686,38.4409,39.6223,40.1833,40.2311,39.8272,39.0141,38.4934,37.9816,37.9799,38.3296,38.5754,38.8262,38.9019,39.0149,38.7502,38.4854,38.9072,39.6879,39.5969,38.9525,38.8239,39.0917,39.2232,39.1522,38.9786,38.9218,39.2945,39.5279,39.4621,39.1636,39.1096,39.2121,39.2499,39.1931,39.0777,39.0908,39.3226,39.3669,39.1869,39.065,39.0952,39.1365,39.1286,39.1958,39.1617,39.2185,39.2846,39.2439,39.1539,39.1315,39.1551,39.161,39.136,39.1015,39.1363,39.0672,39.0256,38.9974,38.9703,38.9471,38.9201,38.8967,38.8725,38.85,38.8278,38.8076,38.7867,38.7676,38.7503,38.7324,38.7163,38.7006,38.6857,38.6721,38.6584,38.646,8.82707,8.37956,7.95929,7.56542,7.19527,6.83581,4.78894
0.91985,45.0771,38.6431,33.0899,29.9084,27.9591,27.3837,27.5739,28.3869,30.2376,33.472,36.0145,36.2446,35.9298,35.3143,34.5776,33.9266,33.7647,34.7612,36.899,40.1757,41.8683,40.7337,39.0008,37.4616,36.3339,35.9423,36.1804,36.9364,37.7014,38.1087,38.3409,38.2776,38.0373,37.7964,37.467,37.4904,37.7759,38.4491,39.6302,40.1905,40.2372,39.8328,39.0195,38.4988,37.9876,37.9868,38.3372,38.583,38.8336,38.909,39.0219,38.757,38.4925,38.9161,39.6963,39.6042,38.9595,38.8319,39.1001,39.2313,39.1601,38.9865,38.9302,39.3042,39.5369,39.4704,39.1717,39.1185,39.2211,39.2586,39.2018,39.0863,39.0999,39.3325,39.3765,39.1959,39.0739,39.1046,39.1459,39.1379,39.205,39.1711,39.2285,39.2947,39.2536,39.1634,39.1411,39.1648,39.1707,39.1457,39.1111,39.1465,39.0773,39.0356,39.0074,38.9804,38.9573,38.9304,38.9071,38.8829,38.8605,38.8384,38.8182,38.7974,38.7783,38.761,38.7432,38.7271,38.7115,38.6965,38.683,38.6693,38.6569,38.6446,8.41272,7.99043,7.59443,7.22311,6.8618,6.52462
0.92398,45.0784,38.6439,33.0907,29.9094,27.9607,27.3859,27.5767,28.3902,30.2418,33.4772,36.0183,36.2481,35.933,35.3174,34.5807,33.9299,33.7689,34.767,36.9054,40.1826,41.8725,40.7371,39.0038,37.4647,36.3374,35.9465,36.1859,36.9424,37.7072,38.1143,38.3461,38.2825,38.0422,37.8013,37.472,37.4958,37.7826,38.4566,39.6373,40.1971,40.2427,39.8379,39.0244,38.5037,37.9931,37.9931,38.3441,38.5898,38.8402,38.9155,39.0281,38.7632,38.4989,38.9243,39.7039,39.6109,38.9657,38.8391,39.1077,39.2387,39.1673,38.9936,38.9378,39.3129,39.5451,39.478,39.179,39.1266,39.2293,39.2666,39.2096,39.0942,39.1082,39.3416,39.3852,39.204,39.082,39.1131,39.1545,39.1463,39.2133,39.1796,39.2375,39.3039,39.2624,39.1719,39.1498,39.1737,39.1796,39.1544,39.1198,39.1557,39.0863,39.0446,39.0166,38.9896,38.9665,38.9398,38.9165,38.8923,38.87,38.8479,38.8278,38.807,38.788,38.7707,38.7529,38.7368,38.7213,38.7064,38.6928,38.6792,38.6669,38.6545,8.44399,8.01929,7.62141,7.24828,6.88584,6.54721
0.92801,45.0797,38.6447,33.0914,29.9105,27.9623,27.388,27.5794,28.3935,30.246,33.4822,36.0221,36.2514,35.9361,35.3204,34.5837,33.933,33.7729,34.7726,36.9116,40.1892,41.8766,40.7404,39.0068,37.4677,36.3408,35.9507,36.1912,36.9483,37.7129,38.1197,38.3511,38.2874,38.0469,37.806,37.4767,37.5009,37.7891,38.4638,39.6442,40.2035,40.2481,39.8429,39.0291,38.5085,37.9984,37.9992,38.3508,38.5965,38.8466,38.9218,39.0342,38.7691,38.5051,38.9321,39.7113,39.6173,38.9718,38.8461,39.1151,39.2459,39.1743,39.0006,38.9453,39.3214,39.553,39.4853,39.1861,39.1344,39.2372,39.2743,39.2172,39.1018,39.1163,39.3503,39.3937,39.2118,39.0898,39.1213,39.1628,39.1545,39.2215,39.1878,39.2463,39.3128,39.271,39.1802,39.1583,39.1823,39.1882,39.1629,39.1283,39.1647,39.0951,39.0534,39.0254,38.9985,38.9755,38.9488,38.9256,38.9015,38.8792,38.8572,38.8371,38.8164,38.7974,38.7801,38.7624,38.7463,38.7308,38.7159,38.7024,38.6888,38.6765,38.6642,8.47546,8.04811,7.64811,7.27331,6.90944,6.56955
0.93191,45.0809,38.6454,33.0922,29.9114,27.9638,27.3901,27.582,28.3967,30.25,33.4871,36.0257,36.2546,35.9391,35.3233,34.5866,33.9361,33.7768,34.778,36.9176,40.1956,41.8806,40.7436,39.0097,37.4706,36.3441,35.9546,36.1963,36.9539,37.7183,38.1249,38.356,38.292,38.0515,37.8105,37.4814,37.5059,37.7953,38.4707,39.6509,40.2096,40.2533,39.8477,39.0336,38.5131,38.0035,38.005,38.3573,38.6029,38.8528,38.9278,39.0401,38.7749,38.5111,38.9397,39.7184,39.6235,38.9777,38.8528,39.1222,39.2528,39.181,39.0072,38.9524,39.3296,39.5607,39.4924,39.1929,39.1419,39.2448,39.2818,39.2246,39.1092,39.124,39.3588,39.4018,39.2194,39.0973,39.1293,39.1707,39.1623,39.2293,39.1958,39.2547,39.3213,39.2792,39.1882,39.1664,39.1906,39.1964,39.1711,39.1365,39.1733,39.1036,39.0619,39.0339,39.0071,38.9842,38.9575,38.9344,38.9103,38.8881,38.8661,38.846,38.8254,38.8064,38.7892,38.7715,38.7555,38.74,38.7251,38.7116,38.6981,38.6857,38.6735,38.6619,8.07675,7.67449,7.29787,6.93247,6.59129
0.93548,45.082,38.646,33.0928,29.9123,27.9652,27.392,27.5844,28.3996,30.2536,33.4915,36.0289,36.2575,35.9419,35.3259,34.5892,33.9389,33.7804,34.783,36.923,40.2015,41.8842,40.7465,39.0123,37.4733,36.3471,35.9583,36.201,36.959,37.7233,38.1296,38.3604,38.2963,38.0556,37.8147,37.4856,37.5104,37.801,38.477,39.657,40.2152,40.2581,39.852,39.0378,38.5173,38.0082,38.0104,38.3632,38.6088,38.8585,38.9333,39.0454,38.7801,38.5166,38.9466,39.7249,39.6292,38.983,38.8589,39.1287,39.259,39.1871,39.0133,38.9589,39.3371,39.5676,39.4988,39.1991,39.1488,39.2517,39.2886,39.2312,39.1159,39.1311,39.3664,39.4092,39.2263,39.1042,39.1365,39.178,39.1695,39.2364,39.203,39.2624,39.3291,39.2867,39.1954,39.1739,39.1982,39.204,39.1786,39.1439,39.1811,39.1113,39.0696,39.0417,39.0149,38.992,38.9654,38.9424,38.9184,38.8962,38.8743,38.8542,38.8336,38.8146,38.7975,38.7798,38.7638,38.7483,38.7335,38.72,38.7065,38.6942,38.6819,38.6703,8.10377,7.69923,7.32076,6.9538,6.61136
0.93894,45.0831,38.6467,33.0935,29.9132,27.9665,27.3938,27.5867,28.4024,30.2571,33.4958,36.0321,36.2604,35.9445,35.3285,34.5917,33.9416,33.7838,34.7877,36.9283,40.2071,41.8877,40.7493,39.0148,37.4759,36.35,35.9617,36.2055,36.9639,37.7281,38.1342,38.3647,38.3004,38.0596,37.8186,37.4896,37.5148,37.8065,38.4831,39.6628,40.2206,40.2626,39.8562,39.0418,38.5213,38.0126,38.0155,38.3689,38.6144,38.8639,38.9386,39.0506,38.7851,38.5219,38.9533,39.7311,39.6347,38.9882,38.8648,39.135,39.2651,39.1929,39.0191,38.9652,39.3443,39.5744,39.505,39.2051,39.1554,39.2584,39.2951,39.2377,39.1223,39.1379,39.3739,39.4163,39.233,39.1108,39.1435,39.185,39.1764,39.2432,39.21,39.2698,39.3366,39.2939,39.2024,39.181,39.2055,39.2112,39.1857,39.151,39.1887,39.1187,39.077,39.0492,39.0224,38.9996,38.9731,38.9501,38.9261,38.904,38.8821,38.862,38.8415,38.8226,38.8054,38.7877,38.7718,38.7563,38.7415,38.7281,38.7146,38.7023,38.6901,38.6785,8.1308,7.72381,7.34343,6.97479,6.63101
0.94224,45.0841,38.6473,33.0941,29.914,27.9678,27.3955,27.5889,28.4051,30.2604,33.4999,36.0351,36.2631,35.947,35.3309,34.5941,33.9442,33.7871,34.7922,36.9333,40.2124,41.891,40.7519,39.0172,37.4783,36.3528,35.9651,36.2098,36.9686,37.7327,38.1386,38.3687,38.3043,38.0634,37.8224,37.4935,37.519,37.8117,38.4889,39.6684,40.2257,40.267,39.8602,39.0456,38.5252,38.0169,38.0204,38.3743,38.6198,38.8691,38.9436,39.0555,38.7899,38.5269,38.9597,39.7371,39.6398,38.9931,38.8705,39.1409,39.2708,39.1985,39.0247,38.9711,39.3511,39.5807,39.5109,39.2108,39.1617,39.2648,39.3013,39.2438,39.1284,39.1444,39.3809,39.4231,39.2393,39.1171,39.1502,39.1917,39.1829,39.2498,39.2166,39.2768,39.3438,39.3008,39.2091,39.1878,39.2124,39.2181,39.1926,39.1578,39.1959,39.1258,39.0841,39.0563,39.0296,39.0068,38.9803,38.9574,38.9335,38.9114,38.8895,38.8695,38.849,38.8301,38.813,38.7953,38.7794,38.764,38.7492,38.7358,38.7223,38.71,38.6978,38.6863,38.6754,7.74795,7.36552,6.99521,6.65
0.94549,45.0851,38.6479,33.0947,29.9148,27.969,27.3972,27.5911,28.4077,30.2637,33.5038,36.038,36.2657,35.9495,35.3333,34.5965,33.9467,33.7903,34.7967,36.9382,40.2177,41.8943,40.7545,39.0196,37.4807,36.3555,35.9683,36.214,36.9732,37.7372,38.1428,38.3727,38.3081,38.0672,37.8262,37.4973,37.5231,37.8168,38.4946,39.6738,40.2307,40.2712,39.8641,39.0493,38.5289,38.0211,38.0252,38.3795,38.625,38.8741,38.9486,39.0603,38.7946,38.5318,38.9659,39.7429,39.6449,38.9979,38.876,39.1467,39.2765,39.204,39.0301,38.977,39.3578,39.587,39.5166,39.2164,39.1678,39.271,39.3074,39.2498,39.1344,39.1507,39.3878,39.4297,39.2455,39.1232,39.1567,39.1982,39.1893,39.2561,39.2231,39.2837,39.3508,39.3075,39.2156,39.1945,39.2191,39.2249,39.1992,39.1645,39.2029,39.1327,39.091,39.0633,39.0366,39.0139,38.9874,38.9645,38.9407,38.9186,38.8968,38.8768,38.8563,38.8375,38.8204,38.8028,38.7869,38.7715,38.7567,38.7433,38.7298,38.7176,38.7054,38.6939,38.683,7.77255,7.38787,7.01574,6.66903
0.94862,45.086,38.6484,33.0953,29.9156,27.9702,27.3989,27.5932,28.4102,30.2668,33.5077,36.0409,36.2682,35.9519,35.3356,34.5988,33.9491,33.7934,34.8009,36.9429,40.2227,41.8974,40.757,39.0218,37.483,36.3581,35.9714,36.2181,36.9776,37.7415,38.1469,38.3766,38.3117,38.0708,37.8297,37.5009,37.527,37.8217,38.5001,39.6791,40.2356,40.2753,39.8679,39.0529,38.5325,38.0251,38.0298,38.3846,38.6301,38.879,38.9533,39.0649,38.7992,38.5365,38.9718,39.7485,39.6498,39.0025,38.8813,39.1523,39.2819,39.2093,39.0354,38.9826,39.3642,39.5929,39.5221,39.2218,39.1737,39.277,39.3132,39.2555,39.1402,39.1568,39.3944,39.4361,39.2514,39.1291,39.1629,39.2044,39.1955,39.2623,39.2293,39.2903,39.3575,39.314,39.2219,39.2009,39.2256,39.2313,39.2057,39.1709,39.2097,39.1393,39.0976,39.0699,39.0433,39.0207,38.9943,38.9714,38.9476,38.9256,38.9038,38.8838,38.8634,38.8445,38.8275,38.8099,38.794,38.7786,38.7639,38.7505,38.7371,38.7248,38.7127,38.7012,38.6903,7.79708,7.41002,7.03595,6.68774
0.95163,45.0869,38.649,33.0958,29.9163,27.9714,27.4004,27.5951,28.4126,30.2698,33.5113,36.0436,36.2706,35.9541,35.3378,34.6009,33.9514,33.7963,34.805,36.9474,40.2275,41.9004,40.7594,39.024,37.4852,36.3605,35.9744,36.2219,36.9818,37.7456,38.1508,38.3802,38.3152,38.0742,37.8332,37.5044,37.5307,37.8264,38.5053,39.6841,40.2402,40.2792,39.8715,39.0563,38.536,38.029,38.0343,38.3895,38.6349,38.8837,38.9579,39.0693,38.8035,38.541,38.9775,39.7538,39.6544,39.0069,38.8863,39.1577,39.2871,39.2143,39.0404,38.9879,39.3704,39.5987,39.5274,39.2269,39.1794,39.2827,39.3188,39.261,39.1457,39.1626,39.4007,39.4422,39.2571,39.1348,39.1689,39.2104,39.2014,39.2681,39.2353,39.2967,39.3639,39.3201,39.2279,39.207,39.2319,39.2375,39.2118,39.177,39.2162,39.1457,39.104,39.0763,39.0497,39.0272,39.0008,38.978,38.9542,38.9323,38.9105,38.8905,38.8701,38.8513,38.8343,38.8167,38.8008,38.7855,38.7708,38.7574,38.744,38.7318,38.7196,38.7081,38.6973,38.687,7.43202,7.05592,6.70611
0.95439,45.0878,38.6495,33.0963,29.917,27.9725,27.4019,27.597,28.4148,30.2726,33.5147,36.046,36.2729,35.9562,35.3398,34.6029,33.9536,33.799,34.8087,36.9515,40.2319,41.9031,40.7615,39.026,37.4872,36.3628,35.9772,36.2255,36.9857,37.7493,38.1544,38.3836,38.3184,38.0773,37.8363,37.5076,37.5342,37.8307,38.5101,39.6886,40.2444,40.2828,39.8747,39.0594,38.5391,38.0325,38.0383,38.3939,38.6393,38.8879,38.962,39.0733,38.8074,38.5452,38.9828,39.7587,39.6587,39.0109,38.891,39.1626,39.2918,39.2189,39.0449,38.9928,39.376,39.6039,39.5323,39.2316,39.1845,39.2879,39.3239,39.266,39.1507,39.168,39.4065,39.4478,39.2623,39.1399,39.1743,39.2159,39.2068,39.2735,39.2407,39.3025,39.3698,39.3258,39.2333,39.2126,39.2375,39.2432,39.2174,39.1826,39.2221,39.1515,39.1098,39.0822,39.0556,39.0331,39.0068,38.984,38.9603,38.9383,38.9166,38.8967,38.8763,38.8575,38.8405,38.8229,38.8071,38.7918,38.7771,38.7637,38.7503,38.7381,38.726,38.7145,38.7036,38.6934,7.45294,7.07475,6.72331
0.95717,45.0886,38.65,33.0968,29.9177,27.9735,27.4033,27.5988,28.417,30.2753,33.518,36.0485,36.2751,35.9583,35.3418,34.6049,33.9557,33.8017,34.8125,36.9556,40.2364,41.9058,40.7637,39.028,37.4892,36.3651,35.9799,36.229,36.9895,37.7531,38.158,38.3869,38.3217,38.0805,37.8394,37.5107,37.5376,37.8351,38.5149,39.6932,40.2486,40.2863,39.878,39.0626,38.5423,38.036,38.0424,38.3984,38.6437,38.8922,38.9662,39.0773,38.8114,38.5493,38.988,39.7636,39.663,39.0149,38.8956,39.1675,39.2965,39.2235,39.0495,38.9977,39.3816,39.6092,39.5371,39.2363,39.1897,39.2932,39.329,39.2711,39.1558,39.1733,39.4123,39.4533,39.2675,39.1451,39.1798,39.2214,39.2122,39.2789,39.2462,39.3083,39.3757,39.3314,39.2388,39.2182,39.2433,39.2489,39.223,39.1882,39.228,39.1573,39.1156,39.088,39.0615,39.039,39.0127,38.99,38.9663,38.9445,38.9227,38.9028,38.8825,38.8637,38.8467,38.8292,38.8134,38.7981,38.7834,38.7701,38.7567,38.7445,38.7324,38.7209,38.7101,38.6998,7.47501,7.09433,6.74109
0.95972,45.0894,38.6504,33.0973,29.9183,27.9745,27.4046,27.6004,28.419,30.2779,33.5211,36.0508,36.2771,35.9602,35.3436,34.6067,33.9576,33.8042,34.8159,36.9594,40.2404,41.9083,40.7657,39.0297,37.491,36.3672,35.9824,36.2323,36.9931,37.7565,38.1613,38.39,38.3246,38.0834,37.8423,37.5137,37.5408,37.839,38.5193,39.6974,40.2525,40.2896,39.881,39.0654,38.5452,38.0392,38.0461,38.4024,38.6478,38.8961,38.97,39.081,38.815,38.5531,38.9928,39.7681,39.6669,39.0186,38.8999,39.1719,39.3009,39.2277,39.0537,39.0022,39.3868,39.614,39.5416,39.2406,39.1945,39.2979,39.3337,39.2757,39.1604,39.1782,39.4176,39.4584,39.2723,39.1498,39.1848,39.2264,39.2171,39.2838,39.2512,39.3136,39.381,39.3366,39.2438,39.2233,39.2485,39.2541,39.2282,39.1933,39.2334,39.1626,39.1209,39.0934,39.0669,39.0445,39.0182,38.9955,38.9719,38.95,38.9284,38.9084,38.8881,38.8694,38.8524,38.8349,38.8191,38.8038,38.7891,38.7758,38.7624,38.7503,38.7382,38.7267,38.7159,38.7057,7.49598,7.11288,6.75785
0.96205,45.0901,38.6508,33.0977,29.9189,27.9754,27.4058,27.602,28.4208,30.2802,33.5239,36.0529,36.279,35.962,35.3453,34.6084,33.9594,33.8065,34.819,36.9629,40.2441,41.9106,40.7676,39.0314,37.4927,36.3691,35.9847,36.2352,36.9963,37.7597,38.1643,38.3928,38.3273,38.086,37.8449,37.5163,37.5436,37.8426,38.5233,39.7013,40.256,40.2926,39.8838,39.068,38.5478,38.0422,38.0494,38.4062,38.6515,38.8997,38.9734,39.0844,38.8183,38.5565,38.9971,39.7722,39.6704,39.022,38.9037,39.176,39.3048,39.2315,39.0575,39.0063,39.3915,39.6183,39.5456,39.2445,39.1988,39.3023,39.3379,39.2799,39.1646,39.1827,39.4225,39.4631,39.2766,39.1542,39.1894,39.231,39.2216,39.2882,39.2558,39.3184,39.3859,39.3413,39.2484,39.228,39.2532,39.2588,39.2329,39.198,39.2384,39.1675,39.1258,39.0983,39.0718,39.0494,39.0232,39.0005,38.9769,38.9551,38.9335,38.9136,38.8933,38.8745,38.8576,38.8401,38.8243,38.809,38.7944,38.7811,38.7677,38.7556,38.7435,38.7321,38.7212,38.711,38.7014,7.13046,6.77357
0.96437,45.0908,38.6512,33.0981,29.9195,27.9762,27.407,27.6035,28.4227,30.2824,33.5267,36.0549,36.2808,35.9637,35.3469,34.6101,33.9612,33.8087,34.8221,36.9663,40.2477,41.9129,40.7694,39.0331,37.4944,36.371,35.987,36.2382,36.9995,37.7628,38.1672,38.3956,38.3299,38.0886,37.8475,37.519,37.5465,37.8462,38.5272,39.7051,40.2595,40.2956,39.8865,39.0706,38.5505,38.0451,38.0528,38.4098,38.6551,38.9032,38.9769,39.0877,38.8216,38.56,39.0015,39.7762,39.674,39.0253,38.9076,39.1801,39.3087,39.2354,39.0613,39.0104,39.3961,39.6227,39.5496,39.2484,39.2031,39.3066,39.3422,39.2841,39.1688,39.1871,39.4273,39.4677,39.2809,39.1584,39.1939,39.2355,39.2261,39.2927,39.2603,39.3233,39.3908,39.346,39.2529,39.2326,39.2579,39.2635,39.2375,39.2026,39.2433,39.1723,39.1306,39.1031,39.0767,39.0543,39.0281,39.0055,38.9819,38.9602,38.9385,38.9186,38.8984,38.8797,38.8627,38.8453,38.8295,38.8142,38.7996,38.7863,38.773,38.7609,38.7488,38.7373,38.7265,38.7163,38.7067,7.14861,6.78973
0.9666,45.0914,38.6516,33.0985,29.92,27.9771,27.4081,27.6049,28.4244,30.2846,33.5294,36.0569,36.2826,35.9653,35.3485,34.6116,33.9629,33.8108,34.8251,36.9696,40.2513,41.915,40.7711,39.0346,37.496,36.3728,35.9892,36.241,37.0026,37.7658,38.1701,38.3982,38.3325,38.0911,37.85,37.5215,37.5492,37.8496,38.531,39.7087,40.2629,40.2984,39.8891,39.0731,38.553,38.0479,38.056,38.4134,38.6586,38.9066,38.9802,39.0909,38.8247,38.5632,39.0056,39.7801,39.6774,39.0285,38.9113,39.184,39.3125,39.239,39.0649,39.0143,39.4006,39.6268,39.5534,39.2521,39.2072,39.3108,39.3462,39.2881,39.1728,39.1913,39.4319,39.4721,39.285,39.1625,39.1982,39.2398,39.2303,39.2969,39.2646,39.3279,39.3955,39.3505,39.2573,39.2371,39.2624,39.268,39.242,39.2071,39.248,39.1769,39.1352,39.1078,39.0813,39.059,39.0329,39.0103,38.9867,38.965,38.9434,38.9235,38.9033,38.8846,38.8676,38.8502,38.8345,38.8192,38.8046,38.7913,38.778,38.7659,38.7538,38.7424,38.7316,38.7214,38.7118,7.16691,6.80579
0.96865,45.0921,38.652,33.0989,29.9205,27.9778,27.4092,27.6062,28.426,30.2866,33.5318,36.0587,36.2842,35.9669,35.35,34.6131,33.9644,33.8128,34.8278,36.9726,40.2545,41.917,40.7727,39.0361,37.4974,36.3744,35.9912,36.2436,37.0054,37.7685,38.1727,38.4007,38.3348,38.0934,37.8523,37.5238,37.5517,37.8528,38.5345,39.712,40.266,40.301,39.8915,39.0754,38.5553,38.0504,38.059,38.4166,38.6619,38.9097,38.9832,39.0939,38.8276,38.5663,39.0094,39.7836,39.6805,39.0314,38.9146,39.1875,39.3159,39.2424,39.0683,39.0179,39.4047,39.6306,39.557,39.2555,39.2109,39.3146,39.3499,39.2917,39.1765,39.1952,39.4361,39.4762,39.2888,39.1663,39.2022,39.2438,39.2342,39.3008,39.2686,39.3321,39.3997,39.3546,39.2612,39.2411,39.2666,39.2721,39.246,39.2112,39.2523,39.1811,39.1394,39.112,39.0856,39.0633,39.0372,39.0146,38.9911,38.9694,38.9478,38.928,38.9078,38.8891,38.8722,38.8548,38.839,38.8238,38.8092,38.7959,38.7826,38.7705,38.7584,38.747,38.7362,38.7261,38.7165,7.1844,6.82107
0.97071,45.0927,38.6524,33.0993,29.921,27.9786,27.4102,27.6075,28.4276,30.2887,33.5343,36.0605,36.2858,35.9684,35.3514,34.6145,33.966,33.8148,34.8305,36.9756,40.2577,41.919,40.7743,39.0375,37.4989,36.3761,35.9932,36.2462,37.0082,37.7713,38.1753,38.4031,38.3372,38.0957,37.8545,37.5261,37.5542,37.8559,38.538,39.7154,40.269,40.3036,39.8939,39.0777,38.5576,38.053,38.0619,38.4199,38.6651,38.9128,38.9862,39.0968,38.8305,38.5693,39.0133,39.7872,39.6836,39.0344,38.918,39.1911,39.3194,39.2457,39.0716,39.0215,39.4088,39.6345,39.5605,39.2589,39.2147,39.3184,39.3537,39.2954,39.1801,39.1991,39.4403,39.4802,39.2926,39.1701,39.2062,39.2478,39.2382,39.3047,39.2726,39.3363,39.404,39.3587,39.2652,39.2452,39.2707,39.2763,39.2501,39.2152,39.2566,39.1854,39.1437,39.1163,39.0899,39.0676,39.0416,39.019,38.9956,38.9739,38.9523,38.9324,38.9123,38.8936,38.8767,38.8593,38.8436,38.8284,38.8138,38.8005,38.7872,38.7751,38.7631,38.7517,38.7409,38.7307,38.7211,38.7118,6.83714
0.97262,45.0932,38.6527,33.0996,29.9215,27.9793,27.4112,27.6088,28.4291,30.2905,33.5365,36.0622,36.2873,35.9698,35.3528,34.6159,33.9674,33.8166,34.8331,36.9784,40.2607,41.9209,40.7758,39.0389,37.5003,36.3776,35.9951,36.2485,37.0108,37.7738,38.1777,38.4054,38.3393,38.0978,37.8567,37.5283,37.5565,37.8588,38.5412,39.7185,40.2719,40.306,39.8961,39.0798,38.5597,38.0554,38.0646,38.4229,38.6681,38.9157,38.989,39.0995,38.8332,38.5721,39.0168,39.7905,39.6865,39.0371,38.9211,39.1944,39.3226,39.2488,39.0747,39.0248,39.4126,39.638,39.5638,39.2621,39.2182,39.3219,39.3571,39.2988,39.1835,39.2027,39.4442,39.484,39.2961,39.1736,39.2099,39.2515,39.2418,39.3084,39.2762,39.3402,39.408,39.3625,39.2689,39.249,39.2746,39.2801,39.2539,39.219,39.2606,39.1893,39.1476,39.1202,39.0939,39.0716,39.0456,39.0231,38.9996,38.978,38.9564,38.9366,38.9164,38.8978,38.8809,38.8635,38.8478,38.8326,38.818,38.8048,38.7915,38.7794,38.7674,38.756,38.7452,38.735,38.7255,38.7161,6.8525
0.97451,45.0938,38.653,33.1,29.9219,27.98,27.4122,27.61,28.4306,30.2924,33.5388,36.0638,36.2888,35.9712,35.3541,34.6172,33.9688,33.8184,34.8356,36.9811,40.2636,41.9227,40.7772,39.0402,37.5016,36.3791,35.9969,36.2509,37.0134,37.7763,38.1801,38.4076,38.3415,38.0999,37.8587,37.5304,37.5588,37.8617,38.5444,39.7215,40.2747,40.3084,39.8983,39.0819,38.5618,38.0577,38.0673,38.4258,38.671,38.9185,38.9918,39.1022,38.8358,38.5748,39.0203,39.7938,39.6893,39.0398,38.9242,39.1976,39.3257,39.2519,39.0777,39.0281,39.4163,39.6415,39.567,39.2652,39.2216,39.3254,39.3605,39.3021,39.1869,39.2063,39.4481,39.4877,39.2996,39.177,39.2135,39.2552,39.2454,39.3119,39.2799,39.3441,39.4119,39.3663,39.2726,39.2527,39.2784,39.2839,39.2577,39.2227,39.2645,39.1932,39.1515,39.1241,39.0978,39.0756,39.0496,39.0271,39.0037,38.982,38.9605,38.9407,38.9205,38.9019,38.885,38.8676,38.8519,38.8368,38.8222,38.809,38.7957,38.7836,38.7716,38.7602,38.7494,38.7393,38.7297,38.7204,6.86834
0.97626,45.0943,38.6533,33.1003,29.9223,27.9807,27.413,27.6111,28.4319,30.2941,33.5409,36.0654,36.2902,35.9724,35.3554,34.6184,33.9701,33.8201,34.8379,36.9837,40.2663,41.9244,40.7786,39.0414,37.5028,36.3805,35.9986,36.2531,37.0158,37.7787,38.1823,38.4097,38.3434,38.1018,37.8607,37.5324,37.5609,37.8644,38.5474,39.7244,40.2773,40.3106,39.9004,39.0838,38.5638,38.0599,38.0698,38.4286,38.6737,38.9211,38.9944,39.1047,38.8382,38.5774,39.0235,39.7968,39.6919,39.0423,38.9271,39.2006,39.3287,39.2547,39.0806,39.0311,39.4198,39.6447,39.5699,39.2681,39.2248,39.3286,39.3636,39.3052,39.19,39.2095,39.4516,39.4911,39.3027,39.1802,39.2169,39.2585,39.2487,39.3152,39.2832,39.3477,39.4155,39.3697,39.2759,39.2562,39.2819,39.2873,39.2611,39.2262,39.2681,39.1967,39.155,39.1277,39.1014,39.0792,39.0532,39.0307,39.0074,38.9858,38.9642,38.9444,38.9243,38.9057,38.8888,38.8715,38.8558,38.8406,38.8261,38.8129,38.7996,38.7875,38.7755,38.7641,38.7534,38.7432,38.7337,38.7243,6.88382
0.97798,45.0948,38.6536,33.1006,29.9228,27.9813,27.4139,27.6122,28.4333,30.2957,33.5429,36.0669,36.2915,35.9737,35.3566,34.6196,33.9714,33.8217,34.8401,36.9862,40.269,41.926,40.7799,39.0426,37.5041,36.3819,36.0002,36.2552,37.0181,37.7809,38.1845,38.4117,38.3454,38.1037,37.8626,37.5343,37.563,37.867,38.5503,39.7271,40.2799,40.3127,39.9023,39.0857,38.5657,38.062,38.0723,38.4313,38.6764,38.9237,38.9969,39.1071,38.8406,38.5799,39.0267,39.7997,39.6945,39.0447,38.9299,39.2036,39.3315,39.2575,39.0833,39.0341,39.4232,39.6479,39.5729,39.2709,39.2279,39.3318,39.3667,39.3082,39.193,39.2128,39.4551,39.4945,39.3059,39.1833,39.2202,39.2618,39.2519,39.3184,39.2865,39.3512,39.419,39.3732,39.2792,39.2595,39.2853,39.2908,39.2645,39.2295,39.2717,39.2002,39.1585,39.1312,39.1049,39.0828,39.0568,39.0344,39.011,38.9894,38.9679,38.9481,38.928,38.9094,38.8926,38.8752,38.8596,38.8444,38.8299,38.8167,38.8034,38.7913,38.7793,38.768,38.7572,38.7471,38.7375,38.7282,6.89983
0.97961,45.0953,38.6539,33.1009,29.9232,27.9819,27.4147,27.6133,28.4345,30.2973,33.5448,36.0683,36.2928,35.9749,35.3577,34.6208,33.9726,33.8233,34.8423,36.9885,40.2715,41.9276,40.7811,39.0437,37.5052,36.3832,36.0018,36.2573,37.0203,37.7831,38.1866,38.4136,38.3472,38.1055,37.8644,37.5361,37.565,37.8694,38.553,39.7297,40.2823,40.3148,39.9042,39.0875,38.5675,38.064,38.0746,38.4338,38.6789,38.9261,38.9992,39.1094,38.8429,38.5822,39.0296,39.8025,39.6969,39.047,38.9325,39.2064,39.3342,39.2601,39.0859,39.0369,39.4264,39.6508,39.5756,39.2736,39.2309,39.3348,39.3696,39.3111,39.1959,39.2158,39.4584,39.4977,39.3088,39.1862,39.2233,39.2649,39.255,39.3215,39.2896,39.3545,39.4224,39.3764,39.2823,39.2627,39.2885,39.294,39.2677,39.2327,39.2751,39.2035,39.1618,39.1346,39.1083,39.0862,39.0602,39.0378,39.0145,38.9929,38.9714,38.9516,38.9316,38.9129,38.8961,38.8788,38.8631,38.848,38.8334,38.8203,38.807,38.7949,38.7829,38.7716,38.7609,38.7507,38.7412,38.7319,38.7231
0.98116,45.0957,38.6542,33.1011,29.9235,27.9825,27.4155,27.6142,28.4357,30.2988,33.5466,36.0696,36.294,35.976,35.3588,34.6219,33.9738,33.8247,34.8443,36.9908,40.2739,41.9291,40.7823,39.0448,37.5063,36.3845,36.0033,36.2592,37.0224,37.7851,38.1885,38.4155,38.349,38.1072,37.8661,37.5378,37.5669,37.8718,38.5556,39.7322,40.2846,40.3167,39.906,39.0892,38.5692,38.066,38.0768,38.4362,38.6813,38.9284,39.0015,39.1116,38.845,38.5845,39.0325,39.8051,39.6992,39.0492,38.935,39.209,39.3368,39.2626,39.0884,39.0395,39.4295,39.6537,39.5782,39.2762,39.2337,39.3376,39.3724,39.3138,39.1986,39.2187,39.4616,39.5007,39.3116,39.189,39.2262,39.2679,39.2579,39.3244,39.2926,39.3576,39.4256,39.3794,39.2853,39.2657,39.2916,39.2971,39.2707,39.2357,39.2783,39.2067,39.165,39.1377,39.1115,39.0894,39.0635,39.041,39.0177,38.9962,38.9747,38.9549,38.9349,38.9163,38.8995,38.8821,38.8665,38.8514,38.8368,38.8237,38.8104,38.7984,38.7864,38.775,38.7643,38.7542,38.7447,38.7353,38.7266
0.98262,45.0962,38.6544,33.1014,29.9239,27.983,27.4163,27.6152,28.4368,30.3002,33.5484,36.0709,36.2951,35.9771,35.3598,34.6229,33.9749,33.8261,34.8462,36.9929,40.2762,41.9304,40.7834,39.0458,37.5073,36.3856,36.0047,36.261,37.0244,37.7871,38.1903,38.4172,38.3506,38.1088,37.8676,37.5395,37.5686,37.874,38.558,39.7346,40.2867,40.3185,39.9077,39.0908,38.5708,38.0677,38.0789,38.4385,38.6836,38.9306,39.0036,39.1137,38.847,38.5866,39.0351,39.8076,39.7014,39.0512,38.9374,39.2115,39.3392,39.2649,39.0907,39.042,39.4323,39.6563,39.5807,39.2785,39.2363,39.3403,39.375,39.3164,39.2012,39.2214,39.4645,39.5035,39.3143,39.1917,39.229,39.2707,39.2607,39.3271,39.2954,39.3606,39.4286,39.3823,39.2881,39.2686,39.2945,39.2999,39.2736,39.2386,39.2813,39.2096,39.1679,39.1407,39.1145,39.0924,39.0665,39.0441,39.0208,38.9993,38.9778,38.958,38.938,38.9194,38.9026,38.8853,38.8697,38.8545,38.84,38.8269,38.8136,38.8016,38.7896,38.7783,38.7676,38.7574,38.7479,38.7386,38.7299
0.98402,45.0966,38.6547,33.1016,29.9242,27.9836,27.417,27.6161,28.4379,30.3016,33.55,36.0721,36.2962,35.9781,35.3608,34.6238,33.9759,33.8275,34.848,36.9949,40.2784,41.9318,40.7845,39.0468,37.5083,36.3867,36.006,36.2628,37.0263,37.7889,38.1921,38.4188,38.3522,38.1103,37.8692,37.541,37.5703,37.8761,38.5604,39.7368,40.2888,40.3203,39.9093,39.0923,38.5724,38.0695,38.0808,38.4406,38.6857,38.9327,39.0056,39.1156,38.8489,38.5886,39.0377,39.81,39.7035,39.0532,38.9397,39.2139,39.3415,39.2672,39.093,39.0444,39.4351,39.6589,39.5831,39.2808,39.2389,39.3428,39.3775,39.3188,39.2037,39.224,39.4673,39.5062,39.3168,39.1942,39.2317,39.2734,39.2633,39.3297,39.298,39.3634,39.4314,39.385,39.2907,39.2713,39.2973,39.3027,39.2763,39.2413,39.2842,39.2125,39.1708,39.1435,39.1173,39.0953,39.0694,39.047,39.0238,39.0023,38.9808,38.961,38.941,38.9224,38.9056,38.8883,38.8727,38.8576,38.8431,38.8299,38.8167,38.8047,38.7927,38.7814,38.7707,38.7606,38.751,38.7417,38.733
0.98538,45.097,38.6549,33.1019,29.9245,27.9841,27.4176,27.6169,28.439,30.3029,33.5516,36.0733,36.2973,35.9791,35.3618,34.6248,33.9769,33.8287,34.8498,36.9968,40.2804,41.9331,40.7855,39.0477,37.5093,36.3878,36.0074,36.2644,37.0281,37.7907,38.1938,38.4204,38.3537,38.1118,37.8707,37.5425,37.5719,37.8781,38.5626,39.739,40.2908,40.322,39.9108,39.0938,38.5739,38.0711,38.0828,38.4427,38.6878,38.9347,39.0076,39.1175,38.8508,38.5905,39.0402,39.8123,39.7055,39.0551,38.9419,39.2162,39.3437,39.2693,39.0951,39.0467,39.4377,39.6614,39.5853,39.283,39.2413,39.3453,39.3799,39.3212,39.206,39.2266,39.4701,39.5088,39.3193,39.1966,39.2343,39.2759,39.2658,39.3323,39.3006,39.3661,39.4342,39.3877,39.2933,39.274,39.3,39.3054,39.2789,39.244,39.287,39.2152,39.1735,39.1463,39.1201,39.0981,39.0722,39.0498,39.0266,39.0051,38.9837,38.9639,38.9439,38.9253,38.9086,38.8913,38.8757,38.8606,38.8461,38.8329,38.8197,38.8077,38.7957,38.7844,38.7737,38.7636,38.754,38.7448,38.736
0.98668,45.0974,38.6551,33.1021,29.9248,27.9845,27.4183,27.6177,28.44,30.3041,33.5531,36.0744,36.2983,35.98,35.3627,34.6257,33.9779,33.83,34.8515,36.9987,40.2824,41.9343,40.7865,39.0486,37.5102,36.3888,36.0086,36.266,37.0299,37.7924,38.1954,38.4219,38.3551,38.1132,37.8721,37.5439,37.5735,37.8801,38.5648,39.741,40.2927,40.3236,39.9123,39.0952,38.5753,38.0727,38.0846,38.4448,38.6898,38.9366,39.0095,39.1194,38.8526,38.5924,39.0425,39.8145,39.7074,39.0569,38.944,39.2184,39.3459,39.2714,39.0972,39.049,39.4403,39.6637,39.5875,39.2851,39.2436,39.3476,39.3822,39.3235,39.2083,39.229,39.4727,39.5113,39.3216,39.1989,39.2367,39.2784,39.2683,39.3347,39.303,39.3688,39.4368,39.3902,39.2958,39.2765,39.3025,39.3079,39.2815,39.2465,39.2896,39.2178,39.1761,39.1489,39.1227,39.1007,39.0749,39.0526,39.0293,39.0079,38.9864,38.9667,38.9467,38.9281,38.9114,38.8941,38.8785,38.8634,38.8489,38.8358,38.8225,38.8105,38.7986,38.7872,38.7765,38.7664,38.7569,38.7476,38.7389
0.98794,45.0977,38.6554,33.1023,29.9251,27.985,27.4189,27.6185,28.4409,30.3053,33.5546,36.0755,36.2992,35.981,35.3635,34.6265,33.9788,33.8311,34.8531,37.0005,40.2844,41.9355,40.7875,39.0495,37.511,36.3898,36.0098,36.2676,37.0316,37.794,38.197,38.4234,38.3565,38.1146,37.8734,37.5453,37.575,37.882,38.5669,39.743,40.2945,40.3251,39.9137,39.0966,38.5767,38.0743,38.0864,38.4467,38.6917,38.9385,39.0113,39.1211,38.8543,38.5942,39.0448,39.8166,39.7093,39.0586,38.946,39.2206,39.3479,39.2734,39.0992,39.0511,39.4427,39.666,39.5896,39.2872,39.2459,39.3499,39.3844,39.3257,39.2105,39.2313,39.4752,39.5138,39.3239,39.2012,39.2391,39.2808,39.2706,39.337,39.3054,39.3713,39.4394,39.3927,39.2982,39.2789,39.305,39.3104,39.2839,39.2489,39.2922,39.2204,39.1787,39.1515,39.1253,39.1033,39.0775,39.0552,39.032,39.0105,38.9891,38.9694,38.9494,38.9308,38.9141,38.8968,38.8812,38.8661,38.8516,38.8385,38.8253,38.8133,38.8013,38.79,38.7793,38.7692,38.7597,38.7504,38.7417
0.98914,45.0981,38.6556,33.1025,29.9254,27.9854,27.4195,27.6193,28.4418,30.3065,33.556,36.0765,36.3002,35.9818,35.3644,34.6274,33.9797,33.8323,34.8547,37.0022,40.2862,41.9366,40.7884,39.0503,37.5119,36.3908,36.0109,36.2691,37.0332,37.7956,38.1985,38.4248,38.3579,38.1159,37.8747,37.5467,37.5764,37.8838,38.5689,39.7449,40.2963,40.3266,39.9151,39.0979,38.578,38.0757,38.0881,38.4485,38.6936,38.9402,39.013,39.1228,38.856,38.5959,39.047,39.8187,39.711,39.0603,38.9479,39.2226,39.3499,39.2753,39.1011,39.0531,39.445,39.6682,39.5916,39.2891,39.248,39.3521,39.3865,39.3278,39.2126,39.2335,39.4776,39.5161,39.326,39.2033,39.2414,39.2831,39.2728,39.3392,39.3077,39.3737,39.4418,39.395,39.3004,39.2812,39.3074,39.3127,39.2862,39.2512,39.2947,39.2228,39.1811,39.1539,39.1277,39.1058,39.08,39.0577,39.0345,39.0131,38.9916,38.9719,38.9519,38.9334,38.9166,38.8994,38.8838,38.8687,38.8542,38.8411,38.8279,38.8159,38.8039,38.7926,38.782,38.7719,38.7624,38.7531,38.7444
0.99026,45.0984,38.6558,33.1027,29.9257,27.9858,27.4201,27.62,28.4427,30.3076,33.5573,36.0775,36.301,35.9826,35.3651,34.6281,33.9805,33.8333,34.8562,37.0038,40.2879,41.9377,40.7892,39.0511,37.5127,36.3917,36.012,36.2705,37.0347,37.797,38.1998,38.4261,38.3591,38.1171,37.8759,37.5479,37.5777,37.8854,38.5707,39.7467,40.2979,40.328,39.9164,39.0991,38.5792,38.0771,38.0896,38.4503,38.6953,38.9419,39.0146,39.1243,38.8575,38.5975,39.049,39.8205,39.7127,39.0619,38.9497,39.2245,39.3517,39.2771,39.1028,39.0551,39.4472,39.6702,39.5935,39.2909,39.25,39.3541,39.3885,39.3297,39.2146,39.2356,39.4798,39.5182,39.328,39.2053,39.2435,39.2852,39.2749,39.3413,39.3098,39.3759,39.4441,39.3972,39.3025,39.2834,39.3096,39.3149,39.2884,39.2534,39.297,39.225,39.1833,39.1562,39.13,39.1081,39.0823,39.06,39.0368,39.0154,38.994,38.9743,38.9543,38.9358,38.919,38.9018,38.8862,38.8711,38.8567,38.8435,38.8303,38.8183,38.8064,38.7951,38.7844,38.7743,38.7648,38.7556,38.7469
0.99121,45.0987,38.6559,33.1029,29.9259,27.9862,27.4205,27.6206,28.4434,30.3085,33.5584,36.0783,36.3018,35.9833,35.3658,34.6288,33.9812,33.8342,34.8574,37.0052,40.2894,41.9386,40.7899,39.0517,37.5133,36.3924,36.0129,36.2716,37.0359,37.7983,38.201,38.4272,38.3602,38.1182,37.877,37.5489,37.5789,37.8869,38.5723,39.7482,40.2993,40.3292,39.9175,39.1001,38.5802,38.0783,38.091,38.4517,38.6967,38.9433,39.016,39.1257,38.8588,38.5989,39.0507,39.8221,39.7141,39.0632,38.9512,39.2261,39.3533,39.2786,39.1043,39.0567,39.4491,39.6719,39.5951,39.2925,39.2517,39.3558,39.3902,39.3313,39.2162,39.2373,39.4817,39.52,39.3297,39.207,39.2453,39.287,39.2767,39.343,39.3116,39.3778,39.446,39.3991,39.3043,39.2852,39.3114,39.3168,39.2902,39.2552,39.2989,39.2269,39.1852,39.1581,39.1319,39.11,39.0842,39.0619,39.0388,39.0174,38.996,38.9763,38.9563,38.9378,38.9211,38.9038,38.8882,38.8732,38.8587,38.8456,38.8324,38.8204,38.8085,38.7972,38.7865,38.7764,38.7669,38.7577,38.749
0.99213,45.0989,38.6561,33.1031,29.9262,27.9865,27.421,27.6212,28.4441,30.3093,33.5595,36.0791,36.3025,35.984,35.3664,34.6294,33.9819,33.8351,34.8586,37.0065,40.2908,41.9395,40.7906,39.0523,37.514,36.3931,36.0138,36.2727,37.0372,37.7995,38.2022,38.4282,38.3612,38.1192,37.878,37.5499,37.5799,37.8882,38.5738,39.7497,40.3006,40.3303,39.9185,39.1011,38.5813,38.0794,38.0922,38.4531,38.6981,38.9446,39.0173,39.1269,38.86,38.6002,39.0524,39.8237,39.7154,39.0645,38.9527,39.2276,39.3548,39.2801,39.1058,39.0582,39.4508,39.6736,39.5966,39.294,39.2534,39.3575,39.3918,39.3329,39.2178,39.239,39.4835,39.5218,39.3314,39.2087,39.247,39.2887,39.2784,39.3447,39.3133,39.3797,39.4479,39.4009,39.3061,39.287,39.3132,39.3186,39.292,39.257,39.3008,39.2288,39.187,39.1599,39.1338,39.1119,39.0861,39.0638,39.0407,39.0193,38.9979,38.9782,38.9583,38.9398,38.923,38.9058,38.8902,38.8752,38.8607,38.8476,38.8344,38.8224,38.8105,38.7992,38.7885,38.7785,38.769,38.7597,38.751
0.99304,45.0992,38.6562,33.1032,29.9264,27.9869,27.4215,27.6217,28.4448,30.3102,33.5605,36.0799,36.3032,35.9846,35.3671,34.6301,33.9826,33.8359,34.8597,37.0078,40.2922,41.9403,40.7913,39.053,37.5146,36.3938,36.0147,36.2738,37.0384,37.8007,38.2033,38.4293,38.3622,38.1202,37.879,37.551,37.581,37.8896,38.5753,39.7511,40.3019,40.3314,39.9195,39.1021,38.5822,38.0805,38.0935,38.4545,38.6995,38.946,39.0186,39.1282,38.8613,38.6015,39.054,39.8252,39.7168,39.0657,38.9542,39.2292,39.3562,39.2815,39.1072,39.0598,39.4526,39.6752,39.5981,39.2954,39.255,39.3591,39.3934,39.3345,39.2194,39.2407,39.4854,39.5235,39.333,39.2103,39.2487,39.2904,39.28,39.3464,39.315,39.3815,39.4497,39.4026,39.3078,39.2887,39.315,39.3203,39.2938,39.2587,39.3026,39.2306,39.1888,39.1617,39.1356,39.1137,39.088,39.0657,39.0426,39.0212,38.9998,38.9801,38.9602,38.9417,38.925,38.9077,38.8922,38.8771,38.8627,38.8496,38.8364,38.8244,38.8125,38.8012,38.7905,38.7805,38.771,38.7617,38.753
0.995,45.0998,38.6566,33.1036,29.9268,27.9876,27.4224,27.623,28.4463,30.3121,33.5628,36.0815,36.3047,35.986,35.3684,34.6314,33.984,33.8377,34.8623,37.0106,40.2952,41.9422,40.7928,39.0543,37.5159,36.3954,36.0165,36.2762,37.041,37.8032,38.2057,38.4315,38.3643,38.1223,37.8811,37.5531,37.5833,37.8925,38.5786,39.7542,40.3048,40.3338,39.9218,39.1042,38.5844,38.0829,38.0963,38.4575,38.7025,38.9488,39.0214,39.1309,38.8639,38.6043,39.0576,39.8285,39.7196,39.0684,38.9573,39.2324,39.3594,39.2846,39.1103,39.0631,39.4564,39.6787,39.6014,39.2986,39.2585,39.3626,39.3968,39.3379,39.2228,39.2443,39.4893,39.5273,39.3365,39.2137,39.2524,39.2941,39.2837,39.35,39.3187,39.3854,39.4537,39.4064,39.3114,39.2925,39.3188,39.3241,39.2975,39.2625,39.3066,39.2344,39.1927,39.1656,39.1396,39.1177,39.092,39.0698,39.0466,39.0253,39.0039,38.9842,38.9643,38.9459,38.9291,38.9119,38.8964,38.8813,38.8669,38.8538,38.8406,38.8287,38.8167,38.8055,38.7948,38.7848,38.7753,38.766,38.7573
0.999,45.1009,38.6573,33.1043,29.9278,27.989,27.4244,27.6255,28.4493,30.3159,33.5674,36.0849,36.3077,35.9889,35.3712,34.6341,33.9869,33.8415,34.8674,37.0163,40.3012,41.9459,40.7958,39.057,37.5187,36.3985,36.0203,36.2811,37.0463,37.8084,38.2106,38.4361,38.3688,38.1266,37.8854,37.5575,37.5881,37.8984,38.5851,39.7605,40.3106,40.3387,39.9263,39.1085,38.5887,38.0877,38.1018,38.4636,38.7085,38.9547,39.0271,39.1364,38.8694,38.6099,39.0647,39.8352,39.7254,39.0739,38.9637,39.2392,39.3659,39.2909,39.1166,39.0698,39.4641,39.6859,39.608,39.305,39.2656,39.3698,39.4038,39.3448,39.2296,39.2516,39.4972,39.5349,39.3436,39.2208,39.2598,39.3016,39.291,39.3573,39.3261,39.3934,39.4617,39.4141,39.3189,39.3002,39.3266,39.3319,39.3052,39.2701,39.3147,39.2424,39.2007,39.1737,39.1476,39.1258,39.1001,39.0779,39.0549,39.0336,39.0123,38.9926,38.9727,38.9543,38.9376,38.9204,38.9049,38.8899,38.8755,38.8624,38.8493,38.8373,38.8254,38.8142,38.8035,38.7935,38.784,38.7748,38.7661
