,0.393362,0.421925,0.443347,0.493333,0.521896,0.571882,0.593304,0.64329,0.671853,0.700416,0.764683,0.793246,0.82895,0.864654,0.900358,0.936062,0.978907,1.01699,1.05508,1.10268,1.15029,1.19789,1.2455,1.30262,1.35975,1.41688,1.474,1.53589,1.59302,1.66442,1.73583,1.80724,1.87865,1.96434,2.05003,2.13572,2.22141,2.32138,2.40707,2.52132,2.62129,2.73554,2.8498,2.96405,3.09258,3.22112,3.36393,3.49247,3.64957,3.79238,3.96376,4.12086,4.29224,4.4779,4.66356,4.8635,5.06344,5.26339,5.49189,5.7204,5.97747,6.23454,6.4916,6.74867,7.03431,7.3485,7.63413,7.97689,8.29109,8.66241,9.00517,9.40505,9.77637,10.2048,10.6333,11.0903,11.5473,12.0329,12.547,13.0611,13.6038,14.1751,14.7749,15.4033,16.0603,16.7172,17.4313,18.1454,18.9166,19.7164,20.5447,21.4016,22.3156,23.2296,24.2294,25.2291,26.1431,27.3142,28.5424,29.8277,31.1702,32.5698,34.0265,35.5689,37.1685,38.8537,40.5961,42.4241,44.3378,46.3373,48.4224,50.5932,52.8782,55.249,57.734,60.3332,63.0467,65.9031,68.8451,71.9585,75.1861,78.5851,82.127,85.8116,89.6676,93.6951,97.9224,100.008
1e-08,19.4642,16.9073,14.6834,13.4003,11.4945,10.433,10.3181,10.228,10.3189,10.678,11.4568,11.2371,10.6182,9.55613,7.46289,1.07336,0.464981,0.267048,0.16632,0.0995959,0.0636369,0.0427674,0.0299476,0.0204234,0.0145074,0.0106627,0.00806715,0.00615665,0.00488557,0.00375447,0.00295701,0.00237852,0.00194837,0.00156576,0.00128309,0.0010693,0.000904245,0.000755615,0.000655646,0.000550813,0.000478769,0.00041291,0.000360191,0.000317359,0.000278132,0.000246142,0.000217059,0.000195383,0.00017336,0.000156688,0.000139956,0.000127096,0.000115202,0.000104315,9.50842e-05,8.66203e-05,7.96299e-05,7.3365e-05,6.71997e-05,6.18968e-05,5.67645e-05,5.23484e-05,4.85153e-05,4.51624e-05,4.19023e-05,3.87827e-05,3.62975e-05,3.36795e-05,3.15709e-05,2.93766e-05,2.75909e-05,2.57499e-05,2.42367e-05,2.26875e-05,2.13159e-05,2.0017e-05,1.88612e-05,1.77656e-05,1.67314e-05,1.5807e-05,1.49326e-05,1.41079e-05,1.33318e-05,1.26031e-05,1.19198e-05,1.13051e-05,1.07034e-05,1.01614e-05,9.63321e-06,9.13951e-06,8.67796e-06,8.24635e-06,7.83024e-06,7.45355e-06,7.08045e-06,6.74247e-06,6.46021e-06,6.13099e-06,5.81957e-06,5.52556e-06,5.24834e-06,4.98725e-06,4.74156e-06,4.50632e-06,4.28566e-06,4.07529e-06,3.87834e-06,3.6911e-06,3.51343e-06,3.34513e-06,3.1859e-06,3.03544e-06,2.89163e-06,2.75613e-06,2.62705e-06,2.50434e-06,2.38787e-06,2.27641e-06,2.17196e-06,2.07138e-06,1.97647e-06,1.88548e-06,1.79916e-06,1.71736e-06,1.63936e-06,1.5651e-06,1.49406e-06,1.46135e-06
1.32e-08,19.706,16.9207,14.695,13.4136,11.5204,10.4941,10.3914,10.3403,10.4636,10.8709,11.6894,11.497,10.9462,10.0396,8.56597,1.87265,0.659714,0.365709,0.224373,0.13314,0.0846747,0.0567563,0.0396801,0.0270289,0.0191855,0.0140945,0.0106601,0.00813354,0.0064533,0.00495853,0.00390493,0.00314076,0.00257262,0.00206731,0.00169404,0.00141173,0.00119379,0.000997546,0.000865561,0.000727149,0.000632036,0.000545085,0.000475489,0.000418943,0.000367157,0.000324926,0.000286532,0.000257918,0.000228845,0.000206837,0.000184749,0.000167773,0.000152071,0.0001377,0.000125515,0.000114342,0.000105114,9.68443e-05,8.87058e-05,8.17058e-05,7.49309e-05,6.91014e-05,6.40416e-05,5.96157e-05,5.53122e-05,5.11943e-05,4.79136e-05,4.44578e-05,4.16743e-05,3.87778e-05,3.64206e-05,3.39903e-05,3.19929e-05,2.9948e-05,2.81374e-05,2.64228e-05,2.48971e-05,2.34509e-05,2.20857e-05,2.08655e-05,1.97113e-05,1.86225e-05,1.75983e-05,1.66363e-05,1.57343e-05,1.49229e-05,1.41287e-05,1.34131e-05,1.2716e-05,1.20643e-05,1.1455e-05,1.08853e-05,1.0336e-05,9.83879e-06,9.34629e-06,8.90015e-06,8.52757e-06,8.09298e-06,7.68193e-06,7.29382e-06,6.92788e-06,6.58324e-06,6.25892e-06,5.94839e-06,5.65712e-06,5.37943e-06,5.11947e-06,4.87228e-06,4.63777e-06,4.4156e-06,4.20545e-06,4.00682e-06,3.81699e-06,3.63811e-06,3.46773e-06,3.30575e-06,3.15202e-06,3.00488e-06,2.86702e-06,2.73424e-06,2.60896e-06,2.48885e-06,2.37491e-06,2.26693e-06,2.16396e-06,2.06595e-06,1.97218e-06,1.92899e-06
1.74e-08,19.9259,16.9336,14.7063,13.4266,11.5459,10.554,10.4631,10.4493,10.6032,11.0561,11.9043,11.7333,11.2349,10.4362,9.2515,7.0248,0.975783,0.50814,0.304773,0.178525,0.112814,0.0753494,0.052567,0.0357512,0.0253524,0.0186132,0.0140718,0.0107332,0.00851414,0.00654082,0.0051503,0.00414202,0.0033925,0.00272597,0.00223366,0.00186135,0.00157395,0.00131517,0.00114114,0.000958645,0.00083324,0.000718601,0.000626843,0.000552295,0.000484018,0.000428342,0.000377729,0.000340004,0.000301678,0.000272664,0.000243544,0.000221166,0.000200467,0.000181521,0.000165458,0.000150729,0.000138565,0.000127663,0.000116934,0.000107706,9.87756e-05,9.10907e-05,8.44208e-05,7.85864e-05,7.29134e-05,6.74849e-05,6.31604e-05,5.86047e-05,5.49355e-05,5.11173e-05,4.801e-05,4.48063e-05,4.21733e-05,3.94777e-05,3.70909e-05,3.48308e-05,3.28196e-05,3.09131e-05,2.91135e-05,2.7505e-05,2.59835e-05,2.45484e-05,2.31981e-05,2.193e-05,2.0741e-05,1.96714e-05,1.86245e-05,1.76813e-05,1.67622e-05,1.59032e-05,1.51001e-05,1.4349e-05,1.3625e-05,1.29695e-05,1.23203e-05,1.17322e-05,1.1241e-05,1.06682e-05,1.01263e-05,9.61469e-06,9.13235e-06,8.67804e-06,8.25052e-06,7.84119e-06,7.45723e-06,7.09118e-06,6.74846e-06,6.42264e-06,6.1135e-06,5.82066e-06,5.54361e-06,5.28178e-06,5.03155e-06,4.79576e-06,4.57117e-06,4.35764e-06,4.15498e-06,3.96102e-06,3.77929e-06,3.60426e-06,3.43912e-06,3.28079e-06,3.1306e-06,2.98827e-06,2.85254e-06,2.72333e-06,2.59972e-06,2.54279e-06
2.3e-08,20.1297,16.9464,14.7175,13.4396,11.5715,10.6137,10.5341,10.5567,10.7402,11.2368,12.1067,11.9533,11.4967,10.7783,9.77029,8.26376,1.61159,0.727901,0.420522,0.241628,0.151309,0.100564,0.0699535,0.0474752,0.0336224,0.0246642,0.0186358,0.0142083,0.0112676,0.00865393,0.00681301,0.00547848,0.00448668,0.00360485,0.00295361,0.00246118,0.00208108,0.00173886,0.00150873,0.0012674,0.00110159,0.000950015,0.000828694,0.000730131,0.000639863,0.000566258,0.000499341,0.000449468,0.000398801,0.000360443,0.00032195,0.000292366,0.000265001,0.000239955,0.00021872,0.000199251,0.00018317,0.000168758,0.000154575,0.000142377,0.000130571,0.000120412,0.000111595,0.000103882,9.63831e-05,8.92072e-05,8.34906e-05,7.74684e-05,7.26181e-05,6.75709e-05,6.34633e-05,5.92284e-05,5.57478e-05,5.21845e-05,4.90295e-05,4.60419e-05,4.33833e-05,4.08632e-05,3.84843e-05,3.63581e-05,3.43467e-05,3.24497e-05,3.06648e-05,2.89887e-05,2.74169e-05,2.6003e-05,2.46191e-05,2.33723e-05,2.21574e-05,2.10219e-05,1.99602e-05,1.89675e-05,1.80104e-05,1.71439e-05,1.62858e-05,1.55083e-05,1.48591e-05,1.41019e-05,1.33856e-05,1.27093e-05,1.20717e-05,1.14712e-05,1.09061e-05,1.0365e-05,9.85743e-06,9.37355e-06,8.92056e-06,8.48987e-06,8.08121e-06,7.69409e-06,7.32789e-06,6.9818e-06,6.65102e-06,6.33934e-06,6.04243e-06,5.76019e-06,5.49231e-06,5.23593e-06,4.9957e-06,4.76433e-06,4.54604e-06,4.33676e-06,4.13822e-06,3.95007e-06,3.77066e-06,3.59986e-06,3.43647e-06,3.36122e-06
3.04e-08,20.3172,16.9587,14.7284,13.4524,11.597,10.6725,10.604,10.6614,10.8733,11.4115,12.2964,12.157,11.7341,11.0773,10.1891,8.99016,6.06613,1.09824,0.591908,0.330076,0.204005,0.134659,0.0932969,0.0631362,0.0446356,0.0327062,0.0246934,0.0188161,0.0149162,0.0114524,0.00901393,0.00724708,0.00593432,0.00476739,0.00390579,0.00325438,0.00275163,0.00229903,0.00199469,0.00167558,0.00145633,0.00125591,0.00109551,0.000965196,0.000845855,0.000748543,0.000660081,0.000594147,0.000527166,0.000476459,0.000425572,0.000386462,0.00035029,0.000317183,0.000289112,0.000263374,0.000242117,0.000223067,0.00020432,0.000188196,0.00017259,0.000159162,0.000147506,0.000137312,0.000127399,0.000117914,0.000110357,0.000102397,9.5986e-05,8.93146e-05,8.38852e-05,7.82874e-05,7.36867e-05,6.89767e-05,6.48064e-05,6.08574e-05,5.73433e-05,5.40121e-05,5.08678e-05,4.80574e-05,4.53989e-05,4.28913e-05,4.05321e-05,3.83166e-05,3.6239e-05,3.43701e-05,3.2541e-05,3.08929e-05,2.92872e-05,2.77862e-05,2.63829e-05,2.50708e-05,2.38057e-05,2.26604e-05,2.1526e-05,2.04985e-05,1.96404e-05,1.86394e-05,1.76927e-05,1.67988e-05,1.5956e-05,1.51623e-05,1.44153e-05,1.37001e-05,1.30293e-05,1.23897e-05,1.17909e-05,1.12216e-05,1.06815e-05,1.01698e-05,9.68578e-06,9.22831e-06,8.79112e-06,8.37913e-06,7.98671e-06,7.61364e-06,7.25956e-06,6.92069e-06,6.60316e-06,6.29735e-06,6.00881e-06,5.73219e-06,5.46977e-06,5.22108e-06,4.98393e-06,4.75819e-06,4.54221e-06,4.44275e-06
4.01e-08,20.4893,16.9707,14.739,13.4648,11.6221,10.7301,10.6722,10.7631,11.0019,11.5797,12.4737,12.3457,11.9501,11.3416,10.5396,9.51994,7.73706,1.90452,0.860467,0.456195,0.276527,0.180767,0.124556,0.0839632,0.0592209,0.0433284,0.0326802,0.0248833,0.0197162,0.015131,0.0119056,0.00956972,0.00783488,0.00629328,0.0051553,0.00429511,0.00363133,0.00303384,0.00263211,0.00221093,0.00192156,0.00165707,0.00144539,0.00127343,0.00111596,0.000987559,0.000870836,0.000783842,0.000695466,0.000628567,0.00056143,0.000509832,0.000462107,0.000418429,0.000381397,0.000347441,0.000319399,0.000294266,0.000269535,0.000248263,0.000227675,0.000209961,0.000194585,0.000181137,0.000168059,0.000155546,0.000145578,0.000135077,0.00012662,0.000117819,0.000110657,0.000103273,9.7203e-05,9.09899e-05,8.54886e-05,8.02793e-05,7.56435e-05,7.12492e-05,6.71015e-05,6.33942e-05,5.9887e-05,5.65793e-05,5.34671e-05,5.05445e-05,4.7804e-05,4.53386e-05,4.29257e-05,4.07516e-05,3.86334e-05,3.66535e-05,3.48024e-05,3.30715e-05,3.14026e-05,2.98919e-05,2.83955e-05,2.70401e-05,2.5908e-05,2.45877e-05,2.33388e-05,2.21597e-05,2.1048e-05,2.00009e-05,1.90155e-05,1.80721e-05,1.71871e-05,1.63435e-05,1.55536e-05,1.48027e-05,1.40901e-05,1.34152e-05,1.27767e-05,1.21732e-05,1.15965e-05,1.10531e-05,1.05354e-05,1.00433e-05,9.57621e-06,9.1292e-06,8.71035e-06,8.30694e-06,7.92633e-06,7.56142e-06,7.21526e-06,6.88722e-06,6.57439e-06,6.27659e-06,5.99171e-06,5.8605e-06
5.29e-08,20.6489,16.9823,14.7494,13.4771,11.647,10.7869,10.7393,10.8626,11.1274,11.743,12.6412,12.5226,12.1495,11.58,10.8438,9.94404,8.55444,6.36103,1.34504,0.644827,0.379013,0.244273,0.167016,0.111984,0.0787328,0.0574876,0.0433014,0.0329374,0.0260808,0.0200037,0.0157331,0.0126424,0.0103482,0.0083103,0.00680656,0.00567019,0.00479346,0.00400441,0.00347396,0.00291788,0.00253588,0.00218674,0.00190734,0.00168038,0.00147255,0.00130309,0.00114905,0.00103425,0.000917626,0.000829345,0.000740755,0.000672669,0.000609698,0.000552066,0.000503201,0.000458399,0.000421398,0.000388238,0.000355605,0.000327539,0.000300377,0.000277005,0.000256719,0.000238974,0.000221722,0.000205213,0.000192061,0.000178206,0.000167049,0.000155438,0.000145988,0.000136246,0.000128238,0.000120041,0.000112784,0.00010591,9.97953e-05,9.39971e-05,8.85249e-05,8.3634e-05,7.90075e-05,7.46431e-05,7.05375e-05,6.66817e-05,6.30661e-05,5.98135e-05,5.66303e-05,5.3762e-05,5.09679e-05,4.83555e-05,4.59136e-05,4.36299e-05,4.14283e-05,3.94352e-05,3.74611e-05,3.56729e-05,3.41794e-05,3.24375e-05,3.079e-05,2.92344e-05,2.77677e-05,2.63863e-05,2.50863e-05,2.38417e-05,2.26742e-05,2.15612e-05,2.05192e-05,1.95285e-05,1.85885e-05,1.76981e-05,1.68557e-05,1.60596e-05,1.52987e-05,1.45818e-05,1.38989e-05,1.32496e-05,1.26334e-05,1.20437e-05,1.14911e-05,1.0959e-05,1.04568e-05,9.97542e-06,9.51874e-06,9.08597e-06,8.67326e-06,8.2804e-06,7.90457e-06,7.73147e-06
6.98e-08,20.7974,16.9937,14.7596,13.4893,11.6718,10.843,10.8055,10.9602,11.2499,11.9018,12.8002,12.6891,12.335,11.7974,11.1129,10.2996,9.1289,7.74315,2.87208,0.949166,0.528507,0.333301,0.225347,0.149962,0.104973,0.0764371,0.0574699,0.0436559,0.0345377,0.0264695,0.020807,0.0167128,0.0136757,0.0109796,0.00899096,0.00748874,0.00633002,0.00528748,0.0045867,0.00385217,0.00334768,0.00288662,0.00251768,0.00221802,0.00194362,0.00171991,0.00151655,0.00136501,0.00121107,0.00109454,0.000977604,0.000887741,0.000804623,0.000728558,0.000664067,0.000604938,0.000556103,0.00051234,0.000469273,0.000432233,0.000396386,0.000365542,0.000338771,0.000315353,0.000292586,0.0002708,0.000253443,0.000235161,0.000220436,0.000205114,0.000192644,0.000179787,0.000169221,0.000158404,0.000148826,0.000139757,0.000131686,0.000124036,0.000116815,0.00011036,0.000104255,9.84967e-05,9.30786e-05,8.79906e-05,8.32196e-05,7.89275e-05,7.47268e-05,7.09422e-05,6.72544e-05,6.38078e-05,6.0585e-05,5.7572e-05,5.46668e-05,5.20367e-05,4.94318e-05,4.70722e-05,4.51014e-05,4.28029e-05,4.06287e-05,3.8576e-05,3.66408e-05,3.48177e-05,3.31025e-05,3.14601e-05,2.99196e-05,2.84509e-05,2.7076e-05,2.57686e-05,2.45283e-05,2.33533e-05,2.22417e-05,2.11913e-05,2.01872e-05,1.92412e-05,1.83401e-05,1.74834e-05,1.66702e-05,1.58921e-05,1.5163e-05,1.44607e-05,1.37982e-05,1.3163e-05,1.25603e-05,1.19893e-05,1.14447e-05,1.09262e-05,1.04304e-05,1.0202e-05
9.22e-08,20.9364,17.0048,14.7697,13.5013,11.6966,10.8987,10.8709,11.0561,11.3702,12.0568,12.9518,12.847,12.5088,11.9979,11.3552,10.6075,9.57986,8.50779,6.88644,1.53434,0.759555,0.46193,0.307068,0.202142,0.140633,0.102015,0.0765109,0.058014,0.0458428,0.0350968,0.0275683,0.0221317,0.0181026,0.0145284,0.0118938,0.00990445,0.00837061,0.00699091,0.00606375,0.00509217,0.0044249,0.00381523,0.00332741,0.00293123,0.00256849,0.00227276,0.00200398,0.00180368,0.00160022,0.00144622,0.00129169,0.00117293,0.0010631,0.000962583,0.000877364,0.000799234,0.000734708,0.000676882,0.000619981,0.00057104,0.000523678,0.000482925,0.000447554,0.000416616,0.000386535,0.000357751,0.000334822,0.000310667,0.000291213,0.00027097,0.000254496,0.00023751,0.000223551,0.00020926,0.000196607,0.000184626,0.000173964,0.000163857,0.000154317,0.000145791,0.000137725,0.000130118,0.00012296,0.000116238,0.000109935,0.000104266,9.87163e-05,9.37162e-05,8.8845e-05,8.42914e-05,8.00345e-05,7.60535e-05,7.22156e-05,6.87412e-05,6.53001e-05,6.21831e-05,5.95798e-05,5.65431e-05,5.36713e-05,5.09596e-05,4.84029e-05,4.59948e-05,4.37287e-05,4.15592e-05,3.95241e-05,3.75838e-05,3.57677e-05,3.40406e-05,3.24021e-05,3.08498e-05,2.93816e-05,2.79938e-05,2.66675e-05,2.54177e-05,2.42273e-05,2.30957e-05,2.20216e-05,2.09935e-05,2.00303e-05,1.91027e-05,1.82274e-05,1.73883e-05,1.65922e-05,1.58378e-05,1.51185e-05,1.44336e-05,1.37786e-05,1.34768e-05
1.22e-07,21.067,17.0156,14.7796,13.5132,11.7214,10.954,10.9358,11.1508,11.4885,12.2087,13.0971,12.9975,12.6729,12.1845,11.5762,10.8802,9.95442,9.0604,7.928,4.57022,1.15738,0.656828,0.424786,0.275128,0.189728,0.136898,0.10232,0.07739,0.0610555,0.0466772,0.036628,0.0293833,0.0240209,0.0192688,0.0157688,0.0131277,0.0110923,0.00926209,0.00803266,0.00674459,0.00586024,0.00505228,0.00440598,0.00388111,0.00340063,0.00300894,0.00265298,0.00238773,0.00211832,0.0019144,0.00170979,0.00155257,0.00140715,0.00127409,0.00116127,0.00105784,0.000972424,0.000895878,0.000820556,0.000755775,0.000693083,0.000639142,0.000592326,0.000551376,0.000511561,0.000473464,0.000443116,0.000411146,0.000385398,0.000358606,0.000336803,0.000314323,0.000295848,0.000276935,0.000260189,0.000244332,0.000230221,0.000216846,0.000204221,0.000192936,0.000182262,0.000172194,0.000162722,0.000153826,0.000145484,0.000137981,0.000130637,0.00012402,0.000117574,0.000111547,0.000105914,0.000100646,9.55669e-05,9.0969e-05,8.64148e-05,8.22894e-05,7.88442e-05,7.48261e-05,7.10253e-05,6.74368e-05,6.40535e-05,6.08669e-05,5.7868e-05,5.49968e-05,5.23038e-05,4.97361e-05,4.73324e-05,4.50472e-05,4.28787e-05,4.08247e-05,3.88815e-05,3.70451e-05,3.52899e-05,3.36361e-05,3.20609e-05,3.05632e-05,2.91418e-05,2.77815e-05,2.65068e-05,2.52792e-05,2.41208e-05,2.30104e-05,2.1957e-05,2.09586e-05,2.00067e-05,1.91005e-05,1.82335e-05,1.78342e-05
1.61e-07,21.188,17.0261,14.7892,13.5248,11.7459,11.0081,10.9991,11.2429,11.6032,12.3551,13.2345,13.1391,12.8258,12.3564,11.7764,11.1215,10.2713,9.49286,8.58552,7.00197,2.06458,0.971032,0.598045,0.377647,0.257093,0.184119,0.136962,0.103239,0.0812718,0.0620144,0.0485983,0.0389483,0.0318173,0.0255063,0.0208632,0.0173624,0.0146662,0.0122431,0.0106161,0.00891205,0.00774247,0.00667422,0.00581981,0.00512612,0.00449115,0.00397359,0.0035033,0.00315288,0.00279703,0.00252768,0.00225744,0.00204979,0.00185776,0.00168204,0.00153307,0.0013965,0.00128371,0.00118264,0.00108319,0.000997668,0.000914897,0.000843684,0.000781877,0.000727816,0.000675255,0.000624963,0.000584899,0.000542696,0.000508707,0.00047334,0.000444558,0.000414885,0.000390498,0.000365531,0.000343427,0.000322496,0.00030387,0.000286215,0.000269549,0.000254654,0.000240564,0.000227275,0.000214772,0.000203031,0.000192021,0.000182117,0.000172424,0.00016369,0.000155181,0.000147227,0.000139791,0.000132838,0.000126134,0.000120065,0.000114055,0.00010861,0.000104063,9.87589e-05,9.37425e-05,8.90058e-05,8.45403e-05,8.03345e-05,7.63765e-05,7.2587e-05,6.90323e-05,6.56435e-05,6.24711e-05,5.94547e-05,5.65927e-05,5.38818e-05,5.1317e-05,4.88933e-05,4.65767e-05,4.4394e-05,4.23147e-05,4.03381e-05,3.84621e-05,3.66667e-05,3.49843e-05,3.33641e-05,3.18353e-05,3.03697e-05,2.89794e-05,2.76617e-05,2.64053e-05,2.52092e-05,2.40649e-05,2.3538e-05
2.12e-07,21.3007,17.0362,14.7986,13.5362,11.77,11.0611,11.061,11.3326,11.7147,12.4967,13.3649,13.2729,12.9693,12.5159,11.9596,11.3381,10.5465,9.84998,9.07678,7.90766,5.90353,1.57567,0.870185,0.526122,0.351194,0.24879,0.183836,0.137921,0.108254,0.0823904,0.0644507,0.0515862,0.042101,0.0337213,0.0275652,0.0229286,0.0193606,0.0161564,0.014006,0.0117549,0.0102104,0.00880019,0.00767263,0.00675736,0.00591973,0.0052371,0.0046169,0.00415488,0.00368568,0.00333059,0.00297439,0.00270068,0.00244759,0.002216,0.00201968,0.00183972,0.0016911,0.00155793,0.00142689,0.0013142,0.00120515,0.00111133,0.0010299,0.000958679,0.000889436,0.000823182,0.000770404,0.00071481,0.000670036,0.000623447,0.000585533,0.000546446,0.000514324,0.000481438,0.000452321,0.000424751,0.000400218,0.000376963,0.000355012,0.000335394,0.000316835,0.000299332,0.000282863,0.000267399,0.000252898,0.000239853,0.000227087,0.000215583,0.000204376,0.0001939,0.000184106,0.000174949,0.000166119,0.000158126,0.00015021,0.000143039,0.00013705,0.000130065,0.000123458,0.00011722,0.000111339,0.0001058,0.000100587,9.55958e-05,9.09146e-05,8.64514e-05,8.22733e-05,7.83007e-05,7.45314e-05,7.0961e-05,6.75833e-05,6.43912e-05,6.13404e-05,5.84657e-05,5.57274e-05,5.31242e-05,5.06535e-05,4.82889e-05,4.60733e-05,4.39394e-05,4.19261e-05,3.99958e-05,3.81647e-05,3.64296e-05,3.47748e-05,3.31996e-05,3.16927e-05,3.09987e-05
2.8e-07,21.4078,17.0462,14.8079,13.5476,11.7944,11.114,11.1228,11.4217,11.8252,12.6363,13.4914,13.4021,13.1067,12.6673,12.1315,11.5382,10.794,10.16,9.47862,8.52251,7.25646,4.40939,1.37206,0.757874,0.489253,0.340818,0.249363,0.185819,0.145241,0.110145,0.0859492,0.0686719,0.0559717,0.0447789,0.0365726,0.0304009,0.025657,0.0214007,0.0185464,0.0155603,0.0135126,0.0116438,0.0101501,0.00893794,0.00782895,0.00692539,0.00610461,0.00549328,0.00487253,0.00440283,0.00393168,0.00356973,0.00323505,0.00292882,0.00266926,0.00243132,0.00223484,0.00205879,0.00188558,0.00173663,0.00159248,0.00146848,0.00136086,0.00126673,0.00117522,0.00108766,0.00101791,0.000944447,0.00088528,0.000823717,0.000773617,0.000721968,0.00067952,0.000636066,0.000597594,0.000561166,0.00052875,0.000498023,0.000469021,0.000443099,0.000418579,0.000395453,0.000373695,0.000353263,0.000334104,0.00031687,0.000300002,0.000284805,0.000269998,0.000256158,0.000243219,0.00023112,0.000219456,0.000208896,0.000198437,0.000188963,0.000181052,0.000171823,0.000163095,0.000154854,0.000147084,0.000139766,0.000132879,0.000126286,0.000120102,0.000114206,0.000108686,0.000103438,9.84587e-05,9.37418e-05,8.92797e-05,8.50627e-05,8.10325e-05,7.72349e-05,7.36173e-05,7.01784e-05,6.69145e-05,6.37908e-05,6.08638e-05,5.80449e-05,5.53852e-05,5.28354e-05,5.04164e-05,4.81241e-05,4.59381e-05,4.38573e-05,4.18666e-05,4.09497e-05
3.69e-07,21.5078,17.0559,14.817,13.5587,11.8184,11.1659,11.1833,11.5087,11.9328,12.7715,13.6119,13.5247,13.2364,12.809,12.2905,11.7209,11.0154,10.43,9.81482,8.99001,8.00203,6.65218,2.93429,1.15242,0.698005,0.47313,0.341022,0.251634,0.195523,0.147539,0.114739,0.091454,0.0744088,0.0594361,0.0484875,0.0402699,0.0339628,0.0283111,0.0245248,0.0205669,0.0178549,0.0153811,0.0134048,0.0118017,0.0103355,0.00914133,0.00805683,0.00724922,0.00642936,0.00580912,0.00518705,0.00470922,0.00426743,0.00386326,0.0035207,0.00320673,0.00294746,0.00271519,0.00248667,0.00229015,0.00210001,0.00193642,0.00179448,0.00167033,0.00154962,0.00143414,0.00134215,0.00124527,0.00116724,0.00108605,0.00101998,0.000951873,0.0008959,0.000838601,0.000787871,0.000739836,0.000697093,0.000656579,0.000618338,0.000584161,0.000551831,0.00052134,0.000492653,0.000465713,0.000440454,0.000417731,0.000395493,0.000375457,0.000355936,0.000337689,0.000320631,0.00030468,0.000289302,0.000275381,0.000261592,0.000249103,0.000238672,0.000226506,0.000215,0.000204135,0.000193892,0.000184245,0.000175167,0.000166475,0.000158322,0.000150549,0.000143273,0.000136355,0.00012979,0.000123572,0.00011769,0.000112131,0.000106818,0.000101812,9.70434e-05,9.251e-05,8.82073e-05,8.40896e-05,8.02311e-05,7.65151e-05,7.3009e-05,6.96477e-05,6.64591e-05,6.34374e-05,6.05556e-05,5.78127e-05,5.51885e-05,5.39799e-05
4.88e-07,21.6033,17.0654,14.826,13.5699,11.8427,11.2179,11.2438,11.5953,12.0398,12.905,13.7293,13.6437,13.3615,12.9446,12.4414,11.8923,11.2194,10.6739,10.1101,9.3771,8.54446,7.55306,6.16469,2.08557,1.05223,0.677309,0.476014,0.345905,0.266408,0.199573,0.154456,0.122695,0.0995812,0.0793712,0.0646477,0.0536268,0.0451858,0.0376347,0.0325829,0.0273081,0.0236972,0.020406,0.0177784,0.0156482,0.0137009,0.0121154,0.0106761,0.00960458,0.00851713,0.00769463,0.00686986,0.00623644,0.00565092,0.00511533,0.00466144,0.00424547,0.00390202,0.00359435,0.00329167,0.00303144,0.00277963,0.00256302,0.00237505,0.00221067,0.00205087,0.00189798,0.00177622,0.00164795,0.00154466,0.00143719,0.00134974,0.00125959,0.00118551,0.00110967,0.00104253,0.000978957,0.000922393,0.000868773,0.000818168,0.000772935,0.000730153,0.000689806,0.000651838,0.00061619,0.000582767,0.000552699,0.000523273,0.00049676,0.00047093,0.000446785,0.000424214,0.000403108,0.00038276,0.00036434,0.000346096,0.000329571,0.00031577,0.000299673,0.000284449,0.000270074,0.000256522,0.000243758,0.000231746,0.000220246,0.000209459,0.000199176,0.000189549,0.000180395,0.000171711,0.000163484,0.000155702,0.000148347,0.000141318,0.000134695,0.000128385,0.000122388,0.000116695,0.000111247,0.000106143,0.000101227,9.6588e-05,9.2141e-05,8.79225e-05,8.39247e-05,8.01124e-05,7.64834e-05,7.30117e-05,7.14127e-05
6.44e-07,21.6928,17.0746,14.8348,13.5808,11.8668,11.2689,11.3031,11.68,12.1442,13.0342,13.8414,13.757,13.48,13.0722,12.5822,12.0506,11.4052,10.8925,10.3693,9.70395,8.96968,8.15146,7.18422,5.4099,1.80217,1.01518,0.68111,0.482498,0.366584,0.271688,0.208816,0.165088,0.133531,0.106115,0.0862435,0.0714249,0.060107,0.0500059,0.0432604,0.0362278,0.0314198,0.027042,0.0235502,0.0207213,0.0181368,0.0160338,0.0141255,0.0127054,0.0112647,0.0101754,0.0090834,0.00824493,0.00747,0.00676133,0.00616085,0.0056106,0.00515637,0.0047495,0.00434928,0.00400521,0.00367232,0.00338599,0.00313755,0.00292028,0.0027091,0.00250706,0.00234614,0.00217667,0.00204018,0.0018982,0.00178266,0.00166356,0.00156568,0.0014655,0.0013768,0.00129283,0.0012181,0.00114728,0.00108043,0.0010207,0.000964188,0.000910895,0.000860758,0.000813675,0.000769528,0.000729818,0.000690959,0.000655945,0.000621828,0.000589944,0.000560137,0.000532268,0.000505396,0.000481071,0.000456981,0.000435158,0.000416935,0.000395679,0.000375573,0.000356594,0.000338699,0.000321844,0.000305983,0.000290798,0.000276556,0.000262976,0.000250266,0.000238179,0.000226711,0.00021585,0.000205575,0.000195864,0.000186582,0.000177838,0.000169507,0.000161588,0.000154071,0.000146879,0.000140139,0.000133648,0.000127524,0.000121653,0.000116082,0.000110804,0.000105771,0.00010098,9.63956e-05,9.42843e-05
8.5e-07,21.7774,17.0836,14.8434,13.5916,11.8908,11.3193,11.3617,11.7634,12.2468,13.1605,13.9497,13.8661,13.5935,13.1936,12.7151,12.1988,11.5771,11.0922,10.6028,9.99077,9.32444,8.60976,7.82755,6.69852,4.81324,1.72077,1.02557,0.692671,0.514233,0.374744,0.285046,0.223797,0.180135,0.142553,0.11551,0.095449,0.0801865,0.0666084,0.0575635,0.0481531,0.041731,0.0358916,0.0312394,0.0274741,0.0240371,0.0212424,0.0187081,0.0168232,0.0149118,0.0134672,0.0120195,0.0109083,0.00988165,0.00894296,0.00814777,0.00741928,0.00681796,0.00627948,0.00574988,0.00529461,0.00485423,0.00447547,0.00414687,0.00385952,0.00358025,0.00331308,0.00310032,0.00287625,0.00269581,0.00250811,0.00235538,0.00219796,0.00206859,0.00193618,0.00181896,0.00170798,0.00160923,0.00151564,0.00142731,0.00134836,0.00127369,0.00120328,0.00113703,0.00107482,0.0010165,0.000964031,0.000912691,0.000866429,0.000821366,0.000779242,0.000739863,0.000703046,0.000667548,0.000635414,0.000603587,0.000574763,0.000550687,0.00052261,0.000496054,0.000470981,0.000447343,0.000425081,0.000404131,0.000384072,0.000365259,0.000347324,0.000330535,0.00031457,0.000299424,0.000285078,0.000271505,0.00025868,0.00024642,0.00023487,0.000223868,0.000213409,0.000203481,0.000193982,0.000185081,0.000176507,0.000168419,0.000160664,0.000153307,0.000146336,0.000139688,0.000133361,0.000127307,0.000124518
1.12e-06,21.8572,17.0923,14.8519,13.6023,11.9146,11.3689,11.4192,11.845,12.3472,13.283,14.0537,13.9705,13.7016,13.3086,12.8402,12.3373,11.7361,11.2752,10.8147,10.2473,9.62949,8.9819,8.30495,7.4141,6.32765,4.50356,1.75414,1.04666,0.743562,0.526437,0.393904,0.306051,0.244589,0.192406,0.155247,0.127886,0.107183,0.0888462,0.0766735,0.0640443,0.0554463,0.0476431,0.0414365,0.0364196,0.0318453,0.0281295,0.0247629,0.0222606,0.0197248,0.0178093,0.0158907,0.0144186,0.0130591,0.0118164,0.0107641,0.00980029,0.00900488,0.00829277,0.00759255,0.00699073,0.00640867,0.00590815,0.00547397,0.00509435,0.00472543,0.00437256,0.00409155,0.00379564,0.00355739,0.00330955,0.0031079,0.00290007,0.0027293,0.00255451,0.00239978,0.0022533,0.00212297,0.00199945,0.00188288,0.0017787,0.00168017,0.00158725,0.00149983,0.00141776,0.0013408,0.00127158,0.00120384,0.00114281,0.00108335,0.00102778,0.00097583,0.000927258,0.000880433,0.000838041,0.000796061,0.000758038,0.000726282,0.000689244,0.000654217,0.000621143,0.000589964,0.000560601,0.000532968,0.000506513,0.000481701,0.000458045,0.000435899,0.000414845,0.00039487,0.000375947,0.000358046,0.00034113,0.000324965,0.000309731,0.000295221,0.000281427,0.000268335,0.000255806,0.000244067,0.000232761,0.000222094,0.000211868,0.000202166,0.000192973,0.000184206,0.000175861,0.000167877,0.0001642
1.48e-06,21.9336,17.1009,14.8603,13.6129,11.9387,11.4185,11.4767,11.9264,12.4469,13.4039,14.1552,14.0723,13.8065,13.4196,12.9602,12.4692,11.8863,11.4469,11.0129,10.4866,9.90428,9.30162,8.6929,7.93188,7.09773,6.09668,4.52262,1.83759,1.1523,0.769109,0.558947,0.426863,0.337355,0.262996,0.210887,0.172939,0.144455,0.119386,0.102825,0.0857122,0.0741007,0.0635902,0.0552488,0.0485186,0.0423914,0.0374211,0.0329229,0.029583,0.026201,0.0236484,0.0210932,0.0191339,0.0173252,0.0156729,0.0142742,0.0129935,0.011937,0.0109914,0.0100618,0.00926312,0.00849081,0.00782682,0.00725094,0.00674753,0.00625836,0.00579055,0.00541807,0.00502587,0.00471013,0.00438172,0.00411455,0.00383921,0.00361298,0.00338144,0.00317651,0.0029825,0.0028099,0.00264633,0.00249196,0.00235403,0.00222356,0.00210054,0.00198481,0.00187615,0.00177427,0.00168264,0.00159297,0.00151218,0.00143348,0.00135993,0.00129117,0.00122689,0.00116491,0.00110882,0.00105325,0.00100293,0.000960912,0.000911901,0.000865544,0.000821782,0.000780523,0.000741669,0.000705105,0.0006701,0.000637269,0.000605968,0.000576667,0.00054881,0.00052238,0.000497345,0.000473661,0.000451281,0.000429892,0.000409739,0.000390541,0.000372292,0.000354972,0.000338397,0.000322866,0.000307909,0.000293796,0.000280266,0.000267433,0.000255271,0.000243673,0.000232633,0.000222071,0.000217207
1.95e-06,22.0056,17.1092,14.8685,13.6233,11.9624,11.4671,11.5329,12.0057,12.5442,13.5207,14.2525,14.1695,13.9063,13.5247,13.0733,12.5927,12.0259,11.606,11.1969,10.7122,10.1543,9.57872,9.01543,8.33498,7.62786,6.86329,5.96946,4.56061,2.17449,1.20388,0.82304,0.60956,0.472823,0.363425,0.288704,0.235199,0.195511,0.160903,0.138201,0.114873,0.0991187,0.0849098,0.0736681,0.06462,0.0564,0.0497442,0.0437301,0.0392705,0.0347598,0.0313586,0.0279571,0.0253509,0.0229466,0.0207515,0.0188944,0.0171949,0.0157932,0.0145394,0.0133072,0.0122488,0.0112257,0.0103464,0.00958392,0.00891755,0.00827016,0.00765115,0.00715837,0.00663959,0.00622201,0.00578773,0.00543448,0.00507047,0.00477141,0.00446539,0.00419454,0.00393816,0.00371009,0.00349397,0.00329003,0.0031078,0.00293546,0.00277296,0.0026201,0.00247658,0.00234203,0.00222102,0.00210261,0.00199593,0.00189202,0.0017949,0.00170412,0.00161924,0.00153742,0.00146336,0.00139001,0.00132358,0.00126811,0.00120341,0.00114222,0.00108445,0.00103,0.000978711,0.000930449,0.000884247,0.000840916,0.000799606,0.000760934,0.000724169,0.000689288,0.00065625,0.000624994,0.000595459,0.000567233,0.000540637,0.000515304,0.000491221,0.000468365,0.000446494,0.000425999,0.000406261,0.000387639,0.000369787,0.000352852,0.000336804,0.000321501,0.000306934,0.000292998,0.00028658
2.58e-06,22.0754,17.1174,14.8766,13.6338,11.9865,11.5159,11.5893,12.0852,12.6414,13.6365,14.3482,14.2649,14.0039,13.627,13.1827,12.7116,12.1596,11.7582,11.375,10.94,10.3966,9.83148,9.29879,8.67374,8.04532,7.39957,6.71354,5.89131,4.86782,2.45425,1.33724,0.920935,0.689142,0.516573,0.404019,0.32573,0.26876,0.219794,0.188017,0.155632,0.133914,0.114429,0.0990816,0.086772,0.0756225,0.0666179,0.0584993,0.0524903,0.046422,0.0418527,0.0372885,0.0337954,0.0305758,0.0276388,0.0251558,0.0228851,0.0210133,0.0193399,0.0176963,0.0162851,0.0149216,0.0137501,0.0127346,0.0118474,0.0109856,0.0101619,0.00950632,0.00881629,0.00826098,0.00768358,0.00721398,0.00673015,0.00633275,0.00592612,0.00556628,0.00522571,0.00492278,0.00463574,0.00436493,0.00412296,0.00389414,0.0036784,0.00347548,0.00328498,0.00310639,0.00294579,0.00278864,0.00264708,0.00250919,0.00238032,0.00225987,0.00214726,0.00203871,0.00194045,0.00184315,0.00175503,0.00168144,0.00159563,0.00151447,0.00143785,0.00136562,0.0012976,0.0012336,0.00117233,0.00111486,0.00106008,0.0010088,0.000960045,0.000913793,0.000869983,0.000828541,0.000789379,0.000751954,0.00071669,0.000683101,0.000651172,0.000620869,0.000591872,0.0005647,0.000538533,0.000513845,0.000490177,0.000467726,0.000446452,0.000426163,0.000406852,0.000388379,0.000379871
3.4e-06,22.1412,17.1254,14.8845,13.6441,12.0102,11.5635,11.6444,12.1625,12.7359,13.7479,14.4397,14.3559,14.0967,13.7239,13.2858,12.8232,12.2845,11.9007,11.5456,11.1787,10.6376,10.0614,9.54613,8.95938,8.383,7.80757,7.22295,6.58658,5.91643,4.8885,3.06628,1.57172,1.06884,0.761036,0.578934,0.458618,0.373944,0.302871,0.257514,0.211872,0.181577,0.154605,0.133494,0.116647,0.101452,0.0892234,0.0782322,0.0701174,0.0619404,0.055795,0.0496667,0.0449834,0.0406721,0.0367437,0.033426,0.0303947,0.0278974,0.0256669,0.0234774,0.0215987,0.0197844,0.0182264,0.0168765,0.0156975,0.0145529,0.0134591,0.0125889,0.0116732,0.0109365,0.0101707,0.00954798,0.00890654,0.00837979,0.00784091,0.00736413,0.00691294,0.00651169,0.00613155,0.00577293,0.00545255,0.00514963,0.00486404,0.00459546,0.00434334,0.00410702,0.00389449,0.00368658,0.00349929,0.00331687,0.00314641,0.00298708,0.00283814,0.00269458,0.00256464,0.00243597,0.00231944,0.00222214,0.00210867,0.00200137,0.00190007,0.00180459,0.00171467,0.00163006,0.00154906,0.00147311,0.0014007,0.00133292,0.00126848,0.00120735,0.00114945,0.00109468,0.00104293,0.000993468,0.000946867,0.000902483,0.00086029,0.000820247,0.00078193,0.000746026,0.00071145,0.00067883,0.000647559,0.000617895,0.000589784,0.00056298,0.000537466,0.000513057,0.000501817
4.49e-06,22.2041,17.1331,14.8924,13.6543,12.034,11.611,11.6992,12.2394,12.8298,13.8576,14.5292,14.4448,14.1869,13.8177,13.3853,12.9304,12.4041,12.0382,11.717,11.4641,10.9057,10.2822,9.77134,9.21152,8.67238,8.14418,7.62095,7.07965,6.53989,5.82391,4.99575,3.82063,2.05965,1.23194,0.877757,0.671874,0.536298,0.427224,0.359662,0.293112,0.249667,0.211446,0.18182,0.158354,0.13732,0.120482,0.105414,0.0943303,0.0831956,0.0748501,0.0665473,0.0602152,0.0543961,0.0491025,0.044638,0.040564,0.0372107,0.0342191,0.0312852,0.0287698,0.0263424,0.0242595,0.0224558,0.0208814,0.0193536,0.0178944,0.0167339,0.0155133,0.0145316,0.0135114,0.0126822,0.0118283,0.0111273,0.0104103,0.00977603,0.00917598,0.00864246,0.00813709,0.00766043,0.00723467,0.00683216,0.00645276,0.00609599,0.00576114,0.00544731,0.00516512,0.00488907,0.00464043,0.0043983,0.00417204,0.0039606,0.00376294,0.00357244,0.00340004,0.00322933,0.00307474,0.00294567,0.00279516,0.00265283,0.00251849,0.00239185,0.0022726,0.00216041,0.00205301,0.00195229,0.00185628,0.00176642,0.00168099,0.00159995,0.0015232,0.00145059,0.00138199,0.00131643,0.00125466,0.00119583,0.0011399,0.00108683,0.00103605,0.000988465,0.000942642,0.000899411,0.000857969,0.000818658,0.000781408,0.000745887,0.000712077,0.000679733,0.000664838
5.93e-06,22.2641,17.1407,14.9001,13.6644,12.0579,11.6581,11.7536,12.3153,12.9224,13.9647,14.6161,14.5309,14.2742,13.9081,13.4807,13.0328,12.5184,12.1711,11.8934,11.8901,11.2591,10.5026,9.97894,9.43642,8.92446,8.42971,7.94728,7.46365,6.992,6.39996,5.78825,5.12319,4.32357,2.79142,1.53384,1.06477,0.810269,0.625207,0.517106,0.414599,0.349618,0.293602,0.250864,0.217408,0.187705,0.164117,0.143147,0.127803,0.112459,0.101003,0.0896439,0.0810065,0.0730884,0.0659012,0.0598519,0.0543413,0.0498111,0.0457763,0.0418242,0.0384396,0.0351769,0.0323798,0.0299598,0.027849,0.025802,0.0238482,0.0222952,0.0206627,0.0193505,0.0179874,0.0168799,0.0157399,0.0148043,0.0138478,0.0130019,0.0122019,0.0114908,0.0108174,0.0101824,0.00961532,0.00907934,0.00857423,0.00809935,0.00765372,0.00723614,0.00686071,0.00649352,0.00616284,0.00584085,0.00554001,0.0052589,0.00499616,0.00474295,0.00451382,0.00428697,0.00408155,0.00391006,0.0037101,0.00352103,0.00334257,0.00317436,0.00301599,0.00286699,0.00272437,0.00259064,0.00246316,0.00234385,0.00223044,0.00212285,0.00202095,0.00192458,0.00183351,0.0017465,0.00166451,0.00158643,0.00151222,0.00144179,0.00137439,0.00131125,0.00125044,0.00119308,0.00113809,0.00108593,0.0010365,0.000989373,0.000944515,0.000901604,0.000881843
7.83e-06,22.3214,17.1481,14.9077,13.6744,12.0819,11.7047,11.8073,12.3903,13.0137,14.0693,14.7006,14.6145,14.3586,13.9952,13.5723,13.1309,12.6277,12.3007,12.0832,13.2158,12.132,10.7385,10.1745,9.63994,9.14786,8.67769,8.22408,7.77906,7.34909,6.82383,6.30535,5.7836,5.24291,4.52602,3.60081,2.20679,1.39755,0.987315,0.784802,0.609444,0.504707,0.417696,0.353092,0.303571,0.260303,0.22638,0.196532,0.174871,0.153356,0.137388,0.121632,0.109703,0.0988067,0.0889481,0.0806739,0.0731551,0.0669851,0.0615025,0.0561415,0.0515577,0.0471454,0.0433678,0.0401033,0.0372588,0.0345028,0.0318748,0.0297876,0.0275951,0.0258339,0.0240057,0.0225213,0.020994,0.0197412,0.0184609,0.0173293,0.0162595,0.0153089,0.0144091,0.0135608,0.0128036,0.012088,0.0114139,0.0107802,0.0101858,0.00962886,0.00912829,0.00863879,0.00819805,0.00776897,0.00736815,0.00699368,0.00664372,0.00630652,0.00600143,0.00569941,0.00542597,0.0051977,0.00493158,0.00467998,0.00444253,0.00421874,0.00400806,0.00380987,0.00362018,0.00344231,0.00327279,0.00311414,0.00296334,0.0028203,0.00268484,0.00255672,0.00243567,0.00232001,0.00221104,0.00210727,0.00200863,0.00191504,0.00182548,0.00174157,0.00166078,0.00158456,0.00151149,0.00144219,0.00137653,0.00131392,0.00125433,0.00119732,0.00117107
1.03e-05,22.3754,17.1553,14.9151,13.6842,12.1053,11.7502,11.8598,12.4634,13.1026,14.17,14.7817,14.6945,14.4392,14.0781,13.6594,13.2238,12.7314,12.427,12.2965,14.3104,13.7063,11.0207,10.3618,9.82453,9.34635,8.89442,8.46179,8.04395,7.64164,7.15745,6.69024,6.23532,5.78704,5.24684,4.68403,4.05702,3.25809,1.98497,1.36085,0.966498,0.768096,0.617339,0.511855,0.433998,0.367843,0.317105,0.273259,0.241866,0.211022,0.188338,0.166125,0.149416,0.134234,0.120563,0.109136,0.0987903,0.0903224,0.0828225,0.0755068,0.0692659,0.0632708,0.0581476,0.0537276,0.0498815,0.0461601,0.0426159,0.0398043,0.0368538,0.034486,0.0320302,0.0300377,0.0279893,0.0263102,0.0245954,0.0230807,0.0216494,0.0203783,0.0191757,0.0180425,0.0170313,0.0160762,0.0151767,0.0143315,0.0135388,0.0127965,0.0121294,0.0114773,0.0108903,0.010319,0.00978541,0.00928702,0.00882135,0.00837275,0.00796694,0.00756529,0.00720171,0.00689824,0.00654449,0.0062101,0.00589456,0.00559723,0.00531734,0.00505408,0.00480214,0.00456594,0.00434084,0.0041302,0.00393,0.00374012,0.00356032,0.00339028,0.00322963,0.00307615,0.00293156,0.00279387,0.00266301,0.00253883,0.00242003,0.00230873,0.00220156,0.00210046,0.00200356,0.00191166,0.00182458,0.00174155,0.00166253,0.00158694,0.00155213
1.36e-05,22.4278,17.1624,14.9225,13.6941,12.1291,11.796,11.9124,12.5366,13.1917,14.2698,14.8618,14.7735,14.5184,14.1594,13.7443,13.3143,12.8328,12.5554,12.5622,14.8225,14.1983,11.4809,10.5539,9.99918,9.52988,9.09187,8.67533,8.27795,7.89559,7.4396,7.00525,6.58951,6.18927,5.72453,5.27008,4.81672,4.35077,3.75785,3.14356,2.04199,1.38083,1.01321,0.7998,0.657582,0.544587,0.461891,0.392761,0.344489,0.297913,0.264234,0.231683,0.207462,0.185644,0.166147,0.149957,0.13538,0.123497,0.113025,0.102847,0.0941942,0.0859076,0.0788459,0.0727678,0.06749,0.0623931,0.0575478,0.0537101,0.0496889,0.0464662,0.043128,0.0404227,0.0376445,0.0353693,0.0330479,0.0309991,0.0290647,0.0273481,0.025725,0.0241966,0.0228336,0.0215469,0.0203357,0.0191983,0.018132,0.0171339,0.0162374,0.0153613,0.0145729,0.0138059,0.0130898,0.0124211,0.0117965,0.011195,0.010651,0.0101127,0.00962551,0.00921898,0.0087452,0.00829743,0.00787501,0.00747703,0.00710247,0.00675022,0.00641318,0.00609724,0.0057962,0.00551453,0.00524687,0.00499304,0.0047527,0.00452544,0.00431076,0.00410568,0.00391249,0.00372855,0.00355374,0.00338789,0.00322921,0.00308058,0.00293746,0.00280248,0.0026731,0.00255039,0.00243414,0.0023233,0.00221782,0.00211693,0.00207047
1.8e-05,22.4783,17.1693,14.9299,13.704,12.1535,11.8417,11.9651,12.6095,13.2803,14.3681,14.9405,14.8509,14.596,14.2388,13.827,13.4022,12.932,12.6874,12.9207,15.1846,14.5276,12.8067,10.7629,10.1664,9.70055,9.27281,8.86862,8.48695,8.1194,7.68364,7.27177,6.88134,6.51002,6.08639,5.68291,5.29542,4.91935,4.48774,4.1156,3.59529,3.07962,2.32811,1.56718,1.15105,0.890171,0.724784,0.59834,0.515087,0.438134,0.384194,0.333316,0.296197,0.263241,0.234205,0.210369,0.18911,0.171898,0.156849,0.14231,0.130015,0.118297,0.108354,0.0998266,0.0924458,0.0853386,0.0786008,0.0732772,0.0677112,0.0632595,0.0586567,0.0549331,0.0511148,0.0479926,0.044811,0.0420066,0.0393619,0.0370174,0.0348027,0.0327193,0.0308629,0.0291118,0.0274647,0.0259191,0.0244711,0.0231165,0.0219005,0.0207128,0.0196447,0.0186059,0.0176366,0.0167319,0.0158872,0.0150739,0.0143388,0.0136116,0.0129537,0.0124048,0.0117654,0.0111612,0.0105914,0.0100547,0.00954979,0.00907502,0.00862087,0.00819524,0.00778977,0.00741047,0.00705011,0.00670841,0.00638495,0.00607913,0.00579029,0.0055144,0.00525456,0.00500718,0.00477211,0.00454912,0.0043358,0.00413599,0.00394364,0.00376222,0.00358836,0.00342348,0.00326729,0.00311838,0.00297668,0.00284116,0.00277875
2.38e-05,22.5265,17.1761,14.9371,13.7137,12.1775,11.8869,12.017,12.6814,13.3676,14.4638,15.0169,14.926,14.671,14.3153,13.9066,13.4867,13.0281,12.8241,13.4085,15.4704,14.7823,13.4742,11.0129,10.3282,9.85925,9.43841,9.04352,8.67393,8.31751,7.89657,7.50065,7.12746,6.77496,6.37649,6.00176,5.64779,5.31176,4.93867,4.63192,4.23614,3.89619,3.50492,3.09401,2.63218,1.99973,1.41791,1.05152,0.855757,0.697001,0.595191,0.504805,0.441774,0.387679,0.34123,0.303887,0.271165,0.244984,0.222393,0.200804,0.182718,0.16562,0.151215,0.138935,0.128361,0.118224,0.108656,0.101125,0.0932782,0.0870215,0.0805706,0.0753653,0.0700403,0.0656954,0.0612765,0.0573888,0.0537288,0.0504894,0.0474338,0.0445631,0.0420085,0.0396016,0.0373402,0.0352201,0.033236,0.0313815,0.0297182,0.028095,0.0266362,0.0252185,0.0238965,0.0226634,0.0215127,0.0204056,0.0194053,0.0184163,0.017522,0.0167762,0.0159077,0.0150875,0.0143142,0.0135862,0.0129015,0.0122579,0.0116425,0.0110659,0.0105168,0.0100033,0.00951555,0.00905318,0.0086156,0.00820199,0.00781142,0.00743843,0.00708722,0.00675291,0.00643531,0.00613406,0.00584593,0.0055761,0.00531637,0.00507144,0.00483675,0.00461421,0.00440342,0.00420248,0.0040113,0.00382846,0.00374428
3.14e-05,22.5724,17.1827,14.9441,13.7233,12.2012,11.9313,12.0681,12.752,13.4532,14.5566,15.0909,14.9985,14.7433,14.3889,13.983,13.5677,13.1213,12.9682,13.955,15.7087,14.9927,13.8371,11.3772,10.489,10.0083,9.59097,9.20282,8.84248,8.49451,8.08469,7.70042,7.33948,6.9999,6.61798,6.26122,5.92698,5.61285,5.26886,4.99101,4.64155,4.35249,4.03759,3.73522,3.44079,3.1121,2.77551,2.37104,1.95416,1.43235,1.10623,0.869385,0.727987,0.618088,0.530437,0.463655,0.407443,0.363774,0.327129,0.292785,0.264514,0.238174,0.216266,0.197776,0.181987,0.166981,0.152927,0.141936,0.130549,0.121517,0.112248,0.1048,0.0972086,0.0910358,0.0847775,0.0792875,0.0741328,0.0695814,0.0652979,0.0612819,0.057715,0.0543602,0.0512133,0.0482678,0.0455152,0.042946,0.0406445,0.038401,0.0363872,0.0344321,0.0326107,0.0309134,0.029331,0.0278098,0.0264363,0.0250794,0.0238532,0.0228314,0.0216421,0.0205196,0.0194621,0.018467,0.0175315,0.0166527,0.0158128,0.0150262,0.0142775,0.0135775,0.012913,0.0122832,0.0116875,0.0111245,0.0105931,0.0100857,0.00960816,0.00915369,0.00872204,0.00831271,0.00792131,0.00755485,0.00720218,0.00686967,0.00655112,0.00624912,0.00596312,0.00569054,0.00543122,0.00518327,0.00506911
4.14e-05,22.6163,17.1891,14.9511,13.7329,12.2252,11.9753,12.1186,12.8216,13.5376,14.647,15.1629,15.0691,14.8136,14.4602,14.0567,13.646,13.2127,13.1243,14.4387,15.9155,15.1742,14.102,12.1605,10.6568,10.1513,9.7339,9.3502,8.99687,8.65536,8.25401,7.87851,7.52658,7.19627,6.82588,6.48116,6.1596,5.8589,5.53178,5.26961,4.9433,4.67711,4.39227,4.12549,3.87427,3.6074,3.35421,3.08517,2.85047,2.56738,2.30654,1.97573,1.64483,1.28991,1.00724,0.823995,0.690205,0.595987,0.522937,0.458253,0.407346,0.361601,0.32465,0.294208,0.268703,0.244832,0.222789,0.205759,0.188301,0.174582,0.160618,0.149478,0.138193,0.129071,0.119874,0.111849,0.104349,0.0977547,0.0915716,0.0857949,0.0806805,0.075884,0.071397,0.0672077,0.0633019,0.0596642,0.0564122,0.0532481,0.0504128,0.0476648,0.0451087,0.0427301,0.0405156,0.0383893,0.0364719,0.0345798,0.0328719,0.0314499,0.0297964,0.0282373,0.0267697,0.02539,0.0240941,0.0228776,0.0217157,0.0206284,0.019594,0.0186277,0.0177108,0.0168424,0.0160212,0.0152457,0.014514,0.0138158,0.0131588,0.0125338,0.0119404,0.011378,0.0108403,0.0103371,0.00985301,0.00939671,0.00895968,0.00854549,0.00815333,0.00777967,0.00742426,0.00708452,0.00692814
5.47e-05,22.6588,17.1954,14.958,13.7424,12.2493,12.0193,12.1691,12.891,13.6218,14.7361,15.2339,15.1385,14.8824,14.5299,14.1288,13.7224,13.3038,13.2983,14.8433,16.1007,15.3363,14.3177,12.9259,10.8459,10.293,9.87079,9.48924,9.14099,8.80437,8.40953,8.04074,7.69562,7.37219,7.01015,6.6739,6.36097,6.06913,5.75267,5.50001,5.187,4.93319,4.66352,4.41325,4.18019,3.93622,3.70926,3.47452,3.27691,3.0505,2.85693,2.63727,2.44553,2.24388,2.03033,1.81699,1.58144,1.34273,1.11117,0.901805,0.754334,0.637536,0.552569,0.487732,0.436465,0.390681,0.350045,0.319627,0.289248,0.265903,0.242585,0.224302,0.206045,0.191467,0.176936,0.164369,0.152737,0.142585,0.133127,0.124356,0.116631,0.109426,0.102714,0.0964806,0.0906897,0.0853222,0.0805331,0.0758901,0.071743,0.0677355,0.0640184,0.0605685,0.0573641,0.0542944,0.051532,0.0488113,0.04636,0.0443223,0.0419565,0.0397295,0.0376365,0.0356715,0.0338283,0.0321004,0.030452,0.0289112,0.0274469,0.0260804,0.0247849,0.0235592,0.0224011,0.0213083,0.0202779,0.0192954,0.0183716,0.0174934,0.0166601,0.0158707,0.0151166,0.0144111,0.0137327,0.0130936,0.0124818,0.0119022,0.0113537,0.0108312,0.0103345,0.00985984,0.0096414
7.22e-05,22.6995,17.2016,14.9648,13.7519,12.2735,12.0627,12.2189,12.9595,13.7047,14.8228,15.3029,15.2059,14.9492,14.5974,14.1984,13.7963,13.394,13.4923,15.1849,16.2673,15.4819,14.5004,13.3299,11.0801,10.4358,10.0024,9.62032,9.2752,8.94205,8.55207,8.18835,7.84834,7.53002,7.17405,6.84384,6.5369,6.25104,5.94155,5.6949,5.39,5.14342,4.88221,4.64066,4.41668,4.18343,3.96784,3.74665,3.56225,3.35356,3.17796,2.98282,2.81712,2.64896,2.47971,2.3221,2.16348,2.02081,1.87938,1.72574,1.57847,1.41778,1.26,1.10473,0.956728,0.812717,0.688142,0.602179,0.523631,0.467922,0.415847,0.377189,0.340294,0.311934,0.284528,0.261485,0.24064,0.222822,0.206507,0.191606,0.178672,0.166744,0.155764,0.145664,0.136368,0.127812,0.120249,0.112965,0.106499,0.100282,0.0945463,0.0892489,0.0843511,0.0796788,0.0754877,0.0713783,0.0676855,0.0646254,0.0610823,0.0577573,0.0546436,0.0517233,0.0489932,0.0464398,0.0440093,0.041742,0.0395917,0.0375867,0.0356909,0.0338985,0.0322092,0.0306159,0.0291172,0.0276886,0.0263482,0.0250742,0.023868,0.0227252,0.0216347,0.0206165,0.0196372,0.0187155,0.0178347,0.0170001,0.0162108,0.0154595,0.0147457,0.014064,0.0137505
9.53e-05,22.7385,17.2076,14.9715,13.7613,12.2978,12.1058,12.2683,13.0272,13.7867,14.9076,15.3704,15.2718,15.0144,14.6631,14.266,13.8682,13.4844,13.7085,15.4832,16.4194,15.6148,14.6607,13.6125,11.4292,10.5866,10.1319,9.74596,9.4019,9.07089,8.68435,8.32438,7.98821,7.67368,7.32219,6.99634,6.69364,6.41191,6.10713,5.86441,5.56466,5.3225,5.06628,4.82969,4.61065,4.38297,4.17301,3.95816,3.77959,3.57824,3.40955,3.22307,3.06574,2.90726,2.74927,2.60387,2.4597,2.33398,2.21055,2.0804,1.96049,1.83628,1.72194,1.61616,1.51786,1.41623,1.31239,1.22416,1.12483,1.03911,0.943354,0.859774,0.768168,0.689766,0.609226,0.540721,0.480486,0.431474,0.389045,0.352336,0.322009,0.29525,0.271531,0.25045,0.23162,0.214756,0.200176,0.18642,0.17443,0.163097,0.152789,0.143398,0.134818,0.126725,0.119542,0.112554,0.106336,0.101219,0.0953344,0.0898524,0.0847492,0.0799981,0.0755783,0.0714665,0.0675695,0.0639537,0.0605368,0.0573666,0.0543777,0.0515622,0.0489169,0.0464321,0.0440976,0.0418804,0.0398036,0.0378379,0.0359776,0.0342209,0.0325477,0.0309858,0.0294891,0.0280827,0.0267396,0.0254691,0.0242704,0.0231309,0.0220488,0.0210176,0.0205432
0.000126,22.7763,17.2135,14.9782,13.7707,12.3222,12.1488,12.3176,13.0947,13.8684,14.991,15.4369,15.3365,15.0783,14.7274,14.3321,13.9386,13.5761,13.9449,15.7515,16.5605,15.7381,14.8052,13.8375,12.0691,10.7568,10.2637,9.86903,9.52353,9.19327,8.80887,8.45153,8.11815,7.80642,7.45822,7.13552,6.83585,6.557,6.25541,6.01531,5.71886,5.47946,5.22624,4.99252,4.77624,4.55155,4.34446,4.13271,3.95686,3.75874,3.59295,3.40991,3.25571,3.10062,2.94633,2.80465,2.66455,2.54361,2.42443,2.2993,2.18461,2.06657,1.95874,1.85988,1.76895,1.67613,1.58282,1.50502,1.41943,1.34753,1.26966,1.20379,1.13333,1.07334,1.0098,0.951636,0.894764,0.842575,0.791633,0.742118,0.696637,0.652458,0.609712,0.568499,0.528914,0.491036,0.456424,0.422177,0.391187,0.361108,0.333336,0.307913,0.284807,0.26329,0.24454,0.226702,0.211194,0.198715,0.184701,0.17196,0.160375,0.149833,0.140223,0.13145,0.123287,0.115831,0.108897,0.10255,0.0966437,0.0911492,0.0860408,0.0812894,0.0768716,0.0727133,0.0688485,0.0652161,0.0618061,0.0586076,0.055579,0.0527706,0.0500925,0.047589,0.0452099,0.0429717,0.0408659,0.0388738,0.0369896,0.0351989,0.0343781
0.000166,22.8122,17.2192,14.9847,13.7799,12.3464,12.1909,12.3659,13.1606,13.9482,15.0716,15.5011,15.399,15.1398,14.7893,14.3956,14.0065,13.6682,14.1882,15.9928,16.6897,15.851,14.935,14.0246,12.6868,10.9647,10.4004,9.98991,9.63973,9.30861,8.92496,8.56918,8.23765,7.92786,7.58194,7.26144,6.96384,6.68694,6.38746,6.14903,5.85464,5.61688,5.36539,5.13325,4.91841,4.69521,4.48948,4.27911,4.10438,3.90754,3.7428,3.56091,3.40768,3.25357,3.10025,2.95947,2.82025,2.70063,2.58221,2.4579,2.34399,2.22677,2.11974,2.02165,1.93148,1.83948,1.74705,1.67006,1.58544,1.51443,1.43763,1.37276,1.3035,1.24464,1.18246,1.12569,1.07036,1.01976,0.970566,0.922967,0.879444,0.837383,0.796897,0.758054,0.7209,0.68545,0.653043,0.62085,0.59143,0.562389,0.534906,0.508915,0.484354,0.460442,0.438601,0.41679,0.396883,0.380154,0.360524,0.341849,0.324124,0.307338,0.291469,0.276488,0.262108,0.248594,0.235692,0.223602,0.212103,0.201196,0.190871,0.181113,0.171905,0.163121,0.154862,0.147016,0.13958,0.132543,0.125834,0.11957,0.113562,0.107916,0.102527,0.0974376,0.092638,0.0880812,0.0837654,0.0796568,0.0777709
0.000219,22.847,17.2248,14.9911,13.7892,12.3709,12.233,12.414,13.2263,14.0277,15.1507,15.5643,15.4604,15.2002,14.8499,14.4577,14.0731,13.7631,14.4319,16.2168,16.8111,15.9572,15.055,14.1891,13.0791,11.2702,10.5531,10.1144,9.75474,9.42071,9.03628,8.681,8.35049,8.0419,7.69748,7.37845,7.08223,6.8066,6.50847,6.27107,5.9779,5.74107,5.4905,5.25914,5.04497,4.82238,4.61714,4.40719,4.23275,4.03614,3.87152,3.6897,3.53644,3.38222,3.2287,3.08766,2.94811,2.82847,2.70959,2.58472,2.47021,2.35228,2.2445,2.14565,2.05469,1.96181,1.8684,1.79051,1.70481,1.63282,1.55485,1.48892,1.41843,1.35845,1.295,1.23697,1.18032,1.12844,1.07791,1.02893,0.984059,0.940611,0.898703,0.858411,0.819783,0.78284,0.748986,0.715269,0.684377,0.653798,0.624774,0.597246,0.571151,0.545662,0.522304,0.498895,0.477454,0.459372,0.438077,0.417731,0.398335,0.379881,0.362353,0.345723,0.329681,0.314525,0.299977,0.28627,0.27316,0.26065,0.248737,0.23741,0.226655,0.21633,0.20656,0.197217,0.188302,0.179811,0.171658,0.163996,0.156594,0.149592,0.142861,0.13646,0.130381,0.124571,0.119029,0.113717,0.111267
0.000289,22.8805,17.2303,14.9975,13.7983,12.3954,12.2747,12.4619,13.2914,14.1064,15.2283,15.6262,15.5206,15.2593,14.909,14.5183,14.1384,13.8612,14.6669,16.4259,16.925,16.057,15.1664,14.3364,13.367,11.8632,10.7392,10.2476,9.87081,9.531,9.14387,8.7879,8.45752,8.14944,7.80581,7.48762,7.1922,6.9173,6.61991,6.38306,6.0905,5.85408,5.60386,5.37274,5.1587,4.93615,4.73086,4.52074,4.34608,4.14911,3.98411,3.80174,3.64792,3.49304,3.33876,3.19691,3.05646,2.93622,2.81638,2.69038,2.57474,2.45554,2.34649,2.24637,2.15416,2.0599,1.965,1.88578,1.79851,1.72511,1.64552,1.57814,1.506,1.44453,1.37942,1.31978,1.26148,1.20801,1.15584,1.10521,1.05874,1.01368,0.97014,0.928211,0.887945,0.849367,0.813954,0.778622,0.746189,0.71403,0.683449,0.65439,0.626793,0.599786,0.574988,0.550091,0.527243,0.507941,0.485167,0.463362,0.442534,0.422678,0.403778,0.385813,0.368446,0.352005,0.336193,0.321267,0.306962,0.293285,0.280236,0.267806,0.255982,0.24461,0.23383,0.223503,0.213633,0.204215,0.195158,0.186631,0.178381,0.170564,0.163039,0.155872,0.149055,0.142531,0.1363,0.130319,0.127558
0.000382,22.9129,17.2357,15.0039,13.8075,12.4202,12.3164,12.5095,13.3563,14.1849,15.3046,15.6873,15.5798,15.3174,14.967,14.5777,14.2028,13.9638,14.8901,16.6237,17.033,16.1517,15.2712,14.4714,13.6022,12.624,11.0103,10.4005,9.99253,9.64248,9.24997,8.89182,8.5606,8.25227,7.90873,7.59079,7.29566,7.02104,6.72392,6.48724,6.1948,5.9584,5.70813,5.47685,5.26258,5.03969,4.83397,4.62332,4.44811,4.25042,4.08471,3.90145,3.74678,3.59094,3.43559,3.29267,3.15104,3.0299,2.90886,2.78151,2.66453,2.54384,2.43333,2.33178,2.23816,2.14238,2.04586,1.9652,1.87626,1.80139,1.72012,1.65123,1.57741,1.51444,1.44766,1.38644,1.32652,1.27149,1.21776,1.16553,1.11756,1.07098,1.02593,0.982493,0.940728,0.900667,0.863852,0.827077,0.793284,0.759736,0.727798,0.697415,0.668528,0.640227,0.614213,0.588067,0.564045,0.543732,0.51974,0.496744,0.474754,0.453767,0.433769,0.41474,0.396327,0.378878,0.362079,0.346206,0.330979,0.316408,0.302493,0.289226,0.276594,0.264436,0.252901,0.241842,0.231264,0.221163,0.211442,0.202283,0.193417,0.185009,0.17691,0.169193,0.161847,0.154813,0.14809,0.141634,0.138653
0.000504,22.944,17.241,15.0101,13.8167,12.4449,12.3576,12.5566,13.4201,14.2621,15.3788,15.7468,15.6374,15.3738,15.0233,14.6353,14.2657,14.0705,15.0978,16.8094,17.1344,16.2408,15.369,14.595,13.8034,13.1087,11.702,10.5946,10.1248,9.75717,9.35541,8.99311,8.65984,8.35044,8.00624,7.68795,7.39263,7.11786,6.82059,6.58375,6.29105,6.05437,5.80371,5.572,5.35723,5.13373,4.92735,4.71591,4.53995,4.34132,4.17472,3.99037,3.83469,3.67773,3.52117,3.37704,3.23411,3.11195,2.98963,2.86085,2.74246,2.62023,2.50822,2.40522,2.31019,2.21289,2.11477,2.0327,1.94214,1.86583,1.78294,1.71262,1.63721,1.57283,1.5045,1.44179,1.38037,1.32393,1.26876,1.2151,1.16576,1.11782,1.07142,1.02664,0.983547,0.942183,0.90414,0.866109,0.831135,0.796389,0.763284,0.731769,0.701783,0.672385,0.645343,0.618145,0.59314,0.571981,0.546976,0.522992,0.500042,0.478124,0.457226,0.437328,0.418061,0.399793,0.382195,0.365557,0.349589,0.3343,0.319691,0.305755,0.292481,0.279699,0.267566,0.255928,0.244791,0.234153,0.22391,0.214256,0.204907,0.196038,0.187492,0.179346,0.171589,0.164159,0.157056,0.150233,0.147081
0.000665,22.974,17.2462,15.0163,13.8257,12.4697,12.3984,12.6032,13.4834,14.3386,15.4515,15.8051,15.6939,15.429,15.0783,14.6915,14.3276,14.1824,15.2922,16.9861,17.2306,16.3255,15.4614,14.7103,13.9829,13.4688,13.1749,10.9158,10.2809,9.88112,9.46377,9.09449,8.75756,8.44604,8.10029,7.78103,7.48501,7.20969,6.91186,6.67457,6.38127,6.14405,5.89275,5.66036,5.44489,5.22057,5.01335,4.80094,4.6241,4.42436,4.25676,4.0712,3.9144,3.75625,3.5984,3.45299,3.30871,3.18545,3.06183,2.93159,2.81179,2.68802,2.57453,2.47009,2.37368,2.27491,2.17522,2.09181,1.99969,1.92202,1.8376,1.76593,1.68902,1.62332,1.55354,1.48947,1.42667,1.36892,1.31244,1.25747,1.2069,1.15773,1.11011,1.06412,1.01985,0.977326,0.938193,0.899051,0.863034,0.827233,0.793106,0.7606,0.729656,0.699302,0.671368,0.643259,0.617405,0.595519,0.569642,0.544811,0.521039,0.498326,0.476661,0.456024,0.436033,0.417071,0.398799,0.381516,0.364922,0.349029,0.333838,0.319343,0.305531,0.292227,0.279595,0.267475,0.255873,0.244789,0.234113,0.224048,0.214299,0.205049,0.196134,0.187633,0.179537,0.171781,0.164365,0.15724,0.153948
0.000878,23.0031,17.2512,15.0224,13.8348,12.4945,12.439,12.6497,13.5463,14.4146,15.5228,15.8624,15.7494,15.4831,15.1322,14.7466,14.3889,14.3003,15.4749,17.155,17.3223,16.4063,15.5493,14.8187,14.1474,13.7701,13.773,13.6735,10.4922,10.0242,9.57961,9.19885,8.85594,8.54088,8.19248,7.87147,7.57418,7.29786,6.99904,6.761,6.46677,6.22877,5.97659,5.74333,5.52698,5.30167,5.09345,4.87994,4.7021,4.50115,4.33246,4.1456,3.98764,3.82822,3.66903,3.52231,3.37666,3.25227,3.12734,2.99565,2.87445,2.74917,2.63423,2.5284,2.43065,2.33046,2.22928,2.14457,2.05097,1.97201,1.88614,1.81321,1.7349,1.66797,1.59684,1.53151,1.46743,1.40848,1.35079,1.29462,1.24293,1.19264,1.14391,1.09683,1.05149,1.00792,0.967804,0.927664,0.890714,0.853971,0.818932,0.785544,0.753748,0.722549,0.693825,0.664912,0.638309,0.615781,0.589139,0.563564,0.539072,0.515663,0.493328,0.472047,0.451426,0.431861,0.413001,0.395159,0.378024,0.361608,0.345914,0.330935,0.316659,0.302905,0.289843,0.277308,0.265307,0.253839,0.242791,0.232375,0.222283,0.212706,0.203474,0.194671,0.186286,0.178251,0.170567,0.163184,0.159773
0.00116,23.0311,17.2562,15.0285,13.8438,12.5193,12.4795,12.6959,13.6088,14.4901,15.5928,15.9189,15.8039,15.5362,15.185,14.8007,14.4496,14.424,15.6471,17.3172,17.4099,16.4837,15.6331,14.9215,14.3007,14.0372,14.1904,14.1966,13.676,10.2076,9.71021,9.31018,8.95766,8.63701,8.28443,7.96066,7.66139,7.38353,7.08325,6.84413,6.54861,6.30958,6.05628,5.82194,5.60455,5.37809,5.16875,4.954,4.77508,4.57283,4.40297,4.21476,4.05557,3.89486,3.7343,3.58626,3.43923,3.31369,3.18746,3.05434,2.93177,2.80501,2.68865,2.58148,2.48244,2.38088,2.27827,2.19233,2.09732,2.01714,1.92991,1.85578,1.77616,1.70807,1.63569,1.56918,1.50392,1.44385,1.38505,1.32778,1.27504,1.22373,1.17398,1.12591,1.07959,1.03507,0.994061,0.953016,0.915221,0.877626,0.841763,0.807579,0.775017,0.743057,0.713625,0.68399,0.656717,0.633616,0.606289,0.58005,0.554916,0.530889,0.507958,0.486104,0.464924,0.444824,0.425445,0.407107,0.389493,0.372616,0.356477,0.341072,0.326387,0.312236,0.298796,0.285897,0.273544,0.261739,0.250366,0.23964,0.229248,0.219385,0.209876,0.200807,0.192168,0.18389,0.175973,0.168364,0.164849
0.00153,23.0581,17.261,15.0345,13.8527,12.5435,12.5195,12.7416,13.6704,14.5644,15.661,15.9739,15.857,15.588,15.2363,14.8532,14.5095,14.552,15.8087,17.4719,17.4931,16.5573,15.7127,15.0185,14.4442,14.2794,14.5207,14.552,14.2161,13.2183,9.86835,9.43384,9.06575,8.7364,8.37747,8.04958,7.7474,7.46733,7.165,6.92442,6.62721,6.38687,6.13219,5.89658,5.67797,5.45021,5.23962,5.02354,4.84345,4.63983,4.46875,4.27913,4.11869,3.95666,3.79473,3.64536,3.49696,3.37028,3.24276,3.10825,2.98434,2.85615,2.73843,2.62995,2.52968,2.42681,2.32285,2.23573,2.1394,2.05807,1.96954,1.8943,1.81345,1.74429,1.67074,1.60313,1.53677,1.47567,1.41584,1.35755,1.30387,1.25161,1.20093,1.15195,1.10474,1.05934,1.01752,0.975655,0.937092,0.898723,0.862114,0.827211,0.793957,0.761309,0.731238,0.700953,0.673076,0.64946,0.621518,0.594684,0.568974,0.544393,0.520928,0.498562,0.476882,0.456304,0.436461,0.417682,0.399642,0.382353,0.365819,0.350034,0.334986,0.320483,0.306707,0.293484,0.28082,0.268716,0.257053,0.246054,0.235395,0.225279,0.215525,0.206221,0.197359,0.188865,0.180741,0.172934,0.169327
0.00202,23.0842,17.2657,15.0404,13.8618,12.5676,12.5594,12.7871,13.7317,14.6385,15.7281,16.0282,15.9094,15.6389,15.2868,14.9049,14.5692,14.6844,15.9625,17.6213,17.5731,16.6282,15.7891,15.1115,14.5814,14.5053,14.8006,14.8356,14.5687,13.9574,10.0911,9.58285,9.18755,8.84415,8.4754,8.14135,7.83491,7.55169,7.24652,7.00396,6.70455,6.46254,6.20617,5.96901,5.74899,5.51974,5.30774,5.09018,4.90883,4.70372,4.53137,4.34027,4.17854,4.01515,3.85181,3.7011,3.55131,3.42347,3.29468,3.15878,3.03355,2.90395,2.78489,2.67515,2.57368,2.46955,2.36427,2.27603,2.17842,2.09599,2.00623,1.92993,1.8479,1.77772,1.70307,1.63442,1.56702,1.50495,1.44416,1.38491,1.33033,1.27719,1.22565,1.17581,1.12777,1.08156,1.03899,0.996359,0.957084,0.917999,0.880699,0.845131,0.811236,0.777954,0.747294,0.716412,0.687979,0.663889,0.635382,0.608001,0.581764,0.556674,0.532721,0.509885,0.487748,0.466734,0.446467,0.427285,0.408856,0.391192,0.374298,0.358167,0.342787,0.327964,0.313882,0.300364,0.287418,0.275042,0.263116,0.251869,0.240969,0.230622,0.220646,0.211129,0.202064,0.193375,0.185064,0.177076,0.173385
0.00267,23.1096,17.2704,15.0463,13.8707,12.5916,12.5991,12.8324,13.7927,14.7121,15.7941,16.0817,15.9609,15.6889,15.3364,14.9557,14.6289,14.8199,16.1094,17.7658,17.65,16.6965,15.8628,15.201,14.7135,14.7179,15.0453,15.0765,14.8464,14.3474,13.3859,9.78486,9.33483,8.96714,8.58264,8.23918,7.92646,7.6387,7.32957,7.08433,6.78199,6.53784,6.27936,6.04033,5.81862,5.58764,5.37404,5.15483,4.97209,4.76538,4.59164,4.39898,4.23589,4.07109,3.90631,3.75422,3.60302,3.47401,3.34394,3.20665,3.08011,2.94911,2.82874,2.71776,2.61511,2.50974,2.40319,2.31385,2.215,2.1315,2.04057,1.96323,1.88008,1.80893,1.73322,1.66358,1.5952,1.53221,1.4705,1.41035,1.35492,1.30094,1.24858,1.19795,1.14912,1.10216,1.05887,1.01552,0.975581,0.935826,0.897881,0.861691,0.8272,0.793327,0.762118,0.730678,0.701729,0.677198,0.648166,0.620278,0.593551,0.56799,0.543584,0.520315,0.497754,0.476336,0.455678,0.436123,0.417334,0.399324,0.382097,0.365648,0.349963,0.334844,0.320481,0.306692,0.293484,0.280858,0.268691,0.257215,0.246093,0.235535,0.225354,0.215642,0.20639,0.197521,0.189039,0.180885,0.177118
0.00352,23.1338,17.2749,15.0521,13.8796,12.615,12.6382,12.877,13.8526,14.7845,15.8583,16.1338,16.0111,15.7376,15.3845,15.005,14.6881,14.9552,16.2483,17.904,17.7231,16.7617,15.9329,15.2862,14.8398,14.9167,15.2614,15.2857,15.0782,14.638,13.9449,12.5225,9.53112,9.11608,8.70484,8.34657,8.02443,7.73011,7.4154,7.16649,6.86028,6.61337,6.35222,6.11091,5.88718,5.65416,5.43874,5.21767,5.03339,4.82492,4.64971,4.45538,4.29086,4.1246,3.95831,3.80481,3.65219,3.52198,3.39062,3.25195,3.1241,2.99173,2.87006,2.75785,2.65406,2.54749,2.43969,2.34929,2.24925,2.16473,2.07266,1.99434,1.91012,1.83803,1.76131,1.69073,1.62142,1.55755,1.49498,1.43397,1.37774,1.32298,1.26985,1.21846,1.1689,1.12122,1.07727,1.03325,0.992687,0.952306,0.913758,0.876989,0.841942,0.807519,0.775799,0.743841,0.714412,0.689472,0.659954,0.631595,0.604414,0.578416,0.553592,0.529921,0.506969,0.485178,0.464158,0.44426,0.425139,0.40681,0.389276,0.372533,0.356567,0.341176,0.326553,0.312514,0.299067,0.286211,0.273822,0.262136,0.250809,0.240057,0.229688,0.219797,0.210373,0.20134,0.1927,0.184395,0.180557
0.00464,23.1573,17.2793,15.0578,13.8884,12.6383,12.6771,12.9213,13.9121,14.8563,15.9212,16.185,16.0603,15.7853,15.4317,15.0535,14.7474,15.09,16.3814,18.0375,17.7935,16.8245,16.0006,15.3685,14.9625,15.1049,15.457,15.4734,15.2811,14.8785,14.303,13.7266,9.8652,9.32008,8.85613,8.47248,8.1353,7.831,7.50813,7.25402,6.94246,6.69186,6.42724,6.18301,5.95678,5.7213,5.50369,5.28045,5.0944,4.88396,4.7071,4.51095,4.34488,4.17703,4.00916,3.85418,3.70006,3.56859,3.43592,3.29582,3.16665,3.03287,2.90989,2.79646,2.69151,2.58374,2.47471,2.38326,2.28204,2.19651,2.10332,2.02404,1.93877,1.86577,1.78807,1.71658,1.64635,1.58164,1.51823,1.4564,1.3994,1.34388,1.29001,1.23789,1.18763,1.13927,1.09469,1.05003,1.00886,0.967885,0.928762,0.891442,0.855865,0.820918,0.788714,0.756264,0.72638,0.701052,0.671072,0.642266,0.614657,0.588246,0.563025,0.538975,0.515653,0.493509,0.472148,0.451925,0.432491,0.413861,0.396039,0.379018,0.362788,0.347141,0.332274,0.318001,0.304328,0.291256,0.278658,0.266774,0.255255,0.244321,0.233776,0.223716,0.214131,0.204944,0.196155,0.187707,0.183803
0.00613,23.1801,17.2837,15.0636,13.8973,12.6615,12.716,12.9656,13.9715,14.9281,15.9834,16.2357,16.1091,15.8325,15.4783,15.1014,14.8074,15.2243,16.5101,18.1677,17.8618,16.8856,16.0664,15.4487,15.0831,15.2849,15.6377,15.6456,15.4643,15.0882,14.5866,14.2567,14.6808,9.6837,9.06893,8.63395,8.27017,7.94947,7.61389,7.35198,7.03268,6.7769,6.50754,6.25944,6.02995,5.79134,5.57102,5.34515,5.15698,4.94422,4.76545,4.56721,4.3994,4.2298,4.06017,3.90357,3.74784,3.61503,3.48095,3.33935,3.20878,3.07354,2.9492,2.83451,2.72838,2.61938,2.50909,2.41657,2.31416,2.2276,2.13329,2.05304,1.96672,1.89281,1.81413,1.74173,1.67061,1.60506,1.54081,1.47816,1.42041,1.36415,1.30954,1.25672,1.20576,1.15673,1.11153,1.06624,1.0245,0.982936,0.943254,0.905397,0.869305,0.833849,0.801173,0.768247,0.73792,0.712216,0.681789,0.652553,0.624527,0.597717,0.572114,0.547697,0.524019,0.501535,0.479845,0.459309,0.439574,0.420654,0.402553,0.385267,0.368781,0.352888,0.337787,0.323288,0.309398,0.296119,0.28332,0.271247,0.259544,0.248434,0.23772,0.227499,0.21776,0.208425,0.199494,0.19091,0.186943
0.00809,23.2022,17.288,15.0692,13.9061,12.6842,12.7545,13.0095,14.0303,14.999,16.0442,16.2854,16.1568,15.8786,15.5238,15.1484,14.8678,15.3555,16.6335,18.2933,17.9274,16.9444,16.1298,15.5262,15.2007,15.4554,15.804,15.8037,15.6304,15.274,14.8261,14.6897,15.3232,14.8551,9.45658,8.86842,8.44846,8.09771,7.74074,7.46647,7.13543,6.87208,6.596,6.34258,6.10871,5.86599,5.64221,5.41302,5.22225,5.00669,4.82565,4.62497,4.45515,4.28355,4.11195,3.95355,3.79603,3.66175,3.52614,3.38293,3.25087,3.11408,2.98832,2.8723,2.76493,2.65466,2.54307,2.44946,2.34582,2.25823,2.16277,2.08154,1.99416,1.91933,1.83967,1.76636,1.69433,1.62794,1.56287,1.49941,1.4409,1.3839,1.32857,1.27505,1.22341,1.17372,1.12791,1.082,1.03969,0.997555,0.957324,0.918941,0.882346,0.846394,0.813258,0.779866,0.749109,0.723039,0.692177,0.662521,0.634091,0.606894,0.580919,0.556146,0.532122,0.509309,0.4873,0.466462,0.446435,0.427235,0.408865,0.391321,0.37459,0.358459,0.343132,0.328415,0.314316,0.300836,0.287844,0.275588,0.263708,0.25243,0.241553,0.231176,0.221289,0.211811,0.202744,0.194028,0.19
0.0107,23.2237,17.2922,15.0749,13.9151,12.7071,12.7931,13.0535,14.089,15.0699,16.1044,16.3347,16.2041,15.9243,15.5689,15.1949,14.9294,15.4847,16.7534,18.4159,17.9912,17.0018,16.1917,15.6021,15.3171,15.619,15.9602,15.9518,15.7846,15.4437,15.0393,15.0844,15.7162,15.2454,14.143,9.36077,8.73119,8.30851,7.90884,7.61232,7.26153,6.98611,6.69976,6.43846,6.19832,5.94987,5.72135,5.48775,5.29359,5.07443,4.89053,4.68684,4.51456,4.34056,4.16662,4.00611,3.84654,3.71056,3.57321,3.42819,3.29447,3.15597,3.02863,2.91117,2.80246,2.69081,2.57783,2.48304,2.3781,2.2894,2.19274,2.11048,2.02198,1.94619,1.86551,1.79125,1.71828,1.65103,1.58511,1.52081,1.46153,1.40377,1.34771,1.29347,1.24114,1.19077,1.14434,1.0978,1.05491,1.0122,0.971415,0.932501,0.895397,0.858944,0.825345,0.791485,0.760295,0.733858,0.702559,0.672482,0.643648,0.616063,0.589716,0.564588,0.540218,0.517076,0.494749,0.473609,0.453291,0.433812,0.415175,0.397374,0.380398,0.364031,0.348478,0.333545,0.319239,0.30556,0.292376,0.279939,0.267883,0.256437,0.245399,0.234867,0.224833,0.215214,0.206011,0.197165,0.193077
0.0141,23.2442,17.2962,15.0804,13.9238,12.7297,12.831,13.0966,14.1466,15.1394,16.1627,16.3825,16.25,15.9686,15.6125,15.2402,14.991,15.6087,16.8679,18.5333,18.052,17.0566,16.2509,15.6752,15.4303,15.7729,16.1047,16.0886,15.9261,15.5975,15.2306,15.4408,16.0118,15.5261,14.6587,12.8771,10.8774,8.6838,8.16167,7.81606,7.42721,7.13061,6.82728,6.55359,6.30395,6.0471,5.81185,5.57214,5.37337,5.14945,4.96185,4.7543,4.57894,4.40197,4.22519,4.06214,3.90012,3.76215,3.62279,3.47568,3.34007,3.19964,3.07054,2.95147,2.84128,2.72812,2.61362,2.51756,2.41122,2.32133,2.22338,2.14002,2.05034,1.97354,1.89178,1.81653,1.74259,1.67443,1.60762,1.54246,1.48238,1.42384,1.36701,1.31203,1.25899,1.20794,1.16087,1.1137,1.07022,1.02692,0.985569,0.946116,0.908498,0.871538,0.837471,0.803138,0.771512,0.744704,0.712966,0.682465,0.653225,0.62525,0.59853,0.573046,0.54833,0.524858,0.502213,0.480772,0.460163,0.440405,0.4215,0.403445,0.386224,0.369622,0.353845,0.338696,0.324183,0.310306,0.296932,0.284314,0.272083,0.260471,0.249273,0.238588,0.228407,0.218648,0.209312,0.200337,0.196189
0.0186,23.2642,17.3002,15.086,13.9326,12.7517,12.8688,13.1396,14.2039,15.2085,16.2202,16.4298,16.2954,16.0123,15.6555,15.2849,15.0539,15.7296,16.979,18.6477,18.1111,17.1099,16.3087,15.7468,15.5423,15.9203,16.2413,16.218,16.0591,15.7407,15.4086,15.7624,16.2574,15.7559,14.9826,14.392,12.5162,11.458,8.7601,8.18217,7.68475,7.34022,7.00294,6.70652,6.44049,6.16982,5.92393,5.6749,5.46931,5.23849,5.04565,4.83279,4.65326,4.47232,4.29181,4.12549,3.96036,3.81986,3.67801,3.52834,3.39043,3.24766,3.11647,2.9955,2.88358,2.76866,2.6524,2.55488,2.44693,2.3557,2.25628,2.17169,2.08069,2.00276,1.91981,1.84345,1.76844,1.69929,1.63151,1.56541,1.50445,1.44507,1.38742,1.33164,1.27783,1.22604,1.17829,1.13044,1.08632,1.0424,1.00045,0.960423,0.922258,0.88476,0.850197,0.815364,0.783278,0.756078,0.723877,0.692931,0.663263,0.634878,0.607767,0.581909,0.55683,0.533014,0.510036,0.488279,0.467367,0.447318,0.428134,0.409812,0.392338,0.37549,0.35948,0.344106,0.329379,0.315296,0.301724,0.288919,0.276506,0.264722,0.253357,0.242513,0.232181,0.222277,0.212801,0.203693,0.199483
0.0246,23.2837,17.3042,15.0915,13.9415,12.7738,12.9068,13.1827,14.2613,15.2778,16.2773,16.4768,16.3404,16.0556,15.6982,15.3294,15.1187,15.8479,17.0878,18.7598,18.1689,17.1622,16.3654,15.8174,15.654,16.0626,16.3718,16.3415,16.1855,15.8759,15.5777,16.0509,16.4712,15.9547,15.2395,14.8349,14.7224,14.3459,11.4879,10.6876,8.34171,7.74055,7.29562,6.94244,6.64063,6.34253,6.07697,5.81162,5.5946,5.35267,5.15164,4.93067,4.74494,4.55826,4.37243,4.20154,4.03213,3.88821,3.74303,3.58998,3.44908,3.30332,3.16947,3.04609,2.93201,2.81491,2.69649,2.59719,2.4873,2.39445,2.2933,2.20724,2.11468,2.03543,1.95107,1.87344,1.79717,1.72688,1.65799,1.5908,1.52885,1.4685,1.40992,1.35324,1.29857,1.24594,1.19743,1.14881,1.10399,1.05936,1.01674,0.976082,0.937311,0.899219,0.864108,0.828722,0.796127,0.768498,0.735787,0.704351,0.674214,0.645381,0.617842,0.591575,0.566101,0.541909,0.518568,0.496468,0.475226,0.45486,0.435374,0.416762,0.399012,0.381898,0.365636,0.35002,0.33506,0.320755,0.306968,0.293961,0.281353,0.269383,0.257838,0.246823,0.236328,0.226267,0.216642,0.20739,0.203114
0.0324,23.3023,17.308,15.0969,13.9502,12.7955,12.9439,13.225,14.3175,15.3455,16.3325,16.5224,16.384,16.0976,15.7395,15.3727,15.1839,15.961,17.1919,18.8671,18.224,17.2122,16.4198,15.8857,15.7627,16.1967,16.4939,16.4571,16.3034,16.0012,15.7366,16.3042,16.6577,16.1277,15.4543,15.1642,15.1811,14.9928,14.3471,11.5825,10.8222,10.1097,8.58285,7.46178,7.00971,6.62922,6.31486,6.01377,5.77383,5.51099,5.29539,5.06063,4.86475,4.66892,4.47489,4.29711,4.12141,3.97253,3.82262,3.66486,3.51985,3.37004,3.23261,3.10608,2.98917,2.86926,2.74807,2.64651,2.53418,2.43931,2.336,2.24814,2.15366,2.0728,1.98676,1.90759,1.82983,1.75818,1.68797,1.6195,1.55639,1.4949,1.43523,1.37751,1.32183,1.26825,1.21885,1.16935,1.12373,1.0783,1.03492,0.993537,0.954078,0.915312,0.879582,0.843574,0.810408,0.782294,0.749011,0.717027,0.686366,0.657032,0.629015,0.602294,0.576379,0.551768,0.528025,0.505544,0.483937,0.463221,0.4434,0.424469,0.406415,0.389008,0.372467,0.356584,0.341368,0.326819,0.312796,0.299568,0.286744,0.27457,0.262828,0.251626,0.240952,0.23072,0.220931,0.211522,0.207173
0.0428,23.3206,17.3118,15.1023,13.959,12.8175,12.9813,13.2675,14.3739,15.4135,16.3874,16.5679,16.4275,16.1394,15.7805,15.416,15.2514,16.0719,17.2943,18.9725,18.278,17.2614,16.4734,15.9534,15.8716,16.3268,16.6116,16.5686,16.4166,16.1211,15.8916,16.5347,16.8278,16.2854,15.6464,15.4463,15.5184,15.3601,14.9378,14.5104,11.483,10.9386,10.3484,9.76009,9.12766,8.08373,6.93135,6.43424,6.11005,5.7852,5.53222,5.26556,5.04799,4.83379,4.6241,4.43373,4.24694,4.08958,3.9318,3.76641,3.61487,3.45875,3.3159,3.18463,3.06354,2.93952,2.81436,2.70958,2.59382,2.49613,2.38985,2.29952,2.20246,2.11944,2.03114,1.94993,1.87021,1.79678,1.72485,1.65473,1.59011,1.52718,1.46612,1.40707,1.35012,1.29533,1.24482,1.19422,1.14759,1.10117,1.05685,1.01457,0.97426,0.934665,0.898174,0.861404,0.827538,0.798834,0.764855,0.732205,0.700908,0.670967,0.642372,0.615102,0.588656,0.563544,0.539317,0.516379,0.494333,0.473198,0.452978,0.433666,0.415248,0.397492,0.380619,0.364418,0.348898,0.334059,0.319758,0.306266,0.293188,0.280772,0.268797,0.257373,0.246488,0.236054,0.226072,0.216476,0.212042
0.0565,23.3382,17.3155,15.1077,13.9679,12.8392,13.0184,13.3096,14.4298,15.4807,16.4413,16.6125,16.4702,16.1803,15.8208,15.4587,15.3204,16.1792,17.3937,19.0748,18.3304,17.3091,16.5256,16.0198,15.9791,16.4513,16.7239,16.6749,16.5243,16.2348,16.0422,16.7434,16.9827,16.4291,15.8198,15.6955,15.7931,15.6438,15.2853,15.0347,14.9947,14.5162,10.9314,10.4322,9.96422,9.46261,8.97679,8.43924,7.93001,7.14233,6.25753,5.74786,5.42994,5.14958,4.89243,4.6684,4.45459,4.27798,4.10338,3.92244,3.7582,3.59029,3.43761,3.29799,3.16973,3.03883,2.90714,2.79718,2.67597,2.57391,2.46305,2.36898,2.26805,2.18182,2.09021,2.00605,1.9235,1.84753,1.77316,1.70072,1.63401,1.56907,1.5061,1.44523,1.38655,1.33012,1.27812,1.22605,1.17807,1.13033,1.08475,1.04129,0.999867,0.959185,0.9217,0.883937,0.849162,0.819693,0.784814,0.751305,0.719189,0.68847,0.659136,0.631165,0.604042,0.57829,0.553448,0.529931,0.507331,0.485666,0.464941,0.445148,0.426274,0.408078,0.390789,0.37419,0.35829,0.343088,0.328437,0.314616,0.30122,0.288503,0.276239,0.264538,0.253391,0.242705,0.232483,0.222657,0.218116
0.0746,23.3554,17.3192,15.1131,13.9767,12.8603,13.0554,13.3516,14.4854,15.5476,16.4944,16.6566,16.5123,16.2207,15.8605,15.501,15.3912,16.2836,17.4908,19.1745,18.3813,17.3557,16.5766,16.0853,16.0856,16.5711,16.8315,16.777,16.6274,16.3434,16.1902,16.9352,17.1258,16.562,15.98,15.9217,16.0296,15.883,15.5595,15.3931,15.5072,15.1649,14.6738,10.9241,10.4719,10.0073,9.57748,9.13267,8.75689,8.32401,7.95139,7.52471,7.14696,6.73941,6.28178,5.75301,5.1505,4.79546,4.51838,4.26591,4.0536,3.84697,3.66543,3.50335,3.35703,3.20974,3.0633,2.94215,2.80961,2.69871,2.57891,2.47774,2.3696,2.27754,2.18002,2.09069,2.00328,1.923,1.84457,1.7683,1.69816,1.62999,1.56396,1.50021,1.43883,1.37984,1.32555,1.27122,1.2212,1.17145,1.124,1.07878,1.0357,0.993411,0.954467,0.91525,0.879153,0.848574,0.812395,0.777649,0.74436,0.712528,0.682142,0.653175,0.625094,0.598439,0.572734,0.548403,0.525027,0.502622,0.481193,0.460731,0.441223,0.422419,0.404554,0.387405,0.37098,0.355278,0.340147,0.325875,0.312044,0.298914,0.286253,0.274176,0.26267,0.251642,0.241093,0.230954,0.226268
0.1,23.3729,17.323,15.1187,13.9858,12.8826,13.0941,13.3956,14.5436,15.6176,16.5495,16.7024,16.556,16.2627,15.9017,15.5452,15.4677,16.3905,17.5906,19.2768,18.4334,17.4035,16.6292,16.1535,16.1967,16.6927,16.9405,16.8804,16.7315,16.4529,16.3442,17.122,17.2657,16.6922,16.1374,16.1403,16.2498,16.1033,15.8048,15.7081,15.8863,15.5399,15.2059,15.0802,14.8408,10.4861,10.053,9.61644,9.25499,8.84665,8.50282,8.12005,7.79435,7.46323,7.12984,6.81977,6.50892,6.24836,5.97599,5.68476,5.41196,5.12344,4.85044,4.58855,4.33258,4.04793,3.73418,3.47972,3.24008,3.06553,2.89361,2.75731,2.6179,2.50303,2.38433,2.27775,2.17511,2.08207,1.99213,1.90546,1.82638,1.75003,1.6765,1.60588,1.53818,1.47339,1.41397,1.35469,1.30028,1.2463,1.19494,1.14609,1.09965,1.05415,1.01231,0.970241,0.931574,0.898858,0.860195,0.823108,0.787615,0.753711,0.721377,0.690581,0.660751,0.632458,0.605192,0.579402,0.554639,0.530919,0.508244,0.486605,0.465983,0.446115,0.427248,0.409144,0.39181,0.375246,0.35929,0.344244,0.329667,0.315834,0.302498,0.289781,0.277667,0.26606,0.254959,0.244291,0.239363
0.12,23.3835,17.3253,15.1221,13.9916,12.8965,13.1176,13.4229,14.5797,15.6609,16.5834,16.7307,16.5829,16.2885,15.9271,15.5726,15.5163,16.4556,17.6515,19.3391,18.4652,17.4327,16.6614,16.1955,16.2653,16.7661,17.0063,16.9427,16.7942,16.5188,16.4394,17.2314,17.3481,16.7689,16.2307,16.2677,16.3754,16.2283,15.9422,15.8857,16.0802,15.7262,15.4391,15.3719,15.189,14.8965,14.6219,9.89914,9.53026,9.11821,8.77404,8.39323,8.0709,7.74473,7.41793,7.11557,6.81421,6.56328,6.30266,6.02677,5.77173,5.50688,5.26274,5.03692,4.8274,4.61159,4.39247,4.20797,4.00284,3.82857,3.63748,3.47362,3.29561,3.14131,2.97448,2.81785,2.66032,2.51182,2.36484,2.22425,2.10108,1.98861,1.88604,1.7919,1.70491,1.62406,1.55157,1.48059,1.41642,1.35356,1.29439,1.23862,1.18602,1.13483,1.08804,1.04124,0.998425,0.962336,0.919841,0.879223,0.840476,0.80357,0.768465,0.735109,0.702869,0.67235,0.642992,0.615269,0.588691,0.563268,0.538996,0.515862,0.493839,0.472643,0.452534,0.433256,0.414813,0.397204,0.380252,0.36428,0.348814,0.334147,0.320015,0.306545,0.293722,0.28144,0.269699,0.258422,0.253213
0.14,23.3923,17.3272,15.1251,13.9965,12.9082,13.1384,13.446,14.6101,15.6973,16.6118,16.7544,16.6055,16.3101,15.9483,15.5956,15.558,16.5097,17.7023,19.391,18.4916,17.457,16.6883,16.2307,16.3229,16.8268,17.0606,16.9943,16.8461,16.5732,16.5196,17.3203,17.415,16.8314,16.3071,16.3709,16.4758,16.328,16.0511,16.0282,16.2269,15.8665,15.6117,15.5741,15.4082,15.174,15.046,14.7698,9.77543,9.34905,8.99716,8.61067,8.28521,7.95706,7.62921,7.32657,7.02552,6.77518,6.51555,6.24112,5.98782,5.72524,5.48362,5.26058,5.05409,4.84193,4.6272,4.44704,4.24761,4.07908,3.89549,3.73934,3.57144,3.42777,3.27494,3.1344,2.99646,2.86944,2.74509,2.62394,2.51234,2.40377,2.29852,2.19682,2.09883,2.00463,1.9179,1.83109,1.75115,1.67165,1.59582,1.52356,1.45473,1.3872,1.32506,1.26255,1.20512,1.15658,1.09938,1.04474,0.992794,0.943603,0.897191,0.853536,0.81182,0.772807,0.735734,0.701136,0.668338,0.637297,0.607945,0.580215,0.554029,0.529008,0.50543,0.482959,0.46158,0.441267,0.421803,0.403536,0.385917,0.369265,0.353272,0.338073,0.323641,0.309853,0.296703,0.284098,0.278284
0.16,23.3999,17.3289,15.1276,14.0007,12.9184,13.1558,13.4658,14.6364,15.7289,16.6362,16.7747,16.625,16.3287,15.9665,15.6155,15.5945,16.556,17.7459,19.4353,18.5141,17.4778,16.7113,16.2611,16.3725,16.8785,17.1068,17.0382,16.8901,16.6195,16.5887,17.3949,17.4713,16.884,16.3717,16.4571,16.559,16.4105,16.1411,16.1471,16.344,15.9785,15.7488,15.7291,15.571,15.3663,15.2874,15.0635,14.8615,9.57126,9.20355,8.80497,8.47202,8.13802,7.80553,7.49941,7.19547,6.94296,6.68141,6.40517,6.15038,5.88637,5.64353,5.41943,5.21199,4.99889,4.78324,4.60232,4.40205,4.23283,4.04848,3.89169,3.7231,3.57884,3.42539,3.28428,3.14578,3.01827,2.89343,2.77182,2.65983,2.55088,2.44529,2.3433,2.24505,2.15066,2.06378,1.97687,1.89689,1.81741,1.74165,1.6695,1.60084,1.53352,1.47159,1.4093,1.35204,1.3036,1.24636,1.19147,1.13896,1.08884,1.04108,0.995623,0.951634,0.909952,0.869827,0.831916,0.795557,0.760773,0.727562,0.69591,0.665785,0.636801,0.609315,0.582975,0.557791,0.533758,0.510639,0.48887,0.467807,0.447847,0.428631,0.41033,0.392922,0.376262,0.36035,0.34508,0.338031
0.18,23.4064,17.3303,15.1298,14.0044,12.9274,13.1712,13.4833,14.6595,15.7566,16.6576,16.7926,16.642,16.345,15.9826,15.633,15.627,16.5964,17.784,19.474,18.5338,17.496,16.7315,16.2878,16.4161,16.9235,17.147,17.0764,16.9284,16.6598,16.6496,17.459,17.5197,16.9293,16.4276,16.5311,16.63,16.4807,16.2175,16.2489,16.441,16.0713,15.8623,15.8545,15.7006,15.516,15.4669,15.2568,15.1012,9.81581,9.41634,8.99578,8.64993,8.30608,7.9658,7.65377,7.34482,7.0885,6.8235,6.54392,6.28625,6.01939,5.77403,5.54766,5.33814,5.1229,4.90508,4.72231,4.51997,4.34895,4.1626,4.00405,3.83352,3.68753,3.53218,3.38927,3.24893,3.11965,2.99302,2.8696,2.75588,2.64518,2.53782,2.43405,2.33403,2.23786,2.14928,2.06061,1.97896,1.89773,1.82026,1.74642,1.67609,1.60707,1.54352,1.47956,1.4207,1.37086,1.31192,1.25535,1.20118,1.14941,1.10003,1.05298,1.0074,0.964171,0.922508,0.883101,0.845267,0.809031,0.774397,0.741352,0.709867,0.67954,0.650749,0.62313,0.596693,0.571439,0.547118,0.524193,0.501989,0.480925,0.460626,0.441273,0.422846,0.405194,0.388318,0.372107,0.364618
0.2,23.4123,17.3316,15.1318,14.0078,12.9355,13.1849,13.4988,14.6802,15.7814,16.6766,16.8086,16.6572,16.3595,15.9968,15.6486,15.6563,16.6322,17.8178,19.5084,18.5513,17.5121,16.7494,16.3116,16.455,16.9632,17.1825,17.1101,16.9622,16.6953,16.704,17.515,17.5621,16.969,16.4769,16.5956,16.6916,16.5416,16.2837,16.3378,16.5232,16.1502,15.959,15.9593,15.8079,15.6389,15.6108,15.4051,15.2744,10.1566,9.66921,9.20328,8.83444,8.47438,8.12199,7.80114,7.48491,7.22319,6.9534,6.66925,6.40769,6.13706,5.8884,5.65908,5.4469,5.22898,5.00845,4.82342,4.61856,4.44539,4.25667,4.09608,3.9233,3.77536,3.61787,3.47295,3.33059,3.1994,3.07085,2.94551,2.82997,2.71745,2.60829,2.50272,2.40092,2.30299,2.21276,2.12238,2.03912,1.95625,1.87717,1.80177,1.72991,1.65936,1.59437,1.52891,1.46866,1.41761,1.35722,1.29921,1.24365,1.19052,1.13981,1.09147,1.04463,1.00017,0.957298,0.916732,0.877767,0.84043,0.804728,0.770647,0.738162,0.706858,0.677126,0.648592,0.62127,0.595158,0.570002,0.546281,0.523297,0.501486,0.480459,0.460405,0.441305,0.423002,0.405498,0.388678,0.380907
0.22,23.4174,17.3328,15.1336,14.0108,12.9427,13.1974,13.5129,14.6988,15.8037,16.6938,16.8229,16.6709,16.3726,16.0096,15.6627,15.683,16.6643,17.8481,19.5391,18.5669,17.5266,16.7655,16.3331,16.49,16.9986,17.2142,17.1402,16.9924,16.727,16.7529,17.5647,17.5996,17.0042,16.5208,16.6526,16.7458,16.5952,16.342,16.4164,16.5944,16.2186,16.0429,16.049,15.8992,15.743,15.7308,15.5259,15.4126,15.2902,10.0896,9.46764,9.0479,8.65785,8.28544,7.951,7.62418,7.35493,7.07869,6.78854,6.52201,6.24666,5.99397,5.76112,5.5458,5.32475,5.10114,4.91356,4.7059,4.53039,4.3391,4.17632,4.00118,3.85119,3.69151,3.54453,3.40013,3.26703,3.13657,3.00935,2.89204,2.77777,2.66687,2.5596,2.45613,2.35656,2.26479,2.17284,2.08811,2.00376,1.92323,1.84642,1.77321,1.7013,1.63504,1.56829,1.50682,1.45473,1.39309,1.33387,1.27711,1.22284,1.17102,1.12161,1.07371,1.02823,0.984375,0.942863,0.902978,0.864749,0.828185,0.793274,0.759988,0.727906,0.697428,0.668172,0.640152,0.613367,0.587559,0.563217,0.539628,0.517238,0.495649,0.475056,0.455439,0.436637,0.418654,0.401371,0.393385
0.24,23.4222,17.3338,15.1353,14.0136,12.9492,13.2088,13.5258,14.7158,15.8241,16.7094,16.8359,16.6833,16.3845,16.0212,15.6756,15.7075,16.6935,17.8757,19.567,18.5811,17.5398,16.7802,16.3526,16.5218,17.0307,17.2429,17.1675,17.0197,16.7557,16.7976,17.6093,17.6334,17.0359,16.5605,16.7037,16.7943,16.6431,16.3941,16.4868,16.657,16.2789,16.117,16.1274,15.9786,15.8336,15.8337,15.628,15.5282,15.4154,11.4101,10.0331,9.35373,8.88597,8.47355,8.11564,7.7721,7.49165,7.20632,6.90808,6.63506,6.35375,6.09607,5.85897,5.63994,5.41527,5.18813,4.99769,4.78695,4.60887,4.41483,4.24972,4.07208,3.91997,3.75802,3.60895,3.46248,3.32747,3.19512,3.06604,2.947,2.83102,2.71845,2.60955,2.50448,2.40336,2.31014,2.21672,2.13062,2.04489,1.96303,1.88493,1.81048,1.73734,1.66993,1.60201,1.53945,1.48643,1.42367,1.36337,1.30557,1.25028,1.19748,1.14714,1.09832,1.05196,1.00725,0.964916,0.924238,0.885243,0.847941,0.812319,0.778351,0.745606,0.714495,0.684627,0.656017,0.628666,0.602308,0.577445,0.553348,0.530473,0.508414,0.487372,0.467324,0.448108,0.429726,0.412059,0.403894
0.26,23.4264,17.3348,15.1368,14.0162,12.9551,13.2193,13.5376,14.7315,15.8428,16.7237,16.8479,16.6947,16.3954,16.0319,15.6875,15.7302,16.7201,17.9009,19.5925,18.594,17.5518,16.7936,16.3705,16.551,17.06,17.2691,17.1923,17.0446,16.7819,16.8385,17.6496,17.664,17.0645,16.5966,16.7498,16.838,16.6863,16.441,16.5504,16.7127,16.3326,16.1832,16.1967,16.0486,15.9134,15.9234,15.7162,15.6275,15.5211,15.3954,11.1503,10.3436,9.27372,8.72829,8.31729,7.94254,7.64341,7.34407,7.03412,6.75216,6.46293,6.19891,5.95651,5.73298,5.50399,5.27276,5.07905,4.86482,4.6839,4.48684,4.31922,4.13893,3.98457,3.82025,3.66901,3.52042,3.38346,3.2492,3.11825,2.99749,2.87983,2.76561,2.65511,2.54849,2.44587,2.35125,2.25643,2.16902,2.08198,1.99886,1.91956,1.84394,1.76965,1.70117,1.63216,1.5686,1.51472,1.45094,1.38964,1.33089,1.27467,1.22099,1.16979,1.12014,1.07299,1.0275,0.984434,0.943045,0.903365,0.865404,0.829149,0.794574,0.761242,0.729569,0.699159,0.670029,0.642177,0.615334,0.590013,0.565469,0.542169,0.519699,0.498262,0.477837,0.458259,0.439529,0.421527,0.413207
0.28,23.4304,17.3357,15.1382,14.0185,12.9606,13.2289,13.5487,14.746,15.8601,16.7369,16.859,16.7052,16.4054,16.0417,15.6985,15.7513,16.7446,17.9241,19.6159,18.6059,17.5628,16.8059,16.3871,16.5779,17.0869,17.2931,17.2151,17.0674,16.8059,16.8763,17.6865,17.6919,17.0908,16.6298,16.792,16.8777,16.7256,16.4837,16.6083,16.7628,16.381,16.243,16.2588,16.1113,15.985,16.0029,15.794,15.7147,15.6128,15.4941,15.4016,10.9716,10.314,9.33609,8.63259,8.17019,7.83103,7.50601,7.17665,6.881,6.58038,6.30763,6.05824,5.82894,5.59458,5.35836,5.16078,4.94249,4.7583,4.55783,4.38741,4.20419,4.04738,3.88051,3.72697,3.57614,3.43713,3.30089,3.16802,3.04549,2.92611,2.81024,2.69813,2.58996,2.48584,2.38985,2.29364,2.20495,2.11663,2.03229,1.95181,1.87507,1.79967,1.73017,1.66012,1.5956,1.5409,1.47614,1.41391,1.35425,1.29717,1.24265,1.19065,1.14022,1.09233,1.04613,1.00238,0.960327,0.920012,0.88144,0.8446,0.809466,0.775591,0.743403,0.712495,0.682886,0.654575,0.62729,0.601549,0.576597,0.552908,0.530063,0.508267,0.487499,0.467591,0.448546,0.430238,0.421778
0.3,23.434,17.3365,15.1395,14.0208,12.9657,13.238,13.5589,14.7594,15.8762,16.7491,16.8693,16.715,16.4148,16.0509,15.7087,15.771,16.7672,17.9457,19.6377,18.617,17.5731,16.8174,16.4026,16.603,17.1117,17.3153,17.2362,17.0885,16.8282,16.9114,17.7205,17.7176,17.115,16.6605,16.8306,16.9142,16.7615,16.5229,16.6615,16.8083,16.4251,16.2975,16.3149,16.1678,16.0498,16.0741,15.8634,15.7922,15.6936,15.5807,15.496,15.3809,10.7507,10.1586,9.50679,8.63273,8.12118,7.72644,7.35558,7.03488,6.71544,6.42935,6.16984,5.93255,5.69103,5.44838,5.24592,5.02265,4.83454,4.63005,4.45639,4.26983,4.11027,3.94057,3.78448,3.63122,3.49002,3.35167,3.21676,3.09238,2.97121,2.85361,2.73984,2.63009,2.52445,2.42705,2.32945,2.23947,2.14987,2.06431,1.98266,1.90481,1.82831,1.7578,1.68674,1.62127,1.56578,1.50008,1.43694,1.3764,1.31848,1.26315,1.21039,1.15921,1.11061,1.06371,1.01931,0.976632,0.935712,0.89656,0.859165,0.8235,0.789113,0.756435,0.725058,0.694997,0.666254,0.638551,0.612415,0.58708,0.563027,0.539829,0.517696,0.496607,0.476391,0.45705,0.438458,0.429866
0.32,23.4374,17.3373,15.1407,14.0229,12.9704,13.2464,13.5684,14.772,15.8913,16.7605,16.8789,16.7242,16.4235,16.0594,15.7183,15.7895,16.7884,17.9657,19.6579,18.6272,17.5826,16.828,16.417,16.6263,17.1347,17.3359,17.2558,17.1081,16.8488,16.9441,17.7518,17.7413,17.1373,16.6889,16.8663,16.9478,16.7947,16.559,16.7104,16.8499,16.4654,16.3474,16.366,16.2191,16.1089,16.1383,15.9259,15.862,15.7657,15.6578,15.5794,15.4679,11.0457,10.5037,9.99028,9.43813,8.88451,8.18487,7.63778,7.2487,6.88862,6.57764,6.30117,6.05141,5.7993,5.54761,5.33854,5.10874,4.91563,4.70615,4.52853,4.33798,4.17519,4.0022,3.84322,3.68722,3.54356,3.40288,3.26574,3.13935,3.01626,2.89682,2.7813,2.66986,2.56263,2.46378,2.36472,2.27342,2.1825,2.09569,2.01285,1.93387,1.85627,1.78474,1.71265,1.64625,1.58996,1.52331,1.45926,1.39786,1.33911,1.28299,1.22947,1.17755,1.12825,1.08068,1.03564,0.992351,0.950842,0.911125,0.87319,0.83701,0.802125,0.768975,0.737143,0.706646,0.677486,0.64938,0.622864,0.59716,0.572757,0.54922,0.526764,0.505367,0.484855,0.465231,0.446366,0.437648
0.34,23.4406,17.338,15.1419,14.0248,12.9749,13.2543,13.5774,14.7839,15.9054,16.7713,16.8878,16.7327,16.4316,16.0675,15.7273,15.807,16.8081,17.9845,19.6768,18.6368,17.5915,16.838,16.4306,16.6482,17.1563,17.3552,17.2742,17.1264,16.8681,16.9748,17.781,17.7634,17.1581,16.7156,16.8994,16.9789,16.8254,16.5926,16.7559,16.8881,16.5026,16.3935,16.4129,16.2663,16.1633,16.1969,15.9828,15.9254,15.8309,15.7274,15.6542,15.5456,15.4664,10.7659,10.2771,9.78643,9.36349,8.89749,8.33318,7.70773,7.17399,6.79199,6.47688,6.20254,5.93165,5.66517,5.4459,5.20656,5.00646,4.79022,4.60741,4.41176,4.24492,4.0679,3.90543,3.74617,3.59964,3.45626,3.31658,3.18791,3.06266,2.94118,2.82372,2.71045,2.60149,2.50106,2.40046,2.30773,2.21542,2.12729,2.04321,1.96304,1.88429,1.8117,1.73855,1.67118,1.61407,1.54645,1.48148,1.41918,1.35959,1.30267,1.24837,1.19572,1.14571,1.09747,1.05178,1.00788,0.965776,0.925495,0.887022,0.850327,0.814948,0.781327,0.749043,0.718114,0.68854,0.660035,0.633143,0.607075,0.582325,0.558454,0.53568,0.513979,0.493175,0.473273,0.45414,0.445299
0.36,23.4436,17.3387,15.1429,14.0267,12.9791,13.2618,13.5859,14.795,15.9187,16.7813,16.8963,16.7408,16.4393,16.075,15.7358,15.8235,16.8267,18.0022,19.6945,18.6458,17.5999,16.8474,16.4434,16.6688,17.1765,17.3732,17.2913,17.1436,16.8862,17.0036,17.8082,17.784,17.1776,16.7405,16.9304,17.008,16.8541,16.6239,16.7982,16.9235,16.5371,16.4362,16.4562,16.3098,16.2137,16.2507,16.035,15.9835,15.8903,15.7908,15.7219,15.6158,15.541,15.4426,10.513,10.0339,9.63692,9.21972,8.7654,8.32296,7.81558,7.27366,6.7954,6.43922,6.12005,5.82172,5.58304,5.32708,5.1156,4.88897,4.69855,4.49569,4.32332,4.14096,3.97396,3.81058,3.66048,3.51378,3.37103,3.23967,3.11189,2.98803,2.86835,2.75301,2.6421,2.53991,2.43757,2.34329,2.24945,2.15987,2.07444,1.993,1.91301,1.83929,1.76501,1.69661,1.63863,1.56999,1.50404,1.44082,1.38034,1.32258,1.26749,1.21407,1.16334,1.11439,1.06805,1.02351,0.980801,0.939942,0.900918,0.863699,0.827815,0.793716,0.760973,0.729605,0.699612,0.670703,0.64343,0.616994,0.591894,0.567687,0.544591,0.522585,0.501488,0.481306,0.461904,0.452938
0.38,23.4464,17.3393,15.144,14.0284,12.9831,13.2689,13.5939,14.8055,15.9313,16.7909,16.9043,16.7484,16.4465,16.0821,15.7438,15.8391,16.8441,18.0188,19.7112,18.6543,17.6078,16.8562,16.4555,16.6882,17.1955,17.3902,17.3075,17.1597,16.9031,17.0308,17.8337,17.8034,17.1958,16.764,16.9593,17.0351,16.8808,16.6531,16.8376,16.9564,16.5692,16.476,16.4963,16.35,16.2605,16.3002,16.0831,16.0369,15.9447,15.8489,15.7836,15.6795,15.6087,15.5131,15.4381,10.2489,9.85438,9.44875,9.01845,8.61603,8.18869,7.77958,7.37734,6.96987,6.51485,6.09584,5.79749,5.49998,5.26402,5.01734,4.81344,4.59863,4.41759,4.2272,4.05368,3.88453,3.7296,3.57851,3.4318,3.297,3.16606,3.03929,2.91692,2.79908,2.68585,2.5816,2.47726,2.38118,2.28559,2.19438,2.10742,2.02455,1.94318,1.86822,1.7927,1.72316,1.66423,1.59449,1.52748,1.46326,1.40184,1.34318,1.28724,1.233,1.18149,1.1318,1.08476,1.03955,0.996211,0.954746,0.915145,0.877378,0.840968,0.80637,0.77315,0.741325,0.710897,0.681571,0.653904,0.627087,0.601627,0.577072,0.553646,0.531324,0.509927,0.489456,0.469779,0.460685
0.4,23.449,17.3399,15.1449,14.0301,12.9869,13.2756,13.6015,14.8155,15.9432,16.7999,16.9118,16.7556,16.4533,16.0889,15.7514,15.854,16.8606,18.0346,19.727,18.6623,17.6153,16.8646,16.467,16.7066,17.2134,17.4062,17.3227,17.1749,16.9192,17.0565,17.8577,17.8216,17.213,16.7862,16.9865,17.0606,16.906,16.6806,16.8747,16.9871,16.5992,16.5133,16.5338,16.3876,16.3043,16.3461,16.1277,16.0864,15.995,15.9026,15.8404,15.7382,15.6706,15.5776,15.506,15.4212,10.0539,9.64555,9.21952,8.82742,8.41907,8.03926,7.68284,7.34528,6.98666,6.60367,6.2604,5.8589,5.5369,5.22627,4.98699,4.74487,4.54607,4.34054,4.15559,3.97691,3.81435,3.65663,3.50412,3.36444,3.22913,3.09841,2.97247,2.85139,2.7352,2.62836,2.52152,2.42323,2.32552,2.23235,2.14357,2.05902,1.97603,1.89961,1.82266,1.75182,1.69181,1.62081,1.55261,1.48727,1.42478,1.36511,1.30823,1.25308,1.20073,1.15023,1.10242,1.05649,1.01245,0.970327,0.930101,0.891742,0.854764,0.819629,0.785896,0.753582,0.722689,0.692915,0.664829,0.637606,0.611761,0.586838,0.56306,0.540405,0.518689,0.497914,0.477944,0.468716
0.42,23.4515,17.3405,15.1459,14.0317,12.9905,13.282,13.6088,14.825,15.9546,16.8085,16.919,16.7624,16.4598,16.0953,15.7587,15.8682,16.8763,18.0495,19.742,18.6699,17.6224,16.8725,16.4779,16.7241,17.2304,17.4214,17.3372,17.1893,16.9345,17.081,17.8804,17.8388,17.2292,16.8072,17.0121,17.0846,16.9297,16.7066,16.9096,17.0159,16.6274,16.5482,16.5688,16.4227,16.3454,16.3889,16.1694,16.1325,16.0416,15.9525,15.8929,15.7924,15.7277,15.6369,15.5682,15.4859,10.2584,9.83382,9.40076,9.00786,8.6033,8.23121,7.88645,7.5651,7.23168,6.88942,6.597,6.26518,5.97487,5.64497,5.3514,5.03326,4.77689,4.52621,4.31172,4.11127,3.93284,3.76235,3.59935,3.45133,3.30886,3.17196,3.0406,2.91475,2.79433,2.68385,2.5736,2.47233,2.37181,2.27609,2.18498,2.09829,2.01328,1.93506,1.85634,1.78392,1.72261,1.65009,1.58047,1.5138,1.45006,1.38923,1.33125,1.27506,1.22172,1.17029,1.12162,1.07485,1.03003,0.987169,0.946241,0.907218,0.869605,0.833873,0.79957,0.766714,0.735305,0.705038,0.676489,0.648819,0.622554,0.597226,0.573064,0.550044,0.52798,0.506873,0.486586,0.477211
0.44,23.4539,17.341,15.1467,14.0332,12.994,13.2881,13.6156,14.8341,15.9654,16.8167,16.9259,16.7689,16.466,16.1014,15.7656,15.8818,16.8912,18.0638,19.7562,18.6772,17.6291,16.8801,16.4883,16.7407,17.2465,17.4359,17.3509,17.203,16.949,17.1042,17.9019,17.855,17.2446,16.8272,17.0364,17.1073,16.9521,16.7312,16.9426,17.043,16.654,16.5812,16.6018,16.4557,16.3842,16.4288,16.2083,16.1757,16.0851,15.999,15.9418,15.8427,15.7806,15.6918,15.6255,15.5455,15.5704,10.0342,9.58027,9.17778,8.76875,8.39605,8.05324,7.73589,7.40911,7.07693,6.7966,6.48388,6.21712,5.92304,5.66916,5.39095,5.14699,4.88089,4.62931,4.3797,4.15548,3.94715,3.75509,3.58625,3.42763,3.27772,3.13573,3.00103,2.87314,2.75652,2.6407,2.53476,2.42993,2.3304,2.23589,2.14615,2.05831,1.97759,1.89648,1.82195,1.75891,1.68442,1.61298,1.5446,1.47929,1.41699,1.35765,1.30017,1.24563,1.19307,1.14334,1.09558,1.04982,1.00608,0.964316,0.924511,0.886153,0.849721,0.814752,0.781267,0.749262,0.718424,0.689343,0.661161,0.634412,0.608621,0.584021,0.560586,0.538126,0.516644,0.495997,0.486456
0.46,23.4561,17.3416,15.1476,14.0346,12.9973,13.294,13.6222,14.8428,15.9757,16.8245,16.9325,16.7751,16.472,16.1072,15.7723,15.8948,16.9054,18.0773,19.7698,18.6841,17.6356,16.8873,16.4983,16.7566,17.2619,17.4496,17.364,17.2161,16.9628,17.1263,17.9223,17.8705,17.2592,16.8462,17.0594,17.1288,16.9733,16.7545,16.9737,17.0686,16.6791,16.6124,16.6328,16.4868,16.4208,16.4663,16.245,16.2161,16.1258,16.0427,15.9873,15.8896,15.8298,15.7428,15.6788,15.6007,15.6278,15.5596,9.77784,9.35234,8.93026,8.55073,8.20445,7.88573,7.55915,7.22876,6.95123,6.64327,6.38217,6.09654,5.85239,5.58835,5.36089,5.11704,4.89072,4.66609,4.45654,4.24839,4.04285,3.85091,3.66286,3.48191,3.31124,3.15228,3.00474,2.87288,2.74425,2.62827,2.51472,2.40783,2.30704,2.21188,2.11915,2.0343,1.94932,1.87147,1.80576,1.72828,1.65411,1.58327,1.51569,1.45133,1.3901,1.33084,1.27468,1.2206,1.16947,1.12041,1.07343,1.02854,0.985709,0.944905,0.905602,0.868287,0.832488,0.798216,0.765469,0.733928,0.70419,0.675381,0.648042,0.62169,0.596558,0.572623,0.549686,0.527752,0.506674,0.496936
0.48,23.4583,17.3421,15.1484,14.036,13.0005,13.2995,13.6287,14.8511,15.9856,16.8319,16.9387,16.7811,16.4776,16.1128,15.7787,15.9072,16.919,18.0903,19.7828,18.6906,17.6417,16.8942,16.5079,16.7718,17.2765,17.4627,17.3764,17.2286,16.976,17.1475,17.9417,17.8852,17.2731,16.8644,17.0812,17.1493,16.9935,16.7766,17.0033,17.0928,16.7029,16.6419,16.6621,16.5161,16.4556,16.5016,16.2795,16.2542,16.1641,16.0838,16.03,15.9337,15.8758,15.7904,15.7285,15.6521,15.6812,15.6149,15.5427,9.55324,9.10204,8.70737,8.35217,8.02788,7.69745,7.36464,7.08606,6.7779,6.51736,6.23318,5.99101,5.73002,5.50608,5.26716,5.0467,4.82951,4.62876,4.43138,4.2382,4.05935,3.8844,3.71372,3.54771,3.38675,3.23122,3.08716,2.94247,2.80927,2.6775,2.55331,2.43687,2.32803,2.22325,2.1285,2.0346,1.94938,1.87801,1.79449,1.71506,1.63957,1.56791,1.4999,1.43541,1.37318,1.31435,1.25782,1.2045,1.15339,1.10455,1.05794,1.01352,0.971256,0.930588,0.892008,0.855026,0.819644,0.785868,0.753352,0.722717,0.69305,0.664913,0.637802,0.61196,0.587356,0.563789,0.54126,0.519617,0.50962
0.5,23.4604,17.3425,15.1492,14.0374,13.0035,13.3049,13.6347,14.8591,15.9951,16.8391,16.9447,16.7868,16.4831,16.1181,15.7848,15.9191,16.9319,18.1027,19.7951,18.6969,17.6476,16.9008,16.517,16.7863,17.2905,17.4752,17.3883,17.2404,16.9885,17.1677,17.9602,17.8992,17.2863,16.8818,17.1021,17.1688,17.0127,16.7978,17.0314,17.1157,16.7254,16.6699,16.6899,16.5439,16.4886,16.5349,16.3121,16.2901,16.2001,16.1225,16.0702,15.9751,15.919,15.8351,15.775,15.7002,15.7311,15.6665,15.5959,15.5317,9.30955,8.88116,8.50792,8.1725,7.83389,7.49508,7.21271,6.90135,6.6388,6.35302,6.10996,5.84844,5.62441,5.38577,5.16595,4.94979,4.75038,4.55475,4.36377,4.18751,4.01564,3.84865,3.68699,3.5309,3.38053,3.2418,3.10266,2.97431,2.84637,2.72413,2.60738,2.49602,2.38671,2.286,2.18457,2.09126,2.01235,1.91924,1.83023,1.74549,1.66509,1.589,1.51716,1.44819,1.38334,1.32138,1.26322,1.2078,1.15504,1.10493,1.05736,1.01223,0.968936,0.928001,0.888852,0.851494,0.815904,0.781708,0.749534,0.718429,0.688967,0.660614,0.633628,0.607952,0.583383,0.559914,0.537393,0.526992
0.52,23.4623,17.343,15.1499,14.0386,13.0065,13.31,13.6405,14.8667,16.0042,16.8459,16.9505,16.7923,16.4883,16.1233,15.7906,15.9306,16.9444,18.1146,19.807,18.703,17.6532,16.9072,16.5258,16.8003,17.3039,17.4872,17.3997,17.2518,17.0006,17.1871,17.9779,17.9126,17.299,16.8984,17.122,17.1873,17.031,16.818,17.0582,17.1375,16.7469,16.6966,16.7163,16.5703,16.52,16.5664,16.343,16.3242,16.2342,16.1592,16.1081,16.0141,15.9597,15.8772,15.8187,15.7454,15.7778,15.7149,15.6456,15.5829,15.5159,9.10748,8.69057,8.33245,7.97848,7.62871,7.33938,7.02194,6.75522,6.46568,6.21991,5.95592,5.73006,5.48974,5.2686,5.05132,4.85102,4.65467,4.46313,4.28645,4.11431,3.94717,3.78548,3.62949,3.47936,3.34097,3.20231,3.07452,2.94732,2.82591,2.71011,2.59978,2.49143,2.39164,2.29114,2.19866,2.12034,2.02769,1.93875,1.85361,1.77225,1.69465,1.62074,1.54921,1.48141,1.41616,1.35449,1.29536,1.2388,1.18481,1.1334,1.08449,1.03748,0.992928,0.950296,0.909586,0.870789,0.833521,0.798485,0.764634,0.732607,0.701821,0.672556,0.644747,0.618186,0.592849,0.568559,0.557363
0.54,23.4642,17.3434,15.1506,14.0399,13.0093,13.315,13.6461,14.8741,16.013,16.8525,16.956,16.7975,16.4933,16.1282,15.7963,15.9417,16.9563,18.126,19.8184,18.7088,17.6586,16.9133,16.5343,16.8137,17.3168,17.4987,17.4107,17.2627,17.0122,17.2057,17.9948,17.9254,17.3112,16.9144,17.141,17.2051,17.0485,16.8373,17.0837,17.1583,16.7674,16.7221,16.7414,16.5955,16.55,16.5963,16.3724,16.3565,16.2665,16.194,16.1439,16.0511,15.9981,15.9169,15.8599,15.788,15.8218,15.7604,15.6923,15.6309,15.5654,9.66567,8.96476,8.53597,8.14773,7.77682,7.47509,7.14729,6.87366,6.57792,6.32769,6.05951,5.8305,5.58714,5.36344,5.14385,4.94157,4.74336,4.55009,4.37192,4.19835,4.02986,3.86689,3.70969,3.55841,3.41897,3.27926,3.15052,3.02236,2.90002,2.78334,2.67215,2.56296,2.46237,2.36107,2.26782,2.18882,2.09538,2.00564,1.9197,1.83755,1.75917,1.68448,1.61213,1.5435,1.47734,1.41478,1.35472,1.2972,1.24224,1.1898,1.13986,1.09177,1.04612,1.00234,0.960455,0.92046,0.881953,0.845677,0.810557,0.777253,0.745173,0.714605,0.685511,0.657651,0.631034,0.605482,0.593681
0.56,23.4661,17.3439,15.1513,14.0411,13.012,13.3198,13.6515,14.8812,16.0214,16.8588,16.9613,16.8026,16.4981,16.133,15.8018,15.9524,16.9678,18.137,19.8294,18.7143,17.6638,16.9192,16.5424,16.8266,17.3291,17.5097,17.4212,17.2732,17.0233,17.2236,18.011,17.9377,17.3228,16.9298,17.1592,17.2221,17.0653,16.8558,17.1082,17.1781,16.787,16.7464,16.7653,16.6195,16.5788,16.6248,16.4005,16.3872,16.2972,16.2272,16.1779,16.0862,16.0345,15.9545,15.8989,15.8283,15.8634,15.8033,15.7363,15.6762,15.6119,15.5523,9.7047,8.95296,8.39523,7.96394,7.63569,7.2884,7.00279,6.69688,6.43962,6.16506,5.93131,5.68347,5.45605,5.23309,5.02792,4.82705,4.6313,4.45092,4.27526,4.1048,3.93995,3.78096,3.62797,3.48695,3.34566,3.21544,3.08581,2.96206,2.84401,2.73149,2.62098,2.51915,2.41656,2.32211,2.24207,2.14736,2.0564,1.96923,1.88588,1.80632,1.73049,1.65699,1.58723,1.51997,1.45632,1.3952,1.33663,1.28063,1.22718,1.17624,1.12716,1.08054,1.03582,0.993005,0.95209,0.912685,0.875534,0.839542,0.805397,0.772484,0.741105,0.711221,0.682594,0.655221,0.628923,0.616777
0.58,23.4678,17.3443,15.1519,14.0422,13.0146,13.3244,13.6568,14.8879,16.0296,16.8649,16.9665,16.8075,16.5028,16.1375,15.807,15.9628,16.9789,18.1476,19.8399,18.7197,17.6688,16.9249,16.5503,16.839,17.341,17.5204,17.4313,17.2833,17.034,17.2409,18.0266,17.9495,17.334,16.9446,17.1767,17.2384,17.0813,16.8736,17.1316,17.197,16.8058,16.7697,16.7882,16.6424,16.6063,16.6519,16.4272,16.4165,16.3264,16.2588,16.2102,16.1195,16.0691,15.9903,15.9359,15.8664,15.9027,15.8439,15.7779,15.7189,15.6558,15.5972,15.5429,9.61968,9.04173,8.31932,7.87468,7.47142,7.15935,6.83422,6.56477,6.27981,6.03873,5.78422,5.55143,5.32377,5.11464,4.91017,4.71112,4.52787,4.34953,4.17656,4.00935,3.84813,3.69303,3.55009,3.4069,3.27493,3.14355,3.01812,2.89848,2.78443,2.6724,2.56915,2.46513,2.36934,2.28816,2.19206,2.09975,2.01128,1.92666,1.84587,1.76884,1.69415,1.62325,1.55487,1.49015,1.42796,1.36837,1.31136,1.25694,1.20506,1.15505,1.10755,1.06196,1.0183,0.976565,0.936353,0.898433,0.861689,0.826816,0.793195,0.761128,0.730582,0.701312,0.673317,0.646416,0.633986
0.6,23.4695,17.3447,15.1526,14.0433,13.0172,13.3289,13.6618,14.8947,16.0375,16.8709,16.9714,16.8122,16.5073,16.142,15.8121,15.9728,16.9895,18.1579,19.8501,18.7248,17.6737,16.9303,16.558,16.851,17.3524,17.5306,17.441,17.2931,17.0443,17.2575,18.0416,17.9608,17.3447,16.9589,17.1935,17.2541,17.0968,16.8907,17.154,17.2152,16.8238,16.792,16.8101,16.6643,16.6327,16.6777,16.4528,16.4445,16.3542,16.289,16.2409,16.1514,16.102,16.0243,15.971,15.9027,15.94,15.8825,15.8173,15.7594,15.6974,15.6398,15.5864,15.5368,9.45418,8.9486,8.47008,7.83964,7.407,7.0218,6.72299,6.41721,6.16302,5.89744,5.65624,5.42153,5.2067,4.99722,4.79371,4.60667,4.42486,4.24868,4.07855,3.91459,3.75695,3.61171,3.46627,3.33227,3.19889,3.07157,2.95014,2.83438,2.72068,2.61589,2.51032,2.41309,2.33069,2.23314,2.13943,2.04959,1.96367,1.88161,1.80337,1.72749,1.65545,1.58596,1.52018,1.45696,1.39637,1.3384,1.28305,1.23027,1.17939,1.13105,1.08465,1.0402,0.997706,0.956762,0.918139,0.88071,0.845179,0.810918,0.778239,0.747104,0.717265,0.688721,0.661287,0.648611
0.62,23.4708,17.345,15.1532,14.0444,13.0196,13.3332,13.6668,14.901,16.0451,16.8766,16.9762,16.8168,16.5116,16.1462,15.8171,15.9825,16.9998,18.1677,19.8599,18.7298,17.6783,16.9356,16.5653,16.8626,17.3635,17.5405,17.4503,17.3024,17.0542,17.2735,18.056,17.9717,17.3551,16.9727,17.2096,17.2692,17.1117,16.9072,17.1756,17.2326,16.8411,16.8135,16.8311,16.6854,16.6581,16.7024,16.4773,16.4713,16.3809,16.3179,16.2703,16.1817,16.1333,16.0567,16.0045,15.9372,15.9755,15.9192,15.8548,15.7979,15.7369,15.6802,15.6277,15.5789,15.5283,9.25101,8.85187,8.39397,7.97455,7.4452,7.00607,6.62349,6.33262,6.04136,5.78345,5.53635,5.31211,5.09482,4.88471,4.69221,4.50559,4.32514,4.15114,3.98367,3.82283,3.67478,3.52661,3.39018,3.25444,3.12493,3.00143,2.88375,2.76817,2.66168,2.55439,2.45559,2.37187,2.27277,2.17756,2.08629,1.999,1.91563,1.83613,1.75904,1.68584,1.61523,1.54837,1.48412,1.42253,1.36361,1.30734,1.25368,1.20195,1.1528,1.10561,1.0604,1.01719,0.975536,0.936246,0.898163,0.862011,0.827148,0.793889,0.762204,0.73183,0.702775,0.674847,0.661942
0.64,23.4727,17.3454,15.1538,14.0455,13.022,13.3373,13.6715,14.9073,16.0525,16.8821,16.9809,16.8212,16.5158,16.1504,15.8219,15.9919,17.0098,18.1773,19.8695,18.7347,17.6829,16.9407,16.5725,16.8739,17.3742,17.5501,17.4595,17.3115,17.0639,17.2891,18.07,17.9823,17.3651,16.9861,17.2253,17.2838,17.126,16.9232,17.1964,17.2494,16.8577,16.8342,16.8514,16.7056,16.6826,16.7262,16.5009,16.497,16.4065,16.3457,16.2985,16.2109,16.1634,16.0878,16.0365,15.9703,16.0095,15.9542,15.8906,15.8346,15.7746,15.7187,15.667,15.619,15.5692,15.5184,15.4755,8.67042,8.30268,7.89328,7.52928,7.10498,6.70252,6.29841,5.98125,5.69846,5.45178,5.21809,4.99552,4.79375,4.5994,4.41238,4.23269,4.0603,3.89505,3.74321,3.59149,3.45196,3.31326,3.18104,3.05504,2.93503,2.81724,2.70876,2.5995,2.49892,2.41369,2.31285,2.21597,2.12314,2.03435,1.94956,1.86871,1.79032,1.71589,1.64409,1.57612,1.51079,1.44818,1.38827,1.33106,1.2765,1.2239,1.17392,1.12593,1.07997,1.03602,0.993666,0.953709,0.914981,0.878213,0.842756,0.808929,0.776699,0.745806,0.716251,0.687841,0.674712
0.66,23.4739,17.3458,15.1543,14.0465,13.0243,13.3413,13.6761,14.9133,16.0597,16.8874,16.9854,16.8254,16.5199,16.1544,15.8265,16.0011,17.0195,18.1866,19.8786,18.7393,17.6872,16.9457,16.5794,16.8847,17.3845,17.5593,17.4684,17.3203,17.0732,17.3041,18.0834,17.9925,17.3748,16.999,17.2403,17.2978,17.1399,16.9385,17.2164,17.2655,16.8737,16.854,16.8708,16.7251,16.7061,16.7489,16.5235,16.5217,16.4309,16.3724,16.3254,16.2388,16.1921,16.1175,16.067,16.0018,16.0418,15.9876,15.9247,15.8695,15.8104,15.7554,15.7043,15.6571,15.608,15.5579,15.5157,15.4688,8.53146,8.13674,7.8,7.43412,7.11438,6.76249,6.42007,6.05833,5.72291,5.42668,5.16503,4.93825,4.72579,4.52498,4.33438,4.15315,3.9808,3.82314,3.66613,3.52212,3.37933,3.24339,3.11408,2.99109,2.87048,2.75949,2.64781,2.54507,2.45807,2.35514,2.25632,2.16166,2.07115,1.98475,1.90239,1.82254,1.74675,1.67365,1.60445,1.53796,1.47423,1.41326,1.35504,1.29952,1.24601,1.19516,1.14635,1.09958,1.05488,1.01179,0.971145,0.93175,0.89435,0.858283,0.823875,0.791092,0.759666,0.729604,0.700707,0.687353
0.68,23.4757,17.3461,15.1549,14.0475,13.0266,13.3453,13.6805,14.9191,16.0666,16.8926,16.9898,16.8296,16.5239,16.1583,15.831,16.01,17.0288,18.1955,19.8875,18.7439,17.6915,16.9505,16.5862,16.8953,17.3945,17.5683,17.4769,17.3288,17.0822,17.3186,18.0964,18.0023,17.3842,17.0115,17.2548,17.3113,17.1532,16.9534,17.2356,17.2811,16.8892,16.8732,16.8895,16.7438,16.7289,16.7707,16.5452,16.5453,16.4544,16.398,16.3512,16.2655,16.2196,16.146,16.0963,16.032,16.0728,16.0196,15.9573,15.9029,15.8446,15.7903,15.74,15.6934,15.645,15.5957,15.5541,15.5078,15.4685,8.34546,8.00745,7.6472,7.33915,7.01006,6.70514,6.40163,6.11651,5.82918,5.53762,5.25658,4.98059,4.72795,4.50152,4.29538,4.1047,3.93361,3.76554,3.61288,3.46254,3.32032,3.18558,3.05799,2.93322,2.81865,2.70357,2.59786,2.50846,2.40282,2.30149,2.2045,2.11184,2.02345,1.93925,1.85764,1.78022,1.70557,1.63494,1.5671,1.50207,1.4399,1.38054,1.32394,1.2694,1.21757,1.16782,1.12018,1.07464,1.03075,0.989354,0.949233,0.911147,0.874422,0.839384,0.806006,0.774013,0.743408,0.713992,0.700399
0.7,23.4768,17.3464,15.1555,14.0484,13.0288,13.3491,13.6849,14.9247,16.0734,16.8977,16.994,16.8336,16.5277,16.1621,15.8354,16.0186,17.0379,18.2043,19.8962,18.7483,17.6956,16.9552,16.5927,16.9055,17.4042,17.577,17.4852,17.337,17.091,17.3327,18.109,18.0118,17.3932,17.0237,17.2689,17.3245,17.1661,16.9678,17.2543,17.2961,16.9042,16.8917,16.9076,16.7619,16.7509,16.7917,16.5662,16.5682,16.4771,16.4228,16.376,16.2913,16.2461,16.1735,16.1244,16.0611,16.1025,16.0504,15.9886,15.9349,15.8775,15.8239,15.7742,15.7283,15.6805,15.6318,15.5908,15.5451,15.5063,15.4639,8.21607,7.84147,7.52844,7.1987,6.89682,6.60058,6.327,6.05819,5.79453,5.54945,5.30809,5.0704,4.83595,4.60439,4.37612,4.16416,3.95701,3.7748,3.60145,3.44186,3.29371,3.15531,3.02149,2.89963,2.77804,2.66697,2.57336,2.46315,2.35777,2.25717,2.16128,2.06996,1.98313,1.89911,1.81947,1.74278,1.67025,1.60064,1.53398,1.47027,1.40947,1.35153,1.29572,1.24272,1.19185,1.14315,1.09661,1.05177,1.00948,0.968506,0.929623,0.892127,0.85637,0.822312,0.789661,0.758438,0.72843,0.714562
0.72,23.4785,17.3468,15.156,14.0494,13.0309,13.3528,13.6891,14.9302,16.0799,16.9026,16.9981,16.8375,16.5314,16.1657,15.8397,16.027,17.0467,18.2127,19.9045,18.7525,17.6996,16.9597,16.5991,16.9154,17.4136,17.5854,17.4931,17.345,17.0994,17.3464,18.1211,18.021,17.402,17.0354,17.2825,17.3371,17.1786,16.9817,17.2722,17.3105,16.9185,16.9096,16.9249,16.7793,16.7721,16.8119,16.5864,16.5901,16.4988,16.4466,16.3998,16.316,16.2714,16.1997,16.1513,16.0888,16.1309,16.0797,16.0185,15.9655,15.9088,15.8558,15.8067,15.7614,15.7143,15.6662,15.6257,15.5806,15.5423,15.5004,15.4646,8.07216,7.72962,7.38177,7.07057,6.76925,6.49368,6.22471,5.9629,5.7216,5.48641,5.25778,5.03617,4.82168,4.61439,4.42231,4.22861,4.04867,3.86787,3.69342,3.52512,3.36344,3.20461,3.06006,2.91769,2.79004,2.68437,2.5619,2.44648,2.33752,2.23461,2.13728,2.04526,1.95662,1.87296,1.79265,1.71691,1.64441,1.57511,1.50901,1.44601,1.38606,1.32838,1.27367,1.22122,1.17103,1.12311,1.07697,1.03349,0.991394,0.951445,0.912947,0.876255,0.841316,0.807851,0.775844,0.745097,0.73089
0.74,23.4795,17.3471,15.1565,14.0503,13.033,13.3565,13.6933,14.9357,16.0863,16.9073,17.0021,16.8413,16.5351,16.1693,15.8439,16.0352,17.0552,18.2209,19.9127,18.7566,17.7035,16.9641,16.6053,16.9251,17.4227,17.5935,17.5009,17.3528,17.1077,17.3597,18.133,18.03,17.4105,17.0469,17.2957,17.3494,17.1907,16.9952,17.2897,17.3245,16.9325,16.9269,16.9418,16.7961,16.7927,16.8314,16.606,16.6113,16.5198,16.4697,16.4228,16.34,16.2959,16.2251,16.1773,16.1157,16.1584,16.1081,16.0474,15.995,15.9391,15.8867,15.8382,15.7934,15.7469,15.6994,15.6594,15.6149,15.5771,15.5357,15.5003,15.4621,15.4293,7.62729,7.27577,6.95111,6.66143,6.38301,6.11518,5.86995,5.63214,5.40201,5.17971,4.96556,4.75957,4.56964,4.37938,4.20397,4.02913,3.86204,3.70242,3.55,3.40008,3.26162,3.12187,2.99284,2.88322,2.75316,2.62784,2.50743,2.39203,2.2818,2.17696,2.07585,1.98068,1.88992,1.80507,1.72452,1.64821,1.576,1.50768,1.44306,1.38122,1.32281,1.26705,1.21389,1.16327,1.11468,1.06899,1.02483,0.983014,0.942787,0.904498,0.868083,0.833233,0.799955,0.768011,0.753257
0.76,23.4811,17.3474,15.157,14.0512,13.035,13.36,13.6973,14.9408,16.0925,16.912,17.006,16.845,16.5386,16.1728,15.8479,16.0432,17.0635,18.2289,19.9206,18.7606,17.7072,16.9684,16.6113,16.9345,17.4316,17.6015,17.5085,17.3603,17.1157,17.3726,18.1444,18.0386,17.4187,17.058,17.3085,17.3613,17.2025,17.0083,17.3065,17.3381,16.9461,16.9436,16.958,16.8124,16.8127,16.8502,16.6249,16.6318,16.5401,16.4919,16.4449,16.363,16.3195,16.2496,16.2023,16.1415,16.1848,16.1353,16.0751,16.0234,15.9681,15.9162,15.8683,15.8241,15.7781,15.7311,15.6916,15.6476,15.6103,15.5694,15.5344,15.4967,15.4643,15.4296,15.3976,7.24578,6.88845,6.57555,6.28585,6.02646,5.77815,5.54007,5.31207,5.09337,4.88385,4.69117,4.49847,4.32118,4.14482,3.9766,3.81614,3.66329,3.51317,3.37495,3.23566,3.10744,2.99874,2.87013,2.74656,2.62817,2.51494,2.40681,2.30373,2.20382,2.109,2.01755,1.93105,1.84795,1.76833,1.69221,1.61959,1.55039,1.48375,1.4205,1.35988,1.30185,1.24649,1.19322,1.14308,1.09458,1.04867,1.00451,0.962494,0.922584,0.884457,0.848097,0.813263,0.797208
0.78,23.4821,17.3477,15.1576,14.052,13.037,13.3635,13.7011,14.9459,16.0986,16.9165,17.0098,16.8485,16.542,16.1762,15.8519,16.051,17.0716,18.2367,19.9283,18.7646,17.7109,16.9726,16.6172,16.9437,17.4402,17.6092,17.5159,17.3676,17.1235,17.3851,18.1556,18.0471,17.4268,17.0689,17.3209,17.3729,17.2139,17.0211,17.3229,17.3512,16.9592,16.9599,16.9738,16.8283,16.8321,16.8684,16.6433,16.6517,16.5597,16.5135,16.4664,16.3853,16.3423,16.2733,16.2265,16.1665,16.2103,16.1616,16.1019,16.0507,15.9961,15.9448,15.8974,15.8537,15.8082,15.7618,15.7227,15.6792,15.6423,15.6019,15.5673,15.53,15.498,15.4637,15.4321,15.4009,7.54214,7.10092,6.60733,6.26405,5.97491,5.71185,5.46628,5.23471,5.01519,4.81492,4.61568,4.43315,4.25246,4.0804,3.91671,3.76088,3.60806,3.46741,3.3258,3.1955,3.08513,2.95461,2.82926,2.70913,2.59431,2.48472,2.38024,2.27904,2.18297,2.09036,2.00271,1.91854,1.83788,1.76075,1.68714,1.61699,1.5494,1.48521,1.42363,1.36467,1.30834,1.25411,1.20296,1.15343,1.10643,1.06115,1.01799,0.976882,0.9375,0.899866,0.863719,0.847026
0.8,23.4836,17.348,15.158,14.0529,13.0389,13.3669,13.705,14.9509,16.1045,16.9209,17.0135,16.852,16.5454,16.1795,15.8557,16.0585,17.0795,18.2443,19.9358,18.7684,17.7145,16.9766,16.6229,16.9526,17.4486,17.6167,17.523,17.3747,17.131,17.3973,18.1664,18.0553,17.4346,17.0794,17.3329,17.3841,17.2249,17.0335,17.3387,17.3639,16.9719,16.9756,16.9891,16.8435,16.8509,16.886,16.661,16.6708,16.5786,16.5344,16.487,16.4069,16.3642,16.2961,16.2498,16.1905,16.2348,16.187,16.1276,16.077,16.0231,15.9722,15.9253,15.8821,15.8371,15.7912,15.7525,15.7095,15.673,15.633,15.5988,15.562,15.5303,15.4964,15.4651,15.4343,15.4058,15.3778,7.19146,6.86439,6.53088,6.17125,5.78197,5.46719,5.20561,4.98039,4.76307,4.56757,4.37606,4.19534,4.02444,3.86257,3.70439,3.55918,3.41338,3.27941,3.16616,3.03238,2.90403,2.78119,2.66379,2.55181,2.44507,2.34164,2.24351,2.14888,2.05934,1.97335,1.89095,1.81213,1.73691,1.66522,1.59611,1.53049,1.46749,1.40716,1.34953,1.29398,1.2416,1.19087,1.14272,1.09628,1.05201,1.00984,0.969445,0.930793,0.893664,0.876499
0.82,23.4845,17.3483,15.1584,14.0537,13.0408,13.3701,13.7086,14.9558,16.1103,16.9252,17.0171,16.8554,16.5487,16.1827,15.8595,16.066,17.0872,18.2517,19.9431,18.7721,17.718,16.9806,16.6285,16.9613,17.4568,17.6241,17.53,17.3816,17.1384,17.4093,18.177,18.0633,17.4422,17.0897,17.3447,17.3951,17.2357,17.0456,17.3541,17.3763,16.9843,16.9909,17.004,16.8584,16.8692,16.9031,16.6783,16.6894,16.597,16.5547,16.5071,16.4278,16.3856,16.3183,16.2723,16.2138,16.2586,16.2115,16.1526,16.1025,16.0492,15.9988,15.9523,15.9096,15.8651,15.8196,15.7814,15.7388,15.7027,15.6631,15.6293,15.5928,15.5615,15.5279,15.497,15.4665,15.4384,15.4107,15.3836,15.3586,6.85625,6.55569,6.26571,5.98382,5.7076,5.44432,5.16361,4.88195,4.6124,4.38631,4.18731,4.0062,3.83335,3.67712,3.52192,3.38045,3.26146,3.12147,2.98766,2.86,2.73831,2.62239,2.51216,2.40548,2.30439,2.20697,2.11487,2.02646,1.94181,1.8609,1.78368,1.71014,1.63927,1.57196,1.50737,1.44553,1.38642,1.32948,1.27577,1.22375,1.17435,1.12675,1.08133,1.03808,0.996624,0.956984,0.918877,0.901281
0.84,23.486,17.3485,15.159,14.0545,13.0426,13.3734,13.7122,14.9605,16.1159,16.9294,17.0207,16.8588,16.5519,16.1858,15.8632,16.0732,17.0947,18.2589,19.9503,18.7757,17.7214,16.9845,16.634,16.9698,17.4647,17.6312,17.5368,17.3884,17.1457,17.4209,18.1872,18.071,17.4496,17.0998,17.3561,17.4057,17.2462,17.0574,17.3691,17.3883,16.9964,17.0058,17.0184,16.8729,16.8869,16.9197,16.695,16.7075,16.6149,16.5744,16.5265,16.4481,16.4062,16.3397,16.2942,16.2364,16.2816,16.2353,16.1767,16.1271,16.0744,16.0245,15.9785,15.9362,15.8921,15.8471,15.8092,15.767,15.7313,15.6921,15.6587,15.6226,15.5915,15.5584,15.5278,15.4976,15.4697,15.4423,15.4155,15.3907,15.3666,15.3431,6.53889,6.24699,5.97311,5.72413,5.47664,5.24916,5.02235,4.80475,4.59551,4.39337,4.19068,3.99809,3.79588,3.6057,3.4509,3.27961,3.12414,2.98056,2.84666,2.72103,2.60275,2.4892,2.38222,2.27965,2.18304,2.09057,2.00226,1.91799,1.83774,1.76136,1.68789,1.61817,1.55133,1.48739,1.42633,1.36755,1.31213,1.25847,1.20755,1.15848,1.11171,1.06717,1.02449,0.983682,0.944472,0.926349
0.86,23.4869,17.3488,15.1594,14.0553,13.0444,13.3765,13.7157,14.9652,16.1214,16.9335,17.0241,16.862,16.555,16.1889,15.8668,16.0803,17.102,18.266,19.9572,18.7792,17.7247,16.9882,16.6394,16.978,17.4725,17.6381,17.5434,17.395,17.1527,17.4322,18.1972,18.0786,17.4567,17.1096,17.3672,17.416,17.2564,17.0689,17.3836,17.3999,17.008,17.0202,17.0323,16.8869,16.9042,16.9356,16.7112,16.7249,16.6321,16.5935,16.5452,16.4676,16.4261,16.3605,16.3152,16.2582,16.3037,16.2582,16.2,16.1508,16.0987,16.0492,16.0036,15.9617,15.9181,15.8735,15.836,15.7942,15.7589,15.7201,15.687,15.6512,15.6205,15.5876,15.5573,15.5275,15.4998,15.4727,15.4462,15.4217,15.3977,15.3745,15.3519,15.3301,15.309,6.01436,5.72804,5.48059,5.24208,5.01876,4.80831,4.60932,4.4149,4.23656,4.05724,3.8923,3.75243,3.58683,3.42739,3.27421,3.12718,2.98605,2.8506,2.71812,2.59088,2.46667,2.34801,2.23435,2.1276,2.02833,1.93605,1.85001,1.76846,1.69205,1.61946,1.55052,1.48509,1.42238,1.36354,1.30673,1.25301,1.20134,1.15218,1.10548,1.06079,1.01812,0.977174,0.958275
0.88,23.4883,17.3491,15.1599,14.0561,13.0462,13.3796,13.7192,14.9697,16.1268,16.9375,17.0275,16.8652,16.558,16.1919,15.8704,16.0872,17.1092,18.2728,19.964,18.7827,17.7279,16.9919,16.6446,16.9861,17.4801,17.645,17.5499,17.4014,17.1595,17.4432,18.207,18.0859,17.4638,17.1192,17.3781,17.4261,17.2663,17.0801,17.3977,17.4113,17.0195,17.0343,17.046,16.9005,16.9211,16.9512,16.7271,16.7419,16.6489,16.6121,16.5635,16.4868,16.4455,16.3807,16.3357,16.2794,16.3253,16.2805,16.2226,16.1739,16.1223,16.0732,16.028,15.9866,15.9433,15.8992,15.862,15.8206,15.7856,15.7472,15.7144,15.6789,15.6485,15.616,15.586,15.5564,15.5291,15.5022,15.4759,15.4516,15.4279,15.4049,15.3825,15.3609,15.3401,15.3209,15.3016,15.2838,5.84833,5.51458,5.12553,4.8604,4.63323,4.43515,4.24154,4.0667,3.92031,3.74862,3.58492,3.42886,3.2803,3.13891,3.0045,2.87446,2.7513,2.63264,2.52046,2.41277,2.30965,2.21108,2.11703,2.0274,1.94106,1.85906,1.78041,1.7051,1.63315,1.56385,1.4985,1.43521,1.37516,1.31729,1.2621,1.20956,1.15923,1.11112,1.06491,1.04356
0.9,23.4892,17.3493,15.1603,14.0568,13.0479,13.3826,13.7226,14.9741,16.1321,16.9414,17.0308,16.8683,16.561,16.1948,15.8738,16.094,17.1162,18.2796,19.9706,18.7861,17.7311,16.9956,16.6497,16.9941,17.4875,17.6517,17.5562,17.4077,17.1662,17.454,18.2165,18.0931,17.4706,17.1285,17.3887,17.436,17.2761,17.091,17.4115,17.4223,17.0306,17.0481,17.0593,16.9139,16.9375,16.9664,16.7425,16.7585,16.6653,16.6303,16.5812,16.5053,16.4644,16.4003,16.3557,16.3,16.3463,16.3022,16.2446,16.1963,16.1452,16.0966,16.0517,16.0106,15.9678,15.924,15.8872,15.8462,15.8115,15.7734,15.7409,15.7058,15.6756,15.6434,15.6137,15.5844,15.5573,15.5307,15.5047,15.4806,15.4571,15.4343,15.4122,15.3908,15.3701,15.3511,15.332,15.3143,15.2967,15.2799,15.2638,15.2485,5.22888,5.00201,4.774,4.56215,4.37862,4.14937,3.89525,3.65836,3.47179,3.30764,3.15738,3.01519,2.8824,2.75575,2.63692,2.52351,2.41536,2.31235,2.21433,2.12116,2.03156,1.94664,1.86526,1.78744,1.71314,1.64166,1.57432,1.50912,1.44729,1.38772,1.33096,1.27692,1.22517,1.17571,1.12819,1.10625
0.91,23.4899,17.3495,15.1605,14.0572,13.0487,13.384,13.7243,14.9763,16.1346,16.9433,17.0324,16.8698,16.5625,16.1963,15.8755,16.0973,17.1196,18.2829,19.9739,18.7877,17.7327,16.9973,16.6522,16.9979,17.4911,17.6549,17.5593,17.4108,17.1695,17.4593,18.2211,18.0966,17.474,17.1331,17.3938,17.4408,17.2808,17.0964,17.4182,17.4277,17.036,17.0548,17.0657,16.9203,16.9455,16.9737,16.75,16.7666,16.6732,16.6391,16.5898,16.5144,16.4736,16.4099,16.3653,16.31,16.3564,16.3127,16.2553,16.2071,16.1563,16.1079,16.0632,16.0223,15.9796,15.9361,15.8994,15.8586,15.824,15.7861,15.7537,15.7188,15.6888,15.6567,15.6271,15.5979,15.571,15.5445,15.5186,15.4946,15.4712,15.4485,15.4265,15.4052,15.3846,15.3657,15.3466,15.3291,15.3116,15.2948,15.2788,15.2635,15.2485,15.2346,4.95258,4.73547,4.55573,4.34573,4.14542,3.95367,3.76937,3.59115,3.41675,3.23821,3.05154,2.87946,2.73669,2.60855,2.49016,2.37953,2.2755,2.17744,2.0837,1.99527,1.91083,1.83029,1.7536,1.67993,1.61061,1.54359,1.48009,1.41898,1.36077,1.30539,1.25239,1.20175,1.15311,1.13065
0.92,23.4902,17.3496,15.1607,14.0576,13.0496,13.3855,13.726,14.9784,16.1372,16.9452,17.034,16.8713,16.5639,16.1977,15.8772,16.1006,17.123,18.2861,19.9771,18.7893,17.7342,16.9991,16.6547,17.0018,17.4947,17.6581,17.5624,17.4138,17.1727,17.4645,18.2257,18.1001,17.4773,17.1377,17.3989,17.4456,17.2855,17.1017,17.4249,17.4331,17.0414,17.0614,17.0721,16.9267,16.9534,16.981,16.7574,16.7745,16.6811,16.6479,16.5983,16.5233,16.4826,16.4193,16.3749,16.3199,16.3665,16.3231,16.2659,16.2179,16.1673,16.1191,16.0746,16.0338,15.9914,15.948,15.9115,15.8709,15.8364,15.7987,15.7665,15.7317,15.7018,15.6699,15.6404,15.6113,15.5845,15.5581,15.5323,15.5085,15.4852,15.4626,15.4407,15.4195,15.399,15.3802,15.3612,15.3437,15.3263,15.3096,15.2937,15.2785,15.2635,15.2497,15.2358,15.223,4.83487,4.53486,4.30815,4.10409,3.91479,3.73714,3.56962,3.40831,3.25577,3.10892,2.96981,2.83584,2.70672,2.58205,2.4611,2.34263,2.22338,2.10693,2.00113,1.90661,1.82016,1.73918,1.6642,1.59251,1.52514,1.4607,1.39959,1.34168,1.28642,1.23374,1.18327,1.16
0.93,23.4908,17.3497,15.1609,14.058,13.0504,13.3869,13.7276,14.9806,16.1397,16.947,17.0356,16.8728,16.5653,16.1991,15.8789,16.1039,17.1264,18.2894,19.9803,18.791,17.7357,17.0008,16.6572,17.0056,17.4982,17.6613,17.5654,17.4168,17.176,17.4697,18.2303,18.1036,17.4806,17.1422,17.404,17.4503,17.2901,17.1069,17.4315,17.4383,17.0467,17.068,17.0785,16.9331,16.9613,16.9882,16.7648,16.7824,16.6889,16.6565,16.6067,16.5321,16.4916,16.4287,16.3843,16.3297,16.3764,16.3334,16.2763,16.2285,16.1782,16.1302,16.0858,16.0452,16.003,15.9598,15.9234,15.8829,15.8486,15.8111,15.779,15.7444,15.7146,15.6828,15.6535,15.6246,15.5978,15.5716,15.5459,15.5222,15.499,15.4765,15.4546,15.4335,15.4132,15.3944,15.3755,15.3581,15.3408,15.3242,15.3083,15.2932,15.2783,15.2645,15.2507,15.2379,15.2271,15.2142,15.2019,4.55089,4.30543,3.98506,3.73821,3.5509,3.38435,3.22879,3.08439,2.94737,2.81723,2.69359,2.57613,2.46458,2.3574,2.25579,2.15842,2.06529,1.97631,1.89063,1.8098,1.73141,1.65692,1.58497,1.51612,1.45029,1.38684,1.3257,1.26635,1.23873
0.94,23.4915,17.3498,15.1611,14.0583,13.0512,13.3883,13.7293,14.9827,16.1422,16.9489,17.0372,16.8743,16.5668,16.2005,15.8805,16.1072,17.1297,18.2926,19.9834,18.7925,17.7372,17.0025,16.6597,17.0094,17.5018,17.6645,17.5684,17.4198,17.1792,17.4748,18.2348,18.107,17.4839,17.1466,17.409,17.4549,17.2947,17.1121,17.438,17.4436,17.0519,17.0745,17.0847,16.9393,16.969,16.9953,16.772,16.7902,16.6965,16.6651,16.615,16.5409,16.5004,16.4379,16.3936,16.3393,16.3862,16.3435,16.2865,16.2389,16.1889,16.141,16.0968,16.0565,16.0144,15.9713,15.9351,15.8948,15.8607,15.8233,15.7914,15.7569,15.7272,15.6956,15.6664,15.6376,15.611,15.5848,15.5593,15.5356,15.5126,15.4901,15.4684,15.4474,15.4271,15.4084,15.3896,15.3723,15.355,15.3385,15.3227,15.3076,15.2928,15.2791,15.2653,15.2526,15.2418,15.229,15.2167,15.2049,15.1936,4.38682,4.16321,3.95847,3.76824,3.58526,3.40926,3.23036,3.01331,2.83307,2.69397,2.56956,2.45343,2.34523,2.24278,2.14559,2.05339,1.96508,1.88216,1.80215,1.72646,1.65368,1.58444,1.51862,1.45569,1.39559,1.33791,1.31131
0.95,23.4917,17.35,15.1613,14.0587,13.052,13.3898,13.7308,14.9848,16.1447,16.9508,17.0387,16.8758,16.5682,16.2019,15.8822,16.1104,17.133,18.2957,19.9866,18.7941,17.7387,17.0042,16.6621,17.0131,17.5052,17.6675,17.5714,17.4228,17.1823,17.4799,18.2393,18.1103,17.4871,17.151,17.4139,17.4595,17.2992,17.1172,17.4444,17.4487,17.0571,17.0808,17.0909,16.9455,16.9767,17.0023,16.7792,16.7979,16.7041,16.6735,16.6232,16.5495,16.5091,16.447,16.4028,16.3489,16.3959,16.3535,16.2967,16.2492,16.1994,16.1518,16.1077,16.0675,16.0256,15.9828,15.9467,15.9066,15.8726,15.8353,15.8035,15.7692,15.7397,15.7081,15.6791,15.6504,15.6239,15.5979,15.5724,15.5489,15.5259,15.5036,15.4819,15.461,15.4408,15.4222,15.4035,15.3863,15.369,15.3526,15.3369,15.3219,15.3071,15.2935,15.2798,15.2671,15.2563,15.2436,15.2314,15.2196,15.2084,15.1976,15.1874,15.1774,15.1679,4.06119,3.82182,3.49534,3.31139,3.15135,3.00416,2.86661,2.73555,2.6118,2.49322,2.37935,2.26961,2.16183,2.05551,1.93901,1.82956,1.74058,1.66131,1.58827,1.51969,1.455,1.39344,1.36517
0.96,23.4923,17.3501,15.1615,14.059,13.0528,13.3912,13.7324,14.9869,16.1472,16.9526,17.0402,16.8773,16.5696,16.2033,15.8838,16.1136,17.1363,18.2989,19.9896,18.7957,17.7402,17.0059,16.6645,17.0168,17.5087,17.6707,17.5743,17.4257,17.1855,17.4849,18.2437,18.1137,17.4903,17.1554,17.4188,17.4641,17.3037,17.1223,17.4508,17.4538,17.0623,17.0872,17.097,16.9516,16.9843,17.0093,16.7863,16.8054,16.7116,16.6818,16.6313,16.5579,16.5177,16.456,16.4119,16.3582,16.4054,16.3633,16.3066,16.2594,16.2098,16.1624,16.1184,16.0784,16.0367,15.994,15.9581,15.9181,15.8842,15.8472,15.8155,15.7813,15.7519,15.7205,15.6915,15.663,15.6366,15.6107,15.5853,15.5619,15.5391,15.5168,15.4953,15.4744,15.4543,15.4358,15.4172,15.4,15.3828,15.3665,15.3508,15.3359,15.3212,15.3076,15.2939,15.2813,15.2706,15.258,15.2458,15.2341,15.2229,15.2122,15.2019,15.192,15.1826,15.1735,15.1649,15.1566,15.1486,15.141,15.1338,15.1268,3.1237,2.97103,2.82562,2.68323,2.52957,2.34352,2.22625,2.12183,2.02628,1.93609,1.85125,1.77124,1.69516,1.62279,1.55359,1.52171
0.97,23.493,17.3502,15.1617,14.0594,13.0536,13.3925,13.734,14.9889,16.1496,16.9544,17.0417,16.8787,16.5709,16.2046,15.8854,16.1167,17.1395,18.302,19.9927,18.7972,17.7417,17.0076,16.6668,17.0204,17.5121,17.6737,17.5772,17.4286,17.1885,17.4898,18.248,18.117,17.4934,17.1597,17.4237,17.4686,17.3082,17.1273,17.4571,17.4588,17.0673,17.0934,17.103,16.9577,16.9917,17.0161,16.7933,16.8129,16.719,16.6901,16.6393,16.5663,16.5262,16.4648,16.4208,16.3675,16.4147,16.373,16.3165,16.2693,16.2201,16.1728,16.129,16.0891,16.0476,16.0051,15.9693,15.9295,15.8958,15.8588,15.8273,15.7932,15.764,15.7327,15.7038,15.6754,15.6491,15.6233,15.5981,15.5748,15.552,15.5298,15.5084,15.4876,15.4676,15.4491,15.4306,15.4135,15.3964,15.3801,15.3645,15.3497,15.335,15.3215,15.3079,15.2954,15.2847,15.2721,15.2599,15.2483,15.2371,15.2265,15.2163,15.2064,15.197,15.188,15.1794,15.1711,15.1632,15.1556,15.1484,15.1415,15.1348,15.1285,15.1224,15.1166,15.111,15.1056,15.1005,15.0956,2.48404,2.35542,2.2081,2.05253,1.9515,1.86104,1.77665,1.73823
0.98,23.4932,17.3503,15.1619,14.0597,13.0544,13.3939,13.7356,14.9909,16.152,16.9562,17.0432,16.8801,16.5723,16.206,15.887,16.1198,17.1427,18.3051,19.9957,18.7988,17.7431,17.0092,16.6692,17.024,17.5155,17.6767,17.5801,17.4314,17.1916,17.4948,18.2523,18.1202,17.4965,17.164,17.4285,17.473,17.3125,17.1323,17.4633,17.4638,17.0723,17.0996,17.109,16.9637,16.9991,17.0228,16.8002,16.8203,16.7263,16.6982,16.6472,16.5746,16.5346,16.4736,16.4296,16.3767,16.424,16.3826,16.3263,16.2792,16.2302,16.183,16.1394,16.0997,16.0583,16.016,15.9803,15.9407,15.9071,15.8703,15.8389,15.805,15.7758,15.7447,15.7159,15.6876,15.6614,15.6357,15.6106,15.5874,15.5647,15.5426,15.5213,15.5006,15.4807,15.4623,15.4438,15.4268,15.4098,15.3936,15.378,15.3632,15.3487,15.3352,15.3217,15.3091,15.2985,15.286,15.2739,15.2623,15.2512,15.2406,15.2304,15.2206,15.2112,15.2022,15.1937,15.1855,15.1776,15.17,15.1628,15.1559,15.1493,15.143,15.1369,15.1311,15.1256,15.1202,15.1152,15.1103,15.1056,15.1011,15.0968,15.0927,15.0888,15.0851,15.0815,15.0798
0.99,23.4938,17.3504,15.1621,14.0601,13.0552,13.3952,13.7371,14.993,16.1544,16.9579,17.0447,16.8815,16.5737,16.2073,15.8885,16.1229,17.1458,18.3081,19.9987,18.8003,17.7445,17.0109,16.6715,17.0275,17.5188,17.6796,17.5829,17.4343,17.1946,17.4996,18.2566,18.1234,17.4996,17.1682,17.4331,17.4773,17.3168,17.1371,17.4694,17.4687,17.0773,17.1056,17.1147,16.9694,17.0065,17.0295,16.807,16.8274,16.7333,16.7062,16.6549,16.5826,16.5426,16.4822,16.4384,16.3854,16.4329,16.3921,16.3356,16.2887,16.2402,16.1929,16.1494,16.1099,16.0687,16.0266,15.9911,15.9516,15.9181,15.8815,15.8502,15.8164,15.7874,15.7564,15.7278,15.6996,15.6735,15.6479,15.6229,15.5998,15.5772,15.5552,15.5339,15.5134,15.4935,15.4752,15.4568,15.4399,15.4229,15.4068,15.3913,15.3766,15.362,15.3487,15.3352,15.3227,15.3121,15.2996,15.2876,15.276,15.265,15.2544,15.2443,15.2345,15.2252,15.2162,15.2077,15.1995,15.1917,15.1842,15.177,15.1702,15.1635,15.1573,15.1512,15.1454,15.1399,15.1346,15.1295,15.1247,15.12,15.1156,15.1113,15.1072,15.1033,15.0996,15.096,15.0944
0.995,23.4941,17.3505,15.1622,14.0602,13.0556,13.3959,13.7379,14.9939,16.1556,16.9588,17.0454,16.8822,16.5743,16.2079,15.8893,16.1244,17.1473,18.3096,20.0002,18.801,17.7452,17.0117,16.6727,17.0292,17.5204,17.6811,17.5842,17.4357,17.1961,17.502,18.2587,18.125,17.5011,17.1702,17.4354,17.4795,17.3189,17.1395,17.4724,17.4711,17.0797,17.1085,17.1176,16.9723,17.01,17.0328,16.8103,16.8309,16.7368,16.7102,16.6588,16.5865,16.5466,16.4865,16.4426,16.3898,16.4373,16.3968,16.3402,16.2934,16.245,16.1978,16.1544,16.115,16.0738,16.0318,15.9963,15.9569,15.9235,15.887,15.8558,15.822,15.7931,15.7621,15.7336,15.7054,15.6794,15.6539,15.6289,15.6058,15.5833,15.5614,15.5401,15.5196,15.4998,15.4815,15.4632,15.4463,15.4294,15.4132,15.3978,15.3831,15.3686,15.3552,15.3418,15.3293,15.3188,15.3063,15.2943,15.2828,15.2717,15.2612,15.2511,15.2414,15.2321,15.2231,15.2146,15.2064,15.1986,15.1911,15.184,15.1771,15.1705,15.1643,15.1582,15.1525,15.1469,15.1416,15.1366,15.1317,15.1271,15.1226,15.1184,15.1143,15.1104,15.1067,15.1031,15.1015
0.999,23.4944,17.3506,15.1623,14.0604,13.0559,13.3964,13.7385,14.9947,16.1564,16.9595,17.046,16.8828,16.5749,16.2084,15.8899,16.1257,17.1484,18.3108,20.0014,18.8016,17.7458,17.0123,16.6736,17.0305,17.5218,17.6822,17.5854,17.4368,17.1974,17.5039,18.2604,18.1263,17.5023,17.1719,17.4372,17.4812,17.3206,17.1414,17.4748,17.473,17.0817,17.1108,17.1199,16.9746,17.0129,17.0354,16.813,16.8338,16.7396,16.7133,16.6618,16.5897,16.5499,16.4898,16.446,16.3933,16.4408,16.4003,16.3439,16.2971,16.2488,16.2017,16.1584,16.119,16.0779,16.0359,16.0005,15.9612,15.9279,15.8914,15.8602,15.8265,15.7976,15.7667,15.7382,15.7101,15.6842,15.6587,15.6337,15.6107,15.5882,15.5663,15.5451,15.5246,15.5048,15.4866,15.4683,15.4514,15.4345,15.4184,15.403,15.3883,15.3739,15.3605,15.3471,15.3347,15.3241,15.3117,15.2997,15.2882,15.2772,15.2666,15.2566,15.2468,15.2376,15.2286,15.2201,15.212,15.2042,15.1967,15.1895,15.1827,15.1761,15.1699,15.1638,15.1581,15.1526,15.1473,15.1422,15.1374,15.1328,15.1283,15.1241,15.12,15.1161,15.1124,15.1088,15.1072
1,23.4944,17.3506,15.1623,14.0604,13.056,13.3966,13.7387,14.9951,16.1568,16.9598,17.0462,16.8832,16.5751,16.2086,15.8901,16.1265,17.1489,18.3112,20.0018,18.8018,17.746,17.0125,16.6739,17.0312,17.5223,17.6827,17.5859,17.4374,17.198,17.5046,18.261,18.1268,17.5028,17.1726,17.438,17.4819,17.3213,17.1422,17.4757,17.4737,17.0824,17.1118,17.1208,16.9756,17.014,17.0363,16.8141,16.835,16.7407,16.7145,16.6629,16.5911,16.5512,16.4911,16.4473,16.3948,16.4421,16.4016,16.3452,16.2985,16.2502,16.2031,16.1598,16.1205,16.0794,16.0374,16.0021,15.9628,15.9295,15.893,15.8618,15.8282,15.7993,15.7684,15.7399,15.7119,15.6859,15.6604,15.6355,15.6125,15.59,15.5681,15.5469,15.5264,15.5067,15.4885,15.4702,15.4533,15.4364,15.4203,15.4049,15.3903,15.3758,15.3625,15.349,15.3366,15.3261,15.3137,15.3017,15.2902,15.2792,15.2686,15.2586,15.2489,15.2396,15.2307,15.2222,15.214,15.2062,15.1987,15.1916,15.1848,15.1782,15.1719,15.1659,15.1602,15.1547,15.1494,15.1444,15.1395,15.1349,15.1304,15.1262,15.1221,15.1183,15.1145,15.111,15.1093
1.05,23.4965,17.3513,15.1633,14.0621,13.0597,13.4031,13.746,0,0,0,17.0529,16.8897,16.5814,16.2149,15.8976,16.1406,17.1629,18.3249,20.0148,18.8087,17.7526,17.0201,16.6847,17.0472,0,17.6962,17.5987,17.4501,17.2117,17.5262,18.2803,18.1414,17.5168,17.1915,17.4592,17.5017,17.3408,17.1643,17.5035,17.496,17.1048,17.1392,17.1473,17.0021,17.0472,17.0665,16.8448,16.8676,16.7731,16.7509,16.6981,16.6277,16.5882,16.5301,16.4865,16.4352,16.4835,16.4444,16.3886,16.3426,16.2953,16.2489,16.2063,16.1677,16.1273,16.0861,16.0514,16.0127,15.98,15.9442,15.9136,15.8805,15.8521,15.8218,15.7938,15.7663,15.7408,15.7157,15.6913,15.6687,15.6466,15.6251,15.6043,15.5842,15.5648,15.5469,15.5289,15.5123,15.4958,15.48,15.4649,15.4505,15.4363,15.4232,15.41,15.3978,15.3875,15.3753,15.3635,15.3522,15.3414,15.3311,15.3212,15.3117,15.3026,15.2938,15.2855,15.2775,15.2698,15.2625,15.2554,15.2487,15.2423,15.2362,15.2303,15.2246,15.2192,15.214,15.2091,15.2043,15.1998,15.1954,15.1912,15.1873,15.1835,15.1798,15.1763,15.1747
