,0.3425,0.36,0.3775,0.395,0.4125,0.43,0.4475,0.465,0.4825,0.5175,0.535,0.5525,0.5875,0.605,0.64,0.675,0.6925,0.7275,0.7625,0.7975,0.8325,0.8675,0.92,0.955,0.99,1.0425,1.095,1.1475,1.2,1.2525,1.305,1.3575,1.4275,1.48,1.536,1.62,1.704,1.76,1.844,1.928,2.012,2.124,2.208,2.32,2.404,2.516,2.628,2.768,2.88,3.02,3.16,3.3,3.44,3.58,3.748,3.916,4.112,4.28,4.476,4.672,4.896,5.12,5.344,5.596,5.848,6.1,6.38,6.66,6.968,7.276,7.612,7.948,8.312,8.676,9.068,9.488,9.908,10.356,10.832,11.308,11.84,12.372,12.904,13.492,14.108,14.752,15.396,16.096,16.824,17.58,18.364,19.204,20.072,20.968,21.92,22.9,23.936,25,26.148,27.324,28.528,29.816,31.16,32.56,34.044,35.584,37.18,38.86,40.596,42.416,44.32,46.336,48.408,50.592,52.86,55.24,57.732,60.336,63.052,65.88,68.848,71.956,75.204,78.564,82.12,85.816,89.68,93.712,97.912,99.984
1e-09,19.7053,19.489,16.9359,10.4333,2.42753,0.759556,0.266145,0.0998322,0.0402456,0.00840307,0.00437617,0.00247415,0.000978712,0.000672302,0.000363051,0.000224841,0.000183993,0.000130883,9.91856e-05,7.88578e-05,6.50567e-05,5.52449e-05,4.50623e-05,4.01927e-05,3.63359e-05,3.18715e-05,2.84941e-05,2.58539e-05,2.3733e-05,2.199e-05,2.05299e-05,1.92864e-05,1.78861e-05,1.69864e-05,1.6094e-05,1.5001e-05,1.40697e-05,1.35203e-05,1.27832e-05,1.21324e-05,1.15523e-05,1.08687e-05,1.04117e-05,9.86388e-06,9.49228e-06,9.04107e-06,8.63333e-06,8.17522e-06,7.84388e-06,7.46712e-06,7.12609e-06,6.81583e-06,6.53213e-06,6.27166e-06,5.98583e-06,5.72538e-06,5.44921e-06,5.23314e-06,5.00201e-06,4.79066e-06,4.57015e-06,4.36922e-06,4.18532e-06,3.99623e-06,3.82356e-06,3.66526e-06,3.50414e-06,3.35663e-06,3.20813e-06,3.07223e-06,2.93657e-06,2.81242e-06,2.68926e-06,2.57645e-06,2.46511e-06,2.35603e-06,2.25622e-06,2.15867e-06,2.06388e-06,1.97706e-06,1.8883e-06,1.80716e-06,1.73272e-06,1.65727e-06,1.58497e-06,1.51584e-06,1.45249e-06,1.38938e-06,1.32931e-06,1.2722e-06,1.21794e-06,1.16471e-06,1.11439e-06,1.06681e-06,1.02052e-06,9.7689e-07,9.34647e-07,8.94906e-07,8.55652e-07,8.1886e-07,7.84334e-07,7.50484e-07,7.18144e-07,6.87297e-07,6.57365e-07,6.28945e-07,6.01974e-07,5.75976e-07,5.51371e-07,5.27737e-07,5.05091e-07,4.83138e-07,4.62483e-07,4.42541e-07,4.23576e-07,4.05349e-07,3.87873e-07,3.71155e-07,3.55188e-07,3.39962e-07,3.25327e-07,3.11296e-07,2.97872e-07,2.85152e-07,2.72824e-07,2.61094e-07,2.49863e-07,2.39133e-07,2.28893e-07,2.24159e-07
1.25e-09,20.758,20.3875,18.0802,13.0752,3.3579,0.975975,0.335853,0.125243,0.0503828,0.0105074,0.00547119,0.003093,0.00122344,0.000840404,0.000453822,0.000281054,0.000229994,0.000163605,0.000123983,9.85727e-05,8.13211e-05,6.90564e-05,5.6328e-05,5.0241e-05,4.542e-05,3.98395e-05,3.56177e-05,3.23173e-05,2.96662e-05,2.74876e-05,2.56624e-05,2.4108e-05,2.23576e-05,2.12331e-05,2.01175e-05,1.87513e-05,1.75872e-05,1.69004e-05,1.5979e-05,1.51655e-05,1.44404e-05,1.35859e-05,1.30147e-05,1.23299e-05,1.18653e-05,1.13014e-05,1.07917e-05,1.0219e-05,9.80485e-06,9.33389e-06,8.90763e-06,8.51979e-06,8.16518e-06,7.8396e-06,7.4823e-06,7.15672e-06,6.81153e-06,6.54143e-06,6.25253e-06,5.98834e-06,5.71271e-06,5.46153e-06,5.23167e-06,4.99529e-06,4.77945e-06,4.58158e-06,4.38018e-06,4.19579e-06,4.01015e-06,3.84029e-06,3.67072e-06,3.51551e-06,3.36157e-06,3.22056e-06,3.08139e-06,2.94505e-06,2.82028e-06,2.69834e-06,2.57985e-06,2.47132e-06,2.36037e-06,2.25896e-06,2.1659e-06,2.07159e-06,1.98121e-06,1.8948e-06,1.81561e-06,1.73672e-06,1.66164e-06,1.59025e-06,1.52242e-06,1.45589e-06,1.39299e-06,1.33352e-06,1.27566e-06,1.22111e-06,1.16831e-06,1.11863e-06,1.06956e-06,1.02358e-06,9.80417e-07,9.38105e-07,8.97682e-07,8.59121e-07,8.21708e-07,7.8618e-07,7.52468e-07,7.19968e-07,6.89213e-07,6.59671e-07,6.31363e-07,6.03924e-07,5.78103e-07,5.53175e-07,5.29469e-07,5.06686e-07,4.84841e-07,4.63944e-07,4.43985e-07,4.24953e-07,4.0666e-07,3.8912e-07,3.72339e-07,3.5644e-07,3.4103e-07,3.26367e-07,3.1233e-07,2.98916e-07,2.86118e-07,2.802e-07
1.5625e-09,21.6532,21.1633,19.0277,14.9178,4.88213,1.26514,0.424917,0.15727,0.0630975,0.0131397,0.00684053,0.00386676,0.00152939,0.00105055,0.00056729,0.000351323,0.000287496,0.000204508,0.000154979,0.000123216,0.000101652,8.63207e-05,7.04101e-05,6.28014e-05,5.67751e-05,4.97994e-05,4.45222e-05,4.03967e-05,3.70828e-05,3.43595e-05,3.2078e-05,3.01351e-05,2.79471e-05,2.65413e-05,2.51468e-05,2.34391e-05,2.1984e-05,2.11255e-05,1.99738e-05,1.8957e-05,1.80506e-05,1.69824e-05,1.62683e-05,1.54124e-05,1.48317e-05,1.41267e-05,1.34896e-05,1.27738e-05,1.22561e-05,1.16674e-05,1.11346e-05,1.06497e-05,1.02065e-05,9.7995e-06,9.3529e-06,8.94591e-06,8.51441e-06,8.17681e-06,7.81567e-06,7.48541e-06,7.14089e-06,6.82692e-06,6.5396e-06,6.24411e-06,5.97432e-06,5.72699e-06,5.47522e-06,5.24473e-06,5.0127e-06,4.80038e-06,4.5884e-06,4.39441e-06,4.20198e-06,4.02572e-06,3.85174e-06,3.68132e-06,3.52534e-06,3.37293e-06,3.22481e-06,3.08917e-06,2.95046e-06,2.82369e-06,2.70737e-06,2.58949e-06,2.47651e-06,2.3685e-06,2.26952e-06,2.17091e-06,2.07705e-06,1.98781e-06,1.90302e-06,1.81986e-06,1.74123e-06,1.6669e-06,1.59457e-06,1.52639e-06,1.46039e-06,1.39829e-06,1.33696e-06,1.27947e-06,1.22552e-06,1.17263e-06,1.1221e-06,1.0739e-06,1.02714e-06,9.82726e-07,9.40584e-07,8.99962e-07,8.61518e-07,8.2459e-07,7.89206e-07,7.54905e-07,7.2263e-07,6.9147e-07,6.61838e-07,6.33358e-07,6.06053e-07,5.7993e-07,5.54982e-07,5.31191e-07,5.08325e-07,4.864e-07,4.65425e-07,4.45551e-07,4.26289e-07,4.0796e-07,3.90412e-07,3.73645e-07,3.57647e-07,3.50249e-07
1.95313e-09,22.4311,21.8453,19.8353,16.2958,7.51551,1.66076,0.539417,0.197721,0.0790586,0.0164333,0.00855309,0.00483425,0.00191187,0.00131325,0.000709135,0.000439164,0.000359376,0.000255639,0.000193726,0.000154022,0.000127065,0.000107902,8.80131e-05,7.85021e-05,7.09692e-05,6.22496e-05,5.5653e-05,5.04961e-05,4.63538e-05,4.29496e-05,4.00977e-05,3.7669e-05,3.4934e-05,3.31769e-05,3.14337e-05,2.9299e-05,2.74801e-05,2.6407e-05,2.49673e-05,2.36963e-05,2.25633e-05,2.1228e-05,2.03355e-05,1.92655e-05,1.85397e-05,1.76585e-05,1.68621e-05,1.59673e-05,1.53202e-05,1.45843e-05,1.39182e-05,1.33122e-05,1.27582e-05,1.22494e-05,1.16912e-05,1.11824e-05,1.06431e-05,1.02211e-05,9.76964e-06,9.3568e-06,8.92614e-06,8.53368e-06,8.17452e-06,7.80517e-06,7.46794e-06,7.15876e-06,6.84405e-06,6.55595e-06,6.26589e-06,6.0005e-06,5.73553e-06,5.49303e-06,5.25249e-06,5.03216e-06,4.81469e-06,4.60166e-06,4.4067e-06,4.21618e-06,4.03103e-06,3.86146e-06,3.68809e-06,3.52963e-06,3.38423e-06,3.23687e-06,3.09566e-06,2.96064e-06,2.83691e-06,2.71364e-06,2.59633e-06,2.48478e-06,2.37879e-06,2.27484e-06,2.17655e-06,2.08363e-06,1.99322e-06,1.908e-06,1.82549e-06,1.74787e-06,1.6712e-06,1.59935e-06,1.53191e-06,1.4658e-06,1.40263e-06,1.34238e-06,1.28392e-06,1.22841e-06,1.17574e-06,1.12496e-06,1.0769e-06,1.03074e-06,9.8651e-07,9.43635e-07,9.03292e-07,8.64342e-07,8.27301e-07,7.917e-07,7.57568e-07,7.24915e-07,6.93731e-07,6.63993e-07,6.35408e-07,6.08003e-07,5.81784e-07,5.56941e-07,5.32863e-07,5.09951e-07,4.88017e-07,4.67058e-07,4.47061e-07,4.37814e-07
2.44141e-09,23.1182,22.4531,20.5383,17.3913,10.7144,2.22141,0.687819,0.248954,0.0991171,0.020555,0.0106951,0.00604406,0.00239005,0.00164166,0.000886448,0.000548967,0.000449228,0.000319551,0.00024216,0.000192529,0.000158833,0.000134878,0.000110017,9.81278e-05,8.87118e-05,7.78121e-05,6.95664e-05,6.31203e-05,5.79422e-05,5.36869e-05,5.01221e-05,4.70864e-05,4.36676e-05,4.14711e-05,3.92922e-05,3.66239e-05,3.43502e-05,3.30088e-05,3.12092e-05,2.96204e-05,2.82042e-05,2.6535e-05,2.54194e-05,2.40819e-05,2.31746e-05,2.20731e-05,2.10776e-05,1.99592e-05,1.91502e-05,1.82304e-05,1.73978e-05,1.66403e-05,1.59477e-05,1.53118e-05,1.4614e-05,1.39781e-05,1.33038e-05,1.27763e-05,1.2212e-05,1.1696e-05,1.11577e-05,1.06671e-05,1.02182e-05,9.75646e-06,9.33492e-06,8.94845e-06,8.55508e-06,8.19495e-06,7.83238e-06,7.50062e-06,7.16941e-06,6.86629e-06,6.56562e-06,6.29021e-06,6.01837e-06,5.75208e-06,5.50837e-06,5.27023e-06,5.03879e-06,4.82684e-06,4.61012e-06,4.41204e-06,4.23029e-06,4.04609e-06,3.86958e-06,3.7008e-06,3.54613e-06,3.39205e-06,3.24541e-06,3.10597e-06,2.97349e-06,2.84354e-06,2.72069e-06,2.60454e-06,2.49152e-06,2.385e-06,2.28187e-06,2.18484e-06,2.08901e-06,1.99918e-06,1.91489e-06,1.83225e-06,1.75329e-06,1.67798e-06,1.60491e-06,1.53552e-06,1.46967e-06,1.4062e-06,1.34613e-06,1.28843e-06,1.23314e-06,1.17954e-06,1.12911e-06,1.08043e-06,1.03413e-06,9.89626e-07,9.46962e-07,9.06146e-07,8.67164e-07,8.29991e-07,7.94261e-07,7.60004e-07,7.2723e-07,6.96176e-07,6.66079e-07,6.37439e-07,6.10022e-07,5.83823e-07,5.58825e-07,5.47267e-07
3.05176e-09,23.7328,23.0007,21.1602,18.299,13.0675,3.0562,0.882283,0.314072,0.12436,0.0257149,0.0133748,0.00755699,0.00298787,0.00205223,0.00110811,0.000686226,0.000561547,0.000399446,0.000302703,0.000240662,0.000198543,0.000168598,0.000137521,0.000122661,0.00011089,9.7265e-05,8.69582e-05,7.89005e-05,7.24279e-05,6.71089e-05,6.26528e-05,5.88581e-05,5.45845e-05,5.1839e-05,4.91153e-05,4.57799e-05,4.29378e-05,4.1261e-05,3.90116e-05,3.70256e-05,3.52552e-05,3.31689e-05,3.17743e-05,3.01025e-05,2.89683e-05,2.75914e-05,2.63471e-05,2.4949e-05,2.39378e-05,2.2788e-05,2.17473e-05,2.08004e-05,1.99346e-05,1.91398e-05,1.82675e-05,1.74726e-05,1.66298e-05,1.59704e-05,1.52651e-05,1.462e-05,1.39471e-05,1.33339e-05,1.27727e-05,1.21956e-05,1.16687e-05,1.11856e-05,1.06939e-05,1.02437e-05,9.79049e-06,9.37579e-06,8.96179e-06,8.58287e-06,8.20702e-06,7.86277e-06,7.52298e-06,7.19011e-06,6.88548e-06,6.58779e-06,6.29849e-06,6.03356e-06,5.76266e-06,5.51506e-06,5.28787e-06,5.05761e-06,4.83698e-06,4.626e-06,4.43267e-06,4.24007e-06,4.05676e-06,3.88247e-06,3.71687e-06,3.55444e-06,3.40087e-06,3.25568e-06,3.11441e-06,2.98125e-06,2.85234e-06,2.73105e-06,2.61126e-06,2.49898e-06,2.39361e-06,2.29031e-06,2.19162e-06,2.09748e-06,2.00613e-06,1.9194e-06,1.83709e-06,1.75775e-06,1.68266e-06,1.61054e-06,1.54142e-06,1.47443e-06,1.41139e-06,1.35054e-06,1.29266e-06,1.23703e-06,1.1837e-06,1.13268e-06,1.08396e-06,1.03749e-06,9.92827e-07,9.50007e-07,9.09038e-07,8.70221e-07,8.32599e-07,7.96801e-07,7.62528e-07,7.29779e-07,6.98533e-07,6.84085e-07
3.8147e-09,24.2883,23.4985,21.7172,19.0733,14.7249,4.40665,1.14097,0.397219,0.156182,0.0321767,0.0167277,0.00944927,0.00373534,0.00256553,0.00138521,0.000857813,0.000701955,0.000499318,0.000378384,0.000300832,0.00024818,0.000210749,0.000171903,0.000153326,0.000138613,0.000121582,0.000108698,9.86259e-05,9.05353e-05,8.38863e-05,7.8316e-05,7.35727e-05,6.82312e-05,6.4799e-05,6.13944e-05,5.7225e-05,5.36723e-05,5.15765e-05,4.87646e-05,4.62821e-05,4.40692e-05,4.14612e-05,3.9718e-05,3.76282e-05,3.62105e-05,3.44894e-05,3.2934e-05,3.11863e-05,2.99223e-05,2.84851e-05,2.71842e-05,2.60005e-05,2.49184e-05,2.39248e-05,2.28344e-05,2.18408e-05,2.07873e-05,1.99631e-05,1.90814e-05,1.82751e-05,1.74339e-05,1.66674e-05,1.59659e-05,1.52445e-05,1.45859e-05,1.3982e-05,1.33674e-05,1.28046e-05,1.22381e-05,1.17198e-05,1.12023e-05,1.07286e-05,1.02588e-05,9.82848e-06,9.40374e-06,8.98765e-06,8.60687e-06,8.23476e-06,7.87313e-06,7.54196e-06,7.20334e-06,6.89384e-06,6.60986e-06,6.32204e-06,6.04624e-06,5.78252e-06,5.54085e-06,5.3001e-06,5.07097e-06,4.85309e-06,4.64609e-06,4.44306e-06,4.2511e-06,4.06961e-06,3.89302e-06,3.72657e-06,3.56543e-06,3.41382e-06,3.26408e-06,3.12373e-06,2.99202e-06,2.8629e-06,2.73953e-06,2.62185e-06,2.50767e-06,2.39926e-06,2.29637e-06,2.19719e-06,2.10333e-06,2.01318e-06,1.92679e-06,1.84305e-06,1.76425e-06,1.68818e-06,1.61583e-06,1.5463e-06,1.47963e-06,1.41586e-06,1.35495e-06,1.29687e-06,1.24104e-06,1.18751e-06,1.1363e-06,1.08778e-06,1.04075e-06,9.96003e-07,9.53163e-07,9.12226e-07,8.73168e-07,8.55109e-07
4.76837e-09,24.7946,23.9545,22.2211,19.7477,15.9833,6.77218,1.49248,0.504019,0.196388,0.0402725,0.020924,0.0118163,0.00466995,0.00320728,0.00173163,0.00107231,0.000877475,0.000624163,0.00047299,0.000376045,0.000310228,0.000263438,0.00021488,0.000191659,0.000173268,0.000151979,0.000135873,0.000123283,0.00011317,0.000104858,9.78954e-05,9.19663e-05,8.52888e-05,8.09988e-05,7.67428e-05,7.15317e-05,6.70908e-05,6.44706e-05,6.09557e-05,5.78529e-05,5.50867e-05,5.18266e-05,4.96476e-05,4.70353e-05,4.52631e-05,4.31119e-05,4.11676e-05,3.89828e-05,3.74029e-05,3.56064e-05,3.39804e-05,3.25006e-05,3.11482e-05,2.99059e-05,2.85431e-05,2.7301e-05,2.59842e-05,2.49539e-05,2.38518e-05,2.28439e-05,2.17924e-05,2.08344e-05,1.99574e-05,1.90557e-05,1.82324e-05,1.74775e-05,1.67092e-05,1.60058e-05,1.52977e-05,1.46497e-05,1.40028e-05,1.34108e-05,1.28236e-05,1.22857e-05,1.17547e-05,1.12346e-05,1.07586e-05,1.02934e-05,9.84145e-06,9.42743e-06,9.00423e-06,8.61735e-06,8.26237e-06,7.90256e-06,7.55778e-06,7.22816e-06,6.92606e-06,6.62514e-06,6.33874e-06,6.06637e-06,5.80764e-06,5.55385e-06,5.31387e-06,5.08702e-06,4.8663e-06,4.65821e-06,4.45679e-06,4.2673e-06,4.08013e-06,3.90466e-06,3.74003e-06,3.57863e-06,3.42442e-06,3.27733e-06,3.1346e-06,2.99908e-06,2.87046e-06,2.74649e-06,2.62918e-06,2.51648e-06,2.4085e-06,2.30381e-06,2.20531e-06,2.11022e-06,2.01979e-06,1.93287e-06,1.84955e-06,1.76982e-06,1.69369e-06,1.62109e-06,1.5513e-06,1.4844e-06,1.42037e-06,1.35972e-06,1.30095e-06,1.245e-06,1.19146e-06,1.14028e-06,1.09147e-06,1.06889e-06
5.96046e-09,25.2592,24.3747,22.6808,20.3446,16.9944,9.94666,1.98571,0.642289,0.247331,0.0504218,0.0261775,0.0147778,0.00583867,0.0040097,0.00216472,0.00134047,0.00109689,0.00078023,0.000591251,0.000470065,0.000387791,0.000329301,0.000268602,0.000239575,0.000216585,0.000189975,0.000169842,0.000154104,0.000141462,0.000131073,0.00012237,0.000114958,0.000106611,0.000101249,9.5929e-05,8.94149e-05,8.38636e-05,8.0589e-05,7.61951e-05,7.23161e-05,6.88587e-05,6.47834e-05,6.20596e-05,5.87946e-05,5.65791e-05,5.38901e-05,5.14596e-05,4.87289e-05,4.67539e-05,4.45081e-05,4.24755e-05,4.06262e-05,3.89351e-05,3.73826e-05,3.56789e-05,3.41264e-05,3.24803e-05,3.11924e-05,2.98148e-05,2.85551e-05,2.72408e-05,2.6043e-05,2.49469e-05,2.38197e-05,2.27905e-05,2.1847e-05,2.08866e-05,2.00073e-05,1.91221e-05,1.83123e-05,1.75036e-05,1.67635e-05,1.60295e-05,1.53571e-05,1.46935e-05,1.40433e-05,1.34483e-05,1.28669e-05,1.23018e-05,1.17844e-05,1.12553e-05,1.07717e-05,1.0328e-05,9.87822e-06,9.44731e-06,9.03527e-06,8.65763e-06,8.28147e-06,7.92346e-06,7.58299e-06,7.25956e-06,6.94231e-06,6.64238e-06,6.35881e-06,6.0829e-06,5.82279e-06,5.571e-06,5.33412e-06,5.10015e-06,4.88085e-06,4.67506e-06,4.47329e-06,4.28053e-06,4.09668e-06,3.91827e-06,3.74885e-06,3.5881e-06,3.43313e-06,3.28648e-06,3.14562e-06,3.01061e-06,2.87978e-06,2.75666e-06,2.63779e-06,2.52475e-06,2.41611e-06,2.31195e-06,2.21229e-06,2.11712e-06,2.02636e-06,1.93913e-06,1.85549e-06,1.77548e-06,1.69967e-06,1.62618e-06,1.55626e-06,1.48933e-06,1.42536e-06,1.36433e-06,1.33611e-06
7.45058e-09,25.6882,24.7641,23.1031,20.8796,17.8387,12.3809,2.71236,0.823208,0.312116,0.0631549,0.0327573,0.0184839,0.00730026,0.00501306,0.00270617,0.00167569,0.00137119,0.000975327,0.000739087,0.000587595,0.000484749,0.000411633,0.000335757,0.000299472,0.000270735,0.00023747,0.000212305,0.000192632,0.00017683,0.000163843,0.000152964,0.000143699,0.000133265,0.000126562,0.000119912,0.000111769,0.00010483,0.000100736,9.52448e-05,9.0396e-05,8.60735e-05,8.09798e-05,7.75751e-05,7.34934e-05,7.07244e-05,6.73628e-05,6.43249e-05,6.09115e-05,5.84429e-05,5.56355e-05,5.30948e-05,5.07828e-05,4.86693e-05,4.67285e-05,4.45988e-05,4.26584e-05,4.06006e-05,3.89909e-05,3.72688e-05,3.5694e-05,3.4051e-05,3.25539e-05,3.11838e-05,2.97748e-05,2.84884e-05,2.7309e-05,2.61084e-05,2.50094e-05,2.3903e-05,2.28905e-05,2.18797e-05,2.09546e-05,2.0037e-05,1.91964e-05,1.83669e-05,1.75543e-05,1.68105e-05,1.60837e-05,1.53774e-05,1.47306e-05,1.40692e-05,1.34647e-05,1.29101e-05,1.23478e-05,1.18092e-05,1.12941e-05,1.08221e-05,1.03519e-05,9.90436e-06,9.47881e-06,9.0745e-06,8.67797e-06,8.30302e-06,7.94853e-06,7.60367e-06,7.27856e-06,6.9638e-06,6.66772e-06,6.37523e-06,6.10112e-06,5.84386e-06,5.59167e-06,5.3507e-06,5.12086e-06,4.89786e-06,4.6861e-06,4.48515e-06,4.29144e-06,4.10811e-06,3.93204e-06,3.76329e-06,3.59974e-06,3.44583e-06,3.29726e-06,3.15595e-06,3.02015e-06,2.88995e-06,2.76538e-06,2.64642e-06,2.53296e-06,2.42393e-06,2.31938e-06,2.21937e-06,2.1246e-06,2.03274e-06,1.94534e-06,1.86167e-06,1.78171e-06,1.70543e-06,1.67016e-06
9.31323e-09,26.0863,25.1266,23.4933,21.3638,18.563,14.0724,3.86234,1.06338,0.394895,0.0791442,0.0410021,0.023123,0.00912834,0.00626778,0.00338318,0.00209481,0.00171413,0.00121922,0.000923894,0.000734515,0.000605949,0.000514551,0.000419703,0.000374345,0.000338423,0.000296841,0.000265384,0.000240792,0.000221039,0.000204805,0.000191206,0.000179626,0.000166583,0.000158204,0.000149891,0.000139712,0.000131038,0.000125922,0.000119057,0.000112996,0.000107593,0.000101226,9.69694e-05,9.18676e-05,8.84061e-05,8.42043e-05,8.04068e-05,7.614e-05,7.3054e-05,6.95447e-05,6.63691e-05,6.34791e-05,6.08371e-05,5.84113e-05,5.57492e-05,5.33234e-05,5.07513e-05,4.8739e-05,4.65863e-05,4.46178e-05,4.25642e-05,4.06926e-05,3.89801e-05,3.72189e-05,3.56107e-05,3.41363e-05,3.26357e-05,3.12619e-05,2.98789e-05,2.86133e-05,2.73498e-05,2.61935e-05,2.50464e-05,2.39958e-05,2.29588e-05,2.19429e-05,2.10133e-05,2.01048e-05,1.92218e-05,1.84133e-05,1.75866e-05,1.6831e-05,1.61376e-05,1.5435e-05,1.47616e-05,1.41177e-05,1.35277e-05,1.294e-05,1.23805e-05,1.18486e-05,1.13432e-05,1.08475e-05,1.03788e-05,9.93577e-06,9.50464e-06,9.09826e-06,8.70482e-06,8.33468e-06,7.96911e-06,7.62644e-06,7.30487e-06,6.98963e-06,6.68842e-06,6.40112e-06,6.12237e-06,5.85767e-06,5.60648e-06,5.36434e-06,5.13517e-06,4.91508e-06,4.70416e-06,4.49971e-06,4.30732e-06,4.1216e-06,3.94496e-06,3.77521e-06,3.61245e-06,3.45675e-06,3.30804e-06,3.16624e-06,3.02993e-06,2.89926e-06,2.77423e-06,2.65576e-06,2.54094e-06,2.43169e-06,2.3271e-06,2.22715e-06,2.1318e-06,2.08771e-06
1.16415e-08,26.4573,25.4654,23.8556,21.8058,19.1967,15.3415,5.87792,1.3888,0.501321,0.0992457,0.0513395,0.0289321,0.0114151,0.00783697,0.00422965,0.00261877,0.00214283,0.00152412,0.00115492,0.000918174,0.000757456,0.000643202,0.000524636,0.000467938,0.000423033,0.000371055,0.000331732,0.000300993,0.0002763,0.000256009,0.000239009,0.000224533,0.00020823,0.000197756,0.000187365,0.000174642,0.000163799,0.000157403,0.000148822,0.000141245,0.000134492,0.000126533,0.000121213,0.000114835,0.000110508,0.000105256,0.000100509,9.51753e-05,9.13177e-05,8.69316e-05,8.29615e-05,7.93491e-05,7.60465e-05,7.30144e-05,6.96867e-05,6.66545e-05,6.34393e-05,6.09239e-05,5.82332e-05,5.57725e-05,5.32054e-05,5.08661e-05,4.87252e-05,4.65238e-05,4.45135e-05,4.26708e-05,4.07948e-05,3.90776e-05,3.73487e-05,3.57668e-05,3.41874e-05,3.27419e-05,3.13082e-05,2.99948e-05,2.86986e-05,2.74288e-05,2.62667e-05,2.51311e-05,2.40274e-05,2.30168e-05,2.19834e-05,2.10388e-05,2.01722e-05,1.92938e-05,1.84521e-05,1.76472e-05,1.69097e-05,1.6175e-05,1.54758e-05,1.48108e-05,1.41791e-05,1.35595e-05,1.29736e-05,1.24197e-05,1.18808e-05,1.13729e-05,1.08811e-05,1.04184e-05,9.96142e-06,9.5331e-06,9.13113e-06,8.73706e-06,8.36057e-06,8.00143e-06,7.653e-06,7.32211e-06,7.00813e-06,6.70545e-06,6.419e-06,6.14388e-06,5.88022e-06,5.62466e-06,5.38418e-06,5.15201e-06,4.93123e-06,4.71902e-06,4.51559e-06,4.32095e-06,4.13508e-06,3.95782e-06,3.78743e-06,3.62409e-06,3.46779e-06,3.31972e-06,3.1762e-06,3.03963e-06,2.90888e-06,2.78396e-06,2.66476e-06,2.60964e-06
1.45519e-08,26.8045,25.7833,24.1936,22.2119,19.7596,16.3541,8.98095,1.84314,0.639281,0.124556,0.0643111,0.0362098,0.0142762,0.00979979,0.00528816,0.00327392,0.00267884,0.00190531,0.00144374,0.00114777,0.000946855,0.000804027,0.000655811,0.000584936,0.000528803,0.000463827,0.000414673,0.000376247,0.000345381,0.000320016,0.000298766,0.00028067,0.000260291,0.000247198,0.00023421,0.000218305,0.000204752,0.000196756,0.000186029,0.000176559,0.000168117,0.000158167,0.000151518,0.000143545,0.000138137,0.000131571,0.000125638,0.000118971,0.000114149,0.000108666,0.000103703,9.91877e-05,9.50594e-05,9.1269e-05,8.71093e-05,8.33191e-05,7.93002e-05,7.61558e-05,7.27922e-05,6.97163e-05,6.65075e-05,6.35835e-05,6.09072e-05,5.81554e-05,5.56426e-05,5.3339e-05,5.09941e-05,4.88475e-05,4.66865e-05,4.47089e-05,4.27347e-05,4.09278e-05,3.91356e-05,3.7494e-05,3.58737e-05,3.42864e-05,3.28338e-05,3.14142e-05,3.00347e-05,2.87713e-05,2.74795e-05,2.62988e-05,2.52155e-05,2.41175e-05,2.30654e-05,2.20594e-05,2.11374e-05,2.0219e-05,1.93449e-05,1.85137e-05,1.7724e-05,1.69495e-05,1.62172e-05,1.55248e-05,1.48512e-05,1.42162e-05,1.36015e-05,1.30232e-05,1.24519e-05,1.19165e-05,1.14141e-05,1.09214e-05,1.04508e-05,1.00019e-05,9.56636e-06,9.15274e-06,8.76025e-06,8.38192e-06,8.02385e-06,7.67994e-06,7.35037e-06,7.03091e-06,6.7303e-06,6.44011e-06,6.16411e-06,5.89886e-06,5.64456e-06,5.40126e-06,5.1689e-06,4.94733e-06,4.73435e-06,4.53015e-06,4.33479e-06,4.14969e-06,3.97029e-06,3.79959e-06,3.63616e-06,3.47999e-06,3.33099e-06,3.2621e-06
1.81899e-08,27.1306,26.0824,24.51,22.5874,20.2655,17.1956,11.6099,2.50941,0.820101,0.156483,0.0806039,0.0453323,0.0178568,0.0122553,0.00661192,0.00409308,0.00334903,0.00238188,0.00180481,0.0014348,0.00118362,0.00100507,0.000819789,0.000731189,0.000661019,0.000579797,0.000518351,0.000470318,0.000431734,0.000400026,0.000373463,0.000350843,0.000325368,0.000309002,0.000292767,0.000272885,0.000255943,0.000245949,0.00023254,0.000220702,0.000210149,0.000197712,0.0001894,0.000179434,0.000172674,0.000164466,0.000157049,0.000148715,0.000142688,0.000135834,0.000129631,0.000123986,0.000118826,0.000114088,0.000108888,0.00010415,9.91266e-05,9.51961e-05,9.09916e-05,8.71468e-05,8.31357e-05,7.94803e-05,7.61353e-05,7.26951e-05,6.95542e-05,6.66747e-05,6.37436e-05,6.10603e-05,5.83588e-05,5.5887e-05,5.34191e-05,5.11606e-05,4.89201e-05,4.68681e-05,4.48427e-05,4.28586e-05,4.10427e-05,3.92683e-05,3.75439e-05,3.59646e-05,3.43499e-05,3.2874e-05,3.15198e-05,3.01473e-05,2.88321e-05,2.75745e-05,2.64221e-05,2.52741e-05,2.41814e-05,2.31425e-05,2.21554e-05,2.11872e-05,2.02718e-05,1.94063e-05,1.85643e-05,1.77706e-05,1.70021e-05,1.62792e-05,1.55651e-05,1.48959e-05,1.42678e-05,1.3652e-05,1.30637e-05,1.25026e-05,1.19581e-05,1.14411e-05,1.09505e-05,1.04775e-05,1.003e-05,9.60005e-06,9.18808e-06,8.78876e-06,8.41301e-06,8.05024e-06,7.70524e-06,7.37367e-06,7.05578e-06,6.75167e-06,6.46121e-06,6.18424e-06,5.91802e-06,5.66277e-06,5.41857e-06,5.18719e-06,4.96293e-06,4.74954e-06,4.54526e-06,4.35005e-06,4.1638e-06,4.07768e-06
2.27374e-08,27.4377,26.3648,24.8074,22.9362,20.7246,17.9154,13.4047,3.55546,1.06073,0.196855,0.101093,0.0567751,0.0223389,0.0153279,0.00826756,0.00511743,0.00418702,0.00297773,0.00225622,0.00179363,0.00147961,0.00125639,0.00102477,0.000914017,0.000826299,0.000724765,0.000647955,0.000587911,0.000539679,0.000500043,0.000466839,0.000438563,0.000406719,0.00038626,0.000365965,0.000341112,0.000319935,0.000307441,0.00029068,0.000275882,0.000262691,0.000247145,0.000236754,0.000224297,0.000215846,0.000205587,0.000196315,0.000185897,0.000178363,0.000169795,0.000162041,0.000154985,0.000148535,0.000142612,0.000136112,0.00013019,0.00012391,0.000118997,0.000113741,0.000108935,0.000103921,9.93521e-05,9.51706e-05,9.08706e-05,8.69442e-05,8.33447e-05,7.96809e-05,7.63266e-05,7.29498e-05,6.98599e-05,6.67751e-05,6.39517e-05,6.11512e-05,5.85862e-05,5.60544e-05,5.35741e-05,5.13043e-05,4.90862e-05,4.69306e-05,4.49565e-05,4.29381e-05,4.10932e-05,3.94004e-05,3.76847e-05,3.60408e-05,3.44687e-05,3.30282e-05,3.15931e-05,3.02273e-05,2.89286e-05,2.76947e-05,2.64844e-05,2.53401e-05,2.42583e-05,2.32057e-05,2.22136e-05,2.1253e-05,2.03493e-05,1.94567e-05,1.86201e-05,1.7835e-05,1.70653e-05,1.63299e-05,1.56285e-05,1.49479e-05,1.43016e-05,1.36883e-05,1.30972e-05,1.25377e-05,1.20003e-05,1.14853e-05,1.09861e-05,1.05164e-05,1.0063e-05,9.63173e-06,9.21724e-06,8.81988e-06,8.43972e-06,8.07666e-06,7.73043e-06,7.39764e-06,7.07858e-06,6.77333e-06,6.48409e-06,6.20377e-06,5.93703e-06,5.68166e-06,5.43765e-06,5.20483e-06,5.09718e-06
2.84217e-08,27.7277,26.6319,25.0876,23.2618,21.1446,18.5441,14.724,5.38989,1.38792,0.248061,0.126901,0.0711414,0.0279518,0.0191734,0.0103386,0.00639846,0.00523492,0.00372274,0.00282059,0.00224222,0.00184964,0.00157059,0.00128103,0.00114257,0.00103291,0.00090598,0.000809967,0.000734908,0.000674615,0.000625069,0.000583561,0.000548215,0.000508409,0.000482835,0.000457466,0.000426399,0.000399926,0.000384309,0.000363357,0.000344859,0.00032837,0.000308936,0.000295948,0.000280376,0.000269812,0.000256988,0.000245398,0.000232376,0.000222958,0.000212248,0.000202555,0.000193735,0.000185672,0.000178268,0.000170144,0.00016274,0.00015489,0.000148749,0.000142179,0.000136171,0.000129904,0.000124192,0.000118965,0.00011359,0.000108682,0.000104183,9.96029e-05,9.541e-05,9.11888e-05,8.73263e-05,8.34703e-05,7.9941e-05,7.64404e-05,7.3234e-05,7.00692e-05,6.69688e-05,6.41315e-05,6.13589e-05,5.86643e-05,5.61967e-05,5.36735e-05,5.13674e-05,4.92514e-05,4.71067e-05,4.50517e-05,4.30867e-05,4.1286e-05,3.94921e-05,3.77848e-05,3.61614e-05,3.4619e-05,3.31061e-05,3.16758e-05,3.03234e-05,2.90077e-05,2.77674e-05,2.65667e-05,2.54371e-05,2.43213e-05,2.32756e-05,2.22942e-05,2.1332e-05,2.04128e-05,1.95359e-05,1.86852e-05,1.78773e-05,1.71107e-05,1.63717e-05,1.56724e-05,1.50006e-05,1.43569e-05,1.37329e-05,1.31458e-05,1.25789e-05,1.20399e-05,1.15218e-05,1.1025e-05,1.05498e-05,1.0096e-05,9.66321e-06,9.24722e-06,8.84838e-06,8.4668e-06,8.10526e-06,7.75485e-06,7.42142e-06,7.10221e-06,6.79718e-06,6.50615e-06,6.37159e-06
3.55271e-08,28.0024,26.8853,25.3525,23.5667,21.5313,19.1019,15.7639,8.4312,1.84725,0.31327,0.159472,0.0891986,0.0349838,0.023988,0.0129298,0.0080007,0.00654544,0.00465434,0.00352625,0.00280309,0.00231224,0.00196337,0.00160137,0.00142828,0.0012912,0.00113253,0.0010125,0.000918669,0.000843298,0.00078136,0.000729476,0.000685289,0.000635529,0.000603561,0.000571847,0.000533012,0.000499921,0.000480398,0.000454208,0.000431084,0.000410472,0.00038618,0.000369944,0.000350478,0.000337273,0.000321242,0.000306755,0.000290477,0.000278703,0.000265316,0.0002532,0.000242175,0.000232095,0.000222841,0.000212685,0.00020343,0.000193618,0.000185941,0.000177728,0.000170218,0.000162384,0.000155244,0.00014871,0.000141991,0.000135856,0.000130231,0.000124506,0.000119265,0.000113989,0.000109161,0.00010434,9.99287e-05,9.55527e-05,9.15447e-05,8.75886e-05,8.3713e-05,8.01662e-05,7.67003e-05,7.33321e-05,7.02475e-05,6.70935e-05,6.42108e-05,6.15657e-05,5.88848e-05,5.6316e-05,5.38596e-05,5.16087e-05,4.93664e-05,4.72321e-05,4.52028e-05,4.32748e-05,4.13836e-05,3.95956e-05,3.79052e-05,3.62605e-05,3.47101e-05,3.32092e-05,3.17971e-05,3.04024e-05,2.90951e-05,2.78684e-05,2.66656e-05,2.55166e-05,2.44205e-05,2.3357e-05,2.23472e-05,2.13889e-05,2.04651e-05,1.95909e-05,1.87512e-05,1.79465e-05,1.71665e-05,1.64326e-05,1.5724e-05,1.50502e-05,1.44025e-05,1.37816e-05,1.31876e-05,1.26203e-05,1.20793e-05,1.15593e-05,1.10607e-05,1.05837e-05,1.01318e-05,9.69379e-06,9.27699e-06,8.87797e-06,8.49667e-06,8.13288e-06,7.96467e-06
4.44089e-08,28.2631,27.1262,25.6034,23.8533,21.8896,19.603,16.6219,11.1806,2.52649,0.39674,0.200685,0.111927,0.0437992,0.0300185,0.0161724,0.010005,0.00818461,0.00581937,0.00440862,0.00350433,0.00289063,0.00245442,0.00200185,0.00178546,0.00161408,0.00141573,0.00126568,0.00114838,0.00105416,0.000976737,0.000911879,0.000856643,0.00079444,0.000754477,0.000714835,0.000666286,0.000624923,0.000600516,0.000567777,0.000538872,0.000513108,0.000482741,0.000462443,0.000438113,0.000421604,0.000401566,0.000383454,0.000363109,0.000348391,0.000331655,0.000316509,0.000302728,0.000290129,0.00027856,0.000265864,0.000254297,0.000242029,0.000232433,0.000222166,0.00021278,0.000202985,0.00019406,0.000185893,0.000177495,0.000169825,0.000162794,0.000155638,0.000149086,0.000142491,0.000136455,0.000130429,0.000124914,0.000119445,0.000114434,0.000109489,0.000104644,0.000100211,9.5878e-05,9.16682e-05,8.7812e-05,8.38696e-05,8.02662e-05,7.69592e-05,7.3608e-05,7.03974e-05,6.73267e-05,6.4513e-05,6.17097e-05,5.90422e-05,5.65053e-05,5.4095e-05,5.17313e-05,4.94961e-05,4.73829e-05,4.53271e-05,4.3389e-05,4.15126e-05,3.97477e-05,3.80041e-05,3.63701e-05,3.48365e-05,3.33332e-05,3.18966e-05,3.05266e-05,2.91973e-05,2.79348e-05,2.67369e-05,2.55822e-05,2.44894e-05,2.34397e-05,2.24338e-05,2.14588e-05,2.05414e-05,1.96556e-05,1.88133e-05,1.80038e-05,1.72276e-05,1.64851e-05,1.57758e-05,1.50996e-05,1.44495e-05,1.38263e-05,1.323e-05,1.26652e-05,1.21177e-05,1.15965e-05,1.10978e-05,1.06211e-05,1.01664e-05,9.9561e-06
5.55112e-08,28.511,27.3556,25.8417,24.1236,22.2229,20.0575,17.3524,13.0328,3.61333,0.504313,0.253002,0.140587,0.0548578,0.0375756,0.0202316,0.0125127,0.0102352,0.00727645,0.00551202,0.00438118,0.00361377,0.00306838,0.00250254,0.00223199,0.00201775,0.00176977,0.00158219,0.00143556,0.00131777,0.00122099,0.0011399,0.00107085,0.000993094,0.000943138,0.000893581,0.000832898,0.000781187,0.000750681,0.000709751,0.000673616,0.00064141,0.00060345,0.000578079,0.000547663,0.00052703,0.000501977,0.000479339,0.000453903,0.000435504,0.000414587,0.000395654,0.000378424,0.000362673,0.000348212,0.000332343,0.000317881,0.000302549,0.000290552,0.00027772,0.000265985,0.000253742,0.000242586,0.000232376,0.000221876,0.000212289,0.000203501,0.000194555,0.000186366,0.00017812,0.000170575,0.000163043,0.000156149,0.000149312,0.000143049,0.000136867,0.00013081,0.000125268,0.000119853,0.000114589,0.000109769,0.000104841,0.000100337,9.62029e-05,9.20137e-05,8.80001e-05,8.41616e-05,8.06443e-05,7.714e-05,7.38054e-05,7.06342e-05,6.76217e-05,6.46664e-05,6.18727e-05,5.9231e-05,5.66607e-05,5.42384e-05,5.18928e-05,4.96865e-05,4.75072e-05,4.54643e-05,4.35475e-05,4.16679e-05,3.98725e-05,3.81598e-05,3.6498e-05,3.49201e-05,3.34226e-05,3.19791e-05,3.0613e-05,2.93008e-05,2.80433e-05,2.68246e-05,2.56778e-05,2.45706e-05,2.35176e-05,2.25055e-05,2.15352e-05,2.06071e-05,1.97206e-05,1.88752e-05,1.80627e-05,1.72836e-05,1.65382e-05,1.5832e-05,1.51476e-05,1.44963e-05,1.38728e-05,1.3277e-05,1.27085e-05,1.24457e-05
6.93889e-08,28.7472,27.5745,26.0684,24.3791,22.5345,20.4733,17.9886,14.3773,5.58073,0.644206,0.319694,0.176809,0.068743,0.0470516,0.0253145,0.0156508,0.0128008,0.00909907,0.00689198,0.00547764,0.00451797,0.003836,0.00312851,0.00279026,0.00252241,0.00221239,0.00197788,0.00179456,0.00164732,0.00152632,0.00142496,0.00133864,0.00124143,0.00117899,0.00111703,0.00104117,0.00097653,0.000938398,0.000887235,0.000842065,0.000801803,0.00075435,0.000722634,0.000684612,0.000658817,0.000627502,0.0005992,0.000567403,0.000544407,0.000518257,0.000494589,0.000473054,0.000453364,0.000435286,0.000415448,0.000397371,0.000378204,0.000363207,0.000347166,0.000332497,0.000317192,0.000303247,0.000290484,0.000277359,0.000265375,0.000254389,0.000243205,0.000232968,0.00022266,0.000213229,0.000203813,0.000195195,0.000186649,0.000178819,0.000171091,0.000163521,0.000156593,0.000149823,0.000143243,0.000137218,0.000131057,0.000125426,0.000120259,0.000115023,0.000110005,0.000105207,0.00010081,9.643e-05,9.22607e-05,8.82969e-05,8.45309e-05,8.08369e-05,7.73444e-05,7.4042e-05,7.08293e-05,6.78011e-05,6.48693e-05,6.21111e-05,5.93867e-05,5.68331e-05,5.44368e-05,5.20875e-05,4.98429e-05,4.77018e-05,4.56244e-05,4.3652e-05,4.17799e-05,3.99756e-05,3.8268e-05,3.66276e-05,3.50557e-05,3.35323e-05,3.20986e-05,3.07146e-05,2.93982e-05,2.81333e-05,2.69204e-05,2.576e-05,2.46518e-05,2.3595e-05,2.25794e-05,2.16055e-05,2.06738e-05,1.9791e-05,1.89354e-05,1.81212e-05,1.73418e-05,1.6597e-05,1.58864e-05,1.55578e-05
8.67362e-08,28.9727,27.7837,26.2846,24.6214,22.8268,20.8562,18.552,15.43,8.78611,0.828388,0.405183,0.222724,0.0861982,0.0589437,0.0316824,0.0195793,0.0160118,0.0113793,0.00861803,0.00684889,0.00564866,0.00479583,0.00391118,0.00348826,0.00315336,0.00276576,0.00247257,0.00224339,0.00205931,0.00190805,0.00178133,0.00167342,0.00155191,0.00147383,0.00139639,0.00130155,0.00122074,0.00117307,0.00110911,0.00105265,0.00100231,0.000942996,0.000903345,0.000855813,0.000823571,0.000784426,0.000749049,0.000709299,0.00068055,0.000647859,0.000618273,0.000591354,0.000566741,0.000544142,0.000519342,0.000496743,0.000472782,0.000454038,0.000433983,0.000415646,0.000396515,0.000379081,0.000363126,0.000346718,0.000331737,0.000318004,0.000304025,0.000291226,0.000278341,0.000266553,0.000254782,0.00024401,0.000233324,0.000223537,0.000213877,0.000204413,0.000195753,0.000187289,0.000179065,0.000171533,0.000163832,0.000156792,0.000150333,0.000143787,0.000137515,0.000131517,0.00012602,0.000120544,0.000115333,0.000110378,0.00010567,0.000101052,9.66862e-05,9.25583e-05,8.85423e-05,8.47564e-05,8.10915e-05,7.76432e-05,7.42376e-05,7.10456e-05,6.80498e-05,6.5113e-05,6.23073e-05,5.96308e-05,5.7034e-05,5.45683e-05,5.22281e-05,4.99724e-05,4.78377e-05,4.57873e-05,4.38224e-05,4.19178e-05,4.01257e-05,3.83956e-05,3.67502e-05,3.51687e-05,3.36526e-05,3.2202e-05,3.08167e-05,2.94957e-05,2.82259e-05,2.70085e-05,2.58438e-05,2.47403e-05,2.36707e-05,2.26528e-05,2.16785e-05,2.07475e-05,1.98591e-05,1.94484e-05
1.0842e-07,29.1883,27.9839,26.491,24.8515,23.102,21.211,19.0575,16.2957,11.4343,1.07507,0.515562,0.281147,0.108173,0.0738829,0.0396645,0.0244988,0.0200314,0.0142327,0.0107773,0.00856396,0.00706267,0.00599607,0.0048898,0.00436098,0.00394224,0.00345761,0.00309105,0.00280453,0.00257439,0.00238528,0.00222686,0.00209196,0.00194004,0.00184244,0.00174563,0.00162707,0.00152605,0.00146645,0.0013865,0.00131591,0.00125299,0.00117883,0.00112927,0.00106985,0.00102954,0.000980604,0.000936377,0.000886687,0.000850749,0.000809885,0.0007729,0.000739244,0.000708476,0.000680227,0.000649224,0.000620974,0.00059102,0.000567586,0.000542518,0.000519593,0.000495679,0.000473885,0.00045394,0.00043343,0.000414703,0.000397534,0.000380058,0.000364059,0.000347952,0.000333214,0.000318501,0.000305034,0.000291676,0.000279441,0.000267365,0.000255535,0.000244708,0.000234129,0.000223847,0.000214431,0.000204804,0.000196004,0.00018793,0.000179747,0.000171905,0.000164408,0.000157537,0.000150691,0.000144177,0.000137982,0.000132097,0.000126324,0.000120866,0.000115706,0.000110685,0.000105953,0.000101372,9.7061e-05,9.28036e-05,8.88132e-05,8.50686e-05,8.13972e-05,7.78897e-05,7.45438e-05,7.12977e-05,6.82152e-05,6.52898e-05,6.24701e-05,5.98015e-05,5.72381e-05,5.47819e-05,5.24011e-05,5.01607e-05,4.79977e-05,4.59409e-05,4.39639e-05,4.20686e-05,4.02554e-05,3.85236e-05,3.68722e-05,3.5285e-05,3.37631e-05,3.2307e-05,3.09275e-05,2.95904e-05,2.83181e-05,2.71002e-05,2.59362e-05,2.48257e-05,2.43123e-05
1.35525e-07,29.3947,28.1758,26.6885,25.0706,23.3618,21.5414,19.5158,17.0317,13.196,1.41377,0.659474,0.355854,0.135888,0.0926741,0.0496774,0.0306621,0.0250656,0.0178043,0.013479,0.0107094,0.00883125,0.00749713,0.00611357,0.00545226,0.00492865,0.00432268,0.00386436,0.00350612,0.00321839,0.00298195,0.0027839,0.00261524,0.00242531,0.0023033,0.00218226,0.00203404,0.00190775,0.00183325,0.00173329,0.00164504,0.00156638,0.00147368,0.00141172,0.00133744,0.00128705,0.00122587,0.00117058,0.00110846,0.00106354,0.00101245,0.000966213,0.000924142,0.000885677,0.000850361,0.000811605,0.00077629,0.000738846,0.000709551,0.000678211,0.000649554,0.000619657,0.000592411,0.000567478,0.000541837,0.000518426,0.000496963,0.000475117,0.000455117,0.000434981,0.000416556,0.000398163,0.000381328,0.000364629,0.000349334,0.000334238,0.000319448,0.000305915,0.000292688,0.000279835,0.000268064,0.000256029,0.000245028,0.000234934,0.000224704,0.000214901,0.000205528,0.000196939,0.000188382,0.000180238,0.000172494,0.000165136,0.00015792,0.000151097,0.000144646,0.00013837,0.000132454,0.000126726,0.000121338,0.000116015,0.000111027,0.000106345,0.000101756,9.73711e-05,9.31885e-05,8.91305e-05,8.52768e-05,8.162e-05,7.8095e-05,7.47589e-05,7.15544e-05,6.84838e-05,6.55075e-05,6.27067e-05,6.00029e-05,5.74314e-05,5.49601e-05,5.25906e-05,5.03239e-05,4.8159e-05,4.60945e-05,4.41101e-05,4.22078e-05,4.03876e-05,3.86629e-05,3.69915e-05,3.54009e-05,3.38783e-05,3.24232e-05,3.1035e-05,3.03931e-05
1.69407e-07,29.5926,28.3601,26.8777,25.2796,23.6079,21.8504,19.9351,17.6725,14.4858,1.89678,0.849626,0.452006,0.170929,0.116349,0.0622492,0.0383883,0.0313735,0.0222766,0.0168606,0.0133939,0.0110437,0.00937461,0.00764404,0.00681698,0.00616217,0.00540441,0.00483132,0.00438339,0.00402363,0.00372801,0.00348038,0.00326952,0.00303207,0.00287952,0.0027282,0.00254289,0.002385,0.00229185,0.00216689,0.00205657,0.00195823,0.00184233,0.00176487,0.001672,0.00160901,0.00153253,0.00146341,0.00138575,0.00132958,0.00126572,0.00120791,0.00115532,0.00110723,0.00106308,0.00101463,0.00097048,0.000923669,0.000887044,0.000847867,0.00081204,0.000774663,0.000740604,0.000709433,0.000677378,0.000648111,0.000621278,0.000593967,0.000568964,0.000543792,0.000520758,0.000497763,0.000476716,0.000455841,0.00043672,0.000417847,0.000399358,0.000382439,0.000365905,0.000349836,0.000335121,0.000320074,0.000306322,0.000293703,0.000280914,0.000268659,0.000256941,0.000246203,0.000235506,0.000225324,0.000215643,0.000206445,0.000197423,0.000188894,0.000180829,0.000172983,0.000165587,0.000158427,0.00015169,0.000145037,0.0001388,0.000132948,0.00012721,0.000121728,0.0001165,0.000111426,0.000106609,0.000102037,9.76303e-05,9.34598e-05,8.94538e-05,8.56149e-05,8.18942e-05,7.83928e-05,7.50125e-05,7.1798e-05,6.87083e-05,6.57463e-05,6.29124e-05,6.02059e-05,5.76251e-05,5.51443e-05,5.2766e-05,5.04904e-05,4.83346e-05,4.62449e-05,4.42564e-05,4.23529e-05,4.05339e-05,3.87984e-05,3.7996e-05
2.11758e-07,29.7827,28.5372,27.0592,25.4793,23.8414,22.1405,20.3213,18.2402,15.5043,2.63096,1.10562,0.576828,0.215362,0.146239,0.0780507,0.0480805,0.0392815,0.0278787,0.021094,0.0167533,0.0138116,0.0117232,0.00955823,0.00852372,0.00770475,0.00675712,0.00604045,0.00548034,0.0050305,0.00466086,0.00435124,0.0040876,0.00379071,0.00359998,0.00341079,0.00317911,0.00298171,0.00286525,0.00270902,0.0025711,0.00244815,0.00230325,0.00220641,0.00209031,0.00201155,0.00191593,0.00182952,0.00173244,0.00166222,0.00158237,0.00151011,0.00144435,0.00138423,0.00132904,0.00126847,0.00121327,0.00115475,0.00110896,0.00105998,0.00101519,0.000968467,0.000925885,0.000886916,0.000846843,0.000810253,0.000776708,0.000742563,0.000711305,0.000679835,0.000651039,0.000622292,0.00059598,0.000569882,0.000545977,0.000522383,0.000499269,0.000478115,0.000457445,0.000437357,0.00041896,0.000400149,0.000382957,0.000367181,0.000351192,0.000335871,0.000321222,0.000307797,0.000294423,0.000281695,0.000269592,0.000258093,0.000246814,0.000236151,0.000226068,0.000216259,0.000207013,0.000198061,0.00018964,0.000181321,0.000173525,0.000166208,0.000159035,0.000152182,0.000145645,0.000139302,0.00013328,0.000127564,0.000122055,0.000116841,0.000111833,0.000107034,0.000102382,9.80048e-05,9.37789e-05,8.976e-05,8.58975e-05,8.21943e-05,7.86515e-05,7.5268e-05,7.20414e-05,6.89401e-05,6.59668e-05,6.3122e-05,6.04266e-05,5.78142e-05,5.53284e-05,5.29486e-05,5.06746e-05,4.85049e-05,4.75017e-05
2.64698e-07,29.9654,28.7075,27.2335,25.6705,24.0636,22.4138,20.6793,18.7501,16.3483,3.87376,1.45992,0.74079,0.27193,0.184075,0.0979415,0.0602505,0.0492039,0.0349002,0.0263963,0.0209589,0.0172758,0.0146617,0.0119528,0.0106586,0.00963424,0.00844895,0.00755266,0.00685219,0.00628966,0.00582744,0.00544029,0.00511062,0.0047394,0.00450092,0.00426436,0.00397469,0.00372788,0.00358227,0.00338694,0.00321449,0.00306077,0.00287961,0.00275853,0.00261338,0.00251491,0.00239536,0.00228733,0.00216595,0.00207816,0.00197833,0.00188798,0.00180577,0.00173061,0.0016616,0.00158588,0.00151687,0.0014437,0.00138646,0.00132522,0.00126922,0.0012108,0.00115757,0.00110885,0.00105875,0.001013,0.000971063,0.000928374,0.000889294,0.00084995,0.000813947,0.000778007,0.000745112,0.000712483,0.000682596,0.000653098,0.0006242,0.000597754,0.00057191,0.000546796,0.000523796,0.000500278,0.000478783,0.00045906,0.00043907,0.000419916,0.0004016,0.000384817,0.000368097,0.000352183,0.000337051,0.000322675,0.000308574,0.000295242,0.000282637,0.000270374,0.000258814,0.000247622,0.000237093,0.000226693,0.000216946,0.000207798,0.00019883,0.000190263,0.00018209,0.00017416,0.00016663,0.000159484,0.000152597,0.000146078,0.000139817,0.000133817,0.000128001,0.000122528,0.000117245,0.00011222,0.000107391,0.000102762,9.83323e-05,9.41023e-05,9.00684e-05,8.6191e-05,8.24735e-05,7.89169e-05,7.55471e-05,7.2281e-05,6.91731e-05,6.61979e-05,6.33548e-05,6.06422e-05,5.93879e-05
3.30872e-07,30.1412,28.8717,27.4013,25.8537,24.2754,22.6721,21.013,19.2131,17.0706,6.40142,1.97207,0.959715,0.344314,0.232132,0.123025,0.0755488,0.061665,0.0437064,0.0330403,0.0262256,0.0216122,0.0183394,0.0149489,0.0133295,0.0120479,0.0105651,0.00944404,0.00856797,0.00786443,0.00728641,0.00680225,0.00639001,0.00592581,0.0056276,0.00533181,0.00496959,0.00466098,0.00447892,0.00423469,0.00401907,0.00382687,0.00360036,0.00344897,0.00326748,0.00314436,0.00299489,0.00285982,0.00270805,0.00259829,0.00247348,0.00236052,0.00225773,0.00216376,0.00207748,0.00198279,0.00189652,0.00180504,0.00173346,0.0016569,0.00158689,0.00151385,0.00144729,0.00138637,0.00132373,0.00126654,0.0012141,0.00116073,0.00111187,0.00106268,0.00101766,0.000972727,0.000931599,0.000890804,0.000853437,0.000816556,0.000780426,0.000747361,0.000715049,0.000683648,0.000654891,0.000625488,0.000598613,0.000573954,0.000548962,0.000525013,0.000502114,0.000481129,0.000460224,0.000440327,0.000421409,0.000403435,0.000385804,0.000369135,0.000353376,0.000338043,0.000323589,0.000309597,0.000296433,0.00028343,0.000271243,0.000259806,0.000248594,0.000237882,0.000227663,0.000217749,0.000208335,0.000199401,0.000190789,0.000182639,0.00017481,0.000167309,0.000160037,0.000153195,0.000146589,0.000140307,0.000134269,0.000128481,0.000122943,0.000117654,0.000112611,0.000107763,0.000103115,9.86683e-05,9.4455e-05,9.03715e-05,8.64858e-05,8.27659e-05,7.92112e-05,7.58197e-05,7.42516e-05
4.1359e-07,30.3106,29.0299,27.5628,26.0295,24.4777,22.9169,21.3253,19.6373,17.703,10.0985,2.76943,1.25905,0.437565,0.293443,0.154731,0.0948084,0.0773337,0.0547608,0.041371,0.0328242,0.0270426,0.0229433,0.0186983,0.0166716,0.0150677,0.0132127,0.0118101,0.0107143,0.00983428,0.00911136,0.00850581,0.00799024,0.0074097,0.00703679,0.0066669,0.00621392,0.005828,0.00560037,0.00529494,0.00502534,0.00478498,0.00450178,0.00431246,0.00408556,0.00393158,0.00374468,0.00357581,0.00338604,0.00324879,0.00309273,0.00295149,0.00282297,0.00270547,0.00259759,0.0024792,0.00237132,0.00225693,0.00216744,0.00207172,0.00198417,0.00189285,0.00180962,0.00173346,0.00165513,0.00158362,0.00151806,0.00145132,0.00139023,0.00132872,0.00127244,0.00121625,0.00116483,0.00111382,0.0010671,0.00102098,0.000975808,0.000934465,0.000894065,0.000854802,0.000818846,0.000782081,0.000748478,0.000717646,0.000686396,0.000656452,0.00062782,0.000601582,0.000575443,0.000550565,0.00052691,0.000504436,0.000482391,0.00046155,0.000441845,0.000422673,0.000404601,0.000387106,0.000370646,0.000354388,0.00033915,0.00032485,0.00031083,0.000297436,0.000284659,0.000272263,0.000260492,0.000249321,0.000238553,0.000228363,0.000218575,0.000209195,0.000200103,0.000191548,0.000183288,0.000175434,0.000167884,0.000160647,0.000153722,0.000147109,0.000140803,0.000134742,0.00012893,0.00012337,0.000118102,0.000112996,0.000108138,0.000103487,9.9042e-05,9.48014e-05,9.28406e-05
5.16988e-07,30.474,29.1826,27.7184,26.1986,24.6712,23.1495,21.6188,20.0288,18.2665,12.5128,4.1974,1.68351,0.558786,0.372117,0.194927,0.1191,0.0970658,0.0686523,0.0518249,0.0410967,0.0338462,0.0287088,0.0233922,0.0208547,0.0188471,0.0165255,0.0147706,0.0133995,0.0122987,0.0113944,0.0106369,0.00999204,0.009266,0.00879954,0.00833693,0.00777043,0.00728781,0.00700311,0.00662119,0.00628401,0.00598348,0.00562929,0.00539257,0.00510878,0.00491627,0.00468259,0.00447137,0.00423408,0.00406246,0.00386729,0.00369069,0.00352998,0.00338304,0.00324815,0.00310009,0.0029652,0.00282217,0.00271027,0.00259057,0.0024811,0.0023669,0.00226283,0.00216759,0.00206965,0.00198024,0.00189825,0.0018148,0.00173841,0.00166149,0.00159111,0.00152086,0.00145655,0.00139277,0.00133434,0.00127668,0.0012202,0.00116849,0.00111798,0.00106889,0.00102392,0.000977949,0.000935928,0.000897378,0.000858297,0.000820854,0.000785052,0.000752244,0.000719559,0.000688451,0.000658872,0.000630768,0.000603203,0.000577141,0.000552501,0.000528527,0.000505929,0.000484055,0.000463473,0.000443142,0.000424087,0.000406205,0.000388677,0.000371927,0.00035595,0.00034045,0.00032573,0.000311762,0.000298299,0.000285554,0.000273315,0.000261586,0.000250217,0.000239519,0.000229192,0.000219369,0.000209929,0.000200879,0.00019222,0.000183952,0.000176066,0.000168487,0.00016122,0.000154268,0.00014768,0.000141295,0.00013522,0.000129404,0.000123846,0.000118544,0.000116092
6.46235e-07,30.6317,29.3302,27.8686,26.3612,24.8566,23.371,21.8958,20.3925,18.7751,14.1143,7.43146,2.32388,0.718323,0.47385,0.246086,0.149811,0.121964,0.0861328,0.0649557,0.0514751,0.0423751,0.0359328,0.0292704,0.0260921,0.0235784,0.0206721,0.0184757,0.0167599,0.0153826,0.014251,0.0133035,0.0124968,0.0115884,0.011005,0.0104264,0.0097178,0.00911419,0.00875808,0.00828041,0.0078587,0.00748281,0.00703987,0.00674382,0.00638888,0.00614816,0.00585587,0.00559175,0.00529497,0.00508034,0.0048363,0.00461543,0.00441444,0.00423068,0.00406198,0.00387685,0.00370815,0.0035293,0.00338934,0.00323964,0.00310274,0.00295994,0.0028298,0.0027107,0.00258821,0.00247639,0.00237385,0.0022695,0.00217397,0.00207778,0.00198977,0.00190191,0.00182149,0.00174174,0.00166867,0.00159656,0.00152591,0.00146127,0.00139809,0.0013367,0.00128047,0.00122298,0.00117043,0.00112222,0.00107335,0.00102652,0.000981749,0.00094072,0.000899844,0.000860946,0.000823954,0.000788809,0.00075434,0.000721747,0.000690932,0.000660955,0.000632694,0.000605333,0.000579596,0.000554171,0.000530345,0.000507982,0.00048606,0.000465116,0.000445134,0.00042575,0.000407343,0.000389875,0.000373037,0.000357101,0.000341796,0.000327127,0.000312911,0.000299533,0.000286617,0.000274334,0.000262528,0.00025121,0.000240383,0.000230041,0.000220181,0.000210701,0.000201614,0.00019292,0.000184682,0.000176698,0.000169099,0.000161826,0.000154877,0.000148245,0.000145179
8.07794e-07,30.7841,29.4729,28.0137,26.518,25.0346,23.5824,22.1579,20.7323,19.2393,15.3197,11.2599,3.40374,0.931967,0.606774,0.311525,0.188757,0.153459,0.108168,0.08147,0.0645078,0.0530747,0.0449893,0.0366352,0.0326525,0.0295036,0.0258638,0.023114,0.0209664,0.0192424,0.0178265,0.0166407,0.0156314,0.014495,0.013765,0.0130411,0.0121547,0.0113996,0.0109542,0.0103566,0.00982914,0.00935898,0.00880489,0.00843458,0.00799069,0.00768954,0.00732397,0.00699363,0.00662245,0.00635401,0.00604878,0.00577252,0.00552113,0.00529133,0.00508033,0.00484877,0.00463778,0.00441407,0.00423905,0.00405181,0.0038806,0.00370198,0.00353921,0.00339024,0.00323707,0.00309719,0.00296897,0.00283845,0.00271897,0.00259867,0.0024886,0.00237871,0.00227814,0.00217838,0.00208699,0.00199681,0.00190845,0.00182759,0.00174859,0.0016718,0.00160147,0.00152956,0.00146385,0.00140355,0.00134243,0.00128386,0.00122787,0.00117655,0.00112543,0.00107678,0.00103051,0.00098656,0.000943446,0.000902685,0.000864147,0.000826651,0.000791308,0.00075709,0.000724898,0.000693101,0.000663298,0.00063533,0.00060791,0.000581714,0.000556728,0.000532482,0.000509461,0.000487614,0.000466555,0.000446625,0.000427481,0.000409135,0.000391355,0.000374621,0.00035847,0.000343107,0.000328341,0.000314187,0.000300644,0.000287711,0.000275378,0.000263523,0.000252158,0.000241283,0.00023098,0.000220994,0.000211492,0.000202396,0.000193702,0.000185409,0.000181574
1.00974e-06,30.9314,29.6109,28.1539,26.6691,25.2057,23.7846,22.4067,21.0511,19.6665,16.295,13.4669,5.79212,1.22547,0.782974,0.395788,0.238342,0.193426,0.136007,0.102272,0.0808929,0.0665095,0.0563517,0.0458679,0.0408741,0.0369272,0.032367,0.028923,0.0262337,0.0240754,0.0223029,0.0208188,0.0195555,0.0181333,0.0172199,0.0163141,0.015205,0.0142602,0.0137029,0.0129553,0.0122954,0.0117072,0.011014,0.0105508,0.00999544,0.00961877,0.00916145,0.00874819,0.00828389,0.00794806,0.00756625,0.00722069,0.00690624,0.00661875,0.00635482,0.00606518,0.00580126,0.0055214,0.00530248,0.00506827,0.0048541,0.00463067,0.00442707,0.00424075,0.00404912,0.00387417,0.00371379,0.00355052,0.00340106,0.00325058,0.0031129,0.00297544,0.00284964,0.00272485,0.00261055,0.00249774,0.00238721,0.00228607,0.00218723,0.00209119,0.00200322,0.00191328,0.00183108,0.00175565,0.00167919,0.00160594,0.0015359,0.00147171,0.00140776,0.0013469,0.00128903,0.00123405,0.00118012,0.00112913,0.00108093,0.00103403,0.000989816,0.000947014,0.000906747,0.000866973,0.000829693,0.00079471,0.000760414,0.000727646,0.000696388,0.000666063,0.000637266,0.000609938,0.000583596,0.000558665,0.00053472,0.000511772,0.00048953,0.000468602,0.000448395,0.00042918,0.000410711,0.000393005,0.000376065,0.000359887,0.00034446,0.000329631,0.000315414,0.000301811,0.000288924,0.000276433,0.000264548,0.000253168,0.000242295,0.000231921,0.000227124
1.26218e-06,31.0741,29.7447,28.2897,26.8151,25.3703,23.9782,22.6435,21.3515,20.0627,17.1193,14.9716,10.6506,1.64541,1.02143,0.505271,0.3018,0.244359,0.171279,0.12853,0.101524,0.0833992,0.0706209,0.0574515,0.0511845,0.0462342,0.0405175,0.0362016,0.0328327,0.0301294,0.0279099,0.0260516,0.02447,0.0226897,0.0215464,0.0204126,0.0190246,0.0178421,0.0171447,0.0162092,0.0153833,0.0146473,0.01378,0.0132004,0.0125055,0.0120342,0.011462,0.010945,0.010364,0.00994389,0.00946614,0.00903379,0.00864039,0.00828072,0.00795051,0.00758812,0.00725792,0.00690781,0.0066339,0.00634088,0.00607294,0.0057934,0.00553867,0.00530556,0.00506584,0.00484695,0.00464628,0.00444202,0.00425502,0.00406678,0.00389451,0.00372255,0.00356515,0.00340903,0.00326603,0.00312489,0.00298662,0.00286008,0.00273643,0.00261626,0.00250621,0.00239369,0.00229084,0.00219647,0.00210083,0.00200917,0.00192154,0.00184124,0.00176123,0.00168509,0.00161269,0.00154391,0.00147644,0.00141265,0.00135233,0.00129366,0.00123835,0.0011848,0.00113442,0.00108466,0.00103802,0.000994252,0.000951343,0.000910349,0.000871244,0.000833304,0.000797275,0.000763086,0.00073013,0.00069894,0.000668981,0.000640273,0.000612446,0.000586261,0.000560983,0.000536942,0.000513835,0.000491683,0.000470491,0.000450251,0.000430949,0.000412397,0.00039461,0.000377594,0.00036147,0.000345841,0.000330972,0.000316736,0.000303133,0.000290154,0.000284152
1.57772e-06,31.2122,29.8743,28.4211,26.9562,25.529,24.1641,22.8694,21.6357,20.4324,17.8369,16.1314,13.4527,2.28949,1.35447,0.649265,0.383567,0.309618,0.216132,0.161759,0.127551,0.104662,0.0885611,0.0719971,0.0641246,0.0579105,0.0507384,0.0453268,0.0411041,0.0377167,0.034936,0.0326083,0.0306275,0.0283981,0.0269665,0.025547,0.0238092,0.0223289,0.0214559,0.0202849,0.0192512,0.01833,0.0172444,0.016519,0.0156494,0.0150595,0.0143434,0.0136963,0.0129693,0.0124435,0.0118457,0.0113046,0.0108123,0.0103622,0.00994898,0.00949548,0.00908228,0.00864416,0.00830139,0.00793473,0.00759941,0.00724962,0.00693087,0.00663914,0.00633915,0.00606525,0.00581415,0.00555855,0.00532455,0.00508898,0.00487343,0.00465822,0.00446127,0.00426591,0.00408696,0.00391034,0.00373732,0.00357898,0.00342425,0.00327387,0.00313616,0.00299534,0.00286665,0.00274856,0.00262888,0.00251419,0.00240453,0.00230404,0.00220393,0.00210865,0.00201805,0.00193198,0.00184754,0.00176772,0.00169225,0.00161882,0.00154961,0.0014826,0.00141956,0.00135729,0.00129893,0.00124416,0.00119047,0.00113917,0.00109024,0.00104276,0.000997675,0.000954891,0.00091365,0.000874622,0.000837131,0.000801208,0.000766387,0.000733621,0.000701986,0.000671903,0.00064299,0.000615269,0.000588749,0.000563422,0.00053927,0.000516054,0.000493797,0.000472502,0.000452326,0.00043277,0.000414163,0.000396348,0.000379325,0.000363085,0.000355574
1.97215e-06,31.3461,30,28.5484,27.0926,25.682,24.3427,23.0855,21.9054,20.7793,18.4748,17.0858,15.1871,3.43094,1.84508,0.841973,0.489905,0.393845,0.273446,0.203951,0.160464,0.131482,0.111152,0.0902844,0.0803828,0.0725734,0.0635672,0.0567761,0.0514796,0.0472323,0.0437465,0.0408294,0.0383472,0.0355541,0.0337607,0.0319828,0.0298062,0.0279525,0.0268592,0.0253929,0.0240986,0.0229452,0.0215861,0.0206778,0.0195892,0.0188507,0.0179542,0.0171442,0.0162341,0.0155759,0.0148275,0.0141502,0.0135339,0.0129705,0.0124533,0.0118856,0.0113684,0.01082,0.0103909,0.00993195,0.00951225,0.0090744,0.00867539,0.00831026,0.00793475,0.0075919,0.00727759,0.00695765,0.00666477,0.00636989,0.00610008,0.00583072,0.00558418,0.00533965,0.00511567,0.00489458,0.00467801,0.00447981,0.00428613,0.0040979,0.00392553,0.00374928,0.00358819,0.00344038,0.00329057,0.00314701,0.00300975,0.00288397,0.00275866,0.0026394,0.002526,0.00241825,0.00231257,0.00221266,0.00211819,0.00202628,0.00193965,0.00185577,0.00177686,0.00169893,0.00162587,0.00155732,0.00149011,0.0014259,0.00136465,0.00130522,0.00124879,0.00119524,0.00114362,0.00109476,0.00104784,0.00100287,0.000959286,0.000918273,0.000878677,0.000841021,0.00080483,0.000770132,0.000736938,0.000705236,0.000675004,0.000645946,0.000618084,0.00059143,0.000566175,0.000541698,0.000518406,0.000496109,0.000474802,0.000454472,0.000445072
2.46519e-06,31.476,30.122,28.6719,27.2248,25.8298,24.5146,23.2924,22.1622,21.1063,19.0508,17.9031,16.4777,6.90459,2.63944,1.10659,0.629963,0.503625,0.347148,0.257757,0.202218,0.165392,0.139653,0.11331,0.100836,0.0910088,0.0796859,0.0711553,0.0645059,0.0591761,0.0548034,0.051145,0.0480329,0.0445314,0.0422836,0.0400554,0.037328,0.0350055,0.0336358,0.0317989,0.0301776,0.0287328,0.0270305,0.025893,0.0245295,0.0236046,0.022482,0.0214675,0.0203278,0.0195036,0.0185664,0.0177183,0.0169466,0.0162411,0.0155933,0.0148825,0.0142349,0.0135482,0.0130109,0.0124362,0.0119107,0.0113624,0.0108628,0.0104056,0.00993541,0.0095061,0.00911253,0.00871193,0.00834518,0.00797597,0.00763812,0.00730084,0.00699214,0.00668595,0.0064055,0.00612868,0.00585749,0.00560933,0.00536681,0.00513113,0.00491529,0.0046946,0.00449289,0.00430781,0.00412023,0.00394048,0.00376861,0.00361111,0.00345421,0.00330487,0.00316288,0.00302797,0.00289565,0.00277054,0.00265226,0.00253718,0.0024287,0.00232368,0.00222487,0.00212728,0.00203581,0.00194997,0.00186582,0.00178541,0.00170872,0.00163431,0.00156365,0.00149659,0.00143196,0.00137079,0.00131203,0.00125573,0.00120115,0.0011498,0.00110022,0.00105307,0.00100775,0.000964308,0.000922743,0.000883047,0.000845192,0.000808807,0.000773923,0.000740548,0.000708926,0.000678277,0.000649112,0.000621192,0.000594513,0.000569058,0.000557288
3.08149e-06,31.602,30.2405,28.7918,27.3528,25.9727,24.6804,23.4912,22.4073,21.4158,19.5774,18.6221,17.5228,13.5704,4.31363,1.48548,0.8178,0.648671,0.442734,0.326767,0.255401,0.208398,0.175699,0.142358,0.126611,0.114222,0.0999651,0.0892354,0.0808784,0.0741836,0.0686934,0.0641015,0.0601964,0.0558037,0.0529845,0.0501903,0.0467705,0.0438587,0.0421418,0.0398393,0.0378073,0.0359967,0.0338635,0.032438,0.0307295,0.0295706,0.028164,0.026893,0.0254651,0.0244324,0.0232583,0.0221958,0.021229,0.0203452,0.0195337,0.0186432,0.0178319,0.0169716,0.0162986,0.0155787,0.0149203,0.0142335,0.0136076,0.0130349,0.0124459,0.0119081,0.0114151,0.0109133,0.0104538,0.00999132,0.0095681,0.0091456,0.0087589,0.00837534,0.00802401,0.00767725,0.00733755,0.00702667,0.00672288,0.00642764,0.00615727,0.00588081,0.00562814,0.00539629,0.00516131,0.00493615,0.00472085,0.00452355,0.004327,0.00413993,0.00396206,0.00379307,0.00362731,0.00347059,0.00332242,0.00317825,0.00304237,0.00291081,0.00278704,0.00266479,0.00255021,0.00244268,0.00233726,0.00223654,0.00214047,0.00204726,0.00195874,0.00187475,0.00179378,0.00171715,0.00164355,0.00157302,0.00150465,0.00144032,0.00137822,0.00131915,0.00126239,0.00120796,0.00115589,0.00110617,0.00105875,0.00101317,0.000969473,0.000927664,0.000888051,0.000849658,0.000813125,0.00077815,0.00074473,0.000712843,0.000698098
3.85186e-06,31.7245,30.3556,28.9082,27.4769,26.111,24.8403,23.6823,22.6419,21.7098,20.0636,19.2666,18.41,16.0058,13.233,2.06831,1.07665,0.844104,0.568156,0.415948,0.323501,0.263156,0.22143,0.17909,0.159159,0.143506,0.125521,0.112004,0.101486,0.093066,0.0861646,0.080395,0.0754898,0.0699741,0.066435,0.0629283,0.0586369,0.0549837,0.0528299,0.0499418,0.0473933,0.0451227,0.0424476,0.0406603,0.0385181,0.0370652,0.0353017,0.0337083,0.0319183,0.0306238,0.029152,0.02782,0.0266082,0.0255003,0.0244832,0.0233671,0.0223501,0.0212718,0.0204282,0.0195258,0.0187006,0.0178398,0.0170553,0.0163374,0.0155992,0.0149252,0.0143072,0.0136782,0.0131024,0.0125227,0.0119923,0.0114627,0.010978,0.0104973,0.010057,0.00962234,0.00919657,0.00880693,0.00842616,0.00805613,0.00771725,0.00737076,0.00705406,0.00676348,0.00646897,0.00618675,0.0059169,0.00566962,0.00542328,0.00518881,0.00496588,0.00475406,0.00454631,0.00434988,0.00416418,0.00398349,0.00381317,0.00364828,0.00349315,0.00333993,0.00319632,0.00306154,0.00292942,0.00280318,0.00268277,0.00256594,0.002455,0.00234972,0.00224824,0.0021522,0.00205995,0.00197155,0.00188586,0.00180523,0.00172739,0.00165336,0.00158222,0.001514,0.00144874,0.00138642,0.00132699,0.00126986,0.00121509,0.00116269,0.00111304,0.00106492,0.00101913,0.000975295,0.000933408,0.000893443,0.000874962
4.81482e-06,31.8435,30.4676,29.0214,27.5974,26.2449,24.9949,23.8664,22.8669,21.9901,20.5161,19.853,19.1867,17.6108,16.433,3.1252,1.45002,1.11544,0.735464,0.532392,0.411318,0.33324,0.279685,0.225684,0.200373,0.180539,0.157797,0.140733,0.127471,0.116864,0.108176,0.100917,0.0947478,0.0878139,0.0833662,0.0789605,0.07357,0.0689823,0.0662779,0.0626521,0.0594531,0.0566031,0.053246,0.0510031,0.0483151,0.0464921,0.0442795,0.0422804,0.0400348,0.0384108,0.0365645,0.0348937,0.0333736,0.0319839,0.030708,0.029308,0.0280324,0.0266799,0.0256217,0.0244899,0.0234549,0.0223752,0.0213913,0.0204909,0.0195649,0.0187195,0.0179445,0.0171556,0.0164333,0.0157063,0.015041,0.0143768,0.0137689,0.0131659,0.0126136,0.0120685,0.0115345,0.0110458,0.0105683,0.0101041,0.00967912,0.00924454,0.00884734,0.00848288,0.00811349,0.00775954,0.00742109,0.00711094,0.00680197,0.0065079,0.00622829,0.00596263,0.00570206,0.0054557,0.00522278,0.00499616,0.00478254,0.00457573,0.00438117,0.004189,0.00400887,0.00383984,0.00367412,0.0035158,0.00336477,0.00321824,0.0030791,0.00294706,0.00281978,0.00269932,0.00258362,0.00247275,0.00236528,0.00226415,0.00216652,0.00207367,0.00198444,0.00189888,0.00181704,0.00173887,0.00166433,0.00159268,0.00152398,0.00145826,0.00139599,0.00133564,0.00127821,0.00122323,0.00117069,0.00112057,0.00109739
6.01853e-06,31.9591,30.5765,29.1314,27.7144,26.3748,25.1444,24.044,23.0832,22.2582,20.9401,20.3926,19.8813,18.8519,18.2575,16.2765,2.03183,1.51184,0.964176,0.686632,0.52564,0.423557,0.354292,0.285026,0.252742,0.227519,0.198669,0.177071,0.160311,0.146922,0.135965,0.126816,0.119045,0.110315,0.104718,0.0991752,0.0923954,0.0866271,0.0832275,0.0786705,0.0746504,0.0710696,0.066852,0.0640346,0.0606584,0.0583689,0.0555901,0.0530797,0.0502597,0.0482206,0.0459023,0.0438045,0.0418959,0.0401511,0.0385494,0.0367917,0.0351902,0.0334922,0.0321638,0.030743,0.0294436,0.0280881,0.026853,0.0257226,0.0245603,0.023499,0.022526,0.0215357,0.0206291,0.0197163,0.0188811,0.0180474,0.0172843,0.0165274,0.0158341,0.0151498,0.0144794,0.013866,0.0132665,0.0126839,0.0121503,0.0116048,0.0111062,0.0106487,0.010185,0.00974063,0.00931577,0.00892644,0.00853858,0.00816943,0.00781844,0.00748495,0.00715785,0.00684859,0.0065562,0.00627173,0.00600357,0.00574396,0.00549972,0.00525849,0.00503237,0.00482019,0.00461216,0.00441341,0.00422383,0.00403989,0.00386522,0.00369947,0.00353969,0.00338848,0.00324324,0.00310406,0.00296915,0.0028422,0.00271965,0.0026031,0.00249108,0.00238368,0.00228093,0.00218281,0.00208924,0.0019993,0.00191306,0.00183056,0.00175239,0.00167663,0.00160454,0.00153552,0.00146957,0.00140665,0.00137755
7.52316e-06,32.0717,30.6826,29.2384,27.8281,26.5008,25.2892,24.2157,23.2915,22.5151,21.3397,20.8936,20.5121,19.8812,19.6133,19.1592,18.7958,2.14246,1.28961,0.895238,0.676424,0.541021,0.45051,0.360999,0.319587,0.287355,0.250611,0.223181,0.201938,0.184992,0.17114,0.159583,0.149775,0.138762,0.131705,0.124721,0.11618,0.108916,0.104637,0.0989007,0.093842,0.0893367,0.0840313,0.0804877,0.0762417,0.0733626,0.0698686,0.0667122,0.0631669,0.0606035,0.0576892,0.0550522,0.0526531,0.05046,0.0484467,0.0462375,0.0442246,0.0420906,0.040421,0.0386352,0.0370022,0.0352987,0.0337464,0.0323258,0.030865,0.0295313,0.0283085,0.0270639,0.0259246,0.0247775,0.0237279,0.0226801,0.0217211,0.0207699,0.0198986,0.0190387,0.0181962,0.0174253,0.0166719,0.0159397,0.0152692,0.0145837,0.0139571,0.0133821,0.0127994,0.012241,0.0117071,0.0112178,0.0107304,0.0102665,0.00982537,0.00940629,0.00899521,0.00860657,0.00823913,0.00788163,0.00754464,0.00721839,0.00691146,0.0066083,0.00632414,0.00605748,0.00579606,0.0055463,0.00530805,0.00507689,0.00485739,0.00464908,0.00444829,0.00425827,0.00407574,0.00390083,0.0037313,0.00357177,0.00341775,0.00327128,0.0031305,0.00299554,0.00286642,0.00274311,0.00262552,0.00251249,0.00240412,0.00230044,0.00220221,0.002107,0.0020164,0.00192966,0.00184679,0.00176771,0.00173115
9.40395e-06,32.1813,30.7859,29.3426,27.9387,26.6232,25.4296,24.3817,23.4926,22.762,21.7182,21.3623,21.0918,20.7695,20.7164,20.8739,21.4277,21.3935,1.78467,1.18678,0.879067,0.695738,0.575779,0.458937,0.405415,0.363966,0.31692,0.281928,0.2549,0.23338,0.215813,0.201175,0.188761,0.174836,0.165919,0.157099,0.146317,0.137151,0.131753,0.12452,0.118143,0.112465,0.10578,0.101316,0.0959673,0.0923411,0.087941,0.0839663,0.0795023,0.0762748,0.0726059,0.0692862,0.0662662,0.0635056,0.0609713,0.0581906,0.055657,0.052971,0.0508697,0.0486221,0.0465668,0.0444228,0.0424692,0.0406813,0.0388428,0.0371643,0.0356254,0.0340591,0.0326252,0.0311817,0.0298608,0.0285421,0.0273352,0.0261381,0.0250417,0.0239594,0.0228993,0.021929,0.0209809,0.0200595,0.0192157,0.018353,0.0175644,0.0168408,0.0161075,0.0154048,0.0147329,0.0141171,0.0135037,0.0129199,0.0123648,0.0118374,0.0113201,0.010831,0.0103686,0.00991868,0.0094946,0.00908403,0.00869776,0.00831625,0.00795865,0.00762307,0.00729408,0.00697976,0.00667994,0.00638903,0.0061128,0.00585066,0.00559797,0.00535883,0.00512913,0.00490901,0.00469566,0.00449489,0.00430107,0.00411675,0.00393959,0.00376974,0.00360725,0.00345207,0.00330408,0.00316184,0.00302546,0.00289498,0.00277136,0.00265154,0.00253753,0.00242838,0.00232408,0.00222457,0.00217855
1.17549e-05,32.288,30.8865,29.4442,28.0464,26.7421,25.5659,24.5426,23.6869,22.9999,22.0782,21.8034,21.6297,21.5561,21.6574,22.1652,23.0042,23.0866,20.6297,1.6166,1.1594,0.903234,0.741,0.586357,0.51648,0.462731,0.402072,0.357176,0.322614,0.295163,0.272798,0.254187,0.238423,0.220759,0.209457,0.198287,0.184639,0.173046,0.16622,0.157078,0.149021,0.141849,0.133407,0.127771,0.12102,0.116444,0.110891,0.105877,0.100245,0.0961735,0.0915458,0.0873587,0.0835498,0.0800683,0.0768724,0.0733658,0.0701711,0.0667841,0.0641345,0.0613005,0.0587091,0.0560059,0.0535426,0.0512884,0.0489705,0.0468542,0.044914,0.0429392,0.0411315,0.0393115,0.0376461,0.0359836,0.0344621,0.0329529,0.0315705,0.0302061,0.0288695,0.0276463,0.026451,0.0252894,0.0242256,0.0231378,0.0221437,0.0212315,0.0203069,0.019421,0.0185739,0.0177977,0.0170243,0.0162883,0.0155885,0.0149236,0.0142714,0.0136548,0.0130718,0.0125046,0.0119699,0.0114523,0.0109654,0.0104844,0.0100336,0.00961049,0.00919571,0.00879945,0.00842145,0.00805471,0.00770645,0.00737597,0.00705741,0.00675592,0.00646633,0.00618883,0.00591985,0.00566674,0.00542239,0.00519,0.00496666,0.00475253,0.00454767,0.00435203,0.00416546,0.00398613,0.0038142,0.00364971,0.00349385,0.0033428,0.00319906,0.00306145,0.00292996,0.0028045,0.00274649
1.46937e-05,32.392,30.9846,29.5431,28.1511,26.8578,25.6982,24.6987,23.875,23.2295,22.422,22.2208,22.1324,22.2652,22.484,23.2213,24.1896,24.2985,22.3702,2.32107,1.56523,1.18942,0.963039,0.754259,0.661742,0.591239,0.512292,0.454238,0.409748,0.374527,0.345901,0.322126,0.302019,0.279518,0.265138,0.250941,0.233605,0.218892,0.210234,0.198644,0.188433,0.179348,0.168658,0.161523,0.152979,0.147189,0.140164,0.133821,0.126698,0.121549,0.115698,0.110404,0.105588,0.101187,0.0971472,0.0927147,0.0886765,0.0843955,0.0810467,0.0774649,0.0741898,0.0707734,0.0676603,0.0648116,0.0618823,0.0592078,0.056756,0.0542604,0.0519759,0.049676,0.0475715,0.0454707,0.0435479,0.0416407,0.0398939,0.0381697,0.0364807,0.034935,0.0334246,0.0319567,0.0306124,0.0292379,0.0279816,0.0268289,0.0256606,0.0245411,0.0234707,0.0224898,0.0215126,0.0205825,0.0196982,0.0188579,0.0180338,0.0172547,0.016518,0.0158012,0.0151256,0.0144716,0.0138562,0.0132484,0.0126787,0.0121441,0.01162,0.0111193,0.0106416,0.0101782,0.00973812,0.0093205,0.00891795,0.00853698,0.00817105,0.00782038,0.00748049,0.00716065,0.00685188,0.00655823,0.006276,0.00600542,0.00574656,0.00549933,0.00526357,0.00503697,0.00481971,0.00461185,0.00441491,0.00422402,0.00404239,0.00386851,0.00370235,0.00354381,0.00347051
1.83671e-05,32.4934,31.0803,29.6395,28.2532,26.9704,25.8269,24.8503,24.0574,23.4516,22.7512,22.6174,22.6053,22.913,23.2244,24.1237,25.1557,25.263,23.5586,19.0945,2.20339,1.60049,1.27021,0.979566,0.85455,0.760566,0.656471,0.580609,0.522824,0.477277,0.44038,0.409813,0.384013,0.355195,0.336805,0.318674,0.296554,0.277799,0.266772,0.252019,0.23903,0.227478,0.213892,0.204828,0.193977,0.186625,0.177708,0.169658,0.16062,0.154088,0.146665,0.139951,0.133844,0.128263,0.12314,0.117519,0.1124,0.106972,0.102727,0.0981858,0.0940339,0.0897031,0.085757,0.0821459,0.0784328,0.0750427,0.071935,0.0687718,0.0658762,0.062961,0.0602937,0.0576309,0.0551939,0.0527766,0.0505626,0.0483773,0.0462365,0.0442774,0.042363,0.0405025,0.0387987,0.0370567,0.0354644,0.0340034,0.0325227,0.0311038,0.0297471,0.0285039,0.0272654,0.0260866,0.0249658,0.0239008,0.0228563,0.0218688,0.0209351,0.0200267,0.0191704,0.0183414,0.0175615,0.0167912,0.0160692,0.0153916,0.0147273,0.0140927,0.0134873,0.0128999,0.0123422,0.0118129,0.0113027,0.0108198,0.010356,0.0099116,0.00948082,0.00907545,0.0086841,0.00831192,0.00795422,0.00761128,0.00728319,0.00696986,0.00667105,0.00638385,0.00610849,0.00584505,0.00559543,0.00535351,0.0051233,0.00490291,0.00469232,0.00449139,0.00439849
2.29589e-05,32.5923,31.1737,29.7336,28.3528,27.0801,25.9522,24.9976,24.2345,23.6668,23.0676,22.9958,23.0524,23.5108,23.8974,24.916,25.9774,26.0715,24.4857,20.85,3.45139,2.23771,1.71228,1.29019,1.11629,0.987835,0.847922,0.747282,0.671282,0.611741,0.563724,0.52408,0.490709,0.453527,0.429848,0.406543,0.378144,0.3541,0.339977,0.321098,0.304489,0.289728,0.272379,0.26081,0.246966,0.23759,0.226221,0.215959,0.204442,0.19612,0.186665,0.178113,0.170336,0.163229,0.156706,0.149551,0.143033,0.136124,0.13072,0.124941,0.119657,0.114145,0.109123,0.104527,0.0998016,0.0954875,0.0915328,0.0875075,0.0838227,0.0801132,0.0767191,0.0733307,0.0702296,0.0671537,0.0643365,0.0615558,0.0588318,0.056339,0.053903,0.0515357,0.0493678,0.0471511,0.0451251,0.0432661,0.041382,0.0395766,0.0378503,0.0362684,0.0346925,0.0331926,0.0317664,0.0304114,0.0290824,0.0278258,0.0266378,0.0254819,0.0243924,0.0233376,0.0223452,0.021365,0.0204463,0.0195842,0.018739,0.0179314,0.0171611,0.0164138,0.0157041,0.0150306,0.0143814,0.013767,0.0131769,0.0126114,0.0120633,0.0115475,0.0110495,0.010576,0.0101208,0.00968447,0.009267,0.00886832,0.00848811,0.00812268,0.00777231,0.0074371,0.00711949,0.00681166,0.00651874,0.00623833,0.00597037,0.0057147,0.00559649
2.86986e-05,32.6888,31.2649,29.8255,28.4498,27.1869,26.0741,25.141,24.4067,23.8757,23.3723,23.358,23.4771,24.0669,24.5157,25.6247,26.6955,26.7707,25.2536,22.0372,16.9014,3.41607,2.40099,1.73479,1.48161,1.30062,1.10772,0.971367,0.86949,0.7904,0.727033,0.674973,0.631319,0.582847,0.552064,0.521842,0.485072,0.454004,0.43578,0.411445,0.39006,0.371071,0.348773,0.333913,0.316142,0.304111,0.28953,0.276373,0.261613,0.25095,0.238837,0.227884,0.217925,0.208826,0.200476,0.191317,0.182975,0.174133,0.167218,0.159822,0.153061,0.146009,0.139583,0.133704,0.127658,0.122139,0.11708,0.111931,0.107217,0.102472,0.0981304,0.0937961,0.0898294,0.0858949,0.0822912,0.0787344,0.0752501,0.0720615,0.0689457,0.0659176,0.0631446,0.0603093,0.0577178,0.05534,0.0529301,0.0506209,0.0484128,0.0463894,0.0443737,0.0424552,0.0406311,0.0388979,0.037198,0.0355908,0.0340712,0.0325928,0.0311992,0.02985,0.0285807,0.027327,0.0261519,0.0250492,0.023968,0.0229352,0.0219499,0.020994,0.0200863,0.0192248,0.0183945,0.0176087,0.0168538,0.0161305,0.0154294,0.0147697,0.0141328,0.0135271,0.0129449,0.0123868,0.0118528,0.0113429,0.0108566,0.0103891,0.009941,0.00951225,0.00910601,0.00871228,0.00833762,0.00797894,0.0076362,0.0073092,0.00715799
3.58732e-05,32.7829,31.354,29.9151,28.5446,27.2911,26.193,25.2807,24.5743,24.0788,23.6664,23.7057,23.8818,24.5877,25.0886,26.2674,27.3348,27.3883,25.9126,22.9593,18.8135,11.9213,3.677,2.41803,2.01821,1.74761,1.47018,1.27963,1.13993,1.03275,0.94761,0.878093,0.820121,0.755988,0.715392,0.675672,0.62747,0.586863,0.56309,0.531395,0.503587,0.478925,0.450001,0.430746,0.407736,0.392168,0.373311,0.356305,0.337235,0.323465,0.307828,0.293692,0.280842,0.269104,0.258334,0.246522,0.235766,0.224366,0.215451,0.205918,0.197203,0.188114,0.179833,0.172256,0.164466,0.157355,0.150836,0.144201,0.138128,0.132014,0.12642,0.120835,0.115725,0.110656,0.106013,0.101431,0.0969417,0.0928338,0.0888196,0.0849186,0.0813462,0.0776934,0.0743549,0.0712917,0.068187,0.0652121,0.0623675,0.0597609,0.0571641,0.0546926,0.0523426,0.0501099,0.0479199,0.0458494,0.0438918,0.0419872,0.0401919,0.0384538,0.0368186,0.0352035,0.0336897,0.0322691,0.0308764,0.0295458,0.0282765,0.027045,0.0258757,0.0247659,0.0236962,0.0226839,0.0217115,0.0207797,0.0198765,0.0190266,0.0182061,0.0174258,0.0166758,0.0159568,0.0152689,0.014612,0.0139855,0.0133834,0.012806,0.0122537,0.0117304,0.0112231,0.0107405,0.0102784,0.00983688,0.00941562,0.00922083
4.48416e-05,32.8749,31.441,30.0027,28.637,27.3928,26.309,25.417,24.7378,24.2764,23.951,24.0404,24.2689,25.0779,25.6231,26.8563,27.9117,27.9422,26.4914,23.7214,20.0751,15.6252,8.58204,3.62576,2.87907,2.43022,2.00144,1.72098,1.52125,1.37088,1.25309,1.15786,1.07906,0.992565,0.9381,0.885164,0.820972,0.767158,0.735678,0.693844,0.657222,0.624764,0.586798,0.561532,0.531409,0.511024,0.486349,0.464116,0.43923,0.421247,0.400835,0.382392,0.365633,0.350328,0.336289,0.320895,0.30688,0.292029,0.280417,0.268001,0.256652,0.244834,0.234052,0.224187,0.214045,0.204787,0.196301,0.187664,0.179759,0.171801,0.16452,0.157252,0.1506,0.144003,0.137961,0.131997,0.126155,0.120809,0.115585,0.110508,0.105859,0.101105,0.0967604,0.092774,0.0887337,0.0848622,0.0811604,0.0777683,0.0743889,0.0711726,0.0681145,0.0652089,0.062359,0.0596646,0.0571171,0.0546386,0.0523023,0.0500404,0.0479125,0.0458107,0.0438408,0.0419921,0.0401796,0.0384481,0.0367964,0.0351938,0.033672,0.0322279,0.0308359,0.0295185,0.0282531,0.0270405,0.0258651,0.0247591,0.0236914,0.0226759,0.0217,0.0207643,0.0198692,0.0190143,0.018199,0.0174154,0.0166641,0.0159454,0.0152643,0.0146042,0.0139762,0.0133749,0.0128003,0.0122521,0.0119986
5.60519e-05,32.9648,31.5261,30.0883,28.7274,27.4922,26.4222,25.5499,24.8972,24.4691,24.2268,24.3633,24.6402,25.5414,26.1247,27.4004,28.4377,28.4447,27.0083,24.3745,21.0462,17.3131,13.4018,6.6391,4.5382,3.60673,2.8465,2.39421,2.08845,1.86567,1.69489,1.55918,1.44809,1.32751,1.25224,1.17958,1.09198,1.01886,0.976325,0.919898,0.870659,0.827186,0.776398,0.742714,0.702522,0.675431,0.642629,0.613104,0.580081,0.556244,0.529205,0.504788,0.482639,0.462394,0.44383,0.423481,0.40496,0.385339,0.370001,0.353604,0.338618,0.322993,0.30876,0.29574,0.282355,0.270138,0.25894,0.247544,0.237114,0.226614,0.217008,0.20742,0.198645,0.189942,0.181981,0.174113,0.166407,0.159354,0.152463,0.145766,0.139633,0.133362,0.127631,0.122373,0.117043,0.111936,0.107053,0.102579,0.0981213,0.0938788,0.0898449,0.0860123,0.082253,0.0786989,0.0753387,0.0720694,0.0689877,0.0660042,0.0631974,0.060425,0.0578266,0.0553881,0.0529974,0.0507134,0.0485347,0.0464208,0.0444135,0.0425087,0.0406726,0.0389348,0.0372657,0.0356662,0.0341159,0.032657,0.0312486,0.0299092,0.0286219,0.0273877,0.026207,0.0250793,0.024004,0.0229704,0.0219794,0.0210313,0.020133,0.0192623,0.0184338,0.0176407,0.0168828,0.0161597,0.0158254
7.00649e-05,33.0526,31.6092,30.172,28.8157,27.5892,26.5327,25.6799,25.0529,24.6572,24.4947,24.6753,24.9971,25.9815,26.5975,27.9064,28.9215,28.9048,27.4757,24.9479,21.846,18.5033,15.3082,10.9879,8.25716,6.10682,4.40495,3.54002,3.01009,2.64638,2.37849,2.17115,2.00509,1.82783,1.71877,1.61464,1.49004,1.38705,1.32751,1.24889,1.18064,1.12062,1.05072,1.0045,0.949544,0.912541,0.867829,0.827685,0.782802,0.750451,0.713792,0.680749,0.650732,0.623349,0.598252,0.570782,0.545765,0.519274,0.498571,0.476446,0.45623,0.435155,0.415962,0.398407,0.380364,0.363912,0.34882,0.333461,0.319405,0.305257,0.292314,0.279394,0.267572,0.255846,0.245108,0.234509,0.224128,0.214628,0.205345,0.196324,0.188064,0.179617,0.171898,0.164815,0.157637,0.150759,0.144182,0.138155,0.132151,0.126437,0.121004,0.115842,0.110779,0.105992,0.101466,0.0970631,0.0929126,0.0888943,0.0851139,0.08138,0.0778803,0.074596,0.0713762,0.0683,0.0653657,0.0625186,0.0598152,0.0572497,0.0547767,0.0524363,0.0501883,0.048034,0.045946,0.0439812,0.0420843,0.0402803,0.0385465,0.0368843,0.035294,0.0337753,0.032327,0.0309349,0.0296002,0.0283233,0.0271134,0.0259408,0.024825,0.0237568,0.022736,0.0217621,0.0213118
8.75812e-05,33.1385,31.6906,30.2539,28.902,27.684,26.6408,25.8069,25.2053,24.8409,24.7551,24.9775,25.341,26.4005,27.045,28.3796,29.3694,29.3292,27.9026,25.4598,22.5308,19.4452,16.5942,13.1188,11.2259,9.54939,7.36895,5.7509,4.71073,4.03002,3.55342,3.19974,2.92539,2.64072,2.46957,2.30915,2.1197,1.96535,1.87705,1.76145,1.66185,1.57482,1.47413,1.40787,1.3294,1.27672,1.21329,1.15648,1.09309,1.04749,0.995946,0.949513,0.907393,0.869039,0.83389,0.795412,0.760455,0.723433,0.694516,0.663626,0.635434,0.606031,0.579262,0.554784,0.52963,0.506678,0.485647,0.464249,0.444667,0.424959,0.406932,0.388939,0.372475,0.356147,0.341206,0.326449,0.311994,0.298767,0.285843,0.273284,0.261784,0.250025,0.239279,0.229419,0.219426,0.20985,0.200695,0.192306,0.183948,0.175994,0.168431,0.161245,0.154197,0.147534,0.141234,0.135105,0.129327,0.123734,0.118472,0.113274,0.108403,0.103831,0.0993491,0.0950672,0.0909826,0.0870197,0.0832565,0.0796854,0.0762431,0.0729853,0.0698562,0.0668576,0.0639511,0.0612161,0.0585757,0.0560647,0.0536513,0.0513375,0.0491239,0.0470099,0.0449939,0.0430561,0.0411983,0.0394209,0.0377368,0.0361045,0.0345513,0.0330644,0.0316436,0.0302879,0.0296611
0.000109476,33.2225,31.7702,30.334,28.9864,27.7767,26.7466,25.9312,25.3543,25.0207,25.0087,25.2706,25.673,26.8008,27.47,28.8242,29.7864,29.7231,28.2956,25.9228,23.1323,20.2351,17.5923,14.4931,12.917,11.6042,9.93602,8.49928,7.30886,6.35779,5.61062,5.02483,4.5608,4.07839,3.7904,3.52401,3.21226,2.96214,2.8207,2.63727,2.48078,2.34528,2.18981,2.0882,1.96856,1.88863,1.7928,1.70725,1.61217,1.54403,1.46715,1.39802,1.33547,1.27853,1.22649,1.16958,1.11787,1.06323,1.02057,0.975017,0.933439,0.890158,0.850751,0.814729,0.777726,0.743974,0.713074,0.681621,0.652843,0.623885,0.597399,0.570968,0.546785,0.522804,0.500844,0.479175,0.45795,0.43853,0.419555,0.401117,0.384233,0.366972,0.351196,0.336722,0.322053,0.307998,0.294559,0.282245,0.269977,0.258302,0.247201,0.236654,0.226309,0.216529,0.207283,0.198286,0.189807,0.181597,0.173873,0.166245,0.159095,0.152385,0.145807,0.139522,0.133527,0.127711,0.122188,0.116946,0.111894,0.107112,0.10252,0.0981187,0.0938529,0.0898388,0.0859635,0.082278,0.0787359,0.07534,0.0720911,0.0689883,0.0660294,0.0631855,0.0604587,0.05785,0.0553782,0.0529826,0.050703,0.0485206,0.0464353,0.0444456,0.0435256
0.000136846,33.3047,31.8481,30.4124,29.069,27.8675,26.8501,26.0529,25.5004,25.1968,25.256,25.5553,25.994,27.184,27.8748,29.2435,30.1765,30.0905,28.6597,26.3459,23.6703,20.9217,18.4222,15.531,14.1047,12.9504,11.5235,10.3041,9.27809,8.42307,7.70584,7.09968,6.58364,6.0074,5.64239,5.28932,4.86196,4.50739,4.3027,4.03342,3.80088,3.59762,3.36275,3.20849,3.02619,2.90411,2.75748,2.62636,2.48049,2.37585,2.25769,2.15143,2.05525,1.96772,1.88764,1.80008,1.72054,1.63644,1.57079,1.50071,1.43674,1.3701,1.30946,1.25402,1.19708,1.14514,1.09755,1.04915,1.00486,0.960292,0.919528,0.878847,0.841626,0.804716,0.770917,0.737563,0.704894,0.675002,0.645796,0.617415,0.591427,0.564858,0.540575,0.518296,0.495717,0.474082,0.453396,0.434441,0.415558,0.397587,0.380499,0.364265,0.348341,0.333287,0.319054,0.305206,0.292153,0.279516,0.267628,0.255885,0.244879,0.234551,0.224425,0.214751,0.205524,0.19657,0.188069,0.180001,0.172224,0.164864,0.157794,0.15102,0.144453,0.138275,0.132309,0.126636,0.121184,0.115957,0.110956,0.10618,0.101625,0.0972475,0.0930503,0.0890347,0.0852299,0.0815423,0.0780334,0.0746741,0.0714641,0.0684015,0.0669853
0.000171057,33.3851,31.9244,30.4891,29.1499,27.9563,26.9514,26.1722,25.6436,25.3694,25.4973,25.8322,26.3049,27.5517,28.2614,29.6403,30.543,30.4347,28.9989,26.7356,24.1582,21.5332,19.142,16.379,15.0341,13.9607,12.6486,11.5282,10.5826,9.78952,9.11657,8.53887,8.03769,7.46443,7.09203,6.72035,6.26231,5.87048,5.63898,5.32823,5.05389,4.80953,4.5219,4.32987,4.09999,3.94422,3.75534,3.58484,3.3935,3.25524,3.09817,2.95614,2.82698,2.70897,2.60068,2.48187,2.37367,2.25899,2.16929,2.07336,1.98564,1.89416,1.81081,1.73455,1.65613,1.58454,1.51892,1.45213,1.39098,1.32943,1.2731,1.21687,1.16541,1.11437,1.06762,1.02147,0.976265,0.934888,0.894463,0.855177,0.819199,0.782412,0.74879,0.71794,0.686672,0.656711,0.628062,0.60181,0.575656,0.550765,0.527097,0.50461,0.482553,0.4617,0.441985,0.422802,0.404721,0.387215,0.370746,0.35448,0.339233,0.324925,0.310898,0.297497,0.284713,0.27231,0.260533,0.249356,0.238582,0.228386,0.218593,0.209208,0.200111,0.191551,0.183287,0.175428,0.167875,0.160633,0.153705,0.147089,0.140779,0.134714,0.1289,0.123337,0.118066,0.112957,0.108096,0.103442,0.0989955,0.0947526,0.0927907
0.000213821,33.4639,31.9992,30.5643,29.2291,28.0433,27.0507,26.2892,25.7841,25.5387,25.7331,26.1018,26.6065,27.9052,28.6314,30.0171,30.8884,30.7585,29.3164,27.0971,24.6054,22.0878,19.7855,17.1071,15.8084,14.7789,13.5259,12.4524,11.5422,10.7744,10.1176,9.54827,9.04918,8.47111,8.09073,7.70479,7.22561,6.80956,6.5609,6.2237,5.92276,5.65207,5.3303,5.11367,4.85242,4.67432,4.45719,4.26018,4.03799,3.87679,3.69302,3.5263,3.37428,3.23508,3.10708,2.96644,2.83813,2.70194,2.59529,2.48111,2.37663,2.26757,2.16813,2.07708,1.98342,1.89788,1.81943,1.73956,1.66642,1.59277,1.52536,1.45806,1.39645,1.33533,1.27935,1.22408,1.16994,1.12038,1.07196,1.02489,0.981785,0.937709,0.897422,0.860455,0.822988,0.787084,0.752753,0.721292,0.689949,0.660118,0.631753,0.604804,0.578369,0.553377,0.529748,0.506757,0.485086,0.464106,0.444367,0.424871,0.406598,0.389449,0.372637,0.356575,0.341253,0.326387,0.312271,0.298875,0.285962,0.273741,0.262003,0.250754,0.239851,0.229592,0.219687,0.210267,0.201214,0.192535,0.184231,0.1763,0.168738,0.161469,0.1545,0.147832,0.141514,0.135391,0.129565,0.123987,0.118657,0.113572,0.11122
0.000267276,33.541,32.0724,30.6379,29.3067,28.1286,27.1481,26.4041,25.9222,25.705,25.9638,26.3646,26.8993,28.2456,28.9863,30.3757,31.215,31.0641,29.6148,27.4342,25.0189,22.598,20.3741,17.7555,16.4822,15.4753,14.2511,13.1983,12.3023,11.5428,10.8892,10.3185,9.81447,9.22567,8.83503,8.43466,7.93523,7.49784,7.23473,6.87596,6.55383,6.26261,5.91466,5.67938,5.39462,5.19988,4.96184,4.7453,4.50051,4.32256,4.11936,3.93471,3.76616,3.61164,3.46944,3.31305,3.17028,3.01862,2.8998,2.77254,2.65603,2.53437,2.42341,2.32178,2.21721,2.12168,2.03406,1.94484,1.86312,1.78083,1.7055,1.63028,1.56142,1.49311,1.43053,1.36875,1.30822,1.25282,1.19868,1.14606,1.09786,1.04858,1.00354,0.962202,0.920307,0.880161,0.841773,0.806594,0.771547,0.738189,0.706471,0.676336,0.646776,0.618829,0.592406,0.566697,0.542464,0.519002,0.49693,0.475129,0.454694,0.435518,0.416717,0.398756,0.381622,0.364998,0.349212,0.334232,0.319792,0.306126,0.293,0.280421,0.268229,0.256756,0.24568,0.235146,0.225022,0.215316,0.20603,0.197162,0.188705,0.180577,0.172783,0.165327,0.158262,0.151415,0.1449,0.138662,0.132702,0.127015,0.124385
0.000334096,33.6165,32.1441,30.7101,29.3828,28.2122,27.2437,26.5169,26.0578,25.8684,26.1896,26.621,27.1838,28.5741,29.3274,30.7179,31.5246,31.3533,29.8963,27.7502,25.404,23.0728,20.923,18.351,17.0891,16.0906,14.8755,13.8273,12.9335,12.174,11.5173,10.9411,10.4293,9.82792,9.42662,9.01258,8.4945,8.03824,7.76266,7.3856,7.04583,6.7377,6.36846,6.11815,5.81458,5.60659,5.352,5.12006,4.85752,4.66645,4.44807,4.24948,4.06806,3.90165,3.74842,3.57985,3.42588,3.26227,3.13405,2.99669,2.8709,2.73953,2.61968,2.50991,2.39694,2.29372,2.19904,2.10262,2.01431,1.92536,1.84395,1.76264,1.68821,1.61437,1.54671,1.47993,1.41449,1.3546,1.29606,1.23917,1.18707,1.13378,1.08508,1.04039,0.995096,0.95169,0.910184,0.872148,0.834254,0.798187,0.763893,0.731309,0.699348,0.66913,0.640561,0.612763,0.586561,0.561193,0.537327,0.513755,0.49166,0.470925,0.450597,0.431176,0.41265,0.394676,0.377607,0.36141,0.345797,0.33102,0.316827,0.303226,0.290043,0.277638,0.265662,0.254272,0.243326,0.232831,0.222791,0.213202,0.204058,0.195269,0.186842,0.17878,0.171141,0.163737,0.156692,0.149948,0.143503,0.137355,0.134511
0.000417619,33.6906,32.2145,30.7809,29.4574,28.2942,27.3374,26.6277,26.1913,26.0292,26.4108,26.8714,27.4607,28.8914,29.6558,31.0451,31.819,31.6278,30.1626,28.0476,25.7649,23.5187,21.443,18.913,17.6533,16.6524,15.431,14.3752,13.4754,12.7106,12.0478,11.464,10.9435,10.3292,9.91753,9.49089,8.95582,8.4828,8.19633,7.80345,7.44858,7.12613,6.73895,6.47607,6.15682,5.93785,5.66955,5.42492,5.14777,4.94594,4.71512,4.50511,4.31317,4.13705,3.97485,3.79634,3.63325,3.45993,3.32406,3.17848,3.04516,2.9059,2.77884,2.66245,2.54266,2.43321,2.3328,2.23054,2.13687,2.04254,1.95618,1.86994,1.79099,1.71266,1.64089,1.57005,1.50063,1.4371,1.375,1.31465,1.25937,1.20285,1.15118,1.10377,1.05572,1.00967,0.96564,0.925288,0.885087,0.846824,0.810441,0.775873,0.741966,0.709909,0.679599,0.650109,0.622311,0.595398,0.570079,0.545071,0.52163,0.499633,0.478067,0.457463,0.437809,0.418739,0.400632,0.383448,0.366884,0.351207,0.33615,0.321721,0.307735,0.294574,0.281868,0.269785,0.258172,0.247038,0.236386,0.226213,0.216512,0.207188,0.198248,0.189695,0.181591,0.173736,0.166262,0.159107,0.15227,0.145746,0.14273
0.000522024,33.7631,32.2835,30.8503,29.5305,28.3747,27.4296,26.7367,26.3226,26.1874,26.6277,27.1161,27.7305,29.1984,29.9724,31.3585,32.0994,31.8889,30.4153,28.3285,26.1047,23.9409,21.9426,19.4582,18.1946,17.1821,15.94,14.865,13.9525,13.1787,12.5077,11.9153,11.3858,10.7587,10.3373,9.89907,9.34855,8.86052,8.5644,8.15761,7.78956,7.45467,7.05203,6.77832,6.44565,6.21728,5.9373,5.68186,5.39231,5.18133,4.93999,4.72031,4.51949,4.33517,4.16538,3.97849,3.80771,3.62619,3.48388,3.33139,3.19172,3.04581,2.91268,2.79072,2.66519,2.55049,2.44526,2.33809,2.23993,2.14105,2.05055,1.96016,1.8774,1.7953,1.72008,1.64582,1.57306,1.50646,1.44137,1.37811,1.32017,1.26092,1.20676,1.15707,1.1067,1.05843,1.01227,0.96997,0.927829,0.887721,0.849583,0.813347,0.777804,0.7442,0.712428,0.681515,0.652375,0.624164,0.597623,0.571408,0.546836,0.523778,0.501171,0.479573,0.45897,0.438981,0.419999,0.401986,0.384623,0.36819,0.352406,0.33728,0.322619,0.308824,0.295505,0.282839,0.270665,0.258994,0.247828,0.237164,0.226995,0.21722,0.207849,0.198883,0.190388,0.182155,0.17432,0.166819,0.159652,0.152814,0.149652
0.00065253,33.8343,32.3512,30.9184,29.6023,28.4536,27.5201,26.844,26.452,26.3432,26.8405,27.3554,27.9935,29.4957,30.278,31.6592,32.3671,32.1378,30.6556,28.5948,26.4263,24.3432,22.4284,20.0019,18.732,17.6995,16.421,15.3137,14.3812,13.5951,12.9144,12.313,11.7743,11.1349,10.7043,10.2553,9.69065,9.18906,8.88427,8.46507,8.08534,7.73945,7.32318,7.04,6.69556,6.45899,6.16883,5.90398,5.60364,5.38473,5.13424,4.90619,4.69767,4.50625,4.32989,4.13574,3.95832,3.76971,3.62183,3.46336,3.31821,3.16656,3.02819,2.90142,2.77094,2.65171,2.54232,2.43091,2.32886,2.22607,2.13198,2.03801,1.95198,1.86662,1.78841,1.71121,1.63556,1.56632,1.49865,1.43288,1.37264,1.31104,1.25473,1.20306,1.15069,1.1005,1.05251,1.00854,0.964723,0.923021,0.883369,0.845695,0.80874,0.773801,0.740768,0.708627,0.67833,0.648999,0.621404,0.594147,0.5686,0.544625,0.521121,0.498665,0.477244,0.456461,0.436725,0.417997,0.399944,0.382858,0.366447,0.350721,0.335478,0.321134,0.307287,0.294117,0.28146,0.269325,0.257716,0.246629,0.236055,0.225893,0.216149,0.206827,0.197995,0.189434,0.181289,0.17349,0.166038,0.158929,0.155641
0.000815663,33.9041,32.4176,30.9853,29.6727,28.5312,27.6091,26.9496,26.5796,26.4967,27.0494,27.5896,28.25,29.784,30.5735,31.9483,32.6231,32.3755,30.8848,28.8479,26.7319,24.7288,22.9054,20.5597,19.2868,18.2263,16.8915,15.735,14.7739,13.9719,13.2801,12.6691,12.1213,11.47,11.0306,10.5717,9.99395,9.47997,9.16731,8.7369,8.34665,7.99091,7.56248,7.27084,6.91594,6.67209,6.37288,6.09969,5.78981,5.56389,5.30532,5.06987,4.85455,4.65686,4.47471,4.27417,4.09089,3.89604,3.74325,3.57952,3.42953,3.27283,3.12984,2.99884,2.864,2.74078,2.62773,2.51259,2.40712,2.30089,2.20364,2.10652,2.0176,1.92938,1.84855,1.76876,1.69057,1.61901,1.54906,1.48108,1.41882,1.35515,1.29695,1.24354,1.18941,1.13754,1.08794,1.04248,0.997199,0.954097,0.913112,0.874171,0.835975,0.799862,0.765719,0.732498,0.701183,0.670866,0.642344,0.614172,0.587766,0.562986,0.538691,0.515481,0.49334,0.471858,0.45146,0.432102,0.413442,0.395782,0.37882,0.362565,0.34681,0.331984,0.317671,0.304059,0.290977,0.278434,0.266435,0.254975,0.244046,0.233542,0.223471,0.213836,0.204707,0.195859,0.187439,0.179379,0.171676,0.164328,0.16093
0.00101958,33.9726,32.4828,31.0509,29.7419,28.6074,27.6967,27.0537,26.7054,26.6482,27.2546,27.8191,28.5007,30.064,30.8595,32.2266,32.8684,32.6031,31.1038,29.0892,27.0234,25.1002,23.3778,21.1491,19.8868,18.792,17.3723,16.1417,15.1404,14.3182,13.6137,12.9925,12.4355,11.7726,11.325,10.8567,10.2668,9.74139,9.42151,8.98086,8.58103,8.21634,7.77689,7.47761,7.11328,6.86286,6.55553,6.27484,5.95638,5.72417,5.45835,5.21627,4.99486,4.79156,4.60423,4.39796,4.20943,4.00899,3.85182,3.68337,3.52906,3.36784,3.22073,3.08595,2.9472,2.82042,2.7041,2.58562,2.4771,2.36778,2.26772,2.16778,2.07628,1.9855,1.90232,1.82021,1.73975,1.66611,1.59414,1.52418,1.46011,1.39459,1.3347,1.27975,1.22405,1.17067,1.11962,1.07285,1.02625,0.981892,0.939717,0.899645,0.860339,0.823177,0.788041,0.753855,0.721631,0.690433,0.661082,0.632091,0.604918,0.579418,0.554417,0.530533,0.507749,0.485643,0.464651,0.444731,0.425529,0.407357,0.389901,0.373174,0.356961,0.341705,0.326976,0.312968,0.299506,0.286599,0.27425,0.262458,0.251212,0.240402,0.230039,0.220124,0.210729,0.201624,0.192959,0.184665,0.176739,0.169177,0.16568
0.00127447,34.0398,32.5468,31.1153,29.8098,28.6823,27.7828,27.1562,26.8295,26.7976,27.4562,28.0439,28.7454,30.3358,31.1365,32.4946,33.1037,32.8212,31.3133,29.3197,27.3021,25.4592,23.8482,21.7885,20.5719,19.4435,17.8927,16.5474,15.4892,14.6409,13.9216,13.2895,12.7232,12.049,11.5933,11.1162,10.5149,9.97888,9.65232,9.20222,8.79359,8.42071,7.97119,7.66494,7.29201,7.03562,6.72089,6.43339,6.10715,5.86922,5.59683,5.34874,5.1218,4.91342,4.72139,4.50994,4.31667,4.11117,3.95002,3.77731,3.6191,3.45379,3.30294,3.16473,3.02246,2.89245,2.77317,2.65168,2.54039,2.42829,2.32568,2.22319,2.12936,2.03626,1.95097,1.86676,1.78425,1.70873,1.63492,1.56318,1.49748,1.43028,1.36887,1.31251,1.25539,1.20064,1.1483,1.10033,1.05254,1.00705,0.963799,0.922705,0.882395,0.844285,0.808252,0.773194,0.740147,0.708152,0.678052,0.648321,0.620454,0.594303,0.568665,0.54417,0.520805,0.498135,0.476607,0.456178,0.436486,0.41785,0.399949,0.382795,0.366168,0.350522,0.335417,0.321052,0.307246,0.294009,0.281346,0.269252,0.257719,0.246634,0.236006,0.225837,0.216203,0.206865,0.19798,0.189473,0.181345,0.17359,0.170004
0.00159309,34.1057,32.6096,31.1785,29.8766,28.756,27.8676,27.2574,26.952,26.9451,27.6544,28.2643,28.9847,30.6001,31.4052,32.7533,33.3297,33.0305,31.5142,29.5404,27.5694,25.8076,24.3185,22.4971,21.4055,20.2752,18.5063,16.9702,15.8289,14.9464,14.2095,13.5656,12.9897,12.3042,11.8408,11.3552,10.743,10.197,9.86418,9.40528,8.98849,8.60801,8.14919,7.83651,7.45566,7.19377,6.87224,6.57849,6.2451,6.00193,5.72352,5.46992,5.23793,5.02489,4.82856,4.61237,4.41475,4.20462,4.03984,3.86323,3.70144,3.53239,3.37813,3.23679,3.0913,2.95834,2.83635,2.7121,2.59829,2.48364,2.37869,2.27388,2.17792,2.0827,1.99547,1.90935,1.82496,1.74773,1.67224,1.59887,1.53167,1.46295,1.40013,1.34249,1.28407,1.22808,1.17455,1.12548,1.07661,1.03008,0.985849,0.943819,0.902593,0.863615,0.826763,0.790906,0.757108,0.724385,0.6936,0.663193,0.634692,0.607946,0.581724,0.556672,0.532775,0.509589,0.487572,0.466678,0.446538,0.427477,0.409169,0.391625,0.374619,0.358617,0.343169,0.328477,0.314356,0.300819,0.287867,0.275498,0.263703,0.252365,0.241495,0.231095,0.221242,0.211692,0.202604,0.193904,0.185591,0.177659,0.173992
0.00199136,34.1704,32.6714,31.2407,29.9422,28.8284,27.9512,27.3571,27.073,27.0907,27.8493,28.4805,29.2189,30.8574,31.6659,33.0031,33.5471,33.2317,31.7072,29.7521,27.8266,26.1466,24.7895,23.2871,22.4782,21.5235,19.3437,17.4379,16.1693,15.2407,14.4822,13.8251,13.2391,12.5422,12.0711,11.5773,10.9548,10.3992,10.0605,9.59334,9.16889,8.78133,8.31382,7.99516,7.60695,7.33996,7.01212,6.71258,6.37257,6.12455,5.84056,5.58186,5.3452,5.12786,4.92755,4.70697,4.50534,4.29094,4.1228,3.94259,3.7775,3.605,3.44758,3.30335,3.15488,3.0192,2.89471,2.76792,2.65177,2.53477,2.42767,2.32071,2.22278,2.12561,2.03659,1.9487,1.86258,1.78376,1.70672,1.63185,1.56327,1.49314,1.42903,1.37021,1.31059,1.25345,1.19881,1.14875,1.09886,1.05139,1.00624,0.96335,0.921277,0.881499,0.84389,0.807298,0.772805,0.739411,0.707993,0.676962,0.647876,0.62058,0.59382,0.568254,0.543866,0.520203,0.497734,0.476411,0.455858,0.436406,0.417722,0.399817,0.382463,0.366132,0.350366,0.335373,0.320962,0.307146,0.293929,0.281306,0.269268,0.257698,0.246605,0.235992,0.225936,0.216189,0.206915,0.198037,0.189553,0.181458,0.177715
0.00248921,34.2341,32.732,31.3018,30.0067,28.8997,28.0336,27.4557,27.1927,27.2347,28.0412,28.6928,29.4481,31.108,31.9194,33.2448,33.7566,33.4254,31.8928,29.9557,28.0746,26.4776,25.2612,24.1515,23.8352,23.6904,21.0297,18.0051,16.523,15.5299,14.7445,14.0721,13.4751,12.7665,12.2877,11.7859,11.1532,10.5886,10.2442,9.76915,9.33746,8.9432,8.46752,8.14323,7.74812,7.47635,7.14261,6.83764,6.49144,6.23889,5.9497,5.68624,5.44521,5.22385,5.01984,4.79517,4.5898,4.37141,4.20014,4.01658,3.8484,3.67269,3.51233,3.36541,3.21416,3.07594,2.94913,2.81996,2.70164,2.58246,2.47335,2.36439,2.26462,2.16563,2.07494,1.98541,1.89768,1.81738,1.7389,1.66262,1.59275,1.52131,1.456,1.39608,1.33534,1.27713,1.22147,1.17047,1.11965,1.07128,1.02529,0.981596,0.938735,0.898211,0.859897,0.822619,0.787479,0.753459,0.721453,0.68984,0.660209,0.632402,0.60514,0.579094,0.554249,0.530144,0.507253,0.485531,0.464592,0.444775,0.425741,0.407501,0.389821,0.373184,0.357123,0.341848,0.327168,0.313093,0.299628,0.286769,0.274505,0.262718,0.251417,0.240605,0.23036,0.220431,0.210983,0.201938,0.193295,0.185049,0.181236
0.00311151,34.2965,32.7916,31.3618,30.0701,28.9698,28.1147,27.553,27.311,27.377,28.2301,28.9011,29.6725,31.3522,32.1657,33.4787,33.9585,33.612,32.0715,30.1516,28.3142,26.8011,25.732,25.0533,25.2767,25.9151,25.7785,18.8168,16.9084,15.8209,15.0005,14.31,13.7009,12.9798,12.4932,11.9833,11.3407,10.7672,10.4174,9.93481,9.49619,9.09556,8.61213,8.28251,7.88087,7.60458,7.26527,6.95518,6.60316,6.34634,6.05224,5.78431,5.53918,5.31405,5.10655,4.87804,4.66914,4.44701,4.27281,4.08609,3.91503,3.73628,3.57317,3.42372,3.26987,3.12927,3.00027,2.86887,2.74851,2.62728,2.51629,2.40544,2.30396,2.20326,2.11101,2.01993,1.93068,1.849,1.76916,1.69156,1.62049,1.54782,1.48138,1.42042,1.35863,1.29942,1.2428,1.19091,1.13922,1.09002,1.04324,0.998784,0.955183,0.91396,0.874984,0.837062,0.801316,0.766708,0.73415,0.70199,0.671848,0.64356,0.615828,0.589333,0.564059,0.539537,0.516251,0.494154,0.472853,0.452695,0.433331,0.414776,0.396791,0.379867,0.363529,0.34799,0.333056,0.318739,0.305041,0.291959,0.279484,0.267494,0.255997,0.244998,0.234577,0.224477,0.214865,0.205664,0.196872,0.188483,0.184605
0.00388938,34.3579,32.8502,31.4209,30.1324,29.0389,28.1948,27.6492,27.428,27.5177,28.4161,29.1058,29.8925,31.5904,32.4054,33.7053,34.1535,33.7921,32.2439,30.3406,28.5464,27.118,26.2004,25.9417,26.5386,27.3818,27.5169,21.056,17.3589,16.1233,15.2556,14.5428,13.9198,13.1853,12.6904,12.1724,11.5198,10.9375,10.5824,10.0925,9.64715,9.24038,8.74951,8.4148,8.00691,7.72632,7.38169,7.06674,6.70916,6.44829,6.14954,5.87735,5.62833,5.39961,5.18881,4.95665,4.74442,4.51874,4.34174,4.15203,3.97823,3.79663,3.6309,3.47905,3.32273,3.17987,3.0488,2.9153,2.793,2.66982,2.55705,2.44442,2.3413,2.23899,2.14525,2.05271,1.96203,1.87903,1.79791,1.71907,1.64685,1.57301,1.50551,1.44357,1.38078,1.32062,1.26309,1.21037,1.15784,1.10785,1.06031,1.01515,0.970845,0.928958,0.889356,0.850824,0.814503,0.779339,0.746257,0.71358,0.682953,0.654211,0.626032,0.599111,0.57343,0.548514,0.524854,0.502401,0.480758,0.460275,0.440601,0.421747,0.403473,0.386277,0.369675,0.353887,0.338713,0.324165,0.310247,0.296955,0.284279,0.272096,0.260415,0.249239,0.23865,0.228387,0.218622,0.209272,0.200339,0.191815,0.187874
0.00486173,34.4182,32.9078,31.4789,30.1938,29.107,28.2739,27.7443,27.5439,27.657,28.5994,29.3069,30.1082,31.8229,32.6389,33.925,34.3419,33.9661,32.4104,30.5232,28.7716,27.4289,26.6641,26.7763,27.5772,28.4436,28.5884,25.9838,17.9472,16.4504,15.516,14.7747,14.1353,13.3856,12.8819,12.3553,11.6925,11.1014,10.7411,10.2439,9.79205,9.37931,8.88122,8.54157,8.12766,7.84291,7.49318,7.17354,6.81065,6.54588,6.24266,5.96641,5.71365,5.4815,5.26753,5.03188,4.81646,4.58738,4.40772,4.21515,4.03873,3.85439,3.68616,3.53202,3.37334,3.22832,3.09527,2.95975,2.83561,2.71056,2.59609,2.48176,2.37709,2.27323,2.17807,2.08413,1.99208,1.90783,1.82548,1.74544,1.67214,1.59717,1.52865,1.46578,1.40204,1.34097,1.28257,1.22905,1.17573,1.12498,1.07673,1.03088,0.985905,0.943385,0.903184,0.86407,0.827199,0.791504,0.757921,0.72475,0.693659,0.664483,0.635878,0.60855,0.582481,0.557187,0.53317,0.510377,0.488407,0.467614,0.447642,0.428503,0.409953,0.392496,0.375644,0.359617,0.344213,0.329445,0.315317,0.301824,0.288956,0.276589,0.264731,0.253386,0.242637,0.232219,0.222305,0.212815,0.203746,0.195094,0.191093
0.00607716,34.4775,32.9644,31.536,30.2542,29.1741,28.3519,27.8383,27.6586,27.7947,28.78,29.5046,30.3196,32.0499,32.8664,34.1383,34.5241,34.1342,32.5713,30.6998,28.9905,27.7342,27.1208,27.5407,28.4431,29.2861,29.398,27.2732,18.9245,16.8243,15.7899,15.0108,14.351,13.5838,13.0703,12.5346,11.8611,11.261,10.8953,10.3909,9.9326,9.51397,9.00879,8.66431,8.24453,7.95574,7.60103,7.27685,6.90878,6.64025,6.33271,6.0525,5.79614,5.56067,5.34364,5.10462,4.88611,4.65375,4.47152,4.27619,4.09724,3.91025,3.7396,3.58325,3.42229,3.2752,3.14024,3.00277,2.87684,2.75,2.63388,2.51791,2.41173,2.30638,2.20985,2.11456,2.02119,1.93573,1.8522,1.77101,1.69665,1.62061,1.5511,1.48732,1.42267,1.36072,1.30148,1.24719,1.19311,1.14163,1.09268,1.04617,1.00055,0.957422,0.916642,0.876965,0.839565,0.803356,0.76929,0.735643,0.704105,0.674509,0.645493,0.617772,0.591328,0.565671,0.541308,0.518188,0.495902,0.47481,0.454551,0.435137,0.41632,0.398613,0.381518,0.36526,0.349635,0.334655,0.320323,0.306636,0.293584,0.281038,0.26901,0.257502,0.246599,0.236031,0.225975,0.216348,0.207149,0.198372,0.194313
0.00759645,34.5358,33.0202,31.5922,30.3137,29.2402,28.4289,27.9314,27.7722,27.9311,28.9581,29.699,30.5271,32.2717,33.0881,34.3453,34.7004,34.2969,32.7269,30.8708,29.2037,28.0341,27.5682,28.2347,29.1837,29.9917,30.0605,28.1454,23.6974,17.2886,16.0897,15.2578,14.5719,13.7835,13.2586,12.7129,12.0279,11.4184,11.0473,10.5355,10.0706,9.64606,9.13381,8.78456,8.35895,8.06617,7.70657,7.37792,7.00478,6.73254,6.42076,6.1367,5.8768,5.63808,5.41806,5.17575,4.95422,4.71866,4.53391,4.33588,4.15446,3.96489,3.79189,3.63337,3.4702,3.32107,3.18424,3.04487,2.91721,2.78861,2.67089,2.55331,2.44567,2.33886,2.241,2.14439,2.04973,1.96308,1.8784,1.79609,1.7207,1.64361,1.57314,1.50848,1.44294,1.38013,1.32007,1.26503,1.2102,1.15801,1.10838,1.06123,1.01498,0.971253,0.92991,0.889684,0.851767,0.815057,0.780521,0.746408,0.714434,0.684429,0.655012,0.626907,0.600098,0.574086,0.549386,0.525946,0.503352,0.481969,0.46143,0.441747,0.42267,0.404718,0.387387,0.370904,0.355063,0.339876,0.325346,0.31147,0.298237,0.285518,0.273323,0.261656,0.250602,0.239888,0.229693,0.219933,0.210606,0.201708,0.197594
0.00949557,34.5931,33.075,31.6475,30.3723,29.3054,28.5051,28.0235,27.8848,28.0661,29.1337,29.8903,30.7308,32.4886,33.3046,34.5467,34.8714,34.4545,32.8778,31.0368,29.4116,28.3292,28.0049,28.8654,29.8323,30.603,30.627,28.8272,25.6763,17.9565,16.4364,15.5254,14.8042,13.9891,13.4507,12.8934,12.1957,11.5761,11.1991,10.6797,10.2081,9.77748,9.25807,8.90398,8.47254,8.17576,7.81126,7.47815,7.09996,6.82404,6.50805,6.22015,5.95674,5.71481,5.49182,5.24624,5.02173,4.78299,4.59575,4.39506,4.21119,4.01907,3.84374,3.68309,3.51771,3.36657,3.2279,3.08666,2.95727,2.82694,2.70763,2.58847,2.47937,2.37113,2.27195,2.17404,2.0781,1.99029,1.90446,1.82104,1.74464,1.66651,1.59509,1.52956,1.46313,1.39948,1.33861,1.28283,1.22725,1.17436,1.12407,1.07628,1.02941,0.985089,0.943188,0.90242,0.863992,0.826787,0.791785,0.757213,0.724808,0.694398,0.664585,0.636101,0.60893,0.582568,0.557535,0.53378,0.510881,0.489209,0.468393,0.448446,0.429111,0.410917,0.393352,0.376648,0.360593,0.345201,0.330475,0.316412,0.303001,0.29011,0.277751,0.265927,0.254724,0.243865,0.233533,0.223641,0.214189,0.205171,0.201001
0.0118695,34.6495,33.129,31.702,30.43,29.3697,28.5803,28.1148,27.9964,28.1999,29.3068,30.0786,30.9309,32.7007,33.5159,34.7424,35.0371,34.6074,33.024,31.1979,29.6147,28.6195,28.4293,29.4412,30.4104,31.1448,31.1245,29.3952,26.7165,19.4674,16.8704,15.829,15.0571,14.2064,13.651,13.08,12.3675,11.7367,11.3535,10.8259,10.3471,9.91027,9.38346,9.02441,8.58699,8.28614,7.91667,7.57903,7.19573,6.91609,6.59585,6.30409,6.03715,5.79198,5.56601,5.31714,5.08964,4.84771,4.65797,4.4546,4.26828,4.07359,3.89592,3.73313,3.56554,3.41239,3.27187,3.12874,2.99763,2.86556,2.74466,2.62391,2.51336,2.40367,2.30317,2.20395,2.10674,2.01775,1.93078,1.84625,1.76883,1.68966,1.61729,1.55088,1.48357,1.41907,1.35739,1.30086,1.24455,1.19095,1.13998,1.09156,1.04406,0.999153,0.956695,0.915383,0.876443,0.838742,0.803273,0.76824,0.735403,0.704588,0.674376,0.645513,0.61798,0.591267,0.5659,0.541828,0.518623,0.496663,0.475569,0.455356,0.435763,0.417327,0.399528,0.382601,0.366332,0.350735,0.335813,0.321562,0.307972,0.294909,0.282386,0.270404,0.259051,0.248048,0.237578,0.227554,0.217976,0.208838,0.204612
0.0148368,34.705,33.1821,31.7556,30.4869,29.4331,28.6547,28.2052,28.1071,28.3325,29.4777,30.2638,31.1274,32.9083,33.7222,34.9329,35.1979,34.7556,33.1659,31.3544,29.8134,28.905,28.8406,29.9701,30.933,31.6328,31.5696,29.8862,27.4791,24.4909,17.4975,16.1968,15.3448,14.4437,13.8659,13.2777,12.5475,11.9039,11.5136,10.977,10.4905,10.047,9.51233,9.14807,8.70441,8.39931,8.02469,7.68238,7.2938,7.01034,6.68573,6.39001,6.11945,5.87096,5.64194,5.38971,5.15914,4.91395,4.72166,4.51555,4.32673,4.12942,3.94936,3.78438,3.61455,3.45934,3.31693,3.17188,3.03901,2.90517,2.78265,2.66028,2.54825,2.43708,2.33524,2.23469,2.13617,2.04599,1.95785,1.87218,1.79372,1.71349,1.64015,1.57285,1.50464,1.43927,1.37676,1.31948,1.26241,1.20809,1.15644,1.10737,1.05923,1.01372,0.970694,0.928828,0.889365,0.851159,0.815214,0.779711,0.746433,0.715205,0.684588,0.655338,0.627436,0.600364,0.574657,0.550261,0.526746,0.504491,0.483114,0.462629,0.442774,0.42409,0.406052,0.388898,0.372411,0.356605,0.341483,0.327041,0.313268,0.300031,0.287339,0.275196,0.263691,0.25254,0.24193,0.231772,0.222065,0.212804,0.208522
0.018546,34.7597,33.2344,31.8084,30.5429,29.4958,28.7283,28.2948,28.2169,28.464,29.6463,30.4463,31.3205,33.1116,33.9239,35.1185,35.3541,34.8996,33.3038,31.5069,30.008,29.1861,29.2383,30.4593,31.4111,32.0782,31.9736,30.3211,28.0979,25.8895,18.9433,16.6922,15.6939,14.7145,14.1048,13.4937,12.7412,12.0821,11.6837,11.1368,10.6418,10.1908,9.64769,9.27781,8.82747,8.51786,8.13776,7.79051,7.39637,7.10888,6.77969,6.47981,6.20546,5.9535,5.72129,5.46555,5.23178,4.98319,4.78823,4.57927,4.38783,4.1878,4.00526,3.838,3.66582,3.50847,3.3641,3.21705,3.08234,2.94666,2.82245,2.69839,2.58481,2.47212,2.36887,2.26693,2.16705,2.07563,1.98628,1.89943,1.81989,1.73855,1.6642,1.59598,1.52682,1.46055,1.39718,1.33911,1.28126,1.22619,1.17383,1.12408,1.07528,1.02914,0.985523,0.943081,0.903074,0.864341,0.827902,0.791909,0.758173,0.726514,0.695476,0.665823,0.637536,0.610091,0.58403,0.559299,0.535459,0.512898,0.491226,0.470459,0.450331,0.431389,0.413103,0.395713,0.378998,0.362974,0.347644,0.333003,0.319041,0.305621,0.292754,0.280444,0.268781,0.257476,0.246719,0.236422,0.226581,0.217193,0.212851
0.0231825,34.8134,33.2859,31.8605,30.5982,29.5577,28.8011,28.3836,28.3259,28.5943,29.8128,30.6261,31.5104,33.3108,34.1212,35.2994,35.5059,35.0395,33.4379,31.6554,30.1989,29.4629,29.6225,30.9144,31.8524,32.4886,32.3441,30.7129,28.6266,26.829,25.4804,17.5435,16.1625,15.0417,14.3825,13.7387,12.9563,12.2778,11.8694,11.3104,10.8055,10.3461,9.79344,9.41733,8.95962,8.64507,8.259,7.90638,7.50623,7.2144,6.88027,6.57592,6.2975,6.04182,5.80618,5.54669,5.30949,5.05727,4.85947,4.64746,4.45324,4.2503,4.0651,3.89541,3.72073,3.56109,3.41463,3.26545,3.12879,2.99114,2.86513,2.73928,2.62405,2.50972,2.40498,2.30157,2.20024,2.1075,2.01685,1.92875,1.84805,1.76554,1.69011,1.6209,1.55074,1.48351,1.41923,1.36031,1.30162,1.24576,1.19264,1.14217,1.09267,1.04586,1.00161,0.958551,0.917965,0.878672,0.841704,0.805191,0.770967,0.73885,0.707362,0.67728,0.648584,0.620742,0.594303,0.569214,0.545029,0.522141,0.500156,0.479089,0.458669,0.439453,0.420902,0.40326,0.386304,0.370048,0.354495,0.339643,0.325478,0.311864,0.298811,0.286323,0.274491,0.263023,0.25211,0.241663,0.231681,0.222156,0.217752
0.0289782,34.8664,33.3366,31.9118,30.6528,29.6188,28.8732,28.4717,28.434,28.7236,29.9772,30.8032,31.6972,33.5059,34.3142,35.4757,35.6535,35.1755,33.5683,31.8003,30.3864,29.7351,29.9931,31.3398,32.2626,32.8694,32.6866,31.0702,29.0923,27.5758,26.8798,27.1087,27.5121,15.4739,14.7256,14.0301,13.2044,12.4999,12.0789,11.5049,10.988,10.5187,9.95487,9.5716,9.10551,8.78537,8.39259,8.03396,7.62711,7.33045,6.99085,6.68156,6.39865,6.13887,5.89947,5.63585,5.39489,5.13867,4.93775,4.7224,4.52512,4.31899,4.13088,3.95853,3.78112,3.61898,3.47022,3.3187,3.17991,3.04011,2.91213,2.78431,2.66728,2.55117,2.44479,2.33976,2.23685,2.14266,2.0506,1.96112,1.87917,1.79536,1.71876,1.64846,1.57721,1.50894,1.44365,1.38381,1.3242,1.26747,1.21352,1.16226,1.11199,1.06445,1.01951,0.975779,0.93456,0.894654,0.857109,0.820026,0.785268,0.75265,0.720671,0.690119,0.660975,0.632698,0.605847,0.580366,0.555804,0.532559,0.510231,0.488835,0.468096,0.44858,0.42974,0.411822,0.394602,0.378092,0.362297,0.347212,0.332827,0.319,0.305744,0.293061,0.281044,0.269397,0.258314,0.247704,0.237565,0.227892,0.223419
0.0362227,34.9186,33.3867,31.9624,30.7066,29.6792,28.9446,28.559,28.5415,28.852,30.1396,30.9779,31.8811,33.6975,34.5033,35.6479,35.7973,35.3081,33.6954,31.9418,30.5709,30.0033,30.3509,31.74,32.6466,33.2256,33.0058,31.3996,29.5119,28.2134,27.8928,28.4395,28.9127,27.7911,15.1926,14.4006,13.5052,12.7632,12.3248,11.7311,11.199,10.7173,10.14,9.74815,9.27212,8.9454,8.54479,8.17919,7.76459,7.46237,7.1165,6.80155,6.51351,6.24905,6.00537,5.73705,5.49181,5.23106,5.02659,4.80746,4.60671,4.39696,4.20556,4.0302,3.84969,3.68472,3.53337,3.37921,3.238,3.09576,2.96555,2.83551,2.71645,2.59832,2.49008,2.38323,2.27854,2.18271,2.08905,1.99801,1.91463,1.82937,1.75144,1.67992,1.60743,1.53797,1.47155,1.41067,1.35003,1.29231,1.23742,1.18528,1.13413,1.08577,1.04004,0.995554,0.953618,0.913019,0.874822,0.837095,0.801733,0.768548,0.736014,0.704932,0.675281,0.646514,0.619196,0.593273,0.568284,0.544635,0.521919,0.500152,0.479053,0.459198,0.440031,0.421802,0.404282,0.387486,0.371416,0.356069,0.341434,0.327368,0.313881,0.300978,0.288752,0.276903,0.265627,0.254833,0.244518,0.234677,0.230127
0.0452784,34.97,33.436,32.0123,30.7597,29.7389,29.0153,28.6457,28.6482,28.9793,30.3001,31.1501,32.0621,33.8854,34.6884,35.8159,35.9374,35.4371,33.8193,32.0801,30.7524,30.2671,30.696,32.1175,33.0075,33.5599,33.3044,31.7054,29.8954,28.7785,28.7221,29.4146,29.8771,28.9183,27.0678,14.924,13.8944,13.0917,12.6276,12.0059,11.4532,10.9552,10.3606,9.95791,9.46955,9.13475,8.72459,8.35055,7.92663,7.61777,7.2644,6.94273,6.64861,6.37861,6.12986,5.85599,5.60571,5.33963,5.13099,4.9074,4.70258,4.48859,4.29332,4.11442,3.93027,3.76198,3.60759,3.45034,3.3063,3.1612,3.02838,2.89573,2.77429,2.65379,2.54339,2.4344,2.32761,2.22986,2.13433,2.04147,1.95642,1.86946,1.78996,1.71702,1.64308,1.57223,1.50447,1.44239,1.38053,1.32165,1.26567,1.21248,1.16031,1.11098,1.06434,1.01896,0.976191,0.934779,0.89582,0.857338,0.821269,0.787421,0.754236,0.722532,0.692289,0.662946,0.635083,0.608641,0.583153,0.559031,0.535861,0.513658,0.492137,0.471886,0.452335,0.433742,0.415872,0.398739,0.382349,0.366695,0.351768,0.33742,0.323663,0.310502,0.298032,0.285946,0.274445,0.263435,0.252914,0.242876,0.238235
0.056598,35.0207,33.4846,32.0615,30.8122,29.798,29.0853,28.732,28.7542,29.1058,30.4588,31.3201,32.2404,34.0699,34.8699,35.9801,36.0739,35.5629,33.9402,32.2155,30.9313,30.5267,31.0292,32.4752,33.3486,33.8754,33.5856,31.9914,30.2504,29.2924,29.4386,30.208,30.6419,29.7338,28.2027,26.2043,14.4546,13.5337,13.0257,12.3597,11.7763,11.2553,10.6367,10.2195,9.71489,9.36958,8.9471,8.56227,8.12655,7.8093,7.44654,7.11647,6.81478,6.5379,6.28286,6.00214,5.74562,5.47295,5.25918,5.0301,4.82027,4.60106,4.40104,4.21779,4.02918,3.85681,3.69869,3.53764,3.39012,3.24153,3.10551,2.96966,2.84529,2.72189,2.60883,2.49722,2.38786,2.28776,2.18993,2.09484,2.00775,1.9187,1.83729,1.76259,1.68688,1.61432,1.54494,1.48136,1.41802,1.35773,1.3004,1.24593,1.19251,1.142,1.09424,1.04777,1.00397,0.961562,0.921667,0.882261,0.845326,0.810664,0.776682,0.744217,0.713248,0.6832,0.654667,0.62759,0.60149,0.576789,0.553063,0.530326,0.508289,0.487551,0.467531,0.448491,0.430192,0.412648,0.395864,0.379834,0.364548,0.349855,0.335769,0.322291,0.309522,0.297145,0.285368,0.274094,0.26332,0.253041,0.248288
0.0707475,35.0707,33.5327,32.1102,30.8641,29.8565,29.1549,28.8177,28.8598,29.2315,30.6157,31.4879,32.4162,34.2513,35.048,36.1408,36.2071,35.6857,34.0583,32.3482,31.1079,30.7823,31.3513,32.8156,33.6723,34.1745,33.8513,32.2603,30.5822,29.7678,30.0761,30.8862,31.2861,30.3917,29.0129,27.5158,25.7596,14.2091,13.6055,12.8551,12.2191,11.6608,11.0057,10.5672,10.0391,9.67893,9.23933,8.83969,8.38792,8.05938,7.68405,7.34279,7.03105,6.74508,6.48177,6.19202,5.92733,5.64604,5.42554,5.18929,4.97293,4.74691,4.5407,4.3518,4.15737,3.97971,3.81673,3.65074,3.49871,3.34557,3.20539,3.06539,2.93723,2.81006,2.69356,2.57854,2.46584,2.3627,2.26188,2.1639,2.07416,1.98239,1.8985,1.82153,1.74351,1.66875,1.59725,1.53174,1.46647,1.40434,1.34527,1.28915,1.23409,1.18204,1.13283,1.08495,1.03982,0.996121,0.955011,0.914407,0.876348,0.840632,0.805616,0.772163,0.740251,0.709289,0.679888,0.651988,0.625093,0.59964,0.575192,0.551764,0.529056,0.507687,0.487058,0.467439,0.448583,0.430505,0.41321,0.396693,0.380942,0.365802,0.351287,0.337399,0.324241,0.311488,0.299353,0.287736,0.276634,0.266042,0.261145
0.0884344,35.12,33.5801,32.1582,30.9154,29.9142,29.2239,28.9031,28.9646,29.3564,30.7711,31.6537,32.5896,34.4296,35.2228,36.298,36.3372,35.8057,34.1738,32.4784,31.2824,31.034,31.6627,33.1403,33.9804,34.459,34.1034,32.5145,30.8948,30.2131,30.6538,31.4831,31.8474,30.9506,29.6646,28.4161,27.6836,27.6884,26.8594,13.6595,12.904,12.2714,11.5495,11.0742,10.5074,10.1236,9.65719,9.23485,8.7589,8.41357,8.0197,7.6621,7.33578,7.03669,6.76147,6.45879,6.18244,5.88886,5.65881,5.4124,5.18677,4.95113,4.73617,4.53928,4.33666,4.15153,3.98171,3.80877,3.65038,3.49085,3.34482,3.19899,3.06548,2.93302,2.81167,2.69187,2.57449,2.46706,2.36206,2.26,2.16653,2.07096,1.98359,1.90342,1.82217,1.7443,1.66984,1.60161,1.53363,1.46893,1.40741,1.34896,1.29162,1.23741,1.18616,1.13629,1.08929,1.04378,1.00096,0.958676,0.919039,0.881843,0.845375,0.810535,0.7773,0.745055,0.714435,0.685377,0.657368,0.63086,0.605398,0.580999,0.557349,0.535094,0.51361,0.493177,0.47354,0.454712,0.4367,0.419499,0.403094,0.387327,0.37221,0.357747,0.344043,0.330761,0.318123,0.306024,0.294462,0.283431,0.278331
0.110543,35.1688,33.6268,32.2056,30.9655,29.9711,29.2925,28.9882,29.069,29.479,30.9234,31.8178,32.761,34.6052,35.3947,36.4522,36.4645,35.923,34.2867,32.6062,31.4549,31.2817,31.9643,33.4511,34.2748,34.7304,34.3434,32.7556,31.1913,30.634,31.1838,32.0187,32.3479,31.4404,30.2189,29.1366,28.8359,29.1385,28.6872,26.6957,14.2772,13.4037,12.5064,11.9459,11.2966,10.8649,10.3467,9.88205,9.36235,8.98732,8.56125,8.17569,7.82471,7.50363,7.20862,6.88459,6.58905,6.2754,6.0298,5.76688,5.52625,5.27506,5.046,4.83626,4.62046,4.42333,4.24255,4.05848,3.88991,3.72015,3.56477,3.40961,3.26757,3.12665,2.99756,2.87012,2.74526,2.63098,2.5193,2.41075,2.31134,2.20968,2.11676,2.0315,1.94508,1.86226,1.78307,1.7105,1.63821,1.5694,1.50397,1.4418,1.38083,1.32318,1.26867,1.21564,1.16565,1.11725,1.07172,1.02675,0.984593,0.945035,0.906252,0.8692,0.833856,0.799563,0.767,0.736098,0.706311,0.67812,0.651042,0.625093,0.599943,0.576275,0.553427,0.531698,0.510813,0.490791,0.471636,0.453342,0.435896,0.419128,0.403052,0.38767,0.373097,0.358972,0.345532,0.332665,0.320369,0.308638,0.303214
0.11607,35.1793,33.637,32.2159,30.9766,29.9836,29.3075,29.0068,29.0919,29.5062,30.9568,31.8534,32.7982,34.6433,35.4319,36.4854,36.4919,35.9483,34.3111,32.6339,31.4925,31.3354,32.029,33.5174,34.3375,34.7882,34.3944,32.8069,31.2543,30.7233,31.2944,32.1292,32.4506,31.5402,30.3304,29.2787,29.0475,29.3784,28.9468,27.189,14.823,13.8143,12.8346,12.2381,11.556,11.1061,10.569,10.0893,9.55439,9.16924,8.73236,8.33752,7.97845,7.6502,7.34877,7.01786,6.71618,6.39612,6.14557,5.87741,5.63204,5.37593,5.14242,4.92863,4.70869,4.50779,4.32357,4.136,3.96424,3.79127,3.63296,3.47487,3.33016,3.1866,3.05508,2.92526,2.79806,2.68164,2.56787,2.45729,2.35601,2.25246,2.1578,2.07094,1.98291,1.89855,1.81788,1.74396,1.67031,1.60022,1.53357,1.47024,1.40813,1.3494,1.29388,1.23985,1.18893,1.13963,1.09325,1.04744,1.0045,0.964203,0.924697,0.886954,0.85095,0.816018,0.782847,0.751368,0.721026,0.692309,0.664726,0.638294,0.612674,0.588565,0.56529,0.543156,0.521882,0.501486,0.481974,0.463339,0.445568,0.428487,0.41211,0.396442,0.381597,0.367209,0.353517,0.34041,0.327886,0.315936,0.31041
0.121874,35.1899,33.6471,32.2262,30.9876,29.9961,29.3225,29.0254,29.1148,29.5333,30.9902,31.8889,32.8352,34.6812,35.469,36.5186,36.5192,35.9735,34.3354,32.6615,31.5299,31.3889,32.0933,33.5831,34.3996,34.8454,34.4449,32.8575,31.3166,30.8116,31.4031,32.2374,32.5512,31.6376,30.439,29.4163,29.2489,29.6021,29.1845,27.5706,15.5359,14.3304,13.2368,12.5924,11.8677,11.3947,10.8337,10.3353,9.78166,9.38417,8.93418,8.52815,8.15936,7.82254,7.51346,7.17437,6.86539,6.53773,6.28133,6.00698,5.756,5.4941,5.25535,5.03679,4.81197,4.60664,4.41837,4.2267,4.05118,3.87445,3.71269,3.55118,3.40333,3.25666,3.1223,2.98966,2.85972,2.74079,2.62456,2.5116,2.40814,2.30236,2.20566,2.11694,2.02701,1.94083,1.85843,1.78292,1.70769,1.63608,1.568,1.50332,1.43987,1.37988,1.32316,1.26798,1.21596,1.1656,1.11822,1.07143,1.02756,0.986402,0.946047,0.907493,0.870715,0.835033,0.801149,0.768994,0.738,0.708666,0.68049,0.65349,0.62732,0.602693,0.578919,0.556308,0.534578,0.513744,0.493812,0.474777,0.456624,0.439176,0.422448,0.406443,0.391279,0.376581,0.362596,0.349207,0.336414,0.324207,0.318563
0.127967,35.2004,33.6573,32.2365,30.9986,30.0086,29.3375,29.0439,29.1377,29.5603,31.0234,31.9243,32.8721,34.7189,35.5058,36.5515,36.5464,35.9985,34.3596,32.6889,31.5673,31.4422,32.1571,33.6481,34.4611,34.902,34.4949,32.9076,31.3783,30.899,31.5101,32.3435,32.6497,31.7329,30.5447,29.5497,29.4412,29.8121,29.4044,27.8907,16.3959,14.9626,13.7278,13.0229,12.2445,11.7426,11.1518,10.6302,10.0535,9.64091,9.17494,8.75533,8.37478,8.02762,7.70933,7.3604,7.04267,6.70591,6.4425,6.16075,5.90309,5.63427,5.38927,5.16503,4.9344,4.72379,4.5307,4.33414,4.15417,3.97295,3.8071,3.6415,3.48993,3.33956,3.20182,3.06585,2.93264,2.81073,2.69158,2.57579,2.46974,2.3613,2.26218,2.17124,2.07906,1.99072,1.90626,1.82886,1.75175,1.67835,1.60857,1.54227,1.47723,1.41574,1.35761,1.30104,1.24773,1.19611,1.14755,1.09958,1.05462,1.01243,0.971067,0.93155,0.893854,0.857279,0.822549,0.789591,0.757821,0.727755,0.698875,0.6712,0.644376,0.619134,0.594765,0.57159,0.549316,0.527962,0.507532,0.488021,0.469415,0.451531,0.434385,0.41798,0.402437,0.387372,0.373037,0.359314,0.346201,0.333689,0.327904
0.134366,35.2109,33.6674,32.2467,31.0095,30.021,29.3524,29.0625,29.1605,29.5873,31.0566,31.9596,32.9089,34.7565,35.5426,36.5844,36.5734,36.0235,34.3837,32.7163,31.6045,31.4953,32.2205,33.7126,34.522,34.9581,34.5444,32.9572,31.4394,30.9855,31.6153,32.4475,32.7463,31.826,30.6478,29.6794,29.6257,30.0105,29.6098,28.1709,26.5152,15.6682,14.3,13.5312,12.6927,12.1574,11.5318,10.9827,10.3787,9.94799,9.46289,9.02701,8.63235,8.27279,7.94346,7.58274,7.25452,6.90686,6.63506,6.34445,6.07877,5.80167,5.54919,5.31814,5.08055,4.86361,4.66475,4.46235,4.27704,4.09045,3.9197,3.74923,3.59319,3.4384,3.29661,3.15665,3.01953,2.89404,2.77141,2.65222,2.54307,2.43146,2.32945,2.23584,2.14097,2.05005,1.96312,1.88346,1.8041,1.72856,1.65674,1.5885,1.52156,1.45828,1.39845,1.34023,1.28536,1.23224,1.18226,1.13289,1.08662,1.0432,1.00063,0.959958,0.921162,0.88352,0.847776,0.813857,0.78116,0.750216,0.720494,0.692012,0.664405,0.638426,0.613347,0.589495,0.566572,0.544594,0.523568,0.503488,0.484339,0.465933,0.448286,0.431403,0.415407,0.399902,0.385149,0.371026,0.35753,0.344653,0.338699
0.141084,35.2214,33.6775,32.2569,31.0205,30.0335,29.3674,29.081,29.1833,29.6143,31.0898,31.9949,32.9457,34.794,35.5792,36.6171,36.6004,36.0483,34.4077,32.7436,31.6418,31.5483,32.2835,33.7766,34.5825,35.0138,34.5935,33.0064,31.5001,31.0713,31.7192,32.5498,32.8411,31.9173,30.7486,29.8058,29.8033,30.1992,29.8032,28.4227,27.0614,16.3661,14.9064,14.0874,13.1964,12.6293,11.9688,11.3911,10.7575,10.307,9.80049,9.34621,8.93545,8.56163,8.21955,7.84513,7.50469,7.14429,6.86265,6.56164,6.28653,5.99969,5.73838,5.4993,5.25348,5.02908,4.82339,4.61406,4.42243,4.22949,4.05294,3.87668,3.71535,3.55531,3.40872,3.26403,3.12228,2.99255,2.86578,2.74257,2.62974,2.51436,2.40891,2.31215,2.21408,2.1201,2.03024,1.9479,1.86586,1.78778,1.71354,1.643,1.57381,1.5084,1.44656,1.38638,1.32966,1.27475,1.22309,1.17206,1.12423,1.07935,1.03535,0.993307,0.953205,0.914296,0.87735,0.842288,0.808492,0.776507,0.745784,0.716343,0.687807,0.660955,0.635031,0.610377,0.586682,0.563965,0.542231,0.521475,0.501682,0.482657,0.464416,0.446965,0.43043,0.414404,0.399155,0.384556,0.370605,0.357296,0.351141
0.148138,35.2318,33.6875,32.2671,31.0314,30.0459,29.3823,29.0996,29.2062,29.6413,31.1228,32.0301,32.9824,34.8314,35.6158,36.6497,36.6272,36.0731,34.4316,32.7708,31.6789,31.6011,32.3462,33.8401,34.6424,35.069,34.6421,33.055,31.5601,31.1563,31.8214,32.6503,32.9341,32.0067,30.8471,29.9289,29.9744,30.3789,29.9859,28.6526,27.472,17.0078,15.4875,14.6376,13.7113,13.1209,12.4325,11.8302,11.1698,10.7004,10.1729,9.7001,9.27279,8.88407,8.52848,8.13942,7.78576,7.41147,7.11905,6.80657,6.52103,6.22333,5.95219,5.70412,5.4491,5.2163,5.00294,4.78581,4.58705,4.38694,4.20383,4.02102,3.85371,3.68774,3.53572,3.38566,3.23866,3.10413,2.97266,2.84489,2.72788,2.60824,2.49888,2.39854,2.29684,2.19939,2.10621,2.02082,1.93575,1.85478,1.77779,1.70465,1.6329,1.56507,1.50094,1.43854,1.37972,1.32278,1.26921,1.21629,1.1667,1.12015,1.07452,1.03093,0.989346,0.949,0.910687,0.87433,0.839284,0.806116,0.774258,0.743728,0.714137,0.686292,0.65941,0.633845,0.609273,0.585717,0.56318,0.541656,0.521131,0.501403,0.482488,0.464391,0.447245,0.430627,0.414814,0.399675,0.385209,0.371407,0.365025
0.155545,35.2423,33.6975,32.2772,31.0423,30.0583,29.3972,29.1181,29.229,29.6683,31.1559,32.0652,33.0189,34.8687,35.6521,36.6821,36.6539,36.0977,34.4554,32.7979,31.716,31.6537,32.4083,33.903,34.7018,35.1236,34.6902,33.1032,31.6196,31.2404,31.9221,32.749,33.0254,32.0942,30.9434,30.0491,30.1397,30.5506,30.1594,28.865,27.8141,17.6022,16.0162,15.1458,14.1972,13.5913,12.8834,12.2628,11.5812,11.096,10.5504,10.0609,9.61841,9.21569,8.84719,8.44394,8.07731,7.68924,7.38602,7.06196,6.76584,6.45709,6.17585,5.91854,5.65402,5.41253,5.1912,4.96597,4.75978,4.55219,4.36223,4.17259,3.99901,3.82683,3.66912,3.51345,3.36094,3.22137,3.08498,2.95243,2.83104,2.70691,2.59346,2.48936,2.38385,2.28274,2.18607,2.09748,2.00922,1.92522,1.84535,1.76946,1.69503,1.62465,1.55812,1.49338,1.43236,1.37328,1.3177,1.2628,1.21135,1.16306,1.11572,1.07049,1.02735,0.985491,0.945743,0.908022,0.871663,0.837252,0.804199,0.772526,0.741826,0.712937,0.685047,0.658523,0.633031,0.608592,0.58521,0.56288,0.541585,0.521118,0.501494,0.482719,0.46493,0.447689,0.431283,0.415577,0.400569,0.38625,0.379628
0.163322,35.2527,33.7076,32.2874,31.0532,30.0707,29.4121,29.1367,29.2518,29.6953,31.1889,32.1003,33.0555,34.9059,35.6884,36.7145,36.6805,36.1222,34.4791,32.8249,31.7531,31.7062,32.4702,33.9655,34.7608,35.1778,34.738,33.151,31.6787,31.3239,32.0215,32.8461,33.1152,32.1802,31.0378,30.1666,30.2999,30.7156,30.325,29.0635,28.1134,18.1725,16.4953,15.6054,14.6388,14.0214,13.299,12.6643,11.9659,11.4679,10.9071,10.4034,9.94757,9.53243,9.15234,8.73617,8.35762,7.95679,7.64348,7.30857,7.00246,6.68322,6.3924,6.12629,5.85267,5.60286,5.37388,5.14084,4.92749,4.71269,4.51612,4.31987,4.14024,3.96205,3.79883,3.63772,3.47989,3.33544,3.19427,3.05708,2.93144,2.80297,2.68554,2.57779,2.46859,2.36394,2.26388,2.17218,2.08083,1.99388,1.91121,1.83266,1.75562,1.68278,1.61391,1.5469,1.48374,1.42259,1.36506,1.30824,1.25498,1.205,1.156,1.10918,1.06453,1.0212,0.980057,0.941014,0.903379,0.867761,0.83355,0.800765,0.768988,0.739086,0.710218,0.682764,0.656378,0.631081,0.606879,0.583766,0.561724,0.540538,0.520226,0.500793,0.48238,0.464534,0.447553,0.431296,0.415761,0.40094,0.394086
0.171488,35.263,33.7176,32.2975,31.0641,30.083,29.427,29.1552,29.2746,29.7222,31.2218,32.1353,33.0919,34.943,35.7246,36.7467,36.707,36.1466,34.5027,32.8519,31.79,31.7585,32.5317,34.0274,34.8192,35.2316,34.7853,33.1983,31.7373,31.4067,32.1195,32.9416,33.2034,32.2646,31.1302,30.2816,30.4551,30.8741,30.4834,29.25,28.3822,28.1487,16.9369,16.0225,15.0372,14.4093,13.6741,13.0275,12.3146,11.8056,11.2317,10.7156,10.2481,9.82197,9.4316,9.0039,8.61468,8.20234,7.87994,7.5352,7.22002,6.89126,6.5917,6.31755,6.03563,5.77821,5.54223,5.30203,5.08213,4.86071,4.65808,4.45577,4.27058,4.08688,3.9186,3.75249,3.58976,3.44082,3.29527,3.15381,3.02426,2.89179,2.77071,2.65961,2.54701,2.4391,2.33592,2.24137,2.14717,2.05752,1.97227,1.89127,1.81183,1.73672,1.6657,1.5966,1.53147,1.46842,1.4091,1.3505,1.29558,1.24405,1.19352,1.14524,1.0992,1.05452,1.01209,0.971832,0.933024,0.896296,0.861018,0.827211,0.794444,0.763609,0.733841,0.705531,0.678322,0.652237,0.62728,0.603446,0.580718,0.558871,0.537926,0.517887,0.4989,0.480498,0.462987,0.446223,0.430204,0.414921,0.407854
0.180063,35.2734,33.7275,32.3076,31.0749,30.0954,29.4419,29.1737,29.2974,29.7491,31.2547,32.1702,33.1282,34.9799,35.7606,36.7787,36.7333,36.1709,34.5262,32.8788,31.827,31.8107,32.5927,34.0888,34.8771,35.2849,34.8321,33.2452,31.7954,31.4887,32.2161,33.0355,33.29,32.3473,31.2208,30.3941,30.6058,31.0268,30.6352,29.4262,28.6282,28.481,17.3532,16.4057,15.4002,14.7613,14.0137,13.3558,12.6298,12.1108,11.525,10.9977,10.5197,10.0837,9.6841,9.24605,8.84722,8.42454,8.09395,7.74035,7.41701,7.07966,6.77222,6.49082,6.20141,5.93713,5.69483,5.44818,5.22235,4.99496,4.78686,4.57907,4.38886,4.20017,4.02733,3.85671,3.68955,3.53656,3.38705,3.24174,3.10866,2.97258,2.8482,2.73407,2.61839,2.50754,2.40155,2.30442,2.20765,2.11555,2.02797,1.94477,1.86315,1.78599,1.71304,1.64206,1.57515,1.51037,1.44943,1.38923,1.33282,1.27987,1.22796,1.17837,1.13106,1.08517,1.04158,1.00022,0.960355,0.922624,0.886382,0.851653,0.81799,0.786313,0.755733,0.726649,0.698698,0.6719,0.646262,0.621777,0.598427,0.575985,0.554467,0.533881,0.514375,0.49547,0.477481,0.46026,0.443803,0.428102,0.420842
0.189066,35.2837,33.7375,32.3177,31.0857,30.1077,29.4568,29.1922,29.3202,29.776,31.2875,32.2051,33.1644,35.0168,35.7966,36.8107,36.7596,36.1951,34.5496,32.9056,31.8638,31.8627,32.6535,34.1499,34.9347,35.3378,34.8787,33.2917,31.853,31.5701,32.3115,33.128,33.3754,32.4287,31.3097,30.5045,30.7525,31.1744,30.7814,29.594,28.8565,28.7769,17.7574,16.7664,15.7364,15.0855,14.3252,13.6562,12.9175,12.3891,11.7923,11.2547,10.767,10.322,9.91388,9.46635,9.05876,8.62666,8.28861,7.92697,7.59619,7.25105,6.93645,6.64848,6.35227,6.08175,5.83372,5.58122,5.35003,5.11722,4.90415,4.69139,4.49664,4.30343,4.12645,3.95174,3.78057,3.6239,3.4708,3.322,3.18572,3.04637,2.919,2.80213,2.68367,2.57015,2.46161,2.36214,2.26304,2.16872,2.07904,1.99383,1.91025,1.83123,1.75652,1.68383,1.61531,1.54897,1.48656,1.42491,1.36714,1.31292,1.25976,1.20897,1.16053,1.11352,1.06889,1.02653,0.985704,0.947063,0.909949,0.874382,0.839909,0.807469,0.776151,0.746368,0.717742,0.690299,0.664043,0.638968,0.615056,0.592073,0.570037,0.548955,0.528979,0.509619,0.491197,0.47356,0.456707,0.440628,0.433193
0.198519,35.2941,33.7474,32.3278,31.0966,30.1201,29.4716,29.2107,29.343,29.8029,31.3203,32.2399,33.2006,35.0535,35.8324,36.8425,36.7857,36.2193,34.5729,32.9323,31.9007,31.9145,32.7138,34.2104,34.9917,35.3902,34.9247,33.3378,31.9102,31.6508,32.4056,33.2191,33.4593,32.5086,31.397,30.6127,30.8953,31.317,30.9222,29.7539,29.0702,29.0457,28.5312,17.1127,16.0525,15.388,14.6143,13.934,13.183,12.6456,12.0383,11.491,10.9942,10.5408,10.1248,9.66856,9.25288,8.8121,8.46719,8.09815,7.76056,7.40827,7.08711,6.79311,6.49068,6.21446,5.96118,5.70333,5.46722,5.22946,5.01185,4.79456,4.59565,4.39832,4.21755,4.0391,3.86427,3.70425,3.54787,3.39588,3.25668,3.11434,2.98424,2.86486,2.74385,2.6279,2.51703,2.41542,2.3142,2.21785,2.12625,2.03921,1.95383,1.87311,1.7968,1.72255,1.65255,1.58479,1.52104,1.45807,1.39905,1.34367,1.28937,1.23749,1.18801,1.13999,1.0944,1.05113,1.00943,0.969958,0.932046,0.895715,0.860501,0.827365,0.795374,0.764951,0.73571,0.707677,0.680858,0.655244,0.630819,0.607341,0.584832,0.563297,0.542892,0.523116,0.504298,0.486282,0.469067,0.452643,0.445048
0.208445,35.3044,33.7573,32.3379,31.1074,30.1324,29.4865,29.2293,29.3658,29.8298,31.3531,32.2746,33.2367,35.0902,35.8681,36.8743,36.8118,36.2433,34.5962,32.959,31.9375,31.9663,32.7739,34.2706,35.0484,35.4423,34.9705,33.3836,31.9671,31.731,32.4986,33.3089,33.542,32.5872,31.4828,30.7191,31.0346,31.4554,31.0584,29.9072,29.2721,29.2939,28.821,17.4528,16.3542,15.6753,14.8869,14.1951,13.4318,12.8855,12.268,11.7114,11.2061,10.7447,10.3214,9.85686,9.4336,8.98471,8.6334,8.25746,7.91353,7.55458,7.22733,6.92773,6.61952,6.338,6.07985,5.81703,5.57637,5.33402,5.1122,4.8907,4.68794,4.48678,4.30251,4.12059,3.94236,3.77924,3.61982,3.46487,3.32297,3.17786,3.04523,2.92352,2.80017,2.68196,2.56892,2.46534,2.36215,2.26393,2.17053,2.0818,1.99476,1.91247,1.83467,1.75897,1.68762,1.61854,1.55354,1.48935,1.42918,1.37272,1.31736,1.26447,1.21402,1.16507,1.11859,1.07448,1.03197,0.991726,0.953075,0.916037,0.880137,0.846355,0.813741,0.782725,0.752915,0.724336,0.696994,0.670882,0.64598,0.622046,0.599098,0.577143,0.556341,0.53618,0.516995,0.498629,0.481078,0.464334,0.456591
0.218867,35.3146,33.7672,32.3479,31.1182,30.1447,29.5014,29.2478,29.3886,29.8566,31.3859,32.3093,33.2728,35.1268,35.9037,36.9059,36.8377,36.2672,34.6194,32.9855,31.9742,32.0178,32.8336,34.3302,35.1046,35.4939,35.0159,33.4289,32.0235,31.8104,32.5904,33.3973,33.6234,32.6646,31.5671,30.8235,31.1704,31.5896,31.19,30.0544,29.4636,29.5251,29.0815,17.7947,16.6472,15.9507,15.1469,14.4431,13.6673,13.1122,12.4849,11.9193,11.4058,10.9368,10.5064,10.0341,9.60363,9.14708,8.78973,8.40729,8.05739,7.69217,7.3592,7.05433,6.7407,6.45422,6.19151,5.92403,5.6791,5.43244,5.20668,4.98124,4.77487,4.57013,4.38257,4.19741,4.01601,3.84997,3.6877,3.53,3.38555,3.23786,3.10285,2.97897,2.85341,2.73309,2.61804,2.5126,2.40756,2.30759,2.21253,2.12221,2.03361,1.94985,1.87066,1.79361,1.72098,1.65066,1.58451,1.51916,1.45792,1.40044,1.3441,1.29026,1.23891,1.18909,1.14178,1.09688,1.0536,1.01264,0.973299,0.935598,0.899056,0.86467,0.831473,0.799902,0.769559,0.740469,0.712638,0.686059,0.660712,0.636349,0.612991,0.590644,0.56947,0.548948,0.52942,0.510725,0.492861,0.475817,0.467936
0.229811,35.3249,33.7771,32.3579,31.1289,30.157,29.5162,29.2663,29.4114,29.8835,31.4185,32.3439,33.3087,35.1633,35.9392,36.9374,36.8635,36.2911,34.6424,33.012,32.0109,32.0692,32.8928,34.3894,35.1603,35.5451,35.0608,33.4738,32.0795,31.8893,32.681,33.4844,33.7035,32.7406,31.6499,30.9261,31.303,31.7199,31.3175,30.196,29.6461,29.7422,29.3196,28.4893,16.9368,16.2192,15.3985,14.6817,13.8931,13.3292,12.6921,12.1178,11.5962,11.1198,10.6826,10.2028,9.76554,9.30165,8.93853,8.5499,8.19431,7.82314,7.48472,7.17486,6.85607,6.56487,6.29783,6.02594,5.77696,5.52622,5.29672,5.06755,4.85775,4.64962,4.45894,4.27071,4.08629,3.9175,3.75254,3.5922,3.44536,3.29521,3.15796,3.03202,2.90437,2.78205,2.66508,2.55789,2.45111,2.34947,2.25283,2.161,2.07094,1.98578,1.90527,1.82694,1.7531,1.68161,1.61435,1.54792,1.48566,1.42723,1.36994,1.31521,1.26301,1.21235,1.16426,1.11861,1.07461,1.03297,0.992974,0.954647,0.917496,0.882538,0.848788,0.816692,0.785844,0.75627,0.727975,0.700954,0.675185,0.650417,0.62667,0.603951,0.582424,0.561561,0.541708,0.522702,0.50454,0.487212,0.4792
0.241301,35.3351,33.7869,32.3679,31.1397,30.1692,29.5311,29.2848,29.4342,29.9103,31.4511,32.3784,33.3446,35.1997,35.9746,36.9688,36.8893,36.3148,34.6654,33.0385,32.0476,32.1205,32.9519,34.4483,35.2157,35.5959,35.1054,33.5184,32.1352,31.9676,32.7706,33.5704,33.7826,32.8155,31.7315,31.0272,31.4327,31.8467,31.4413,30.3328,29.8211,29.9478,29.5403,28.7527,17.2287,16.4855,15.6444,14.9146,14.1125,13.5397,12.8927,12.3096,11.7802,11.2966,10.8528,10.3657,9.92172,9.45073,9.08204,8.68743,8.32634,7.94943,7.60576,7.29109,6.96734,6.67161,6.4004,6.12426,5.87139,5.61673,5.38364,5.15088,4.9378,4.7264,4.53274,4.34156,4.15424,3.9828,3.81525,3.6524,3.50326,3.35075,3.21134,3.08343,2.95377,2.82953,2.71073,2.60186,2.49339,2.39016,2.29199,2.19873,2.10725,2.02076,1.93898,1.85941,1.78442,1.7118,1.64349,1.57602,1.51278,1.45343,1.39524,1.33965,1.28663,1.23518,1.18632,1.13996,1.09527,1.05298,1.01235,0.973422,0.935688,0.90018,0.865901,0.8333,0.801967,0.771928,0.743189,0.715743,0.68957,0.664412,0.640292,0.617216,0.595351,0.57416,0.553995,0.534691,0.516244,0.498644,0.490506
0.253366,35.3454,33.7968,32.3779,31.1504,30.1815,29.546,29.3033,29.457,29.9372,31.4838,32.413,33.3805,35.236,36.01,37.0001,36.915,36.3385,34.6884,33.0649,32.0842,32.1717,33.0106,34.5068,35.2708,35.6465,35.1498,33.5628,32.1906,32.0455,32.8592,33.6553,33.8606,32.8893,31.8118,31.1269,31.5598,31.9704,31.5618,30.4653,29.9895,30.1435,29.7468,28.9927,17.5291,16.7537,15.8889,15.1438,14.328,13.746,13.0891,12.4972,11.9599,11.4692,11.0188,10.5245,10.074,9.59607,9.22193,8.82147,8.45503,8.07252,7.72375,7.40439,7.07582,6.77568,6.50042,6.22015,5.9635,5.70503,5.46845,5.23221,5.01594,4.80138,4.60481,4.41077,4.22065,4.04664,3.87657,3.71128,3.5599,3.4051,3.26361,3.13377,3.00218,2.87607,2.75548,2.64498,2.53489,2.4301,2.33047,2.2358,2.14295,2.05516,1.97216,1.8914,1.81527,1.74157,1.67223,1.60375,1.53956,1.47932,1.42026,1.36384,1.31001,1.25779,1.2082,1.16115,1.11579,1.07286,1.03162,0.992108,0.953807,0.917767,0.882973,0.849883,0.81808,0.78759,0.75842,0.730562,0.703995,0.67846,0.653979,0.630556,0.608363,0.586854,0.566386,0.546792,0.528068,0.510204,0.501944
0.266035,35.3556,33.8066,32.3879,31.1612,30.1938,29.5608,29.3219,29.4798,29.964,31.5164,32.4475,33.4163,35.2722,36.0452,37.0313,36.9405,36.3621,34.7113,33.0912,32.1208,32.2227,33.069,34.5648,35.3254,35.6966,35.1937,33.6067,32.2455,32.1227,32.9468,33.7389,33.9374,32.962,31.8909,31.225,31.6841,32.0909,31.6789,30.5936,30.1517,30.3301,29.9409,29.214,28.7049,17.0279,16.1348,15.3724,14.542,13.9502,13.283,12.6822,12.1369,11.6391,11.1822,10.6808,10.2238,9.73896,9.35944,8.95323,8.58152,8.19351,7.83972,7.51576,7.18246,6.87799,6.59876,6.31445,6.0541,5.7919,5.55191,5.31225,5.09286,4.87519,4.67579,4.47894,4.28607,4.10954,3.93702,3.76934,3.61577,3.45874,3.3152,3.18348,3.04998,2.92205,2.79972,2.68762,2.57593,2.46963,2.36856,2.27252,2.17832,2.08926,2.00506,1.92313,1.84591,1.77114,1.7008,1.63132,1.5662,1.50509,1.44518,1.38794,1.33334,1.28036,1.23006,1.18232,1.1363,1.09275,1.05092,1.01083,0.971978,0.935415,0.900118,0.866549,0.834286,0.803355,0.773763,0.745502,0.718551,0.692647,0.667811,0.644049,0.621535,0.599714,0.578951,0.559073,0.540079,0.521956,0.513576
0.279337,35.3658,33.8164,32.3979,31.1719,30.2061,29.5757,29.3404,29.5027,29.9909,31.5489,32.4819,33.452,35.3084,36.0804,37.0624,36.966,36.3856,34.7341,33.1175,32.1575,32.2736,33.1272,34.6226,35.3797,35.7464,35.2374,33.6503,32.3002,32.1995,33.0334,33.8216,34.0133,33.0337,31.9689,31.3217,31.806,32.2085,31.793,30.7182,30.3087,30.509,30.1248,29.4206,28.9743,17.3144,16.3861,15.6039,14.7565,14.1549,13.4768,12.8668,12.3135,11.8084,11.3449,10.8363,10.3728,9.88114,9.49625,9.0843,8.70735,8.31386,7.95508,7.62655,7.28855,6.97979,6.69662,6.4083,6.14427,5.87837,5.63499,5.39195,5.16946,4.94873,4.74651,4.54688,4.35129,4.17227,3.99731,3.82726,3.67152,3.51227,3.3667,3.23313,3.09774,2.968,2.84394,2.73026,2.61699,2.50919,2.40669,2.3093,2.21377,2.12345,2.03806,1.95497,1.87666,1.80083,1.7295,1.65904,1.593,1.53103,1.47027,1.41222,1.35685,1.30312,1.25211,1.20369,1.15703,1.11286,1.07044,1.02979,0.990382,0.953304,0.917507,0.883465,0.850746,0.819378,0.789367,0.760707,0.733375,0.707105,0.681918,0.657821,0.634989,0.61286,0.591803,0.571644,0.552382,0.534003,0.525505
0.293303,35.3759,33.8262,32.4079,31.1826,30.2183,29.5905,29.359,29.5255,30.0178,31.5815,32.5163,33.4877,35.3445,36.1155,37.0935,36.9914,36.4091,34.7568,33.1438,32.1941,32.3244,33.185,34.6799,35.4336,35.7959,35.2808,33.6937,32.3547,32.2759,33.1191,33.9033,34.0882,33.1044,32.0458,31.4173,31.9256,32.3235,31.9044,30.8395,30.4609,30.6812,30.2999,29.6149,29.2219,29.1066,16.6471,15.8413,14.9748,14.362,13.6728,13.0532,12.4915,11.9789,11.5087,10.9928,10.5227,10.0241,9.63377,9.21603,8.8338,8.43481,8.071,7.73789,7.39517,7.0821,6.79498,6.50263,6.23492,5.96531,5.71854,5.47212,5.24652,5.02271,4.81767,4.61526,4.41694,4.23543,4.05803,3.88561,3.7277,3.56623,3.41863,3.28319,3.14592,3.01437,2.88858,2.77331,2.65847,2.54916,2.44523,2.34648,2.24962,2.15804,2.07146,1.98722,1.90781,1.83093,1.7586,1.68716,1.6202,1.55736,1.49575,1.43689,1.38075,1.32627,1.27455,1.22546,1.17814,1.13336,1.09034,1.04912,1.00917,0.971576,0.935281,0.900763,0.867588,0.835783,0.805354,0.776294,0.748581,0.721944,0.696406,0.671973,0.648823,0.626385,0.605034,0.584595,0.565063,0.546428,0.537811
0.307969,35.3861,33.836,32.4178,31.1933,30.2306,29.6054,29.3776,29.5484,30.0447,31.614,32.5507,33.5234,35.3805,36.1504,37.1244,37.0168,36.4325,34.7795,33.17,32.2306,32.3751,33.2426,34.7369,35.4872,35.845,35.3238,33.7367,32.4087,32.3516,33.2038,33.9839,34.1621,33.1741,32.1216,31.5115,32.0428,32.4358,32.013,30.9575,30.6084,30.8468,30.4668,29.7986,29.4521,29.3613,16.9231,16.0879,15.1995,14.5741,13.873,13.2431,12.6726,12.1522,11.675,11.1517,10.6748,10.1691,9.77322,9.3496,8.96199,8.55741,8.18851,7.85075,7.50324,7.18581,6.89469,6.59827,6.32683,6.05348,5.80328,5.55342,5.3247,5.09777,4.88988,4.68466,4.48359,4.29955,4.11969,3.94487,3.78477,3.62105,3.4714,3.33408,3.1949,3.06153,2.93399,2.81712,2.70068,2.58986,2.48448,2.38436,2.28615,2.1933,2.10551,2.0201,1.93959,1.86164,1.78831,1.71587,1.64798,1.58427,1.52181,1.46213,1.40521,1.34998,1.29753,1.24776,1.19978,1.15438,1.11077,1.06898,1.02847,0.99035,0.953551,0.918554,0.884918,0.85267,0.821819,0.792355,0.764257,0.73725,0.711357,0.686585,0.663113,0.640363,0.618716,0.597992,0.578189,0.559295,0.550559
0.323367,35.3963,33.8458,32.4277,31.204,30.2428,29.6203,29.3961,29.5712,30.0715,31.6464,32.585,33.5589,35.4164,36.1853,37.1552,37.0419,36.4557,34.8021,33.1961,32.2671,32.4256,33.2998,34.7935,35.5403,35.8937,35.3664,33.7793,32.4624,32.4268,33.2875,34.0634,34.2349,33.2428,32.1963,31.6044,32.1578,32.5455,32.119,31.0724,30.7518,31.0066,30.6265,29.9731,29.6679,29.5969,29.088,16.3486,15.4341,14.7944,14.0795,13.4389,12.859,12.3304,11.846,11.3147,10.8309,10.3178,9.91621,9.48652,9.09338,8.68305,8.30893,7.96639,7.61399,7.29208,6.99686,6.69628,6.42103,6.14384,5.89012,5.63677,5.40484,5.17473,4.96393,4.75583,4.55194,4.36532,4.18294,4.00568,3.84333,3.67732,3.52558,3.38634,3.2452,3.10996,2.98064,2.86213,2.74406,2.63169,2.52483,2.42331,2.32373,2.22958,2.14056,2.05395,1.97231,1.89327,1.81891,1.74547,1.67663,1.61202,1.54868,1.48817,1.43045,1.37445,1.32127,1.2708,1.22215,1.17611,1.13189,1.08951,1.04844,1.00979,0.972471,0.936984,0.902877,0.870178,0.838894,0.809018,0.780527,0.753142,0.726886,0.701767,0.677966,0.654898,0.632948,0.611934,0.591854,0.572695,0.563837
0.339535,35.4064,33.8556,32.4377,31.2148,30.2551,29.6352,29.4148,29.5942,30.0984,31.679,32.6194,33.5946,35.4523,36.2202,37.1861,37.0672,36.479,34.8247,33.2224,32.3038,32.4762,33.3569,34.8499,35.5933,35.9423,35.409,33.8219,32.5161,32.5019,33.3708,34.1423,34.3072,33.3109,32.2704,31.6966,32.2713,32.6534,32.2231,31.185,30.8921,31.162,30.7807,30.1406,29.8729,29.8181,29.3269,16.632,15.6845,15.0281,14.2973,13.6445,13.0546,12.5172,12.0248,11.4853,10.994,10.4731,10.0655,9.62944,9.2305,8.81414,8.43456,8.08703,7.7295,7.40292,7.10343,6.7985,6.51928,6.23808,5.98072,5.72371,5.48844,5.25502,5.04118,4.83009,4.62326,4.43396,4.24896,4.06915,3.90446,3.73607,3.58214,3.4409,3.29774,3.16055,3.02937,2.90916,2.78939,2.6754,2.56701,2.46403,2.36302,2.26751,2.17722,2.08936,2.00655,1.92638,1.85095,1.77644,1.70661,1.64108,1.57683,1.51545,1.4569,1.40009,1.34615,1.29495,1.24561,1.19891,1.15405,1.11106,1.0694,1.03019,0.992339,0.956342,0.921744,0.888575,0.856842,0.826537,0.797636,0.769858,0.743225,0.717744,0.693601,0.670202,0.647936,0.62662,0.606252,0.586818,0.577832
0.356512,35.4166,33.8654,32.4476,31.2254,30.2674,29.6501,29.4334,29.6171,30.1253,31.7114,32.6536,33.6301,35.4881,36.255,37.2168,37.0922,36.5022,34.8471,33.2484,32.3403,32.5265,33.4137,34.9059,35.6459,35.9904,35.4511,33.864,32.5694,32.5763,33.4529,34.2201,34.3784,33.3779,32.3433,31.7874,32.3824,32.7588,32.3246,31.2947,31.0285,31.3121,30.9287,30.3006,30.0672,30.0259,29.5476,29.1019,15.9551,15.2782,14.5292,13.8623,13.2611,12.714,12.2133,11.6647,11.1654,10.6363,10.2223,9.77948,9.37441,8.9517,8.56635,8.21356,7.85065,7.51916,7.21518,6.90569,6.62229,6.3369,6.0757,5.81486,5.57609,5.3392,5.12218,4.90795,4.69805,4.50594,4.31818,4.1357,3.96857,3.79767,3.64146,3.49812,3.35284,3.21361,3.08048,2.95848,2.83694,2.72126,2.61126,2.50675,2.40424,2.30732,2.21568,2.12653,2.04248,1.96112,1.88457,1.80896,1.73809,1.67159,1.60639,1.5441,1.48468,1.42702,1.37228,1.32033,1.27025,1.22285,1.17733,1.13371,1.09142,1.05163,1.01322,0.976689,0.941579,0.907917,0.875714,0.844958,0.815629,0.787438,0.76041,0.734551,0.71005,0.686303,0.663707,0.642075,0.621404,0.601682,0.592562
0.374338,35.4267,33.8751,32.4576,31.2361,30.2796,29.665,29.4521,29.6401,30.1522,31.7439,32.6879,33.6655,35.5239,36.2897,37.2474,37.1173,36.5253,34.8695,33.2744,32.3768,32.5767,33.4701,34.9615,35.6981,36.0383,35.493,33.9059,32.6224,32.6503,33.5342,34.297,34.4488,33.4441,32.4154,31.8773,32.4917,32.8622,32.4241,31.4021,31.1618,31.458,31.0716,30.4546,30.253,30.2229,29.7542,29.34,16.2564,15.5529,14.7815,14.0982,13.4838,12.9258,12.4158,11.8574,11.3494,10.8111,10.3902,9.94006,9.52837,9.0988,8.70725,8.34881,7.98011,7.64336,7.33456,7.02018,6.73232,6.44244,6.17713,5.9122,5.66968,5.42908,5.20866,4.99107,4.77788,4.58277,4.39207,4.20674,4.037,3.86342,3.70477,3.55919,3.41163,3.27023,3.13502,3.01112,2.88768,2.77019,2.65847,2.55233,2.44822,2.34978,2.25671,2.16616,2.08081,1.99817,1.92043,1.84364,1.77166,1.70412,1.6379,1.57463,1.51429,1.45573,1.40013,1.34737,1.29651,1.24837,1.20214,1.15783,1.11489,1.07448,1.03547,0.998364,0.962705,0.928518,0.895811,0.864575,0.834787,0.806156,0.778706,0.752443,0.72756,0.703442,0.680493,0.658523,0.637529,0.617499,0.608237
0.393055,35.4368,33.8849,32.4675,31.2468,30.2919,29.6799,29.4707,29.663,30.1792,31.7763,32.7221,33.701,35.5596,36.3243,37.2779,37.1422,36.5483,34.8922,33.3,32.4134,32.6268,33.5264,35.0169,35.7501,36.0859,35.5347,33.9475,32.6752,32.7239,33.6148,34.3732,34.5184,33.5095,32.4866,31.9662,32.5994,32.9637,32.5216,31.5073,31.2922,31.5999,31.2099,30.6031,30.4313,30.4106,29.9491,29.5621,29.3522,15.8628,15.0626,14.3593,13.7292,13.1585,12.6375,12.068,11.5502,11.0019,10.5733,10.1151,9.69605,9.25894,8.86057,8.49594,8.12091,7.7784,7.46434,7.14461,6.85187,6.5571,6.28731,6.01792,5.77132,5.52667,5.30255,5.0813,4.86454,4.66615,4.47226,4.28381,4.11122,3.93474,3.77343,3.62541,3.47538,3.33161,3.19414,3.06816,2.94265,2.8232,2.70961,2.60169,2.49583,2.39575,2.30112,2.20906,2.12227,2.03825,1.95921,1.88113,1.80795,1.73928,1.67195,1.60763,1.54627,1.48674,1.4302,1.37656,1.32485,1.27591,1.2289,1.18385,1.14019,1.0991,1.05943,1.02171,0.985456,0.950696,0.917442,0.885683,0.855397,0.826287,0.798377,0.771675,0.746375,0.721854,0.69852,0.676183,0.654837,0.634472,0.625055
0.412707,35.4469,33.8947,32.4774,31.2575,30.3042,29.6948,29.4895,29.6861,30.2062,31.8089,32.7564,33.7365,35.5953,36.359,37.3085,37.1671,36.5713,34.9146,33.3263,32.45,32.677,33.5826,35.0721,35.8019,36.1333,35.5761,33.989,32.7279,32.7973,33.6948,34.4486,34.5874,33.5743,32.5572,32.0544,32.7056,33.0635,32.6174,31.6106,31.4202,31.7383,31.3443,30.747,30.6033,30.5906,30.1343,29.7713,29.5882,29.2486,15.386,14.6565,14.0071,13.4209,12.8869,12.304,11.7748,11.2152,10.7778,10.3103,9.88305,9.4374,9.03135,8.65975,8.2776,7.92862,7.60866,7.28296,6.98476,6.68451,6.40973,6.13535,5.88419,5.63502,5.40676,5.18144,4.96068,4.75864,4.56118,4.36927,4.1935,4.01378,3.8495,3.69876,3.54598,3.39957,3.25957,3.13127,3.00346,2.88181,2.76614,2.65624,2.54844,2.44652,2.35015,2.2564,2.16802,2.08246,2.00196,1.92245,1.84793,1.778,1.70943,1.64393,1.58144,1.52082,1.46325,1.40862,1.35596,1.30612,1.25825,1.21237,1.16791,1.12607,1.08567,1.04726,1.01034,0.974941,0.941076,0.908735,0.877893,0.848248,0.819826,0.792634,0.76687,0.741898,0.718137,0.695389,0.673652,0.652913,0.643323
0.433343,35.457,33.9044,32.4873,31.2682,30.3164,29.7098,29.5082,29.7091,30.2332,31.8413,32.7906,33.7719,35.631,36.3935,37.3389,37.192,36.5943,34.9369,33.3524,32.4866,32.727,33.6384,35.1269,35.8533,36.1804,35.6173,34.0302,32.7804,32.8702,33.774,34.5232,34.6556,33.6383,32.627,32.1417,32.81,33.1614,32.7113,31.7118,31.5455,31.8731,31.4745,30.8863,30.769,30.7629,30.3104,29.9692,29.8087,29.4812,15.7714,15.0055,14.3306,13.7247,13.1747,12.5756,12.0326,11.459,11.0113,10.5333,10.0964,9.64087,9.22593,8.84628,8.45592,8.09949,7.77276,7.44019,7.13574,6.82922,6.54871,6.26863,6.01225,5.75792,5.52493,5.29495,5.06963,4.86341,4.66187,4.466,4.28661,4.10318,3.93552,3.78167,3.62574,3.47632,3.33343,3.2025,3.07205,2.9479,2.82985,2.71768,2.60766,2.50365,2.4053,2.30962,2.21942,2.1321,2.04995,1.9688,1.89275,1.82137,1.7514,1.68455,1.62078,1.5589,1.50015,1.4444,1.39065,1.33979,1.29093,1.24411,1.19874,1.15603,1.11481,1.0756,1.03792,1.0018,0.967237,0.93423,0.902753,0.872499,0.843493,0.815741,0.789447,0.763962,0.739712,0.716496,0.694312,0.673146,0.663359
0.45501,35.4671,33.9142,32.4972,31.2789,30.3287,29.7248,29.527,29.7322,30.2602,31.8738,32.8248,33.8073,35.6666,36.428,37.3693,37.2168,36.6171,34.9588,33.3784,32.5232,32.7769,33.694,35.1815,35.9045,36.2272,35.6582,34.0711,32.8326,32.9427,33.8524,34.597,34.723,33.7016,32.696,32.2281,32.9129,33.2577,32.8035,31.8112,31.6684,32.0047,31.601,31.0214,30.9294,30.9289,30.479,30.1576,30.0165,29.6983,29.4154,15.4345,14.7232,14.0906,13.5194,12.8996,12.3394,11.7486,11.288,10.7967,10.348,9.88086,9.45524,9.06595,8.66579,8.30054,7.96572,7.62499,7.3131,6.99913,6.71183,6.42499,6.16243,5.90198,5.66338,5.42788,5.19715,4.986,4.77964,4.57908,4.3954,4.20759,4.03592,3.87841,3.71875,3.56576,3.41947,3.28541,3.15186,3.02474,2.90388,2.78904,2.6764,2.5699,2.46921,2.37124,2.2789,2.1895,2.10539,2.02231,1.94444,1.87137,1.79973,1.73128,1.66599,1.60265,1.54249,1.48541,1.43039,1.37831,1.32829,1.28036,1.2339,1.19018,1.14797,1.10783,1.06926,1.03227,0.996885,0.963092,0.930865,0.899891,0.870193,0.84178,0.81486,0.788768,0.76394,0.740171,0.717459,0.695789,0.685768
0.47776,35.4773,33.9239,32.5072,31.2896,30.341,29.7398,29.5458,29.7554,30.2873,31.9063,32.8591,33.8427,35.7022,36.4625,37.3996,37.2415,36.64,34.9812,33.4044,32.5599,32.8269,33.7495,35.2359,35.9555,36.2739,35.6989,34.1119,32.8848,33.0149,33.9303,34.6703,34.7899,33.7643,32.7644,32.3139,33.0145,33.3525,32.8943,31.909,31.7893,32.1335,31.7245,31.1531,31.0852,31.0892,30.641,30.3383,30.2141,29.903,29.6429,29.4328,15.2232,14.5517,13.9509,13.303,12.7198,12.1066,11.6296,11.1213,10.6577,10.1753,9.7363,9.33494,8.92255,8.54658,8.20174,7.85087,7.52979,7.20661,6.91091,6.61572,6.34553,6.07753,5.83207,5.58976,5.35238,5.13513,4.92282,4.71649,4.52753,4.33431,4.15771,3.99566,3.83142,3.67404,3.52355,3.38564,3.24826,3.1175,2.99316,2.87503,2.75916,2.64961,2.54603,2.44526,2.35027,2.2583,2.17178,2.08632,2.00622,1.93106,1.85736,1.78696,1.71979,1.65463,1.59276,1.53404,1.47744,1.42387,1.37241,1.32311,1.27532,1.23035,1.18693,1.14564,1.10596,1.06791,1.03151,0.996751,0.963601,0.931739,0.90119,0.871964,0.844271,0.817432,0.791892,0.767443,0.744079,0.721788,0.711481
0.501648,35.4874,33.9337,32.5171,31.3003,30.3534,29.7548,29.5647,29.7786,30.3145,31.9388,32.8934,33.8782,35.7378,36.497,37.4299,37.2662,36.6629,35.0034,33.4304,32.5966,32.8767,33.8049,35.29,36.0062,36.3203,35.7395,34.1524,32.9367,33.0869,34.0076,34.7428,34.8561,33.8263,32.8322,32.399,33.1147,33.4458,32.9836,32.0052,31.9081,32.2594,31.8448,31.2814,31.2366,31.2443,30.797,30.5117,30.4023,30.0969,29.857,29.6604,15.8759,15.148,14.5058,13.8194,13.2053,12.5624,12.0638,11.5334,11.0505,10.5485,10.0922,9.67528,9.24719,8.85699,8.49931,8.1355,7.80267,7.46775,7.16137,6.85554,6.57565,6.29804,6.0441,5.79312,5.54726,5.32226,5.10239,4.88871,4.69303,4.49294,4.31006,4.14226,3.97219,3.80922,3.65339,3.51059,3.36833,3.23293,3.10419,2.98187,2.86189,2.74846,2.64121,2.53686,2.43851,2.34328,2.2537,2.16521,2.08227,2.00444,1.92814,1.85524,1.7857,1.71822,1.65416,1.59336,1.53475,1.47929,1.42601,1.37496,1.32547,1.27891,1.23395,1.1912,1.15011,1.11072,1.07303,1.03704,1.00272,0.969725,0.938094,0.907832,0.879159,0.851369,0.824925,0.799609,0.775418,0.752338,0.741666
0.526731,35.4975,33.9435,32.5271,31.3111,30.3657,29.7699,29.5836,29.8019,30.3417,31.9714,32.9277,33.9137,35.7734,36.5315,37.4602,37.291,36.6857,35.0258,33.4564,32.6335,32.9266,33.8601,35.344,36.0568,36.3666,35.7799,34.1929,32.9887,33.1586,34.0843,34.8148,34.9217,33.8878,32.8995,32.4835,33.2137,33.5378,33.0715,32.1,32.0252,32.3829,31.9623,31.4067,31.3842,31.3949,30.9478,30.6792,30.5828,30.2818,30.0603,29.8746,29.6213,15.8807,15.1898,14.458,13.8072,13.1287,12.6038,12.0466,11.5401,11.0141,10.5364,10.1003,9.65269,9.24465,8.87099,8.49102,8.14349,7.79386,7.47409,7.15492,6.86285,6.57318,6.3082,6.04634,5.78984,5.5551,5.32573,5.10282,4.89869,4.68997,4.4992,4.32416,4.14676,3.97677,3.81422,3.66527,3.51688,3.37565,3.24137,3.11378,2.98864,2.87032,2.75846,2.64962,2.54703,2.44771,2.35427,2.26197,2.17546,2.09428,2.01469,1.93866,1.86613,1.79575,1.72893,1.66551,1.60438,1.54653,1.49096,1.43771,1.3861,1.33753,1.29064,1.24605,1.20319,1.16211,1.1228,1.08526,1.04946,1.01504,0.982053,0.950489,0.920582,0.891596,0.864015,0.83761,0.812378,0.788304,0.777173
0.553067,35.5076,33.9532,32.537,31.3218,30.3781,29.785,29.6025,29.8251,30.3689,32.004,32.962,33.9491,35.809,36.5659,37.4904,37.3156,36.7084,35.0478,33.4823,32.6702,32.9764,33.915,35.3976,36.107,36.4125,35.82,34.233,33.0404,33.2299,34.1603,34.886,34.9866,33.9486,32.966,32.5672,33.3113,33.6282,33.1579,32.1932,32.1402,32.5037,32.0769,31.5288,31.5277,31.5406,31.0933,30.8406,30.7557,30.4582,30.2535,30.0769,29.8343,29.6826,15.9168,15.1434,14.4583,13.7455,13.1947,12.6106,12.0799,11.5289,11.0287,10.5721,10.1036,9.67647,9.28538,8.88772,8.52403,8.15816,7.82355,7.48958,7.18397,6.88087,6.60329,6.32931,6.06093,5.81533,5.57533,5.34211,5.12852,4.91014,4.71055,4.52741,4.34179,4.16393,3.99386,3.83801,3.68276,3.53499,3.39449,3.261,3.13006,3.00627,2.88923,2.77535,2.66801,2.56409,2.46632,2.36976,2.27924,2.19431,2.11103,2.03147,1.95558,1.88195,1.81203,1.74568,1.68173,1.6212,1.56305,1.50734,1.45334,1.40252,1.35346,1.30681,1.26196,1.21897,1.17785,1.13857,1.10111,1.0651,1.03059,0.997561,0.96627,0.935942,0.907083,0.879456,0.853056,0.827868,0.816221
0.580721,35.5178,33.963,32.547,31.3326,30.3905,29.8002,29.6216,29.8485,30.3963,32.0367,32.9964,33.9846,35.8446,36.6004,37.5207,37.3402,36.7312,35.0701,33.5084,32.7072,33.0262,33.9699,35.4512,36.1572,36.4584,35.86,34.2732,33.0921,33.3011,34.236,34.9568,35.0512,34.0091,33.0321,32.6505,33.4079,33.7176,33.2433,32.2853,32.2538,32.6225,32.1893,31.6487,31.6683,31.6828,31.2349,30.9975,30.9228,30.6281,30.4391,30.27,30.0367,29.8971,29.7149,15.8036,15.0868,14.3427,13.7683,13.1593,12.6061,12.0317,11.5102,11.0342,10.5457,10.1003,9.69243,9.27768,8.89832,8.51666,8.1676,7.8192,7.50038,7.18416,6.89454,6.60869,6.32868,6.07242,5.82201,5.57866,5.3558,5.12793,4.91966,4.72856,4.53488,4.34928,4.17182,4.00919,3.84719,3.69299,3.54638,3.40708,3.27044,3.14127,3.01913,2.9003,2.78829,2.67985,2.57783,2.47706,2.38261,2.29397,2.20708,2.12406,2.04487,1.96803,1.89507,1.82583,1.75909,1.69592,1.63525,1.57711,1.52076,1.46773,1.41654,1.36785,1.32106,1.2762,1.23328,1.19229,1.1532,1.11563,1.07961,1.04515,1.0125,0.98085,0.950735,0.921905,0.894357,0.868072,0.855919
0.609757,35.5279,33.9728,32.5569,31.3433,30.4029,29.8153,29.6406,29.872,30.4236,32.0694,33.0308,34.0201,35.8802,36.6349,37.5509,37.3648,36.7539,35.0922,33.5343,32.7442,33.076,34.0247,35.5046,36.2072,36.504,35.8998,34.3131,33.1437,33.3719,34.311,35.0269,35.1151,34.0689,33.0977,32.7333,33.5033,33.8057,33.3273,32.3761,32.3657,32.7389,32.2993,31.766,31.8056,31.8212,31.3723,31.1497,31.0841,30.7915,30.6173,30.4544,30.2295,30.1006,29.9245,29.7557,15.6866,14.9103,14.3124,13.6791,13.1041,12.5073,11.9656,11.4711,10.9637,10.501,10.0773,9.64646,9.25233,8.85581,8.49314,8.13116,7.7999,7.47134,7.17041,6.87339,6.58242,6.31615,6.05594,5.80307,5.57149,5.3347,5.11827,4.91969,4.71842,4.52555,4.34114,4.17214,4.00378,3.84355,3.69119,3.54643,3.40444,3.2702,3.14328,3.01979,2.90339,2.7907,2.68467,2.57996,2.4818,2.38969,2.29939,2.21312,2.13082,2.05097,1.97515,1.9032,1.83384,1.7682,1.70515,1.64473,1.58617,1.53106,1.47786,1.42726,1.37864,1.33202,1.28742,1.24482,1.2042,1.16516,1.12772,1.09191,1.05798,1.02509,0.993793,0.963833,0.935204,0.907889,0.895259
0.640244,35.5381,33.9826,32.5669,31.3541,30.4153,29.8306,29.6598,29.8954,30.4511,32.1022,33.0653,34.0557,35.9158,36.6693,37.5811,37.3894,36.7767,35.1143,33.5604,32.7811,33.1258,34.0793,35.5578,36.257,36.5495,35.9395,34.3529,33.1952,33.4426,34.3856,35.0966,35.1786,34.1282,33.1629,32.8155,33.5977,33.8927,33.4102,32.4658,32.4762,32.8534,32.4071,31.8811,31.9401,31.9562,31.506,31.2979,31.2403,30.9494,30.7893,30.6315,30.4141,30.2949,30.1239,29.9655,29.8074,29.6434,14.8575,14.1978,13.5998,12.9798,12.4173,11.904,11.3774,10.8974,10.4579,10.011,9.6022,9.19093,8.81479,8.43939,8.09585,7.75512,7.44304,7.13502,6.83327,6.55713,6.28729,6.02505,5.78489,5.53932,5.31488,5.10894,4.90021,4.7002,4.50895,4.3337,4.1591,3.99293,3.83493,3.6848,3.53755,3.39834,3.26672,3.13865,3.01794,2.90107,2.79112,2.68252,2.58073,2.48521,2.39156,2.30209,2.21674,2.13393,2.0553,1.98068,1.90876,1.84068,1.7753,1.71264,1.65191,1.59476,1.53959,1.48712,1.43669,1.38834,1.34209,1.29791,1.25579,1.2153,1.17648,1.13934,1.10415,1.07004,1.03758,1.00651,0.976824,0.948497,0.935399
0.672257,35.5482,33.9924,32.5769,31.365,30.4278,29.8459,29.679,29.9192,30.4786,32.135,33.0998,34.0914,35.9515,36.7038,37.6113,37.414,36.7994,35.1365,33.5865,32.8184,33.1756,34.1339,35.6109,36.3067,36.5949,35.979,34.3926,33.2467,33.5131,34.4597,35.1658,35.2416,34.1871,33.2276,32.8973,33.6911,33.9786,33.4921,32.5544,32.5854,32.9661,32.513,31.9941,32.0719,32.0882,31.6365,31.4426,31.3921,31.1024,30.9557,30.8021,30.5917,30.4813,30.3144,30.1654,30.0134,29.8583,29.73,14.7612,14.1356,13.4885,12.9023,12.368,11.8202,11.3211,10.8643,10.3999,9.97523,9.54807,9.15746,8.76766,8.41099,8.05724,7.73325,7.41348,7.10023,6.81358,6.53346,6.26124,6.01194,5.75704,5.52407,5.3103,5.09364,4.88602,4.68751,4.50559,4.32437,4.15188,3.98787,3.83205,3.67921,3.5347,3.39808,3.26515,3.13986,3.01855,2.90442,2.7917,2.68605,2.5869,2.48969,2.39682,2.30823,2.22228,2.14067,2.06321,1.98855,1.9179,1.85003,1.78499,1.72195,1.66264,1.60537,1.55091,1.49856,1.44838,1.40037,1.35452,1.31079,1.26876,1.22847,1.18992,1.15339,1.11799,1.0843,1.05205,1.02124,0.991833,0.978237
0.70587,35.5584,34.0022,32.587,31.3758,30.4403,29.8612,29.6983,29.9429,30.5063,32.1679,33.1344,34.1271,35.9873,36.7384,37.6416,37.4386,36.8222,35.1589,33.6126,32.8557,33.2255,34.1884,35.6639,36.3562,36.6401,36.0185,34.4322,33.2982,33.5834,34.5334,35.2346,35.3041,34.2456,33.2919,32.9787,33.7835,34.0636,33.573,32.6421,32.6933,33.0769,32.6169,32.1053,32.2013,32.2173,31.7639,31.5838,31.5396,31.2509,31.1171,30.9669,30.763,30.6606,30.4973,30.357,30.21,30.0629,29.9397,29.8129,29.6918,14.1022,13.4847,12.9232,12.3485,11.8256,11.3474,10.8615,10.4175,9.97102,9.56294,9.15584,8.7834,8.41407,8.07584,7.74205,7.41509,7.1159,6.82355,6.53944,6.27928,6.01327,5.77015,5.54707,5.32099,5.10434,4.8972,4.70738,4.51827,4.33829,4.16716,4.00457,3.84509,3.69431,3.55176,3.41306,3.28232,3.15574,3.03667,2.91905,2.80881,2.70535,2.60393,2.50703,2.4146,2.32492,2.23976,2.15894,2.08105,2.00732,1.93651,1.86865,1.80288,1.74098,1.68123,1.6244,1.56979,1.51743,1.46733,1.41949,1.37387,1.33002,1.28797,1.24775,1.20964,1.1727,1.13755,1.1039,1.07175,1.04107,1.02688
0.741163,35.5686,34.012,32.597,31.3867,30.4529,29.8766,29.7177,29.9667,30.534,32.2009,33.1691,34.1629,36.023,36.7729,37.6718,37.4632,36.8449,35.1809,33.6389,32.8931,33.2754,34.2428,35.7167,36.4056,36.6853,36.0578,34.4716,33.3496,33.6536,34.6067,35.3028,35.3662,34.3037,33.3558,33.0597,33.875,34.1475,33.6529,32.7288,32.7999,33.1861,32.719,32.2146,32.3284,32.3436,31.8884,31.722,31.6832,31.3953,31.274,31.1264,30.9286,30.8336,30.6733,30.541,30.3984,30.2587,30.1399,30.0192,29.903,29.7848,29.6747,13.6952,13.0798,12.5216,12.0121,11.4954,11.0236,10.5499,10.1172,9.68583,9.29138,8.9003,8.54228,8.18901,7.84304,7.52648,7.21719,6.91666,6.64147,6.36011,6.10298,5.86706,5.62797,5.39887,5.17981,4.97909,4.77913,4.58881,4.40786,4.23594,4.06731,3.90789,3.75716,3.61051,3.47227,3.33844,3.21254,3.08818,2.97163,2.86225,2.75501,2.65256,2.55483,2.46001,2.36997,2.28453,2.20217,2.12422,2.04935,1.9776,1.90806,1.84262,1.77945,1.71937,1.66162,1.60626,1.5533,1.50272,1.45448,1.40812,1.36366,1.32114,1.28084,1.24179,1.20462,1.16905,1.13505,1.10261,1.08762
0.778221,35.5789,34.0219,32.6071,31.3976,30.4655,29.8921,29.7372,29.9905,30.5619,32.2341,33.2039,34.1988,36.0589,36.8076,37.7021,37.4878,36.8677,35.2032,33.6651,32.9307,33.3254,34.2973,35.7695,36.455,36.7303,36.097,34.511,33.4012,33.7237,34.6797,35.3708,35.4281,34.3614,33.4195,33.1404,33.9658,34.2306,33.732,32.8147,32.9056,33.2938,32.8196,32.3225,32.4535,32.4676,32.0104,31.8575,31.8235,31.5361,31.4269,31.2814,31.0895,31.0012,30.8434,30.7188,30.58,30.4471,30.3321,30.2169,30.1051,29.9921,29.8866,29.7899,29.6905,13.5132,12.9597,12.3992,11.8881,11.3755,10.9075,10.4414,10.0154,9.59332,9.20692,8.8257,8.45239,8.11087,7.77721,7.45302,7.15619,6.85272,6.57539,6.32096,6.0631,5.81603,5.5798,5.36334,5.14771,4.94248,4.74735,4.56196,4.38013,4.20822,4.04569,3.88755,3.73849,3.59419,3.45843,3.32433,3.19865,3.08071,2.96508,2.85461,2.74923,2.64699,2.5499,2.45777,2.36896,2.28491,2.20418,2.12682,2.05184,1.98128,1.91316,1.84837,1.78611,1.72642,1.66931,1.61477,1.56275,1.51276,1.46483,1.41898,1.37553,1.33342,1.29335,1.25498,1.21833,1.18335,1.16718
0.817132,35.5891,34.0318,32.6172,31.4085,30.4782,29.9076,29.7568,30.0147,30.5899,32.2673,33.2386,34.2347,36.0948,36.8423,37.7324,37.5125,36.8904,35.2254,33.6914,32.9683,33.3754,34.3516,35.8222,36.5043,36.7753,36.1362,34.5503,33.4527,33.7936,34.7524,35.4383,35.4895,34.4188,33.4828,33.2208,34.0558,34.3128,33.8101,32.8998,33.0101,33.3999,32.9186,32.4287,32.5765,32.5892,32.1299,31.9904,31.9605,31.6735,31.576,31.432,31.2457,31.1638,31.0081,30.8907,30.7551,30.6285,30.5169,30.4068,30.2989,30.1905,30.0893,29.9963,29.9009,29.8132,29.7325,29.6503,12.8361,12.2814,11.7754,11.2716,10.8113,10.3552,9.93782,9.52606,9.12284,8.75396,8.39358,8.04344,7.72284,7.39508,7.09554,6.82074,6.54224,6.27539,6.02025,5.78646,5.55356,5.33191,5.12116,4.92093,4.72453,4.53886,4.36332,4.19252,4.03153,3.87567,3.72904,3.58422,3.44847,3.32108,3.1962,3.07688,2.96307,2.85264,2.74778,2.64827,2.55235,2.46158,2.37438,2.29083,2.20984,2.13363,2.06006,1.99009,1.92284,1.85837,1.79669,1.73778,1.6816,1.62761,1.57584,1.52631,1.47939,1.4339,1.39062,1.34919,1.3096,1.27183,1.25436
0.857989,35.5994,34.0418,32.6274,31.4195,30.4909,29.9233,29.7765,30.0389,30.6179,32.3006,33.2728,34.2708,36.1309,36.877,37.7627,37.5372,36.9132,35.2478,33.7176,33.0062,33.4256,34.4061,35.875,36.5535,36.8203,36.1753,34.5895,33.5044,33.8635,34.8247,35.5056,35.5507,34.4759,33.546,33.301,34.1451,34.3945,33.8876,32.9843,33.1137,33.5048,33.0164,32.5337,32.6979,32.7088,32.2474,32.1211,32.0948,31.8078,31.722,31.5788,31.3981,31.322,31.1681,31.0576,30.9248,30.8041,30.6955,30.5902,30.4859,30.3817,30.2842,30.1947,30.1029,30.0186,29.941,29.8619,29.7893,29.7161,29.649,12.3436,11.8364,11.3347,10.8761,10.4239,9.98142,9.57676,9.18137,8.79748,8.44604,8.08665,7.7584,7.45728,7.15214,6.8598,6.5803,6.32422,6.06911,5.82633,5.5954,5.3761,5.16101,4.95767,4.76542,4.57838,4.40207,4.23139,4.07082,3.91222,3.76357,3.62407,3.48731,3.35665,3.23202,3.1111,2.99627,2.88731,2.78227,2.68287,2.58739,2.49589,2.40721,2.32376,2.24319,2.16657,2.09293,2.02233,1.95479,1.89029,1.82877,1.76965,1.71296,1.65873,1.60734,1.55754,1.51015,1.46478,1.42142,1.38006,1.36093
0.899898,35.6096,34.0516,32.6374,31.4304,30.5034,29.9387,29.7959,30.0629,30.6459,32.3334,33.3058,34.3054,36.1659,36.9108,37.7922,37.5611,36.9353,35.2699,33.7433,33.0431,33.4748,34.4594,35.9264,36.6015,36.864,36.2133,34.628,33.5549,33.932,34.8955,35.5712,35.6099,34.5312,33.6073,33.3794,34.232,34.4733,33.9623,33.0662,33.2146,33.6064,33.1103,32.6351,32.8154,32.8239,32.3603,32.2472,32.2234,31.9366,31.8621,31.7192,31.5438,31.4731,31.3205,31.2165,31.0861,30.971,30.865,30.764,30.6628,30.5624,30.4684,30.382,30.2935,30.2121,30.1373,30.061,29.9911,29.9205,29.8558,29.7912,29.7319,29.6731,29.6191,29.5659,29.5136,10.9749,10.5197,10.0776,9.67311,9.25953,8.88183,8.53542,8.18441,7.84814,7.52668,7.23216,6.9388,6.65962,6.3942,6.14204,5.89473,5.66093,5.43989,5.22485,5.02215,4.82592,4.64131,4.45898,4.28808,4.12771,3.97049,3.82028,3.677,3.53799,3.40598,3.28071,3.15997,3.04569,2.93593,2.83074,2.72879,2.63286,2.54024,2.45216,2.3675,2.28634,2.2087,2.13454,2.06383,1.99586,1.93069,1.86835,1.80927,1.75202,1.69754,1.64538,1.59554,1.54799,1.526
0.903995,35.6105,34.0525,32.6383,31.4314,30.5046,29.9401,29.7978,30.0651,30.6485,32.3365,33.309,34.3087,36.1693,36.914,37.795,37.5634,36.9374,35.272,33.7457,33.0466,33.4795,34.4644,35.9313,36.606,36.8681,36.2169,34.6316,33.5597,33.9384,34.9021,35.5773,35.6155,34.5364,33.6131,33.3867,34.2401,34.4807,33.9693,33.0738,33.224,33.6159,33.119,32.6446,32.8263,32.8346,32.3708,32.2589,32.2354,31.9486,31.875,31.7322,31.5573,31.487,31.3346,31.2312,31.101,30.9864,30.8806,30.7801,30.6792,30.5791,30.4854,30.3992,30.3111,30.23,30.1554,30.0793,30.0096,29.9393,29.8748,29.8104,29.7513,29.6927,29.6389,29.5858,29.5338,11.1363,10.6741,10.2251,9.81432,9.39457,9.01112,8.65943,8.30294,7.96159,7.63528,7.33631,7.03853,6.75514,6.48573,6.22978,5.97875,5.74144,5.51709,5.29881,5.09307,4.8939,4.70652,4.52145,4.34799,4.18521,4.02563,3.87317,3.72774,3.58664,3.45266,3.32552,3.20296,3.08697,2.97556,2.8688,2.76532,2.66795,2.57394,2.48454,2.39862,2.31624,2.23743,2.16217,2.09039,2.02141,1.95526,1.89198,1.83202,1.77391,1.71861,1.66568,1.61509,1.56683,1.54451
0.907932,35.6115,34.0534,32.6392,31.4324,30.5057,29.9416,29.7995,30.0673,30.6511,32.3395,33.3122,34.3119,36.1725,36.9172,37.7977,37.5656,36.9395,35.274,33.7481,33.05,33.4838,34.4692,35.936,36.6105,36.8721,36.2204,34.635,33.5643,33.9447,34.9085,35.5833,35.6209,34.5415,33.6187,33.3939,34.248,34.4879,33.9762,33.0813,33.2332,33.6251,33.1276,32.6539,32.8369,32.845,32.3811,32.2703,32.247,31.9603,31.8877,31.7449,31.5704,31.5007,31.3484,31.2456,31.1156,31.0014,30.8959,30.7957,30.6951,30.5954,30.502,30.416,30.3282,30.2474,30.173,30.0972,30.0277,29.9576,29.8934,29.8291,29.7703,29.7118,29.6582,29.6053,29.5534,29.5059,10.8393,10.3831,9.96553,9.539,9.14937,8.79186,8.42979,8.08297,7.75144,7.44771,7.14517,6.85728,6.58358,6.32356,6.06855,5.82737,5.59946,5.37772,5.16873,4.9664,4.77606,4.58806,4.41185,4.2465,4.0844,3.92953,3.7818,3.63847,3.50237,3.37322,3.24872,3.1309,3.01773,2.90928,2.80417,2.70525,2.60976,2.51895,2.43167,2.34799,2.26794,2.19148,2.11857,2.0485,1.98131,1.91703,1.85612,1.79709,1.74092,1.68714,1.63576,1.58673,1.56406
0.911716,35.6123,34.0542,32.6401,31.4333,30.5068,29.9429,29.8012,30.0694,30.6535,32.3424,33.3152,34.3156,36.1755,36.9201,37.8003,37.5677,36.9414,35.2759,33.7504,33.0532,33.4879,34.4738,35.9404,36.6146,36.8759,36.2237,34.6385,33.5687,33.9506,34.9146,35.5889,35.626,34.5463,33.6241,33.4007,34.2555,34.4946,33.9826,33.0884,33.2418,33.6337,33.1357,32.6626,32.8469,32.8548,32.3907,32.2811,32.258,31.9713,31.8996,31.7568,31.5828,31.5135,31.3614,31.2591,31.1292,31.0155,30.9102,30.8104,30.71,30.6106,30.5175,30.4318,30.3442,30.2637,30.1895,30.114,30.0447,29.9748,29.9108,29.8467,29.788,29.7298,29.6764,29.6236,29.5719,29.5245,11.0138,10.5496,10.1251,9.69116,9.29496,8.93158,8.56332,8.21072,7.87368,7.5649,7.25735,6.96469,6.68635,6.42204,6.16282,5.91776,5.68609,5.46071,5.24827,5.04261,4.84914,4.65805,4.47895,4.31088,4.14611,3.9887,3.83854,3.69286,3.55452,3.42325,3.29671,3.17695,3.06192,2.95169,2.84485,2.74432,2.64726,2.55495,2.46624,2.38119,2.29982,2.22211,2.148,2.07678,2.00848,1.94315,1.88124,1.82124,1.76415,1.70949,1.65726,1.60743,1.58439
0.915352,35.6132,34.0551,32.6409,31.4342,30.5079,29.9442,29.8028,30.0714,30.6558,32.3451,33.3181,34.3179,36.1785,36.9229,37.8028,37.5697,36.9433,35.2777,33.7525,33.0563,33.492,34.4782,35.9447,36.6186,36.8795,36.2269,34.6415,33.5729,33.9562,34.9204,35.5943,35.6309,34.5509,33.6292,33.4071,34.2626,34.5011,33.9888,33.0952,33.2501,33.6421,33.1434,32.6709,32.8565,32.8642,32.4,32.2914,32.2685,31.9818,31.911,31.7682,31.5947,31.5258,31.3738,31.272,31.1423,31.0291,30.924,30.8245,30.7244,30.6252,30.5324,30.447,30.3596,30.2793,30.2053,30.13,30.061,29.9913,29.9274,29.8636,29.805,29.747,29.6937,29.6411,29.5895,29.5423,29.4961,10.7313,10.299,9.85709,9.45369,9.08376,8.70884,8.34991,8.00683,7.69253,7.37949,7.0815,6.79831,6.52932,6.2655,6.0161,5.78034,5.55096,5.33477,5.12547,4.92858,4.73412,4.55185,4.38081,4.21314,4.05294,3.90014,3.75188,3.61111,3.47752,3.34874,3.22688,3.10982,2.99765,2.88892,2.78661,2.68784,2.59391,2.50363,2.41708,2.33428,2.2552,2.17979,2.1073,2.03781,1.97132,1.90832,1.84726,1.78917,1.73355,1.6804,1.62969,1.60624
0.918845,35.614,34.0558,32.6417,31.4351,30.5089,29.9454,29.8044,30.0733,30.658,32.3477,33.3208,34.3214,36.1813,36.9256,37.8051,37.5717,36.9451,35.2795,33.7546,33.0593,33.4959,34.4824,35.9488,36.6224,36.883,36.2299,34.6447,33.577,33.9616,34.926,35.5995,35.6357,34.5553,33.6341,33.4133,34.2694,34.5074,33.9948,33.1017,33.258,33.65,33.1509,32.6789,32.8657,32.8732,32.4089,32.3013,32.2786,31.9919,31.922,31.7792,31.6061,31.5375,31.3856,31.2843,31.1549,31.042,30.9371,30.838,30.7381,30.6392,30.5467,30.4615,30.3744,30.2942,30.2205,30.1454,30.0765,30.007,29.9433,29.8797,29.8213,29.7634,29.7103,29.6578,29.6064,29.5593,29.5133,29.4685,10.4879,10.0373,9.62612,9.24904,8.86694,8.50111,8.15144,7.83114,7.51213,7.20857,6.9199,6.64579,6.37697,6.12285,5.88262,5.6489,5.42861,5.21536,5.01474,4.8166,4.6309,4.45663,4.28578,4.12257,3.96688,3.81582,3.67239,3.53628,3.40508,3.28091,3.16164,3.04735,2.93658,2.83234,2.73171,2.636,2.54402,2.45584,2.37147,2.2909,2.21407,2.14021,2.06941,2.00167,1.93748,1.87527,1.81608,1.75941,1.70526,1.65359,1.6297
0.9222,35.6148,34.0566,32.6425,31.4359,30.5098,29.9466,29.8059,30.0751,30.6601,32.3503,33.3235,34.3238,36.184,36.9282,37.8074,37.5735,36.9468,35.2811,33.7566,33.0622,33.4997,34.4865,35.9527,36.6261,36.8864,36.2328,34.6476,33.5808,33.9668,34.9314,35.6045,35.6402,34.5595,33.6388,33.4193,34.276,34.5134,34.0005,33.1079,33.2657,33.6577,33.158,32.6866,32.8746,32.8819,32.4174,32.3108,32.2882,32.0016,31.9325,31.7897,31.617,31.5488,31.397,31.2962,31.1669,31.0545,30.9497,30.8509,30.7512,30.6527,30.5603,30.4753,30.3885,30.3086,30.235,30.1601,30.0914,30.0221,29.9586,29.8951,29.8369,29.7791,29.7262,29.6739,29.6226,29.5756,29.5297,29.485,10.6872,10.2278,9.8083,9.42352,9.03393,8.66083,8.30424,7.97759,7.65224,7.3427,7.04844,6.76892,6.4948,6.23568,5.99072,5.7524,5.52779,5.31034,5.10578,4.90375,4.7144,4.53671,4.36251,4.19609,4.0373,3.88329,3.73704,3.59826,3.46448,3.33788,3.21628,3.09975,2.9868,2.88052,2.77791,2.68033,2.58655,2.49664,2.41062,2.32847,2.25012,2.17483,2.10263,2.03356,1.96812,1.90469,1.84434,1.78656,1.73134,1.67866,1.65431
0.925422,35.6155,34.0573,32.6432,31.4367,30.5108,29.9478,29.8073,30.0769,30.6622,32.3527,33.326,34.3262,36.1865,36.9307,37.8096,37.5753,36.9485,35.2828,33.7585,33.0649,33.5033,34.4904,35.9565,36.6296,36.8896,36.2356,34.6505,33.5846,33.9719,34.9365,35.6093,35.6445,34.5636,33.6433,33.425,34.2823,34.5191,34.0059,33.1139,33.273,33.665,33.1648,32.694,32.883,32.8902,32.4255,32.3198,32.2975,32.0109,31.9425,31.7998,31.6274,31.5596,31.4079,31.3076,31.1784,31.0664,30.9618,30.8633,30.7638,30.6655,30.5734,30.4886,30.402,30.3223,30.2489,30.1742,30.1057,30.0366,29.9732,29.9099,29.8518,29.7942,29.7414,29.6892,29.6381,29.5912,29.5454,29.5009,29.4601,10.4205,9.99271,9.60048,9.20323,8.82263,8.45904,8.12598,7.79428,7.47868,7.17867,6.89369,6.6142,6.35001,6.10026,5.85728,5.62829,5.4066,5.19804,4.99206,4.79901,4.61785,4.44025,4.27058,4.10873,3.9517,3.8026,3.6611,3.52472,3.39564,3.27166,3.15286,3.0377,2.92934,2.82473,2.72525,2.62963,2.53796,2.45027,2.36651,2.28664,2.20987,2.13627,2.06585,1.99913,1.93446,1.87292,1.81402,1.75772,1.70402,1.67918
0.928516,35.6162,34.058,32.6439,31.4375,30.5116,29.9488,29.8087,30.0785,30.6641,32.355,33.3284,34.3288,36.189,36.9331,37.8116,37.577,36.9499,35.2843,33.7603,33.0675,33.5067,34.4941,35.96,36.6329,36.8926,36.2383,34.653,33.5881,33.9765,34.9413,35.6137,35.6486,34.5674,33.6475,33.4304,34.2882,34.5245,34.0111,33.1195,33.2798,33.6719,33.1712,32.7009,32.891,32.898,32.4332,32.3284,32.3061,32.0195,31.9519,31.8092,31.6372,31.5697,31.4181,31.3182,31.1892,31.0775,30.9731,30.8749,30.7756,30.6775,30.5857,30.501,30.4146,30.3351,30.2619,30.1874,30.119,30.0501,29.9869,29.9237,29.8658,29.8083,29.7556,29.7036,29.6525,29.6058,29.5601,29.5157,29.475,29.4333,10.1701,9.77066,9.36604,8.97853,8.6082,8.26898,7.93121,7.60963,7.30408,7.01383,6.72918,6.46011,6.20574,5.95828,5.72505,5.49927,5.28687,5.07709,4.88047,4.69597,4.51509,4.34229,4.17745,4.01753,3.86568,3.72157,3.58267,3.45121,3.32495,3.20395,3.08667,2.97631,2.86977,2.76845,2.67107,2.57771,2.4884,2.4031,2.32175,2.24357,2.16861,2.09689,2.02894,1.96307,1.90041,1.84041,1.78308,1.72838,1.70309
0.931486,35.6169,34.0587,32.6446,31.4382,30.5125,29.9499,29.81,30.0801,30.6659,32.3572,33.3309,34.331,36.1914,36.9354,37.8137,37.5786,36.9515,35.2858,33.7621,33.07,33.51,34.4977,35.9635,36.6362,36.8956,36.2409,34.6556,33.5915,33.9812,34.9461,35.6182,35.6526,34.5712,33.6517,33.4357,34.2941,34.5298,34.0161,33.125,33.2866,33.6787,33.1775,32.7077,32.8988,32.9056,32.4407,32.3367,32.3147,32.0281,31.9612,31.8185,31.6468,31.5797,31.4282,31.3286,31.1998,31.0884,30.9842,30.8862,30.7872,30.6893,30.5977,30.5133,30.427,30.3477,30.2747,30.2004,30.1322,30.0634,30.0003,29.9373,29.8795,29.8222,29.7696,29.7177,29.6667,29.6201,29.5745,29.5302,29.4896,29.4481,10.3512,9.94409,9.53196,9.13735,8.76002,8.41451,8.07044,7.74304,7.43183,7.13621,6.8463,6.57225,6.31319,6.06121,5.82366,5.59371,5.37738,5.16363,4.96339,4.77548,4.59126,4.41527,4.2474,4.08453,3.92987,3.78311,3.64164,3.50776,3.37916,3.25593,3.13649,3.02409,2.91559,2.8124,2.71322,2.61814,2.52717,2.4403,2.35745,2.27782,2.20148,2.12844,2.05923,1.99216,1.92833,1.86723,1.80884,1.75314,1.72738
0.934337,35.6176,34.0593,32.6452,31.4389,30.5133,29.9509,29.8112,30.0817,30.6678,32.3593,33.3331,34.3335,36.1936,36.9376,37.8156,37.5802,36.9529,35.2872,33.7638,33.0724,33.5131,34.501,35.9668,36.6392,36.8983,36.2433,34.6581,33.5947,33.9855,34.9505,35.6223,35.6564,34.5747,33.6556,33.4406,34.2995,34.5348,34.0208,33.1302,33.2929,33.685,33.1834,32.7141,32.9061,32.9128,32.4478,32.3446,32.3226,32.0361,31.9698,31.8271,31.6558,31.589,31.4376,31.3384,31.2097,31.0987,30.9946,30.8969,30.798,30.7004,30.6089,30.5247,30.4386,30.3595,30.2866,30.2124,30.1444,30.0757,30.0128,29.9499,29.8923,29.8351,29.7826,29.7308,29.68,29.6335,29.588,29.5438,29.5033,29.4618,29.4239,10.1166,9.69677,9.29493,8.91086,8.55908,8.20865,7.87534,7.55851,7.25755,6.96241,6.68342,6.41969,6.16313,5.92128,5.68716,5.46694,5.24942,5.04559,4.8543,4.66677,4.48762,4.31672,4.15092,3.99348,3.84407,3.70006,3.56377,3.43286,3.30742,3.18583,3.07141,2.96095,2.85591,2.75495,2.65815,2.56555,2.47712,2.39278,2.31172,2.234,2.15965,2.0892,2.02092,1.95594,1.89374,1.83431,1.7776,1.75137
0.937074,35.6182,34.0599,32.6459,31.4396,30.5141,29.9518,29.8124,30.0831,30.6695,32.3613,33.3352,34.3354,36.1958,36.9396,37.8174,37.5816,36.9543,35.2885,33.7654,33.0747,33.5161,34.5043,35.9699,36.6421,36.901,36.2456,34.6604,33.5978,33.9896,34.9548,35.6263,35.66,34.578,33.6593,33.4454,34.3047,34.5395,34.0253,33.1351,33.2989,33.6911,33.1891,32.7202,32.9131,32.9196,32.4545,32.3521,32.3303,32.0437,31.9782,31.8354,31.6644,31.5979,31.4466,31.3478,31.2192,31.1085,31.0045,30.907,30.8083,30.7109,30.6197,30.5356,30.4498,30.3708,30.2981,30.224,30.1561,30.0876,30.0248,29.9621,29.9046,29.8475,29.7951,29.7434,29.6927,29.6463,29.6009,29.5568,29.5164,29.475,29.4372,29.4025,9.87101,9.46134,9.07,8.71152,8.35457,8.01488,7.69209,7.38554,7.08486,6.80053,6.53186,6.27049,6.02414,5.78567,5.56133,5.33977,5.13212,4.93726,4.74623,4.56373,4.38965,4.22075,4.06038,3.90819,3.76149,3.62266,3.48927,3.36148,3.23763,3.12108,3.00857,2.90157,2.79873,2.70013,2.60581,2.51573,2.42982,2.34725,2.26809,2.19235,2.12059,2.05103,1.98485,1.92149,1.86095,1.80318,1.77647
0.9397,35.6188,34.0605,32.6464,31.4402,30.5148,29.9527,29.8135,30.0845,30.6711,32.3632,33.3373,34.3382,36.1978,36.9416,37.8191,37.5831,36.9556,35.2898,33.7669,33.0769,33.519,34.5074,35.9729,36.645,36.9036,36.2478,34.6627,33.6008,33.9936,34.9589,35.6301,35.6634,34.5813,33.6629,33.4499,34.3097,34.5441,34.0297,33.1399,33.3047,33.6969,33.1945,32.726,32.9198,32.9262,32.461,32.3593,32.3376,32.0511,31.9861,31.8434,31.6727,31.6065,31.4552,31.3568,31.2283,31.1178,31.0141,30.9168,30.8182,30.7211,30.63,30.5461,30.4604,30.3816,30.309,30.2351,30.1674,30.099,30.0363,29.9737,29.9163,29.8593,29.8071,29.7555,29.7049,29.6586,29.6133,29.5692,29.5289,29.4876,29.4499,29.4153,10.0627,9.64451,9.24494,8.87916,8.51479,8.16825,7.83877,7.52593,7.21911,6.92911,6.655,6.38834,6.13701,5.89372,5.66486,5.43879,5.22695,5.02816,4.83328,4.64711,4.46953,4.29723,4.13363,3.97838,3.8287,3.68708,3.55104,3.42069,3.29434,3.17545,3.06067,2.95152,2.84661,2.74604,2.64981,2.55792,2.47029,2.38606,2.3053,2.22804,2.15484,2.08389,2.01637,1.95174,1.88998,1.83105,1.80381
0.942221,35.6193,34.0609,32.647,31.4408,30.5155,29.9536,29.8147,30.0859,30.6727,32.3651,33.3392,34.3397,36.1998,36.9435,37.8208,37.5844,36.9568,35.291,33.7684,33.079,33.5218,34.5104,35.9758,36.6477,36.906,36.25,34.6648,33.6033,33.9975,34.9628,35.6337,35.6668,34.5844,33.6663,33.4543,34.3145,34.5485,34.0339,33.1445,33.3103,33.7025,33.1997,32.7316,32.9262,32.9325,32.4672,32.3662,32.3446,32.0581,31.9938,31.851,31.6806,31.6147,31.4635,31.3654,31.237,31.1269,31.0232,30.9262,30.8278,30.7308,30.6399,30.5561,30.4706,30.3919,30.3195,30.2458,30.1781,30.1099,30.0474,29.9848,29.9276,29.8707,29.8186,29.767,29.7166,29.6703,29.6251,29.5812,29.5409,29.4997,29.4621,29.4275,29.3925,9.85163,9.44287,9.06857,8.69596,8.34143,8.00457,7.68458,7.37086,7.07436,6.79408,6.52143,6.26436,6.01562,5.78163,5.55052,5.33394,5.1307,4.93147,4.74114,4.55958,4.38344,4.21619,4.05747,3.90448,3.75969,3.62063,3.48737,3.3582,3.23666,3.11932,3.00773,2.90048,2.79766,2.69929,2.60535,2.51576,2.42966,2.3471,2.26811,2.19328,2.12074,2.05172,1.98565,1.92251,1.86227,1.83442
0.944638,35.6199,34.0615,32.6475,31.4414,30.5162,29.9544,29.8157,30.0872,30.6742,32.3669,33.3411,34.3416,36.2017,36.9454,37.8224,37.5857,36.958,35.292,33.7698,33.081,33.5244,34.5132,35.9786,36.6502,36.9084,36.2521,34.6669,33.6061,34.0011,34.9666,35.6372,35.6699,34.5874,33.6696,33.4585,34.3192,34.5527,34.0379,33.1488,33.3157,33.7078,33.2047,32.737,32.9324,32.9386,32.4731,32.3728,32.3514,32.0649,32.0011,31.8584,31.6883,31.6225,31.4714,31.3736,31.2454,31.1355,31.032,30.9352,30.8369,30.7401,30.6494,30.5657,30.4804,30.4019,30.3296,30.256,30.1885,30.1204,30.0579,29.9955,29.9384,29.8816,29.8295,29.7781,29.7277,29.6816,29.6365,29.5926,29.5524,29.5113,29.4737,29.4392,29.4042,29.3707,9.66202,9.27839,8.89665,8.53337,8.18825,7.86047,7.53908,7.23525,6.94813,6.66876,6.40557,6.15077,5.91109,5.67438,5.45253,5.24436,5.04022,4.84527,4.65932,4.47893,4.30762,4.14505,3.98836,3.84006,3.69762,3.56113,3.42884,3.30435,3.18417,3.06987,2.96003,2.85471,2.75396,2.65774,2.56599,2.47779,2.39323,2.31233,2.23568,2.16139,2.0907,2.02303,1.95836,1.89666,1.86813
0.946958,35.6204,34.062,32.6481,31.442,30.5168,29.9552,29.8167,30.0884,30.6756,32.3686,33.3429,34.3434,36.2035,36.9472,37.824,37.587,36.9592,35.2934,33.7711,33.083,33.527,34.516,35.9812,36.6527,36.9107,36.254,34.6689,33.6087,34.0047,34.9702,35.6406,35.673,34.5902,33.6728,33.4626,34.3236,34.5567,34.0417,33.1531,33.3208,33.713,33.2095,32.7422,32.9384,32.9444,32.4789,32.3792,32.3579,32.0714,32.0081,31.8654,31.6956,31.6301,31.479,31.3815,31.2534,31.1438,31.0404,30.9438,30.8457,30.749,30.6585,30.575,30.4898,30.4114,30.3392,30.2658,30.1984,30.1304,30.0681,30.0058,29.9487,29.892,29.8401,29.7888,29.7385,29.6924,29.6474,29.6036,29.5635,29.5224,29.4849,29.4505,29.4156,29.3821,9.88986,9.49665,9.10532,8.73319,8.37945,8.04351,7.71407,7.40277,7.10858,6.82235,6.55261,6.29148,6.04586,5.80331,5.57598,5.36267,5.15354,4.95381,4.76326,4.5784,4.40286,4.23628,4.07571,3.9237,3.77775,3.63789,3.50234,3.37478,3.25163,3.13452,3.02196,2.91405,2.81082,2.71222,2.6182,2.52783,2.44119,2.3583,2.27976,2.20363,2.1312,2.06186,1.99559,1.93237,1.90314
0.949183,35.6209,34.0625,32.6486,31.4425,30.5174,29.956,29.8177,30.0896,30.6769,32.3702,33.3445,34.3451,36.2052,36.9488,37.8254,37.5882,36.9604,35.2942,33.7724,33.0848,33.5294,34.5185,35.9837,36.655,36.9128,36.2559,34.6708,33.6114,34.0079,34.9736,35.6437,35.6759,34.5929,33.6758,33.4663,34.3277,34.5605,34.0453,33.157,33.3256,33.7178,33.2139,32.747,32.9439,32.9498,32.4842,32.3851,32.3639,32.0774,32.0146,31.8719,31.7023,31.6371,31.4861,31.3889,31.2608,31.1515,31.0482,30.9518,30.8538,30.7573,30.6669,30.5835,30.4985,30.4202,30.3482,30.2748,30.2075,30.1397,30.0775,30.0153,29.9583,29.9017,29.8499,29.7986,29.7484,29.7024,29.6574,29.6137,29.5737,29.5327,29.4953,29.4609,29.426,29.3926,29.3607,9.70901,9.3084,8.92742,8.56532,8.22146,7.88434,7.56572,7.26459,6.97168,6.69557,6.42834,6.17698,5.9287,5.69604,5.47774,5.26373,5.05928,4.86421,4.67501,4.49536,4.32488,4.16056,4.00508,3.8557,3.71257,3.57383,3.44328,3.31725,3.19739,3.0822,2.97176,2.86611,2.7652,2.66898,2.57649,2.48782,2.40298,2.3226,2.2447,2.17056,2.09959,2.03178,1.96708,1.93716
0.951317,35.6214,34.0629,32.649,31.443,30.5181,29.9567,29.8186,30.0908,30.6783,32.3718,33.3462,34.3468,36.2069,36.9504,37.8268,37.5893,36.9614,35.2955,33.7736,33.0866,33.5317,34.5211,35.9862,36.6573,36.9149,36.2577,34.6726,33.6139,34.0112,34.977,35.6468,35.6787,34.5955,33.6787,33.47,34.3318,34.5642,34.0488,33.1609,33.3303,33.7225,33.2184,32.7518,32.9494,32.9552,32.4894,32.391,32.3698,32.0834,32.0211,31.8784,31.7091,31.644,31.4931,31.3962,31.2682,31.1591,31.0559,30.9597,30.8619,30.7655,30.6753,30.592,30.5071,30.429,30.3571,30.2838,30.2167,30.1489,30.0868,30.0247,29.9678,29.9113,29.8596,29.8084,29.7583,29.7124,29.6675,29.6238,29.5838,29.5429,29.5055,29.4712,29.4364,29.4031,29.3712,29.342,9.52918,9.13855,8.76734,8.41476,8.0692,7.74262,7.43385,7.1336,6.8506,6.57675,6.31912,6.0646,5.82616,5.60242,5.38308,5.17355,4.97371,4.77981,4.59569,4.42091,4.25251,4.09314,3.94006,3.79337,3.65119,3.5174,3.38824,3.2654,3.14734,3.03418,2.9259,2.8225,2.72388,2.6291,2.53823,2.45128,2.36891,2.28907,2.21309,2.14036,2.07086,2.00455,1.97389
0.953364,35.6219,34.0634,32.6495,31.4435,30.5186,29.9574,29.8195,30.0918,30.6795,32.3733,33.3478,34.3484,36.2085,36.9519,37.8281,37.5904,36.9624,35.2962,33.7748,33.0883,33.5339,34.5234,35.9884,36.6595,36.9168,36.2594,34.6743,33.6162,34.0142,34.9801,35.6497,35.6813,34.598,33.6814,33.4735,34.3356,34.5676,34.0521,33.1645,33.3347,33.7269,33.2224,32.7562,32.9544,32.9601,32.4943,32.3964,32.3754,32.0889,32.0271,31.8844,31.7153,31.6505,31.4996,31.403,31.2751,31.1662,31.0631,30.967,30.8693,30.7731,30.683,30.5999,30.5151,30.4371,30.3653,30.2922,30.2251,30.1574,30.0954,30.0334,29.9766,29.9202,29.8685,29.8175,29.7674,29.7216,29.6767,29.6331,29.5932,29.5524,29.515,29.4808,29.446,29.4127,29.3809,29.3517,9.77003,9.36865,8.98739,8.62538,8.27044,7.93502,7.61802,7.30976,7.01922,6.73807,6.47354,6.21232,5.96756,5.7379,5.51276,5.29763,5.09249,4.89347,4.70449,4.52519,4.35228,4.1887,4.03158,3.88103,3.73508,3.59777,3.4652,3.33913,3.21796,3.10181,2.99068,2.88454,2.78333,2.68605,2.59278,2.50355,2.419,2.33706,2.25909,2.18444,2.11311,2.04505,2.01359
0.955327,35.6223,34.0638,32.6499,31.444,30.5192,29.9581,29.8204,30.0929,30.6808,32.3747,33.3493,34.35,36.2101,36.9535,37.8295,37.5915,36.9634,35.2972,33.7759,33.0899,33.5361,34.5258,35.9907,36.6616,36.9188,36.2611,34.676,33.6181,34.0172,34.9832,35.6526,35.6839,34.6004,33.6842,33.4769,34.3394,34.5711,34.0554,33.168,33.3391,33.7313,33.2265,32.7606,32.9595,32.9651,32.4992,32.4019,32.3809,32.0944,32.0331,31.8904,31.7215,31.6569,31.506,31.4097,31.2819,31.1732,31.0702,30.9743,30.8768,30.7807,30.6908,30.6078,30.5231,30.4452,30.3735,30.3005,30.2335,30.1659,30.104,30.0421,29.9854,29.9291,29.8775,29.8265,29.7765,29.7307,29.686,29.6425,29.6026,29.5618,29.5245,29.4903,29.4556,29.4224,29.3906,29.3614,29.3324,9.65373,9.25983,8.88603,8.51955,8.17325,7.84602,7.52783,7.2279,6.93772,6.66471,6.39509,6.14249,5.90548,5.67309,5.45114,5.23944,5.03407,4.83908,4.65399,4.47562,4.30683,4.1447,3.98935,3.83877,3.6971,3.56031,3.43022,3.3052,3.18534,3.07067,2.96115,2.85672,2.75634,2.6601,2.56803,2.48079,2.39624,2.31578,2.23876,2.16515,2.09493,2.06246
0.957209,35.6227,34.0642,32.6503,31.4444,30.5197,29.9587,29.8212,30.0939,30.682,32.3761,33.3507,34.3514,36.2115,36.9549,37.8307,37.5925,36.9644,35.2981,33.777,33.0914,33.5381,34.528,35.9928,36.6636,36.9206,36.2626,34.6776,33.6205,34.02,34.986,35.6552,35.6863,34.6027,33.6867,33.4801,34.3429,34.5743,34.0584,33.1714,33.3432,33.7354,33.2303,32.7647,32.9642,32.9697,32.5037,32.4069,32.386,32.0995,32.0386,31.8959,31.7272,31.6628,31.512,31.4159,31.2882,31.1797,31.0768,30.9811,30.8836,30.7877,30.6979,30.615,30.5304,30.4527,30.381,30.3081,30.2412,30.1738,30.1119,30.0501,29.9935,29.9373,29.8857,29.8348,29.7849,29.7392,29.6945,29.651,29.6112,29.5705,29.5333,29.4991,29.4645,29.4313,29.3995,29.3704,29.3414,29.3138,9.55012,9.16378,8.7851,8.42734,8.08923,7.76041,7.45063,7.15075,6.86875,6.59022,6.32929,6.08435,5.8443,5.61502,5.39639,5.18416,4.98272,4.79155,4.60731,4.43293,4.26545,4.10496,3.94941,3.80306,3.66176,3.52738,3.39822,3.27438,3.15592,3.0428,2.93492,2.83123,2.73182,2.63671,2.54659,2.45925,2.37614,2.29658,2.22055,2.14801,2.11447
0.959013,35.6231,34.0646,32.6507,31.4449,30.5202,29.9593,29.822,30.0948,30.6831,32.3774,33.3521,34.3528,36.2129,36.9562,37.8319,37.5934,36.9652,35.299,33.778,33.0929,33.54,34.53,35.9948,36.6654,36.9223,36.2641,34.6791,33.6225,34.0227,34.9888,35.6578,35.6886,34.6048,33.6891,33.4832,34.3462,34.5773,34.0613,33.1745,33.347,33.7393,33.2339,32.7686,32.9686,32.974,32.508,32.4117,32.3908,32.1044,32.0439,31.9012,31.7327,31.6685,31.5177,31.4219,31.2942,31.1859,31.0831,30.9876,30.8902,30.7944,30.7047,30.6219,30.5375,30.4598,30.3883,30.3154,30.2487,30.1813,30.1195,30.0578,30.0013,29.9451,29.8936,29.8428,29.7929,29.7473,29.7026,29.6592,29.6195,29.5788,29.5416,29.5075,29.4729,29.4398,29.4081,29.379,29.35,29.3225,9.85563,9.45608,9.06458,8.69453,8.34493,8.00499,7.68463,7.37468,7.08316,6.79523,6.52547,6.27234,6.02426,5.78725,5.56115,5.34188,5.13363,4.93604,4.74563,4.5654,4.39225,4.22638,4.06558,3.9143,3.76826,3.62937,3.49589,3.36791,3.24548,3.12855,3.01705,2.90988,2.80713,2.70883,2.61569,2.52541,2.43951,2.35728,2.2787,2.20372,2.16906
0.960743,35.6235,34.065,32.6511,31.4453,30.5207,29.9599,29.8227,30.0957,30.6841,32.3786,33.3534,34.3542,36.2142,36.9575,37.833,37.5943,36.9661,35.2998,33.7791,33.0943,33.5419,34.532,35.9968,36.6672,36.9239,36.2656,34.6806,33.6241,34.0253,34.9914,35.6602,35.6909,34.6069,33.6914,33.4861,34.3495,34.5802,34.0641,33.1776,33.3508,33.743,33.2374,32.7723,32.973,32.9783,32.5121,32.4163,32.3955,32.1091,32.049,31.9063,31.738,31.6739,31.5232,31.4276,31.3,31.1919,31.0892,30.9938,30.8965,30.8009,30.7113,30.6286,30.5442,30.4667,30.3952,30.3225,30.2558,30.1885,30.1268,30.0652,30.0087,29.9526,29.9012,29.8504,29.8006,29.755,29.7105,29.6671,29.6274,29.5868,29.5497,29.5156,29.481,29.4479,29.4163,29.3872,29.3583,29.3308,29.3046,9.8017,9.39452,9.00995,8.6466,8.2933,7.96053,7.63852,7.33559,7.03656,6.75635,6.4935,6.2358,5.98965,5.75495,5.52725,5.31097,5.10585,4.90805,4.72093,4.5412,4.36893,4.202,4.04494,3.8933,3.74909,3.6105,3.47764,3.35053,3.22913,3.11336,3.00209,2.89542,2.79335,2.69665,2.60293,2.51377,2.42839,2.3468,2.26897,2.23297
0.962401,35.6239,34.0653,32.6515,31.4457,30.5211,29.9605,29.8234,30.0966,30.6852,32.3798,33.3546,34.3555,36.2155,36.9587,37.8341,37.5952,36.9669,35.3006,33.7799,33.0957,33.5437,34.534,35.9986,36.669,36.9255,36.267,34.6819,33.6262,34.0277,34.9939,35.6626,35.693,34.6089,33.6936,33.4889,34.3525,34.583,34.0668,33.1805,33.3544,33.7466,33.2407,32.776,32.9771,32.9823,32.5161,32.4207,32.4,32.1136,32.0539,31.9111,31.7431,31.6791,31.5285,31.4331,31.3056,31.1977,31.095,30.9997,30.9026,30.807,30.7175,30.6349,30.5507,30.4732,30.4019,30.3292,30.2626,30.1954,30.1338,30.0723,30.0158,29.9598,29.9085,29.8577,29.808,29.7625,29.718,29.6747,29.635,29.5945,29.5574,29.5233,29.4888,29.4558,29.4241,29.3951,29.3663,29.3388,29.3126,29.2878,9.80243,9.39991,9.01962,8.64991,8.30175,7.96485,7.64804,7.33524,7.04213,6.76719,6.49767,6.2403,5.99476,5.75664,5.53048,5.31593,5.10913,4.91344,4.7255,4.54542,4.37084,4.20659,4.04805,3.89724,3.75233,3.61336,3.48049,3.35355,3.23247,3.11612,3.00457,2.89785,2.79674,2.69873,2.60548,2.51621,2.4309,2.34951,2.31188
0.963991,35.6242,34.0657,32.6518,31.446,30.5216,29.961,29.8241,30.0975,30.6861,32.381,33.3558,34.3567,36.2167,36.9599,37.8351,37.5961,36.9677,35.3014,33.7808,33.097,33.5454,34.5358,36.0004,36.6707,36.927,36.2683,34.6833,33.628,34.0301,34.9964,35.6648,35.695,34.6108,33.6957,33.4916,34.3555,34.5857,34.0693,33.1834,33.3578,33.75,33.2439,32.7794,32.9811,32.9862,32.5199,32.425,32.4043,32.1179,32.0586,31.9158,31.7479,31.6842,31.5336,31.4383,31.3109,31.2032,31.1006,31.0054,30.9084,30.813,30.7236,30.6411,30.557,30.4796,30.4083,30.3357,30.2692,30.2021,30.1405,30.079,30.0227,29.9667,29.9154,29.8648,29.8151,29.7696,29.7252,29.6819,29.6423,29.6018,29.5648,29.5308,29.4963,29.4633,29.4317,29.4027,29.3739,29.3464,29.3203,29.2955,29.2712,9.84415,9.44447,9.05599,8.69018,8.3362,8.00342,7.67493,7.36713,7.07839,6.79541,6.52513,6.26739,6.01737,5.77996,5.55473,5.33766,5.13222,4.93491,4.74583,4.56258,4.39017,4.22374,4.06543,3.91332,3.76748,3.62797,3.49471,3.36766,3.24553,3.12845,3.01643,2.91029,2.80743,2.70955,2.61584,2.5263,2.44087,2.40137
0.965514,35.6246,34.066,32.6522,31.4464,30.522,29.9616,29.8247,30.0982,30.6871,32.3821,33.357,34.3579,36.2179,36.961,37.8361,37.5969,36.9685,35.3024,33.7817,33.0983,33.5471,34.5376,36.0021,36.6723,36.9285,36.2696,34.6846,33.6294,34.0324,34.9987,35.667,35.697,34.6127,33.6978,33.4942,34.3584,34.5883,34.0718,33.1861,33.3611,33.7533,33.247,32.7827,32.9849,32.9899,32.5236,32.429,32.4085,32.1221,32.0631,31.9203,31.7526,31.689,31.5384,31.4434,31.316,31.2085,31.106,31.0109,30.914,30.8187,30.7294,30.647,30.5629,30.4856,30.4144,30.342,30.2755,30.2084,30.147,30.0855,30.0293,29.9734,29.9221,29.8715,29.8219,29.7765,29.7321,29.6889,29.6493,29.6089,29.5719,29.5379,29.5035,29.4705,29.4389,29.41,29.3812,29.3538,29.3277,29.3029,29.2786,29.2556,29.2339,9.58985,9.2007,8.82426,8.47044,8.12122,7.79408,7.48725,7.18644,6.89921,6.62533,6.35968,6.10743,5.86819,5.63753,5.41927,5.20967,5.00884,4.81419,4.63105,4.45425,4.28612,4.12451,3.96961,3.82142,3.67989,3.54494,3.4152,3.29085,3.17187,3.05912,2.94986,2.84589,2.74636,2.65126,2.56052,2.51856
0.966974,35.6249,34.0663,32.6525,31.4467,30.5224,29.962,29.8254,30.099,30.6878,32.3831,33.3581,34.359,36.219,36.9621,37.837,37.5976,36.9691,35.3028,33.7825,33.0994,33.5486,34.5392,36.0037,36.6737,36.9298,36.2707,34.6857,33.6311,34.0344,35.0008,35.669,35.6988,34.6144,33.6996,33.4966,34.361,34.5907,34.0741,33.1885,33.3641,33.7563,33.2498,32.7858,32.9883,32.9933,32.5269,32.4328,32.4123,32.1259,32.0672,31.9244,31.7568,31.6934,31.5428,31.448,31.3207,31.2133,31.1108,31.0159,30.919,30.8238,30.7346,30.6523,30.5684,30.4911,30.42,30.3476,30.2812,30.2142,30.1528,30.0915,30.0352,29.9794,29.9282,29.8777,29.8281,29.7827,29.7384,29.6952,29.6557,29.6153,29.5783,29.5444,29.51,29.477,29.4455,29.4166,29.3878,29.3604,29.3344,29.3096,29.2853,29.2624,29.2407,29.2195,29.1996,9.41409,9.03454,8.66004,8.30929,7.98047,7.65814,7.35042,7.05697,6.77238,6.50222,6.24598,5.99896,5.76521,5.5408,5.3257,5.11728,4.92119,4.73188,4.55185,4.37883,4.21297,4.05432,3.90281,3.75831,3.61946,3.4863,3.35892,3.23822,3.12125,3.00995,2.90339,2.80159,2.70444,2.65953
0.968374,35.6252,34.0666,32.6528,31.4471,30.5228,29.9625,29.8259,30.0997,30.6887,32.3841,33.3591,34.3601,36.2201,36.9631,37.8379,37.5984,36.9698,35.3035,33.7833,33.1006,33.5501,34.5409,36.0053,36.6752,36.9312,36.2719,34.687,33.6325,34.0365,35.003,35.671,35.7006,34.6161,33.7015,33.499,34.3636,34.5931,34.0763,33.191,33.3672,33.7594,33.2526,32.7888,32.9918,32.9967,32.5303,32.4365,32.4161,32.1297,32.0713,31.9286,31.7612,31.6978,31.5473,31.4527,31.3254,31.2182,31.1158,31.021,30.9242,30.8291,30.74,30.6577,30.5739,30.4967,30.4257,30.3534,30.287,30.2201,30.1588,30.0975,30.0413,29.9855,29.9344,29.8839,29.8344,29.7891,29.7447,29.7016,29.6622,29.6218,29.5849,29.551,29.5166,29.4837,29.4522,29.4233,29.3946,29.3672,29.3412,29.3165,29.2922,29.2693,29.2476,29.2265,29.2066,29.1873,29.1692,29.1513,29.1345,29.1188,29.1033,29.0886,29.0745,7.38925,7.09225,6.81051,6.53909,6.28214,6.03548,5.79915,5.57011,5.35465,5.14661,4.94881,4.75874,4.57653,4.40218,4.2357,4.07698,3.92439,3.77812,3.63817,3.50557,3.37707,3.2548,3.13774,3.02589,2.91916,2.86981
0.969715,35.6255,34.0669,32.6531,31.4474,30.5231,29.963,29.8265,30.1004,30.6896,32.3851,33.3602,34.3612,36.2211,36.9641,37.8388,37.5991,36.9705,35.3044,33.7841,33.1017,33.5515,34.5424,36.0068,36.6766,36.9325,36.273,34.6881,33.6343,34.0386,35.0051,35.6729,35.7024,34.6177,33.7033,33.5013,34.3661,34.5954,34.0785,33.1934,33.3701,33.7623,33.2554,32.7918,32.9952,33,32.5336,32.4401,32.4198,32.1334,32.0753,31.9325,31.7653,31.7021,31.5516,31.4571,31.3299,31.2228,31.1205,31.0259,30.9291,30.8341,30.7451,30.6629,30.5792,30.5021,30.4311,30.3589,30.2926,30.2258,30.1645,30.1032,30.0471,29.9914,29.9403,29.8899,29.8404,29.7951,29.7509,29.7078,29.6684,29.628,29.5911,29.5573,29.523,29.4901,29.4586,29.4298,29.4011,29.3737,29.3477,29.323,29.2988,29.2759,29.2542,29.2331,29.2132,29.194,29.1759,29.158,29.1413,29.1255,29.1101,29.0954,29.0813,29.0677,29.0548,29.0425,29.0306,29.0194,6.81429,6.54436,6.28279,6.03672,5.79921,5.57337,5.35636,5.14833,4.94932,4.75929,4.57808,4.40392,4.23696,4.07723,3.92589,3.77922,3.63966,3.50606,3.3784,3.2566,3.20027
0.971,35.6258,34.0672,32.6534,31.4477,30.5235,29.9634,29.8271,30.1011,30.6903,32.386,33.3611,34.3621,36.2221,36.9651,37.8396,37.5997,36.9711,35.3047,33.7848,33.1027,33.5529,34.5439,36.0082,36.6779,36.9337,36.2741,34.6891,33.6355,34.0404,35.007,35.6747,35.704,34.6192,33.705,33.5034,34.3684,34.5975,34.0805,33.1956,33.3728,33.765,33.2578,32.7945,32.9983,33.003,32.5365,32.4434,32.4231,32.1367,32.079,31.9361,31.769,31.706,31.5555,31.4612,31.3341,31.2271,31.1248,31.0303,30.9336,30.8387,30.7498,30.6676,30.584,30.507,30.436,30.3638,30.2976,30.2309,30.1696,30.1085,30.0524,29.9967,29.9457,29.8953,29.8459,29.8006,29.7564,29.7134,29.674,29.6337,29.5968,29.563,29.5287,29.4958,29.4644,29.4356,29.4069,29.3796,29.3536,29.3289,29.3047,29.2818,29.2602,29.2391,29.2193,29.2,29.1819,29.1641,29.1473,29.1316,29.1162,29.1015,29.0875,29.0739,29.0609,29.0486,29.0368,29.0256,29.0149,29.0046,28.9946,28.9852,28.9761,28.9675,28.9592,28.9512,28.9436,28.9363,28.9294,28.9228,28.9164,28.9103,28.9045,28.8989,28.8935,28.8884,28.8835,28.8789,28.8767
0.972231,35.6261,34.0674,32.6536,31.448,30.5238,29.9638,29.8276,30.1018,30.6912,32.3869,33.362,34.3631,36.2231,36.966,37.8404,37.6004,36.9717,35.3056,33.7855,33.1037,33.5542,34.5453,36.0096,36.6792,36.9349,36.2751,34.6903,33.6368,34.0423,35.0089,35.6764,35.7056,34.6207,33.7067,33.5056,34.3708,34.5996,34.0825,33.1978,33.3755,33.7677,33.2604,32.7972,33.0014,33.0061,32.5395,32.4468,32.4265,32.1401,32.0826,31.9398,31.7729,31.7099,31.5595,31.4653,31.3382,31.2314,31.1292,31.0348,30.9382,30.8433,30.7545,30.6725,30.5888,30.5119,30.4411,30.3689,30.3028,30.2361,30.1749,30.1138,30.0578,30.0022,29.9512,29.9008,29.8514,29.8062,29.762,29.7191,29.6797,29.6394,29.6026,29.5688,29.5346,29.5017,29.4703,29.4416,29.4129,29.3856,29.3596,29.335,29.3108,29.2879,29.2663,29.2452,29.2254,29.2062,29.1881,29.1703,29.1536,29.1379,29.1225,29.1078,29.0938,29.0801,29.0672,29.055,29.0431,29.032,29.0212,29.0109,29.0009,28.9915,28.9825,28.9739,28.9656,28.9576,28.95,28.9428,28.9358,28.9292,28.9228,28.9167,28.9109,28.9053,28.9,28.8949,28.89,28.8853,28.8832
0.973411,35.6263,34.0677,32.6539,31.4483,30.5241,29.9642,29.8281,30.1023,30.6919,32.3877,33.3629,34.364,36.2239,36.9669,37.8412,37.601,36.9723,35.3059,33.7862,33.1043,33.5555,34.5466,36.0109,36.6804,36.9359,36.2761,34.6911,33.6382,34.044,35.0106,35.678,35.707,34.6221,33.7082,33.5075,34.3729,34.6015,34.0844,33.1998,33.3779,33.7701,33.2626,32.7996,33.0042,33.0088,32.5422,32.4498,32.4295,32.1432,32.086,31.9431,31.7763,31.7135,31.5631,31.4691,31.342,31.2353,31.1332,31.0388,30.9423,30.8475,30.7588,30.6768,30.5932,30.5164,30.4456,30.3735,30.3074,30.2408,30.1797,30.1186,30.0626,30.007,29.9561,29.9058,29.8565,29.8113,29.7671,29.7242,29.6849,29.6446,29.6078,29.5741,29.5398,29.507,29.4757,29.4469,29.4183,29.391,29.3651,29.3404,29.3162,29.2934,29.2718,29.2508,29.2309,29.2118,29.1937,29.1759,29.1592,29.1435,29.1281,29.1134,29.0994,29.0858,29.0729,29.0606,29.0488,29.0376,29.0269,29.0166,29.0066,28.9973,28.9882,28.9796,28.9713,28.9634,28.9558,28.9485,28.9416,28.935,28.9286,28.9225,28.9167,28.9111,28.9058,28.9007,28.8958,28.8912,28.889
0.974541,35.6266,34.0679,32.6541,31.4485,30.5244,29.9646,29.8286,30.1029,30.6925,32.3885,33.3637,34.3648,36.2248,36.9677,37.8419,37.6016,36.9728,35.3066,33.7868,33.1055,33.5566,34.5479,36.0121,36.6816,36.937,36.277,34.692,33.6395,34.0456,35.0123,35.6796,35.7084,34.6234,33.7096,33.5093,34.3749,34.6034,34.0861,33.2018,33.3802,33.7725,33.2648,32.802,33.0069,33.0115,32.5448,32.4527,32.4325,32.1461,32.0891,31.9463,31.7796,31.7169,31.5665,31.4726,31.3456,31.239,31.137,31.0427,30.9462,30.8516,30.7628,30.6809,30.5975,30.5207,30.4499,30.3779,30.3119,30.2453,30.1842,30.1232,30.0672,30.0117,29.9608,29.9105,29.8613,29.8161,29.772,29.7291,29.6898,29.6496,29.6128,29.5791,29.5449,29.5121,29.4808,29.452,29.4234,29.3962,29.3703,29.3456,29.3215,29.2986,29.2771,29.256,29.2362,29.2171,29.199,29.1812,29.1645,29.1488,29.1335,29.1188,29.1048,29.0912,29.0783,29.0661,29.0543,29.0431,29.0324,29.0221,29.0121,29.0028,28.9937,28.9851,28.9768,28.9689,28.9613,28.9541,28.9471,28.9405,28.9341,28.928,28.9223,28.9167,28.9114,28.9063,28.9014,28.8967,28.8946
0.975624,35.6268,34.0682,32.6544,31.4488,30.5247,29.9649,29.829,30.1035,30.6932,32.3893,33.3645,34.3656,36.2256,36.9684,37.8426,37.6021,36.9733,35.3069,33.7874,33.1064,33.5578,34.5491,36.0133,36.6827,36.938,36.2778,34.693,33.6406,34.0471,35.0139,35.6811,35.7098,34.6246,33.711,33.5111,34.3768,34.6052,34.0878,33.2036,33.3825,33.7747,33.2669,32.8043,33.0095,33.014,32.5473,32.4555,32.4353,32.1489,32.0922,31.9494,31.7828,31.7201,31.5698,31.4761,31.3491,31.2426,31.1406,31.0464,30.95,30.8554,30.7668,30.6849,30.6015,30.5248,30.4541,30.3821,30.3161,30.2496,30.1886,30.1276,30.0717,30.0162,29.9654,29.9151,29.8659,29.8208,29.7767,29.7338,29.6945,29.6544,29.6176,29.5839,29.5497,29.517,29.4857,29.457,29.4284,29.4011,29.3752,29.3506,29.3265,29.3037,29.2821,29.2611,29.2413,29.2222,29.2041,29.1863,29.1697,29.154,29.1386,29.124,29.11,29.0964,29.0835,29.0713,29.0595,29.0483,29.0376,29.0273,29.0174,29.008,28.999,28.9904,28.9821,28.9742,28.9666,28.9594,28.9525,28.9458,28.9395,28.9334,28.9276,28.922,28.9167,28.9116,28.9067,28.9021,28.8999
0.976661,35.627,34.0684,32.6546,31.449,30.525,29.9653,29.8295,30.104,30.6938,32.3901,33.3654,34.3665,36.2264,36.9692,37.8433,37.6027,36.9739,35.3076,33.788,33.1069,33.5589,34.5504,36.0145,36.6838,36.939,36.2787,34.6938,33.6416,34.0487,35.0155,35.6826,35.7112,34.6259,33.7125,33.5129,34.3788,34.607,34.0895,33.2055,33.3848,33.7771,33.2691,32.8066,33.0122,33.0166,32.5499,32.4583,32.4382,32.1518,32.0954,31.9525,31.786,31.7235,31.5732,31.4796,31.3527,31.2463,31.1444,31.0502,30.9539,30.8594,30.7708,30.689,30.6057,30.529,30.4584,30.3865,30.3205,30.254,30.1931,30.1321,30.0763,30.0209,29.97,29.9198,29.8706,29.8256,29.7815,29.7387,29.6994,29.6593,29.6226,29.5889,29.5548,29.522,29.4907,29.462,29.4335,29.4063,29.3804,29.3558,29.3317,29.3089,29.2873,29.2664,29.2466,29.2274,29.2094,29.1917,29.175,29.1593,29.144,29.1293,29.1154,29.1018,29.0889,29.0767,29.0649,29.0538,29.043,29.0328,29.0228,29.0135,29.0044,28.9958,28.9876,28.9797,28.9721,28.9648,28.9579,28.9513,28.945,28.9389,28.9331,28.9275,28.9222,28.9171,28.9123,28.9076,28.9055
0.977655,35.6273,34.0686,32.6548,31.4493,30.5253,29.9656,29.8298,30.1046,30.6944,32.3908,33.3661,34.3672,36.2272,36.97,37.8439,37.6032,36.9744,35.3079,33.7886,33.1081,33.56,34.5515,36.0155,36.6848,36.9399,36.2795,34.6947,33.6428,34.0502,35.017,35.6839,35.7124,34.6271,33.7138,33.5146,34.3806,34.6086,34.0911,33.2072,33.3869,33.7791,33.271,32.8087,33.0146,33.019,32.5522,32.4609,32.4408,32.1544,32.0982,31.9553,31.789,31.7265,31.5763,31.4828,31.3559,31.2496,31.1477,31.0537,30.9574,30.8629,30.7744,30.6927,30.6094,30.5328,30.4622,30.3904,30.3245,30.258,30.1971,30.1362,30.0804,30.025,29.9742,29.924,29.8749,29.8298,29.7858,29.743,29.7038,29.6637,29.627,29.5933,29.5592,29.5265,29.4952,29.4666,29.438,29.4108,29.385,29.3604,29.3363,29.3135,29.292,29.271,29.2513,29.2321,29.2141,29.1964,29.1797,29.1641,29.1487,29.1341,29.1201,29.1066,29.0937,29.0815,29.0697,29.0586,29.0479,29.0376,29.0277,29.0183,29.0093,29.0007,28.9924,28.9845,28.977,28.9697,28.9628,28.9562,28.9499,28.9438,28.938,28.9324,28.9271,28.922,28.9172,28.9125,28.9104
0.978607,35.6275,34.0688,32.655,31.4495,30.5256,29.966,29.8303,30.1051,30.695,32.3914,33.3668,34.3679,36.2279,36.9706,37.8445,37.6037,36.9748,35.3086,33.7891,33.1085,33.561,34.5525,36.0166,36.6858,36.9408,36.2803,34.6954,33.6437,34.0515,35.0184,35.6853,35.7136,34.6282,33.715,33.5161,34.3823,34.6102,34.0926,33.2088,33.3889,33.7811,33.2728,32.8107,33.0169,33.0212,32.5544,32.4633,32.4433,32.1569,32.1009,31.958,31.7918,31.7294,31.5792,31.4858,31.359,31.2528,31.1509,31.057,30.9607,30.8664,30.7779,30.6962,30.613,30.5364,30.4659,30.3941,30.3282,30.2618,30.2009,30.1401,30.0843,30.029,29.9782,29.9281,29.8789,29.8339,29.7899,29.7472,29.708,29.6679,29.6312,29.5976,29.5635,29.5308,29.4996,29.4709,29.4424,29.4152,29.3894,29.3648,29.3407,29.318,29.2965,29.2755,29.2558,29.2366,29.2187,29.2009,29.1843,29.1686,29.1533,29.1387,29.1247,29.1112,29.0983,29.0861,29.0743,29.0632,29.0525,29.0423,29.0323,29.023,29.0139,29.0054,28.9971,28.9892,28.9816,28.9744,28.9675,28.9609,28.9546,28.9485,28.9427,28.9371,28.9318,28.9268,28.9219,28.9173,28.9151
0.979519,35.6277,34.069,32.6552,31.4497,30.5258,29.9663,29.8307,30.1055,30.6955,32.3921,33.3675,34.3686,36.2286,36.9713,37.8451,37.6042,36.9752,35.3088,33.7896,33.1096,33.5619,34.5536,36.0176,36.6867,36.9417,36.2811,34.6962,33.6448,34.0528,35.0197,35.6865,35.7147,34.6293,33.7162,33.5176,34.384,34.6117,34.094,33.2104,33.3908,33.783,33.2746,32.8126,33.0191,33.0233,32.5565,32.4657,32.4457,32.1593,32.1035,31.9606,31.7945,31.7322,31.582,31.4887,31.3619,31.2558,31.154,31.0601,30.9639,30.8696,30.7812,30.6996,30.6164,30.5399,30.4694,30.3976,30.3318,30.2655,30.2046,30.1438,30.0881,30.0328,29.982,29.932,29.8828,29.8379,29.7939,29.7512,29.712,29.6719,29.6353,29.6017,29.5676,29.535,29.5037,29.4751,29.4466,29.4194,29.3936,29.3691,29.345,29.3223,29.3007,29.2798,29.2601,29.241,29.223,29.2052,29.1886,29.173,29.1577,29.1431,29.1291,29.1156,29.1027,29.0905,29.0788,29.0676,29.0569,29.0467,29.0368,29.0274,29.0184,29.0098,29.0016,28.9937,28.9861,28.9789,28.972,28.9654,28.9591,28.953,28.9472,28.9417,28.9364,28.9313,28.9264,28.9218,28.9197
0.980392,35.6278,34.0692,32.6554,31.4499,30.526,29.9665,29.831,30.106,30.696,32.3927,33.3681,34.3693,36.2292,36.9719,37.8456,37.6046,36.9757,35.3094,33.7902,33.1099,33.5628,34.5545,36.0185,36.6876,36.9425,36.2818,34.697,33.6457,34.0541,35.021,35.6877,35.7158,34.6303,33.7173,33.5191,34.3856,34.6131,34.0954,33.2119,33.3926,33.7848,33.2763,32.8144,33.0212,33.0254,32.5585,32.4679,32.4479,32.1616,32.1059,31.9631,31.797,31.7348,31.5847,31.4915,31.3647,31.2587,31.1569,31.0631,30.967,30.8728,30.7844,30.7028,30.6197,30.5432,30.4728,30.4011,30.3353,30.269,30.2082,30.1474,30.0917,30.0364,29.9857,29.9357,29.8866,29.8416,29.7977,29.755,29.7158,29.6758,29.6392,29.6056,29.5716,29.5389,29.5077,29.4791,29.4506,29.4235,29.3977,29.3731,29.3491,29.3263,29.3048,29.2839,29.2642,29.2451,29.2272,29.2094,29.1928,29.1772,29.1619,29.1473,29.1333,29.1198,29.107,29.0948,29.083,29.0719,29.0612,29.051,29.041,29.0317,29.0227,29.0141,29.0059,28.998,28.9904,28.9832,28.9763,28.9697,28.9634,28.9573,28.9516,28.946,28.9407,28.9356,28.9308,28.9261,28.924
0.981079,35.628,34.0694,32.6555,31.4501,30.5262,29.9668,29.8313,30.1063,30.6964,32.3932,33.3686,34.3698,36.2297,36.9724,37.8461,37.605,36.976,35.3094,33.7906,33.1108,33.5636,34.5553,36.0193,36.6883,36.9431,36.2823,34.6975,33.6465,34.0551,35.022,35.6887,35.7167,34.6311,33.7182,33.5202,34.3868,34.6142,34.0965,33.2131,33.3941,33.7863,33.2777,32.8159,33.0228,33.027,32.5601,32.4697,32.4498,32.1635,32.1079,31.9651,31.7991,31.737,31.5868,31.4937,31.367,31.2611,31.1593,31.0656,30.9695,30.8753,30.787,30.7054,30.6224,30.5459,30.4755,30.4038,30.3381,30.2718,30.211,30.1503,30.0946,30.0394,29.9887,29.9387,29.8896,29.8447,29.8008,29.7581,29.7189,29.6789,29.6423,29.6088,29.5747,29.5421,29.5109,29.4823,29.4538,29.4267,29.4009,29.3764,29.3524,29.3296,29.3082,29.2872,29.2675,29.2485,29.2305,29.2128,29.1962,29.1806,29.1653,29.1507,29.1367,29.1232,29.1104,29.0982,29.0864,29.0753,29.0646,29.0544,29.0445,29.0352,29.0262,29.0176,29.0094,29.0015,28.9939,28.9867,28.9798,28.9732,28.9669,28.9608,28.9551,28.9495,28.9442,28.9391,28.9343,28.9296,28.9275
0.981625,35.6281,34.0695,32.6557,31.4502,30.5264,29.9669,29.8315,30.1066,30.6967,32.3935,33.369,34.3702,36.2301,36.9728,37.8464,37.6053,36.9763,35.3097,33.7909,33.111,33.5641,34.5559,36.0198,36.6888,36.9436,36.2827,34.6979,33.6471,34.0558,35.0228,35.6893,35.7173,34.6317,33.7189,33.5211,34.3877,34.6151,34.0972,33.214,33.3951,33.7873,33.2787,32.817,33.024,33.0282,32.5613,32.471,32.4511,32.1648,32.1094,31.9665,31.8006,31.7385,31.5883,31.4953,31.3686,31.2627,31.161,31.0673,30.9712,30.8771,30.7888,30.7073,30.6242,30.5478,30.4774,30.4058,30.3401,30.2738,30.213,30.1523,30.0967,30.0414,29.9908,29.9408,29.8917,29.8468,29.8029,29.7602,29.7211,29.6811,29.6446,29.611,29.577,29.5444,29.5132,29.4846,29.4561,29.429,29.4032,29.3787,29.3547,29.332,29.3105,29.2896,29.2699,29.2508,29.2329,29.2151,29.1985,29.1829,29.1676,29.153,29.1391,29.1256,29.1128,29.1006,29.0888,29.0777,29.0671,29.0568,29.0469,29.0376,29.0286,29.02,29.0118,29.0039,28.9963,28.9891,28.9823,28.9757,28.9693,28.9633,28.9575,28.9519,28.9466,28.9416,28.9367,28.9321,28.93
0.982155,35.6282,34.0696,32.6558,31.4503,30.5265,29.9671,29.8318,30.1069,30.697,32.3939,33.3694,34.3706,36.2305,36.9732,37.8467,37.6056,36.9765,35.3102,33.7912,33.1114,33.5647,34.5565,36.0204,36.6894,36.9441,36.2832,34.6984,33.6477,34.0566,35.0236,35.6901,35.718,34.6324,33.7196,33.522,34.3887,34.616,34.0981,33.2149,33.3963,33.7885,33.2798,32.8181,33.0254,33.0295,32.5626,32.4725,32.4526,32.1662,32.111,31.9681,31.8022,31.7402,31.5901,31.4971,31.3704,31.2646,31.1629,31.0692,30.9732,30.8791,30.7908,30.7094,30.6263,30.5499,30.4796,30.408,30.3423,30.276,30.2153,30.1546,30.099,30.0438,29.9931,29.9431,29.8941,29.8492,29.8054,29.7627,29.7236,29.6836,29.6471,29.6135,29.5795,29.5469,29.5157,29.4871,29.4587,29.4316,29.4058,29.3813,29.3573,29.3346,29.3131,29.2922,29.2725,29.2535,29.2355,29.2178,29.2012,29.1856,29.1703,29.1557,29.1418,29.1283,29.1155,29.1033,29.0916,29.0805,29.0698,29.0596,29.0497,29.0403,29.0313,29.0228,29.0145,29.0067,28.9991,28.9919,28.985,28.9784,28.9721,28.966,28.9603,28.9547,28.9494,28.9444,28.9395,28.9349,28.9328
0.98267,35.6283,34.0697,32.6559,31.4504,30.5267,29.9673,29.832,30.1072,30.6974,32.3943,33.3698,34.371,36.2309,36.9736,37.8471,37.6058,36.9768,35.3105,33.7915,33.1121,33.5653,34.5571,36.021,36.6899,36.9446,36.2836,34.6988,33.6483,34.0574,35.0244,35.6909,35.7187,34.633,33.7203,33.5229,34.3897,34.6169,34.099,33.2159,33.3974,33.7897,33.2808,32.8193,33.0267,33.0308,32.5639,32.4739,32.454,32.1677,32.1125,31.9696,31.8038,31.7419,31.5917,31.4989,31.3722,31.2664,31.1647,31.0711,30.9751,30.881,30.7928,30.7114,30.6284,30.552,30.4817,30.4101,30.3445,30.2782,30.2175,30.1568,30.1013,30.0461,29.9955,29.9455,29.8965,29.8516,29.8077,29.7651,29.726,29.686,29.6495,29.616,29.582,29.5494,29.5182,29.4896,29.4612,29.4341,29.4083,29.3839,29.3599,29.3372,29.3157,29.2948,29.2751,29.2561,29.2381,29.2204,29.2038,29.1882,29.173,29.1584,29.1445,29.1309,29.1181,29.106,29.0942,29.0831,29.0725,29.0622,29.0523,29.043,29.034,29.0255,29.0172,29.0093,29.0018,28.9946,28.9877,28.9811,28.9748,28.9687,28.963,28.9574,28.9521,28.9471,28.9422,28.9376,28.9355
0.983171,35.6284,34.0698,32.656,31.4505,30.5268,29.9675,29.8322,30.1074,30.6976,32.3946,33.3701,34.3714,36.2313,36.9739,37.8474,37.6061,36.977,35.3106,33.7917,33.1122,33.5657,34.5577,36.0215,36.6904,36.945,36.284,34.6992,33.6488,34.0581,35.0251,35.6915,35.7193,34.6335,33.7209,33.5236,34.3906,34.6176,34.0997,33.2166,33.3984,33.7906,33.2817,32.8203,33.0278,33.0319,32.5649,32.4751,32.4552,32.1689,32.1138,31.9709,31.8052,31.7433,31.5931,31.5003,31.3737,31.268,31.1663,31.0727,30.9767,30.8827,30.7945,30.7131,30.6301,30.5538,30.4835,30.4119,30.3463,30.28,30.2194,30.1587,30.1031,30.0479,29.9974,29.9474,29.8984,29.8536,29.8097,29.7671,29.728,29.688,29.6515,29.618,29.584,29.5514,29.5203,29.4917,29.4633,29.4362,29.4104,29.386,29.362,29.3393,29.3178,29.2969,29.2773,29.2582,29.2403,29.2226,29.206,29.1904,29.1751,29.1606,29.1466,29.1331,29.1203,29.1081,29.0964,29.0853,29.0747,29.0644,29.0545,29.0452,29.0362,29.0277,29.0195,29.0116,29.004,28.9968,28.99,28.9834,28.977,28.971,28.9652,28.9597,28.9544,28.9493,28.9445,28.9399,28.9377
0.983657,35.6286,34.0699,32.6561,31.4507,30.5269,29.9676,29.8324,30.1076,30.6979,32.395,33.3705,34.3718,36.2317,36.9743,37.8477,37.6063,36.9773,35.3107,33.792,33.1127,33.5663,34.5582,36.0221,36.6909,36.9455,36.2844,34.6996,33.6493,34.0588,35.0259,35.6922,35.7199,34.6341,33.7216,33.5245,34.3915,34.6185,34.1005,33.2175,33.3995,33.7917,33.2827,32.8214,33.0291,33.0331,32.5661,32.4764,32.4566,32.1702,32.1153,31.9724,31.8067,31.7448,31.5947,31.502,31.3753,31.2697,31.168,31.0745,30.9786,30.8845,30.7964,30.715,30.6321,30.5557,30.4855,30.4139,30.3483,30.2821,30.2215,30.1608,30.1053,30.0501,29.9996,29.9496,29.9006,29.8558,29.812,29.7693,29.7303,29.6904,29.6538,29.6203,29.5863,29.5538,29.5226,29.4941,29.4657,29.4386,29.4129,29.3884,29.3644,29.3417,29.3203,29.2994,29.2797,29.2607,29.2428,29.2251,29.2085,29.1929,29.1776,29.1631,29.1491,29.1356,29.1228,29.1107,29.0989,29.0879,29.0772,29.067,29.0571,29.0478,29.0388,29.0302,29.022,29.0141,29.0066,28.9994,28.9925,28.9859,28.9796,28.9736,28.9678,28.9623,28.957,28.9519,28.9471,28.9425,28.9403
0.984129,35.6287,34.07,32.6562,31.4508,30.5271,29.9678,29.8326,30.1079,30.6983,32.3954,33.3709,34.3722,36.2321,36.9747,37.848,37.6066,36.9775,35.3112,33.7923,33.113,33.5668,34.5588,36.0226,36.6914,36.946,36.2848,34.7001,33.6499,34.0596,35.0266,35.6929,35.7206,34.6347,33.7223,33.5253,34.3924,34.6193,34.1013,33.2184,33.4006,33.7928,33.2837,32.8224,33.0303,33.0343,32.5673,32.4777,32.4579,32.1716,32.1167,31.9739,31.8082,31.7464,31.5963,31.5036,31.377,31.2714,31.1698,31.0763,30.9803,30.8863,30.7983,30.7169,30.634,30.5577,30.4874,30.4159,30.3503,30.2842,30.2235,30.1629,30.1074,30.0522,30.0017,29.9518,29.9028,29.858,29.8142,29.7716,29.7325,29.6926,29.6561,29.6226,29.5886,29.5561,29.5249,29.4964,29.468,29.4409,29.4152,29.3907,29.3668,29.3441,29.3226,29.3018,29.2821,29.2631,29.2452,29.2275,29.2109,29.1953,29.1801,29.1655,29.1516,29.1381,29.1253,29.1131,29.1014,29.0903,29.0797,29.0695,29.0596,29.0503,29.0413,29.0327,29.0245,29.0166,29.0091,29.0019,28.995,28.9884,28.9821,28.9761,28.9703,28.9648,28.9595,28.9544,28.9496,28.945,28.9428
0.984588,35.6288,34.0701,32.6563,31.4509,30.5272,29.9679,29.8328,30.1081,30.6985,32.3957,33.3712,34.3725,36.2324,36.975,37.8483,37.6068,36.9777,35.3114,33.7926,33.1133,33.5673,34.5593,36.0231,36.6919,36.9464,36.2852,34.7004,33.6503,34.0602,35.0273,35.6935,35.7211,34.6352,33.7228,33.526,34.3932,34.62,34.102,33.2191,33.4014,33.7936,33.2845,32.8233,33.0313,33.0353,32.5683,32.4788,32.459,32.1727,32.1179,31.975,31.8094,31.7477,31.5976,31.5049,31.3783,31.2728,31.1712,31.0777,30.9818,30.8878,30.7998,30.7184,30.6355,30.5593,30.489,30.4175,30.352,30.2858,30.2252,30.1646,30.1091,30.054,30.0034,29.9535,29.9046,29.8598,29.816,29.7734,29.7343,29.6944,29.6579,29.6245,29.5905,29.558,29.5268,29.4983,29.4699,29.4428,29.4171,29.3927,29.3687,29.346,29.3246,29.3037,29.2841,29.265,29.2471,29.2294,29.2129,29.1973,29.1821,29.1675,29.1536,29.1401,29.1273,29.1151,29.1034,29.0923,29.0817,29.0715,29.0616,29.0523,29.0433,29.0347,29.0265,29.0187,29.0111,29.0039,28.9971,28.9905,28.9842,28.9781,28.9724,28.9668,28.9615,28.9565,28.9516,28.947,28.9449
0.985033,35.6289,34.0702,32.6564,31.451,30.5273,29.9681,29.833,30.1084,30.6988,32.396,33.3715,34.3729,36.2327,36.9753,37.8486,37.6071,36.9779,35.3116,33.7928,33.1142,33.5678,34.5598,36.0236,36.6924,36.9468,36.2856,34.7008,33.6508,34.0609,35.028,35.6942,35.7217,34.6358,33.7234,33.5268,34.3941,34.6208,34.1027,33.22,33.4024,33.7947,33.2855,32.8243,33.0325,33.0365,32.5694,32.4801,32.4602,32.1739,32.1193,31.9764,31.8109,31.7491,31.599,31.5065,31.3799,31.2744,31.1728,31.0794,30.9835,30.8896,30.8015,30.7202,30.6373,30.5611,30.4909,30.4194,30.3539,30.2878,30.2272,30.1666,30.1111,30.056,30.0055,29.9556,29.9066,29.8619,29.8181,29.7755,29.7365,29.6966,29.6601,29.6266,29.5927,29.5601,29.529,29.5005,29.4721,29.4451,29.4193,29.3949,29.3709,29.3483,29.3269,29.306,29.2864,29.2673,29.2494,29.2317,29.2152,29.1996,29.1844,29.1698,29.1559,29.1424,29.1296,29.1175,29.1058,29.0947,29.084,29.0738,29.0639,29.0546,29.0457,29.0371,29.0289,29.021,29.0135,29.0063,28.9994,28.9929,28.9865,28.9805,28.9748,28.9692,28.9639,28.9589,28.954,28.9494,28.9473
0.985466,35.629,34.0703,32.6565,31.4511,30.5274,29.9682,29.8331,30.1086,30.699,32.3963,33.3718,34.3731,36.233,36.9756,37.8489,37.6073,36.9781,35.3118,33.793,33.114,33.5682,34.5603,36.0241,36.6928,36.9472,36.2859,34.7011,33.6513,34.0615,35.0286,35.6947,35.7222,34.6363,33.7239,33.5275,34.3948,34.6215,34.1033,33.2206,33.4033,33.7955,33.2862,32.8251,33.0334,33.0374,32.5703,32.4811,32.4613,32.175,32.1204,31.9775,31.812,31.7503,31.6002,31.5077,31.3811,31.2757,31.1741,31.0807,30.9849,30.891,30.803,30.7216,30.6388,30.5626,30.4924,30.4209,30.3554,30.2893,30.2287,30.1682,30.1127,30.0576,30.0071,29.9572,29.9083,29.8635,29.8198,29.7772,29.7382,29.6983,29.6618,29.6284,29.5944,29.5619,29.5308,29.5023,29.4739,29.4469,29.4212,29.3967,29.3728,29.3501,29.3287,29.3078,29.2882,29.2692,29.2513,29.2336,29.217,29.2015,29.1862,29.1717,29.1578,29.1443,29.1315,29.1194,29.1077,29.0966,29.0859,29.0757,29.0658,29.0565,29.0476,29.039,29.0308,29.0229,29.0154,29.0082,29.0014,28.9948,28.9885,28.9824,28.9767,28.9711,28.9659,28.9608,28.956,28.9514,28.9492
0.985886,35.6291,34.0704,32.6566,31.4512,30.5275,29.9684,29.8333,30.1088,30.6993,32.3966,33.3722,34.3735,36.2334,36.976,37.8491,37.6075,36.9783,35.312,33.7934,33.1144,33.5687,34.5608,36.0246,36.6932,36.9476,36.2863,34.7015,33.6518,34.0621,35.0292,35.6953,35.7228,34.6368,33.7245,33.5282,34.3956,34.6222,34.104,33.2214,33.4042,33.7964,33.2871,32.8261,33.0345,33.0385,32.5714,32.4823,32.4625,32.1762,32.1217,31.9788,31.8134,31.7517,31.6017,31.5092,31.3826,31.2772,31.1757,31.0823,30.9865,30.8926,30.8046,30.7233,30.6405,30.5643,30.4942,30.4227,30.3572,30.2912,30.2306,30.1701,30.1146,30.0595,30.009,29.9592,29.9103,29.8655,29.8217,29.7792,29.7402,29.7003,29.6639,29.6304,29.5965,29.564,29.5329,29.5044,29.476,29.449,29.4233,29.3989,29.3749,29.3523,29.3308,29.31,29.2904,29.2714,29.2535,29.2358,29.2192,29.2037,29.1884,29.1739,29.16,29.1465,29.1337,29.1216,29.1099,29.0988,29.0882,29.078,29.0681,29.0588,29.0498,29.0413,29.0331,29.0252,29.0177,29.0105,29.0036,28.997,28.9907,28.9847,28.979,28.9734,28.9681,28.9631,28.9582,28.9536,28.9515
0.986295,35.6291,34.0705,32.6567,31.4513,30.5276,29.9685,29.8335,30.109,30.6995,32.3969,33.3724,34.3738,36.2337,36.9762,37.8494,37.6077,36.9785,35.3122,33.7935,33.1148,33.5691,34.5612,36.025,36.6936,36.948,36.2866,34.7018,33.6522,34.0627,35.0298,35.6958,35.7232,34.6372,33.725,33.5289,34.3963,34.6228,34.1046,33.2221,33.405,33.7972,33.2878,32.8269,33.0354,33.0393,32.5722,32.4832,32.4634,32.1771,32.1228,31.9799,31.8144,31.7528,31.6028,31.5104,31.3838,31.2784,31.1769,31.0836,30.9878,30.8939,30.806,30.7247,30.6419,30.5658,30.4956,30.4242,30.3587,30.2926,30.2321,30.1716,30.1161,30.0611,30.0106,29.9607,29.9119,29.8671,29.8233,29.7808,29.7418,29.702,29.6655,29.6321,29.5981,29.5656,29.5346,29.5061,29.4777,29.4507,29.425,29.4006,29.3766,29.354,29.3326,29.3117,29.2921,29.2731,29.2552,29.2375,29.221,29.2054,29.1902,29.1756,29.1618,29.1483,29.1355,29.1234,29.1117,29.1006,29.09,29.0798,29.0699,29.0606,29.0516,29.0431,29.0349,29.027,29.0195,29.0123,29.0054,28.9989,28.9925,28.9865,28.9808,28.9752,28.97,28.9649,28.9601,28.9555,28.9533
0.986691,35.6292,34.0705,32.6567,31.4514,30.5277,29.9686,29.8336,30.1092,30.6997,32.3971,33.3727,34.3741,36.2339,36.9765,37.8496,37.6079,36.9787,35.3124,33.7937,33.1153,33.5694,34.5616,36.0254,36.694,36.9483,36.2869,34.7021,33.6526,34.0632,35.0303,35.6963,35.7237,34.6376,33.7255,33.5295,34.3969,34.6234,34.1052,33.2227,33.4058,33.798,33.2885,32.8276,33.0363,33.0402,32.573,32.4841,32.4644,32.1781,32.1238,31.9809,31.8155,31.7539,31.6039,31.5115,31.385,31.2796,31.1781,31.0848,30.989,30.8952,30.8073,30.726,30.6433,30.5671,30.497,30.4256,30.3601,30.2941,30.2335,30.173,30.1176,30.0625,30.0121,29.9622,29.9134,29.8686,29.8249,29.7824,29.7434,29.7035,29.6671,29.6337,29.5998,29.5673,29.5362,29.5077,29.4793,29.4523,29.4266,29.4022,29.3783,29.3556,29.3342,29.3134,29.2938,29.2748,29.2569,29.2392,29.2227,29.2071,29.1919,29.1774,29.1635,29.15,29.1372,29.1251,29.1134,29.1023,29.0917,29.0815,29.0716,29.0623,29.0534,29.0448,29.0366,29.0288,29.0212,29.0141,29.0072,29.0006,28.9943,28.9883,28.9825,28.977,28.9717,28.9667,28.9618,28.9572,28.9551
0.987076,35.6293,34.0706,32.6568,31.4515,30.5278,29.9688,29.8338,30.1094,30.7,32.3974,33.373,34.3744,36.2343,36.9768,37.8499,37.6081,36.9789,35.3125,33.794,33.1154,33.5699,34.5621,36.0258,36.6944,36.9487,36.2872,34.7024,33.653,34.0638,35.031,35.6969,35.7242,34.6381,33.726,33.5302,34.3977,34.6241,34.1059,33.2234,33.4067,33.7989,33.2894,32.8285,33.0373,33.0412,32.574,32.4852,32.4655,32.1792,32.125,31.9821,31.8168,31.7552,31.6052,31.5129,31.3864,31.2811,31.1796,31.0863,30.9905,30.8967,30.8088,30.7276,30.6449,30.5687,30.4986,30.4273,30.3618,30.2958,30.2353,30.1748,30.1194,30.0643,30.0139,29.9641,29.9152,29.8705,29.8267,29.7842,29.7453,29.7054,29.669,29.6356,29.6017,29.5692,29.5381,29.5097,29.4813,29.4543,29.4286,29.4042,29.3803,29.3576,29.3362,29.3154,29.2958,29.2768,29.2589,29.2413,29.2247,29.2092,29.194,29.1794,29.1655,29.1521,29.1393,29.1272,29.1155,29.1044,29.0938,29.0836,29.0737,29.0644,29.0554,29.0469,29.0387,29.0309,29.0233,29.0162,29.0093,29.0027,28.9964,28.9904,28.9847,28.9791,28.9738,28.9688,28.964,28.9593,28.9572
0.98745,35.6294,34.0707,32.6569,31.4515,30.5279,29.9689,29.834,30.1096,30.7002,32.3977,33.3733,34.3746,36.2345,36.9771,37.8501,37.6083,36.9791,35.3127,33.7941,33.116,33.5702,34.5625,36.0262,36.6948,36.949,36.2875,34.7027,33.6534,34.0643,35.0315,35.6974,35.7246,34.6385,33.7265,33.5307,34.3983,34.6247,34.1064,33.224,33.4074,33.7996,33.29,32.8293,33.0381,33.042,32.5748,32.4861,32.4664,32.1801,32.126,31.9831,31.8178,31.7563,31.6062,31.514,31.3874,31.2822,31.1807,31.0875,30.9917,30.8979,30.8101,30.7288,30.6461,30.57,30.4999,30.4286,30.3631,30.2971,30.2366,30.1762,30.1207,30.0657,30.0153,29.9655,29.9166,29.8719,29.8282,29.7857,29.7468,29.7069,29.6705,29.6371,29.6032,29.5707,29.5397,29.5112,29.4828,29.4558,29.4302,29.4058,29.3818,29.3592,29.3378,29.317,29.2974,29.2784,29.2605,29.2429,29.2263,29.2108,29.1956,29.181,29.1672,29.1537,29.1409,29.1288,29.1171,29.106,29.0954,29.0852,29.0753,29.0661,29.0571,29.0486,29.0404,29.0325,29.025,29.0178,29.011,29.0044,28.9981,28.992,28.9863,28.9808,28.9755,28.9704,28.9656,28.961,28.9589
0.987814,35.6295,34.0708,32.657,31.4516,30.5281,29.969,29.8341,30.1098,30.7005,32.398,33.3736,34.3749,36.2348,36.9774,37.8504,37.6085,36.9792,35.3129,33.7945,33.1158,33.5707,34.563,36.0266,36.6952,36.9494,36.2878,34.703,33.6538,34.0649,35.0321,35.698,35.7251,34.639,33.727,33.5314,34.399,34.6253,34.107,33.2247,33.4082,33.8004,33.2908,32.8301,33.0391,33.043,32.5758,32.4872,32.4674,32.1811,32.1271,31.9842,31.819,31.7575,31.6075,31.5153,31.3888,31.2835,31.1821,31.0889,30.9932,30.8994,30.8115,30.7303,30.6477,30.5716,30.5015,30.4302,30.3647,30.2988,30.2383,30.1778,30.1224,30.0674,30.017,29.9672,29.9184,29.8737,29.83,29.7875,29.7485,29.7087,29.6723,29.6389,29.605,29.5726,29.5415,29.513,29.4847,29.4577,29.432,29.4077,29.3837,29.3611,29.3397,29.3189,29.2993,29.2803,29.2624,29.2448,29.2283,29.2127,29.1975,29.183,29.1691,29.1557,29.1429,29.1308,29.1191,29.108,29.0974,29.0872,29.0773,29.068,29.0591,29.0505,29.0424,29.0345,29.027,29.0198,29.013,29.0064,29.0001,28.994,28.9883,28.9828,28.9775,28.9725,28.9676,28.963,28.9609
0.988166,35.6295,34.0709,32.6571,31.4517,30.5281,29.9691,29.8343,30.1099,30.7007,32.3982,33.3738,34.3752,36.2351,36.9776,37.8506,37.6087,36.9794,35.3131,33.7946,33.1162,33.571,34.5633,36.027,36.6955,36.9497,36.2881,34.7033,33.6542,34.0653,35.0326,35.6984,35.7255,34.6394,33.7274,33.5319,34.3996,34.6259,34.1075,33.2252,33.4089,33.8011,33.2914,32.8308,33.0399,33.0437,32.5765,32.488,32.4683,32.182,32.128,31.9851,31.8199,31.7585,31.6084,31.5163,31.3898,31.2846,31.1831,31.09,30.9943,30.9005,30.8127,30.7315,30.6489,30.5728,30.5027,30.4314,30.366,30.3,30.2396,30.1791,30.1237,30.0687,30.0183,29.9685,29.9197,29.875,29.8313,29.7889,29.7499,29.7101,29.6737,29.6403,29.6064,29.574,29.5429,29.5145,29.4861,29.4592,29.4335,29.4091,29.3852,29.3626,29.3412,29.3204,29.3008,29.2818,29.264,29.2463,29.2298,29.2143,29.199,29.1845,29.1706,29.1572,29.1444,29.1323,29.1206,29.1095,29.0989,29.0887,29.0789,29.0696,29.0606,29.0521,29.0439,29.0361,29.0285,29.0214,29.0145,29.0079,29.0016,28.9956,28.9899,28.9843,28.9791,28.974,28.9692,28.9646,28.9625
0.988509,35.6296,34.0709,32.6571,31.4518,30.5282,29.9693,29.8344,30.1101,30.7009,32.3985,33.3741,34.3755,36.2354,36.9779,37.8508,37.6089,36.9796,35.3132,33.7948,33.1169,33.5714,34.5638,36.0274,36.6959,36.9501,36.2884,34.7036,33.6546,34.0659,35.0331,35.6989,35.726,34.6399,33.7279,33.5326,34.4003,34.6265,34.1081,33.2259,33.4097,33.8019,33.2922,32.8316,33.0408,33.0446,32.5774,32.489,32.4693,32.183,32.1291,31.9862,31.821,31.7596,31.6096,31.5175,31.391,31.2859,31.1845,31.0913,30.9956,30.9019,30.8141,30.733,30.6503,30.5743,30.5042,30.4329,30.3675,30.3016,30.2411,30.1807,30.1253,30.0704,30.02,29.9702,29.9214,29.8767,29.833,29.7906,29.7516,29.7118,29.6754,29.642,29.6082,29.5757,29.5447,29.5163,29.4879,29.4609,29.4353,29.4109,29.387,29.3644,29.343,29.3222,29.3026,29.2836,29.2658,29.2482,29.2316,29.2161,29.2009,29.1864,29.1725,29.1591,29.1463,29.1342,29.1225,29.1114,29.1008,29.0906,29.0808,29.0715,29.0625,29.054,29.0458,29.038,29.0304,29.0233,29.0164,29.0099,29.0035,28.9975,28.9918,28.9863,28.981,28.9759,28.9711,28.9665,28.9644
0.988842,35.6297,34.071,32.6572,31.4519,30.5283,29.9694,29.8346,30.1103,30.701,32.3987,33.3743,34.3758,36.2356,36.9781,37.851,37.609,36.9797,35.3134,33.795,33.1168,33.5718,34.5641,36.0278,36.6962,36.9503,36.2886,34.7039,33.6549,34.0663,35.0336,35.6994,35.7264,34.6402,33.7283,33.5331,34.4009,34.627,34.1086,33.2264,33.4103,33.8025,33.2928,32.8322,33.0416,33.0453,32.5781,32.4898,32.4701,32.1838,32.13,31.9871,31.8219,31.7605,31.6106,31.5185,31.392,31.2869,31.1855,31.0923,30.9967,30.903,30.8152,30.7341,30.6514,30.5754,30.5054,30.4341,30.3687,30.3028,30.2423,30.1819,30.1266,30.0716,30.0212,29.9715,29.9227,29.878,29.8343,29.7919,29.753,29.7132,29.6768,29.6434,29.6095,29.5771,29.5461,29.5176,29.4893,29.4623,29.4367,29.4123,29.3884,29.3658,29.3444,29.3236,29.304,29.2851,29.2672,29.2496,29.233,29.2175,29.2023,29.1878,29.1739,29.1605,29.1477,29.1356,29.1239,29.1129,29.1023,29.0921,29.0822,29.0729,29.064,29.0555,29.0473,29.0394,29.0319,29.0247,29.0179,29.0113,29.005,28.999,28.9933,28.9877,28.9825,28.9774,28.9726,28.968,28.9659
0.989165,35.6298,34.0711,32.6573,31.4519,30.5284,29.9695,29.8347,30.1105,30.7012,32.3989,33.3745,34.3759,36.2358,36.9783,37.8512,37.6092,36.9799,35.3135,33.7951,33.1174,33.572,34.5644,36.0281,36.6965,36.9506,36.2889,34.7041,33.6552,34.0668,35.034,35.6998,35.7268,34.6405,33.7287,33.5336,34.4014,34.6275,34.1091,33.2269,33.411,33.8032,33.2933,32.8328,33.0423,33.046,32.5788,32.4905,32.4708,32.1845,32.1308,31.9879,31.8228,31.7614,31.6114,31.5194,31.3929,31.2879,31.1864,31.0933,30.9977,30.904,30.8163,30.7351,30.6525,30.5765,30.5065,30.4352,30.3699,30.3039,30.2435,30.1831,30.1278,30.0728,30.0224,29.9727,29.9239,29.8792,29.8356,29.7931,29.7542,29.7144,29.6781,29.6447,29.6108,29.5784,29.5474,29.5189,29.4906,29.4637,29.438,29.4136,29.3897,29.3672,29.3458,29.325,29.3054,29.2864,29.2686,29.2509,29.2344,29.2189,29.2037,29.1892,29.1753,29.1619,29.1491,29.137,29.1253,29.1143,29.1037,29.0935,29.0836,29.0744,29.0654,29.0569,29.0487,29.0408,29.0333,29.0262,29.0193,29.0127,29.0064,29.0004,28.9947,28.9892,28.9839,28.9789,28.974,28.9694,28.9673
0.989479,35.6298,34.0711,32.6573,31.452,30.5285,29.9696,29.8348,30.1106,30.7015,32.3991,33.3748,34.3762,36.2361,36.9786,37.8514,37.6094,36.9801,35.3137,33.7954,33.1172,33.5724,34.5648,36.0285,36.6969,36.951,36.2892,34.7044,33.6556,34.0673,35.0346,35.7003,35.7272,34.641,33.7292,33.5341,34.4021,34.6281,34.1096,33.2275,33.4117,33.8039,33.2941,32.8336,33.0431,33.0469,32.5796,32.4915,32.4718,32.1855,32.1318,31.9889,31.8238,31.7625,31.6126,31.5205,31.3941,31.2891,31.1877,31.0946,30.999,30.9053,30.8176,30.7365,30.6539,30.5779,30.5079,30.4366,30.3713,30.3054,30.245,30.1846,30.1293,30.0743,30.024,29.9742,29.9255,29.8808,29.8371,29.7947,29.7558,29.716,29.6797,29.6463,29.6125,29.58,29.549,29.5206,29.4923,29.4653,29.4397,29.4153,29.3914,29.3688,29.3475,29.3267,29.3071,29.2881,29.2703,29.2527,29.2361,29.2206,29.2054,29.1909,29.1771,29.1636,29.1509,29.1388,29.1271,29.116,29.1054,29.0952,29.0854,29.0761,29.0672,29.0586,29.0505,29.0426,29.0351,29.0279,29.0211,29.0145,29.0082,29.0022,28.9965,28.991,28.9857,28.9806,28.9758,28.9712,28.9691
0.989784,35.6299,34.0712,32.6574,31.4521,30.5286,29.9697,29.835,30.1108,30.7016,32.3993,33.375,34.3765,36.2363,36.9788,37.8516,37.6095,36.9802,35.3138,33.7955,33.1175,33.5728,34.5652,36.0288,36.6972,36.9512,36.2894,34.7046,33.6559,34.0677,35.035,35.7006,35.7276,34.6413,33.7295,33.5346,34.4026,34.6285,34.1101,33.228,33.4123,33.8045,33.2946,32.8342,33.0438,33.0475,32.5802,32.4922,32.4725,32.1862,32.1326,31.9897,31.8247,31.7634,31.6134,31.5214,31.395,31.29,31.1886,31.0955,30.9999,30.9063,30.8186,30.7375,30.6549,30.5789,30.5089,30.4377,30.3724,30.3065,30.2461,30.1857,30.1304,30.0755,30.0251,29.9754,29.9266,29.882,29.8383,29.7959,29.757,29.7172,29.6809,29.6475,29.6137,29.5813,29.5503,29.5218,29.4935,29.4666,29.4409,29.4166,29.3927,29.3701,29.3488,29.328,29.3084,29.2894,29.2716,29.254,29.2374,29.2219,29.2067,29.1922,29.1784,29.1649,29.1522,29.1401,29.1284,29.1174,29.1067,29.0966,29.0867,29.0774,29.0685,29.06,29.0518,29.044,29.0364,29.0293,29.0224,29.0159,29.0096,29.0035,28.9978,28.9923,28.987,28.982,28.9772,28.9726,28.9705
0.99008,35.63,34.0713,32.6575,31.4521,30.5286,29.9697,29.8351,30.1109,30.7017,32.3995,33.3752,34.3766,36.2365,36.979,37.8518,37.6096,36.9803,35.3139,33.7957,33.1178,33.573,34.5655,36.0291,36.6974,36.9515,36.2896,34.7048,33.6562,34.0681,35.0354,35.701,35.7279,34.6416,33.7299,33.5351,34.403,34.629,34.1105,33.2285,33.4129,33.8051,33.2951,32.8348,33.0444,33.0482,32.5809,32.4929,32.4732,32.1869,32.1334,31.9904,31.8254,31.7642,31.6142,31.5223,31.3958,31.2909,31.1895,31.0965,31.0009,30.9073,30.8195,30.7385,30.6559,30.5799,30.51,30.4387,30.3734,30.3075,30.2472,30.1868,30.1315,30.0766,30.0262,29.9765,29.9278,29.8831,29.8395,29.7971,29.7582,29.7184,29.6821,29.6487,29.6149,29.5825,29.5515,29.5231,29.4947,29.4678,29.4422,29.4178,29.3939,29.3714,29.35,29.3292,29.3096,29.2907,29.2728,29.2552,29.2387,29.2232,29.208,29.1935,29.1797,29.1662,29.1535,29.1414,29.1297,29.1186,29.108,29.0979,29.088,29.0787,29.0698,29.0613,29.0531,29.0453,29.0377,29.0306,29.0237,29.0172,29.0109,29.0049,28.9991,28.9936,28.9883,28.9833,28.9785,28.9739,28.9718
0.990367,35.63,34.0713,32.6575,31.4522,30.5287,29.9699,29.8352,30.1111,30.702,32.3997,33.3754,34.3769,36.2368,36.9792,37.852,37.6098,36.9805,35.3141,33.7958,33.118,33.5734,34.5659,36.0294,36.6978,36.9518,36.2899,34.7051,33.6566,34.0686,35.0359,35.7015,35.7283,34.642,33.7303,33.5356,34.4037,34.6295,34.111,33.2291,33.4136,33.8058,33.2958,32.8355,33.0453,33.0489,32.5816,32.4937,32.4741,32.1878,32.1343,31.9914,31.8264,31.7652,31.6152,31.5233,31.3969,31.292,31.1906,31.0976,31.0021,30.9085,30.8208,30.7397,30.6572,30.5812,30.5113,30.4401,30.3748,30.3089,30.2485,30.1882,30.1329,30.078,30.0276,29.9779,29.9292,29.8846,29.8409,29.7985,29.7597,29.7199,29.6836,29.6502,29.6164,29.584,29.553,29.5246,29.4963,29.4693,29.4437,29.4194,29.3955,29.3729,29.3516,29.3308,29.3112,29.2923,29.2744,29.2568,29.2403,29.2248,29.2096,29.1951,29.1813,29.1678,29.1551,29.143,29.1313,29.1203,29.1097,29.0995,29.0897,29.0804,29.0714,29.0629,29.0547,29.0469,29.0394,29.0322,29.0254,29.0188,29.0125,29.0065,29.0008,28.9953,28.99,28.985,28.9802,28.9756,28.9734
0.990647,35.6301,34.0714,32.6576,31.4523,30.5288,29.9699,29.8353,30.1112,30.7021,32.3999,33.3756,34.3771,36.237,36.9794,37.8522,37.61,36.9806,35.3142,33.796,33.1186,33.5737,34.5661,36.0297,36.6981,36.952,36.2901,34.7053,33.6569,34.069,35.0363,35.7018,35.7287,34.6423,33.7307,33.536,34.4041,34.63,34.1114,33.2295,33.4141,33.8063,33.2963,32.836,33.0459,33.0495,32.5822,32.4944,32.4748,32.1885,32.1351,31.9921,31.8272,31.766,31.616,31.5241,31.3978,31.2928,31.1915,31.0985,31.0029,30.9094,30.8217,30.7406,30.6581,30.5822,30.5122,30.441,30.3758,30.3099,30.2495,30.1892,30.1339,30.079,30.0287,29.979,29.9303,29.8857,29.842,29.7996,29.7608,29.721,29.6847,29.6513,29.6175,29.5851,29.5541,29.5257,29.4974,29.4705,29.4449,29.4205,29.3967,29.3741,29.3528,29.332,29.3124,29.2935,29.2756,29.258,29.2415,29.226,29.2108,29.1963,29.1825,29.169,29.1563,29.1442,29.1325,29.1215,29.1109,29.1007,29.0909,29.0816,29.0727,29.0641,29.056,29.0481,29.0406,29.0335,29.0266,29.0201,29.0138,29.0078,29.002,28.9965,28.9913,28.9862,28.9814,28.9768,28.9747
0.990918,35.6302,34.0715,32.6577,31.4524,30.5289,29.9701,29.8355,30.1114,30.7023,32.4002,33.3758,34.3774,36.2372,36.9797,37.8524,37.6101,36.9808,35.3144,33.7961,33.1185,33.574,34.5665,36.0301,36.6984,36.9523,36.2903,34.7056,33.6572,34.0694,35.0367,35.7023,35.7291,34.6427,33.7311,33.5366,34.4047,34.6305,34.1119,33.2301,33.4148,33.807,33.2969,32.8367,33.0467,33.0503,32.583,32.4952,32.4756,32.1893,32.136,31.993,31.8281,31.767,31.617,31.5252,31.3988,31.2939,31.1926,31.0996,31.0041,30.9105,30.8229,30.7418,30.6593,30.5834,30.5135,30.4423,30.377,30.3112,30.2508,30.1905,30.1352,30.0804,30.0301,29.9804,29.9316,29.887,29.8434,29.801,29.7622,29.7224,29.6861,29.6528,29.619,29.5866,29.5556,29.5272,29.4989,29.472,29.4464,29.422,29.3982,29.3756,29.3543,29.3335,29.3139,29.295,29.2772,29.2596,29.243,29.2276,29.2124,29.1979,29.184,29.1706,29.1579,29.1458,29.1341,29.1231,29.1125,29.1023,29.0924,29.0832,29.0742,29.0657,29.0576,29.0497,29.0422,29.0351,29.0282,29.0217,29.0154,29.0093,29.0036,28.9981,28.9928,28.9878,28.983,28.9784,28.9763
0.991181,35.6302,34.0715,32.6577,31.4524,30.529,29.9701,29.8355,30.1115,30.7025,32.4003,33.376,34.3776,36.2374,36.9799,37.8525,37.6103,36.9809,35.3145,33.7964,33.1191,33.5743,34.5668,36.0304,36.6987,36.9526,36.2905,34.7057,33.6575,34.0698,35.0371,35.7026,35.7294,34.643,33.7314,33.537,34.4052,34.6309,34.1123,33.2305,33.4153,33.8075,33.2974,32.8372,33.0472,33.0509,32.5835,32.4959,32.4762,32.1899,32.1367,31.9937,31.8288,31.7677,31.6177,31.5259,31.3996,31.2947,31.1934,31.1004,31.0049,30.9114,30.8237,30.7427,30.6602,30.5843,30.5144,30.4432,30.378,30.3121,30.2518,30.1915,30.1362,30.0813,30.031,29.9814,29.9327,29.8881,29.8445,29.8021,29.7632,29.7235,29.6872,29.6538,29.62,29.5876,29.5567,29.5283,29.5,29.4731,29.4475,29.4231,29.3993,29.3767,29.3554,29.3346,29.315,29.2961,29.2783,29.2607,29.2442,29.2287,29.2135,29.199,29.1852,29.1717,29.159,29.1469,29.1352,29.1242,29.1136,29.1034,29.0936,29.0843,29.0754,29.0669,29.0587,29.0509,29.0434,29.0362,29.0294,29.0228,29.0165,29.0105,29.0048,28.9993,28.994,28.989,28.9842,28.9796,28.9774
0.991437,35.6303,34.0716,32.6578,31.4525,30.529,29.9702,29.8356,30.1116,30.7026,32.4005,33.3762,34.3778,36.2377,36.9801,37.8527,37.6104,36.981,35.3146,33.7965,33.1192,33.5746,34.5671,36.0307,36.6989,36.9528,36.2907,34.7059,33.6578,34.0702,35.0375,35.703,35.7297,34.6432,33.7317,33.5374,34.4056,34.6313,34.1127,33.2309,33.4158,33.808,33.2978,32.8377,33.0478,33.0514,32.5841,32.4965,32.4769,32.1906,32.1373,31.9944,31.8295,31.7684,31.6185,31.5267,31.4003,31.2955,31.1942,31.1012,31.0057,30.9122,30.8246,30.7436,30.6611,30.5852,30.5153,30.4441,30.3789,30.3131,30.2527,30.1924,30.1372,30.0823,30.032,29.9823,29.9336,29.889,29.8454,29.8031,29.7642,29.7245,29.6882,29.6549,29.6211,29.5887,29.5577,29.5293,29.501,29.4741,29.4485,29.4242,29.4003,29.3778,29.3564,29.3357,29.3161,29.2972,29.2794,29.2618,29.2453,29.2298,29.2146,29.2001,29.1863,29.1728,29.1601,29.148,29.1363,29.1253,29.1147,29.1045,29.0947,29.0854,29.0765,29.068,29.0598,29.052,29.0445,29.0373,29.0305,29.0239,29.0176,29.0116,29.0059,29.0004,28.9951,28.9901,28.9853,28.9807,28.9786
0.991685,35.6303,34.0716,32.6578,31.4525,30.5291,29.9703,29.8357,30.1117,30.7027,32.4006,33.3764,34.3781,36.2379,36.9803,37.8529,37.6105,36.9811,35.3145,33.7965,33.1191,33.5748,34.5674,36.031,36.6992,36.9531,36.2909,34.7062,33.658,34.0705,35.0379,35.7033,35.73,34.6435,33.732,33.5378,34.4061,34.6317,34.113,33.2313,33.4163,33.8085,33.2983,32.8382,33.0484,33.052,32.5846,32.4971,32.4775,32.1912,32.138,31.995,31.8302,31.7691,31.6192,31.5274,31.401,31.2962,31.1949,31.102,31.0065,30.913,30.8254,30.7444,30.6619,30.5861,30.5162,30.445,30.3798,30.314,30.2536,30.1933,30.1381,30.0832,30.033,29.9833,29.9346,29.89,29.8464,29.804,29.7652,29.7255,29.6892,29.6559,29.6221,29.5897,29.5587,29.5303,29.5021,29.4751,29.4495,29.4252,29.4014,29.3788,29.3575,29.3367,29.3172,29.2982,29.2804,29.2628,29.2463,29.2308,29.2157,29.2012,29.1873,29.1739,29.1612,29.1491,29.1374,29.1264,29.1158,29.1056,29.0958,29.0865,29.0776,29.0691,29.0609,29.0531,29.0456,29.0384,29.0316,29.025,29.0187,29.0127,29.007,29.0015,28.9962,28.9912,28.9864,28.9818,28.9797
0.991927,35.6304,34.0717,32.6579,31.4526,30.5292,29.9704,29.8359,30.1119,30.7029,32.4009,33.3766,34.3784,36.2382,36.9806,37.8532,37.6107,36.9813,35.3146,33.7968,33.1196,33.5752,34.5679,36.0314,36.6996,36.9534,36.2912,34.7062,33.6584,34.071,35.0384,35.7038,35.7305,34.6439,33.7324,33.5384,34.4067,34.6323,34.1135,33.2319,33.4171,33.8093,33.2989,32.8389,33.0492,33.0528,32.5853,32.498,32.4783,32.192,32.139,31.9959,31.8312,31.7701,31.6201,31.5284,31.402,31.2973,31.196,31.1031,31.0076,30.9141,30.8265,30.7455,30.6631,30.5872,30.5173,30.4462,30.381,30.3152,30.2549,30.1946,30.1393,30.0845,30.0342,29.9846,29.9359,29.8913,29.8477,29.8053,29.7665,29.7268,29.6905,29.6572,29.6234,29.591,29.5601,29.5317,29.5034,29.4765,29.4509,29.4266,29.4028,29.3802,29.3589,29.3381,29.3186,29.2996,29.2818,29.2642,29.2477,29.2323,29.2171,29.2026,29.1888,29.1753,29.1626,29.1505,29.1388,29.1278,29.1172,29.1071,29.0972,29.088,29.079,29.0705,29.0624,29.0545,29.047,29.0399,29.0331,29.0265,29.0202,29.0142,29.0085,29.003,28.9977,28.9927,28.9879,28.9833,28.9811
0.992161,35.6304,34.0718,32.6579,31.4526,30.5292,29.9705,29.8359,30.112,30.703,32.401,33.3767,34.3787,36.2386,36.981,37.8534,37.6108,36.9814,35.3147,33.797,33.1197,33.5756,34.5683,36.0318,36.7,36.9537,36.2914,34.7065,33.6588,34.0715,35.0388,35.7042,35.7309,34.6441,33.7327,33.5389,34.4073,34.6329,34.114,33.2323,33.4177,33.8099,33.2994,32.8394,33.05,33.0536,32.5859,32.4987,32.4791,32.1926,32.1398,31.9967,31.8319,31.7709,31.6209,31.5293,31.4028,31.2981,31.1968,31.1039,31.0085,30.915,30.8274,30.7464,30.664,30.5881,30.5182,30.4471,30.3819,30.3161,30.2558,30.1955,30.1403,30.0854,30.0352,29.9855,29.9368,29.8923,29.8487,29.8063,29.7675,29.7278,29.6915,29.6582,29.6244,29.592,29.5611,29.5327,29.5044,29.4775,29.4519,29.4276,29.4038,29.3812,29.3599,29.3391,29.3196,29.3006,29.2828,29.2652,29.2487,29.2333,29.2181,29.2036,29.1898,29.1764,29.1636,29.1515,29.1399,29.1288,29.1182,29.1081,29.0983,29.089,29.0801,29.0716,29.0634,29.0556,29.0481,29.0409,29.0341,29.0275,29.0212,29.0152,29.0095,29.004,28.9987,28.9937,28.9889,28.9843,28.9822
0.992388,35.6305,34.0718,32.6579,31.4527,30.5293,29.9705,29.836,30.1121,30.7032,32.4012,33.377,34.3793,36.2392,36.9815,37.8538,37.611,36.9816,35.3149,33.797,33.1198,33.5763,34.5689,36.0324,36.7005,36.9542,36.2917,34.7067,33.6592,34.0722,35.0395,35.7049,35.7315,34.6445,33.7331,33.5397,34.4081,34.6338,34.1146,33.2329,33.4187,33.8111,33.3001,32.8402,33.0512,33.0549,32.5866,32.4998,32.4803,32.1935,32.141,31.9977,31.833,31.7721,31.6218,31.5305,31.4038,31.2993,31.1978,31.1051,31.0095,30.9161,30.8285,30.7475,30.665,30.5892,30.5193,30.4482,30.3829,30.3171,30.2568,30.1966,30.1413,30.0865,30.0362,29.9866,29.9379,29.8933,29.8497,29.8073,29.7685,29.7288,29.6925,29.6592,29.6254,29.5931,29.5621,29.5337,29.5054,29.4785,29.4529,29.4286,29.4048,29.3822,29.3609,29.3402,29.3206,29.3017,29.2839,29.2663,29.2498,29.2343,29.2191,29.2046,29.1908,29.1774,29.1646,29.1525,29.1409,29.1299,29.1193,29.1091,29.0993,29.09,29.0811,29.0726,29.0644,29.0566,29.0491,29.0419,29.0351,29.0285,29.0223,29.0162,29.0105,29.005,28.9998,28.9947,28.9899,28.9853,28.9832
0.999,35.6321,34.0734,32.6596,31.4544,30.5313,29.973,29.8392,30.116,30.7076,32.4065,33.383,34.3852,36.2449,36.987,37.8586,37.615,36.9853,35.3184,33.8013,33.1258,33.5842,34.5774,36.0406,36.7082,36.9612,36.2979,34.7129,33.6674,34.0831,35.0507,35.7152,35.7409,34.6533,33.7429,33.5521,34.4217,34.6462,34.1265,33.2458,33.4344,33.8268,33.3148,32.856,33.0692,33.0725,32.604,32.5191,32.4999,32.2131,32.1623,32.0189,31.855,31.7948,31.6447,31.5543,31.4279,31.3241,31.223,31.1308,31.0357,30.9428,30.8556,30.775,30.6931,30.6176,30.5481,30.4773,30.4124,30.347,30.287,30.227,30.1721,30.1175,30.0675,30.0181,29.9697,29.9254,29.882,29.8399,29.8013,29.7618,29.7257,29.6925,29.6589,29.6267,29.5959,29.5677,29.5396,29.5128,29.4874,29.4632,29.4394,29.417,29.3958,29.3752,29.3557,29.3369,29.3192,29.3017,29.2853,29.2699,29.2548,29.2404,29.2266,29.2133,29.2006,29.1886,29.177,29.166,29.1555,29.1454,29.1356,29.1264,29.1175,29.109,29.1009,29.0931,29.0856,29.0785,29.0717,29.0652,29.059,29.053,29.0473,29.0418,29.0366,29.0316,29.0268,29.0222,29.0201
