,0.343376,0.393362,0.421925,0.443347,0.493333,0.521896,0.571882,0.593304,0.64329,0.671853,0.700416,0.764683,0.793246,0.82895,0.864654,0.900358,0.936062,0.978907,1.01699,1.05508,1.10268,1.15029,1.19789,1.2455,1.30262,1.35975,1.41688,1.474,1.53589,1.59302,1.66442,1.73583,1.80724,1.87865,1.96434,2.05003,2.13572,2.22141,2.32138,2.40707,2.52132,2.62129,2.73554,2.8498,2.96405,3.09258,3.22112,3.36393,3.49247,3.64957,3.79238,3.96376,4.12086,4.29224,4.4779,4.66356,4.8635,5.06344,5.26339,5.49189,5.7204,5.97747,6.23454,6.4916,6.74867,7.03431,7.3485,7.63413,7.97689,8.29109,8.66241,9.00517,9.40505,9.77637,10.2048,10.6333,11.0903,11.5473,12.0329,12.547,13.0611,13.6038,14.1751,14.7749,15.4033,16.0603,16.7172,17.4313,18.1454,18.9166,19.7164,20.5447,21.4016,22.3156,23.2296,24.2294,25.2291,26.1431,27.3142,28.5424,29.8277,31.1702,32.5698,34.0265,35.5689,37.1685,38.8537,40.5961,42.4241,44.3378,46.3373,48.4224,50.5932,52.8782,55.249,57.734,60.3332,63.0467,65.9031,68.8451,71.9585,75.1861,78.5851,82.127,85.8116,89.6676,93.6951,97.9224,100.008
1e-08,0.0695172,16.3365,14.2738,12.9797,10.8162,9.99927,8.93871,8.521,7.37133,6.39955,4.70683,0.51717,0.249817,0.117338,0.0618581,0.0355045,0.0217847,0.0130123,0.00871285,0.0060582,0.00404009,0.00282001,0.00204479,0.00153108,0.00112136,0.000848713,0.000660383,0.000526073,0.000422362,0.000349756,0.000282121,0.000232147,0.000194313,0.000165059,0.000138004,0.000117216,0.00010092,8.79186e-05,7.58247e-05,6.74415e-05,5.83874e-05,5.19797e-05,4.59632e-05,4.10186e-05,3.69023e-05,3.30418e-05,2.98198e-05,2.68237e-05,2.45435e-05,2.21797e-05,2.03545e-05,1.84878e-05,1.70264e-05,1.56515e-05,1.43716e-05,1.32683e-05,1.22406e-05,1.13834e-05,1.05999e-05,9.81818e-06,9.13643e-06,8.46764e-06,7.88447e-06,7.37206e-06,6.9187e-06,6.47296e-06,6.04153e-06,5.69415e-06,5.32445e-06,5.02369e-06,4.70771e-06,4.44813e-06,4.17809e-06,3.95421e-06,3.72311e-06,3.51678e-06,3.31986e-06,3.14328e-06,2.97468e-06,2.8144e-06,2.67017e-06,2.53284e-06,2.4025e-06,2.2791e-06,2.16252e-06,2.05256e-06,1.9531e-06,1.85524e-06,1.76661e-06,1.67983e-06,1.59832e-06,1.52177e-06,1.44986e-06,1.38022e-06,1.31692e-06,1.25398e-06,1.19674e-06,1.14877e-06,1.09263e-06,1.03932e-06,9.88814e-07,9.41031e-07,8.95877e-07,8.5325e-07,8.12312e-07,7.73801e-07,7.36979e-07,7.02417e-07,6.69469e-07,6.38129e-07,6.0837e-07,5.80153e-07,5.53428e-07,5.27833e-07,5.03664e-07,4.80596e-07,4.58628e-07,4.37739e-07,4.17713e-07,3.98918e-07,3.80787e-07,3.63655e-07,3.47206e-07,3.31579e-07,3.1675e-07,3.02592e-07,2.89098e-07,2.76173e-07,2.70215e-07
1.32e-08,0.0918697,16.3691,14.2964,13.0023,10.8513,10.0492,9.03155,8.64258,7.61707,6.80951,5.5593,0.732034,0.340855,0.157293,0.0823121,0.04708,0.0288353,0.0172043,0.0115134,0.0080028,0.00533557,0.0037237,0.0026998,0.00202142,0.0014804,0.00112042,0.000871782,0.000694464,0.00055755,0.000461699,0.000372415,0.000306444,0.000256501,0.000217884,0.000182169,0.000154728,0.000133216,0.000116054,0.00010009,8.90238e-05,7.70721e-05,6.86138e-05,6.06721e-05,5.41449e-05,4.87114e-05,4.36157e-05,3.93624e-05,3.54077e-05,3.23977e-05,2.92774e-05,2.68681e-05,2.4404e-05,2.2475e-05,2.06601e-05,1.89705e-05,1.75142e-05,1.61576e-05,1.50261e-05,1.3992e-05,1.296e-05,1.20601e-05,1.11773e-05,1.04075e-05,9.73114e-06,9.1327e-06,8.54433e-06,7.97485e-06,7.51631e-06,7.02831e-06,6.6313e-06,6.21419e-06,5.87155e-06,5.5151e-06,5.21958e-06,4.91452e-06,4.64217e-06,4.38222e-06,4.14914e-06,3.92659e-06,3.71503e-06,3.52463e-06,3.34336e-06,3.1713e-06,3.00841e-06,2.85453e-06,2.70939e-06,2.5781e-06,2.44893e-06,2.33193e-06,2.21739e-06,2.10979e-06,2.00873e-06,1.91381e-06,1.8219e-06,1.73834e-06,1.65526e-06,1.5797e-06,1.51638e-06,1.44227e-06,1.37191e-06,1.30524e-06,1.24216e-06,1.18256e-06,1.12629e-06,1.07225e-06,1.02142e-06,9.72816e-07,9.27191e-07,8.83701e-07,8.42331e-07,8.0305e-07,7.65804e-07,7.30527e-07,6.9674e-07,6.64836e-07,6.34389e-07,6.0539e-07,5.77816e-07,5.51382e-07,5.26572e-07,5.02639e-07,4.80025e-07,4.58312e-07,4.37684e-07,4.18112e-07,3.99422e-07,3.8161e-07,3.64548e-07,3.56684e-07
1.74e-08,0.121286,16.4003,14.3182,13.0241,10.8854,10.0977,9.12058,8.75808,7.84162,7.16632,6.2252,1.07578,0.470878,0.211733,0.109675,0.0624359,0.0381489,0.0227271,0.0151983,0.0105595,0.00703785,0.00491077,0.00356002,0.00266527,0.00195181,0.00147714,0.0011493,0.000915516,0.000735009,0.000608645,0.000490936,0.000403967,0.000338127,0.00028722,0.000240138,0.000203965,0.000175607,0.000152984,0.000131939,0.000117351,0.000101597,9.04469e-05,7.99776e-05,7.13735e-05,6.4211e-05,5.74939e-05,5.18872e-05,4.6674e-05,4.27061e-05,3.8593e-05,3.54172e-05,3.21692e-05,2.96262e-05,2.7234e-05,2.50067e-05,2.3087e-05,2.12987e-05,1.98073e-05,1.84441e-05,1.70838e-05,1.58975e-05,1.47338e-05,1.37191e-05,1.28275e-05,1.20386e-05,1.1263e-05,1.05123e-05,9.9079e-06,9.26461e-06,8.74129e-06,8.19146e-06,7.73979e-06,7.26992e-06,6.88038e-06,6.47825e-06,6.11924e-06,5.77659e-06,5.46934e-06,5.17598e-06,4.89709e-06,4.64612e-06,4.40717e-06,4.18037e-06,3.96565e-06,3.7628e-06,3.57148e-06,3.39841e-06,3.22814e-06,3.07392e-06,2.92293e-06,2.78109e-06,2.64788e-06,2.52276e-06,2.4016e-06,2.29146e-06,2.18193e-06,2.08234e-06,1.99887e-06,1.90117e-06,1.80843e-06,1.72054e-06,1.6374e-06,1.55883e-06,1.48466e-06,1.41343e-06,1.34642e-06,1.28235e-06,1.22221e-06,1.16488e-06,1.11035e-06,1.05857e-06,1.00947e-06,9.62968e-07,9.18431e-07,8.76377e-07,8.36243e-07,7.98016e-07,7.61669e-07,7.26824e-07,6.94119e-07,6.62572e-07,6.32761e-07,6.0414e-07,5.7695e-07,5.51149e-07,5.26512e-07,5.03032e-07,4.80542e-07,4.70176e-07
2.3e-08,0.160647,16.4307,14.3395,13.0456,10.9191,10.1456,9.20744,8.8698,8.05159,7.48726,6.7758,1.7268,0.667624,0.288204,0.147116,0.0832066,0.0506745,0.0301281,0.0201278,0.0139763,0.00931099,0.0064952,0.00470787,0.00352423,0.00258062,0.00195291,0.00151942,0.00121031,0.00097166,0.000804598,0.000648983,0.000534011,0.000446973,0.000379676,0.000317436,0.000269618,0.000232132,0.000202225,0.000174407,0.000155123,0.000134297,0.000119558,0.000105719,9.43458e-05,8.4878e-05,7.59986e-05,6.85874e-05,6.16964e-05,5.64514e-05,5.10143e-05,4.68163e-05,4.25229e-05,3.91615e-05,3.59992e-05,3.30552e-05,3.05174e-05,2.81538e-05,2.61822e-05,2.43803e-05,2.25822e-05,2.10141e-05,1.94758e-05,1.81345e-05,1.69559e-05,1.59132e-05,1.48879e-05,1.38957e-05,1.30967e-05,1.22464e-05,1.15546e-05,1.08278e-05,1.02308e-05,9.60971e-06,9.09479e-06,8.56324e-06,8.08869e-06,7.63575e-06,7.22962e-06,6.84184e-06,6.47319e-06,6.14146e-06,5.82559e-06,5.52579e-06,5.24197e-06,4.97383e-06,4.72094e-06,4.49217e-06,4.2671e-06,4.06324e-06,3.86365e-06,3.67617e-06,3.50009e-06,3.33469e-06,3.17454e-06,3.02895e-06,2.88417e-06,2.75252e-06,2.64219e-06,2.51305e-06,2.39046e-06,2.27429e-06,2.16439e-06,2.06053e-06,1.96249e-06,1.86833e-06,1.77976e-06,1.69507e-06,1.61557e-06,1.53979e-06,1.46771e-06,1.39926e-06,1.33436e-06,1.27289e-06,1.21402e-06,1.15843e-06,1.10538e-06,1.05485e-06,1.00681e-06,9.60747e-07,9.17517e-07,8.75816e-07,8.36411e-07,7.98577e-07,7.62637e-07,7.28532e-07,6.95966e-07,6.64929e-07,6.35201e-07,6.21499e-07
3.04e-08,0.212904,16.4598,14.3601,13.0665,10.952,10.1923,9.2915,8.97707,8.24729,7.77706,7.24289,3.62205,0.986473,0.397072,0.198386,0.111192,0.0674182,0.039974,0.0266707,0.0185052,0.012321,0.00859191,0.00622624,0.00466019,0.00341203,0.00258189,0.00200867,0.00159998,0.00128445,0.00106358,0.000857865,0.000705881,0.000590821,0.000501861,0.000419589,0.00035638,0.000306829,0.000267298,0.000230527,0.000205038,0.00017751,0.000158029,0.000139736,0.000124703,0.000112189,0.000100452,9.0656e-05,8.15477e-05,7.4615e-05,6.74287e-05,6.18798e-05,5.62047e-05,5.1762e-05,4.75821e-05,4.36908e-05,4.03365e-05,3.72123e-05,3.46063e-05,3.22246e-05,2.9848e-05,2.77754e-05,2.57422e-05,2.39693e-05,2.24115e-05,2.10333e-05,1.96782e-05,1.83666e-05,1.73105e-05,1.61867e-05,1.52723e-05,1.43117e-05,1.35225e-05,1.27016e-05,1.2021e-05,1.13184e-05,1.06912e-05,1.00925e-05,9.55573e-06,9.04318e-06,8.55589e-06,8.11741e-06,7.69995e-06,7.3037e-06,6.92855e-06,6.57413e-06,6.23989e-06,5.93749e-06,5.64001e-06,5.37055e-06,5.10678e-06,4.85896e-06,4.62622e-06,4.40761e-06,4.19593e-06,4.0035e-06,3.81215e-06,3.63813e-06,3.4923e-06,3.32162e-06,3.15957e-06,3.00603e-06,2.86077e-06,2.7235e-06,2.59391e-06,2.46946e-06,2.35238e-06,2.24045e-06,2.13537e-06,2.03521e-06,1.93993e-06,1.84947e-06,1.76369e-06,1.68244e-06,1.60463e-06,1.53115e-06,1.46103e-06,1.39424e-06,1.33074e-06,1.26986e-06,1.21272e-06,1.1576e-06,1.10552e-06,1.05551e-06,1.00801e-06,9.62934e-07,9.1989e-07,8.78867e-07,8.39574e-07,8.21463e-07
4.01e-08,0.281829,16.4877,14.38,13.0867,10.984,10.2377,9.37245,9.07964,8.42963,8.04017,7.6477,6.25124,1.59533,0.55624,0.268986,0.14885,0.0897072,0.052996,0.0352976,0.0244656,0.0162771,0.0113454,0.00821923,0.00615075,0.00450268,0.00340685,0.0026503,0.00211095,0.00169458,0.00140316,0.00113173,0.000931205,0.00077941,0.000662046,0.000553509,0.000470122,0.000404753,0.000352604,0.000304096,0.000270471,0.000234157,0.000208459,0.000184328,0.000164498,0.000147989,0.000132507,0.000119585,0.00010757,9.84249e-05,8.89451e-05,8.16255e-05,7.41395e-05,6.8279e-05,6.27654e-05,5.76322e-05,5.32077e-05,4.90866e-05,4.5649e-05,4.25073e-05,3.93723e-05,3.66384e-05,3.39562e-05,3.16177e-05,2.95629e-05,2.77448e-05,2.59573e-05,2.42271e-05,2.28342e-05,2.13516e-05,2.01456e-05,1.88783e-05,1.78374e-05,1.67546e-05,1.58568e-05,1.493e-05,1.41026e-05,1.33129e-05,1.26048e-05,1.19288e-05,1.1286e-05,1.07077e-05,1.01569e-05,9.63422e-06,9.13939e-06,8.67189e-06,8.23095e-06,7.83208e-06,7.43968e-06,7.08427e-06,6.73627e-06,6.40939e-06,6.10238e-06,5.81404e-06,5.53479e-06,5.28096e-06,5.02853e-06,4.79902e-06,4.60664e-06,4.3815e-06,4.16776e-06,3.96522e-06,3.77361e-06,3.59254e-06,3.42158e-06,3.25743e-06,3.10299e-06,2.95533e-06,2.81673e-06,2.68461e-06,2.55894e-06,2.4396e-06,2.32645e-06,2.21927e-06,2.11663e-06,2.01972e-06,1.92723e-06,1.83913e-06,1.75536e-06,1.67506e-06,1.59968e-06,1.52698e-06,1.45828e-06,1.39231e-06,1.32966e-06,1.27019e-06,1.21341e-06,1.1593e-06,1.10747e-06,1.08358e-06
5.29e-08,0.373522,16.5146,14.3993,13.1063,11.0154,10.2823,9.45115,9.17871,8.60178,8.28329,8.00882,7.47619,4.60162,0.805393,0.368853,0.200355,0.119735,0.0703853,0.0467704,0.0323731,0.0215159,0.014988,0.010854,0.00812032,0.00594335,0.0044963,0.00349749,0.00278555,0.00223601,0.00185141,0.00149323,0.00122861,0.00102832,0.000873458,0.000730251,0.000620231,0.000533987,0.000465183,0.000401186,0.000356824,0.000308915,0.00027501,0.000243176,0.000217013,0.000195234,0.000174809,0.000157761,0.00014191,0.000129846,0.000117339,0.000107683,9.78071e-05,9.00757e-05,8.28019e-05,7.603e-05,7.0193e-05,6.47561e-05,6.02212e-05,5.60765e-05,5.19406e-05,4.8334e-05,4.47958e-05,4.17108e-05,3.89999e-05,3.66015e-05,3.42433e-05,3.19609e-05,3.01233e-05,2.81674e-05,2.65763e-05,2.49047e-05,2.35314e-05,2.21028e-05,2.09185e-05,1.96959e-05,1.86044e-05,1.75626e-05,1.66285e-05,1.57366e-05,1.48887e-05,1.41256e-05,1.33992e-05,1.27096e-05,1.20567e-05,1.144e-05,1.08584e-05,1.03322e-05,9.81452e-06,9.34561e-06,8.88659e-06,8.45536e-06,8.05035e-06,7.66992e-06,7.30155e-06,6.96671e-06,6.63371e-06,6.33091e-06,6.07713e-06,5.78013e-06,5.49814e-06,5.23096e-06,4.97817e-06,4.73931e-06,4.51381e-06,4.29723e-06,4.0935e-06,3.89873e-06,3.71586e-06,3.54156e-06,3.37579e-06,3.21836e-06,3.06908e-06,2.9277e-06,2.79229e-06,2.66444e-06,2.54242e-06,2.4262e-06,2.3157e-06,2.20975e-06,2.11032e-06,2.01441e-06,1.92378e-06,1.83676e-06,1.7541e-06,1.67565e-06,1.60075e-06,1.52936e-06,1.46099e-06,1.42947e-06
6.98e-08,0.495889,16.5406,14.418,13.1254,11.0462,10.326,9.52781,9.27464,8.76514,8.50985,8.33629,8.28444,7.3014,1.24823,0.514804,0.27182,0.160514,0.0937141,0.0620759,0.0428879,0.0284654,0.019813,0.0143408,0.0107255,0.00784799,0.00593618,0.00461695,0.00367682,0.00295125,0.0024435,0.00197068,0.00162141,0.00135704,0.00115266,0.000963655,0.000818459,0.000704645,0.000613846,0.000529392,0.00047085,0.000407627,0.000362887,0.000320879,0.000286355,0.000257616,0.000230664,0.000208169,0.000187253,0.000171333,0.000154831,0.000142089,0.000129057,0.000118855,0.000109257,0.000100322,9.26197e-05,8.54455e-05,7.94617e-05,7.39929e-05,6.85356e-05,6.37765e-05,5.91078e-05,5.5037e-05,5.146e-05,4.82953e-05,4.51838e-05,4.21721e-05,3.97474e-05,3.71666e-05,3.50673e-05,3.28614e-05,3.10495e-05,2.91645e-05,2.76017e-05,2.59885e-05,2.45483e-05,2.31737e-05,2.19411e-05,2.07642e-05,1.96454e-05,1.86386e-05,1.768e-05,1.67701e-05,1.59088e-05,1.5095e-05,1.43274e-05,1.36332e-05,1.29501e-05,1.23314e-05,1.17257e-05,1.11567e-05,1.06223e-05,1.01204e-05,9.63432e-06,9.19248e-06,8.7531e-06,8.35353e-06,8.01868e-06,7.62677e-06,7.25472e-06,6.90217e-06,6.56862e-06,6.25345e-06,5.95589e-06,5.67014e-06,5.40131e-06,5.1443e-06,4.90304e-06,4.67304e-06,4.45428e-06,4.24656e-06,4.0496e-06,3.86305e-06,3.6844e-06,3.51568e-06,3.35467e-06,3.20133e-06,3.05552e-06,2.91573e-06,2.78454e-06,2.65797e-06,2.53839e-06,2.42357e-06,2.31449e-06,2.21099e-06,2.11216e-06,2.01797e-06,1.92775e-06,1.88616e-06
9.22e-08,0.660385,16.5657,14.4362,13.1442,11.0766,10.3692,9.60285,9.36801,8.92128,8.72309,8.63796,8.90236,8.32811,2.56555,0.741248,0.373469,0.216697,0.12531,0.0826466,0.0569574,0.0377343,0.0262361,0.0189772,0.0141867,0.010377,0.00784726,0.00610231,0.00485917,0.00389992,0.00322876,0.00260384,0.00214225,0.0017929,0.00152284,0.0012731,0.00108126,0.000930886,0.000810926,0.000699346,0.000622007,0.000538483,0.000479379,0.000423881,0.000378273,0.00034031,0.000304704,0.000274987,0.000247356,0.000226326,0.000204527,0.000187695,0.00017048,0.000157003,0.000144324,0.000132521,0.000122347,0.00011287,0.000104965,9.7741e-05,9.05321e-05,8.42456e-05,7.80784e-05,7.2701e-05,6.7976e-05,6.37955e-05,5.96854e-05,5.57071e-05,5.2504e-05,4.9095e-05,4.63218e-05,4.3408e-05,4.10145e-05,3.85246e-05,3.64602e-05,3.43293e-05,3.24268e-05,3.0611e-05,2.89828e-05,2.74283e-05,2.59503e-05,2.46205e-05,2.33541e-05,2.21523e-05,2.10144e-05,1.99395e-05,1.89257e-05,1.80086e-05,1.71063e-05,1.6289e-05,1.54889e-05,1.47373e-05,1.40314e-05,1.33684e-05,1.27263e-05,1.21427e-05,1.15623e-05,1.10345e-05,1.05922e-05,1.00745e-05,9.58301e-06,9.1173e-06,8.67671e-06,8.26039e-06,7.86733e-06,7.48988e-06,7.13478e-06,6.79527e-06,6.47658e-06,6.17278e-06,5.88381e-06,5.60944e-06,5.34925e-06,5.10284e-06,4.86683e-06,4.64399e-06,4.43131e-06,4.22874e-06,4.03614e-06,3.85148e-06,3.67818e-06,3.51101e-06,3.35304e-06,3.20138e-06,3.05729e-06,2.92057e-06,2.79002e-06,2.6656e-06,2.54642e-06,2.49149e-06
1.22e-07,0.883342,16.5901,14.4541,13.1626,11.1066,10.4118,9.67657,9.45925,9.07137,8.92537,8.91924,9.40893,9.02817,7.57363,1.13642,0.523513,0.295613,0.168603,0.110533,0.0759153,0.0501689,0.0348308,0.0251711,0.0188059,0.0137493,0.0103942,0.00808119,0.00643395,0.00516317,0.00427425,0.00344671,0.00283554,0.00237303,0.0020155,0.00168493,0.00143099,0.00123195,0.00107318,0.0009255,0.000823139,0.000712602,0.000634378,0.000560933,0.000500577,0.000450333,0.000403215,0.00036389,0.000327324,0.000299495,0.000270647,0.000248371,0.000225592,0.000207758,0.00019098,0.00017536,0.000161897,0.000149356,0.000138896,0.000129336,0.000119797,0.000111478,0.000103318,9.62016e-05,8.99492e-05,8.44173e-05,7.89785e-05,7.37142e-05,6.94758e-05,6.49648e-05,6.1295e-05,5.74394e-05,5.42721e-05,5.09773e-05,4.82458e-05,4.54259e-05,4.29085e-05,4.05057e-05,3.83512e-05,3.62941e-05,3.43385e-05,3.25787e-05,3.09031e-05,2.93127e-05,2.78071e-05,2.63847e-05,2.50431e-05,2.38296e-05,2.26356e-05,2.15542e-05,2.04954e-05,1.95009e-05,1.85668e-05,1.76894e-05,1.68399e-05,1.60676e-05,1.52996e-05,1.46012e-05,1.40159e-05,1.33309e-05,1.26806e-05,1.20643e-05,1.14813e-05,1.09304e-05,1.04103e-05,9.91086e-06,9.44097e-06,8.99174e-06,8.57002e-06,8.16803e-06,7.78565e-06,7.42258e-06,7.07831e-06,6.75225e-06,6.43994e-06,6.14508e-06,5.86365e-06,5.59561e-06,5.34074e-06,5.09642e-06,4.86709e-06,4.64588e-06,4.43685e-06,4.23616e-06,4.0455e-06,3.8646e-06,3.69184e-06,3.5272e-06,3.36951e-06,3.29682e-06
1.61e-07,1.1823,16.6134,14.4713,13.1803,11.1358,10.4534,9.74795,9.54716,9.21386,9.1152,9.17959,9.83452,9.56443,8.59807,2.12225,0.754232,0.407196,0.227606,0.147969,0.101154,0.0666249,0.046166,0.0333226,0.0248766,0.0181764,0.0137354,0.0106759,0.00849799,0.00681849,0.00564396,0.00455075,0.00374353,0.00313273,0.00266063,0.00222414,0.00188888,0.00162611,0.0014165,0.00122156,0.00108644,0.000940529,0.000837278,0.000740332,0.000660666,0.00059435,0.000532161,0.000480255,0.000431995,0.000395264,0.000357188,0.000327792,0.000297726,0.000274188,0.000252045,0.00023143,0.000213663,0.000197111,0.000183306,0.00017069,0.0001581,0.000147121,0.000136351,0.00012696,0.000118708,0.000111407,0.00010423,9.72822e-05,9.16884e-05,8.57351e-05,8.08921e-05,7.58037e-05,7.16238e-05,6.72754e-05,6.36706e-05,5.99491e-05,5.66268e-05,5.34558e-05,5.06125e-05,4.78977e-05,4.53169e-05,4.29944e-05,4.07831e-05,3.86842e-05,3.66973e-05,3.482e-05,3.30496e-05,3.1448e-05,2.98724e-05,2.84453e-05,2.70479e-05,2.57355e-05,2.45027e-05,2.33448e-05,2.22237e-05,2.12045e-05,2.01909e-05,1.92693e-05,1.84969e-05,1.75928e-05,1.67346e-05,1.59213e-05,1.51519e-05,1.44249e-05,1.37385e-05,1.30794e-05,1.24593e-05,1.18664e-05,1.13099e-05,1.07794e-05,1.02747e-05,9.79558e-06,9.34126e-06,8.91093e-06,8.4988e-06,8.10965e-06,7.73826e-06,7.38452e-06,7.04817e-06,6.72574e-06,6.4231e-06,6.13118e-06,5.85531e-06,5.59046e-06,5.33886e-06,5.1001e-06,4.87213e-06,4.65485e-06,4.44674e-06,4.35081e-06
2.12e-07,1.58559,16.6358,14.4878,13.1976,11.1643,10.4941,9.81727,9.63214,9.34978,9.29452,9.42275,10.2027,10.0031,9.269,7.5789,1.15112,0.570611,0.309215,0.198639,0.134923,0.0884653,0.0611408,0.044061,0.032859,0.0239893,0.0181182,0.0140772,0.0112025,0.00898658,0.00743755,0.00599611,0.00493203,0.00412699,0.00350485,0.0029297,0.00248797,0.00214179,0.00186566,0.00160886,0.00143087,0.00123868,0.00110268,0.000974993,0.000870067,0.000782724,0.000700815,0.000632456,0.000568896,0.000520524,0.00047038,0.000431662,0.000392068,0.000361072,0.00033191,0.000304762,0.000281363,0.000259566,0.000241388,0.000224773,0.000208194,0.000193735,0.000179553,0.000167186,0.00015632,0.000146705,0.000137254,0.000128104,0.000120738,0.000112899,0.000106521,9.98203e-05,9.4316e-05,8.859e-05,8.38429e-05,7.89424e-05,7.45674e-05,7.03918e-05,6.66476e-05,6.30726e-05,5.96741e-05,5.66158e-05,5.37039e-05,5.09401e-05,4.83235e-05,4.58516e-05,4.35202e-05,4.14113e-05,3.93363e-05,3.74571e-05,3.56171e-05,3.38888e-05,3.22655e-05,3.07408e-05,2.92644e-05,2.79223e-05,2.65876e-05,2.5374e-05,2.43569e-05,2.31664e-05,2.20362e-05,2.09654e-05,1.99522e-05,1.89948e-05,1.8091e-05,1.7223e-05,1.64065e-05,1.56258e-05,1.48929e-05,1.41944e-05,1.35299e-05,1.28989e-05,1.23006e-05,1.1734e-05,1.11913e-05,1.06789e-05,1.01898e-05,9.72398e-06,9.28109e-06,8.8565e-06,8.45798e-06,8.07357e-06,7.71031e-06,7.36156e-06,7.03024e-06,6.71585e-06,6.41565e-06,6.12953e-06,5.85549e-06,5.72918e-06
2.8e-07,2.14482,16.6577,14.5041,13.2146,11.1927,10.5346,9.88594,9.71599,9.48225,9.46775,9.65551,10.5332,10.3822,9.78871,8.62511,2.18479,0.831374,0.427131,0.269507,0.181376,0.118173,0.0813818,0.0585201,0.0435808,0.0317818,0.0239863,0.0186272,0.014818,0.0118837,0.00983338,0.00792618,0.00651869,0.00545414,0.00463154,0.00387122,0.00328733,0.00282979,0.00246487,0.00212552,0.00189033,0.00163638,0.00145668,0.00128798,0.00114935,0.00103396,0.000925753,0.000835443,0.000751475,0.000687572,0.000621331,0.000570187,0.000517882,0.000476937,0.000438416,0.000402555,0.000371645,0.000342855,0.00031884,0.000296893,0.000274995,0.000255897,0.000237163,0.000220827,0.000206474,0.000193774,0.000181289,0.000169205,0.000159476,0.00014912,0.000140696,0.000131846,0.000124576,0.000117012,0.000110742,0.000104269,9.84902e-05,9.29746e-05,8.80299e-05,8.33073e-05,7.88185e-05,7.47789e-05,7.09327e-05,6.72823e-05,6.38268e-05,6.05615e-05,5.74821e-05,5.46966e-05,5.1956e-05,4.94738e-05,4.70435e-05,4.47607e-05,4.26166e-05,4.06027e-05,3.86527e-05,3.688e-05,3.51172e-05,3.35142e-05,3.21708e-05,3.05984e-05,2.91057e-05,2.76912e-05,2.6353e-05,2.50885e-05,2.38947e-05,2.27483e-05,2.16698e-05,2.06386e-05,1.96707e-05,1.8748e-05,1.78703e-05,1.7037e-05,1.62467e-05,1.54983e-05,1.47815e-05,1.41047e-05,1.34587e-05,1.28435e-05,1.22585e-05,1.16977e-05,1.11713e-05,1.06636e-05,1.01838e-05,9.72316e-06,9.28556e-06,8.87031e-06,8.47381e-06,8.0959e-06,7.73395e-06,7.56711e-06
3.69e-07,2.91183,16.6787,14.5199,13.2311,11.2205,10.5742,9.95277,9.79725,9.60922,9.63251,9.87518,10.8284,10.7116,10.2109,9.29331,7.55975,1.30092,0.601006,0.368726,0.244847,0.158122,0.108364,0.0776945,0.0577517,0.0420545,0.0317088,0.0246081,0.0195667,0.0156862,0.0129765,0.0104573,0.00859885,0.00719356,0.00610804,0.0051048,0.00433454,0.00373102,0.00324972,0.00280219,0.00249204,0.00215718,0.00192025,0.00169782,0.00151505,0.00136292,0.00122026,0.00110121,0.000990515,0.000906276,0.000818958,0.00075154,0.000682594,0.000628619,0.000577845,0.000530577,0.000489834,0.000451884,0.000420232,0.000391304,0.000362439,0.000337269,0.000312576,0.000291045,0.000272127,0.000255389,0.000238933,0.000223007,0.000210183,0.000196534,0.000185432,0.000173767,0.000164184,0.000154216,0.000145952,0.000137421,0.000129805,0.000122536,0.000116018,0.000109794,0.000103879,9.85546e-05,9.34856e-05,8.86743e-05,8.41194e-05,7.98162e-05,7.57577e-05,7.20867e-05,6.84746e-05,6.52034e-05,6.2e-05,5.89916e-05,5.61657e-05,5.35114e-05,5.09414e-05,4.86052e-05,4.6282e-05,4.41693e-05,4.23989e-05,4.03264e-05,3.83593e-05,3.64951e-05,3.47312e-05,3.30647e-05,3.14914e-05,2.99805e-05,2.8559e-05,2.72001e-05,2.59245e-05,2.47084e-05,2.35518e-05,2.24534e-05,2.1412e-05,2.04256e-05,1.94809e-05,1.85889e-05,1.77375e-05,1.69267e-05,1.61557e-05,1.54167e-05,1.47229e-05,1.40538e-05,1.34215e-05,1.28144e-05,1.22376e-05,1.16904e-05,1.11678e-05,1.06697e-05,1.01928e-05,9.97284e-06
4.88e-07,3.98833,16.6993,14.5354,13.2474,11.2483,10.6139,10.0192,9.87774,9.7337,9.79292,10.0877,11.1005,11.0088,10.5748,9.80667,8.58063,3.19918,0.882444,0.515106,0.335003,0.213563,0.145352,0.10379,0.0769497,0.0559225,0.0421102,0.0326512,0.0259457,0.0207898,0.0171926,0.0138505,0.0113863,0.00952379,0.00808546,0.0067566,0.00573649,0.00493737,0.00430019,0.00370774,0.00329723,0.00285403,0.00254048,0.00224613,0.00200428,0.00180299,0.00161423,0.00145671,0.00131027,0.00119882,0.0010833,0.000994108,0.000902898,0.000831498,0.00076433,0.0007018,0.000647903,0.000597705,0.000555836,0.000517571,0.000479389,0.000446094,0.000413432,0.000384952,0.00035993,0.000337791,0.000316024,0.000294957,0.000277995,0.000259943,0.000245258,0.000229829,0.000217154,0.000203969,0.000193039,0.000181755,0.000171682,0.000162068,0.000153446,0.000145215,0.00013739,0.000130348,0.000123644,0.000117281,0.000111256,0.000105565,0.000100197,9.53415e-05,9.05643e-05,8.62373e-05,8.20009e-05,7.8022e-05,7.42847e-05,7.07741e-05,6.73748e-05,6.42848e-05,6.12122e-05,5.84178e-05,5.60762e-05,5.33354e-05,5.07333e-05,4.82679e-05,4.59351e-05,4.37309e-05,4.16501e-05,3.96519e-05,3.77717e-05,3.59745e-05,3.42872e-05,3.2679e-05,3.11491e-05,2.96963e-05,2.8319e-05,2.70145e-05,2.5765e-05,2.45852e-05,2.34593e-05,2.23869e-05,2.13672e-05,2.03898e-05,1.94723e-05,1.85872e-05,1.77509e-05,1.6948e-05,1.61852e-05,1.54615e-05,1.47702e-05,1.41116e-05,1.34807e-05,1.31898e-05
6.44e-07,5.43933,16.719,14.5504,13.2633,11.2754,10.6527,10.084,9.95593,9.85347,9.94632,10.2898,11.3482,11.2751,10.89,10.2213,9.23471,7.64902,1.40543,0.738312,0.463947,0.290102,0.19552,0.138828,0.102565,0.0743378,0.0558796,0.0432762,0.0343598,0.0275137,0.0227431,0.0183142,0.0150512,0.0125862,0.0106834,0.00892598,0.00757735,0.0065211,0.00567904,0.00489623,0.00435391,0.00376843,0.00335427,0.00296551,0.00264611,0.00238028,0.00213103,0.00192304,0.00172967,0.00158252,0.00143,0.00131225,0.00119183,0.00109757,0.00100889,0.000926347,0.000855199,0.000788933,0.000733663,0.000683151,0.000632749,0.0005888,0.000545686,0.000508093,0.000475063,0.000445841,0.00041711,0.000389303,0.000366914,0.000343086,0.000323703,0.000303338,0.00028661,0.000269207,0.00025478,0.000239887,0.000226591,0.000213901,0.000202523,0.000191659,0.000181331,0.000172037,0.000163188,0.000154789,0.000146837,0.000139326,0.000132241,0.000125832,0.000119527,0.000113817,0.000108225,0.000102973,9.80405e-05,9.34075e-05,8.89212e-05,8.48429e-05,8.07875e-05,7.70996e-05,7.40089e-05,7.03918e-05,6.69577e-05,6.37036e-05,6.06249e-05,5.77158e-05,5.49695e-05,5.23321e-05,4.98509e-05,4.74787e-05,4.5252e-05,4.31292e-05,4.11101e-05,3.9193e-05,3.73751e-05,3.56533e-05,3.40043e-05,3.24474e-05,3.09612e-05,2.95459e-05,2.82001e-05,2.691e-05,2.56991e-05,2.45312e-05,2.34273e-05,2.23676e-05,2.1361e-05,2.04058e-05,1.94935e-05,1.86242e-05,1.77916e-05,1.74078e-05
8.5e-07,7.26694,16.7381,14.565,13.2788,11.3023,10.6912,10.1478,10.0326,9.96989,10.0946,10.4843,11.5773,11.5183,11.1704,10.5732,9.73164,8.55977,4.96542,1.11777,0.657925,0.398852,0.264953,0.186627,0.137206,0.0990782,0.0743006,0.0574505,0.0455624,0.0364521,0.0301135,0.0242359,0.0199096,0.0166436,0.014124,0.0117979,0.0100135,0.00861649,0.00750297,0.0064681,0.00575118,0.00497745,0.00443013,0.00391646,0.00349448,0.0031433,0.00281405,0.0025393,0.0022839,0.00208955,0.00188812,0.00173261,0.00157359,0.00144911,0.00133202,0.00122301,0.00112907,0.00104157,0.000968588,0.000901896,0.000835348,0.000777319,0.000720395,0.000670762,0.000627154,0.000588572,0.000550642,0.000513929,0.000484371,0.000452914,0.000427324,0.000400438,0.000378353,0.000355379,0.000336333,0.000316672,0.00029912,0.000282367,0.000267346,0.000253004,0.000239369,0.0002271,0.000215418,0.000204331,0.000193834,0.000183918,0.000174566,0.000166106,0.000157782,0.000150244,0.000142863,0.00013593,0.000129419,0.000123302,0.00011738,0.000111996,0.000106643,0.000101775,9.76949e-05,9.29198e-05,8.83865e-05,8.40908e-05,8.0027e-05,7.61869e-05,7.25617e-05,6.908e-05,6.58047e-05,6.26735e-05,5.9734e-05,5.69318e-05,5.42665e-05,5.17359e-05,4.93361e-05,4.70634e-05,4.48867e-05,4.28313e-05,4.08697e-05,3.90014e-05,3.72249e-05,3.55219e-05,3.39235e-05,3.23817e-05,3.09247e-05,2.95259e-05,2.8197e-05,2.6936e-05,2.5732e-05,2.45844e-05,2.34852e-05,2.29785e-05
1.12e-06,9.23865,16.7566,14.5792,13.2939,11.3286,10.729,10.2102,10.1074,10.0825,10.2373,10.6707,11.7892,11.7407,11.4218,10.8778,10.1339,9.17016,7.46962,1.97404,0.971605,0.557469,0.362154,0.252142,0.1841,0.132265,0.0988691,0.0762826,0.0604062,0.0482712,0.0398457,0.0320448,0.02631,0.021985,0.0186507,0.0155744,0.0132158,0.0113698,0.00989904,0.00853244,0.00758598,0.0065647,0.00584241,0.00516461,0.00460785,0.00414456,0.00371026,0.00334786,0.00301102,0.00275473,0.00248908,0.00228402,0.00207434,0.00191021,0.00175582,0.00161211,0.00148825,0.00137289,0.00127668,0.00118876,0.00110104,0.00102454,0.000949502,0.000884076,0.000826593,0.000775736,0.000725738,0.000677347,0.000638386,0.000596923,0.000563194,0.000527757,0.000498648,0.000468367,0.000443264,0.00041735,0.000394215,0.000372136,0.000352338,0.000333435,0.000315466,0.000299295,0.000283899,0.000269286,0.000255453,0.000242383,0.000230058,0.000218908,0.000207938,0.000198003,0.000188275,0.000179138,0.000170557,0.000162496,0.000154692,0.000147596,0.000140541,0.000134125,0.000128748,0.000122455,0.000116481,0.00011082,0.000105464,0.000100403,9.56257e-05,9.10374e-05,8.6721e-05,8.25943e-05,7.87204e-05,7.50276e-05,7.15151e-05,6.818e-05,6.50175e-05,6.20223e-05,5.91537e-05,5.64449e-05,5.38598e-05,5.13976e-05,4.90567e-05,4.68123e-05,4.47058e-05,4.26739e-05,4.07538e-05,3.89103e-05,3.71591e-05,3.54973e-05,3.39105e-05,3.23982e-05,3.09497e-05,3.02821e-05
1.48e-06,11.0748,16.7746,14.5931,13.3089,11.355,10.7668,10.2723,10.1815,10.1933,10.3771,10.8527,11.9893,11.9489,11.6532,11.1509,10.4784,9.64502,8.36506,6.50521,1.59617,0.807403,0.504774,0.345172,0.249483,0.177937,0.13241,0.101856,0.08049,0.0642174,0.052951,0.0425416,0.0349025,0.0291486,0.0247169,0.0206317,0.0175017,0.0150533,0.0131034,0.0112923,0.0100384,0.00868568,0.00772923,0.00683187,0.00609487,0.00548172,0.00490696,0.00442744,0.00398178,0.00364268,0.00329129,0.00302004,0.00274269,0.00252561,0.00232142,0.00213136,0.00196757,0.00181502,0.0016878,0.00157154,0.00145554,0.00135439,0.00125518,0.00116868,0.00109268,0.00102544,0.00095934,0.000895364,0.000843858,0.000789043,0.000744452,0.000697605,0.000659124,0.000619094,0.000585909,0.000551653,0.000521072,0.000491885,0.000465714,0.000440727,0.000416973,0.000395599,0.000375248,0.000355931,0.000337646,0.000320371,0.000304078,0.00028934,0.00027484,0.000261708,0.00024885,0.000236773,0.00022543,0.000214776,0.000204459,0.000195081,0.000185756,0.000177275,0.000170169,0.000161851,0.000153954,0.000146472,0.000139393,0.000132704,0.000126389,0.000120324,0.000114619,0.000109165,0.000104045,9.91639e-05,9.45214e-05,9.01133e-05,8.59334e-05,8.19746e-05,7.81829e-05,7.46028e-05,7.11861e-05,6.79319e-05,6.48376e-05,6.18712e-05,5.90872e-05,5.64015e-05,5.38637e-05,5.14273e-05,4.91127e-05,4.69163e-05,4.48191e-05,4.28202e-05,4.09057e-05,4.00232e-05
1.95e-06,12.5933,16.7919,14.6066,13.3234,11.3808,10.8039,10.3328,10.2535,10.3002,10.5115,11.0271,12.1753,12.1409,11.8637,11.3941,10.7749,10.0302,8.96536,7.76954,5.31355,1.24149,0.720152,0.478141,0.340355,0.240215,0.177626,0.136078,0.107231,0.0853674,0.0702883,0.056395,0.0462227,0.0385738,0.0326903,0.0272726,0.0231255,0.0198839,0.0173037,0.0149084,0.0132506,0.0114629,0.0101992,0.00901389,0.00804064,0.00723106,0.00647234,0.00583943,0.00525128,0.00480383,0.00434017,0.0039823,0.00361642,0.00333008,0.00306074,0.00281007,0.00259403,0.00239286,0.00222508,0.00207178,0.0019188,0.00178543,0.00165461,0.00154057,0.00144036,0.00135171,0.00126456,0.00118022,0.00111231,0.00104005,0.000981264,0.000919507,0.000868779,0.00081601,0.000772264,0.000727108,0.000686795,0.000648321,0.000613825,0.000580888,0.000549577,0.000521403,0.000494577,0.000469117,0.000445014,0.000422244,0.000400769,0.000381344,0.000362232,0.000344923,0.000327976,0.000312058,0.000297107,0.000283065,0.000269467,0.000257107,0.000244816,0.000233639,0.000224272,0.00021331,0.000202902,0.00019304,0.00018371,0.000174894,0.000166571,0.000158579,0.00015106,0.000143871,0.000137122,0.00013069,0.000124571,0.000118762,0.000113253,0.000108035,0.000103038,9.83198e-05,9.38169e-05,8.9528e-05,8.54499e-05,8.15406e-05,7.78713e-05,7.43319e-05,7.09872e-05,6.77762e-05,6.47256e-05,6.1831e-05,5.9067e-05,5.64328e-05,5.39097e-05,5.27466e-05
2.58e-06,13.8437,16.8089,14.6199,13.3379,11.4067,10.8413,10.3934,10.3254,10.4062,10.6442,11.1988,12.3532,12.3234,12.0613,11.6185,11.0417,10.3627,9.43501,8.50686,7.26985,2.40753,1.08767,0.682611,0.473703,0.328961,0.240987,0.18353,0.144047,0.11433,0.0939454,0.0752366,0.0615824,0.0513394,0.0434746,0.0362431,0.0307147,0.0263975,0.0229638,0.0197784,0.017575,0.0151999,0.0135218,0.0119482,0.0106566,0.00958251,0.00857603,0.00773667,0.00695675,0.00636353,0.00574892,0.00527457,0.00478969,0.00441021,0.00405334,0.00372121,0.00343501,0.0031685,0.00294625,0.00274318,0.00254057,0.00236392,0.00219067,0.00203963,0.00190692,0.00178953,0.00167411,0.00156243,0.00147251,0.00137684,0.00129899,0.00121723,0.00115007,0.0010802,0.00102228,0.000962492,0.000909124,0.000858184,0.000812518,0.000768914,0.000727464,0.000690165,0.000654654,0.000620949,0.000589042,0.0005589,0.000530472,0.000504758,0.000479459,0.000456546,0.000434113,0.000413042,0.000393252,0.000374664,0.000356666,0.000340305,0.000324035,0.000309241,0.000296842,0.000282332,0.000268556,0.000255502,0.000243153,0.000231484,0.000220468,0.000209888,0.000199936,0.000190421,0.000181489,0.000172975,0.000164876,0.000157186,0.000149895,0.000142989,0.000136375,0.00013013,0.00012417,0.000118493,0.000113096,0.000107922,0.000103065,9.83805e-05,9.39537e-05,8.97036e-05,8.56662e-05,8.1835e-05,7.81768e-05,7.46901e-05,7.13507e-05,6.98114e-05
3.4e-06,14.8475,16.8252,14.6328,13.3518,11.432,10.8778,10.4523,10.3951,10.5083,10.7716,11.3632,12.5191,12.4925,12.2427,11.8215,11.278,10.6484,9.81445,9.03572,8.11783,6.44166,1.8717,1.01518,0.672598,0.455066,0.328746,0.248243,0.193748,0.153137,0.125486,0.100245,0.081903,0.068187,0.0576807,0.0480396,0.0406813,0.0349428,0.0303833,0.026157,0.0232359,0.0200889,0.0178668,0.015784,0.0140751,0.0126544,0.0113236,0.010214,0.0091832,0.00839936,0.00758735,0.0069608,0.00632039,0.00581928,0.00534809,0.00490958,0.00453176,0.00417995,0.00388659,0.00361858,0.0033512,0.0031181,0.00288948,0.00269017,0.00251507,0.00236018,0.00220793,0.00206059,0.00194198,0.00181574,0.00171307,0.00160522,0.00151661,0.00142446,0.00134807,0.00126922,0.00119883,0.00113165,0.00107141,0.00101391,0.000959239,0.000910051,0.000863222,0.000818772,0.000776695,0.000736941,0.000699457,0.000665548,0.000632185,0.00060197,0.00057239,0.000544604,0.000518506,0.000493999,0.000470265,0.00044869,0.000427236,0.000407728,0.000391381,0.000372246,0.000354084,0.000336872,0.00032059,0.000305203,0.000290678,0.000276728,0.000263605,0.000251061,0.000239283,0.000228058,0.000217379,0.00020724,0.000197627,0.000188521,0.000179802,0.000171568,0.00016371,0.000156225,0.000149109,0.000142286,0.000135883,0.000129707,0.00012387,0.000118267,0.000112944,0.000107892,0.000103069,9.84723e-05,9.40694e-05,9.20399e-05
4.49e-06,15.6836,16.8411,14.6454,13.3657,11.4573,10.9143,10.5108,10.4641,10.609,10.8969,11.5243,12.6777,12.6534,12.4137,12.0104,11.4943,10.9041,10.1398,9.46008,8.70714,7.58039,5.64694,1.6966,1.00222,0.646223,0.456289,0.340087,0.263239,0.206809,0.168806,0.134378,0.109514,0.0910025,0.0768699,0.0639367,0.0540886,0.0464218,0.0403387,0.0347069,0.0308181,0.0266322,0.0236786,0.0209119,0.018643,0.0167576,0.0149922,0.0135208,0.0121544,0.0111155,0.0100396,0.00920966,0.00836145,0.00769788,0.00707398,0.00649349,0.00599339,0.00552778,0.00513955,0.0047849,0.00443113,0.00412273,0.00382028,0.00355663,0.00332504,0.00312019,0.00291882,0.00272396,0.00256709,0.00240017,0.00226441,0.00212178,0.00200464,0.0018828,0.0017818,0.00167755,0.00158449,0.00149567,0.00141605,0.00134003,0.00126777,0.00120274,0.00114083,0.00108208,0.00102646,0.000973923,0.000924368,0.000879552,0.000835453,0.00079552,0.000756424,0.0007197,0.000685206,0.000652812,0.000621449,0.000592934,0.000564582,0.000538801,0.000517194,0.000491909,0.000467902,0.000445158,0.000423636,0.000403305,0.000384108,0.000365675,0.000348333,0.000331753,0.000316192,0.000301356,0.000287246,0.000273847,0.000261145,0.000249111,0.000237589,0.000226707,0.000216323,0.000206432,0.000197029,0.000188014,0.000179552,0.00017139,0.000163679,0.000156274,0.00014924,0.000142565,0.000136192,0.000130117,0.000124299,0.000121618
5.93e-06,16.3856,16.8566,14.6578,13.3793,11.4824,10.9505,10.5687,10.5322,10.7076,11.0192,11.6813,12.8285,12.8058,12.5743,12.1862,11.6927,11.1341,10.4236,9.81461,9.16461,8.27289,7.12818,5.01671,1.66962,0.958445,0.649074,0.473517,0.361867,0.281759,0.228684,0.181136,0.147097,0.121915,0.102777,0.0853303,0.0720871,0.0618022,0.0536573,0.046129,0.0409373,0.0353554,0.0314207,0.027738,0.02472,0.0222137,0.0198681,0.0179141,0.0161002,0.0147216,0.0132944,0.0121937,0.0110691,0.0101895,0.00936266,0.00859351,0.00793097,0.00731423,0.00680004,0.00633042,0.005862,0.00545371,0.00505334,0.00470436,0.00439784,0.00412673,0.00386025,0.00360241,0.00339484,0.003174,0.00299438,0.0028057,0.00265074,0.00248956,0.00235596,0.00221807,0.00209498,0.00197752,0.0018722,0.00177167,0.0016761,0.00159011,0.00150825,0.00143055,0.001357,0.00128753,0.00122201,0.00116275,0.00110444,0.00105164,0.000999943,0.000951391,0.00090579,0.000862961,0.00082149,0.000783793,0.000746309,0.000712225,0.000683663,0.000650232,0.000618497,0.000588429,0.000559979,0.000533099,0.000507724,0.000483355,0.000460432,0.000438516,0.000417942,0.000398331,0.00037968,0.000361968,0.000345176,0.000329271,0.000314038,0.000299655,0.000285929,0.000272855,0.000260426,0.000248509,0.000237324,0.000226536,0.000216342,0.000206554,0.000197257,0.000188435,0.00018001,0.000171981,0.000164291,0.000160747
7.83e-06,16.9831,16.8716,14.6698,13.3926,11.5073,10.9865,10.6257,10.5991,10.8042,11.1387,11.8342,12.9722,12.9504,12.7257,12.3502,11.8756,11.3431,10.6752,10.1198,9.54134,8.78615,7.90648,6.79098,4.76498,1.57225,0.965189,0.67693,0.506351,0.388776,0.312865,0.246008,0.198766,0.164131,0.137984,0.114273,0.096354,0.0824847,0.0715298,0.0614267,0.054472,0.0470059,0.0417501,0.0368363,0.0328134,0.0294752,0.0263532,0.023754,0.0213427,0.0195109,0.0176153,0.0161539,0.0146613,0.0134943,0.0123975,0.0113775,0.0104991,0.00968166,0.00900017,0.00837789,0.00775731,0.00721646,0.00668618,0.00622405,0.00581816,0.00545921,0.00510642,0.0047651,0.00449036,0.00419806,0.00396035,0.00371067,0.00350561,0.00329234,0.00311557,0.00293314,0.00277029,0.0026149,0.00247559,0.0023426,0.00221619,0.00210245,0.00199417,0.00189141,0.00179415,0.00170226,0.00161561,0.00153724,0.00146014,0.00139031,0.00132195,0.00125775,0.00119745,0.00114082,0.00108599,0.00103614,0.000986584,0.000941518,0.000903753,0.000859554,0.000817596,0.000777842,0.000740231,0.000704695,0.000671148,0.000638931,0.000608625,0.00057965,0.000552454,0.000526531,0.000501873,0.000478459,0.00045626,0.000435234,0.000415098,0.000396085,0.000377941,0.000360658,0.000344228,0.000328476,0.000313692,0.000299431,0.000285955,0.000273018,0.000260728,0.000249066,0.000237931,0.000227317,0.000217153,0.000212467
1.03e-05,17.4923,16.8859,14.6815,13.4055,11.5316,11.0217,10.6813,10.6641,10.8977,11.254,11.9814,13.1078,13.0863,12.8671,12.5021,12.0433,11.5323,10.8988,10.3852,9.85969,9.19553,8.45421,7.61021,6.5724,4.17384,1.58271,1.01076,0.726729,0.544904,0.43267,0.336483,0.269859,0.221664,0.185625,0.153191,0.128832,0.110065,0.0952947,0.0817142,0.0723885,0.0623978,0.0553777,0.048824,0.0434654,0.0390235,0.0348734,0.0314211,0.0282207,0.025791,0.0232781,0.0213418,0.0193651,0.0178202,0.0163688,0.0150195,0.0138578,0.0127769,0.0118761,0.0110538,0.0102338,0.00951937,0.008819,0.00820875,0.00767285,0.00719897,0.00673331,0.00628282,0.00592026,0.00553457,0.00522092,0.00489151,0.00462101,0.0043397,0.00410655,0.00386594,0.00365119,0.00344627,0.00326257,0.00308722,0.00292054,0.00277058,0.00262784,0.00249237,0.00236414,0.00224302,0.00212881,0.0020255,0.00192388,0.00183185,0.00174175,0.00165714,0.00157767,0.00150304,0.00143077,0.00136509,0.00129978,0.0012404,0.00119064,0.00113239,0.00107711,0.00102472,0.000975166,0.000928343,0.00088414,0.000841694,0.000801764,0.000763592,0.000727758,0.000693605,0.000661119,0.000630271,0.000601025,0.000573327,0.000546798,0.000521751,0.000497846,0.00047508,0.000453434,0.000432684,0.000413208,0.000394422,0.00037667,0.000359626,0.000343437,0.000328075,0.000313406,0.000299425,0.000286035,0.000279864
1.36e-05,17.9433,16.9001,14.693,13.4184,11.5561,11.0573,10.7369,10.7291,10.9906,11.3685,12.1271,13.2393,13.2178,13.0031,12.6472,12.202,11.7095,11.1051,10.6263,10.1436,9.54895,8.89511,8.18556,7.40853,6.27202,4.20113,1.71793,1.1115,0.794859,0.616128,0.470385,0.372851,0.303805,0.252933,0.207672,0.17399,0.148216,0.128036,0.109561,0.0969189,0.0834144,0.0739495,0.0651314,0.0579343,0.0519772,0.0464188,0.0418003,0.0375231,0.0342789,0.030926,0.0283443,0.0257104,0.023653,0.0217211,0.0199258,0.0183809,0.016944,0.0157466,0.0146541,0.013565,0.0126163,0.0116866,0.0108766,0.0101655,0.00953682,0.00891911,0.00832163,0.00784086,0.00732947,0.00691367,0.00647702,0.0061185,0.00574569,0.00543673,0.00511793,0.0048334,0.00456193,0.00431859,0.00408632,0.00386557,0.00366697,0.00347792,0.00329853,0.00312874,0.00296837,0.00281714,0.00268037,0.00254583,0.002424,0.00230473,0.00219272,0.00208753,0.00198874,0.0018931,0.00180616,0.00171973,0.00164113,0.00157527,0.00149819,0.00142503,0.00135571,0.00129013,0.00122817,0.00116967,0.00111351,0.00106068,0.00101017,0.000962753,0.000917561,0.000874577,0.000833767,0.00079507,0.000758424,0.000723326,0.000690189,0.000658564,0.000628443,0.000599806,0.000572354,0.000546588,0.000521735,0.000498251,0.000475705,0.000454288,0.000433965,0.00041456,0.000396066,0.000378353,0.000370188
1.8e-05,18.3439,16.9139,14.7044,13.4312,11.5807,11.0929,10.7924,10.7937,11.0827,11.4817,12.2706,13.3666,13.3446,13.1336,12.7854,12.3521,11.8755,11.296,10.8469,10.4008,9.86486,9.27092,8.63753,7.98508,7.14084,6.13448,4.56838,2.03245,1.25357,0.921689,0.679705,0.527869,0.424492,0.350197,0.285296,0.23768,0.201615,0.173595,0.148104,0.130749,0.112286,0.0993939,0.0874171,0.0776665,0.0696127,0.0621113,0.0558887,0.050134,0.0457743,0.0412734,0.0378111,0.0342817,0.031527,0.028942,0.0265413,0.0244766,0.0225572,0.0209585,0.0195003,0.0180474,0.0167822,0.0155427,0.0144632,0.0135157,0.0126782,0.0118556,0.0110601,0.0104201,0.00973944,0.00918612,0.00860517,0.00812822,0.00763236,0.00722148,0.00679754,0.00641924,0.00605835,0.00573488,0.00542615,0.00513276,0.00486885,0.00461764,0.00437928,0.0041537,0.00394064,0.00373975,0.00355808,0.00337937,0.00321756,0.00305916,0.0029104,0.00277072,0.00263954,0.00251253,0.00239711,0.00228234,0.00217799,0.00209055,0.00198822,0.00189109,0.00179907,0.00171201,0.00162977,0.00155213,0.00147757,0.00140745,0.0013404,0.00127748,0.0012175,0.00116045,0.00110629,0.00105494,0.0010063,0.000959722,0.000915747,0.000873778,0.00083381,0.000795807,0.000759379,0.00072519,0.000692211,0.00066105,0.000631133,0.000602714,0.000575749,0.000550001,0.000525462,0.000501959,0.000491126
2.38e-05,18.6984,16.9273,14.7155,13.4438,11.605,11.1283,10.847,10.8572,11.1729,11.5922,12.4103,13.4884,13.4656,13.2576,12.916,12.4928,12.0299,11.4719,11.0487,10.6355,10.1558,9.60498,9.0125,8.42925,7.72054,6.96697,6.10758,4.95842,2.58474,1.53835,1.03974,0.77546,0.609034,0.494658,0.397955,0.328653,0.277008,0.237355,0.201624,0.177476,0.151944,0.134209,0.117801,0.10449,0.0935283,0.0833442,0.0749151,0.0671351,0.0612509,0.0551851,0.0505251,0.0457803,0.0420809,0.0386126,0.0353943,0.0326285,0.0300592,0.0279199,0.0259703,0.0240287,0.0223388,0.0206839,0.0192433,0.0179793,0.0168624,0.0157656,0.0147054,0.0138526,0.012946,0.0122091,0.0114355,0.0108006,0.0101407,0.00959389,0.00902985,0.00852662,0.0080466,0.00761643,0.00720591,0.00681585,0.00646499,0.00613108,0.00581429,0.0055145,0.00523139,0.00496446,0.00472309,0.00448568,0.00427073,0.00406033,0.00386276,0.00367724,0.00350303,0.00333438,0.0031811,0.00302871,0.00289016,0.00277407,0.00263822,0.00250928,0.00238711,0.00227156,0.00216238,0.00205933,0.00196038,0.0018673,0.00177832,0.00169481,0.00161522,0.00153951,0.00146763,0.00139949,0.00133495,0.00127315,0.00121479,0.00115911,0.00110608,0.00105566,0.00100732,0.000961961,0.000918207,0.000876865,0.000837175,0.000799471,0.000763697,0.000729539,0.000696985,0.000665806,0.000651435
3.14e-05,19.0133,16.9403,14.7263,13.456,11.6291,11.1631,10.9006,10.9194,11.2609,11.6999,12.5458,13.6047,13.5809,13.3751,13.0391,12.6246,12.1736,11.6343,11.2345,10.853,10.4369,9.9195,9.33849,8.79307,8.16101,7.52506,6.86326,6.14202,5.21638,3.85513,1.86387,1.23063,0.916691,0.722801,0.568711,0.462778,0.386085,0.328337,0.277083,0.242839,0.206964,0.182238,0.1595,0.141151,0.126102,0.112172,0.100679,0.0900999,0.0821177,0.0739057,0.0676084,0.061207,0.0562232,0.0515566,0.0472314,0.0435182,0.040072,0.0372045,0.0345937,0.0319955,0.0297355,0.0275237,0.0255994,0.0239118,0.0224214,0.0209584,0.0195447,0.0184081,0.0172,0.0162185,0.0151884,0.0143432,0.0134649,0.0127374,0.011987,0.0113177,0.0106795,0.0101076,0.0095619,0.00904351,0.0085773,0.00813367,0.00771284,0.00731465,0.00693866,0.00658421,0.00626374,0.00594856,0.00566322,0.00538394,0.00512172,0.00487552,0.00464434,0.00442056,0.0042172,0.00401502,0.00383123,0.00367723,0.00349703,0.003326,0.00316398,0.00301073,0.00286595,0.0027293,0.00259809,0.00247468,0.00235671,0.00224598,0.00214046,0.00204009,0.00194481,0.00185448,0.00176893,0.001687,0.00160966,0.00153585,0.00146556,0.00139873,0.00133467,0.00127456,0.00121657,0.00116178,0.00110918,0.00105922,0.00101181,0.000966545,0.000923407,0.000882092,0.000863049
4.14e-05,19.2965,16.9529,14.7368,13.468,11.6528,11.1979,10.9534,10.9805,11.3472,11.8055,12.678,13.7165,13.6915,13.4874,13.1562,12.7493,12.3087,11.786,11.4081,11.0602,10.7312,10.245,9.63815,9.10633,8.52055,7.95257,7.38658,6.81068,6.17811,5.50474,4.43165,2.61403,1.56711,1.13831,0.852819,0.674899,0.552908,0.464162,0.387514,0.337296,0.285465,0.25018,0.218033,0.192293,0.171315,0.152001,0.136139,0.121598,0.110663,0.0994453,0.0908657,0.0821641,0.0754033,0.0690839,0.0632362,0.0582234,0.0535771,0.0497143,0.0462021,0.0427102,0.0396756,0.0367082,0.0341285,0.0318678,0.0298723,0.0279148,0.0260241,0.0245048,0.0228908,0.02158,0.020205,0.0190771,0.0179054,0.0169353,0.015935,0.015043,0.0141926,0.0134309,0.0127042,0.012014,0.0113935,0.0108031,0.0102431,0.0097134,0.00921329,0.00874191,0.00831578,0.00789675,0.00751744,0.00714625,0.00679776,0.0064706,0.00616344,0.00586615,0.005596,0.00532745,0.00508334,0.00487883,0.00463954,0.00441245,0.00419733,0.00399387,0.00380167,0.00362028,0.00344612,0.00328232,0.00312575,0.00297882,0.00283878,0.0027056,0.00257917,0.00245931,0.00234581,0.00223712,0.00213451,0.00203659,0.00194335,0.0018547,0.00176973,0.00168999,0.00161308,0.00154041,0.00147065,0.00140438,0.00134151,0.00128147,0.00122427,0.00116948,0.00114422
5.47e-05,19.5551,16.9652,14.7472,13.48,11.6768,11.2327,11.006,11.0414,11.4329,11.91,12.8084,13.8252,13.7988,13.596,13.2689,12.8686,12.4373,11.9299,11.5737,11.2647,11.084,10.6464,9.93463,9.38888,8.82921,8.30457,7.79536,7.29411,6.77838,6.26769,5.59732,4.83848,3.82958,2.34759,1.4514,1.06406,0.836854,0.684996,0.560673,0.482145,0.403194,0.350637,0.303509,0.266257,0.236201,0.208759,0.186385,0.165998,0.150743,0.135163,0.123293,0.111294,0.101999,0.0933329,0.0853327,0.078489,0.0721575,0.0669004,0.0621296,0.0573927,0.0532814,0.0492659,0.0457789,0.042726,0.0400336,0.0373944,0.0348475,0.0328022,0.0306308,0.0288684,0.0270207,0.0255059,0.023933,0.0226313,0.0212898,0.0200939,0.0189542,0.0179337,0.0169606,0.0160365,0.0152059,0.014416,0.0136669,0.0129585,0.0122898,0.0116597,0.0110901,0.0105302,0.0100235,0.00952766,0.00906225,0.0086254,0.00821532,0.00781846,0.00745789,0.00709951,0.00677378,0.00650091,0.00618169,0.00587876,0.00559185,0.00532051,0.00506421,0.00482235,0.00459015,0.00437179,0.00416308,0.00396722,0.00378057,0.00360309,0.0034346,0.00327488,0.00312364,0.00297882,0.00284212,0.00271167,0.00258745,0.00246936,0.00235617,0.00224996,0.00214751,0.00205073,0.00195781,0.00186956,0.00178583,0.00170589,0.0016297,0.00155675,0.00152312
7.22e-05,19.7898,16.9771,14.7573,13.4917,11.7005,11.2672,11.0579,11.1013,11.5169,12.0124,12.9354,13.9299,13.9019,13.7,13.3763,12.9819,12.5589,12.0655,11.7313,11.4707,11.6286,11.4838,10.2559,9.65086,9.09931,8.60251,8.12981,7.67326,7.22027,6.78213,6.23983,5.69221,5.11974,4.4845,3.49753,2.15649,1.44863,1.1023,0.861031,0.72199,0.590323,0.506269,0.433073,0.376488,0.331658,0.291313,0.258807,0.229477,0.207705,0.185618,0.16889,0.152066,0.139092,0.127041,0.115955,0.1065,0.0977769,0.0905475,0.0840045,0.0775209,0.0719039,0.0664269,0.0616782,0.0575264,0.0538693,0.0502884,0.0468365,0.0440673,0.0411299,0.0387478,0.0362524,0.0342081,0.0320868,0.0303324,0.0285253,0.0269154,0.0253819,0.0240094,0.0227012,0.0214596,0.0203441,0.0192834,0.0182781,0.0173275,0.0164307,0.0155858,0.0148224,0.014072,0.0133931,0.012729,0.0121058,0.0115209,0.010972,0.0104409,0.00995847,0.00947905,0.00904337,0.00867846,0.00825161,0.00784662,0.00746309,0.00710044,0.00675794,0.00643476,0.00612455,0.00583284,0.00555407,0.00529249,0.00504324,0.00480624,0.00458127,0.00436804,0.00416614,0.00397284,0.00379036,0.00361626,0.00345048,0.0032929,0.00314186,0.00300014,0.00286345,0.00273432,0.00261037,0.00249264,0.00238094,0.00227431,0.00217269,0.00207538,0.00203053
9.53e-05,20.0045,16.9887,14.7673,13.5033,11.7241,11.3016,11.1092,11.1604,11.5997,12.1131,13.0597,14.0311,14.0014,13.8,13.4792,13.09,12.6744,12.1943,11.8836,11.6873,12.9855,13.2392,10.6863,9.9072,9.34304,8.86291,8.41478,7.98756,7.57358,7.17634,6.69708,6.23248,5.77668,5.32221,4.76267,4.15467,3.41931,2.43016,1.5728,1.21381,0.934254,0.776097,0.647793,0.553584,0.481462,0.418279,0.368435,0.324231,0.291887,0.259453,0.235129,0.210868,0.192293,0.175141,0.159448,0.146128,0.133889,0.123775,0.114659,0.105651,0.0978692,0.0902999,0.0837521,0.0780388,0.073015,0.068104,0.0633775,0.059591,0.0555798,0.0523309,0.0489312,0.046149,0.0432649,0.0408816,0.0384289,0.0362456,0.0341675,0.0323089,0.0305384,0.0288591,0.0273511,0.0259181,0.0245605,0.0232776,0.0220676,0.0209283,0.0198992,0.0188882,0.0179737,0.0170794,0.0162405,0.0154535,0.0147151,0.0140008,0.0133521,0.0127077,0.0121221,0.0116318,0.0110584,0.0105145,0.00999955,0.00951269,0.00905298,0.00861927,0.00820302,0.00781169,0.00743776,0.00708694,0.0067527,0.00643494,0.00613335,0.00584752,0.00557692,0.00531785,0.00507334,0.00484006,0.00461796,0.00440685,0.00420454,0.00401471,0.00383165,0.00365872,0.00349273,0.00333509,0.00318553,0.00304277,0.00290673,0.00277646,0.00271642
0.000126,20.203,17.0001,14.7771,13.5148,11.7478,11.3362,11.1602,11.2192,11.6819,12.2129,13.1821,14.1298,14.0982,13.897,13.5787,13.194,12.7853,12.318,12.0333,11.9281,13.9268,13.7879,11.8932,10.1792,9.5704,9.09705,8.66541,8.25838,7.87073,7.49946,7.0574,6.63684,6.23457,5.8474,5.39767,4.95725,4.5166,4.06131,3.47678,2.87066,1.93243,1.41349,1.08913,0.888132,0.749073,0.635337,0.550056,0.477211,0.42535,0.374465,0.336996,0.300142,0.272297,0.246859,0.223801,0.204386,0.186671,0.172101,0.159053,0.14622,0.13518,0.124484,0.115265,0.107245,0.100212,0.0933541,0.0867697,0.0815059,0.0759407,0.0714413,0.066741,0.0629003,0.0589247,0.0556439,0.0522716,0.0492733,0.0464225,0.0438754,0.0414513,0.0391541,0.037093,0.0351359,0.0332832,0.0315335,0.0298844,0.0283326,0.0269317,0.0255562,0.0243126,0.0230972,0.0219575,0.0208888,0.0198865,0.0189173,0.0180375,0.0171638,0.0163702,0.0157059,0.0149292,0.0141926,0.0134955,0.0128366,0.0122146,0.0116279,0.011065,0.010536,0.0100305,0.0095564,0.0091048,0.00867552,0.00826818,0.00788219,0.00751681,0.00716708,0.00683703,0.00652219,0.00622248,0.00593764,0.0056647,0.00540862,0.00516172,0.00492849,0.00470465,0.00449209,0.00429045,0.00409798,0.00391459,0.00373899,0.00365807
0.000166,20.3836,17.011,14.7866,13.526,11.7711,11.3701,11.21,11.2766,11.7618,12.3099,13.3004,14.2241,14.1906,13.9894,13.6731,13.2924,12.8899,12.435,12.1799,12.2059,14.4415,14.1437,12.913,10.502,9.78556,9.30813,8.88638,8.4931,8.12362,7.76963,7.35127,6.95707,6.58447,6.2312,5.82957,5.44873,5.08492,4.73421,4.33571,3.99709,3.53606,3.10282,2.52974,1.88516,1.41187,1.10155,0.906484,0.757979,0.660045,0.569095,0.504893,0.443814,0.398834,0.358541,0.32266,0.292891,0.266044,0.244136,0.224742,0.205828,0.189676,0.174129,0.160807,0.149276,0.139208,0.129429,0.120076,0.112624,0.104769,0.098436,0.0918372,0.0864582,0.0809021,0.0763264,0.0716316,0.067465,0.0635097,0.0599812,0.0566278,0.053454,0.0506099,0.0479124,0.0453614,0.0429549,0.0406889,0.0385584,0.0366368,0.0347514,0.0330482,0.0313848,0.029826,0.0283653,0.0269961,0.025673,0.0244725,0.0232809,0.0221991,0.0212939,0.0202361,0.0192334,0.0182848,0.0173885,0.0165428,0.0157454,0.0149806,0.014262,0.0135756,0.012932,0.0123192,0.0117368,0.0111843,0.0106608,0.0101655,0.00969144,0.00924417,0.0088176,0.00841161,0.00802583,0.00765622,0.00730952,0.00697527,0.0066596,0.00635668,0.00606905,0.00579624,0.00553586,0.00528781,0.00505032,0.00494088
0.000219,20.5517,17.0217,14.796,13.5371,11.7944,11.4042,11.2596,11.3336,11.8411,12.406,13.4167,14.3162,14.2806,14.0791,13.7645,13.3873,12.9905,12.5482,12.328,12.5479,14.8184,14.4211,13.3562,11.0204,10.0022,9.50619,9.08846,8.70428,8.34774,8.00586,7.60371,7.2269,6.87296,6.53983,6.16478,5.81381,5.48416,5.17327,4.83111,4.55288,4.19953,3.90308,3.57366,3.24761,2.91572,2.51878,2.07699,1.58375,1.25976,1.00732,0.854425,0.723679,0.634669,0.559275,0.495012,0.443556,0.398446,0.362452,0.331197,0.3012,0.275925,0.251901,0.231549,0.214075,0.198922,0.184318,0.17045,0.159468,0.147954,0.138717,0.129135,0.121355,0.113349,0.106777,0.100055,0.0941069,0.0884751,0.083463,0.0787103,0.0742217,0.0702072,0.0664063,0.0628181,0.0594383,0.0562608,0.0532775,0.0505903,0.0479569,0.0455809,0.0432628,0.0410928,0.0390612,0.0371588,0.0353219,0.0336568,0.0320051,0.0305069,0.0292541,0.0277909,0.0264049,0.0250945,0.0238572,0.0226904,0.0215908,0.0205367,0.0195467,0.0186017,0.0177159,0.0168728,0.0160719,0.0153124,0.0145931,0.0139126,0.0132617,0.0126477,0.0120622,0.0115052,0.0109761,0.0104692,0.00999392,0.0095358,0.00910322,0.00868821,0.00829423,0.00792062,0.0075641,0.00722451,0.00689944,0.00674966
0.000289,20.7078,17.0321,14.8051,13.548,11.8178,11.4382,11.3086,11.39,11.9194,12.5008,13.5306,14.4056,14.368,14.1659,13.8527,13.4787,13.0873,12.6578,12.4797,12.9658,15.1217,14.6516,13.6652,12.0789,10.2343,9.69612,9.27586,8.8967,8.54906,8.21564,7.82482,7.45989,7.11834,6.79808,6.43926,6.1055,5.79426,5.50324,5.18658,4.93267,4.61633,4.35789,4.08075,3.82035,3.57411,3.31094,3.05909,2.78806,2.54755,2.25048,1.96962,1.61891,1.32322,1.08027,0.899314,0.771638,0.670182,0.594519,0.532814,0.476182,0.430259,0.387928,0.352985,0.323635,0.29864,0.274909,0.252673,0.235271,0.217213,0.20286,0.188093,0.176201,0.164034,0.154113,0.144021,0.135139,0.126755,0.119328,0.112316,0.10572,0.0998411,0.0942932,0.0890714,0.084167,0.0795679,0.0752607,0.0713895,0.0676039,0.0641949,0.0608751,0.0577728,0.0548732,0.052162,0.0495481,0.0471817,0.0448375,0.0427137,0.0409396,0.0388698,0.0369113,0.0350616,0.0333168,0.0316728,0.030125,0.0286424,0.0272511,0.025924,0.024681,0.0234985,0.0223761,0.0213123,0.0203054,0.0193534,0.0184431,0.0175849,0.016767,0.0159892,0.0152506,0.0145434,0.0138805,0.0132418,0.0126389,0.0120607,0.0115119,0.0109917,0.0104954,0.0100228,0.00957058,0.00936223
0.000382,20.8538,17.0424,14.8142,13.5589,11.8412,11.4723,11.3575,11.4461,11.9971,12.5948,13.6427,14.4931,14.4533,14.2505,13.9384,13.5672,13.1809,12.7649,12.6382,13.4271,15.3798,14.8517,13.9111,12.6981,10.5127,9.88552,9.45409,9.07579,8.73361,8.40592,8.02301,7.66637,7.33331,7.0217,6.6734,6.35038,6.05013,5.77042,5.46746,5.22581,4.92676,4.68451,4.42738,4.18899,3.96722,3.73531,3.51983,3.29724,3.11015,2.89615,2.71361,2.50709,2.3276,2.14004,1.9435,1.75073,1.5445,1.34522,1.15426,0.971691,0.83257,0.716418,0.62923,0.561386,0.507014,0.457866,0.413804,0.380506,0.346962,0.320975,0.294823,0.274138,0.253347,0.236634,0.219853,0.205254,0.191638,0.179691,0.168497,0.158047,0.148801,0.140124,0.132012,0.124429,0.117354,0.110755,0.104855,0.0991032,0.0939487,0.0889413,0.0842777,0.0799323,0.0758812,0.071986,0.0684686,0.0649926,0.0618469,0.0592278,0.0561774,0.0532937,0.0505783,0.0480217,0.045614,0.0433535,0.0411889,0.0391606,0.0372285,0.0354213,0.0337043,0.0320763,0.030535,0.0290778,0.0277013,0.0263864,0.0251478,0.0239684,0.0228476,0.0217842,0.0207667,0.0198136,0.0188958,0.0180301,0.0172002,0.0164131,0.0156673,0.0149562,0.0142793,0.0136319,0.0133337
0.000504,20.9892,17.0522,14.8231,13.5696,11.8644,11.5062,11.4056,11.5013,12.0734,12.6869,13.7516,14.5776,14.5356,14.3319,14.0206,13.652,13.2705,12.8688,12.8047,13.8624,15.6034,15.0274,14.1165,13.0635,10.9146,10.0814,9.62578,9.24343,8.90331,8.57894,8.20121,7.85021,7.52294,7.21714,6.87578,6.55964,6.2662,5.99327,5.69817,5.46327,5.17326,4.93903,4.69123,4.46239,4.2505,4.03017,3.82687,3.61867,3.44546,3.24988,3.08576,2.90393,2.75013,2.59472,2.43918,2.29533,2.15183,2.02496,1.90014,1.76707,1.64273,1.51161,1.38824,1.27134,1.16001,1.04268,0.922698,0.824388,0.722984,0.646213,0.572758,0.518057,0.466181,0.426636,0.388726,0.357105,0.328656,0.304449,0.282371,0.262253,0.244826,0.22877,0.214001,0.200417,0.187906,0.176393,0.166203,0.15638,0.147647,0.139239,0.131472,0.124289,0.117638,0.111279,0.105566,0.099955,0.0949095,0.0907148,0.0858584,0.0812891,0.0769995,0.0729729,0.0692024,0.0656669,0.0622992,0.0591499,0.0561585,0.0533676,0.0507225,0.0482202,0.0458564,0.0436261,0.0415234,0.0395184,0.0376331,0.0358391,0.0341386,0.0325274,0.0309865,0.0295464,0.02816,0.0268552,0.0256045,0.0244208,0.0232992,0.0222308,0.0212159,0.0202449,0.019798
0.000665,21.1158,17.0619,14.8318,13.5802,11.8876,11.5399,11.4532,11.556,12.1488,12.7779,13.8583,14.6599,14.6156,14.4109,14.1003,13.7339,13.357,12.9708,12.9829,14.2476,15.8026,15.1857,14.2954,13.3357,11.641,10.3013,9.79814,9.40496,9.06308,8.73975,8.36492,8.01752,7.6941,7.39219,7.05543,6.74376,6.45465,6.18589,5.89549,5.66447,5.37947,5.14948,4.90638,4.68214,4.47474,4.2594,4.06102,3.85826,3.68995,3.50039,3.34181,3.16677,3.01934,2.87109,2.72362,2.58821,2.4543,2.33848,2.22455,2.1049,1.99519,1.8822,1.77892,1.68416,1.59691,1.50774,1.41797,1.343,1.26034,1.19076,1.11519,1.05108,0.982264,0.923463,0.860978,0.803549,0.74724,0.695482,0.64501,0.596169,0.551776,0.509419,0.469497,0.432373,0.398243,0.367179,0.340183,0.314749,0.292707,0.272045,0.253454,0.236688,0.221524,0.207363,0.194911,0.182903,0.172303,0.163637,0.153731,0.144564,0.136079,0.128221,0.120946,0.114202,0.107839,0.101952,0.0964095,0.0912785,0.086453,0.0819209,0.077666,0.0736764,0.0699373,0.0663915,0.0630747,0.0599368,0.0569709,0.0541748,0.0515124,0.0490309,0.0466531,0.0444204,0.0422894,0.040275,0.0383752,0.036569,0.034857,0.0332236,0.0324737
0.000878,21.2347,17.0713,14.8404,13.5907,11.9108,11.5736,11.5004,11.6102,12.2234,12.8679,13.9629,14.7402,14.6936,14.4878,14.1776,13.8132,13.4408,13.0717,13.1753,14.5863,15.9831,15.3303,14.4552,13.5583,12.2934,10.5817,9.9804,9.5655,9.21681,8.89197,8.5178,8.17223,7.85109,7.55161,7.21777,6.90893,6.6225,6.35627,6.06862,5.83981,5.55753,5.32974,5.08896,4.86686,4.66145,4.44817,4.2517,4.05091,3.88423,3.69654,3.53954,3.36629,3.22039,3.07373,2.92788,2.79401,2.6617,2.54802,2.43555,2.31753,2.20943,2.09823,1.99673,1.90374,1.81828,1.73111,1.64358,1.57068,1.49058,1.42339,1.35074,1.2894,1.22392,1.16829,1.10955,1.05593,1.00368,0.955917,0.909494,0.864584,0.823543,0.783889,0.745731,0.709136,0.674145,0.640773,0.610277,0.579992,0.552326,0.525031,0.499207,0.474801,0.451745,0.429309,0.408828,0.388383,0.369738,0.354073,0.335705,0.318241,0.301678,0.286002,0.271193,0.257222,0.243823,0.231235,0.219229,0.207989,0.197308,0.18718,0.177599,0.16855,0.160019,0.151885,0.14424,0.136982,0.130105,0.123603,0.117402,0.111616,0.106064,0.10085,0.0958731,0.0911739,0.0867389,0.08253,0.0785401,0.0747417,0.0729981
0.00116,21.3464,17.0805,14.8488,13.6011,11.9341,11.6073,11.5473,11.664,12.2973,12.957,14.0654,14.8187,14.7698,14.5627,14.2527,13.8902,13.5222,13.1721,13.3821,14.888,16.1484,15.4636,14.6002,13.7495,12.6981,11.0369,10.189,9.73181,9.36854,9.03885,8.66282,8.31732,7.99705,7.69877,7.36652,7.05926,6.77434,6.50951,6.22333,5.99563,5.71466,5.48784,5.24801,5.02669,4.82192,4.6092,4.41315,4.21267,4.04617,3.85857,3.70154,3.52815,3.38203,3.23504,3.08874,2.95437,2.82143,2.70754,2.59433,2.47541,2.36638,2.25409,2.15148,2.05736,1.97076,1.88232,1.79338,1.71921,1.63759,1.56902,1.49475,1.43194,1.36477,1.30761,1.24712,1.19179,1.13776,1.08827,1.04004,0.993286,0.950439,0.908936,0.86889,0.830373,0.793431,0.758086,0.725683,0.693395,0.663799,0.63449,0.606655,0.580242,0.555193,0.53071,0.508261,0.485754,0.465125,0.447719,0.427208,0.407598,0.388893,0.371085,0.354158,0.338089,0.322578,0.307913,0.293827,0.280547,0.267836,0.2557,0.244134,0.233131,0.222675,0.212632,0.203122,0.194022,0.185334,0.177054,0.169099,0.161617,0.154385,0.14754,0.140956,0.134692,0.128738,0.123046,0.117614,0.112404,0.11
0.00153,21.4509,17.0894,14.8571,13.6113,11.9572,11.6408,11.5936,11.7169,12.3699,13.0445,14.1651,14.8948,14.8435,14.635,14.3251,13.9643,13.6008,13.2718,13.5991,15.1589,16.2998,15.5865,14.7323,13.9173,12.9951,11.8421,10.4623,9.91381,9.52232,9.18291,8.80182,8.45441,8.13359,7.83536,7.50353,7.19684,6.9125,6.6482,6.36255,6.13522,5.8546,5.62797,5.38822,5.16686,4.96193,4.74892,4.55248,4.35146,4.18439,3.99601,3.83821,3.66382,3.51673,3.36863,3.2211,3.08545,2.95112,2.83621,2.72155,2.601,2.49033,2.37623,2.27181,2.17592,2.08758,1.99725,1.90628,1.83031,1.74658,1.67614,1.59972,1.53499,1.46567,1.40657,1.34393,1.28653,1.23039,1.17887,1.12858,1.07974,1.03489,0.991378,0.94931,0.908772,0.869817,0.832473,0.79817,0.763925,0.732471,0.701261,0.671564,0.643328,0.616495,0.590218,0.566076,0.541823,0.519551,0.500723,0.478497,0.457204,0.43685,0.417433,0.39894,0.38135,0.364336,0.348219,0.332709,0.318059,0.304011,0.290572,0.277743,0.265515,0.253877,0.242679,0.232058,0.221879,0.212144,0.202852,0.193911,0.18549,0.177339,0.169613,0.162172,0.155082,0.148336,0.141877,0.135705,0.12978,0.127044
0.00202,21.5497,17.0982,14.8652,13.6215,11.9802,11.6742,11.6396,11.7696,12.4421,13.1312,14.263,14.9693,14.9156,14.7057,14.3958,14.0364,13.6774,13.3725,13.8233,15.408,16.4409,15.7017,14.8549,14.0692,13.2387,12.4552,10.9891,10.1384,9.68811,9.33052,8.93961,8.58776,8.26472,7.96534,7.6328,7.32576,7.04121,6.77675,6.49091,6.26337,5.98241,5.7554,5.51515,5.29321,5.08763,4.87381,4.67649,4.47444,4.30639,4.11676,3.9578,3.78197,3.63356,3.484,3.33488,3.19765,3.06162,2.94536,2.82903,2.70659,2.59409,2.47796,2.37159,2.27379,2.1836,2.09128,1.99819,1.92037,1.83451,1.76219,1.68365,1.61703,1.54561,1.48465,1.41996,1.36061,1.3025,1.24909,1.19691,1.14617,1.09952,1.0542,1.01034,0.968027,0.927316,0.888241,0.852308,0.816394,0.78337,0.750567,0.719318,0.689573,0.661275,0.633535,0.608022,0.582364,0.558779,0.538823,0.515242,0.492626,0.470987,0.450324,0.430624,0.411869,0.39371,0.376495,0.359912,0.344235,0.32919,0.314786,0.301024,0.287898,0.275395,0.263356,0.25193,0.24097,0.230483,0.220466,0.210822,0.201733,0.19293,0.184581,0.176536,0.168867,0.161566,0.154573,0.147887,0.141465,0.138499
0.00267,21.6433,17.1067,14.8733,13.6316,12.0034,11.7076,11.6853,11.8219,12.5137,13.2173,14.3591,15.0423,14.9863,14.7748,14.4647,14.1067,13.7524,13.4747,14.0488,15.6398,16.573,15.8101,14.9696,14.2087,13.4497,12.8726,12.4331,10.5002,9.88269,9.48941,9.08066,8.72062,8.39318,8.09118,7.75666,7.4483,7.16277,6.8975,6.61082,6.3826,6.10073,5.87292,5.63172,5.40879,5.2022,4.98722,4.7887,4.5853,4.41601,4.22487,4.06452,3.88704,3.73712,3.58592,3.43506,3.29611,3.15827,3.04053,2.92246,2.79808,2.6837,2.56554,2.4572,2.35751,2.2655,2.17124,2.07611,1.99651,1.90861,1.83451,1.75396,1.68559,1.61221,1.54953,1.48296,1.42184,1.36193,1.30683,1.25295,1.20051,1.15227,1.10536,1.05992,1.01605,0.973813,0.933239,0.895901,0.858554,0.824188,0.790028,0.757463,0.726443,0.696913,0.667947,0.641288,0.614461,0.589786,0.568896,0.544198,0.520496,0.497804,0.476123,0.455441,0.43574,0.416656,0.398553,0.381107,0.364606,0.348762,0.333587,0.319081,0.30524,0.29205,0.279345,0.267281,0.255707,0.244627,0.23404,0.223844,0.214231,0.204919,0.196084,0.187568,0.179448,0.171715,0.164305,0.157221,0.150414,0.14727
0.00352,21.7309,17.115,14.8811,13.6415,12.0267,11.7402,11.7303,11.8733,12.5838,13.3017,14.4523,15.113,15.0546,14.8415,14.5311,14.1744,13.8248,13.5777,14.2672,15.8546,16.6957,15.9113,15.0761,14.3365,13.6364,13.2028,13.1366,13.1343,10.1492,9.67172,9.22974,8.85558,8.52064,8.21408,7.87604,7.56526,7.27791,7.01117,6.72302,6.49367,6.2104,5.98141,5.7389,5.51469,5.30682,5.09041,4.89048,4.68552,4.51485,4.32203,4.16018,3.98093,3.82941,3.67652,3.52386,3.38316,3.2435,3.12425,3.00445,2.87818,2.76196,2.64183,2.5316,2.43011,2.33637,2.24027,2.14322,2.06196,1.97217,1.89642,1.81403,1.74405,1.66889,1.60465,1.53639,1.47366,1.41215,1.35554,1.30014,1.2462,1.19654,1.14824,1.10142,1.05619,1.01261,0.970738,0.932181,0.893595,0.858072,0.822743,0.789049,0.75694,0.726358,0.696347,0.668715,0.640897,0.6153,0.593622,0.567981,0.543366,0.519791,0.497256,0.475753,0.455262,0.435406,0.416565,0.398402,0.381216,0.364711,0.348898,0.333778,0.319347,0.305592,0.292338,0.279751,0.267671,0.256105,0.245052,0.234403,0.224363,0.214634,0.205402,0.196502,0.188014,0.179929,0.172182,0.164774,0.157654,0.154365
0.00464,21.8137,17.1231,14.8888,13.6514,12.0498,11.7734,11.7749,11.9242,12.6532,13.3851,14.5434,15.1821,15.1213,14.9065,14.5957,14.2402,13.8955,13.683,14.4774,16.057,16.8113,16.0069,15.1764,14.4558,13.8071,13.4885,13.605,13.7204,13.4052,9.91498,9.39984,9.00028,8.65271,8.33869,7.99495,7.68031,7.39011,7.12111,6.83078,6.59981,6.3146,6.08406,5.83988,5.61409,5.40469,5.18662,4.98508,4.77838,4.60619,4.41156,4.24811,4.067,3.91383,3.75919,3.6047,3.46224,3.32075,3.19998,3.07847,2.95033,2.83234,2.71029,2.59824,2.49502,2.39963,2.30179,2.20292,2.1201,2.02853,1.95124,1.86713,1.79565,1.71886,1.65318,1.58335,1.51916,1.45617,1.39819,1.34142,1.28611,1.23518,1.18561,1.13755,1.0911,1.04633,1.00329,0.963648,0.923961,0.887409,0.851046,0.816354,0.783281,0.751772,0.720841,0.692354,0.663666,0.637261,0.614893,0.588429,0.563016,0.538671,0.515394,0.493177,0.472,0.451475,0.431994,0.41321,0.395433,0.378357,0.361993,0.346344,0.331404,0.317162,0.303437,0.2904,0.277887,0.265903,0.25445,0.243414,0.233007,0.222922,0.21335,0.204122,0.19532,0.186935,0.1789,0.171214,0.163828,0.160415
0.00613,21.8929,17.131,14.8965,13.6612,12.073,11.8061,11.8194,11.9751,12.7225,13.4682,14.6332,15.2502,15.1869,14.9704,14.6592,14.3047,13.9654,13.7921,14.6793,16.2505,16.9214,16.0984,15.272,14.5689,13.9669,13.748,13.9762,14.1124,13.9097,13.2812,9.61942,9.16738,8.79736,8.47093,8.11806,7.79742,7.50291,7.23058,6.93714,6.70393,6.41613,6.18359,5.93733,5.7096,5.4984,5.27841,5.07505,4.86641,4.69255,4.49597,4.33082,4.14775,3.99285,3.83641,3.68004,3.53579,3.39246,3.27014,3.14694,3.01695,2.8972,2.77328,2.65945,2.55455,2.45756,2.35804,2.25744,2.17312,2.07986,2.00111,1.91537,1.84248,1.76414,1.69711,1.62582,1.56026,1.49591,1.43664,1.3786,1.32203,1.26992,1.21919,1.16998,1.12241,1.07656,1.03245,0.991814,0.951122,0.913635,0.876331,0.840732,0.806786,0.774438,0.742675,0.713415,0.683943,0.656809,0.63382,0.606616,0.580487,0.55545,0.531508,0.508651,0.48686,0.465736,0.445684,0.426346,0.408042,0.390456,0.373602,0.357481,0.34209,0.327415,0.313271,0.299835,0.286936,0.274583,0.262775,0.251396,0.240664,0.230264,0.220391,0.210873,0.201793,0.193143,0.184852,0.176922,0.169301,0.165779
0.00809,21.968,17.1387,14.904,13.6709,12.0963,11.8389,11.8634,12.0254,12.7908,13.5501,14.7208,15.3166,15.2509,15.0326,14.7208,14.3674,14.0336,13.9041,14.8702,16.4343,17.0253,16.1851,15.3625,14.6754,14.1168,13.9868,14.2862,14.4197,14.2581,13.7906,12.778,9.38018,8.96538,8.61722,8.24947,7.91952,7.61855,7.3414,7.04359,6.80733,6.51612,6.28101,6.03215,5.8021,5.58877,5.36656,5.16113,4.95035,4.77467,4.57598,4.40901,4.22389,4.0672,3.90889,3.75061,3.60455,3.45936,3.33548,3.2106,3.07879,2.95731,2.83155,2.71601,2.60947,2.51095,2.40981,2.30754,2.22179,2.12692,2.04678,1.9595,1.88528,1.80548,1.73718,1.66452,1.59768,1.53205,1.4716,1.41237,1.35463,1.30143,1.24962,1.19936,1.15076,1.10389,1.05881,1.01726,0.975651,0.937307,0.899144,0.862716,0.827974,0.794861,0.762341,0.732378,0.702193,0.674399,0.650846,0.622971,0.596194,0.570531,0.545987,0.522552,0.500208,0.478545,0.457977,0.43814,0.419361,0.401318,0.384022,0.367478,0.351681,0.336618,0.322098,0.308303,0.29506,0.282375,0.270249,0.258563,0.24754,0.236858,0.226717,0.216938,0.20761,0.198723,0.190205,0.182057,0.174225,0.170606
0.0107,22.0401,17.1463,14.9114,13.6806,12.1196,11.8709,11.9074,12.0756,12.859,13.6319,14.8072,15.3822,15.3139,15.0938,14.7814,14.429,14.1012,14.0205,15.0525,16.6116,17.1248,16.2684,15.4494,14.7774,14.2603,14.2119,14.5571,14.6803,14.5394,14.1398,13.4926,9.7294,9.18669,8.79412,8.39979,8.05449,7.7434,7.459,7.15484,6.9143,6.61843,6.37994,6.12776,5.89479,5.67886,5.454,5.24616,5.03292,4.85519,4.65416,4.48521,4.29785,4.13925,3.97897,3.81868,3.67073,3.52362,3.39814,3.27153,3.13787,3.01465,2.88705,2.76978,2.66163,2.56157,2.45884,2.35493,2.26778,2.17133,2.08984,2.00107,1.92556,1.84435,1.77483,1.70085,1.63278,1.56593,1.50433,1.44397,1.38512,1.33088,1.27805,1.22679,1.17721,1.12939,1.08338,1.04097,0.998493,0.959343,0.920371,0.883165,0.847676,0.813846,0.780617,0.749996,0.719145,0.690733,0.666654,0.638154,0.610772,0.584527,0.559423,0.53545,0.512591,0.490426,0.46938,0.44908,0.429861,0.411393,0.393689,0.376753,0.36058,0.345157,0.33029,0.316164,0.302601,0.28961,0.27719,0.265221,0.253931,0.242987,0.232599,0.222581,0.213023,0.203918,0.19519,0.186841,0.178816,0.175107
0.0141,22.1074,17.1537,14.9187,13.6901,12.1428,11.9028,11.9505,12.1248,12.9256,13.7118,14.8906,15.4455,15.3748,15.1529,14.8398,14.4883,14.167,14.1389,15.2234,16.7796,17.2183,16.3471,15.5313,14.8735,14.396,14.4216,14.7944,14.9049,14.7758,14.4145,13.8898,13.4084,12.7627,9.0324,8.58311,8.2105,7.88285,7.58718,7.27361,7.02693,6.72463,6.48161,6.22509,5.98844,5.76929,5.54124,5.33055,5.11446,4.93439,4.73074,4.5596,4.36981,4.20914,4.04676,3.88436,3.73442,3.58533,3.45819,3.32983,3.19428,3.06931,2.93987,2.82087,2.7111,2.60954,2.50524,2.39971,2.31119,2.21321,2.1304,2.04018,1.96342,1.88085,1.81015,1.7349,1.66566,1.59763,1.53495,1.47351,1.4136,1.35838,1.30458,1.25237,1.20186,1.15315,1.10627,1.06305,1.01975,0.979846,0.940115,0.90218,0.865991,0.83149,0.797598,0.766364,0.73489,0.705903,0.681334,0.652251,0.624306,0.597519,0.571895,0.547424,0.524087,0.501456,0.479967,0.459238,0.439612,0.42075,0.402668,0.385369,0.368849,0.353094,0.337906,0.323474,0.309617,0.296344,0.283653,0.271422,0.259885,0.248701,0.238084,0.227846,0.218078,0.208771,0.19985,0.191316,0.183113,0.179322
0.0186,22.1726,17.1608,14.9258,13.6995,12.166,11.9346,11.9934,12.1738,12.9919,13.7912,14.9725,15.5078,15.4347,15.2108,14.897,14.5465,14.2321,14.2609,15.3865,16.942,17.308,16.4227,15.6101,14.9659,14.5273,14.6212,15.0094,15.1066,14.9849,14.649,14.1958,13.9309,14.4115,14.1903,8.84603,8.41287,8.05388,7.73875,7.40989,7.15373,6.84189,6.59237,6.32984,6.08822,5.86484,5.6327,5.41844,5.19886,5.01597,4.80922,4.63553,4.44295,4.27994,4.1152,3.95045,3.79835,3.6471,3.51816,3.38792,3.25038,3.12354,2.99217,2.87138,2.75994,2.65682,2.5509,2.44372,2.3538,2.25426,2.17012,2.07843,2.00041,1.91648,1.8446,1.76809,1.69767,1.62849,1.56472,1.50222,1.44126,1.38506,1.33031,1.27717,1.22576,1.17616,1.12842,1.08442,1.04032,0.999678,0.959207,0.920562,0.883693,0.84854,0.814004,0.782175,0.750098,0.720553,0.695511,0.665864,0.637376,0.610066,0.58394,0.558988,0.53519,0.512112,0.490197,0.469054,0.449036,0.429797,0.411352,0.393705,0.376851,0.360778,0.345282,0.330557,0.316418,0.302874,0.289924,0.277443,0.265669,0.254256,0.24342,0.232971,0.223002,0.213503,0.204397,0.195686,0.187313,0.183443
0.0246,22.235,17.1679,14.933,13.709,12.1897,11.9659,12.0364,12.2228,13.0581,13.8706,15.0534,15.5694,15.4938,15.268,14.9534,14.6039,14.2972,14.3868,15.5434,17.1003,17.3945,16.496,15.6864,15.0556,14.6559,14.8126,15.2075,15.2915,15.1746,14.8571,14.4546,14.3523,14.9971,14.7192,13.7092,8.73247,8.29351,7.93765,7.58032,7.30778,6.98036,6.72075,6.44922,6.2004,5.97109,5.73335,5.51433,5.29018,5.1037,4.89307,4.71623,4.52027,4.35447,4.18696,4.01947,3.86488,3.71117,3.58019,3.44786,3.3081,3.17923,3.04574,2.923,2.80976,2.70497,2.59732,2.48839,2.39699,2.2958,2.21027,2.11705,2.03772,1.95237,1.87928,1.80146,1.72983,1.65945,1.59458,1.53099,1.46896,1.41177,1.35605,1.30196,1.24963,1.19914,1.15054,1.10574,1.06084,1.01945,0.97824,0.938884,0.901332,0.865527,0.830349,0.797924,0.765246,0.735145,0.70963,0.679423,0.650394,0.622564,0.595939,0.570509,0.546255,0.522733,0.500395,0.478844,0.458438,0.438825,0.420021,0.40203,0.384847,0.368459,0.352659,0.337645,0.323229,0.309418,0.296212,0.283484,0.271477,0.259838,0.248788,0.238131,0.227963,0.218276,0.208989,0.200104,0.191563,0.187617
0.0324,22.2936,17.1747,14.9399,13.7183,12.2131,11.9972,12.0785,12.2708,13.1228,13.9481,15.1315,15.629,15.551,15.3232,15.0077,14.6592,14.3607,14.5128,15.6911,17.2512,17.4762,16.5653,15.7587,15.1409,14.7792,14.9921,15.3875,15.4591,15.3453,15.0415,14.6783,14.7211,15.3881,15.0595,14.2633,13.3713,8.73197,8.2418,7.81639,7.51052,7.15439,6.87755,6.59147,6.33155,6.0934,5.84759,5.62191,5.39156,5.2003,4.98461,4.80376,4.60355,4.4343,4.26342,4.09267,3.93513,3.77855,3.64521,3.51048,3.36821,3.23705,3.1012,2.97631,2.86109,2.75447,2.64496,2.53413,2.44115,2.3382,2.25118,2.15635,2.07563,1.98879,1.91442,1.83524,1.76235,1.69074,1.62472,1.56,1.49688,1.43867,1.38195,1.3269,1.27363,1.22223,1.17276,1.12715,1.08143,1.03929,0.997329,0.957253,0.919014,0.882552,0.846726,0.813704,0.780422,0.749764,0.723775,0.693007,0.663437,0.635088,0.607965,0.582059,0.55735,0.533385,0.510626,0.488669,0.467877,0.447893,0.428733,0.410401,0.392891,0.376191,0.36009,0.34479,0.330098,0.316023,0.302565,0.289593,0.277356,0.265493,0.254231,0.243369,0.233006,0.223131,0.213665,0.204609,0.195904,0.191881
0.0428,22.3503,17.1815,14.9468,13.7276,12.2368,12.0282,12.1207,12.3189,13.1877,14.0258,15.2088,15.6881,15.6076,15.3778,15.0615,14.714,14.4246,14.6413,15.8343,17.3991,17.5555,16.6329,15.8292,15.2242,14.9012,15.1653,15.5567,15.6165,15.5047,15.2118,14.8828,15.0631,15.698,15.3294,14.6116,14.1232,13.8689,10.6988,8.26731,7.84502,7.41393,7.09915,6.78413,6.50377,6.25027,5.99109,5.7548,5.5149,5.3165,5.09345,4.9069,4.70081,4.52687,4.35148,4.17642,4.01507,3.85482,3.7185,3.58077,3.43542,3.30146,3.16276,3.03529,2.91772,2.80894,2.69723,2.58421,2.48939,2.38442,2.2957,2.19902,2.11674,2.02822,1.95242,1.87171,1.79742,1.72443,1.65714,1.59118,1.52685,1.46752,1.40972,1.35361,1.29931,1.24693,1.19651,1.15002,1.10342,1.06047,1.0177,0.976848,0.937871,0.900703,0.864185,0.830523,0.796596,0.765343,0.73885,0.707483,0.677338,0.648437,0.620786,0.594374,0.569182,0.544749,0.521545,0.499158,0.477959,0.457583,0.438047,0.419355,0.401501,0.384473,0.368055,0.352453,0.337472,0.323119,0.309395,0.296168,0.283689,0.271592,0.260106,0.24903,0.238461,0.228391,0.218738,0.209502,0.200624,0.196521
0.0565,22.4043,17.188,14.9536,13.7368,12.2606,12.0587,12.1626,12.3665,13.2518,14.1025,15.2843,15.7459,15.663,15.4312,15.114,14.7675,14.4881,14.7696,15.9714,17.5422,17.6315,16.6979,15.8971,15.3048,15.0205,15.3301,15.7145,15.7632,15.6527,15.3686,15.0706,15.376,15.9564,15.5555,14.8836,14.5354,14.5254,14.3958,13.7689,10.2559,7.98547,7.49978,7.09576,6.76421,6.47682,6.19067,5.93448,5.67766,5.46716,5.23212,5.03659,4.82149,4.64056,4.45861,4.27741,4.11073,3.94544,3.80507,3.66335,3.51393,3.37634,3.23399,3.10325,2.98273,2.87127,2.75685,2.64113,2.54408,2.43668,2.34592,2.24704,2.16291,2.07241,1.99492,1.91243,1.83651,1.76193,1.69318,1.6258,1.56007,1.49948,1.44043,1.38312,1.32767,1.27418,1.22268,1.17521,1.12763,1.08377,1.0401,0.998387,0.95859,0.920641,0.883355,0.848986,0.814347,0.782439,0.75539,0.723366,0.69259,0.663084,0.634853,0.607889,0.58217,0.557226,0.533536,0.51068,0.489038,0.468236,0.448292,0.429208,0.410981,0.393597,0.376836,0.360908,0.345613,0.33096,0.316949,0.303445,0.290705,0.278355,0.26663,0.255321,0.244532,0.234251,0.224395,0.214967,0.205903,0.201714
0.0746,22.4561,17.1944,14.9604,13.746,12.2845,12.0893,12.2042,12.4139,13.3155,14.1788,15.3583,15.8028,15.7174,15.4836,15.1654,14.8201,14.5516,14.8974,16.1035,17.6814,17.7047,16.7607,15.9628,15.3832,15.138,15.4878,15.8631,15.9014,15.7917,15.5149,15.2467,15.6617,16.1808,15.7527,15.1142,14.8623,14.9374,14.8429,14.481,14.1246,10.6933,10.0047,8.87291,7.39299,6.92578,6.54351,6.23039,5.93166,5.69408,5.43417,5.22116,4.98939,4.79609,4.60293,4.41159,4.23634,4.06318,3.9166,3.76889,3.61348,3.47064,3.32308,3.18774,3.06313,2.94799,2.82991,2.71058,2.61057,2.49995,2.40654,2.30481,2.21829,2.12527,2.04564,1.96091,1.88295,1.80638,1.73582,1.66668,1.59925,1.53709,1.47654,1.41778,1.36093,1.30608,1.25331,1.20465,1.1559,1.11095,1.06621,1.02348,0.982706,0.943834,0.905643,0.870442,0.834968,0.802291,0.774592,0.7418,0.710286,0.680075,0.651171,0.623564,0.597234,0.571697,0.547446,0.524049,0.501895,0.480601,0.460186,0.440652,0.421996,0.404202,0.387047,0.370744,0.35509,0.340093,0.325754,0.311933,0.298895,0.286255,0.274255,0.262682,0.251641,0.24112,0.231034,0.221385,0.212109,0.207823
0.1,22.5083,17.2011,14.9674,13.7557,12.3098,12.1209,12.2478,12.4636,13.3821,14.2586,15.4348,15.8617,15.7738,15.5378,15.2186,14.8745,14.6188,15.0307,16.2378,17.8241,17.7791,16.8247,16.0299,15.4637,15.26,15.6468,16.0109,16.0391,15.9297,15.6595,15.4226,15.9351,16.3904,15.9379,15.3278,15.1582,15.2767,15.1875,14.8832,14.6722,14.6935,14.4407,10.3942,9.85371,9.32729,8.71404,7.95903,6.73185,6.25834,5.87021,5.58911,5.3029,5.07411,4.85164,4.63579,4.44111,4.251,4.0916,3.93202,3.76512,3.6125,3.45552,3.31208,3.1804,3.05905,2.93486,2.80961,2.70483,2.58911,2.49152,2.38538,2.29521,2.19834,2.11551,2.02743,1.94645,1.86696,1.79376,1.72207,1.65219,1.58781,1.52511,1.46429,1.40547,1.34874,1.29417,1.24388,1.19349,1.14706,1.10084,1.05671,1.01462,0.974491,0.935073,0.898748,0.862145,0.828434,0.799863,0.766041,0.733543,0.702391,0.672591,0.644131,0.61699,0.590669,0.565675,0.541564,0.518735,0.496795,0.475761,0.455637,0.436418,0.418088,0.400417,0.383626,0.367503,0.352058,0.337291,0.323058,0.309631,0.296616,0.28426,0.272344,0.260975,0.250143,0.239759,0.229825,0.220276,0.215863
0.12,22.5397,17.2051,14.9717,13.7617,12.3257,12.1407,12.2748,12.4943,13.4233,14.3079,15.4817,15.8979,15.8083,15.571,15.2512,14.9079,14.6607,15.1127,16.3191,17.911,17.824,16.8635,16.0706,15.5128,15.3352,15.7422,16.0989,16.121,16.0117,15.7452,15.5281,16.0923,16.5099,16.0438,15.4495,15.3254,15.4586,15.3684,15.0836,14.9198,15.0313,14.7903,14.4159,14.1677,9.8763,9.38668,8.92262,8.42383,7.97575,7.38975,6.68631,5.87082,5.48564,5.17741,4.90562,4.67346,4.45438,4.27494,4.09812,3.91552,3.75023,3.5816,3.42852,3.28872,3.16042,3.02958,2.89805,2.78831,2.66738,2.5656,2.4551,2.36137,2.26082,2.17494,2.08372,1.99994,1.91778,1.84218,1.76818,1.69611,1.62975,1.56515,1.50252,1.44198,1.38363,1.32751,1.27581,1.22404,1.17634,1.12887,1.08356,1.04035,0.999175,0.958734,0.921474,0.883936,0.84937,0.820079,0.78541,0.752104,0.720183,0.68965,0.660495,0.632694,0.605737,0.580142,0.555454,0.53208,0.509619,0.488087,0.467489,0.447818,0.42906,0.410977,0.393794,0.377298,0.361495,0.346387,0.331826,0.318091,0.304777,0.292139,0.27995,0.268322,0.257243,0.246624,0.236464,0.226699,0.222186
0.14,22.5656,17.2085,14.9753,13.7668,12.3392,12.1573,12.2974,12.5202,13.4579,14.3494,15.5208,15.9282,15.8372,15.5988,15.2784,14.9358,14.6963,15.1813,16.3864,17.9833,17.8612,16.8956,16.1044,15.5538,15.3983,15.8209,16.171,16.1883,16.0789,15.8153,15.6154,16.2182,16.6054,16.1287,15.5471,15.4588,15.5995,15.5075,15.2351,15.1044,15.2655,15.0146,14.6992,14.5843,14.4046,9.76659,9.3321,8.88467,8.507,8.07093,7.69325,7.25526,6.8576,6.40502,5.82437,5.23727,4.85034,4.59392,4.36469,4.14195,3.94818,3.75582,3.58462,3.43047,3.29047,3.14892,3.00765,2.89046,2.76194,2.65421,2.53764,2.43906,2.33359,2.2437,2.14841,2.06105,1.97551,1.8969,1.82006,1.74531,1.67653,1.60966,1.54488,1.4823,1.42203,1.3641,1.31076,1.25738,1.20822,1.15932,1.11267,1.0682,1.02584,0.984242,0.945931,0.907347,0.871828,0.841736,0.806128,0.771928,0.739158,0.70782,0.677902,0.64938,0.621728,0.595477,0.57016,0.546196,0.523169,0.501099,0.479988,0.45983,0.440609,0.422082,0.40448,0.387581,0.371396,0.355922,0.341011,0.326946,0.313314,0.300373,0.287895,0.275991,0.26465,0.253779,0.243381,0.233386,0.228767
0.16,22.5876,17.2114,14.9785,13.7711,12.3509,12.1717,12.3169,12.5426,13.4879,14.3853,15.5544,15.9542,15.8621,15.6226,15.3018,14.9598,14.7273,15.2401,16.4438,18.0451,17.8929,16.923,16.1333,15.5889,15.4527,15.8876,16.232,16.2452,16.1357,15.8744,15.6899,16.3227,16.6846,16.1992,15.6281,15.5691,15.7138,15.6198,15.3564,15.2519,15.4435,15.1809,14.8976,14.8315,14.6919,14.4419,9.62947,9.19068,8.82668,8.41424,8.06538,7.67461,7.33931,6.99457,6.64176,6.30576,5.95641,5.64698,5.29385,4.85253,4.43856,4.11123,3.86782,3.66834,3.49683,3.32965,3.16727,3.03511,2.89227,2.77389,2.64696,2.54041,2.4271,2.33102,2.22961,2.13698,2.04658,1.96374,1.88296,1.80453,1.73252,1.66262,1.595,1.52978,1.46703,1.4068,1.35139,1.29599,1.24502,1.19435,1.14605,1.10004,1.05623,1.01324,0.97367,0.933834,0.89718,0.866138,0.829421,0.79417,0.760404,0.728125,0.697319,0.667958,0.639501,0.612494,0.586454,0.56181,0.538137,0.515451,0.493755,0.473042,0.453296,0.434265,0.416187,0.398834,0.382216,0.36633,0.351024,0.336588,0.322598,0.30932,0.296516,0.284303,0.272669,0.261518,0.250852,0.240601,0.235865
0.18,22.6067,17.2139,14.9812,13.775,12.3612,12.1844,12.3342,12.5623,13.5142,14.4168,15.5838,15.977,15.8838,15.6435,15.3222,14.9808,14.7548,15.2916,16.4938,18.099,17.9204,16.9469,16.1585,15.6196,15.5005,15.9455,16.2848,16.2944,16.1848,15.9255,15.7548,16.4115,16.7519,16.2593,15.6974,15.6631,15.8096,15.7137,15.4571,15.375,15.5861,15.3128,15.0522,15.0147,14.8895,14.6821,9.88551,9.43913,9.07457,8.66604,8.32379,7.94397,7.62147,7.29402,6.96455,6.65819,6.35096,6.09361,5.8239,5.53479,5.26286,4.97335,4.6964,4.42611,4.15572,3.85327,3.55811,3.34636,3.14361,2.98887,2.83156,2.7043,2.57247,2.46287,2.3489,2.24606,2.14667,2.0563,1.96875,1.88423,1.80698,1.7323,1.6603,1.59108,1.52466,1.46106,1.40268,1.34442,1.2909,1.23779,1.18724,1.13913,1.09338,1.04855,1.00731,0.965833,0.927701,0.895431,0.857287,0.820691,0.78566,0.752192,0.720269,0.689859,0.6604,0.632454,0.60552,0.58004,0.555572,0.532133,0.509724,0.488337,0.467954,0.448314,0.429662,0.411763,0.394625,0.378246,0.362468,0.34759,0.333173,0.319492,0.306303,0.293724,0.281742,0.27026,0.259279,0.248726,0.24385
0.2,22.6234,17.2162,14.9837,13.7784,12.3705,12.1957,12.3497,12.5799,13.5378,14.445,15.6099,15.9973,15.9032,15.662,15.3404,14.9996,14.7795,15.3373,16.538,18.1469,17.9448,16.9681,16.1808,15.6468,15.5431,15.9965,16.3311,16.3376,16.2279,15.9704,15.8124,16.4886,16.8103,16.3115,15.7577,15.7446,15.8916,15.7941,15.543,15.4804,15.7043,15.4217,15.179,15.1608,15.0425,14.8577,10.1355,9.66552,9.29124,8.87735,8.53369,8.15475,7.83478,7.5114,7.18764,6.88823,6.58983,6.34159,6.08343,5.80989,5.55667,5.2932,5.04971,4.82376,4.61327,4.39532,4.17238,3.98288,3.76945,3.58492,3.3777,3.19461,2.99012,2.81347,2.63502,2.48459,2.34901,2.23236,2.12384,2.02228,1.93159,1.84549,1.76367,1.68593,1.61206,1.5419,1.47794,1.41446,1.35645,1.29913,1.24477,1.19322,1.14434,1.09656,1.05272,1.00872,0.968344,0.93423,0.89397,0.855402,0.818536,0.783361,0.749848,0.717958,0.687096,0.657846,0.629678,0.603053,0.577504,0.553045,0.529676,0.507386,0.486153,0.465705,0.446295,0.427676,0.409856,0.392833,0.37644,0.360987,0.346018,0.331818,0.318131,0.305082,0.292655,0.28075,0.269366,0.258429,0.253377
0.22,22.6384,17.2182,14.9859,13.7815,12.379,12.2059,12.3636,12.5957,13.559,14.4704,15.6334,16.0155,15.9206,15.6787,15.3567,15.0164,14.8019,15.3783,16.5775,18.1897,17.9665,16.987,16.2007,15.6713,15.5814,16.042,16.3723,16.3762,16.2663,16.0102,15.8641,16.5564,16.8617,16.3575,15.811,15.8163,15.9632,15.864,15.6176,15.5725,15.8045,15.514,15.2864,15.2822,15.1675,14.998,14.9481,9.89433,9.49844,9.07076,8.72017,8.3366,8.01445,7.6901,7.36646,7.06792,6.77113,6.52471,6.26901,5.99875,5.7493,5.49065,5.25259,5.03273,4.82907,4.61969,4.40757,4.22941,4.03194,3.86482,3.68242,3.52692,3.35929,3.21538,3.06171,2.91972,2.77955,2.6496,2.52134,2.39516,2.27765,2.16212,2.04918,1.93986,1.83564,1.73806,1.65125,1.56767,1.49351,1.42216,1.35603,1.29453,1.23714,1.18178,1.13157,1.08166,1.03624,0.998125,0.953407,0.91082,0.870322,0.831851,0.795346,0.76073,0.727334,0.695772,0.665456,0.636866,0.609487,0.583327,0.558375,0.534613,0.51201,0.490273,0.469664,0.449918,0.431039,0.413021,0.395686,0.379358,0.363556,0.348575,0.334146,0.320397,0.307313,0.294784,0.282811,0.271313,0.266003
0.24,22.6519,17.22,14.9879,13.7843,12.3867,12.2151,12.3763,12.6102,13.5784,14.4936,15.6547,16.0321,15.9364,15.6939,15.3716,15.0317,14.8225,15.4155,16.6133,18.2286,17.9862,17.0041,16.2188,15.6936,15.6164,16.083,16.4095,16.4109,16.3009,16.0462,15.911,16.6169,16.9076,16.3986,15.8587,15.8803,16.0266,15.926,15.6835,15.6545,15.8914,15.594,15.3796,15.386,15.2733,15.1155,15.0846,14.9296,9.71705,9.26236,8.89839,8.5051,8.17725,7.84875,7.5221,7.22154,6.92333,6.67607,6.41979,6.14923,5.89977,5.64137,5.40376,5.18455,4.98169,4.77334,4.56254,4.38573,4.19005,4.02473,3.84467,3.69155,3.52693,3.38609,3.23629,3.09856,2.9634,2.83896,2.71714,2.59848,2.48919,2.38289,2.27986,2.18033,2.08446,1.99233,1.90753,1.82269,1.7446,1.66697,1.59298,1.52249,1.45541,1.38963,1.32911,1.26826,1.21236,1.16509,1.10932,1.05597,1.00509,0.956732,0.910902,0.867581,0.825987,0.786925,0.749679,0.714828,0.681737,0.650371,0.620696,0.592655,0.566173,0.540873,0.517036,0.494334,0.472741,0.45223,0.432587,0.414159,0.396394,0.379608,0.363494,0.348184,0.333653,0.319773,0.306538,0.293858,0.288008
0.26,22.6642,17.2217,14.9897,13.7869,12.3938,12.2237,12.388,12.6235,13.5962,14.5149,15.6742,16.0473,15.9509,15.7077,15.3851,15.0458,14.8415,15.4495,16.646,18.264,18.0041,17.0197,16.2353,15.714,15.6484,16.1203,16.4433,16.4424,16.3323,16.0788,15.954,16.6713,16.9489,16.4356,15.9019,15.938,16.0833,15.9813,15.7423,15.7281,15.9677,15.6643,15.4617,15.4763,15.3647,15.2164,15.2007,15.0468,14.944,9.46943,9.08081,8.67073,8.33319,7.99745,7.66523,7.3606,7.05905,6.80936,6.55093,6.27839,6.02728,5.76734,5.52843,5.30809,5.10424,4.89493,4.68319,4.50562,4.30912,4.14312,3.96234,3.8086,3.64334,3.50195,3.35158,3.21333,3.07765,2.95275,2.83049,2.71141,2.60175,2.49509,2.39173,2.2919,2.19576,2.10339,2.01839,1.93337,1.85514,1.7774,1.70331,1.63277,1.56564,1.49984,1.43931,1.37844,1.3225,1.27517,1.21926,1.16566,1.1144,1.06548,1.01886,0.974512,0.931602,0.890952,0.851831,0.81488,0.779449,0.74556,0.713217,0.6824,0.653077,0.624875,0.598137,0.572523,0.54804,0.524685,0.502226,0.481085,0.460637,0.441266,0.422623,0.404874,0.387998,0.371852,0.356437,0.341648,0.334823
0.28,22.6754,17.2233,14.9914,13.7894,12.4004,12.2316,12.3989,12.6357,13.6126,14.5346,15.6922,16.0613,15.9643,15.7206,15.3977,15.0587,14.8592,15.4808,16.676,18.2967,18.0206,17.0341,16.2506,15.7328,15.678,16.1546,16.4742,16.4714,16.361,16.1087,15.9936,16.7208,16.9865,16.4694,15.9413,15.9904,16.1346,16.0313,15.7954,15.7951,16.0357,15.7271,15.5351,15.5562,15.4452,15.3051,15.3019,15.1474,15.0552,9.7291,9.28586,8.8452,8.4917,8.14457,7.80379,7.49292,7.18627,6.93276,6.67101,6.39531,6.14162,5.8791,5.63795,5.41563,5.21,4.99887,4.78532,4.60622,4.40802,4.24057,4.05817,3.90304,3.73624,3.59349,3.44163,3.30197,3.16486,3.03859,2.91495,2.79447,2.68348,2.57547,2.47075,2.36955,2.27204,2.17831,2.09199,2.00561,1.92609,1.847,1.77159,1.69973,1.6313,1.56417,1.50238,1.44019,1.38299,1.33456,1.27731,1.22237,1.16977,1.11953,1.07161,1.02597,0.981773,0.939859,0.899477,0.861293,0.824642,0.789549,0.756017,0.724031,0.693563,0.664224,0.636378,0.609671,0.584115,0.559706,0.536207,0.514061,0.492616,0.472277,0.452681,0.434002,0.416222,0.399192,0.382914,0.36728,0.360059
0.3,22.6858,17.2247,14.993,13.7916,12.4066,12.239,12.4089,12.6471,13.6279,14.5529,15.7089,16.0743,15.9767,15.7324,15.4093,15.0708,14.8757,15.5098,16.7038,18.327,18.0358,17.0474,16.2646,15.7502,15.7056,16.1862,16.5028,16.498,16.3876,16.1362,16.0304,16.7661,17.0209,16.5003,15.9775,16.0384,16.1813,16.0769,15.8438,15.8564,16.0968,15.7836,15.6014,15.6278,15.517,15.3842,15.3915,15.2355,15.1522,15.0728,9.55806,9.04669,8.66402,8.29821,7.94438,7.62441,7.31052,7.05176,6.78549,6.50555,6.24825,5.98234,5.73827,5.51338,5.30549,5.09205,4.87618,4.69516,4.49483,4.32557,4.14119,3.98435,3.81567,3.6713,3.51766,3.37634,3.23755,3.10969,2.98445,2.86237,2.74987,2.64035,2.53412,2.43142,2.33241,2.23721,2.1495,2.06168,1.98079,1.90031,1.82353,1.75034,1.68061,1.61216,1.54913,1.48566,1.42725,1.37778,1.31926,1.26307,1.20926,1.15782,1.10873,1.06196,1.01663,0.973629,0.932174,0.892955,0.855291,0.819209,0.784714,0.751792,0.720418,0.690191,0.661488,0.633946,0.607578,0.582384,0.558115,0.535235,0.51307,0.492038,0.471767,0.452436,0.434027,0.41639,0.399524,0.38332,0.375834
0.32,22.6954,17.226,14.9945,13.7937,12.4124,12.2458,12.4183,12.6577,13.6422,14.57,15.7244,16.0864,15.9882,15.7435,15.4201,15.082,14.8912,15.5368,16.7296,18.3551,18.0499,17.0597,16.2777,15.7664,15.7313,16.2154,16.5292,16.5227,16.4121,16.1617,16.0647,16.8077,17.0526,16.5288,16.0109,16.0826,16.2242,16.1187,15.8881,15.9129,16.1521,15.8349,15.6617,15.6923,15.5816,15.4553,15.4716,15.3136,15.238,15.163,15.0643,9.32563,8.87168,8.47051,8.09508,7.76123,7.43692,7.17093,6.89859,6.6131,6.35126,6.08111,5.83343,5.60541,5.39472,5.17854,4.95998,4.77674,4.57399,4.4027,4.2161,4.05737,3.88665,3.74051,3.58497,3.44191,3.30135,3.17184,3.04494,2.92122,2.80718,2.69612,2.58838,2.48419,2.38371,2.28706,2.19799,2.10879,2.0266,1.9448,1.86673,1.79228,1.72134,1.65168,1.5875,1.52286,1.46336,1.41294,1.35328,1.29599,1.2411,1.18861,1.1385,1.09074,1.04445,1.00051,0.958137,0.91804,0.879521,0.84261,0.807311,0.773614,0.741491,0.710534,0.68113,0.652909,0.625884,0.600054,0.575169,0.551701,0.528962,0.507381,0.486574,0.46673,0.447829,0.429715,0.412391,0.395744,0.388052
0.34,22.7044,17.2273,14.9959,13.7957,12.4179,12.2523,12.4272,12.6678,13.6557,14.5861,15.7389,16.0978,15.9991,15.7539,15.4303,15.0925,14.9059,15.562,16.7538,18.3814,18.0632,17.0712,16.29,15.7817,15.7554,16.2428,16.5538,16.5458,16.435,16.1854,16.0969,16.8464,17.082,16.5553,16.042,16.1236,16.2638,16.1573,15.9291,15.9653,16.2027,15.8819,15.7172,15.7512,15.6404,15.52,15.5441,15.384,15.3151,15.2436,15.149,15.0831,9.19077,8.68958,8.27063,7.91301,7.57247,7.2959,7.01513,6.72222,6.4545,6.17899,5.92687,5.69507,5.48108,5.26169,5.04003,4.85428,4.64881,4.47526,4.28623,4.12545,3.95253,3.80451,3.64697,3.50202,3.35963,3.22842,3.09984,2.97445,2.85886,2.74628,2.63703,2.53137,2.42945,2.33139,2.24101,2.15047,2.06703,1.98398,1.90469,1.82906,1.75698,1.68618,1.62094,1.55522,1.49471,1.44343,1.38273,1.32443,1.26856,1.21512,1.1641,1.11546,1.0683,1.02353,0.980349,0.939478,0.900208,0.86257,0.826569,0.792195,0.759422,0.727833,0.697824,0.669017,0.641427,0.615053,0.58964,0.565671,0.542443,0.520394,0.499135,0.478857,0.459539,0.441024,0.423314,0.406294,0.398429
0.36,22.7125,17.2284,14.9972,13.7975,12.423,12.2584,12.4356,12.6772,13.6683,14.6012,15.7526,16.1085,16.0093,15.7636,15.4398,15.1024,14.9197,15.5857,16.7764,18.4061,18.0755,17.0821,16.3015,15.796,15.7781,16.2683,16.5768,16.5673,16.4565,16.2077,16.1272,16.8823,17.1093,16.5799,16.0711,16.1618,16.3005,16.1931,15.9671,16.0141,16.2493,15.9252,15.7683,15.8052,15.6942,15.5794,15.6103,15.4478,15.3851,15.3161,15.2252,15.1649,15.0767,9.08547,8.5081,8.09791,7.72795,7.43424,7.1408,6.83737,6.56171,6.27919,6.02145,5.78498,5.56702,5.34384,5.11857,4.92993,4.72139,4.54532,4.35362,4.19061,4.01533,3.8653,3.70564,3.55873,3.41443,3.28146,3.15115,3.02408,2.90692,2.7928,2.68205,2.57492,2.47158,2.37215,2.28048,2.18864,2.10399,2.01972,1.93926,1.8625,1.78933,1.71745,1.65122,1.58448,1.52301,1.47092,1.40926,1.35002,1.29324,1.23893,1.18706,1.13761,1.08965,1.04412,1.0002,0.958628,0.918676,0.880379,0.843743,0.80876,0.775401,0.743244,0.712692,0.68336,0.655265,0.628405,0.602522,0.578107,0.554444,0.531982,0.510321,0.489658,0.469972,0.451103,0.433054,0.415706,0.407689
0.38,22.7207,17.2295,14.9984,13.7993,12.4279,12.2642,12.4435,12.6862,13.6803,14.6155,15.7655,16.1186,16.0189,15.7728,15.4488,15.1117,14.9329,15.608,16.7977,18.4293,18.0872,17.0922,16.3123,15.8095,15.7995,16.2923,16.5984,16.5876,16.4766,16.2285,16.1558,16.9159,17.1348,16.6029,16.0983,16.1974,16.3347,16.2264,16.0024,16.0597,16.2922,15.9652,15.8157,15.8549,15.7437,15.6341,15.671,15.5062,15.4489,15.382,15.2942,15.2387,15.1526,15.091,9.11096,8.3744,7.92832,7.6005,7.28517,6.96521,6.6779,6.38567,6.12045,5.87799,5.65507,5.42725,5.19767,5.00564,4.79355,4.61463,4.41993,4.25445,4.07657,3.92437,3.76244,3.61346,3.46716,3.33235,3.20024,3.07143,2.95267,2.83698,2.72471,2.61611,2.51135,2.41053,2.31759,2.22446,2.13863,2.05316,1.97156,1.8937,1.81948,1.74656,1.67936,1.61164,1.54927,1.4964,1.43382,1.37369,1.31605,1.26091,1.20825,1.15803,1.10933,1.06309,1.01848,0.976245,0.935658,0.896748,0.859524,0.823975,0.790074,0.757393,0.72634,0.696526,0.667966,0.640661,0.614346,0.589523,0.565462,0.542621,0.520594,0.499581,0.47956,0.460368,0.44201,0.424364,0.416209
0.4,22.7278,17.2306,14.9996,13.8009,12.4325,12.2696,12.451,12.6947,13.6916,14.6291,15.7777,16.1281,16.028,15.7815,15.4573,15.1206,14.9454,15.6291,16.8179,18.4514,18.0982,17.1019,16.3225,15.8223,15.8198,16.315,16.6189,16.6067,16.4955,16.2482,16.1829,16.9474,17.1588,16.6246,16.1239,16.2308,16.3668,16.2576,16.0356,16.1026,16.3321,16.0024,15.86,15.9011,15.7896,15.685,15.7271,15.56,15.5078,15.4424,15.3576,15.3061,15.2217,15.1639,10.0152,9.30616,8.28932,7.83822,7.47133,7.11956,6.81254,6.50523,6.22917,5.97841,5.74888,5.51508,5.28009,5.08392,4.86758,4.68528,4.48711,4.31881,4.13802,3.9834,3.81896,3.66773,3.51926,3.38247,3.24847,3.11781,2.99737,2.88005,2.76621,2.65609,2.54987,2.44765,2.35341,2.25899,2.17195,2.08529,2.00255,1.9236,1.84833,1.77439,1.70623,1.63755,1.57429,1.52066,1.45719,1.39619,1.33771,1.28177,1.22834,1.17738,1.12797,1.08104,1.03577,0.992905,0.951711,0.912217,0.874432,0.838345,0.80393,0.770751,0.739224,0.708952,0.679953,0.652227,0.625505,0.600297,0.575862,0.552665,0.530294,0.50895,0.488615,0.469121,0.450473,0.432548,0.424264
0.42,22.7352,17.2316,15.0007,13.8025,12.4367,12.2749,12.4581,12.7027,13.7024,14.6421,15.7893,16.1372,16.0366,15.7898,15.4654,15.129,14.9574,15.6491,16.837,18.4722,18.1086,17.111,16.3322,15.8344,15.8392,16.3365,16.6381,16.6247,16.5135,16.2668,16.2086,16.9771,17.1814,16.645,16.1482,16.2623,16.3969,16.287,16.0667,16.1431,16.3694,16.0373,15.9015,15.9442,15.8324,15.7325,15.7792,15.6098,15.5624,15.4982,15.4159,15.3681,15.2851,15.2306,15.1562,9.82128,9.22811,8.52774,7.79225,7.33758,6.98608,6.65039,6.35616,6.09259,5.85342,5.61129,5.36905,5.1675,4.9458,4.75936,4.557,4.38535,4.20116,4.04376,3.87648,3.72273,3.57184,3.4329,3.29682,3.16417,3.04193,2.92288,2.80737,2.69566,2.58791,2.48423,2.38865,2.29289,2.20463,2.11675,2.03285,1.95279,1.87647,1.80148,1.73237,1.66273,1.59858,1.5442,1.47983,1.41797,1.35867,1.30193,1.24774,1.19607,1.14595,1.09835,1.05243,1.00896,0.967169,0.927106,0.888777,0.852168,0.817255,0.783594,0.751608,0.720895,0.691473,0.663341,0.636227,0.610649,0.585854,0.562315,0.539614,0.517955,0.497318,0.477535,0.45861,0.440418,0.432011
0.44,22.7418,17.2325,15.0018,13.804,12.4411,12.2798,12.4649,12.7104,13.7127,14.6544,15.8004,16.1458,16.0449,15.7977,15.4731,15.137,14.9689,15.6681,16.8551,18.492,18.1185,17.1197,16.3415,15.846,15.8576,16.3568,16.6564,16.6419,16.5305,16.2845,16.2332,17.0051,17.2028,16.6642,16.1711,16.292,16.4252,16.3146,16.0961,16.1813,16.4043,16.0699,15.9404,15.9845,15.8724,15.777,15.8278,15.6562,15.6131,15.5499,15.47,15.4253,15.3435,15.2919,15.2194,15.1648,9.6057,9.1566,8.64237,7.8991,7.28023,6.85684,6.52191,6.23394,5.97828,5.72297,5.46996,5.26081,5.0318,4.83991,4.63218,4.45635,4.26799,4.10725,3.93661,3.77992,3.62626,3.48486,3.34645,3.21159,3.08736,2.96641,2.8491,2.73566,2.62628,2.52104,2.42404,2.32688,2.23733,2.14818,2.06306,1.98186,1.90444,1.82839,1.7583,1.68767,1.62261,1.56747,1.50219,1.43946,1.37932,1.32179,1.26684,1.21444,1.16362,1.11535,1.06879,1.0247,0.982325,0.941699,0.902829,0.865704,0.830298,0.796162,0.763724,0.732576,0.702737,0.674206,0.646708,0.620766,0.595619,0.571745,0.54872,0.526753,0.505821,0.485756,0.466561,0.448108,0.439581
0.46,22.7479,17.2334,15.0028,13.8054,12.4452,12.2845,12.4714,12.7178,13.7226,14.6661,15.8109,16.1541,16.0527,15.8052,15.4804,15.1447,14.9799,15.6862,16.8724,18.5109,18.1279,17.1279,16.3502,15.857,15.8751,16.3761,16.6738,16.6581,16.5466,16.3012,16.2566,17.0316,17.223,16.6825,16.1929,16.3202,16.4521,16.3408,16.1238,16.2175,16.4371,16.1006,15.9772,16.0223,15.9099,15.8189,15.8732,15.6995,15.6606,15.598,15.5205,15.4786,15.3978,15.3488,15.2779,15.2257,15.1623,9.45455,9.0193,8.53673,8.04066,7.37224,6.81014,6.44287,6.14789,5.86596,5.59373,5.3721,5.13185,4.93197,4.71673,4.53525,4.34142,4.1764,4.00154,3.84124,3.68425,3.53992,3.39877,3.26136,3.13484,3.01174,2.8924,2.77704,2.66584,2.5589,2.46036,2.36166,2.27072,2.18021,2.0938,2.01138,1.93281,1.85563,1.78451,1.71285,1.64685,1.59091,1.52469,1.46106,1.40006,1.34171,1.28598,1.23283,1.18129,1.13234,1.08512,1.04041,0.997443,0.956246,0.91683,0.879184,0.84328,0.808665,0.775773,0.744189,0.713931,0.685001,0.657117,0.630812,0.605313,0.581104,0.557757,0.535482,0.514257,0.493911,0.474446,0.455735,0.447087
0.48,22.7542,17.2343,15.0038,13.8068,12.4491,12.2891,12.4777,12.7249,13.732,14.6774,15.821,16.1619,16.0602,15.8124,15.4875,15.152,14.9904,15.7035,16.8889,18.5289,18.1369,17.1358,16.3586,15.8676,15.8919,16.3946,16.6904,16.6736,16.562,16.3172,16.279,17.0568,17.2422,16.6998,16.2137,16.3469,16.4775,16.3655,16.1501,16.2519,16.468,16.1296,16.0119,16.0579,15.9453,15.8584,15.9159,15.7402,15.7051,15.6431,15.5677,15.5282,15.4484,15.4017,15.3323,15.2822,15.2204,15.2613,9.2706,8.82555,8.4069,7.95314,7.4969,6.99101,6.48496,6.09578,5.77095,5.52177,5.25981,5.04595,4.81845,4.62828,4.42642,4.25537,4.07477,3.90968,3.74836,3.60034,3.45578,3.31524,3.18598,3.06032,2.93858,2.821,2.70772,2.59883,2.49853,2.39813,2.30564,2.21361,2.12577,2.04202,1.96219,1.8838,1.81157,1.7388,1.67178,1.61499,1.54777,1.48319,1.42128,1.36207,1.30552,1.25159,1.19929,1.14964,1.10173,1.05638,1.01279,0.971,0.93102,0.892836,0.856422,0.821314,0.787954,0.755923,0.725237,0.695898,0.66762,0.640944,0.615086,0.590536,0.56686,0.544272,0.522749,0.502118,0.48238,0.463407,0.454638
0.5,22.7597,17.2351,15.0047,13.8081,12.4528,12.2934,12.4837,12.7317,13.741,14.6882,15.8306,16.1695,16.0674,15.8192,15.4942,15.159,15.0006,15.72,16.9046,18.5462,18.1455,17.1433,16.3667,15.8777,15.9081,16.4122,16.7062,16.6885,16.5767,16.3325,16.3005,17.0808,17.2604,16.7164,16.2335,16.3724,16.5016,16.3891,16.1751,16.2847,16.4972,16.1571,16.0449,16.0916,15.9786,15.8958,15.956,15.7785,15.747,15.6854,15.6121,15.5748,15.4958,15.4512,15.3831,15.335,15.2746,15.3174,15.2646,9.0473,8.64433,8.2246,7.83143,7.45641,7.09061,6.67646,6.18643,5.8023,5.46253,5.21157,4.95702,4.74989,4.5337,4.35263,4.16297,3.9907,3.82314,3.66995,3.52078,3.37608,3.24326,3.11434,2.98962,2.86929,2.75348,2.64225,2.53988,2.43746,2.34317,2.24939,2.15993,2.07465,1.9934,1.91364,1.84017,1.76616,1.69803,1.6403,1.57198,1.50636,1.44346,1.38331,1.32587,1.27111,1.218,1.16759,1.11895,1.07291,1.02866,0.986248,0.945671,0.90692,0.869965,0.83434,0.80049,0.767988,0.736854,0.707087,0.678398,0.651334,0.625102,0.600198,0.57618,0.553267,0.531435,0.510507,0.490486,0.471241,0.462348
0.52,22.7655,17.2359,15.0056,13.8094,12.4563,12.2976,12.4893,12.7382,13.7497,14.6986,15.8398,16.1767,16.0743,15.8258,15.5006,15.1657,15.0104,15.7358,16.9197,18.5627,18.1537,17.1505,16.3744,15.8874,15.9235,16.429,16.7213,16.7026,16.5908,16.347,16.3211,17.1036,17.2778,16.7321,16.2524,16.3966,16.5246,16.4115,16.199,16.3159,16.5249,16.1831,16.0761,16.1235,16.0102,15.9313,15.994,15.8146,15.7866,15.7252,15.6539,15.6186,15.5404,15.4977,15.4308,15.3844,15.3254,15.3697,15.3184,15.2632,8.8447,8.43073,8.05116,7.69901,7.36922,7.02366,6.6624,6.34441,5.9618,5.60153,5.2242,4.95394,4.69606,4.49136,4.28287,4.097,3.91848,3.75674,3.6003,3.44934,3.31133,3.17779,3.04895,2.92492,2.80577,2.69151,2.58649,2.48153,2.38501,2.28908,2.19765,2.11055,2.02762,1.94624,1.87131,1.79588,1.72645,1.66765,1.59807,1.53127,1.46725,1.40605,1.34762,1.29192,1.23792,1.18666,1.13722,1.09042,1.04546,1.00235,0.961127,0.921759,0.88422,0.848034,0.813653,0.780646,0.749029,0.718802,0.689673,0.662195,0.635562,0.610278,0.585897,0.562637,0.540476,0.519233,0.498912,0.479379,0.470353
0.54,22.7705,17.2366,15.0064,13.8107,12.4591,12.3016,12.4949,12.7444,13.758,14.7086,15.8487,16.1837,16.0809,15.8322,15.5068,15.1722,15.0198,15.751,16.9342,18.5786,18.1615,17.1575,16.3817,15.8967,15.9384,16.4452,16.7358,16.7162,16.6042,16.361,16.341,17.1254,17.2945,16.7473,16.2706,16.4198,16.5466,16.4328,16.2217,16.3458,16.5512,16.2079,16.106,16.1538,16.0402,15.9651,16.0299,15.8489,15.8241,15.7629,15.6935,15.6599,15.5824,15.5414,15.4756,15.4308,15.373,15.4189,15.3689,15.3149,15.266,8.61602,8.23562,7.88743,7.56565,7.23413,6.89618,6.60945,6.28679,6.00768,5.6934,5.41195,5.08673,4.7957,4.50893,4.27573,4.06594,3.88352,3.7116,3.54841,3.40093,3.25946,3.12387,2.99403,2.86981,2.75111,2.64229,2.53381,2.43422,2.33542,2.24138,2.15191,2.06681,1.98338,1.90664,1.82943,1.75842,1.6983,1.62721,1.55899,1.49365,1.4312,1.37161,1.31481,1.25977,1.20754,1.15717,1.10951,1.06373,1.01985,0.977882,0.937818,0.899621,0.862805,0.827833,0.79426,0.762106,0.731369,0.70175,0.673814,0.646739,0.621039,0.596257,0.572616,0.550094,0.528507,0.507858,0.488011,0.478839
0.56,22.7758,17.2374,15.0073,13.8119,12.463,12.3055,12.5002,12.7505,13.7661,14.7182,15.8572,16.1904,16.0873,15.8383,15.5128,15.1784,15.029,15.7656,16.9482,18.5938,18.1691,17.1641,16.3888,15.9057,15.9527,16.4606,16.7497,16.7292,16.6172,16.3744,16.3601,17.1463,17.3104,16.7616,16.288,16.4419,16.5676,16.4533,16.2435,16.3744,16.5762,16.2315,16.1344,16.1826,16.0687,15.9973,16.064,15.8814,15.8596,15.7986,15.7311,15.699,15.6222,15.5828,15.5179,15.4746,15.418,15.4651,15.4164,15.3634,15.3157,8.80268,8.41074,8.05742,7.73425,7.40428,7.07106,6.79121,6.48038,6.21625,5.92619,5.67686,5.4049,5.1681,4.90982,4.66379,4.41112,4.16999,3.93875,3.73011,3.55217,3.3886,3.23633,3.09376,2.9594,2.83231,2.71676,2.60223,2.49762,2.39426,2.29624,2.20322,2.11496,2.02862,1.94932,1.86966,1.7965,1.73463,1.66155,1.59147,1.52442,1.46038,1.39931,1.34115,1.28482,1.23139,1.17989,1.13117,1.0844,1.03958,0.996738,0.955844,0.916869,0.87931,0.843642,0.809407,0.776627,0.745295,0.715111,0.686644,0.659061,0.632882,0.607639,0.583564,0.56063,0.53865,0.517627,0.497423,0.488088
0.58,22.7805,17.2381,15.0081,13.813,12.4662,12.3092,12.5054,12.7563,13.7738,14.7275,15.8654,16.1969,16.0935,15.8441,15.5185,15.1844,15.0378,15.7797,16.9616,18.6085,18.1764,17.1705,16.3957,15.9144,15.9666,16.4755,16.763,16.7418,16.6296,16.3873,16.3785,17.1663,17.3257,16.7755,16.3047,16.4632,16.5876,16.4728,16.2643,16.4018,16.6001,16.2541,16.1616,16.2101,16.0959,16.0281,16.0965,15.9124,15.8935,15.8325,15.7668,15.7361,15.6599,15.6219,15.558,15.5161,15.4604,15.5088,15.4613,15.4093,15.3626,15.3126,8.59602,8.22738,7.89569,7.56046,7.22463,6.94439,6.63491,6.37351,6.08846,5.84541,5.58316,5.3577,5.11651,4.8931,4.67181,4.46611,4.26204,4.05987,3.86968,3.68013,3.49225,3.31011,3.13958,2.98358,2.84674,2.71519,2.59776,2.48369,2.37695,2.27685,2.1826,2.09094,2.0072,1.92341,1.84673,1.78207,1.70586,1.63298,1.56337,1.49702,1.43383,1.37374,1.31561,1.26053,1.20749,1.15736,1.10926,1.06321,1.01922,0.977251,0.937272,0.898768,0.862214,0.827149,0.79358,0.761508,0.730621,0.701498,0.673289,0.646519,0.620716,0.59611,0.572675,0.550221,0.528749,0.508115,0.498582
0.6,22.7854,17.2387,15.0088,13.8141,12.4693,12.3128,12.5103,12.762,13.7813,14.7365,15.8734,16.2031,16.0994,15.8498,15.5241,15.1902,15.0464,15.7933,16.9745,18.6227,18.1834,17.1767,16.4023,15.9227,15.9799,16.4899,16.7759,16.7538,16.6416,16.3998,16.3963,17.1856,17.3403,16.7888,16.3208,16.4836,16.6069,16.4916,16.2843,16.4282,16.6229,16.2756,16.1877,16.2363,16.1219,16.0576,16.1274,15.9419,15.9257,15.8647,15.8008,15.7714,15.6958,15.6591,15.5961,15.5554,15.5007,15.5502,15.5038,15.4526,15.4069,15.3579,15.3125,15.2706,8.06622,7.71785,7.37328,7.08802,6.77482,6.51153,6.22549,5.98251,5.72131,5.49765,5.25943,5.03993,4.82398,4.6246,4.42872,4.23722,4.06008,3.88691,3.71823,3.55434,3.39531,3.24122,3.09798,2.95318,2.81847,2.68346,2.55446,2.43266,2.31897,2.21035,2.11306,2.01755,1.93152,1.85984,1.77629,1.69715,1.62214,1.55113,1.48389,1.42027,1.35895,1.30103,1.24542,1.19297,1.14275,1.09477,1.049,1.00539,0.963901,0.923991,0.886144,0.849872,0.815175,0.782057,0.750176,0.720146,0.691068,0.663493,0.63692,0.611597,0.587491,0.5644,0.542331,0.521127,0.511335
0.62,22.7897,17.2394,15.0096,13.8152,12.4723,12.3163,12.5151,12.7674,13.7886,14.7452,15.8811,16.2091,16.1051,15.8553,15.5294,15.1958,15.0547,15.8064,16.987,18.6363,18.1902,17.1826,16.4086,15.9308,15.9928,16.5037,16.7883,16.7655,16.6531,16.4117,16.4136,17.2041,17.3544,16.8017,16.3363,16.5032,16.6254,16.5096,16.3035,16.4535,16.6447,16.2963,16.2127,16.2614,16.1468,16.0859,16.1569,15.9702,15.9566,15.8955,15.8333,15.805,15.73,15.6945,15.6323,15.5928,15.539,15.5895,15.5441,15.4937,15.4489,15.4009,15.3563,15.3152,15.2769,7.89475,7.53108,7.23498,6.91306,6.64423,6.35358,6.10757,5.84388,5.61866,5.37927,5.1592,4.94311,4.74404,4.54892,4.35861,4.1831,4.01209,3.84601,3.6853,3.5302,3.38089,3.2431,3.10501,2.97759,2.85072,2.72949,2.61371,2.50323,2.39456,2.29428,2.19309,2.09975,2.02057,1.92678,1.83667,1.75048,1.66838,1.59051,1.51699,1.44655,1.38052,1.3177,1.25899,1.20323,1.15037,1.10028,1.05287,1.00799,0.965039,0.924458,0.885708,0.84877,0.813612,0.779854,0.748126,0.717466,0.688449,0.660537,0.63397,0.608719,0.584553,0.561492,0.539355,0.52914
0.64,22.7943,17.24,15.0103,13.8163,12.4752,12.3197,12.5198,12.7727,13.7957,14.7537,15.8885,16.215,16.1107,15.8606,15.5346,15.2013,15.0628,15.8191,16.9991,18.6496,18.1967,17.1884,16.4148,15.9387,16.0053,16.5171,16.8003,16.7767,16.6642,16.4233,16.4303,17.2219,17.368,16.8139,16.3514,16.5222,16.6433,16.527,16.3221,16.4779,16.6658,16.3161,16.2367,16.2856,16.1707,16.1132,16.1852,15.9973,15.9861,15.925,15.8644,15.8371,15.7627,15.7284,15.667,15.6285,15.5756,15.627,15.5826,15.5329,15.489,15.4418,15.398,15.3576,15.3201,15.2812,7.72381,7.40293,7.06314,6.78346,6.48378,6.2317,5.96264,5.73355,5.49067,5.26785,5.0494,4.84841,4.65164,4.45996,4.28334,4.1114,3.94457,3.78328,3.62779,3.47818,3.34034,3.20227,3.07505,2.94846,2.82764,2.71245,2.60268,2.49492,2.39566,2.29571,2.20373,2.12584,2.0337,1.9453,1.86063,1.77974,1.70256,1.62905,1.55786,1.49036,1.42531,1.36383,1.30484,1.24838,1.19445,1.14305,1.09413,1.04705,1.00243,0.959688,0.918835,0.879887,0.842456,0.807247,0.773233,0.74104,0.710096,0.68068,0.652747,0.626069,0.600641,0.576278,0.565049
0.66,22.7983,17.2406,15.011,13.8173,12.478,12.323,12.5243,12.7778,13.8025,14.7618,15.8957,16.2206,16.1161,15.8657,15.5396,15.2065,15.0707,15.8313,17.0108,18.6624,18.2031,17.194,16.4208,15.9462,16.0174,16.53,16.8119,16.7876,16.675,16.4345,16.4465,17.2391,17.3811,16.8259,16.3659,16.5404,16.6604,16.5437,16.3399,16.5014,16.6859,16.3352,16.2598,16.3087,16.1936,16.1394,16.2123,16.0232,16.0144,15.9531,15.8942,15.8678,15.7939,15.7607,15.7,15.6625,15.6104,15.6627,15.6192,15.5702,15.527,15.4806,15.4376,15.3978,15.3609,15.3227,15.2837,7.6456,7.25077,6.94591,6.6283,6.36496,6.08638,5.85065,5.60178,5.37418,5.15159,4.94716,4.74735,4.5529,4.3739,4.19976,4.03091,3.86775,3.7105,3.55928,3.41998,3.28048,3.15198,3.02411,2.90209,2.78574,2.67489,2.56606,2.46583,2.36489,2.27199,2.19332,2.10022,2.01086,1.92525,1.84345,1.76539,1.69101,1.61896,1.55061,1.48473,1.42242,1.3626,1.30532,1.25057,1.19835,1.1486,1.10068,1.05521,1.0116,0.969875,0.930026,0.891663,0.855515,0.820516,0.787326,0.755354,0.724885,0.695879,0.668113,0.641572,0.616096,0.604328
0.68,22.8025,17.2412,15.0117,13.8183,12.4807,12.3262,12.5287,12.7828,13.8091,14.7697,15.9026,16.2261,16.1213,15.8707,15.5445,15.2116,15.0784,15.8432,17.0221,18.6747,18.2092,17.1994,16.4265,15.9536,16.0292,16.5425,16.8231,16.798,16.6854,16.4453,16.4621,17.2557,17.3938,16.8373,16.3799,16.5579,16.677,16.5598,16.3571,16.5241,16.7052,16.3536,16.2821,16.3309,16.2155,16.1646,16.2382,16.0481,16.0416,15.9801,15.9228,15.8972,15.8239,15.7916,15.7316,15.695,15.6437,15.6968,15.6542,15.6058,15.5633,15.5177,15.4753,15.4362,15.3999,15.3623,15.3239,15.2917,7.67058,7.1999,6.82057,6.52846,6.22984,5.98175,5.72239,5.48686,5.25767,5.04793,4.84346,4.64487,4.46235,4.28499,4.11319,3.94732,3.78755,3.63396,3.49252,3.35095,3.22055,3.0908,2.96701,2.84899,2.73652,2.6261,2.52441,2.42197,2.32768,2.24779,2.15329,2.06252,1.97557,1.89242,1.81308,1.73746,1.66415,1.5946,1.52753,1.46408,1.40313,1.34474,1.28891,1.23563,1.18484,1.13592,1.08945,1.04486,1.00218,0.96139,0.922107,0.885066,0.849186,0.815143,0.782334,0.751045,0.721249,0.692709,0.665417,0.639195,0.627084
0.7,22.8063,17.2418,15.0123,13.8192,12.4833,12.3293,12.5329,12.7877,13.8155,14.7775,15.9094,16.2314,16.1264,15.8756,15.5492,15.2166,15.0858,15.8547,17.0331,18.6868,18.2151,17.2046,16.4321,15.9607,16.0406,16.5546,16.8339,16.8082,16.6955,16.4558,16.4774,17.2717,17.406,16.8486,16.3935,16.575,16.693,16.5755,16.3738,16.5461,16.7239,16.3713,16.3036,16.3524,16.2368,16.189,16.2632,16.0721,16.0677,16.0061,15.9504,15.9255,15.8527,15.8213,15.762,15.7263,15.6757,15.7295,15.6878,15.6399,15.5982,15.5533,15.5115,15.4729,15.4372,15.4002,15.3625,15.3307,15.2953,15.2654,7.40516,6.83441,6.44379,6.15749,5.87236,5.62039,5.37911,5.16023,4.94823,4.7432,4.55544,4.37343,4.19746,4.02784,3.86465,3.70795,3.56374,3.41948,3.28669,3.15461,3.02861,2.90853,2.79412,2.68181,2.57835,2.47418,2.37827,2.29701,2.20087,2.10854,2.02007,1.93546,1.85471,1.77773,1.7031,1.63227,1.56397,1.49932,1.43722,1.37771,1.32078,1.26645,1.21465,1.16472,1.11731,1.0718,1.02821,0.986555,0.946421,0.908569,0.871896,0.837092,0.803534,0.771532,0.741049,0.711834,0.683898,0.657049,0.644647
0.72,22.8103,17.2424,15.013,13.8201,12.4858,12.3323,12.5371,12.7923,13.8218,14.7849,15.9159,16.2366,16.1313,15.8802,15.5538,15.2214,15.0931,15.8658,17.0437,18.6984,18.2209,17.2097,16.4376,15.9676,16.0516,16.5663,16.8444,16.8181,16.7052,16.4659,16.4921,17.2872,17.4178,16.8592,16.4066,16.5913,16.7084,16.5904,16.3898,16.5672,16.7418,16.3884,16.3243,16.373,16.2571,16.2124,16.2872,16.095,16.0928,16.031,15.9768,15.9525,15.8802,15.8496,15.791,15.7561,15.7062,15.7607,15.7198,15.6725,15.6313,15.5871,15.5459,15.5079,15.4727,15.4362,15.399,15.3677,15.3329,15.3034,15.271,7.5335,7.10929,6.65761,6.15261,5.82654,5.54683,5.30497,5.07642,4.85891,4.66207,4.47251,4.29007,4.1149,3.94681,3.78577,3.63785,3.49005,3.35415,3.21913,3.09043,2.96781,2.85106,2.7365,2.63104,2.52483,2.42708,2.34428,2.24633,2.15226,2.06213,1.97596,1.89369,1.81527,1.73925,1.66709,1.5975,1.53164,1.46836,1.4077,1.3497,1.29432,1.24151,1.19062,1.14227,1.09586,1.05141,1.00892,0.967984,0.929368,0.891946,0.856431,0.822182,0.789514,0.758397,0.72857,0.700042,0.672624,0.659958
0.74,22.8138,17.2429,15.0136,13.821,12.4884,12.3353,12.5411,12.7969,13.8278,14.7922,15.9223,16.2416,16.136,15.8848,15.5583,15.226,15.1002,15.8767,17.0541,18.7097,18.2265,17.2146,16.4429,15.9743,16.0624,16.5777,16.8546,16.8276,16.7147,16.4758,16.5066,17.3022,17.4293,16.8697,16.4194,16.6073,16.7233,16.605,16.4054,16.5877,16.7592,16.4049,16.3444,16.3929,16.2769,16.2352,16.3103,16.1174,16.117,16.055,16.0024,15.9786,15.9069,15.8771,15.8191,15.785,15.7357,15.7909,15.7507,15.7039,15.6634,15.6198,15.5791,15.5416,15.507,15.471,15.4343,15.4035,15.3691,15.34,15.3081,15.2809,7.44873,7.12646,6.77522,6.43481,6.05823,5.64122,5.30686,5.04018,4.81508,4.60598,4.4091,4.22266,4.04551,3.87712,3.72323,3.57011,3.42969,3.29045,3.15801,3.03203,2.91221,2.79474,2.68671,2.57798,2.47799,2.39334,2.29321,2.1971,2.10504,2.01706,1.93308,1.85305,1.77548,1.70185,1.63086,1.56367,1.49912,1.43727,1.3781,1.32161,1.26775,1.21585,1.16654,1.11921,1.07387,1.03053,0.988771,0.949383,0.911217,0.874983,0.840045,0.806718,0.774968,0.744537,0.715429,0.687453,0.674526
0.76,22.8176,17.2434,15.0142,13.8219,12.4908,12.3381,12.545,12.8014,13.8338,14.7993,15.9285,16.2465,16.1407,15.8892,15.5626,15.2306,15.1071,15.8872,17.0641,18.7207,18.2319,17.2194,16.448,15.9809,16.0729,16.5887,16.8645,16.8369,16.7239,16.4853,16.5206,17.3168,17.4404,16.8797,16.4318,16.6227,16.7378,16.6191,16.4205,16.6076,16.7759,16.4209,16.3638,16.4122,16.2959,16.2572,16.3326,16.1388,16.1404,16.0782,16.0271,16.0037,15.9325,15.9034,15.8461,15.8126,15.764,15.8198,15.7804,15.734,15.694,15.651,15.6109,15.5739,15.5397,15.5042,15.468,15.4376,15.4037,15.375,15.3435,15.3167,15.2877,15.2628,7.03634,6.72641,6.42086,6.13595,5.85069,5.56112,5.27319,4.95357,4.65123,4.40933,4.20019,4.0103,3.84137,3.67613,3.5264,3.37925,3.24014,3.10848,2.98374,2.86195,2.75018,2.63793,2.53486,2.44771,2.34475,2.246,2.15154,2.0613,1.97524,1.89325,1.81384,1.73847,1.66586,1.59713,1.53115,1.4679,1.40744,1.34973,1.29471,1.24169,1.19133,1.14299,1.0967,1.05244,1.0098,0.969595,0.930629,0.893644,0.857982,0.823966,0.791563,0.760505,0.730798,0.702246,0.689052
0.78,22.8209,17.2439,15.0148,13.8228,12.4931,12.3409,12.5489,12.8057,13.8395,14.8062,15.9346,16.2512,16.1452,15.8936,15.5668,15.235,15.1138,15.8975,17.0739,18.7315,18.2372,17.2241,16.453,15.9872,16.0831,16.5995,16.8741,16.846,16.7329,16.4946,16.5342,17.3309,17.4512,16.8897,16.4439,16.6377,16.7519,16.6328,16.4352,16.6269,16.7921,16.4364,16.3826,16.4308,16.3144,16.2786,16.3542,16.1596,16.163,16.1006,16.051,16.028,15.9574,15.9289,15.8722,15.8393,15.7913,15.8477,15.8091,15.7631,15.7237,15.6812,15.6416,15.605,15.5713,15.5363,15.5006,15.4705,15.4371,15.4087,15.3777,15.3512,15.3226,15.298,15.2717,15.2475,6.64204,6.36128,6.08772,5.82136,5.57531,5.33419,5.09791,4.86558,4.6359,4.40551,4.17825,3.93564,3.72633,3.54099,3.37727,3.22828,3.09057,2.95816,2.83808,2.71857,2.60955,2.5178,2.40987,2.30678,2.2084,2.11467,2.02547,1.94064,1.85859,1.78088,1.70606,1.63534,1.56746,1.50248,1.44039,1.38113,1.32468,1.27029,1.21867,1.16912,1.12168,1.07635,1.0327,0.991536,0.951641,0.913792,0.877304,0.842495,0.809348,0.777583,0.747202,0.718001,0.704511
0.8,22.8245,17.2444,15.0154,13.8236,12.4953,12.3436,12.5526,12.81,13.8451,14.813,15.9405,16.2559,16.1496,15.8978,15.5709,15.2393,15.1204,15.9074,17.0834,18.7419,18.2423,17.2286,16.4578,15.9934,16.0931,16.6099,16.8835,16.8548,16.7416,16.5037,16.5475,17.3446,17.4616,16.899,16.4556,16.6522,16.7655,16.6461,16.4494,16.6456,16.8078,16.4513,16.4008,16.4488,16.3322,16.2993,16.375,16.1797,16.1848,16.1221,16.074,16.0514,15.9813,15.9534,15.8973,15.865,15.8176,15.8745,15.8366,15.791,15.7521,15.7102,15.671,15.6349,15.6016,15.567,15.5317,15.5021,15.469,15.4411,15.4104,15.3842,15.356,15.3317,15.3058,15.2818,15.2582,15.2365,6.29019,6.01578,5.76658,5.52612,5.29381,5.06971,4.85369,4.64581,4.45373,4.26069,4.08183,3.90253,3.72966,3.56244,3.39987,3.23548,3.07846,2.91692,2.77314,2.65835,2.52974,2.41141,2.30138,2.19835,2.10155,2.0104,1.92284,1.84038,1.76134,1.68693,1.61574,1.54778,1.48296,1.42127,1.36256,1.30612,1.25258,1.20127,1.1522,1.10536,1.06026,1.01778,0.976647,0.937647,0.900055,0.864217,0.830108,0.797421,0.766182,0.736171,0.722313
0.82,22.8275,17.2449,15.0159,13.8244,12.4969,12.3462,12.5563,12.8141,13.8506,14.8196,15.9462,16.2604,16.1539,15.9019,15.575,15.2435,15.1269,15.9172,17.0927,18.7521,18.2473,17.233,16.4626,15.9994,16.1028,16.6201,16.8926,16.8633,16.7501,16.5125,16.5605,17.358,17.4718,16.9085,16.4671,16.6664,16.7788,16.659,16.4632,16.6638,16.823,16.4659,16.4185,16.4663,16.3495,16.3195,16.3951,16.1992,16.206,16.1431,16.0964,16.074,16.0044,15.9771,15.9216,15.89,15.8432,15.9005,15.8633,15.8181,15.7796,15.7383,15.6995,15.6638,15.631,15.5968,15.5619,15.5326,15.4999,15.4723,15.442,15.4162,15.3882,15.3643,15.3386,15.315,15.2917,15.2702,15.249,15.2283,5.97641,5.7171,5.47224,5.23951,5.01764,4.80631,4.61266,4.4193,4.24162,4.06512,3.89679,3.73632,3.58342,3.43322,3.29475,3.15516,3.0265,2.91728,2.78784,2.66315,2.54329,2.42813,2.31763,2.21159,2.1079,2.0085,1.91172,1.81981,1.73218,1.64988,1.5732,1.50182,1.43518,1.37206,1.31291,1.25679,1.20352,1.15301,1.10464,1.05928,1.0155,0.974132,0.934382,0.896585,0.860679,0.82634,0.793571,0.762133,0.747628
0.84,22.8309,17.2454,15.0165,13.8252,12.4998,12.3488,12.5598,12.8182,13.856,14.826,15.9518,16.2648,16.1582,15.9059,15.5789,15.2476,15.1333,15.9267,17.1018,18.762,18.2522,17.2373,16.4672,16.0053,16.1123,16.63,16.9015,16.8717,16.7583,16.5211,16.5732,17.3709,17.4817,16.9174,16.4783,16.6801,16.7916,16.6716,16.4767,16.6815,16.8378,16.4801,16.4357,16.4833,16.3663,16.3391,16.4147,16.2181,16.2265,16.1634,16.1181,16.096,16.0269,16.0001,15.9452,15.914,15.8678,15.9257,15.8891,15.8442,15.8062,15.7654,15.727,15.6917,15.6593,15.6255,15.591,15.562,15.5297,15.5024,15.4725,15.4469,15.4193,15.3956,15.3703,15.3469,15.3239,15.3026,15.2817,15.2613,15.2424,15.224,5.75901,5.46613,5.21343,4.98225,4.77498,4.57115,4.38559,4.20264,4.02906,3.86447,3.7084,3.55568,3.41526,3.27402,3.14426,3.0344,2.90453,2.77992,2.66065,2.54664,2.43791,2.33429,2.23391,2.13868,2.04687,1.96005,1.87668,1.79681,1.72049,1.64764,1.57823,1.51138,1.44792,1.38704,1.32877,1.27313,1.21953,1.16902,1.12013,1.07375,1.02906,0.986465,0.945937,0.907139,0.870056,0.834455,0.818025
0.86,22.8342,17.2459,15.017,13.826,12.502,12.3513,12.5633,12.8221,13.8612,14.8323,15.9573,16.2691,16.1622,15.9098,15.5827,15.2516,15.1394,15.9359,17.1106,18.7716,18.257,17.2415,16.4717,16.0111,16.1215,16.6397,16.9101,16.8798,16.7664,16.5294,16.5856,17.3835,17.4913,16.9262,16.4891,16.6934,16.8041,16.6837,16.4898,16.6987,16.8521,16.4937,16.4524,16.4997,16.3825,16.3581,16.4335,16.2364,16.2464,16.1829,16.1391,16.1171,16.0486,16.0223,15.9679,15.9373,15.8916,15.9499,15.9139,15.8693,15.8318,15.7915,15.7535,15.7186,15.6865,15.6531,15.619,15.5903,15.5584,15.5314,15.5018,15.4765,15.4492,15.4258,15.4007,15.3776,15.3549,15.3338,15.3132,15.293,15.2743,15.2561,15.2383,15.2211,15.2045,5.60436,5.27397,4.84515,4.59979,4.3851,4.19129,4.01218,3.84484,3.68282,3.5351,3.38736,3.25224,3.13823,3.00381,2.87513,2.75223,2.63494,2.52327,2.41703,2.31416,2.21662,2.12269,2.03386,1.94855,1.86692,1.78887,1.71439,1.64346,1.57514,1.51027,1.44804,1.38846,1.33155,1.27675,1.22509,1.17505,1.12759,1.08185,1.03824,0.996721,0.956946,0.91892,0.882392,0.865514
0.88,22.837,17.2463,15.0175,13.8268,12.5041,12.3538,12.5668,12.826,13.8664,14.8384,15.9626,16.2734,16.1663,15.9137,15.5865,15.2555,15.1455,15.9449,17.1192,18.7811,18.2616,17.2456,16.4761,16.0167,16.1306,16.6491,16.9186,16.8877,16.7742,16.5376,16.5977,17.3958,17.5007,16.9347,16.4997,16.7065,16.8163,16.6956,16.5025,16.7154,16.866,16.5071,16.4686,16.5157,16.3984,16.3766,16.4519,16.2542,16.2657,16.202,16.1595,16.1377,16.0697,16.0438,15.9901,15.9598,15.9147,15.9734,15.9381,15.8938,15.8567,15.8168,15.7793,15.7447,15.7129,15.6799,15.6461,15.6178,15.5862,15.5595,15.5302,15.5052,15.4782,15.455,15.4303,15.4074,15.3849,15.3641,15.3436,15.3237,15.3052,15.2872,15.2696,15.2526,15.2362,15.2203,15.2057,15.191,5.21483,4.98054,4.75535,4.53652,4.31916,4.08043,3.79572,3.58239,3.41723,3.28579,3.13567,2.99505,2.86253,2.73736,2.6189,2.5068,2.39875,2.29663,2.19851,2.10591,2.01721,1.93237,1.8514,1.77423,1.70075,1.63002,1.5629,1.49856,1.43699,1.37819,1.32156,1.26819,1.21651,1.1675,1.12026,1.07524,1.03237,0.99128,0.952013,0.914287,0.896852
0.9,22.8402,17.2468,15.018,13.8275,12.5061,12.3563,12.5701,12.8298,13.8714,14.8444,15.9678,16.2775,16.1702,15.9174,15.5901,15.2593,15.1514,15.9538,17.1276,18.7903,18.2661,17.2496,16.4804,16.0223,16.1395,16.6584,16.9269,16.8955,16.7819,16.5456,16.6096,17.4078,17.5098,16.9431,16.5101,16.7192,16.8282,16.7072,16.515,16.7317,16.8796,16.5201,16.4845,16.5313,16.4138,16.3947,16.4697,16.2716,16.2844,16.2205,16.1794,16.1577,16.0902,16.0648,16.0116,15.9817,15.9372,15.9963,15.9615,15.9176,15.8808,15.8414,15.8042,15.77,15.7386,15.7059,15.6725,15.6444,15.6131,15.5867,15.5577,15.533,15.5063,15.4833,15.4588,15.4362,15.4139,15.3933,15.3731,15.3533,15.3351,15.3172,15.2999,15.283,15.2668,15.2511,15.2366,15.2221,15.2087,15.1953,15.1825,15.1703,4.61885,4.41559,4.23096,4.04654,3.87779,3.73525,3.56656,3.40424,3.24782,3.09686,2.95043,2.80657,2.65766,2.49517,2.34988,2.2332,2.12878,2.03241,1.94242,1.85785,1.77815,1.70204,1.63024,1.56174,1.49642,1.43425,1.37454,1.31839,1.2641,1.21268,1.16321,1.11609,1.07129,1.02838,0.987409,0.948066,0.929905
0.91,22.8417,17.247,15.0183,13.8279,12.5071,12.3574,12.5717,12.8316,13.8739,14.8473,15.9704,16.2795,16.1721,15.9192,15.5918,15.2611,15.1544,15.9581,17.1317,18.7948,18.2684,17.2516,16.4825,16.025,16.1438,16.6629,16.9309,16.8992,16.7856,16.5495,16.6153,17.4137,17.5143,16.9471,16.5151,16.7254,16.834,16.7129,16.5211,16.7397,16.8862,16.5264,16.4922,16.5389,16.4213,16.4035,16.4783,16.28,16.2936,16.2295,16.1891,16.1674,16.1001,16.0749,16.022,15.9923,15.948,16.0073,15.9728,15.9291,15.8925,15.8533,15.8163,15.7822,15.751,15.7184,15.6852,15.6572,15.6262,15.5998,15.571,15.5464,15.5198,15.497,15.4726,15.4501,15.428,15.4075,15.3873,15.3677,15.3495,15.3317,15.3145,15.2977,15.2816,15.266,15.2516,15.2371,15.2238,15.2105,15.1977,15.1856,15.174,15.1626,4.369,4.1704,3.9931,3.84548,3.67292,3.50878,3.35251,3.20382,3.06239,2.9278,2.79748,2.67374,2.55423,2.4409,2.33161,2.22623,2.1245,2.02594,1.92951,1.83195,1.73251,1.64063,1.56127,1.48991,1.42353,1.36229,1.30388,1.24906,1.19668,1.14707,1.10009,1.05526,1.01256,0.971669,0.952821
0.92,22.843,17.2472,15.0185,13.8282,12.5081,12.3586,12.5733,12.8335,13.8762,14.8503,15.9729,16.2815,16.174,15.921,15.5936,15.263,15.1573,15.9624,17.1358,18.7993,18.2706,17.2536,16.4846,16.0277,16.1481,16.6673,16.9349,16.903,16.7893,16.5533,16.6211,17.4195,17.5187,16.9512,16.5202,16.7315,16.8398,16.7185,16.5271,16.7475,16.8927,16.5327,16.4999,16.5464,16.4287,16.4122,16.4869,16.2883,16.3026,16.2384,16.1987,16.177,16.11,16.085,16.0323,16.0029,15.9588,16.0183,15.9841,15.9405,15.9041,15.8651,15.8283,15.7943,15.7633,15.7309,15.6978,15.67,15.6391,15.6129,15.5842,15.5597,15.5333,15.5106,15.4863,15.4639,15.4419,15.4215,15.4015,15.3819,15.3638,15.3461,15.329,15.3123,15.2962,15.2807,15.2664,15.252,15.2387,15.2255,15.2128,15.2007,15.1892,15.1778,15.1674,15.1568,4.37873,4.01346,3.80669,3.62511,3.45785,3.30151,3.15453,3.01585,2.88249,2.75664,2.63584,2.52196,2.41291,2.30868,2.2092,2.11435,2.02409,1.93717,1.85467,1.77555,1.6998,1.6274,1.55768,1.49188,1.42812,1.36753,1.30904,1.25316,1.19978,1.14842,1.09903,1.05118,1.0289
0.93,22.8445,17.2474,15.0188,13.8286,12.5091,12.3598,12.5749,12.8353,13.8787,14.8532,15.9754,16.2835,16.1759,15.9228,15.5954,15.2649,15.1601,15.9666,17.1399,18.8037,18.2727,17.2555,16.4867,16.0303,16.1524,16.6718,16.9388,16.9067,16.793,16.5572,16.6268,17.4252,17.5231,16.9552,16.5251,16.7376,16.8455,16.724,16.5331,16.7553,16.8992,16.5389,16.5074,16.5538,16.4361,16.4208,16.4954,16.2966,16.3115,16.2472,16.2082,16.1865,16.1197,16.0949,16.0425,16.0133,15.9695,16.0291,15.9952,15.9517,15.9155,15.8768,15.8401,15.8063,15.7754,15.7432,15.7102,15.6826,15.6518,15.6257,15.5972,15.5728,15.5465,15.5239,15.4998,15.4775,15.4556,15.4353,15.4154,15.3959,15.3779,15.3603,15.3432,15.3267,15.3106,15.2952,15.281,15.2666,15.2534,15.2403,15.2277,15.2156,15.2042,15.1929,15.1824,15.1719,15.1622,15.154,15.1443,4.07635,3.87096,3.65818,3.31388,3.13858,2.98737,2.85023,2.72127,2.60128,2.48729,2.379,2.27613,2.17844,2.08574,1.99669,1.9124,1.83171,1.75463,1.68111,1.61039,1.54381,1.47943,1.41841,1.35962,1.30366,1.25039,1.19942,1.1507,1.10393,1.08234
0.94,22.846,17.2476,15.019,13.829,12.5101,12.361,12.5765,12.8371,13.8811,14.856,15.9779,16.2855,16.1777,15.9246,15.5971,15.2667,15.163,15.9708,17.1439,18.8081,18.2749,17.2574,16.4888,16.033,16.1566,16.6761,16.9428,16.9104,16.7967,16.5609,16.6324,17.4309,17.5274,16.9591,16.5301,16.7436,16.8511,16.7295,16.5389,16.763,16.9055,16.545,16.5149,16.5611,16.4433,16.4294,16.5037,16.3047,16.3203,16.2559,16.2175,16.1958,16.1293,16.1047,16.0526,16.0235,15.98,16.0397,16.0062,15.9628,15.9268,15.8882,15.8517,15.818,15.7873,15.7552,15.7225,15.695,15.6643,15.6384,15.61,15.5857,15.5596,15.5371,15.5131,15.4909,15.4691,15.4489,15.4291,15.4097,15.3918,15.3743,15.3573,15.3408,15.3248,15.3095,15.2953,15.2811,15.2679,15.2548,15.2423,15.2303,15.2189,15.2076,15.1973,15.1868,15.1772,15.169,15.1593,15.1499,15.141,15.1324,3.70646,3.53246,3.36582,3.20816,3.0553,2.90788,2.7585,2.52661,2.38218,2.26811,2.16497,2.06835,1.97816,1.89268,1.81155,1.73458,1.66087,1.59165,1.52486,1.46167,1.40093,1.34315,1.28824,1.23571,1.18557,1.13745,1.11524
0.95,22.8473,17.2478,15.0193,13.8293,12.511,12.3621,12.5781,12.8389,13.8835,14.8589,15.9803,16.2874,16.1796,15.9264,15.5988,15.2685,15.1658,15.975,17.1478,18.8124,18.277,17.2593,16.4908,16.0356,16.1608,16.6804,16.9466,16.914,16.8003,16.5647,16.638,17.4365,17.5317,16.9631,16.5349,16.7495,16.8566,16.7349,16.5447,16.7706,16.9118,16.5511,16.5223,16.5683,16.4504,16.4378,16.512,16.3128,16.329,16.2644,16.2268,16.205,16.1388,16.1143,16.0625,16.0336,15.9903,16.0503,16.017,15.9737,15.9379,15.8995,15.8632,15.8297,15.7991,15.7672,15.7346,15.7072,15.6767,15.6509,15.6226,15.5985,15.5724,15.55,15.5261,15.5041,15.4823,15.4623,15.4425,15.4232,15.4054,15.388,15.3711,15.3547,15.3388,15.3235,15.3094,15.2952,15.2822,15.2691,15.2567,15.2447,15.2334,15.2222,15.2119,15.2015,15.1919,15.1837,15.1741,15.1648,15.1559,15.1473,15.1392,15.1314,15.1238,3.62288,3.24098,3.08143,2.93638,2.80115,2.67394,2.55379,2.44004,2.33092,2.22749,2.12825,2.03298,1.94142,1.85216,1.76587,1.67606,1.54887,1.471,1.40411,1.34285,1.28542,1.23127,1.1798,1.15616
0.96,22.8487,17.248,15.0195,13.8297,12.512,12.3632,12.5796,12.8406,13.8858,14.8617,15.9828,16.2893,16.1814,15.9281,15.6005,15.2703,15.1685,15.9791,17.1518,18.8167,18.2791,17.2611,16.4928,16.0382,16.1649,16.6847,16.9505,16.9176,16.8038,16.5684,16.6435,17.442,17.5359,16.9669,16.5397,16.7554,16.8621,16.7402,16.5505,16.7782,16.918,16.557,16.5295,16.5755,16.4575,16.4461,16.5201,16.3207,16.3376,16.2729,16.2359,16.2141,16.1482,16.1239,16.0723,16.0435,16.0005,16.0606,16.0276,15.9844,15.9488,15.9107,15.8745,15.8411,15.8107,15.7789,15.7465,15.7192,15.6888,15.6631,15.635,15.611,15.585,15.5628,15.539,15.517,15.4954,15.4754,15.4558,15.4366,15.4188,15.4015,15.3847,15.3683,15.3526,15.3374,15.3233,15.3092,15.2962,15.2832,15.2708,15.2589,15.2476,15.2365,15.2262,15.2159,15.2063,15.1982,15.1886,15.1794,15.1705,15.162,15.1539,15.1461,15.1386,15.1315,15.1246,15.1181,15.1118,15.1057,15.1,15.0945,15.0892,15.0841,2.40311,2.26351,2.1555,2.05725,1.96497,1.87934,1.79734,1.72019,1.6463,1.57618,1.50972,1.44625,1.38576,1.32777,1.30103
0.97,22.8502,17.2482,15.0197,13.83,12.5129,12.3644,12.5812,12.8424,13.8881,14.8644,15.9852,16.2912,16.1832,15.9298,15.6022,15.2721,15.1713,15.9832,17.1556,18.821,18.2812,17.263,16.4948,16.0407,16.169,16.6889,16.9542,16.9212,16.8073,16.572,16.649,17.4475,17.5401,16.9707,16.5445,16.7612,16.8675,16.7455,16.5562,16.7856,16.9242,16.5629,16.5368,16.5825,16.4645,16.4543,16.5281,16.3285,16.346,16.2812,16.2449,16.2231,16.1574,16.1333,16.082,16.0534,16.0106,16.0708,16.0381,15.9951,15.9595,15.9216,15.8856,15.8523,15.822,15.7904,15.7581,15.731,15.7008,15.6752,15.6472,15.6233,15.5975,15.5753,15.5516,15.5298,15.5083,15.4884,15.4688,15.4497,15.4321,15.4148,15.3981,15.3818,15.3661,15.351,15.337,15.3229,15.31,15.2971,15.2847,15.2729,15.2617,15.2506,15.2404,15.23,15.2205,15.2125,15.2029,15.1937,15.1849,15.1764,15.1684,15.1607,15.1532,15.1461,15.1392,15.1327,15.1264,15.1204,15.1147,15.1092,15.104,15.0989,15.0941,15.0895,15.0851,15.0809,15.0768,15.0729,15.0692,15.0657,15.0622,1.81949,1.73874,1.66189,1.5887,1.51841,1.48591
0.98,22.8514,17.2484,15.02,13.8303,12.5139,12.3655,12.5827,12.8441,13.8904,14.8672,15.9876,16.2931,16.185,15.9315,15.6038,15.2738,15.174,15.9872,17.1595,18.8252,18.2833,17.2648,16.4967,16.0433,16.1731,16.6931,16.958,16.9247,16.8108,16.5756,16.6544,17.4529,17.5442,16.9745,16.5492,16.767,16.8728,16.7506,16.5618,16.7929,16.9302,16.5688,16.5439,16.5894,16.4713,16.4625,16.536,16.3363,16.3544,16.2894,16.2537,16.2319,16.1665,16.1425,16.0915,16.063,16.0205,16.0808,16.0484,16.0054,15.97,15.9325,15.8964,15.8633,15.8332,15.8018,15.7696,15.7426,15.7125,15.6871,15.6592,15.6354,15.6097,15.5876,15.5641,15.5423,15.5209,15.5011,15.4816,15.4626,15.445,15.4279,15.4112,15.395,15.3794,15.3643,15.3504,15.3364,15.3236,15.3107,15.2984,15.2867,15.2755,15.2644,15.2543,15.244,15.2345,15.2265,15.217,15.2078,15.199,15.1906,15.1826,15.1749,15.1675,15.1604,15.1536,15.1471,15.1409,15.1349,15.1292,15.1237,15.1185,15.1135,15.1087,15.1041,15.0997,15.0955,15.0915,15.0876,15.0839,15.0804,15.077,15.0737,15.0706,15.0677,15.0648,15.0621,15.0608
0.99,22.8528,17.2486,15.0202,13.8307,12.5148,12.3666,12.5842,12.8458,13.8927,14.8699,15.9899,16.2949,16.1867,15.9332,15.6054,15.2756,15.1767,15.9912,17.1633,18.8293,18.2853,17.2666,16.4987,16.0458,16.177,16.6972,16.9616,16.9281,16.8141,16.5791,16.6597,17.4582,17.5483,16.9782,16.5538,16.7725,16.878,16.7557,16.5672,16.8002,16.9362,16.5746,16.5507,16.5961,16.478,16.4705,16.5438,16.3439,16.3624,16.2974,16.2625,16.2407,16.1754,16.1514,16.1009,16.0726,16.0301,16.0905,16.0587,16.0155,15.9803,15.9431,15.9071,15.8741,15.8441,15.8128,15.7808,15.7539,15.724,15.6987,15.6709,15.6472,15.6217,15.5997,15.5762,15.5546,15.5333,15.5136,15.4942,15.4753,15.4578,15.4407,15.4241,15.408,15.3925,15.3775,15.3636,15.3497,15.3369,15.3241,15.3118,15.3002,15.289,15.278,15.2679,15.2577,15.2483,15.2403,15.2308,15.2217,15.213,15.2046,15.1966,15.189,15.1816,15.1745,15.1677,15.1613,15.1551,15.1491,15.1435,15.138,15.1328,15.1278,15.1231,15.1185,15.1141,15.1099,15.1059,15.1021,15.0984,15.0949,15.0915,15.0883,15.0852,15.0822,15.0794,15.0767,15.0754
0.995,22.8535,17.2488,15.0203,13.8309,12.5152,12.3671,12.585,12.8467,13.8938,14.8712,15.9911,16.2958,16.1876,15.934,15.6062,15.2764,15.178,15.993,17.1652,18.8314,18.2863,17.2675,16.4996,16.047,16.1789,16.6992,16.9634,16.9298,16.8158,16.5809,16.6623,17.4609,17.5503,16.98,16.5561,16.7752,16.8806,16.7582,16.5699,16.8037,16.9391,16.5774,16.5541,16.5995,16.4813,16.4745,16.5476,16.3476,16.3664,16.3013,16.2668,16.245,16.1797,16.1558,16.1055,16.0773,16.0349,16.0953,16.0637,16.0205,15.9854,15.9482,15.9123,15.8794,15.8495,15.8183,15.7863,15.7595,15.7296,15.7044,15.6767,15.653,15.6275,15.6056,15.5822,15.5606,15.5394,15.5197,15.5004,15.4815,15.464,15.447,15.4304,15.4144,15.3989,15.3839,15.3701,15.3562,15.3434,15.3306,15.3184,15.3068,15.2956,15.2847,15.2746,15.2644,15.255,15.247,15.2376,15.2285,15.2198,15.2114,15.2035,15.1958,15.1885,15.1814,15.1746,15.1682,15.162,15.1561,15.1504,15.145,15.1398,15.1349,15.1301,15.1255,15.1212,15.117,15.113,15.1092,15.1055,15.102,15.0986,15.0954,15.0923,15.0894,15.0865,15.0838,15.0826
0.999,22.854,17.2488,15.0204,13.831,12.5156,12.3675,12.5856,12.8474,13.8947,14.8723,15.992,16.2965,16.1883,15.9346,15.607,15.2773,15.1792,15.9945,17.1666,18.833,18.2871,17.2682,16.5004,16.048,16.1804,16.7007,16.9648,16.9311,16.8172,16.5823,16.6643,17.463,17.5519,16.9815,16.5579,16.7774,16.8826,16.7603,16.5721,16.8066,16.9415,16.5796,16.5568,16.6022,16.484,16.4776,16.5507,16.3506,16.3696,16.3045,16.2703,16.2484,16.1832,16.1594,16.1092,16.081,16.0387,16.0991,16.0675,16.0244,15.9894,15.9523,15.9164,15.8836,15.8538,15.8226,15.7907,15.7639,15.7341,15.7089,15.6812,15.6577,15.6322,15.6103,15.587,15.5654,15.5442,15.5246,15.5053,15.4864,15.469,15.452,15.4355,15.4195,15.404,15.389,15.3752,15.3614,15.3486,15.3359,15.3237,15.3121,15.301,15.29,15.28,15.2698,15.2604,15.2524,15.243,15.234,15.2253,15.2169,15.209,15.2014,15.194,15.187,15.1802,15.1738,15.1676,15.1617,15.156,15.1506,15.1455,15.1405,15.1357,15.1312,15.1268,15.1227,15.1186,15.1148,15.1112,15.1077,15.1043,15.1011,15.098,15.0951,15.0923,15.0895,15.0883
1,22.8542,17.2489,15.0205,13.831,12.5157,12.3677,12.5858,12.8477,13.8951,14.8728,15.9924,16.2968,16.1886,15.9349,15.6073,15.2777,15.1797,15.9952,17.1672,18.8336,18.2874,17.2685,16.5007,16.0487,16.1811,16.7015,16.9654,16.9317,16.8177,16.5829,16.6652,17.4638,17.5525,16.982,16.5587,16.7783,16.8835,16.7611,16.573,16.8076,16.9423,16.5804,16.558,16.6033,16.4851,16.4788,16.5518,16.3518,16.371,16.3058,16.2716,16.2497,16.1847,16.1609,16.1106,16.0824,16.0403,16.1005,16.0689,16.0259,15.9908,15.9538,15.9179,15.8852,15.8553,15.8241,15.7923,15.7655,15.7358,15.7105,15.6829,15.6594,15.6339,15.6121,15.5887,15.5672,15.546,15.5264,15.5071,15.4883,15.4709,15.4539,15.4374,15.4213,15.4059,15.3909,15.3772,15.3633,15.3506,15.3378,15.3257,15.314,15.3029,15.292,15.2819,15.2718,15.2624,15.2545,15.245,15.236,15.2273,15.219,15.211,15.2034,15.196,15.189,15.1823,15.1759,15.1697,15.1638,15.1581,15.1527,15.1476,15.1426,15.1378,15.1333,15.1289,15.1248,15.1208,15.117,15.1133,15.1098,15.1064,15.1032,15.1001,15.0972,15.0944,15.0917,15.0904
1.05,22.8603,17.25,15.0216,13.8327,12.5201,12.3729,12.5929,12.8557,0,0,0,16.3052,16.1965,15.9425,15.6147,15.2856,15.1919,16.0128,17.1843,18.8521,18.2965,17.2768,16.5095,16.06,16.199,16.72,16.9821,16.9474,16.8333,16.599,16.6891,17.488,17.571,16.999,16.5796,16.8037,16.9073,16.7843,16.598,16.8405,16.9694,16.6065,16.5894,16.6341,16.5157,16.5152,16.5872,16.3862,16.4079,16.3422,16.3112,16.2891,16.225,16.2019,16.1529,16.1254,16.0841,16.1454,16.1151,16.0725,16.0381,16.002,15.9668,15.9346,15.9054,15.8748,15.8436,15.8174,15.7882,15.7635,15.7364,15.7134,15.6884,15.667,15.6441,15.623,15.6023,15.583,15.5642,15.5457,15.5287,15.512,15.4958,15.4801,15.465,15.4504,15.4369,15.4233,15.4108,15.3983,15.3864,15.375,15.3642,15.3535,15.3436,15.3336,15.3245,15.3167,15.3074,15.2986,15.2901,15.2819,15.2741,15.2667,15.2594,15.2526,15.246,15.2397,15.2337,15.2279,15.2223,15.217,15.212,15.2071,15.2025,15.198,15.1937,15.1897,15.1857,15.182,15.1784,15.175,15.1717,15.1685,15.1655,15.1627,15.1599,15.1573,15.156
