,0.34166,0.373237,0.409326,0.440903,0.476992,0.508569,0.544658,0.576235,0.612324,0.643901,0.67999,0.713823,0.747656,0.781489,0.815322,0.849155,0.882988,0.916821,0.950654,0.984487,1.01832,1.04539,1.08147,1.11756,1.15365,1.18072,1.21681,1.2529,1.28898,1.31605,1.35214,1.38823,1.42432,1.45138,1.48747,1.51905,1.55965,1.58671,1.62731,1.65438,1.69498,1.72205,1.76265,1.78971,1.83031,1.85738,1.89798,1.92504,1.96564,1.99271,2.03331,2.10098,2.16864,2.23631,2.30397,2.37164,2.43931,2.50697,2.57464,2.6423,2.70997,2.77764,2.8453,2.91297,2.98063,3.0483,3.10243,3.18363,3.23776,3.31896,3.3731,3.4543,3.50843,3.58963,3.64376,3.72496,3.77909,3.86029,3.91442,3.99562,4.06329,4.13096,4.19862,4.26629,4.33395,4.40162,4.46929,4.53695,4.60462,4.67228,4.73995,4.90911,5.17978,5.45044,5.75494,6.05944,6.36393,6.70226,7.04059,7.41276,7.81875,8.22475,8.63075,9.10441,9.57807,10.0517,10.5931,11.1344,11.7095,12.3185,12.9275,13.6042,14.2809,15.0252,15.8033,16.6153,17.4612,18.3408,19.2881,20.2693,21.2843,22.3669,23.4834,24.7014,25.9532,27.2389,28.626,30.0809
1e-08,0.00973571,0.28602,0.554501,0.266647,0.0687835,0.0196166,0.00522977,0.00190752,0.000713704,0.000343843,0.000170022,9.60065e-05,5.85037e-05,3.79441e-05,2.59086e-05,1.84646e-05,1.36409e-05,1.0389e-05,8.12042e-06,6.49054e-06,5.30725e-06,4.56029e-06,3.78119e-06,3.18271e-06,2.71456e-06,2.42789e-06,2.11156e-06,1.85391e-06,1.64155e-06,1.50596e-06,1.35063e-06,1.21904e-06,1.10664e-06,1.03276e-06,9.45877e-07,8.8252e-07,8.06871e-07,7.62118e-07,7.02201e-07,6.6644e-07,6.18161e-07,5.89111e-07,5.49608e-07,5.2567e-07,4.92917e-07,4.72947e-07,4.4546e-07,4.2861e-07,4.05298e-07,3.90937e-07,3.71726e-07,3.42053e-07,3.16272e-07,2.9371e-07,2.73835e-07,2.56223e-07,2.40529e-07,2.27068e-07,2.14371e-07,2.02899e-07,1.92491e-07,1.83014e-07,1.74354e-07,1.66415e-07,1.59115e-07,1.52639e-07,1.47608e-07,1.40614e-07,1.36284e-07,1.30236e-07,1.26475e-07,1.21201e-07,1.17908e-07,1.13273e-07,1.10369e-07,1.06267e-07,1.03689e-07,1.00038e-07,9.77359e-08,9.44662e-08,9.20577e-08,8.96109e-08,8.72853e-08,8.50724e-08,8.29644e-08,8.09546e-08,7.90361e-08,7.72031e-08,7.54504e-08,7.37726e-08,7.21654e-08,6.84294e-08,6.31749e-08,5.86526e-08,5.42672e-08,5.04819e-08,4.71836e-08,4.39851e-08,4.11896e-08,3.84964e-08,3.59324e-08,3.36889e-08,3.17099e-08,2.96777e-08,2.78924e-08,2.6312e-08,2.47147e-08,2.33032e-08,2.19731e-08,2.07243e-08,1.9613e-08,1.85138e-08,1.75347e-08,1.65744e-08,1.56806e-08,1.4849e-08,1.40753e-08,1.33555e-08,1.2662e-08,1.20195e-08,1.14237e-08,1.08535e-08,1.03258e-08,9.80938e-09,9.33338e-09,8.89375e-09,8.46711e-09,8.06502e-09
1.25892e-08,0.0122583,0.361953,0.706514,0.337988,0.0867735,0.0247124,0.00658522,0.00240163,0.00089853,0.000432881,0.000214047,0.000120865,7.36518e-05,4.77687e-05,3.26169e-05,2.32454e-05,1.7173e-05,1.30789e-05,1.02229e-05,8.17109e-06,6.68141e-06,5.74104e-06,4.76022e-06,4.00678e-06,3.41741e-06,3.05651e-06,2.65828e-06,2.33393e-06,2.06658e-06,1.89588e-06,1.70034e-06,1.53468e-06,1.39316e-06,1.30015e-06,1.19078e-06,1.11102e-06,1.01578e-06,9.59447e-07,8.84019e-07,8.38993e-07,7.78213e-07,7.41641e-07,6.91911e-07,6.61782e-07,6.20541e-07,5.95404e-07,5.60797e-07,5.39587e-07,5.10236e-07,4.92159e-07,4.67973e-07,4.30618e-07,3.98161e-07,3.69757e-07,3.44737e-07,3.22564e-07,3.02807e-07,2.8586e-07,2.69876e-07,2.55434e-07,2.42331e-07,2.304e-07,2.19498e-07,2.09503e-07,2.00313e-07,1.92161e-07,1.85827e-07,1.77022e-07,1.71571e-07,1.63957e-07,1.59222e-07,1.52582e-07,1.48436e-07,1.42601e-07,1.38945e-07,1.33782e-07,1.30537e-07,1.25939e-07,1.23042e-07,1.18925e-07,1.15893e-07,1.12813e-07,1.09885e-07,1.07099e-07,1.04446e-07,1.01915e-07,9.95001e-08,9.71925e-08,9.49858e-08,9.28739e-08,9.08506e-08,8.61471e-08,7.95321e-08,7.3839e-08,6.83181e-08,6.35527e-08,5.94004e-08,5.53738e-08,5.18545e-08,4.84639e-08,4.5236e-08,4.24116e-08,3.99202e-08,3.73619e-08,3.51144e-08,3.31248e-08,3.11138e-08,2.93368e-08,2.76624e-08,2.60901e-08,2.46912e-08,2.33074e-08,2.20748e-08,2.08659e-08,1.97406e-08,1.86937e-08,1.77197e-08,1.68135e-08,1.59405e-08,1.51316e-08,1.43815e-08,1.36638e-08,1.29994e-08,1.23493e-08,1.175e-08,1.11965e-08,1.06594e-08,1.01532e-08
1.58487e-08,0.015435,0.458667,0.903025,0.42918,0.109527,0.0311374,0.0082924,0.00302377,0.00113122,0.000544972,0.000269469,0.00015216,9.27219e-05,6.01368e-05,4.10619e-05,2.9264e-05,2.16192e-05,1.64652e-05,1.28698e-05,1.02867e-05,8.41132e-06,7.22747e-06,5.9927e-06,5.04419e-06,4.30222e-06,3.84788e-06,3.34654e-06,2.93821e-06,2.60164e-06,2.38674e-06,2.14057e-06,1.93203e-06,1.75387e-06,1.63678e-06,1.49909e-06,1.39868e-06,1.27878e-06,1.20786e-06,1.1129e-06,1.05622e-06,9.79702e-07,9.33665e-07,8.71053e-07,8.33126e-07,7.81207e-07,7.49559e-07,7.05994e-07,6.79289e-07,6.42343e-07,6.19584e-07,5.89137e-07,5.4211e-07,5.01251e-07,4.65492e-07,4.33992e-07,4.06081e-07,3.81207e-07,3.59873e-07,3.39751e-07,3.21569e-07,3.05074e-07,2.90053e-07,2.76328e-07,2.63746e-07,2.52176e-07,2.41913e-07,2.3394e-07,2.22855e-07,2.15993e-07,2.06407e-07,2.00447e-07,1.92087e-07,1.86869e-07,1.79522e-07,1.7492e-07,1.6842e-07,1.64334e-07,1.58547e-07,1.54899e-07,1.49716e-07,1.45899e-07,1.42021e-07,1.38336e-07,1.34829e-07,1.31488e-07,1.28302e-07,1.25262e-07,1.22357e-07,1.19579e-07,1.1692e-07,1.14373e-07,1.08452e-07,1.00124e-07,9.29567e-08,8.60064e-08,8.00073e-08,7.478e-08,6.97108e-08,6.52803e-08,6.10117e-08,5.69482e-08,5.33925e-08,5.0256e-08,4.70354e-08,4.42059e-08,4.17011e-08,3.91696e-08,3.69324e-08,3.48245e-08,3.28453e-08,3.10841e-08,2.9342e-08,2.77902e-08,2.62683e-08,2.48517e-08,2.35338e-08,2.23076e-08,2.11667e-08,2.00676e-08,1.90494e-08,1.8105e-08,1.72015e-08,1.63651e-08,1.55466e-08,1.47922e-08,1.40954e-08,1.34193e-08,1.2782e-08
1.99526e-08,0.0194363,0.582238,1.15874,0.546232,0.138346,0.0392423,0.0104431,0.00380726,0.00142423,0.000686109,0.000339252,0.000191564,0.000116732,7.57093e-05,5.16948e-05,3.68418e-05,2.72175e-05,2.07287e-05,1.62024e-05,1.29504e-05,1.05894e-05,9.09898e-06,7.54447e-06,6.35035e-06,5.41625e-06,4.84426e-06,4.2131e-06,3.69905e-06,3.27532e-06,3.00478e-06,2.69486e-06,2.43231e-06,2.20802e-06,2.06062e-06,1.88727e-06,1.76086e-06,1.60991e-06,1.52062e-06,1.40108e-06,1.32972e-06,1.23339e-06,1.17543e-06,1.09661e-06,1.04886e-06,9.83499e-07,9.43655e-07,8.88811e-07,8.5519e-07,8.08676e-07,7.80021e-07,7.41692e-07,6.82485e-07,6.31044e-07,5.86028e-07,5.46373e-07,5.11232e-07,4.79918e-07,4.53061e-07,4.27725e-07,4.04837e-07,3.84069e-07,3.65159e-07,3.47882e-07,3.3204e-07,3.17476e-07,3.04555e-07,2.94517e-07,2.80562e-07,2.71922e-07,2.59855e-07,2.52351e-07,2.41827e-07,2.35257e-07,2.26008e-07,2.20214e-07,2.1203e-07,2.06887e-07,1.99601e-07,1.95008e-07,1.88484e-07,1.83679e-07,1.78797e-07,1.74157e-07,1.69742e-07,1.65536e-07,1.61525e-07,1.57697e-07,1.5404e-07,1.50543e-07,1.47196e-07,1.43989e-07,1.36534e-07,1.2605e-07,1.17027e-07,1.08277e-07,1.00725e-07,9.41437e-08,8.77619e-08,8.21842e-08,7.68103e-08,7.16945e-08,6.72181e-08,6.32695e-08,5.92148e-08,5.56527e-08,5.24994e-08,4.93121e-08,4.64958e-08,4.38421e-08,4.13503e-08,3.9133e-08,3.69398e-08,3.49863e-08,3.30703e-08,3.12869e-08,2.96277e-08,2.80839e-08,2.66477e-08,2.5264e-08,2.39821e-08,2.27932e-08,2.16557e-08,2.06027e-08,1.95723e-08,1.86225e-08,1.77454e-08,1.68941e-08,1.60918e-08
2.51184e-08,0.0244757,0.740686,1.49386,0.697181,0.174893,0.0494694,0.0131523,0.00479379,0.0017931,0.000863781,0.000427095,0.000241163,0.000146956,9.53112e-05,6.50791e-05,4.63804e-05,3.42643e-05,2.60956e-05,2.03973e-05,1.63033e-05,1.3331e-05,1.14548e-05,9.49774e-06,7.99447e-06,6.81854e-06,6.09846e-06,5.30389e-06,4.65674e-06,4.12332e-06,3.78273e-06,3.39257e-06,3.06205e-06,2.77969e-06,2.59412e-06,2.37589e-06,2.21675e-06,2.02673e-06,1.91432e-06,1.76383e-06,1.67399e-06,1.55272e-06,1.47975e-06,1.38053e-06,1.32041e-06,1.23813e-06,1.18797e-06,1.11892e-06,1.0766e-06,1.01804e-06,9.81973e-07,9.33717e-07,8.59181e-07,7.94425e-07,7.37752e-07,6.87832e-07,6.43589e-07,6.04172e-07,5.70358e-07,5.38468e-07,5.09651e-07,4.83509e-07,4.59703e-07,4.37951e-07,4.18009e-07,3.9967e-07,3.83404e-07,3.70769e-07,3.53199e-07,3.42324e-07,3.27131e-07,3.17685e-07,3.04437e-07,2.96166e-07,2.84522e-07,2.77228e-07,2.66925e-07,2.6045e-07,2.51278e-07,2.45497e-07,2.37283e-07,2.31234e-07,2.25088e-07,2.19247e-07,2.13688e-07,2.08394e-07,2.03345e-07,1.98526e-07,1.93922e-07,1.89519e-07,1.85305e-07,1.81268e-07,1.71883e-07,1.58685e-07,1.47326e-07,1.36311e-07,1.26803e-07,1.18518e-07,1.10484e-07,1.03462e-07,9.66967e-08,9.02564e-08,8.4621e-08,7.96501e-08,7.45458e-08,7.00614e-08,6.60917e-08,6.20793e-08,5.85337e-08,5.51929e-08,5.2056e-08,4.92647e-08,4.65036e-08,4.40443e-08,4.16323e-08,3.93872e-08,3.72983e-08,3.5355e-08,3.35468e-08,3.1805e-08,3.01912e-08,2.86945e-08,2.72624e-08,2.59368e-08,2.46396e-08,2.3444e-08,2.23397e-08,2.1268e-08,2.0258e-08
3.16224e-08,0.0308247,0.944859,1.93639,0.893068,0.221345,0.0623853,0.0165666,0.00603636,0.0022576,0.0010875,0.0005377,0.000303615,0.00018501,0.000119992,8.19308e-05,5.83901e-05,4.31365e-05,3.28527e-05,2.56789e-05,2.05247e-05,1.67829e-05,1.44207e-05,1.19571e-05,1.00645e-05,8.58412e-06,7.67756e-06,6.67725e-06,5.86253e-06,5.19098e-06,4.7622e-06,4.27103e-06,3.85492e-06,3.49945e-06,3.26582e-06,2.99108e-06,2.79075e-06,2.55151e-06,2.41e-06,2.22054e-06,2.10745e-06,1.95477e-06,1.86291e-06,1.73799e-06,1.66231e-06,1.55872e-06,1.49557e-06,1.40865e-06,1.35537e-06,1.28165e-06,1.23624e-06,1.17549e-06,1.08166e-06,1.00013e-06,9.28782e-07,8.65932e-07,8.10239e-07,7.60611e-07,7.18045e-07,6.77896e-07,6.41617e-07,6.08704e-07,5.78734e-07,5.5135e-07,5.26244e-07,5.03159e-07,4.8268e-07,4.66774e-07,4.44656e-07,4.30962e-07,4.11837e-07,3.99944e-07,3.83266e-07,3.72851e-07,3.58195e-07,3.49012e-07,3.36042e-07,3.2789e-07,3.16342e-07,3.09064e-07,2.98725e-07,2.91109e-07,2.83371e-07,2.76016e-07,2.69019e-07,2.62355e-07,2.55998e-07,2.49931e-07,2.44135e-07,2.38592e-07,2.33288e-07,2.28204e-07,2.1639e-07,1.99775e-07,1.85474e-07,1.71606e-07,1.59636e-07,1.49207e-07,1.39092e-07,1.30252e-07,1.21735e-07,1.13627e-07,1.06532e-07,1.00274e-07,9.38482e-08,8.82026e-08,8.3205e-08,7.81537e-08,7.36901e-08,6.94842e-08,6.55351e-08,6.20211e-08,5.8545e-08,5.54489e-08,5.24123e-08,4.95859e-08,4.69562e-08,4.45096e-08,4.22332e-08,4.00404e-08,3.80087e-08,3.61244e-08,3.43215e-08,3.26528e-08,3.10197e-08,2.95144e-08,2.81242e-08,2.6775e-08,2.55035e-08
3.98105e-08,0.0388243,1.20944,2.52329,1.14908,0.280523,0.0787084,0.0208701,0.00760144,0.00284249,0.00136917,0.000676954,0.000382239,0.000232919,0.000151062,0.000103146,7.35096e-05,5.43062e-05,4.13595e-05,3.23281e-05,2.58394e-05,2.11286e-05,1.81548e-05,1.50531e-05,1.26706e-05,1.08068e-05,9.66552e-06,8.40626e-06,7.38055e-06,6.53511e-06,5.9953e-06,5.37694e-06,4.85309e-06,4.40557e-06,4.11145e-06,3.76558e-06,3.51337e-06,3.21219e-06,3.03403e-06,2.79551e-06,2.65313e-06,2.46092e-06,2.34528e-06,2.18802e-06,2.09273e-06,1.96233e-06,1.88283e-06,1.7734e-06,1.70632e-06,1.61351e-06,1.55634e-06,1.47986e-06,1.36173e-06,1.25909e-06,1.16927e-06,1.09015e-06,1.02003e-06,9.57558e-07,9.0397e-07,8.53425e-07,8.07752e-07,7.66317e-07,7.28589e-07,6.94112e-07,6.62506e-07,6.33444e-07,6.07665e-07,5.87636e-07,5.59793e-07,5.42554e-07,5.18476e-07,5.03506e-07,4.82505e-07,4.69396e-07,4.50943e-07,4.39383e-07,4.23055e-07,4.12791e-07,3.98255e-07,3.89092e-07,3.76075e-07,3.66486e-07,3.56744e-07,3.47487e-07,3.38677e-07,3.30285e-07,3.22284e-07,3.14647e-07,3.0735e-07,3.00372e-07,2.93692e-07,2.87294e-07,2.72421e-07,2.51502e-07,2.33499e-07,2.16041e-07,2.00971e-07,1.87841e-07,1.75108e-07,1.63979e-07,1.53256e-07,1.43048e-07,1.34117e-07,1.26239e-07,1.18148e-07,1.11041e-07,1.04749e-07,9.83902e-08,9.27709e-08,8.74764e-08,8.25047e-08,7.80807e-08,7.37044e-08,6.98066e-08,6.59838e-08,6.24254e-08,5.91144e-08,5.60345e-08,5.31686e-08,5.04082e-08,4.78503e-08,4.54784e-08,4.32085e-08,4.11078e-08,3.90515e-08,3.71567e-08,3.54064e-08,3.37081e-08,3.21072e-08
5.01184e-08,0.0489058,1.55461,3.29658,1.48631,0.356148,0.0993576,0.0262956,0.00957291,0.003579,0.00172382,0.000852272,0.000481224,0.000293234,0.00019018,0.000129854,9.25438e-05,6.83678e-05,5.20686e-05,4.06987e-05,3.25299e-05,2.65993e-05,2.28556e-05,1.89508e-05,1.59513e-05,1.36049e-05,1.21682e-05,1.05828e-05,9.29155e-06,8.22718e-06,7.54764e-06,6.76916e-06,6.10967e-06,5.54628e-06,5.17601e-06,4.74057e-06,4.42306e-06,4.04391e-06,3.81962e-06,3.51934e-06,3.34009e-06,3.09812e-06,2.95252e-06,2.75455e-06,2.63459e-06,2.47042e-06,2.37034e-06,2.23258e-06,2.14813e-06,2.03129e-06,1.95932e-06,1.86303e-06,1.71432e-06,1.5851e-06,1.47203e-06,1.37242e-06,1.28415e-06,1.20549e-06,1.13803e-06,1.07439e-06,1.0169e-06,9.64735e-07,9.17236e-07,8.73836e-07,8.34047e-07,7.97458e-07,7.65004e-07,7.39791e-07,7.04736e-07,6.83036e-07,6.52722e-07,6.33873e-07,6.07437e-07,5.90935e-07,5.67704e-07,5.5315e-07,5.32593e-07,5.19674e-07,5.01372e-07,4.89837e-07,4.73448e-07,4.61377e-07,4.49116e-07,4.37461e-07,4.26369e-07,4.15806e-07,4.05732e-07,3.96117e-07,3.86929e-07,3.78144e-07,3.69736e-07,3.61682e-07,3.42957e-07,3.16623e-07,2.93958e-07,2.71979e-07,2.53008e-07,2.36477e-07,2.20447e-07,2.06437e-07,1.92938e-07,1.80088e-07,1.68843e-07,1.58925e-07,1.4874e-07,1.39793e-07,1.31872e-07,1.23866e-07,1.16792e-07,1.10126e-07,1.03867e-07,9.82971e-08,9.27881e-08,8.78808e-08,8.30681e-08,7.85888e-08,7.44212e-08,7.05432e-08,6.69354e-08,6.34603e-08,6.024e-08,5.72538e-08,5.43963e-08,5.17513e-08,4.9163e-08,4.67775e-08,4.45742e-08,4.24359e-08,4.04204e-08
6.30961e-08,0.0616153,2.00829,4.28066,1.93364,0.45318,0.125515,0.0331393,0.0120569,0.00450657,0.0021704,0.00107302,0.000605855,0.000369174,0.000239429,0.000163482,0.000116508,8.60715e-05,6.55516e-05,5.12375e-05,4.09533e-05,3.3487e-05,2.87739e-05,2.3858e-05,2.00818e-05,1.71279e-05,1.5319e-05,1.33232e-05,1.16975e-05,1.03576e-05,9.50199e-06,8.52198e-06,7.6917e-06,6.98244e-06,6.51629e-06,5.96811e-06,5.56837e-06,5.09104e-06,4.80867e-06,4.43064e-06,4.20498e-06,3.90035e-06,3.71705e-06,3.46781e-06,3.3168e-06,3.11011e-06,2.98412e-06,2.81068e-06,2.70436e-06,2.55728e-06,2.46667e-06,2.34545e-06,2.15823e-06,1.99555e-06,1.8532e-06,1.7278e-06,1.61667e-06,1.51765e-06,1.43271e-06,1.3526e-06,1.28022e-06,1.21455e-06,1.15475e-06,1.10011e-06,1.05001e-06,1.00395e-06,9.63094e-07,9.31352e-07,8.87222e-07,8.59901e-07,8.2174e-07,7.9801e-07,7.64728e-07,7.43953e-07,7.14704e-07,6.96383e-07,6.70504e-07,6.5424e-07,6.31199e-07,6.16675e-07,5.96043e-07,5.80848e-07,5.6541e-07,5.50736e-07,5.36773e-07,5.23473e-07,5.10792e-07,4.98688e-07,4.87121e-07,4.76061e-07,4.65477e-07,4.55336e-07,4.31762e-07,3.9861e-07,3.70075e-07,3.42405e-07,3.18522e-07,2.9771e-07,2.77529e-07,2.59891e-07,2.42898e-07,2.26719e-07,2.12563e-07,2.00077e-07,1.87255e-07,1.7599e-07,1.66018e-07,1.5594e-07,1.47034e-07,1.38641e-07,1.30762e-07,1.2375e-07,1.16815e-07,1.10637e-07,1.04578e-07,9.89385e-08,9.36915e-08,8.88101e-08,8.42677e-08,7.98926e-08,7.58384e-08,7.20788e-08,6.84819e-08,6.51519e-08,6.18933e-08,5.88903e-08,5.61162e-08,5.34242e-08,5.0887e-08
7.94329e-08,0.077642,2.60826,5.42988,2.52753,0.578286,0.1587,0.041775,0.0151869,0.00567473,0.00273271,0.00135095,0.000762759,0.000464774,0.000301429,0.000205812,0.000146676,0.000108358,8.25246e-05,6.45042e-05,5.15572e-05,4.21576e-05,3.62241e-05,3.00353e-05,2.52814e-05,2.15626e-05,1.92855e-05,1.67728e-05,1.47262e-05,1.30394e-05,1.19623e-05,1.07285e-05,9.68326e-06,8.79035e-06,8.2035e-06,7.51339e-06,7.01011e-06,6.40923e-06,6.05375e-06,5.57782e-06,5.29373e-06,4.91022e-06,4.67947e-06,4.3657e-06,4.17558e-06,3.91538e-06,3.75676e-06,3.53842e-06,3.40458e-06,3.2194e-06,3.10533e-06,2.95274e-06,2.71703e-06,2.51224e-06,2.33302e-06,2.17515e-06,2.03525e-06,1.91059e-06,1.80367e-06,1.70281e-06,1.61169e-06,1.52902e-06,1.45374e-06,1.38494e-06,1.32188e-06,1.2639e-06,1.21246e-06,1.1725e-06,1.11694e-06,1.08254e-06,1.0345e-06,1.00463e-06,9.62732e-07,9.36576e-07,8.99757e-07,8.7669e-07,8.44111e-07,8.23635e-07,7.94627e-07,7.76345e-07,7.50372e-07,7.31241e-07,7.11804e-07,6.93332e-07,6.75754e-07,6.59011e-07,6.43046e-07,6.27806e-07,6.13246e-07,5.99325e-07,5.85998e-07,5.73232e-07,5.43554e-07,5.01816e-07,4.65895e-07,4.3106e-07,4.00992e-07,3.74793e-07,3.49387e-07,3.27182e-07,3.05788e-07,2.85422e-07,2.676e-07,2.51881e-07,2.35739e-07,2.21558e-07,2.09004e-07,1.96315e-07,1.85104e-07,1.74538e-07,1.64619e-07,1.55792e-07,1.4706e-07,1.39283e-07,1.31655e-07,1.24556e-07,1.1795e-07,1.11805e-07,1.06087e-07,1.00578e-07,9.54748e-08,9.07416e-08,8.62132e-08,8.2021e-08,7.79189e-08,7.41377e-08,7.06457e-08,6.72565e-08,6.40628e-08
1e-07,0.0978606,3.40225,6.6074,3.30248,0.740553,0.200888,0.0526793,0.0191323,0.00714615,0.00344081,0.00170089,0.000960312,0.000585139,0.000379485,0.000259107,0.000184656,0.000136416,0.000103893,8.12063e-05,6.49068e-05,5.30734e-05,4.56035e-05,3.78123e-05,3.18274e-05,2.71458e-05,2.4279e-05,2.11157e-05,1.85393e-05,1.64156e-05,1.50596e-05,1.35064e-05,1.21905e-05,1.10664e-05,1.03276e-05,9.45877e-06,8.82526e-06,8.06871e-06,7.62118e-06,7.02207e-06,6.6644e-06,6.18161e-06,5.89111e-06,5.49608e-06,5.25676e-06,4.92918e-06,4.72948e-06,4.45461e-06,4.28611e-06,4.05299e-06,3.90938e-06,3.71727e-06,3.42054e-06,3.16272e-06,2.9371e-06,2.73836e-06,2.56223e-06,2.40529e-06,2.27068e-06,2.14372e-06,2.02899e-06,1.92492e-06,1.83014e-06,1.74354e-06,1.66415e-06,1.59115e-06,1.52639e-06,1.47609e-06,1.40614e-06,1.36284e-06,1.30236e-06,1.26475e-06,1.21201e-06,1.17908e-06,1.13273e-06,1.10369e-06,1.06267e-06,1.03689e-06,1.00038e-06,9.77359e-07,9.44662e-07,9.20577e-07,8.96109e-07,8.72853e-07,8.50724e-07,8.29647e-07,8.09546e-07,7.90361e-07,7.72033e-07,7.54504e-07,7.37726e-07,7.21656e-07,6.84294e-07,6.31749e-07,5.86526e-07,5.42672e-07,5.04819e-07,4.71836e-07,4.39851e-07,4.11898e-07,3.84964e-07,3.59325e-07,3.36889e-07,3.17099e-07,2.96777e-07,2.78924e-07,2.63121e-07,2.47147e-07,2.33032e-07,2.19731e-07,2.07243e-07,1.9613e-07,1.85138e-07,1.75347e-07,1.65744e-07,1.56806e-07,1.4849e-07,1.40753e-07,1.33555e-07,1.2662e-07,1.20195e-07,1.14237e-07,1.08535e-07,1.03258e-07,9.80938e-08,9.33338e-08,8.89375e-08,8.46711e-08,8.06502e-08
1.25892e-07,0.123382,4.43545,7.67719,4.25624,0.952588,0.25466,0.0664583,0.0241067,0.00899971,0.00433257,0.00214153,0.00120905,0.000736679,0.000477758,0.000326203,0.000232472,0.000171739,0.000130794,0.000102233,8.1713e-05,6.68155e-05,5.74115e-05,4.76029e-05,4.00683e-05,3.41745e-05,3.05654e-05,2.6583e-05,2.33395e-05,2.0666e-05,1.89589e-05,1.70035e-05,1.53469e-05,1.39317e-05,1.30016e-05,1.19079e-05,1.11103e-05,1.01578e-05,9.59447e-06,8.84019e-06,8.38999e-06,7.78213e-06,7.41641e-06,6.91911e-06,6.61782e-06,6.20546e-06,5.95404e-06,5.60797e-06,5.39587e-06,5.10241e-06,4.92159e-06,4.67973e-06,4.30618e-06,3.98162e-06,3.69758e-06,3.44737e-06,3.22564e-06,3.02807e-06,2.85861e-06,2.69877e-06,2.55434e-06,2.42332e-06,2.304e-06,2.19498e-06,2.09504e-06,2.00313e-06,1.92161e-06,1.85828e-06,1.77022e-06,1.71571e-06,1.63957e-06,1.59222e-06,1.52582e-06,1.48436e-06,1.42601e-06,1.38945e-06,1.33782e-06,1.30537e-06,1.2594e-06,1.23042e-06,1.18925e-06,1.15893e-06,1.12813e-06,1.09885e-06,1.07099e-06,1.04446e-06,1.01915e-06,9.95001e-07,9.71927e-07,9.49861e-07,9.28739e-07,9.08506e-07,8.61471e-07,7.95323e-07,7.3839e-07,6.83182e-07,6.35527e-07,5.94004e-07,5.53738e-07,5.18545e-07,4.84639e-07,4.5236e-07,4.24116e-07,3.99202e-07,3.73619e-07,3.51144e-07,3.31248e-07,3.11138e-07,2.93368e-07,2.76624e-07,2.60902e-07,2.46912e-07,2.33074e-07,2.20748e-07,2.08659e-07,1.97406e-07,1.86937e-07,1.77197e-07,1.68135e-07,1.59405e-07,1.51316e-07,1.43815e-07,1.36638e-07,1.29994e-07,1.23493e-07,1.175e-07,1.11965e-07,1.06594e-07,1.01532e-07
1.58487e-07,0.155617,5.70736,8.58723,5.30321,1.23197,0.323417,0.0838874,0.0303811,0.0113351,0.00545568,0.00269639,0.00152223,0.000927473,0.000601481,0.000410673,0.000292667,0.000216207,0.00016466,0.000128703,0.00010287,8.41154e-05,7.22764e-05,5.99281e-05,5.04426e-05,4.30228e-05,3.84793e-05,3.34658e-05,2.93824e-05,2.60167e-05,2.38677e-05,2.14059e-05,1.93204e-05,1.75389e-05,1.63679e-05,1.49909e-05,1.39869e-05,1.27879e-05,1.20787e-05,1.11291e-05,1.05622e-05,9.79708e-06,9.33665e-06,8.71059e-06,8.33126e-06,7.81212e-06,7.49564e-06,7.05999e-06,6.79294e-06,6.42348e-06,6.19589e-06,5.89142e-06,5.4211e-06,5.01251e-06,4.65492e-06,4.33996e-06,4.06081e-06,3.81208e-06,3.59874e-06,3.39751e-06,3.21569e-06,3.05074e-06,2.90054e-06,2.76329e-06,2.63747e-06,2.52177e-06,2.41914e-06,2.33941e-06,2.22856e-06,2.15993e-06,2.06407e-06,2.00447e-06,1.92087e-06,1.86869e-06,1.79522e-06,1.7492e-06,1.6842e-06,1.64334e-06,1.58547e-06,1.54899e-06,1.49717e-06,1.45899e-06,1.42022e-06,1.38336e-06,1.34829e-06,1.31488e-06,1.28302e-06,1.25262e-06,1.22357e-06,1.19579e-06,1.1692e-06,1.14373e-06,1.08452e-06,1.00124e-06,9.29569e-07,8.60066e-07,8.00073e-07,7.478e-07,6.97108e-07,6.52803e-07,6.10118e-07,5.69482e-07,5.33925e-07,5.02561e-07,4.70354e-07,4.4206e-07,4.17012e-07,3.91696e-07,3.69324e-07,3.48245e-07,3.28453e-07,3.10841e-07,2.9342e-07,2.77902e-07,2.62683e-07,2.48518e-07,2.35338e-07,2.23076e-07,2.11667e-07,2.00676e-07,1.90494e-07,1.8105e-07,1.72015e-07,1.63651e-07,1.55466e-07,1.47922e-07,1.40955e-07,1.34193e-07,1.2782e-07
1.99526e-07,0.196376,7.11106,9.3465,6.30706,1.60322,0.411712,0.105964,0.0383003,0.0142785,0.00687057,0.00339521,0.00191661,0.00116773,0.000757272,0.000517033,0.000368461,0.000272198,0.000207302,0.000162033,0.000129509,0.000105897,9.09925e-05,7.54465e-05,6.35047e-05,5.41634e-05,4.84434e-05,4.21316e-05,3.69909e-05,3.27535e-05,3.00481e-05,2.69489e-05,2.43233e-05,2.20804e-05,2.06063e-05,1.88728e-05,1.76087e-05,1.60993e-05,1.52063e-05,1.40109e-05,1.32973e-05,1.23339e-05,1.17543e-05,1.09661e-05,1.04886e-05,9.83499e-06,9.43655e-06,8.88811e-06,8.5519e-06,8.0868e-06,7.80026e-06,7.41692e-06,6.82485e-06,6.31048e-06,5.86028e-06,5.46373e-06,5.11232e-06,4.79918e-06,4.53061e-06,4.27729e-06,4.04837e-06,3.84072e-06,3.65162e-06,3.47882e-06,3.32043e-06,3.17476e-06,3.04555e-06,2.94518e-06,2.80562e-06,2.71923e-06,2.59855e-06,2.52351e-06,2.41827e-06,2.35257e-06,2.26008e-06,2.20214e-06,2.12031e-06,2.06887e-06,1.99601e-06,1.95009e-06,1.88485e-06,1.83679e-06,1.78797e-06,1.74157e-06,1.69742e-06,1.65536e-06,1.61526e-06,1.57698e-06,1.5404e-06,1.50543e-06,1.47196e-06,1.43989e-06,1.36534e-06,1.2605e-06,1.17027e-06,1.08277e-06,1.00725e-06,9.41437e-07,8.7762e-07,8.21842e-07,7.68104e-07,7.16946e-07,6.72181e-07,6.32695e-07,5.92149e-07,5.56527e-07,5.24995e-07,4.93122e-07,4.64958e-07,4.38421e-07,4.13503e-07,3.91331e-07,3.69399e-07,3.49863e-07,3.30703e-07,3.12869e-07,2.96277e-07,2.8084e-07,2.66477e-07,2.5264e-07,2.39821e-07,2.27932e-07,2.16557e-07,2.06027e-07,1.95723e-07,1.86226e-07,1.77454e-07,1.68941e-07,1.60918e-07
2.51184e-07,0.247954,8.46642,9.98182,7.18235,2.09848,0.525655,0.133963,0.0482995,0.0179886,0.00865281,0.00427522,0.0024132,0.00147021,0.000953397,0.000650926,0.000463873,0.00034268,0.000260977,0.000203986,0.000163041,0.000133315,0.000114551,9.49809e-05,7.99468e-05,6.81869e-05,6.09858e-05,5.30399e-05,4.65682e-05,4.12337e-05,3.78277e-05,3.39261e-05,3.06208e-05,2.77972e-05,2.59414e-05,2.37591e-05,2.21677e-05,2.02674e-05,1.91433e-05,1.76384e-05,1.674e-05,1.55273e-05,1.47976e-05,1.38053e-05,1.32041e-05,1.23813e-05,1.18797e-05,1.11893e-05,1.0766e-05,1.01805e-05,9.81978e-06,9.33722e-06,8.59186e-06,7.94429e-06,7.37756e-06,6.87832e-06,6.43593e-06,6.04172e-06,5.70362e-06,5.38468e-06,5.09651e-06,4.83509e-06,4.59703e-06,4.37951e-06,4.18009e-06,3.99674e-06,3.83407e-06,3.70769e-06,3.53202e-06,3.42324e-06,3.27131e-06,3.17687e-06,3.04437e-06,2.96166e-06,2.84522e-06,2.77228e-06,2.66928e-06,2.60452e-06,2.5128e-06,2.45497e-06,2.37285e-06,2.31234e-06,2.25088e-06,2.19247e-06,2.13689e-06,2.08394e-06,2.03345e-06,1.98526e-06,1.93922e-06,1.89519e-06,1.85305e-06,1.81268e-06,1.71884e-06,1.58685e-06,1.47326e-06,1.36311e-06,1.26803e-06,1.18518e-06,1.10484e-06,1.03462e-06,9.66969e-07,9.02566e-07,8.46211e-07,7.96502e-07,7.45458e-07,7.00615e-07,6.60918e-07,6.20793e-07,5.85338e-07,5.5193e-07,5.20561e-07,4.92648e-07,4.65037e-07,4.40444e-07,4.16323e-07,3.93872e-07,3.72984e-07,3.5355e-07,3.35468e-07,3.1805e-07,3.01912e-07,2.86945e-07,2.72624e-07,2.59369e-07,2.46396e-07,2.3444e-07,2.23397e-07,2.1268e-07,2.0258e-07
3.16224e-07,0.313329,9.65372,10.5194,7.91688,2.75253,0.673691,0.169555,0.0609382,0.0226673,0.0108988,0.00538376,0.00303861,0.00185112,0.00120037,0.000819522,0.000584011,0.000431425,0.000328561,0.00025681,0.000205261,0.000167838,0.000144215,0.000119575,0.000100649,8.58437e-05,7.67775e-05,6.6774e-05,5.86265e-05,5.19107e-05,4.76227e-05,4.27109e-05,3.85497e-05,3.49949e-05,3.26586e-05,2.99112e-05,2.79077e-05,2.55154e-05,2.41002e-05,2.22055e-05,2.10746e-05,1.95478e-05,1.86292e-05,1.738e-05,1.66232e-05,1.55873e-05,1.49558e-05,1.40866e-05,1.35538e-05,1.28166e-05,1.23624e-05,1.1755e-05,1.08166e-05,1.00013e-05,9.28786e-06,8.65936e-06,8.10243e-06,7.60615e-06,7.18045e-06,6.77896e-06,6.41617e-06,6.08707e-06,5.78738e-06,5.5135e-06,5.26244e-06,5.03162e-06,4.82683e-06,4.66774e-06,4.44656e-06,4.30965e-06,4.1184e-06,3.99947e-06,3.83266e-06,3.72854e-06,3.58195e-06,3.49012e-06,3.36042e-06,3.27893e-06,3.16345e-06,3.09064e-06,2.98725e-06,2.91109e-06,2.83371e-06,2.76016e-06,2.69019e-06,2.62355e-06,2.55998e-06,2.49931e-06,2.44135e-06,2.38592e-06,2.33288e-06,2.28204e-06,2.1639e-06,1.99775e-06,1.85474e-06,1.71606e-06,1.59636e-06,1.49207e-06,1.39092e-06,1.30252e-06,1.21735e-06,1.13627e-06,1.06532e-06,1.00274e-06,9.38483e-07,8.82027e-07,8.32051e-07,7.81538e-07,7.36902e-07,6.94843e-07,6.55351e-07,6.20211e-07,5.85451e-07,5.5449e-07,5.24123e-07,4.9586e-07,4.69562e-07,4.45097e-07,4.22333e-07,4.00404e-07,3.80087e-07,3.61245e-07,3.43216e-07,3.26528e-07,3.10197e-07,2.95145e-07,2.81242e-07,2.6775e-07,2.55035e-07
3.98105e-07,0.39633,10.6504,10.9801,8.53031,3.5766,0.867549,0.214909,0.076928,0.0285699,0.0137295,0.00678025,0.00382631,0.0023308,0.00151135,0.0010318,0.00073527,0.000543157,0.000413649,0.000323315,0.000258415,0.0002113,0.000181559,0.000150539,0.000126711,0.000108071,9.66584e-05,8.40642e-05,7.38072e-05,6.53525e-05,5.99541e-05,5.37703e-05,4.85317e-05,4.40564e-05,4.11152e-05,3.76562e-05,3.51341e-05,3.21223e-05,3.03406e-05,2.79554e-05,2.65316e-05,2.46094e-05,2.3453e-05,2.18803e-05,2.09275e-05,1.96234e-05,1.88284e-05,1.77341e-05,1.70633e-05,1.61353e-05,1.55635e-05,1.47987e-05,1.36174e-05,1.2591e-05,1.16928e-05,1.09016e-05,1.02004e-05,9.57562e-06,9.03974e-06,8.53428e-06,8.07756e-06,7.6632e-06,7.28592e-06,6.94115e-06,6.62509e-06,6.33447e-06,6.07665e-06,5.87639e-06,5.59796e-06,5.42557e-06,5.18478e-06,5.03506e-06,4.82507e-06,4.69399e-06,4.50946e-06,4.39383e-06,4.23055e-06,4.12794e-06,3.98255e-06,3.89092e-06,3.76075e-06,3.66486e-06,3.56746e-06,3.47489e-06,3.38679e-06,3.30287e-06,3.22284e-06,3.14647e-06,3.0735e-06,3.00372e-06,2.93694e-06,2.87296e-06,2.72421e-06,2.51502e-06,2.33499e-06,2.16041e-06,2.00971e-06,1.87841e-06,1.75108e-06,1.63979e-06,1.53257e-06,1.43049e-06,1.34117e-06,1.26239e-06,1.18148e-06,1.11041e-06,1.04749e-06,9.83902e-07,9.27709e-07,8.74764e-07,8.25047e-07,7.80807e-07,7.37044e-07,6.98066e-07,6.59838e-07,6.24254e-07,5.9115e-07,5.60345e-07,5.31691e-07,5.04082e-07,4.78503e-07,4.54784e-07,4.32085e-07,4.11078e-07,3.90519e-07,3.71567e-07,3.54064e-07,3.37081e-07,3.21072e-07
5.01184e-07,0.501935,11.481,11.3797,9.04715,4.5111,1.12368,0.272886,0.0971829,0.0360203,0.0172981,0.00853972,0.00481846,0.00293489,0.00190293,0.00129909,0.000925712,0.000683828,0.000520772,0.00040704,0.000325332,0.000266015,0.000228572,0.000189519,0.000159521,0.000136056,0.000121687,0.000105832,9.29185e-05,8.2274e-05,7.54778e-05,6.76931e-05,6.1098e-05,5.54639e-05,5.17611e-05,4.74066e-05,4.42313e-05,4.04396e-05,3.81967e-05,3.51938e-05,3.34014e-05,3.09815e-05,2.95256e-05,2.75457e-05,2.63462e-05,2.47044e-05,2.37036e-05,2.2326e-05,2.14815e-05,2.03131e-05,1.95933e-05,1.86305e-05,1.71433e-05,1.58512e-05,1.47204e-05,1.37243e-05,1.28415e-05,1.2055e-05,1.13804e-05,1.0744e-05,1.0169e-05,9.64742e-06,9.17243e-06,8.7384e-06,8.3405e-06,7.97461e-06,7.65007e-06,7.39794e-06,7.04739e-06,6.83039e-06,6.52725e-06,6.33876e-06,6.0744e-06,5.90938e-06,5.67706e-06,5.53153e-06,5.32596e-06,5.19676e-06,5.01374e-06,4.89837e-06,4.73451e-06,4.61379e-06,4.49116e-06,4.37461e-06,4.26371e-06,4.15806e-06,4.05732e-06,3.96117e-06,3.86931e-06,3.78146e-06,3.69738e-06,3.61684e-06,3.42959e-06,3.16623e-06,2.93958e-06,2.71979e-06,2.53008e-06,2.36478e-06,2.20447e-06,2.06437e-06,1.92938e-06,1.80088e-06,1.68844e-06,1.58926e-06,1.4874e-06,1.39793e-06,1.31872e-06,1.23866e-06,1.16792e-06,1.10126e-06,1.03867e-06,9.82978e-07,9.27881e-07,8.78814e-07,8.30687e-07,7.85888e-07,7.44212e-07,7.05432e-07,6.69354e-07,6.34603e-07,6.024e-07,5.72538e-07,5.43963e-07,5.17517e-07,4.91634e-07,4.67775e-07,4.45742e-07,4.24359e-07,4.04207e-07
6.30961e-07,0.636683,12.1784,11.7301,9.48819,5.43219,1.46542,0.34731,0.122885,0.0454314,0.0217991,0.0107572,0.00606841,0.00369577,0.00239608,0.00163567,0.00116552,0.000860953,0.000655653,0.000512458,0.000409587,0.000334905,0.000287765,0.000238598,0.000200831,0.000171288,0.000153198,0.000133237,0.000116979,0.000103579,9.50235e-05,8.52225e-05,7.69191e-05,6.98264e-05,6.51641e-05,5.96823e-05,5.56848e-05,5.09113e-05,4.80876e-05,4.43071e-05,4.20504e-05,3.9004e-05,3.71711e-05,3.46786e-05,3.31684e-05,3.11016e-05,2.98415e-05,2.81071e-05,2.70439e-05,2.5573e-05,2.46669e-05,2.34547e-05,2.15824e-05,1.99557e-05,1.85321e-05,1.72781e-05,1.61668e-05,1.51766e-05,1.43272e-05,1.35261e-05,1.28022e-05,1.21455e-05,1.15475e-05,1.10011e-05,1.05002e-05,1.00396e-05,9.631e-06,9.31358e-06,8.87228e-06,8.59904e-06,8.21743e-06,7.98013e-06,7.64734e-06,7.43956e-06,7.1471e-06,6.96386e-06,6.70509e-06,6.54243e-06,6.31201e-06,6.16678e-06,5.96048e-06,5.8085e-06,5.65412e-06,5.50739e-06,5.36775e-06,5.23475e-06,5.10794e-06,4.9869e-06,4.87123e-06,4.76063e-06,4.65479e-06,4.55338e-06,4.31764e-06,3.98611e-06,3.70076e-06,3.42407e-06,3.18522e-06,2.97712e-06,2.7753e-06,2.59892e-06,2.42898e-06,2.2672e-06,2.12564e-06,2.00077e-06,1.87255e-06,1.75991e-06,1.66019e-06,1.5594e-06,1.47034e-06,1.38642e-06,1.30762e-06,1.23751e-06,1.16815e-06,1.10638e-06,1.04579e-06,9.89391e-07,9.36915e-07,8.88101e-07,8.42682e-07,7.98926e-07,7.58389e-07,7.20792e-07,6.84819e-07,6.51523e-07,6.18937e-07,5.88903e-07,5.61162e-07,5.34242e-07,5.08873e-07
7.94329e-07,0.809189,12.7711,12.0403,9.86933,6.2467,1.92398,0.443331,0.155563,0.0573285,0.027478,0.0135522,0.00764323,0.00465415,0.00301712,0.00205948,0.00146745,0.00108395,0.000825464,0.000645174,0.000515656,0.000421632,0.000362282,0.000300382,0.000252834,0.000215641,0.000192867,0.000167737,0.00014727,0.000130399,0.000119628,0.000107289,9.6836e-05,8.79061e-05,8.20376e-05,7.51357e-05,7.0103e-05,6.40935e-05,6.05387e-05,5.57794e-05,5.29384e-05,4.91031e-05,4.67956e-05,4.36577e-05,4.17565e-05,3.91544e-05,3.75682e-05,3.53847e-05,3.40463e-05,3.21945e-05,3.10538e-05,2.95277e-05,2.71707e-05,2.51227e-05,2.33305e-05,2.17518e-05,2.03527e-05,1.91061e-05,1.80368e-05,1.70283e-05,1.6117e-05,1.52903e-05,1.45375e-05,1.38496e-05,1.32189e-05,1.2639e-05,1.21247e-05,1.17251e-05,1.11695e-05,1.08255e-05,1.03451e-05,1.00464e-05,9.62737e-06,9.36582e-06,8.99762e-06,8.76695e-06,8.44116e-06,8.2364e-06,7.94632e-06,7.7635e-06,7.50377e-06,7.31244e-06,7.11809e-06,6.93336e-06,6.75758e-06,6.59016e-06,6.4305e-06,6.2781e-06,6.1325e-06,5.99327e-06,5.86e-06,5.73234e-06,5.43558e-06,5.0182e-06,4.65897e-06,4.31062e-06,4.00994e-06,3.74796e-06,3.49388e-06,3.27183e-06,3.0579e-06,2.85423e-06,2.67601e-06,2.51882e-06,2.3574e-06,2.21559e-06,2.09005e-06,1.96316e-06,1.85105e-06,1.74539e-06,1.64619e-06,1.55793e-06,1.47061e-06,1.39283e-06,1.31656e-06,1.24556e-06,1.17951e-06,1.11805e-06,1.06087e-06,1.00578e-06,9.54752e-07,9.07421e-07,8.62132e-07,8.20214e-07,7.79192e-07,7.41381e-07,7.06457e-07,6.72569e-07,6.40628e-07
1e-06,1.031,13.281,12.3173,10.2026,6.93324,2.53419,0.568044,0.197224,0.0723861,0.0346478,0.0170767,0.00962792,0.00586155,0.00379936,0.00259323,0.00184767,0.00136475,0.00103928,0.000812273,0.000649202,0.000530822,0.000456101,0.000378169,0.000318307,0.000271481,0.00024281,0.000211171,0.000185404,0.000164165,0.000150604,0.00013507,0.00012191,0.000110668,0.000103279,9.45908e-05,8.82551e-05,8.06895e-05,7.62141e-05,7.02224e-05,6.66457e-05,6.18172e-05,5.89122e-05,5.49618e-05,5.25686e-05,4.92927e-05,4.72957e-05,4.45469e-05,4.28618e-05,4.05306e-05,3.90944e-05,3.71733e-05,3.42059e-05,3.16277e-05,2.93714e-05,2.73839e-05,2.56226e-05,2.40532e-05,2.27071e-05,2.14374e-05,2.02901e-05,1.92494e-05,1.83016e-05,1.74356e-05,1.66417e-05,1.59117e-05,1.52641e-05,1.4761e-05,1.40616e-05,1.36286e-05,1.30237e-05,1.26476e-05,1.21202e-05,1.17909e-05,1.13273e-05,1.1037e-05,1.06268e-05,1.0369e-05,1.00038e-05,9.77367e-06,9.44669e-06,9.20584e-06,8.96116e-06,8.72859e-06,8.50731e-06,8.29651e-06,8.0955e-06,7.90366e-06,7.72037e-06,7.54508e-06,7.3773e-06,7.2166e-06,6.84298e-06,6.31754e-06,5.8653e-06,5.42676e-06,5.04822e-06,4.71839e-06,4.39854e-06,4.11899e-06,3.84966e-06,3.59326e-06,3.3689e-06,3.171e-06,2.96779e-06,2.78926e-06,2.63122e-06,2.47148e-06,2.33032e-06,2.19732e-06,2.07243e-06,1.96131e-06,1.85139e-06,1.75348e-06,1.65745e-06,1.56807e-06,1.48491e-06,1.40754e-06,1.33555e-06,1.26621e-06,1.20196e-06,1.14237e-06,1.08536e-06,1.03259e-06,9.80942e-07,9.33341e-07,8.89378e-07,8.46714e-07,8.06505e-07
1.25892e-06,1.31771,13.725,12.5665,10.4971,7.50716,3.30924,0.731353,0.250515,0.0914695,0.0437066,0.021523,0.0121298,0.00738292,0.00478473,0.00326543,0.00232646,0.00171834,0.00130849,0.00102266,0.000817341,0.000668295,0.000574219,0.0004761,0.000400734,0.000341782,0.000305684,0.000265853,0.000233413,0.000206673,0.000189601,0.000170045,0.000153477,0.000139324,0.000130022,0.000119084,0.000111107,0.000101583,9.59482e-05,8.84048e-05,8.39021e-05,7.7824e-05,7.41663e-05,6.91932e-05,6.61798e-05,6.20561e-05,5.9542e-05,5.60812e-05,5.39601e-05,5.1025e-05,4.92168e-05,4.67982e-05,4.30627e-05,3.98169e-05,3.69764e-05,3.44743e-05,3.2257e-05,3.02812e-05,2.85865e-05,2.69881e-05,2.55437e-05,2.42335e-05,2.30403e-05,2.19501e-05,2.09506e-05,2.00316e-05,1.92163e-05,1.8583e-05,1.77024e-05,1.71573e-05,1.63959e-05,1.59224e-05,1.52583e-05,1.48438e-05,1.42603e-05,1.38947e-05,1.33783e-05,1.30538e-05,1.2594e-05,1.23043e-05,1.18926e-05,1.15894e-05,1.12814e-05,1.09886e-05,1.071e-05,1.04447e-05,1.01916e-05,9.95009e-06,9.71933e-06,9.49867e-06,9.28747e-06,9.08514e-06,8.61477e-06,7.95328e-06,7.38395e-06,6.83185e-06,6.35532e-06,5.94008e-06,5.53742e-06,5.18549e-06,4.84641e-06,4.52364e-06,4.24118e-06,3.99205e-06,3.73621e-06,3.51146e-06,3.31249e-06,3.1114e-06,2.9337e-06,2.76625e-06,2.60903e-06,2.46914e-06,2.33075e-06,2.20749e-06,2.0866e-06,1.97408e-06,1.86938e-06,1.77198e-06,1.68136e-06,1.59406e-06,1.51317e-06,1.43816e-06,1.36638e-06,1.29995e-06,1.23493e-06,1.17501e-06,1.11966e-06,1.06595e-06,1.01532e-06
1.58487e-06,1.69065,14.1154,12.7921,10.7597,7.99095,4.19192,0.947377,0.318977,0.115698,0.0551626,0.027135,0.0152847,0.00930031,0.00602616,0.00411214,0.00292943,0.00216357,0.00164747,0.00128757,0.00102904,0.000841376,0.000722928,0.000599395,0.000504507,0.000430287,0.000384841,0.000334694,0.000293853,0.000260189,0.000238695,0.000214075,0.000193217,0.000175399,0.000163689,0.000149918,0.000139875,0.000127885,0.000120791,0.000111295,0.000105627,9.79741e-05,9.33697e-05,8.71091e-05,8.33152e-05,7.81238e-05,7.49585e-05,7.06019e-05,6.79314e-05,6.42362e-05,6.19603e-05,5.89156e-05,5.42124e-05,5.0126e-05,4.65501e-05,4.34004e-05,4.06089e-05,3.81215e-05,3.5988e-05,3.39757e-05,3.21575e-05,3.05079e-05,2.90058e-05,2.76333e-05,2.63751e-05,2.52181e-05,2.41917e-05,2.33944e-05,2.22859e-05,2.15996e-05,2.0641e-05,2.0045e-05,1.9209e-05,1.86871e-05,1.79525e-05,1.74922e-05,1.68422e-05,1.64336e-05,1.58548e-05,1.549e-05,1.49718e-05,1.45901e-05,1.42023e-05,1.38337e-05,1.3483e-05,1.31489e-05,1.28304e-05,1.25263e-05,1.22358e-05,1.1958e-05,1.16921e-05,1.14374e-05,1.08453e-05,1.00125e-05,9.29578e-06,8.60074e-06,8.00081e-06,7.47806e-06,6.97114e-06,6.52808e-06,6.10122e-06,5.69487e-06,5.33929e-06,5.02565e-06,4.70357e-06,4.42063e-06,4.17015e-06,3.91698e-06,3.69327e-06,3.48248e-06,3.28455e-06,3.10843e-06,2.93422e-06,2.77904e-06,2.62685e-06,2.48519e-06,2.35339e-06,2.23077e-06,2.11668e-06,2.00678e-06,1.90495e-06,1.81052e-06,1.72016e-06,1.63652e-06,1.55467e-06,1.47923e-06,1.40955e-06,1.34193e-06,1.27821e-06
1.99526e-06,2.1793,14.4618,12.9976,10.9958,8.40417,5.06066,1.23644,0.407429,0.146534,0.0696699,0.0342241,0.0192653,0.0117179,0.00759071,0.00517891,0.00368899,0.00272437,0.00207438,0.00162116,0.00129562,0.00105933,0.000910186,0.000754645,0.000635175,0.000541728,0.000484509,0.000421374,0.000369953,0.000327571,0.000300511,0.000269513,0.000243254,0.000220821,0.000206078,0.000188741,0.000176098,0.000161002,0.000152072,0.000140116,0.000132979,0.000123345,0.000117549,0.000109666,0.00010489,9.8354e-05,9.4369e-05,8.88845e-05,8.55224e-05,8.08704e-05,7.80049e-05,7.41715e-05,6.82508e-05,6.31066e-05,5.86045e-05,5.46389e-05,5.11244e-05,4.79929e-05,4.53072e-05,4.27736e-05,4.04847e-05,3.84079e-05,3.65169e-05,3.47889e-05,3.32047e-05,3.17482e-05,3.04561e-05,2.94523e-05,2.80567e-05,2.71927e-05,2.59859e-05,2.52355e-05,2.41831e-05,2.35261e-05,2.26012e-05,2.20218e-05,2.12034e-05,2.0689e-05,1.99604e-05,1.95012e-05,1.88487e-05,1.83682e-05,1.78799e-05,1.74159e-05,1.69744e-05,1.65538e-05,1.61528e-05,1.577e-05,1.54042e-05,1.50545e-05,1.47198e-05,1.43991e-05,1.36536e-05,1.26052e-05,1.17029e-05,1.08279e-05,1.00726e-05,9.41447e-06,8.77628e-06,8.2185e-06,7.68112e-06,7.16952e-06,6.72187e-06,6.32702e-06,5.92154e-06,5.56532e-06,5.24999e-06,4.93127e-06,4.64962e-06,4.38425e-06,4.13507e-06,3.91334e-06,3.69401e-06,3.49866e-06,3.30706e-06,3.12872e-06,2.96279e-06,2.80842e-06,2.66479e-06,2.52642e-06,2.39823e-06,2.27934e-06,2.16559e-06,2.06029e-06,1.95725e-06,1.86227e-06,1.77455e-06,1.68942e-06,1.60919e-06
2.51184e-06,2.82384,14.7718,13.1857,11.2094,8.76181,5.82648,1.62728,0.522489,0.185882,0.0880646,0.0431846,0.0242895,0.0147664,0.00956253,0.00652287,0.00464566,0.00343057,0.00261195,0.00204119,0.00163126,0.00133372,0.00114593,0.000950087,0.00079967,0.000682018,0.000609978,0.00053049,0.000465752,0.000412393,0.000378325,0.0003393,0.00030624,0.000277998,0.000259438,0.00023761,0.000221694,0.000202689,0.000191447,0.000176395,0.000167411,0.000155282,0.000147984,0.000138061,0.000132048,0.00012382,0.000118803,0.000111898,0.000107665,0.000101809,9.82016e-05,9.33759e-05,8.59217e-05,7.94455e-05,7.37782e-05,6.87856e-05,6.43613e-05,6.04191e-05,5.70377e-05,5.38482e-05,5.09665e-05,4.83523e-05,4.59716e-05,4.3796e-05,4.18019e-05,3.99683e-05,3.83413e-05,3.70779e-05,3.53208e-05,3.42332e-05,3.2714e-05,3.17693e-05,3.04442e-05,2.96171e-05,2.84527e-05,2.77233e-05,2.66933e-05,2.60457e-05,2.51282e-05,2.45502e-05,2.37288e-05,2.31238e-05,2.25092e-05,2.19251e-05,2.13692e-05,2.08397e-05,2.03349e-05,1.98529e-05,1.93925e-05,1.89522e-05,1.85308e-05,1.81271e-05,1.71886e-05,1.58688e-05,1.47328e-05,1.36313e-05,1.26804e-05,1.1852e-05,1.10485e-05,1.03463e-05,9.66981e-06,9.02576e-06,8.46221e-06,7.96512e-06,7.45467e-06,7.00623e-06,6.60925e-06,6.208e-06,5.85345e-06,5.51935e-06,5.20566e-06,4.92653e-06,4.65042e-06,4.40449e-06,4.16328e-06,3.93877e-06,3.72988e-06,3.53554e-06,3.35472e-06,3.18053e-06,3.01915e-06,2.86947e-06,2.72627e-06,2.59371e-06,2.46399e-06,2.34442e-06,2.23399e-06,2.12682e-06,2.02582e-06
3.16224e-06,3.67722,15.0509,13.3587,11.4041,9.07527,6.47154,2.15685,0.67355,0.236292,0.11144,0.0545259,0.0306366,0.0186135,0.012049,0.00821679,0.0058511,0.00432023,0.00328906,0.0025702,0.00205394,0.00167927,0.0014428,0.0011962,0.00100681,0.000858665,0.000767965,0.000667884,0.000586377,0.000519196,0.000476303,0.00042717,0.000385547,0.000349991,0.000326623,0.000299143,0.000279105,0.000255177,0.000241023,0.000222074,0.000210763,0.000195493,0.000186305,0.000173812,0.000166242,0.000155883,0.000149567,0.000140874,0.000135545,0.000128173,0.000123631,0.000117555,0.000108171,0.000100018,9.28824e-05,8.65973e-05,8.10275e-05,7.60642e-05,7.18071e-05,6.77921e-05,6.41638e-05,6.08724e-05,5.78754e-05,5.51366e-05,5.26261e-05,5.03175e-05,4.82696e-05,4.66789e-05,4.44671e-05,4.30977e-05,4.11849e-05,3.99955e-05,3.83277e-05,3.72862e-05,3.58203e-05,3.4902e-05,3.36052e-05,3.279e-05,3.16352e-05,3.09071e-05,2.98732e-05,2.91115e-05,2.83377e-05,2.76023e-05,2.69025e-05,2.62359e-05,2.56004e-05,2.49937e-05,2.44139e-05,2.38598e-05,2.33292e-05,2.2821e-05,2.16394e-05,1.99778e-05,1.85477e-05,1.71609e-05,1.5964e-05,1.49208e-05,1.39094e-05,1.30254e-05,1.21737e-05,1.13629e-05,1.06534e-05,1.00276e-05,9.38496e-06,8.8204e-06,8.32063e-06,7.81549e-06,7.36912e-06,6.94852e-06,6.55361e-06,6.20219e-06,5.85459e-06,5.54497e-06,5.2413e-06,4.95866e-06,4.69568e-06,4.45102e-06,4.22338e-06,4.00409e-06,3.80092e-06,3.61249e-06,3.4322e-06,3.26532e-06,3.102e-06,2.95148e-06,2.81245e-06,2.67753e-06,2.55038e-06
3.98105e-06,4.79771,15.304,13.5185,11.5823,9.35301,7.01181,2.85466,0.874118,0.301177,0.141215,0.0688991,0.0386615,0.0234706,0.0151854,0.0103523,0.00737015,0.00544106,0.00414196,0.00323647,0.00258626,0.0021144,0.00181662,0.0015061,0.00126762,0.00108109,0.000966886,0.000840873,0.00073825,0.000653665,0.000599661,0.000537801,0.000485397,0.000440631,0.00041121,0.000376613,0.000351385,0.00032126,0.00030344,0.000279583,0.000265342,0.000246118,0.000234551,0.000218822,0.000209292,0.000196249,0.000188298,0.000177354,0.000170645,0.000161363,0.000155646,0.000147997,0.000136182,0.000125918,0.000116934,0.000109021,0.000102009,9.57608e-05,9.04015e-05,8.53465e-05,8.07788e-05,7.66351e-05,7.28619e-05,6.94142e-05,6.62535e-05,6.33469e-05,6.07687e-05,5.8766e-05,5.59813e-05,5.42574e-05,5.18495e-05,5.03522e-05,4.82521e-05,4.69412e-05,4.50959e-05,4.39396e-05,4.23068e-05,4.12806e-05,3.98267e-05,3.89104e-05,3.76085e-05,3.66497e-05,3.56756e-05,3.47498e-05,3.38688e-05,3.30296e-05,3.22293e-05,3.14656e-05,3.07359e-05,3.0038e-05,2.937e-05,2.87302e-05,2.72427e-05,2.5151e-05,2.33505e-05,2.16045e-05,2.00975e-05,1.87845e-05,1.75111e-05,1.63981e-05,1.53259e-05,1.43052e-05,1.3412e-05,1.26241e-05,1.18151e-05,1.11043e-05,1.04751e-05,9.8392e-06,9.27726e-06,8.7478e-06,8.25062e-06,7.80821e-06,7.37057e-06,6.98079e-06,6.5985e-06,6.24266e-06,5.91156e-06,5.60356e-06,5.31697e-06,5.04091e-06,4.78512e-06,4.54788e-06,4.32093e-06,4.11082e-06,3.90523e-06,3.71574e-06,3.54071e-06,3.37084e-06,3.21078e-06
5.01184e-06,6.21443,15.5345,13.6666,11.7465,9.60148,7.46892,3.694,1.14409,0.385209,0.179263,0.087147,0.0488188,0.0296074,0.0191436,0.0130452,0.00928481,0.00685332,0.0052164,0.00407568,0.00325668,0.00266238,0.00228738,0.00189633,0.00159602,0.00136115,0.00121735,0.00105868,0.000929462,0.000822966,0.000754971,0.000677086,0.000611107,0.000554745,0.000517704,0.000474145,0.000442382,0.000404455,0.00038202,0.000351984,0.000334055,0.000309852,0.000295289,0.000275487,0.000263489,0.000247069,0.000237058,0.00022328,0.000214834,0.000203148,0.00019595,0.00018632,0.000171446,0.000158523,0.000147214,0.000137252,0.000128423,0.000120557,0.00011381,0.000107446,0.000101696,9.64791e-05,9.17287e-05,8.73883e-05,8.34089e-05,7.97499e-05,7.65041e-05,7.39827e-05,7.04769e-05,6.83068e-05,6.52753e-05,6.33901e-05,6.07464e-05,5.90959e-05,5.67727e-05,5.53174e-05,5.32616e-05,5.19696e-05,5.01394e-05,4.89856e-05,4.73467e-05,4.61395e-05,4.49132e-05,4.37476e-05,4.26384e-05,4.15821e-05,4.05747e-05,3.96131e-05,3.86943e-05,3.78158e-05,3.6975e-05,3.61694e-05,3.42968e-05,3.16634e-05,2.93967e-05,2.71987e-05,2.53015e-05,2.36484e-05,2.20452e-05,2.06442e-05,1.92943e-05,1.80093e-05,1.68847e-05,1.58929e-05,1.48743e-05,1.39796e-05,1.31875e-05,1.23869e-05,1.16794e-05,1.10128e-05,1.03869e-05,9.82993e-06,9.27902e-06,8.78828e-06,8.307e-06,7.85906e-06,7.44223e-06,7.05449e-06,6.69369e-06,6.34612e-06,6.02414e-06,5.72547e-06,5.43976e-06,5.17525e-06,4.91641e-06,4.67783e-06,4.45749e-06,4.24365e-06,4.04213e-06
6.30961e-06,7.85389,15.7457,13.8044,11.8982,9.82568,7.86124,4.56085,1.51271,0.494925,0.228089,0.110369,0.0616951,0.0373691,0.0241425,0.0164429,0.0116991,0.00863339,0.00657029,0.00513294,0.00410118,0.00335259,0.00288026,0.00238778,0.00200958,0.00171382,0.00153273,0.00133295,0.00117024,0.00103615,0.000950535,0.000852469,0.000769394,0.000698429,0.00065179,0.000596949,0.000556959,0.000509207,0.00048096,0.000443144,0.00042057,0.000390098,0.000371764,0.000346833,0.000331727,0.000311054,0.000298451,0.000281103,0.00027047,0.000255758,0.000246695,0.000234571,0.000215845,0.000199575,0.000185337,0.000172795,0.00016168,0.000151777,0.000143282,0.00013527,0.000128031,0.000121463,0.000115483,0.000110018,0.000105008,0.000100402,9.63152e-05,9.31409e-05,8.87275e-05,8.59951e-05,8.21785e-05,7.98055e-05,7.64772e-05,7.43994e-05,7.14744e-05,6.9642e-05,6.70539e-05,6.54273e-05,6.3123e-05,6.16707e-05,5.96074e-05,5.80875e-05,5.65437e-05,5.50761e-05,5.36799e-05,5.23497e-05,5.10815e-05,4.98709e-05,4.87144e-05,4.76084e-05,4.65497e-05,4.55355e-05,4.31781e-05,3.98626e-05,3.7009e-05,3.42418e-05,3.18533e-05,2.97722e-05,2.77539e-05,2.599e-05,2.42905e-05,2.26728e-05,2.12571e-05,2.00084e-05,1.87261e-05,1.75996e-05,1.66024e-05,1.55944e-05,1.47038e-05,1.38646e-05,1.30766e-05,1.23754e-05,1.16818e-05,1.1064e-05,1.04581e-05,9.89414e-06,9.36943e-06,8.88123e-06,8.42703e-06,7.98945e-06,7.58407e-06,7.2081e-06,6.84835e-06,6.51535e-06,6.18949e-06,5.88917e-06,5.61176e-06,5.34255e-06,5.08882e-06
7.94329e-06,9.51846,15.9399,13.933,12.0391,10.0295,8.20273,5.34261,2.02021,0.639662,0.291072,0.140004,0.0780462,0.0471966,0.0304602,0.0207319,0.0147442,0.0108774,0.00827647,0.006465,0.00516499,0.00422192,0.00362697,0.00300668,0.00253037,0.0021579,0.00192986,0.00167828,0.0014734,0.00130455,0.00119675,0.00107328,0.000968678,0.000879325,0.000820609,0.000751553,0.000701203,0.000641086,0.000605518,0.000557909,0.000529488,0.000491123,0.00046804,0.000436651,0.000417633,0.000391606,0.000375739,0.000353898,0.00034051,0.000321988,0.000310579,0.000295314,0.000271739,0.000251255,0.00023333,0.00021754,0.000203547,0.000191079,0.000180385,0.000170298,0.000161184,0.000152915,0.000145386,0.000138506,0.000132199,0.0001264,0.000121255,0.000117259,0.000111703,0.000108263,0.000103458,0.00010047,9.628e-05,9.36641e-05,8.99817e-05,8.76747e-05,8.44164e-05,8.23687e-05,7.94678e-05,7.76393e-05,7.50417e-05,7.31285e-05,7.11848e-05,6.93372e-05,6.75794e-05,6.5905e-05,6.43082e-05,6.27842e-05,6.13281e-05,5.99357e-05,5.8603e-05,5.73263e-05,5.43583e-05,5.01843e-05,4.65918e-05,4.31081e-05,4.01012e-05,3.7481e-05,3.49403e-05,3.27197e-05,3.05801e-05,2.85434e-05,2.67612e-05,2.51892e-05,2.35748e-05,2.21567e-05,2.09013e-05,1.96323e-05,1.8511e-05,1.74545e-05,1.64625e-05,1.55798e-05,1.47065e-05,1.39288e-05,1.3166e-05,1.2456e-05,1.17954e-05,1.11808e-05,1.0609e-05,1.00581e-05,9.5478e-06,9.07447e-06,8.62157e-06,8.20238e-06,7.79211e-06,7.41403e-06,7.06478e-06,6.72588e-06,6.40647e-06
1e-05,11.0224,16.1192,14.0534,12.1705,10.2159,8.50384,6.00445,2.70569,0.833222,0.372897,0.177971,0.0988612,0.0596604,0.0384535,0.0261502,0.0185873,0.0137077,0.0104274,0.00814377,0.0065054,0.00531712,0.00456757,0.00378621,0.00318628,0.00271717,0.00242999,0.00211316,0.00185517,0.00164254,0.00150679,0.00135131,0.00121961,0.00110711,0.00103317,0.000946224,0.000882829,0.00080713,0.000762355,0.000702409,0.000666622,0.000618322,0.000589258,0.000549736,0.000525791,0.000493024,0.000473047,0.00044555,0.000428695,0.000405375,0.00039101,0.000371792,0.00034211,0.000316322,0.000293754,0.000273874,0.000256258,0.00024056,0.000227097,0.000214398,0.000202923,0.000192513,0.000183034,0.000174373,0.000166432,0.000159131,0.000152654,0.000147623,0.000140628,0.000136297,0.000130248,0.000126487,0.000121211,0.000117918,0.000113282,0.000110378,0.000106276,0.000103698,0.000100046,9.77436e-05,9.44735e-05,9.20646e-05,8.96177e-05,8.72917e-05,8.50786e-05,8.29705e-05,8.09604e-05,7.90418e-05,7.72087e-05,7.54557e-05,7.37777e-05,7.21706e-05,6.8434e-05,6.3179e-05,5.86564e-05,5.42705e-05,5.0485e-05,4.71865e-05,4.39877e-05,4.1192e-05,3.84985e-05,3.59344e-05,3.36906e-05,3.17115e-05,2.96793e-05,2.78939e-05,2.63133e-05,2.47158e-05,2.33043e-05,2.19741e-05,2.07253e-05,1.96139e-05,1.85146e-05,1.75355e-05,1.65751e-05,1.56813e-05,1.48497e-05,1.4076e-05,1.33561e-05,1.26626e-05,1.202e-05,1.14241e-05,1.0854e-05,1.03262e-05,9.8098e-06,9.33378e-06,8.89409e-06,8.46744e-06,8.06533e-06
1.25892e-05,12.2985,16.2854,14.1664,12.2933,10.3875,8.77238,6.5588,3.55329,1.09659,0.480181,0.226851,0.125439,0.0754986,0.0485802,0.033001,0.0234406,0.0172789,0.0131399,0.01026,0.00819465,0.00669706,0.0057526,0.00476817,0.00401244,0.00342156,0.00305984,0.00266082,0.00233591,0.00206815,0.00189721,0.00170142,0.00153557,0.00139391,0.00130081,0.00119134,0.00111151,0.00101619,0.00095982,0.000884342,0.000839288,0.000778468,0.000741876,0.000692119,0.000661971,0.000620715,0.000595561,0.000560941,0.000539718,0.00051036,0.000492272,0.000468079,0.000430708,0.00039824,0.000369827,0.000344799,0.00032262,0.000302857,0.000285906,0.000269918,0.000255472,0.000242366,0.000230432,0.000219528,0.000209531,0.000200339,0.000192185,0.00018585,0.000177043,0.000171591,0.000163976,0.00015924,0.000152599,0.000148453,0.000142616,0.00013896,0.000133796,0.00013055,0.000125952,0.000123054,0.000118937,0.000115904,0.000112824,0.000109895,0.000107109,0.000104455,0.000101925,9.95091e-05,9.72012e-05,9.49942e-05,9.28819e-05,9.08585e-05,8.61544e-05,7.95386e-05,7.38449e-05,6.83234e-05,6.35575e-05,5.94048e-05,5.53779e-05,5.18583e-05,4.84672e-05,4.52391e-05,4.24144e-05,3.99228e-05,3.73643e-05,3.51166e-05,3.31268e-05,3.11157e-05,2.93386e-05,2.7664e-05,2.60918e-05,2.46927e-05,2.33087e-05,2.2076e-05,2.08671e-05,1.97418e-05,1.86947e-05,1.77207e-05,1.68144e-05,1.59413e-05,1.51324e-05,1.43822e-05,1.36645e-05,1.30001e-05,1.23499e-05,1.17506e-05,1.11971e-05,1.06599e-05,1.01537e-05
1.57895e-05,13.3461,16.4375,14.271,12.4067,10.5439,9.01051,7.0209,4.42749,1.45531,0.619919,0.289024,0.158885,0.0953073,0.0611967,0.0415156,0.0294627,0.0217055,0.0164998,0.0128801,0.0102853,0.00840453,0.00721866,0.00598285,0.00503426,0.00429267,0.00383876,0.00333804,0.00293035,0.00259439,0.00237992,0.00213428,0.00192622,0.00174849,0.0016317,0.00149436,0.00139422,0.00127466,0.00120393,0.00110925,0.00105273,0.000976441,0.000930542,0.000868125,0.000830311,0.000778557,0.000747009,0.000703582,0.000676965,0.000640138,0.000617452,0.000587103,0.000540227,0.0004995,0.000463861,0.00043247,0.00040465,0.000379862,0.000358601,0.000338547,0.000320427,0.000303989,0.000289021,0.000275343,0.000262804,0.000251275,0.000241047,0.000233103,0.000222056,0.000215218,0.000205666,0.000199726,0.000191396,0.000186196,0.000178876,0.00017429,0.000167812,0.000163741,0.000157974,0.000154339,0.000149176,0.000145372,0.000141508,0.000137835,0.000134341,0.000131012,0.000127838,0.000124808,0.000121914,0.000119146,0.000116496,0.000113958,0.000108058,9.97604e-05,9.26189e-05,8.56936e-05,7.9716e-05,7.45074e-05,6.94567e-05,6.50422e-05,6.07892e-05,5.67403e-05,5.31975e-05,5.00724e-05,4.68635e-05,4.40442e-05,4.15487e-05,3.90262e-05,3.67973e-05,3.46971e-05,3.2725e-05,3.09702e-05,2.92344e-05,2.76884e-05,2.6172e-05,2.47607e-05,2.34475e-05,2.22258e-05,2.1089e-05,1.99941e-05,1.89795e-05,1.80386e-05,1.71383e-05,1.6305e-05,1.54895e-05,1.47379e-05,1.40437e-05,1.337e-05,1.2735e-05
2e-05,14.2593,16.5854,14.3739,12.518,10.6955,9.23619,7.43523,5.24927,1.98559,0.817076,0.373978,0.203935,0.121772,0.0779673,0.0527971,0.0374254,0.0275508,0.0209326,0.0163347,0.0130407,0.0106541,0.00914979,0.00758251,0.00637974,0.00543959,0.00486419,0.00422954,0.00371283,0.00328706,0.00301527,0.002704,0.00244034,0.00221515,0.00206716,0.00189315,0.00176627,0.00161478,0.00152518,0.00140522,0.00133362,0.00123696,0.00117881,0.00109974,0.00105183,0.000986262,0.000946297,0.000891282,0.000857558,0.000810904,0.000782163,0.000743717,0.000684333,0.000632743,0.000587596,0.000547825,0.000512588,0.000481186,0.00045425,0.000428846,0.000405893,0.000385071,0.00036611,0.000348784,0.000332899,0.000318296,0.000305339,0.000295275,0.000281282,0.00027262,0.00026052,0.000252996,0.000242444,0.000235857,0.000226584,0.000220774,0.000212569,0.000207413,0.000200107,0.000195503,0.000188962,0.000184143,0.000179249,0.000174597,0.00017017,0.000165953,0.000161933,0.000158095,0.000154428,0.000150922,0.000147566,0.000144351,0.000136877,0.000126366,0.00011732,0.000108548,0.000100976,9.43784e-05,8.79805e-05,8.23886e-05,7.70012e-05,7.18725e-05,6.73848e-05,6.34263e-05,5.93616e-05,5.57905e-05,5.26293e-05,4.94342e-05,4.66108e-05,4.39503e-05,4.14524e-05,3.92297e-05,3.70309e-05,3.50725e-05,3.31518e-05,3.1364e-05,2.97006e-05,2.81531e-05,2.67132e-05,2.53262e-05,2.40411e-05,2.28493e-05,2.17089e-05,2.06534e-05,1.96204e-05,1.86683e-05,1.77889e-05,1.69355e-05,1.61313e-05
2.51316e-05,15.0039,16.719,14.4678,12.6194,10.8322,9.43568,7.7844,5.91754,2.70476,1.08061,0.482796,0.260542,0.154668,0.0986767,0.0666709,0.0471922,0.0347081,0.0263539,0.0205563,0.0164062,0.0134006,0.0115069,0.00953459,0.00802129,0.00683866,0.00611497,0.00531683,0.00466708,0.00413173,0.00379001,0.00339867,0.00306721,0.00278411,0.00259809,0.00237935,0.00221986,0.00202944,0.00191681,0.00176603,0.00167603,0.00155455,0.00148146,0.00138207,0.00132186,0.00123946,0.00118922,0.00112008,0.0010777,0.00101906,0.00098294,0.000934623,0.000859996,0.000795157,0.000738416,0.000688439,0.000644152,0.000604688,0.000570838,0.000538917,0.000510067,0.000483901,0.000460072,0.000438297,0.000418338,0.000399983,0.000383703,0.000371054,0.000353471,0.000342585,0.000327378,0.000317924,0.000304663,0.000296385,0.000284732,0.000277432,0.000267122,0.000260641,0.00025146,0.000245675,0.000237455,0.0002314,0.000225249,0.000219403,0.00021384,0.000208541,0.000203489,0.000198666,0.000194058,0.000189652,0.000185435,0.000181395,0.000172003,0.000158795,0.000147427,0.000136403,0.000126888,0.000118598,0.000110558,0.000103531,9.67609e-05,9.03162e-05,8.46768e-05,7.97025e-05,7.45945e-05,7.0107e-05,6.61346e-05,6.21195e-05,5.85716e-05,5.52285e-05,5.20895e-05,4.92964e-05,4.65334e-05,4.40725e-05,4.16589e-05,3.94123e-05,3.7322e-05,3.53774e-05,3.3568e-05,3.18251e-05,3.02102e-05,2.87125e-05,2.72796e-05,2.59531e-05,2.46551e-05,2.34587e-05,2.23537e-05,2.12813e-05,2.02706e-05
3.15789e-05,15.6418,16.8443,14.5568,12.7153,10.9605,9.61966,8.09399,6.47749,3.61748,1.4538,0.628703,0.334511,0.197048,0.12513,0.0842996,0.059561,0.0437526,0.0331951,0.0258784,0.0206457,0.0168587,0.014474,0.0119909,0.0100864,0.00859846,0.00768802,0.0066841,0.00586693,0.00519371,0.00476402,0.00427196,0.00385523,0.00349932,0.00326545,0.00299047,0.00278997,0.00255061,0.00240903,0.0022195,0.00210638,0.00195368,0.00186182,0.0017369,0.00166122,0.00155765,0.00149451,0.00140761,0.00135435,0.00128065,0.00123525,0.00117452,0.00108073,0.000999252,0.000927941,0.000865132,0.000809474,0.000759879,0.000717344,0.000677224,0.000640973,0.000608086,0.000578142,0.000550778,0.000525696,0.000502629,0.000482168,0.000466274,0.000444178,0.000430498,0.00041139,0.000399509,0.000382844,0.000372442,0.000357797,0.000348625,0.000335668,0.000327524,0.000315987,0.000308716,0.000298386,0.000290778,0.00028305,0.000275703,0.000268713,0.000262053,0.000255703,0.000249645,0.000243854,0.000238316,0.000233018,0.000227941,0.000216137,0.000199541,0.000185256,0.000171404,0.000159447,0.000149028,0.000138926,0.000130096,0.000121588,0.00011349,0.000106403,0.000100153,9.37342e-05,8.80953e-05,8.31036e-05,7.80583e-05,7.35999e-05,6.9399e-05,6.54546e-05,6.19448e-05,5.84729e-05,5.53805e-05,5.23476e-05,4.95246e-05,4.6898e-05,4.44544e-05,4.21808e-05,3.99906e-05,3.79614e-05,3.60795e-05,3.42788e-05,3.2612e-05,3.09809e-05,2.94775e-05,2.8089e-05,2.67415e-05,2.54715e-05
3.98684e-05,16.2056,16.9645,14.6429,12.8081,11.0836,9.79381,8.37735,6.96238,4.5882,2.01302,0.833734,0.434743,0.253366,0.159883,0.107298,0.0756274,0.0554684,0.0420404,0.0327508,0.0261153,0.0213174,0.0182979,0.0151553,0.012746,0.0108643,0.00971313,0.00844404,0.00741116,0.00656036,0.00601737,0.00539562,0.0048691,0.00441945,0.004124,0.00377663,0.00352336,0.00322101,0.00304218,0.0028028,0.00265992,0.00246706,0.00235103,0.00219327,0.00209769,0.00196689,0.00188716,0.00177741,0.00171014,0.00161707,0.00155975,0.00148306,0.00136462,0.00126172,0.00117167,0.00109236,0.00102208,0.000959454,0.00090574,0.000855082,0.000809307,0.00076778,0.000729969,0.00069542,0.000663748,0.000634624,0.000608791,0.000588721,0.00056082,0.000543547,0.000519419,0.000504417,0.000483378,0.000470243,0.000451752,0.00044017,0.00042381,0.000413528,0.000398961,0.000389779,0.000376739,0.000367131,0.000357372,0.000348095,0.00033927,0.000330862,0.000322846,0.000315194,0.000307883,0.000300892,0.000294201,0.000287792,0.00027289,0.000251934,0.000233898,0.000216408,0.000201312,0.000188157,0.000175402,0.000164254,0.000153513,0.000143288,0.00013434,0.000126449,0.000118344,0.000111225,0.000104922,9.85526e-05,9.29237e-05,8.76201e-05,8.26397e-05,7.82087e-05,7.38246e-05,6.99205e-05,6.60914e-05,6.25271e-05,5.92112e-05,5.6126e-05,5.32552e-05,5.049e-05,4.79282e-05,4.55521e-05,4.32787e-05,4.11742e-05,3.91147e-05,3.72168e-05,3.54637e-05,3.37623e-05,3.21588e-05
5.01316e-05,16.6905,17.0757,14.7234,12.8948,11.1979,9.95335,8.6297,7.37396,5.42664,2.82528,1.12077,0.567925,0.326183,0.204128,0.136311,0.0957805,0.0701113,0.0530693,0.0413059,0.0329167,0.026857,0.0230464,0.0190829,0.0160459,0.0136746,0.0122245,0.0106261,0.00932546,0.00825431,0.00757078,0.00678813,0.00612545,0.00555956,0.00518776,0.00475065,0.00443196,0.00405153,0.00382653,0.00352536,0.00334561,0.00310298,0.00295702,0.00275855,0.00263832,0.00247378,0.00237348,0.00223543,0.00215081,0.00203375,0.00196164,0.00186518,0.0017162,0.00158678,0.00147352,0.00137377,0.00128537,0.00120661,0.00113905,0.00107534,0.00101777,0.000965543,0.000917987,0.000874537,0.000834705,0.000798076,0.000765587,0.000740348,0.000705259,0.000683535,0.000653192,0.000634327,0.000607867,0.000591348,0.000568096,0.000553527,0.000532954,0.000520024,0.000501705,0.000490159,0.000473759,0.000461678,0.000449405,0.00043774,0.00042664,0.000416068,0.000405986,0.000396363,0.000387169,0.000378379,0.000369964,0.000361902,0.000343164,0.00031681,0.000294129,0.000272134,0.00025315,0.000236609,0.000220569,0.000206549,0.000193042,0.000180184,0.000168932,0.000159009,0.000148818,0.000139864,0.000131939,0.000123929,0.000116851,0.000110181,0.000103918,9.83458e-05,9.28337e-05,8.79242e-05,8.31088e-05,7.86269e-05,7.44568e-05,7.05772e-05,6.69677e-05,6.349e-05,6.02688e-05,5.72808e-05,5.4422e-05,5.17757e-05,4.91862e-05,4.67993e-05,4.45945e-05,4.24552e-05,4.04391e-05
6.31579e-05,17.1227,17.1814,14.8006,12.9779,11.307,10.1041,8.86255,7.73894,6.12885,3.90423,1.55434,0.754198,0.424095,0.262366,0.174032,0.12179,0.0889211,0.0671937,0.0522397,0.0415964,0.0339191,0.0290963,0.0240837,0.0202451,0.0172497,0.0154185,0.0134005,0.011759,0.0104073,0.00954492,0.00855764,0.00772177,0.00700805,0.00653915,0.00598796,0.00558611,0.00510644,0.00482277,0.00444307,0.00421646,0.0039106,0.0037266,0.00347642,0.00332486,0.00311746,0.00299104,0.00281703,0.00271038,0.00256283,0.00247195,0.00235037,0.00216262,0.0019995,0.00185677,0.00173105,0.00161965,0.00152039,0.00143526,0.00135497,0.00128243,0.00121661,0.00115669,0.00110193,0.00105174,0.00100559,0.000964645,0.000932843,0.000888624,0.000861251,0.00082302,0.000799245,0.000765904,0.000745089,0.000715791,0.000697436,0.00067151,0.000655218,0.000632136,0.000617588,0.000596921,0.000581699,0.000566234,0.000551536,0.000537551,0.00052423,0.000511526,0.000499403,0.000487817,0.000476741,0.000466137,0.00045598,0.000432371,0.000399165,0.000370587,0.000342874,0.000318955,0.000298113,0.000277902,0.000260238,0.00024322,0.000227019,0.000212843,0.000200339,0.000187499,0.000176219,0.000166234,0.00015614,0.000147222,0.000138819,0.000130929,0.000123908,0.000116963,0.000110777,0.00010471,9.90634e-05,9.38092e-05,8.8921e-05,8.43733e-05,7.9992e-05,7.5933e-05,7.21684e-05,6.85668e-05,6.52328e-05,6.19698e-05,5.89627e-05,5.61852e-05,5.34899e-05,5.09495e-05
7.94737e-05,17.5059,17.2809,14.8738,13.0569,11.4101,10.2453,9.07624,8.06301,6.712,4.99076,2.25314,1.02228,0.556762,0.33891,0.222783,0.155074,0.112846,0.0850884,0.0660554,0.0525436,0.0428143,0.0367104,0.0303721,0.0255226,0.0217404,0.0194294,0.0168834,0.0148131,0.0131088,0.0120217,0.0107773,0.00972388,0.0088246,0.00823388,0.00753942,0.00703319,0.006429,0.0060717,0.0055935,0.00530811,0.00492293,0.00469122,0.00437619,0.00418535,0.00392421,0.00376502,0.00354594,0.00341166,0.00322589,0.00311147,0.00295841,0.00272204,0.00251669,0.00233701,0.00217875,0.00203852,0.00191358,0.00180641,0.00170534,0.00161403,0.00153119,0.00145576,0.00138684,0.00132367,0.00126557,0.00121404,0.00117401,0.00111836,0.00108391,0.00103579,0.00100587,0.000963902,0.000937704,0.000900828,0.000877727,0.000845098,0.000824593,0.000795543,0.000777231,0.000751221,0.000732063,0.000712601,0.000694102,0.000676501,0.000659733,0.000643746,0.000628487,0.000613909,0.000599968,0.000586623,0.00057384,0.000544126,0.000502335,0.000466369,0.000431493,0.000401391,0.000375162,0.000349726,0.000327496,0.000306079,0.000285691,0.00026785,0.000252115,0.000235956,0.00022176,0.000209194,0.000196493,0.000185269,0.000174694,0.000164764,0.000155929,0.00014719,0.000139405,0.00013177,0.000124663,0.000118052,0.0001119,0.000106177,0.000100664,9.55555e-05,9.0818e-05,8.62855e-05,8.20899e-05,7.79839e-05,7.41997e-05,7.07044e-05,6.73124e-05,6.41153e-05
0.0001,17.8499,17.3752,14.9438,13.1323,11.5083,10.3787,9.27476,8.35604,7.20945,5.90304,3.4636,1.43846,0.743085,0.441633,0.28669,0.198128,0.143545,0.107932,0.0836313,0.0664374,0.0540845,0.0463476,0.0383232,0.0321899,0.0274105,0.0244916,0.0212776,0.0186651,0.0165152,0.0151441,0.013575,0.012247,0.0111136,0.010369,0.00949396,0.00885608,0.00809486,0.00764475,0.00704234,0.00668286,0.00619775,0.0059059,0.00550914,0.00526884,0.00493996,0.00473951,0.00446364,0.00429455,0.00406065,0.00391658,0.00372386,0.00342625,0.00316772,0.00294152,0.00274228,0.00256575,0.00240846,0.00227356,0.00214633,0.00203139,0.00192711,0.00183217,0.00174542,0.0016659,0.00159278,0.00152792,0.00147753,0.00140748,0.00136412,0.00130355,0.00126589,0.00121308,0.0011801,0.00113369,0.00110461,0.00106355,0.00103774,0.00100118,0.000978133,0.000945398,0.000921285,0.000896789,0.000873509,0.000851356,0.000830254,0.000810133,0.000790929,0.000772582,0.000755035,0.000738241,0.000722154,0.000684755,0.000632164,0.0005869,0.000543009,0.000505123,0.000472114,0.000440105,0.000412129,0.000385177,0.000359518,0.000337067,0.000317265,0.000296929,0.000279066,0.000263251,0.000247268,0.000233144,0.000219835,0.00020734,0.000196221,0.000185222,0.000175427,0.000165818,0.000156875,0.000148555,0.000140814,0.000133612,0.000126674,0.000120246,0.000114284,0.00010858,0.0001033,9.81334e-05,9.33715e-05,8.8973e-05,8.47043e-05,8.06814e-05
0.000125921,18.1618,17.4648,15.0109,13.2047,11.6024,10.5057,9.46098,8.6248,7.64457,6.6479,5.12025,2.1896,1.01997,0.58346,0.371941,0.254511,0.183315,0.137325,0.106146,0.0841806,0.0684457,0.0586117,0.0484279,0.0406546,0.0346035,0.0309106,0.0268466,0.0235449,0.020829,0.0190974,0.0171164,0.0154402,0.0140098,0.0130704,0.0119664,0.0111618,0.0102017,0.0096341,0.0088745,0.00842124,0.00780958,0.00744163,0.0069415,0.00663852,0.006224,0.00597135,0.00562362,0.00541052,0.0051157,0.00493414,0.00469129,0.00431624,0.00399047,0.00370543,0.0034544,0.00323197,0.00303379,0.00286383,0.00270355,0.00255873,0.00242736,0.00230776,0.00219847,0.00209829,0.00200617,0.00192447,0.001861,0.00177276,0.00171813,0.00164184,0.0015944,0.00152786,0.00148633,0.00142787,0.00139124,0.00133952,0.00130701,0.00126096,0.00123193,0.0011907,0.00116032,0.00112947,0.00110015,0.00107224,0.00104566,0.00102032,0.000996132,0.000973021,0.000950922,0.000929769,0.000909507,0.000862403,0.000796161,0.000739152,0.000683871,0.000636157,0.000594581,0.000554267,0.000519032,0.000485088,0.000452772,0.000424496,0.000399556,0.000373946,0.000351447,0.000331531,0.000311402,0.000293614,0.000276853,0.000261116,0.000247113,0.000233262,0.000220924,0.000208824,0.000197562,0.000187083,0.000177335,0.000168264,0.000159526,0.000151432,0.000143924,0.00013674,0.000130091,0.000123584,0.000117586,0.000112047,0.000106671,0.000101605
0.000158553,18.4451,17.55,15.0751,13.2742,11.6924,10.6266,9.63602,8.87275,8.03104,7.2689,6.50233,4.13802,1.47376,0.786392,0.487588,0.328999,0.235078,0.175236,0.135014,0.10684,0.0867341,0.0742032,0.0612521,0.0513837,0.0437115,0.0390337,0.0338893,0.0297128,0.0262791,0.0240908,0.0215881,0.0194711,0.0176651,0.0164793,0.0150859,0.0140705,0.0128591,0.0121431,0.0111849,0.0106132,0.00984178,0.00937786,0.00874717,0.00836519,0.00784253,0.00752398,0.00708564,0.00681702,0.00644543,0.00621655,0.00591042,0.00543775,0.00502721,0.004668,0.00435163,0.00407135,0.00382164,0.00360748,0.00340552,0.00322306,0.00305755,0.00290686,0.00276917,0.00264296,0.00252691,0.00242397,0.00234402,0.00223286,0.00216404,0.00206793,0.00200817,0.00192436,0.00187204,0.0017984,0.00175226,0.0016871,0.00164615,0.00158814,0.00155158,0.00149964,0.00146138,0.00142252,0.00138558,0.00135044,0.00131696,0.00128504,0.00125457,0.00122546,0.00119762,0.00117098,0.00114546,0.00108613,0.0010027,0.000930895,0.000861268,0.000801172,0.00074881,0.000698035,0.000653659,0.000610906,0.000570208,0.000534597,0.000503186,0.000470932,0.000442597,0.000417514,0.000392162,0.000369761,0.000348653,0.000328834,0.000311199,0.000293755,0.000278217,0.000262978,0.000248795,0.000235599,0.000223322,0.000211899,0.000200895,0.0001907,0.000181245,0.000172199,0.000163825,0.000155631,0.000148078,0.000141102,0.000134332,0.000127952
0.000199474,18.703,17.6308,15.1365,13.3406,11.7784,10.7416,9.80084,9.10259,8.37862,7.80082,7.53667,7.00352,2.45168,1.09588,0.648583,0.428662,0.302898,0.224296,0.172081,0.135782,0.110007,0.0940007,0.0774997,0.0649542,0.0552173,0.0492873,0.0427719,0.0374868,0.0331446,0.0303788,0.0272169,0.0245435,0.0222634,0.0207668,0.0190087,0.0177274,0.0161996,0.0152966,0.0140884,0.0133676,0.0123952,0.0118104,0.0110155,0.0105341,0.00987551,0.00947415,0.00892183,0.00858339,0.00811526,0.00782691,0.00744128,0.00684588,0.00632877,0.00587638,0.00547797,0.00512501,0.00481055,0.00454088,0.0042866,0.00405687,0.00384849,0.00365876,0.00348539,0.0033265,0.00318043,0.00305083,0.00295017,0.00281024,0.00272361,0.00260262,0.0025274,0.0024219,0.00235604,0.00226334,0.00220527,0.00212325,0.0020717,0.00199869,0.00195266,0.00188729,0.00183913,0.00179022,0.00174373,0.00169949,0.00165735,0.00161718,0.00157883,0.00154219,0.00150716,0.00147362,0.0014415,0.00136683,0.00126183,0.00117146,0.00108383,0.0010082,0.000942298,0.000878398,0.000822552,0.000768749,0.000717532,0.000672717,0.000633188,0.000592599,0.000556942,0.000525377,0.000493475,0.000465284,0.000438722,0.000413782,0.000391591,0.000369639,0.000350088,0.000330912,0.000313064,0.000296458,0.000281009,0.000266635,0.000252788,0.00023996,0.000228062,0.000216678,0.000206141,0.00019583,0.000186326,0.000177548,0.000169029,0.000161001
0.000251184,18.9406,17.708,15.1957,13.4048,11.8614,10.8522,9.95791,9.31879,8.69772,8.27168,8.3661,8.50071,7.57268,1.6479,0.885896,0.5664,0.39378,0.288911,0.220381,0.173232,0.139975,0.119421,0.0983017,0.0822918,0.0698929,0.0623531,0.0540786,0.0473738,0.0418703,0.0383669,0.034364,0.0309812,0.0280974,0.0262052,0.0239829,0.0223638,0.0204336,0.019293,0.0177673,0.0168573,0.0156296,0.0148915,0.0138883,0.0132808,0.0124497,0.0119433,0.0112465,0.0108196,0.010229,0.00986535,0.00937892,0.00862805,0.00797593,0.00740547,0.00690316,0.00645817,0.00606176,0.0057218,0.00540125,0.00511167,0.004849,0.00460989,0.0043914,0.00419113,0.00400702,0.00384369,0.00371685,0.0035405,0.00343134,0.00327888,0.00318406,0.00305112,0.00296814,0.00285132,0.00277816,0.0026748,0.00260985,0.00251786,0.00245987,0.00237749,0.00231682,0.00225519,0.00219661,0.00214088,0.00208779,0.00203717,0.00198885,0.00194269,0.00189855,0.0018563,0.00181584,0.00172176,0.00158947,0.00147562,0.00136523,0.00126995,0.00118693,0.00110644,0.00103609,0.000968309,0.000903792,0.000847339,0.000797547,0.000746418,0.000701502,0.000661741,0.000621556,0.000586047,0.000552589,0.000521174,0.000493222,0.000465572,0.000440945,0.000416791,0.00039431,0.000373394,0.000353935,0.00033583,0.000318389,0.00030223,0.000287245,0.000272907,0.000259635,0.000246647,0.000234676,0.00022362,0.000212891,0.000202779
0.000316184,19.1591,17.7816,15.2524,13.4665,11.9413,10.9582,10.1074,9.52226,8.99218,8.69455,9.06336,9.50105,9.25526,7.31627,1.26862,0.763343,0.517579,0.374743,0.283595,0.22178,0.178573,0.152038,0.124893,0.104393,0.0885613,0.0789526,0.0684235,0.0599039,0.0529186,0.0484756,0.0434025,0.0391183,0.0354681,0.0330739,0.0302633,0.0282159,0.0257763,0.0243351,0.0224077,0.0212583,0.019708,0.018776,0.0175095,0.0167427,0.0156939,0.0150549,0.0141756,0.013637,0.012892,0.0124332,0.0118197,0.0108727,0.0100503,0.00933103,0.00869771,0.00813667,0.00763698,0.00720842,0.0068044,0.0064394,0.00610837,0.005807,0.00553167,0.00527932,0.00504729,0.00484148,0.00468165,0.00445946,0.0043219,0.00412981,0.00401039,0.00384289,0.00373835,0.00359117,0.003499,0.00336879,0.00328696,0.00317107,0.00309801,0.00299426,0.00291782,0.00284019,0.00276639,0.00269618,0.00262932,0.00256555,0.00250469,0.00244655,0.00239094,0.00233773,0.00228676,0.00216827,0.00200163,0.00185824,0.00171921,0.0015992,0.00149465,0.00139328,0.00130468,0.00121932,0.00113807,0.00106698,0.00100427,0.000939885,0.000883322,0.000833253,0.000782647,0.000737932,0.0006958,0.000656241,0.000621043,0.000586224,0.000555213,0.000524799,0.00049649,0.000470152,0.000445649,0.000422852,0.00040089,0.000380544,0.000361674,0.00034362,0.000326908,0.000310554,0.000295482,0.00028156,0.00026805,0.000255318
0.000398158,19.3615,17.852,15.3072,13.5261,12.0185,11.0604,10.2506,9.71542,9.26726,9.0816,9.6723,10.2706,10.2245,9.4199,2.07734,1.0663,0.692527,0.491438,0.367717,0.285536,0.228817,0.194282,0.159161,0.132771,0.112466,0.100173,0.0867296,0.0758714,0.0669816,0.0613334,0.0548897,0.0494526,0.0448235,0.0417889,0.0382281,0.0356351,0.0325471,0.0307233,0.0282851,0.0268315,0.0248714,0.0236933,0.0220927,0.0211238,0.0197986,0.0189914,0.0178809,0.0172005,0.0162598,0.0156806,0.0149059,0.0137104,0.0126725,0.0117648,0.0109656,0.0102578,0.00962738,0.00908679,0.00857715,0.0081168,0.00769931,0.00731922,0.00697201,0.00665378,0.00636122,0.00610172,0.00590018,0.00562004,0.00544662,0.00520444,0.00505387,0.00484271,0.00471092,0.0045254,0.00440918,0.00424506,0.00414192,0.00399584,0.00390375,0.00377296,0.00367661,0.00357877,0.00348577,0.00339728,0.00331298,0.00323262,0.00315592,0.00308264,0.00301258,0.00294551,0.00288127,0.00273193,0.00252194,0.00234124,0.00216604,0.00201481,0.00188308,0.00175533,0.00164369,0.00153614,0.00143376,0.00134419,0.00126519,0.00118405,0.00111279,0.00104971,0.000985952,0.000929617,0.000876538,0.000826695,0.000782348,0.000738488,0.000699415,0.000661101,0.000625438,0.000592259,0.000561389,0.00053267,0.000505003,0.00047937,0.000455596,0.000432854,0.000411802,0.0003912,0.000372212,0.000354675,0.000337655,0.000321616
0.000501184,19.549,17.9192,15.3598,13.5836,12.093,11.1589,10.3878,9.89902,9.52529,9.43914,10.2146,10.9005,10.9371,10.3966,9.13646,1.6096,0.953299,0.654416,0.48144,0.370102,0.294648,0.249252,0.203454,0.169273,0.143103,0.127312,0.110087,0.0962076,0.0848657,0.0776695,0.069469,0.0625572,0.0566779,0.0528265,0.0483098,0.0450219,0.0411092,0.0387994,0.0357126,0.033873,0.031393,0.0299029,0.0278788,0.0266538,0.0249788,0.0239586,0.0225554,0.0216959,0.0205076,0.019776,0.0187976,0.0172882,0.0159779,0.0148322,0.0138237,0.0129306,0.0121352,0.0114531,0.0108103,0.0102296,0.00970306,0.00922373,0.0087859,0.00838461,0.00801574,0.00768855,0.00743445,0.00708126,0.00686264,0.00655736,0.00636754,0.00610137,0.00593524,0.00570139,0.00555493,0.00534809,0.00521808,0.00503395,0.00491792,0.00475309,0.00463167,0.00450834,0.00439115,0.00427964,0.00417341,0.00407216,0.00397549,0.00388315,0.00379487,0.00371036,0.00362941,0.00344125,0.00317666,0.002949,0.00272825,0.00253775,0.00237178,0.00221085,0.00207022,0.00193473,0.00180577,0.00169293,0.00159342,0.00149123,0.00140147,0.00132201,0.0012417,0.00117075,0.00110389,0.00104111,0.000985261,0.000930016,0.000880809,0.000832552,0.000787637,0.000745847,0.000706967,0.000670794,0.000635953,0.000603671,0.000573735,0.00054509,0.000518578,0.000492631,0.000468717,0.000446632,0.000425196,0.000404998
0.000630921,19.7235,17.9836,15.4105,13.6392,12.1651,11.2542,10.52,10.0747,9.76941,9.77345,10.7062,11.4371,11.5109,11.0924,10.2287,8.49319,1.39034,0.894196,0.640005,0.484667,0.382272,0.321716,0.26131,0.216642,0.182669,0.162262,0.140076,0.122255,0.107728,0.0985279,0.0880589,0.0792475,0.0717613,0.0668617,0.0611201,0.0569425,0.0519758,0.0490453,0.0451309,0.0427991,0.0396569,0.0377694,0.0352066,0.0336559,0.0315361,0.0302453,0.0284704,0.0273834,0.0258807,0.0249559,0.0237191,0.0218114,0.0201559,0.0187087,0.017435,0.0163072,0.0153029,0.0144419,0.0136305,0.0128976,0.0122331,0.0116283,0.0110759,0.0105696,0.0101042,0.00969147,0.00937097,0.00892548,0.00864973,0.0082647,0.0080253,0.00768965,0.00748015,0.00718528,0.00700057,0.00673976,0.00657586,0.00634369,0.0061974,0.00598958,0.00583649,0.00568102,0.00553327,0.00539269,0.00525881,0.00513115,0.0050093,0.0048929,0.0047816,0.00467509,0.00457305,0.00433589,0.00400241,0.00371547,0.00343727,0.0031972,0.00298803,0.00278525,0.00260803,0.00243731,0.00227481,0.00213265,0.00200725,0.0018785,0.00176541,0.0016653,0.00156413,0.00147473,0.0013905,0.00131142,0.00124106,0.00117146,0.00110947,0.00104868,0.000992091,0.000939449,0.000890475,0.000844912,0.000801017,0.000760355,0.000722643,0.000686559,0.000653164,0.000620478,0.000590359,0.000562536,0.000535539,0.000510095
0.000794342,19.8865,18.0454,15.4595,13.6931,12.2352,11.3466,10.6476,10.2433,10.0017,10.0886,11.1567,11.9059,11.9952,11.645,10.9559,9.86543,7.22327,1.28305,0.87193,0.644507,0.501293,0.418779,0.337804,0.278709,0.234175,0.207585,0.178809,0.155791,0.13709,0.125273,0.111853,0.100578,0.0910142,0.084762,0.0774427,0.0721204,0.0658003,0.062074,0.0570997,0.0541381,0.0501492,0.0477543,0.0445036,0.0425375,0.0398507,0.0382152,0.0359667,0.0345901,0.0326876,0.0315168,0.0299513,0.0275377,0.0254437,0.0236136,0.0220034,0.0205779,0.0193089,0.0182209,0.0171958,0.0162702,0.015431,0.0146672,0.0139697,0.0133305,0.012743,0.0122219,0.0118174,0.0112551,0.0109071,0.0104212,0.0101191,0.00969554,0.00943119,0.00905913,0.00882611,0.00849706,0.00829028,0.00799741,0.00781285,0.0075507,0.00735759,0.00716148,0.00697514,0.00679784,0.00662896,0.00646796,0.0063143,0.0061675,0.00602713,0.00589281,0.00576412,0.00546505,0.00504457,0.00468275,0.004332,0.00402933,0.00376564,0.00350999,0.0032866,0.00307141,0.00286659,0.00268738,0.00252934,0.00236706,0.00222453,0.00209836,0.00197085,0.00185819,0.00175204,0.00165238,0.00156371,0.001476,0.00139788,0.00132128,0.00124997,0.00118364,0.00112192,0.00106451,0.0010092,0.000957961,0.000910442,0.000864977,0.000822896,0.000781715,0.00074376,0.000708707,0.00067469,0.000642631
0.001,20.039,18.1046,15.5069,13.7453,12.3031,11.4363,10.7711,10.4056,10.2235,10.3875,11.5725,12.3224,12.4158,12.1076,11.5179,10.665,9.40628,2.11442,1.24268,0.878173,0.66779,0.551672,0.440555,0.361018,0.301859,0.266834,0.229169,0.199209,0.174974,0.15971,0.142418,0.127926,0.115658,0.10765,0.0982875,0.091485,0.0834197,0.0786689,0.0723319,0.0685618,0.0634872,0.0604421,0.0563112,0.0538138,0.0504025,0.0483267,0.0454739,0.0437279,0.0413157,0.0398316,0.0378474,0.0347897,0.0321381,0.0298215,0.0277838,0.0259804,0.0243753,0.0229994,0.0217034,0.0205334,0.0194727,0.0185076,0.0176262,0.0168187,0.0160765,0.0154183,0.0149074,0.0141973,0.0137579,0.0131443,0.0127629,0.0122282,0.0118945,0.0114249,0.0111307,0.0107154,0.0104544,0.0100848,0.00985188,0.00952105,0.00927734,0.0090299,0.00879475,0.00857105,0.00835798,0.00815485,0.00796097,0.00777579,0.00759871,0.00742925,0.00726693,0.00688966,0.00635926,0.00590294,0.00546058,0.00507889,0.00474638,0.00442403,0.00414235,0.00387104,0.00361281,0.00338688,0.00318764,0.00298308,0.00280339,0.00264436,0.00248363,0.00234162,0.00220782,0.00208221,0.00197045,0.0018599,0.00176145,0.0016649,0.00157504,0.00149143,0.00141366,0.00134131,0.0012716,0.00120703,0.00114715,0.00108986,0.00103682,0.00098493,0.000937101,0.000892929,0.000850064,0.000809667
0.00125895,20.182,18.1615,15.5527,13.796,12.3693,11.5236,10.8909,10.5624,10.4363,10.6727,11.9587,12.6977,12.7889,12.5078,11.982,11.2589,10.3158,8.94194,1.99525,1.25209,0.912805,0.740305,0.582107,0.472266,0.392152,0.345298,0.295355,0.255942,0.224253,0.204377,0.181939,0.163196,0.147372,0.137064,0.125032,0.1163,0.105968,0.0998886,0.0917885,0.086974,0.0804989,0.0766164,0.0713529,0.0681727,0.0638311,0.0611905,0.0575633,0.0553443,0.0522795,0.0503946,0.0478751,0.0439949,0.0406317,0.0376947,0.0351124,0.0328277,0.030795,0.0290528,0.0274123,0.0259316,0.0245896,0.0233687,0.0222539,0.0212327,0.0202944,0.0194622,0.0188163,0.0179188,0.0173634,0.0165881,0.0161061,0.0154305,0.0150089,0.0144156,0.0140441,0.0135195,0.0131898,0.0127231,0.0124289,0.0120112,0.0117034,0.011391,0.0110941,0.0108116,0.0105426,0.0102862,0.0100414,0.00980764,0.00958412,0.00937022,0.00916533,0.00868916,0.00801978,0.00744394,0.00688577,0.00640418,0.00598469,0.00557804,0.00522273,0.00488049,0.00455477,0.00426984,0.00401856,0.00376059,0.00353399,0.00333343,0.00313076,0.00295169,0.002783,0.00262461,0.0024837,0.00234433,0.0022202,0.00209847,0.00198519,0.00187979,0.00178175,0.00169053,0.00160266,0.00152126,0.00144577,0.00137355,0.00130671,0.00124129,0.001181,0.00112532,0.00107129,0.00102037
0.00158487,20.3164,18.2162,15.597,13.8452,12.4337,11.6086,11.0074,10.7142,10.641,10.9459,12.319,13.0394,13.1247,12.8618,12.3799,11.7392,10.9565,9.9872,8.57196,2.0109,1.30967,1.02486,0.784814,0.626806,0.515124,0.451016,0.383571,0.330944,0.28899,0.262832,0.23344,0.208998,0.188437,0.17508,0.159525,0.148251,0.134947,0.127133,0.116734,0.110561,0.102268,0.0973,0.0905708,0.0865084,0.0809663,0.0775977,0.0729733,0.0701456,0.0662422,0.0638427,0.0606359,0.0557013,0.051427,0.0476965,0.0444182,0.041519,0.0389405,0.0367311,0.0346517,0.0327753,0.0310751,0.0295287,0.028117,0.0268241,0.0256363,0.024583,0.0237657,0.0226301,0.0219275,0.0209467,0.0203372,0.0194828,0.0189496,0.0181995,0.0177298,0.0170666,0.0166499,0.0160599,0.0156881,0.0151602,0.0147712,0.0143764,0.0140013,0.0136444,0.0133046,0.0129806,0.0126714,0.0123761,0.0120938,0.0118236,0.0115648,0.0109634,0.0101181,0.00939103,0.00868634,0.00807839,0.00754888,0.00703561,0.00658719,0.00615531,0.00574429,0.00538477,0.00506772,0.00474224,0.00445637,0.00420337,0.0039477,0.00372183,0.00350903,0.00330926,0.00313153,0.00295575,0.0027992,0.00264569,0.00250282,0.0023699,0.00224626,0.00213122,0.00202042,0.00191778,0.00182259,0.00173153,0.00164724,0.00156476,0.00148874,0.00141853,0.0013504,0.0012862
0.00199526,20.4431,18.2688,15.6399,13.8931,12.4966,11.6916,11.1209,10.8616,10.8388,11.2088,12.6564,13.3532,13.4304,13.1799,12.7296,12.146,11.463,10.6832,9.75159,8.39892,2.15107,1.51239,1.0959,0.851377,0.688127,0.59728,0.503644,0.431826,0.375284,0.340331,0.301318,0.269076,0.242091,0.224625,0.204348,0.189682,0.172435,0.162326,0.148898,0.14094,0.130265,0.123878,0.115236,0.110025,0.102922,0.0986084,0.092691,0.0890753,0.0840873,0.0810229,0.0769288,0.0706351,0.0651884,0.0604382,0.0562664,0.0525793,0.0493017,0.0464941,0.0438532,0.041471,0.0393133,0.0373512,0.0355607,0.0339212,0.0324153,0.0310802,0.0300444,0.0286055,0.0277155,0.0264732,0.0257013,0.0246194,0.0239445,0.0229949,0.0224003,0.0215609,0.0210337,0.0202871,0.0198167,0.0191488,0.0186567,0.0181573,0.0176828,0.0172314,0.0168016,0.0163919,0.016001,0.0156276,0.0152706,0.0149291,0.0146019,0.0138417,0.0127733,0.0118545,0.0109641,0.010196,0.00952716,0.00887888,0.00831253,0.00776714,0.00724816,0.00679421,0.00639394,0.00598304,0.00562219,0.00530283,0.00498013,0.00469504,0.00442648,0.00417437,0.00395008,0.00372826,0.00353072,0.00333701,0.00315674,0.00298904,0.00283304,0.00268791,0.00254812,0.00241863,0.00229854,0.00218366,0.00207732,0.00197327,0.00187739,0.00178882,0.00170289,0.0016219
0.00251184,20.5626,18.3195,15.6815,13.9397,12.558,11.7727,11.2315,11.0049,11.0301,11.4624,12.9733,13.6433,13.7114,13.4691,13.0423,12.5005,11.8862,11.2221,10.5056,9.67772,8.50674,2.90627,1.65116,1.20556,0.94486,0.808184,0.672271,0.570918,0.492671,0.444922,0.392148,0.348927,0.313012,0.289886,0.263156,0.243876,0.221312,0.208125,0.190652,0.18032,0.166485,0.158223,0.147061,0.140339,0.131188,0.125637,0.118029,0.113386,0.106984,0.103055,0.0978071,0.0897507,0.0827863,0.0767184,0.071394,0.0666917,0.0625144,0.0589374,0.0555754,0.0525442,0.0497997,0.0473052,0.0450295,0.0429465,0.0410338,0.0393382,0.0380233,0.0361971,0.0350677,0.0334917,0.0325126,0.0311406,0.0302847,0.0290808,0.0283271,0.0272634,0.0265952,0.0256492,0.0250533,0.0242072,0.0235838,0.0229513,0.0223504,0.0217789,0.0212347,0.020716,0.0202211,0.0197485,0.0192966,0.0188643,0.0184503,0.0174883,0.0161366,0.0149743,0.0138482,0.012877,0.0120314,0.0112118,0.010496,0.00980674,0.00915092,0.00857734,0.00807163,0.00755254,0.0070967,0.00669331,0.00628574,0.00592569,0.00558654,0.00526819,0.00498498,0.00470489,0.00445548,0.00421092,0.00398333,0.00377162,0.00357469,0.00339149,0.00321504,0.00305159,0.00290001,0.00275501,0.0026208,0.00248948,0.00236846,0.00225669,0.00214824,0.00204604
0.00316224,20.6757,18.3683,15.7219,13.9851,12.618,11.8521,11.3397,11.1445,11.2157,11.708,13.2719,13.9132,13.9715,13.7346,13.3258,12.8157,12.2521,11.6686,11.0859,10.5031,9.90732,9.12693,6.67845,1.88835,1.36808,1.13597,0.921894,0.770478,0.657482,0.589972,0.516503,0.457161,0.408377,0.377205,0.341398,0.315679,0.285777,0.268373,0.245393,0.231845,0.213752,0.202973,0.18844,0.179704,0.167831,0.16064,0.150798,0.144797,0.136536,0.131469,0.124707,0.114343,0.105398,0.0976141,0.0907916,0.0847721,0.0794293,0.0748566,0.0705629,0.0666941,0.0631933,0.0600129,0.0571128,0.0544594,0.0520239,0.0498652,0.048192,0.0458689,0.0444327,0.0424289,0.0411844,0.0394409,0.0383535,0.0368243,0.0358671,0.0345164,0.0336681,0.0324673,0.031711,0.0306373,0.0298462,0.0290438,0.0282816,0.0275568,0.0268667,0.026209,0.0255815,0.0249823,0.0244095,0.0238615,0.0233368,0.0221177,0.0204051,0.018933,0.017507,0.0162774,0.015207,0.0141698,0.013264,0.012392,0.0115624,0.0108369,0.0101973,0.00954095,0.00896458,0.0084546,0.00793935,0.00748424,0.00705557,0.00665321,0.0062953,0.00594137,0.00562621,0.00531719,0.00502965,0.00476217,0.00451339,0.00428195,0.00405906,0.00385258,0.00366113,0.00347797,0.00330846,0.0031426,0.00298976,0.00284861,0.00271164,0.00258257
0.00398105,20.7827,18.4155,15.7611,14.0293,12.6767,11.9299,11.4456,11.2808,11.3962,11.9461,13.5537,14.1657,14.2137,13.9803,13.5852,13.1,12.5757,12.0532,11.5684,11.1573,10.9449,10.7753,9.75851,7.53152,2.32133,1.74008,1.33073,1.07741,0.901172,0.799968,0.692784,0.608186,0.539827,0.496666,0.447555,0.412507,0.372147,0.348795,0.318112,0.300103,0.276139,0.26191,0.24278,0.231311,0.215759,0.206358,0.193517,0.185701,0.174956,0.168376,0.1596,0.146182,0.134622,0.124582,0.115794,0.10805,0.101185,0.0953138,0.0898075,0.0848502,0.0803676,0.076298,0.0725894,0.0691982,0.0660869,0.0633301,0.0611945,0.0582306,0.0563988,0.0538443,0.0522582,0.0500367,0.0486517,0.0467043,0.0454858,0.0437665,0.0426871,0.0411594,0.0401973,0.0388318,0.0378256,0.0368056,0.0358368,0.0349156,0.0340387,0.033203,0.0324059,0.0316448,0.0309173,0.0302214,0.0295551,0.0280074,0.0258339,0.0239662,0.0221575,0.0205984,0.0192415,0.017927,0.0167793,0.0156745,0.0146237,0.0137049,0.0128951,0.012064,0.0113344,0.0106889,0.0100369,0.00946095,0.00891854,0.00840949,0.00795671,0.007509,0.00711036,0.00671953,0.00635587,0.00601762,0.00570302,0.00541038,0.00512856,0.00486751,0.00462546,0.00439391,0.00417963,0.00396997,0.00377676,0.00359835,0.00342523,0.0032621
0.00501184,20.8843,18.4609,15.7992,14.0726,12.7343,12.0063,11.5494,11.414,11.5719,12.1776,13.8204,14.4027,14.4406,14.2089,13.8247,13.3594,12.8667,12.3932,11.988,11.7228,11.9138,12.7355,13.5184,12.4237,8.07564,6.26512,2.2237,1.62699,1.29914,1.12854,0.957912,0.829108,0.728219,0.665813,0.595907,0.546556,0.490548,0.458438,0.416558,0.392135,0.359814,0.340714,0.315142,0.299867,0.279222,0.266779,0.249826,0.239531,0.225409,0.216777,0.205277,0.187749,0.172692,0.159642,0.148244,0.138218,0.129343,0.121759,0.114659,0.108273,0.102505,0.0972729,0.0925088,0.0881554,0.0841642,0.0806288,0.0778923,0.0740965,0.0717517,0.0684832,0.0664546,0.0636145,0.0618445,0.0593567,0.0578005,0.0556054,0.0542277,0.0522783,0.051051,0.0493095,0.0480261,0.0467258,0.0454911,0.0443172,0.0432,0.0421356,0.0411204,0.0401512,0.039225,0.0383392,0.0374911,0.0355217,0.0327571,0.0303823,0.0280837,0.0261029,0.0243795,0.0227105,0.0212536,0.0198516,0.0185183,0.0173529,0.0163259,0.0152722,0.0143472,0.013529,0.0127026,0.0119728,0.0112856,0.0106407,0.0100671,0.00950006,0.00899521,0.00850028,0.0080398,0.00761154,0.00721325,0.00684279,0.00648605,0.00615563,0.00584927,0.00555622,0.00528504,0.00501972,0.00477524,0.00454948,0.00433043,0.00412403
0.00630961,20.9808,18.5049,15.8362,14.1148,12.7908,12.0813,11.6512,11.5444,11.7432,12.403,14.0734,14.6262,14.654,14.423,14.0472,13.5982,13.1316,12.6996,12.364,12.2374,12.8831,14.1629,14.4952,13.7701,12.2897,8.87764,7.33845,4.18798,2.15611,1.74421,1.40737,1.18197,1.01737,0.919729,0.813534,0.740106,0.658785,0.612868,0.553701,0.519551,0.474738,0.448452,0.413479,0.392704,0.364758,0.347988,0.325224,0.311449,0.292607,0.281124,0.265847,0.242669,0.222831,0.205694,0.190768,0.17767,0.1661,0.156226,0.147002,0.138719,0.131247,0.124477,0.118319,0.112698,0.107549,0.10299,0.0994649,0.0945787,0.0915623,0.0873601,0.0847535,0.0811062,0.0788341,0.0756422,0.0736463,0.0708323,0.0690667,0.0665695,0.0649978,0.0627684,0.0611252,0.0594616,0.0578823,0.0563813,0.0549531,0.0535927,0.0522954,0.0510573,0.0498743,0.048743,0.0476602,0.0451466,0.0416196,0.0385918,0.0356624,0.0331394,0.030945,0.0288208,0.0269672,0.0251839,0.0234887,0.0220073,0.0207021,0.0193633,0.0181884,0.0171493,0.0161,0.0151735,0.0143013,0.0134828,0.012755,0.0120356,0.0113951,0.0107674,0.0101834,0.00964027,0.00913524,0.00866554,0.00821327,0.00779441,0.00740608,0.00703466,0.00669097,0.00635473,0.00604492,0.00575885,0.00548131,0.0052198
0.00794329,21.0725,18.5473,15.8723,14.1561,12.8463,12.1551,11.7512,11.6721,11.9105,12.6228,14.3136,14.8377,14.8554,14.6242,14.255,13.8196,13.3753,12.9796,12.7085,12.7209,13.8007,15.0239,15.1014,14.415,13.4196,12.3532,9.08489,7.89835,6.77894,5.49567,2.54258,1.88325,1.53126,1.34778,1.16281,1.04115,0.912756,0.842383,0.75368,0.703426,0.638438,0.60079,0.55121,0.522021,0.483051,0.459823,0.428475,0.409603,0.383909,0.368314,0.347617,0.316416,0.28986,0.267026,0.247216,0.229891,0.214633,0.201634,0.189529,0.178681,0.168913,0.160077,0.152051,0.144735,0.138042,0.132119,0.127546,0.121213,0.117308,0.111871,0.108501,0.103788,0.100855,0.096736,0.0941621,0.0905351,0.0882606,0.085045,0.0830222,0.080154,0.0780396,0.0759012,0.0738718,0.0719437,0.0701098,0.0683633,0.0666985,0.06511,0.0635927,0.062142,0.0607539,0.0575327,0.0530161,0.0491415,0.0453954,0.042171,0.0393681,0.0366561,0.0342907,0.032016,0.0298546,0.0279664,0.0263034,0.0245981,0.023102,0.0217791,0.0204436,0.0192648,0.0181551,0.0171141,0.0161886,0.0152739,0.0144598,0.0136618,0.0129197,0.0122296,0.011588,0.0109913,0.0104168,0.00988487,0.00939172,0.0089201,0.00848372,0.00805684,0.00766355,0.00730042,0.00694814,0.00661625
0.01,21.16,18.5884,15.9074,14.1965,12.9008,12.2277,11.8496,11.7975,12.074,12.8374,14.5422,15.0384,15.0463,14.8141,14.4502,14.0261,13.6013,13.2387,13.0295,13.1844,14.5985,15.6429,15.5605,14.8809,14.0151,13.283,11.9244,9.26618,8.2966,7.69785,6.87765,5.82334,3.34441,2.39306,1.86691,1.59479,1.34646,1.22093,1.07088,0.989242,0.886776,0.828847,0.753996,0.710645,0.653535,0.619888,0.574919,0.54808,0.511809,0.48994,0.461035,0.417888,0.381474,0.350383,0.323569,0.300236,0.279775,0.26239,0.246273,0.231871,0.218935,0.207261,0.19668,0.187052,0.178259,0.170485,0.164495,0.15621,0.151106,0.144009,0.139615,0.133476,0.129659,0.124303,0.120958,0.116249,0.113297,0.109128,0.106506,0.102792,0.100053,0.0972861,0.094662,0.0921699,0.0898006,0.0875453,0.0853963,0.0833465,0.0813892,0.0795187,0.0777294,0.0735794,0.0677656,0.0627833,0.0579705,0.0538312,0.0502357,0.046759,0.0437285,0.0408159,0.0380497,0.0356344,0.033508,0.0313285,0.0294171,0.0277276,0.0260226,0.0245179,0.023102,0.0217741,0.0205939,0.0194275,0.0183897,0.0173728,0.0164271,0.015548,0.0147307,0.0139707,0.0132392,0.0125619,0.0119341,0.0113338,0.0107784,0.0102352,0.00973474,0.00927273,0.00882456,0.00840236
0.0123557,21.2367,18.625,15.9389,14.2329,12.9502,12.2935,11.9386,11.9106,12.2212,13.0304,14.7429,15.2141,15.2132,14.9797,14.6197,14.2045,13.7956,13.4614,13.3087,13.597,15.2198,16.0957,15.9077,15.227,14.4215,13.7959,12.9106,11.5384,9.35288,8.71341,8.04283,7.42253,6.78012,6.23794,5.27962,3.5499,2.29128,1.94567,1.61247,1.45325,1.26844,1.16984,1.04753,0.978973,0.890891,0.840078,0.773299,0.734017,0.681573,0.650297,0.60924,0.548852,0.498536,0.456016,0.419655,0.38824,0.360856,0.337677,0.316316,0.297302,0.280283,0.264971,0.251131,0.238568,0.22712,0.217012,0.209242,0.198513,0.191914,0.182752,0.177087,0.169182,0.164271,0.157388,0.153095,0.147055,0.143273,0.137935,0.134581,0.129832,0.12633,0.122798,0.11945,0.116272,0.113252,0.11038,0.107644,0.105035,0.102546,0.100167,0.0978933,0.0926224,0.0852467,0.0789334,0.0728416,0.0676076,0.0630651,0.0586763,0.0548534,0.0511818,0.047697,0.0446561,0.0419803,0.039239,0.036836,0.034713,0.0325711,0.0306818,0.0289045,0.0272382,0.0257576,0.0242949,0.0229937,0.0217189,0.0205338,0.0194323,0.0184085,0.0174567,0.0165407,0.0156927,0.0149069,0.0141555,0.0134605,0.0127807,0.0121546,0.0115767,0.0110161,0.0104881
0.0151863,21.3085,18.6596,15.9689,14.2678,12.9976,12.3568,12.0242,12.0191,12.362,13.2148,14.9305,15.3783,15.369,15.1338,14.7768,14.3693,13.9746,13.667,13.5697,13.9884,15.7407,16.4685,16.2002,15.516,14.7478,14.1811,13.4582,12.7201,11.4663,9.70646,8.88656,8.30227,7.78593,7.41345,6.91394,6.47346,5.80199,5.24309,3.82444,2.75977,2.09432,1.84125,1.57431,1.43994,1.27904,1.19105,1.07989,1.01659,0.934165,0.886056,0.823777,0.73454,0.661831,0.601457,0.550544,0.507055,0.469504,0.437911,0.409047,0.383506,0.36076,0.340388,0.322046,0.305456,0.290385,0.277104,0.266928,0.252912,0.244309,0.232389,0.225031,0.214782,0.208425,0.199529,0.193987,0.1862,0.18133,0.174463,0.170154,0.164057,0.15956,0.155035,0.150748,0.146683,0.142823,0.139153,0.13566,0.132332,0.129157,0.126126,0.12323,0.116522,0.10715,0.09914,0.0914224,0.0848001,0.0790592,0.0735182,0.0686965,0.0640694,0.0596815,0.0558553,0.0524909,0.0490462,0.0460285,0.0433638,0.0406768,0.0383077,0.03608,0.0339924,0.032138,0.0303068,0.0286783,0.0270834,0.0256011,0.0242237,0.0229438,0.0217543,0.0206097,0.0195504,0.0185688,0.0176305,0.0167628,0.0159142,0.0151327,0.0144115,0.013712,0.0130532
0.0184855,21.3743,18.6918,15.9969,14.3005,13.0422,12.4165,12.1048,12.1211,12.4938,13.3874,15.1024,15.5287,15.5115,15.2745,14.9197,14.5187,14.1366,13.8539,13.8103,14.3508,16.1754,16.7785,16.4475,15.7592,15.0164,14.4879,13.855,13.3048,12.7904,12.2962,9.78719,9.0228,8.49379,8.14913,7.72244,7.38792,6.93202,6.62465,6.14493,5.80108,5.21178,4.71842,3.56636,2.7469,2.13743,1.89685,1.64007,1.50971,1.35236,1.26583,1.15793,1.01194,0.898481,0.807415,0.732544,0.669848,0.616558,0.572192,0.532205,0.497144,0.466164,0.438604,0.413938,0.391743,0.371674,0.354037,0.340589,0.322125,0.310829,0.295218,0.285607,0.272251,0.263984,0.252439,0.24526,0.23519,0.228902,0.220049,0.214501,0.206662,0.200879,0.195075,0.189583,0.184381,0.179445,0.174757,0.170299,0.166055,0.16201,0.158151,0.154465,0.14594,0.134051,0.123911,0.114159,0.105806,0.0985743,0.0916041,0.0855459,0.0797388,0.0742375,0.0694453,0.0652348,0.0609273,0.0571567,0.0538294,0.0504763,0.0475218,0.044745,0.0421442,0.0398351,0.0375558,0.0355297,0.0335461,0.0317032,0.0299914,0.0284013,0.0269239,0.0255027,0.0241876,0.0229695,0.0218053,0.0207288,0.0196764,0.0187074,0.0178132,0.0169462,0.0161298
0.0222947,21.4347,18.7216,16.023,14.3311,13.0843,12.4728,12.1808,12.2169,12.6175,13.5491,15.2604,15.6669,15.6425,15.4035,15.0504,14.6549,14.2842,14.0249,14.0336,14.6854,16.5448,17.0425,16.6609,15.9684,15.2442,14.7433,14.1713,13.7264,13.413,13.2602,13.1303,12.8839,9.13308,8.75327,8.32578,8.01535,7.61138,7.35309,6.97505,6.726,6.3516,6.09804,5.70402,5.42559,4.96478,4.60653,3.90163,3.24124,2.43565,2.13022,1.82811,1.50298,1.28683,1.12857,1.00601,0.907677,0.826715,0.760716,0.702602,0.652458,0.608727,0.570255,0.53615,0.505716,0.478396,0.454498,0.436401,0.41168,0.396625,0.375904,0.363195,0.345593,0.334732,0.319606,0.310226,0.297099,0.288921,0.27743,0.270243,0.260107,0.252629,0.24515,0.238085,0.2314,0.225067,0.219059,0.213352,0.207925,0.202758,0.197834,0.193136,0.182284,0.16719,0.154351,0.142033,0.131505,0.122409,0.113656,0.10606,0.0987889,0.0919104,0.0859258,0.0806734,0.0753055,0.0706111,0.0664721,0.0623044,0.0586348,0.0551885,0.0519625,0.0491001,0.0462762,0.0437672,0.0413121,0.0390322,0.0369153,0.0349498,0.0331242,0.0313687,0.0297449,0.0282412,0.0268045,0.0254764,0.0241784,0.0229835,0.0218811,0.0208125,0.0198064
0.0266534,21.4903,18.7494,16.0475,14.3599,13.124,12.526,12.2524,12.3071,12.7337,13.7008,15.4061,15.7943,15.7631,15.522,15.1703,14.7796,14.4193,14.1823,14.2418,14.9937,16.8636,17.2712,16.8477,16.1513,15.4416,14.9621,14.4358,14.0642,13.8659,13.8368,13.9217,13.9998,13.9005,13.6468,8.8619,8.53412,8.13534,7.89015,7.54273,7.32106,6.99929,6.79012,6.48172,6.27823,5.97357,5.76914,5.45685,5.24204,4.90281,4.65876,4.25246,3.28553,2.2634,1.78343,1.50295,1.30913,1.16356,1.05156,0.957823,0.879666,0.813325,0.756207,0.70647,0.662737,0.623972,0.590341,0.565154,0.531031,0.5104,0.482188,0.464987,0.441288,0.426736,0.406556,0.394091,0.376709,0.365917,0.350799,0.341371,0.328108,0.318324,0.308587,0.299408,0.290741,0.282544,0.274782,0.267422,0.260433,0.253789,0.247465,0.24144,0.227553,0.208302,0.19199,0.176391,0.163097,0.151639,0.14064,0.131114,0.122012,0.113417,0.105951,0.0994077,0.092729,0.0868955,0.0817577,0.0765897,0.0720437,0.0677779,0.0637883,0.0602508,0.0567634,0.0536669,0.0506389,0.0478284,0.0452204,0.0428,0.0405531,0.0383933,0.0363964,0.0345479,0.0327824,0.031151,0.029557,0.0280901,0.0267371,0.0254259,0.0241918
0.0315982,21.5417,18.7753,16.0704,14.387,13.1614,12.5762,12.3201,12.3921,12.8428,13.8433,15.5406,15.912,15.8745,15.6314,15.2806,14.8942,14.5434,14.3279,14.4368,15.2773,17.142,17.4719,17.0131,16.313,15.615,15.153,14.6635,14.3488,14.2321,14.276,14.4437,14.5651,14.5183,14.3679,14.0208,13.5425,8.59448,8.34315,7.99887,7.78476,7.48051,7.28669,7.00671,6.82605,6.56238,6.39067,6.13793,5.97193,5.72542,5.56195,5.32603,4.90868,4.46661,3.96468,3.31642,2.48272,1.93601,1.6302,1.42191,1.26773,1.14694,1.04874,0.966933,0.897356,0.837323,0.786212,0.74871,0.698699,0.668876,0.628577,0.604254,0.571048,0.55082,0.522975,0.505885,0.482191,0.467558,0.44716,0.434492,0.416746,0.403664,0.390738,0.37859,0.367155,0.356371,0.346185,0.33655,0.327422,0.318763,0.310538,0.302717,0.284745,0.259955,0.239058,0.219167,0.202285,0.187785,0.173906,0.161921,0.150498,0.139736,0.130408,0.122247,0.113932,0.106681,0.100304,0.0938979,0.0882698,0.0829946,0.0780661,0.0737004,0.0694002,0.0655854,0.0618577,0.0584005,0.0551946,0.0522211,0.0494624,0.0468122,0.0443631,0.0420971,0.0399339,0.0379358,0.0359844,0.0341893,0.0325342,0.0309307,0.0294219
0.0371622,21.5891,18.7994,16.0919,14.4125,13.1967,12.6238,12.384,12.4723,12.9455,13.9773,15.6651,16.0211,15.9776,15.7325,15.3824,14.9997,14.658,14.4631,14.6198,15.5382,17.3876,17.6499,17.1608,16.4575,15.7692,15.3219,14.8634,14.596,14.5429,14.6368,14.8464,14.977,14.941,14.8163,14.5497,14.2979,13.737,8.76749,8.40344,8.18485,7.8812,7.69114,7.42057,7.24829,7.00008,6.84055,6.60899,6.45921,6.24058,6.09843,5.90072,5.56256,5.23399,4.91064,4.58719,4.25622,3.90595,3.52278,3.04619,2.46132,1.98057,1.68013,1.47643,1.32538,1.20676,1.11183,1.04586,0.961343,0.912645,0.848623,0.810843,0.760232,0.729918,0.688773,0.663835,0.629641,0.608734,0.579836,0.562041,0.537285,0.519072,0.501276,0.48464,0.469055,0.454429,0.440668,0.427705,0.415467,0.403897,0.392943,0.382556,0.358801,0.326283,0.299087,0.273376,0.251683,0.233143,0.215476,0.200278,0.185844,0.17229,0.160574,0.150351,0.139959,0.130917,0.122979,0.11502,0.108039,0.101505,0.0954093,0.0900164,0.0847107,0.080009,0.0754194,0.0711669,0.0672269,0.0635757,0.0601908,0.0569414,0.0539406,0.0511659,0.0485186,0.0460747,0.0436892,0.0414958,0.0394744,0.0375169,0.0356759
0.0433745,21.6331,18.822,16.112,14.4366,13.2302,12.6687,12.4444,12.5479,13.0423,14.1033,15.7807,16.1224,16.0733,15.8262,15.4767,15.0973,14.7639,14.5892,14.792,15.7783,17.6061,17.809,17.2937,16.5874,15.9075,15.4728,15.0414,14.8147,14.8138,14.944,15.1763,15.3058,15.2711,15.157,14.9236,14.7358,14.3579,14.0833,13.5492,8.55994,8.24213,8.04786,7.77574,7.60469,7.3608,7.2055,6.98201,6.83866,6.63116,6.4974,6.31464,6.00443,5.71026,5.42963,5.16032,4.90021,4.64715,4.40971,4.16249,3.91397,3.65946,3.39191,3.09995,2.76554,2.37709,2.00297,1.77109,1.52478,1.40348,1.26052,1.18314,1.08581,1.03043,0.958222,0.915926,0.859489,0.825808,0.780251,0.752649,0.714866,0.687284,0.660857,0.636417,0.613746,0.592656,0.572975,0.554564,0.537302,0.521084,0.505817,0.491418,0.458755,0.414614,0.378174,0.344098,0.315612,0.291452,0.268576,0.249014,0.230532,0.213257,0.19839,0.185462,0.172365,0.161003,0.151056,0.141106,0.132398,0.124266,0.116693,0.110005,0.103435,0.0976214,0.0919545,0.0867105,0.0818577,0.0773655,0.0732052,0.0692152,0.0655338,0.0621326,0.0588901,0.0558989,0.0529811,0.0503,0.0478308,0.0454408,0.0431942
0.0502592,21.6739,18.8431,16.131,14.4592,13.2619,12.7114,12.5015,12.6193,13.1335,14.2221,15.8881,16.2166,16.1624,15.9133,15.5641,15.1877,14.8623,14.707,14.9541,15.9995,17.8018,17.9522,17.414,16.705,16.0324,15.609,15.2016,15.0109,15.0541,15.2114,15.456,15.5803,15.5436,15.435,15.2198,15.0652,14.7565,14.5639,14.3252,14.2173,14.1523,14.133,8.10114,7.92574,7.67871,7.52294,7.30053,7.15885,6.95502,6.82439,6.64778,6.34903,6.06888,5.80487,5.55504,5.31772,5.09147,4.88723,4.67846,4.47721,4.28237,4.09285,3.90746,3.72495,3.54386,3.36788,3.22061,2.99321,2.83422,2.57744,2.38937,2.08359,1.88325,1.63224,1.50219,1.34898,1.26683,1.16447,1.10667,1.03167,0.978891,0.930858,0.887827,0.848976,0.813669,0.781396,0.751748,0.724389,0.699037,0.675502,0.653595,0.604718,0.540388,0.488618,0.44118,0.402181,0.36954,0.338981,0.313095,0.288839,0.266339,0.247097,0.230457,0.213683,0.199197,0.186564,0.173973,0.162991,0.152764,0.143267,0.1349,0.1267,0.119459,0.112413,0.105906,0.0998933,0.0943361,0.0891967,0.084274,0.0797377,0.0755513,0.0715645,0.0678902,0.0643095,0.0610221,0.0579969,0.0550711,0.0523227
0.0578353,21.7119,18.8628,16.1488,14.4806,13.2918,12.7517,12.5556,12.6867,13.2196,14.3339,15.9881,16.3044,16.2453,15.9943,15.6453,15.2717,14.9538,14.8175,15.1069,16.2036,17.9781,18.0819,17.5234,16.812,16.1458,15.7326,15.3469,15.1888,15.2696,15.4476,15.6981,15.8157,15.776,15.6704,15.4667,15.333,15.0643,14.9127,14.7725,14.7688,14.928,15.0652,15.0413,8.23255,7.97488,7.81457,7.58788,7.44459,7.23974,7.10916,6.9339,6.63863,6.36374,6.10647,5.86471,5.63674,5.42111,5.2298,5.03453,4.84847,4.67078,4.50071,4.33756,4.18069,4.02951,3.88992,3.77607,3.61022,3.50252,3.34459,3.24129,3.08852,2.98764,2.83675,2.73576,2.58224,2.47758,2.31511,2.20183,2.02278,1.86746,1.71123,1.56649,1.44085,1.33513,1.24631,1.17089,1.10595,1.04928,0.999217,0.954547,0.860877,0.747505,0.662547,0.588528,0.530003,0.482423,0.438855,0.402631,0.369214,0.338628,0.312772,0.290621,0.268476,0.2495,0.233057,0.216761,0.202621,0.189514,0.177394,0.166754,0.156362,0.147214,0.138338,0.130161,0.122624,0.115674,0.109259,0.103125,0.0974836,0.0922854,0.0873424,0.0827934,0.0783659,0.0743063,0.0705746,0.0669694,0.0635862
0.0661159,21.7472,18.8813,16.1656,14.5008,13.3202,12.79,12.6068,12.7505,13.3008,14.4395,16.0813,16.3863,16.3226,16.0697,15.7209,15.3498,15.0391,14.9213,15.251,16.3922,18.1378,18.1998,17.6234,16.9098,16.2495,15.8454,15.4798,15.3512,15.4646,15.6583,15.911,16.0215,15.9783,15.8744,15.6787,15.5598,15.3183,15.1939,15.1158,15.1725,15.4277,15.5839,15.5475,8.54607,8.26678,8.09684,7.86004,7.71201,7.50206,7.3691,7.19168,6.89466,6.61996,6.36427,6.12513,5.90062,5.68919,5.50344,5.31362,5.13362,4.9626,4.79982,4.64463,4.49645,4.35473,4.22613,4.12126,3.9702,3.87337,3.7335,3.64359,3.51336,3.42941,3.30745,3.22858,3.11362,3.03905,2.93004,2.85908,2.75492,2.67395,2.59013,2.50749,2.42577,2.34469,2.26394,2.1832,2.10211,2.02028,1.93731,1.85281,1.63401,1.29478,1.05331,0.880656,0.763337,0.676821,0.602975,0.544693,0.492999,0.44716,0.409417,0.377754,0.346629,0.320338,0.297836,0.275772,0.256808,0.239374,0.223368,0.209408,0.195849,0.183975,0.172508,0.16199,0.152334,0.143459,0.135295,0.127513,0.120373,0.113811,0.107586,0.101869,0.0963149,0.0912327,0.0865683,0.0820697,0.0778545
0.0751091,21.7801,18.8987,16.1814,14.5199,13.3471,12.8263,12.6554,12.8108,13.3775,14.539,16.1684,16.4629,16.3949,16.1402,15.7914,15.4227,15.1189,15.019,15.3869,16.567,18.2831,18.3076,17.7151,16.9995,16.3445,15.9488,15.6018,15.5004,15.6421,15.8479,16.1003,16.2037,16.1571,16.0541,15.8641,15.7565,15.5354,15.4317,15.4014,15.5041,15.8182,15.97,15.9071,15.7258,15.3774,8.38691,8.13134,7.97442,7.7546,7.61671,7.43369,7.13047,6.85216,6.59454,6.35465,6.13026,5.91962,5.73577,5.5477,5.36981,5.20123,5.0412,4.88904,4.74415,4.60599,4.48171,4.38008,4.2342,4.14106,4.00708,3.92135,3.79779,3.71857,3.60418,3.53071,3.4244,3.356,3.25691,3.19306,3.10041,3.03085,2.95839,2.88812,2.81991,2.75364,2.6892,2.6265,2.56544,2.50591,2.44784,2.39112,2.25476,2.05013,1.85794,1.65053,1.4458,1.24118,1.03325,0.875039,0.752522,0.657092,0.585722,0.52977,0.477667,0.435538,0.400637,0.367332,0.339359,0.314093,0.291287,0.27167,0.252816,0.236555,0.22095,0.206759,0.193814,0.182002,0.171198,0.160955,0.151602,0.143044,0.134958,0.127559,0.120396,0.113862,0.107882,0.10213,0.0967528
0.0848159,21.8109,18.9151,16.1963,14.538,13.3727,12.8608,12.7014,12.8679,13.4501,14.633,16.2498,16.5346,16.4626,16.2061,15.8573,15.4907,15.1935,15.1111,15.5152,16.7291,18.4158,18.4064,17.7994,17.0821,16.432,16.0441,15.7144,15.6381,15.8045,16.0195,16.2701,16.3667,16.3167,16.2142,16.0287,15.9299,15.7252,15.6384,15.6486,15.7897,16.1415,16.2801,16.1908,16.0053,15.6719,15.4603,8.41941,8.24652,8.00955,7.86317,7.67022,7.35591,7.0703,6.80777,6.56453,6.33787,6.12575,5.94152,5.75302,5.57507,5.40673,5.24718,5.0957,4.95167,4.81454,4.69185,4.59124,4.44704,4.35511,4.22307,4.13872,4.01735,3.93968,3.82773,3.75596,3.65233,3.58581,3.48966,3.42785,3.33839,3.27219,3.20266,3.13543,3.0704,3.00746,2.94651,2.88744,2.83018,2.77463,2.72073,2.66839,2.54393,2.36182,2.19773,2.0312,1.88071,1.7436,1.60424,1.47606,1.34534,1.21209,1.08609,0.966265,0.837316,0.727857,0.641411,0.565868,0.507813,0.459136,0.417729,0.383769,0.352426,0.326134,0.301652,0.279897,0.260462,0.243017,0.227295,0.21258,0.1993,0.18727,0.176004,0.165751,0.155922,0.147016,0.138914,0.131163,0.123954
0.0952324,21.8396,18.9304,16.2103,14.5551,13.3969,12.8935,12.745,12.9219,13.5187,14.7218,16.3261,16.6017,16.5259,16.2678,15.9189,15.5543,15.2635,15.198,15.6362,16.8797,18.5373,18.4973,17.8772,17.1583,16.5127,16.1321,15.8186,15.7656,15.9535,16.1757,16.4234,16.5136,16.4604,16.3582,16.176,16.0846,15.8936,15.8214,15.8675,16.0418,16.4164,16.5388,16.4258,16.2354,15.9098,15.7129,15.4863,15.3878,8.28242,8.12142,7.91174,7.57955,7.28227,7.01163,6.76252,6.5315,6.31606,6.12971,5.93923,5.75975,5.59022,5.42976,5.2776,5.13308,4.99561,4.8731,4.77239,4.62817,4.53629,4.40442,4.32025,4.19921,4.1218,4.01031,3.93889,3.83584,3.76973,3.67425,3.61292,3.52421,3.45907,3.39024,3.32374,3.25948,3.19733,3.1372,3.079,3.02262,2.968,2.91504,2.86369,2.74183,2.5643,2.40534,2.24534,2.10226,1.97358,1.845,1.72936,1.61489,1.50294,1.40242,1.31161,1.21608,1.13005,1.05205,0.97121,0.897844,0.826787,0.758107,0.695256,0.631559,0.574062,0.518079,0.467776,0.423722,0.385697,0.352981,0.323758,0.298536,0.276545,0.256639,0.2391,0.222682,0.208143,0.195179,0.182989,0.171832
0.106348,21.8665,18.9448,16.2236,14.5713,13.4199,12.9246,12.7863,12.9731,13.5836,14.8057,16.3975,16.6647,16.5853,16.3256,15.9766,15.614,15.3292,15.2802,15.7505,17.0201,18.6491,18.5812,17.9493,17.2289,16.5874,16.2137,15.9156,15.8842,16.091,16.3186,16.5628,16.647,16.5908,16.4886,16.3092,16.2239,16.0448,15.9856,16.0647,16.2678,16.6548,16.7602,16.6263,16.4314,16.1106,15.9238,15.7224,15.6467,15.6107,15.6214,8.17302,7.81155,7.49619,7.21329,6.95536,6.7177,6.49712,6.30704,6.11325,5.93103,5.75922,5.59682,5.44301,5.29707,5.15837,5.03515,4.93367,4.78843,4.69594,4.56328,4.47862,4.35695,4.27916,4.16716,4.09543,3.99198,3.92563,3.82982,3.76829,3.67932,3.61429,3.54528,3.47864,3.41424,3.35198,3.29175,3.23346,3.17702,3.12234,3.06935,3.01796,2.89609,2.71866,2.55997,2.40041,2.25792,2.12997,2.00236,1.88786,1.77481,1.66463,1.56611,1.47753,1.38491,1.30213,1.22774,1.1515,1.08323,1.01815,0.956384,0.900893,0.845524,0.795819,0.746726,0.700743,0.65772,0.617505,0.579938,0.543626,0.509893,0.478547,0.448518,0.42071,0.393505,0.368467,0.345399,0.323101,0.302199
0.118148,21.8917,18.9584,16.2361,14.5867,13.4417,12.9541,12.8256,13.0216,13.6451,14.8851,16.4646,16.7239,16.6411,16.3799,16.0307,15.6698,15.3909,15.3579,15.8583,17.1509,18.7521,18.6588,18.016,17.2944,16.6568,16.2895,16.0059,15.9946,16.218,16.4497,16.6901,16.7686,16.7096,16.6073,16.4302,16.3503,16.1816,16.1344,16.2441,16.472,16.8639,16.9529,16.8006,16.6016,16.2842,16.1052,15.9235,15.865,15.8565,15.8822,15.973,8.0659,7.72134,7.41988,7.14906,6.90191,6.67403,6.47849,6.28,6.09387,5.91875,5.75352,5.59725,5.44914,5.30852,5.18395,5.08121,4.93424,4.84071,4.70659,4.62105,4.49813,4.41957,4.30649,4.23408,4.12967,4.06271,3.96604,3.90397,3.81421,3.74879,3.67918,3.61196,3.54701,3.48422,3.42348,3.36469,3.30777,3.25263,3.19918,3.14735,3.02443,2.84546,2.68535,2.52434,2.38053,2.25134,2.12246,2.00676,1.89251,1.78109,1.68142,1.59177,1.49799,1.41412,1.33872,1.26139,1.19212,1.12605,1.0633,1.00689,0.950576,0.89999,0.849996,0.803137,0.759266,0.718229,0.679862,0.642749,0.608237,0.576131,0.545334,0.516767,0.488763,0.46292,0.43903,0.415834,0.39397
0.130609,21.9154,18.9712,16.248,14.6012,13.4624,12.9822,12.8629,13.0675,13.7033,14.9602,16.5276,16.7795,16.6936,16.4308,16.0815,15.7223,15.4491,15.4316,15.9602,17.2732,18.8473,18.7307,18.0781,17.3553,16.7213,16.3601,16.0902,16.0977,16.3358,16.5704,16.8069,16.8801,16.8185,16.7161,16.5408,16.4656,16.3064,16.2702,16.4085,16.6579,17.0493,17.1228,16.9545,16.7518,16.4369,16.2644,16.0991,16.0548,16.0675,16.1037,16.2037,16.1458,15.9634,7.64122,7.351,7.09018,6.8521,6.64886,6.44402,6.25267,6.07314,5.90415,5.7446,5.59362,5.45044,5.32396,5.21953,5.07026,4.97532,4.83925,4.7525,4.6279,4.54828,4.43371,4.36037,4.25463,4.18683,4.08895,4.02611,3.93525,3.86913,3.79868,3.73064,3.6649,3.60134,3.53986,3.48035,3.42273,3.36691,3.3128,3.26033,3.13586,2.9546,2.79238,2.62916,2.48328,2.35217,2.22128,2.1037,1.98749,1.87407,1.7725,1.68107,1.58531,1.49959,1.42242,1.34319,1.27213,1.20424,1.13969,1.08157,1.02346,0.97118,0.919423,0.870827,0.825246,0.782528,0.742514,0.703728,0.667587,0.633893,0.601502,0.571389,0.541801,0.514431,0.489068,0.464381,0.441051
0.143707,21.9376,18.9833,16.2592,14.615,13.4821,13.0089,12.8982,13.1111,13.7585,15.0312,16.5868,16.8319,16.7429,16.4787,16.1293,15.7716,15.5039,15.5014,16.0564,17.3875,18.9355,18.7974,18.1358,17.412,16.7814,16.4259,16.1692,16.1941,16.4451,16.6819,16.9143,16.9826,16.9186,16.816,16.6423,16.5712,16.4206,16.395,16.5602,16.8277,17.215,17.274,17.0916,16.8856,16.5729,16.406,16.255,16.2229,16.2529,16.2966,16.4019,16.3459,16.173,16.0004,7.57135,7.28987,7.03714,6.82305,6.60962,6.41133,6.22605,6.0522,5.88847,5.73384,5.58744,5.45848,5.35194,5.1998,5.10311,4.96464,4.8764,4.74972,4.66882,4.55242,4.47794,4.37058,4.30176,4.20242,4.13864,4.04645,3.97942,3.90794,3.83892,3.77223,3.70775,3.64539,3.58502,3.52657,3.46994,3.41505,3.36181,3.23552,3.05156,2.88685,2.72106,2.57282,2.4395,2.30632,2.1866,2.06819,1.95254,1.84888,1.75548,1.65758,1.56985,1.4908,1.40955,1.33659,1.26683,1.20041,1.14055,1.08062,1.02664,0.97313,0.922825,0.875582,0.831248,0.789665,0.749306,0.711646,0.676491,0.642648,0.611142,0.580144,0.551429,0.524784,0.498814,0.474238
0.157411,21.9584,18.9947,16.2698,14.6281,13.5009,13.0342,12.9318,13.1525,13.8108,15.0984,16.6425,16.8811,16.7893,16.5238,16.1741,15.818,15.5555,15.5676,16.1472,17.4945,19.0172,18.8596,18.1896,17.4649,16.8376,16.4875,16.2432,16.2843,16.5467,16.7851,17.0135,17.0772,17.0109,16.908,16.7358,16.6684,16.5258,16.5101,16.7005,16.9833,17.364,17.4098,17.2148,17.006,16.6952,16.5332,16.3951,16.3737,16.4179,16.4672,16.5756,16.5196,16.3529,16.1965,16.1534,7.51252,7.23724,7.00722,6.78187,6.5742,6.38133,6.20117,6.03211,5.87289,5.72249,5.59041,5.48129,5.32566,5.22687,5.0855,4.99549,4.86635,4.78392,4.66539,4.58957,4.48032,4.41031,4.30927,4.24443,4.1507,4.08257,4.00992,3.93978,3.87202,3.80651,3.74315,3.68183,3.62244,3.56491,3.50914,3.45506,3.32675,3.13982,2.97242,2.80386,2.65308,2.51742,2.38183,2.25989,2.1392,2.02125,1.91546,1.82008,1.72002,1.63029,1.54938,1.46615,1.39135,1.31977,1.25156,1.19003,1.12838,1.0728,1.01767,0.96578,0.917008,0.871199,0.828195,0.786418,0.747401,0.710947,0.675823,0.643097,0.610869,0.580989,0.553241,0.526173,0.500536
0.171685,21.978,19.0055,16.2798,14.6405,13.5187,13.0584,12.9637,13.1917,13.8604,15.1621,16.695,16.9276,16.8331,16.5663,16.2164,15.8617,15.6043,15.6304,16.2331,17.5949,19.0934,18.9175,18.24,17.5143,16.8901,16.5452,16.3127,16.3691,16.6415,16.8809,17.1053,17.1648,17.0964,16.9933,16.8222,16.7583,16.6231,16.6168,16.831,17.1265,17.4991,17.5326,17.3264,17.1151,16.806,16.6486,16.5223,16.5105,16.5667,16.6201,16.7302,16.6731,16.5108,16.3671,16.3476,16.4202,7.46648,7.21091,6.96789,6.74698,6.54375,6.35522,6.17922,6.01414,5.85868,5.72269,5.6104,5.45053,5.3492,5.20438,5.11226,4.98022,4.89601,4.77499,4.69762,4.5862,4.51483,4.41187,4.3458,4.25035,4.18092,4.10698,4.03559,3.96664,3.89999,3.83552,3.77314,3.71274,3.65422,3.5975,3.5425,3.41201,3.2219,3.05164,2.88017,2.72674,2.58865,2.4506,2.32638,2.20339,2.08313,1.97521,1.87786,1.77568,1.684,1.60128,1.51613,1.43957,1.36625,1.29634,1.23324,1.16998,1.11291,1.05625,1.00291,0.952729,0.905569,0.86127,0.818208,0.777967,0.740345,0.704075,0.670261,0.636943,0.606034,0.577313,0.549282,0.522719
0.186492,21.9964,19.0156,16.2893,14.6523,13.5356,13.0813,12.9941,13.229,13.9075,15.2225,16.7445,16.9714,16.8744,16.6063,16.2563,15.9028,15.6504,15.6901,16.3143,17.6891,19.1642,18.9716,18.287,17.5606,16.9393,16.5993,16.3781,16.4487,16.73,16.97,17.1905,17.246,17.1757,17.0723,16.9023,16.8414,16.7133,16.7161,16.9525,17.2584,17.6218,17.6442,17.4279,17.2144,16.9069,16.7538,16.6383,16.6352,16.7016,16.7581,16.8688,16.8103,16.6511,16.5179,16.5191,16.6085,16.5553,7.45106,7.17879,6.93763,6.7194,6.51922,6.33387,6.16107,5.99912,5.85814,5.74189,5.57679,5.47237,5.32337,5.22875,5.09328,5.00698,4.88306,4.8039,4.68998,4.61705,4.5119,4.44446,4.34705,4.27614,4.20075,4.12798,4.05771,3.9898,3.92414,3.8606,3.79908,3.7395,3.68175,3.62576,3.49292,3.29944,3.12616,2.95165,2.79548,2.65491,2.51434,2.38782,2.26252,2.13995,2.02993,1.93063,1.82637,1.73278,1.64831,1.56132,1.48306,1.40808,1.33656,1.27197,1.20718,1.14871,1.09064,1.03593,0.984454,0.936048,0.890557,0.846316,0.804955,0.766269,0.728957,0.694158,0.659854,0.628019,0.598425,0.569531,0.54214
0.201792,22.0138,19.0252,16.2983,14.6634,13.5517,13.1031,13.0229,13.2643,13.9521,15.2796,16.7911,17.0127,16.9133,16.644,16.2938,15.9416,15.694,15.7467,16.391,17.7777,19.2303,19.0222,18.331,17.6039,16.9853,16.6501,16.4397,16.5235,16.8127,17.0529,17.2697,17.3215,17.2494,17.1457,16.9766,16.9187,16.7971,16.8086,17.0658,17.3802,17.734,17.746,17.5208,17.3053,16.9993,16.8502,16.7448,16.7495,16.8247,16.8834,16.9942,16.9338,16.7771,16.653,16.6728,16.7756,16.7167,16.6194,16.5148,7.16096,6.91857,6.70086,6.50209,6.31863,6.14796,6.0004,5.87905,5.70734,5.59905,5.44493,5.34726,5.20766,5.11886,4.99152,4.91027,4.79344,4.71872,4.61106,4.54206,4.44244,4.3698,4.29279,4.21849,4.14676,4.07746,4.01047,3.94567,3.88294,3.82219,3.76333,3.70626,3.57091,3.37383,3.19737,3.01968,2.86068,2.71755,2.5744,2.44556,2.31792,2.19304,2.08092,1.97971,1.8734,1.77794,1.69176,1.60298,1.52308,1.4465,1.37343,1.30742,1.24119,1.18139,1.12198,1.066,1.01329,0.96372,0.917116,0.871779,0.829379,0.789709,0.751436,0.715728,0.68052,0.647834,0.617442,0.58776,0.559615
0.217539,22.0302,19.0343,16.3069,14.6741,13.567,13.1239,13.0503,13.2979,13.9945,15.3339,16.8351,17.0517,16.95,16.6796,16.3292,15.9783,15.7353,15.8006,16.4635,17.8609,19.292,19.0695,18.3723,17.6446,17.0286,16.6979,16.4977,16.594,16.8902,17.1304,17.3436,17.3919,17.318,17.2142,17.0459,16.9905,16.8752,16.8951,17.1718,17.4929,17.8368,17.8394,17.6061,17.3888,17.0843,16.9389,16.843,16.855,16.9376,16.998,17.1084,17.0461,16.8913,16.7753,16.8122,16.9255,16.8599,16.7615,16.6661,16.6532,7.16239,6.91418,6.69399,6.49451,6.31131,6.15459,6.02634,5.8459,5.73263,5.572,5.47052,5.32583,5.23398,5.10252,5.01876,4.8985,4.82167,4.71108,4.64026,4.53811,4.46346,4.3846,4.30856,4.2352,4.16435,4.09589,4.02968,3.96562,3.9036,3.84351,3.78527,3.6472,3.44625,3.26642,3.08538,2.92341,2.77764,2.63185,2.50063,2.37063,2.24342,2.1292,2.02607,1.91773,1.82043,1.73256,1.64203,1.56053,1.4824,1.40783,1.34046,1.27284,1.21176,1.15108,1.09387,1.04,0.989324,0.94167,0.895298,0.85192,0.811326,0.772152,0.735596,0.699543,0.666066,0.634931,0.604518,0.575673
0.23369,22.0456,19.0429,16.315,14.6842,13.5816,13.1437,13.0763,13.3298,14.0347,15.3852,16.8767,17.0886,16.9847,16.7133,16.3626,16.0129,15.7743,15.8517,16.5321,17.9393,19.3498,19.1139,18.4111,17.6828,17.0693,16.7429,16.5525,16.6603,16.9627,17.2027,17.4125,17.4576,17.3821,17.278,17.1104,17.0575,16.9482,16.9762,17.2709,17.5974,17.9314,17.9253,17.6846,17.4658,17.1627,17.0209,16.934,16.9525,17.0415,17.1031,17.2128,17.1485,16.9954,16.8866,16.9395,17.0612,16.9882,16.8885,16.8012,16.798,16.796,16.7468,6.93003,6.70268,6.4994,6.32874,6.19044,5.9977,5.87763,5.70834,5.60188,5.45067,5.355,5.2184,5.13158,5.00714,4.92777,4.8137,4.74074,4.63561,4.55856,4.47759,4.39957,4.32434,4.25173,4.18161,4.11383,4.04828,3.98483,3.9234,3.86387,3.72281,3.51767,3.33421,3.14961,2.98454,2.836,2.68748,2.55381,2.42139,2.29182,2.17547,2.07042,1.96005,1.86092,1.77138,1.67911,1.59604,1.5164,1.44037,1.37166,1.30269,1.24038,1.17846,1.12008,1.0651,1.01336,0.9647,0.917343,0.873034,0.831561,0.791533,0.754175,0.717323,0.683099,0.651265,0.620163,0.590661
0.250197,22.0601,19.051,16.3227,14.6938,13.5955,13.1625,13.101,13.3601,14.073,15.434,16.9159,17.1234,17.0175,16.745,16.3942,16.0455,15.8113,15.9004,16.597,18.0132,19.4038,19.1555,18.4475,17.7186,17.1075,16.7852,16.6042,16.7228,17.0308,17.2704,17.4768,17.5189,17.442,17.3376,17.1707,17.1201,17.0165,17.0523,17.3637,17.6944,18.0187,18.0046,17.7572,17.537,17.2352,17.0969,17.0184,17.0429,17.1375,17.1999,17.3087,17.2425,17.0907,16.9887,17.0564,17.1847,17.1041,17.0031,16.9231,16.9282,16.9294,16.881,16.807,6.97761,6.73416,6.53861,6.38362,6.17171,6.04152,5.85981,5.74645,5.58643,5.48568,5.34242,5.25168,5.12199,5.03947,4.92112,4.84556,4.73685,4.65689,4.5734,4.49306,4.41566,4.34102,4.26899,4.19941,4.13216,4.06712,4.00416,3.94318,3.7988,3.58904,3.40164,3.21324,3.04485,2.8934,2.742,2.60579,2.47088,2.33889,2.22038,2.11337,2.00095,1.89997,1.80876,1.71477,1.63014,1.54899,1.47152,1.4015,1.33121,1.2677,1.20457,1.14505,1.08899,1.03621,0.986584,0.938274,0.89307,0.850753,0.809906,0.771781,0.734166,0.699228,0.666727,0.63497,0.604843
0.267012,22.0739,19.0587,16.3299,14.7029,13.6087,13.1804,13.1246,13.3889,14.1093,15.4803,16.9531,17.1564,17.0486,16.7751,16.4241,16.0765,15.8463,15.9467,16.6585,18.0829,19.4546,19.1946,18.4817,17.7524,17.1436,16.8252,16.6531,16.7819,17.0947,17.3339,17.5371,17.5764,17.4981,17.3934,17.2272,17.1788,17.0806,17.1238,17.4508,17.7847,18.0996,18.078,17.8245,17.603,17.3026,17.1675,17.097,17.1271,17.2265,17.2894,17.3972,17.3291,17.1784,17.0827,17.1645,17.2977,17.2096,17.1072,17.034,17.0463,17.0497,17.0016,16.9293,16.8798,16.8721,6.8261,6.63485,6.38643,6.23875,6.03695,5.91299,5.73996,5.63198,5.47949,5.38344,5.24677,5.16016,5.03631,4.95746,4.84429,4.76064,4.67411,4.59096,4.51096,4.43391,4.35963,4.28795,4.21873,4.15183,4.08712,4.02448,3.87632,3.66139,3.46964,3.27708,3.10511,2.95055,2.79612,2.65723,2.51971,2.38521,2.26445,2.15544,2.04093,1.93808,1.84518,1.74945,1.66326,1.58061,1.50169,1.43037,1.35876,1.29407,1.22975,1.16911,1.11198,1.05821,1.00763,0.958389,0.912315,0.869179,0.827536,0.788662,0.750308,0.714682,0.681537,0.649148,0.61842
0.28409,22.0869,19.066,16.3369,14.7115,13.6213,13.1974,13.147,13.4163,14.1438,15.5241,16.9882,17.1876,17.0779,16.8035,16.4523,16.1057,15.8796,15.9907,16.7167,18.1485,19.5021,19.2314,18.5139,17.7842,17.1775,16.8629,16.6993,16.8376,17.1548,17.3935,17.5936,17.6303,17.5506,17.4458,17.28,17.2336,17.1406,17.1911,17.5326,17.8688,18.1745,18.1461,17.8869,17.6643,17.3653,17.2333,17.1704,17.2056,17.309,17.3723,17.4789,17.409,17.2594,17.1696,17.2646,17.4013,17.3059,17.2023,17.1355,17.154,17.1591,17.1108,17.0399,16.9947,16.9935,17.0599,17.0261,6.69603,6.50602,6.26273,6.11923,5.92398,5.80437,5.6377,5.5338,5.38715,5.29481,5.16348,5.08024,4.96119,4.87269,4.78229,4.69562,4.6124,4.53238,4.45536,4.38115,4.30956,4.24045,4.17368,4.1091,3.95655,3.73572,3.53907,3.34189,3.166,3.00806,2.85038,2.70864,2.56837,2.43122,2.30814,2.19705,2.08039,1.97561,1.88099,1.78349,1.69571,1.61155,1.53119,1.45856,1.38563,1.31975,1.25426,1.1925,1.13432,1.07956,1.02804,0.977891,0.930958,0.887017,0.844596,0.804994,0.765919,0.729621,0.695849,0.662846,0.631534
0.301381,22.0991,19.0729,16.3434,14.7198,13.6332,13.2136,13.1683,13.4423,14.1766,15.5658,17.0214,17.2171,17.1057,16.8304,16.479,16.1334,15.9111,16.0326,16.7718,18.2106,19.5468,19.2659,18.5442,17.8141,17.2095,16.8985,16.743,16.8902,17.2113,17.4493,17.6466,17.6808,17.5999,17.4948,17.3296,17.2851,17.1971,17.2546,17.6093,17.9472,18.2441,18.2093,17.945,17.7213,17.4236,17.2947,17.239,17.2788,17.3859,17.4492,17.5547,17.483,17.3343,17.2501,17.3577,17.4968,17.3942,17.2897,17.2288,17.2528,17.2589,17.2104,17.1405,17.0993,17.1041,17.1732,17.1385,17.0679,17.0395,6.62054,6.41901,6.17088,6.02743,5.83433,5.71688,5.55391,5.45264,5.31005,5.2204,5.09302,4.99766,4.90204,4.8107,4.72326,4.63943,4.55893,4.48152,4.40699,4.33515,4.26584,4.19891,4.0411,3.81332,3.61104,3.40862,3.22836,3.06669,2.90545,2.76063,2.61741,2.47746,2.35192,2.23866,2.11974,2.01297,1.91657,1.81725,1.72784,1.64213,1.5603,1.48634,1.4121,1.34502,1.27834,1.21546,1.15623,1.10048,1.04803,0.996976,0.949193,0.904456,0.861265,0.820943,0.781157,0.744198,0.70981,0.676204,0.644318
0.318838,22.1107,19.0794,16.3496,14.7276,13.6447,13.2292,13.1885,13.4671,14.2078,15.6053,17.0528,17.245,17.132,16.8559,16.5043,16.1596,15.941,16.0725,16.824,18.2692,19.5889,19.2985,18.5728,17.8424,17.2397,16.9322,16.7844,16.9399,17.2646,17.5019,17.6964,17.7283,17.6463,17.5409,17.3762,17.3335,17.2503,17.3145,17.6815,18.0205,18.3089,18.2683,17.9992,17.7746,17.4782,17.3521,17.3033,17.3474,17.4575,17.5209,17.6252,17.5518,17.4039,17.325,17.4445,17.5851,17.4756,17.3702,17.315,17.3439,17.3507,17.3017,17.2327,17.1952,17.2056,17.2768,17.2408,17.1703,17.1443,17.1313,8.68287,6.65558,6.39735,6.12156,5.97066,5.77265,5.65412,5.49128,5.39079,5.24995,5.14377,5.04039,4.94229,4.84891,4.75979,4.67455,4.59286,4.51445,4.43907,4.36651,4.29657,4.13218,3.89593,3.68694,3.47843,3.29318,3.1273,2.9621,2.81389,2.66745,2.52447,2.39629,2.28071,2.15941,2.05054,1.95228,1.85106,1.75998,1.67266,1.58932,1.51401,1.43841,1.37012,1.30223,1.23822,1.17793,1.12118,1.0678,1.01583,0.967191,0.921657,0.877698,0.836658,0.796165,0.758552,0.723553,0.689348,0.656895
0.336417,22.1217,19.0856,16.3556,14.7351,13.6555,13.2439,13.2078,13.4906,14.2374,15.6429,17.0826,17.2715,17.157,16.88,16.5282,16.1844,15.9694,16.1104,16.8734,18.3246,19.6284,19.3292,18.5998,17.869,17.2683,16.964,16.8237,16.9869,17.3148,17.5514,17.7432,17.7729,17.6898,17.5843,17.42,17.379,17.3004,17.371,17.7494,18.089,18.3694,18.3233,18.0498,17.8244,17.5292,17.4059,17.3636,17.4116,17.5245,17.5877,17.6908,17.6159,17.4687,17.3949,17.5255,17.6669,17.5508,17.4447,17.3949,17.428,17.4352,17.3857,17.3175,17.2835,17.299,17.3719,17.3345,17.2639,17.2401,17.2305,17.2204,17.1858,8.64872,8.20637,6.62544,6.15165,5.97029,5.75085,5.62489,5.45579,5.32857,5.21155,5.10214,4.9992,4.90188,4.8095,4.72154,4.63756,4.55719,4.48014,4.40612,4.233,3.98589,3.7686,3.55275,3.3616,3.19087,3.02116,2.86913,2.71912,2.5728,2.44175,2.32366,2.1998,2.0887,1.98846,1.88525,1.7924,1.70342,1.6185,1.54179,1.46479,1.39525,1.32613,1.26096,1.19958,1.14182,1.08748,1.03459,0.985093,0.938756,0.894021,0.85226,0.811055,0.772781,0.737168,0.702365,0.669344
0.354071,22.1321,19.0915,16.3612,14.7422,13.6659,13.2579,13.2262,13.513,14.2656,15.6786,17.1108,17.2966,17.1806,16.9028,16.5509,16.2079,15.9964,16.1465,16.9203,18.377,19.6657,19.3581,18.6253,17.8942,17.2952,16.9941,16.8609,17.0314,17.3621,17.5979,17.7873,17.8149,17.7308,17.6251,17.4612,17.4218,17.3477,17.4245,17.8133,18.1532,18.4258,18.3746,18.0971,17.8709,17.577,17.4563,17.4202,17.4719,17.587,17.65,17.752,17.6756,17.5291,17.4602,17.6014,17.7427,17.6205,17.5138,17.4691,17.5059,17.5133,17.4632,17.3957,17.3651,17.3853,17.4596,17.4205,17.3498,17.3281,17.3216,17.3122,17.278,17.251,17.2246,8.57657,8.24286,8.00658,7.58611,6.15419,5.81047,5.60944,5.45632,5.32084,5.19796,5.08478,4.97943,4.88062,4.7874,4.69905,4.61501,4.53483,4.34899,4.08692,3.85874,3.63362,3.43525,3.25871,3.0837,2.92727,2.77319,2.62312,2.48888,2.36803,2.24138,2.12786,2.0255,1.92016,1.82543,1.73469,1.64812,1.56993,1.49147,1.42062,1.35022,1.28386,1.22136,1.16256,1.10724,1.05341,1.00303,0.955877,0.910355,0.867861,0.825935,0.786991,0.750759,0.715353,0.68176
0.371758,22.1419,19.0971,16.3665,14.7489,13.6757,13.2713,13.2437,13.5343,14.2924,15.7125,17.1376,17.3204,17.203,16.9245,16.5724,16.2303,16.022,16.1809,16.9648,18.4265,19.7008,19.3854,18.6493,17.9179,17.3207,17.0226,16.8961,17.0735,17.4067,17.6418,17.8288,17.8545,17.7695,17.6635,17.5,17.4621,17.3923,17.475,17.8735,18.2134,18.4787,18.4227,18.1414,17.9145,17.6218,17.5037,17.4734,17.5285,17.6456,17.7084,17.8093,17.7314,17.5856,17.5213,17.6725,17.8132,17.6851,17.5781,17.5382,17.5784,17.5858,17.535,17.4682,17.4407,17.4655,17.5406,17.4999,17.4291,17.4093,17.4055,17.3968,17.3626,17.3362,17.3119,17.3061,17.2921,8.48874,8.20937,8.02279,7.73615,7.43938,7.10877,5.79215,5.551,5.3779,5.23392,5.10744,4.99316,4.88811,4.79044,4.69887,4.49119,4.20583,3.96203,3.72435,3.51663,3.33279,3.1513,2.98961,2.83074,2.67635,2.53847,2.41451,2.28475,2.16856,2.06387,1.95621,1.85946,1.76682,1.67848,1.59872,1.51872,1.4465,1.37476,1.30714,1.24348,1.18359,1.12726,1.07245,1.02117,0.973167,0.926836,0.88359,0.840926,0.8013,0.764435,0.728412,0.694237
0.389436,22.1512,19.1024,16.3716,14.7554,13.6851,13.284,13.2603,13.5546,14.3179,15.7447,17.1629,17.343,17.2242,16.945,16.5928,16.2514,16.0464,16.2136,17.0069,18.4735,19.7339,19.4112,18.6721,17.9404,17.3449,17.0497,16.9296,17.1134,17.4489,17.6832,17.8679,17.8918,17.8059,17.6998,17.5366,17.5002,17.4344,17.5229,17.9302,18.2698,18.5281,18.4677,18.183,17.9554,17.6639,17.5483,17.5236,17.5818,17.7006,17.763,17.8628,17.7836,17.6384,17.5786,17.7391,17.8789,17.7453,17.6379,17.6027,17.6459,17.6531,17.6017,17.5355,17.511,17.54,17.6158,17.5734,17.5024,17.4845,17.4831,17.4748,17.4407,17.4147,17.3924,17.3882,17.3752,17.3561,17.3269,8.39386,8.14858,7.93535,7.73439,7.53281,7.32727,7.11225,6.87524,6.57072,5.44154,5.23281,5.07996,4.95203,4.68901,4.35741,4.08739,3.83069,3.60977,3.41612,3.22625,3.05796,2.89324,2.73367,2.59151,2.46395,2.33063,2.21142,2.10413,1.99389,1.8949,1.80019,1.70994,1.62849,1.54683,1.47314,1.39997,1.33102,1.26614,1.2051,1.14771,1.09188,1.03965,0.990769,0.943597,0.899572,0.856146,0.815815,0.778298,0.741643,0.706869
0.407066,22.1601,19.1074,16.3764,14.7615,13.694,13.2962,13.2761,13.5739,14.3422,15.7753,17.187,17.3644,17.2444,16.9645,16.6121,16.2715,16.0695,16.2448,17.0469,18.5179,19.7651,19.4355,18.6935,17.9617,17.3677,17.0753,16.9614,17.1511,17.4887,17.7222,17.9048,17.927,17.8402,17.7339,17.5711,17.5361,17.4743,17.5682,17.9836,18.3229,18.5745,18.51,18.222,17.9939,17.7035,17.5903,17.5708,17.6319,17.7522,17.8143,17.913,17.8325,17.6879,17.6323,17.8018,17.9403,17.8014,17.6938,17.663,17.7088,17.7158,17.6638,17.5982,17.5765,17.6096,17.6857,17.6416,17.5704,17.5543,17.5551,17.5471,17.513,17.4874,17.4669,17.4641,17.4519,17.4327,17.404,17.3924,17.3809,8.25265,8.06765,7.88772,7.71188,7.53933,7.36909,7.20006,7.03086,6.85944,6.68275,6.49487,5.17392,4.59135,4.25777,3.96517,3.7226,3.51421,3.31252,3.13533,2.96301,2.79691,2.64949,2.51758,2.38006,2.25732,2.14703,2.03386,1.93236,1.83534,1.74295,1.65964,1.57617,1.50088,1.42616,1.35578,1.28957,1.22731,1.1688,1.11188,1.05865,1.00884,0.960785,0.915943,0.871718,0.830672,0.792477,0.755163,0.719769
0.424611,22.1684,19.1122,16.381,14.7673,13.7026,13.3077,13.2912,13.5922,14.3653,15.8044,17.2098,17.3847,17.2635,16.9829,16.6304,16.2905,16.0915,16.2745,17.0848,18.56,19.7946,19.4586,18.7139,17.9818,17.3893,17.0995,16.9915,17.1869,17.5263,17.7591,17.9397,17.9602,17.8727,17.7662,17.6037,17.5699,17.5119,17.6112,18.0341,18.3727,18.6181,18.5497,18.2587,18.03,17.7407,17.6298,17.6154,17.6791,17.8007,17.8624,17.9601,17.8784,17.7343,17.6829,17.8607,17.9975,17.8538,17.7461,17.7195,17.7677,17.7743,17.7217,17.6566,17.6377,17.6746,17.7508,17.705,17.6337,17.6193,17.622,17.6143,17.58,17.5548,17.5361,17.5347,17.523,17.5036,17.4753,17.4646,17.4542,17.4943,17.4756,8.15985,7.99031,7.82626,7.66708,7.51223,7.36119,7.2134,7.06841,6.92565,6.57429,5.98897,4.59886,4.1672,3.87494,3.63905,3.41784,3.22717,3.04401,2.86903,2.71472,2.57729,2.43454,2.30751,2.19363,2.07702,1.97259,1.87292,1.77811,1.6927,1.60718,1.53013,1.45369,1.38175,1.31409,1.25051,1.19077,1.13269,1.07838,1.02759,0.978586,0.932876,0.887804,0.845959,0.807048,0.769039,0.732993
0.442035,22.1763,19.1168,16.3854,14.7728,13.7107,13.3188,13.3056,13.6097,14.3872,15.832,17.2314,17.404,17.2816,17.0005,16.6478,16.3086,16.1125,16.3027,17.1208,18.5999,19.8225,19.4803,18.7331,18.0008,17.4098,17.1226,17.0201,17.2208,17.5619,17.7939,17.9726,17.9916,17.9033,17.7967,17.6344,17.6019,17.5476,17.6518,18.0817,18.4196,18.659,18.5869,18.2931,18.064,17.7758,17.6671,17.6574,17.7236,17.8463,17.9076,18.0043,17.9215,17.7779,17.7305,17.9161,18.0511,17.9027,17.7951,17.7724,17.8227,17.829,17.7758,17.7112,17.695,17.7354,17.8116,17.764,17.6927,17.6799,17.6843,17.6768,17.6424,17.6175,17.6005,17.6003,17.5891,17.5694,17.5415,17.5316,17.5223,17.5631,17.5447,17.5281,17.5165,8.06784,7.91022,7.75817,7.61115,7.4687,7.33041,7.19591,6.87414,6.39232,5.93242,5.38337,4.16802,3.82994,3.56248,3.34592,3.14442,2.95569,2.79139,2.6463,2.49656,2.364,2.2456,2.12472,2.01674,1.91388,1.81622,1.72837,1.64053,1.56144,1.48307,1.40937,1.34011,1.27505,1.21397,1.15459,1.09912,1.04724,0.997223,0.950574,0.904591,0.861912,0.822234,0.783485,0.746744
0.459306,22.1839,19.1211,16.3895,14.7781,13.7184,13.3293,13.3192,13.6263,14.4081,15.8583,17.2519,17.4223,17.2988,17.0171,16.6643,16.3258,16.1324,16.3297,17.155,18.6377,19.8488,19.5009,18.7513,18.0189,17.4292,17.1444,17.0473,17.253,17.5956,17.8269,18.0036,18.0213,17.9322,17.8255,17.6635,17.6322,17.5814,17.6904,18.1267,18.4638,18.6975,18.622,18.3256,18.096,17.8088,17.7023,17.6971,17.7655,17.8892,17.9501,18.0459,17.962,17.8189,17.7753,17.9683,18.1013,17.9486,17.841,17.8222,17.8743,17.8802,17.8263,17.7622,17.7487,17.7924,17.8684,17.8192,17.7479,17.7366,17.7426,17.7352,17.7005,17.6759,17.6605,17.6616,17.6507,17.6306,17.6032,17.594,17.5856,17.6271,17.6088,17.5927,17.5819,17.5728,17.5606,17.5462,7.83038,7.68773,7.55004,7.41692,7.10175,6.64107,6.22217,5.78677,5.37233,4.94326,3.87107,3.53678,3.28742,3.07061,2.88862,2.73117,2.57091,2.43042,2.30581,2.17927,2.06671,1.95984,1.85865,1.76782,1.67717,1.59568,1.51504,1.43929,1.36818,1.30145,1.23883,1.17802,1.12123,1.06816,1.01701,0.969324,0.922343,0.878751,0.838237,0.798693,0.7612
0.476394,22.191,19.1252,16.3935,14.7831,13.7258,13.3393,13.3322,13.6421,14.4281,15.8833,17.2715,17.4397,17.3152,17.0329,16.68,16.3421,16.1513,16.3553,17.1875,18.6736,19.8737,19.5204,18.7685,18.0359,17.4476,17.1651,17.0731,17.2835,17.6275,17.858,18.033,18.0493,17.9596,17.8527,17.691,17.6608,17.6134,17.7271,18.1692,18.5054,18.7337,18.655,18.3562,18.1262,17.84,17.7355,17.7347,17.8052,17.9297,17.9902,18.085,18.0001,17.8575,17.8176,18.0175,18.1484,17.9916,17.8842,17.869,17.9228,17.9281,17.8738,17.8101,17.799,17.8459,17.9216,17.8707,17.7994,17.7896,17.7971,17.7897,17.7548,17.7305,17.7167,17.7188,17.7081,17.6878,17.6606,17.6523,17.6447,17.6868,17.6686,17.653,17.6428,17.6343,17.6223,17.6081,17.5957,17.5861,7.75278,7.61757,7.30007,6.84216,6.43294,6.01811,5.64118,5.29309,4.92882,4.56927,4.03785,3.27287,3.03549,2.8495,2.66879,2.51463,2.3801,2.24504,2.12592,2.01352,1.9076,1.81289,1.71866,1.63417,1.55073,1.4725,1.39917,1.33045,1.26604,1.20355,1.14525,1.0908,1.03836,0.98951,0.941399,0.896785,0.85534,0.814894,0.776569
0.493271,22.1978,19.129,16.3972,14.7879,13.7328,13.3488,13.3446,13.6572,14.447,15.9071,17.29,17.4562,17.3307,17.0479,16.6949,16.3575,16.1693,16.3797,17.2183,18.7076,19.8973,19.5389,18.7849,18.0521,17.465,17.1848,17.0977,17.3124,17.6577,17.8875,18.0608,18.0758,17.9855,17.8784,17.7169,17.6879,17.6437,17.7618,18.2093,18.5447,18.7679,18.6862,18.385,18.1546,17.8694,17.7669,17.7702,17.8426,17.9678,18.0279,18.1218,18.036,17.8938,17.8575,18.0639,18.1926,18.0319,17.9247,17.9129,17.9682,17.9731,17.9182,17.855,17.8463,17.8962,17.9714,17.919,17.8477,17.8393,17.848,17.8407,17.8056,17.7816,17.7692,17.7724,17.7618,17.7411,17.7143,17.7066,17.6999,17.7424,17.7244,17.7091,17.6997,17.6916,17.6798,17.6657,17.6537,17.6445,17.6356,17.625,7.48686,7.02205,6.61185,6.20091,5.83281,5.49949,5.16233,4.85326,4.53783,4.21147,3.8776,3.13428,2.83604,2.64153,2.48438,2.33268,2.20204,2.08065,1.9675,1.86714,1.76783,1.67924,1.59208,1.51062,1.43447,1.36326,1.29664,1.2321,1.17197,1.11588,1.06192,1.0117,0.962275,0.916479,0.873964,0.832498,0.793227
0.509911,22.2042,19.1327,16.4008,14.7925,13.7395,13.3579,13.3564,13.6716,14.465,15.9297,17.3076,17.4719,17.3455,17.0621,16.709,16.3723,16.1864,16.403,17.2475,18.7399,19.9196,19.5563,18.8003,18.0675,17.4816,17.2035,17.121,17.3399,17.6862,17.9154,18.0871,18.1009,18.01,17.9028,17.7415,17.7135,17.6724,17.7948,18.2473,18.5817,18.8,18.7155,18.4122,18.1815,17.8972,17.7966,17.8037,17.8779,18.0038,18.0635,18.1566,18.0698,17.928,17.8952,18.1076,18.2341,18.0698,17.9629,17.9544,18.011,18.0154,17.9599,17.8972,17.8909,17.9435,18.0182,17.9642,17.893,17.886,17.8959,17.8885,17.8531,17.8294,17.8185,17.8227,17.8121,17.791,17.7646,17.7575,17.7515,17.7944,17.7765,17.7616,17.7528,17.7452,17.7335,17.7195,17.7078,17.6991,17.6905,17.6801,17.6546,7.1943,6.77622,6.36167,5.99356,5.66302,5.33209,5.033,4.73454,4.43901,4.16878,3.91805,3.64133,3.36248,2.76188,2.49081,2.32215,2.17845,2.05017,1.93919,1.83123,1.73606,1.6432,1.557,1.47683,1.40216,1.33256,1.26533,1.20283,1.14466,1.08879,1.03686,0.985833,0.938603,0.894801,0.852119,0.811728
0.526293,22.2103,19.1362,16.4042,14.7968,13.7459,13.3665,13.3677,13.6852,14.4822,15.9512,17.3243,17.4868,17.3595,17.0757,16.7224,16.3862,16.2028,16.4252,17.2753,18.7706,19.9407,19.5729,18.815,18.082,17.4973,17.2213,17.1432,17.366,17.7134,17.9418,18.1121,18.1247,18.0332,17.9259,17.7648,17.7378,17.6997,17.8261,18.2833,18.6167,18.8304,18.7432,18.4379,18.2068,17.9235,17.8247,17.8356,17.9114,18.0378,18.0971,18.1893,18.1017,17.9604,17.9308,18.149,18.2731,18.1055,17.9989,17.9935,18.0513,18.0552,17.9992,17.9369,17.9328,17.9882,18.0622,18.0067,17.9356,17.9298,17.9408,17.9334,17.8978,17.8743,17.8647,17.8699,17.8593,17.8378,17.8117,17.8053,17.7998,17.8432,17.8253,17.8108,17.8027,17.7955,17.7838,17.7699,17.7585,17.7502,17.7419,17.7316,17.7068,17.6732,6.93651,6.51253,6.13934,5.80644,5.4751,5.17745,4.88253,4.59335,4.33261,4.09579,3.8448,3.61631,3.40597,3.18223,2.96806,2.72632,2.23379,2.06799,1.93232,1.82048,1.71538,1.62005,1.53277,1.45239,1.37806,1.30676,1.24079,1.17964,1.1211,1.06686,1.01367,0.964559,0.919092,0.874856,0.833053
0.542395,22.2161,19.1396,16.4075,14.8009,13.752,13.3748,13.3784,13.6982,14.4986,15.9717,17.3401,17.501,17.3728,17.0885,16.7352,16.3995,16.2183,16.4463,17.3018,18.7997,19.9607,19.5886,18.8289,18.0958,17.5122,17.2381,17.1642,17.3907,17.739,17.9668,18.1357,18.1472,18.0552,17.9478,17.7869,17.7608,17.7256,17.8559,18.3173,18.6497,18.8591,18.7693,18.4621,18.2308,17.9484,17.8513,17.8656,17.943,18.0698,18.1287,18.2203,18.1319,17.9909,17.9645,18.188,18.3099,18.1391,18.0328,18.0303,18.0892,18.0926,18.0361,17.9743,17.9723,18.0302,18.1035,18.0466,17.9756,17.9711,17.983,17.9755,17.9397,17.9164,17.9082,17.9142,17.9036,17.8817,17.8559,17.8501,17.8452,17.8888,17.871,17.8569,17.8493,17.8425,17.8309,17.8171,17.806,17.7981,17.79,17.7798,17.7556,17.7228,7.10191,6.66148,6.27867,5.93977,5.60431,5.30434,5.00835,4.71937,4.46006,4.22585,3.97947,3.75762,3.55656,3.34834,3.15952,2.97666,2.79945,2.63553,2.46402,2.29445,1.9392,1.74684,1.63017,1.53261,1.44661,1.36639,1.29359,1.22701,1.16389,1.10585,1.04929,0.997318,0.949389,0.902926,0.85913
0.558199,22.2216,19.1428,16.4105,14.8049,13.7578,13.3827,13.3886,13.7106,14.5141,15.9912,17.3552,17.5145,17.3855,17.1008,16.7473,16.4122,16.2331,16.4664,17.3269,18.8273,19.9797,19.6035,18.8421,18.1089,17.5264,17.2541,17.1843,17.4142,17.7634,17.9905,18.158,18.1686,18.076,17.9685,17.8078,17.7826,17.7502,17.8841,18.3494,18.6809,18.8861,18.794,18.485,18.2534,17.9719,17.8765,17.8942,17.9729,18.1002,18.1587,18.2495,18.1603,18.0197,17.9964,18.2249,18.3445,18.1707,18.0647,18.0651,18.1249,18.1278,18.0709,18.0095,18.0096,18.0698,18.1424,18.0842,18.0133,18.0099,18.0227,18.0151,17.979,17.956,17.9491,17.9559,17.9451,17.9229,17.8974,17.8922,17.8878,17.9317,17.9139,17.9002,17.8931,17.8867,17.8751,17.8613,17.8505,17.843,17.8351,17.825,17.8013,17.7692,17.7402,6.81719,6.41866,6.0699,5.7272,5.4223,5.12261,4.83097,4.57005,4.33501,4.08849,3.86723,3.66748,3.46161,3.27614,3.09813,2.9279,2.77369,2.61835,2.47735,2.33628,2.20191,2.07334,1.94916,1.82653,1.69079,1.42706,1.32238,1.24061,1.17073,1.10531,1.04673,0.993618,0.942763,0.8953
0.57369,22.2268,19.1458,16.4135,14.8086,13.7633,13.3902,13.3983,13.7224,14.529,16.0097,17.3696,17.5273,17.3975,17.1124,16.7588,16.4242,16.2471,16.4856,17.3507,18.8536,19.9977,19.6176,18.8546,18.1214,17.5398,17.2694,17.2033,17.4366,17.7865,18.013,18.1792,18.1888,18.0958,17.9881,17.8276,17.8033,17.7735,17.911,18.3799,18.7104,18.9117,18.8174,18.5067,18.2749,17.9942,17.9004,17.9212,18.0013,18.1288,18.187,18.2771,18.1872,18.0469,18.0266,18.2598,18.3771,18.2005,18.0949,18.098,18.1587,18.161,18.1037,18.0427,18.0449,18.1072,18.1791,18.1195,18.0488,18.0465,18.0601,18.0524,18.0161,17.9933,17.9876,17.9952,17.9843,17.9617,17.9364,17.9318,17.9279,17.972,17.9543,17.9409,17.9344,17.9282,17.9167,17.9029,17.8924,17.8851,17.8775,17.8675,17.8443,17.8128,17.7844,17.7551,6.56738,6.20304,5.84925,5.53681,5.2312,4.9349,4.67055,4.43295,4.18421,3.96139,3.76055,3.55392,3.36813,3.1902,3.02047,2.8672,2.71341,2.57455,2.43655,2.30645,2.18388,2.06847,1.95979,1.85385,1.75446,1.66106,1.57036,1.48493,1.39939,1.31787,1.2381,1.14748,0.986795
0.588854,22.2317,19.1486,16.4163,14.8122,13.7686,13.3973,13.4076,13.7337,14.5431,16.0273,17.3832,17.5395,17.409,17.1234,16.7698,16.4356,16.2605,16.5038,17.3734,18.8785,20.0147,19.631,18.8665,18.1332,17.5526,17.2839,17.2215,17.4578,17.8084,18.0343,18.1993,18.208,18.1145,18.0067,17.8464,17.8229,17.7957,17.9365,18.4088,18.7383,18.9359,18.8394,18.5272,18.2951,18.0152,17.923,17.9468,18.0281,18.156,18.2137,18.3031,18.2126,18.0727,18.0552,18.2928,18.4079,18.2286,18.1234,18.129,18.1905,18.1924,18.1347,18.074,18.0781,18.1425,18.2136,18.1528,18.0823,18.081,18.0954,18.0875,18.051,18.0284,18.0239,18.0322,18.0211,17.9981,17.9732,17.969,17.9656,18.0099,17.9922,17.9791,17.9731,17.9673,17.9557,17.9419,17.9317,17.9248,17.9173,17.9074,17.8846,17.8537,17.8259,17.7972,6.73879,6.34723,5.9761,5.65251,5.3384,5.03545,4.76614,4.52469,4.27243,4.04681,3.84372,3.63501,3.44755,3.26817,3.09723,2.94299,2.78838,2.64893,2.51051,2.38018,2.2576,2.1424,2.0342,1.92902,1.83075,1.73888,1.65033,1.56777,1.48644,1.41099,1.34089,1.27246,1.2076
0.603678,22.2364,19.1514,16.4189,14.8156,13.7736,13.4041,13.4164,13.7444,14.5566,16.0441,17.3962,17.551,17.4199,17.1339,16.7802,16.4465,16.2733,16.5213,17.395,18.9022,20.0308,19.6437,18.8778,18.1444,17.5647,17.2976,17.2387,17.4779,17.8292,18.0545,18.2184,18.2262,18.1323,18.0244,17.8642,17.8415,17.8168,17.9608,18.4362,18.7648,18.9588,18.8603,18.5466,18.3143,18.0352,17.9445,17.9711,18.0536,18.1816,18.2391,18.3278,18.2367,18.0971,18.0823,18.324,18.4369,18.2551,18.1504,18.1584,18.2205,18.222,18.1639,18.1035,18.1096,18.176,18.2462,18.1842,18.1139,18.1136,18.1286,18.1207,18.0839,18.0616,18.0582,18.0672,18.0558,18.0325,18.0078,18.0041,18.0011,18.0456,18.0279,18.0151,18.0096,18.004,17.9924,17.9787,17.9687,17.9621,17.9548,17.9449,17.9226,17.8922,17.8649,17.8368,17.8112,6.51893,6.11653,5.77535,5.4488,5.13655,4.86049,4.61387,4.35688,4.12751,3.92134,3.70972,3.51981,3.33824,3.16531,3.00935,2.85309,2.7122,2.57239,2.4408,2.31707,2.20082,2.09165,1.98557,1.88648,1.79388,1.70464,1.62149,1.53961,1.4637,1.39321,1.32447,1.25938
0.618154,22.2409,19.154,16.4214,14.8189,13.7784,13.4106,13.4248,13.7546,14.5694,16.0601,17.4085,17.5621,17.4302,17.1439,16.7901,16.4568,16.2854,16.5378,17.4155,18.9247,20.0462,19.6558,18.8885,18.155,17.5762,17.3107,17.2551,17.4971,17.8489,18.0737,18.2364,18.2434,18.1491,18.0412,17.8812,17.8592,17.8368,17.9838,18.4621,18.7898,18.9804,18.8801,18.565,18.3325,18.0542,17.9648,17.9942,18.0777,18.2059,18.263,18.3512,18.2594,18.1201,18.108,18.3536,18.4644,18.2802,18.1759,18.1862,18.249,18.2499,18.1914,18.1315,18.1393,18.2075,18.277,18.2138,18.1437,18.1444,18.16,18.1519,18.1149,18.0928,18.0906,18.1001,18.0885,18.0649,18.0404,18.0373,18.0346,18.0793,18.0616,18.0491,18.044,18.0387,18.027,18.0133,18.0035,17.9972,17.99,17.9802,17.9583,17.9284,17.9016,17.874,17.8489,17.8259,6.28962,5.91503,5.56835,5.24242,4.95699,4.70347,4.44034,4.20618,3.99614,3.78087,3.58792,3.40361,3.22819,3.07008,2.91173,2.76899,2.62739,2.49412,2.36882,2.25111,2.14057,2.03314,1.93279,1.839,1.7486,1.66436,1.58138,1.50443,1.43296,1.36324,1.29722
0.632273,22.2452,19.1565,16.4239,14.822,13.7829,13.4168,13.4328,13.7643,14.5816,16.0753,17.4202,17.5725,17.4401,17.1534,16.7995,16.4666,16.297,16.5536,17.435,18.9461,20.0607,19.6673,18.8987,18.1651,17.5872,17.3232,17.2708,17.5153,17.8676,18.0919,18.2536,18.2598,18.1651,18.0571,17.8972,17.8759,17.8558,18.0058,18.4867,18.8135,19.0009,18.8988,18.5824,18.3497,18.0721,17.9841,18.0161,18.1006,18.229,18.2857,18.3733,18.2809,18.142,18.1324,18.3815,18.4903,18.3039,18.2,18.2125,18.2758,18.2763,18.2175,18.1579,18.1675,18.2374,18.306,18.2417,18.1718,18.1734,18.1896,18.1814,18.1441,18.1223,18.1211,18.1313,18.1194,18.0954,18.0712,18.0685,18.0661,18.111,18.0933,18.0811,18.0765,18.0714,18.0597,18.046,18.0364,18.0303,18.0233,18.0135,17.992,17.9625,17.9361,17.909,17.8843,17.8617,17.839,6.0975,5.7087,5.3597,5.06018,4.79697,4.52565,4.28533,4.07042,3.85067,3.65406,3.46648,3.28813,3.1275,2.96672,2.82184,2.67817,2.543,2.41592,2.29654,2.18444,2.0755,1.97372,1.87858,1.78688,1.7014,1.61719,1.53909,1.46652,1.39572,1.32864
0.646029,22.2492,19.1588,16.4261,14.8249,13.7873,13.4227,13.4405,13.7736,14.5932,16.0898,17.4314,17.5825,17.4495,17.1625,16.8085,16.476,16.308,16.5687,17.4535,18.9664,20.0745,19.6781,18.9084,18.1747,17.5976,17.335,17.2856,17.5326,17.8854,18.1092,18.2699,18.2754,18.1803,18.0722,17.9124,17.8919,17.8739,18.0266,18.5101,18.8359,19.0203,18.9166,18.5989,18.3661,18.0891,18.0025,18.0369,18.1223,18.2508,18.3072,18.3943,18.3014,18.1627,18.1555,18.4081,18.5148,18.3263,18.2229,18.2375,18.3012,18.3013,18.2421,18.1828,18.1942,18.2657,18.3335,18.2682,18.1985,18.201,18.2176,18.2092,18.1718,18.1501,18.15,18.1607,18.1486,18.1242,18.1004,18.098,18.096,18.1409,18.1233,18.1113,18.1071,18.1022,18.0905,18.0768,18.0674,18.0616,18.0547,18.0449,18.0238,17.9947,17.9687,17.9421,17.9178,17.8955,17.8731,17.8527,5.90813,5.50317,5.17825,4.89983,4.61661,4.36791,4.14668,3.9213,3.7202,3.52871,3.34692,3.18337,3.0198,2.87252,2.72654,2.58923,2.4602,2.33901,2.22522,2.11465,2.01135,1.91479,1.82171,1.73495,1.64946,1.57015,1.49647,1.42455,1.3564
0.659417,22.2531,19.161,16.4283,14.8277,13.7914,13.4283,13.4477,13.7824,14.6043,16.1035,17.442,17.592,17.4584,17.1711,16.817,16.4849,16.3185,16.583,17.4711,18.9857,20.0876,19.6885,18.9176,18.1838,17.6075,17.3463,17.2998,17.549,17.9023,18.1256,18.2853,18.2901,18.1947,18.0865,17.9269,17.907,17.8911,18.0464,18.5322,18.8572,19.0387,18.9333,18.6145,18.3815,18.1053,18.0199,18.0566,18.1428,18.2715,18.3276,18.4141,18.3207,18.1823,18.1774,18.4332,18.5379,18.3475,18.2445,18.261,18.3253,18.3249,18.2654,18.2065,18.2194,18.2925,18.3594,18.2931,18.2237,18.2269,18.2441,18.2355,18.1979,18.1764,18.1773,18.1886,18.1761,18.1514,18.1278,18.1259,18.1241,18.1692,18.1516,18.1399,18.136,18.1313,18.1195,18.1058,18.0967,18.0911,18.0843,18.0746,18.0537,18.025,17.9994,17.9732,17.9492,17.9273,17.9053,17.8852,7.22956,5.73713,5.33212,5.02239,4.71929,4.458,4.22791,3.99507,3.78825,3.59194,3.406,3.23901,3.07223,2.92222,2.77364,2.63399,2.50282,2.37966,2.26406,2.15176,2.04685,1.9488,1.8543,1.7662,1.6794,1.59887,1.52405,1.45102,1.3818
0.672435,22.2567,19.1632,16.4304,14.8304,13.7954,13.4337,13.4546,13.7908,14.6148,16.1166,17.4521,17.601,17.4668,17.1792,16.8251,16.4933,16.3285,16.5967,17.4879,19.0041,20.1001,19.6983,18.9263,18.1925,17.6169,17.357,17.3132,17.5647,17.9184,18.1412,18.3,18.3041,18.2084,18.1001,17.9406,17.9213,17.9074,18.0653,18.5532,18.8774,19.0561,18.9493,18.6293,18.3962,18.1206,18.0364,18.0753,18.1623,18.2911,18.3469,18.4329,18.339,18.2009,18.1983,18.457,18.5598,18.3675,18.265,18.2834,18.348,18.3472,18.2875,18.2288,18.2433,18.3178,18.384,18.3167,18.2475,18.2516,18.2691,18.2604,18.2226,18.2013,18.2031,18.2149,18.2021,18.1772,18.1538,18.1523,18.1507,18.1959,18.1783,18.1668,18.1634,18.1588,18.1469,18.1332,18.1243,18.1189,18.1122,18.1025,18.082,18.0537,18.0284,18.0026,17.9789,17.9573,17.9356,17.9158,17.896,6.98102,6.46531,5.2032,4.84905,4.56406,4.31966,4.07581,3.8611,3.65846,3.4673,3.29611,3.12549,2.97227,2.82072,2.67842,2.54487,2.41955,2.30198,2.18781,2.0812,1.98158,1.88557,1.79608,1.70793,1.62615,1.55016,1.476,1.40571
0.685081,22.2602,19.1652,16.4324,14.8329,13.7992,13.4388,13.4613,13.7988,14.6249,16.1291,17.4617,17.6096,17.4749,17.187,16.8328,16.5014,16.3381,16.6098,17.5039,19.0216,20.1119,19.7076,18.9346,18.2008,17.6258,17.3672,17.3261,17.5795,17.9336,18.156,18.3139,18.3174,18.2214,18.113,17.9537,17.935,17.923,18.0833,18.5732,18.8965,19.0727,18.9644,18.6434,18.4101,18.1351,18.0521,18.0931,18.1809,18.3097,18.3652,18.4507,18.3564,18.2185,18.2181,18.4796,18.5806,18.3865,18.2844,18.3046,18.3696,18.3684,18.3083,18.25,18.266,18.3419,18.4072,18.339,18.2701,18.2749,18.2928,18.284,18.2459,18.2249,18.2276,18.2398,18.2268,18.2015,18.1784,18.1772,18.1759,18.2212,18.2035,18.1923,18.1893,18.1849,18.1729,18.1592,18.1504,18.1453,18.1386,18.129,18.1088,18.0807,18.0558,18.0303,18.007,17.9857,17.9642,17.9446,17.9252,17.906,6.75621,6.33574,5.09561,4.71219,4.43478,4.17081,3.9436,3.73173,3.5334,3.3567,3.18125,3.02412,2.86902,2.72363,2.58734,2.45958,2.33983,2.22361,2.11513,2.01382,1.91621,1.82527,1.73569,1.6526,1.57542,1.50009,1.4287
0.697355,22.2635,19.1671,16.4343,14.8353,13.8027,13.4437,13.4675,13.8064,14.6344,16.141,17.4708,17.6177,17.4826,17.1944,16.8401,16.5091,16.3471,16.6222,17.5191,19.0382,20.1231,19.7165,18.9425,18.2086,17.6343,17.3769,17.3383,17.5937,17.9481,18.1701,18.3272,18.3301,18.2337,18.1253,17.966,17.9479,17.9377,18.1003,18.5921,18.9146,19.0883,18.9787,18.6567,18.4233,18.1489,18.067,18.1099,18.1984,18.3273,18.3825,18.4676,18.3728,18.2352,18.2368,18.501,18.6002,18.4045,18.3028,18.3247,18.39,18.3884,18.3281,18.2701,18.2875,18.3646,18.4292,18.3601,18.2914,18.2969,18.3152,18.3062,18.268,18.2471,18.2508,18.2634,18.25,18.2245,18.2016,18.2008,18.1997,18.245,18.2274,18.2164,18.2137,18.2094,18.1974,18.1837,18.1751,18.1701,18.1636,18.1539,18.134,18.1063,18.0816,18.0565,18.0335,18.0124,17.9912,17.9719,17.9526,17.9337,17.9165,6.54951,6.12713,5.72146,4.63886,4.30208,4.04693,3.81837,3.60868,3.42396,3.24185,3.07959,2.92,2.77082,2.63126,2.50066,2.37839,2.25985,2.14931,2.04613,1.94678,1.85426,1.76316,1.6787,1.60025,1.5237,1.45118
0.709257,22.2667,19.169,16.4361,14.8377,13.8062,13.4483,13.4736,13.8137,14.6436,16.1524,17.4795,17.6255,17.4899,17.2015,16.8471,16.5164,16.3558,16.634,17.5336,19.0541,20.1338,19.7249,18.95,18.2161,17.6425,17.3862,17.3499,17.6072,17.9619,18.1834,18.3398,18.3421,18.2455,18.137,17.9778,17.9603,17.9518,18.1166,18.6101,18.9319,19.1032,18.9923,18.6694,18.4359,18.1621,18.0812,18.126,18.2152,18.344,18.399,18.4837,18.3885,18.2511,18.2547,18.5213,18.6189,18.4215,18.3203,18.3438,18.4094,18.4074,18.3469,18.2891,18.308,18.3862,18.4501,18.3801,18.3117,18.3179,18.3364,18.3274,18.289,18.2683,18.2728,18.2858,18.2721,18.2463,18.2237,18.2232,18.2223,18.2676,18.25,18.2393,18.2369,18.2328,18.2206,18.2069,18.1985,18.1937,18.1873,18.1776,18.158,18.1305,18.1061,18.0813,18.0586,18.0378,18.0168,17.9977,17.9787,17.96,17.943,17.9276,6.30339,5.93288,5.58942,5.21205,4.23015,3.94096,3.7051,3.50536,3.31237,3.14243,2.97653,2.82231,2.67851,2.54435,2.41905,2.29773,2.18477,2.07945,1.97813,1.88385,1.79107,1.7051,1.62528,1.54743,1.47369
0.720789,22.2697,19.1707,16.4378,14.8399,13.8094,13.4527,13.4792,13.8206,14.6523,16.1631,17.4878,17.6329,17.4968,17.2082,16.8538,16.5233,16.364,16.6453,17.5473,19.0691,20.1439,19.7329,18.9571,18.2231,17.6501,17.3949,17.3609,17.6199,17.975,18.1961,18.3517,18.3535,18.2566,18.148,17.989,17.9719,17.9652,18.132,18.6271,18.9482,19.1173,19.0051,18.6814,18.4478,18.1745,18.0946,18.1412,18.231,18.3599,18.4146,18.4989,18.4033,18.2661,18.2716,18.5405,18.6364,18.4376,18.3368,18.3618,18.4277,18.4254,18.3646,18.3071,18.3273,18.4067,18.4697,18.399,18.3308,18.3376,18.3565,18.3473,18.3087,18.2882,18.2935,18.307,18.293,18.2668,18.2444,18.2443,18.2435,18.2889,18.2713,18.2608,18.2588,18.2547,18.2425,18.2288,18.2206,18.216,18.2095,18.1999,18.1805,18.1533,18.1292,18.1047,18.0822,18.0616,18.0409,18.022,18.0032,17.9846,17.9679,17.9527,6.44711,6.08143,5.75088,5.40669,5.08924,4.76845,3.88967,3.62512,3.40499,3.21992,3.04325,2.88116,2.73138,2.59239,2.46311,2.33828,2.22236,2.11447,2.01084,1.91452,1.81983,1.73216,1.65083,1.57154,1.49648
0.731955,22.2725,19.1724,16.4394,14.842,13.8125,13.457,13.4847,13.8272,14.6605,16.1734,17.4957,17.64,17.5035,17.2146,16.8601,16.5299,16.3718,16.656,17.5604,19.0834,20.1535,19.7405,18.9639,18.2299,17.6575,17.4033,17.3715,17.6321,17.9874,18.2082,18.3631,18.3644,18.2672,18.1586,17.9996,17.9831,17.9779,18.1467,18.6433,18.9637,19.1307,19.0174,18.6928,18.4591,18.1863,18.1074,18.1557,18.2461,18.375,18.4294,18.5133,18.4174,18.2804,18.2878,18.5588,18.6532,18.453,18.3526,18.379,18.4451,18.4425,18.3814,18.3242,18.3457,18.4261,18.4884,18.417,18.349,18.3565,18.3756,18.3662,18.3275,18.3072,18.3133,18.3271,18.3128,18.2864,18.2642,18.2643,18.2638,18.3092,18.2916,18.2813,18.2796,18.2756,18.2633,18.2496,18.2416,18.2371,18.2307,18.2211,18.202,18.175,18.1511,18.1269,18.1046,18.0843,18.0637,18.045,18.0264,18.0081,17.9915,17.9765,17.9605,6.21145,5.88086,5.5417,5.23571,4.93981,4.65215,4.38296,4.08818,3.34708,3.13734,2.95781,2.79673,2.64966,2.51422,2.38448,2.26444,2.15317,2.04658,1.94771,1.8507,1.761,1.67788,1.59693,1.52036
0.742757,22.2752,19.174,16.441,14.844,13.8155,13.461,13.4899,13.8335,14.6685,16.1832,17.5032,17.6467,17.5098,17.2206,16.8661,16.5362,16.3793,16.6663,17.5729,19.0971,20.1627,19.7478,18.9703,18.2363,17.6645,17.4113,17.3815,17.6437,17.9993,18.2197,18.3739,18.3747,18.2773,18.1686,18.0098,17.9937,17.9901,18.1608,18.6587,18.9785,19.1434,19.029,18.7036,18.4698,18.1976,18.1196,18.1696,18.2604,18.3893,18.4435,18.5271,18.4307,18.294,18.3031,18.5762,18.669,18.4675,18.3675,18.3954,18.4616,18.4587,18.3974,18.3405,18.3632,18.4446,18.5062,18.434,18.3663,18.3743,18.3937,18.3842,18.3454,18.3252,18.332,18.3462,18.3315,18.3049,18.283,18.2834,18.283,18.3284,18.3108,18.3008,18.2993,18.2954,18.283,18.2693,18.2614,18.2571,18.2508,18.2412,18.2223,18.1955,18.1719,18.1479,18.1259,18.1057,18.0854,18.0669,18.0484,18.0303,18.0139,17.999,17.9832,17.969,5.99963,5.65739,5.35178,5.05959,4.78021,4.5263,4.26852,4.03087,3.78502,3.12125,2.89933,2.7297,2.58098,2.44186,2.31506,2.19853,2.08763,1.98529,1.88513,1.79281,1.70744,1.62444,1.54605
0.7532,22.2778,19.1755,16.4424,14.8459,13.8183,13.4648,13.4948,13.8395,14.676,16.1925,17.5103,17.6531,17.5158,17.2264,16.8719,16.5422,16.3864,16.676,17.5847,19.11,20.1714,19.7546,18.9765,18.2424,17.6711,17.4189,17.3911,17.6548,18.0106,18.2306,18.3842,18.3845,18.2869,18.1781,18.0194,18.0038,18.0016,18.1741,18.6734,18.9925,19.1555,19.0401,18.7139,18.48,18.2083,18.1312,18.1827,18.274,18.4029,18.4569,18.5401,18.4434,18.3069,18.3177,18.5927,18.6841,18.4813,18.3817,18.4109,18.4773,18.474,18.4126,18.3559,18.3798,18.4621,18.523,18.4502,18.3827,18.3913,18.4108,18.4012,18.3623,18.3422,18.3498,18.3643,18.3493,18.3225,18.3007,18.3014,18.3011,18.3466,18.3291,18.3192,18.318,18.3142,18.3017,18.288,18.2803,18.2761,18.2699,18.2602,18.2416,18.2149,18.1916,18.1678,18.146,18.126,18.1059,18.0875,18.0693,18.0513,18.035,18.0203,18.0046,17.9905,17.9777,5.76679,5.4564,5.16199,4.88259,4.63073,4.37782,4.1487,3.9196,3.70129,3.49192,3.28801,2.73375,2.53546,2.38814,2.25958,2.14024,2.03166,1.92651,1.83022,1.74161,1.65579,1.57497
0.763289,22.2803,19.1769,16.4439,14.8477,13.821,13.4685,13.4995,13.8452,14.6831,16.2014,17.5171,17.6592,17.5215,17.2319,16.8773,16.5479,16.3932,16.6853,17.596,19.1224,20.1797,19.7612,18.9823,18.2482,17.6774,17.4261,17.4002,17.6653,18.0213,18.241,18.3939,18.3938,18.296,18.1872,18.0285,18.0133,18.0126,18.1868,18.6873,19.0057,19.1669,19.0505,18.7237,18.4897,18.2184,18.1422,18.1951,18.287,18.4158,18.4696,18.5525,18.4555,18.3191,18.3315,18.6083,18.6983,18.4943,18.3952,18.4255,18.4922,18.4886,18.4269,18.3705,18.3955,18.4787,18.5389,18.4654,18.3982,18.4073,18.4271,18.4174,18.3782,18.3583,18.3666,18.3814,18.3662,18.3391,18.3175,18.3185,18.3183,18.3639,18.3463,18.3366,18.3357,18.332,18.3194,18.3057,18.2981,18.294,18.2878,18.2782,18.2598,18.2333,18.2101,18.1866,18.165,18.1452,18.1252,18.1071,18.089,18.0711,18.055,18.0404,18.0249,18.0109,17.9982,17.9851,5.55855,5.25787,4.97462,4.72073,4.46712,4.23867,4.01182,3.79777,3.59568,3.40465,3.22368,3.04544,2.87526,2.70947,2.23981,2.10505,1.98597,1.88082,1.78592,1.69511,1.61031
0.773031,22.2826,19.1783,16.4452,14.8494,13.8236,13.472,13.504,13.8506,14.69,16.2098,17.5236,17.6649,17.5269,17.2372,16.8825,16.5534,16.3997,16.6942,17.6067,19.1341,20.1876,19.7674,18.9878,18.2537,17.6834,17.433,17.4088,17.6752,18.0314,18.2508,18.4032,18.4027,18.3046,18.1958,18.0372,18.0224,18.023,18.1989,18.7005,19.0183,19.1778,19.0605,18.733,18.4989,18.2281,18.1526,18.207,18.2992,18.4281,18.4817,18.5642,18.4669,18.3308,18.3447,18.6232,18.7118,18.5067,18.408,18.4395,18.5063,18.5024,18.4405,18.3844,18.4105,18.4945,18.5541,18.4799,18.4129,18.4225,18.4425,18.4327,18.3934,18.3737,18.3826,18.3977,18.3821,18.3548,18.3335,18.3347,18.3347,18.3802,18.3626,18.3531,18.3524,18.3488,18.3361,18.3224,18.315,18.3111,18.3049,18.2952,18.277,18.2508,18.2278,18.2044,18.183,18.1634,18.1436,18.1256,18.1076,18.09,18.0739,18.0595,18.0441,18.0302,18.0177,18.0046,5.66705,5.35468,5.06388,4.80518,4.54812,4.31753,4.0894,3.87498,3.6734,3.48386,3.30556,3.13182,2.96891,2.81587,2.66733,2.5275,2.38758,2.25419,1.87982,1.76165,1.66412
0.782431,22.2848,19.1796,16.4465,14.8511,13.826,13.4753,13.5083,13.8558,14.6965,16.2179,17.5297,17.6705,17.5321,17.2422,16.8875,16.5586,16.4059,16.7026,17.617,19.1453,20.195,19.7733,18.9931,18.259,17.6891,17.4396,17.4171,17.6848,18.0411,18.2602,18.412,18.4111,18.3129,18.204,18.0455,18.0311,18.033,18.2104,18.7131,19.0303,19.1881,19.0699,18.7418,18.5077,18.2372,18.1626,18.2182,18.3109,18.4398,18.4932,18.5754,18.4778,18.3418,18.3572,18.6373,18.7247,18.5185,18.4201,18.4528,18.5197,18.5155,18.4535,18.3975,18.4247,18.5094,18.5684,18.4937,18.4269,18.437,18.4571,18.4472,18.4078,18.3882,18.3978,18.4131,18.3973,18.3698,18.3487,18.35,18.3501,18.3957,18.3781,18.3688,18.3684,18.3648,18.352,18.3383,18.331,18.3272,18.3211,18.3114,18.2934,18.2673,18.2445,18.2214,18.2001,18.1806,18.161,18.1431,18.1253,18.1078,18.0919,18.0775,18.0623,18.0485,18.0361,18.0231,18.0115,5.46123,5.15694,4.88992,4.62672,4.39195,4.16061,3.94384,3.74062,3.55001,3.37116,3.19738,3.03497,2.88304,2.73642,2.59954,2.46438,2.33867,2.22144,2.10648,1.9968
0.791496,22.287,19.1808,16.4477,14.8527,13.8283,13.4784,13.5124,13.8608,14.7027,16.2256,17.5356,17.6757,17.537,17.2469,16.8922,16.5635,16.4117,16.7107,17.6267,19.1559,20.2022,19.779,18.9981,18.264,17.6946,17.4458,17.425,17.6938,18.0504,18.2691,18.4204,18.4192,18.3207,18.2118,18.0534,18.0393,18.0425,18.2213,18.725,19.0417,19.1979,19.0789,18.7502,18.516,18.246,18.1721,18.229,18.322,18.4508,18.504,18.586,18.4881,18.3523,18.3692,18.6507,18.7369,18.5297,18.4316,18.4654,18.5324,18.528,18.4658,18.41,18.4382,18.5237,18.582,18.5068,18.4402,18.4507,18.471,18.461,18.4215,18.402,18.4122,18.4278,18.4117,18.384,18.363,18.3646,18.3648,18.4104,18.3929,18.3837,18.3835,18.38,18.3671,18.3534,18.3462,18.3426,18.3365,18.3268,18.309,18.283,18.2603,18.2374,18.2163,18.197,18.1775,18.1598,18.1421,18.1247,18.1089,18.0947,18.0796,18.0659,18.0535,18.0407,18.0291,18.0179,5.26372,4.9814,4.70802,4.4665,4.22995,4.0093,3.80307,3.6101,3.42939,3.2541,3.09055,2.93779,2.79061,2.65344,2.5183,2.39291,2.27637,2.16258,2.05468
0.800233,22.289,19.182,16.4488,14.8542,13.8305,13.4815,13.5163,13.8654,14.7086,16.2328,17.5412,17.6807,17.5417,17.2514,16.8967,16.5682,16.4173,16.7184,17.636,19.166,20.2089,19.7843,19.0029,18.2687,17.6998,17.4517,17.4324,17.7024,18.0591,18.2776,18.4284,18.4268,18.3282,18.2192,18.0608,18.0472,18.0514,18.2317,18.7363,19.0525,19.2072,19.0874,18.7581,18.5238,18.2542,18.181,18.2391,18.3326,18.4613,18.5144,18.596,18.4979,18.3623,18.3804,18.6634,18.7484,18.5402,18.4426,18.4773,18.5444,18.5398,18.4774,18.4219,18.451,18.5372,18.5949,18.5191,18.4528,18.4637,18.4842,18.474,18.4344,18.4151,18.4259,18.4417,18.4253,18.3974,18.3766,18.3785,18.3787,18.4243,18.4068,18.3977,18.3978,18.3943,18.3814,18.3677,18.3606,18.3571,18.351,18.3413,18.3237,18.2978,18.2753,18.2526,18.2316,18.2125,18.1931,18.1755,18.1579,18.1407,18.125,18.1108,18.0958,18.0823,18.07,18.0573,18.0458,18.0347,18.024,5.0926,4.79892,4.54595,4.30128,4.07475,3.86406,3.66758,3.48407,3.3064,3.14087,2.98646,2.83784,2.69947,2.56326,2.43699,2.31972,2.20532,2.09696
0.808649,22.2909,19.1831,16.45,14.8556,13.8326,13.4843,13.52,13.8699,14.7142,16.2398,17.5465,17.6855,17.5462,17.2558,16.9009,16.5727,16.4226,16.7257,17.6448,19.1757,20.2154,19.7894,19.0075,18.2733,17.7047,17.4574,17.4396,17.7106,18.0675,18.2857,18.436,18.4341,18.3353,18.2263,18.068,18.0546,18.06,18.2417,18.7471,19.0628,19.2161,19.0956,18.7657,18.5314,18.2621,18.1896,18.2489,18.3426,18.4714,18.5242,18.6056,18.5073,18.3718,18.3913,18.6755,18.7594,18.5503,18.453,18.4887,18.556,18.5511,18.4885,18.4332,18.4633,18.55,18.6072,18.5309,18.4648,18.4761,18.4967,18.4865,18.4468,18.4276,18.4389,18.455,18.4383,18.4102,18.3896,18.3916,18.392,18.4376,18.4201,18.4112,18.4114,18.408,18.395,18.3813,18.3743,18.3709,18.3648,18.3552,18.3377,18.312,18.2896,18.2671,18.2462,18.2272,18.208,18.1905,18.173,18.1559,18.1404,18.1263,18.1114,18.0979,18.0857,18.0731,18.0616,18.0506,18.0401,18.0305,4.92109,4.64101,4.3812,4.14507,3.92764,3.7261,3.53859,3.35759,3.18934,3.03264,2.88202,2.74192,2.60411,2.47646,2.35797,2.24244,2.13304
0.816753,22.2927,19.1842,16.451,14.857,13.8347,13.4871,13.5235,13.8742,14.7196,16.2464,17.5516,17.69,17.5505,17.2599,16.905,16.5769,16.4277,16.7327,17.6532,19.1849,20.2215,19.7943,19.0118,18.2776,17.7094,17.4628,17.4464,17.7184,18.0754,18.2934,18.4433,18.441,18.342,18.233,18.0747,18.0617,18.0682,18.2511,18.7574,19.0726,19.2246,19.1033,18.7729,18.5385,18.2697,18.1978,18.2581,18.3522,18.4809,18.5336,18.6148,18.5162,18.3808,18.4015,18.6871,18.7699,18.5599,18.4629,18.4995,18.5669,18.5617,18.4991,18.4439,18.4749,18.5623,18.6189,18.5421,18.4762,18.4879,18.5086,18.4983,18.4585,18.4394,18.4513,18.4676,18.4506,18.4224,18.402,18.4042,18.4046,18.4502,18.4327,18.4239,18.4244,18.421,18.4079,18.3942,18.3874,18.384,18.378,18.3683,18.351,18.3254,18.3032,18.2808,18.2601,18.2412,18.2221,18.2047,18.1874,18.1703,18.1549,18.1409,18.1261,18.1127,18.1006,18.088,18.0767,18.0657,18.0553,18.0457,18.0362,4.79601,4.48433,4.22759,3.99825,3.78873,3.59542,3.4098,3.23787,3.07815,2.92492,2.78261,2.6428,2.5134,2.39339,2.27642,2.16571
0.824552,22.2944,19.1852,16.452,14.8582,13.8366,13.4897,13.5269,13.8783,14.7247,16.2527,17.5564,17.6943,17.5545,17.2638,16.9089,16.581,16.4325,16.7393,17.6612,19.1936,20.2273,19.7989,19.0159,18.2817,17.7139,17.4679,17.4528,17.7258,18.0829,18.3007,18.4501,18.4475,18.3484,18.2393,18.0811,18.0685,18.076,18.2601,18.7672,19.0819,19.2326,19.1106,18.7797,18.5453,18.2768,18.2055,18.2668,18.3612,18.4899,18.5424,18.6234,18.5246,18.3894,18.4112,18.698,18.7797,18.569,18.4723,18.5098,18.5772,18.5718,18.5091,18.4541,18.4859,18.5738,18.6299,18.5527,18.487,18.4991,18.5199,18.5094,18.4695,18.4506,18.463,18.4795,18.4622,18.4338,18.4136,18.416,18.4165,18.4621,18.4445,18.436,18.4366,18.4333,18.4201,18.4064,18.3997,18.3964,18.3904,18.3807,18.3636,18.3381,18.316,18.2937,18.2732,18.2544,18.2354,18.2181,18.2009,18.1839,18.1686,18.1547,18.14,18.1267,18.1146,18.1022,18.0909,18.08,18.0696,18.0601,18.0506,18.042,5.24136,4.35169,4.08778,3.86199,3.65868,3.46592,3.28872,3.12491,2.96828,2.82315,2.68082,2.54928,2.42742,2.30875,2.19652
0.832054,22.2961,19.1862,16.453,14.8595,13.8384,13.4922,13.5301,13.8822,14.7296,16.2588,17.561,17.6984,17.5584,17.2675,16.9126,16.5848,16.4372,16.7456,17.6689,19.2019,20.2329,19.8033,19.0198,18.2856,17.7181,17.4728,17.459,17.7329,18.0901,18.3077,18.4567,18.4538,18.3545,18.2454,18.0873,18.0749,18.0834,18.2687,18.7765,19.0908,19.2402,19.1176,18.7863,18.5518,18.2836,18.2129,18.2752,18.3699,18.4986,18.5509,18.6316,18.5326,18.3976,18.4206,18.7084,18.7892,18.5777,18.4813,18.5196,18.5871,18.5815,18.5186,18.4638,18.4964,18.5849,18.6405,18.5628,18.4973,18.5097,18.5306,18.5201,18.4801,18.4613,18.4742,18.4909,18.4734,18.4448,18.4247,18.4273,18.4279,18.4735,18.4559,18.4475,18.4483,18.445,18.4318,18.4181,18.4114,18.4083,18.4023,18.3926,18.3756,18.3502,18.3282,18.3061,18.2857,18.267,18.2481,18.2309,18.2138,18.197,18.1817,18.1679,18.1533,18.1401,18.1281,18.1157,18.1044,18.0936,18.0833,18.0739,18.0644,18.0558,5.38888,5.07715,4.7694,3.97302,3.74084,3.53327,3.34686,3.17661,3.015,2.86599,2.72037,2.5861,2.46193,2.34119,2.22712
0.839268,22.2977,19.1871,16.4539,14.8607,13.8402,13.4946,13.5331,13.8859,14.7342,16.2645,17.5654,17.7023,17.5621,17.271,16.9161,16.5885,16.4416,16.7517,17.6761,19.2099,20.2382,19.8075,19.0236,18.2893,17.7222,17.4775,17.4649,17.7397,18.097,18.3143,18.4629,18.4598,18.3604,18.2512,18.0931,18.0811,18.0905,18.2769,18.7853,19.0992,19.2475,19.1242,18.7925,18.5579,18.2901,18.22,18.2832,18.3782,18.5068,18.559,18.6395,18.5402,18.4053,18.4294,18.7183,18.7982,18.5859,18.4898,18.5289,18.5965,18.5907,18.5277,18.473,18.5064,18.5954,18.6505,18.5724,18.5071,18.5199,18.5409,18.5302,18.4902,18.4714,18.4848,18.5017,18.484,18.4552,18.4353,18.438,18.4387,18.4843,18.4667,18.4584,18.4594,18.4562,18.4428,18.4291,18.4226,18.4195,18.4135,18.4038,18.387,18.3617,18.3398,18.3178,18.2975,18.279,18.2602,18.2431,18.2261,18.2093,18.1942,18.1804,18.1659,18.1527,18.1408,18.1285,18.1173,18.1066,18.0963,18.0869,18.0775,18.069,18.0605,5.19437,4.90603,4.63069,4.3613,3.63817,3.42359,3.23954,3.06905,2.91385,2.76334,2.62531,2.49809,2.37471,2.25837
0.8462,22.2992,19.188,16.4548,14.8618,13.8418,13.4968,13.5361,13.8894,14.7386,16.27,17.5695,17.7061,17.5656,17.2744,16.9194,16.592,16.4458,16.7574,17.6831,19.2174,20.2432,19.8115,19.0271,18.2929,17.7261,17.4819,17.4705,17.7461,18.1035,18.3206,18.4689,18.4654,18.3659,18.2567,18.0987,18.0869,18.0972,18.2846,18.7938,19.1072,19.2544,19.1305,18.7984,18.5638,18.2962,18.2267,18.2908,18.386,18.5146,18.5666,18.6469,18.5475,18.4127,18.4379,18.7277,18.8067,18.5937,18.4979,18.5378,18.6054,18.5994,18.5363,18.4818,18.5159,18.6053,18.66,18.5815,18.5164,18.5295,18.5506,18.5399,18.4997,18.4811,18.4949,18.5119,18.494,18.4651,18.4453,18.4482,18.4489,18.4945,18.477,18.4688,18.47,18.4668,18.4533,18.4396,18.4332,18.4302,18.4242,18.4145,18.3978,18.3726,18.3508,18.329,18.3088,18.2903,18.2716,18.2546,18.2377,18.221,18.2059,18.1923,18.1778,18.1647,18.1529,18.1406,18.1295,18.1188,18.1086,18.0993,18.0899,18.0814,18.073,18.065,5.00537,4.73572,4.48152,4.23127,3.9904,3.34868,3.14432,2.97443,2.81461,2.67026,2.5384,2.41125,2.29183
0.852861,22.3006,19.1888,16.4556,14.8629,13.8434,13.499,13.5388,13.8928,14.7429,16.2752,17.5735,17.7096,17.5689,17.2776,16.9226,16.5954,16.4498,16.7629,17.6896,19.2246,20.248,19.8153,19.0305,18.2962,17.7297,17.4861,17.4758,17.7522,18.1097,18.3266,18.4745,18.4708,18.3712,18.262,18.104,18.0924,18.1036,18.292,18.8018,19.1148,19.2609,19.1365,18.804,18.5693,18.3021,18.233,18.298,18.3934,18.522,18.5739,18.654,18.5544,18.4197,18.4459,18.7366,18.8148,18.6011,18.5056,18.5462,18.6138,18.6077,18.5444,18.4901,18.525,18.6148,18.6691,18.5902,18.5252,18.5386,18.5598,18.549,18.5088,18.4902,18.5045,18.5217,18.5035,18.4745,18.4549,18.4579,18.4586,18.5043,18.4867,18.4787,18.48,18.4768,18.4633,18.4496,18.4432,18.4403,18.4344,18.4246,18.4081,18.383,18.3613,18.3396,18.3195,18.3011,18.2825,18.2656,18.2487,18.2322,18.2171,18.2035,18.1891,18.1761,18.1643,18.1521,18.1411,18.1304,18.1202,18.111,18.1017,18.0932,18.0848,18.0769,18.0693,4.82338,4.56949,4.32345,4.09301,3.87564,3.66238,3.45569,2.8937,2.73086,2.58894,2.45487,2.33042
0.859258,22.302,19.1896,16.4564,14.8639,13.845,13.501,13.5415,13.896,14.7469,16.2801,17.5773,17.713,17.5721,17.2807,16.9257,16.5986,16.4536,16.7681,17.6959,19.2314,20.2525,19.8189,19.0337,18.2995,17.7332,17.4901,17.4809,17.758,18.1156,18.3323,18.4799,18.476,18.3762,18.2669,18.109,18.0977,18.1097,18.2991,18.8094,19.1221,19.2672,19.1423,18.8093,18.5746,18.3076,18.2391,18.3048,18.4005,18.529,18.5809,18.6608,18.561,18.4264,18.4535,18.7452,18.8225,18.6082,18.513,18.5542,18.6219,18.6156,18.5522,18.4981,18.5336,18.6238,18.6776,18.5984,18.5336,18.5473,18.5686,18.5577,18.5174,18.499,18.5136,18.531,18.5126,18.4834,18.4639,18.4671,18.4679,18.5135,18.496,18.4881,18.4895,18.4864,18.4728,18.4591,18.4528,18.45,18.444,18.4343,18.4179,18.3928,18.3713,18.3496,18.3296,18.3114,18.2928,18.276,18.2592,18.2427,18.2278,18.2142,18.1999,18.187,18.1752,18.1631,18.1521,18.1415,18.1313,18.1221,18.1129,18.1045,18.0961,18.0882,18.0807,18.0736,4.6492,4.40056,4.16997,3.955,3.74756,3.55328,3.36003,3.17743,2.69593,2.52139,2.38276
0.865399,22.3033,19.1904,16.4571,14.8649,13.8464,13.503,13.544,13.899,14.7507,16.2848,17.5809,17.7162,17.5751,17.2836,16.9286,16.6016,16.4572,16.7731,17.7019,19.2379,20.2568,19.8223,19.0368,18.3025,17.7366,17.494,17.4857,17.7636,18.1213,18.3377,18.485,18.4808,18.381,18.2717,18.1138,18.1027,18.1155,18.3058,18.8166,19.129,19.2731,19.1477,18.8144,18.5797,18.3129,18.2449,18.3114,18.4072,18.5357,18.5874,18.6671,18.5672,18.4328,18.4607,18.7532,18.8298,18.6149,18.5199,18.5618,18.6295,18.6231,18.5596,18.5056,18.5417,18.6324,18.6858,18.6062,18.5416,18.5556,18.5769,18.5659,18.5256,18.5072,18.5223,18.5398,18.5212,18.4919,18.4725,18.4758,18.4767,18.5223,18.5048,18.4969,18.4986,18.4954,18.4818,18.4681,18.4619,18.4591,18.4532,18.4434,18.4272,18.4022,18.3807,18.3592,18.3392,18.3211,18.3026,18.2859,18.2691,18.2527,18.2379,18.2244,18.2101,18.1972,18.1855,18.1734,18.1625,18.1519,18.1418,18.1327,18.1235,18.1151,18.1068,18.0989,18.0914,18.0844,18.0778,4.47458,4.23964,4.02236,3.8142,3.62075,3.43026,3.25325,3.08801,2.92553,2.76942
0.871293,22.3045,19.1911,16.4578,14.8658,13.8478,13.5049,13.5464,13.9019,14.7543,16.2893,17.5843,17.7193,17.578,17.2864,16.9313,16.6045,16.4606,16.7778,17.7076,19.2442,20.261,19.8256,19.0397,18.3054,17.7397,17.4976,17.4903,17.7689,18.1266,18.3429,18.4899,18.4855,18.3855,18.2762,18.1184,18.1075,18.1211,18.3122,18.8235,19.1355,19.2787,19.1528,18.8192,18.5845,18.318,18.2504,18.3176,18.4137,18.5421,18.5937,18.6733,18.5732,18.4388,18.4677,18.7609,18.8367,18.6213,18.5266,18.569,18.6368,18.6302,18.5666,18.5128,18.5495,18.6406,18.6936,18.6137,18.5492,18.5634,18.5848,18.5738,18.5334,18.5151,18.5306,18.5482,18.5294,18.5,18.4807,18.4841,18.485,18.5307,18.5131,18.5054,18.5072,18.504,18.4903,18.4766,18.4705,18.4678,18.4619,18.4521,18.436,18.4111,18.3897,18.3682,18.3484,18.3303,18.3119,18.2953,18.2786,18.2623,18.2475,18.234,18.2198,18.207,18.1954,18.1833,18.1724,18.1619,18.1519,18.1427,18.1335,18.1252,18.1169,18.1091,18.1017,18.0947,18.0881,18.0816,4.31054,4.08746,3.87552,3.67975,3.48798,3.31072,3.14628,2.98582,2.8336
0.876947,22.3057,19.1918,16.4585,14.8667,13.8491,13.5066,13.5487,13.9047,14.7578,16.2936,17.5876,17.7222,17.5807,17.289,16.9339,16.6072,16.4639,16.7823,17.713,19.25,20.2649,19.8287,19.0425,18.3082,17.7428,17.5011,17.4947,17.7739,18.1317,18.3478,18.4945,18.4899,18.3898,18.2805,18.1227,18.1121,18.1263,18.3183,18.8301,19.1417,19.2841,19.1577,18.8238,18.589,18.3228,18.2556,18.3235,18.4198,18.5481,18.5996,18.679,18.5788,18.4446,18.4742,18.7682,18.8433,18.6273,18.5329,18.5759,18.6437,18.6369,18.5733,18.5196,18.5569,18.6483,18.7009,18.6207,18.5564,18.5709,18.5923,18.5812,18.5407,18.5226,18.5384,18.5561,18.5371,18.5076,18.4885,18.492,18.493,18.5386,18.5211,18.5134,18.5153,18.5122,18.4985,18.4848,18.4787,18.4761,18.4702,18.4604,18.4443,18.4195,18.3982,18.3768,18.3571,18.3391,18.3208,18.3042,18.2876,18.2713,18.2565,18.2432,18.229,18.2163,18.2047,18.1927,18.1818,18.1714,18.1613,18.1523,18.1431,18.1348,18.1265,18.1187,18.1113,18.1044,18.0978,18.0914,18.0854,4.15709,3.93755,3.7369,3.54163,3.362,3.196,3.03461,2.88204
0.88237,22.3068,19.1925,16.4592,14.8675,13.8503,13.5083,13.5509,13.9073,14.7611,16.2977,17.5907,17.725,17.5834,17.2916,16.9364,16.6099,16.4671,16.7867,17.7182,19.2557,20.2686,19.8317,19.0451,18.3108,17.7457,17.5044,17.4989,17.7787,18.1366,18.3525,18.4989,18.4942,18.394,18.2846,18.1269,18.1164,18.1314,18.3241,18.8363,19.1477,19.2892,19.1624,18.8282,18.5934,18.3274,18.2606,18.3291,18.4256,18.554,18.6053,18.6846,18.5842,18.4501,18.4805,18.7752,18.8496,18.6331,18.5389,18.5825,18.6504,18.6434,18.5797,18.5261,18.564,18.6557,18.708,18.6275,18.5634,18.578,18.5995,18.5884,18.5478,18.5297,18.5459,18.5638,18.5445,18.515,18.496,18.4996,18.5006,18.5462,18.5286,18.5211,18.5232,18.5201,18.5062,18.4925,18.4866,18.484,18.4781,18.4683,18.4524,18.4276,18.4063,18.3851,18.3654,18.3475,18.3292,18.3127,18.2962,18.28,18.2653,18.2519,18.2378,18.2251,18.2136,18.2016,18.1908,18.1804,18.1704,18.1614,18.1522,18.144,18.1358,18.128,18.1206,18.1137,18.1071,18.1007,18.0948,18.0891,4.00935,3.79865,3.59682,3.41277,3.24363,3.07981,2.92543
0.887569,22.3079,19.1931,16.4598,14.8683,13.8515,13.5099,13.553,13.9099,14.7643,16.3016,17.5937,17.7277,17.5859,17.294,16.9388,16.6124,16.4701,16.7908,17.7231,19.2611,20.2722,19.8345,19.0477,18.3134,17.7484,17.5076,17.5029,17.7833,18.1412,18.357,18.5032,18.4982,18.3979,18.2885,18.1308,18.1206,18.1362,18.3297,18.8423,19.1534,19.2941,19.1669,18.8324,18.5975,18.3317,18.2654,18.3346,18.4312,18.5595,18.6108,18.6899,18.5894,18.4553,18.4865,18.7819,18.8556,18.6387,18.5447,18.5888,18.6567,18.6496,18.5858,18.5323,18.5708,18.6628,18.7147,18.634,18.5699,18.5848,18.6064,18.5952,18.5546,18.5365,18.5531,18.571,18.5516,18.5219,18.5031,18.5068,18.5078,18.5534,18.5359,18.5285,18.5306,18.5275,18.5137,18.4999,18.4941,18.4915,18.4856,18.4758,18.46,18.4353,18.4141,18.3929,18.3733,18.3555,18.3373,18.3208,18.3044,18.2882,18.2736,18.2603,18.2463,18.2336,18.2221,18.2102,18.1994,18.189,18.1791,18.1701,18.161,18.1527,18.1445,18.1368,18.1294,18.1225,18.116,18.1097,18.1037,18.0981,18.0927,3.87793,3.66045,3.4678,3.29308,3.12513,2.96765
0.892553,22.3089,19.1937,16.4604,14.8691,13.8527,13.5115,13.5549,13.9123,14.7673,16.3053,17.5965,17.7302,17.5883,17.2963,16.9411,16.6147,16.4729,16.7947,17.7278,19.2662,20.2756,19.8372,19.0501,18.3157,17.751,17.5106,17.5067,17.7876,18.1456,18.3613,18.5071,18.502,18.4016,18.2922,18.1346,18.1245,18.1407,18.3349,18.848,19.1588,19.2987,19.1712,18.8363,18.6015,18.3359,18.2699,18.3396,18.4364,18.5647,18.6159,18.6949,18.5942,18.4603,18.4922,18.7882,18.8613,18.6439,18.5501,18.5947,18.6626,18.6554,18.5915,18.5381,18.5771,18.6695,18.721,18.64,18.5762,18.5912,18.6128,18.6016,18.5609,18.543,18.5598,18.5779,18.5583,18.5285,18.5097,18.5136,18.5146,18.5602,18.5427,18.5354,18.5376,18.5346,18.5206,18.5069,18.5011,18.4986,18.4927,18.4829,18.4672,18.4425,18.4214,18.4003,18.3808,18.363,18.3449,18.3285,18.3121,18.296,18.2814,18.2682,18.2542,18.2415,18.23,18.2182,18.2074,18.1971,18.1872,18.1782,18.1692,18.161,18.1528,18.1451,18.1378,18.1309,18.1244,18.118,18.1121,18.1065,18.1011,18.0961,3.76066,3.53731,3.3499,3.17436,3.01155
0.897329,22.3099,19.1943,16.4609,14.8698,13.8539,13.5129,13.5568,13.9145,14.7702,16.3088,17.5992,17.7326,17.5905,17.2985,16.9433,16.617,16.4756,16.7984,17.7322,19.271,20.2788,19.8397,19.0523,18.318,17.7535,17.5135,17.5103,17.7917,18.1498,18.3653,18.5109,18.5056,18.4052,18.2958,18.1381,18.1282,18.145,18.3399,18.8533,19.1638,19.3031,19.1752,18.8401,18.6052,18.3398,18.2741,18.3445,18.4414,18.5697,18.6208,18.6996,18.5988,18.465,18.4976,18.7942,18.8667,18.6488,18.5552,18.6003,18.6683,18.6609,18.597,18.5437,18.5832,18.6758,18.727,18.6458,18.5821,18.5973,18.619,18.6077,18.5669,18.5491,18.5662,18.5844,18.5647,18.5348,18.5161,18.52,18.5211,18.5667,18.5492,18.542,18.5443,18.5413,18.5273,18.5136,18.5078,18.5054,18.4995,18.4897,18.474,18.4494,18.4284,18.4074,18.3879,18.3701,18.3521,18.3357,18.3194,18.3033,18.2888,18.2756,18.2617,18.2491,18.2376,18.2258,18.2151,18.2048,18.1949,18.186,18.177,18.1688,18.1606,18.1529,18.1456,18.1388,18.1323,18.126,18.1201,18.1145,18.1091,18.1041,18.0991,4.06708,3.44318,3.23841,3.06357
0.901905,22.3108,19.1948,16.4615,14.8705,13.8549,13.5143,13.5586,13.9167,14.7729,16.3122,17.6017,17.7349,17.5927,17.3005,16.9453,16.6192,16.4782,16.802,17.7365,19.2757,20.2819,19.8422,19.0545,18.3202,17.7559,17.5162,17.5138,17.7957,18.1538,18.3692,18.5146,18.5091,18.4086,18.2991,18.1415,18.1318,18.1492,18.3447,18.8585,19.1687,19.3073,19.179,18.8437,18.6088,18.3436,18.2783,18.3491,18.4462,18.5744,18.6254,18.7042,18.6033,18.4695,18.5028,18.7999,18.8719,18.6536,18.5602,18.6057,18.6737,18.6662,18.6022,18.549,18.589,18.6819,18.7328,18.6513,18.5877,18.6032,18.6249,18.6135,18.5727,18.5549,18.5724,18.5906,18.5707,18.5408,18.5222,18.5262,18.5273,18.5729,18.5554,18.5482,18.5507,18.5477,18.5336,18.5199,18.5142,18.5118,18.506,18.4961,18.4806,18.456,18.435,18.4141,18.3947,18.377,18.359,18.3427,18.3264,18.3104,18.2959,18.2828,18.2689,18.2563,18.2449,18.2331,18.2224,18.2122,18.2023,18.1934,18.1844,18.1763,18.1681,18.1605,18.1532,18.1464,18.1399,18.1336,18.1277,18.1222,18.1168,18.1118,18.1069,18.1022,3.93539,3.72064,3.16042
0.906287,22.3117,19.1954,16.462,14.8712,13.8559,13.5157,13.5604,13.9188,14.7755,16.3154,17.6042,17.7371,17.5947,17.3025,16.9473,16.6212,16.4807,16.8054,17.7406,19.2801,20.2848,19.8445,19.0566,18.3223,17.7582,17.5188,17.5171,17.7995,18.1576,18.3729,18.5181,18.5124,18.4118,18.3024,18.1448,18.1353,18.1532,18.3493,18.8634,19.1734,19.3113,19.1827,18.8471,18.6122,18.3472,18.2822,18.3536,18.4508,18.579,18.6299,18.7085,18.6075,18.4738,18.5077,18.8054,18.8768,18.6581,18.5649,18.6109,18.6789,18.6713,18.6072,18.5541,18.5946,18.6877,18.7383,18.6566,18.5931,18.6088,18.6305,18.6191,18.5783,18.5605,18.5782,18.5966,18.5765,18.5465,18.528,18.5321,18.5332,18.5789,18.5613,18.5543,18.5568,18.5538,18.5397,18.526,18.5204,18.518,18.5121,18.5023,18.4868,18.4623,18.4414,18.4205,18.4012,18.3836,18.3656,18.3493,18.3331,18.3171,18.3027,18.2896,18.2757,18.2632,18.2518,18.2401,18.2295,18.2192,18.2094,18.2005,18.1915,18.1834,18.1753,18.1677,18.1604,18.1536,18.1472,18.1409,18.135,18.1295,18.1241,18.1192,18.1142,18.1096,18.1053,3.79647,3.59507
0.910484,22.3125,19.1958,16.4625,14.8718,13.8568,13.5169,13.562,13.9208,14.778,16.3185,17.6065,17.7392,17.5967,17.3044,16.9492,16.6232,16.4831,16.8086,17.7444,19.2843,20.2876,19.8467,19.0586,18.3242,17.7603,17.5213,17.5202,17.803,18.1612,18.3764,18.5213,18.5156,18.4149,18.3054,18.1479,18.1385,18.1569,18.3536,18.868,19.1778,19.3151,19.1862,18.8503,18.6154,18.3506,18.2859,18.3578,18.4551,18.5833,18.6341,18.7126,18.6115,18.4778,18.5124,18.8105,18.8815,18.6624,18.5694,18.6157,18.6838,18.6761,18.6119,18.5589,18.5998,18.6931,18.7435,18.6616,18.5982,18.614,18.6358,18.6243,18.5835,18.5658,18.5838,18.6022,18.582,18.5519,18.5335,18.5377,18.5388,18.5844,18.5669,18.5599,18.5626,18.5596,18.5454,18.5317,18.5261,18.5238,18.5179,18.5081,18.4927,18.4682,18.4474,18.4266,18.4073,18.3897,18.3718,18.3556,18.3394,18.3235,18.3091,18.296,18.2822,18.2697,18.2584,18.2466,18.236,18.2258,18.216,18.2072,18.1982,18.1901,18.1821,18.1744,18.1672,18.1604,18.154,18.1477,18.1419,18.1364,18.131,18.1261,18.1211,18.1166,18.1123,18.1081,3.65948
0.914501,22.3133,19.1963,16.4629,14.8724,13.8577,13.5181,13.5635,13.9227,14.7804,16.3214,17.6087,17.7412,17.5985,17.3062,16.9509,16.625,16.4853,16.8117,17.7481,19.2883,20.2902,19.8488,19.0605,18.3261,17.7623,17.5236,17.5231,17.8064,18.1646,18.3797,18.5245,18.5185,18.4178,18.3083,18.1508,18.1415,18.1605,18.3577,18.8724,19.182,19.3187,19.1895,18.8534,18.6184,18.3538,18.2894,18.3617,18.4592,18.5873,18.6381,18.7165,18.6153,18.4817,18.5168,18.8154,18.8859,18.6665,18.5736,18.6204,18.6884,18.6806,18.6163,18.5635,18.6048,18.6983,18.7484,18.6663,18.603,18.619,18.6408,18.6293,18.5884,18.5708,18.589,18.6076,18.5872,18.557,18.5387,18.543,18.5441,18.5897,18.5722,18.5653,18.568,18.565,18.5508,18.5371,18.5316,18.5293,18.5235,18.5136,18.4983,18.4739,18.453,18.4323,18.4131,18.3956,18.3777,18.3615,18.3454,18.3295,18.3151,18.3021,18.2883,18.2759,18.2646,18.2529,18.2423,18.2321,18.2224,18.2135,18.2046,18.1965,18.1885,18.1808,18.1737,18.1669,18.1605,18.1542,18.1484,18.1429,18.1376,18.1326,18.1277,18.1231,18.1189,18.1147,18.1108
0.918347,22.3141,19.1968,16.4634,14.873,13.8585,13.5193,13.565,13.9245,14.7826,16.3242,17.6108,17.7431,17.6003,17.3079,16.9526,16.6268,16.4874,16.8146,17.7516,19.2922,20.2928,19.8508,19.0623,18.3279,17.7643,17.5259,17.526,17.8097,18.168,18.3829,18.5275,18.5214,18.4206,18.3111,18.1536,18.1445,18.1639,18.3617,18.8767,19.186,19.3222,19.1926,18.8564,18.6214,18.3569,18.2928,18.3656,18.4632,18.5913,18.642,18.7202,18.6189,18.4854,18.5211,18.8202,18.8901,18.6704,18.5777,18.6248,18.6929,18.685,18.6207,18.5679,18.6096,18.7033,18.7532,18.6708,18.6077,18.6239,18.6457,18.6341,18.5932,18.5756,18.5941,18.6127,18.5922,18.5619,18.5437,18.5481,18.5492,18.5949,18.5773,18.5705,18.5733,18.5703,18.5561,18.5424,18.5369,18.5347,18.5288,18.5189,18.5037,18.4793,18.4585,18.4379,18.4187,18.4012,18.3834,18.3673,18.3511,18.3353,18.321,18.308,18.2942,18.2818,18.2706,18.2589,18.2483,18.2382,18.2285,18.2196,18.2107,18.2027,18.1947,18.1871,18.1799,18.1731,18.1667,18.1605,18.1547,18.1492,18.1439,18.1389,18.1341,18.1295,18.1253,18.1211,18.1172
0.922027,22.3148,19.1972,16.4638,14.8735,13.8593,13.5204,13.5665,13.9262,14.7848,16.3268,17.6129,17.7449,17.602,17.3096,16.9543,16.6285,16.4895,16.8174,17.755,19.2958,20.2952,19.8528,19.064,18.3296,17.7662,17.5281,17.5287,17.8128,18.1711,18.3859,18.5303,18.5242,18.4233,18.3137,18.1563,18.1473,18.1672,18.3655,18.8807,19.1899,19.3255,19.1957,18.8592,18.6242,18.3599,18.296,18.3692,18.4669,18.595,18.6456,18.7238,18.6224,18.489,18.5251,18.8247,18.8942,18.6741,18.5815,18.6291,18.6971,18.6891,18.6248,18.5721,18.6141,18.7081,18.7577,18.6752,18.6121,18.6284,18.6503,18.6387,18.5977,18.5802,18.5989,18.6176,18.597,18.5666,18.5485,18.5529,18.5541,18.5997,18.5822,18.5754,18.5783,18.5753,18.561,18.5473,18.5419,18.5397,18.5339,18.524,18.5088,18.4845,18.4637,18.4431,18.424,18.4066,18.3888,18.3727,18.3566,18.3408,18.3265,18.3136,18.2998,18.2875,18.2762,18.2646,18.2541,18.2439,18.2342,18.2254,18.2166,18.2085,18.2005,18.1929,18.1858,18.179,18.1727,18.1664,18.1606,18.1552,18.1499,18.1449,18.14,18.1355,18.1313,18.1271,18.1232
0.925548,22.3155,19.1976,16.4642,14.874,13.8601,13.5214,13.5678,13.9278,14.7868,16.3293,17.6148,17.7466,17.6036,17.3111,16.9558,16.6301,16.4914,16.8201,17.7581,19.2992,20.2975,19.8546,19.0656,18.3312,17.7679,17.5301,17.5313,17.8157,18.174,18.3888,18.533,18.5267,18.4258,18.3162,18.1588,18.15,18.1702,18.369,18.8845,19.1934,19.3286,19.1985,18.8619,18.6268,18.3626,18.2991,18.3727,18.4705,18.5985,18.6491,18.7271,18.6257,18.4923,18.5289,18.8289,18.898,18.6776,18.5852,18.633,18.7011,18.693,18.6286,18.576,18.6184,18.7126,18.7619,18.6792,18.6163,18.6327,18.6546,18.6429,18.6019,18.5845,18.6034,18.6222,18.6014,18.571,18.5529,18.5574,18.5586,18.6042,18.5867,18.58,18.583,18.58,18.5657,18.552,18.5466,18.5444,18.5386,18.5287,18.5136,18.4893,18.4686,18.448,18.429,18.4116,18.3938,18.3778,18.3617,18.346,18.3317,18.3188,18.3051,18.2927,18.2815,18.2699,18.2594,18.2493,18.2396,18.2309,18.222,18.214,18.206,18.1984,18.1913,18.1846,18.1782,18.172,18.1662,18.1608,18.1555,18.1506,18.1457,18.1412,18.1369,18.1328,18.1289
0.928916,22.3161,19.198,16.4646,14.8745,13.8608,13.5224,13.5691,13.9294,14.7888,16.3317,17.6166,17.7482,17.6052,17.3126,16.9572,16.6317,16.4932,16.8226,17.7611,19.3025,20.2997,19.8563,19.0671,18.3328,17.7696,17.532,17.5337,17.8185,18.1769,18.3915,18.5356,18.5292,18.4282,18.3186,18.1612,18.1525,18.1732,18.3724,18.8881,19.1969,19.3315,19.2012,18.8644,18.6294,18.3653,18.302,18.3759,18.4738,18.6018,18.6524,18.7303,18.6288,18.4955,18.5326,18.8329,18.9016,18.6809,18.5887,18.6368,18.7049,18.6967,18.6323,18.5798,18.6225,18.7168,18.766,18.6831,18.6203,18.6369,18.6587,18.647,18.606,18.5886,18.6078,18.6266,18.6057,18.5752,18.5572,18.5618,18.563,18.6086,18.5911,18.5844,18.5875,18.5845,18.5702,18.5565,18.5511,18.549,18.5431,18.5333,18.5182,18.4939,18.4733,18.4528,18.4337,18.4164,18.3987,18.3827,18.3666,18.3509,18.3367,18.3238,18.3101,18.2978,18.2866,18.275,18.2646,18.2545,18.2448,18.2361,18.2272,18.2192,18.2113,18.2037,18.1966,18.1899,18.1835,18.1773,18.1715,18.1661,18.1609,18.1559,18.1511,18.1466,18.1423,18.1382,18.1343
0.932137,22.3168,19.1984,16.465,14.875,13.8615,13.5234,13.5703,13.9309,14.7906,16.334,17.6183,17.7498,17.6066,17.314,16.9587,16.6331,16.495,16.825,17.764,19.3057,20.3018,19.858,19.0686,18.3342,17.7712,17.5339,17.5361,17.8212,18.1796,18.3941,18.538,18.5315,18.4305,18.3209,18.1635,18.1549,18.176,18.3756,18.8916,19.2002,19.3344,19.2038,18.8668,18.6318,18.3679,18.3048,18.3791,18.4771,18.6051,18.6555,18.7334,18.6318,18.4985,18.5361,18.8368,18.9051,18.6841,18.592,18.6405,18.7086,18.7003,18.6358,18.5834,18.6264,18.7209,18.7699,18.6868,18.6241,18.6408,18.6627,18.651,18.6099,18.5926,18.6119,18.6308,18.6098,18.5792,18.5613,18.5659,18.5672,18.6128,18.5953,18.5887,18.5918,18.5888,18.5744,18.5607,18.5554,18.5533,18.5475,18.5376,18.5227,18.4984,18.4778,18.4573,18.4383,18.421,18.4033,18.3873,18.3714,18.3557,18.3415,18.3286,18.315,18.3027,18.2915,18.28,18.2695,18.2594,18.2498,18.2411,18.2322,18.2243,18.2163,18.2088,18.2017,18.195,18.1886,18.1825,18.1767,18.1713,18.166,18.1611,18.1563,18.1517,18.1475,18.1434,18.1395
0.935218,22.3174,19.1987,16.4653,14.8755,13.8622,13.5243,13.5715,13.9323,14.7924,16.3362,17.62,17.7513,17.608,17.3153,16.96,16.6346,16.4967,16.8274,17.7668,19.3087,20.3037,19.8595,19.07,18.3357,17.7728,17.5357,17.5383,17.8237,18.1822,18.3966,18.5404,18.5338,18.4327,18.3231,18.1657,18.1572,18.1787,18.3788,18.895,19.2034,19.3371,19.2063,18.8692,18.6341,18.3703,18.3074,18.3821,18.4802,18.6081,18.6585,18.7363,18.6346,18.5014,18.5394,18.8405,18.9084,18.6872,18.5952,18.644,18.712,18.7037,18.6392,18.5868,18.6302,18.7248,18.7736,18.6904,18.6277,18.6446,18.6665,18.6547,18.6136,18.5963,18.6159,18.6348,18.6137,18.5831,18.5652,18.5699,18.5712,18.6168,18.5993,18.5927,18.5959,18.593,18.5785,18.5648,18.5596,18.5575,18.5516,18.5418,18.5269,18.5026,18.482,18.4616,18.4427,18.4254,18.4078,18.3918,18.3759,18.3602,18.346,18.3332,18.3196,18.3073,18.2962,18.2846,18.2742,18.2642,18.2545,18.2458,18.237,18.229,18.2211,18.2136,18.2065,18.1998,18.1935,18.1873,18.1816,18.1762,18.1709,18.166,18.1612,18.1567,18.1525,18.1484,18.1445
0.938163,22.3179,19.199,16.4656,14.8759,13.8628,13.5252,13.5726,13.9336,14.7941,16.3383,17.6216,17.7527,17.6094,17.3166,16.9613,16.6359,16.4983,16.8295,17.7694,19.3115,20.3056,19.861,19.0714,18.337,17.7742,17.5373,17.5405,17.8262,18.1846,18.399,18.5426,18.5359,18.4347,18.3252,18.1678,18.1594,18.1812,18.3817,18.8981,19.2063,19.3397,19.2086,18.8714,18.6363,18.3726,18.3099,18.3849,18.4831,18.611,18.6614,18.7391,18.6373,18.5042,18.5426,18.844,18.9115,18.6901,18.5982,18.6472,18.7153,18.7069,18.6423,18.5901,18.6337,18.7285,18.7771,18.6937,18.6312,18.6481,18.6701,18.6583,18.6171,18.5999,18.6196,18.6386,18.6174,18.5867,18.5689,18.5737,18.5749,18.6205,18.603,18.5965,18.5998,18.5968,18.5824,18.5687,18.5635,18.5614,18.5556,18.5457,18.5308,18.5066,18.4861,18.4657,18.4468,18.4295,18.4119,18.396,18.3801,18.3645,18.3503,18.3375,18.3239,18.3117,18.3006,18.289,18.2786,18.2686,18.259,18.2503,18.2415,18.2336,18.2256,18.2181,18.2111,18.2044,18.1981,18.1919,18.1862,18.1808,18.1755,18.1707,18.1658,18.1613,18.1571,18.153,18.1492
0.940979,22.3185,19.1994,16.4659,14.8763,13.8634,13.526,13.5736,13.9349,14.7957,16.3402,17.6231,17.754,17.6106,17.3178,16.9625,16.6371,16.4998,16.8316,17.7719,19.3142,20.3074,19.8624,19.0726,18.3383,17.7756,17.5389,17.5425,17.8285,18.1869,18.4012,18.5447,18.5379,18.4367,18.3271,18.1698,18.1615,18.1836,18.3845,18.9011,19.2092,19.3421,19.2109,18.8734,18.6383,18.3748,18.3123,18.3876,18.4859,18.6138,18.6641,18.7417,18.6399,18.5068,18.5456,18.8473,18.9145,18.6928,18.6011,18.6504,18.7185,18.71,18.6454,18.5931,18.6371,18.732,18.7804,18.6969,18.6344,18.6515,18.6735,18.6616,18.6205,18.6033,18.6232,18.6422,18.6209,18.5902,18.5724,18.5772,18.5785,18.6241,18.6066,18.6002,18.6035,18.6005,18.586,18.5723,18.5672,18.5651,18.5593,18.5494,18.5346,18.5104,18.4899,18.4696,18.4507,18.4335,18.4159,18.4,18.3841,18.3685,18.3544,18.3416,18.3281,18.3158,18.3047,18.2932,18.2828,18.2728,18.2632,18.2546,18.2458,18.2379,18.2299,18.2225,18.2154,18.2087,18.2024,18.1963,18.1906,18.1852,18.1799,18.1751,18.1702,18.1658,18.1616,18.1575,18.1536
0.94367,22.319,19.1997,16.4662,14.8767,13.864,13.5268,13.5747,13.9361,14.7973,16.3421,17.6245,17.7553,17.6118,17.319,16.9636,16.6384,16.5013,16.8337,17.7743,19.3169,20.3091,19.8638,19.0739,18.3395,17.777,17.5405,17.5444,17.8307,18.1892,18.4034,18.5468,18.5399,18.4386,18.329,18.1717,18.1635,18.186,18.3872,18.904,19.2119,19.3444,19.213,18.8755,18.6403,18.3769,18.3146,18.3903,18.4886,18.6164,18.6667,18.7443,18.6424,18.5093,18.5485,18.8505,18.9174,18.6955,18.6038,18.6534,18.7215,18.7129,18.6483,18.5961,18.6403,18.7354,18.7836,18.7,18.6376,18.6548,18.6768,18.6649,18.6237,18.6065,18.6266,18.6457,18.6243,18.5935,18.5758,18.5807,18.582,18.6276,18.6101,18.6037,18.6071,18.6041,18.5896,18.5759,18.5707,18.5687,18.5629,18.553,18.5383,18.5141,18.4936,18.4733,18.4544,18.4373,18.4197,18.4039,18.388,18.3725,18.3584,18.3456,18.3321,18.3198,18.3088,18.2973,18.2869,18.2769,18.2674,18.2587,18.2499,18.242,18.2341,18.2266,18.2196,18.2129,18.2067,18.2005,18.1948,18.1894,18.1842,18.1793,18.1745,18.17,18.1659,18.1618,18.1579
0.946242,22.3195,19.2,16.4665,14.8771,13.8646,13.5275,13.5756,13.9373,14.7987,16.3439,17.6259,17.7565,17.613,17.3201,16.9647,16.6395,16.5027,16.8356,17.7766,19.3193,20.3108,19.8651,19.075,18.3406,17.7782,17.5419,17.5463,17.8328,18.1913,18.4055,18.5487,18.5417,18.4404,18.3308,18.1735,18.1654,18.1882,18.3897,18.9067,19.2145,19.3467,19.2151,18.8774,18.6422,18.3789,18.3168,18.3927,18.4911,18.619,18.6692,18.7467,18.6447,18.5117,18.5513,18.8535,18.9201,18.698,18.6065,18.6562,18.7244,18.7157,18.651,18.5989,18.6434,18.7386,18.7866,18.7029,18.6406,18.6578,18.6799,18.6679,18.6267,18.6096,18.6298,18.649,18.6275,18.5966,18.579,18.5839,18.5852,18.6308,18.6133,18.607,18.6105,18.6075,18.5929,18.5792,18.5741,18.5721,18.5663,18.5564,18.5417,18.5176,18.4971,18.4768,18.458,18.4409,18.4234,18.4075,18.3917,18.3762,18.3621,18.3493,18.3358,18.3236,18.3126,18.3011,18.2908,18.2808,18.2712,18.2626,18.2538,18.2459,18.238,18.2306,18.2235,18.2169,18.2106,18.2045,18.1988,18.1934,18.1882,18.1833,18.1785,18.1741,18.1699,18.1658,18.162
0.948701,22.3199,19.2002,16.4668,14.8774,13.8651,13.5282,13.5765,13.9384,14.8001,16.3456,17.6272,17.7577,17.6141,17.3212,16.9658,16.6406,16.504,16.8374,17.7787,19.3217,20.3123,19.8663,19.0761,18.3417,17.7794,17.5433,17.548,17.8348,18.1933,18.4074,18.5505,18.5435,18.4421,18.3325,18.1752,18.1672,18.1903,18.3921,18.9093,19.2169,19.3488,19.217,18.8792,18.644,18.3808,18.3189,18.395,18.4935,18.6213,18.6715,18.7489,18.6469,18.5139,18.5538,18.8564,18.9227,18.7003,18.6089,18.6589,18.7271,18.7184,18.6536,18.6016,18.6463,18.7417,18.7895,18.7056,18.6434,18.6608,18.6828,18.6708,18.6296,18.6125,18.6329,18.6521,18.6305,18.5996,18.5821,18.587,18.5883,18.6339,18.6164,18.6101,18.6136,18.6106,18.5961,18.5824,18.5773,18.5753,18.5695,18.5596,18.5449,18.5208,18.5004,18.4802,18.4614,18.4443,18.4268,18.411,18.3952,18.3797,18.3656,18.3529,18.3394,18.3272,18.3161,18.3047,18.2944,18.2844,18.2749,18.2662,18.2575,18.2496,18.2417,18.2343,18.2273,18.2206,18.2144,18.2083,18.2025,18.1972,18.192,18.1871,18.1823,18.1779,18.1737,18.1696,18.1658
0.951049,22.3204,19.2005,16.4671,14.8778,13.8656,13.5289,13.5774,13.9395,14.8014,16.3473,17.6284,17.7588,17.6151,17.3222,16.9668,16.6417,16.5052,16.8391,17.7808,19.3239,20.3138,19.8675,19.0772,18.3428,17.7806,17.5446,17.5497,17.8367,18.1952,18.4093,18.5523,18.5451,18.4438,18.3341,18.1768,18.1689,18.1923,18.3944,18.9117,19.2192,19.3508,19.2188,18.8809,18.6457,18.3826,18.3209,18.3973,18.4958,18.6236,18.6737,18.7511,18.6491,18.5161,18.5563,18.8591,18.9251,18.7026,18.6113,18.6615,18.7296,18.7209,18.6561,18.6041,18.6491,18.7446,18.7923,18.7083,18.6461,18.6635,18.6856,18.6736,18.6324,18.6153,18.6358,18.655,18.6334,18.6024,18.585,18.5899,18.5913,18.6368,18.6193,18.6131,18.6167,18.6137,18.5991,18.5854,18.5803,18.5784,18.5726,18.5626,18.548,18.524,18.5035,18.4834,18.4646,18.4475,18.4301,18.4143,18.3985,18.383,18.3689,18.3562,18.3428,18.3306,18.3196,18.3082,18.2978,18.2879,18.2784,18.2697,18.261,18.2531,18.2453,18.2378,18.2308,18.2242,18.218,18.2119,18.2062,18.2008,18.1956,18.1908,18.186,18.1815,18.1774,18.1733,18.1694
0.953293,22.3208,19.2007,16.4673,14.8781,13.8661,13.5296,13.5782,13.9405,14.8027,16.3488,17.6296,17.7599,17.6161,17.3231,16.9677,16.6427,16.5064,16.8407,17.7827,19.326,20.3152,19.8686,19.0782,18.3438,17.7817,17.5459,17.5513,17.8385,18.1971,18.411,18.5539,18.5467,18.4453,18.3357,18.1784,18.1706,18.1942,18.3967,18.9141,19.2215,19.3527,19.2206,18.8825,18.6474,18.3843,18.3227,18.3994,18.498,18.6258,18.6759,18.7532,18.6511,18.5182,18.5587,18.8617,18.9275,18.7047,18.6136,18.664,18.7321,18.7233,18.6585,18.6066,18.6517,18.7473,18.7949,18.7108,18.6487,18.6662,18.6883,18.6763,18.635,18.618,18.6386,18.6579,18.6361,18.6052,18.5877,18.5928,18.5941,18.6397,18.6222,18.616,18.6196,18.6166,18.602,18.5883,18.5832,18.5813,18.5755,18.5656,18.551,18.5269,18.5065,18.4864,18.4677,18.4506,18.4332,18.4174,18.4016,18.3862,18.3722,18.3595,18.346,18.3339,18.3229,18.3115,18.3012,18.2912,18.2817,18.2731,18.2644,18.2565,18.2487,18.2413,18.2342,18.2276,18.2214,18.2153,18.2096,18.2042,18.1991,18.1942,18.1894,18.185,18.1809,18.1768,18.1729
0.955436,22.3212,19.201,16.4676,14.8784,13.8665,13.5302,13.5791,13.9414,14.8039,16.3503,17.6307,17.7609,17.6171,17.3241,16.9686,16.6436,16.5076,16.8423,17.7846,19.3281,20.3166,19.8697,19.0791,18.3447,17.7827,17.5471,17.5528,17.8402,18.1989,18.4127,18.5555,18.5483,18.4468,18.3372,18.1799,18.1722,18.196,18.3988,18.9163,19.2236,19.3545,19.2223,18.8841,18.6489,18.386,18.3246,18.4015,18.5001,18.6279,18.6779,18.7552,18.653,18.5201,18.561,18.8642,18.9298,18.7068,18.6157,18.6664,18.7345,18.7256,18.6608,18.6089,18.6543,18.75,18.7974,18.7132,18.6512,18.6688,18.6908,18.6788,18.6375,18.6205,18.6413,18.6606,18.6388,18.6078,18.5904,18.5955,18.5968,18.6424,18.6249,18.6187,18.6224,18.6194,18.6047,18.5911,18.586,18.5842,18.5783,18.5684,18.5539,18.5298,18.5095,18.4893,18.4706,18.4536,18.4362,18.4204,18.4047,18.3893,18.3753,18.3626,18.3492,18.337,18.326,18.3146,18.3043,18.2944,18.2849,18.2763,18.2676,18.2598,18.2519,18.2445,18.2375,18.2309,18.2247,18.2186,18.2129,18.2076,18.2024,18.1976,18.1928,18.1884,18.1842,18.1802,18.1763
0.957483,22.3216,19.2012,16.4678,14.8787,13.867,13.5308,13.5798,13.9424,14.8051,16.3517,17.6318,17.7619,17.618,17.3249,16.9695,16.6445,16.5087,16.8438,17.7864,19.3301,20.3179,19.8708,19.0801,18.3457,17.7837,17.5483,17.5543,17.8419,18.2005,18.4144,18.5571,18.5497,18.4482,18.3386,18.1814,18.1737,18.1978,18.4008,18.9185,19.2257,19.3563,19.2239,18.8856,18.6504,18.3876,18.3263,18.4034,18.5021,18.6299,18.6799,18.7571,18.6549,18.522,18.5632,18.8666,18.9319,18.7088,18.6178,18.6686,18.7367,18.7278,18.663,18.6111,18.6567,18.7525,18.7998,18.7155,18.6535,18.6712,18.6933,18.6813,18.6399,18.623,18.6439,18.6632,18.6413,18.6103,18.5929,18.598,18.5994,18.645,18.6275,18.6213,18.625,18.6221,18.6074,18.5937,18.5887,18.5868,18.581,18.5711,18.5566,18.5326,18.5122,18.4921,18.4734,18.4564,18.4391,18.4233,18.4076,18.3922,18.3782,18.3655,18.3521,18.34,18.329,18.3177,18.3074,18.2975,18.288,18.2794,18.2707,18.2629,18.255,18.2476,18.2406,18.234,18.2278,18.2218,18.2161,18.2107,18.2056,18.2007,18.196,18.1915,18.1874,18.1834,18.1795
0.959438,22.322,19.2014,16.468,14.879,13.8674,13.5314,13.5805,13.9432,14.8062,16.3531,17.6329,17.7628,17.6189,17.3258,16.9703,16.6454,16.5097,16.8453,17.7881,19.3319,20.3191,19.8717,19.0809,18.3465,17.7847,17.5494,17.5557,17.8435,18.2021,18.4159,18.5585,18.5511,18.4496,18.3399,18.1827,18.1751,18.1994,18.4027,18.9205,19.2276,19.358,19.2254,18.887,18.6518,18.3891,18.3279,18.4053,18.504,18.6318,18.6817,18.7589,18.6566,18.5238,18.5652,18.8689,18.9339,18.7107,18.6198,18.6707,18.7389,18.7299,18.665,18.6132,18.659,18.7549,18.8021,18.7177,18.6558,18.6735,18.6956,18.6835,18.6422,18.6253,18.6463,18.6657,18.6437,18.6126,18.5953,18.6005,18.6018,18.6474,18.6299,18.6238,18.6276,18.6246,18.6099,18.5962,18.5912,18.5894,18.5836,18.5736,18.5592,18.5352,18.5148,18.4948,18.4761,18.4591,18.4418,18.426,18.4103,18.3949,18.381,18.3683,18.3549,18.3428,18.3319,18.3205,18.3102,18.3004,18.2909,18.2823,18.2736,18.2658,18.258,18.2506,18.2436,18.237,18.2308,18.2247,18.219,18.2137,18.2086,18.2037,18.199,18.1945,18.1904,18.1864,18.1825
0.961305,22.3223,19.2016,16.4682,14.8792,13.8678,13.5319,13.5812,13.9441,14.8072,16.3544,17.6338,17.7637,17.6197,17.3266,16.9711,16.6462,16.5107,16.8466,17.7897,19.3337,20.3202,19.8726,19.0818,18.3473,17.7856,17.5504,17.557,17.845,18.2036,18.4174,18.5599,18.5524,18.4509,18.3412,18.184,18.1764,18.201,18.4045,18.9225,19.2294,19.3595,19.2268,18.8884,18.6532,18.3905,18.3295,18.407,18.5058,18.6335,18.6835,18.7606,18.6583,18.5255,18.5672,18.871,18.9359,18.7124,18.6216,18.6728,18.7409,18.7319,18.667,18.6152,18.6612,18.7572,18.8042,18.7197,18.6579,18.6757,18.6978,18.6857,18.6444,18.6275,18.6486,18.668,18.6459,18.6149,18.5976,18.6028,18.6041,18.6497,18.6322,18.6261,18.6299,18.627,18.6122,18.5986,18.5936,18.5918,18.586,18.576,18.5616,18.5376,18.5173,18.4973,18.4786,18.4617,18.4443,18.4286,18.4129,18.3976,18.3836,18.371,18.3576,18.3455,18.3346,18.3232,18.313,18.3031,18.2936,18.285,18.2764,18.2686,18.2607,18.2534,18.2464,18.2398,18.2336,18.2275,18.2219,18.2165,18.2114,18.2066,18.2018,18.1974,18.1933,18.1892,18.1854
0.963088,22.3227,19.2018,16.4684,14.8795,13.8682,13.5324,13.5819,13.9449,14.8082,16.3556,17.6347,17.7645,17.6205,17.3273,16.9718,16.647,16.5116,16.8479,17.7913,19.3353,20.3213,19.8735,19.0825,18.3481,17.7864,17.5514,17.5582,17.8464,18.2051,18.4187,18.5612,18.5537,18.4521,18.3424,18.1852,18.1777,18.2025,18.4062,18.9243,19.2312,19.361,19.2282,18.8897,18.6544,18.3918,18.3309,18.4087,18.5075,18.6352,18.6851,18.7622,18.6598,18.5271,18.569,18.873,18.9377,18.7141,18.6234,18.6747,18.7428,18.7338,18.6688,18.6171,18.6633,18.7593,18.8062,18.7217,18.6599,18.6778,18.6999,18.6878,18.6464,18.6295,18.6508,18.6702,18.6481,18.617,18.5997,18.6049,18.6063,18.6519,18.6344,18.6283,18.6322,18.6292,18.6144,18.6008,18.5959,18.594,18.5882,18.5783,18.5639,18.5399,18.5196,18.4996,18.481,18.464,18.4467,18.431,18.4154,18.4,18.3861,18.3735,18.3601,18.348,18.3371,18.3258,18.3155,18.3056,18.2962,18.2876,18.279,18.2712,18.2634,18.256,18.249,18.2424,18.2362,18.2302,18.2245,18.2192,18.2141,18.2092,18.2045,18.2001,18.196,18.1919,18.1881
0.96479,22.323,19.202,16.4686,14.8797,13.8685,13.5329,13.5825,13.9456,14.8091,16.3567,17.6356,17.7653,17.6212,17.328,16.9725,16.6477,16.5125,16.8491,17.7927,19.3369,20.3224,19.8743,19.0833,18.3489,17.7872,17.5523,17.5594,17.8477,18.2064,18.42,18.5624,18.5548,18.4532,18.3435,18.1864,18.1789,18.2039,18.4079,18.926,19.2328,19.3624,19.2295,18.8909,18.6557,18.3931,18.3323,18.4102,18.5091,18.6368,18.6867,18.7637,18.6613,18.5286,18.5708,18.875,18.9394,18.7157,18.625,18.6765,18.7446,18.7355,18.6706,18.6189,18.6652,18.7614,18.8082,18.7235,18.6618,18.6797,18.7018,18.6897,18.6483,18.6315,18.6529,18.6723,18.6501,18.619,18.6018,18.607,18.6084,18.6539,18.6365,18.6305,18.6343,18.6314,18.6166,18.6029,18.598,18.5962,18.5904,18.5804,18.5661,18.5421,18.5218,18.5019,18.4833,18.4663,18.449,18.4334,18.4177,18.4024,18.3885,18.3759,18.3625,18.3504,18.3395,18.3282,18.318,18.3081,18.2987,18.2901,18.2815,18.2737,18.2659,18.2585,18.2515,18.245,18.2388,18.2327,18.2271,18.2218,18.2166,18.2118,18.2071,18.2026,18.1985,18.1945,18.1907
0.966415,22.3233,19.2022,16.4688,14.8799,13.8689,13.5334,13.5831,13.9463,14.8101,16.3579,17.6365,17.766,17.6219,17.3287,16.9732,16.6484,16.5134,16.8503,17.7941,19.3384,20.3234,19.8751,19.084,18.3496,17.788,17.5532,17.5605,17.849,18.2077,18.4213,18.5636,18.556,18.4543,18.3447,18.1875,18.1801,18.2053,18.4095,18.9277,19.2344,19.3638,19.2308,18.8921,18.6568,18.3943,18.3337,18.4118,18.5107,18.6384,18.6882,18.7652,18.6628,18.5301,18.5725,18.8768,18.9411,18.7172,18.6266,18.6783,18.7464,18.7373,18.6723,18.6207,18.6671,18.7634,18.81,18.7253,18.6636,18.6816,18.7038,18.6916,18.6502,18.6334,18.6549,18.6743,18.6521,18.6209,18.6037,18.609,18.6104,18.656,18.6385,18.6325,18.6364,18.6334,18.6186,18.605,18.6001,18.5983,18.5925,18.5825,18.5682,18.5443,18.524,18.5041,18.4855,18.4686,18.4513,18.4356,18.42,18.4047,18.3907,18.3782,18.3648,18.3528,18.3419,18.3305,18.3203,18.3105,18.301,18.2925,18.2839,18.2761,18.2683,18.2609,18.254,18.2474,18.2412,18.2352,18.2295,18.2242,18.2191,18.2143,18.2095,18.2051,18.201,18.197,18.1932
0.967966,22.3236,19.2024,16.4689,14.8802,13.8692,13.5338,13.5837,13.947,14.8109,16.3589,17.6373,17.7668,17.6226,17.3294,16.9739,16.6491,16.5142,16.8514,17.7955,19.3399,20.3244,19.8759,19.0847,18.3503,17.7888,17.5541,17.5616,17.8503,18.209,18.4225,18.5648,18.5571,18.4554,18.3457,18.1885,18.1812,18.2066,18.411,18.9293,19.2359,19.3651,19.232,18.8932,18.6579,18.3955,18.335,18.4132,18.5122,18.6399,18.6897,18.7666,18.6642,18.5315,18.5741,18.8786,18.9427,18.7187,18.6282,18.6799,18.7481,18.7389,18.6739,18.6223,18.669,18.7652,18.8118,18.727,18.6654,18.6834,18.7056,18.6934,18.652,18.6352,18.6568,18.6763,18.654,18.6228,18.6056,18.6109,18.6123,18.6579,18.6404,18.6345,18.6384,18.6354,18.6206,18.6069,18.6021,18.6003,18.5945,18.5845,18.5702,18.5463,18.5261,18.5061,18.4876,18.4707,18.4534,18.4378,18.4221,18.4068,18.3929,18.3804,18.367,18.355,18.3441,18.3328,18.3226,18.3127,18.3033,18.2948,18.2862,18.2784,18.2706,18.2632,18.2563,18.2497,18.2435,18.2375,18.2319,18.2266,18.2214,18.2166,18.2119,18.2075,18.2034,18.1994,18.1955
0.969447,22.3238,19.2025,16.4691,14.8804,13.8695,13.5342,13.5842,13.9477,14.8117,16.3599,17.6381,17.7674,17.6232,17.33,16.9745,16.6498,16.515,16.8525,17.7968,19.3413,20.3253,19.8766,19.0853,18.3509,17.7895,17.5549,17.5627,17.8515,18.2102,18.4237,18.5658,18.5581,18.4564,18.3467,18.1896,18.1823,18.2078,18.4124,18.9309,19.2374,19.3664,19.2331,18.8942,18.659,18.3966,18.3362,18.4146,18.5136,18.6413,18.6911,18.768,18.6655,18.5328,18.5756,18.8803,18.9442,18.7201,18.6297,18.6815,18.7497,18.7405,18.6755,18.6239,18.6707,18.767,18.8135,18.7287,18.667,18.6852,18.7073,18.6951,18.6537,18.6369,18.6586,18.6781,18.6558,18.6245,18.6074,18.6128,18.6142,18.6597,18.6422,18.6363,18.6403,18.6373,18.6225,18.6088,18.604,18.6022,18.5964,18.5864,18.5722,18.5482,18.528,18.5081,18.4896,18.4727,18.4554,18.4398,18.4242,18.4089,18.395,18.3825,18.3691,18.3571,18.3462,18.3349,18.3247,18.3149,18.3055,18.2969,18.2883,18.2805,18.2728,18.2654,18.2585,18.2519,18.2458,18.2397,18.2341,18.2288,18.2237,18.2189,18.2142,18.2097,18.2056,18.2016,18.1978
0.97086,22.3241,19.2027,16.4692,14.8806,13.8698,13.5346,13.5847,13.9483,14.8125,16.3609,17.6388,17.7681,17.6239,17.3306,16.9751,16.6504,16.5157,16.8535,17.798,19.3426,20.3262,19.8773,19.086,18.3515,17.7902,17.5557,17.5636,17.8526,18.2113,18.4248,18.5669,18.5591,18.4574,18.3477,18.1905,18.1833,18.209,18.4138,18.9323,19.2388,19.3675,19.2342,18.8953,18.66,18.3977,18.3374,18.4159,18.515,18.6426,18.6924,18.7693,18.6667,18.5341,18.5771,18.8819,18.9457,18.7214,18.631,18.683,18.7512,18.742,18.6769,18.6254,18.6723,18.7687,18.8151,18.7302,18.6686,18.6868,18.709,18.6968,18.6553,18.6386,18.6603,18.6799,18.6575,18.6262,18.6091,18.6145,18.6159,18.6614,18.644,18.6381,18.6421,18.6391,18.6242,18.6106,18.6058,18.604,18.5982,18.5882,18.574,18.5501,18.5299,18.51,18.4914,18.4746,18.4573,18.4417,18.4261,18.4109,18.397,18.3844,18.3711,18.3591,18.3482,18.337,18.3268,18.3169,18.3075,18.299,18.2904,18.2826,18.2748,18.2675,18.2606,18.254,18.2479,18.2418,18.2362,18.2309,18.2258,18.221,18.2163,18.2119,18.2078,18.2038,18.1999
0.972209,22.3243,19.2028,16.4694,14.8808,13.8701,13.535,13.5852,13.9489,14.8133,16.3618,17.6395,17.7687,17.6244,17.3311,16.9756,16.651,16.5164,16.8545,17.7991,19.3438,20.327,19.878,19.0865,18.3521,17.7908,17.5564,17.5646,17.8536,18.2124,18.4258,18.5678,18.56,18.4583,18.3486,18.1914,18.1843,18.2101,18.415,18.9337,19.24,19.3686,19.2352,18.8962,18.661,18.3987,18.3385,18.4172,18.5162,18.6439,18.6936,18.7705,18.6679,18.5353,18.5785,18.8834,18.947,18.7227,18.6323,18.6845,18.7526,18.7433,18.6783,18.6268,18.6739,18.7703,18.8166,18.7316,18.6701,18.6883,18.7105,18.6983,18.6568,18.6401,18.6619,18.6815,18.659,18.6278,18.6107,18.6161,18.6175,18.6631,18.6456,18.6397,18.6437,18.6408,18.6259,18.6122,18.6074,18.6057,18.5999,18.5899,18.5757,18.5518,18.5316,18.5117,18.4932,18.4764,18.4591,18.4435,18.428,18.4127,18.3988,18.3863,18.373,18.361,18.3501,18.3388,18.3287,18.3189,18.3094,18.3009,18.2923,18.2846,18.2768,18.2695,18.2625,18.256,18.2498,18.2438,18.2382,18.2329,18.2278,18.223,18.2183,18.2139,18.2098,18.2058,18.202
0.973496,22.3246,19.203,16.4695,14.8809,13.8703,13.5354,13.5857,13.9495,14.814,16.3627,17.6401,17.7693,17.625,17.3317,16.9762,16.6515,16.5171,16.8554,17.8002,19.345,20.3277,19.8786,19.0871,18.3527,17.7914,17.5571,17.5655,17.8546,18.2134,18.4268,18.5688,18.5609,18.4591,18.3494,18.1923,18.1852,18.2112,18.4163,18.935,19.2413,19.3697,19.2362,18.8971,18.6619,18.3996,18.3395,18.4183,18.5174,18.6451,18.6948,18.7716,18.669,18.5364,18.5798,18.8849,18.9483,18.7239,18.6336,18.6858,18.754,18.7447,18.6796,18.6281,18.6753,18.7719,18.8181,18.733,18.6715,18.6898,18.712,18.6998,18.6583,18.6416,18.6635,18.6831,18.6606,18.6292,18.6123,18.6177,18.6191,18.6646,18.6471,18.6413,18.6453,18.6424,18.6275,18.6138,18.609,18.6073,18.6015,18.5915,18.5773,18.5534,18.5333,18.5134,18.4949,18.4781,18.4609,18.4453,18.4297,18.4145,18.4006,18.3881,18.3748,18.3628,18.3519,18.3407,18.3305,18.3207,18.3113,18.3028,18.2942,18.2864,18.2787,18.2713,18.2644,18.2579,18.2517,18.2457,18.2401,18.2348,18.2297,18.2249,18.2202,18.2158,18.2117,18.2077,18.2039
0.974725,22.3248,19.2031,16.4697,14.8811,13.8706,13.5357,13.5861,13.95,14.8146,16.3635,17.6408,17.7699,17.6255,17.3322,16.9767,16.6521,16.5177,16.8563,17.8012,19.3462,20.3285,19.8792,19.0876,18.3532,17.792,17.5578,17.5663,17.8556,18.2144,18.4277,18.5696,18.5617,18.46,18.3502,18.1931,18.186,18.2122,18.4174,18.9362,19.2425,19.3707,19.2371,18.898,18.6627,18.4006,18.3405,18.4195,18.5186,18.6462,18.6959,18.7727,18.6701,18.5375,18.581,18.8863,18.9496,18.725,18.6348,18.6871,18.7553,18.746,18.6809,18.6294,18.6767,18.7733,18.8195,18.7344,18.6729,18.6912,18.7134,18.7012,18.6597,18.643,18.665,18.6846,18.662,18.6307,18.6137,18.6191,18.6206,18.6661,18.6486,18.6428,18.6469,18.6439,18.629,18.6153,18.6106,18.6089,18.603,18.593,18.5789,18.555,18.5348,18.515,18.4965,18.4797,18.4625,18.4469,18.4314,18.4161,18.4023,18.3898,18.3765,18.3645,18.3536,18.3424,18.3322,18.3224,18.313,18.3045,18.296,18.2882,18.2804,18.2731,18.2662,18.2597,18.2535,18.2475,18.2419,18.2366,18.2315,18.2267,18.222,18.2176,18.2135,18.2095,18.2057
0.975897,22.325,19.2032,16.4698,14.8813,13.8708,13.536,13.5865,13.9505,14.8153,16.3643,17.6414,17.7704,17.626,17.3327,16.9771,16.6526,16.5184,16.8571,17.8022,19.3472,20.3292,19.8798,19.0881,18.3537,17.7925,17.5584,17.5671,17.8565,18.2153,18.4286,18.5705,18.5625,18.4608,18.351,18.1939,18.1869,18.2131,18.4186,18.9374,19.2436,19.3717,19.238,18.8988,18.6635,18.4014,18.3414,18.4205,18.5197,18.6473,18.697,18.7737,18.6711,18.5386,18.5822,18.8876,18.9507,18.7261,18.6359,18.6884,18.7565,18.7472,18.6821,18.6306,18.6781,18.7747,18.8208,18.7356,18.6742,18.6926,18.7147,18.7025,18.661,18.6443,18.6664,18.686,18.6634,18.6321,18.6151,18.6206,18.622,18.6675,18.65,18.6442,18.6484,18.6454,18.6305,18.6168,18.6121,18.6103,18.6045,18.5945,18.5804,18.5565,18.5364,18.5165,18.4981,18.4813,18.4641,18.4485,18.433,18.4177,18.4039,18.3914,18.3781,18.3662,18.3553,18.3441,18.3339,18.3241,18.3147,18.3062,18.2977,18.2899,18.2821,18.2748,18.2679,18.2614,18.2552,18.2492,18.2436,18.2383,18.2332,18.2285,18.2238,18.2194,18.2153,18.2113,18.2075
0.977016,22.3252,19.2034,16.4699,14.8814,13.8711,13.5364,13.5869,13.951,14.8159,16.365,17.6419,17.7709,17.6265,17.3331,16.9776,16.653,16.5189,16.8579,17.8032,19.3483,20.3299,19.8803,19.0886,18.3542,17.7931,17.5591,17.5679,17.8574,18.2162,18.4295,18.5713,18.5633,18.4615,18.3518,18.1947,18.1877,18.2141,18.4196,18.9385,19.2447,19.3726,19.2388,18.8996,18.6643,18.4023,18.3424,18.4216,18.5208,18.6484,18.698,18.7747,18.6721,18.5396,18.5834,18.8888,18.9519,18.7272,18.637,18.6896,18.7577,18.7483,18.6832,18.6318,18.6794,18.776,18.8221,18.7368,18.6754,18.6938,18.716,18.7038,18.6623,18.6456,18.6677,18.6874,18.6647,18.6334,18.6164,18.6219,18.6233,18.6689,18.6514,18.6456,18.6498,18.6468,18.6318,18.6182,18.6135,18.6118,18.6059,18.5959,18.5818,18.558,18.5378,18.518,18.4996,18.4828,18.4656,18.45,18.4345,18.4193,18.4055,18.3929,18.3797,18.3677,18.3569,18.3456,18.3355,18.3257,18.3163,18.3078,18.2993,18.2915,18.2838,18.2765,18.2696,18.263,18.2569,18.2509,18.2453,18.24,18.2349,18.2301,18.2254,18.221,18.217,18.213,18.2092
0.978083,22.3254,19.2035,16.47,14.8816,13.8713,13.5367,13.5873,13.9515,14.8165,16.3658,17.6425,17.7714,17.627,17.3336,16.978,16.6535,16.5195,16.8587,17.8041,19.3493,20.3305,19.8808,19.0891,18.3547,17.7936,17.5596,17.5686,17.8583,18.217,18.4303,18.5721,18.5641,18.4622,18.3525,18.1954,18.1884,18.215,18.4206,18.9396,19.2457,19.3735,19.2396,18.9004,18.6651,18.4031,18.3432,18.4226,18.5218,18.6494,18.699,18.7757,18.673,18.5405,18.5845,18.89,18.953,18.7282,18.6381,18.6907,18.7589,18.7494,18.6843,18.6329,18.6806,18.7773,18.8233,18.738,18.6766,18.6951,18.7173,18.705,18.6635,18.6468,18.669,18.6887,18.666,18.6346,18.6177,18.6232,18.6246,18.6702,18.6527,18.6469,18.6511,18.6481,18.6332,18.6195,18.6148,18.6131,18.6073,18.5973,18.5832,18.5594,18.5392,18.5194,18.501,18.4842,18.467,18.4515,18.436,18.4208,18.4069,18.3944,18.3812,18.3692,18.3584,18.3472,18.337,18.3272,18.3179,18.3094,18.3008,18.2931,18.2853,18.278,18.2711,18.2646,18.2585,18.2525,18.2469,18.2416,18.2365,18.2317,18.227,18.2226,18.2186,18.2146,18.2108
0.979101,22.3256,19.2036,16.4701,14.8817,13.8715,13.537,13.5877,13.9519,14.8171,16.3665,17.643,17.7719,17.6274,17.334,16.9785,16.654,16.52,16.8594,17.805,19.3502,20.3312,19.8813,19.0895,18.3551,17.7941,17.5602,17.5693,17.8591,18.2179,18.4311,18.5728,18.5648,18.4629,18.3532,18.1961,18.1892,18.2158,18.4216,18.9407,19.2467,19.3744,19.2404,18.9011,18.6658,18.4038,18.3441,18.4235,18.5228,18.6503,18.6999,18.7766,18.6739,18.5414,18.5855,18.8912,18.954,18.7291,18.6391,18.6918,18.76,18.7505,18.6853,18.634,18.6818,18.7786,18.8244,18.7391,18.6778,18.6963,18.7185,18.7062,18.6646,18.648,18.6703,18.69,18.6672,18.6358,18.619,18.6245,18.6259,18.6714,18.6539,18.6482,18.6524,18.6494,18.6344,18.6208,18.6161,18.6144,18.6086,18.5986,18.5845,18.5607,18.5405,18.5208,18.5023,18.4856,18.4684,18.4529,18.4374,18.4222,18.4084,18.3959,18.3826,18.3707,18.3598,18.3486,18.3385,18.3287,18.3193,18.3109,18.3023,18.2946,18.2868,18.2795,18.2726,18.2661,18.26,18.254,18.2484,18.2431,18.238,18.2333,18.2286,18.2242,18.2201,18.2161,18.2123
0.980072,22.3258,19.2037,16.4702,14.8819,13.8717,13.5372,13.5881,13.9523,14.8176,16.3671,17.6435,17.7723,17.6278,17.3344,16.9789,16.6544,16.5205,16.8601,17.8058,19.3511,20.3318,19.8818,19.09,18.3555,17.7945,17.5607,17.57,17.8598,18.2186,18.4318,18.5735,18.5654,18.4636,18.3538,18.1967,18.1899,18.2166,18.4226,18.9417,19.2476,19.3752,19.2412,18.9018,18.6665,18.4046,18.3449,18.4244,18.5237,18.6513,18.7008,18.7775,18.6748,18.5423,18.5865,18.8923,18.955,18.73,18.64,18.6928,18.761,18.7515,18.6864,18.635,18.6829,18.7797,18.8255,18.7402,18.6789,18.6974,18.7196,18.7073,18.6657,18.6491,18.6715,18.6912,18.6684,18.637,18.6201,18.6256,18.6271,18.6726,18.6551,18.6494,18.6536,18.6506,18.6357,18.622,18.6173,18.6157,18.6098,18.5998,18.5858,18.5619,18.5418,18.522,18.5036,18.4869,18.4697,18.4542,18.4387,18.4235,18.4097,18.3972,18.384,18.372,18.3612,18.35,18.3399,18.3301,18.3207,18.3123,18.3037,18.296,18.2883,18.281,18.2741,18.2676,18.2614,18.2554,18.2498,18.2446,18.2395,18.2347,18.23,18.2256,18.2216,18.2176,18.2138
0.980999,22.326,19.2038,16.4703,14.882,13.8719,13.5375,13.5884,13.9528,14.8181,16.3677,17.644,17.7728,17.6282,17.3348,16.9793,16.6548,16.521,16.8608,17.8066,19.352,20.3323,19.8823,19.0904,18.3559,17.795,17.5612,17.5707,17.8606,18.2194,18.4326,18.5742,18.5661,18.4642,18.3545,18.1974,18.1905,18.2174,18.4235,18.9426,19.2485,19.3759,19.2419,18.9025,18.6672,18.4053,18.3456,18.4253,18.5246,18.6521,18.7017,18.7783,18.6756,18.5431,18.5875,18.8933,18.9559,18.7309,18.6409,18.6938,18.762,18.7525,18.6873,18.636,18.684,18.7808,18.8266,18.7412,18.6799,18.6984,18.7207,18.7083,18.6668,18.6502,18.6726,18.6923,18.6695,18.638,18.6212,18.6268,18.6282,18.6737,18.6562,18.6506,18.6548,18.6518,18.6368,18.6231,18.6185,18.6168,18.611,18.601,18.587,18.5631,18.543,18.5233,18.5048,18.4881,18.471,18.4555,18.4399,18.4248,18.411,18.3985,18.3853,18.3733,18.3625,18.3513,18.3412,18.3314,18.3221,18.3136,18.3051,18.2973,18.2896,18.2823,18.2754,18.2689,18.2628,18.2568,18.2512,18.2459,18.2409,18.2361,18.2314,18.227,18.2229,18.219,18.2152
0.981883,22.3261,19.2039,16.4704,14.8821,13.8721,13.5378,13.5887,13.9531,14.8186,16.3683,17.6444,17.7732,17.6286,17.3351,16.9796,16.6552,16.5215,16.8614,17.8073,19.3528,20.3329,19.8827,19.0907,18.3563,17.7954,17.5617,17.5713,17.8613,18.2201,18.4332,18.5748,18.5667,18.4648,18.355,18.198,18.1911,18.2181,18.4243,18.9435,19.2494,19.3767,19.2425,18.9031,18.6678,18.4059,18.3464,18.4261,18.5254,18.6529,18.7025,18.7791,18.6763,18.5439,18.5884,18.8943,18.9568,18.7317,18.6418,18.6948,18.7629,18.7534,18.6882,18.6369,18.685,18.7819,18.8276,18.7421,18.6809,18.6994,18.7217,18.7093,18.6678,18.6512,18.6736,18.6934,18.6705,18.6391,18.6223,18.6278,18.6293,18.6748,18.6573,18.6516,18.6559,18.6529,18.6379,18.6242,18.6196,18.6179,18.6121,18.6021,18.5881,18.5642,18.5441,18.5244,18.506,18.4893,18.4721,18.4566,18.4411,18.426,18.4122,18.3997,18.3865,18.3746,18.3638,18.3526,18.3424,18.3327,18.3233,18.3149,18.3063,18.2986,18.2909,18.2836,18.2767,18.2702,18.2641,18.2581,18.2525,18.2472,18.2422,18.2374,18.2327,18.2283,18.2243,18.2203,18.2165
0.982726,22.3263,19.204,16.4705,14.8822,13.8723,13.538,13.589,13.9535,14.8191,16.3689,17.6449,17.7735,17.629,17.3355,16.98,16.6555,16.5219,16.862,17.808,19.3536,20.3334,19.8831,19.0911,18.3567,17.7958,17.5622,17.5718,17.8619,18.2207,18.4339,18.5754,18.5672,18.4654,18.3556,18.1985,18.1917,18.2188,18.4251,18.9444,19.2502,19.3774,19.2432,18.9037,18.6684,18.4065,18.347,18.4268,18.5262,18.6537,18.7033,18.7799,18.6771,18.5446,18.5893,18.8953,18.9577,18.7325,18.6426,18.6956,18.7638,18.7543,18.6891,18.6378,18.6859,18.7829,18.8285,18.743,18.6818,18.7004,18.7226,18.7103,18.6687,18.6522,18.6746,18.6944,18.6715,18.64,18.6233,18.6288,18.6303,18.6758,18.6583,18.6527,18.6569,18.6539,18.6389,18.6253,18.6206,18.619,18.6131,18.6031,18.5892,18.5653,18.5452,18.5255,18.5071,18.4904,18.4733,18.4578,18.4423,18.4271,18.4133,18.4009,18.3877,18.3757,18.3649,18.3537,18.3436,18.3339,18.3245,18.3161,18.3075,18.2998,18.2921,18.2848,18.2779,18.2714,18.2653,18.2593,18.2537,18.2485,18.2434,18.2386,18.2339,18.2296,18.2255,18.2215,18.2177
0.983531,22.3264,19.2041,16.4706,14.8823,13.8724,13.5382,13.5893,13.9539,14.8195,16.3694,17.6453,17.7739,17.6293,17.3358,16.9803,16.6559,16.5223,16.8626,17.8087,19.3543,20.3339,19.8835,19.0914,18.357,17.7961,17.5626,17.5724,17.8626,18.2214,18.4345,18.576,18.5678,18.4659,18.3561,18.1991,18.1923,18.2195,18.4259,18.9452,19.2509,19.378,19.2438,18.9042,18.6689,18.4071,18.3477,18.4276,18.5269,18.6545,18.704,18.7806,18.6778,18.5454,18.5901,18.8962,18.9585,18.7332,18.6434,18.6965,18.7646,18.7551,18.6899,18.6386,18.6868,18.7838,18.8294,18.7439,18.6827,18.7013,18.7235,18.7112,18.6696,18.6531,18.6756,18.6954,18.6725,18.641,18.6242,18.6298,18.6312,18.6767,18.6593,18.6536,18.6579,18.6549,18.6399,18.6263,18.6216,18.62,18.6141,18.6041,18.5902,18.5663,18.5463,18.5265,18.5082,18.4914,18.4743,18.4588,18.4434,18.4282,18.4144,18.402,18.3888,18.3769,18.3661,18.3549,18.3447,18.335,18.3257,18.3172,18.3087,18.3009,18.2932,18.286,18.2791,18.2726,18.2665,18.2605,18.2549,18.2497,18.2446,18.2398,18.2351,18.2308,18.2267,18.2227,18.2189
0.984298,22.3266,19.2042,16.4707,14.8824,13.8726,13.5385,13.5896,13.9542,14.8199,16.37,17.6457,17.7743,17.6296,17.3361,16.9806,16.6562,16.5227,16.8631,17.8094,19.355,20.3343,19.8839,19.0918,18.3574,17.7965,17.563,17.5729,17.8632,18.222,18.4351,18.5765,18.5683,18.4664,18.3566,18.1996,18.1928,18.2201,18.4266,18.9459,19.2517,19.3787,19.2444,18.9048,18.6695,18.4077,18.3483,18.4283,18.5277,18.6552,18.7047,18.7813,18.6784,18.546,18.5909,18.897,18.9592,18.7339,18.6441,18.6973,18.7655,18.7559,18.6907,18.6394,18.6877,18.7847,18.8303,18.7447,18.6835,18.7022,18.7244,18.7121,18.6705,18.654,18.6765,18.6963,18.6734,18.6419,18.6251,18.6307,18.6322,18.6777,18.6602,18.6546,18.6589,18.6559,18.6409,18.6272,18.6226,18.6209,18.6151,18.6051,18.5912,18.5673,18.5472,18.5275,18.5092,18.4925,18.4754,18.4599,18.4444,18.4293,18.4155,18.403,18.3899,18.3779,18.3671,18.356,18.3458,18.3361,18.3268,18.3183,18.3098,18.3021,18.2944,18.2871,18.2802,18.2737,18.2676,18.2616,18.256,18.2508,18.2457,18.241,18.2363,18.2319,18.2278,18.2239,18.2201
0.985029,22.3267,19.2042,16.4708,14.8826,13.8727,13.5387,13.5899,13.9545,14.8203,16.3705,17.646,17.7746,17.6299,17.3364,16.9809,16.6565,16.5231,16.8637,17.81,19.3557,20.3348,19.8842,19.0921,18.3577,17.7969,17.5634,17.5734,17.8637,18.2226,18.4356,18.5771,18.5688,18.4669,18.3571,18.2001,18.1934,18.2207,18.4273,18.9467,19.2524,19.3793,19.2449,18.9053,18.67,18.4082,18.3489,18.4289,18.5283,18.6559,18.7054,18.7819,18.6791,18.5467,18.5916,18.8979,18.96,18.7346,18.6448,18.6981,18.7662,18.7566,18.6914,18.6402,18.6886,18.7856,18.8311,18.7455,18.6843,18.703,18.7253,18.7129,18.6713,18.6548,18.6774,18.6972,18.6743,18.6427,18.626,18.6316,18.633,18.6786,18.6611,18.6555,18.6598,18.6568,18.6418,18.6281,18.6235,18.6219,18.616,18.606,18.5921,18.5683,18.5482,18.5285,18.5101,18.4934,18.4763,18.4609,18.4454,18.4303,18.4165,18.404,18.3909,18.379,18.3682,18.357,18.3469,18.3371,18.3278,18.3194,18.3108,18.3031,18.2954,18.2881,18.2813,18.2748,18.2687,18.2627,18.2571,18.2519,18.2468,18.242,18.2374,18.233,18.2289,18.225,18.2212
0.985727,22.3268,19.2043,16.4708,14.8826,13.8729,13.5389,13.5901,13.9548,14.8207,16.3709,17.6464,17.7749,17.6302,17.3367,16.9812,16.6568,16.5235,16.8642,17.8106,19.3563,20.3352,19.8845,19.0924,18.358,17.7972,17.5638,17.5739,17.8643,18.2231,18.4362,18.5776,18.5693,18.4674,18.3576,18.2005,18.1939,18.2213,18.4279,18.9474,19.253,19.3798,19.2454,18.9058,18.6705,18.4088,18.3495,18.4296,18.529,18.6565,18.706,18.7825,18.6797,18.5473,18.5923,18.8986,18.9607,18.7353,18.6455,18.6988,18.767,18.7573,18.6921,18.6409,18.6893,18.7864,18.8319,18.7462,18.6851,18.7038,18.7261,18.7137,18.6721,18.6556,18.6783,18.6981,18.6751,18.6435,18.6268,18.6324,18.6339,18.6794,18.6619,18.6563,18.6607,18.6577,18.6426,18.629,18.6244,18.6227,18.6169,18.6069,18.593,18.5692,18.5491,18.5294,18.511,18.4943,18.4773,18.4618,18.4463,18.4312,18.4175,18.405,18.3918,18.3799,18.3691,18.358,18.3479,18.3381,18.3288,18.3204,18.3118,18.3041,18.2964,18.2892,18.2823,18.2758,18.2697,18.2637,18.2581,18.2529,18.2478,18.2431,18.2384,18.234,18.23,18.226,18.2222
0.986393,22.327,19.2044,16.4709,14.8827,13.873,13.5391,13.5903,13.9551,14.8211,16.3714,17.6467,17.7752,17.6305,17.337,16.9815,16.6571,16.5238,16.8646,17.8112,19.357,20.3356,19.8849,19.0927,18.3583,17.7975,17.5642,17.5744,17.8648,18.2236,18.4367,18.578,18.5698,18.4678,18.358,18.201,18.1943,18.2218,18.4286,18.9481,19.2537,19.3804,19.2459,18.9063,18.6709,18.4093,18.35,18.4302,18.5296,18.6571,18.7066,18.7831,18.6802,18.5479,18.593,18.8994,18.9613,18.7359,18.6462,18.6995,18.7677,18.758,18.6928,18.6416,18.6901,18.7872,18.8326,18.747,18.6858,18.7046,18.7268,18.7144,18.6728,18.6563,18.6791,18.6989,18.6759,18.6443,18.6276,18.6332,18.6347,18.6802,18.6627,18.6572,18.6615,18.6585,18.6435,18.6298,18.6252,18.6236,18.6177,18.6077,18.5938,18.57,18.5499,18.5303,18.5119,18.4952,18.4782,18.4627,18.4472,18.4321,18.4184,18.4059,18.3928,18.3809,18.3701,18.3589,18.3488,18.3391,18.3298,18.3213,18.3128,18.3051,18.2974,18.2901,18.2832,18.2768,18.2707,18.2647,18.2591,18.2539,18.2488,18.2441,18.2394,18.235,18.231,18.227,18.2232
0.987027,22.3271,19.2044,16.471,14.8828,13.8732,13.5392,13.5906,13.9554,14.8214,16.3718,17.6471,17.7755,17.6308,17.3373,16.9817,16.6574,16.5241,16.8651,17.8117,19.3575,20.336,19.8852,19.093,18.3585,17.7978,17.5645,17.5748,17.8653,18.2241,18.4371,18.5785,18.5702,18.4682,18.3585,18.2014,18.1948,18.2223,18.4292,18.9487,19.2543,19.3809,19.2464,18.9067,18.6714,18.4097,18.3505,18.4308,18.5302,18.6577,18.7072,18.7837,18.6808,18.5484,18.5937,18.9001,18.962,18.7365,18.6468,18.7002,18.7683,18.7587,18.6934,18.6423,18.6908,18.788,18.8333,18.7476,18.6865,18.7053,18.7275,18.7152,18.6736,18.6571,18.6798,18.6996,18.6766,18.645,18.6284,18.634,18.6354,18.681,18.6635,18.6579,18.6623,18.6593,18.6442,18.6306,18.626,18.6244,18.6185,18.6085,18.5946,18.5708,18.5508,18.5311,18.5128,18.4961,18.479,18.4635,18.4481,18.433,18.4192,18.4068,18.3936,18.3817,18.371,18.3598,18.3497,18.34,18.3307,18.3222,18.3137,18.306,18.2983,18.291,18.2842,18.2777,18.2716,18.2656,18.26,18.2548,18.2497,18.245,18.2403,18.236,18.2319,18.2279,18.2242
0.987633,22.3272,19.2045,16.471,14.8829,13.8733,13.5394,13.5908,13.9556,14.8217,16.3722,17.6474,17.7758,17.6311,17.3375,16.982,16.6576,16.5245,16.8655,17.8122,19.3581,20.3364,19.8855,19.0932,18.3588,17.7981,17.5649,17.5752,17.8658,18.2246,18.4376,18.5789,18.5706,18.4686,18.3589,18.2018,18.1952,18.2228,18.4298,18.9493,19.2549,19.3814,19.2469,18.9071,18.6718,18.4102,18.351,18.4313,18.5308,18.6583,18.7077,18.7842,18.6813,18.549,18.5943,18.9008,18.9626,18.737,18.6474,18.7008,18.769,18.7593,18.694,18.6429,18.6915,18.7887,18.834,18.7483,18.6872,18.706,18.7282,18.7158,18.6742,18.6577,18.6805,18.7004,18.6773,18.6457,18.6291,18.6347,18.6362,18.6817,18.6642,18.6587,18.663,18.66,18.645,18.6313,18.6267,18.6251,18.6193,18.6093,18.5954,18.5716,18.5515,18.5319,18.5135,18.4969,18.4798,18.4643,18.4489,18.4338,18.4201,18.4076,18.3945,18.3826,18.3718,18.3606,18.3505,18.3408,18.3315,18.3231,18.3146,18.3069,18.2992,18.2919,18.285,18.2786,18.2725,18.2665,18.2609,18.2557,18.2506,18.2459,18.2412,18.2368,18.2328,18.2288,18.225
0.98821,22.3273,19.2046,16.4711,14.883,13.8734,13.5396,13.591,13.9559,14.8221,16.3726,17.6477,17.776,17.6313,17.3378,16.9822,16.6579,16.5247,16.8659,17.8127,19.3586,20.3367,19.8857,19.0935,18.359,17.7984,17.5652,17.5756,17.8662,18.2251,18.438,18.5793,18.571,18.469,18.3592,18.2022,18.1956,18.2233,18.4303,18.9499,19.2554,19.3819,19.2473,18.9075,18.6722,18.4106,18.3515,18.4318,18.5313,18.6588,18.7083,18.7847,18.6818,18.5495,18.5949,18.9014,18.9632,18.7376,18.6479,18.7014,18.7696,18.7599,18.6946,18.6435,18.6922,18.7894,18.8347,18.7489,18.6878,18.7066,18.7289,18.7165,18.6749,18.6584,18.6812,18.7011,18.678,18.6464,18.6298,18.6354,18.6369,18.6824,18.6649,18.6594,18.6637,18.6608,18.6457,18.632,18.6274,18.6258,18.62,18.61,18.5961,18.5723,18.5523,18.5326,18.5143,18.4976,18.4806,18.4651,18.4497,18.4346,18.4208,18.4084,18.3953,18.3834,18.3726,18.3614,18.3514,18.3416,18.3323,18.3239,18.3154,18.3077,18.3,18.2927,18.2859,18.2794,18.2733,18.2674,18.2618,18.2565,18.2515,18.2467,18.2421,18.2377,18.2336,18.2297,18.2259
0.98876,22.3274,19.2046,16.4712,14.8831,13.8735,13.5397,13.5912,13.9561,14.8224,16.373,17.6479,17.7763,17.6315,17.338,16.9824,16.6581,16.525,16.8663,17.8132,19.3591,20.3371,19.886,19.0937,18.3593,17.7986,17.5655,17.576,17.8666,18.2255,18.4385,18.5797,18.5714,18.4694,18.3596,18.2026,18.196,18.2238,18.4308,18.9505,19.2559,19.3823,19.2477,18.9079,18.6726,18.411,18.3519,18.4323,18.5318,18.6593,18.7088,18.7852,18.6823,18.55,18.5954,18.902,18.9637,18.7381,18.6484,18.702,18.7702,18.7605,18.6952,18.6441,18.6928,18.79,18.8353,18.7495,18.6884,18.7073,18.7295,18.7171,18.6755,18.659,18.6819,18.7017,18.6787,18.647,18.6304,18.6361,18.6375,18.683,18.6656,18.66,18.6644,18.6614,18.6464,18.6327,18.6281,18.6265,18.6207,18.6107,18.5968,18.573,18.553,18.5333,18.515,18.4983,18.4813,18.4659,18.4504,18.4353,18.4216,18.4092,18.396,18.3841,18.3734,18.3622,18.3521,18.3424,18.3331,18.3247,18.3162,18.3085,18.3008,18.2935,18.2867,18.2802,18.2741,18.2681,18.2626,18.2573,18.2523,18.2475,18.2429,18.2385,18.2345,18.2305,18.2267
0.989285,22.3275,19.2047,16.4712,14.8831,13.8736,13.5399,13.5914,13.9564,14.8226,16.3733,17.6482,17.7765,17.6318,17.3382,16.9826,16.6583,16.5253,16.8667,17.8136,19.3596,20.3374,19.8863,19.0939,18.3595,17.7989,17.5658,17.5763,17.867,18.2259,18.4388,18.5801,18.5717,18.4697,18.36,18.2029,18.1964,18.2242,18.4313,18.951,19.2564,19.3827,19.2481,18.9083,18.673,18.4114,18.3524,18.4328,18.5323,18.6598,18.7092,18.7857,18.6827,18.5504,18.596,18.9026,18.9642,18.7385,18.6489,18.7025,18.7707,18.761,18.6957,18.6446,18.6934,18.7906,18.8358,18.75,18.689,18.7079,18.7301,18.7177,18.6761,18.6596,18.6825,18.7024,18.6793,18.6476,18.631,18.6367,18.6381,18.6836,18.6662,18.6607,18.6651,18.6621,18.647,18.6333,18.6288,18.6272,18.6213,18.6113,18.5975,18.5737,18.5536,18.534,18.5157,18.499,18.482,18.4666,18.4511,18.436,18.4223,18.4099,18.3967,18.3849,18.3741,18.3629,18.3529,18.3432,18.3338,18.3254,18.3169,18.3092,18.3015,18.2943,18.2874,18.281,18.2749,18.2689,18.2633,18.2581,18.253,18.2483,18.2436,18.2393,18.2352,18.2313,18.2275
0.989786,22.3276,19.2047,16.4713,14.8832,13.8737,13.54,13.5916,13.9566,14.8229,16.3737,17.6485,17.7768,17.632,17.3384,16.9828,16.6585,16.5256,16.867,17.814,19.3601,20.3377,19.8865,19.0941,18.3597,17.7991,17.566,17.5767,17.8674,18.2263,18.4392,18.5805,18.5721,18.4701,18.3603,18.2033,18.1967,18.2246,18.4318,18.9515,19.2569,19.3832,19.2485,18.9086,18.6733,18.4118,18.3528,18.4333,18.5328,18.6603,18.7097,18.7861,18.6832,18.5509,18.5965,18.9032,18.9647,18.739,18.6494,18.7031,18.7712,18.7615,18.6962,18.6451,18.694,18.7912,18.8364,18.7506,18.6896,18.7084,18.7307,18.7182,18.6766,18.6602,18.6831,18.703,18.6799,18.6482,18.6316,18.6373,18.6387,18.6842,18.6668,18.6613,18.6657,18.6627,18.6476,18.6339,18.6294,18.6278,18.6219,18.6119,18.5981,18.5743,18.5543,18.5347,18.5163,18.4997,18.4826,18.4672,18.4518,18.4367,18.423,18.4106,18.3974,18.3855,18.3748,18.3636,18.3536,18.3439,18.3346,18.3261,18.3176,18.3099,18.3023,18.295,18.2881,18.2817,18.2756,18.2696,18.2641,18.2588,18.2538,18.249,18.2444,18.24,18.236,18.232,18.2282
0.990263,22.3277,19.2048,16.4713,14.8833,13.8738,13.5401,13.5917,13.9568,14.8232,16.374,17.6487,17.777,17.6322,17.3386,16.983,16.6587,16.5258,16.8674,17.8144,19.3605,20.338,19.8867,19.0943,18.3599,17.7993,17.5663,17.577,17.8678,18.2267,18.4396,18.5808,18.5724,18.4704,18.3606,18.2036,18.197,18.225,18.4322,18.952,19.2574,19.3835,19.2488,18.909,18.6736,18.4121,18.3531,18.4337,18.5332,18.6607,18.7101,18.7865,18.6836,18.5513,18.5969,18.9037,18.9652,18.7394,18.6499,18.7036,18.7717,18.762,18.6967,18.6456,18.6945,18.7918,18.8369,18.7511,18.6901,18.709,18.7312,18.7188,18.6772,18.6607,18.6837,18.7036,18.6804,18.6488,18.6322,18.6378,18.6393,18.6848,18.6674,18.6619,18.6663,18.6633,18.6482,18.6345,18.63,18.6284,18.6225,18.6125,18.5987,18.5749,18.5549,18.5353,18.517,18.5003,18.4833,18.4679,18.4524,18.4373,18.4236,18.4112,18.3981,18.3862,18.3754,18.3643,18.3542,18.3445,18.3352,18.3268,18.3183,18.3106,18.3029,18.2957,18.2888,18.2824,18.2763,18.2703,18.2648,18.2595,18.2545,18.2497,18.2451,18.2407,18.2367,18.2327,18.2289
0.990718,22.3277,19.2048,16.4714,14.8833,13.8739,13.5403,13.5919,13.957,14.8234,16.3743,17.6489,17.7772,17.6324,17.3388,16.9832,16.6589,16.526,16.8677,17.8148,19.3609,20.3382,19.8869,19.0945,18.3601,17.7995,17.5665,17.5773,17.8681,18.227,18.4399,18.5811,18.5727,18.4707,18.3609,18.2039,18.1974,18.2253,18.4327,18.9524,19.2578,19.3839,19.2492,18.9093,18.674,18.4124,18.3535,18.4341,18.5337,18.6611,18.7105,18.7869,18.684,18.5517,18.5974,18.9042,18.9657,18.7399,18.6503,18.704,18.7722,18.7625,18.6972,18.6461,18.695,18.7923,18.8374,18.7516,18.6906,18.7095,18.7317,18.7193,18.6777,18.6612,18.6842,18.7041,18.6809,18.6493,18.6327,18.6384,18.6398,18.6853,18.6679,18.6624,18.6668,18.6639,18.6487,18.6351,18.6305,18.6289,18.6231,18.6131,18.5993,18.5755,18.5555,18.5358,18.5175,18.5009,18.4839,18.4685,18.453,18.4379,18.4242,18.4118,18.3987,18.3868,18.3761,18.3649,18.3549,18.3452,18.3359,18.3274,18.3189,18.3112,18.3036,18.2963,18.2895,18.283,18.2769,18.271,18.2654,18.2602,18.2551,18.2504,18.2457,18.2414,18.2373,18.2334,18.2296
0.991152,22.3278,19.2049,16.4714,14.8834,13.874,13.5404,13.592,13.9572,14.8236,16.3746,17.6491,17.7774,17.6326,17.339,16.9834,16.6591,16.5263,16.868,17.8152,19.3613,20.3385,19.8871,19.0947,18.3603,17.7997,17.5668,17.5776,17.8685,18.2273,18.4402,18.5814,18.573,18.471,18.3612,18.2042,18.1977,18.2257,18.4331,18.9528,19.2582,19.3843,19.2495,18.9096,18.6743,18.4128,18.3538,18.4345,18.5341,18.6615,18.7109,18.7873,18.6843,18.5521,18.5978,18.9047,18.9661,18.7402,18.6507,18.7045,18.7726,18.7629,18.6976,18.6465,18.6955,18.7928,18.8379,18.752,18.691,18.7099,18.7322,18.7198,18.6781,18.6617,18.6847,18.7046,18.6814,18.6498,18.6332,18.6389,18.6403,18.6859,18.6684,18.6629,18.6674,18.6644,18.6493,18.6356,18.631,18.6295,18.6236,18.6136,18.5998,18.576,18.556,18.5364,18.5181,18.5015,18.4844,18.469,18.4536,18.4385,18.4248,18.4124,18.3993,18.3874,18.3767,18.3655,18.3555,18.3458,18.3365,18.328,18.3195,18.3119,18.3042,18.2969,18.2901,18.2836,18.2775,18.2716,18.266,18.2608,18.2557,18.251,18.2463,18.242,18.238,18.234,18.2302
0.991565,22.3279,19.2049,16.4715,14.8835,13.8741,13.5405,13.5922,13.9573,14.8239,16.3748,17.6493,17.7776,17.6327,17.3391,16.9836,16.6593,16.5265,16.8683,17.8155,19.3617,20.3387,19.8873,19.0949,18.3605,17.7999,17.567,17.5779,17.8688,18.2277,18.4406,18.5817,18.5733,18.4712,18.3615,18.2044,18.1979,18.226,18.4335,18.9532,19.2586,19.3846,19.2498,18.9099,18.6745,18.4131,18.3542,18.4349,18.5344,18.6619,18.7113,18.7877,18.6847,18.5524,18.5982,18.9051,18.9665,18.7406,18.6511,18.7049,18.7731,18.7633,18.698,18.647,18.696,18.7933,18.8384,18.7525,18.6915,18.7104,18.7327,18.7202,18.6786,18.6622,18.6852,18.7051,18.6819,18.6502,18.6337,18.6394,18.6408,18.6863,18.6689,18.6634,18.6679,18.6649,18.6498,18.6361,18.6316,18.63,18.6241,18.6141,18.6003,18.5765,18.5565,18.5369,18.5186,18.502,18.485,18.4696,18.4542,18.4391,18.4254,18.413,18.3998,18.388,18.3772,18.3661,18.356,18.3463,18.337,18.3286,18.3201,18.3124,18.3048,18.2975,18.2907,18.2842,18.2781,18.2722,18.2666,18.2614,18.2563,18.2516,18.2469,18.2426,18.2386,18.2346,18.2308
0.99196,22.328,19.205,16.4715,14.8835,13.8742,13.5406,13.5923,13.9575,14.8241,16.375,17.6495,17.7777,17.6329,17.3393,16.9837,16.6595,16.5267,16.8685,17.8158,19.362,20.339,19.8875,19.0951,18.3606,17.8001,17.5672,17.5781,17.8691,18.228,18.4408,18.582,18.5735,18.4715,18.3617,18.2047,18.1982,18.2263,18.4338,18.9536,19.259,19.3849,19.2501,18.9101,18.6748,18.4133,18.3545,18.4352,18.5348,18.6623,18.7116,18.788,18.685,18.5528,18.5986,18.9056,18.9669,18.741,18.6515,18.7053,18.7735,18.7637,18.6984,18.6474,18.6964,18.7938,18.8388,18.7529,18.6919,18.7109,18.7331,18.7207,18.679,18.6626,18.6857,18.7056,18.6824,18.6507,18.6341,18.6399,18.6413,18.6868,18.6694,18.6639,18.6683,18.6654,18.6502,18.6365,18.632,18.6305,18.6246,18.6146,18.6008,18.577,18.557,18.5374,18.5192,18.5025,18.4855,18.4701,18.4547,18.4396,18.4259,18.4135,18.4004,18.3885,18.3778,18.3666,18.3566,18.3469,18.3376,18.3292,18.3207,18.313,18.3053,18.2981,18.2912,18.2848,18.2787,18.2728,18.2672,18.262,18.2569,18.2522,18.2475,18.2432,18.2391,18.2352,18.2314
