,0.33773,0.35556,0.3734,0.39123,0.40907,0.4269,0.44474,0.46257,0.48041,0.51608,0.53391,0.55175,0.58742,0.60525,0.64092,0.67659,0.69443,0.7301,0.76577,0.80144,0.83711,0.87278,0.90845,0.96195,0.99762,1.05113,1.0868,1.1403,1.19381,1.24731,1.30082,1.35432,1.42566,1.47917,1.54338,1.62898,1.68606,1.77166,1.85727,1.94288,2.02849,2.1141,2.1997,2.31385,2.39946,2.5136,2.62774,2.74189,2.88457,2.99871,3.14139,3.28407,3.42675,3.59797,3.76918,3.91186,4.11162,4.28283,4.48258,4.68234,4.88209,5.11038,5.33866,5.59549,5.85231,6.10914,6.36596,6.67986,6.96522,7.27911,7.62154,7.96398,8.30641,8.67738,9.07688,9.47638,9.90442,10.361,10.8176,11.3027,11.8163,12.3585,12.9292,13.5,14.0992,14.727,15.4119,16.0967,16.8101,17.5806,18.3796,19.2072,20.0632,20.9764,21.9181,22.8883,23.9441,25,26.1414,27.3114,28.5384,29.8225,31.1637,32.562,34.0459,35.5583,37.1848,38.8399,40.6092,42.4355,44.3188,46.3164,48.3995,50.5968,52.8796,55.2481,57.7308,60.3275,63.0385,65.8921,68.8598,71.9417,75.1948,78.5906,82.1005,85.8102,89.6625,93.7147,97.938,99.9926
1e-09,20.6447,21.2784,19.7761,16.6584,5.52401,1.10054,0.343203,0.118277,0.0441069,0.00800025,0.00392565,0.00210889,0.000771044,0.000514156,0.000265352,0.000202292,0.000128631,8.97013e-05,6.69755e-05,5.26509e-05,4.30587e-05,3.63152e-05,3.13819e-05,2.61144e-05,2.3533e-05,2.14556e-05,1.90105e-05,1.71291e-05,1.56373e-05,1.44248e-05,1.34184e-05,1.2568e-05,1.16178e-05,1.10114e-05,1.03481e-05,9.62943e-06,9.21245e-06,8.6607e-06,8.1804e-06,7.75739e-06,7.38111e-06,7.04353e-06,6.73854e-06,6.37417e-06,6.12783e-06,5.82953e-06,5.56071e-06,5.31694e-06,5.04212e-06,4.84274e-06,4.61545e-06,4.40923e-06,4.22117e-06,4.01617e-06,3.86025e-06,3.68874e-06,3.50724e-06,3.36552e-06,3.21419e-06,3.07602e-06,2.94935e-06,2.8169e-06,2.69591e-06,2.57173e-06,2.47063e-06,2.35495e-06,2.25976e-06,2.16268e-06,2.06511e-06,1.976e-06,1.89427e-06,1.81251e-06,1.73156e-06,1.65754e-06,1.58461e-06,1.51783e-06,1.45226e-06,1.3883e-06,1.32974e-06,1.27271e-06,1.21742e-06,1.16405e-06,1.11516e-06,1.06795e-06,1.02044e-06,9.76975e-07,9.3533e-07,8.93911e-07,8.56002e-07,8.19852e-07,7.8418e-07,7.50374e-07,7.18333e-07,6.87049e-07,6.57513e-07,6.28845e-07,6.01853e-07,5.76427e-07,5.51251e-07,5.2763e-07,5.04937e-07,4.83192e-07,4.62394e-07,4.42535e-07,4.23247e-07,4.05242e-07,3.87815e-07,3.71005e-07,3.55092e-07,3.39801e-07,3.25144e-07,3.11125e-07,2.97736e-07,2.84972e-07,2.72666e-07,2.60975e-07,2.4975e-07,2.39e-07,2.28722e-07,2.18817e-07,2.09387e-07,2.0042e-07,1.91825e-07,1.83535e-07,1.75628e-07,1.68094e-07,1.60874e-07,1.5392e-07,1.47328e-07,1.44259e-07
1.25e-09,21.5297,21.9004,20.4388,17.6707,10.6773,1.45823,0.436068,0.148678,0.0552518,0.0100044,0.0049081,0.00263643,0.000963848,0.000642715,0.000331696,0.000252867,0.000160789,0.000112127,8.37197e-05,6.58138e-05,5.38236e-05,4.53942e-05,3.92274e-05,3.26431e-05,2.94162e-05,2.68195e-05,2.37632e-05,2.14114e-05,1.95467e-05,1.8031e-05,1.6773e-05,1.571e-05,1.45222e-05,1.37642e-05,1.29351e-05,1.20368e-05,1.15155e-05,1.08259e-05,1.02255e-05,9.69673e-06,9.22636e-06,8.80441e-06,8.42316e-06,7.96773e-06,7.65979e-06,7.28691e-06,6.95089e-06,6.64616e-06,6.30262e-06,6.05341e-06,5.76935e-06,5.51156e-06,5.27648e-06,5.02021e-06,4.82532e-06,4.61092e-06,4.38407e-06,4.20692e-06,4.01774e-06,3.84503e-06,3.68671e-06,3.52113e-06,3.3699e-06,3.21467e-06,3.08828e-06,2.94369e-06,2.82471e-06,2.70336e-06,2.5814e-06,2.47e-06,2.36784e-06,2.26564e-06,2.16445e-06,2.07193e-06,1.98076e-06,1.89728e-06,1.81533e-06,1.73538e-06,1.66217e-06,1.59088e-06,1.52178e-06,1.45506e-06,1.39396e-06,1.33495e-06,1.27555e-06,1.22122e-06,1.16916e-06,1.11738e-06,1.07e-06,1.02481e-06,9.80229e-07,9.37966e-07,8.9792e-07,8.5881e-07,8.2189e-07,7.86057e-07,7.52318e-07,7.20533e-07,6.89061e-07,6.59536e-07,6.31172e-07,6.03988e-07,5.77991e-07,5.53169e-07,5.29059e-07,5.06554e-07,4.8477e-07,4.63757e-07,4.43865e-07,4.24753e-07,4.06431e-07,3.88907e-07,3.72172e-07,3.56214e-07,3.40832e-07,3.26219e-07,3.12189e-07,2.98749e-07,2.85903e-07,2.73522e-07,2.61735e-07,2.50525e-07,2.3978e-07,2.2942e-07,2.19535e-07,2.10119e-07,2.01093e-07,1.924e-07,1.8416e-07,1.80325e-07
1.5625e-09,22.2861,22.4533,21.0204,18.4968,13.5261,1.98148,0.556722,0.187171,0.0692506,0.012512,0.00613672,0.00329601,0.00120488,0.000803424,0.000414627,0.00031609,0.000200989,0.000140161,0.00010465,8.22676e-05,6.72797e-05,5.67428e-05,4.90344e-05,4.08039e-05,3.67704e-05,3.35244e-05,2.9704e-05,2.67642e-05,2.44333e-05,2.25388e-05,2.09662e-05,1.96376e-05,1.81529e-05,1.72052e-05,1.61689e-05,1.5046e-05,1.43945e-05,1.35323e-05,1.27819e-05,1.21209e-05,1.1533e-05,1.10056e-05,1.0529e-05,9.95969e-06,9.57472e-06,9.10868e-06,8.68863e-06,8.30771e-06,7.87831e-06,7.56678e-06,7.21167e-06,6.88945e-06,6.59559e-06,6.27527e-06,6.03165e-06,5.76367e-06,5.4801e-06,5.25866e-06,5.02218e-06,4.8063e-06,4.60838e-06,4.40141e-06,4.21238e-06,4.01833e-06,3.86037e-06,3.67961e-06,3.5309e-06,3.37919e-06,3.22675e-06,3.0875e-06,2.95981e-06,2.83205e-06,2.70556e-06,2.58991e-06,2.47595e-06,2.37161e-06,2.26916e-06,2.16922e-06,2.07773e-06,1.98861e-06,1.90222e-06,1.81883e-06,1.74245e-06,1.66869e-06,1.59444e-06,1.52653e-06,1.46145e-06,1.39674e-06,1.33751e-06,1.28102e-06,1.22529e-06,1.17246e-06,1.1224e-06,1.07351e-06,1.02737e-06,9.82572e-07,9.40399e-07,9.00668e-07,8.6133e-07,8.24422e-07,7.88965e-07,7.54987e-07,7.22492e-07,6.91464e-07,6.61324e-07,6.33193e-07,6.05963e-07,5.79696e-07,5.54831e-07,5.3094e-07,5.0804e-07,4.86133e-07,4.65216e-07,4.45269e-07,4.26041e-07,4.07773e-07,3.90236e-07,3.73438e-07,3.57379e-07,3.41903e-07,3.27169e-07,3.13156e-07,2.99726e-07,2.86775e-07,2.7442e-07,2.62648e-07,2.51366e-07,2.405e-07,2.302e-07,2.25406e-07
1.95313e-09,22.9468,22.9506,21.5387,19.1957,15.1631,2.8174,0.715395,0.236079,0.0868562,0.0156501,0.00767342,0.00412075,0.00150621,0.00100433,0.000518299,0.000395121,0.000251242,0.000175202,0.000130813,0.000102835,8.41001e-05,7.0929e-05,6.12933e-05,5.10051e-05,4.59632e-05,4.19057e-05,3.71302e-05,3.34554e-05,3.05418e-05,2.81735e-05,2.62079e-05,2.45472e-05,2.26911e-05,2.15066e-05,2.02112e-05,1.88076e-05,1.79932e-05,1.69154e-05,1.59774e-05,1.51512e-05,1.44163e-05,1.3757e-05,1.31612e-05,1.24497e-05,1.19685e-05,1.13859e-05,1.08608e-05,1.03847e-05,9.84791e-06,9.45852e-06,9.01462e-06,8.61187e-06,8.24454e-06,7.8441e-06,7.53959e-06,7.20459e-06,6.85013e-06,6.57335e-06,6.27775e-06,6.00789e-06,5.7605e-06,5.50179e-06,5.26548e-06,5.02294e-06,4.82547e-06,4.59954e-06,4.41364e-06,4.22401e-06,4.03345e-06,3.85939e-06,3.69977e-06,3.54008e-06,3.38197e-06,3.2374e-06,3.09495e-06,2.96452e-06,2.83646e-06,2.71154e-06,2.59716e-06,2.48577e-06,2.37778e-06,2.27354e-06,2.17807e-06,2.08587e-06,1.99306e-06,1.90817e-06,1.82682e-06,1.74593e-06,1.67189e-06,1.60128e-06,1.53161e-06,1.46558e-06,1.40301e-06,1.34189e-06,1.28421e-06,1.22822e-06,1.1755e-06,1.12584e-06,1.07667e-06,1.03053e-06,9.86211e-07,9.43737e-07,9.03115e-07,8.64331e-07,8.26657e-07,7.91496e-07,7.57456e-07,7.24622e-07,6.93543e-07,6.63679e-07,6.35051e-07,6.07669e-07,5.8152e-07,5.56588e-07,5.32554e-07,5.09718e-07,4.87797e-07,4.66798e-07,4.46724e-07,4.27379e-07,4.08963e-07,3.91447e-07,3.74658e-07,3.5847e-07,3.43026e-07,3.28312e-07,3.14209e-07,3.00627e-07,2.87751e-07,2.81759e-07
2.44141e-09,23.5333,23.4022,22.0058,19.802,16.3328,4.44578,0.927633,0.2985,0.109032,0.0195785,0.00959569,0.0051521,0.00188291,0.00125549,0.000647895,0.000493913,0.000314057,0.000219005,0.000163518,0.000128545,0.000105126,8.86615e-05,7.66169e-05,6.37564e-05,5.7454e-05,5.23822e-05,4.64128e-05,4.18192e-05,3.81773e-05,3.5217e-05,3.27599e-05,3.0684e-05,2.83639e-05,2.68833e-05,2.5264e-05,2.35095e-05,2.24915e-05,2.11443e-05,1.99718e-05,1.8939e-05,1.80204e-05,1.71963e-05,1.64516e-05,1.55621e-05,1.49606e-05,1.42323e-05,1.3576e-05,1.29809e-05,1.23099e-05,1.18232e-05,1.12683e-05,1.07648e-05,1.03057e-05,9.80513e-06,9.42452e-06,9.00575e-06,8.56268e-06,8.21667e-06,7.84719e-06,7.50988e-06,7.20063e-06,6.87723e-06,6.58186e-06,6.27867e-06,6.03184e-06,5.74942e-06,5.51705e-06,5.28001e-06,5.04182e-06,4.82424e-06,4.62472e-06,4.42509e-06,4.22746e-06,4.04675e-06,3.86868e-06,3.70565e-06,3.54558e-06,3.38943e-06,3.24645e-06,3.10721e-06,2.97223e-06,2.84193e-06,2.72258e-06,2.60733e-06,2.49133e-06,2.38521e-06,2.28353e-06,2.18241e-06,2.08986e-06,2.0016e-06,1.91452e-06,1.83197e-06,1.75376e-06,1.67737e-06,1.60527e-06,1.53527e-06,1.46938e-06,1.4073e-06,1.34583e-06,1.28816e-06,1.23276e-06,1.17967e-06,1.1289e-06,1.08041e-06,1.03332e-06,9.89371e-07,9.46819e-07,9.05778e-07,8.66929e-07,8.29599e-07,7.93816e-07,7.59587e-07,7.26902e-07,6.95734e-07,6.65693e-07,6.37149e-07,6.09746e-07,5.83498e-07,5.58406e-07,5.34225e-07,5.11204e-07,4.89309e-07,4.68324e-07,4.48087e-07,4.28783e-07,4.10391e-07,3.92761e-07,3.75783e-07,3.59689e-07,3.52199e-07
3.05176e-09,24.0603,23.8158,22.4308,20.3373,17.2504,8.99945,1.21865,0.378638,0.137023,0.0244978,0.0120007,0.00644195,0.0023539,0.00156948,0.0008099,0.00061741,0.000392578,0.00027376,0.000204401,0.000160682,0.000131408,0.000110827,9.57714e-05,7.96958e-05,7.18176e-05,6.54779e-05,5.80161e-05,5.22742e-05,4.77216e-05,4.40213e-05,4.09499e-05,3.83549e-05,3.5455e-05,3.36042e-05,3.15801e-05,2.93869e-05,2.81144e-05,2.64305e-05,2.49647e-05,2.36738e-05,2.25255e-05,2.14953e-05,2.05645e-05,1.94526e-05,1.87008e-05,1.77904e-05,1.69701e-05,1.62261e-05,1.53874e-05,1.4779e-05,1.40854e-05,1.3456e-05,1.28821e-05,1.22564e-05,1.17806e-05,1.12572e-05,1.07033e-05,1.02709e-05,9.809e-06,9.38735e-06,9.00079e-06,8.59655e-06,8.22733e-06,7.84835e-06,7.53979e-06,7.18678e-06,6.89632e-06,6.60002e-06,6.30227e-06,6.03031e-06,5.78089e-06,5.53138e-06,5.28434e-06,5.05845e-06,4.83587e-06,4.63207e-06,4.43198e-06,4.23679e-06,4.05807e-06,3.88401e-06,3.7153e-06,3.55242e-06,3.40323e-06,3.25917e-06,3.11417e-06,2.98152e-06,2.85442e-06,2.72801e-06,2.61233e-06,2.502e-06,2.39315e-06,2.28997e-06,2.1922e-06,2.09671e-06,2.00659e-06,1.91909e-06,1.83672e-06,1.75913e-06,1.68229e-06,1.6102e-06,1.54096e-06,1.47459e-06,1.41112e-06,1.35052e-06,1.29165e-06,1.23671e-06,1.18353e-06,1.13223e-06,1.08366e-06,1.037e-06,9.92269e-07,9.49483e-07,9.08626e-07,8.69669e-07,8.32115e-07,7.96437e-07,7.62183e-07,7.29373e-07,6.98009e-07,6.67781e-07,6.39005e-07,6.11636e-07,5.85404e-07,5.6011e-07,5.35979e-07,5.12989e-07,4.90952e-07,4.6973e-07,4.49611e-07,4.40249e-07
3.8147e-09,24.5385,24.1969,22.8204,20.8165,18.0082,12.5087,1.63339,0.482332,0.172443,0.0306611,0.0150105,0.00805528,0.00294278,0.00196202,0.00101243,0.000771792,0.000490735,0.000342207,0.000255504,0.000200855,0.000164261,0.000138535,0.000119715,9.96198e-05,8.97724e-05,8.18477e-05,7.25204e-05,6.53429e-05,5.96523e-05,5.50268e-05,5.11875e-05,4.79438e-05,4.43188e-05,4.20054e-05,3.94752e-05,3.67337e-05,3.5143e-05,3.30382e-05,3.1206e-05,2.95923e-05,2.81569e-05,2.68692e-05,2.57057e-05,2.43159e-05,2.3376e-05,2.22381e-05,2.12126e-05,2.02827e-05,1.92343e-05,1.84737e-05,1.76068e-05,1.68201e-05,1.61027e-05,1.53206e-05,1.47258e-05,1.40715e-05,1.33792e-05,1.28386e-05,1.22613e-05,1.17342e-05,1.1251e-05,1.07457e-05,1.02842e-05,9.81046e-06,9.42477e-06,8.98351e-06,8.62041e-06,8.25005e-06,7.87786e-06,7.5379e-06,7.22614e-06,6.91423e-06,6.60543e-06,6.32307e-06,6.04485e-06,5.7901e-06,5.53998e-06,5.29599e-06,5.0726e-06,4.85503e-06,4.64413e-06,4.44053e-06,4.25405e-06,4.07397e-06,3.89272e-06,3.7269e-06,3.56803e-06,3.41002e-06,3.26542e-06,3.1275e-06,2.99144e-06,2.86247e-06,2.74025e-06,2.6209e-06,2.50824e-06,2.39887e-06,2.29591e-06,2.19891e-06,2.10287e-06,2.01276e-06,1.9262e-06,1.84324e-06,1.76391e-06,1.68815e-06,1.61457e-06,1.5459e-06,1.47941e-06,1.41528e-06,1.35458e-06,1.29625e-06,1.24034e-06,1.18686e-06,1.13579e-06,1.08709e-06,1.04015e-06,9.95549e-07,9.52732e-07,9.1172e-07,8.72512e-07,8.34729e-07,7.98758e-07,7.64548e-07,7.31758e-07,7.00138e-07,6.69974e-07,6.41236e-07,6.13691e-07,5.87163e-07,5.62015e-07,5.50312e-07
4.76837e-09,24.976,24.55,23.1799,21.2501,18.6547,14.3005,2.26383,0.617933,0.217412,0.0383872,0.0187782,0.0100735,0.00367909,0.00245281,0.00126561,0.000964787,0.000613439,0.000427768,0.000319385,0.000251071,0.000205328,0.000173171,0.000149645,0.000124526,0.000112216,0.00010231,9.0651e-05,8.16789e-05,7.45655e-05,6.87837e-05,6.39846e-05,5.99299e-05,5.53987e-05,5.25068e-05,4.93441e-05,4.59172e-05,4.39288e-05,4.12977e-05,3.90076e-05,3.69905e-05,3.51962e-05,3.35866e-05,3.21322e-05,3.03948e-05,2.92201e-05,2.77977e-05,2.65158e-05,2.53534e-05,2.40429e-05,2.30922e-05,2.20085e-05,2.10252e-05,2.01284e-05,1.91507e-05,1.84073e-05,1.75894e-05,1.67241e-05,1.60483e-05,1.53266e-05,1.46678e-05,1.40638e-05,1.34322e-05,1.28553e-05,1.22631e-05,1.1781e-05,1.12294e-05,1.07755e-05,1.03126e-05,9.84734e-06,9.42239e-06,9.03268e-06,8.6428e-06,8.2568e-06,7.90385e-06,7.55607e-06,7.23764e-06,6.92499e-06,6.62e-06,6.34076e-06,6.06879e-06,5.80517e-06,5.55068e-06,5.31757e-06,5.09247e-06,4.8659e-06,4.65864e-06,4.46004e-06,4.26253e-06,4.08179e-06,3.90939e-06,3.73931e-06,3.57809e-06,3.42533e-06,3.27613e-06,3.1353e-06,2.9986e-06,2.86989e-06,2.74864e-06,2.62859e-06,2.51595e-06,2.40775e-06,2.30406e-06,2.20489e-06,2.11019e-06,2.01822e-06,1.93237e-06,1.84927e-06,1.76911e-06,1.69323e-06,1.62032e-06,1.55043e-06,1.48357e-06,1.41974e-06,1.35886e-06,1.30019e-06,1.24444e-06,1.19092e-06,1.13965e-06,1.09064e-06,1.04341e-06,9.98451e-07,9.55686e-07,9.14698e-07,8.75174e-07,8.3747e-07,8.01547e-07,7.67115e-07,7.33955e-07,7.02521e-07,6.87891e-07
5.96046e-09,25.3789,24.8789,23.5135,21.6458,19.2187,15.5278,3.35574,0.797878,0.27475,0.0480797,0.0234962,0.0125989,0.00459984,0.00306646,0.00158214,0.00120606,0.000766828,0.000534725,0.000399239,0.000313844,0.000256663,0.000216465,0.000187057,0.000155658,0.000140271,0.000127889,0.000113314,0.000102099,9.32071e-05,8.598e-05,7.99812e-05,7.49129e-05,6.92489e-05,6.56336e-05,6.16806e-05,5.73967e-05,5.49112e-05,5.16224e-05,4.87596e-05,4.62383e-05,4.39954e-05,4.19834e-05,4.01653e-05,3.79937e-05,3.65251e-05,3.47472e-05,3.31449e-05,3.16918e-05,3.00537e-05,2.88654e-05,2.75107e-05,2.62815e-05,2.51605e-05,2.39385e-05,2.30092e-05,2.19869e-05,2.09051e-05,2.00604e-05,1.91583e-05,1.83348e-05,1.75798e-05,1.67903e-05,1.60691e-05,1.53289e-05,1.47263e-05,1.40368e-05,1.34695e-05,1.28908e-05,1.23092e-05,1.1778e-05,1.12909e-05,1.08035e-05,1.0321e-05,9.87985e-06,9.44511e-06,9.04708e-06,8.65627e-06,8.27502e-06,7.92597e-06,7.58602e-06,7.25649e-06,6.93837e-06,6.64699e-06,6.36561e-06,6.08239e-06,5.82332e-06,5.57507e-06,5.32818e-06,5.10225e-06,4.88675e-06,4.67415e-06,4.47263e-06,4.28167e-06,4.09517e-06,3.91914e-06,3.74826e-06,3.58738e-06,3.43582e-06,3.28574e-06,3.14495e-06,3.0097e-06,2.88008e-06,2.75611e-06,2.63775e-06,2.52278e-06,2.41547e-06,2.31159e-06,2.21139e-06,2.11654e-06,2.0254e-06,1.93804e-06,1.85447e-06,1.77467e-06,1.69858e-06,1.62524e-06,1.55555e-06,1.48865e-06,1.42457e-06,1.36331e-06,1.30427e-06,1.24807e-06,1.19461e-06,1.14338e-06,1.09397e-06,1.04684e-06,1.00194e-06,9.58897e-07,9.17447e-07,8.78153e-07,8.59867e-07
7.45058e-09,25.7521,25.1865,23.8244,22.0095,19.719,16.4719,6.04894,1.04174,0.348269,0.0602501,0.0294071,0.0157595,0.00575134,0.00383377,0.00197787,0.00150769,0.000958585,0.00066843,0.000499063,0.000392314,0.000320834,0.000270585,0.000233824,0.000194574,0.00017534,0.000159862,0.000141644,0.000127625,0.00011651,0.000107476,9.99768e-05,9.36412e-05,8.65613e-05,8.20426e-05,7.71006e-05,7.17461e-05,6.86393e-05,6.45281e-05,6.09499e-05,5.77983e-05,5.49943e-05,5.24797e-05,5.02071e-05,4.74922e-05,4.56567e-05,4.34342e-05,4.14313e-05,3.96149e-05,3.75672e-05,3.60817e-05,3.43885e-05,3.28521e-05,3.14507e-05,2.99232e-05,2.87618e-05,2.74837e-05,2.61315e-05,2.50757e-05,2.3948e-05,2.29185e-05,2.19748e-05,2.09878e-05,2.00865e-05,1.91612e-05,1.84079e-05,1.7546e-05,1.6837e-05,1.61135e-05,1.53866e-05,1.47226e-05,1.41137e-05,1.35044e-05,1.29013e-05,1.23499e-05,1.18064e-05,1.13089e-05,1.08204e-05,1.03438e-05,9.90749e-06,9.48259e-06,9.07063e-06,8.67299e-06,8.30877e-06,7.95702e-06,7.60302e-06,7.27917e-06,6.96888e-06,6.66029e-06,6.37786e-06,6.10845e-06,5.8427e-06,5.59082e-06,5.35212e-06,5.119e-06,4.89894e-06,4.68536e-06,4.48425e-06,4.29479e-06,4.10719e-06,3.93121e-06,3.76215e-06,3.60013e-06,3.44516e-06,3.29722e-06,3.15348e-06,3.01935e-06,2.8895e-06,2.76424e-06,2.64569e-06,2.53176e-06,2.42256e-06,2.3181e-06,2.21835e-06,2.12324e-06,2.03156e-06,1.94445e-06,1.86083e-06,1.78071e-06,1.70413e-06,1.63035e-06,1.5601e-06,1.49328e-06,1.42922e-06,1.36747e-06,1.30856e-06,1.25243e-06,1.19863e-06,1.14681e-06,1.09769e-06,1.07484e-06
9.31323e-09,26.0994,25.4751,24.1153,22.3459,20.1685,17.2428,10.967,1.38285,0.443237,0.0755497,0.0368167,0.0197164,0.00719157,0.00479331,0.00247264,0.00188479,0.00119831,0.000835576,0.000623849,0.000490404,0.00040105,0.000338237,0.000292284,0.000243222,0.000219178,0.000199829,0.000177056,0.000159532,0.000145638,0.000134345,0.000124972,0.000117052,0.000108202,0.000102554,9.63765e-05,8.96837e-05,8.58001e-05,8.06608e-05,7.61876e-05,7.2248e-05,6.87434e-05,6.55999e-05,6.27591e-05,5.93656e-05,5.70712e-05,5.42931e-05,5.17895e-05,4.95189e-05,4.69594e-05,4.51027e-05,4.2986e-05,4.10652e-05,3.93139e-05,3.74044e-05,3.59522e-05,3.4355e-05,3.26646e-05,3.13447e-05,2.99352e-05,2.86484e-05,2.74688e-05,2.62351e-05,2.51083e-05,2.39517e-05,2.301e-05,2.19328e-05,2.10462e-05,2.0142e-05,1.92333e-05,1.84034e-05,1.76422e-05,1.68807e-05,1.61268e-05,1.54374e-05,1.47581e-05,1.41362e-05,1.35256e-05,1.29298e-05,1.23844e-05,1.18532e-05,1.13384e-05,1.08413e-05,1.0386e-05,9.94634e-06,9.50386e-06,9.09904e-06,8.71111e-06,8.32536e-06,7.97232e-06,7.6356e-06,7.30346e-06,6.98855e-06,6.69016e-06,6.39879e-06,6.1237e-06,5.85673e-06,5.60534e-06,5.36853e-06,5.13405e-06,4.91405e-06,4.7027e-06,4.50017e-06,4.30647e-06,4.12154e-06,3.94188e-06,3.77422e-06,3.61191e-06,3.45533e-06,3.30713e-06,3.16473e-06,3.02823e-06,2.89765e-06,2.77295e-06,2.65407e-06,2.53946e-06,2.43057e-06,2.32603e-06,2.22591e-06,2.13019e-06,2.03795e-06,1.95013e-06,1.8666e-06,1.78655e-06,1.70934e-06,1.6357e-06,1.56554e-06,1.4983e-06,1.43352e-06,1.37213e-06,1.34356e-06
1.16415e-08,26.4241,25.7469,24.3886,22.6586,20.5764,17.8958,13.2287,1.88537,0.567137,0.0948107,0.0461114,0.024672,0.00899318,0.00599333,0.00309127,0.00235626,0.00149799,0.00104453,0.000779841,0.000613022,0.000501324,0.000422802,0.00036536,0.00030403,0.000273974,0.000249788,0.000221321,0.000199416,0.000182049,0.000167933,0.000156216,0.000146317,0.000135253,0.000128193,0.000120471,0.000112105,0.00010725,0.000100826,9.52349e-05,9.03104e-05,8.59299e-05,8.19998e-05,7.8449e-05,7.42075e-05,7.13393e-05,6.78665e-05,6.47369e-05,6.18988e-05,5.86993e-05,5.63785e-05,5.37325e-05,5.13317e-05,4.91425e-05,4.67556e-05,4.49405e-05,4.29438e-05,4.08309e-05,3.91811e-05,3.74192e-05,3.58106e-05,3.43359e-05,3.2794e-05,3.13854e-05,2.99398e-05,2.87626e-05,2.7416e-05,2.63079e-05,2.51776e-05,2.40418e-05,2.30043e-05,2.20529e-05,2.1101e-05,2.01585e-05,1.92968e-05,1.84477e-05,1.76703e-05,1.6907e-05,1.61624e-05,1.54806e-05,1.48166e-05,1.4173e-05,1.35517e-05,1.29826e-05,1.2433e-05,1.18799e-05,1.13738e-05,1.0889e-05,1.04067e-05,9.96548e-06,9.54457e-06,9.12934e-06,8.73571e-06,8.36273e-06,7.9985e-06,7.65468e-06,7.32092e-06,7.0067e-06,6.71067e-06,6.41758e-06,6.14256e-06,5.87842e-06,5.62524e-06,5.38312e-06,5.15193e-06,4.92738e-06,4.71778e-06,4.51488e-06,4.31919e-06,4.13393e-06,3.95591e-06,3.7853e-06,3.62206e-06,3.46621e-06,3.3176e-06,3.17433e-06,3.03823e-06,2.90756e-06,2.78241e-06,2.66275e-06,2.54744e-06,2.43766e-06,2.33326e-06,2.23319e-06,2.13669e-06,2.04464e-06,1.95694e-06,1.87287e-06,1.79191e-06,1.71517e-06,1.67945e-06
1.45519e-08,26.7286,26.0035,24.6461,22.9506,20.9497,18.4628,14.6241,2.69921,0.731029,0.119105,0.0577822,0.0308821,0.0112474,0.00749433,0.00386484,0.00294578,0.00187269,0.00130575,0.000974853,0.000766308,0.000626674,0.000528517,0.00045671,0.000380045,0.000342474,0.00031224,0.000276656,0.000249274,0.000227564,0.000209918,0.000195272,0.000182898,0.000169069,0.000160243,0.000150591,0.000140133,0.000134064,0.000126035,0.000119045,0.000112889,0.000107414,0.000102501,9.80622e-05,9.27601e-05,8.91751e-05,8.48341e-05,8.0922e-05,7.73745e-05,7.33749e-05,7.04739e-05,6.71665e-05,6.41654e-05,6.14287e-05,5.84451e-05,5.61763e-05,5.36802e-05,5.1039e-05,4.89768e-05,4.67744e-05,4.47638e-05,4.29204e-05,4.09929e-05,3.92321e-05,3.7425e-05,3.59537e-05,3.42704e-05,3.28851e-05,3.14724e-05,3.00525e-05,2.87556e-05,2.75663e-05,2.63765e-05,2.51985e-05,2.41213e-05,2.30599e-05,2.20881e-05,2.1134e-05,2.02032e-05,1.9351e-05,1.8521e-05,1.77165e-05,1.69398e-05,1.62284e-05,1.55414e-05,1.485e-05,1.42174e-05,1.36113e-05,1.30086e-05,1.24569e-05,1.19308e-05,1.14118e-05,1.09198e-05,1.04535e-05,9.9982e-06,9.56843e-06,9.15124e-06,8.75847e-06,8.38842e-06,8.02204e-06,7.67829e-06,7.34808e-06,7.03162e-06,6.72897e-06,6.43999e-06,6.15928e-06,5.8973e-06,5.64366e-06,5.39903e-06,5.16747e-06,4.94494e-06,4.73166e-06,4.52764e-06,4.3328e-06,4.14704e-06,3.96795e-06,3.79783e-06,3.63449e-06,3.47803e-06,3.32846e-06,3.18433e-06,3.0471e-06,2.9166e-06,2.79152e-06,2.67089e-06,2.55582e-06,2.4462e-06,2.34112e-06,2.23991e-06,2.14398e-06,2.09934e-06
1.81899e-08,27.0153,26.2466,24.8895,23.2244,21.2936,18.9642,15.6524,4.35655,0.952102,0.149822,0.0724526,0.0386684,0.0140684,0.00937211,0.0048322,0.00368292,0.00234115,0.00163234,0.00121865,0.000957933,0.000783374,0.000660668,0.000570904,0.000475067,0.000428101,0.000390308,0.000345826,0.000311598,0.00028446,0.000262402,0.000244093,0.000228626,0.000211339,0.000200306,0.000188241,0.000175168,0.000167582,0.000157545,0.000148808,0.000141113,0.000134268,0.000128128,0.000122579,0.000115952,0.00011147,0.000106044,0.000101154,9.67193e-05,9.17199e-05,8.80933e-05,8.3959e-05,8.02077e-05,7.67866e-05,7.30573e-05,7.02211e-05,6.71011e-05,6.37997e-05,6.12216e-05,5.84687e-05,5.59554e-05,5.36512e-05,5.12416e-05,4.90409e-05,4.67819e-05,4.49427e-05,4.28385e-05,4.1107e-05,3.9341e-05,3.75662e-05,3.59449e-05,3.44583e-05,3.2971e-05,3.14984e-05,3.0152e-05,2.88253e-05,2.76105e-05,2.64178e-05,2.52543e-05,2.4189e-05,2.31515e-05,2.21458e-05,2.1175e-05,2.02857e-05,1.9427e-05,1.85626e-05,1.7772e-05,1.70144e-05,1.62609e-05,1.55714e-05,1.49137e-05,1.42649e-05,1.36499e-05,1.30671e-05,1.24979e-05,1.19607e-05,1.14392e-05,1.09482e-05,1.04856e-05,1.00276e-05,9.59798e-06,9.1852e-06,8.78964e-06,8.4113e-06,8.05007e-06,7.69919e-06,7.37172e-06,7.05467e-06,6.74887e-06,6.4594e-06,6.18125e-06,5.91465e-06,5.6596e-06,5.41607e-06,5.18386e-06,4.96001e-06,4.74734e-06,4.54315e-06,4.3476e-06,4.16063e-06,3.98046e-06,3.80894e-06,3.64579e-06,3.48943e-06,3.33866e-06,3.19481e-06,3.05778e-06,2.92642e-06,2.79993e-06,2.68001e-06,2.6242e-06
2.27374e-08,27.286,26.4772,25.12,23.4818,21.6124,19.4136,16.4732,9.23785,1.25914,0.188775,0.0909207,0.0484387,0.0175998,0.0117217,0.00604208,0.00460473,0.0029269,0.00204064,0.00152343,0.00119748,0.000979265,0.000825867,0.000713654,0.00059385,0.00053514,0.000487896,0.000432292,0.000389505,0.000355582,0.000328009,0.000305122,0.000285786,0.000264178,0.000250387,0.000235305,0.000218963,0.000209481,0.000196934,0.000186013,0.000176394,0.000167838,0.000160162,0.000153226,0.000144942,0.00013934,0.000132557,0.000126444,0.000120901,0.000114651,0.000110118,0.00010495,0.000100261,9.59847e-05,9.13226e-05,8.77777e-05,8.38776e-05,7.97508e-05,7.65282e-05,7.3087e-05,6.99452e-05,6.70649e-05,6.4053e-05,6.1302e-05,5.84782e-05,5.61791e-05,5.35488e-05,5.13845e-05,4.91768e-05,4.69583e-05,4.49318e-05,4.30735e-05,4.12143e-05,3.93736e-05,3.76905e-05,3.60321e-05,3.45136e-05,3.30227e-05,3.15683e-05,3.02367e-05,2.89398e-05,2.76827e-05,2.64691e-05,2.53575e-05,2.42841e-05,2.32036e-05,2.22153e-05,2.12683e-05,2.03264e-05,1.94645e-05,1.86424e-05,1.78314e-05,1.70626e-05,1.63341e-05,1.56226e-05,1.49511e-05,1.42992e-05,1.36854e-05,1.31073e-05,1.25348e-05,1.19976e-05,1.14817e-05,1.09872e-05,1.05143e-05,1.00627e-05,9.62411e-06,9.21477e-06,8.81844e-06,8.4362e-06,8.07438e-06,7.72668e-06,7.3934e-06,7.0746e-06,6.77019e-06,6.47991e-06,6.2001e-06,5.93425e-06,5.67904e-06,5.43457e-06,5.20086e-06,4.97564e-06,4.76124e-06,4.55731e-06,4.36185e-06,4.17338e-06,3.99358e-06,3.82228e-06,3.65809e-06,3.49995e-06,3.35005e-06,3.2803e-06
2.84217e-08,27.5421,26.6966,25.3389,23.7248,21.9092,19.8208,17.1589,12.2884,1.70609,0.238369,0.114212,0.0607108,0.0220222,0.0146623,0.00755543,0.00575759,0.00365932,0.00255116,0.00190448,0.00149697,0.00122415,0.00103238,0.000892102,0.000742336,0.000668944,0.000609886,0.000540378,0.000486892,0.000444486,0.000410018,0.00038141,0.000357239,0.000330228,0.000312989,0.000294136,0.000273708,0.000261856,0.000246172,0.00023252,0.000220496,0.000209801,0.000200206,0.000191536,0.00018118,0.000174177,0.000165699,0.000158058,0.000151128,0.000143316,0.00013765,0.00013119,0.000125328,0.000119983,0.000114155,0.000109724,0.000104848,9.96899e-05,9.56617e-05,9.13601e-05,8.74327e-05,8.38323e-05,8.00673e-05,7.66285e-05,7.30987e-05,7.02248e-05,6.6937e-05,6.42315e-05,6.14719e-05,5.86987e-05,5.61657e-05,5.38426e-05,5.15186e-05,4.92176e-05,4.71139e-05,4.50408e-05,4.31426e-05,4.1279e-05,3.94609e-05,3.77965e-05,3.61752e-05,3.46038e-05,3.30869e-05,3.16974e-05,3.03555e-05,2.9005e-05,2.77695e-05,2.65857e-05,2.54084e-05,2.4331e-05,2.33033e-05,2.22895e-05,2.13285e-05,2.04179e-05,1.95286e-05,1.86891e-05,1.78742e-05,1.7107e-05,1.63843e-05,1.56687e-05,1.49973e-05,1.43523e-05,1.37342e-05,1.3143e-05,1.25786e-05,1.20303e-05,1.15186e-05,1.10232e-05,1.05454e-05,1.00931e-05,9.65849e-06,9.24189e-06,8.84339e-06,8.46285e-06,8.10001e-06,7.75024e-06,7.41793e-06,7.0989e-06,6.79332e-06,6.50117e-06,6.21964e-06,5.95163e-06,5.69672e-06,5.4524e-06,5.2168e-06,4.99205e-06,4.77792e-06,4.57267e-06,4.37501e-06,4.18764e-06,4.10042e-06
3.55271e-08,27.7852,26.9056,25.5473,23.9547,22.1868,20.1929,17.749,13.8943,2.41386,0.301839,0.143656,0.0761445,0.027563,0.0183439,0.00944874,0.00719962,0.00457526,0.00318949,0.00238089,0.00187139,0.0015303,0.00129056,0.00111518,0.000927958,0.000836212,0.000762384,0.000675493,0.000608632,0.000555623,0.000512537,0.000476775,0.00044656,0.000412795,0.000391245,0.000367679,0.000342143,0.000327327,0.000307721,0.000290656,0.000275626,0.000262256,0.000250262,0.000239425,0.00022648,0.000217726,0.000207127,0.000197576,0.000188914,0.000179149,0.000172066,0.00016399,0.000156663,0.000149981,0.000142697,0.000137157,0.000131063,0.000124615,0.000119579,0.000114202,0.000109293,0.000104792,0.000100086,9.57875e-05,9.13751e-05,8.77829e-05,8.36729e-05,8.02909e-05,7.68414e-05,7.33748e-05,7.02084e-05,6.73046e-05,6.43996e-05,6.15233e-05,5.88934e-05,5.63021e-05,5.39293e-05,5.15998e-05,4.93271e-05,4.72464e-05,4.522e-05,4.32557e-05,4.13594e-05,3.96225e-05,3.79452e-05,3.62569e-05,3.47126e-05,3.32328e-05,3.17611e-05,3.04143e-05,2.91297e-05,2.78625e-05,2.66612e-05,2.55229e-05,2.44112e-05,2.33619e-05,2.23432e-05,2.13842e-05,2.04808e-05,1.95862e-05,1.87469e-05,1.79407e-05,1.71681e-05,1.64291e-05,1.57235e-05,1.50382e-05,1.43986e-05,1.37793e-05,1.3182e-05,1.26166e-05,1.20734e-05,1.15526e-05,1.10545e-05,1.05788e-05,1.01252e-05,9.68799e-06,9.27259e-06,8.87379e-06,8.4918e-06,8.12662e-06,7.77471e-06,7.43969e-06,7.12103e-06,6.81563e-06,6.52113e-06,6.24018e-06,5.97251e-06,5.71595e-06,5.46887e-06,5.23464e-06,5.12564e-06
4.44089e-08,28.0163,27.1052,25.746,24.1727,22.4475,20.5354,18.2675,15.018,3.77398,0.383618,0.180991,0.0955851,0.0345092,0.0229548,0.0118179,0.00900365,0.00572081,0.00398772,0.00297658,0.00233951,0.00191306,0.00161332,0.00139407,0.00116001,0.00104531,0.000953021,0.000844401,0.000760819,0.000694553,0.000640692,0.000595988,0.000558218,0.000516009,0.000489071,0.000459611,0.000427691,0.00040917,0.000384662,0.00036333,0.000344542,0.000327829,0.000312837,0.000299289,0.000283107,0.000272165,0.000258916,0.000246977,0.000236149,0.000223942,0.000215088,0.000204993,0.000195834,0.000187482,0.000178376,0.000171451,0.000163833,0.000155773,0.000149478,0.000142757,0.00013662,0.000130994,0.000125111,0.000119737,0.000114222,0.000109731,0.000104594,0.000100366,9.60543e-05,9.17209e-05,8.77627e-05,8.4133e-05,8.05016e-05,7.69061e-05,7.36187e-05,7.03794e-05,6.74134e-05,6.45013e-05,6.16605e-05,5.90596e-05,5.65265e-05,5.4071e-05,5.17006e-05,4.95294e-05,4.74327e-05,4.53224e-05,4.33919e-05,4.1542e-05,3.97024e-05,3.80189e-05,3.64131e-05,3.4829e-05,3.33274e-05,3.19044e-05,3.05147e-05,2.92031e-05,2.79298e-05,2.6731e-05,2.56016e-05,2.44834e-05,2.34343e-05,2.24265e-05,2.14606e-05,2.05369e-05,1.96549e-05,1.87982e-05,1.79987e-05,1.72246e-05,1.6478e-05,1.57712e-05,1.50921e-05,1.44411e-05,1.38184e-05,1.32238e-05,1.26568e-05,1.21103e-05,1.1591e-05,1.10925e-05,1.0615e-05,1.01585e-05,9.71865e-06,9.29984e-06,8.90153e-06,8.51975e-06,8.15161e-06,7.80042e-06,7.46584e-06,7.14513e-06,6.83626e-06,6.54347e-06,6.40721e-06
5.55112e-08,28.2365,27.2961,25.9357,24.38,22.693,20.8527,18.7302,15.8935,8.27091,0.489953,0.228517,0.120122,0.0432233,0.0287329,0.0147833,0.011261,0.00715374,0.00498599,0.00372147,0.00292483,0.0023916,0.00201684,0.00174273,0.00145011,0.00130672,0.00119135,0.00105555,0.000951071,0.000868229,0.000800896,0.000745015,0.000697802,0.000645036,0.000611363,0.000574536,0.000534633,0.000511481,0.000480845,0.000454179,0.000430693,0.000409801,0.000391059,0.000374124,0.000353896,0.000340217,0.000323656,0.000308731,0.000295196,0.000279937,0.000268869,0.00025625,0.000244801,0.00023436,0.000222977,0.000214321,0.000204798,0.000194722,0.000186854,0.000178452,0.00017078,0.000163748,0.000156394,0.000149677,0.000142782,0.000137169,0.000130747,0.000125462,0.000120072,0.000114655,0.000109707,0.00010517,0.00010063,9.61359e-05,9.20265e-05,8.79771e-05,8.42696e-05,8.06294e-05,7.70782e-05,7.38269e-05,7.06604e-05,6.75909e-05,6.46279e-05,6.19138e-05,5.92928e-05,5.66548e-05,5.42416e-05,5.19293e-05,4.96297e-05,4.75252e-05,4.55179e-05,4.35377e-05,4.16605e-05,3.98818e-05,3.81447e-05,3.6505e-05,3.49133e-05,3.34148e-05,3.20031e-05,3.06053e-05,2.92939e-05,2.8034e-05,2.68267e-05,2.5672e-05,2.45695e-05,2.34986e-05,2.24991e-05,2.15314e-05,2.05981e-05,1.97147e-05,1.88657e-05,1.8052e-05,1.72736e-05,1.65303e-05,1.58216e-05,1.51384e-05,1.44893e-05,1.38661e-05,1.32692e-05,1.26986e-05,1.21487e-05,1.16252e-05,1.11273e-05,1.06501e-05,1.01899e-05,9.75085e-06,9.3326e-06,8.9317e-06,8.54561e-06,8.17962e-06,8.00928e-06
6.93889e-08,28.4466,27.4789,26.1173,24.5775,22.9251,21.1481,19.148,16.6151,11.9065,0.629947,0.289322,0.151171,0.0541656,0.0359778,0.0184961,0.0140865,0.0089464,0.00623458,0.00465296,0.0036567,0.00298992,0.00252134,0.00217862,0.00181278,0.00163353,0.00148928,0.00131952,0.0011889,0.00108535,0.00100117,0.000931314,0.000872293,0.000806331,0.000764236,0.000718201,0.00066832,0.000639378,0.000601079,0.000567749,0.000538388,0.000512274,0.000488844,0.000467675,0.000442389,0.000425289,0.000404586,0.000385928,0.000369011,0.000349934,0.000336097,0.000320326,0.000306014,0.00029296,0.000278731,0.000267911,0.000256008,0.000243412,0.000233576,0.000223073,0.000213484,0.000204694,0.0001955,0.000187103,0.000178485,0.000171467,0.00016344,0.000156833,0.000150095,0.000143324,0.000137139,0.000131467,0.000125793,0.000120174,0.000115037,0.000109975,0.000105341,0.00010079,9.63516e-05,9.22875e-05,8.8329e-05,8.44918e-05,8.07881e-05,7.7395e-05,7.41189e-05,7.08213e-05,6.78048e-05,6.49143e-05,6.20397e-05,5.94085e-05,5.68996e-05,5.4424e-05,5.20776e-05,4.98541e-05,4.76825e-05,4.5633e-05,4.36432e-05,4.17702e-05,4.00053e-05,3.82582e-05,3.66186e-05,3.50438e-05,3.35345e-05,3.20913e-05,3.0713e-05,2.93743e-05,2.8125e-05,2.69154e-05,2.57486e-05,2.46442e-05,2.35831e-05,2.25659e-05,2.15929e-05,2.06637e-05,1.97777e-05,1.89237e-05,1.81122e-05,1.73334e-05,1.65872e-05,1.58739e-05,1.51865e-05,1.45321e-05,1.39097e-05,1.3313e-05,1.27378e-05,1.2189e-05,1.16662e-05,1.11651e-05,1.06824e-05,1.02249e-05,1.0012e-05
8.67362e-08,28.6476,27.6543,26.2912,24.7659,23.1449,21.4244,19.5291,17.231,13.6123,0.81753,0.367644,0.19059,0.0679224,0.0450692,0.0231468,0.0176238,0.0111896,0.0077965,0.00581799,0.00457194,0.00373808,0.00315214,0.00272363,0.00226621,0.00204209,0.00186177,0.00164953,0.00148624,0.00135678,0.00125155,0.00116421,0.00109043,0.00100797,0.000955353,0.000897805,0.000835445,0.000799267,0.000751391,0.000709721,0.00067302,0.000640371,0.000611087,0.000584623,0.000553015,0.000531639,0.000505759,0.000482434,0.000461287,0.000437441,0.000420144,0.000400427,0.000382535,0.000366221,0.000348433,0.000334907,0.000320025,0.00030428,0.000291984,0.000278856,0.000266869,0.000255879,0.000244387,0.000233892,0.000223117,0.000214345,0.00020431,0.000196052,0.000187628,0.000179164,0.000171433,0.000164342,0.000157249,0.000150225,0.000143804,0.000137477,0.000131683,0.000125995,0.000120445,0.000115365,0.000110417,0.00010562,0.00010099,9.67486e-05,9.26529e-05,8.85309e-05,8.47602e-05,8.11467e-05,7.75534e-05,7.42644e-05,7.11279e-05,6.80338e-05,6.51006e-05,6.23209e-05,5.96066e-05,5.70444e-05,5.45569e-05,5.22152e-05,5.00092e-05,4.78249e-05,4.57758e-05,4.38069e-05,4.19204e-05,4.01159e-05,3.83933e-05,3.67197e-05,3.51578e-05,3.36457e-05,3.21876e-05,3.0807e-05,2.94803e-05,2.82088e-05,2.69924e-05,2.58309e-05,2.47234e-05,2.36559e-05,2.26416e-05,2.16677e-05,2.07351e-05,1.98434e-05,1.8984e-05,1.8166e-05,1.73879e-05,1.66422e-05,1.59231e-05,1.52371e-05,1.45835e-05,1.3957e-05,1.33537e-05,1.27818e-05,1.25156e-05
1.0842e-07,28.84,27.8227,26.4582,24.9461,23.3537,21.6838,19.8793,17.7694,14.775,1.07547,0.469436,0.240851,0.0852425,0.0564888,0.0289754,0.0220546,0.0139975,0.00975073,0.00727527,0.00571657,0.00467365,0.0039409,0.00340506,0.00283312,0.00255291,0.00232745,0.00206211,0.00185796,0.00169611,0.00156456,0.00145538,0.00136314,0.00126006,0.00119427,0.00112233,0.00104438,0.000999147,0.0009393,0.000887207,0.00084133,0.000800517,0.000763907,0.000730826,0.00069131,0.000664589,0.000632238,0.00060308,0.000576642,0.000546836,0.000525213,0.000500565,0.000478199,0.000457803,0.000435567,0.000418658,0.000400057,0.000380374,0.000365004,0.00034859,0.000333606,0.000319868,0.000305503,0.000292382,0.000278913,0.000267947,0.000255402,0.000245079,0.00023455,0.000223968,0.000214304,0.00020544,0.000196573,0.000187794,0.000179765,0.000171855,0.000164613,0.000157502,0.000150566,0.000144215,0.000138029,0.000132033,0.000126245,0.000120944,0.000115824,0.00011067,0.000105956,0.000101439,9.69476e-05,9.28367e-05,8.89151e-05,8.50472e-05,8.13805e-05,7.79057e-05,7.45125e-05,7.13094e-05,6.82004e-05,6.52732e-05,6.25153e-05,5.97849e-05,5.72232e-05,5.47621e-05,5.24038e-05,5.01479e-05,4.79945e-05,4.59024e-05,4.395e-05,4.20599e-05,4.02366e-05,3.85109e-05,3.68527e-05,3.5263e-05,3.37424e-05,3.22905e-05,3.09061e-05,2.95714e-05,2.83035e-05,2.70862e-05,2.59203e-05,2.48056e-05,2.37315e-05,2.27089e-05,2.17362e-05,2.08039e-05,1.9905e-05,1.90474e-05,1.82304e-05,1.74473e-05,1.66931e-05,1.59782e-05,1.56455e-05
1.35525e-07,29.0245,27.9846,26.6186,25.1187,23.5524,21.9282,20.2033,18.2482,15.6725,1.44491,0.603377,0.305296,0.107091,0.0708515,0.0362852,0.0276072,0.0175131,0.0121964,0.00909845,0.00714828,0.00584371,0.00492725,0.00425715,0.00354198,0.00319161,0.0029097,0.00257795,0.00232271,0.00212036,0.0019559,0.0018194,0.00170408,0.00157521,0.00149297,0.00140303,0.00130558,0.00124904,0.00117422,0.0011091,0.00105175,0.00100073,0.000954957,0.000913604,0.000864206,0.000830802,0.000790358,0.000753913,0.00072086,0.000683598,0.000656568,0.000625754,0.000597795,0.000572298,0.000544502,0.000523365,0.000500109,0.000475503,0.00045629,0.000435773,0.000417039,0.000399866,0.000381908,0.000365505,0.000348668,0.000334961,0.000319277,0.000306373,0.00029321,0.000279983,0.0002679,0.00025682,0.000245734,0.00023476,0.000224725,0.000214836,0.000205783,0.000196893,0.000188221,0.000180282,0.00017255,0.000165055,0.000157819,0.000151191,0.00014479,0.000138348,0.000132456,0.000126809,0.000121193,0.000116055,0.000111153,0.000106317,0.000101733,9.739e-05,9.31477e-05,8.91436e-05,8.52568e-05,8.15974e-05,7.81502e-05,7.47368e-05,7.15345e-05,6.84578e-05,6.55098e-05,6.26898e-05,5.99975e-05,5.73826e-05,5.49419e-05,5.25788e-05,5.02998e-05,4.81424e-05,4.60694e-05,4.40821e-05,4.21814e-05,4.03662e-05,3.86355e-05,3.69672e-05,3.53821e-05,3.38604e-05,3.24029e-05,3.10094e-05,2.96666e-05,2.83882e-05,2.71723e-05,2.60069e-05,2.48832e-05,2.38112e-05,2.27898e-05,2.18108e-05,2.0868e-05,1.99743e-05,1.95583e-05
1.69407e-07,29.2016,28.1406,26.7729,25.2842,23.742,22.1592,20.5048,18.6798,16.4095,2.01325,0.782714,0.388547,0.134718,0.0889446,0.0454602,0.0345702,0.0219169,0.0152582,0.0113799,0.00893942,0.00730725,0.00616087,0.00532276,0.00442838,0.00399026,0.00363775,0.00322295,0.00290381,0.00265081,0.00244519,0.00227454,0.00213037,0.00196926,0.00186643,0.00175399,0.00163216,0.00156148,0.00146794,0.00138653,0.00131482,0.00125104,0.00119382,0.00114212,0.00108037,0.00103861,0.000988051,0.000942486,0.000901168,0.000854586,0.000820794,0.000782273,0.000747321,0.000715445,0.000680696,0.000654273,0.000625199,0.00059444,0.00057042,0.000544771,0.000521353,0.000499883,0.000477433,0.000456926,0.00043588,0.000418744,0.000399138,0.000383006,0.00036655,0.000350013,0.000334909,0.000321057,0.000307199,0.000293479,0.000280935,0.000268573,0.000257255,0.000246142,0.000235301,0.000225376,0.000215709,0.000206339,0.000197293,0.000189008,0.000181006,0.000172954,0.000165587,0.000158527,0.000151507,0.000145083,0.000138955,0.00013291,0.00012718,0.00012175,0.000116447,0.000111441,0.000106582,0.000102007,9.76977e-05,9.34304e-05,8.9427e-05,8.55809e-05,8.18953e-05,7.83705e-05,7.50045e-05,7.17355e-05,6.86841e-05,6.57303e-05,6.28811e-05,6.01842e-05,5.75925e-05,5.51083e-05,5.2732e-05,5.0463e-05,4.82994e-05,4.62137e-05,4.42322e-05,4.23299e-05,4.05077e-05,3.87658e-05,3.7087e-05,3.54889e-05,3.39688e-05,3.2512e-05,3.11072e-05,2.9767e-05,2.84901e-05,2.72663e-05,2.60877e-05,2.49704e-05,2.44504e-05
2.11758e-07,29.3719,28.2908,26.9215,25.4432,23.9231,22.3782,20.7867,19.073,17.038,3.03269,1.02905,0.497173,0.16976,0.111782,0.056988,0.0433086,0.027436,0.0190924,0.0142356,0.0111806,0.00913807,0.00770384,0.00665546,0.00553685,0.00498893,0.00454813,0.00402943,0.00363039,0.00331406,0.00305697,0.00284359,0.00266334,0.00246191,0.00233336,0.00219279,0.00204047,0.0019521,0.00183516,0.00173338,0.00164374,0.00156399,0.00149247,0.00142783,0.00135062,0.00129842,0.00123521,0.00117825,0.0011266,0.00106836,0.00102612,0.000977957,0.000934261,0.000894412,0.000850971,0.000817936,0.000781593,0.000743137,0.000713109,0.000681043,0.000651767,0.000624929,0.000596861,0.000571227,0.000544914,0.000523491,0.000498981,0.000478812,0.000458241,0.000437569,0.000418686,0.000401369,0.000384045,0.000366892,0.000351209,0.000335755,0.000321606,0.000307714,0.000294161,0.000281753,0.000269668,0.000257954,0.000246646,0.000236288,0.000226285,0.000216217,0.000207007,0.000198183,0.000189406,0.000181375,0.000173714,0.000166157,0.000158993,0.000152205,0.000145575,0.000139317,0.000133243,0.000127524,0.000122137,0.000116802,0.000111797,0.000106989,0.000102381,9.79745e-05,9.37667e-05,8.96797e-05,8.58653e-05,8.21726e-05,7.86107e-05,7.52388e-05,7.1999e-05,6.88935e-05,6.59229e-05,6.30861e-05,6.03814e-05,5.7774e-05,5.52968e-05,5.29186e-05,5.06405e-05,4.84629e-05,4.63643e-05,4.43663e-05,4.24661e-05,4.06448e-05,3.88885e-05,3.72131e-05,3.56168e-05,3.40869e-05,3.26134e-05,3.12166e-05,3.05666e-05
2.64698e-07,29.5359,28.4358,27.0648,25.596,24.0965,22.5863,21.0514,19.4342,17.5874,6.49873,1.38135,0.640902,0.214387,0.140685,0.071492,0.054287,0.0343579,0.0238963,0.0178112,0.0139856,0.0114289,0.00963417,0.00832252,0.00692325,0.00623796,0.00568666,0.005038,0.00453899,0.00414344,0.00382197,0.00355518,0.00332979,0.00307794,0.00291722,0.00274146,0.00255102,0.00244053,0.00229433,0.00216708,0.002055,0.00195531,0.00186588,0.00178507,0.00168855,0.00162328,0.00154426,0.00147304,0.00140846,0.00133566,0.00128284,0.00122264,0.00116801,0.00111819,0.00106388,0.00102258,0.000977142,0.000929065,0.000891525,0.000851435,0.000814834,0.000781279,0.000746192,0.000714143,0.000681246,0.000654464,0.000623822,0.000598608,0.00057289,0.000547045,0.000523437,0.000501788,0.000480129,0.000458686,0.000439079,0.000419759,0.000402069,0.000384701,0.000367758,0.000352245,0.000337137,0.000322492,0.000308354,0.000295405,0.0002829,0.000270313,0.000258799,0.000247766,0.000236794,0.000226753,0.000217176,0.000207728,0.000198772,0.000190285,0.000181997,0.000174174,0.00016658,0.00015943,0.000152694,0.000146025,0.000139768,0.000133757,0.000127996,0.000122487,0.000117227,0.000112117,0.000107348,0.000102731,9.82783e-05,9.40631e-05,9.00126e-05,8.61302e-05,8.24162e-05,7.88697e-05,7.54881e-05,7.22285e-05,6.91316e-05,6.61583e-05,6.33104e-05,6.05879e-05,5.79642e-05,5.54663e-05,5.30907e-05,5.08138e-05,4.86181e-05,4.65235e-05,4.45279e-05,4.26151e-05,4.0773e-05,3.90267e-05,3.8214e-05
3.30872e-07,29.6938,28.5758,27.2031,25.7432,24.2627,22.7844,21.3009,19.7684,18.0767,11.9141,1.92215,0.834898,0.271518,0.177386,0.0897711,0.0680968,0.0430462,0.0299188,0.0222902,0.0174974,0.014296,0.0120495,0.0104081,0.00865747,0.00780021,0.00711065,0.00629936,0.00567529,0.00518063,0.00477863,0.00444502,0.0041632,0.00384828,0.00364731,0.00342755,0.00318944,0.00305129,0.00286849,0.00270939,0.00256926,0.00244462,0.00233281,0.00223177,0.00211109,0.00202949,0.00193069,0.00184166,0.00176091,0.00166989,0.00160386,0.00152859,0.00146029,0.001398,0.0013301,0.00127846,0.00122166,0.00116155,0.00111462,0.0010645,0.00101873,0.000976785,0.000932916,0.000892847,0.000851718,0.000818234,0.000779924,0.000748402,0.000716247,0.000683934,0.000654419,0.000627354,0.000600275,0.000573466,0.000548952,0.000524797,0.00050268,0.000480967,0.000459783,0.000440389,0.0004215,0.000403191,0.000385515,0.000369325,0.000353691,0.000337955,0.00032356,0.000309766,0.000296048,0.000283495,0.000271521,0.000259709,0.000248511,0.000237901,0.000227539,0.000217758,0.000208263,0.000199324,0.000190903,0.000182565,0.000174742,0.000167227,0.000160025,0.000153137,0.000146561,0.000140172,0.00013421,0.000128438,0.000122871,0.000117601,0.000112537,0.000107683,0.00010304,9.86059e-05,9.4378e-05,9.03027e-05,8.64307e-05,8.27135e-05,7.91528e-05,7.57491e-05,7.24689e-05,6.9346e-05,6.63758e-05,6.35292e-05,6.0784e-05,5.81653e-05,5.56703e-05,5.3279e-05,5.09758e-05,4.87926e-05,4.77765e-05
4.1359e-07,29.8462,28.7111,27.3367,25.885,24.4223,22.9736,21.5368,20.0796,18.5185,13.7771,2.89022,1.10473,0.345166,0.224192,0.112858,0.0854978,0.0539632,0.0374746,0.0279039,0.0218961,0.0178855,0.0150724,0.0130179,0.0108272,0.00975457,0.00889195,0.00787713,0.00709656,0.00647789,0.00597514,0.00555793,0.0052055,0.00481169,0.00456039,0.00428558,0.00398785,0.0038151,0.00358653,0.00338759,0.00321239,0.00305653,0.00291673,0.0027904,0.00263952,0.00253748,0.00241395,0.00230263,0.00220167,0.00208786,0.00200531,0.00191119,0.0018258,0.00174792,0.00166302,0.00159846,0.00152744,0.00145229,0.0013936,0.00133093,0.00127372,0.00122127,0.00116642,0.00111632,0.0010649,0.00102303,0.000975136,0.000935724,0.000895521,0.000855121,0.000818219,0.000784378,0.000750522,0.000717001,0.000686353,0.000656152,0.0006285,0.000601351,0.000574865,0.000550617,0.000527,0.000504107,0.000482008,0.000461766,0.000442218,0.000422543,0.000404545,0.000387299,0.000370148,0.000354453,0.000339482,0.000324713,0.000310713,0.000297447,0.000284491,0.000272262,0.000260391,0.000249215,0.000238686,0.000228261,0.00021848,0.000209083,0.000200079,0.000191467,0.000183244,0.000175257,0.000167803,0.000160586,0.000153625,0.000147036,0.000140705,0.000134635,0.00012883,0.000123286,0.000118,0.000112905,0.000108064,0.000103416,9.89645e-05,9.47088e-05,9.06075e-05,8.6703e-05,8.29894e-05,7.94303e-05,7.59979e-05,7.27238e-05,6.96044e-05,6.66144e-05,6.37349e-05,6.10052e-05,5.97348e-05
5.16988e-07,29.9933,28.842,27.4659,26.0219,24.5758,23.1545,21.7605,20.3708,18.9218,15.005,6.66343,1.49902,0.440998,0.284228,0.142099,0.10747,0.0676994,0.0469629,0.0349446,0.0274081,0.0223812,0.0188573,0.0162846,0.0135423,0.0122001,0.0111207,0.00985097,0.00887456,0.00810064,0.00747182,0.00695001,0.00650923,0.00601672,0.00570244,0.00535878,0.00498645,0.00477043,0.00448461,0.00423583,0.00401674,0.00382186,0.00364704,0.00348908,0.00330041,0.00317282,0.00301836,0.00287916,0.00275293,0.00261062,0.00250739,0.00238971,0.00228293,0.00218555,0.0020794,0.00199868,0.00190987,0.0018159,0.00174252,0.00166416,0.00159263,0.00152704,0.00145846,0.00139582,0.00133152,0.00127917,0.00121928,0.00117,0.00111973,0.00106922,0.00102308,0.000980763,0.000938431,0.000896518,0.000858196,0.000820433,0.000785858,0.000751912,0.000718796,0.000688476,0.000658945,0.000630322,0.000602689,0.000577379,0.000552937,0.000528336,0.000505832,0.000484268,0.000462823,0.000443198,0.000424479,0.000406012,0.000388507,0.000371919,0.000355719,0.000340429,0.000325585,0.000311611,0.000298446,0.000285411,0.000273181,0.000261432,0.000250173,0.000239405,0.000229123,0.000219137,0.000209816,0.000200792,0.000192089,0.00018385,0.000175933,0.000168344,0.000161085,0.000154154,0.000147544,0.000141173,0.00013512,0.000129309,0.000123742,0.000118421,0.000113293,0.000108411,0.000103768,9.93173e-05,9.50257e-05,9.09318e-05,8.70314e-05,8.32927e-05,7.96922e-05,7.62791e-05,7.46907e-05
6.46235e-07,30.1355,28.9688,27.5909,26.1541,24.7235,23.3277,21.9733,20.6445,19.2932,15.9476,12.5881,2.13051,0.56731,0.361818,0.179266,0.135288,0.0850123,0.0588922,0.0437824,0.0343198,0.0280145,0.0235978,0.0203749,0.016941,0.0152607,0.0139097,0.0123209,0.0110991,0.0101309,0.00934431,0.00869154,0.00814018,0.00752417,0.0071311,0.00670129,0.00623564,0.00596544,0.00560797,0.00529689,0.0050229,0.00477917,0.00456056,0.00436301,0.00412709,0.00396754,0.0037744,0.00360029,0.00344245,0.00326449,0.0031354,0.00298825,0.00285473,0.00273296,0.00260022,0.00249927,0.00238822,0.00227072,0.00217896,0.00208098,0.00199152,0.00190951,0.00182376,0.00174542,0.00166502,0.00159956,0.00152467,0.00146305,0.00140019,0.00133702,0.00127932,0.00122641,0.00117347,0.00112106,0.00107314,0.00102592,0.000982687,0.000940238,0.000898827,0.000860914,0.000823988,0.000788194,0.00075364,0.000721991,0.000691428,0.000660665,0.000632524,0.00060556,0.000578743,0.000554202,0.000530795,0.000507703,0.000485814,0.000465071,0.000444814,0.000425693,0.000407133,0.000389658,0.000373195,0.000356895,0.000341602,0.000326911,0.000312832,0.000299367,0.00028651,0.000274022,0.000262367,0.000251083,0.000240199,0.000229897,0.000219997,0.000210508,0.000201431,0.000192764,0.000184499,0.000176532,0.000168963,0.000161696,0.000154735,0.000148081,0.000141669,0.000135564,0.000129758,0.000124192,0.000118826,0.000113707,0.000108829,0.000104154,9.96522e-05,9.53842e-05,9.33979e-05
8.07794e-07,30.273,29.0916,27.712,26.2819,24.8659,23.494,22.1762,20.9029,19.6378,16.7234,14.3873,3.4186,0.736871,0.463132,0.22673,0.170631,0.106881,0.0739131,0.0548879,0.0429935,0.0350778,0.0295381,0.0254984,0.0211966,0.0190926,0.0174012,0.0154124,0.0138833,0.0126717,0.0116875,0.0108708,0.010181,0.00941035,0.00891862,0.00838099,0.00779852,0.00746058,0.00701352,0.00662439,0.0062817,0.00597687,0.00570345,0.00545642,0.00516132,0.00496177,0.00472023,0.0045025,0.00430511,0.00408255,0.00392111,0.00373706,0.00357009,0.0034178,0.00325178,0.00312554,0.00298667,0.00283972,0.00272497,0.00260243,0.00249056,0.002388,0.00228076,0.00218279,0.00208225,0.00200038,0.00190671,0.00182966,0.00175104,0.00167205,0.0015999,0.00153373,0.00146752,0.00140197,0.00134205,0.001283,0.00122892,0.00117584,0.00112405,0.00107665,0.00103046,0.000985699,0.000942486,0.000902904,0.000864684,0.000826212,0.000791024,0.0007573,0.000723766,0.000693072,0.0006638,0.000634922,0.000607547,0.00058161,0.000556277,0.000532365,0.000509153,0.000487298,0.000466711,0.000446325,0.000427202,0.000408827,0.00039122,0.000374383,0.000358304,0.000342687,0.000328109,0.000314,0.000300389,0.000287506,0.000275123,0.000263258,0.000251906,0.000241066,0.000230731,0.000220766,0.0002113,0.000202214,0.00019351,0.000185188,0.000177168,0.000169534,0.000162272,0.000155312,0.000148601,0.000142199,0.0001361,0.000130253,0.000124623,0.000119286,0.000116802
1.00974e-06,30.4061,29.2106,27.8294,26.4056,25.0033,23.6538,22.37,21.1476,19.9595,17.388,15.6002,11.8146,0.970792,0.597328,0.287714,0.215737,0.134582,0.092863,0.0688623,0.0538894,0.0439411,0.0369869,0.0319199,0.0265278,0.0238918,0.0217733,0.019283,0.0173687,0.0158522,0.0146203,0.0135984,0.0127352,0.0117709,0.0111557,0.0104831,0.00975442,0.00933165,0.00877238,0.00828558,0.00785691,0.00747564,0.00713361,0.0068246,0.0064555,0.00620591,0.00590376,0.00563147,0.00538454,0.00510618,0.00490424,0.00467407,0.00446522,0.00427475,0.00406711,0.00390921,0.0037355,0.00355171,0.00340819,0.00325493,0.003115,0.00298673,0.00285259,0.00273006,0.0026043,0.00250192,0.00238478,0.0022884,0.00219008,0.00209127,0.00200102,0.00191826,0.00183546,0.00175349,0.00167854,0.00160467,0.00153705,0.00147065,0.00140588,0.00134658,0.00128882,0.00123284,0.00117879,0.00112929,0.00108148,0.00103336,0.000989351,0.000947174,0.000905228,0.000866845,0.00083023,0.000794112,0.000759873,0.000727431,0.000695747,0.000665837,0.000636808,0.000609473,0.000583726,0.000558231,0.00053431,0.00051133,0.00048931,0.000468248,0.000448138,0.000428606,0.000410374,0.000392726,0.000375703,0.000359589,0.000344105,0.000329261,0.000315065,0.000301506,0.00028858,0.000276118,0.000264279,0.000252913,0.000242026,0.000231618,0.000221587,0.000212038,0.000202958,0.000194252,0.000185859,0.000177851,0.000170223,0.000162911,0.000155868,0.000149193,0.000146086
1.26218e-06,30.5351,29.3262,27.9432,26.5254,25.1361,23.8076,22.5557,21.3801,20.2615,17.9729,16.5443,14.3304,1.30809,0.778796,0.36672,0.273649,0.169798,0.116829,0.0864775,0.0675948,0.0550742,0.0463347,0.0399736,0.0332102,0.0299058,0.0272511,0.0241313,0.0217339,0.0198351,0.0182928,0.0170135,0.0159332,0.0147264,0.0139564,0.0131147,0.0122028,0.0116739,0.0109741,0.0103651,0.00982871,0.00935171,0.0089238,0.00853722,0.00807546,0.00776321,0.00738522,0.00704458,0.00673567,0.00638745,0.00613485,0.00584691,0.00558564,0.00534736,0.00508762,0.00489011,0.00467282,0.00444289,0.00426335,0.00407165,0.0038966,0.00373615,0.00356835,0.00341508,0.00325778,0.00312969,0.00298316,0.00286259,0.00273959,0.00261601,0.00250311,0.00239957,0.00229601,0.00219346,0.0020997,0.00200731,0.00192272,0.00183966,0.00175864,0.00168445,0.00161221,0.00154217,0.00147456,0.00141263,0.00135284,0.00129264,0.00123759,0.00118483,0.00113236,0.00108435,0.00103855,0.000993362,0.000950534,0.000909952,0.000870317,0.000832908,0.000796591,0.000762399,0.000730189,0.000698295,0.000668375,0.00063963,0.000612082,0.000585737,0.000560582,0.000536146,0.000513342,0.000491264,0.000469972,0.000449814,0.000430444,0.000411878,0.000394117,0.000377158,0.000360987,0.000345399,0.00033059,0.000316372,0.000302752,0.000289734,0.000277186,0.000265242,0.000253882,0.000242993,0.000232494,0.000222476,0.000212934,0.000203787,0.000194978,0.000186628,0.000182741
1.57772e-06,30.6601,29.4384,28.0537,26.6415,25.2644,23.9559,22.7337,21.6017,20.5463,18.4973,17.329,15.7721,1.83494,1.03203,0.470221,0.348592,0.214779,0.147233,0.10873,0.084861,0.0690752,0.0580772,0.0500826,0.0415917,0.0374464,0.0341176,0.0302071,0.0272033,0.0248247,0.0228931,0.0212912,0.0199385,0.0184276,0.0174638,0.0164102,0.0152689,0.0146068,0.013731,0.0129688,0.0122977,0.0117007,0.0111653,0.0106816,0.0101037,0.00971305,0.00924009,0.00881387,0.00842736,0.00799165,0.00767561,0.00731532,0.00698842,0.00669031,0.00636533,0.00611821,0.00584633,0.00555868,0.00533405,0.00509417,0.00487518,0.00467442,0.00446448,0.00427272,0.0040759,0.00391567,0.00373233,0.00358147,0.0034276,0.00327296,0.00313172,0.00300219,0.00287261,0.00274431,0.002627,0.00251141,0.00240557,0.00230166,0.00220029,0.00210747,0.00201708,0.00192946,0.00184487,0.0017674,0.00169258,0.00161728,0.00154839,0.00148238,0.00141673,0.00135666,0.00129936,0.00124283,0.00118924,0.00113847,0.00108888,0.00104208,0.000996638,0.00095386,0.000913565,0.00087366,0.000836224,0.000800263,0.000765798,0.000732835,0.000701362,0.000670791,0.00064226,0.000614637,0.000587995,0.000562776,0.000538542,0.000515312,0.000493092,0.000471875,0.000451643,0.00043214,0.000413611,0.000395822,0.000378784,0.000362495,0.000346798,0.000331853,0.000317639,0.000304016,0.00029088,0.000278347,0.000266408,0.000254964,0.000243942,0.000233495,0.000228632
1.97215e-06,30.7814,29.5474,28.1611,26.7542,25.3886,24.0989,22.9049,21.8134,20.8159,18.9743,18.0068,16.8448,2.83695,1.40456,0.607974,0.446636,0.272593,0.185964,0.136923,0.106659,0.0867116,0.0728471,0.0627854,0.0521138,0.046909,0.0427315,0.0378267,0.0340606,0.0310793,0.028659,0.0266521,0.0249577,0.0230654,0.0218585,0.0205392,0.0191102,0.0182813,0.0171849,0.0162308,0.0153906,0.0146434,0.0139732,0.0133677,0.0126445,0.0121555,0.0115636,0.0110301,0.0105464,0.0100011,0.00960557,0.00915469,0.00874556,0.00837248,0.0079658,0.00765653,0.00731628,0.0069563,0.00667519,0.00637501,0.00610094,0.00584971,0.00558697,0.005347,0.00510069,0.00490016,0.00467072,0.00448194,0.00428937,0.00409587,0.0039191,0.00375702,0.00359485,0.00343429,0.00328749,0.00314283,0.00301039,0.00288035,0.00275349,0.00263734,0.00252422,0.00241457,0.00230871,0.00221176,0.00211813,0.00202389,0.00193769,0.00185508,0.00177293,0.00169775,0.00162605,0.00155531,0.00148825,0.00142471,0.00136265,0.00130408,0.00124722,0.00119368,0.00114325,0.00109332,0.00104647,0.00100146,0.000958337,0.000917084,0.0008777,0.000839443,0.000803739,0.00076917,0.00073583,0.000704269,0.000673944,0.000644873,0.000617068,0.000590515,0.000565195,0.00054079,0.000517603,0.000495341,0.000474017,0.000453634,0.00043399,0.000415287,0.000397501,0.000380453,0.000364013,0.00034833,0.000333389,0.000319068,0.000305275,0.000292201,0.000286116
2.46519e-06,30.8991,29.6534,28.2654,26.8635,25.509,24.2371,23.0696,22.0161,21.0722,19.4131,18.6073,17.7188,14.6398,2.01203,0.795602,0.576864,0.347525,0.235569,0.172771,0.134252,0.108972,0.0914549,0.0787693,0.0653378,0.0587951,0.0535474,0.0473898,0.0426644,0.0389253,0.0358908,0.033375,0.0312514,0.0288803,0.0273681,0.0257155,0.0239256,0.0228874,0.0215142,0.0203194,0.0192673,0.0183317,0.0174925,0.0167344,0.0158289,0.0152167,0.0144756,0.0138077,0.0132022,0.0125195,0.0120244,0.0114599,0.0109477,0.0104807,0.00997156,0.0095844,0.00915848,0.00870785,0.00835595,0.00798016,0.0076371,0.0073226,0.00699371,0.00669332,0.00638499,0.00613395,0.00584675,0.00561043,0.00536938,0.00512715,0.00490589,0.00470297,0.00449998,0.004299,0.00411523,0.00393415,0.00376836,0.00360557,0.00344677,0.00330138,0.00315978,0.00302252,0.00289002,0.00276865,0.00265144,0.00253348,0.00242556,0.00232216,0.00221933,0.00212522,0.00203546,0.0019469,0.00186297,0.00178343,0.00170574,0.00163242,0.00156125,0.00149424,0.00143111,0.0013686,0.00130996,0.00125362,0.00119963,0.00114799,0.00109869,0.0010508,0.0010061,0.000962836,0.0009211,0.000881593,0.000843632,0.000807242,0.000772435,0.000739195,0.000707503,0.000676952,0.000647926,0.00062006,0.000593368,0.000567851,0.00054326,0.00051985,0.000497585,0.000476244,0.000455665,0.000436034,0.00041733,0.000399403,0.000382138,0.000365772,0.000358154
3.08149e-06,31.0135,29.7565,28.3669,26.9697,25.6257,24.3708,23.2284,22.2108,21.3166,19.8204,19.1491,18.4655,16.6857,14.7505,1.0606,0.753719,0.44576,0.299553,0.218573,0.169299,0.137142,0.114946,0.0989161,0.0819808,0.0737442,0.0671437,0.0594048,0.05347,0.0487764,0.0449687,0.0418128,0.0391496,0.0361767,0.034281,0.0322095,0.0299663,0.0286654,0.0269448,0.0254478,0.0241297,0.0229577,0.0219065,0.0209568,0.0198227,0.0190559,0.0181277,0.0172912,0.0165328,0.0156778,0.0150577,0.0143508,0.0137094,0.0131245,0.0124869,0.0120021,0.0114687,0.0109044,0.0104637,0.00999312,0.00956351,0.00916966,0.00875781,0.00838164,0.00799553,0.00768119,0.00732154,0.00702561,0.00672374,0.00642041,0.00614334,0.00588924,0.00563505,0.00538337,0.00515324,0.00492649,0.00471888,0.00451504,0.00431617,0.00413411,0.00395679,0.00378491,0.00361898,0.003467,0.00332024,0.00317252,0.00303738,0.00290789,0.00277913,0.00266128,0.00254887,0.00243798,0.00233288,0.00223327,0.002136,0.00204418,0.00195505,0.00187114,0.00179208,0.00171381,0.00164037,0.00156982,0.00150222,0.00143756,0.00137582,0.00131585,0.00125988,0.0012057,0.00115344,0.00110396,0.00105642,0.00101086,0.000967269,0.000925648,0.00088596,0.000847703,0.000811355,0.000776459,0.000743035,0.000711083,0.00068029,0.000650974,0.000623093,0.000596369,0.000570599,0.000546016,0.000522596,0.000500146,0.000478527,0.000458032,0.000448493
3.85186e-06,31.1247,29.8568,28.4656,27.073,25.7389,24.5002,23.3817,22.3979,21.5503,20.2011,19.6445,19.1229,18.0248,17.2989,1.45913,1.00237,0.576643,0.382886,0.277465,0.214013,0.172909,0.144681,0.124366,0.102964,0.0925757,0.0842602,0.07452,0.0670572,0.061159,0.0563763,0.0524139,0.0490712,0.0453407,0.0429625,0.0403644,0.0375511,0.0359199,0.0337627,0.031886,0.0302338,0.0287647,0.0274472,0.0262571,0.0248358,0.0238749,0.0227117,0.0216636,0.0207132,0.0196419,0.0188649,0.0179792,0.0171756,0.0164428,0.0156439,0.0150365,0.0143682,0.0136612,0.0131091,0.0125195,0.0119813,0.0114879,0.0109719,0.0105006,0.0100169,0.00962305,0.00917248,0.00880174,0.00842356,0.00804353,0.00769642,0.00737809,0.00705963,0.00674431,0.00645601,0.00617194,0.00591183,0.00565645,0.00540733,0.00517924,0.00495709,0.00474176,0.00453388,0.00434348,0.0041596,0.00397454,0.00380525,0.00364302,0.0034817,0.00333406,0.00319324,0.00305432,0.00292263,0.00279785,0.00267598,0.00256095,0.00244929,0.00234416,0.00224513,0.00214706,0.00205506,0.00196668,0.00188198,0.00180098,0.00172363,0.0016485,0.00157838,0.0015105,0.00144503,0.00138305,0.00132349,0.00126641,0.0012118,0.00115965,0.00110993,0.001062,0.00101647,0.000972751,0.000930878,0.000890846,0.000852269,0.000815542,0.000780612,0.000747133,0.000714848,0.00068405,0.000654709,0.000626585,0.000599499,0.000573823,0.000561873
4.81482e-06,31.2329,29.9545,28.5618,27.1734,25.8489,24.6257,23.53,22.5783,21.7744,20.5593,20.1024,19.7135,19.067,18.7821,18.218,1.373,0.755267,0.492882,0.353832,0.271393,0.218517,0.182448,0.156605,0.129479,0.116346,0.105848,0.0935672,0.0841684,0.0767462,0.0707314,0.0657507,0.0615505,0.0568646,0.0538784,0.0506167,0.0470857,0.0450387,0.0423319,0.0399775,0.037905,0.0360623,0.0344099,0.0329173,0.031135,0.0299301,0.0284715,0.0271573,0.0259658,0.0246227,0.0236485,0.022538,0.0215306,0.0206119,0.0196104,0.0188489,0.0180112,0.0171249,0.0164327,0.0156937,0.015019,0.0144004,0.0137536,0.0131628,0.0125564,0.0120628,0.0114979,0.0110332,0.0105592,0.0100828,0.00964765,0.00924861,0.00884941,0.00845416,0.00809277,0.00773666,0.00741061,0.00709049,0.00677821,0.00649229,0.00621382,0.0059439,0.00568332,0.00544464,0.00521415,0.00498217,0.00476996,0.00456661,0.00436438,0.00417931,0.0040028,0.00382866,0.00366359,0.00350717,0.0033544,0.00321021,0.00307024,0.00293846,0.00281431,0.00269139,0.00257607,0.00246528,0.00235911,0.00225756,0.00216061,0.00206643,0.00197854,0.00189344,0.00181137,0.00173368,0.00165902,0.00158746,0.00151901,0.00145365,0.00139132,0.00133124,0.00127416,0.00121936,0.00116687,0.00111669,0.00106834,0.0010223,0.000978511,0.000936545,0.000896076,0.000857471,0.000820689,0.000785434,0.000751482,0.000719297,0.000704318
6.01853e-06,31.3381,30.0497,28.6555,27.2711,25.9558,24.7473,23.6735,22.7523,21.9897,20.8981,20.5291,20.2522,19.9372,19.9025,20.1579,20.5039,1.00823,0.64093,0.454023,0.345605,0.277007,0.230627,0.197593,0.163082,0.146429,0.13314,0.11762,0.10576,0.0964034,0.0888271,0.0825572,0.0772723,0.0713791,0.0676248,0.0635257,0.059089,0.0565175,0.0531179,0.0501613,0.0475592,0.0452459,0.0431717,0.0412982,0.0390612,0.037549,0.0357187,0.0340696,0.0325744,0.0308892,0.0296669,0.0282736,0.0270096,0.025857,0.0246006,0.0236453,0.0225943,0.0214823,0.0206141,0.0196869,0.0188405,0.0180645,0.0172531,0.016512,0.0157513,0.015132,0.0144235,0.0138405,0.0132458,0.0126482,0.0121023,0.0116018,0.011101,0.0106052,0.0101518,0.00970513,0.00929612,0.00889455,0.0085028,0.00814413,0.00779481,0.00745621,0.00712934,0.00682993,0.0065408,0.00624979,0.00598358,0.0057285,0.00547482,0.00524266,0.00502123,0.00480278,0.00459571,0.0043995,0.00420787,0.00402699,0.0038514,0.00368609,0.00353036,0.00337616,0.0032315,0.00309252,0.00295933,0.00283195,0.00271033,0.00259219,0.00248194,0.00237519,0.00227224,0.00217478,0.00208113,0.00199136,0.0019055,0.0018235,0.00174532,0.00166995,0.00159835,0.0015296,0.00146376,0.00140081,0.00134015,0.0012824,0.00122747,0.00117483,0.00112406,0.00107563,0.0010295,0.000985271,0.00094268,0.000902305,0.000883515
7.52316e-06,31.4405,30.1426,28.7468,27.3663,26.0597,24.8655,23.8126,22.9206,22.1972,21.22,20.9297,20.749,20.6924,20.8245,21.4609,21.9695,22.9467,0.846012,0.587654,0.442611,0.352586,0.292449,0.249952,0.205828,0.184627,0.167749,0.148078,0.133072,0.121251,0.111688,0.103781,0.0971197,0.0896961,0.084969,0.0798101,0.0742279,0.0709934,0.0667182,0.0630011,0.0597303,0.0568229,0.0542163,0.0518622,0.0490517,0.0471519,0.0448527,0.0427812,0.0409032,0.0387866,0.0372515,0.0355017,0.0339143,0.0324669,0.0308891,0.0296894,0.0283697,0.0269734,0.0258831,0.0247189,0.0236561,0.0226818,0.0216629,0.0207323,0.0197772,0.0189996,0.0181099,0.0173779,0.0166312,0.0158809,0.0151955,0.014567,0.0139382,0.0133157,0.0127465,0.0121856,0.011672,0.0111678,0.010676,0.0102256,0.00978702,0.00936188,0.00895145,0.00857553,0.0082125,0.00784711,0.00751287,0.00719259,0.00687408,0.00658258,0.00630456,0.00603028,0.00577029,0.00552392,0.00528331,0.0050562,0.00483574,0.00462819,0.00443265,0.00423904,0.00405739,0.0038829,0.00371568,0.00355574,0.00340303,0.0032547,0.00311627,0.00298224,0.00285297,0.0027306,0.00261302,0.00250031,0.0023925,0.00228955,0.00219138,0.00209675,0.00200685,0.00192054,0.00183786,0.00175883,0.00168266,0.00161015,0.00154118,0.00147509,0.00141135,0.00135054,0.00129261,0.00123708,0.0011836,0.00113291,0.00110932
9.40395e-06,31.5404,30.2331,28.8358,27.459,26.1609,24.9804,23.9475,23.0836,22.3975,21.527,21.3078,21.2114,21.3643,21.6175,22.4828,23.0635,24.0456,22.7544,0.770336,0.571313,0.451253,0.372391,0.317253,0.26047,0.233341,0.211808,0.18678,0.167733,0.152754,0.140652,0.130656,0.122241,0.11287,0.106907,0.100403,0.0933669,0.0892917,0.0839069,0.0792265,0.0751089,0.0714495,0.0681694,0.0652074,0.0616715,0.0592818,0.0563897,0.0537844,0.0514226,0.0487608,0.0468304,0.0446302,0.0426343,0.0408144,0.0388306,0.0373224,0.0356631,0.0339077,0.0325371,0.0310734,0.0297373,0.0285124,0.0272316,0.0260618,0.0248611,0.0238835,0.0227652,0.0218449,0.0209063,0.0199631,0.0191015,0.0183114,0.017521,0.0167385,0.0160229,0.0153178,0.0146723,0.0140385,0.0134202,0.0128541,0.0123027,0.0117683,0.0112524,0.0107798,0.0103235,0.00986417,0.009444,0.0090414,0.008641,0.00827459,0.0079251,0.00758032,0.00725349,0.0069438,0.00664135,0.00635586,0.00607873,0.00581782,0.00557203,0.00532865,0.00510031,0.00488097,0.00467076,0.00446971,0.00427776,0.00409129,0.00391727,0.0037488,0.0035863,0.00343248,0.00328467,0.00314299,0.00300747,0.00287805,0.00275465,0.0026357,0.00252269,0.00241419,0.00231026,0.00221091,0.00211517,0.00202402,0.00193733,0.00185424,0.00177411,0.00169768,0.00162486,0.00155506,0.00148783,0.00142411,0.00139445
1.17549e-05,31.6376,30.3214,28.9226,27.5494,26.2594,25.0921,24.0786,23.2416,22.5912,21.8208,21.6665,21.6449,21.9724,22.3185,23.3377,23.956,24.9129,23.7466,1.02976,0.745813,0.581911,0.476853,0.40448,0.330769,0.295817,0.268186,0.236181,0.211901,0.192848,0.177482,0.164805,0.154145,0.142285,0.134743,0.126523,0.117636,0.112491,0.105694,0.0997894,0.0945961,0.0899819,0.0858468,0.0821133,0.0776573,0.0746461,0.0710023,0.0677202,0.0647451,0.0613924,0.0589611,0.0561902,0.0536767,0.0513849,0.0488869,0.0469877,0.0448985,0.0426883,0.0409625,0.0391197,0.0374374,0.0358953,0.0342827,0.0328099,0.0312982,0.0300675,0.0286595,0.027501,0.0263193,0.0251318,0.0240472,0.0230525,0.0220574,0.0210722,0.0201714,0.0192838,0.0184711,0.0176732,0.0168948,0.0161821,0.015488,0.0148152,0.0141657,0.0135708,0.0129963,0.0124181,0.0118891,0.0113823,0.0108782,0.0104169,0.00997696,0.00954291,0.00913147,0.0087416,0.00836083,0.00800143,0.00765255,0.00732409,0.00701466,0.00670827,0.00642082,0.00614468,0.00588005,0.00562694,0.00538529,0.00515055,0.00493147,0.00471938,0.00451481,0.00432116,0.00413509,0.00395672,0.00378611,0.00362319,0.00346784,0.00331809,0.00317582,0.00303923,0.0029084,0.00278332,0.00266279,0.00254804,0.0024389,0.0023343,0.00223343,0.00213721,0.00204553,0.00195766,0.00187303,0.00179281,0.00175547
1.46937e-05,31.7325,30.4076,29.0074,27.6376,26.3554,25.2008,24.2061,23.3951,22.7788,22.1029,22.0083,22.0536,22.53,22.9499,24.0792,24.7179,25.6379,24.5283,21.1656,0.990518,0.758568,0.615378,0.518827,0.421999,0.376553,0.340817,0.299618,0.268491,0.244138,0.22454,0.208397,0.194843,0.17978,0.170211,0.159791,0.148532,0.142018,0.133417,0.125949,0.119382,0.11355,0.108325,0.103609,0.0979808,0.0941781,0.0895774,0.085434,0.0816785,0.0774469,0.0743786,0.0708818,0.0677101,0.0648183,0.0616666,0.0592704,0.0566346,0.0538461,0.0516689,0.0493442,0.0472221,0.0452767,0.0432425,0.0413846,0.0394778,0.0379254,0.0361493,0.034688,0.0331974,0.0316996,0.0303314,0.0290768,0.0278217,0.026579,0.0254427,0.0243231,0.0232981,0.0222916,0.0213098,0.0204109,0.0195354,0.0186867,0.0178675,0.0171171,0.0163925,0.0156632,0.014996,0.0143567,0.0137209,0.0131391,0.0125841,0.0120367,0.0115177,0.0110259,0.0105457,0.0100924,0.0096523,0.00923801,0.00884771,0.00846126,0.00809869,0.00775039,0.0074166,0.00709736,0.00679255,0.00649648,0.00622015,0.00595263,0.0056946,0.00545035,0.00521565,0.00499068,0.00477548,0.00456998,0.00437404,0.00418515,0.0040057,0.00383342,0.0036684,0.00351064,0.00335861,0.00321388,0.00307622,0.00294428,0.00281705,0.00269568,0.00258005,0.00246921,0.00236247,0.00226129,0.0022142
1.83671e-05,31.825,30.4918,29.0902,27.7237,26.449,25.3067,24.3301,23.5442,22.9609,22.3744,22.335,22.4409,23.0461,23.5262,24.7373,25.3866,26.2644,25.1805,22.2041,1.3537,1.00509,0.803021,0.671124,0.541784,0.481945,0.435234,0.381723,0.341516,0.310181,0.285036,0.264373,0.247052,0.227834,0.215642,0.202381,0.188063,0.179786,0.168865,0.159387,0.151059,0.143665,0.137043,0.131067,0.123938,0.119123,0.113298,0.108053,0.1033,0.0979444,0.0940618,0.0896376,0.0856249,0.0819667,0.0779799,0.074949,0.0716152,0.0680884,0.0653349,0.0623948,0.059711,0.0572509,0.0546785,0.052329,0.0499177,0.0479546,0.0457088,0.0438609,0.0419761,0.0400821,0.0383521,0.0367657,0.0351786,0.0336073,0.0321705,0.0307549,0.0294587,0.0281861,0.0269446,0.025808,0.024701,0.023628,0.0225921,0.0216433,0.0207271,0.0198049,0.0189613,0.0181529,0.017349,0.0166133,0.0159116,0.0152194,0.0145632,0.0139414,0.0133342,0.012761,0.0122046,0.0116807,0.0111872,0.0106986,0.0102401,0.00979974,0.00937768,0.00897403,0.00858862,0.00821426,0.00786486,0.00752661,0.00720035,0.00689151,0.00659475,0.00631029,0.00603819,0.00577836,0.0055306,0.00529177,0.00506487,0.00484703,0.00463837,0.0044389,0.00424667,0.00406366,0.00388961,0.00372278,0.00356191,0.00340845,0.00326224,0.0031221,0.00298713,0.00285919,0.00279964
2.29589e-05,31.9153,30.574,29.1711,27.8077,26.5403,25.41,24.451,23.6894,23.1379,22.6364,22.6483,22.8095,23.5275,24.0577,25.331,25.9846,26.818,25.7431,23.0052,18.5702,1.36778,1.06554,0.87876,0.701704,0.621483,0.55951,0.489139,0.436661,0.39598,0.363464,0.336821,0.31454,0.289872,0.274249,0.257284,0.238986,0.228418,0.214488,0.202407,0.1918,0.182388,0.173962,0.166361,0.157297,0.151177,0.143775,0.137111,0.131074,0.124273,0.119343,0.113726,0.108633,0.103989,0.0989292,0.0950826,0.0908519,0.0863766,0.0828827,0.0791523,0.0757471,0.0726258,0.0693621,0.0663814,0.0633222,0.0608318,0.0579827,0.0556384,0.0532474,0.0508446,0.0486501,0.0466376,0.0446243,0.0426309,0.0408084,0.0390126,0.0373684,0.035754,0.0341792,0.0327374,0.0313331,0.029972,0.028658,0.0274544,0.0262922,0.0251223,0.0240522,0.0230269,0.0220071,0.0210739,0.0201838,0.0193057,0.0184733,0.0176846,0.0169143,0.0161872,0.0154814,0.0148169,0.0141909,0.013571,0.0129895,0.0124309,0.0118955,0.0113835,0.0108946,0.0104197,0.00997648,0.0095474,0.00913355,0.00874179,0.00836535,0.00800451,0.00765935,0.00732976,0.00701547,0.00671253,0.0064247,0.00614837,0.00588369,0.00563066,0.00538682,0.00515468,0.00493389,0.00472227,0.00451821,0.00432354,0.00413808,0.00396031,0.0037891,0.00362681,0.00355128
2.86986e-05,32.0035,30.6544,29.2501,27.8898,26.6295,25.5107,24.5688,23.8309,23.3102,22.8898,22.9496,23.1615,23.9794,24.5519,25.8732,26.5268,27.3149,26.2395,23.666,19.8992,1.96105,1.45341,1.17218,0.920415,0.810003,0.725995,0.631789,0.562285,0.508805,0.466289,0.431596,0.402674,0.370747,0.350574,0.328715,0.305171,0.291593,0.273714,0.258228,0.244641,0.232595,0.221817,0.2121,0.200518,0.1927,0.183249,0.174743,0.167039,0.158363,0.152074,0.144911,0.138416,0.132496,0.126045,0.121142,0.115749,0.110046,0.105593,0.100839,0.0964998,0.0925225,0.088364,0.0845661,0.0806684,0.0774953,0.0738654,0.0708788,0.0678325,0.0647715,0.0619756,0.0594117,0.0568468,0.0543075,0.0519857,0.0496979,0.0476033,0.0455467,0.0435405,0.0417038,0.0399149,0.0381809,0.036507,0.0349738,0.0334932,0.032003,0.0306398,0.0293335,0.0280345,0.0268457,0.0257118,0.0245931,0.0235328,0.022528,0.0215467,0.0206205,0.0197214,0.0188749,0.0180774,0.0172878,0.016547,0.0158354,0.0151534,0.0145011,0.0138783,0.0132734,0.0127088,0.0121622,0.011635,0.0111359,0.0106564,0.0101967,0.00975704,0.00933717,0.00893682,0.00855089,0.00818424,0.00783223,0.00749506,0.00717272,0.0068621,0.00656637,0.00628511,0.00601554,0.00575559,0.0055076,0.00527134,0.00504488,0.00482679,0.00462004,0.00452383
3.58732e-05,32.0896,30.733,29.3274,27.97,26.7166,25.6091,24.6839,23.969,23.4781,23.1354,23.2401,23.4987,24.4057,25.0143,26.3729,27.0235,27.7661,26.6844,24.2323,20.8493,16.2269,2.09262,1.61343,1.23102,1.0725,0.95478,0.82532,0.731304,0.659726,0.603261,0.557448,0.519422,0.477614,0.451284,0.422837,0.392258,0.374657,0.351517,0.331504,0.313968,0.298435,0.28455,0.27204,0.25714,0.247087,0.23494,0.224013,0.214119,0.202981,0.19491,0.185719,0.177386,0.169793,0.16152,0.155233,0.148319,0.141007,0.135299,0.129206,0.123644,0.118546,0.113217,0.10835,0.103355,0.0992889,0.0946376,0.0908106,0.0869073,0.0829851,0.0794027,0.0761177,0.0728314,0.0695778,0.066603,0.0636718,0.0609881,0.0583533,0.0557829,0.0534296,0.0511377,0.0489162,0.0467716,0.0448072,0.0429103,0.041001,0.0392545,0.037581,0.0359167,0.0343936,0.0329409,0.0315078,0.0301493,0.028862,0.0276048,0.0264182,0.0252662,0.0241817,0.0231601,0.0221484,0.0211993,0.0202876,0.0194139,0.0185782,0.0177803,0.0170053,0.0162819,0.0155816,0.0149062,0.0142668,0.0136525,0.0130636,0.0125002,0.0119623,0.0114494,0.010955,0.0104852,0.0100342,0.00960225,0.00918929,0.00879133,0.00841246,0.00805212,0.00770675,0.00737371,0.007056,0.00675331,0.00646318,0.00618376,0.00591889,0.00579562
4.48416e-05,32.1738,30.8098,29.403,28.0484,26.8016,25.7052,24.7962,24.1038,23.6419,23.3737,23.5208,23.8225,24.8097,25.4493,26.8369,27.4824,28.1798,27.0881,24.7296,21.6071,17.7793,12.356,2.36938,1.70196,1.45664,1.28224,1.09657,0.965091,0.866643,0.78987,0.728112,0.67719,0.621525,0.58663,0.549095,0.508845,0.485744,0.455436,0.429281,0.406401,0.386166,0.368096,0.351831,0.332479,0.319432,0.303677,0.289513,0.276697,0.262273,0.251826,0.239931,0.229151,0.21933,0.208633,0.200504,0.191567,0.182116,0.17474,0.166868,0.159682,0.153096,0.146211,0.139924,0.133471,0.128219,0.122212,0.117269,0.112227,0.107162,0.102535,0.0982928,0.0940488,0.089847,0.0860054,0.0822201,0.0787544,0.0753518,0.0720326,0.0689937,0.066034,0.0631653,0.0603959,0.0578593,0.0554097,0.0529443,0.050689,0.048528,0.0463788,0.0444121,0.0425362,0.0406856,0.0389313,0.0372691,0.0356457,0.0341133,0.0326259,0.0312254,0.0299062,0.0285999,0.0273743,0.026197,0.0250687,0.0239896,0.0229593,0.0219585,0.0210245,0.0201202,0.019248,0.0184224,0.0176291,0.0168686,0.0161412,0.0154466,0.0147842,0.0141458,0.0135392,0.0129569,0.0123991,0.0118658,0.0113519,0.0108627,0.0103974,0.00995141,0.00952136,0.0091111,0.00872024,0.0083456,0.00798479,0.00764277,0.00748359
5.60519e-05,32.2561,30.885,29.4769,28.1251,26.8848,25.7991,24.906,24.2356,23.802,23.6054,23.7924,24.1344,25.1939,25.8605,27.2704,27.9091,28.5618,27.4578,25.1741,22.2444,18.8367,15.1441,4.64507,2.52176,2.07357,1.78544,1.49775,1.30316,1.16151,1.05313,0.96711,0.896904,0.820847,0.773503,0.722893,0.668848,0.637954,0.597556,0.5628,0.532477,0.505709,0.481852,0.460407,0.434925,0.417765,0.397062,0.378469,0.361653,0.342742,0.329054,0.313476,0.299366,0.286514,0.272519,0.261888,0.250201,0.237846,0.228204,0.217913,0.208523,0.199918,0.190923,0.182709,0.174281,0.167421,0.159575,0.153119,0.146535,0.13992,0.133878,0.128338,0.122796,0.117309,0.112293,0.10735,0.102825,0.0983821,0.0940481,0.0900802,0.0862159,0.0824702,0.0788542,0.0755423,0.072344,0.069125,0.0661804,0.0633588,0.0605529,0.057985,0.0555357,0.0531195,0.0508291,0.0486588,0.0465393,0.0445386,0.0425965,0.0407681,0.0390456,0.0373401,0.03574,0.0342028,0.0327297,0.0313208,0.0299756,0.028669,0.0274495,0.0262689,0.0251301,0.0240522,0.0230164,0.0220235,0.0210738,0.0201669,0.0193022,0.0184686,0.0176766,0.0169163,0.016188,0.0154918,0.0148208,0.0141821,0.0135746,0.0129923,0.0124308,0.0118952,0.0113849,0.0108957,0.0104247,0.00997811,0.00977028
7.00649e-05,32.3365,30.9586,29.5493,28.2002,26.9662,25.8909,25.0134,24.3645,23.9585,23.831,24.0558,24.4352,25.5605,26.2505,27.6774,28.3081,28.9168,27.7989,25.5765,22.798,19.6678,16.4978,13.4794,5.1061,3.33268,2.68744,2.15525,1.83232,1.61045,1.44666,1.31981,1.21811,1.10957,1.0428,0.972122,0.897177,0.854615,0.79923,0.751827,0.710631,0.674386,0.642161,0.613265,0.578998,0.555962,0.52821,0.503321,0.480835,0.455575,0.437306,0.416531,0.397726,0.380605,0.361972,0.347823,0.332274,0.315841,0.303021,0.289342,0.276861,0.265426,0.253475,0.242563,0.231368,0.222256,0.211835,0.203262,0.19452,0.185736,0.177713,0.170358,0.163,0.155716,0.149056,0.142494,0.136487,0.130589,0.124836,0.119569,0.114439,0.109467,0.104667,0.10027,0.0960251,0.0917522,0.0878435,0.0840983,0.0803737,0.0769652,0.0737141,0.0705069,0.0674668,0.064586,0.0617726,0.059117,0.0565392,0.0541123,0.051826,0.0495621,0.0474382,0.0453979,0.0434426,0.0415725,0.039787,0.0380526,0.0364339,0.0348669,0.0333554,0.0319246,0.0305497,0.0292319,0.0279713,0.0267675,0.0256197,0.0245133,0.0234621,0.0224528,0.0214862,0.0205621,0.0196715,0.0188237,0.0180173,0.0172444,0.0164992,0.0157882,0.0151108,0.0144616,0.0138363,0.0132436,0.0129677
8.75812e-05,32.4152,31.0307,29.6202,28.2737,27.0458,25.9808,25.1186,24.4908,24.1117,24.0509,24.3116,24.726,25.9111,26.6217,28.0612,28.683,29.2484,28.1158,25.9445,23.2893,20.3643,17.4804,14.9502,11.694,9.40514,5.82185,3.57212,2.82134,2.39289,2.1047,1.89373,1.73084,1.56224,1.46087,1.35557,1.24532,1.18344,1.10365,1.03595,0.977537,0.926425,0.881196,0.840789,0.793041,0.761047,0.722589,0.68818,0.657151,0.622357,0.597234,0.568692,0.542881,0.519407,0.493885,0.474515,0.453241,0.430769,0.413246,0.394555,0.377508,0.361894,0.345578,0.330686,0.315409,0.30298,0.288764,0.277071,0.265147,0.253168,0.242229,0.232199,0.222167,0.212236,0.203157,0.194212,0.186022,0.177983,0.17014,0.162961,0.155968,0.149191,0.142649,0.136657,0.13087,0.125047,0.119719,0.114615,0.109538,0.104893,0.100462,0.0960908,0.0919474,0.0880212,0.0841869,0.0805676,0.0770543,0.0737467,0.0706307,0.0675454,0.0646507,0.0618701,0.0592052,0.0566566,0.0542231,0.0518594,0.0496533,0.0475176,0.0454576,0.0435076,0.0416339,0.0398378,0.0381198,0.0364792,0.0349149,0.033407,0.0319743,0.0305989,0.0292815,0.028022,0.0268083,0.0256528,0.0245538,0.0235005,0.0224848,0.0215159,0.0205927,0.0197079,0.0188557,0.0180479,0.0176719
0.000109476,32.4922,31.1013,29.6896,28.3456,27.1238,26.0688,25.2216,24.6145,24.2619,24.2655,24.5603,25.0075,26.2474,26.9759,28.4244,29.0365,29.5594,28.4115,26.2839,23.7325,20.9704,18.2767,15.975,13.3052,11.8655,10.5481,8.527,6.21923,4.45607,3.58788,3.07846,2.7324,2.40536,2.22067,2.03741,1.85164,1.75021,1.62208,1.51545,1.42482,1.34646,1.27779,1.21692,1.14553,1.09798,1.04112,0.990477,0.945002,0.89418,0.85758,0.816113,0.778697,0.744726,0.707851,0.679903,0.649244,0.616898,0.591694,0.564831,0.540347,0.517937,0.494528,0.473171,0.45127,0.433455,0.413088,0.39634,0.379266,0.362115,0.346456,0.3321,0.317743,0.303534,0.290543,0.277745,0.266029,0.254528,0.24331,0.23304,0.223039,0.213345,0.203988,0.195418,0.187142,0.178813,0.171195,0.163895,0.156635,0.149992,0.143655,0.137404,0.131479,0.125865,0.120381,0.115206,0.110182,0.105452,0.100996,0.0965842,0.092445,0.0884687,0.0846581,0.0810135,0.0775338,0.0741537,0.0709991,0.0679451,0.0649995,0.0622111,0.0595317,0.0569634,0.0545067,0.0521608,0.0499239,0.0477676,0.045719,0.0437522,0.0418684,0.0400674,0.0383319,0.0366796,0.0351081,0.0336019,0.0321495,0.0307639,0.0294439,0.0281786,0.02696,0.0258049,0.0252673
0.000136846,32.5676,31.1704,29.7576,28.4161,27.2001,26.1551,25.3226,24.7359,24.4092,24.4753,24.8025,25.2805,26.5705,27.3149,28.7693,29.3711,29.8523,28.6889,26.5989,24.137,21.5116,18.9601,16.7912,14.3667,13.1451,12.1089,10.7206,9.47377,8.37358,7.39298,6.51211,5.72751,4.85053,4.32982,3.83255,3.35727,3.11526,2.82679,2.60016,2.41605,2.2625,2.13176,2.01856,1.88867,1.80373,1.7036,1.61564,1.53752,1.45111,1.38941,1.31996,1.25769,1.20145,1.14068,1.0948,1.04463,0.991852,0.95084,0.907219,0.867536,0.831266,0.793437,0.758963,0.723654,0.694957,0.662178,0.635243,0.607795,0.58024,0.555094,0.532049,0.509008,0.486208,0.465372,0.44485,0.426066,0.40763,0.38965,0.373193,0.357168,0.341637,0.326646,0.312917,0.299661,0.28632,0.274118,0.262426,0.250799,0.24016,0.230013,0.220002,0.210514,0.201523,0.192743,0.184456,0.176411,0.168837,0.161702,0.154638,0.14801,0.141643,0.135542,0.129706,0.124135,0.118723,0.113672,0.108782,0.104065,0.0996009,0.0953109,0.0911987,0.0872652,0.0835091,0.0799275,0.0764751,0.073195,0.0700459,0.0670296,0.0641461,0.0613673,0.0587217,0.0562056,0.0537941,0.0514686,0.0492501,0.0471366,0.0451107,0.0431597,0.0413102,0.0404494
0.000171057,32.6414,31.2382,29.8243,28.4851,27.275,26.2396,25.4217,24.8551,24.5538,24.6804,25.0385,25.5455,26.8817,27.64,29.0976,29.6886,30.1291,28.9501,26.893,24.5097,22.0035,19.569,17.487,15.1885,14.0628,13.1308,11.9136,10.8552,9.9586,9.19465,8.53692,7.96562,7.31271,6.88989,6.42657,5.92051,5.62758,5.24234,4.91047,4.62175,4.3683,4.14398,3.94394,3.70842,3.55132,3.36345,3.19627,3.04638,2.87925,2.75919,2.62345,2.50127,2.3906,2.2707,2.18002,2.08072,1.97611,1.89474,1.80811,1.72926,1.65714,1.58189,1.51329,1.44299,1.38585,1.32057,1.26691,1.21223,1.15731,1.10719,1.06126,1.01532,0.969865,0.928319,0.887395,0.849937,0.813169,0.777309,0.744484,0.712519,0.68154,0.651638,0.624253,0.59781,0.571197,0.546855,0.523531,0.500337,0.479112,0.458869,0.438899,0.41997,0.402033,0.384517,0.367983,0.351934,0.336824,0.32259,0.308496,0.295274,0.282571,0.270399,0.258757,0.247641,0.236844,0.226767,0.217011,0.207601,0.198694,0.190135,0.181931,0.174084,0.16659,0.159444,0.152557,0.146013,0.13973,0.133712,0.127959,0.122415,0.117137,0.112118,0.107306,0.102667,0.0982408,0.0940241,0.0899824,0.0860899,0.0824,0.0806828
0.000213821,32.7137,31.3046,29.8896,28.5528,27.3483,26.3225,25.519,24.9722,24.6959,24.8812,25.2688,25.8031,27.1818,27.9524,29.4109,29.9909,30.3913,29.1968,27.1689,24.8559,22.4569,20.1265,18.1078,15.8764,14.7975,13.9138,12.7679,11.7769,10.9408,10.2292,9.61529,9.0797,8.46286,8.05935,7.60814,7.11211,6.82018,6.42967,6.08618,5.78119,5.50815,5.26195,5.03857,4.77071,4.58901,4.36846,4.16922,3.98819,3.78373,3.6352,3.46567,3.31168,3.17111,3.01773,2.90102,2.77254,2.63652,2.53025,2.41671,2.31302,2.21793,2.11847,2.0276,1.9343,1.85834,1.77142,1.69988,1.6269,1.55355,1.48655,1.4251,1.36361,1.30273,1.24706,1.1922,1.14196,1.09264,1.04452,1.00047,0.957561,0.915967,0.875813,0.839033,0.803514,0.767763,0.735059,0.703722,0.672556,0.644035,0.61683,0.589992,0.564552,0.540445,0.516902,0.494679,0.473107,0.452797,0.433663,0.414718,0.396944,0.379869,0.363506,0.347856,0.332913,0.318398,0.304852,0.291737,0.279087,0.267113,0.255607,0.244578,0.234028,0.223954,0.214348,0.205089,0.196291,0.187845,0.179755,0.172021,0.164568,0.157473,0.150724,0.144256,0.138019,0.132069,0.1264,0.120967,0.115734,0.110773,0.108465
0.000267276,32.7845,31.3698,29.9537,28.6192,27.4203,26.4038,25.6145,25.0873,24.8356,25.078,25.4938,26.0537,27.4717,28.253,29.7106,30.2792,30.6405,29.4306,27.4287,25.1795,22.8796,20.648,18.6817,16.4828,15.4239,14.5612,13.4458,12.4822,11.6689,10.9743,10.3717,9.84231,9.22736,8.82146,8.36191,7.85368,7.55177,7.14446,6.78283,6.45904,6.167,5.90195,5.66007,5.36835,5.16946,4.927,4.70705,4.50648,4.27919,4.1136,3.92416,3.75168,3.59395,3.42155,3.29018,3.14538,2.99191,2.87188,2.74355,2.62626,2.51864,2.406,2.30304,2.19729,2.11115,2.01256,1.93139,1.84857,1.76531,1.68924,1.61946,1.54964,1.48049,1.41726,1.35494,1.29787,1.24183,1.18716,1.13711,1.08835,1.04108,0.995452,0.953654,0.913289,0.872659,0.835491,0.799875,0.764454,0.732037,0.701118,0.670614,0.641699,0.614299,0.58754,0.562281,0.537761,0.514677,0.492929,0.471395,0.451193,0.431785,0.413185,0.395397,0.378412,0.361914,0.346516,0.331609,0.317231,0.303621,0.290543,0.278006,0.266015,0.254564,0.243645,0.23312,0.22312,0.21352,0.204325,0.195534,0.187062,0.178997,0.171326,0.163974,0.156885,0.150122,0.143678,0.137502,0.131554,0.125916,0.123291
0.000334096,32.854,31.4336,30.0166,28.6844,27.4908,26.4837,25.7084,25.2005,24.973,25.271,25.7136,26.2979,27.7521,28.5429,29.9979,30.5549,30.8777,29.6528,27.6744,25.4837,23.2772,21.1443,19.2292,17.0408,15.9834,15.1241,14.0153,13.0596,12.2535,11.563,10.9612,10.4297,9.80827,9.39548,8.92443,8.40137,8.08891,7.6653,7.28726,6.94725,6.63943,6.35913,6.10263,5.7924,5.58039,5.32143,5.08606,4.87108,4.62711,4.44914,4.24532,4.05958,3.88958,3.70364,3.56186,3.40552,3.23973,3.11002,2.97128,2.84445,2.72803,2.60617,2.49475,2.38029,2.28705,2.18031,2.09242,2.00274,1.91258,1.83019,1.75461,1.67898,1.60408,1.53558,1.46807,1.40625,1.34554,1.28631,1.23208,1.17926,1.12805,1.07861,1.03332,0.989588,0.945566,0.905295,0.866705,0.828326,0.793203,0.759701,0.72665,0.695319,0.665631,0.636636,0.609267,0.582699,0.557686,0.534121,0.510789,0.488898,0.467869,0.447715,0.428441,0.410037,0.39216,0.375476,0.359324,0.343745,0.328997,0.314826,0.301242,0.288249,0.275841,0.26401,0.252606,0.24177,0.231368,0.221404,0.211879,0.202699,0.19396,0.185649,0.177683,0.170001,0.162672,0.15569,0.148998,0.142553,0.136444,0.1336
0.000417619,32.922,31.4963,30.0783,28.7483,27.5601,26.5621,25.8007,25.312,25.1084,25.4603,25.9287,26.5359,28.0237,28.8228,30.2737,30.8188,31.1041,29.8644,27.9074,25.7709,23.6538,21.6235,19.7666,17.5757,16.5045,15.634,14.5135,13.5527,12.7449,12.0525,11.4472,10.9104,10.2799,9.85912,9.37644,8.83895,8.51669,8.07843,7.68603,7.33215,7.01102,6.71805,6.44949,6.12417,5.90153,5.62929,5.38157,5.15512,4.89791,4.71015,4.49499,4.29882,4.11919,3.92265,3.77273,3.60737,3.43196,3.2947,3.14787,3.0136,2.89035,2.76131,2.64332,2.52211,2.42334,2.31028,2.21718,2.12218,2.02666,1.93937,1.8593,1.77917,1.69981,1.62723,1.5557,1.4902,1.42587,1.36311,1.30564,1.24967,1.1954,1.14302,1.09503,1.04868,1.00203,0.959359,0.918466,0.877796,0.840576,0.805074,0.77005,0.736849,0.705388,0.674662,0.645659,0.617505,0.590998,0.566027,0.541301,0.518103,0.495818,0.474461,0.454035,0.434533,0.415589,0.397908,0.380791,0.364282,0.348654,0.333636,0.319242,0.305472,0.292324,0.279786,0.267701,0.256218,0.245195,0.234636,0.224542,0.214814,0.205553,0.196746,0.188304,0.180163,0.172397,0.164998,0.157906,0.151076,0.144602,0.141589
0.000522024,32.9888,31.5578,30.1388,28.811,27.6281,26.6392,25.8915,25.4218,25.2418,25.6462,26.1392,26.7682,28.287,29.0934,30.5389,31.0721,31.3206,30.0663,28.129,26.0434,24.0129,22.0917,20.3091,18.1122,17.0117,16.1148,14.9641,13.9867,13.1711,12.4732,11.8621,11.3188,10.6783,10.2495,9.75574,9.2048,8.87361,8.42224,8.01721,7.65126,7.31867,7.01485,6.73604,6.39795,6.16637,5.88298,5.62494,5.38891,5.12069,4.9248,4.70024,4.49544,4.30785,4.10255,3.94591,3.77312,3.58979,3.44631,3.29281,3.15243,3.02356,2.88862,2.76524,2.63847,2.53517,2.41691,2.31954,2.22017,2.12025,2.02895,1.94519,1.86136,1.77834,1.70242,1.62759,1.55906,1.49176,1.42611,1.36599,1.30743,1.25066,1.19585,1.14564,1.09716,1.04835,1.00371,0.960926,0.918377,0.879437,0.842295,0.805652,0.770917,0.738002,0.705856,0.675513,0.646058,0.618326,0.592201,0.566332,0.542062,0.518747,0.496404,0.475034,0.45463,0.43481,0.416313,0.398405,0.381132,0.364782,0.34907,0.33401,0.319605,0.305848,0.292731,0.280087,0.268074,0.256541,0.245495,0.234934,0.224757,0.215068,0.205853,0.197021,0.188504,0.180379,0.172638,0.165219,0.158073,0.151299,0.148147
0.00065253,33.0543,31.6182,30.1983,28.8726,27.6949,26.715,25.9809,25.53,25.3732,25.8289,26.3455,26.995,28.5427,29.3554,30.7942,31.3155,31.5279,30.2595,28.3403,26.3027,24.3571,22.5534,20.8711,18.6797,17.5325,16.5892,15.3849,14.3785,13.5495,12.8435,12.2253,11.6747,11.0241,10.5875,10.0833,9.51991,9.1806,8.71742,8.30113,7.92452,7.58186,7.26855,6.98081,6.63164,6.39232,6.09931,5.83238,5.58812,5.31044,5.10759,4.87499,4.66279,4.46841,4.25562,4.09326,3.91412,3.72404,3.57526,3.41608,3.2705,3.13684,2.99689,2.86891,2.73741,2.63026,2.50758,2.40657,2.30348,2.19982,2.1051,2.0182,1.93124,1.84511,1.76634,1.6887,1.6176,1.54779,1.47966,1.41729,1.35653,1.29763,1.24077,1.18868,1.13837,1.08774,1.04141,0.997026,0.95288,0.912478,0.873941,0.835923,0.799883,0.765733,0.73238,0.700897,0.670336,0.641563,0.614457,0.587617,0.562435,0.538245,0.515063,0.49289,0.47172,0.451156,0.431964,0.413384,0.395463,0.378498,0.362197,0.346571,0.331625,0.317352,0.303742,0.290623,0.278159,0.266193,0.254732,0.243774,0.233215,0.223162,0.213601,0.204437,0.195601,0.187171,0.179139,0.171441,0.164027,0.156999,0.153728
0.000815663,33.1185,31.6775,30.2566,28.9331,27.7606,26.7895,26.069,25.6367,25.503,26.0084,26.5476,27.2166,28.7911,29.6092,31.0405,31.5497,31.7269,30.4446,28.5422,26.5504,24.6885,23.0117,21.4666,19.3233,18.1071,17.0859,15.7926,14.7405,13.892,13.1755,12.5491,11.9909,11.3302,10.8861,10.3721,9.79718,9.45042,8.97651,8.55007,8.16389,7.81224,7.49049,7.19484,6.83587,6.58971,6.28823,6.01348,5.76199,5.47602,5.26706,5.02741,4.80876,4.60842,4.3891,4.22173,4.03705,3.84107,3.68767,3.52353,3.37341,3.23557,3.09124,2.95925,2.82364,2.71313,2.5866,2.48241,2.37608,2.26917,2.17147,2.08183,1.99213,1.90329,1.82204,1.74196,1.66862,1.5966,1.52634,1.462,1.39932,1.33857,1.27991,1.22618,1.17429,1.12206,1.07427,1.02849,0.982949,0.941273,0.901522,0.862305,0.825129,0.789902,0.755497,0.723022,0.691497,0.661817,0.633856,0.60617,0.580194,0.555241,0.531328,0.508456,0.486618,0.465406,0.445609,0.426443,0.407956,0.390457,0.373642,0.357523,0.342105,0.327383,0.313344,0.299811,0.286954,0.274611,0.262788,0.251485,0.240593,0.230223,0.22036,0.210908,0.201792,0.193096,0.184812,0.176871,0.169223,0.161974,0.1586
0.00101958,33.1816,31.7357,30.314,28.9925,27.8251,26.8628,26.1557,25.7421,25.631,26.185,26.7458,27.4333,29.0326,29.8555,31.2783,31.7754,31.9179,30.6222,28.7357,26.7877,25.0087,23.4685,22.1071,20.1264,18.8162,17.6531,16.2058,15.0835,14.2076,13.4777,12.8422,12.2761,11.6055,11.1541,10.6309,10.0452,9.69151,9.20776,8.77206,8.37719,8.01741,7.68806,7.38529,7.01751,6.76523,6.45616,6.17442,5.91649,5.62311,5.40871,5.16279,4.93838,4.73275,4.50761,4.33578,4.14618,3.94496,3.78745,3.61891,3.46475,3.32321,3.17499,3.03944,2.90017,2.78668,2.65673,2.54973,2.44052,2.33071,2.23037,2.13831,2.04618,1.95493,1.87148,1.78923,1.7139,1.63993,1.56776,1.50168,1.43731,1.3749,1.31466,1.25947,1.20617,1.15252,1.10344,1.05641,1.00964,0.966834,0.926005,0.885724,0.84754,0.811357,0.776019,0.742664,0.710284,0.679799,0.651079,0.622642,0.595962,0.570332,0.54577,0.522278,0.499848,0.47806,0.457726,0.43804,0.419052,0.401078,0.383807,0.367251,0.351415,0.336293,0.321873,0.307974,0.294768,0.28209,0.269946,0.258337,0.247149,0.236498,0.226368,0.216659,0.207296,0.198364,0.189855,0.181699,0.173844,0.166397,0.162932
0.00127447,33.2434,31.7929,30.3703,29.0509,27.8885,26.935,26.2413,25.846,25.7574,26.3588,26.9403,27.6454,29.2678,30.0946,31.5082,31.9931,32.1018,30.7929,28.9213,27.0156,25.3191,23.9243,22.7973,21.2723,19.9147,18.4122,16.6521,15.4176,14.5033,13.7569,13.1111,12.5367,11.8561,11.3977,10.8658,10.2699,9.9098,9.41692,8.97269,8.56986,8.20265,7.86635,7.5571,7.18132,6.92349,6.60755,6.31948,6.0557,5.75563,5.53631,5.28473,5.05512,4.84472,4.61433,4.43849,4.24444,4.03851,3.8773,3.70478,3.54699,3.40211,3.25039,3.11164,2.96907,2.85289,2.71986,2.61033,2.49853,2.38612,2.28339,2.18915,2.09483,2.00142,1.91599,1.83178,1.75467,1.67894,1.60506,1.5374,1.4715,1.40762,1.34594,1.28944,1.23487,1.17995,1.12971,1.08156,1.03368,0.989852,0.948052,0.906814,0.867723,0.83068,0.794502,0.760354,0.727204,0.695995,0.666592,0.637479,0.610165,0.583926,0.55878,0.53473,0.511767,0.489462,0.468644,0.44849,0.429051,0.410649,0.392967,0.376019,0.359806,0.344324,0.329562,0.315332,0.301812,0.288833,0.276401,0.264515,0.253062,0.242157,0.231787,0.221847,0.212261,0.203117,0.194406,0.186056,0.178014,0.170391,0.166843
0.00159309,33.3042,31.8491,30.4257,29.1083,27.9509,27.0061,26.3257,25.9488,25.8824,26.5299,27.1313,27.8531,29.4969,30.3271,31.7307,32.2034,32.2789,30.9574,29.0999,27.2351,25.6211,24.3789,23.5289,23.0222,23.4782,24.2742,17.1857,15.7551,14.7859,14.0183,13.3607,12.7776,12.087,11.6217,11.0814,10.4759,10.1097,9.60833,9.15617,8.74596,8.37187,8.02918,7.71395,7.33083,7.0679,6.74565,6.45179,6.18266,5.87648,5.65267,5.3959,5.16155,4.94679,4.71161,4.53211,4.33401,4.12377,3.95918,3.78305,3.62195,3.47402,3.31911,3.17744,3.03186,2.91323,2.7774,2.66556,2.5514,2.43662,2.33172,2.23549,2.13918,2.04379,1.95655,1.87057,1.79183,1.7145,1.63905,1.56997,1.50267,1.43744,1.37445,1.31676,1.26104,1.20496,1.15365,1.10448,1.05559,1.01084,0.968153,0.926043,0.886125,0.848299,0.811356,0.776485,0.742635,0.710765,0.680741,0.651012,0.62312,0.596326,0.570648,0.546089,0.52264,0.499863,0.478605,0.458025,0.438175,0.419384,0.401328,0.384021,0.367465,0.351656,0.336582,0.322051,0.308245,0.294991,0.282296,0.270159,0.258463,0.247328,0.236738,0.226588,0.2168,0.207462,0.198566,0.19004,0.181828,0.174043,0.17042
0.00199136,33.3639,31.9044,30.4802,29.1647,28.0123,27.0761,26.409,26.0503,26.0058,26.6983,27.3188,28.0564,29.7203,30.5531,31.9461,32.4067,32.4497,31.1158,29.2718,27.4468,25.9152,24.8306,24.2777,24.8109,26.0078,26.7259,24.3637,16.1123,15.0616,14.2665,13.5952,13.0025,12.3017,11.8296,11.2812,10.6664,10.2945,9.78505,9.32545,8.90834,8.52786,8.17921,7.85845,7.46851,7.20086,6.87279,6.57357,6.29951,5.98768,5.75973,5.49819,5.25947,5.04068,4.8011,4.61822,4.4164,4.2022,4.0345,3.85504,3.69089,3.54016,3.38231,3.23795,3.08962,2.96874,2.83033,2.71635,2.60003,2.48306,2.37617,2.27811,2.17997,2.08277,1.99387,1.90625,1.82601,1.74721,1.67032,1.59992,1.53135,1.46487,1.40069,1.3419,1.28512,1.22797,1.17568,1.12558,1.07575,1.03015,0.986652,0.94374,0.903062,0.864515,0.826869,0.791334,0.756839,0.724362,0.693766,0.663471,0.635048,0.607744,0.581577,0.55655,0.532655,0.509444,0.487781,0.466809,0.446581,0.427432,0.409032,0.391395,0.374524,0.358414,0.343053,0.328245,0.314176,0.30067,0.287733,0.275365,0.263446,0.252099,0.241308,0.230964,0.22099,0.211474,0.202409,0.19372,0.185352,0.177419,0.173727
0.00248921,33.4226,31.9587,30.5337,29.2203,28.0727,27.1451,26.4912,26.1506,26.1279,26.8642,27.503,28.2557,29.9381,30.7731,32.155,32.6035,32.6146,31.2686,29.4376,27.6516,26.2025,25.2775,25.0135,26.1014,27.2312,27.8077,26.5344,16.5182,15.338,14.506,13.818,13.2149,12.5034,12.0244,11.468,10.8443,10.4669,9.94977,9.48311,9.0595,8.673,8.31876,7.99281,7.59651,7.32445,6.99094,6.68672,6.40807,6.09099,5.85917,5.59319,5.35041,5.12789,4.88421,4.6982,4.49291,4.27502,4.10444,3.92189,3.7549,3.60157,3.441,3.29415,3.14325,3.02028,2.87947,2.76353,2.64519,2.5262,2.41745,2.31769,2.21785,2.11897,2.02853,1.93939,1.85775,1.77759,1.69937,1.62775,1.55799,1.49036,1.42506,1.36525,1.30749,1.24934,1.19615,1.14518,1.09449,1.04809,1.00384,0.960187,0.918803,0.879588,0.841289,0.805137,0.770044,0.737003,0.705877,0.675056,0.646141,0.618363,0.591742,0.566281,0.541971,0.518358,0.496319,0.474983,0.454404,0.434923,0.416204,0.398261,0.381098,0.364708,0.34908,0.334016,0.319703,0.305962,0.292801,0.280218,0.268093,0.256549,0.24557,0.235047,0.2249,0.21522,0.205997,0.197157,0.188644,0.180573,0.176817
0.00311151,33.4802,32.012,30.5863,29.2749,28.1322,27.2131,26.5724,26.2499,26.2487,27.0277,27.6841,28.451,30.1508,30.9874,32.3577,32.794,32.7739,31.4163,29.5978,27.85,26.4834,25.7174,25.7122,27.0663,28.1045,28.5899,27.4896,17.0388,15.6248,14.7414,14.0329,13.4178,12.6949,12.2088,11.6444,11.0119,10.6291,10.1046,9.63122,9.20141,8.80919,8.44968,8.11882,7.71651,7.4403,7.10166,6.79275,6.50978,6.18776,5.95233,5.68218,5.43559,5.20957,4.96204,4.77309,4.56456,4.34322,4.16993,3.98449,3.81485,3.65909,3.49596,3.34678,3.19347,3.06854,2.9255,2.8077,2.68748,2.56659,2.45612,2.35476,2.25333,2.15287,2.06099,1.97043,1.88749,1.80605,1.72658,1.65382,1.58294,1.51423,1.4479,1.38713,1.32845,1.26937,1.21533,1.16355,1.11205,1.06492,1.01996,0.975606,0.933562,0.893721,0.85481,0.818082,0.782428,0.748861,0.717238,0.685926,0.656548,0.628327,0.601281,0.575414,0.550717,0.526726,0.504336,0.482659,0.461752,0.44196,0.422943,0.404713,0.387276,0.370625,0.354748,0.339443,0.324902,0.310942,0.29757,0.284787,0.272468,0.26074,0.249586,0.238895,0.228585,0.218751,0.209381,0.2004,0.191751,0.183552,0.179736
0.00388938,33.5368,32.0645,30.6381,29.3286,28.1907,27.2802,26.6527,26.3481,26.3682,27.1889,27.8621,28.6427,30.3585,31.1964,32.5545,32.9788,32.928,31.5592,29.7527,28.0426,26.7585,26.1482,26.3614,27.8418,28.8031,29.2204,28.1829,24.6801,15.937,14.9782,14.2432,13.614,12.8786,12.3851,11.8126,11.1712,10.7832,10.2515,9.77156,9.33579,8.93809,8.57352,8.23799,7.82996,7.5498,7.2063,6.89294,6.60587,6.27918,6.04032,5.76624,5.51603,5.2867,5.03554,4.84382,4.63222,4.40763,4.23178,4.0436,3.87146,3.7134,3.54786,3.39647,3.2409,3.11413,2.96896,2.84943,2.72742,2.60475,2.49264,2.38978,2.28685,2.1849,2.09165,1.99975,1.91559,1.83294,1.7523,1.67845,1.60653,1.5368,1.46948,1.40781,1.34826,1.28831,1.23347,1.18092,1.12865,1.08082,1.0352,0.990188,0.947521,0.907089,0.867602,0.83033,0.794148,0.760083,0.727991,0.696214,0.666402,0.637762,0.610315,0.584065,0.559001,0.534655,0.511933,0.489935,0.468718,0.448633,0.429333,0.410834,0.393138,0.37624,0.360127,0.344596,0.329839,0.315672,0.302102,0.28913,0.276628,0.264726,0.253407,0.242557,0.232095,0.222115,0.212606,0.203492,0.194715,0.186394,0.182521
0.00486173,33.5925,32.1162,30.6891,29.3815,28.2485,27.3464,26.732,26.4454,26.4866,27.3479,28.0373,28.8308,30.5616,31.4002,32.7458,33.1581,33.0773,31.6976,29.9027,28.23,27.0284,26.5682,26.9595,28.4963,29.3939,29.756,28.7429,25.974,16.3015,15.2236,14.453,13.8067,13.057,12.5555,11.9746,11.3242,10.931,10.3921,9.9058,9.46422,9.06122,8.69177,8.35173,7.9382,7.65425,7.30609,6.98847,6.69748,6.36633,6.12419,5.84634,5.5927,5.36021,5.10559,4.91122,4.6967,4.469,4.29072,4.09993,3.92541,3.76515,3.59732,3.44383,3.2861,3.15757,3.01039,2.88919,2.76549,2.64111,2.52744,2.42316,2.31879,2.21543,2.12089,2.02771,1.94238,1.85858,1.77681,1.70195,1.62902,1.55832,1.49007,1.42754,1.36716,1.30638,1.25078,1.19749,1.1445,1.096,1.04975,1.00411,0.96085,0.919856,0.87982,0.842029,0.805344,0.770805,0.738267,0.706049,0.675821,0.646783,0.618955,0.59234,0.566927,0.542243,0.519205,0.496901,0.475388,0.455024,0.435456,0.4167,0.398758,0.381625,0.365288,0.34954,0.334578,0.320214,0.306456,0.293303,0.280627,0.26856,0.257083,0.246083,0.235475,0.225356,0.215715,0.206474,0.197575,0.189139,0.185212
0.00607716,33.6472,32.167,30.7392,29.4336,28.3053,27.4117,26.8105,26.5417,26.6038,27.5046,28.2095,29.0154,30.7601,31.5991,32.9318,33.3321,33.2219,31.8316,30.0482,28.4124,27.2931,26.9755,27.5089,29.0658,29.9095,30.2248,29.2183,26.7612,16.7809,15.4878,14.6672,13.9992,13.2328,12.7223,12.1323,11.4726,11.074,10.528,10.0353,9.58805,9.17984,8.80563,8.4612,8.04233,7.75471,7.40205,7.08031,6.78555,6.45008,6.20479,5.92332,5.66636,5.43084,5.17289,4.97598,4.75864,4.52796,4.34734,4.15405,3.97724,3.81488,3.64484,3.48934,3.32954,3.19931,3.05019,2.92741,2.80208,2.67606,2.5609,2.45525,2.34951,2.24478,2.149,2.05459,1.96813,1.88323,1.80039,1.72454,1.65065,1.57903,1.50987,1.44652,1.38535,1.32377,1.26743,1.21345,1.15976,1.11062,1.06376,1.01752,0.973689,0.932156,0.891593,0.853304,0.816136,0.781143,0.748176,0.715534,0.684909,0.655489,0.627294,0.600328,0.574581,0.549572,0.526231,0.503633,0.481838,0.461205,0.44138,0.422376,0.404198,0.38684,0.370288,0.354333,0.339174,0.324621,0.310681,0.297355,0.284513,0.272287,0.260659,0.249514,0.238766,0.228514,0.218746,0.209384,0.200367,0.19182,0.187842
0.00759645,33.701,32.217,30.7886,29.4849,28.3614,27.4762,26.8882,26.6372,26.7199,27.6593,28.3792,29.1968,30.9544,31.7935,33.1129,33.5013,33.3622,31.9617,30.1895,28.5904,27.5532,27.3696,28.0153,29.5728,30.3699,30.644,29.6348,27.3633,23.9566,15.7883,14.8927,14.1957,13.4089,12.8881,12.2882,11.6185,11.2143,10.661,10.1619,9.70884,9.29546,8.91653,8.56778,8.14366,7.85244,7.49536,7.16959,6.87114,6.53147,6.28311,5.99811,5.73793,5.49945,5.23827,5.03888,4.81882,4.58523,4.40235,4.20663,4.02759,3.86318,3.69101,3.53354,3.37173,3.23987,3.08887,2.96454,2.83763,2.71003,2.59342,2.48643,2.37936,2.27331,2.17632,2.08073,1.99318,1.90721,1.82333,1.74652,1.6717,1.59917,1.52914,1.465,1.40305,1.34069,1.28365,1.22898,1.17462,1.12486,1.0774,1.03058,0.986202,0.944145,0.903071,0.8643,0.826663,0.791229,0.757847,0.724793,0.693782,0.663991,0.635441,0.608135,0.582064,0.556739,0.533104,0.510221,0.488151,0.467259,0.447183,0.42794,0.409533,0.391956,0.375195,0.359039,0.343689,0.328953,0.314837,0.301343,0.288339,0.275959,0.264184,0.252899,0.242016,0.231634,0.221743,0.212263,0.203132,0.194477,0.190449
0.00949557,33.754,32.2662,30.8372,29.5354,28.4166,27.54,26.965,26.7318,26.835,27.812,28.5461,29.375,31.1446,31.9833,33.2892,33.6658,33.4984,32.0879,30.3268,28.7643,27.8087,27.7498,28.4839,30.0313,30.7872,31.0243,30.007,27.8618,25.3213,16.1598,15.1394,14.4019,13.589,13.0558,12.4445,11.7639,11.3537,10.7927,10.287,9.82808,9.40947,9.0258,8.67272,8.24336,7.94857,7.58712,7.25736,6.95527,6.61145,6.36006,6.07159,5.80824,5.56685,5.30248,5.10066,4.87792,4.64148,4.45637,4.25826,4.07704,3.91063,3.73636,3.57697,3.41319,3.27971,3.12688,3.00102,2.87257,2.74341,2.62537,2.51708,2.4087,2.30136,2.20319,2.10643,2.01781,1.93079,1.84588,1.76814,1.69241,1.61899,1.54811,1.48318,1.42048,1.35736,1.29962,1.24429,1.18926,1.13889,1.09086,1.04347,0.998542,0.955971,0.914396,0.875151,0.837055,0.801188,0.767399,0.733941,0.702552,0.672397,0.643499,0.61586,0.58947,0.563836,0.539912,0.51675,0.494411,0.473263,0.452943,0.433465,0.414833,0.397041,0.380076,0.363722,0.348185,0.333269,0.318981,0.305322,0.292159,0.279628,0.26771,0.256286,0.245271,0.234762,0.224751,0.215155,0.205913,0.197152,0.193075
0.0118695,33.8061,32.3146,30.8851,29.5852,28.4711,27.6029,27.0411,26.8256,26.9491,27.9627,28.7106,29.5502,31.3308,32.169,33.461,33.8258,33.6307,32.2106,30.4603,28.9344,28.0598,28.116,28.9194,30.4508,31.1697,31.3729,30.3445,28.2924,26.1469,23.3803,15.4249,14.6262,13.778,13.2292,12.6044,11.9112,11.4945,10.9252,10.4125,9.94751,9.5235,9.13498,8.77749,8.34284,8.04443,7.67857,7.34482,7.03907,6.69111,6.43668,6.14474,5.87823,5.63394,5.3664,5.16216,4.93674,4.69747,4.51014,4.30966,4.12626,3.95786,3.7815,3.62021,3.45446,3.31938,3.16472,3.03736,2.90736,2.77665,2.6572,2.54762,2.43794,2.32931,2.22996,2.13204,2.04236,1.9543,1.86838,1.7897,1.71306,1.63876,1.56703,1.50133,1.43787,1.374,1.31556,1.25957,1.20388,1.15292,1.1043,1.05634,1.01088,0.967802,0.925728,0.886013,0.847461,0.811164,0.77697,0.743111,0.711346,0.68083,0.651585,0.623615,0.596909,0.570968,0.546757,0.523318,0.500711,0.47931,0.458746,0.439034,0.420179,0.402174,0.385006,0.368456,0.352733,0.337638,0.323179,0.309357,0.296036,0.283355,0.271293,0.259733,0.248586,0.237951,0.22782,0.218109,0.208756,0.19989,0.195764
0.0148368,33.8573,32.3623,30.9322,29.6342,28.5249,27.6651,27.1165,26.9186,27.0622,28.1115,28.8725,29.7223,31.5133,32.3505,33.6285,33.9816,33.7592,32.3299,30.5904,29.1009,28.3067,28.4685,29.3263,30.8384,31.5234,31.6954,30.6539,28.6742,26.7865,25.4496,24.9712,14.8822,13.9828,13.4134,12.7717,12.0636,11.6394,11.0609,10.5406,10.0692,9.63946,9.24587,8.88381,8.44368,8.14156,7.77118,7.43334,7.12386,6.77168,6.51418,6.21871,5.94899,5.70177,5.43101,5.22432,4.9962,4.75407,4.56449,4.36161,4.17602,4.00561,3.82714,3.66391,3.49619,3.3595,3.20298,3.0741,2.94256,2.81029,2.68941,2.57851,2.46752,2.3576,2.25706,2.15797,2.06723,1.97811,1.89116,1.81154,1.73399,1.65881,1.58622,1.51973,1.45551,1.39088,1.33175,1.27508,1.21873,1.16715,1.11796,1.06943,1.02342,0.97983,0.937253,0.897065,0.858052,0.821322,0.786719,0.752456,0.720311,0.689431,0.659837,0.631533,0.604508,0.578257,0.553757,0.530038,0.507161,0.485504,0.464695,0.444748,0.425667,0.407447,0.390074,0.373327,0.357416,0.342141,0.327509,0.313521,0.300042,0.287209,0.275004,0.263305,0.252025,0.241263,0.231011,0.221184,0.211719,0.202748,0.198572
0.018546,33.9078,32.4093,30.9787,29.6826,28.578,27.7267,27.1912,27.011,27.1744,28.2584,29.0322,29.8917,31.6923,32.5282,33.792,34.1335,33.8843,32.446,30.7172,29.2643,28.5495,28.8077,29.7083,31.1993,31.8532,31.996,30.9402,29.0193,27.3251,26.489,26.8894,15.1962,14.2148,13.6158,12.9518,12.2252,11.792,11.203,10.6742,10.1956,9.75979,9.36075,8.99382,8.54791,8.24188,7.86677,7.52466,7.2113,6.85473,6.59404,6.29493,6.02189,5.77163,5.49756,5.28835,5.05744,4.81236,4.62047,4.41512,4.22728,4.05479,3.87415,3.70894,3.53918,3.40083,3.24241,3.11197,2.97883,2.84495,2.72261,2.61036,2.49803,2.38678,2.28502,2.18473,2.09288,2.00268,1.91468,1.83409,1.7556,1.67951,1.60604,1.53874,1.47375,1.40833,1.34848,1.29113,1.23409,1.18189,1.1321,1.08298,1.03642,0.992298,0.949205,0.908529,0.869043,0.831868,0.796845,0.762168,0.729633,0.698378,0.668425,0.639778,0.612425,0.585856,0.561059,0.537053,0.513898,0.491979,0.470917,0.450729,0.431417,0.412976,0.395392,0.378442,0.362338,0.346877,0.332068,0.317911,0.304268,0.291279,0.278926,0.267086,0.255669,0.244777,0.2344,0.224454,0.214875,0.205794,0.201568
0.0231825,33.9575,32.4556,31.0244,29.7302,28.6303,27.7875,27.2652,27.1026,27.2857,28.4035,29.1895,30.0583,31.8676,32.7021,33.9515,34.2814,34.006,32.559,30.8408,29.4246,28.7882,29.134,30.0681,31.5371,32.162,32.2773,31.2066,29.3351,27.7983,27.2869,27.9553,28.8355,14.4935,13.8482,13.1525,12.4015,11.9572,11.3554,10.8168,10.3302,9.88744,9.48241,9.11015,8.65795,8.34771,7.96753,7.62085,7.30336,6.94214,6.67807,6.3751,6.09855,5.84509,5.56752,5.35565,5.12181,4.87362,4.67931,4.47137,4.28115,4.10649,3.92357,3.75628,3.58438,3.44429,3.28388,3.1518,3.01698,2.88142,2.75754,2.64389,2.53014,2.41749,2.31445,2.2129,2.1199,2.02857,1.93946,1.85786,1.77838,1.70133,1.62694,1.5588,1.49299,1.42675,1.36615,1.30808,1.25033,1.19747,1.14706,1.09732,1.05017,1.00549,0.96186,0.920673,0.880691,0.843049,0.807587,0.772473,0.73953,0.707883,0.677554,0.648547,0.620851,0.593948,0.56884,0.544532,0.521086,0.498892,0.477566,0.457123,0.437569,0.418896,0.401092,0.383929,0.367622,0.351968,0.336973,0.322638,0.308823,0.295672,0.283164,0.271175,0.259614,0.248585,0.238078,0.228007,0.218308,0.209113,0.204834
0.0289782,34.0064,32.5012,31.0695,29.7773,28.6821,27.8478,27.3386,27.1936,27.3962,28.5469,29.3446,30.2224,32.0398,32.8726,34.1073,34.4258,34.1246,32.6693,30.9616,29.5823,29.0231,29.4482,30.4087,31.8553,32.4531,32.5423,31.4564,29.6274,28.2261,27.9599,28.767,29.5832,29.2579,14.1326,13.387,12.6012,12.1422,11.5244,10.9738,10.4776,10.0268,9.61492,9.23663,8.77739,8.46246,8.07666,7.72496,7.40294,7.03662,6.76886,6.46169,6.18134,5.92441,5.64306,5.4283,5.1913,4.93975,4.74282,4.53207,4.3393,4.16229,3.97692,3.80738,3.63318,3.49121,3.32866,3.1948,3.05818,2.92081,2.79528,2.6801,2.56484,2.45068,2.34627,2.24336,2.14912,2.05657,1.96627,1.88358,1.80304,1.72496,1.64958,1.58053,1.51384,1.44671,1.3853,1.32646,1.26793,1.21437,1.16328,1.11288,1.06511,1.01983,0.975616,0.933879,0.893364,0.855219,0.819284,0.783701,0.750318,0.718249,0.687515,0.658121,0.630055,0.602793,0.577349,0.552717,0.528958,0.506468,0.484857,0.464142,0.444327,0.425405,0.407362,0.38997,0.373446,0.357583,0.342388,0.327861,0.313863,0.300535,0.28786,0.275711,0.263996,0.25282,0.242173,0.231967,0.222138,0.212821,0.208485
0.0362227,34.0546,32.5462,31.114,29.8237,28.7332,27.9074,27.4114,27.284,27.5058,28.6886,29.4976,30.3839,32.2088,33.0397,34.2595,34.5666,34.2402,32.7768,31.0797,29.7374,29.254,29.7509,30.732,32.1562,32.7282,32.7927,31.6914,29.9001,28.6196,28.552,29.4393,30.1989,29.843,28.5267,13.6782,12.8379,12.3579,11.7185,11.1525,10.6443,10.1839,9.76379,9.3784,8.91097,8.59063,8.1984,7.84098,7.51382,7.14175,6.86985,6.55797,6.27335,6.01254,5.72696,5.509,5.26847,5.01319,4.81334,4.59948,4.40387,4.22425,4.03616,3.86414,3.68737,3.54333,3.37839,3.24258,3.10396,2.96458,2.83721,2.72035,2.60341,2.48758,2.38164,2.27723,2.18161,2.08771,1.99609,1.9122,1.83049,1.75127,1.67478,1.60472,1.53706,1.46896,1.40665,1.34695,1.28757,1.23323,1.1814,1.13026,1.08179,1.03585,0.990989,0.948644,0.907537,0.868836,0.832376,0.796275,0.762405,0.729867,0.698685,0.668862,0.640387,0.612728,0.586913,0.561921,0.537816,0.514998,0.493071,0.472054,0.45195,0.432752,0.414446,0.3968,0.380036,0.36394,0.348524,0.333786,0.319583,0.306061,0.293201,0.280875,0.268989,0.25765,0.246847,0.236493,0.22652,0.217067,0.212668
0.0452784,34.1021,32.5905,31.1579,29.8694,28.7837,27.9664,27.4837,27.3739,27.6147,28.8287,29.6485,30.5429,32.3748,33.2035,34.4084,34.7041,34.3529,32.8817,31.1953,29.8902,29.4811,30.0428,31.0398,32.4418,32.9895,33.0303,31.9136,30.1562,28.9867,29.0858,30.0202,30.7289,30.3395,29.0954,27.4088,13.1367,12.6234,11.9521,11.3649,10.841,10.3681,9.93766,9.54349,9.06607,8.73921,8.33928,7.97508,7.64185,7.26304,6.98628,6.66891,6.37933,6.11402,5.82355,5.60188,5.35726,5.09768,4.89447,4.67703,4.47814,4.29552,4.1043,3.92941,3.74971,3.60327,3.4356,3.29754,3.15663,3.01494,2.88546,2.76668,2.64779,2.53005,2.42237,2.31623,2.21903,2.12358,2.03045,1.94517,1.86211,1.78158,1.70384,1.63262,1.56384,1.49461,1.43128,1.37059,1.31023,1.25499,1.20231,1.15033,1.10105,1.05436,1.00876,0.965713,0.923929,0.884589,0.847528,0.810831,0.776402,0.743327,0.711631,0.681316,0.652371,0.624255,0.598014,0.57261,0.548108,0.524913,0.502625,0.481261,0.460825,0.44131,0.422702,0.404766,0.387724,0.371363,0.355692,0.340711,0.326274,0.312529,0.299457,0.286927,0.274845,0.263319,0.252338,0.241813,0.231676,0.222067,0.217595
0.056598,34.1488,32.6342,31.2012,29.9146,28.8336,28.0248,27.5555,27.4631,27.7228,28.9671,29.7974,30.6996,32.5377,33.3641,34.5539,34.8385,34.4629,32.9841,31.3084,30.0407,29.7044,30.3243,31.3337,32.7137,33.2381,33.2562,32.1243,30.3982,29.3325,29.5745,30.5352,31.1972,30.7742,29.5762,28.0956,27.5579,12.9761,12.2515,11.6317,11.0851,10.5949,10.1506,9.74487,9.25452,8.91934,8.5097,8.13701,7.79627,7.40913,7.12642,6.80233,6.50672,6.23594,5.93954,5.71337,5.46384,5.19906,4.9918,4.77004,4.56722,4.381,4.18601,4.00769,3.82446,3.67516,3.50421,3.36345,3.21978,3.07533,2.94333,2.82223,2.70103,2.58099,2.47121,2.36301,2.26392,2.16661,2.07167,1.98473,1.90005,1.81796,1.7387,1.6661,1.59599,1.52541,1.46085,1.39898,1.33745,1.28114,1.22742,1.17443,1.1242,1.0766,1.03011,0.986233,0.943637,0.903532,0.865751,0.828341,0.793243,0.759526,0.727214,0.696309,0.666802,0.63814,0.611389,0.585492,0.560513,0.536867,0.514146,0.492367,0.471534,0.45164,0.432671,0.414385,0.397013,0.380334,0.364359,0.349086,0.334368,0.320357,0.30703,0.294258,0.281941,0.270191,0.258996,0.248267,0.237933,0.228137,0.223578
0.0707475,34.195,32.6773,31.2439,29.9593,28.883,28.0828,27.6268,27.5519,27.8302,29.1041,29.9444,30.8541,32.698,33.5218,34.6964,34.9698,34.5703,33.0843,31.4193,30.1894,29.924,30.5965,31.6151,32.9735,33.4756,33.4718,32.3249,30.628,29.6613,30.0268,30.9999,31.6191,31.1629,29.997,28.6633,28.4961,29.0402,12.6745,11.9956,11.4114,10.8942,10.4292,10.0067,9.49805,9.15138,8.7285,8.3444,7.99365,7.59554,7.30504,6.97221,6.66877,6.39092,6.08689,5.85495,5.59911,5.32768,5.11525,4.88799,4.68015,4.48935,4.28957,4.10688,3.91918,3.76623,3.59111,3.44693,3.29977,3.15182,3.01661,2.89257,2.76844,2.6455,2.53306,2.42224,2.32075,2.22109,2.12385,2.03482,1.94809,1.86401,1.78284,1.70849,1.63668,1.5644,1.49827,1.43491,1.37189,1.31422,1.25921,1.20494,1.1535,1.10475,1.05714,1.0122,0.968574,0.927502,0.888808,0.850495,0.81455,0.780019,0.746926,0.715276,0.685056,0.655702,0.628306,0.601783,0.576201,0.551985,0.528715,0.50641,0.485074,0.4647,0.445273,0.426546,0.408754,0.391673,0.375312,0.359671,0.344598,0.330248,0.3166,0.303518,0.290904,0.278871,0.267406,0.256417,0.245834,0.235802,0.231133
0.0884344,34.2405,32.7198,31.286,30.0033,28.9318,28.1402,27.6977,27.6402,27.937,29.2395,30.0896,31.0064,32.8555,33.6766,34.836,35.0983,34.6753,33.1822,31.528,30.3362,30.14,30.8596,31.8851,33.2223,33.7029,33.678,32.5164,30.8471,29.9755,30.4486,31.4246,32.0039,31.5156,30.3734,29.1565,29.2389,29.8032,29.7019,12.5703,11.904,11.3346,10.8324,10.3813,9.84293,9.47812,9.03489,8.63361,8.26803,7.85388,7.55212,7.20676,6.89219,6.60435,6.28958,6.04957,5.78491,5.50424,5.28463,5.04973,4.83496,4.63782,4.43143,4.24272,4.04884,3.89088,3.71004,3.56115,3.4092,3.25642,3.11682,2.98875,2.86059,2.73366,2.61757,2.50316,2.39839,2.2955,2.19511,2.10319,2.01366,1.92686,1.84307,1.76631,1.69218,1.61756,1.5493,1.48389,1.41883,1.3593,1.30251,1.24649,1.19338,1.14305,1.09391,1.04751,1.00248,0.96008,0.920136,0.880585,0.843478,0.807831,0.773669,0.740996,0.7098,0.679498,0.651216,0.623837,0.597428,0.572429,0.548408,0.525382,0.503357,0.482325,0.46227,0.442938,0.424571,0.406938,0.390048,0.373902,0.358342,0.343528,0.329439,0.315935,0.302914,0.290491,0.278656,0.267312,0.256387,0.246031,0.241211
0.110543,34.2854,32.7618,31.3277,30.0469,28.9801,28.1972,27.7682,27.7281,28.043,29.3735,30.2331,31.1567,33.0106,33.8288,34.9727,35.224,34.7779,33.2781,31.6349,30.4814,30.3526,31.1146,32.145,33.4612,33.9212,33.8758,32.6997,31.057,30.2778,30.8446,31.8168,32.3588,31.8395,30.7157,29.5986,29.8695,30.433,30.2943,29.0493,28.2292,12.1691,11.5583,11.0348,10.4285,10.0253,9.54119,9.10695,8.7139,8.27091,7.94935,7.58235,7.24885,6.94423,6.6116,6.35827,6.07918,5.78345,5.55221,5.30501,5.07908,4.87178,4.65481,4.45649,4.25279,4.08685,3.8969,3.74055,3.58099,3.42059,3.27403,3.13959,3.00505,2.87181,2.74996,2.62988,2.51991,2.41192,2.30657,2.2101,2.11613,2.02505,1.9371,1.85655,1.77876,1.70045,1.62882,1.56017,1.49191,1.42943,1.36984,1.31105,1.25532,1.20251,1.15093,1.10225,1.05499,1.0105,0.968584,0.92708,0.888142,0.850735,0.814887,0.780602,0.747865,0.716067,0.68639,0.657658,0.629946,0.603714,0.578507,0.554344,0.531232,0.509162,0.488117,0.467831,0.448557,0.430054,0.412331,0.395387,0.379059,0.363514,0.34873,0.334559,0.320895,0.307859,0.29544,0.283536,0.272072,0.261205,0.256147
0.11607,34.2951,32.7709,31.3367,30.0563,28.9905,28.2096,27.7836,27.7473,28.0661,29.4026,30.2642,31.1893,33.0441,33.8617,35.0023,35.2512,34.8,33.2988,31.658,30.5129,30.3986,31.1692,32.2004,33.5121,33.9677,33.9179,32.7387,31.1017,30.3424,30.9279,31.8986,32.4328,31.9069,30.7866,29.6897,29.9963,30.5579,30.4108,29.1818,28.4186,12.5141,11.8334,11.2709,10.6323,10.2123,9.71125,9.26406,8.86061,8.40705,8.07841,7.70381,7.36378,7.05345,6.71481,6.45703,6.17316,5.87247,5.63744,5.38623,5.15668,4.94609,4.72572,4.5243,4.31744,4.14894,3.95608,3.79734,3.63536,3.47253,3.32375,3.18727,3.0507,2.91546,2.79177,2.66988,2.55826,2.44865,2.34172,2.2438,2.14843,2.05598,1.96672,1.88496,1.806,1.72652,1.65382,1.58415,1.51486,1.45145,1.39097,1.3313,1.27474,1.22114,1.16879,1.11938,1.07142,1.02626,0.983717,0.941593,0.902073,0.864108,0.827724,0.792926,0.759701,0.727428,0.697307,0.668147,0.640021,0.613396,0.587813,0.56329,0.539832,0.517432,0.496073,0.475484,0.455922,0.437143,0.419154,0.401958,0.385386,0.369609,0.354604,0.340222,0.326353,0.313123,0.300518,0.288437,0.276801,0.265771,0.260638
0.121874,34.3048,32.78,31.3457,30.0658,29.001,28.222,27.7989,27.7664,28.0892,29.4317,30.2952,31.2217,33.0776,33.8944,35.0317,35.2782,34.8221,33.3194,31.681,30.5444,30.4444,31.2235,32.2555,33.5627,34.0138,33.9597,32.7774,31.146,30.4065,31.0103,31.9792,32.5057,31.9731,30.8562,29.7792,30.1197,30.6791,30.5234,29.3088,28.5967,13.07,12.2252,11.5898,10.8976,10.4517,9.92591,9.46044,9.04273,8.57499,8.23703,7.85258,7.50417,7.18658,6.84037,6.57704,6.28722,5.9804,5.74067,5.48453,5.25055,5.03594,4.8114,4.60621,4.39551,4.2239,4.0275,3.86586,3.70094,3.53515,3.38368,3.24474,3.10572,2.96804,2.84214,2.71807,2.60445,2.49288,2.38403,2.28437,2.1873,2.09319,2.00234,1.91913,1.83876,1.75787,1.68387,1.61296,1.54244,1.4779,1.41634,1.35561,1.29804,1.24349,1.19021,1.13992,1.09111,1.04515,1.00185,0.958975,0.918752,0.880112,0.843081,0.807665,0.773849,0.741002,0.710346,0.680667,0.652041,0.624943,0.598905,0.573946,0.550071,0.527273,0.505534,0.484579,0.46467,0.445557,0.427249,0.409746,0.39288,0.376822,0.361551,0.346913,0.332798,0.319333,0.306504,0.294207,0.282365,0.271139,0.265915
0.127967,34.3145,32.789,31.3547,30.0752,29.0115,28.2344,27.8142,27.7856,28.1123,29.4607,30.3262,31.2542,33.1109,33.9271,35.061,35.3051,34.844,33.3399,31.7039,30.5758,30.4901,31.2775,32.3101,33.6129,34.0596,34.0012,32.8158,31.19,30.4702,31.0917,32.0587,32.5775,32.0385,30.9248,29.8672,30.2401,30.797,30.6328,29.4311,28.7656,29.0367,12.9255,12.0867,11.2797,10.7859,10.2176,9.7228,9.28318,8.79445,8.44308,8.04473,7.68473,7.35725,7.00085,6.73011,6.43242,6.11755,5.8717,5.60916,5.36944,5.14965,4.91976,4.70974,4.49412,4.31854,4.11764,3.95231,3.78365,3.61412,3.45924,3.31718,3.17504,3.03429,2.90558,2.77874,2.66259,2.54854,2.43728,2.33541,2.23618,2.13999,2.04713,1.96207,1.87993,1.79725,1.72162,1.64914,1.57706,1.5111,1.44818,1.38611,1.32727,1.27151,1.21706,1.16566,1.11576,1.06879,1.02454,0.980717,0.939607,0.900114,0.862267,0.826069,0.791507,0.757936,0.726603,0.69627,0.667013,0.639317,0.612704,0.587195,0.562794,0.539493,0.517275,0.495857,0.475509,0.455974,0.437263,0.419374,0.402136,0.385724,0.370115,0.355155,0.340729,0.326966,0.313855,0.301287,0.289184,0.27771,0.27237
0.134366,34.3241,32.7981,31.3637,30.0846,29.0219,28.2468,27.8296,27.8047,28.1354,29.4897,30.3572,31.2865,33.1442,33.9597,35.0901,35.3319,34.8659,33.3603,31.7268,30.6071,30.5356,31.3311,32.3644,33.6626,34.105,34.0423,32.8539,31.2337,30.5335,31.1721,32.137,32.6483,32.1028,30.9922,29.9537,30.3576,30.9117,30.7389,29.5489,28.9264,29.2276,14.566,13.1523,11.9596,11.3375,10.6719,10.117,9.63604,9.11016,8.73616,8.31521,7.93693,7.59423,7.22247,6.94076,6.63158,6.30509,6.05051,5.7789,5.53112,5.30408,5.06675,4.85003,4.62763,4.44659,4.2395,4.06913,3.89536,3.72072,3.5612,3.4149,3.26852,3.12359,2.99107,2.86047,2.7409,2.62349,2.50896,2.40409,2.30195,2.20294,2.10736,2.01981,1.93526,1.85016,1.77232,1.69772,1.62354,1.55564,1.49089,1.427,1.36645,1.30906,1.25302,1.20012,1.14877,1.10043,1.05488,1.00978,0.967475,0.926831,0.887879,0.850626,0.815056,0.780506,0.748259,0.717041,0.686931,0.658428,0.631039,0.604786,0.579673,0.555692,0.532826,0.510785,0.489843,0.469738,0.450481,0.432071,0.41433,0.39744,0.381376,0.365979,0.351132,0.336969,0.323475,0.310541,0.298085,0.286277,0.280781
0.141084,34.3338,32.8071,31.3726,30.0939,29.0324,28.2591,27.8449,27.8238,28.1584,29.5186,30.388,31.3188,33.1773,33.9921,35.1192,35.3585,34.8876,33.3807,31.7496,30.6384,30.581,31.3844,32.4182,33.712,34.1501,34.0831,32.8916,31.277,30.5963,31.2516,32.2142,32.718,32.1661,31.0584,30.0387,30.4724,31.0232,30.842,29.6627,29.08,29.4077,29.3808,14.5152,13.2571,12.4555,11.5698,10.8606,10.2745,9.65972,9.2349,8.76584,8.35059,7.97831,7.57779,7.27612,6.94654,6.59992,6.33045,6.04365,5.78252,5.54362,5.29423,5.06674,4.83351,4.6438,4.42693,4.24865,4.06689,3.88428,3.71753,3.56463,3.41169,3.26029,3.12187,2.98548,2.86062,2.73803,2.61845,2.50897,2.40235,2.299,2.19924,2.10786,2.01961,1.9308,1.84956,1.77171,1.69429,1.62344,1.55586,1.4892,1.426,1.36612,1.30764,1.25244,1.19886,1.14841,1.10089,1.05383,1.00968,0.967268,0.926624,0.887751,0.850636,0.814584,0.780936,0.748362,0.716943,0.687201,0.658622,0.631229,0.605025,0.580002,0.556143,0.533144,0.511292,0.490314,0.47022,0.451011,0.432499,0.414875,0.398113,0.382048,0.366555,0.351777,0.337697,0.324201,0.311203,0.298882,0.293148
0.148138,34.3434,32.8161,31.3816,30.1033,29.0428,28.2714,27.8602,27.8429,28.1814,29.5474,30.4188,31.3509,33.2103,34.0245,35.1481,35.3851,34.9092,33.4009,31.7723,30.6696,30.6262,31.4373,32.4716,33.7609,34.1948,34.1235,32.929,31.3199,30.6587,31.3301,32.2903,32.7867,32.2284,31.1237,30.1224,30.5845,31.1319,30.9422,29.7728,29.2275,29.5785,29.5498,15.248,14.1394,13.4342,12.6156,11.9063,11.2837,10.6044,10.1258,9.59363,9.12219,8.70075,8.24943,7.9112,7.54339,7.15846,6.86047,6.54443,6.25758,5.99584,5.72323,5.47507,5.22108,5.01478,4.77926,4.58591,4.38896,4.19124,4.01079,3.84541,3.68006,3.51642,3.36687,3.21956,3.08472,2.95237,2.82329,2.70513,2.59007,2.47855,2.37091,2.27233,2.17714,2.08133,1.9937,1.90974,1.82624,1.74983,1.67696,1.60506,1.53692,1.47234,1.40928,1.34976,1.29198,1.23758,1.18634,1.1356,1.088,1.04227,0.998441,0.956527,0.916508,0.877636,0.841357,0.806234,0.772358,0.74029,0.709476,0.67994,0.651686,0.624707,0.598982,0.574184,0.550624,0.528005,0.50634,0.485628,0.465669,0.446667,0.428594,0.411272,0.394569,0.378634,0.363453,0.348902,0.334888,0.321604,0.315421
0.155545,34.3529,32.825,31.3904,30.1126,29.0531,28.2837,27.8754,27.862,28.2044,29.5762,30.4494,31.383,33.2432,34.0567,35.1769,35.4115,34.9308,33.4211,31.7949,30.7007,30.6712,31.4899,32.5246,33.8095,34.2391,34.1636,32.966,31.3625,30.7206,31.4076,32.3653,32.8545,32.2898,31.1878,30.2048,30.6941,31.2379,31.0397,29.8794,29.3695,29.7414,29.7098,15.757,14.6898,14.0147,13.2309,12.5485,11.9451,11.2793,10.8045,10.2704,9.79152,9.35888,8.8911,8.53774,8.15103,7.74389,7.42722,7.09012,6.78318,6.50241,6.20934,5.94208,5.66812,5.44531,5.19067,4.98139,4.76806,4.55378,4.35812,4.17873,3.99931,3.82169,3.65932,3.49935,3.35289,3.20911,3.06886,2.94046,2.81542,2.69422,2.57722,2.47006,2.36658,2.26242,2.16715,2.07586,1.98508,1.902,1.82276,1.74458,1.67048,1.60026,1.53169,1.46696,1.40413,1.34498,1.28925,1.23407,1.1823,1.13257,1.08491,1.03933,0.995811,0.953537,0.914083,0.875887,0.839046,0.804171,0.770661,0.738539,0.707813,0.678473,0.650496,0.623527,0.597905,0.573307,0.549745,0.52722,0.505514,0.484849,0.465194,0.446356,0.428191,0.410861,0.394352,0.378527,0.363286,0.348839,0.342115
0.163322,34.3625,32.834,31.3993,30.1219,29.0635,28.296,27.8907,27.881,28.2273,29.6049,30.48,31.4149,33.276,34.0887,35.2056,35.4378,34.9522,33.4411,31.8174,30.7318,30.7161,31.5421,32.5772,33.8576,34.283,34.2034,33.0028,31.4048,30.7821,31.4842,32.4392,32.9212,32.3503,31.251,30.2859,30.8013,31.3413,31.1348,29.9829,29.5066,29.8971,29.8618,29.109,15.1068,14.439,13.6625,12.984,12.3816,11.7136,11.235,10.6941,10.207,9.7653,9.28592,8.92265,8.52404,8.10326,7.77525,7.42544,7.10642,6.81419,6.5088,6.23001,5.94397,5.71117,5.4449,5.22591,5.00257,4.77816,4.57317,4.38518,4.19711,4.0109,3.84064,3.67287,3.51925,3.36843,3.22129,3.08657,2.95537,2.82818,2.7054,2.59294,2.48434,2.37503,2.27503,2.17921,2.08392,1.99671,1.91353,1.83148,1.75369,1.67998,1.608,1.54005,1.47409,1.41199,1.35349,1.29557,1.24122,1.18902,1.13898,1.09113,1.04545,1.00107,0.959648,0.919549,0.880873,0.844262,0.809082,0.775361,0.743104,0.712302,0.682932,0.65462,0.627721,0.601898,0.577162,0.553516,0.530728,0.509033,0.4884,0.468623,0.449553,0.43136,0.414028,0.397415,0.381415,0.366248,0.359189
0.171488,34.372,32.8429,31.4082,30.1312,29.0738,28.3082,27.9059,27.9001,28.2502,29.6335,30.5105,31.4468,33.3087,34.1207,35.2341,35.464,34.9735,33.4611,31.8398,30.7628,30.7607,31.5939,32.6293,33.9054,34.3266,34.2428,33.0392,31.4467,30.8432,31.56,32.5121,32.9871,32.41,31.3133,30.3659,30.9064,31.4424,31.2275,30.0835,29.6392,30.0465,30.0069,29.2639,15.4537,14.7845,14.0061,13.3244,12.7176,12.0428,11.5579,11.0087,10.5129,10.0623,9.57248,9.20072,8.79227,8.36056,8.02369,7.66414,7.33598,7.0352,6.72071,6.43347,6.13864,5.89861,5.62399,5.39805,5.16759,4.93596,4.72437,4.5303,4.33612,4.14385,3.96803,3.79477,3.63612,3.48035,3.32838,3.18923,3.0537,2.92233,2.7955,2.67932,2.56713,2.45421,2.3509,2.25192,2.15347,2.06338,1.97745,1.89267,1.81231,1.73616,1.6618,1.5916,1.52345,1.4593,1.39886,1.33901,1.28287,1.22893,1.17724,1.1278,1.0806,1.03475,0.991959,0.950531,0.910573,0.872748,0.836402,0.801562,0.768236,0.736413,0.706069,0.676819,0.649028,0.622349,0.596793,0.572362,0.548819,0.526405,0.505088,0.484656,0.464953,0.446157,0.42825,0.411086,0.394556,0.378886,0.371593
0.180063,34.3815,32.8518,31.417,30.1405,29.0841,28.3205,27.9211,27.9191,28.2731,29.6621,30.541,31.4786,33.3413,34.1526,35.2626,35.4901,34.9948,33.481,31.8622,30.7938,30.8054,31.6456,32.6812,33.9529,34.3699,34.282,33.0754,31.4884,30.904,31.635,32.5842,33.0521,32.4689,31.3747,30.4448,31.0095,31.5413,31.3182,30.1816,29.768,30.1904,30.146,29.4111,15.7584,15.0836,14.2991,13.6115,12.9984,12.3154,11.8238,11.2662,10.762,10.3034,9.8042,9.425,9.00808,8.56711,8.22282,7.85516,7.51947,7.21168,6.88977,6.59568,6.29375,6.04789,5.76655,5.53505,5.29888,5.06151,4.84463,4.64572,4.44668,4.24959,4.06935,3.89173,3.72908,3.56938,3.41357,3.2709,3.13195,2.99725,2.86721,2.74809,2.63306,2.51727,2.41135,2.30986,2.20891,2.11654,2.02842,1.9415,1.8591,1.78101,1.70476,1.63278,1.5629,1.49712,1.43514,1.37378,1.31621,1.2609,1.2079,1.1572,1.1088,1.06179,1.01791,0.975429,0.934456,0.89567,0.8584,0.822676,0.788503,0.755872,0.724757,0.694763,0.666267,0.638909,0.612705,0.587653,0.563512,0.540528,0.518669,0.497718,0.477515,0.458242,0.43988,0.422279,0.405329,0.389261,0.381783
0.189066,34.391,32.8607,31.4258,30.1497,29.0944,28.3327,27.9364,27.9381,28.296,29.6907,30.5714,31.5104,33.3738,34.1844,35.291,35.5161,35.0159,33.5009,31.8845,30.8247,30.8498,31.6969,32.7327,34,34.4129,34.3208,33.1113,31.5298,30.9644,31.7092,32.6554,33.1163,32.5269,31.4353,30.5228,31.1105,31.6381,31.4068,30.2772,29.8932,30.3293,30.2796,29.5514,16.0352,15.3519,14.559,13.8641,13.2439,12.5523,12.054,11.4882,10.9763,10.5102,10.0025,9.61668,9.19225,8.74313,8.39235,8.01765,7.67545,7.36162,7.03333,6.73337,6.42537,6.17453,5.88747,5.65124,5.41022,5.16796,4.94662,4.74359,4.54043,4.33925,4.15528,3.97396,3.80794,3.64491,3.48585,3.34022,3.19836,3.06085,2.9281,2.80649,2.68906,2.57085,2.46272,2.3591,2.25605,2.16174,2.07179,1.98304,1.89892,1.8192,1.74135,1.66787,1.59653,1.52937,1.4661,1.40345,1.34467,1.28821,1.2341,1.18234,1.13293,1.08493,1.04013,0.996766,0.954935,0.915338,0.877289,0.840817,0.805929,0.772615,0.740849,0.710228,0.681135,0.653205,0.626452,0.600876,0.57623,0.552765,0.530449,0.509059,0.488433,0.468757,0.450011,0.432042,0.414737,0.398333,0.390699
0.198519,34.4004,32.8695,31.4346,30.1589,29.1047,28.3449,27.9516,27.9572,28.3189,29.7192,30.6018,31.542,33.4062,34.216,35.3192,35.542,35.037,33.5206,31.9068,30.8555,30.8941,31.7478,32.7838,34.0468,34.4555,34.3594,33.1469,31.5709,31.0244,31.7826,32.7256,33.1797,32.5842,31.495,30.5996,31.2097,31.7328,31.4933,30.3704,30.0149,30.4633,30.4082,29.6856,29.2135,15.5991,14.7962,14.093,13.4655,12.7652,12.2602,11.6866,11.1673,10.6942,10.1788,9.78684,9.35558,8.8991,8.54247,8.16146,7.81344,7.49422,7.16026,6.85507,6.54168,6.28643,5.99431,5.75389,5.50859,5.26201,5.03672,4.83006,4.62327,4.41849,4.23121,4.04665,3.87764,3.71168,3.54976,3.40151,3.2571,3.11712,2.98197,2.85818,2.73863,2.61829,2.50821,2.40273,2.29782,2.20181,2.11023,2.01989,1.93425,1.85309,1.77384,1.69903,1.6264,1.55803,1.49362,1.42984,1.37,1.31252,1.25743,1.20474,1.15444,1.10558,1.05997,1.01582,0.973233,0.932921,0.894185,0.857055,0.821538,0.787623,0.755283,0.72411,0.694493,0.666058,0.638823,0.612786,0.587694,0.563807,0.541087,0.519312,0.498314,0.478282,0.459198,0.440905,0.423288,0.406588,0.398816
0.208445,34.4098,32.8783,31.4434,30.1681,29.115,28.3571,27.9668,27.9761,28.3417,29.7476,30.632,31.5736,33.4385,34.2476,35.3473,35.5677,35.058,33.5403,31.9289,30.8863,30.9382,31.7985,32.8346,34.0932,34.4978,34.3976,33.1822,31.6116,31.0841,31.8551,32.7949,33.2422,32.6407,31.5538,30.6755,31.307,31.8256,31.5781,30.4614,30.1335,30.5931,30.5322,29.8144,29.3775,15.8319,15.0174,14.3053,13.67,12.9609,12.4495,11.8684,11.342,10.8624,10.3396,9.94197,9.50437,9.04108,8.67909,8.29228,7.93891,7.61477,7.27562,6.96567,6.64737,6.38811,6.09138,5.84716,5.59797,5.34747,5.1186,4.90865,4.69856,4.49051,4.30024,4.11273,3.94102,3.7724,3.6079,3.45727,3.31055,3.16832,3.03101,2.90523,2.78377,2.6615,2.54965,2.44248,2.33588,2.23833,2.14529,2.0535,1.96648,1.88403,1.8035,1.72749,1.6537,1.58423,1.51878,1.45398,1.39318,1.33478,1.27881,1.22527,1.17416,1.12451,1.07817,1.03331,0.990045,0.949086,0.909729,0.872003,0.835916,0.801456,0.768597,0.736924,0.706831,0.67794,0.650268,0.623813,0.598318,0.574047,0.550963,0.528838,0.507503,0.48715,0.467759,0.449173,0.431273,0.414305,0.406408
0.218867,34.4192,32.8872,31.4521,30.1773,29.1252,28.3693,27.982,27.9952,28.3646,29.776,30.6622,31.6051,33.4707,34.279,35.3753,35.5934,35.0789,33.5599,31.951,30.9171,30.9822,31.8489,32.885,34.1393,34.5399,34.4356,33.2173,31.6522,31.1435,31.927,32.8635,33.3041,32.6966,31.612,30.7506,31.4027,31.9167,31.6611,30.5505,30.2494,30.7191,30.6523,29.9384,29.5344,29.6989,15.2278,14.5061,13.8627,13.1448,12.627,12.0384,11.5052,11.0193,10.4895,10.0865,9.64292,9.17324,8.80619,8.41396,8.0556,7.72686,7.38287,7.06849,6.74562,6.48262,6.18161,5.93385,5.68105,5.42692,5.19471,4.98171,4.76856,4.55748,4.36444,4.17419,3.99997,3.8289,3.66199,3.50916,3.3603,3.21599,3.07667,2.94906,2.82581,2.70176,2.58828,2.47953,2.37138,2.2724,2.178,2.08486,1.99657,1.91291,1.8312,1.75408,1.67921,1.60873,1.54232,1.47657,1.41488,1.35562,1.29883,1.24452,1.19265,1.14228,1.09526,1.04975,1.00585,0.964287,0.924353,0.886075,0.84946,0.814495,0.781156,0.749018,0.718485,0.689172,0.661094,0.634252,0.608384,0.583758,0.560336,0.537887,0.51624,0.495589,0.475914,0.457056,0.438894,0.421677,0.413665
0.229811,34.4286,32.8959,31.4609,30.1865,29.1354,28.3815,27.9971,28.0141,28.3873,29.8043,30.6923,31.6365,33.5028,34.3103,35.4032,35.6189,35.0997,33.5794,31.973,30.9477,31.026,31.8989,32.935,34.185,34.5815,34.4733,33.2521,31.6924,31.2024,31.998,32.9311,33.365,32.7516,31.6693,30.8247,31.4965,32.0058,31.7424,30.6374,30.3624,30.8412,30.7682,30.0579,29.6846,29.8608,15.4301,14.698,14.0462,13.3193,12.7951,12.1993,11.6595,11.1674,10.631,10.2228,9.77353,9.29776,8.92593,8.52855,8.16548,7.83239,7.48384,7.16527,6.83809,6.57158,6.26654,6.01545,5.75925,5.5017,5.26637,5.0505,4.83448,4.62055,4.42491,4.23209,4.05552,3.88213,3.71296,3.55807,3.40719,3.26094,3.11973,2.99039,2.86548,2.73975,2.62473,2.51451,2.4049,2.30458,2.2089,2.1145,2.02502,1.94022,1.85741,1.77924,1.70336,1.63192,1.56462,1.49798,1.43545,1.37539,1.31783,1.26278,1.21022,1.15916,1.11151,1.06537,1.02088,0.978757,0.938282,0.899486,0.862375,0.826937,0.793147,0.760574,0.729627,0.699917,0.671459,0.644253,0.618036,0.593076,0.569337,0.546584,0.524644,0.503713,0.483772,0.464658,0.44625,0.428801,0.42068
0.241301,34.438,32.9047,31.4696,30.1956,29.1457,28.3936,28.0123,28.0331,28.4101,29.8326,30.7224,31.6678,33.5348,34.3416,35.431,35.6444,35.1204,33.5988,31.995,30.9784,31.0697,31.9486,32.9848,34.2305,34.6229,34.5107,33.2866,31.7324,31.2611,32.0684,32.998,33.4254,32.806,31.726,30.898,31.5888,32.0934,31.8221,30.7227,30.473,30.9601,30.8808,30.1734,29.8294,30.0159,29.6814,14.8847,14.2241,13.488,12.9573,12.3542,11.8078,11.3098,10.7668,10.3536,9.89882,9.41716,9.04071,8.63838,8.27077,7.9335,7.58057,7.25799,6.92669,6.65681,6.3479,6.09363,5.83418,5.57336,5.33504,5.11643,4.89766,4.68101,4.48287,4.2876,4.10878,3.93318,3.76186,3.60499,3.45219,3.30407,3.16107,3.03007,2.90357,2.77623,2.65975,2.54813,2.43711,2.33552,2.23861,2.14301,2.05238,1.96651,1.88264,1.80347,1.72662,1.65427,1.58611,1.51862,1.4553,1.39447,1.33617,1.28042,1.22719,1.17548,1.12722,1.08049,1.03543,0.992771,0.951781,0.912489,0.874904,0.839015,0.804792,0.771804,0.740462,0.710373,0.681552,0.653999,0.627447,0.602168,0.578126,0.555083,0.532863,0.511665,0.491469,0.472112,0.453469,0.435797,0.427572
0.253366,34.4473,32.9134,31.4783,30.2047,29.1558,28.4058,28.0274,28.052,28.4329,29.8608,30.7524,31.6991,33.5667,34.3727,35.4587,35.6697,35.141,33.6182,32.0169,31.009,31.1132,31.9981,33.0342,34.2756,34.6641,34.5478,33.3209,31.7721,31.3194,32.138,33.0641,33.4849,32.8598,31.7819,30.9705,31.6796,32.1793,31.9003,30.8063,30.5813,31.0758,30.9901,30.2853,29.969,30.1646,29.8285,15.0682,14.3982,13.6525,13.1153,12.5049,11.9519,11.448,10.8985,10.4805,10.0202,9.53282,9.15187,8.74473,8.3727,8.03138,7.6742,7.34773,7.01243,6.7393,6.42665,6.1693,5.90671,5.64273,5.40152,5.18025,4.95883,4.73955,4.53901,4.34136,4.16037,3.98264,3.80924,3.65046,3.49581,3.34588,3.20114,3.06856,2.94052,2.81163,2.69373,2.58075,2.46839,2.36555,2.26747,2.1707,2.07898,1.99206,1.90717,1.82704,1.74925,1.67602,1.60703,1.53872,1.47463,1.41306,1.35406,1.29762,1.24374,1.1914,1.14256,1.09527,1.04965,1.00648,0.964987,0.925218,0.887176,0.85085,0.816211,0.782822,0.751099,0.720643,0.691471,0.663583,0.636708,0.611122,0.586788,0.563464,0.540973,0.519518,0.499077,0.479484,0.460614,0.442727,0.434402
0.266035,34.4566,32.9222,31.4869,30.2139,29.166,28.4179,28.0426,28.071,28.4557,29.8891,30.7824,31.7303,33.5986,34.4038,35.4864,35.695,35.1616,33.6375,32.0388,31.0396,31.1567,32.0474,33.0833,34.3205,34.7049,34.5848,33.355,31.8117,31.3776,32.2071,33.1295,33.5439,32.913,31.8373,31.0424,31.7691,32.2639,31.9771,30.8883,30.6876,31.1887,31.0966,30.394,30.1043,30.3078,29.9694,15.2513,14.571,13.8152,13.2712,12.6533,12.0938,11.5839,11.0279,10.605,10.1394,9.64632,9.26093,8.84904,8.47268,8.12738,7.76602,7.43574,7.09652,6.82018,6.50388,6.24351,5.97784,5.71076,5.46672,5.24286,5.01884,4.79698,4.59409,4.39412,4.211,4.03119,3.85575,3.69511,3.53863,3.38695,3.24051,3.10637,2.97682,2.84642,2.72713,2.61282,2.49914,2.3951,2.29586,2.19796,2.10516,2.01721,1.93133,1.85025,1.77156,1.69746,1.62766,1.55855,1.4937,1.43141,1.37171,1.31462,1.2601,1.20715,1.15773,1.10988,1.06373,1.02005,0.97807,0.937833,0.899343,0.86259,0.827544,0.793762,0.761666,0.730853,0.701338,0.673122,0.645931,0.620044,0.595424,0.571826,0.549071,0.527363,0.506682,0.486858,0.467767,0.449669,0.441247
0.279337,34.4659,32.9309,31.4956,30.223,29.1762,28.43,28.0577,28.0899,28.4784,29.9172,30.8122,31.7614,33.6303,34.4347,35.5138,35.7202,35.182,33.6567,32.0605,31.0701,31.1999,32.0963,33.132,34.3649,34.7454,34.6213,33.3887,31.8508,31.4352,32.2753,33.1941,33.6021,32.9654,31.8918,31.1133,31.8569,32.3468,32.0524,30.9687,30.7916,31.2986,31.1999,30.4993,30.2351,30.4457,30.1042,29.644,14.7437,13.9772,13.4261,12.8005,12.2343,11.7184,11.156,10.7281,10.2572,9.75843,9.36863,8.95203,8.57136,8.22213,7.85665,7.52259,7.1795,6.90001,6.58009,6.31675,6.04804,5.77791,5.53109,5.30467,5.07808,4.85369,4.64848,4.44622,4.26101,4.07914,3.9017,3.73922,3.58096,3.42754,3.27942,3.14374,3.01271,2.88082,2.76017,2.64455,2.52957,2.42434,2.32397,2.22495,2.13108,2.04213,1.95526,1.87326,1.79366,1.71872,1.64812,1.57822,1.51263,1.44963,1.38925,1.3315,1.27636,1.2228,1.17281,1.12442,1.07774,1.03356,0.991099,0.950402,0.911472,0.874298,0.838852,0.804683,0.77222,0.741054,0.711202,0.682663,0.655161,0.628978,0.604076,0.580208,0.557193,0.535237,0.514318,0.494268,0.474958,0.456654,0.448135
0.293303,34.4752,32.9396,31.5042,30.232,29.1864,28.4422,28.0729,28.1089,28.5011,29.9453,30.8421,31.7925,33.662,34.4657,35.5413,35.7453,35.2024,33.6759,32.0823,31.1006,31.2431,32.145,33.1806,34.4093,34.7858,34.6578,33.4224,31.8899,31.4928,32.3431,33.2581,33.6598,33.0174,31.9459,31.1837,31.9437,32.4286,32.1266,31.0478,30.894,31.4062,31.301,30.6021,30.3626,30.5793,30.2342,29.789,14.9197,14.1414,13.5827,12.9491,12.3759,11.8537,11.2847,10.8519,10.3755,9.87102,9.47676,9.0554,8.6704,8.31719,7.94756,7.60972,7.26274,6.98008,6.65654,6.39022,6.11847,5.84528,5.59566,5.36668,5.13753,4.9106,4.70306,4.49852,4.31121,4.12728,3.94782,3.78351,3.62345,3.4683,3.3185,3.18129,3.04878,2.9154,2.79338,2.67645,2.56017,2.45374,2.35223,2.25209,2.15716,2.06721,1.97935,1.89643,1.81593,1.74014,1.66874,1.59804,1.53171,1.46799,1.40693,1.34853,1.29276,1.2386,1.18804,1.1391,1.0919,1.04721,1.00427,0.963117,0.923747,0.886152,0.850304,0.815748,0.782918,0.751399,0.721208,0.692347,0.664533,0.638054,0.61287,0.588732,0.565455,0.543251,0.522096,0.501819,0.48229,0.463778,0.455163
0.307969,34.4844,32.9483,31.5129,30.2411,29.1965,28.4543,28.088,28.1279,28.5238,29.9734,30.8719,31.8235,33.6936,34.4964,35.5686,35.7702,35.2227,33.695,32.1039,31.131,31.2861,32.1934,33.2288,34.4532,34.8258,34.6939,33.4557,31.9287,31.5499,32.41,33.3213,33.7168,33.0687,31.9993,31.2534,32.0289,32.5089,32.1994,31.1254,30.9943,31.5111,31.3993,30.702,30.4863,30.7084,30.3593,29.9283,29.9912,14.3089,13.742,13.0998,12.5193,11.9907,11.4148,10.9769,10.4949,9.98462,9.58583,9.15966,8.77027,8.41304,8.03922,7.69755,7.34664,7.06079,6.73359,6.46426,6.18944,5.91318,5.66075,5.42918,5.19745,4.96797,4.75809,4.55124,4.36182,4.17582,3.99435,3.82818,3.66632,3.50942,3.35794,3.21918,3.08517,2.95029,2.82689,2.70865,2.59106,2.48344,2.38078,2.27951,2.18351,2.09255,2.0037,1.91984,1.83844,1.76179,1.68959,1.61809,1.55102,1.48658,1.42483,1.36577,1.30938,1.2546,1.20348,1.15399,1.10625,1.06106,1.01764,0.976021,0.936207,0.898189,0.861937,0.826993,0.793792,0.761919,0.731388,0.702201,0.674074,0.647297,0.621829,0.59742,0.573881,0.551426,0.530033,0.509527,0.489779,0.471059,0.462346
0.323367,34.4936,32.9569,31.5215,30.2502,29.2066,28.4664,28.1032,28.1468,28.5465,30.0014,30.9016,31.8544,33.7251,34.5271,35.5958,35.7951,35.243,33.714,32.1255,31.1614,31.329,32.2416,33.2767,34.4969,34.8656,34.7298,33.4888,31.9673,31.6069,32.4765,33.3839,33.7732,33.1194,32.0521,31.3224,32.113,32.5879,32.271,31.2018,31.093,31.6138,31.4954,30.7995,30.607,30.8337,30.4803,30.0627,30.1403,14.4826,13.9067,13.2552,12.6668,12.1314,11.5484,11.1051,10.6174,10.101,9.69755,9.2664,8.8725,8.51114,8.13302,7.78742,7.43248,7.14336,6.81242,6.54001,6.26206,5.98264,5.72733,5.49312,5.25876,5.02665,4.81439,4.60519,4.41361,4.22549,4.04195,3.87389,3.71019,3.5515,3.3983,3.25796,3.12243,2.98601,2.86122,2.74163,2.6227,2.51385,2.41003,2.30761,2.21052,2.11851,2.02866,1.94385,1.86151,1.784,1.71097,1.63867,1.57083,1.50566,1.44321,1.38347,1.32644,1.27104,1.21934,1.16928,1.121,1.0753,1.03139,0.98929,0.949024,0.910573,0.873909,0.838567,0.804989,0.772752,0.741875,0.712356,0.683909,0.656827,0.631069,0.606382,0.582576,0.559866,0.538229,0.51749,0.497517,0.478584,0.469772
0.339535,34.5029,32.9656,31.5301,30.2592,29.2167,28.4785,28.1183,28.1657,28.5692,30.0294,30.9313,31.8853,33.7565,34.5577,35.6229,35.8199,35.2631,33.733,32.1471,31.1918,31.3717,32.2895,33.3243,34.5403,34.9051,34.7654,33.5217,32.0057,31.6635,32.5422,33.4459,33.8289,33.1696,32.1043,31.3908,32.1959,32.6657,32.3414,31.2769,31.19,31.7143,31.5892,30.8947,30.7247,30.9554,30.5974,30.1927,30.2838,29.9851,14.0791,13.4173,12.8204,12.2777,11.687,11.2381,10.7442,10.2215,9.81318,9.37685,8.97824,8.61259,8.22999,7.88032,7.52122,7.2287,6.89389,6.61829,6.33709,6.05442,5.79613,5.5592,5.32211,5.08731,4.87257,4.66094,4.46714,4.27683,4.09116,3.92114,3.75554,3.59501,3.44003,3.29806,3.16096,3.02295,2.89671,2.77573,2.65542,2.54531,2.44028,2.33667,2.23845,2.14538,2.05448,1.96869,1.8854,1.80698,1.73311,1.65996,1.59134,1.52541,1.46223,1.40181,1.34411,1.28807,1.23577,1.18513,1.13629,1.09006,1.04563,1.00305,0.962313,0.923416,0.886326,0.850574,0.816606,0.783995,0.752759,0.722897,0.69412,0.666724,0.640667,0.615693,0.591611,0.568637,0.546749,0.52577,0.505565,0.486412,0.477498
0.356512,34.512,32.9742,31.5386,30.2682,29.2268,28.4905,28.1334,28.1847,28.5919,30.0573,30.9609,31.9161,33.7878,34.5882,35.6499,35.8446,35.2832,33.7519,32.1686,31.2221,31.4143,32.3371,33.3715,34.5833,34.9443,34.8008,33.5543,32.0438,31.7198,32.6074,33.5071,33.8841,33.2192,32.156,31.4586,32.2775,32.7422,32.4107,31.3507,31.2854,31.8126,31.6809,30.9876,30.8395,31.0736,30.7108,30.3186,30.4223,30.1219,29.8986,13.5892,12.9828,12.432,11.833,11.378,10.8776,10.3481,9.93456,9.49273,9.08915,8.71897,8.33166,7.9777,7.6142,7.31812,6.97924,6.7003,6.4157,6.12961,5.86821,5.62842,5.38846,5.15083,4.93351,4.71933,4.5232,4.3306,4.14269,3.97064,3.80304,3.64058,3.48373,3.34006,3.20131,3.06165,2.93388,2.81145,2.68969,2.57826,2.47197,2.36712,2.26772,2.17353,2.08154,1.99471,1.91042,1.83106,1.7563,1.68228,1.61283,1.54611,1.48217,1.42102,1.36263,1.30592,1.25298,1.20174,1.15231,1.10552,1.06056,1.01747,0.976245,0.936881,0.899345,0.863163,0.828787,0.795785,0.764173,0.733953,0.70483,0.677105,0.650735,0.625461,0.601089,0.577839,0.555689,0.534457,0.51401,0.494626,0.485605
0.374338,34.5212,32.9828,31.5472,30.2772,29.2369,28.5026,28.1486,28.2036,28.6146,30.0852,30.9905,31.9469,33.8191,34.6187,35.6769,35.8693,35.3032,33.7707,32.19,31.2524,31.4569,32.3845,33.4186,34.6262,34.9833,34.836,33.5867,32.0818,31.7759,32.672,33.5679,33.9388,33.2684,32.2072,31.5258,32.3581,32.8177,32.479,31.4235,31.3794,31.9091,31.7708,31.0786,30.9519,31.1889,30.8211,30.441,30.5565,30.2539,30.0417,13.7755,13.158,12.5981,11.9898,11.528,11.0204,10.4836,10.0644,9.61659,9.20764,8.83258,8.44019,8.08163,7.71342,7.41353,7.07029,6.78777,6.49953,6.20979,5.94505,5.70221,5.45921,5.21856,4.99848,4.78157,4.58295,4.38791,4.19762,4.02338,3.85367,3.68915,3.53031,3.38482,3.24431,3.10288,2.97349,2.84951,2.72621,2.61337,2.50573,2.39955,2.29889,2.20351,2.11036,2.02243,1.93707,1.85671,1.781,1.70604,1.63571,1.56815,1.5034,1.44147,1.38235,1.32491,1.27131,1.21942,1.16937,1.12198,1.07646,1.03282,0.99107,0.951207,0.913197,0.876557,0.841746,0.808325,0.776314,0.745711,0.716219,0.688143,0.66144,0.635846,0.611165,0.587621,0.56519,0.543689,0.522983,0.503354,0.494219
0.393055,34.5304,32.9914,31.5557,30.2862,29.247,28.5147,28.1637,28.2225,28.6372,30.1131,31.02,31.9775,33.8502,34.649,35.7038,35.8938,35.3232,33.7895,32.2114,31.2827,31.4992,32.4317,33.4654,34.6688,35.0221,34.8709,33.619,32.1196,31.8318,32.7361,33.6279,33.9929,33.317,32.2578,31.5925,32.4375,32.8921,32.5461,31.4952,31.4719,32.0037,31.8587,31.1676,31.0618,31.3012,30.9282,30.5599,30.6864,30.3811,30.1796,30.1669,13.3513,12.7807,12.1616,11.6921,11.1765,10.6313,10.2058,9.75144,9.33655,8.95612,8.55816,8.19455,7.8212,7.51713,7.16914,6.88272,6.59051,6.29679,6.02843,5.78227,5.53595,5.29201,5.06893,4.84907,4.64775,4.45005,4.25717,4.08056,3.90854,3.74178,3.58079,3.43331,3.29089,3.14754,3.0164,2.89074,2.76576,2.65139,2.54229,2.43466,2.33264,2.23596,2.14154,2.05242,1.96591,1.88445,1.80772,1.73174,1.66045,1.59198,1.52635,1.46358,1.40365,1.34544,1.29111,1.23851,1.18778,1.13976,1.09361,1.04938,1.00706,0.966661,0.928134,0.890997,0.855713,0.821839,0.789393,0.758375,0.728483,0.700026,0.67296,0.647019,0.622003,0.598139,0.575404,0.553612,0.532624,0.512729,0.50347
0.412707,34.5395,33,31.5643,30.2952,29.257,28.5267,28.1788,28.2415,28.6599,30.1409,31.0495,32.0082,33.8814,34.6793,35.7306,35.9183,35.343,33.8082,32.2328,31.313,31.5415,32.4787,33.5119,34.7112,35.0606,34.9057,33.651,32.1572,31.8874,32.7996,33.6875,34.0465,33.3652,32.308,31.6587,32.516,32.9654,32.6124,31.566,31.5631,32.0965,31.945,31.2548,31.1696,31.4109,31.0326,30.676,30.8127,30.5043,30.3131,30.3078,30.0428,12.9879,12.3557,11.8771,11.3519,10.7972,10.3644,9.90247,9.48082,9.09428,8.69002,8.3207,7.94154,7.63277,7.27943,6.98863,6.69197,6.3938,6.12138,5.8715,5.62146,5.37385,5.14742,4.92425,4.7199,4.51924,4.32346,4.14421,3.9696,3.80035,3.63694,3.48726,3.34271,3.19721,3.06411,2.93656,2.80972,2.69363,2.5829,2.47367,2.37012,2.27199,2.17616,2.08571,1.9979,1.91523,1.83734,1.76023,1.68788,1.61837,1.55177,1.48806,1.42724,1.36815,1.31301,1.25963,1.20813,1.15939,1.11256,1.06766,1.02472,0.983709,0.944607,0.906914,0.871103,0.836723,0.803792,0.772309,0.741971,0.713088,0.685617,0.659288,0.633899,0.609678,0.586603,0.564484,0.543183,0.522991,0.513593
0.433343,34.5486,33.0085,31.5728,30.3041,29.2671,28.5388,28.1939,28.2604,28.6826,30.1687,31.0789,32.0388,33.9124,34.7095,35.7573,35.9426,35.3628,33.8268,32.2541,31.3432,31.5837,32.5254,33.5582,34.7533,35.0989,34.9402,33.6829,32.1946,31.9428,32.8626,33.7464,34.0995,33.4128,32.3576,31.7243,32.5934,33.0377,32.6777,31.6357,31.6531,32.1876,32.0295,31.3404,31.2752,31.5179,31.1343,30.7891,30.9354,30.6235,30.4424,30.4438,30.1798,13.2331,12.584,12.0938,11.5568,10.9902,10.5487,10.0777,9.64795,9.25416,8.84246,8.46644,8.08048,7.76622,7.40664,7.11074,6.80891,6.50556,6.22844,5.97425,5.71991,5.46805,5.23772,5.01074,4.80289,4.59879,4.39967,4.21735,4.03977,3.86762,3.70143,3.5492,3.40219,3.25421,3.11884,2.98912,2.86011,2.74205,2.62944,2.51834,2.41303,2.31324,2.21577,2.12378,2.03448,1.9504,1.87119,1.79276,1.71918,1.6485,1.58075,1.51597,1.4541,1.39402,1.33794,1.28364,1.23128,1.18171,1.13407,1.08841,1.04474,1.00303,0.963266,0.924932,0.888512,0.853547,0.820055,0.788038,0.757183,0.727808,0.699871,0.673094,0.647272,0.62264,0.599172,0.576677,0.555014,0.534478,0.52492
0.45501,34.5577,33.0171,31.5813,30.3131,29.2771,28.5508,28.209,28.2794,28.7052,30.1964,31.1083,32.0693,33.9433,34.7396,35.7838,35.9669,35.3826,33.8454,32.2754,31.3733,31.6256,32.5718,33.6041,34.7951,35.1369,34.9745,33.7145,32.2318,31.9979,32.925,33.8048,34.152,33.46,32.4068,31.7894,32.6698,33.109,32.7419,31.7044,31.7416,32.277,32.1124,31.4242,31.3787,31.6225,31.2334,30.8995,31.0547,30.7392,30.5679,30.5752,30.312,30.2534,12.8707,12.3641,11.8107,11.2284,10.7753,10.2926,9.85254,9.44957,9.0285,8.64409,8.24965,7.92857,7.56128,7.25909,6.95089,6.6412,6.3583,6.09884,5.83924,5.58217,5.3471,5.11545,4.90333,4.69505,4.49185,4.30579,4.12458,3.94891,3.77933,3.62398,3.47397,3.32297,3.18484,3.05248,2.92084,2.80037,2.68546,2.5721,2.46464,2.36282,2.26337,2.1695,2.07838,1.99259,1.91177,1.83174,1.75666,1.68454,1.61542,1.54931,1.48619,1.42488,1.36766,1.31226,1.25882,1.20824,1.15964,1.11305,1.06849,1.02593,0.985357,0.946243,0.909081,0.873404,0.839231,0.806562,0.775079,0.745106,0.7166,0.689278,0.662931,0.637797,0.613851,0.590899,0.568794,0.54784,0.538088
0.47776,34.5668,33.0256,31.5898,30.322,29.2872,28.5629,28.2242,28.2984,28.7279,30.2242,31.1377,32.0998,33.9743,34.7697,35.8104,35.9912,35.4023,33.864,32.2966,31.4036,31.6676,32.6182,33.65,34.8368,35.1749,35.0087,33.746,32.2689,32.0529,32.987,33.8628,34.2042,33.5068,32.4556,31.8543,32.7455,33.1795,32.8055,31.7724,31.8293,32.3651,32.1939,31.5067,31.4806,31.7251,31.3305,31.0077,31.1713,30.8519,30.6904,30.7029,30.4403,30.3914,30.2234,12.7441,12.1635,11.5561,11.0853,10.5849,10.1297,9.71351,9.27908,8.88284,8.47656,8.14604,7.76811,7.45729,7.14041,6.82209,6.53137,6.26478,5.99806,5.73399,5.49253,5.25459,5.03673,4.82282,4.61414,4.42307,4.23698,4.0566,3.88246,3.72295,3.56891,3.41387,3.27204,3.13613,3.00097,2.87728,2.7593,2.64291,2.53258,2.42803,2.32593,2.22955,2.13599,2.04791,1.96493,1.88277,1.80569,1.73164,1.66067,1.5928,1.52799,1.46504,1.40629,1.34942,1.29456,1.24263,1.19273,1.14489,1.09914,1.05545,1.01379,0.973632,0.935478,0.898849,0.863763,0.830222,0.797899,0.767126,0.737859,0.709807,0.682757,0.656952,0.632367,0.608802,0.586108,0.564595,0.554582
0.501648,34.5759,33.0341,31.5983,30.331,29.2972,28.5749,28.2393,28.3173,28.7505,30.2519,31.167,32.1302,34.0051,34.7996,35.8369,36.0153,35.4219,33.8825,32.3178,31.4337,31.7094,32.6642,33.6955,34.8782,35.2125,35.0426,33.7773,32.3058,32.1075,33.0484,33.9201,34.2557,33.5531,32.5039,31.9184,32.82,33.2489,32.8681,31.8394,31.9156,32.4515,32.2738,31.5875,31.5805,31.8252,31.4251,31.1135,31.2848,30.9613,30.8094,30.8266,30.5643,30.5247,30.3569,30.2633,12.7918,12.1245,11.6144,11.0773,10.5919,10.1502,9.69089,9.27316,8.84582,8.49877,8.10249,7.77697,7.44544,7.11271,6.80903,6.53067,6.25227,5.9767,5.72479,5.4766,5.2494,5.02635,4.80878,4.6096,4.41562,4.2276,4.0461,3.87986,3.71933,3.55776,3.40997,3.26835,3.12752,2.99863,2.87571,2.75443,2.63948,2.53055,2.42417,2.32376,2.22629,2.13452,2.04807,1.96247,1.88216,1.80501,1.73107,1.66036,1.59284,1.52726,1.46606,1.4068,1.34965,1.29555,1.24356,1.19373,1.14606,1.10054,1.05714,1.01531,0.975556,0.937396,0.900844,0.8659,0.832225,0.800167,0.769676,0.740452,0.712271,0.685387,0.659774,0.635224,0.611581,0.589168,0.578737
0.526731,34.585,33.0426,31.6067,30.3399,29.3072,28.587,28.2545,28.3363,28.7732,30.2797,31.1963,32.1607,34.0359,34.8296,35.8633,36.0394,35.4414,33.9009,32.339,31.464,31.7512,32.7102,33.7408,34.9194,35.25,35.0763,33.8084,32.3426,32.1621,33.1095,33.9771,34.307,33.599,32.5518,31.9824,32.8938,33.3176,32.93,31.9058,32.001,32.5367,32.3526,31.6673,31.6789,31.9236,31.5179,31.2174,31.396,31.0682,30.9258,30.9472,30.6851,30.6545,30.4865,30.3994,30.2994,13.2497,12.6816,12.0845,11.5462,11.0577,10.5509,10.0911,9.62164,9.24109,8.80721,8.45128,8.08924,7.72631,7.39538,7.09224,6.78919,6.48933,6.21529,5.94538,5.69835,5.45587,5.21939,5.00294,4.79216,4.58788,4.3907,4.21012,4.03575,3.86026,3.69974,3.54593,3.39299,3.25302,3.11953,2.98784,2.86301,2.74473,2.62921,2.52018,2.41434,2.3147,2.22083,2.12789,2.04069,1.95692,1.87665,1.79987,1.72656,1.65536,1.5889,1.52457,1.46251,1.40377,1.34733,1.29322,1.24147,1.19205,1.14493,1.0995,1.05635,1.01491,0.975227,0.937288,0.900726,0.865919,0.832814,0.801084,0.770487,0.741299,0.71349,0.686835,0.661165,0.636831,0.625506
0.553067,34.594,33.0512,31.6152,30.3488,29.3173,28.599,28.2697,28.3553,28.7959,30.3073,31.2256,32.1911,34.0667,34.8595,35.8897,36.0635,35.461,33.9194,32.3601,31.4942,31.7928,32.7559,33.7859,34.9604,35.2872,35.1099,33.8394,32.3792,32.2164,33.17,34.0335,34.3577,33.6445,32.5994,32.0458,32.9667,33.3853,32.991,31.9713,32.0852,32.6205,32.4299,31.7456,31.7756,32.02,31.6087,31.3192,31.5046,31.1723,31.0394,31.0644,30.8025,30.7805,30.6119,30.5313,30.4329,30.3183,13.4168,12.8013,12.2436,11.7351,11.2057,10.7238,10.2304,9.82954,9.37163,8.99534,8.61199,8.22716,7.87593,7.55396,7.23193,6.91314,6.62169,6.33454,6.07164,5.81354,5.56176,5.33126,5.10677,4.88917,4.67912,4.48672,4.30092,4.11392,3.94286,3.77895,3.61594,3.46676,3.32448,3.18411,3.05105,2.92497,2.80183,2.68561,2.57278,2.46656,2.36649,2.26741,2.17445,2.08515,1.99957,1.91772,1.83957,1.76366,1.69281,1.62422,1.55806,1.49544,1.43526,1.37758,1.32241,1.26972,1.21948,1.17105,1.12504,1.08087,1.03856,0.998112,0.959133,0.922024,0.88673,0.852902,0.820282,0.789164,0.759516,0.731099,0.703731,0.677788,0.665714
0.580721,34.603,33.0596,31.6236,30.3577,29.3273,28.6111,28.2848,28.3743,28.8185,30.335,31.2548,32.2214,34.0973,34.8892,35.9159,36.0874,35.4804,33.9377,32.3812,31.5243,31.8343,32.8013,33.8308,35.0012,35.3242,35.1432,33.8701,32.4157,32.2704,33.23,34.0893,34.4079,33.6896,32.6464,32.1088,33.0387,33.4522,33.0512,32.036,32.1684,32.7028,32.5059,31.8226,31.8707,32.1144,31.6976,31.419,31.6107,31.274,31.1503,31.1786,30.9167,30.9031,30.7337,30.6593,30.562,30.4529,30.3612,13.2783,12.7034,12.1787,11.6318,11.1335,10.623,10.208,9.73362,9.34362,8.9461,8.5469,8.18243,7.84828,7.514,7.18305,6.88045,6.58227,6.30927,6.04122,5.77972,5.54031,5.30713,5.0811,4.8629,4.66303,4.47003,4.27576,4.09804,3.92776,3.7584,3.60342,3.45559,3.30976,3.17152,3.04052,2.91259,2.79183,2.67461,2.56425,2.46028,2.35733,2.26074,2.16796,2.07904,1.994,1.9128,1.83393,1.76032,1.68905,1.62032,1.55525,1.49273,1.4328,1.37547,1.32073,1.26853,1.21821,1.17041,1.12451,1.08055,1.03852,0.998024,0.959468,0.922797,0.88765,0.853757,0.821424,0.79062,0.761094,0.732659,0.705704,0.693159
0.609757,34.6121,33.0681,31.6321,30.3666,29.3373,28.6231,28.3,28.3933,28.8412,30.3626,31.284,32.2517,34.128,34.919,35.9421,36.1113,35.4998,33.956,32.4022,31.5544,31.8758,32.8466,33.8754,35.0417,35.3611,35.1764,33.9007,32.452,32.3243,33.2897,34.1448,34.4578,33.7342,32.6932,32.1714,33.11,33.5184,33.1107,32.1,32.2507,32.784,32.5807,31.8984,31.9644,32.2072,31.7848,31.5171,31.7147,31.3734,31.2591,31.29,31.0281,31.0228,30.8521,30.7839,30.6875,30.5835,30.4929,30.4099,13.0898,12.55,11.9872,11.4744,10.9488,10.5215,10.033,9.63137,9.22191,8.81067,8.43517,8.09089,7.74647,7.40546,7.09365,6.78639,6.50506,6.22883,5.95935,5.71262,5.47231,5.23936,5.01448,4.8085,4.60958,4.40936,4.2262,4.05069,3.87615,3.71642,3.56406,3.41375,3.27127,3.13626,3.0044,2.87994,2.75912,2.64537,2.53821,2.43211,2.33256,2.23693,2.14528,2.05763,1.97394,1.89265,1.81678,1.74333,1.67248,1.60542,1.54098,1.47921,1.42012,1.3637,1.3099,1.25804,1.20877,1.16146,1.11615,1.07284,1.03109,0.991355,0.953559,0.917333,0.8824,0.849076,0.817326,0.786894,0.757586,0.729804,0.716874
0.640244,34.6211,33.0766,31.6405,30.3755,29.3473,28.6352,28.3152,28.4124,28.8639,30.3903,31.3132,32.282,34.1586,34.9487,35.9683,36.1351,35.5191,33.9743,32.4233,31.5847,31.9172,32.8918,33.92,35.0822,35.3978,35.2095,33.9312,32.4883,32.3781,33.349,34.1999,34.5074,33.7787,32.7396,32.2338,33.1806,33.5839,33.1697,32.1636,32.3322,32.8642,32.6545,31.9734,32.0569,32.2985,31.8705,31.6139,31.8169,31.4709,31.3659,31.3992,31.1373,31.1398,30.9678,30.9057,30.8098,30.711,30.6211,30.5421,30.452,30.3868,12.3259,11.7985,11.2581,10.8188,10.3166,9.90368,9.48275,9.05999,8.67399,8.32008,7.96604,7.6155,7.29498,6.97913,6.68993,6.40598,6.12897,5.87534,5.62831,5.38885,5.15768,4.94594,4.74145,4.53563,4.34735,4.16694,3.98751,3.82331,3.66669,3.51218,3.36571,3.22692,3.09137,2.96343,2.83923,2.7223,2.61214,2.50307,2.40074,2.30243,2.20822,2.11812,2.03209,1.94852,1.87053,1.79502,1.72219,1.65325,1.58701,1.52351,1.46277,1.40477,1.34946,1.29615,1.2455,1.19687,1.1503,1.10577,1.06286,1.02201,0.983154,0.945915,0.910005,0.875747,0.84311,0.811827,0.781699,0.753139,0.739847
0.672257,34.6301,33.0851,31.649,30.3844,29.3573,28.6472,28.3304,28.4314,28.8866,30.4179,31.3424,32.3122,34.1891,34.9783,35.9943,36.1589,35.5384,33.9925,32.4443,31.6148,31.9584,32.9367,33.9642,35.1223,35.4343,35.2423,33.9615,32.5245,32.4316,33.4077,34.2545,34.5564,33.8226,32.7856,32.2957,33.2503,33.6485,33.2277,32.2262,32.4126,32.943,32.727,32.047,32.1478,32.388,31.9545,31.7088,31.9168,31.5661,31.4704,31.5055,31.2436,31.2539,31.0803,31.0241,30.9285,30.8346,30.7453,30.6702,30.5814,30.5191,30.4384,12.1403,11.5835,11.131,10.614,10.189,9.75582,9.32082,8.9237,8.55964,8.19546,7.83491,7.50524,7.18039,6.88295,6.59092,6.30602,6.04517,5.79112,5.54486,5.30712,5.08935,4.87906,4.6674,4.47377,4.28823,4.10371,3.93484,3.77378,3.61488,3.46426,3.32153,3.18213,3.05056,2.92283,2.80259,2.6893,2.57713,2.4719,2.3708,2.27392,2.18126,2.09278,2.00685,1.92664,1.84899,1.7741,1.7032,1.63508,1.56978,1.50731,1.44767,1.39079,1.33597,1.28388,1.23387,1.18597,1.14018,1.09605,1.05404,1.01409,0.975791,0.938862,0.903633,0.870069,0.837898,0.806915,0.777545,0.763876
0.70587,34.6391,33.0935,31.6574,30.3933,29.3673,28.6593,28.3456,28.4505,28.9094,30.4455,31.3715,32.3424,34.2197,35.0079,36.0204,36.1826,35.5577,34.0107,32.4653,31.645,31.9997,32.9816,34.0084,35.1624,35.4706,35.2751,33.9917,32.5605,32.485,33.4661,34.3087,34.6051,33.8662,32.8314,32.3574,33.3194,33.7125,33.2853,32.2884,32.4923,33.0209,32.7986,32.1198,32.2376,32.4761,32.0371,31.8025,32.0151,31.6596,31.5732,31.6099,31.348,31.3657,31.1903,31.1402,31.0445,30.9556,30.8665,30.7953,30.7075,30.6479,30.5691,30.5028,30.4356,11.5109,10.9748,10.5344,10.0858,9.63562,9.22476,8.84822,8.47165,8.09888,7.75807,7.42227,7.11483,6.81299,6.51854,6.24897,5.98642,5.73193,5.48625,5.26122,5.04392,4.8252,4.62512,4.43341,4.24274,4.06826,3.90183,3.73765,3.58202,3.43454,3.29052,3.15457,3.0226,2.89835,2.7813,2.66541,2.55667,2.45222,2.35212,2.25638,2.16497,2.07617,1.9933,1.91307,1.83569,1.76244,1.69205,1.62458,1.56004,1.49842,1.43965,1.38301,1.32919,1.27752,1.22803,1.18072,1.13512,1.09172,1.05043,1.01087,0.972709,0.93631,0.901632,0.868392,0.83638,0.806034,0.791911
0.741163,34.6481,33.102,31.6658,30.4022,29.3773,28.6714,28.3609,28.4696,28.9321,30.4731,31.4007,32.3727,34.2502,35.0375,36.0464,36.2063,35.5769,34.0289,32.4863,31.6752,32.0408,33.0263,34.0523,35.2022,35.5069,35.3076,34.0218,32.5964,32.5383,33.5242,34.3626,34.6535,33.9096,32.8768,32.4188,33.3879,33.7759,33.3422,32.3501,32.5711,33.0977,32.8693,32.1917,32.3262,32.5629,32.1184,31.8949,32.1116,31.7514,31.6742,31.7121,31.4503,31.4753,31.2979,31.2537,31.1577,31.0737,30.9847,30.9173,30.8304,30.7734,30.6964,30.6317,30.5667,30.5105,30.4474,30.3961,10.6358,10.1576,9.7222,9.32376,8.92573,8.532,8.17222,7.81787,7.49356,7.17526,6.86482,6.58067,6.30397,6.03581,5.77697,5.53991,5.31101,5.08064,4.86991,4.66801,4.46722,4.28348,4.10823,3.93535,3.77148,3.61619,3.46455,3.32141,3.18247,3.05165,2.92842,2.8064,2.69192,2.58195,2.47656,2.37577,2.27953,2.18605,2.09881,2.01434,1.93288,1.85576,1.78166,1.71063,1.64268,1.5778,1.51594,1.4563,1.39965,1.34525,1.29315,1.24334,1.19534,1.14965,1.10619,1.06453,1.02436,0.98604,0.949532,0.914539,0.880838,0.848891,0.834023
0.778221,34.6571,33.1104,31.6742,30.4111,29.3873,28.6835,28.3761,28.4887,28.9549,30.5007,31.4298,32.4028,34.2806,35.067,36.0723,36.2299,35.5961,34.047,32.5072,31.7054,32.0819,33.0707,34.096,35.2419,35.5428,35.34,34.0516,32.6322,32.5913,33.5818,34.416,34.7015,33.9525,32.9218,32.4798,33.4556,33.8385,33.3985,32.411,32.6491,33.1734,32.9388,32.2625,32.4136,32.6482,32.1983,31.9858,32.2063,31.8413,31.7735,31.8121,31.5504,31.5825,31.403,31.3647,31.2682,31.1889,31.0999,31.0362,30.95,30.8956,30.8203,30.7571,30.6941,30.6394,30.5779,30.5279,30.4766,30.4247,10.9293,10.4805,10.0323,9.58921,9.18435,8.78562,8.42071,8.06256,7.71328,7.39358,7.08228,6.78058,6.48938,6.22268,5.96516,5.70599,5.46893,5.24179,5.01592,4.80921,4.61207,4.41758,4.23323,4.05855,3.88796,3.72694,3.57063,3.42348,3.28485,3.14758,3.0188,2.8951,2.77654,2.66315,2.55489,2.44973,2.35159,2.25657,2.16493,2.07818,1.99482,1.91492,1.83848,1.7655,1.6959,1.62882,1.56508,1.50389,1.44528,1.38925,1.33526,1.28385,1.23496,1.1881,1.14291,1.09981,1.05874,1.01937,0.981462,0.945524,0.928799
0.817132,34.6661,33.1189,31.6827,30.42,29.3974,28.6956,28.3914,28.5079,28.9777,30.5283,31.4589,32.433,34.311,35.0965,36.0982,36.2535,35.6152,34.0651,32.5282,31.7355,32.1229,33.115,34.1396,35.2814,35.5787,35.3723,34.0814,32.6679,32.6442,33.6391,34.469,34.7491,33.9951,32.9666,32.5405,33.5226,33.9005,33.4541,32.4715,32.7263,33.2482,33.0074,32.3324,32.4999,32.7322,32.2768,32.0755,32.2995,31.9297,31.8711,31.9102,31.6487,31.6877,31.5059,31.4736,31.3762,31.3018,31.2125,31.1524,31.0669,31.0149,30.9413,30.8794,30.8183,30.765,30.705,30.6564,30.6064,30.5559,30.5096,30.4671,30.4246,30.3825,9.76472,9.34119,8.95351,8.57295,8.20176,7.86197,7.53106,7.21033,6.90074,6.61718,6.34337,6.06779,5.8157,5.57416,5.33395,5.11412,4.90445,4.69761,4.50155,4.31577,4.13433,3.96306,3.79682,3.6403,3.49285,3.34686,3.20988,3.0783,2.9522,2.8316,2.71644,2.60459,2.5002,2.39914,2.30166,2.20938,2.12072,2.03573,1.95443,1.8768,1.80277,1.73142,1.66362,1.59854,1.53619,1.4766,1.41916,1.36448,1.31248,1.26264,1.21457,1.16872,1.12504,1.08316,1.04284,1.00461,0.986823
0.857989,34.6751,33.1273,31.6911,30.4289,29.4074,28.7077,28.4068,28.5271,29.0005,30.556,31.4881,32.4632,34.3414,35.126,36.1241,36.277,35.6343,34.0832,32.5491,31.7658,32.1639,33.1593,34.1831,35.3208,35.6144,35.4044,34.1111,32.7036,32.697,33.6961,34.5218,34.7965,34.0375,33.0112,32.601,33.5892,33.962,33.5093,32.5316,32.8029,33.3222,33.0753,32.4017,32.5852,32.8151,32.3544,32.1642,32.3913,32.0167,31.9675,32.0068,31.7454,31.7912,31.607,31.5805,31.4822,31.4125,31.3229,31.2664,31.1814,31.1316,31.0597,30.999,30.9398,30.8878,30.8292,30.7819,30.7332,30.684,30.6389,30.5975,30.5561,30.5151,30.4775,30.4405,30.4066,30.3733,8.74301,8.38036,8.02726,7.68509,7.35484,7.0524,6.76039,6.4665,6.1977,5.94016,5.68405,5.44969,5.22616,5.00566,4.79665,4.59861,4.40519,4.22264,4.04543,3.87859,3.72142,3.5658,3.4198,3.27955,3.14515,3.0166,2.89386,2.77464,2.66337,2.55565,2.45176,2.35341,2.2589,2.16832,2.08166,1.99892,1.92002,1.84397,1.77171,1.70234,1.63589,1.57237,1.51116,1.45288,1.39745,1.34432,1.2931,1.24423,1.19767,1.15304,1.11006,1.06931,1.05035
0.899898,34.6839,33.1356,31.6993,30.4376,29.4172,28.7196,28.4218,28.5459,29.0229,30.5831,31.5165,32.4926,34.3712,35.1548,36.1494,36.3,35.653,34.1009,32.5696,31.7954,32.2038,33.2025,34.2255,35.3592,35.6493,35.4358,34.14,32.7384,32.7485,33.7515,34.5731,34.8426,34.0787,33.0545,32.6599,33.6538,34.0217,33.5628,32.5898,32.8772,33.3938,33.1409,32.4688,32.6678,32.8951,32.4291,32.2499,32.4798,32.1005,32.0604,32.0996,31.8385,31.8907,31.7041,31.6834,31.5838,31.5189,31.4286,31.3756,31.291,31.2435,31.173,31.1134,31.056,31.0053,30.948,30.9018,30.8544,30.8063,30.7623,30.722,30.6816,30.6415,30.6049,30.5688,30.5357,30.5032,30.4715,30.4425,30.4142,30.3867,30.3602,30.336,7.88999,7.54616,7.23168,6.93038,6.63076,6.35659,6.0951,5.83715,5.59265,5.36097,5.13472,4.92117,4.71387,4.51871,4.33487,4.15283,3.98204,3.81798,3.66076,3.51039,3.36682,3.22736,3.0972,2.9712,2.84967,2.73462,2.62407,2.51811,2.41675,2.31996,2.22767,2.1387,2.05418,1.97304,1.89531,1.82101,1.7494,1.68123,1.61639,1.55425,1.49433,1.43716,1.3827,1.33049,1.28022,1.23256,1.21038
0.903995,34.6847,33.1364,31.7001,30.4384,29.4181,28.7207,28.4232,28.5477,29.025,30.5856,31.5192,32.4953,34.374,35.1575,36.1517,36.3022,35.6547,34.1025,32.5715,31.7981,32.2075,33.2065,34.2294,35.3628,35.6525,35.4387,34.1427,32.7417,32.7533,33.7567,34.5778,34.8469,34.0826,33.0585,32.6654,33.6597,34.0272,33.5678,32.5952,32.8841,33.4004,33.147,32.475,32.6755,32.9025,32.4361,32.2579,32.4879,32.1082,32.069,32.1082,31.8471,31.8999,31.7131,31.6929,31.5932,31.5287,31.4384,31.3857,31.3011,31.2538,31.1835,31.124,31.0667,31.0161,30.9589,30.9128,30.8655,30.8176,30.7737,30.7334,30.6931,30.6532,30.6166,30.5806,30.5476,30.5152,30.4835,30.4546,30.4263,30.399,30.3725,30.3483,30.3249,7.61449,7.29713,6.99307,6.69072,6.41404,6.15016,5.88985,5.64311,5.40932,5.181,4.96549,4.7563,4.55935,4.37382,4.19012,4.01777,3.85221,3.69355,3.5418,3.39692,3.25619,3.12484,2.99768,2.87504,2.75894,2.64738,2.54045,2.43816,2.34049,2.24735,2.15758,2.07228,1.99039,1.91196,1.83697,1.76471,1.69592,1.63049,1.56778,1.5073,1.44961,1.39465,1.34197,1.29124,1.24314,1.22076
0.907932,34.6855,33.1371,31.7008,30.4392,29.419,28.7218,28.4246,28.5494,29.027,30.5881,31.5218,32.498,34.3767,35.1601,36.154,36.3043,35.6564,34.1041,32.5734,31.8008,32.2112,33.2104,34.2333,35.3663,35.6557,35.4415,34.1453,32.7448,32.758,33.7617,34.5825,34.851,34.0863,33.0625,32.6707,33.6656,34.0326,33.5726,32.6005,32.8909,33.4069,33.1529,32.481,32.6829,32.9097,32.4428,32.2656,32.4959,32.1158,32.0774,32.1165,31.8555,31.9089,31.7218,31.7022,31.6023,31.5383,31.4479,31.3955,31.311,31.2639,31.1937,31.1342,31.0772,31.0266,30.9696,30.9236,30.8764,30.8286,30.7848,30.7446,30.7044,30.6645,30.6281,30.5921,30.5592,30.5268,30.4953,30.4664,30.4382,30.4109,30.3845,30.3603,30.337,30.3135,7.36268,7.05585,6.75075,6.47155,6.20527,5.9426,5.69362,5.4577,5.2273,5.00984,4.79875,4.60002,4.4128,4.22743,4.05352,3.88645,3.72635,3.57323,3.42703,3.28502,3.15248,3.02417,2.90042,2.78327,2.6707,2.56279,2.45958,2.36102,2.26704,2.17645,2.09038,2.00775,1.9286,1.85293,1.78002,1.7106,1.64458,1.5813,1.52028,1.46206,1.4066,1.35344,1.30225,1.25372,1.23113
0.911716,34.6862,33.1378,31.7016,30.4399,29.4199,28.7229,28.4259,28.551,29.029,30.5904,31.5243,32.5006,34.3793,35.1627,36.1562,36.3063,35.658,34.1057,32.5752,31.8034,32.2147,33.2142,34.237,35.3696,35.6587,35.4443,34.1478,32.7479,32.7625,33.7665,34.5869,34.855,34.0899,33.0662,32.6759,33.6712,34.0378,33.5773,32.6056,32.8973,33.4131,33.1586,32.4869,32.6901,32.9167,32.4493,32.2731,32.5036,32.123,32.0855,32.1245,31.8635,31.9175,31.7302,31.711,31.6111,31.5474,31.457,31.4049,31.3204,31.2735,31.2034,31.1441,31.0872,31.0367,30.9798,30.9339,30.8868,30.8391,30.7954,30.7553,30.7151,30.6754,30.639,30.6031,30.5703,30.538,30.5065,30.4776,30.4495,30.4223,30.396,30.3718,30.3485,30.3251,7.42907,7.11943,6.81152,6.52977,6.26106,5.99598,5.74472,5.50665,5.27415,5.05471,4.84169,4.64115,4.45223,4.26517,4.08967,3.92109,3.75953,3.60501,3.45748,3.31418,3.18044,3.05096,2.92607,2.80785,2.69426,2.58538,2.48122,2.38176,2.28693,2.19551,2.10866,2.02528,1.94541,1.86905,1.79547,1.72543,1.6588,1.59495,1.53337,1.47463,1.41866,1.36502,1.31336,1.26439,1.2416
0.915352,34.687,33.1385,31.7023,30.4407,29.4207,28.7239,28.4271,28.5526,29.0308,30.5927,31.5267,32.5031,34.3818,35.1651,36.1584,36.3082,35.6596,34.1072,32.5769,31.8059,32.218,33.2178,34.2405,35.3728,35.6617,35.4469,34.1502,32.7508,32.7668,33.7712,34.5912,34.8589,34.0933,33.0698,32.6808,33.6766,34.0427,33.5817,32.6104,32.9035,33.419,33.164,32.4924,32.6969,32.9233,32.4555,32.2802,32.5109,32.13,32.0932,32.1322,31.8712,31.9257,31.7382,31.7195,31.6195,31.5562,31.4657,31.4139,31.3295,31.2827,31.2128,31.1535,31.0967,31.0464,30.9896,30.9438,30.8968,30.8492,30.8055,30.7655,30.7255,30.6858,30.6495,30.6137,30.5809,30.5487,30.5172,30.4884,30.4604,30.4332,30.4069,30.3828,30.3596,30.3362,30.3148,7.18617,6.87531,6.59086,6.31959,6.05198,5.79833,5.55799,5.32328,5.10175,4.88671,4.68427,4.49355,4.30471,4.12756,3.95737,3.79428,3.6383,3.48937,3.34471,3.2097,3.079,2.95293,2.83359,2.71892,2.60901,2.50387,2.40347,2.30773,2.21545,2.12778,2.0436,1.96298,1.8859,1.81163,1.74092,1.67366,1.6092,1.54704,1.48774,1.43125,1.3771,1.32495,1.27551,1.25251
0.918845,34.6877,33.1392,31.7029,30.4414,29.4215,28.7248,28.4283,28.5541,29.0326,30.5949,31.529,32.5054,34.3842,35.1674,36.1604,36.3101,35.6611,34.1086,32.5786,31.8083,32.2213,33.2213,34.2439,35.3759,35.6644,35.4494,34.1526,32.7536,32.7709,33.7756,34.5953,34.8626,34.0966,33.0733,32.6855,33.6817,34.0475,33.586,32.6151,32.9094,33.4247,33.1693,32.4978,32.7035,32.9296,32.4614,32.287,32.5179,32.1366,32.1005,32.1395,31.8786,31.9336,31.7459,31.7277,31.6275,31.5646,31.474,31.4226,31.3381,31.2915,31.2217,31.1625,31.1059,31.0557,30.9989,30.9532,30.9063,30.8588,30.8153,30.7753,30.7353,30.6957,30.6595,30.6238,30.591,30.5589,30.5275,30.4988,30.4708,30.4436,30.4174,30.3934,30.3702,30.3468,30.3255,30.305,6.9455,6.65807,6.38395,6.11355,5.85726,5.61442,5.37727,5.15344,4.93617,4.73162,4.53893,4.34814,4.16915,3.99721,3.83242,3.67483,3.52436,3.37821,3.2418,3.10975,2.98238,2.86181,2.74596,2.63491,2.52868,2.42724,2.33052,2.23729,2.14871,2.06367,1.98221,1.90434,1.8293,1.75786,1.68991,1.62478,1.56198,1.50207,1.44499,1.39029,1.3376,1.28765,1.26441
0.9222,34.6884,33.1398,31.7035,30.442,29.4222,28.7257,28.4295,28.5556,29.0343,30.5969,31.5311,32.5077,34.3864,35.1695,36.1623,36.3118,35.6625,34.1099,32.5801,31.8105,32.2243,33.2245,34.2471,35.3788,35.6671,35.4517,34.1547,32.7562,32.7748,33.7797,34.5991,34.866,34.0997,33.0765,32.6899,33.6865,34.0519,33.59,32.6194,32.9149,33.43,33.1741,32.5027,32.7096,32.9356,32.4669,32.2934,32.5244,32.1428,32.1074,32.1464,31.8855,31.9409,31.753,31.7353,31.635,31.5724,31.4818,31.4306,31.3462,31.2997,31.23,31.1709,31.1144,31.0643,31.0077,30.962,30.9152,30.8678,30.8243,30.7844,30.7445,30.705,30.6688,30.6332,30.6005,30.5684,30.5371,30.5084,30.4805,30.4534,30.4272,30.4032,30.3801,30.3567,30.3354,30.315,30.2947,6.73536,6.45795,6.18431,5.92496,5.67922,5.43925,5.21277,4.99292,4.78595,4.59098,4.39794,4.21683,4.04286,3.87614,3.71669,3.56445,3.41658,3.27857,3.14496,3.01609,2.8941,2.77688,2.66453,2.55705,2.45443,2.35657,2.26224,2.17262,2.08658,2.00417,1.92538,1.84946,1.77717,1.70843,1.64254,1.579,1.51839,1.46064,1.40529,1.35198,1.30145,1.27793
0.925422,34.689,33.1404,31.7041,30.4427,29.423,28.7266,28.4306,28.557,29.036,30.5989,31.5332,32.5098,34.3886,35.1717,36.1641,36.3135,35.6639,34.1112,32.5816,31.8127,32.2272,33.2277,34.2502,35.3816,35.6696,35.454,34.1568,32.7588,32.7786,33.7838,34.6029,34.8694,34.1027,33.0797,32.6943,33.6912,34.0563,33.5939,32.6237,32.9204,33.4352,33.1789,32.5076,32.7157,32.9414,32.4724,32.2996,32.5309,32.1489,32.1142,32.1531,31.8923,31.9481,31.7601,31.7427,31.6423,31.5802,31.4895,31.4385,31.3541,31.3078,31.2382,31.1792,31.1228,31.0728,31.0162,30.9707,30.924,30.8766,30.8332,30.7934,30.7536,30.7141,30.678,30.6424,30.6098,30.5778,30.5465,30.5179,30.49,30.4629,30.4368,30.4129,30.3898,30.3665,30.3452,30.3248,30.3045,6.84283,6.56076,6.28255,6.01889,5.76909,5.52516,5.29495,5.0715,4.86115,4.663,4.46682,4.28276,4.10597,3.93654,3.77451,3.61981,3.46954,3.3293,3.19353,3.06258,2.93862,2.81952,2.70535,2.59614,2.49186,2.39242,2.29657,2.20551,2.11808,2.03434,1.95429,1.87714,1.80369,1.73384,1.66689,1.60233,1.54074,1.48206,1.42582,1.37165,1.32031,1.29641
0.928516,34.6896,33.141,31.7047,30.4433,29.4236,28.7274,28.4316,28.5583,29.0375,30.6008,31.5352,32.5119,34.3906,35.1737,36.1659,36.3151,35.6651,34.1124,32.583,31.8148,32.23,33.2307,34.2531,35.3842,35.672,35.4562,34.1588,32.7612,32.7821,33.7876,34.6064,34.8725,34.1055,33.0827,32.6983,33.6957,34.0603,33.5975,32.6277,32.9254,33.4401,33.1834,32.5122,32.7213,32.9468,32.4774,32.3054,32.5369,32.1546,32.1205,32.1594,31.8986,31.9549,31.7666,31.7497,31.6492,31.5873,31.4966,31.4459,31.3615,31.3154,31.2459,31.1869,31.1306,31.0807,31.0242,30.9787,30.9321,30.8848,30.8415,30.8018,30.762,30.7226,30.6866,30.651,30.6185,30.5865,30.5553,30.5267,30.4988,30.4718,30.4457,30.4219,30.3988,30.3755,30.3543,30.3339,30.3137,30.2951,6.74966,6.4628,6.19102,5.93359,5.68227,5.44512,5.21498,4.99836,4.79432,4.59233,4.40285,4.22084,4.04644,3.87966,3.72043,3.56577,3.42144,3.28171,3.14695,3.01939,2.89682,2.77933,2.66695,2.55964,2.45732,2.35869,2.26498,2.17502,2.08885,2.00648,1.9271,1.85152,1.77965,1.71075,1.64432,1.58095,1.52057,1.4627,1.40697,1.35414,1.32955
0.931486,34.6902,33.1416,31.7053,30.4438,29.4243,28.7282,28.4326,28.5595,29.0391,30.6026,31.5371,32.5139,34.3927,35.1756,36.1676,36.3166,35.6664,34.1136,32.5844,31.8168,32.2327,33.2336,34.256,35.3868,35.6744,35.4583,34.1608,32.7635,32.7856,33.7913,34.6099,34.8756,34.1083,33.0856,32.7023,33.7,34.0643,33.6011,32.6316,32.9304,33.4449,33.1878,32.5167,32.7268,32.9521,32.4824,32.3112,32.5428,32.1602,32.1267,32.1656,31.9048,31.9615,31.7731,31.7565,31.6559,31.5944,31.5036,31.4531,31.3688,31.3228,31.2534,31.1945,31.1383,31.0884,31.0321,30.9867,30.9401,30.8929,30.8497,30.81,30.7703,30.731,30.695,30.6595,30.627,30.5951,30.5639,30.5354,30.5075,30.4806,30.4545,30.4307,30.4077,30.3845,30.3633,30.3429,30.3227,30.3042,30.2865,6.68519,6.40412,6.13783,5.87783,5.63245,5.39429,5.1701,4.95891,4.74983,4.55368,4.36527,4.18471,4.01204,3.84717,3.68704,3.53759,3.39291,3.25337,3.12128,2.99435,2.87269,2.75632,2.64519,2.53923,2.43709,2.34006,2.2469,2.15766,2.07235,1.99015,1.91188,1.83745,1.7661,1.69731,1.63168,1.56915,1.50922,1.4515,1.39679,1.37132
0.934337,34.6908,33.1421,31.7058,30.4444,29.425,28.729,28.4336,28.5608,29.0405,30.6044,31.539,32.5158,34.3946,35.1775,36.1692,36.3181,35.6676,34.1148,32.5858,31.8187,32.2353,33.2364,34.2587,35.3893,35.6766,35.4603,34.1627,32.7658,32.7889,33.7949,34.6132,34.8786,34.111,33.0884,32.7061,33.7042,34.0682,33.6046,32.6354,32.9352,33.4495,33.192,32.521,32.7321,32.9573,32.4872,32.3167,32.5484,32.1655,32.1327,32.1715,31.9107,31.9678,31.7793,31.7631,31.6624,31.6012,31.5103,31.4601,31.3758,31.3299,31.2606,31.2017,31.1457,31.0959,31.0396,30.9943,30.9478,30.9007,30.8575,30.8179,30.7782,30.739,30.703,30.6676,30.6352,30.6033,30.5722,30.5437,30.5159,30.489,30.463,30.4392,30.4162,30.393,30.3718,30.3515,30.3313,30.3129,30.2952,30.2778,6.51865,6.2476,5.98293,5.73313,5.49066,5.26241,5.04739,4.8345,4.63478,4.44292,4.25907,4.08323,3.91535,3.75228,3.60009,3.45276,3.31065,3.17613,3.04688,2.92298,2.80447,2.6913,2.58339,2.47938,2.38055,2.28567,2.1948,2.10792,2.0242,1.94449,1.86869,1.79603,1.72597,1.65913,1.59545,1.53442,1.47563,1.41991,1.39398
0.937074,34.6913,33.1426,31.7063,30.4449,29.4256,28.7297,28.4345,28.5619,29.0419,30.606,31.5407,32.5176,34.3964,35.1792,36.1708,36.3195,35.6687,34.1158,32.587,31.8205,32.2377,33.239,34.2613,35.3917,35.6787,35.4622,34.1644,32.7679,32.7921,33.7983,34.6163,34.8814,34.1134,33.091,32.7097,33.708,34.0718,33.6078,32.6389,32.9397,33.4537,33.1959,32.525,32.737,32.962,32.4917,32.3218,32.5537,32.1705,32.1382,32.177,31.9162,31.9737,31.785,31.7692,31.6684,31.6075,31.5166,31.4665,31.3822,31.3365,31.2673,31.2085,31.1525,31.1028,31.0466,31.0013,30.9549,30.9079,30.8647,30.8252,30.7856,30.7464,30.7105,30.6751,30.6427,30.6109,30.5798,30.5514,30.5237,30.4968,30.4708,30.447,30.4241,30.401,30.3798,30.3595,30.3394,30.3209,30.3033,30.2859,6.59995,6.3255,6.05749,5.80453,5.55899,5.32784,5.11009,4.89451,4.69224,4.49795,4.31175,4.13368,3.96366,3.79851,3.64438,3.49517,3.35126,3.21502,3.08412,2.95864,2.83861,2.724,2.61472,2.50937,2.40928,2.3132,2.22116,2.13317,2.04838,1.96766,1.89089,1.8173,1.74634,1.67865,1.61416,1.55235,1.49281,1.43638,1.41012
0.9397,34.6918,33.1431,31.7068,30.4454,29.4261,28.7304,28.4354,28.563,29.0432,30.6076,31.5424,32.5193,34.3981,35.1809,36.1722,36.3209,35.6698,34.1169,32.5882,31.8222,32.24,33.2415,34.2637,35.3939,35.6807,35.464,34.1661,32.7699,32.795,33.8015,34.6192,34.884,34.1158,33.0935,32.7131,33.7117,34.0752,33.6108,32.6422,32.9439,33.4578,33.1996,32.5288,32.7418,32.9666,32.4959,32.3267,32.5587,32.1753,32.1435,32.1823,31.9215,31.9794,31.7905,31.775,31.6742,31.6135,31.5226,31.4727,31.3884,31.3428,31.2737,31.2149,31.1591,31.1094,31.0533,31.0081,30.9618,30.9147,30.8717,30.8322,30.7927,30.7535,30.7177,30.6823,30.65,30.6182,30.5872,30.5588,30.5311,30.5042,30.4783,30.4546,30.4316,30.4085,30.3874,30.3672,30.347,30.3286,30.311,30.2937,30.2773,6.39174,6.12088,5.86523,5.61708,5.38347,5.1634,4.9455,4.74108,4.54471,4.35653,4.17656,4.00472,3.83781,3.68204,3.53123,3.38577,3.24808,3.11578,2.98896,2.86765,2.75181,2.64136,2.53488,2.43373,2.33661,2.24359,2.15466,2.06897,1.98738,1.90979,1.83541,1.7637,1.69528,1.6301,1.56762,1.50746,1.45042,1.42387
0.942221,34.6923,33.1435,31.7073,30.4459,29.4267,28.7311,28.4363,28.5641,29.0444,30.6091,31.544,32.521,34.3998,35.1825,36.1736,36.3221,35.6709,34.1179,32.5894,31.8239,32.2423,33.2439,34.2661,35.396,35.6827,35.4658,34.1677,32.7719,32.7979,33.8045,34.622,34.8866,34.1181,33.0959,32.7164,33.7153,34.0784,33.6138,32.6454,32.948,33.4618,33.2032,32.5325,32.7463,32.971,32.5,32.3314,32.5635,32.1798,32.1486,32.1873,31.9266,31.9848,31.7958,31.7806,31.6797,31.6192,31.5283,31.4786,31.3944,31.3488,31.2798,31.2211,31.1654,31.1158,31.0597,31.0145,30.9683,30.9213,30.8783,30.8389,30.7994,30.7603,30.7245,30.6893,30.6569,30.6252,30.5942,30.5658,30.5382,30.5114,30.4855,30.4618,30.4389,30.4158,30.3947,30.3745,30.3544,30.336,30.3184,30.3011,30.2847,30.2691,6.17915,5.92102,5.67046,5.43458,5.21238,4.99237,4.78596,4.58769,4.39768,4.21595,4.04245,3.87391,3.71662,3.56435,3.41748,3.27846,3.14487,3.01682,2.89433,2.77736,2.66584,2.55833,2.45619,2.35813,2.26421,2.17442,2.08789,2.00551,1.92716,1.85206,1.77965,1.71057,1.64476,1.58167,1.52092,1.46333,1.43652
0.944638,34.6928,33.144,31.7077,30.4464,29.4272,28.7317,28.4371,28.5651,29.0456,30.6106,31.5455,32.5225,34.4014,35.1841,36.175,36.3234,35.6719,34.1188,32.5904,31.8255,32.2444,33.2462,34.2683,35.398,35.6845,35.4674,34.1692,32.7737,32.8006,33.8075,34.6248,34.889,34.1203,33.0982,32.7195,33.7187,34.0816,33.6166,32.6485,32.9519,33.4655,33.2066,32.536,32.7506,32.9751,32.5039,32.3359,32.5681,32.1842,32.1534,32.1921,31.9314,31.99,31.8008,31.7859,31.6849,31.6248,31.5338,31.4843,31.4,31.3546,31.2857,31.227,31.1714,31.1218,31.0658,31.0207,30.9745,30.9276,30.8847,30.8453,30.8059,30.7668,30.7311,30.6959,30.6636,30.6319,30.6009,30.5726,30.545,30.5182,30.4923,30.4687,30.4458,30.4228,30.4017,30.3815,30.3614,30.343,30.3255,30.3082,30.2918,30.2763,30.2611,5.97516,5.72226,5.48417,5.25989,5.03783,4.82949,4.62937,4.43758,4.25416,4.07903,3.90893,3.75017,3.59648,3.44824,3.30791,3.17307,3.04383,2.9202,2.80214,2.68957,2.58106,2.47797,2.379,2.2842,2.19357,2.10623,2.02308,1.944,1.86821,1.79512,1.72539,1.65896,1.59529,1.53397,1.47584,1.44879
0.946958,34.6932,33.1444,31.7081,30.4468,29.4277,28.7323,28.4378,28.566,29.0468,30.6119,31.5469,32.524,34.4029,35.1855,36.1763,36.3245,35.6728,34.1197,32.5915,31.827,32.2464,33.2484,34.2705,35.4,35.6863,35.469,34.1707,32.7755,32.8033,33.8103,34.6274,34.8913,34.1224,33.1004,32.7225,33.7219,34.0846,33.6193,32.6514,32.9557,33.4691,33.2099,32.5394,32.7548,32.9791,32.5077,32.3402,32.5726,32.1884,32.1581,32.1967,31.9361,31.9949,31.8056,31.7911,31.69,31.63,31.539,31.4897,31.4055,31.3602,31.2913,31.2327,31.1771,31.1276,31.0717,31.0266,30.9805,30.9337,30.8908,30.8514,30.8121,30.7731,30.7374,30.7022,30.6699,30.6383,30.6074,30.5791,30.5515,30.5247,30.4989,30.4753,30.4524,30.4294,30.4084,30.3882,30.3681,30.3498,30.3323,30.315,30.2986,30.2831,30.268,6.03053,5.77523,5.53488,5.30847,5.0843,4.87399,4.67197,4.47837,4.29321,4.11642,3.94471,3.78444,3.6293,3.47965,3.338,3.20189,3.07142,2.94662,2.82745,2.71382,2.60428,2.50021,2.4003,2.3046,2.21312,2.12495,2.04102,1.96119,1.88468,1.8109,1.74052,1.67346,1.60919,1.54729,1.48861,1.4613
0.949183,34.6937,33.1448,31.7085,30.4473,29.4282,28.7329,28.4386,28.567,29.0479,30.6133,31.5483,32.5255,34.4043,35.1869,36.1775,36.3257,35.6737,34.1206,32.5925,31.8284,32.2484,33.2505,34.2726,35.4019,35.688,35.4706,34.1721,32.7772,32.8058,33.813,34.6298,34.8936,34.1243,33.1025,32.7254,33.725,34.0875,33.6219,32.6543,32.9593,33.4725,33.2131,32.5426,32.7587,32.983,32.5112,32.3443,32.5768,32.1924,32.1625,32.2012,31.9405,31.9997,31.8103,31.796,31.6948,31.6351,31.544,31.4949,31.4107,31.3655,31.2967,31.2381,31.1826,31.1332,31.0773,31.0323,30.9862,30.9395,30.8966,30.8573,30.818,30.779,30.7434,30.7082,30.676,30.6444,30.6135,30.5852,30.5577,30.531,30.5052,30.4816,30.4588,30.4358,30.4148,30.3946,30.3746,30.3563,30.3388,30.3215,30.3052,30.2897,30.2745,30.2602,5.83276,5.58995,5.36122,5.13475,4.92229,4.71821,4.52262,4.33558,4.15699,3.98352,3.82163,3.6649,3.51373,3.37063,3.23313,3.10134,2.97527,2.85488,2.74009,2.62944,2.52431,2.42338,2.32671,2.2343,2.14523,2.06045,1.97981,1.90252,1.82798,1.75688,1.68915,1.62422,1.56169,1.50241,1.47483
0.951317,34.6941,33.1452,31.7089,30.4477,29.4286,28.7334,28.4393,28.5678,29.0489,30.6145,31.5497,32.5269,34.4057,35.1883,36.1787,36.3267,35.6746,34.1214,32.5935,31.8298,32.2503,33.2525,34.2745,35.4037,35.6896,35.472,34.1734,32.7788,32.8082,33.8155,34.6322,34.8957,34.1263,33.1045,32.7281,33.728,34.0902,33.6243,32.657,32.9627,33.4758,33.2161,32.5457,32.7625,32.9866,32.5147,32.3483,32.5808,32.1962,32.1668,32.2054,31.9448,32.0042,31.8147,31.8007,31.6994,31.6399,31.5488,31.4999,31.4157,31.3705,31.3018,31.2433,31.1879,31.1385,31.0827,31.0377,30.9917,30.945,30.9022,30.8629,30.8237,30.7847,30.7491,30.714,30.6818,30.6503,30.6194,30.5912,30.5637,30.537,30.5112,30.4876,30.4648,30.4419,30.4209,30.4008,30.3808,30.3624,30.345,30.3277,30.3114,30.2959,30.2808,30.2665,30.2527,5.65572,5.4242,5.19498,4.97994,4.77337,4.57542,4.38611,4.20536,4.0298,3.86595,3.70732,3.55433,3.40951,3.27035,3.13697,3.00938,2.88754,2.77137,2.65938,2.55299,2.45085,2.35301,2.25948,2.16935,2.08354,2.00193,1.92371,1.84828,1.77632,1.70777,1.64206,1.57878,1.51879,1.49087
0.953364,34.6945,33.1456,31.7093,30.4481,29.4291,28.734,28.44,28.5687,29.0499,30.6158,31.551,32.5282,34.4071,35.1896,36.1798,36.3278,35.6754,34.1222,32.5944,31.8312,32.2521,33.2544,34.2764,35.4054,35.6912,35.4734,34.1747,32.7804,32.8105,33.818,34.6345,34.8978,34.1281,33.1065,32.7307,33.7309,34.0929,33.6267,32.6596,32.966,33.479,33.219,32.5487,32.7662,32.9902,32.518,32.3521,32.5847,32.1999,32.1709,32.2095,31.9489,32.0086,31.8189,31.8052,31.7039,31.6446,31.5534,31.5046,31.4204,31.3754,31.3067,31.2483,31.1929,31.1436,31.0878,31.0429,30.997,30.9503,30.9076,30.8683,30.8291,30.7902,30.7546,30.7196,30.6874,30.6559,30.6251,30.5969,30.5694,30.5427,30.517,30.4934,30.4706,30.4477,30.4267,30.4067,30.3867,30.3684,30.3509,30.3337,30.3174,30.3019,30.2868,30.2726,30.2587,30.2457,5.51758,5.28421,5.06529,4.85501,4.65352,4.46082,4.27685,4.09816,3.9314,3.76996,3.61425,3.46687,3.32524,3.1895,3.05965,2.93567,2.81744,2.70348,2.59521,2.49127,2.39171,2.29653,2.20481,2.11749,2.03444,1.95484,1.87809,1.80487,1.7351,1.66824,1.60384,1.5428,1.51439
0.955327,34.6948,33.1459,31.7096,30.4484,29.4295,28.7345,28.4406,28.5695,29.0509,30.6169,31.5522,32.5295,34.4084,35.1908,36.1809,36.3288,35.6762,34.1229,32.5953,31.8325,32.2538,33.2563,34.2783,35.407,35.6927,35.4748,34.176,32.7819,32.8127,33.8204,34.6367,34.8997,34.1299,33.1083,32.7333,33.7336,34.0954,33.629,32.662,32.9691,33.482,33.2218,32.5515,32.7697,32.9935,32.5211,32.3557,32.5884,32.2034,32.1748,32.2133,31.9528,32.0128,31.823,31.8095,31.7081,31.649,31.5579,31.5092,31.425,31.3801,31.3115,31.253,31.1978,31.1485,31.0928,31.0479,31.002,30.9554,30.9127,30.8735,30.8343,30.7955,30.7599,30.7249,30.6928,30.6612,30.6305,30.6023,30.5748,30.5482,30.5225,30.499,30.4762,30.4533,30.4324,30.4123,30.3923,30.374,30.3566,30.3394,30.3231,30.3077,30.2926,30.2783,30.2645,30.2515,30.2392,5.51025,5.28154,5.06189,4.85141,4.65015,4.458,4.27139,4.09723,3.92865,3.76605,3.61215,3.46427,3.32253,3.18695,3.05749,2.93405,2.81506,2.70202,2.59349,2.48954,2.39017,2.2944,2.20324,2.11653,2.03342,1.95329,1.87684,1.804,1.73419,1.66696,1.60323,1.57357
0.957209,34.6952,33.1463,31.71,30.4488,29.4299,28.735,28.4412,28.5703,29.0518,30.618,31.5534,32.5307,34.4096,35.192,36.182,36.3297,35.677,34.1237,32.5961,31.8337,32.2555,33.2581,34.28,35.4086,35.6941,35.4761,34.1772,32.7833,32.8149,33.8226,34.6388,34.9016,34.1315,33.1101,32.7357,33.7363,34.0978,33.6312,32.6644,32.9722,33.4849,33.2244,32.5542,32.773,32.9968,32.5241,32.3592,32.592,32.2068,32.1786,32.2171,31.9565,32.0168,31.8269,31.8136,31.7122,31.6533,31.5621,31.5136,31.4294,31.3845,31.316,31.2576,31.2024,31.1532,31.0975,31.0527,31.0068,30.9602,30.9176,30.8784,30.8393,30.8005,30.765,30.73,30.6979,30.6664,30.6357,30.6075,30.5801,30.5535,30.5278,30.5043,30.4815,30.4587,30.4377,30.4177,30.3977,30.3795,30.3621,30.3449,30.3286,30.3132,30.2981,30.2839,30.2701,30.2571,30.2448,5.64008,5.40598,5.1811,4.96561,4.75953,4.56277,4.37166,4.1933,4.02064,3.85411,3.69647,3.545,3.39981,3.26093,3.12832,3.00186,2.87997,2.76417,2.65299,2.5465,2.4447,2.34659,2.2532,2.16437,2.07923,1.99713,1.91881,1.84419,1.77267,1.70379,1.6385,1.60811
0.959013,34.6956,33.1466,31.7103,30.4492,29.4303,28.7355,28.4418,28.571,29.0527,30.6191,31.5545,32.5319,34.4108,35.1932,36.183,36.3306,35.6777,34.1244,32.5969,31.8349,32.2571,33.2598,34.2817,35.4101,35.6955,35.4773,34.1783,32.7847,32.8169,33.8248,34.6408,34.9034,34.1332,33.1118,32.738,33.7388,34.1002,33.6332,32.6667,32.9751,33.4877,33.227,32.5569,32.7762,32.9998,32.527,32.3625,32.5954,32.21,32.1821,32.2206,31.9601,32.0206,31.8306,31.8176,31.7161,31.6574,31.5661,31.5177,31.4336,31.3888,31.3203,31.262,31.2068,31.1577,31.102,31.0573,31.0114,30.9649,30.9223,30.8832,30.844,30.8053,30.7698,30.7348,30.7028,30.6713,30.6406,30.6125,30.5851,30.5585,30.5329,30.5094,30.4867,30.4638,30.4429,30.4229,30.4029,30.3847,30.3673,30.3501,30.3339,30.3184,30.3034,30.2892,30.2754,30.2624,30.2501,30.238,5.48111,5.25305,5.03449,4.82547,4.62591,4.43207,4.25117,4.07604,3.90713,3.74723,3.5936,3.44633,3.30547,3.17095,3.04269,2.91905,2.80159,2.68882,2.58081,2.47754,2.37803,2.2833,2.1932,2.10684,2.02356,1.94412,1.86843,1.79588,1.72602,1.65979,1.62897
0.960743,34.6959,33.1469,31.7106,30.4495,29.4307,28.7359,28.4424,28.5718,29.0536,30.6201,31.5556,32.533,34.4119,35.1943,36.1839,36.3315,35.6785,34.125,32.5977,31.836,32.2586,33.2614,34.2833,35.4116,35.6968,35.4785,34.1794,32.786,32.8188,33.8269,34.6427,34.9051,34.1347,33.1134,32.7402,33.7412,34.1024,33.6352,32.6689,32.9779,33.4904,33.2294,32.5594,32.7793,33.0028,32.5298,32.3657,32.5987,32.2131,32.1856,32.2241,31.9636,32.0242,31.8342,31.8213,31.7198,31.6613,31.57,31.5217,31.4376,31.3929,31.3245,31.2662,31.2111,31.162,31.1064,31.0616,31.0159,30.9694,30.9268,30.8877,30.8486,30.8099,30.7745,30.7395,30.7075,30.6761,30.6454,30.6173,30.5899,30.5634,30.5377,30.5142,30.4916,30.4687,30.4478,30.4278,30.4079,30.3897,30.3723,30.3551,30.3389,30.3235,30.3084,30.2942,30.2804,30.2675,30.2552,30.2431,30.2318,5.31287,5.09176,4.88029,4.67839,4.48229,4.29927,4.12209,3.95119,3.78943,3.63399,3.485,3.34248,3.20639,3.07663,2.95154,2.8327,2.71861,2.60933,2.50485,2.40418,2.30833,2.21717,2.1298,2.04555,1.96517,1.8886,1.8152,1.74452,1.67751,1.64632
0.962401,34.6962,33.1472,31.7109,30.4498,29.431,28.7364,28.4429,28.5724,29.0544,30.6211,31.5566,32.5341,34.413,35.1953,36.1849,36.3323,35.6791,34.1257,32.5985,31.8371,32.26,33.263,34.2848,35.413,35.6981,35.4796,34.1804,32.7873,32.8207,33.8289,34.6446,34.9068,34.1362,33.115,32.7424,33.7435,34.1045,33.6372,32.671,32.9805,33.4929,33.2318,32.5617,32.7822,33.0057,32.5324,32.3687,32.6018,32.2161,32.1889,32.2273,31.9668,32.0278,31.8376,31.825,31.7234,31.665,31.5737,31.5256,31.4415,31.3968,31.3284,31.2702,31.2152,31.1661,31.1105,31.0658,31.0201,30.9736,30.9311,30.8921,30.853,30.8143,30.7789,30.744,30.712,30.6806,30.6499,30.6219,30.5945,30.568,30.5424,30.5189,30.4962,30.4734,30.4526,30.4326,30.4127,30.3945,30.3771,30.36,30.3437,30.3283,30.3133,30.2991,30.2853,30.2724,30.2601,30.248,30.2367,30.2258,5.14599,4.93221,4.72809,4.52984,4.34481,4.16568,3.99291,3.82937,3.67223,3.5216,3.37752,3.23994,3.10875,2.98229,2.86215,2.7468,2.63632,2.5307,2.42892,2.33202,2.23986,2.15153,2.06635,1.9851,1.90769,1.83348,1.76202,1.69428,1.66275
0.963991,34.6965,33.1475,31.7112,30.4501,29.4314,28.7368,28.4435,28.5731,29.0552,30.6221,31.5576,32.5351,34.414,35.1963,36.1857,36.3331,35.6798,34.1263,32.5992,31.8381,32.2614,33.2645,34.2863,35.4143,35.6993,35.4807,34.1814,32.7885,32.8225,33.8308,34.6464,34.9084,34.1376,33.1165,32.7444,33.7458,34.1066,33.639,32.673,32.9831,33.4954,33.234,32.564,32.7851,33.0084,32.535,32.3717,32.6048,32.2189,32.1921,32.2305,31.97,32.0311,31.8409,31.8285,31.7268,31.6686,31.5773,31.5293,31.4451,31.4006,31.3323,31.274,31.2191,31.17,31.1145,31.0699,31.0242,30.9778,30.9352,30.8962,30.8572,30.8185,30.7832,30.7483,30.7163,30.6849,30.6543,30.6263,30.5989,30.5724,30.5468,30.5234,30.5007,30.4779,30.4571,30.4371,30.4172,30.399,30.3817,30.3646,30.3483,30.333,30.3179,30.3038,30.29,30.277,30.2648,30.2527,30.2414,30.2305,30.2201,4.9868,4.78035,4.57982,4.39267,4.2115,4.03676,3.87135,3.7124,3.56006,3.41433,3.27518,3.14249,3.01459,2.89307,2.77641,2.66467,2.55785,2.4549,2.3569,2.26369,2.17435,2.0882,2.00602,1.92772,1.85267,1.78039,1.71188,1.67999
0.965514,34.6968,33.1478,31.7115,30.4504,29.4317,28.7371,28.444,28.5737,29.0559,30.6229,31.5585,32.536,34.415,35.1972,36.1865,36.3339,35.6804,34.1269,32.5998,31.8391,32.2627,33.2658,34.2876,35.4155,35.7004,35.4817,34.1823,32.7896,32.8241,33.8326,34.648,34.9098,34.1389,33.1178,32.7463,33.7478,34.1084,33.6407,32.6748,32.9854,33.4976,33.236,32.5661,32.7876,33.0108,32.5373,32.3743,32.6076,32.2215,32.1949,32.2333,31.9729,32.0342,31.8439,31.8316,31.7299,31.6719,31.5805,31.5326,31.4485,31.404,31.3357,31.2775,31.2226,31.1736,31.1181,31.0735,31.0278,30.9815,30.939,30.9,30.861,30.8224,30.787,30.7522,30.7202,30.6889,30.6583,30.6302,30.6029,30.5764,30.5509,30.5274,30.5048,30.482,30.4612,30.4412,30.4213,30.4032,30.3858,30.3687,30.3525,30.3371,30.3221,30.308,30.2942,30.2813,30.2691,30.257,30.2457,30.2348,30.2243,5.04847,4.83937,4.63626,4.44671,4.26322,4.08624,3.91871,3.75774,3.60344,3.45585,3.31492,3.18054,3.051,2.92794,2.80979,2.69662,2.58843,2.48418,2.38492,2.29052,2.20005,2.1128,2.02957,1.95027,1.87427,1.80107,1.73168,1.69939
0.966974,34.6971,33.148,31.7117,30.4507,29.432,28.7375,28.4444,28.5743,29.0566,30.6238,31.5595,32.537,34.4159,35.1981,36.1873,36.3346,35.681,34.1274,32.6005,31.84,32.264,33.2672,34.289,35.4167,35.7015,35.4827,34.1833,32.7907,32.8258,33.8343,34.6496,34.9113,34.1402,33.1192,32.7482,33.7498,34.1103,33.6423,32.6767,32.9877,33.4998,33.2381,32.5682,32.7902,33.0134,32.5396,32.377,32.6103,32.2241,32.1978,32.2362,31.9758,32.0373,31.8469,31.8348,31.733,31.6752,31.5838,31.536,31.4519,31.4075,31.3392,31.281,31.2262,31.1772,31.1218,31.0772,31.0316,30.9852,30.9428,30.9038,30.8648,30.8262,30.7909,30.7561,30.7242,30.6928,30.6623,30.6343,30.607,30.5805,30.5549,30.5315,30.5089,30.4862,30.4653,30.4454,30.4255,30.4074,30.3901,30.373,30.3568,30.3414,30.3264,30.3122,30.2985,30.2856,30.2734,30.2613,30.25,30.2391,30.2287,30.2187,4.94938,4.74138,4.54728,4.35939,4.17819,4.00667,3.84188,3.68393,3.53285,3.3886,3.25105,3.11846,2.9925,2.87158,2.75575,2.64503,2.53832,2.43674,2.34013,2.24753,2.15824,2.07306,1.99191,1.91413,1.83922,1.76821,1.73516
0.968374,34.6974,33.1483,31.712,30.4509,29.4323,28.7379,28.4449,28.5749,29.0573,30.6247,31.5603,32.5379,34.4168,35.199,36.1881,36.3353,35.6815,34.128,32.6011,31.841,32.2652,33.2685,34.2903,35.4179,35.7025,35.4836,34.1842,32.7918,32.8274,33.836,34.6512,34.9127,34.1415,33.1205,32.75,33.7518,34.1121,33.644,32.6784,32.99,33.502,33.2401,32.5703,32.7928,33.0158,32.5419,32.3796,32.613,32.2266,32.2006,32.239,31.9785,32.0403,31.8498,31.8379,31.7361,31.6783,31.5869,31.5392,31.4551,31.4108,31.3426,31.2844,31.2296,31.1807,31.1253,31.0807,31.0351,30.9888,30.9464,30.9075,30.8685,30.83,30.7947,30.7599,30.728,30.6967,30.6661,30.6381,30.6108,30.5844,30.5589,30.5355,30.5129,30.4901,30.4693,30.4494,30.4296,30.4114,30.3941,30.377,30.3608,30.3455,30.3305,30.3164,30.3026,30.2897,30.2775,30.2655,30.2541,30.2433,30.2329,30.2229,30.2134,4.97305,4.76916,4.57179,4.38143,4.20124,4.0281,3.86215,3.70341,3.55184,3.40731,3.268,3.13564,3.00858,2.88687,2.77052,2.6584,2.55166,2.45013,2.35283,2.259,2.16949,2.08422,2.00248,1.92376,1.84914,1.81441
0.969715,34.6976,33.1485,31.7122,30.4512,29.4326,28.7382,28.4453,28.5754,29.0579,30.6254,31.5611,32.5387,34.4177,35.1998,36.1888,36.3359,35.682,34.1285,32.6017,31.8418,32.2663,33.2696,34.2914,35.419,35.7035,35.4845,34.185,32.7927,32.8288,33.8375,34.6526,34.914,34.1426,33.1217,32.7516,33.7535,34.1137,33.6454,32.68,32.992,33.5039,33.2418,32.5721,32.795,33.0179,32.5439,32.3819,32.6154,32.2288,32.2031,32.2415,31.981,32.0429,31.8524,31.8406,31.7388,31.6812,31.5897,31.5421,31.458,31.4137,31.3456,31.2874,31.2327,31.1838,31.1284,31.0839,31.0384,30.9921,30.9497,30.9108,30.8719,30.8333,30.798,30.7633,30.7314,30.7001,30.6696,30.6416,30.6143,30.5879,30.5624,30.539,30.5164,30.4937,30.4729,30.453,30.4332,30.415,30.3977,30.3807,30.3645,30.3491,30.3342,30.32,30.3063,30.2934,30.2812,30.2692,30.2579,30.247,30.2366,30.2266,30.2171,30.2079,4.84909,4.64831,4.45466,4.27136,4.09523,3.9264,3.76491,3.61071,3.46368,3.32195,3.18729,3.05802,2.9342,2.81583,2.70175,2.59315,2.48987,2.39087,2.29541,2.20435,2.11759,2.03442,1.95434,1.87842,1.84308
0.971,34.6978,33.1487,31.7124,30.4514,29.4329,28.7386,28.4458,28.576,29.0586,30.6262,31.562,32.5396,34.4185,35.2007,36.1895,36.3366,35.6826,34.129,32.6023,31.8426,32.2675,33.2708,34.2926,35.4201,35.7045,35.4854,34.1858,32.7937,32.8303,33.8391,34.654,34.9153,34.1437,33.123,32.7533,33.7553,34.1154,33.6469,32.6817,32.9941,33.5059,33.2437,32.5739,32.7973,33.0201,32.5459,32.3843,32.6178,32.2312,32.2057,32.244,31.9836,32.0457,31.855,31.8434,31.7416,31.6841,31.5926,31.5451,31.461,31.4168,31.3487,31.2906,31.2359,31.187,31.1317,31.0872,31.0416,30.9954,30.953,30.9142,30.8753,30.8367,30.8015,30.7667,30.7349,30.7036,30.6731,30.6451,30.6179,30.5915,30.566,30.5426,30.5201,30.4974,30.4766,30.4567,30.4369,30.4187,30.4014,30.3844,30.3682,30.3529,30.3379,30.3238,30.3101,30.2972,30.285,30.273,30.2617,30.2508,30.2404,30.2305,30.221,30.2118,30.2031,4.71328,4.51683,4.33087,4.15219,3.98092,3.81709,3.66066,3.51149,3.36771,3.23111,3.09996,2.97435,2.85426,2.73853,2.62836,2.52358,2.42315,2.3263,2.23392,2.1459,2.06153,1.98028,1.90326,1.86742
0.972231,34.6981,33.149,31.7127,30.4517,29.4331,28.7389,28.4462,28.5765,29.0592,30.6269,31.5627,32.5404,34.4193,35.2014,36.1902,36.3372,35.6831,34.1294,32.6028,31.8434,32.2686,33.272,34.2938,35.4211,35.7054,35.4862,34.1866,32.7947,32.8317,33.8406,34.6554,34.9165,34.1449,33.1241,32.7548,33.7571,34.117,33.6483,32.6832,32.9961,33.5078,33.2454,32.5757,32.7995,33.0222,32.5479,32.3866,32.6201,32.2334,32.2082,32.2464,31.986,32.0483,31.8576,31.8461,31.7442,31.6869,31.5954,31.548,31.4639,31.4197,31.3516,31.2935,31.2389,31.1901,31.1347,31.0903,31.0448,30.9986,30.9562,30.9174,30.8785,30.84,30.8048,30.7701,30.7382,30.707,30.6765,30.6486,30.6213,30.5949,30.5695,30.5461,30.5236,30.5009,30.4801,30.4602,30.4404,30.4223,30.405,30.388,30.3718,30.3565,30.3415,30.3274,30.3137,30.3008,30.2887,30.2766,30.2653,30.2545,30.2441,30.2342,30.2247,30.2154,30.2068,4.78012,4.58077,4.39208,4.21076,4.03697,3.87074,3.712,3.56064,3.41474,3.27613,3.14306,3.0156,2.89374,2.77632,2.66453,2.55821,2.4563,2.35803,2.26429,2.17498,2.08938,2.00693,1.92878,1.89241
0.973411,34.6983,33.1492,31.7129,30.4519,29.4334,28.7392,28.4465,28.5769,29.0597,30.6276,31.5634,32.5411,34.42,35.2021,36.1908,36.3378,35.6835,34.1299,32.6033,31.8442,32.2695,33.273,34.2948,35.422,35.7063,35.487,34.1873,32.7955,32.8329,33.8419,34.6566,34.9176,34.1458,33.1252,32.7563,33.7586,34.1184,33.6496,32.6846,32.9979,33.5095,33.2469,32.5773,32.8014,33.0241,32.5497,32.3886,32.6222,32.2353,32.2104,32.2486,31.9882,32.0506,31.8598,31.8486,31.7466,31.6893,31.5979,31.5505,31.4665,31.4223,31.3543,31.2962,31.2416,31.1928,31.1375,31.0931,31.0476,31.0014,30.9591,30.9203,30.8814,30.843,30.8077,30.773,30.7412,30.71,30.6795,30.6516,30.6244,30.598,30.5725,30.5492,30.5267,30.504,30.4832,30.4633,30.4436,30.4255,30.4082,30.3912,30.375,30.3597,30.3447,30.3306,30.3169,30.304,30.2919,30.2799,30.2686,30.2577,30.2474,30.2374,30.2279,30.2187,30.2101,30.2018,4.6641,4.4718,4.28704,4.10994,3.94054,3.77879,3.62457,3.4759,3.33467,3.19908,3.06921,2.94505,2.82541,2.71151,2.60318,2.49935,2.39923,2.30372,2.21273,2.12551,2.04151,1.96189,1.92483
0.974541,34.6985,33.1494,31.7131,30.4521,29.4336,28.7395,28.4469,28.5774,29.0603,30.6283,31.5641,32.5418,34.4208,35.2029,36.1915,36.3384,35.684,34.1303,32.6038,31.8449,32.2705,33.2741,34.2959,35.423,35.7071,35.4878,34.188,32.7964,32.8342,33.8433,34.6579,34.9187,34.1469,33.1262,32.7577,33.7602,34.1199,33.6509,32.6861,32.9997,33.5113,33.2486,32.579,32.8035,33.0261,32.5515,32.3907,32.6244,32.2374,32.2126,32.2509,31.9905,32.053,31.8622,31.851,31.749,31.6919,31.6004,31.5532,31.4691,31.425,31.357,31.2989,31.2444,31.1956,31.1403,31.0959,31.0505,31.0043,30.9621,30.9232,30.8844,30.846,30.8108,30.7761,30.7443,30.7131,30.6826,30.6547,30.6275,30.6012,30.5757,30.5524,30.5299,30.5072,30.4865,30.4666,30.4468,30.4287,30.4115,30.3944,30.3783,30.363,30.3481,30.334,30.3203,30.3074,30.2953,30.2832,30.272,30.2611,30.2507,30.2408,30.2313,30.2221,30.2135,30.2052,30.1972,4.72044,4.52496,4.33759,4.15838,3.98725,3.82409,3.66681,3.51739,3.37395,3.23655,3.1052,2.97863,2.85813,2.74353,2.63368,2.52776,2.42672,2.33046,2.23819,2.14932,2.06509,2.02588
0.975624,34.6987,33.1496,31.7133,30.4523,29.4338,28.7397,28.4472,28.5778,29.0608,30.6289,31.5648,32.5425,34.4215,35.2035,36.192,36.3389,35.6844,34.1307,32.6043,31.8456,32.2714,33.2751,34.2968,35.4238,35.7079,35.4885,34.1886,32.7972,32.8353,33.8446,34.659,34.9197,34.1478,33.1272,32.759,33.7616,34.1212,33.6521,32.6874,33.0013,33.5128,33.25,32.5804,32.8052,33.0278,32.5531,32.3926,32.6263,32.2392,32.2146,32.2529,31.9925,32.0551,31.8643,31.8532,31.7512,31.6942,31.6027,31.5555,31.4714,31.4274,31.3594,31.3014,31.2468,31.1981,31.1429,31.0985,31.0531,31.0069,30.9647,30.9259,30.8871,30.8487,30.8135,30.7788,30.747,30.7158,30.6854,30.6575,30.6303,30.604,30.5785,30.5552,30.5327,30.5101,30.4893,30.4695,30.4497,30.4316,30.4144,30.3974,30.3812,30.3659,30.351,30.3369,30.3232,30.3104,30.2982,30.2862,30.2749,30.2641,30.2537,30.2438,30.2343,30.2251,30.2165,30.2082,30.2002,30.1926,4.61738,4.42606,4.24306,4.06831,3.90169,3.74108,3.58849,3.442,3.30169,3.16756,3.03829,2.91523,2.79819,2.68602,2.57785,2.47466,2.37634,2.28211,2.19136,2.10533,2.06529
0.976661,34.6989,33.1498,31.7135,30.4525,29.4341,28.74,28.4476,28.5783,29.0613,30.6295,31.5654,32.5432,34.4222,35.2042,36.1926,36.3394,35.6849,34.1311,32.6048,31.8463,32.2723,33.2761,34.2978,35.4247,35.7087,35.4892,34.1893,32.798,32.8365,33.8458,34.6602,34.9208,34.1487,33.1282,32.7604,33.7631,34.1225,33.6533,32.6887,33.003,33.5144,33.2514,32.5819,32.8071,33.0296,32.5548,32.3945,32.6282,32.2411,32.2167,32.2549,31.9946,32.0574,31.8664,31.8555,31.7535,31.6965,31.605,31.5579,31.4739,31.4298,31.3619,31.3039,31.2494,31.2007,31.1455,31.1011,31.0557,31.0096,30.9674,30.9286,30.8898,30.8514,30.8163,30.7816,30.7499,30.7187,30.6883,30.6604,30.6332,30.6069,30.5815,30.5582,30.5357,30.513,30.4923,30.4725,30.4527,30.4346,30.4174,30.4004,30.3843,30.369,30.3541,30.34,30.3263,30.3134,30.3013,30.2893,30.278,30.2672,30.2568,30.2469,30.2375,30.2283,30.2197,30.2114,30.2033,30.1958,30.1885,4.51041,4.32377,4.14555,3.97562,3.81182,3.65621,3.50681,3.36371,3.22692,3.09509,2.96959,2.85023,2.73583,2.62551,2.52028,2.42002,2.32391,2.23136,2.14363,2.1028
0.977655,34.6991,33.1499,31.7136,30.4527,29.4343,28.7403,28.4479,28.5787,29.0618,30.63,31.566,32.5438,34.4228,35.2048,36.1931,36.3399,35.6852,34.1315,32.6052,31.8469,32.2732,33.277,34.2986,35.4255,35.7094,35.4898,34.1899,32.7987,32.8376,33.8469,34.6612,34.9217,34.1495,33.1291,32.7616,33.7644,34.1237,33.6544,32.6899,33.0045,33.5159,33.2528,32.5833,32.8087,33.0312,32.5563,32.3962,32.63,32.2427,32.2185,32.2567,31.9964,32.0593,31.8683,31.8576,31.7554,31.6986,31.6071,31.56,31.476,31.432,31.3641,31.3061,31.2517,31.203,31.1478,31.1035,31.0581,31.012,30.9698,30.931,30.8923,30.8539,30.8188,30.7841,30.7524,30.7212,30.6908,30.6629,30.6358,30.6095,30.5841,30.5608,30.5383,30.5156,30.4949,30.4751,30.4554,30.4373,30.4201,30.4031,30.3869,30.3717,30.3568,30.3427,30.329,30.3161,30.304,30.292,30.2808,30.2699,30.2596,30.2497,30.2402,30.231,30.2224,30.2141,30.2061,30.1985,30.1912,4.6747,4.48076,4.29561,4.11911,3.949,3.7874,3.63228,3.48372,3.34171,3.20487,3.0746,2.95071,2.83198,2.71749,2.60828,2.50423,2.40451,2.30847,2.21743,2.17506
0.978607,34.6993,33.1501,31.7138,30.4528,29.4345,28.7405,28.4482,28.5791,29.0622,30.6306,31.5666,32.5444,34.4234,35.2054,36.1937,36.3403,35.6856,34.1319,32.6056,31.8475,32.274,33.2779,34.2995,35.4263,35.7102,35.4905,34.1905,32.7994,32.8387,33.8481,34.6623,34.9227,34.1504,33.13,32.7628,33.7657,34.125,33.6555,32.6911,33.006,33.5173,33.2541,32.5847,32.8105,33.0328,32.5578,32.398,32.6318,32.2444,32.2205,32.2586,31.9983,32.0614,31.8703,31.8597,31.7575,31.7008,31.6092,31.5623,31.4782,31.4343,31.3664,31.3085,31.254,31.2054,31.1502,31.1059,31.0606,31.0145,30.9723,30.9336,30.8948,30.8565,30.8213,30.7867,30.755,30.7238,30.6934,30.6656,30.6385,30.6122,30.5868,30.5635,30.541,30.5184,30.4977,30.4779,30.4581,30.4401,30.4228,30.4058,30.3897,30.3745,30.3596,30.3455,30.3318,30.319,30.3069,30.2949,30.2836,30.2728,30.2624,30.2525,30.2431,30.2339,30.2253,30.217,30.209,30.2014,30.1941,30.1872,4.69449,4.50031,4.31517,4.1367,3.96716,3.80439,3.64849,3.49945,3.35582,3.21909,3.08905,2.96442,2.84423,2.72958,2.62035,2.51565,2.41482,2.31924,2.27475
0.979519,34.6995,33.1503,31.714,30.453,29.4347,28.7408,28.4485,28.5794,29.0627,30.6312,31.5672,32.545,34.424,35.206,36.1942,36.3408,35.686,34.1322,32.6061,31.8481,32.2748,33.2788,34.3004,35.4271,35.7109,35.4911,34.1911,32.8001,32.8397,33.8492,34.6633,34.9236,34.1512,33.1309,32.764,33.767,34.1261,33.6566,32.6923,33.0075,33.5188,33.2554,32.586,32.8121,33.0344,32.5593,32.3997,32.6335,32.2461,32.2223,32.2605,32.0002,32.0633,31.8722,31.8617,31.7595,31.7029,31.6113,31.5644,31.4804,31.4365,31.3687,31.3107,31.2563,31.2077,31.1525,31.1082,31.0629,31.0169,30.9747,30.936,30.8973,30.8589,30.8238,30.7892,30.7575,30.7264,30.696,30.6681,30.641,30.6147,30.5894,30.5661,30.5436,30.521,30.5003,30.4805,30.4608,30.4427,30.4255,30.4085,30.3924,30.3772,30.3623,30.3482,30.3346,30.3217,30.3096,30.2976,30.2864,30.2756,30.2652,30.2553,30.2458,30.2367,30.2281,30.2198,30.2118,30.2042,30.1969,30.1899,30.1833,4.63479,4.44385,4.2598,4.08496,3.91711,3.75634,3.60265,3.45455,3.31356,3.17948,3.05096,2.92703,2.80881,2.69619,2.58823,2.48427,2.38571,2.33985
0.980392,34.6996,33.1504,31.7141,30.4532,29.4349,28.741,28.4488,28.5798,29.0631,30.6317,31.5677,32.5456,34.4245,35.2065,36.1946,36.3412,35.6864,34.1325,32.6064,31.8486,32.2755,33.2795,34.3012,35.4278,35.7115,35.4916,34.1916,32.8008,32.8406,33.8502,34.6642,34.9244,34.152,33.1316,32.765,33.7681,34.1272,33.6575,32.6933,33.0088,33.52,33.2565,32.5872,32.8135,33.0358,32.5606,32.4012,32.635,32.2475,32.2239,32.262,32.0018,32.065,31.8739,31.8634,31.7613,31.7047,31.6131,31.5663,31.4823,31.4384,31.3706,31.3126,31.2583,31.2097,31.1545,31.1103,31.065,31.0189,30.9768,30.9381,30.8994,30.861,30.826,30.7914,30.7597,30.7286,30.6982,30.6704,30.6433,30.617,30.5916,30.5684,30.5459,30.5233,30.5026,30.4828,30.4631,30.445,30.4278,30.4109,30.3948,30.3795,30.3646,30.3506,30.3369,30.3241,30.312,30.3,30.2887,30.2779,30.2676,30.2577,30.2482,30.2391,30.2305,30.2222,30.2142,30.2066,30.1993,30.1924,30.1857,30.1793,4.71369,4.518,4.33209,4.15361,3.98267,3.81925,3.66178,3.51186,3.36928,3.23263,3.10085,2.97515,2.85539,2.7406,2.63005,2.52525,2.47648
0.981079,34.6997,33.1505,31.7142,30.4533,29.435,28.7411,28.449,28.5801,29.0634,30.632,31.5681,32.546,34.4249,35.2069,36.195,36.3415,35.6866,34.1328,32.6067,31.8491,32.2761,33.2801,34.3017,35.4283,35.7119,35.4921,34.192,32.8012,32.8414,33.8509,34.665,34.925,34.1525,33.1322,32.7659,33.769,34.128,33.6583,32.6941,33.0098,33.5209,33.2574,32.5881,32.8146,33.0369,32.5616,32.4023,32.6362,32.2487,32.2251,32.2633,32.003,32.0663,31.8752,31.8648,31.7626,31.7061,31.6145,31.5677,31.4837,31.4399,31.3721,31.3142,31.2598,31.2112,31.1561,31.1119,31.0666,31.0206,30.9784,30.9397,30.9011,30.8627,30.8277,30.7931,30.7614,30.7303,30.6999,30.6721,30.645,30.6187,30.5934,30.5701,30.5477,30.5251,30.5044,30.4846,30.4649,30.4469,30.4297,30.4127,30.3966,30.3814,30.3665,30.3524,30.3388,30.3259,30.3138,30.3018,30.2906,30.2798,30.2695,30.2596,30.2501,30.2409,30.2324,30.2241,30.2161,30.2085,30.2012,30.1943,30.1876,30.1812,30.1752,4.65099,4.45934,4.27537,4.09916,3.93072,3.76841,3.61389,3.46693,3.32608,3.19026,3.0607,2.93727,2.81896,2.70502,2.59702,2.54675
0.981625,34.6999,33.1506,31.7143,30.4534,29.4351,28.7413,28.4492,28.5803,29.0637,30.6324,31.5685,32.5464,34.4253,35.2072,36.1953,36.3418,35.6869,34.133,32.607,31.8494,32.2766,33.2807,34.3023,35.4288,35.7124,35.4925,34.1924,32.8017,32.842,33.8517,34.6656,34.9256,34.1531,33.1328,32.7666,33.7698,34.1288,33.6589,32.6949,33.0108,33.5218,33.2583,32.5889,32.8157,33.0379,32.5625,32.4034,32.6373,32.2497,32.2263,32.2645,32.0042,32.0676,31.8764,31.8661,31.7639,31.7074,31.6158,31.5691,31.4851,31.4413,31.3735,31.3156,31.2613,31.2127,31.1576,31.1133,31.0681,31.0221,30.98,30.9413,30.9026,30.8643,30.8292,30.7947,30.763,30.7319,30.7015,30.6737,30.6466,30.6204,30.595,30.5718,30.5493,30.5268,30.5061,30.4863,30.4666,30.4486,30.4314,30.4144,30.3983,30.3831,30.3682,30.3541,30.3405,30.3277,30.3156,30.3036,30.2923,30.2816,30.2712,30.2613,30.2519,30.2427,30.2341,30.2258,30.2178,30.2103,30.203,30.196,30.1894,30.183,30.1769,4.9138,4.71089,4.5161,4.32953,4.15118,3.97932,3.81571,3.66011,3.51097,3.36716,3.22998,3.09929,2.97402,2.85337,2.73901,2.68579
0.982155,34.7,33.1507,31.7144,30.4535,29.4352,28.7414,28.4494,28.5805,29.064,30.6327,31.5688,32.5467,34.4256,35.2075,36.1956,36.3421,35.6871,34.1332,32.6072,31.8498,32.2771,33.2812,34.3028,35.4292,35.7128,35.4928,34.1927,32.8021,32.8426,33.8522,34.6662,34.9261,34.1535,33.1332,32.7673,33.7705,34.1294,33.6595,32.6955,33.0115,33.5226,33.259,32.5897,32.8165,33.0387,32.5633,32.4043,32.6383,32.2506,32.2273,32.2654,32.0052,32.0686,31.8774,31.8672,31.7649,31.7085,31.6169,31.5702,31.4862,31.4424,31.3747,31.3168,31.2625,31.2139,31.1588,31.1146,31.0693,31.0233,30.9812,30.9426,30.9039,30.8656,30.8305,30.796,30.7643,30.7332,30.7029,30.6751,30.648,30.6217,30.5964,30.5732,30.5507,30.5281,30.5075,30.4877,30.468,30.45,30.4328,30.4158,30.3997,30.3845,30.3696,30.3556,30.3419,30.3291,30.317,30.305,30.2938,30.283,30.2727,30.2628,30.2533,30.2442,30.2356,30.2273,30.2193,30.2117,30.2045,30.1975,30.1908,30.1845,30.1784,30.1726,4.87727,4.67525,4.48177,4.29682,4.11861,3.94896,3.78763,3.633,3.4839,3.34167,3.20617,3.0763,2.95123,2.83267,2.77749
0.98267,34.7001,33.1508,31.7145,30.4536,29.4353,28.7416,28.4495,28.5807,29.0642,30.633,31.5691,32.547,34.426,35.2078,36.1958,36.3423,35.6873,34.1334,32.6074,31.8501,32.2775,33.2816,34.3032,35.4296,35.7131,35.4931,34.193,32.8024,32.8431,33.8528,34.6667,34.9266,34.1539,33.1337,32.7679,33.7712,34.13,33.66,32.6961,33.0123,33.5233,33.2596,32.5903,32.8174,33.0395,32.5641,32.4052,32.6392,32.2514,32.2282,32.2664,32.0061,32.0696,31.8784,31.8682,31.766,31.7096,31.618,31.5713,31.4873,31.4436,31.3758,31.3179,31.2636,31.2151,31.16,31.1158,31.0705,31.0246,30.9824,30.9438,30.9051,30.8668,30.8318,30.7973,30.7656,30.7345,30.7042,30.6764,30.6493,30.6231,30.5977,30.5745,30.5521,30.5295,30.5088,30.489,30.4693,30.4513,30.4341,30.4172,30.4011,30.3859,30.371,30.3569,30.3433,30.3305,30.3184,30.3064,30.2952,30.2844,30.2741,30.2642,30.2547,30.2456,30.237,30.2287,30.2207,30.2132,30.2059,30.1989,30.1923,30.1859,30.1798,30.174,30.1684,4.92302,4.71891,4.52378,4.33576,4.15677,3.98654,3.82339,3.66607,3.516,3.37303,3.23599,3.10402,2.97892,2.9207
0.983171,34.7002,33.1509,31.7146,30.4537,29.4355,28.7417,28.4497,28.5809,29.0645,30.6333,31.5695,32.5473,34.4263,35.2082,36.1961,36.3426,35.6875,34.1336,32.6077,31.8504,32.278,33.2821,34.3037,35.4301,35.7135,35.4935,34.1933,32.8029,32.8437,33.8535,34.6673,34.9271,34.1544,33.1342,32.7686,33.7719,34.1307,33.6607,32.6968,33.0132,33.5242,33.2604,32.5911,32.8183,33.0404,32.565,32.4062,32.6402,32.2524,32.2293,32.2674,32.0072,32.0708,31.8795,31.8694,31.7671,31.7108,31.6192,31.5726,31.4886,31.4448,31.3771,31.3192,31.265,31.2164,31.1614,31.1171,31.0719,31.026,30.9839,30.9452,30.9066,30.8683,30.8333,30.7987,30.7671,30.736,30.7057,30.6779,30.6508,30.6246,30.5992,30.576,30.5536,30.531,30.5104,30.4906,30.4709,30.4529,30.4357,30.4188,30.4027,30.3875,30.3726,30.3585,30.3449,30.3321,30.32,30.308,30.2968,30.286,30.2757,30.2658,30.2564,30.2472,30.2386,30.2304,30.2224,30.2148,30.2075,30.2006,30.1939,30.1875,30.1815,30.1756,30.1701,5.26001,5.04134,4.83232,4.63091,4.43917,4.25683,4.08207,3.91355,3.75281,3.59966,3.45288,3.31152,3.17752,3.11516
0.983657,34.7002,33.151,31.7147,30.4538,29.4356,28.7418,28.4499,28.5811,29.0647,30.6336,31.5697,32.5476,34.4266,35.2085,36.1964,36.3428,35.6877,34.1338,32.6079,31.8507,32.2784,33.2826,34.3041,35.4304,35.7139,35.4938,34.1936,32.8032,32.8442,33.854,34.6678,34.9276,34.1548,33.1346,32.7692,33.7726,34.1313,33.6612,32.6973,33.0139,33.5249,33.261,32.5918,32.8191,33.0412,32.5657,32.407,32.641,32.2532,32.2302,32.2683,32.0081,32.0717,31.8804,31.8704,31.7681,31.7118,31.6202,31.5736,31.4896,31.4459,31.3782,31.3203,31.266,31.2175,31.1625,31.1183,31.0731,31.0271,30.985,30.9464,30.9078,30.8695,30.8345,30.7999,30.7683,30.7372,30.7069,30.6791,30.6521,30.6258,30.6005,30.5773,30.5549,30.5323,30.5116,30.4919,30.4722,30.4542,30.437,30.42,30.404,30.3887,30.3739,30.3598,30.3462,30.3334,30.3213,30.3093,30.2981,30.2873,30.277,30.2671,30.2577,30.2485,30.24,30.2317,30.2237,30.2161,30.2089,30.2019,30.1952,30.1889,30.1828,30.177,30.1714,30.1661,5.3717,5.14843,4.93329,4.72849,4.53372,4.34706,4.16708,3.99539,3.83183,3.67505,3.52408,3.38097,3.31436
0.984129,34.7003,33.1511,31.7148,30.4539,29.4356,28.7419,28.45,28.5813,29.0649,30.6338,31.57,32.5479,34.4269,35.2087,36.1966,36.343,35.6878,34.1339,32.6081,31.851,32.2787,33.283,34.3045,35.4308,35.7142,35.4941,34.1939,32.8035,32.8447,33.8545,34.6683,34.928,34.1552,33.135,32.7697,33.7732,34.1318,33.6617,32.6979,33.0146,33.5255,33.2616,32.5924,32.8199,33.0419,32.5664,32.4078,32.6418,32.254,32.2311,32.2692,32.0089,32.0726,31.8813,31.8713,31.769,31.7128,31.6212,31.5746,31.4906,31.4469,31.3792,31.3214,31.2671,31.2186,31.1636,31.1194,31.0742,31.0282,30.9861,30.9475,30.9089,30.8706,30.8356,30.8011,30.7695,30.7384,30.7081,30.6803,30.6533,30.627,30.6017,30.5785,30.5561,30.5335,30.5129,30.4931,30.4734,30.4554,30.4382,30.4213,30.4052,30.39,30.3751,30.3611,30.3475,30.3347,30.3226,30.3106,30.2994,30.2886,30.2783,30.2684,30.259,30.2498,30.2413,30.233,30.225,30.2174,30.2102,30.2032,30.1966,30.1902,30.1841,30.1783,30.1727,30.1674,30.1623,5.53575,5.30377,5.08296,4.87297,4.67173,4.47769,4.29259,4.11626,3.94725,3.78449,3.6302,3.5584
0.984588,34.7004,33.1512,31.7149,30.454,29.4357,28.742,28.4502,28.5815,29.0651,30.6341,31.5703,32.5482,34.4272,35.209,36.1969,36.3433,35.688,34.1341,32.6083,31.8513,32.2791,33.2834,34.3049,35.4312,35.7145,35.4944,34.1941,32.8039,32.8452,33.8551,34.6687,34.9285,34.1556,33.1354,32.7703,33.7738,34.1324,33.6622,32.6984,33.0153,33.5262,33.2622,32.593,32.8207,33.0427,32.567,32.4086,32.6426,32.2548,32.2319,32.27,32.0098,32.0735,31.8822,31.8722,31.7699,31.7138,31.6221,31.5756,31.4916,31.4479,31.3802,31.3224,31.2681,31.2196,31.1646,31.1204,31.0752,31.0293,30.9872,30.9486,30.91,30.8717,30.8367,30.8022,30.7706,30.7395,30.7092,30.6815,30.6544,30.6282,30.6029,30.5797,30.5573,30.5347,30.5141,30.4943,30.4746,30.4566,30.4394,30.4225,30.4064,30.3912,30.3764,30.3623,30.3487,30.3359,30.3238,30.3119,30.3006,30.2899,30.2795,30.2697,30.2602,30.2511,30.2425,30.2342,30.2263,30.2187,30.2114,30.2045,30.1978,30.1915,30.1854,30.1796,30.174,30.1687,30.1636,30.1587,30.154,30.1495,30.1452,30.1412,30.1372,30.1335,30.1299,30.1265,30.1232,30.12,30.1186
0.985033,34.7005,33.1512,31.7149,30.454,29.4358,28.7422,28.4503,28.5816,29.0653,30.6343,31.5705,32.5485,34.4274,35.2093,36.1971,36.3435,35.6882,34.1343,32.6084,31.8516,32.2795,33.2838,34.3053,35.4315,35.7149,35.4947,34.1944,32.8042,32.8457,33.8555,34.6692,34.9289,34.156,33.1358,32.7708,33.7743,34.1329,33.6627,32.6989,33.0159,33.5268,33.2628,32.5936,32.8214,33.0434,32.5677,32.4094,32.6434,32.2555,32.2327,32.2708,32.0106,32.0744,31.8831,31.8731,31.7708,31.7147,31.623,31.5765,31.4925,31.4489,31.3812,31.3234,31.2691,31.2206,31.1656,31.1215,31.0763,31.0304,30.9883,30.9497,30.9111,30.8728,30.8378,30.8033,30.7717,30.7407,30.7103,30.6826,30.6555,30.6293,30.604,30.5808,30.5584,30.5359,30.5152,30.4955,30.4758,30.4578,30.4406,30.4237,30.4076,30.3924,30.3776,30.3635,30.3499,30.3371,30.325,30.3131,30.3018,30.2911,30.2807,30.2709,30.2614,30.2523,30.2437,30.2355,30.2275,30.2199,30.2127,30.2057,30.199,30.1927,30.1866,30.1808,30.1752,30.1699,30.1648,30.1599,30.1552,30.1507,30.1465,30.1424,30.1385,30.1347,30.1311,30.1277,30.1244,30.1213,30.1198
0.985466,34.7006,33.1513,31.715,30.4541,29.4359,28.7423,28.4505,28.5818,29.0656,30.6346,31.5708,32.5488,34.4277,35.2096,36.1974,36.3437,35.6884,34.1345,32.6087,31.8519,32.2799,33.2842,34.3057,35.4319,35.7152,35.495,34.1947,32.8045,32.8462,33.8561,34.6697,34.9294,34.1564,33.1363,32.7715,33.775,34.1335,33.6632,32.6996,33.0167,33.5275,33.2635,32.5943,32.8222,33.0442,32.5685,32.4103,32.6443,32.2563,32.2337,32.2718,32.0115,32.0754,31.884,31.8742,31.7719,31.7158,31.6241,31.5776,31.4937,31.45,31.3824,31.3245,31.2703,31.2218,31.1668,31.1227,31.0775,31.0316,30.9895,30.951,30.9123,30.8741,30.8391,30.8046,30.773,30.742,30.7117,30.6839,30.6569,30.6307,30.6054,30.5822,30.5598,30.5372,30.5166,30.4968,30.4772,30.4592,30.442,30.4251,30.409,30.3938,30.379,30.3649,30.3513,30.3385,30.3264,30.3145,30.3033,30.2925,30.2822,30.2723,30.2629,30.2537,30.2452,30.2369,30.2289,30.2214,30.2141,30.2071,30.2005,30.1941,30.1881,30.1822,30.1767,30.1714,30.1663,30.1614,30.1567,30.1522,30.148,30.1439,30.1399,30.1362,30.1326,30.1292,30.1259,30.1228,30.1213
0.985886,34.7007,33.1514,31.7151,30.4542,29.436,28.7424,28.4506,28.582,29.0657,30.6348,31.5711,32.549,34.428,35.2098,36.1976,36.3439,35.6885,34.1346,32.6088,31.8521,32.2803,33.2846,34.3061,35.4322,35.7155,35.4953,34.195,32.8048,32.8467,33.8566,34.6702,34.9297,34.1568,33.1366,32.772,33.7755,34.134,33.6636,32.7001,33.0173,33.5281,33.264,32.5949,32.8229,33.0449,32.5691,32.411,32.6451,32.257,32.2344,32.2725,32.0123,32.0762,31.8848,31.875,31.7727,31.7166,31.625,31.5785,31.4946,31.4509,31.3833,31.3254,31.2713,31.2228,31.1678,31.1237,31.0785,31.0326,30.9905,30.952,30.9134,30.8751,30.8401,30.8057,30.774,30.743,30.7127,30.685,30.6579,30.6317,30.6064,30.5832,30.5609,30.5383,30.5177,30.4979,30.4783,30.4603,30.4431,30.4262,30.4101,30.3949,30.3801,30.3661,30.3525,30.3396,30.3276,30.3156,30.3044,30.2936,30.2833,30.2734,30.264,30.2549,30.2463,30.238,30.2301,30.2225,30.2153,30.2083,30.2017,30.1953,30.1892,30.1834,30.1779,30.1725,30.1674,30.1625,30.1578,30.1534,30.1491,30.145,30.1411,30.1374,30.1338,30.1304,30.1271,30.1239,30.1225
0.986295,34.7007,33.1515,31.7152,30.4543,29.4361,28.7425,28.4507,28.5822,29.0659,30.6351,31.5713,32.5493,34.4282,35.2101,36.1978,36.3441,35.6887,34.1348,32.609,31.8524,32.2806,33.2849,34.3064,35.4325,35.7158,35.4956,34.1952,32.8051,32.8471,33.857,34.6706,34.9301,34.1571,33.137,32.7724,33.7761,34.1345,33.6641,32.7005,33.0179,33.5287,33.2646,32.5954,32.8236,33.0455,32.5697,32.4117,32.6458,32.2577,32.2352,32.2733,32.013,32.077,31.8856,31.8758,31.7735,31.7175,31.6258,31.5794,31.4954,31.4518,31.3842,31.3264,31.2722,31.2237,31.1687,31.1246,31.0794,31.0336,30.9915,30.9529,30.9143,30.8761,30.8411,30.8067,30.7751,30.744,30.7137,30.686,30.659,30.6328,30.6075,30.5843,30.5619,30.5394,30.5188,30.499,30.4793,30.4614,30.4442,30.4273,30.4112,30.396,30.3812,30.3672,30.3536,30.3407,30.3287,30.3167,30.3055,30.2947,30.2844,30.2746,30.2651,30.256,30.2474,30.2392,30.2312,30.2236,30.2164,30.2094,30.2028,30.1964,30.1904,30.1845,30.179,30.1737,30.1686,30.1637,30.159,30.1545,30.1503,30.1462,30.1422,30.1385,30.1349,30.1315,30.1282,30.1251,30.1236
0.986691,34.7008,33.1515,31.7152,30.4544,29.4362,28.7426,28.4508,28.5823,29.0661,30.6353,31.5716,32.5495,34.4285,35.2103,36.198,36.3443,35.6888,34.1349,32.6092,31.8526,32.2809,33.2853,34.3068,35.4328,35.7161,35.4958,34.1954,32.8054,32.8475,33.8575,34.671,34.9305,34.1574,33.1373,32.7729,33.7766,34.135,33.6645,32.701,33.0185,33.5293,33.2651,32.5959,32.8242,33.0461,32.5703,32.4123,32.6464,32.2584,32.2359,32.274,32.0138,32.0778,31.8864,31.8766,31.7743,31.7183,31.6266,31.5802,31.4963,31.4527,31.385,31.3272,31.2731,31.2246,31.1697,31.1255,31.0804,31.0345,30.9925,30.9539,30.9153,30.8771,30.8421,30.8076,30.776,30.745,30.7147,30.687,30.66,30.6338,30.6085,30.5853,30.5629,30.5404,30.5198,30.5,30.4804,30.4624,30.4452,30.4283,30.4123,30.3971,30.3822,30.3682,30.3546,30.3418,30.3297,30.3178,30.3066,30.2958,30.2855,30.2756,30.2662,30.2571,30.2485,30.2402,30.2323,30.2247,30.2175,30.2105,30.2039,30.1975,30.1915,30.1856,30.1801,30.1747,30.1696,30.1648,30.1601,30.1556,30.1514,30.1473,30.1433,30.1396,30.136,30.1326,30.1293,30.1262,30.1247
0.987076,34.7009,33.1516,31.7153,30.4544,29.4363,28.7427,28.4509,28.5825,29.0663,30.6355,31.5718,32.5497,34.4287,35.2105,36.1982,36.3445,35.689,34.135,32.6093,31.8528,32.2812,33.2856,34.3071,35.4331,35.7163,35.496,34.1956,32.8057,32.8479,33.8579,34.6714,34.9308,34.1577,33.1377,32.7734,33.7771,34.1354,33.6649,32.7014,33.0191,33.5298,33.2656,32.5964,32.8249,33.0467,32.5708,32.413,32.6471,32.259,32.2366,32.2747,32.0145,32.0785,31.8871,31.8774,31.775,31.7191,31.6274,31.5811,31.4971,31.4535,31.3859,31.3281,31.2739,31.2255,31.1705,31.1264,31.0813,31.0354,30.9934,30.9548,30.9162,30.878,30.8431,30.8086,30.777,30.746,30.7157,30.688,30.661,30.6348,30.6095,30.5863,30.5639,30.5414,30.5208,30.501,30.4814,30.4634,30.4463,30.4293,30.4133,30.3981,30.3833,30.3692,30.3556,30.3428,30.3308,30.3188,30.3076,30.2969,30.2865,30.2767,30.2673,30.2581,30.2496,30.2413,30.2333,30.2258,30.2185,30.2116,30.2049,30.1986,30.1925,30.1867,30.1811,30.1758,30.1707,30.1658,30.1611,30.1567,30.1524,30.1483,30.1444,30.1407,30.1371,30.1337,30.1304,30.1272,30.1258
0.98745,34.701,33.1517,31.7154,30.4545,29.4363,28.7428,28.4511,28.5826,29.0665,30.6358,31.572,32.55,34.429,35.2108,36.1984,36.3447,35.6892,34.1352,32.6095,31.8531,32.2816,33.286,34.3075,35.4335,35.7167,35.4963,34.1959,32.806,32.8484,33.8584,34.6719,34.9313,34.1581,33.1381,32.7739,33.7777,34.136,33.6654,32.702,33.0198,33.5305,33.2662,32.5971,32.8256,33.0474,32.5715,32.4138,32.6479,32.2598,32.2375,32.2755,32.0153,32.0794,31.888,31.8783,31.7759,31.7201,31.6284,31.582,31.4981,31.4545,31.3869,31.3291,31.275,31.2265,31.1716,31.1275,31.0824,31.0365,30.9945,30.9559,30.9174,30.8792,30.8442,30.8097,30.7782,30.7471,30.7169,30.6891,30.6621,30.636,30.6107,30.5875,30.5651,30.5426,30.522,30.5022,30.4826,30.4646,30.4475,30.4306,30.4145,30.3993,30.3845,30.3705,30.3569,30.3441,30.332,30.3201,30.3089,30.2981,30.2878,30.2779,30.2685,30.2594,30.2508,30.2426,30.2346,30.2271,30.2198,30.2129,30.2062,30.1999,30.1938,30.188,30.1824,30.1771,30.172,30.1671,30.1624,30.158,30.1537,30.1496,30.1457,30.142,30.1384,30.135,30.1317,30.1285,30.1271
0.987814,34.701,33.1517,31.7154,30.4546,29.4364,28.7429,28.4512,28.5828,29.0667,30.636,31.5723,32.5502,34.4292,35.211,36.1986,36.3448,35.6893,34.1353,32.6097,31.8533,32.2819,33.2864,34.3078,35.4338,35.7169,35.4966,34.1961,32.8063,32.8488,33.8588,34.6722,34.9316,34.1584,33.1384,32.7744,33.7781,34.1364,33.6658,32.7024,33.0203,33.531,33.2666,32.5975,32.8262,33.048,32.5721,32.4144,32.6485,32.2603,32.2381,32.2762,32.016,32.0801,31.8887,31.8791,31.7767,31.7208,31.6291,31.5828,31.4988,31.4553,31.3877,31.3299,31.2758,31.2274,31.1724,31.1283,31.0832,31.0373,30.9953,30.9568,30.9182,30.88,30.8451,30.8106,30.779,30.748,30.7178,30.6901,30.6631,30.6369,30.6116,30.5884,30.5661,30.5435,30.5229,30.5032,30.4836,30.4656,30.4484,30.4315,30.4155,30.4003,30.3855,30.3715,30.3579,30.3451,30.333,30.3211,30.3099,30.2991,30.2888,30.2789,30.2695,30.2604,30.2518,30.2436,30.2356,30.228,30.2208,30.2139,30.2072,30.2009,30.1948,30.189,30.1834,30.1781,30.173,30.1681,30.1634,30.159,30.1547,30.1506,30.1467,30.143,30.1394,30.136,30.1327,30.1296,30.1281
0.988166,34.7011,33.1518,31.7155,30.4546,29.4365,28.743,28.4513,28.5829,29.0668,30.6361,31.5725,32.5505,34.4294,35.2112,36.1988,36.345,35.6894,34.1355,32.6098,31.8536,32.2822,33.2867,34.3081,35.4341,35.7172,35.4968,34.1963,32.8065,32.8491,33.8592,34.6726,34.9319,34.1587,33.1387,32.7748,33.7786,34.1368,33.6662,32.7028,33.0208,33.5315,33.2671,32.598,32.8268,33.0486,32.5726,32.415,32.6492,32.2609,32.2388,32.2768,32.0166,32.0808,31.8893,31.8798,31.7774,31.7215,31.6298,31.5835,31.4996,31.456,31.3885,31.3307,31.2766,31.2282,31.1732,31.1291,31.084,31.0382,30.9962,30.9576,30.9191,30.8809,30.8459,30.8115,30.7799,30.7489,30.7187,30.6909,30.6639,30.6378,30.6125,30.5893,30.567,30.5445,30.5239,30.5041,30.4845,30.4665,30.4494,30.4325,30.4164,30.4012,30.3864,30.3724,30.3588,30.346,30.334,30.322,30.3108,30.3001,30.2897,30.2799,30.2705,30.2613,30.2528,30.2445,30.2366,30.229,30.2218,30.2148,30.2082,30.2018,30.1958,30.1899,30.1844,30.1791,30.174,30.1691,30.1644,30.1599,30.1557,30.1516,30.1477,30.1439,30.1404,30.137,30.1337,30.1305,30.1291
0.988509,34.7011,33.1519,31.7155,30.4547,29.4366,28.743,28.4514,28.5831,29.067,30.6363,31.5727,32.5507,34.4296,35.2114,36.199,36.3452,35.6896,34.1356,32.61,31.8538,32.2825,33.287,34.3084,35.4343,35.7174,35.497,34.1965,32.8067,32.8495,33.8596,34.6729,34.9322,34.159,33.139,32.7752,33.779,34.1372,33.6665,32.7032,33.0213,33.532,33.2675,32.5985,32.8273,33.0491,32.5731,32.4156,32.6497,32.2615,32.2394,32.2774,32.0172,32.0815,31.89,31.8805,31.778,31.7222,31.6305,31.5843,31.5003,31.4568,31.3892,31.3314,31.2773,31.2289,31.174,31.1299,31.0848,31.039,30.997,30.9584,30.9199,30.8817,30.8468,30.8123,30.7808,30.7498,30.7195,30.6918,30.6648,30.6386,30.6134,30.5902,30.5678,30.5453,30.5247,30.505,30.4854,30.4674,30.4503,30.4334,30.4173,30.4021,30.3873,30.3733,30.3597,30.3469,30.3349,30.3229,30.3117,30.301,30.2907,30.2808,30.2714,30.2623,30.2537,30.2455,30.2375,30.2299,30.2227,30.2158,30.2091,30.2028,30.1967,30.1909,30.1853,30.18,30.1749,30.1701,30.1654,30.1609,30.1566,30.1526,30.1486,30.1449,30.1413,30.1379,30.1346,30.1315,30.13
0.988842,34.7012,33.1519,31.7156,30.4547,29.4366,28.7431,28.4515,28.5832,29.0671,30.6365,31.5728,32.5509,34.4298,35.2116,36.1991,36.3453,35.6897,34.1357,32.6101,31.854,32.2827,33.2873,34.3087,35.4346,35.7176,35.4972,34.1967,32.807,32.8498,33.86,34.6733,34.9325,34.1593,33.1393,32.7756,33.7794,34.1376,33.6669,32.7036,33.0218,33.5324,33.268,32.5989,32.8279,33.0496,32.5736,32.4161,32.6503,32.262,32.24,32.278,32.0178,32.0821,31.8906,31.8811,31.7787,31.7229,31.6312,31.585,31.501,31.4575,31.3899,31.3322,31.2781,31.2297,31.1748,31.1307,31.0856,31.0398,30.9978,30.9592,30.9207,30.8825,30.8476,30.8131,30.7816,30.7506,30.7203,30.6926,30.6656,30.6395,30.6142,30.5911,30.5687,30.5462,30.5256,30.5059,30.4862,30.4683,30.4511,30.4342,30.4182,30.403,30.3882,30.3742,30.3606,30.3478,30.3358,30.3238,30.3126,30.3019,30.2916,30.2817,30.2723,30.2632,30.2546,30.2464,30.2384,30.2309,30.2236,30.2167,30.21,30.2037,30.1976,30.1918,30.1863,30.1809,30.1758,30.171,30.1663,30.1618,30.1576,30.1535,30.1496,30.1458,30.1423,30.1388,30.1355,30.1324,30.131
0.989165,34.7013,33.152,31.7156,30.4548,29.4367,28.7432,28.4516,28.5833,29.0673,30.6367,31.573,32.5511,34.43,35.2118,36.1993,36.3455,35.6898,34.1358,32.6102,31.8542,32.283,33.2875,34.309,35.4348,35.7179,35.4974,34.1969,32.8072,32.8502,33.8603,34.6736,34.9328,34.1595,33.1396,32.7759,33.7799,34.138,33.6672,32.704,33.0223,33.5329,33.2684,32.5993,32.8284,33.0501,32.574,32.4167,32.6509,32.2626,32.2406,32.2786,32.0184,32.0828,31.8912,31.8818,31.7793,31.7236,31.6319,31.5857,31.5017,31.4582,31.3906,31.3329,31.2788,31.2304,31.1755,31.1314,31.0863,31.0405,30.9985,30.96,30.9215,30.8833,30.8484,30.8139,30.7824,30.7514,30.7212,30.6935,30.6665,30.6403,30.615,30.5919,30.5695,30.547,30.5264,30.5067,30.4871,30.4691,30.452,30.4351,30.4191,30.4039,30.3891,30.3751,30.3615,30.3487,30.3366,30.3247,30.3135,30.3027,30.2924,30.2826,30.2732,30.264,30.2555,30.2472,30.2393,30.2317,30.2245,30.2175,30.2109,30.2046,30.1985,30.1927,30.1871,30.1818,30.1767,30.1719,30.1672,30.1627,30.1585,30.1544,30.1505,30.1467,30.1431,30.1397,30.1364,30.1333,30.1319
0.989479,34.7013,33.152,31.7157,30.4549,29.4368,28.7433,28.4517,28.5834,29.0674,30.6369,31.5732,32.5512,34.4302,35.212,36.1995,36.3456,35.6899,34.1359,32.6104,31.8544,32.2832,33.2878,34.3092,35.4351,35.7181,35.4976,34.1971,32.8074,32.8505,33.8607,34.6739,34.9331,34.1598,33.1398,32.7763,33.7803,34.1384,33.6676,32.7043,33.0228,33.5333,33.2688,32.5997,32.8289,33.0506,32.5745,32.4172,32.6514,32.2631,32.2412,32.2792,32.019,32.0834,31.8918,31.8824,31.7799,31.7242,31.6325,31.5863,31.5024,31.4589,31.3913,31.3336,31.2795,31.2311,31.1762,31.1321,31.0871,31.0412,30.9993,30.9608,30.9222,30.8841,30.8491,30.8147,30.7832,30.7522,30.7219,30.6942,30.6673,30.6411,30.6158,30.5927,30.5703,30.5478,30.5272,30.5075,30.4879,30.4699,30.4528,30.4359,30.4199,30.4047,30.3899,30.3759,30.3623,30.3495,30.3375,30.3255,30.3143,30.3036,30.2933,30.2834,30.274,30.2649,30.2564,30.2481,30.2401,30.2326,30.2254,30.2184,30.2118,30.2054,30.1994,30.1935,30.188,30.1827,30.1776,30.1727,30.168,30.1636,30.1593,30.1553,30.1513,30.1476,30.144,30.1406,30.1373,30.1342,30.1327
0.989784,34.7014,33.1521,31.7158,30.4549,29.4368,28.7434,28.4518,28.5836,29.0676,30.6371,31.5734,32.5515,34.4304,35.2122,36.1997,36.3458,35.6901,34.1361,32.6105,31.8546,32.2836,33.2882,34.3096,35.4354,35.7184,35.4979,34.1973,32.8077,32.8509,33.8611,34.6743,34.9335,34.1601,33.1402,32.7768,33.7808,34.1388,33.668,32.7048,33.0233,33.5339,33.2693,32.6003,32.8296,33.0512,32.5751,32.4179,32.6521,32.2637,32.2419,32.2799,32.0197,32.0841,31.8925,31.8832,31.7807,31.7251,31.6333,31.5872,31.5032,31.4597,31.3922,31.3344,31.2804,31.232,31.1771,31.1331,31.088,31.0422,31.0002,30.9617,30.9232,30.885,30.8501,30.8157,30.7841,30.7532,30.7229,30.6952,30.6683,30.6421,30.6168,30.5937,30.5714,30.5489,30.5283,30.5086,30.4889,30.471,30.4539,30.437,30.4209,30.4058,30.3909,30.377,30.3634,30.3506,30.3385,30.3266,30.3154,30.3047,30.2944,30.2845,30.2751,30.266,30.2574,30.2492,30.2412,30.2337,30.2264,30.2195,30.2129,30.2065,30.2005,30.1946,30.1891,30.1838,30.1787,30.1738,30.1691,30.1647,30.1604,30.1564,30.1524,30.1487,30.1451,30.1417,30.1384,30.1353,30.1338
0.99008,34.7014,33.1521,31.7158,30.455,29.4369,28.7434,28.4519,28.5837,29.0677,30.6373,31.5736,32.5517,34.4306,35.2124,36.1998,36.3459,35.6902,34.1362,32.6107,31.8548,32.2838,33.2884,34.3098,35.4356,35.7186,35.4981,34.1975,32.8079,32.8512,33.8614,34.6746,34.9338,34.1604,33.1404,32.7771,33.7812,34.1392,33.6683,32.7051,33.0238,33.5343,33.2697,32.6007,32.83,33.0517,32.5755,32.4184,32.6526,32.2642,32.2424,32.2804,32.0203,32.0847,31.8931,31.8838,31.7813,31.7257,31.6339,31.5878,31.5038,31.4604,31.3928,31.3351,31.2811,31.2327,31.1778,31.1337,31.0887,31.0429,31.0009,30.9624,30.9239,30.8857,30.8508,30.8164,30.7849,30.7539,30.7237,30.696,30.669,30.6429,30.6176,30.5945,30.5721,30.5496,30.529,30.5093,30.4897,30.4718,30.4546,30.4377,30.4217,30.4065,30.3917,30.3777,30.3642,30.3514,30.3393,30.3274,30.3162,30.3055,30.2952,30.2853,30.2759,30.2668,30.2582,30.25,30.242,30.2345,30.2272,30.2203,30.2137,30.2073,30.2013,30.1955,30.1899,30.1846,30.1795,30.1746,30.17,30.1655,30.1612,30.1572,30.1533,30.1495,30.1459,30.1425,30.1392,30.1361,30.1347
0.990367,34.7015,33.1522,31.7159,30.455,29.4369,28.7435,28.452,28.5838,29.0679,30.6374,31.5738,32.5518,34.4308,35.2125,36.2,36.3461,35.6903,34.1363,32.6108,31.8549,32.284,33.2887,34.3101,35.4358,35.7188,35.4982,34.1977,32.8081,32.8515,33.8618,34.6749,34.934,34.1606,33.1407,32.7775,33.7815,34.1395,33.6686,32.7055,33.0242,33.5347,33.2701,32.601,32.8305,33.0522,32.5759,32.4188,32.6531,32.2647,32.2429,32.2809,32.0208,32.0853,31.8936,31.8843,31.7819,31.7263,31.6345,31.5884,31.5044,31.461,31.3935,31.3357,31.2817,31.2333,31.1785,31.1344,31.0893,31.0435,31.0016,30.9631,30.9246,30.8864,30.8515,30.8171,30.7856,30.7546,30.7244,30.6967,30.6697,30.6436,30.6183,30.5952,30.5729,30.5504,30.5298,30.5101,30.4905,30.4725,30.4554,30.4385,30.4225,30.4073,30.3925,30.3785,30.3649,30.3521,30.3401,30.3282,30.317,30.3062,30.2959,30.2861,30.2767,30.2675,30.259,30.2508,30.2428,30.2353,30.228,30.2211,30.2145,30.2081,30.2021,30.1962,30.1907,30.1854,30.1803,30.1754,30.1707,30.1663,30.162,30.158,30.154,30.1503,30.1467,30.1433,30.14,30.1369,30.1355
0.990647,34.7015,33.1522,31.7159,30.4551,29.437,28.7436,28.4521,28.5839,29.068,30.6376,31.5739,32.552,34.431,35.2127,36.2001,36.3462,35.6904,34.1364,32.6109,31.8551,32.2843,33.2889,34.3103,35.436,35.719,35.4984,34.1978,32.8083,32.8518,33.8621,34.6752,34.9343,34.1608,33.1409,32.7778,33.7819,34.1399,33.6689,32.7058,33.0246,33.5351,33.2704,32.6014,32.831,33.0526,32.5763,32.4193,32.6536,32.2651,32.2434,32.2814,32.0213,32.0858,31.8942,31.8849,31.7824,31.7268,31.6351,31.589,31.505,31.4616,31.3941,31.3363,31.2823,31.234,31.1791,31.135,31.09,31.0442,31.0023,30.9638,30.9252,30.8871,30.8522,30.8178,30.7863,30.7553,30.7251,30.6974,30.6704,30.6443,30.619,30.5959,30.5736,30.5511,30.5305,30.5108,30.4912,30.4732,30.4561,30.4392,30.4232,30.408,30.3932,30.3792,30.3657,30.3529,30.3408,30.3289,30.3177,30.307,30.2967,30.2868,30.2774,30.2683,30.2598,30.2515,30.2436,30.236,30.2288,30.2219,30.2152,30.2089,30.2028,30.197,30.1915,30.1862,30.1811,30.1762,30.1715,30.1671,30.1628,30.1587,30.1548,30.1511,30.1475,30.1441,30.1408,30.1377,30.1362
0.990918,34.7016,33.1523,31.716,30.4551,29.4371,28.7436,28.4522,28.584,29.0681,30.6377,31.5741,32.5522,34.4311,35.2128,36.2002,36.3463,35.6905,34.1365,32.611,31.8553,32.2845,33.2891,34.3105,35.4362,35.7192,35.4986,34.198,32.8085,32.8521,33.8624,34.6755,34.9345,34.161,33.1412,32.7781,33.7822,34.1402,33.6692,32.7061,33.025,33.5355,33.2708,32.6018,32.8314,33.053,32.5767,32.4198,32.6541,32.2656,32.2439,32.2819,32.0218,32.0863,31.8947,31.8854,31.7829,31.7274,31.6356,31.5895,31.5056,31.4622,31.3947,31.3369,31.2829,31.2346,31.1797,31.1357,31.0906,31.0448,31.0029,30.9644,30.9259,30.8878,30.8529,30.8185,30.7869,30.756,30.7258,30.6981,30.6711,30.645,30.6197,30.5966,30.5743,30.5518,30.5312,30.5115,30.4919,30.4739,30.4568,30.4399,30.4239,30.4088,30.3939,30.38,30.3664,30.3536,30.3416,30.3296,30.3185,30.3077,30.2974,30.2876,30.2782,30.269,30.2605,30.2523,30.2443,30.2368,30.2295,30.2226,30.216,30.2096,30.2036,30.1977,30.1922,30.1869,30.1818,30.177,30.1723,30.1678,30.1636,30.1595,30.1556,30.1518,30.1483,30.1448,30.1415,30.1384,30.137
0.991181,34.7016,33.1523,31.716,30.4552,29.4371,28.7437,28.4523,28.5841,29.0682,30.6379,31.5743,32.5523,34.4313,35.213,36.2004,36.3464,35.6906,34.1366,32.6111,31.8554,32.2847,33.2894,34.3107,35.4364,35.7193,35.4987,34.1981,32.8087,32.8524,33.8627,34.6758,34.9348,34.1613,33.1414,32.7785,33.7825,34.1405,33.6694,32.7064,33.0254,33.5358,33.2711,32.6021,32.8318,33.0534,32.5771,32.4202,32.6545,32.266,32.2444,32.2824,32.0222,32.0868,31.8952,31.886,31.7834,31.7279,31.6362,31.5901,31.5061,31.4627,31.3952,31.3375,31.2835,31.2352,31.1803,31.1363,31.0912,31.0454,31.0035,30.965,30.9265,30.8884,30.8535,30.8191,30.7876,30.7566,30.7264,30.6987,30.6718,30.6456,30.6204,30.5973,30.5749,30.5525,30.5319,30.5122,30.4926,30.4746,30.4575,30.4406,30.4246,30.4095,30.3946,30.3807,30.3671,30.3543,30.3423,30.3303,30.3192,30.3084,30.2981,30.2883,30.2789,30.2697,30.2612,30.253,30.245,30.2375,30.2302,30.2233,30.2167,30.2103,30.2043,30.1985,30.1929,30.1876,30.1825,30.1777,30.173,30.1685,30.1643,30.1602,30.1563,30.1525,30.149,30.1456,30.1423,30.1392,30.1377
0.991437,34.7017,33.1524,31.716,30.4552,29.4372,28.7438,28.4523,28.5842,29.0684,30.638,31.5744,32.5525,34.4314,35.2132,36.2005,36.3466,35.6907,34.1367,32.6112,31.8556,32.2849,33.2896,34.311,35.4366,35.7195,35.4989,34.1983,32.8089,32.8526,33.863,34.676,34.935,34.1615,33.1416,32.7788,33.7829,34.1408,33.6697,32.7067,33.0258,33.5362,33.2714,32.6024,32.8322,33.0538,32.5775,32.4206,32.655,32.2664,32.2449,32.2828,32.0227,32.0873,31.8956,31.8865,31.784,31.7284,31.6367,31.5906,31.5067,31.4633,31.3958,31.3381,31.2841,31.2357,31.1809,31.1369,31.0918,31.046,31.0041,30.9656,30.9271,30.889,30.8541,30.8197,30.7882,30.7573,30.727,30.6994,30.6724,30.6463,30.621,30.5979,30.5756,30.5531,30.5325,30.5128,30.4932,30.4753,30.4582,30.4413,30.4253,30.4101,30.3953,30.3813,30.3678,30.355,30.3429,30.331,30.3198,30.3091,30.2988,30.289,30.2796,30.2704,30.2619,30.2537,30.2457,30.2382,30.2309,30.224,30.2174,30.211,30.205,30.1992,30.1936,30.1883,30.1832,30.1784,30.1737,30.1692,30.165,30.1609,30.157,30.1533,30.1497,30.1463,30.143,30.1399,30.1384
0.991685,34.7017,33.1524,31.7161,30.4553,29.4372,28.7438,28.4524,28.5843,29.0685,30.6381,31.5746,32.5526,34.4316,35.2133,36.2006,36.3467,35.6908,34.1367,32.6113,31.8557,32.2851,33.2898,34.3112,35.4368,35.7197,35.4991,34.1984,32.809,32.8529,33.8632,34.6763,34.9352,34.1617,33.1418,32.7791,33.7832,34.1411,33.67,32.707,33.0261,33.5366,33.2718,32.6028,32.8326,33.0542,32.5779,32.4211,32.6554,32.2668,32.2453,32.2833,32.0232,32.0878,31.8961,31.887,31.7844,31.729,31.6372,31.5912,31.5072,31.4638,31.3963,31.3386,31.2846,31.2363,31.1815,31.1374,31.0924,31.0466,31.0047,30.9662,30.9277,30.8896,30.8547,30.8203,30.7888,30.7579,30.7277,30.7,30.673,30.6469,30.6217,30.5986,30.5762,30.5538,30.5332,30.5135,30.4939,30.4759,30.4588,30.4419,30.4259,30.4108,30.396,30.382,30.3684,30.3556,30.3436,30.3317,30.3205,30.3098,30.2995,30.2896,30.2802,30.2711,30.2626,30.2543,30.2464,30.2389,30.2316,30.2247,30.218,30.2117,30.2057,30.1999,30.1943,30.189,30.1839,30.1791,30.1744,30.1699,30.1657,30.1616,30.1577,30.1539,30.1504,30.147,30.1437,30.1406,30.1391
0.991927,34.7018,33.1524,31.7161,30.4553,29.4373,28.7439,28.4525,28.5844,29.0686,30.6383,31.5747,32.5528,34.4317,35.2134,36.2008,36.3468,35.6909,34.1368,32.6114,31.8559,32.2853,33.29,34.3114,35.437,35.7199,35.4992,34.1986,32.8092,32.8531,33.8635,34.6765,34.9355,34.1619,33.142,32.7793,33.7835,34.1414,33.6702,32.7073,33.0265,33.5369,33.2721,32.6031,32.833,33.0546,32.5782,32.4215,32.6558,32.2672,32.2458,32.2837,32.0236,32.0883,31.8966,31.8875,31.7849,31.7295,31.6377,31.5917,31.5077,31.4643,31.3969,31.3392,31.2852,31.2369,31.182,31.138,31.093,31.0472,31.0053,30.9668,30.9283,30.8902,30.8553,30.8209,30.7894,30.7585,30.7283,30.7006,30.6737,30.6475,30.6223,30.5992,30.5768,30.5544,30.5338,30.5141,30.4945,30.4766,30.4595,30.4426,30.4266,30.4114,30.3966,30.3826,30.3691,30.3563,30.3443,30.3323,30.3212,30.3104,30.3001,30.2903,30.2809,30.2718,30.2632,30.255,30.247,30.2395,30.2323,30.2253,30.2187,30.2124,30.2063,30.2005,30.195,30.1897,30.1846,30.1797,30.175,30.1706,30.1663,30.1623,30.1583,30.1546,30.151,30.1476,30.1443,30.1412,30.1398
0.992161,34.7018,33.1525,31.7162,30.4554,29.4373,28.744,28.4526,28.5845,29.0687,30.6384,31.5749,32.553,34.4319,35.2136,36.2009,36.347,35.691,34.1369,32.6116,31.8561,32.2856,33.2903,34.3117,35.4373,35.7201,35.4994,34.1988,32.8094,32.8535,33.8639,34.6769,34.9358,34.1621,33.1423,32.7797,33.7839,34.1418,33.6706,32.7076,33.027,33.5374,33.2725,32.6035,32.8336,33.0551,32.5787,32.422,32.6564,32.2678,32.2464,32.2844,32.0242,32.0889,31.8972,31.8881,31.7856,31.7302,31.6384,31.5924,31.5084,31.4651,31.3976,31.3399,31.2859,31.2376,31.1828,31.1387,31.0937,31.048,31.0061,30.9676,30.9291,30.891,30.8561,30.8217,30.7902,30.7593,30.7291,30.7014,30.6745,30.6484,30.6231,30.6,30.5777,30.5552,30.5347,30.515,30.4954,30.4774,30.4603,30.4434,30.4275,30.4123,30.3975,30.3835,30.3699,30.3572,30.3451,30.3332,30.322,30.3113,30.301,30.2912,30.2818,30.2727,30.2641,30.2559,30.2479,30.2404,30.2332,30.2262,30.2196,30.2133,30.2072,30.2014,30.1959,30.1906,30.1855,30.1806,30.1759,30.1715,30.1672,30.1632,30.1593,30.1555,30.1519,30.1485,30.1452,30.1421,30.1407
0.992388,34.7019,33.1525,31.7162,30.4554,29.4374,28.744,28.4527,28.5846,29.0688,30.6386,31.575,32.5531,34.4321,35.2138,36.2011,36.3471,35.6911,34.137,32.6117,31.8562,32.2857,33.2904,34.3119,35.4375,35.7203,35.4996,34.1989,32.8096,32.8537,33.8641,34.6771,34.936,34.1623,33.1425,32.78,33.7842,34.1421,33.6708,32.7079,33.0273,33.5377,33.2728,32.6038,32.834,33.0555,32.579,32.4225,32.6568,32.2682,32.2468,32.2848,32.0246,32.0894,31.8976,31.8886,31.786,31.7307,31.6388,31.5929,31.5089,31.4656,31.3981,31.3404,31.2864,31.2381,31.1833,31.1393,31.0943,31.0485,31.0066,30.9681,30.9297,30.8916,30.8567,30.8223,30.7908,30.7599,30.7297,30.702,30.6751,30.6489,30.6237,30.6006,30.5783,30.5558,30.5353,30.5156,30.496,30.478,30.4609,30.444,30.4281,30.4129,30.3981,30.3841,30.3706,30.3578,30.3457,30.3338,30.3227,30.3119,30.3016,30.2918,30.2824,30.2733,30.2648,30.2565,30.2486,30.241,30.2338,30.2269,30.2202,30.2139,30.2079,30.202,30.1965,30.1912,30.1861,30.1812,30.1766,30.1721,30.1679,30.1638,30.1599,30.1561,30.1526,30.1492,30.1459,30.1428,30.1413
0.999,34.7032,33.1538,31.7175,30.4567,29.4389,28.7458,28.4549,28.5875,29.0722,30.6427,31.5793,32.5576,34.4366,35.2182,36.2049,36.3506,35.6939,34.1397,32.6147,31.8607,32.2918,33.2969,34.3182,35.4432,35.7255,35.5043,34.2032,32.8148,32.8615,33.8724,34.6847,34.9428,34.1684,33.149,32.7888,33.7938,34.1509,33.6787,32.7165,33.0383,33.5482,33.2824,32.6137,32.8461,33.0672,32.5899,32.435,32.6697,32.2803,32.2604,32.2982,32.0382,32.1038,31.9116,31.9035,31.8007,31.746,31.654,31.6086,31.5247,31.4816,31.4144,31.3568,31.3031,31.2549,31.2003,31.1564,31.1116,31.066,31.0242,30.9859,30.9475,30.9095,30.8748,30.8405,30.8091,30.7783,30.7482,30.7207,30.6938,30.6678,30.6426,30.6196,30.5974,30.575,30.5545,30.5349,30.5153,30.4975,30.4804,30.4636,30.4477,30.4326,30.4178,30.4039,30.3904,30.3776,30.3657,30.3538,30.3426,30.3319,30.3217,30.3119,30.3025,30.2934,30.2849,30.2767,30.2688,30.2613,30.2541,30.2472,30.2406,30.2343,30.2282,30.2224,30.2169,30.2116,30.2066,30.2017,30.1971,30.1926,30.1884,30.1843,30.1804,30.1767,30.1732,30.1698,30.1665,30.1634,30.1619
