,0.296267,0.308107,0.319947,0.347573,0.367307,0.38704,0.406773,0.426507,0.44624,0.46992,0.489653,0.509387,0.52912,0.548853,0.568587,0.58832,0.608053,0.627787,0.64752,0.66528,0.68896,0.70672,0.72448,0.74816,0.76592,0.7896,0.80736,0.82512,0.8488,0.86656,0.88432,0.908,0.92576,0.94944,0.9672,0.98496,1.00272,1.0264,1.08955,1.1448,1.20795,1.2632,1.32635,1.39739,1.46843,1.53552,1.6184,1.70128,1.78416,1.87888,1.9736,2.0624,2.166,2.2844,2.388,2.5064,2.64453,2.76293,2.9208,3.06288,3.20496,3.37072,3.53648,3.72592,3.91536,4.1048,4.312,4.5192,4.756,4.9928,5.2296,5.496,5.792,6.0584,6.384,6.7096,7.0352,7.3904,7.7456,8.1304,8.5448,8.9888,9.4328,9.9064,10.4096
1.07e-07,3.01966e-07,1.44957e-06,7.41801e-06,4.74626e-05,6.79969e-05,6.44351e-05,5.24362e-05,3.66299e-05,2.44778e-05,1.63166e-05,1.10863e-05,7.75266e-06,5.95823e-06,4.4107e-06,3.36313e-06,2.63405e-06,2.1128e-06,1.73073e-06,1.44412e-06,1.2733e-06,1.10795e-06,9.35393e-07,8.3269e-07,7.47271e-07,6.75481e-07,6.14573e-07,5.46724e-07,5.03838e-07,4.66483e-07,4.33727e-07,3.95951e-07,3.71291e-07,3.49264e-07,3.29496e-07,3.11677e-07,2.9051e-07,2.78789e-07,2.67028e-07,2.28034e-07,2.01837e-07,1.80842e-07,1.63682e-07,1.47578e-07,1.34301e-07,1.21915e-07,1.13122e-07,1.02824e-07,9.53708e-08,8.79269e-08,8.15561e-08,7.53162e-08,7.0278e-08,6.5189e-08,6.07869e-08,5.69412e-08,5.32729e-08,4.9902e-08,4.69324e-08,4.38857e-08,4.13736e-08,3.85458e-08,3.64129e-08,3.42049e-08,3.22496e-08,3.02722e-08,2.87558e-08,2.70359e-08,2.55101e-08,2.41475e-08,2.27582e-08,2.15201e-08,2.04099e-08,1.92903e-08,1.81822e-08,1.71946e-08,1.63086e-08,1.5434e-08,1.46485e-08,1.38778e-08,1.31296e-08,1.24579e-08,1.18075e-08,1.12215e-08,1.06551e-08,1.01107e-08
1.28e-07,3.61232e-07,1.73406e-06,8.87387e-06,5.67775e-05,8.13419e-05,7.70813e-05,6.27274e-05,4.38187e-05,2.92819e-05,1.9519e-05,1.32622e-05,9.27421e-06,7.12762e-06,5.27637e-06,4.0232e-06,3.15101e-06,2.52748e-06,2.07039e-06,1.72754e-06,1.5232e-06,1.3254e-06,1.11897e-06,9.96116e-07,8.93931e-07,8.08052e-07,7.35189e-07,6.54025e-07,6.02724e-07,5.58035e-07,5.18851e-07,4.73661e-07,4.44161e-07,4.17811e-07,3.94164e-07,3.72847e-07,3.47526e-07,3.33504e-07,3.19436e-07,2.72788e-07,2.41451e-07,2.16335e-07,1.95807e-07,1.76542e-07,1.60659e-07,1.45843e-07,1.35323e-07,1.23004e-07,1.14089e-07,1.05184e-07,9.75626e-08,9.00978e-08,8.40708e-08,7.79831e-08,7.27171e-08,6.81169e-08,6.37283e-08,5.96957e-08,5.61435e-08,5.24988e-08,4.94936e-08,4.6111e-08,4.35596e-08,4.09182e-08,3.85789e-08,3.62134e-08,3.43995e-08,3.23419e-08,3.05167e-08,2.88866e-08,2.72248e-08,2.57438e-08,2.44155e-08,2.30763e-08,2.17508e-08,2.05691e-08,1.95095e-08,1.84632e-08,1.75234e-08,1.66015e-08,1.57065e-08,1.4903e-08,1.41248e-08,1.3424e-08,1.27463e-08,1.2095e-08
1.54e-07,4.34606e-07,2.08629e-06,1.06764e-05,6.83105e-05,9.78647e-05,9.27383e-05,7.54688e-05,5.27196e-05,3.52298e-05,2.34838e-05,1.5956e-05,1.1158e-05,8.5754e-06,6.34812e-06,4.8404e-06,3.79106e-06,3.04087e-06,2.49095e-06,2.07845e-06,1.8326e-06,1.59461e-06,1.34626e-06,1.19845e-06,1.07551e-06,9.72189e-07,8.84525e-07,7.86874e-07,7.25151e-07,6.71386e-07,6.24243e-07,5.69873e-07,5.34382e-07,5.02679e-07,4.74228e-07,4.48582e-07,4.18118e-07,4.01247e-07,3.84321e-07,3.28197e-07,2.90495e-07,2.60278e-07,2.3558e-07,2.12402e-07,1.93293e-07,1.75467e-07,1.62811e-07,1.4799e-07,1.37263e-07,1.26549e-07,1.1738e-07,1.08399e-07,1.01148e-07,9.38238e-08,8.74878e-08,8.19532e-08,7.66732e-08,7.18216e-08,6.75476e-08,6.31626e-08,5.9547e-08,5.54774e-08,5.24073e-08,4.92295e-08,4.64155e-08,4.35693e-08,4.1387e-08,3.89115e-08,3.67154e-08,3.47543e-08,3.27547e-08,3.09729e-08,2.9375e-08,2.77638e-08,2.61688e-08,2.47473e-08,2.34723e-08,2.22134e-08,2.10827e-08,1.99737e-08,1.88968e-08,1.79302e-08,1.69939e-08,1.61506e-08,1.53353e-08,1.45518e-08
1.85e-07,5.2209e-07,2.50626e-06,1.28255e-05,8.2061e-05,0.000117564,0.000111406,9.06605e-05,6.33319e-05,4.23215e-05,2.8211e-05,1.91679e-05,1.34041e-05,1.03016e-05,7.626e-06,5.81478e-06,4.55419e-06,3.65299e-06,2.99237e-06,2.49684e-06,2.2015e-06,1.91561e-06,1.61727e-06,1.4397e-06,1.29201e-06,1.16789e-06,1.06258e-06,9.45271e-07,8.71123e-07,8.06535e-07,7.49902e-07,6.84588e-07,6.41952e-07,6.03868e-07,5.6969e-07,5.38881e-07,5.02284e-07,4.82018e-07,4.61685e-07,3.94263e-07,3.48971e-07,3.12671e-07,2.83002e-07,2.55159e-07,2.32203e-07,2.10788e-07,1.95585e-07,1.7778e-07,1.64893e-07,1.52023e-07,1.41009e-07,1.30219e-07,1.21509e-07,1.1271e-07,1.05099e-07,9.845e-08,9.21075e-08,8.62791e-08,8.11447e-08,7.58771e-08,7.15336e-08,6.66449e-08,6.29571e-08,5.91394e-08,5.57586e-08,5.23396e-08,4.9718e-08,4.67443e-08,4.41063e-08,4.17502e-08,3.93483e-08,3.72078e-08,3.52881e-08,3.33525e-08,3.14366e-08,2.97288e-08,2.81972e-08,2.6685e-08,2.53266e-08,2.39943e-08,2.27008e-08,2.15394e-08,2.04147e-08,1.94018e-08,1.84223e-08,1.74811e-08
2.22e-07,6.26511e-07,3.00751e-06,1.53906e-05,9.84734e-05,0.000141077,0.000133687,0.000108792,7.59982e-05,5.07858e-05,3.38532e-05,2.30016e-05,1.60849e-05,1.23619e-05,9.1512e-06,6.97772e-06,5.46503e-06,4.38359e-06,3.59084e-06,2.99621e-06,2.6418e-06,2.29873e-06,1.94072e-06,1.72764e-06,1.55042e-06,1.40147e-06,1.2751e-06,1.13432e-06,1.04535e-06,9.67841e-07,8.99883e-07,8.21505e-07,7.70342e-07,7.24642e-07,6.83628e-07,6.46657e-07,6.0274e-07,5.78422e-07,5.54022e-07,4.73116e-07,4.18766e-07,3.75205e-07,3.39602e-07,3.06191e-07,2.78643e-07,2.52946e-07,2.34701e-07,2.13337e-07,1.97872e-07,1.82428e-07,1.6921e-07,1.56263e-07,1.45811e-07,1.35252e-07,1.26119e-07,1.1814e-07,1.10529e-07,1.03535e-07,9.73738e-08,9.10527e-08,8.58404e-08,7.99737e-08,7.55484e-08,7.09673e-08,6.69105e-08,6.28076e-08,5.96616e-08,5.60931e-08,5.29274e-08,5.01003e-08,4.72178e-08,4.46493e-08,4.23458e-08,4.0023e-08,3.77238e-08,3.56746e-08,3.38367e-08,3.20219e-08,3.0392e-08,2.87932e-08,2.72409e-08,2.58474e-08,2.44977e-08,2.32822e-08,2.21069e-08,2.09773e-08
2.66e-07,7.50682e-07,3.60359e-06,1.8441e-05,0.000117991,0.000169039,0.000160184,0.000130355,9.10609e-05,6.08514e-05,4.05629e-05,2.75603e-05,1.92729e-05,1.48121e-05,1.09649e-05,8.36069e-06,6.54819e-06,5.25241e-06,4.30255e-06,3.59005e-06,3.16539e-06,2.75433e-06,2.32537e-06,2.07006e-06,1.8577e-06,1.67924e-06,1.52781e-06,1.35914e-06,1.25254e-06,1.15966e-06,1.07824e-06,9.84326e-07,9.23022e-07,8.68264e-07,8.19121e-07,7.74824e-07,7.22202e-07,6.93064e-07,6.63828e-07,5.66887e-07,5.01764e-07,4.4957e-07,4.06911e-07,3.66877e-07,3.33869e-07,3.0308e-07,2.81219e-07,2.55619e-07,2.3709e-07,2.18585e-07,2.02747e-07,1.87234e-07,1.7471e-07,1.62059e-07,1.51115e-07,1.41555e-07,1.32436e-07,1.24055e-07,1.16673e-07,1.09099e-07,1.02854e-07,9.58243e-08,9.05219e-08,8.50329e-08,8.01719e-08,7.52557e-08,7.14865e-08,6.72107e-08,6.34176e-08,6.00299e-08,5.65764e-08,5.34987e-08,5.07386e-08,4.79554e-08,4.52007e-08,4.27453e-08,4.0543e-08,3.83687e-08,3.64156e-08,3.45e-08,3.26399e-08,3.09702e-08,2.93531e-08,2.78966e-08,2.64884e-08,2.5135e-08
3.19e-07,9.00255e-07,4.32162e-06,2.21153e-05,0.0001415,0.000202719,0.0001921,0.000156328,0.000109204,7.2976e-05,4.86449e-05,3.30517e-05,2.31131e-05,1.77633e-05,1.31497e-05,1.00265e-05,7.8529e-06,6.29895e-06,5.15981e-06,4.30536e-06,3.7961e-06,3.30314e-06,2.78869e-06,2.48251e-06,2.22784e-06,2.01382e-06,1.83223e-06,1.62996e-06,1.5021e-06,1.39073e-06,1.29307e-06,1.18045e-06,1.10693e-06,1.04126e-06,9.8233e-07,9.29205e-07,8.661e-07,8.31155e-07,7.96094e-07,6.79837e-07,6.0174e-07,5.39146e-07,4.87987e-07,4.39977e-07,4.00392e-07,3.63468e-07,3.37251e-07,3.06551e-07,2.8433e-07,2.62137e-07,2.43144e-07,2.2454e-07,2.09521e-07,1.94349e-07,1.81224e-07,1.6976e-07,1.58823e-07,1.48773e-07,1.3992e-07,1.30837e-07,1.23347e-07,1.14917e-07,1.08558e-07,1.01976e-07,9.61462e-08,9.02504e-08,8.57301e-08,8.06022e-08,7.60534e-08,7.19908e-08,6.78491e-08,6.41582e-08,6.08482e-08,5.75104e-08,5.42069e-08,5.12622e-08,4.86211e-08,4.60135e-08,4.36714e-08,4.1374e-08,3.91434e-08,3.71409e-08,3.52017e-08,3.3455e-08,3.17661e-08,3.0143e-08
3.83e-07,1.08087e-06,5.18865e-06,2.65523e-05,0.000169888,0.00024339,0.00023064,0.000187691,0.000131114,8.76169e-05,5.84043e-05,3.96828e-05,2.77501e-05,2.13271e-05,1.57879e-05,1.20382e-05,9.42839e-06,7.56269e-06,6.19501e-06,5.16913e-06,4.55769e-06,3.96583e-06,3.34818e-06,2.98056e-06,2.67481e-06,2.41784e-06,2.19982e-06,1.95697e-06,1.80346e-06,1.66974e-06,1.5525e-06,1.41728e-06,1.32901e-06,1.25017e-06,1.17942e-06,1.11563e-06,1.03986e-06,9.97906e-07,9.55816e-07,8.16231e-07,7.22464e-07,6.47313e-07,5.8589e-07,5.28248e-07,4.80722e-07,4.36389e-07,4.04913e-07,3.68053e-07,3.41374e-07,3.14729e-07,2.91925e-07,2.69589e-07,2.51556e-07,2.3334e-07,2.17583e-07,2.03819e-07,1.90687e-07,1.78621e-07,1.67992e-07,1.57086e-07,1.48094e-07,1.37973e-07,1.30338e-07,1.22435e-07,1.15436e-07,1.08357e-07,1.0293e-07,9.67731e-08,9.13118e-08,8.64341e-08,8.14615e-08,7.703e-08,7.30559e-08,6.90486e-08,6.50822e-08,6.15467e-08,5.83758e-08,5.5245e-08,5.2433e-08,4.96748e-08,4.69965e-08,4.45925e-08,4.22641e-08,4.01669e-08,3.81392e-08,3.61906e-08
4.6e-07,1.29817e-06,6.23178e-06,3.18904e-05,0.000204043,0.000292321,0.000277009,0.000225425,0.000157473,0.000105232,7.01461e-05,4.76608e-05,3.33292e-05,2.56148e-05,1.89619e-05,1.44583e-05,1.13239e-05,9.08311e-06,7.44049e-06,6.20835e-06,5.47399e-06,4.76314e-06,4.02131e-06,3.57979e-06,3.21257e-06,2.90395e-06,2.64208e-06,2.35041e-06,2.16604e-06,2.00544e-06,1.86462e-06,1.70222e-06,1.59621e-06,1.50151e-06,1.41652e-06,1.33992e-06,1.24892e-06,1.19853e-06,1.14797e-06,9.80328e-07,8.6771e-07,7.77452e-07,7.0368e-07,6.34449e-07,5.77368e-07,5.24122e-07,4.86318e-07,4.42048e-07,4.10006e-07,3.78004e-07,3.50615e-07,3.23789e-07,3.0213e-07,2.80252e-07,2.61327e-07,2.44795e-07,2.29024e-07,2.14532e-07,2.01765e-07,1.88668e-07,1.77868e-07,1.65711e-07,1.56542e-07,1.4705e-07,1.38643e-07,1.30142e-07,1.23623e-07,1.16229e-07,1.0967e-07,1.03811e-07,9.78388e-08,9.25164e-08,8.77434e-08,8.29305e-08,7.81666e-08,7.39205e-08,7.01119e-08,6.63517e-08,6.29744e-08,5.96617e-08,5.6445e-08,5.35575e-08,5.07611e-08,4.82423e-08,4.5807e-08,4.34665e-08
5.52e-07,1.55781e-06,7.47813e-06,3.82685e-05,0.000244852,0.000350785,0.00033241,0.00027051,0.000188968,0.000126278,8.41753e-05,5.71928e-05,3.9995e-05,3.07378e-05,2.27543e-05,1.73501e-05,1.35887e-05,1.08997e-05,8.92859e-06,7.45001e-06,6.5688e-06,5.71576e-06,4.82557e-06,4.29574e-06,3.85509e-06,3.48473e-06,3.1705e-06,2.82048e-06,2.59924e-06,2.40652e-06,2.23754e-06,2.04267e-06,1.91545e-06,1.80182e-06,1.69983e-06,1.6079e-06,1.49871e-06,1.43824e-06,1.37757e-06,1.17639e-06,1.04125e-06,9.32944e-07,8.44415e-07,7.61336e-07,6.92845e-07,6.28947e-07,5.83582e-07,5.30458e-07,4.92007e-07,4.53604e-07,4.20738e-07,3.88546e-07,3.62556e-07,3.36303e-07,3.13592e-07,2.93754e-07,2.74829e-07,2.57438e-07,2.42118e-07,2.26401e-07,2.13441e-07,1.98854e-07,1.8785e-07,1.76459e-07,1.66372e-07,1.5617e-07,1.48348e-07,1.39475e-07,1.31604e-07,1.24574e-07,1.17407e-07,1.1102e-07,1.05292e-07,9.95165e-08,9.37998e-08,8.87045e-08,8.41345e-08,7.96221e-08,7.55694e-08,7.15939e-08,6.7734e-08,6.4269e-08,6.09133e-08,5.78907e-08,5.49683e-08,5.21597e-08
6.62e-07,1.86824e-06,8.96834e-06,4.58946e-05,0.000293645,0.000420687,0.00039865,0.000324414,0.000226624,0.000151442,0.000100949,6.85901e-05,4.79649e-05,3.68631e-05,2.72887e-05,2.08075e-05,1.62966e-05,1.30718e-05,1.07078e-05,8.93462e-06,7.87778e-06,6.85479e-06,5.78719e-06,5.15178e-06,4.6233e-06,4.17915e-06,3.80231e-06,3.38254e-06,3.11721e-06,2.88608e-06,2.68343e-06,2.44972e-06,2.29715e-06,2.16086e-06,2.03857e-06,1.92832e-06,1.79736e-06,1.72484e-06,1.65208e-06,1.41082e-06,1.24875e-06,1.11885e-06,1.01269e-06,9.13057e-07,8.30906e-07,7.54278e-07,6.99876e-07,6.36167e-07,5.90053e-07,5.43997e-07,5.04581e-07,4.65974e-07,4.34805e-07,4.0332e-07,3.76084e-07,3.52292e-07,3.29595e-07,3.08739e-07,2.90367e-07,2.71517e-07,2.55975e-07,2.3848e-07,2.25284e-07,2.11623e-07,1.99526e-07,1.87291e-07,1.7791e-07,1.67269e-07,1.57829e-07,1.49398e-07,1.40803e-07,1.33143e-07,1.26274e-07,1.19348e-07,1.12492e-07,1.06381e-07,1.009e-07,9.54889e-08,9.06284e-08,8.58609e-08,8.12317e-08,7.70762e-08,7.30518e-08,6.94269e-08,6.59221e-08,6.25539e-08
7.95e-07,2.24358e-06,1.07701e-05,5.51149e-05,0.000352638,0.000505203,0.000478741,0.000389592,0.000272153,0.000181867,0.000121231,8.237e-05,5.76013e-05,4.42691e-05,3.27711e-05,2.49878e-05,1.95708e-05,1.5698e-05,1.28591e-05,1.07296e-05,9.46049e-06,8.23194e-06,6.94987e-06,6.18681e-06,5.55215e-06,5.01876e-06,4.56621e-06,4.06211e-06,3.74347e-06,3.46592e-06,3.22255e-06,2.94188e-06,2.75866e-06,2.595e-06,2.44812e-06,2.31573e-06,2.15846e-06,2.07138e-06,1.984e-06,1.69427e-06,1.49963e-06,1.34364e-06,1.21614e-06,1.09649e-06,9.97846e-07,9.05819e-07,8.40486e-07,7.63977e-07,7.08597e-07,6.53289e-07,6.05956e-07,5.5959e-07,5.22159e-07,4.84347e-07,4.51639e-07,4.23071e-07,3.95813e-07,3.70767e-07,3.48703e-07,3.26068e-07,3.07401e-07,2.86392e-07,2.70545e-07,2.5414e-07,2.39612e-07,2.24919e-07,2.13653e-07,2.00874e-07,1.89538e-07,1.79413e-07,1.69091e-07,1.59893e-07,1.51644e-07,1.43325e-07,1.35092e-07,1.27754e-07,1.21172e-07,1.14673e-07,1.08836e-07,1.03111e-07,9.75516e-08,9.25613e-08,8.77283e-08,8.33752e-08,7.91663e-08,7.51214e-08
9.54e-07,2.6923e-06,1.29242e-05,6.6138e-05,0.000423165,0.000606244,0.000574487,0.000467507,0.000326584,0.000218241,0.000145477,9.88442e-05,6.91217e-05,5.31228e-05,3.93253e-05,2.99853e-05,2.34848e-05,1.88376e-05,1.5431e-05,1.28756e-05,1.13526e-05,9.87834e-06,8.33985e-06,7.42418e-06,6.66258e-06,6.02252e-06,5.47945e-06,4.87453e-06,4.49217e-06,4.1591e-06,3.86706e-06,3.53025e-06,3.31038e-06,3.114e-06,2.93775e-06,2.77888e-06,2.59015e-06,2.48565e-06,2.3808e-06,2.03312e-06,1.79956e-06,1.61237e-06,1.45937e-06,1.31579e-06,1.19741e-06,1.08698e-06,1.00858e-06,9.16767e-07,8.50314e-07,7.83944e-07,7.27143e-07,6.71507e-07,6.26592e-07,5.8122e-07,5.41969e-07,5.07683e-07,4.74977e-07,4.44921e-07,4.18444e-07,3.9128e-07,3.68882e-07,3.43672e-07,3.24655e-07,3.04967e-07,2.87534e-07,2.69903e-07,2.56384e-07,2.41049e-07,2.27445e-07,2.15295e-07,2.02909e-07,1.91872e-07,1.81973e-07,1.7199e-07,1.62111e-07,1.53305e-07,1.45406e-07,1.37608e-07,1.30603e-07,1.23733e-07,1.17062e-07,1.11073e-07,1.05274e-07,1.0005e-07,9.49992e-08,9.01457e-08
1.14e-06,3.2172e-06,1.5444e-05,7.90328e-05,0.000505667,0.000724439,0.000686491,0.000558655,0.000390256,0.00026079,0.00017384,0.000118116,8.25982e-05,6.348e-05,4.69925e-05,3.58314e-05,2.80636e-05,2.25103e-05,1.84394e-05,1.53859e-05,1.3566e-05,1.18043e-05,9.96586e-06,8.87165e-06,7.96158e-06,7.19672e-06,6.54777e-06,5.82491e-06,5.368e-06,4.97e-06,4.62102e-06,4.21854e-06,3.95581e-06,3.72113e-06,3.51052e-06,3.32067e-06,3.09515e-06,2.97027e-06,2.84497e-06,2.42951e-06,2.15041e-06,1.92673e-06,1.7439e-06,1.57233e-06,1.43087e-06,1.29891e-06,1.20522e-06,1.09551e-06,1.0161e-06,9.36791e-07,8.68918e-07,8.02434e-07,7.48759e-07,6.94537e-07,6.47635e-07,6.06666e-07,5.67582e-07,5.31665e-07,5.00029e-07,4.67567e-07,4.40801e-07,4.10675e-07,3.8795e-07,3.64426e-07,3.43594e-07,3.22526e-07,3.0637e-07,2.88045e-07,2.71789e-07,2.57271e-07,2.42471e-07,2.2928e-07,2.17452e-07,2.05523e-07,1.93718e-07,1.83194e-07,1.73756e-07,1.64437e-07,1.56067e-07,1.47857e-07,1.39885e-07,1.3273e-07,1.25799e-07,1.19557e-07,1.13521e-07,1.07721e-07
1.37e-06,3.8663e-06,1.85599e-05,9.49779e-05,0.000607688,0.000870594,0.000824989,0.000671363,0.00046899,0.000313404,0.000208912,0.000141946,9.92626e-05,7.62874e-05,5.64735e-05,4.30606e-05,3.37256e-05,2.70518e-05,2.21596e-05,1.84901e-05,1.63029e-05,1.41858e-05,1.19765e-05,1.06616e-05,9.56786e-06,8.64869e-06,7.86882e-06,7.00011e-06,6.45102e-06,5.97272e-06,5.55333e-06,5.06965e-06,4.75392e-06,4.47188e-06,4.21878e-06,3.99063e-06,3.71961e-06,3.56954e-06,3.41897e-06,2.91968e-06,2.58427e-06,2.31546e-06,2.09574e-06,1.88955e-06,1.71956e-06,1.56097e-06,1.44838e-06,1.31653e-06,1.2211e-06,1.12579e-06,1.04422e-06,9.64329e-07,8.99823e-07,8.34664e-07,7.78298e-07,7.29063e-07,6.82093e-07,6.38932e-07,6.0091e-07,5.61902e-07,5.29735e-07,4.93531e-07,4.66221e-07,4.37952e-07,4.12915e-07,3.87595e-07,3.68182e-07,3.46161e-07,3.26625e-07,3.09178e-07,2.91389e-07,2.75538e-07,2.61324e-07,2.46989e-07,2.328e-07,2.20155e-07,2.08812e-07,1.97612e-07,1.87555e-07,1.77688e-07,1.68108e-07,1.59508e-07,1.51179e-07,1.43678e-07,1.36425e-07,1.29454e-07
1.65e-06,4.65649e-06,2.23531e-05,0.000114389,0.000731885,0.00104852,0.000993594,0.000808573,0.000564842,0.000377458,0.000251609,0.000170956,0.00011955,9.1879e-05,6.80154e-05,5.18614e-05,4.06183e-05,3.25807e-05,2.66888e-05,2.22691e-05,1.96349e-05,1.70851e-05,1.44243e-05,1.28406e-05,1.15233e-05,1.04163e-05,9.47705e-06,8.43079e-06,7.76948e-06,7.19341e-06,6.68831e-06,6.10578e-06,5.72551e-06,5.38585e-06,5.08101e-06,4.80624e-06,4.47983e-06,4.29908e-06,4.11773e-06,3.5164e-06,3.11244e-06,2.78869e-06,2.52407e-06,2.27574e-06,2.07099e-06,1.88e-06,1.7444e-06,1.58561e-06,1.47067e-06,1.35588e-06,1.25764e-06,1.16142e-06,1.08373e-06,1.00525e-06,9.37366e-07,8.78069e-07,8.21499e-07,7.69518e-07,7.23722e-07,6.76743e-07,6.38004e-07,5.94398e-07,5.61509e-07,5.27461e-07,4.97308e-07,4.66812e-07,4.43431e-07,4.16907e-07,3.93381e-07,3.72367e-07,3.50943e-07,3.31853e-07,3.14732e-07,2.97468e-07,2.8038e-07,2.65149e-07,2.51488e-07,2.38001e-07,2.25887e-07,2.14004e-07,2.02466e-07,1.92109e-07,1.82078e-07,1.73043e-07,1.64307e-07,1.55912e-07
1.98e-06,5.58778e-06,2.68237e-05,0.000137267,0.000878259,0.00125822,0.00119231,0.000970281,0.000677805,0.000452948,0.000301929,0.000205148,0.000143459,0.000110255,8.16184e-05,6.22336e-05,4.8742e-05,3.90969e-05,3.20264e-05,2.67229e-05,2.35619e-05,2.05022e-05,1.73091e-05,1.54086e-05,1.3828e-05,1.24996e-05,1.13725e-05,1.01169e-05,9.32338e-06,8.6321e-06,8.02598e-06,7.32693e-06,6.87062e-06,6.46302e-06,6.09722e-06,5.76748e-06,5.3758e-06,5.1589e-06,4.94127e-06,4.21968e-06,3.73493e-06,3.34642e-06,3.02888e-06,2.73089e-06,2.48519e-06,2.256e-06,2.09328e-06,1.90273e-06,1.7648e-06,1.62706e-06,1.50917e-06,1.3937e-06,1.30048e-06,1.2063e-06,1.12484e-06,1.05368e-06,9.858e-07,9.23421e-07,8.68468e-07,8.12092e-07,7.65604e-07,7.1328e-07,6.73811e-07,6.32952e-07,5.96769e-07,5.60174e-07,5.32116e-07,5.00288e-07,4.72055e-07,4.4684e-07,4.21132e-07,3.98224e-07,3.77678e-07,3.56961e-07,3.36457e-07,3.18179e-07,3.01786e-07,2.85601e-07,2.71064e-07,2.56805e-07,2.42959e-07,2.3053e-07,2.18493e-07,2.07651e-07,1.97169e-07,1.87095e-07
2.37e-06,6.68843e-06,3.21073e-05,0.000164305,0.00105124,0.00150604,0.00142714,0.00116139,0.00081131,0.000542162,0.000361402,0.000245554,0.000171716,0.000131971,9.76947e-05,7.44917e-05,5.83427e-05,4.67977e-05,3.83346e-05,3.19864e-05,2.8203e-05,2.45405e-05,2.07185e-05,1.84437e-05,1.65516e-05,1.49616e-05,1.36125e-05,1.21096e-05,1.11598e-05,1.03324e-05,9.60685e-06,8.77012e-06,8.22392e-06,7.73604e-06,7.29819e-06,6.9035e-06,6.43466e-06,6.17505e-06,5.91455e-06,5.05083e-06,4.4706e-06,4.00557e-06,3.62548e-06,3.26879e-06,2.9747e-06,2.70037e-06,2.5056e-06,2.27751e-06,2.11242e-06,1.94754e-06,1.80643e-06,1.66821e-06,1.55663e-06,1.44391e-06,1.3464e-06,1.26123e-06,1.17997e-06,1.1053e-06,1.03953e-06,9.72048e-07,9.16405e-07,8.53774e-07,8.06532e-07,7.57626e-07,7.14314e-07,6.70512e-07,6.36927e-07,5.98831e-07,5.65036e-07,5.34853e-07,5.04083e-07,4.76661e-07,4.52071e-07,4.27272e-07,4.02727e-07,3.80852e-07,3.61229e-07,3.41856e-07,3.24455e-07,3.07387e-07,2.90815e-07,2.75937e-07,2.6153e-07,2.48553e-07,2.36006e-07,2.23947e-07
2.85e-06,8.04303e-06,3.86099e-05,0.000197581,0.00126415,0.00181104,0.00171617,0.0013966,0.000975619,0.000651965,0.000434594,0.000295286,0.000206494,0.000158699,0.000117481,8.95785e-05,7.01589e-05,5.62757e-05,4.60986e-05,3.84648e-05,3.39149e-05,2.95108e-05,2.49147e-05,2.21792e-05,1.99039e-05,1.79918e-05,1.63694e-05,1.45622e-05,1.342e-05,1.2425e-05,1.15526e-05,1.05464e-05,9.88952e-06,9.30283e-06,8.7763e-06,8.30168e-06,7.73789e-06,7.42569e-06,7.11244e-06,6.07379e-06,5.37604e-06,4.81683e-06,4.35976e-06,3.93082e-06,3.57717e-06,3.24728e-06,3.01306e-06,2.73878e-06,2.54025e-06,2.34198e-06,2.17229e-06,2.00608e-06,1.8719e-06,1.73635e-06,1.61909e-06,1.51666e-06,1.41895e-06,1.32916e-06,1.25007e-06,1.16892e-06,1.10201e-06,1.02669e-06,9.69878e-07,9.11068e-07,8.58986e-07,8.06311e-07,7.65926e-07,7.20114e-07,6.79474e-07,6.43179e-07,6.06175e-07,5.73199e-07,5.43628e-07,5.13808e-07,4.84293e-07,4.57985e-07,4.3439e-07,4.11092e-07,3.90168e-07,3.69643e-07,3.49714e-07,3.31824e-07,3.14498e-07,2.98892e-07,2.83804e-07,2.69303e-07
3.42e-06,9.65165e-06,4.63321e-05,0.000237098,0.00151697,0.00217323,0.00205938,0.0016759,0.00117073,0.000782352,0.000521511,0.000354343,0.000247793,0.000190439,0.000140977,0.000107494,8.41907e-05,6.75308e-05,5.53183e-05,4.61577e-05,4.06979e-05,3.54129e-05,2.98976e-05,2.6615e-05,2.38847e-05,2.15902e-05,1.96433e-05,1.74747e-05,1.6104e-05,1.491e-05,1.38631e-05,1.26556e-05,1.18674e-05,1.11634e-05,1.05315e-05,9.96204e-06,9.28546e-06,8.91083e-06,8.53493e-06,7.28854e-06,6.45125e-06,5.78019e-06,5.23171e-06,4.71699e-06,4.29261e-06,3.89674e-06,3.61567e-06,3.28653e-06,3.0483e-06,2.81037e-06,2.60675e-06,2.4073e-06,2.24627e-06,2.08361e-06,1.94291e-06,1.82e-06,1.70274e-06,1.595e-06,1.50008e-06,1.4027e-06,1.32241e-06,1.23203e-06,1.16385e-06,1.09328e-06,1.03078e-06,9.67576e-07,9.19111e-07,8.64137e-07,8.1537e-07,7.71814e-07,7.2741e-07,6.8784e-07,6.52354e-07,6.1657e-07,5.81151e-07,5.49582e-07,5.21267e-07,4.9331e-07,4.68202e-07,4.43572e-07,4.19656e-07,3.98189e-07,3.77398e-07,3.5867e-07,3.40565e-07,3.23164e-07
4.1e-06,1.15707e-05,5.55442e-05,0.000284239,0.00181857,0.00260529,0.00246881,0.0020091,0.0014035,0.000937902,0.0006252,0.000424795,0.00029706,0.000228304,0.000169007,0.000128867,0.00010093,8.0958e-05,6.63172e-05,5.53352e-05,4.87899e-05,4.2454e-05,3.58422e-05,3.19068e-05,2.86337e-05,2.5883e-05,2.3549e-05,2.09493e-05,1.93059e-05,1.78745e-05,1.66194e-05,1.51719e-05,1.4227e-05,1.3383e-05,1.26255e-05,1.19427e-05,1.11317e-05,1.06825e-05,1.02319e-05,8.7377e-06,7.73396e-06,6.92947e-06,6.27193e-06,5.65487e-06,5.14611e-06,4.67152e-06,4.33458e-06,3.94e-06,3.6544e-06,3.36916e-06,3.12505e-06,2.88594e-06,2.6929e-06,2.4979e-06,2.32922e-06,2.18187e-06,2.0413e-06,1.91213e-06,1.79834e-06,1.6816e-06,1.58534e-06,1.47699e-06,1.39526e-06,1.31066e-06,1.23573e-06,1.15996e-06,1.10186e-06,1.03595e-06,9.7749e-07,9.25275e-07,8.72042e-07,8.24603e-07,7.82061e-07,7.39163e-07,6.96702e-07,6.58857e-07,6.24912e-07,5.91396e-07,5.61293e-07,5.31767e-07,5.03096e-07,4.77361e-07,4.52436e-07,4.29986e-07,4.08279e-07,3.87419e-07
4.92e-06,1.38848e-05,6.66528e-05,0.000341086,0.00218227,0.00312631,0.00296254,0.00241088,0.00168418,0.00112547,0.000750236,0.000509752,0.000356471,0.000273963,0.000202808,0.00015464,0.000121116,9.71494e-05,7.95807e-05,6.64022e-05,5.85478e-05,5.09448e-05,4.30105e-05,3.82882e-05,3.43605e-05,3.10596e-05,2.82588e-05,2.51391e-05,2.31671e-05,2.14495e-05,1.99433e-05,1.82063e-05,1.70725e-05,1.60596e-05,1.51506e-05,1.43313e-05,1.3358e-05,1.28191e-05,1.22783e-05,1.04853e-05,9.28078e-06,8.3154e-06,7.52633e-06,6.78584e-06,6.17533e-06,5.60584e-06,5.20149e-06,4.728e-06,4.38528e-06,4.043e-06,3.75006e-06,3.46313e-06,3.23148e-06,2.99748e-06,2.79506e-06,2.61824e-06,2.44956e-06,2.29456e-06,2.15801e-06,2.01792e-06,1.90241e-06,1.77239e-06,1.67432e-06,1.57279e-06,1.48288e-06,1.39195e-06,1.32223e-06,1.24314e-06,1.17299e-06,1.11033e-06,1.04645e-06,9.89524e-07,9.38474e-07,8.86995e-07,8.36042e-07,7.90628e-07,7.49893e-07,7.09675e-07,6.73553e-07,6.3812e-07,6.03716e-07,5.72833e-07,5.42923e-07,5.15983e-07,4.89935e-07,4.64902e-07
5.91e-06,1.66787e-05,8.00648e-05,0.00040972,0.00262135,0.00375533,0.00355859,0.00289596,0.00202305,0.00135193,0.000901193,0.000612321,0.000428198,0.000329091,0.000243618,0.000185756,0.000145487,0.000116698,9.55938e-05,7.97635e-05,7.03288e-05,6.11959e-05,5.16652e-05,4.59925e-05,4.12745e-05,3.73094e-05,3.39451e-05,3.01976e-05,2.78288e-05,2.57655e-05,2.39564e-05,2.18698e-05,2.05077e-05,1.92911e-05,1.81992e-05,1.72151e-05,1.60459e-05,1.53986e-05,1.4749e-05,1.25951e-05,1.11482e-05,9.98856e-06,9.04073e-06,8.15127e-06,7.41796e-06,6.73383e-06,6.24812e-06,5.67936e-06,5.26768e-06,4.85652e-06,4.50464e-06,4.15998e-06,3.88172e-06,3.60063e-06,3.35748e-06,3.14508e-06,2.94246e-06,2.75627e-06,2.59225e-06,2.42397e-06,2.28521e-06,2.12903e-06,2.01122e-06,1.88927e-06,1.78127e-06,1.67204e-06,1.58829e-06,1.49329e-06,1.40902e-06,1.33375e-06,1.25702e-06,1.18864e-06,1.12731e-06,1.06548e-06,1.00427e-06,9.49717e-07,9.00787e-07,8.52476e-07,8.09085e-07,7.66522e-07,7.25196e-07,6.88097e-07,6.5217e-07,6.19808e-07,5.8852e-07,5.5845e-07
7.09e-06,2.00088e-05,9.60506e-05,0.000491523,0.0031447,0.00450501,0.004269,0.00347409,0.00242693,0.00162184,0.00108112,0.000734575,0.000513692,0.000394796,0.000292257,0.000222844,0.000174534,0.000139998,0.00011468,9.56893e-05,8.43707e-05,7.34144e-05,6.19807e-05,5.51754e-05,4.95155e-05,4.47586e-05,4.07226e-05,3.62268e-05,3.33852e-05,3.09099e-05,2.87394e-05,2.62364e-05,2.46023e-05,2.31428e-05,2.18329e-05,2.06522e-05,1.92497e-05,1.8473e-05,1.76938e-05,1.51098e-05,1.33741e-05,1.19829e-05,1.08459e-05,9.77876e-06,8.89901e-06,8.07832e-06,7.49566e-06,6.81332e-06,6.31945e-06,5.82616e-06,5.40407e-06,4.99058e-06,4.65675e-06,4.31954e-06,4.02784e-06,3.77304e-06,3.52995e-06,3.30659e-06,3.10982e-06,2.90794e-06,2.74148e-06,2.55412e-06,2.41279e-06,2.26648e-06,2.13692e-06,2.00588e-06,1.90541e-06,1.79144e-06,1.69034e-06,1.60005e-06,1.508e-06,1.42596e-06,1.35239e-06,1.27821e-06,1.20479e-06,1.13934e-06,1.08064e-06,1.02268e-06,9.70628e-07,9.19568e-07,8.69989e-07,8.25485e-07,7.82383e-07,7.4356e-07,7.06025e-07,6.6995e-07
8.51e-06,2.40162e-05,0.000115288,0.000589966,0.00377446,0.00540714,0.00512385,0.00416978,0.00291294,0.00194664,0.00129763,0.00088169,0.000616572,0.000473864,0.000350789,0.000267476,0.00020949,0.000168037,0.000137648,0.000114854,0.000101269,8.8118e-05,7.43942e-05,6.62261e-05,5.94325e-05,5.37229e-05,4.88786e-05,4.34825e-05,4.00717e-05,3.71007e-05,3.44954e-05,3.1491e-05,2.95298e-05,2.77779e-05,2.62057e-05,2.47885e-05,2.31051e-05,2.21729e-05,2.12375e-05,1.81361e-05,1.60527e-05,1.43829e-05,1.30181e-05,1.17373e-05,1.06813e-05,9.69628e-06,8.99689e-06,8.1779e-06,7.58512e-06,6.99305e-06,6.48636e-06,5.99007e-06,5.58941e-06,5.18467e-06,4.83456e-06,4.52869e-06,4.23694e-06,3.96885e-06,3.73267e-06,3.49034e-06,3.29056e-06,3.06567e-06,2.89603e-06,2.72042e-06,2.5649e-06,2.40762e-06,2.28703e-06,2.15023e-06,2.02889e-06,1.92051e-06,1.81002e-06,1.71155e-06,1.62325e-06,1.53421e-06,1.44608e-06,1.36753e-06,1.29707e-06,1.22751e-06,1.16503e-06,1.10374e-06,1.04423e-06,9.90814e-07,9.39081e-07,8.92482e-07,8.47429e-07,8.0413e-07
1.02e-05,2.87855e-05,0.000138183,0.000707124,0.00452392,0.00648074,0.00614121,0.00499772,0.00349137,0.00233319,0.00155531,0.00105678,0.000739012,0.000567965,0.000420452,0.000320593,0.000251093,0.000201407,0.000164984,0.000137663,0.00012138,0.000105617,8.91682e-05,7.9378e-05,7.12351e-05,6.43917e-05,5.85854e-05,5.21176e-05,4.80295e-05,4.44684e-05,4.1346e-05,3.77449e-05,3.53941e-05,3.32944e-05,3.141e-05,2.97113e-05,2.76935e-05,2.65761e-05,2.54551e-05,2.17378e-05,1.92406e-05,1.72392e-05,1.56033e-05,1.40682e-05,1.28025e-05,1.16218e-05,1.07836e-05,9.80193e-06,9.09141e-06,8.38179e-06,7.77453e-06,7.17965e-06,6.69941e-06,6.21429e-06,5.79464e-06,5.42807e-06,5.07834e-06,4.75703e-06,4.47394e-06,4.1835e-06,3.94401e-06,3.67446e-06,3.47115e-06,3.26066e-06,3.07426e-06,2.88574e-06,2.7412e-06,2.57724e-06,2.43181e-06,2.30191e-06,2.16947e-06,2.05146e-06,1.94561e-06,1.83889e-06,1.73325e-06,1.63911e-06,1.55465e-06,1.47128e-06,1.39639e-06,1.32294e-06,1.25161e-06,1.18758e-06,1.12557e-06,1.06972e-06,1.01572e-06,9.63821e-07
1.22e-05,3.44298e-05,0.000165277,0.000845774,0.00541085,0.00775119,0.00734509,0.00597746,0.00417583,0.00279061,0.00186025,0.00126398,0.000883911,0.000679327,0.000502891,0.000383453,0.000300326,0.000240897,0.000197334,0.000164655,0.000145179,0.000126327,0.000106652,9.49422e-05,8.52028e-05,7.70176e-05,7.00727e-05,6.23368e-05,5.74471e-05,5.31877e-05,4.94531e-05,4.51458e-05,4.23342e-05,3.98227e-05,3.75687e-05,3.5537e-05,3.31236e-05,3.17872e-05,3.04462e-05,2.60001e-05,2.30132e-05,2.06194e-05,1.86629e-05,1.68267e-05,1.53128e-05,1.39007e-05,1.2898e-05,1.17239e-05,1.08741e-05,1.00253e-05,9.29894e-06,8.58745e-06,8.01302e-06,7.43277e-06,6.93083e-06,6.49238e-06,6.07411e-06,5.68976e-06,5.35115e-06,5.00381e-06,4.71737e-06,4.39494e-06,4.15177e-06,3.90002e-06,3.67705e-06,3.45158e-06,3.27871e-06,3.0826e-06,2.90863e-06,2.75326e-06,2.59487e-06,2.4537e-06,2.32712e-06,2.19946e-06,2.07311e-06,1.9605e-06,1.85949e-06,1.75976e-06,1.6702e-06,1.58233e-06,1.49702e-06,1.42044e-06,1.34627e-06,1.27947e-06,1.21488e-06,1.1528e-06
1.47e-05,4.14849e-05,0.000199145,0.00101909,0.00651944,0.0093391,0.00884978,0.00720206,0.00503138,0.00336238,0.00224142,0.00152297,0.00106503,0.000818528,0.00060594,0.000462028,0.000361868,0.000290261,0.000237771,0.000198396,0.000174929,0.000152212,0.000128507,0.000114398,0.000102662,9.27998e-05,8.44319e-05,7.51107e-05,6.92191e-05,6.40869e-05,5.95869e-05,5.4397e-05,5.10092e-05,4.79831e-05,4.52672e-05,4.28192e-05,3.99113e-05,3.83009e-05,3.66853e-05,3.1328e-05,2.77291e-05,2.48447e-05,2.24871e-05,2.02748e-05,1.84507e-05,1.67492e-05,1.5541e-05,1.41263e-05,1.31024e-05,1.20797e-05,1.12044e-05,1.03471e-05,9.65505e-06,8.95591e-06,8.35108e-06,7.82278e-06,7.31883e-06,6.85571e-06,6.44771e-06,6.02916e-06,5.68405e-06,5.29557e-06,5.00252e-06,4.6992e-06,4.43056e-06,4.15888e-06,3.95057e-06,3.71426e-06,3.50466e-06,3.31745e-06,3.1266e-06,2.9565e-06,2.80397e-06,2.65018e-06,2.49793e-06,2.36224e-06,2.24054e-06,2.12037e-06,2.01245e-06,1.90658e-06,1.80379e-06,1.71151e-06,1.62215e-06,1.54165e-06,1.46383e-06,1.38904e-06
1.76e-05,4.96692e-05,0.000238432,0.00122012,0.00780533,0.0111809,0.0105951,0.00862243,0.00602373,0.00402561,0.00268354,0.00182339,0.00127512,0.000979999,0.000725473,0.000553173,0.000433254,0.000347522,0.000284677,0.000237535,0.000209439,0.000182241,0.000153859,0.000136966,0.000122916,0.000111107,0.000101089,8.99285e-05,8.28745e-05,7.67298e-05,7.13421e-05,6.51284e-05,6.10723e-05,5.74491e-05,5.41975e-05,5.12665e-05,4.77849e-05,4.58569e-05,4.39225e-05,3.75083e-05,3.31995e-05,2.9746e-05,2.69234e-05,2.42746e-05,2.20906e-05,2.00534e-05,1.8607e-05,1.69131e-05,1.56872e-05,1.44627e-05,1.34148e-05,1.23885e-05,1.15598e-05,1.07227e-05,9.99859e-06,9.36607e-06,8.76266e-06,8.20816e-06,7.71972e-06,7.21861e-06,6.80537e-06,6.34025e-06,5.98942e-06,5.62624e-06,5.30461e-06,4.97933e-06,4.72993e-06,4.44702e-06,4.19605e-06,3.97192e-06,3.74339e-06,3.53976e-06,3.35715e-06,3.17299e-06,2.99072e-06,2.82826e-06,2.68255e-06,2.53868e-06,2.40946e-06,2.28271e-06,2.15964e-06,2.04916e-06,1.94216e-06,1.84579e-06,1.75261e-06,1.66307e-06
2.12e-05,5.98289e-05,0.000287202,0.00146969,0.00940151,0.013467,0.0127614,0.0103855,0.00725552,0.00484887,0.00323237,0.00219632,0.00153593,0.00118044,0.00087386,0.00066632,0.000521872,0.000418605,0.000342905,0.000286121,0.000252279,0.000219518,0.000185329,0.000164981,0.000148057,0.000133834,0.000121765,0.000108323,9.98261e-05,9.24247e-05,8.59348e-05,7.84501e-05,7.35642e-05,6.92001e-05,6.52834e-05,6.17529e-05,5.75591e-05,5.52367e-05,5.29066e-05,4.51804e-05,3.99902e-05,3.58304e-05,3.24304e-05,2.92398e-05,2.66092e-05,2.41552e-05,2.24129e-05,2.03727e-05,1.88959e-05,1.74211e-05,1.61588e-05,1.49225e-05,1.39243e-05,1.2916e-05,1.20438e-05,1.12819e-05,1.0555e-05,9.88713e-06,9.29874e-06,8.69513e-06,8.19738e-06,7.63715e-06,7.21453e-06,6.77708e-06,6.38964e-06,5.99782e-06,5.69741e-06,5.35663e-06,5.05433e-06,4.78435e-06,4.50909e-06,4.26381e-06,4.04383e-06,3.82201e-06,3.60247e-06,3.40676e-06,3.23126e-06,3.05795e-06,2.90231e-06,2.74962e-06,2.60138e-06,2.4683e-06,2.33943e-06,2.22334e-06,2.1111e-06,2.00324e-06
2.54e-05,7.16816e-05,0.000344101,0.00176084,0.0112635,0.0161338,0.0152883,0.0124421,0.00869245,0.00580926,0.00387264,0.00263139,0.00184019,0.00141429,0.00104697,0.000798321,0.000625258,0.000501534,0.000410837,0.000342806,0.000302257,0.000263008,0.000222046,0.000197666,0.00017739,0.000160348,0.000145889,0.000129783,0.000119603,0.000110735,0.00010296,9.39921e-05,8.81384e-05,8.29095e-05,7.82169e-05,7.39869e-05,6.89623e-05,6.61799e-05,6.33881e-05,5.41313e-05,4.79128e-05,4.29289e-05,3.88554e-05,3.50326e-05,3.18808e-05,2.89407e-05,2.68532e-05,2.44088e-05,2.26394e-05,2.08724e-05,1.93601e-05,1.78788e-05,1.66829e-05,1.54748e-05,1.44298e-05,1.35169e-05,1.26461e-05,1.18459e-05,1.1141e-05,1.04178e-05,9.82141e-06,9.15014e-06,8.64384e-06,8.11969e-06,7.65554e-06,7.18608e-06,6.82615e-06,6.41785e-06,6.05567e-06,5.7322e-06,5.4024e-06,5.10853e-06,4.84497e-06,4.57921e-06,4.31616e-06,4.0817e-06,3.87141e-06,3.66377e-06,3.47729e-06,3.29436e-06,3.11675e-06,2.95731e-06,2.8029e-06,2.66381e-06,2.52934e-06,2.40011e-06
3.05e-05,8.60744e-05,0.000413191,0.00211438,0.0135243,0.0193714,0.0183562,0.014939,0.0104371,0.00697535,0.00465007,0.00315966,0.00220963,0.00169823,0.00125718,0.000958606,0.000750798,0.000602234,0.000493328,0.000411636,0.000362947,0.000315816,0.000266629,0.000237356,0.000213008,0.000192545,0.000175182,0.000155842,0.000143618,0.00013297,0.000123633,0.000112864,0.000105836,9.95568e-05,9.39219e-05,8.88426e-05,8.28091e-05,7.94679e-05,7.61156e-05,6.50002e-05,5.75331e-05,5.15485e-05,4.66571e-05,4.20668e-05,3.82821e-05,3.47516e-05,3.2245e-05,2.93097e-05,2.71852e-05,2.50633e-05,2.32473e-05,2.14686e-05,2.00326e-05,1.8582e-05,1.73271e-05,1.6231e-05,1.51853e-05,1.42244e-05,1.33779e-05,1.25095e-05,1.17934e-05,1.09874e-05,1.03794e-05,9.75003e-06,9.19267e-06,8.62896e-06,8.19676e-06,7.70647e-06,7.27156e-06,6.88315e-06,6.48714e-06,6.13425e-06,5.81777e-06,5.49866e-06,5.18278e-06,4.90125e-06,4.64874e-06,4.39941e-06,4.17549e-06,3.95583e-06,3.74255e-06,3.55109e-06,3.36568e-06,3.19868e-06,3.0372e-06,2.88202e-06
3.66e-05,0.000103289,0.000495828,0.00253723,0.016228,0.0232431,0.0220248,0.017925,0.0125235,0.00836995,0.00557985,0.00379148,0.0026515,0.00203785,0.0015086,0.00115032,0.000900952,0.000722678,0.000591991,0.000493962,0.000435536,0.000378978,0.000319955,0.000284827,0.000255609,0.000231053,0.000210219,0.00018701,0.000172341,0.000159563,0.000148359,0.000135438,0.000127002,0.000119468,0.000112706,0.000106611,9.93711e-05,9.53612e-05,9.13388e-05,7.80003e-05,6.90397e-05,6.18582e-05,5.59885e-05,5.04801e-05,4.59385e-05,4.1702e-05,3.86941e-05,3.51717e-05,3.26222e-05,3.00759e-05,2.78968e-05,2.57623e-05,2.40391e-05,2.22984e-05,2.07925e-05,1.94772e-05,1.82224e-05,1.70693e-05,1.60535e-05,1.50114e-05,1.41521e-05,1.31849e-05,1.24553e-05,1.17e-05,1.10312e-05,1.03548e-05,9.83611e-06,9.24777e-06,8.72589e-06,8.25979e-06,7.78458e-06,7.3611e-06,6.98133e-06,6.59839e-06,6.21935e-06,5.88151e-06,5.57848e-06,5.2793e-06,5.01058e-06,4.74699e-06,4.49106e-06,4.26132e-06,4.03882e-06,3.83841e-06,3.64464e-06,3.45842e-06
4.39e-05,0.000123891,0.000594722,0.00304326,0.0194631,0.0278752,0.0264139,0.0214975,0.01502,0.0100387,0.00669244,0.00454754,0.00318027,0.00244425,0.00180946,0.00137973,0.00108064,0.000866811,0.000710062,0.000592482,0.000522403,0.000454566,0.000383772,0.000341636,0.000306591,0.000277138,0.000252148,0.000224311,0.000206715,0.000191389,0.00017795,0.000162451,0.000152334,0.000143297,0.000135186,0.000127875,0.000119191,0.000114382,0.000109557,9.35577e-05,8.281e-05,7.4196e-05,6.71556e-05,6.05485e-05,5.5101e-05,5.00196e-05,4.64117e-05,4.21868e-05,3.91288e-05,3.60747e-05,3.34609e-05,3.09007e-05,2.88338e-05,2.67459e-05,2.49397e-05,2.3362e-05,2.18569e-05,2.04738e-05,1.92555e-05,1.80055e-05,1.69748e-05,1.58146e-05,1.49395e-05,1.40337e-05,1.32314e-05,1.24201e-05,1.1798e-05,1.10923e-05,1.04663e-05,9.90722e-06,9.33723e-06,8.82931e-06,8.37378e-06,7.91445e-06,7.45981e-06,7.05459e-06,6.69113e-06,6.33227e-06,6.00996e-06,5.6938e-06,5.38683e-06,5.11126e-06,4.84438e-06,4.60399e-06,4.37158e-06,4.14822e-06
5.27e-05,0.000148725,0.000713936,0.00365324,0.0233622,0.0334576,0.0317034,0.0258029,0.0180287,0.01205,0.00803351,0.00545889,0.00381766,0.00293414,0.00217213,0.00165628,0.00129725,0.00104056,0.000852394,0.000711247,0.00062712,0.000545686,0.000460701,0.00041012,0.000368049,0.000332692,0.000302692,0.000269275,0.000248154,0.000229754,0.000213621,0.000195016,0.00018287,0.000172021,0.000162285,0.000153508,0.000143083,0.00013731,0.000131518,0.000112312,9.94094e-05,8.90689e-05,8.06174e-05,7.26857e-05,6.61464e-05,6.00462e-05,5.57152e-05,5.06434e-05,4.69724e-05,4.33061e-05,4.01683e-05,3.70949e-05,3.46136e-05,3.21072e-05,2.9939e-05,2.8045e-05,2.62382e-05,2.45779e-05,2.31153e-05,2.16148e-05,2.03775e-05,1.89848e-05,1.79343e-05,1.68468e-05,1.58837e-05,1.49097e-05,1.41629e-05,1.33158e-05,1.25643e-05,1.18932e-05,1.12089e-05,1.05992e-05,1.00524e-05,9.50096e-06,8.95518e-06,8.46873e-06,8.03241e-06,7.60161e-06,7.21469e-06,6.83516e-06,6.46664e-06,6.13584e-06,5.81547e-06,5.52689e-06,5.24789e-06,4.97975e-06
6.32e-05,0.000178357,0.000856178,0.00438104,0.0280137,0.0401157,0.0380121,0.0309384,0.0216179,0.0144494,0.00963344,0.00654621,0.00457813,0.00351864,0.00260486,0.00198625,0.00155569,0.00124787,0.00102222,0.000852952,0.000752068,0.000654409,0.000552492,0.000491831,0.000441379,0.000398977,0.000363001,0.000322926,0.000297595,0.00027553,0.000256183,0.00023387,0.000219305,0.000206295,0.000194619,0.000184094,0.000171592,0.000164668,0.000157722,0.000134689,0.000119216,0.000106815,9.66797e-05,8.71675e-05,7.93256e-05,7.20101e-05,6.6816e-05,6.07335e-05,5.6331e-05,5.19345e-05,4.81715e-05,4.44858e-05,4.15101e-05,3.85043e-05,3.59041e-05,3.36328e-05,3.14659e-05,2.94749e-05,2.77208e-05,2.59213e-05,2.44375e-05,2.27673e-05,2.15075e-05,2.02033e-05,1.90484e-05,1.78803e-05,1.69848e-05,1.59689e-05,1.50677e-05,1.42628e-05,1.34422e-05,1.2711e-05,1.20552e-05,1.13939e-05,1.07394e-05,1.0156e-05,9.6328e-06,9.11616e-06,8.65215e-06,8.197e-06,7.75506e-06,7.35835e-06,6.97414e-06,6.62808e-06,6.29349e-06,5.97193e-06
7.58e-05,0.000213915,0.00102687,0.00525439,0.0335938,0.0481024,0.0455795,0.0370985,0.0259235,0.0173281,0.0115531,0.00785083,0.00549062,0.00422,0.0031241,0.00238219,0.00186581,0.00149664,0.00122601,0.001023,0.000902002,0.000784875,0.000662639,0.000589887,0.000529376,0.00047852,0.000435371,0.000387306,0.000356926,0.000330463,0.000307258,0.000280497,0.000263027,0.000247423,0.000233419,0.000220796,0.000205801,0.000197497,0.000189167,0.000161542,0.000142984,0.000128111,0.000115954,0.000104547,9.51404e-05,8.63665e-05,8.01368e-05,7.28419e-05,6.75617e-05,6.22884e-05,5.77754e-05,5.33546e-05,4.97857e-05,4.61806e-05,4.30621e-05,4.03381e-05,3.77391e-05,3.53512e-05,3.32475e-05,3.10892e-05,2.93095e-05,2.73064e-05,2.57954e-05,2.42312e-05,2.2846e-05,2.14451e-05,2.0371e-05,1.91525e-05,1.80717e-05,1.71063e-05,1.61222e-05,1.52451e-05,1.44586e-05,1.36655e-05,1.28805e-05,1.21808e-05,1.15533e-05,1.09336e-05,1.03771e-05,9.83123e-06,9.30117e-06,8.82536e-06,8.36457e-06,7.9495e-06,7.54821e-06,7.16253e-06
9.1e-05,0.000256811,0.00123278,0.00630789,0.040323,0.057732,0.0547031,0.0445261,0.0311156,0.0207999,0.0138684,0.00942445,0.00659128,0.00506602,0.00375045,0.00285983,0.00223993,0.00179673,0.00147184,0.00122813,0.00108287,0.000942262,0.000795516,0.000708176,0.00063553,0.000574477,0.000522676,0.000464973,0.0004285,0.000396729,0.000368872,0.000336745,0.000315772,0.000297039,0.000280227,0.000265072,0.00024707,0.000237102,0.000227099,0.000193935,0.000171657,0.000153801,0.000139207,0.000125511,0.000114218,0.000103686,9.62069e-05,8.74489e-05,8.11101e-05,7.47791e-05,6.93608e-05,6.40539e-05,5.97696e-05,5.54413e-05,5.16975e-05,4.84269e-05,4.53071e-05,4.244e-05,3.99144e-05,3.73235e-05,3.51868e-05,3.27822e-05,3.09682e-05,2.90903e-05,2.74273e-05,2.57455e-05,2.44558e-05,2.29932e-05,2.16956e-05,2.05367e-05,1.93552e-05,1.83023e-05,1.7358e-05,1.64059e-05,1.54634e-05,1.46234e-05,1.387e-05,1.31261e-05,1.2458e-05,1.18027e-05,1.11663e-05,1.05951e-05,1.00419e-05,9.54361e-06,9.06184e-06,8.59883e-06
0.000109,0.000307609,0.00147662,0.00755542,0.048289,0.0691283,0.0655005,0.0533171,0.0372618,0.0249099,0.0166095,0.0112877,0.00789456,0.00606777,0.00449214,0.00342541,0.00268293,0.0021521,0.00176295,0.00147104,0.00129706,0.00112864,0.000952871,0.000848255,0.000761241,0.00068811,0.000626063,0.000556946,0.000513259,0.000475204,0.000441837,0.000403353,0.000378233,0.000355794,0.000335656,0.000317504,0.000295941,0.000284001,0.00027202,0.000232296,0.00020561,0.000184223,0.000166742,0.000150337,0.000136811,0.000124194,0.000115237,0.000104746,9.71538e-05,8.95707e-05,8.30805e-05,7.67241e-05,7.1592e-05,6.64076e-05,6.19234e-05,5.8006e-05,5.42686e-05,5.08347e-05,4.78098e-05,4.4706e-05,4.2147e-05,3.92664e-05,3.70936e-05,3.48444e-05,3.28525e-05,3.0838e-05,2.92935e-05,2.75412e-05,2.59871e-05,2.45989e-05,2.31837e-05,2.19224e-05,2.07915e-05,1.96509e-05,1.85221e-05,1.7516e-05,1.66135e-05,1.57225e-05,1.49223e-05,1.41373e-05,1.33751e-05,1.26908e-05,1.20282e-05,1.14313e-05,1.08543e-05,1.02997e-05
0.000131,0.000369693,0.00177464,0.00908006,0.0580205,0.0830468,0.0786869,0.0640541,0.0447695,0.0299315,0.019959,0.0135645,0.00948722,0.00729204,0.00539857,0.00411664,0.00322435,0.00258641,0.00211876,0.00176794,0.00155885,0.00135643,0.00114519,0.00101946,0.000914886,0.000826996,0.000752425,0.000669358,0.000616853,0.000571118,0.000531015,0.000484765,0.000454574,0.000427606,0.000403404,0.000381587,0.000355672,0.000341323,0.000326924,0.000279182,0.00024711,0.000221405,0.000200397,0.00018068,0.000164425,0.000149261,0.000138496,0.000125888,0.000116763,0.000107649,9.98495e-05,9.22096e-05,8.60416e-05,7.9811e-05,7.44215e-05,6.97135e-05,6.52221e-05,6.10951e-05,5.74594e-05,5.37295e-05,5.06537e-05,4.71918e-05,4.45805e-05,4.18772e-05,3.94834e-05,3.70621e-05,3.52058e-05,3.31001e-05,3.1232e-05,2.95638e-05,2.78628e-05,2.63472e-05,2.49878e-05,2.36172e-05,2.22606e-05,2.10513e-05,1.99667e-05,1.88959e-05,1.79341e-05,1.69907e-05,1.60746e-05,1.52523e-05,1.4456e-05,1.37387e-05,1.3045e-05,1.23786e-05
0.000157,0.000443068,0.00212684,0.0108818,0.0695153,0.0994811,0.094256,0.0767326,0.0536369,0.0358634,0.0239163,0.0162546,0.0113691,0.00873867,0.00646968,0.00493348,0.00386417,0.00309967,0.00253922,0.0021188,0.00186823,0.00162564,0.00137248,0.0012218,0.00109647,0.000991133,0.000901762,0.000802209,0.000739283,0.000684469,0.000636408,0.000580979,0.000544795,0.000512474,0.000483469,0.000457323,0.000426265,0.000409066,0.00039181,0.000334592,0.000296155,0.000265348,0.00024017,0.000216541,0.000197059,0.000178886,0.000165983,0.000150873,0.000139937,0.000129014,0.000119667,0.000110511,0.000103119,9.56517e-05,8.91922e-05,8.35498e-05,7.81669e-05,7.3221e-05,6.88636e-05,6.43933e-05,6.07071e-05,5.65582e-05,5.34286e-05,5.01888e-05,4.73196e-05,4.44182e-05,4.21933e-05,3.96697e-05,3.74309e-05,3.54314e-05,3.33929e-05,3.15764e-05,2.99473e-05,2.83047e-05,2.66787e-05,2.52295e-05,2.39297e-05,2.26462e-05,2.14935e-05,2.03629e-05,1.9265e-05,1.82794e-05,1.73251e-05,1.64653e-05,1.56342e-05,1.48354e-05
0.000189,0.000533376,0.00256032,0.0130991,0.0836529,0.119686,0.113396,0.0923215,0.0645423,0.0431601,0.0287847,0.0195647,0.0136849,0.0105189,0.00778781,0.00593872,0.0046516,0.00373135,0.00305671,0.00255064,0.00224899,0.00195698,0.00165222,0.00147083,0.00131995,0.00119315,0.00108556,0.000965718,0.000889966,0.000823981,0.000766122,0.000699395,0.000655836,0.000616929,0.000582011,0.000550536,0.000513147,0.000492443,0.00047167,0.000402789,0.000356518,0.000319433,0.000289121,0.000260677,0.000237224,0.000215347,0.000199814,0.000181625,0.000168459,0.000155311,0.000144058,0.000133036,0.000124137,0.000115147,0.000107372,0.000100579,9.40994e-05,8.81449e-05,8.28996e-05,7.75181e-05,7.30807e-05,6.80859e-05,6.43185e-05,6.04184e-05,5.69646e-05,5.34714e-05,5.07932e-05,4.77551e-05,4.506e-05,4.26532e-05,4.01993e-05,3.80123e-05,3.60513e-05,3.40737e-05,3.21165e-05,3.03718e-05,2.8807e-05,2.7262e-05,2.58744e-05,2.45132e-05,2.31917e-05,2.20053e-05,2.08564e-05,1.98214e-05,1.88208e-05,1.78592e-05
0.000226,0.00063779,0.00306151,0.0156626,0.0999865,0.143017,0.135497,0.110325,0.0771401,0.0515913,0.0344113,0.0233907,0.0163618,0.0125768,0.00931171,0.00710092,0.005562,0.00446169,0.00365504,0.00304992,0.00268925,0.00234008,0.00197567,0.00175876,0.00157836,0.00142673,0.00129808,0.00115478,0.00106419,0.00098529,0.000916105,0.000836315,0.000784229,0.000737704,0.000695951,0.000658314,0.000613605,0.000588848,0.000564008,0.000481643,0.000426312,0.000381967,0.000345722,0.000311709,0.000283665,0.000257505,0.000238931,0.000217181,0.000201439,0.000185716,0.00017226,0.000159079,0.000148439,0.00013769,0.000128392,0.000120269,0.000112521,0.000105401,9.91287e-05,9.26937e-05,8.73875e-05,8.1415e-05,7.69102e-05,7.22463e-05,6.81164e-05,6.39396e-05,6.0737e-05,5.71041e-05,5.38813e-05,5.10033e-05,4.8069e-05,4.5454e-05,4.3109e-05,4.07443e-05,3.84039e-05,3.63177e-05,3.44465e-05,3.25991e-05,3.09398e-05,2.93123e-05,2.77319e-05,2.63132e-05,2.49394e-05,2.37018e-05,2.25053e-05,2.13554e-05
0.000272,0.000767603,0.00368462,0.0188492,0.120273,0.171978,0.162927,0.132674,0.0927853,0.0620654,0.0414024,0.0281453,0.0196888,0.0151348,0.0112059,0.0085456,0.00669371,0.0053696,0.00439887,0.00367063,0.00323658,0.00281636,0.00237779,0.00211674,0.00189961,0.00171713,0.0015623,0.00138982,0.0012808,0.00118584,0.00110257,0.00100654,0.000943853,0.000887858,0.000837605,0.000792308,0.000738499,0.000708703,0.000678807,0.000579677,0.000513085,0.000459714,0.000416091,0.000375154,0.000341402,0.000309917,0.000287563,0.000261386,0.000242439,0.000223516,0.000207322,0.000191459,0.000178652,0.000165715,0.000154524,0.000144749,0.000135424,0.000126854,0.000119305,0.000111561,0.000105175,9.79865e-05,9.25644e-05,8.69515e-05,8.19808e-05,7.69538e-05,7.30994e-05,6.8727e-05,6.48484e-05,6.13844e-05,5.78529e-05,5.47057e-05,5.18835e-05,4.90374e-05,4.62206e-05,4.37099e-05,4.14579e-05,3.92344e-05,3.72374e-05,3.52785e-05,3.33765e-05,3.1669e-05,3.00155e-05,2.85261e-05,2.70861e-05,2.57022e-05
0.000326,0.000919993,0.00441604,0.0225895,0.14406,0.205911,0.195064,0.158865,0.111127,0.0743492,0.049604,0.0337242,0.0235933,0.0181368,0.0134291,0.0102413,0.00802208,0.00643531,0.00527199,0.00439927,0.00387908,0.00337546,0.00284985,0.00253698,0.00227675,0.00205803,0.00187246,0.00166575,0.00153509,0.00142126,0.00132146,0.00120637,0.00113124,0.00106413,0.0010039,0.000949606,0.000885114,0.000849403,0.000813571,0.000694761,0.000614948,0.000550981,0.000498698,0.000449634,0.000409181,0.000371446,0.000344654,0.00031328,0.000290571,0.000267891,0.000248481,0.000229469,0.00021412,0.000198615,0.000185202,0.000173486,0.000162309,0.000152039,0.000142991,0.000133709,0.000126055,0.00011744,0.000110941,0.000104214,9.82566e-05,9.22316e-05,8.76118e-05,8.23714e-05,7.77228e-05,7.35712e-05,6.93386e-05,6.55665e-05,6.2184e-05,5.87729e-05,5.53968e-05,5.23876e-05,4.96885e-05,4.70236e-05,4.46302e-05,4.22824e-05,4.00027e-05,3.79563e-05,3.59745e-05,3.41894e-05,3.24635e-05,3.08048e-05
0.000391,0.00110342,0.00529647,0.0270909,0.172653,0.246663,0.233654,0.190325,0.13317,0.0891184,0.0594685,0.0404358,0.028291,0.021749,0.0161045,0.012282,0.00962083,0.00771799,0.0063229,0.00527629,0.00465244,0.00404846,0.00341806,0.00304282,0.00273071,0.00246838,0.00224581,0.00199788,0.00184116,0.00170466,0.00158496,0.00144691,0.0013568,0.0012763,0.00120407,0.00113894,0.00106159,0.00101876,0.00097579,0.000833288,0.000737562,0.00066084,0.000598132,0.000539286,0.000490767,0.000445507,0.000413374,0.000375743,0.000348507,0.000321305,0.000298025,0.000275222,0.000256813,0.000238216,0.00022213,0.000208077,0.000194672,0.000182353,0.000171502,0.000160369,0.000151189,0.000140856,0.000133062,0.000124993,0.000117848,0.000110621,0.000105081,9.87955e-05,9.322e-05,8.82404e-05,8.31639e-05,7.86398e-05,7.45827e-05,7.04916e-05,6.64423e-05,6.28331e-05,5.95958e-05,5.63996e-05,5.35289e-05,5.0713e-05,4.79788e-05,4.55245e-05,4.31475e-05,4.10064e-05,3.89364e-05,3.6947e-05
0.00047,0.00132636,0.00636645,0.0325606,0.207344,0.296054,0.280418,0.228462,0.159908,0.107044,0.0714458,0.0485871,0.0339976,0.0261376,0.0193551,0.0147617,0.0115636,0.00927674,0.00760006,0.00634214,0.00559234,0.00486637,0.00410864,0.0036576,0.00328244,0.00296711,0.00269958,0.00240155,0.00221318,0.00204907,0.0019052,0.00173925,0.00163093,0.00153418,0.00144734,0.00136907,0.00127609,0.0012246,0.00117295,0.00100165,0.000886587,0.000794358,0.000718984,0.000648247,0.000589925,0.000535521,0.000496894,0.000451662,0.000418922,0.000386224,0.00035824,0.00033083,0.000308701,0.000286347,0.00026701,0.000250119,0.000234005,0.000219198,0.000206153,0.000192771,0.000181736,0.000169315,0.000159946,0.000150248,0.000141659,0.000132972,0.000126312,0.000118757,0.000112055,0.000106069,9.99669e-05,9.45288e-05,8.9652e-05,8.47344e-05,7.98668e-05,7.55284e-05,7.1637e-05,6.77951e-05,6.43443e-05,6.09595e-05,5.76728e-05,5.47226e-05,5.18653e-05,4.92917e-05,4.68035e-05,4.44121e-05
0.000563,0.0015888,0.00762601,0.038998,0.248098,0.353999,0.335275,0.27322,0.191313,0.128111,0.0855292,0.058175,0.0407115,0.0313015,0.0231805,0.0176801,0.0138502,0.0111114,0.00910337,0.00759679,0.00669876,0.00582921,0.00492161,0.00438134,0.00393195,0.00355425,0.00323376,0.00287677,0.00265111,0.00245454,0.00228219,0.00208342,0.00195366,0.00183776,0.00173374,0.00163998,0.0015286,0.00146692,0.00140505,0.00119985,0.00106202,0.000951543,0.000861255,0.000776516,0.000706655,0.000641485,0.000595217,0.000541034,0.000501816,0.000462648,0.000429127,0.000396293,0.000369785,0.000343008,0.000319844,0.000299611,0.000280308,0.000262571,0.000246946,0.000230915,0.000217697,0.000202819,0.000191596,0.000179978,0.00016969,0.000159284,0.000151306,0.000142256,0.000134228,0.000127058,0.000119748,0.000113234,0.000107392,0.000101501,9.56706e-05,9.04735e-05,8.58123e-05,8.12101e-05,7.70765e-05,7.30218e-05,6.90849e-05,6.55508e-05,6.21283e-05,5.90454e-05,5.60648e-05,5.32002e-05
0.000676,0.00190768,0.00915634,0.0468175,0.297495,0.424123,0.401643,0.327401,0.229364,0.153659,0.102617,0.0698131,0.0488632,0.0375723,0.0278265,0.0212247,0.0166278,0.0133403,0.0109298,0.00912114,0.00804304,0.00699908,0.0059094,0.00526072,0.00472115,0.00426764,0.00388283,0.00345418,0.00318323,0.00294721,0.00274026,0.00250159,0.00234579,0.00220662,0.00208172,0.00196914,0.00183541,0.00176136,0.00168705,0.00144068,0.00127517,0.00114253,0.00103412,0.000932377,0.00084849,0.000770243,0.000714685,0.000649625,0.00060254,0.000555509,0.000515257,0.000475835,0.000444006,0.000411855,0.000384042,0.000359747,0.00033657,0.000315273,0.000296511,0.000277263,0.000261392,0.000243527,0.000230052,0.000216102,0.000203748,0.000191255,0.000181675,0.000170809,0.000161169,0.00015256,0.000143783,0.000135961,0.000128947,0.000121874,0.000114873,0.000108633,0.000103036,9.751e-05,9.25468e-05,8.76784e-05,8.29512e-05,7.87078e-05,7.45983e-05,7.08967e-05,6.73178e-05,6.38783e-05
0.000811,0.00228864,0.0109845,0.0561556,0.356332,0.507485,0.480515,0.391836,0.274669,0.184106,0.122998,0.0837,0.0585934,0.0450588,0.0333741,0.025458,0.0199451,0.0160024,0.0131114,0.0109421,0.00964893,0.00839668,0.00708949,0.0063113,0.005664,0.00511993,0.00465827,0.00414402,0.00381897,0.00353581,0.00328753,0.00300118,0.00281426,0.0026473,0.00249747,0.0023624,0.00220196,0.00211312,0.00202398,0.0017284,0.00152984,0.0013707,0.00124064,0.00111858,0.00101794,0.000924063,0.000857412,0.000779362,0.000722869,0.000666444,0.000618158,0.000570863,0.000532679,0.000494103,0.000460737,0.000431589,0.000403787,0.000378235,0.000355725,0.000332633,0.000313594,0.000292161,0.000275995,0.000259259,0.000244439,0.00022945,0.000217957,0.00020492,0.000193356,0.000183027,0.000172498,0.000163114,0.000154699,0.000146213,0.000137814,0.000130328,0.000123613,0.000116984,0.000111029,0.000105189,9.95174e-05,9.44265e-05,8.94963e-05,8.50554e-05,8.07618e-05,7.66353e-05
0.000974,0.0027486,0.0131917,0.0674254,0.427114,0.607528,0.575141,0.469206,0.329145,0.220761,0.147554,0.100443,0.0703293,0.0540903,0.0400682,0.0305668,0.0239491,0.0192161,0.015745,0.0131405,0.0115878,0.0100841,0.00851431,0.00757979,0.0068024,0.00614899,0.00559457,0.00497695,0.00458656,0.00424649,0.0039483,0.00360441,0.00337992,0.0031794,0.00299944,0.00283723,0.00264453,0.00253784,0.00243078,0.00207579,0.00183733,0.0016462,0.00149,0.0013434,0.00122254,0.00110979,0.00102974,0.000936004,0.000868155,0.000800393,0.000742402,0.000685601,0.000639741,0.000593415,0.000553342,0.000518334,0.000484942,0.000454255,0.000427226,0.00039949,0.000376622,0.000350884,0.000331467,0.000311367,0.000293568,0.000275566,0.000261766,0.000246107,0.000232219,0.000219815,0.000207168,0.000195898,0.000185792,0.000175601,0.000165513,0.000156522,0.000148459,0.000140496,0.000133346,0.00012633,0.00011952,0.000113405,0.000107485,0.000102151,9.69947e-05,9.20387e-05
0.00117,0.00330167,0.0158454,0.0809692,0.511849,0.726936,0.688039,0.561608,0.394321,0.264679,0.177009,0.12054,0.084423,0.0649394,0.0481114,0.0367063,0.0287618,0.0230788,0.0189112,0.0157835,0.0139189,0.012113,0.0102276,0.00910508,0.0081713,0.00738642,0.00672043,0.00597853,0.00550957,0.00510106,0.00474287,0.00432977,0.0040601,0.00381923,0.00360306,0.00340819,0.00317672,0.00304855,0.00291994,0.00249352,0.00220706,0.00197748,0.00178984,0.00161374,0.00146856,0.00133312,0.00123696,0.00112436,0.00104286,0.000961464,0.000891801,0.000823567,0.000768476,0.000712833,0.000664695,0.000622644,0.000582531,0.000545669,0.000513199,0.000479883,0.000452415,0.000421495,0.000398171,0.000374027,0.000352646,0.00033102,0.00031444,0.000295633,0.000278951,0.00026405,0.000248859,0.00023532,0.00022318,0.000210938,0.000198821,0.000188021,0.000178335,0.00016877,0.000160179,0.000151754,0.000143571,0.000136227,0.000129114,0.000122708,0.000116513,0.00011056
0.0014,0.00395067,0.0189591,0.0968526,0.610751,0.8658,0.819266,0.669148,0.470339,0.315997,0.21147,0.144073,0.100936,0.0776553,0.0575415,0.0439059,0.0344062,0.0276101,0.0226255,0.0188845,0.0166542,0.0144936,0.012238,0.010895,0.00977767,0.00883853,0.00804163,0.00715388,0.00659273,0.00610391,0.00567529,0.00518097,0.00485829,0.00457005,0.00431138,0.00407821,0.00380124,0.00364786,0.00349397,0.00298371,0.00264094,0.00236623,0.00214169,0.00193098,0.00175725,0.00159519,0.00148014,0.0013454,0.00124787,0.00115047,0.00106712,0.000985466,0.000919549,0.000852965,0.000795362,0.000745048,0.000697049,0.000652941,0.000614087,0.000574221,0.000541351,0.000504354,0.000476445,0.000447556,0.00042197,0.000396096,0.000376256,0.000353751,0.000333788,0.000315957,0.000297781,0.000281581,0.000267055,0.000252406,0.000237908,0.000224983,0.000213393,0.000201948,0.000191669,0.000181586,0.000171796,0.000163008,0.000154497,0.000146831,0.000139419,0.000132296
0.00168,0.0047412,0.0227515,0.116185,0.730445,1.0331,0.977267,0.798843,0.562256,0.378186,0.253297,0.172666,0.121014,0.0931224,0.069016,0.0526687,0.0412776,0.0331271,0.0271487,0.0226612,0.0199856,0.0173935,0.0146868,0.0130752,0.0117344,0.0106074,0.00965104,0.00858563,0.00791217,0.00732551,0.00681112,0.00621786,0.00583059,0.00548467,0.00517423,0.00489439,0.00456197,0.0043779,0.00419322,0.00358085,0.00316947,0.00283977,0.0025703,0.00231742,0.00210893,0.00191444,0.00177635,0.00161465,0.0014976,0.00138071,0.00128067,0.00118269,0.00110357,0.00102366,0.000954538,0.000894153,0.000836545,0.000783611,0.000736981,0.00068914,0.00064969,0.000605288,0.000571794,0.000537123,0.000506418,0.000475366,0.000451556,0.000424548,0.000400588,0.00037919,0.000357374,0.000337933,0.0003205,0.00030292,0.000285519,0.00027001,0.000256099,0.000242363,0.000230028,0.000217927,0.000206178,0.000195631,0.000185417,0.000176216,0.000167321,0.000158772
0.00202,0.00570063,0.0273534,0.139626,0.874545,1.23337,1.16625,0.954293,0.672793,0.453182,0.303837,0.207261,0.145328,0.111861,0.0829238,0.0632934,0.0496109,0.0398194,0.0326361,0.0272438,0.0240282,0.0209126,0.0176589,0.0157213,0.0141094,0.0127543,0.0116044,0.0103234,0.00951359,0.0088082,0.00818968,0.00747634,0.00701068,0.00659474,0.00622146,0.00588498,0.00548529,0.00526396,0.00504189,0.00430558,0.00381094,0.00341451,0.0030905,0.00278644,0.00253575,0.0023019,0.00213586,0.00194143,0.0018007,0.00166015,0.00153987,0.00142205,0.00132693,0.00123084,0.00114772,0.00107512,0.00100585,0.000942206,0.000886136,0.000828615,0.000781182,0.000727792,0.00068752,0.000645833,0.000608912,0.000571573,0.000542946,0.000510471,0.000481663,0.000455936,0.000429704,0.000406329,0.000385366,0.000364229,0.000343305,0.000324658,0.000307931,0.000291416,0.000276583,0.000262034,0.000247907,0.000235226,0.000222944,0.000211882,0.000201186,0.000190907
0.00267,0.00753474,0.0361488,0.184371,1.14641,1.6076,1.51895,1.2454,0.88094,0.595069,0.399764,0.273065,0.191641,0.147585,0.109456,0.0835727,0.0655231,0.0526021,0.0431205,0.036001,0.0317548,0.0276394,0.0233405,0.0207802,0.0186497,0.0168588,0.0153389,0.0136457,0.0125753,0.0116429,0.0108253,0.00988236,0.00926684,0.00871703,0.0082236,0.00777884,0.00725051,0.00695795,0.00666441,0.00569113,0.00503731,0.0045133,0.00408503,0.00368311,0.00335174,0.00304264,0.00282318,0.00256618,0.00238016,0.00219439,0.00203539,0.00187966,0.00175393,0.00162692,0.00151706,0.00142109,0.00132954,0.00124541,0.0011713,0.00109526,0.00103256,0.000961994,0.000908764,0.00085366,0.00080486,0.000755508,0.000717666,0.000674742,0.000636663,0.000602655,0.000567984,0.000537087,0.000509379,0.000481438,0.000453783,0.000429134,0.000407025,0.000385195,0.000365589,0.000346358,0.000327685,0.000310922,0.000294689,0.000280067,0.00026593,0.000252342
0.00352,0.00993301,0.0476458,0.242748,1.4946,2.07956,1.96281,1.61382,1.14677,0.777617,0.523818,0.35845,0.251868,0.194097,0.14404,0.110027,0.086293,0.0692954,0.0568181,0.0474458,0.0418551,0.036434,0.0307697,0.0273954,0.0245874,0.0222264,0.0202229,0.0179905,0.0165793,0.01535,0.014272,0.0130289,0.0122174,0.0114925,0.0108419,0.0102555,0.009559,0.00917326,0.00878625,0.00750306,0.00664107,0.00595024,0.00538559,0.00485572,0.00441885,0.00401133,0.003722,0.00338318,0.00313794,0.00289302,0.0026834,0.00247809,0.00231233,0.00214489,0.00200005,0.00187352,0.00175282,0.00164191,0.00154421,0.00144396,0.00136131,0.00126827,0.00119809,0.00112545,0.00106111,0.000996044,0.000946156,0.000889564,0.000839363,0.000794527,0.000748818,0.000708084,0.000671554,0.000634719,0.000598259,0.000565762,0.000536615,0.000507835,0.000481988,0.000456633,0.000432016,0.000409917,0.000388514,0.000369237,0.000350598,0.000332686
0.00464,0.0130941,0.0627931,0.319464,1.94061,2.6711,2.51751,2.0779,1.48592,1.01295,0.684894,0.469832,0.330669,0.255055,0.189432,0.144786,0.113605,0.0912609,0.0748517,0.0625203,0.0551623,0.0480236,0.040562,0.0361156,0.0324145,0.0293026,0.0266613,0.0237183,0.0218579,0.0202371,0.0188161,0.017177,0.016107,0.0151513,0.0142937,0.0135206,0.0126021,0.0120937,0.0115834,0.00989162,0.00875527,0.00784444,0.00710006,0.0064015,0.00582555,0.0052883,0.00490685,0.00446017,0.00413687,0.00381398,0.00353764,0.00326697,0.00304844,0.0028277,0.00263674,0.00246994,0.00231082,0.0021646,0.00203579,0.00190364,0.00179467,0.00167202,0.0015795,0.00148373,0.00139891,0.00131313,0.00124736,0.00117275,0.00110657,0.00104747,0.000987205,0.000933502,0.000885345,0.000836783,0.000788716,0.000745875,0.000707448,0.000669508,0.000635431,0.000602006,0.000569551,0.000540417,0.000512202,0.000486787,0.000462215,0.000438601
0.00613,0.0172975,0.0829235,0.42107,2.51047,3.404,3.20205,2.657,1.91684,1.3164,0.894715,0.615865,0.434417,0.335495,0.249453,0.190812,0.14981,0.120404,0.0987954,0.0825472,0.072848,0.0634312,0.0535833,0.0477124,0.0428248,0.0387142,0.035225,0.0313369,0.028879,0.0267376,0.0248598,0.0226943,0.0212805,0.0200178,0.0188846,0.0178631,0.0166497,0.0159778,0.0153038,0.0130686,0.0115671,0.0103638,0.00938028,0.00845736,0.00769645,0.00698669,0.0064827,0.0058926,0.00546545,0.00503886,0.00467377,0.00431617,0.00402747,0.00373583,0.00348356,0.00326319,0.00305296,0.00285978,0.0026896,0.00251501,0.00237105,0.002209,0.00208678,0.00196024,0.00184819,0.00173486,0.00164797,0.0015494,0.00146197,0.00138388,0.00130426,0.00123332,0.00116969,0.00110553,0.00104203,0.000985429,0.000934662,0.000884538,0.000839517,0.000795358,0.000752479,0.000713989,0.000676713,0.000643136,0.000610673,0.000579474
0.00809,0.0228281,0.109389,0.554043,3.21938,4.27784,4.01396,3.3543,2.44885,1.69898,1.16303,0.804323,0.569085,0.440238,0.327825,0.251029,0.197246,0.158633,0.130235,0.108864,0.0961008,0.0836968,0.0707159,0.0629732,0.0565251,0.0511011,0.0464962,0.0413645,0.0381199,0.0352933,0.0328146,0.0299559,0.0280897,0.0264229,0.024927,0.0235785,0.0219769,0.0210899,0.0202,0.0172496,0.0152678,0.0136794,0.0123813,0.0111631,0.0101587,0.00922181,0.00855667,0.00777771,0.00721393,0.00665085,0.00616898,0.00569701,0.00531594,0.00493101,0.00459799,0.00430715,0.00402965,0.00377467,0.00355007,0.00331961,0.00312959,0.00291572,0.00275438,0.00258738,0.00243947,0.00228989,0.0021752,0.0020451,0.0019297,0.00182662,0.00172154,0.0016279,0.00154392,0.00145923,0.00137542,0.00130071,0.0012337,0.00116754,0.00110812,0.00104983,0.000993234,0.000942429,0.000893228,0.00084891,0.000806062,0.000764881
0.0107,0.0301918,0.144591,0.729808,4.09176,5.29406,4.95212,4.17584,3.09694,2.17876,1.50635,1.04862,0.745087,0.577734,0.431098,0.330593,0.260048,0.209325,0.17198,0.143845,0.12703,0.110667,0.0935265,0.0832958,0.0747719,0.0675998,0.0615095,0.0547214,0.0504293,0.0466898,0.0434106,0.0396285,0.0371595,0.0349542,0.0329751,0.0311912,0.0290723,0.0278989,0.0267217,0.0228185,0.0201966,0.0180955,0.0163782,0.0147667,0.0134381,0.0121987,0.0113188,0.0102885,0.00954266,0.00879785,0.00816041,0.00753605,0.007032,0.0065228,0.00608231,0.00569755,0.00533052,0.00499322,0.0046961,0.00439127,0.00413991,0.00385698,0.00364358,0.00342264,0.003227,0.00302914,0.00287743,0.00270533,0.00255266,0.00241633,0.00227731,0.00215345,0.00204236,0.00193034,0.00181946,0.00172064,0.001632,0.00154448,0.00146588,0.00138877,0.0013139,0.0012467,0.00118162,0.00112299,0.00106632,0.00101183
0.0141,0.0397824,0.190376,0.956495,5.11071,6.40061,5.96641,5.08468,3.84446,2.75388,1.92956,1.35525,0.968544,0.753377,0.563729,0.433151,0.34122,0.274987,0.226149,0.1893,0.167257,0.145769,0.123234,0.10977,0.0985461,0.0890984,0.0810737,0.0721277,0.0664703,0.0615412,0.0572186,0.052233,0.0489785,0.0460714,0.0434626,0.0411111,0.038318,0.0367712,0.0352195,0.0300747,0.0266189,0.0238494,0.0215861,0.0194621,0.017711,0.0160776,0.0149179,0.0135598,0.012577,0.0115953,0.0107552,0.0099323,0.00926792,0.00859683,0.00801634,0.00750921,0.00702547,0.00658095,0.00618935,0.00578759,0.0054563,0.00508343,0.00480215,0.00451099,0.00425315,0.00399236,0.0037924,0.00356559,0.0033644,0.00318469,0.00300149,0.00283823,0.00269183,0.00254418,0.00239805,0.00226781,0.00215099,0.00203565,0.00193205,0.00183042,0.00173176,0.00164318,0.00155741,0.00148014,0.00140544,0.00133364
0.0186,0.0524714,0.250847,1.25247,6.27415,7.56741,7.02852,6.05992,4.68579,3.43316,2.4484,1.74068,1.254,0.979685,0.735888,0.566954,0.447516,0.361225,0.297462,0.249257,0.220384,0.192172,0.162536,0.144807,0.130017,0.117561,0.106977,0.0951752,0.0877104,0.081206,0.0755017,0.0689222,0.0646273,0.060791,0.0573482,0.054245,0.050559,0.0485178,0.0464701,0.0396811,0.0351213,0.031467,0.0284805,0.0256781,0.0233676,0.0212125,0.0196824,0.0178907,0.0165938,0.0152987,0.0141902,0.0131045,0.012228,0.0113426,0.0105766,0.00990763,0.00926937,0.00868287,0.00816619,0.00763615,0.00719906,0.00670708,0.006336,0.00595184,0.00561164,0.00526757,0.00500377,0.00470451,0.00443904,0.00420195,0.00396025,0.00374485,0.00355168,0.00335688,0.00316409,0.00299224,0.0028381,0.00268592,0.00254923,0.00241516,0.00228498,0.00216812,0.00205494,0.00195301,0.00185444,0.00175972
0.0246,0.0693898,0.331276,1.63989,7.55059,8.74706,8.09603,7.06336,5.59544,4.20996,3.07075,2.21906,1.61632,1.27045,0.959403,0.741921,0.587237,0.475039,0.391891,0.328855,0.291033,0.253959,0.214926,0.191536,0.172003,0.15554,0.141545,0.125934,0.116057,0.10745,0.0999016,0.0911947,0.0855108,0.0804339,0.0758779,0.0717712,0.0668935,0.0641925,0.0614827,0.0524994,0.0464659,0.041631,0.0376796,0.0339718,0.030915,0.0280638,0.0260395,0.023669,0.0219533,0.0202399,0.0187734,0.0173371,0.0161774,0.0150061,0.0139928,0.0131077,0.0122633,0.0114874,0.0108039,0.0101026,0.00952439,0.00887353,0.00838259,0.00787436,0.00742427,0.00696909,0.00662008,0.00622419,0.00587298,0.00555932,0.00523955,0.00495457,0.00469903,0.00444132,0.00418625,0.0039589,0.00375498,0.00355365,0.00337283,0.00319545,0.00302322,0.00286861,0.00271889,0.00258401,0.00245362,0.00232831
0.0324,0.0913806,0.435489,2.13089,8.85078,9.86332,9.10205,8.02796,6.51051,5.03825,3.77252,2.78261,2.05626,1.6295,1.23948,0.963361,0.765346,0.620933,0.513481,0.431711,0.382535,0.334124,0.283,0.252295,0.226618,0.204956,0.18653,0.165965,0.15295,0.141607,0.131658,0.120181,0.112689,0.105997,0.0999919,0.094579,0.0881499,0.0845897,0.0810183,0.0691788,0.0612274,0.0548559,0.0496489,0.0447631,0.0407351,0.0369781,0.0343107,0.0311873,0.0289266,0.0266689,0.0247367,0.0228442,0.0213162,0.0197729,0.0184377,0.0172715,0.0161589,0.0151365,0.0142359,0.0133119,0.01255,0.0116925,0.0110456,0.0103759,0.0097829,0.00918311,0.00872326,0.00820161,0.00773886,0.00732558,0.00690422,0.00652874,0.00619201,0.00585246,0.00551637,0.00521681,0.00494813,0.00468284,0.00444457,0.00421085,0.00398391,0.00378021,0.00358291,0.00340521,0.0032334,0.00306827
0.0428,0.120681,0.573748,2.7624,10.1466,10.9126,10.0456,8.9465,7.41487,5.90225,4.54943,3.43993,2.59,2.07504,1.59409,1.24767,0.996327,0.811602,0.673375,0.56763,0.503826,0.440643,0.373642,0.333273,0.299451,0.27088,0.246554,0.219387,0.202187,0.187193,0.174039,0.158866,0.148959,0.140111,0.132171,0.125014,0.116514,0.111807,0.107085,0.0914333,0.0809224,0.0725003,0.0656179,0.0591602,0.0538365,0.0488709,0.0453455,0.0412176,0.0382299,0.0352461,0.0326925,0.0301914,0.0281721,0.0261323,0.0243679,0.0228266,0.0213562,0.0200051,0.0188149,0.0175938,0.0165868,0.0154535,0.0145986,0.0137136,0.0129298,0.0121372,0.0115294,0.01084,0.0102284,0.00968226,0.00912541,0.00862916,0.00818414,0.0077354,0.00729122,0.00689531,0.00654021,0.00618962,0.00587472,0.00556584,0.00526591,0.00499668,0.00473594,0.00450108,0.00427402,0.00405579
0.0565,0.159273,0.754784,3.55377,11.3727,11.865,10.9018,9.78888,8.26752,6.75436,5.36053,4.16648,3.20876,2.60697,2.0291,1.6032,1.28924,1.05601,0.880103,0.744547,0.662386,0.580357,0.492874,0.439934,0.395466,0.357833,0.325751,0.289888,0.26717,0.247358,0.229975,0.20992,0.196827,0.185132,0.174637,0.165177,0.153943,0.147721,0.141481,0.120797,0.106908,0.0957796,0.0866864,0.0781545,0.0711212,0.0645612,0.0599039,0.0544507,0.0505038,0.0465621,0.0431888,0.0398847,0.0372172,0.0345227,0.0321919,0.0301558,0.0282135,0.0264286,0.0248563,0.0232432,0.0219131,0.0204159,0.0192865,0.0181174,0.0170821,0.016035,0.0152321,0.0143214,0.0135135,0.012792,0.0120564,0.0114008,0.0108129,0.0102201,0.00963332,0.00911031,0.00864122,0.00817806,0.00776206,0.00735402,0.0069578,0.00660213,0.00625769,0.00594743,0.00564746,0.00535916
0.0746,0.210197,0.991779,4.52747,12.5021,12.7201,11.6708,10.551,9.05362,7.56695,6.17242,4.93541,3.89904,3.2218,2.54966,2.03972,1.6558,1.36643,1.14582,0.974073,0.869326,0.763554,0.649849,0.580624,0.522266,0.472754,0.43047,0.383142,0.353135,0.326955,0.303979,0.277466,0.260155,0.244692,0.230815,0.218308,0.203454,0.195228,0.186978,0.159635,0.141276,0.126568,0.11455,0.103275,0.09398,0.0853113,0.0791571,0.0719512,0.066736,0.0615275,0.0570702,0.0527044,0.0491798,0.0456194,0.0425396,0.0398493,0.0372828,0.0349244,0.0328468,0.0307154,0.0289578,0.0269795,0.0254872,0.0239424,0.0225743,0.0211907,0.0201299,0.0189265,0.0178589,0.0169055,0.0159335,0.0150672,0.0142904,0.0135071,0.0127317,0.0120406,0.0114207,0.0108087,0.010259,0.00971983,0.00919629,0.0087263,0.00827115,0.00786117,0.00746478,0.00708383
0.1,0.281629,1.32048,5.76156,13.5751,13.5214,12.3926,11.2696,9.80391,8.36119,6.99687,5.75619,4.67658,3.94278,3.1868,2.59226,2.13208,1.77823,1.50431,1.2879,1.15471,1.01792,0.86911,0.777691,0.700207,0.634215,0.57771,0.514336,0.474103,0.438978,0.408137,0.372537,0.349288,0.32852,0.309882,0.293084,0.273134,0.262085,0.251006,0.214286,0.189636,0.169889,0.153755,0.138619,0.126143,0.114507,0.106247,0.0965749,0.0895751,0.0825847,0.0766022,0.0707428,0.0660122,0.0612338,0.0571002,0.0534894,0.0500449,0.0468796,0.0440912,0.0412304,0.0388716,0.0362163,0.0342135,0.0321401,0.0303039,0.0284469,0.027023,0.0254078,0.0239749,0.0226952,0.0213906,0.0202279,0.0191853,0.0181338,0.0170931,0.0161655,0.0153335,0.0145121,0.0137742,0.0130505,0.0123478,0.011717,0.011106,0.0105557,0.0100237,0.00951237
0.12,0.33782,1.57589,6.6307,14.181,13.9717,12.799,11.6751,10.2301,8.81838,7.48271,6.25656,5.17026,4.4161,3.62148,2.9817,2.47674,2.08278,1.77424,1.52764,1.37477,1.21554,1.0406,0.932315,0.840122,0.761352,0.693754,0.617809,0.56954,0.527374,0.490336,0.447571,0.419638,0.394683,0.372287,0.352102,0.328129,0.314851,0.301538,0.257417,0.227799,0.204075,0.184693,0.16651,0.151523,0.137546,0.127624,0.116006,0.107599,0.099202,0.0920164,0.0849783,0.0792963,0.0735567,0.0685917,0.0642547,0.0601173,0.0563154,0.052966,0.0495298,0.0466965,0.0435071,0.0411013,0.0386108,0.0364053,0.0341746,0.0324643,0.0305241,0.028803,0.0272659,0.0256987,0.0243021,0.0230497,0.0217867,0.0205366,0.0194224,0.018423,0.0174362,0.0165499,0.0156806,0.0148364,0.0140787,0.0133448,0.0126838,0.0120447,0.0114304
0.14,0.393924,1.82804,7.41688,14.6576,14.3256,13.1187,11.9946,10.5668,9.18205,7.87393,6.66721,5.58565,4.82328,4.00588,3.33483,2.79608,2.37018,2.033,1.76043,1.59025,1.41039,1.21076,1.08621,0.979661,0.888321,0.809751,0.721317,0.665043,0.615851,0.572622,0.522692,0.490074,0.460929,0.434771,0.411195,0.383193,0.367683,0.352133,0.3006,0.266009,0.238303,0.215668,0.194435,0.176935,0.160614,0.149027,0.135462,0.125645,0.115841,0.10745,0.0992325,0.0925979,0.0858961,0.0800987,0.0750346,0.0702036,0.0657643,0.0618534,0.0578411,0.0545327,0.0508085,0.0479994,0.0450913,0.0425159,0.0399112,0.037914,0.0356485,0.0336387,0.0318438,0.0300138,0.028383,0.0269205,0.0254457,0.023986,0.0226848,0.0215178,0.0203655,0.0193306,0.0183154,0.0173297,0.0164448,0.0155879,0.014816,0.0140696,0.0133524
0.16,0.45001,2.0772,8.12907,15.0457,14.6139,13.3796,12.2555,10.8423,9.48073,8.19787,7.01182,5.94071,5.17742,4.3479,3.65596,3.09228,2.64143,2.28098,1.98639,1.80121,1.60251,1.37962,1.23942,1.1189,1.01521,0.925791,0.824953,0.760702,0.704496,0.655079,0.597982,0.560672,0.527331,0.497405,0.47043,0.438392,0.420645,0.402852,0.34389,0.304313,0.272615,0.24672,0.222429,0.202409,0.183738,0.170485,0.154967,0.143737,0.132522,0.122924,0.113523,0.105934,0.0982677,0.091636,0.0858431,0.0803167,0.0752384,0.0707647,0.0661748,0.0623901,0.0581299,0.0549164,0.0515896,0.0486435,0.0456638,0.0433791,0.0407874,0.0384883,0.0364349,0.0343414,0.0324758,0.0308027,0.0291155,0.0274456,0.0259571,0.024622,0.0233038,0.0221198,0.0209585,0.0198308,0.0188185,0.0178381,0.016955,0.0161012,0.0152807
0.18,0.506045,2.32314,8.77466,15.3695,14.8548,13.5978,12.4738,11.0731,9.73174,8.47168,7.30594,6.24801,5.48812,4.65365,3.94853,3.36697,2.89712,2.5182,2.20528,2.00731,1.79157,1.54693,1.39175,1.25765,1.14186,1.04174,0.928611,0.856425,0.793229,0.737637,0.673378,0.631377,0.593839,0.560142,0.529765,0.493685,0.473698,0.45366,0.387256,0.342686,0.306989,0.277828,0.250474,0.22793,0.206906,0.191982,0.174509,0.161863,0.149235,0.138427,0.127842,0.119296,0.110664,0.103196,0.0966734,0.0904505,0.0847321,0.0796944,0.074526,0.0702642,0.065467,0.0618482,0.0581021,0.0547844,0.051429,0.0488563,0.0459377,0.0433487,0.0410364,0.0386789,0.036578,0.034694,0.032794,0.0309134,0.0292372,0.0277338,0.0262493,0.024916,0.0236081,0.0223382,0.0211982,0.0200942,0.0190997,0.0181382,0.0172141
0.2,0.562027,2.56583,9.3611,15.6453,15.0603,13.784,12.6602,11.2703,9.94668,8.70712,7.56069,6.51707,5.76315,4.92853,4.21587,3.62201,3.13814,2.74492,2.41706,2.2084,1.9774,1.71252,1.54304,1.39582,1.2682,1.15755,1.03225,0.952178,0.882023,0.820273,0.748864,0.702175,0.66044,0.622971,0.589191,0.549067,0.526837,0.504551,0.430696,0.381125,0.341423,0.308991,0.27857,0.253497,0.230116,0.213519,0.194087,0.180024,0.16598,0.153961,0.142189,0.132685,0.123085,0.11478,0.107525,0.100605,0.0942452,0.0886426,0.0828945,0.0781548,0.0728195,0.0687949,0.0646285,0.0609387,0.0572069,0.0543455,0.0510996,0.0482201,0.0456484,0.0430264,0.0406897,0.0385943,0.0364811,0.0343895,0.0325252,0.030853,0.029202,0.027719,0.0262644,0.024852,0.023584,0.0223561,0.02125,0.0201806,0.0191528
0.22,0.617892,2.80494,9.89464,15.8836,15.238,13.9453,12.8217,11.4413,10.1333,8.91224,7.78388,6.75481,6.00831,5.17675,4.46069,3.85891,3.36513,2.96128,2.62154,2.40418,2.15963,1.87606,1.69303,1.53315,1.394,1.27302,1.13571,1.04782,0.970753,0.902874,0.82434,0.772974,0.727051,0.685815,0.648636,0.604469,0.579997,0.555465,0.474159,0.419585,0.375877,0.340173,0.306683,0.279082,0.253343,0.235071,0.21368,0.198198,0.182738,0.169507,0.156547,0.146085,0.135516,0.126374,0.118387,0.110769,0.103767,0.0975994,0.0912713,0.0860533,0.0801795,0.0757487,0.0711618,0.0670996,0.0629911,0.0598408,0.0562672,0.0530971,0.0502657,0.047379,0.0448064,0.0424993,0.0401728,0.03787,0.0358175,0.0339764,0.0321586,0.0305259,0.0289244,0.0273693,0.0259733,0.0246214,0.0234036,0.0222261,0.0210945
0.24,0.673756,3.04095,10.3824,16.0927,15.3943,14.0871,12.9638,11.5919,10.2978,9.09344,7.98192,6.9672,6.22892,5.40254,4.6861,4.0798,3.57949,3.16814,2.81924,2.59498,2.33852,2.03777,1.84189,1.66983,1.51946,1.38834,1.23916,1.14352,1.05957,0.98559,0.899945,0.843908,0.793797,0.748794,0.708213,0.659999,0.633284,0.606501,0.517731,0.458145,0.410422,0.371438,0.334872,0.304736,0.276633,0.256684,0.233327,0.216424,0.199543,0.185097,0.170947,0.159524,0.147984,0.138002,0.129282,0.120963,0.113318,0.106583,0.0996735,0.093976,0.0875622,0.0827241,0.0777155,0.0732798,0.0687935,0.0653536,0.0614514,0.0579897,0.0548979,0.0517457,0.0489365,0.0464173,0.0438768,0.0413622,0.0391208,0.0371104,0.0351254,0.0333425,0.0315936,0.0298955,0.0283711,0.0268947,0.0255649,0.0242791,0.0230434
0.26,0.729562,3.27357,10.8294,16.278,15.5329,14.213,13.09,11.7256,10.4441,9.25494,8.15906,7.15824,6.42855,5.60874,4.89413,4.28595,3.78187,3.36569,3.0101,2.7806,2.51379,2.19735,1.98937,1.80563,1.64438,1.50333,1.34245,1.23915,1.14837,1.06831,0.975587,0.914891,0.8606,0.811835,0.767855,0.715597,0.686637,0.657603,0.561366,0.496763,0.445021,0.402754,0.363108,0.330433,0.299963,0.278333,0.25301,0.234682,0.21638,0.200716,0.185374,0.172988,0.160476,0.149652,0.140197,0.131177,0.122888,0.115585,0.108093,0.101915,0.0949603,0.0897141,0.084283,0.0794732,0.0746084,0.0708783,0.0666469,0.0628931,0.0595405,0.0561223,0.0530761,0.0503442,0.0475894,0.0448625,0.042432,0.0402519,0.0380993,0.0361659,0.0342695,0.032428,0.0307749,0.0291739,0.0277318,0.0263375,0.0249974
0.28,0.785309,3.50278,11.2401,16.4437,15.657,14.3259,13.2031,11.8456,10.5754,9.4001,8.31877,7.33128,6.61027,5.79792,5.08675,4.47875,3.97315,3.5544,3.19426,2.96104,2.68537,2.3547,2.13536,1.94046,1.76867,1.61793,1.44555,1.33466,1.23712,1.15103,1.05125,0.985908,0.927449,0.874927,0.827553,0.771254,0.740051,0.708766,0.605059,0.535436,0.479672,0.434118,0.391389,0.356173,0.323333,0.30002,0.272727,0.252973,0.233247,0.216364,0.199828,0.186478,0.172992,0.161325,0.151134,0.141411,0.132477,0.124605,0.116529,0.10987,0.102374,0.0967186,0.0908644,0.0856797,0.0804358,0.076415,0.0718537,0.0678073,0.0641934,0.0605087,0.057225,0.0542801,0.0513105,0.048371,0.0457509,0.0434008,0.0410804,0.0389963,0.0369519,0.0349667,0.0331847,0.0314589,0.0299043,0.0284012,0.0269567
0.3,0.840995,3.72856,11.6186,16.5931,15.769,14.4278,13.3053,11.954,10.6941,9.53155,8.46374,7.48897,6.77659,5.97223,5.26566,4.65943,4.15412,3.73472,3.37192,3.13637,2.8532,2.50971,2.27977,2.07424,1.89227,1.73207,1.5484,1.43002,1.32578,1.2337,1.12691,1.05694,0.994329,0.938061,0.887298,0.826962,0.793518,0.759985,0.648809,0.574163,0.514373,0.465529,0.419714,0.381954,0.346741,0.321744,0.292477,0.271296,0.250143,0.23204,0.214309,0.199993,0.185531,0.17302,0.162092,0.151666,0.142084,0.133643,0.124983,0.117841,0.109802,0.103738,0.0974595,0.0918993,0.0862756,0.0819635,0.0770718,0.0727323,0.0688565,0.0649049,0.0613832,0.058225,0.0550401,0.0518876,0.0490777,0.0465573,0.0440687,0.0418334,0.0396409,0.0375118,0.0356006,0.0337497,0.0320824,0.0304704,0.0289211
0.32,0.89653,3.95054,11.9681,16.7285,15.8707,14.5203,13.3981,12.0524,10.8021,9.65117,8.59594,7.63324,6.92932,6.13325,5.43207,4.82885,4.3253,3.90684,3.54302,3.30636,3.01699,2.66207,2.42228,2.20666,2.01491,1.84553,1.6508,1.52505,1.41419,1.31618,1.20243,1.12787,1.06112,1.00113,0.946987,0.882628,0.84695,0.811172,0.692541,0.61288,0.549068,0.496937,0.448038,0.407735,0.37015,0.343469,0.31223,0.289622,0.267043,0.24772,0.228792,0.213511,0.198074,0.184719,0.173053,0.161924,0.151696,0.142685,0.13344,0.125816,0.117234,0.11076,0.104058,0.0981222,0.0921186,0.0875152,0.082293,0.0776603,0.0735226,0.0693039,0.0655443,0.0621726,0.0587725,0.0554069,0.052407,0.0497162,0.0470594,0.044673,0.0423322,0.0400592,0.0380188,0.0360427,0.0342627,0.0325416,0.0308876
0.34,0.952083,4.16938,12.2927,16.8523,15.9637,14.605,13.483,12.1426,10.901,9.76096,8.7175,7.7663,7.07063,6.28297,5.58779,4.98851,4.4879,4.07172,3.70831,3.47163,3.17725,2.81216,2.56324,2.33807,2.13689,1.95859,1.75302,1.62,1.50259,1.39869,1.27803,1.19889,1.12802,1.0643,1.00679,0.938412,0.9005,0.862478,0.736385,0.651701,0.58386,0.528436,0.476445,0.433593,0.39363,0.365261,0.332046,0.308006,0.283997,0.26345,0.243323,0.227074,0.210659,0.196457,0.184052,0.172217,0.16134,0.151757,0.141926,0.133819,0.124692,0.117807,0.11068,0.104367,0.0979825,0.0930869,0.0875331,0.0826063,0.0782058,0.0737192,0.0697208,0.0661349,0.0625188,0.0589394,0.0557489,0.0528872,0.0500616,0.0475236,0.0450341,0.0426167,0.0404466,0.0383449,0.0364517,0.0346213,0.0328621
0.36,1.00757,4.38476,12.5945,16.9659,16.0491,14.6828,13.5612,12.2256,10.992,9.86209,8.82965,7.88936,7.20168,6.42245,5.73367,5.13904,4.64233,4.22954,3.86775,3.63203,3.33373,2.95971,2.70237,2.46818,2.25798,2.07103,1.85487,1.7147,1.59082,1.4811,1.35357,1.26989,1.19491,1.12749,1.06662,0.994226,0.954084,0.913821,0.780273,0.690566,0.618696,0.559977,0.504892,0.459489,0.417147,0.387088,0.351893,0.32642,0.30098,0.279207,0.25788,0.240661,0.223266,0.208217,0.195071,0.182529,0.171003,0.160848,0.150429,0.141837,0.132165,0.124869,0.117315,0.110625,0.103859,0.0986703,0.0927844,0.0875629,0.0828992,0.0781442,0.0739065,0.0701061,0.0662737,0.0624801,0.0590987,0.0560657,0.0530709,0.050381,0.0477425,0.0451804,0.0428804,0.0406529,0.0386464,0.0367064,0.0348419
0.38,1.06299,4.59668,12.8758,17.0707,16.128,14.7547,13.6333,12.3022,11.0762,9.95564,8.93355,8.00362,7.32366,6.55281,5.87068,5.28125,4.78919,4.3807,4.02158,3.78767,3.48645,3.10466,2.83961,2.59693,2.3781,2.18279,1.95629,1.8091,1.67885,1.56337,1.42904,1.34084,1.26179,1.19067,1.12645,1.05006,1.0077,0.965196,0.824201,0.729474,0.653574,0.591558,0.533379,0.485423,0.440699,0.408949,0.371772,0.344865,0.317991,0.294992,0.272462,0.254273,0.235896,0.219999,0.20611,0.192861,0.180684,0.169956,0.158948,0.149872,0.139653,0.131945,0.123964,0.116896,0.109747,0.104266,0.0980469,0.0925301,0.0876027,0.0825789,0.0781016,0.0740862,0.070037,0.0660289,0.0624561,0.0592516,0.0560874,0.0532453,0.0504574,0.0477504,0.0453202,0.0429666,0.0408466,0.0387968,0.0368268
0.4,1.11834,4.80514,13.1388,17.1677,16.201,14.8213,13.7002,12.3733,11.1543,10.0425,9.03018,8.1101,7.43759,6.67499,5.99966,5.41584,4.92903,4.5256,4.17005,3.93867,3.63544,3.247,2.97489,2.72426,2.49721,2.29383,2.05726,1.90318,1.76665,1.64548,1.50442,1.41173,1.32862,1.25383,1.18628,1.10591,1.06133,1.0166,0.868166,0.768421,0.688492,0.623179,0.561903,0.511393,0.464285,0.430842,0.391683,0.363339,0.335031,0.310803,0.28707,0.267908,0.248549,0.231801,0.21717,0.203212,0.190383,0.179081,0.167484,0.157922,0.147156,0.139035,0.130627,0.12318,0.115648,0.109872,0.10332,0.097508,0.0923164,0.0870232,0.0823058,0.0780752,0.0738088,0.0695857,0.0658213,0.0624448,0.0591109,0.0561164,0.0531789,0.0503266,0.0477661,0.0452862,0.0430524,0.0408926,0.0388169
0.42,1.17362,5.01014,13.3852,17.2578,16.269,14.8832,13.7624,12.4394,11.227,10.1235,9.12035,8.20965,7.54431,6.7898,6.12135,5.54345,5.06235,4.6646,4.31337,4.08518,3.78075,3.38668,3.10816,2.85011,2.61523,2.40409,2.15772,1.9969,1.85419,1.72742,1.57968,1.48255,1.39541,1.31698,1.24611,1.16176,1.11497,1.06801,0.912162,0.807404,0.723447,0.654837,0.590464,0.537399,0.487906,0.452769,0.411624,0.381843,0.352098,0.32664,0.301702,0.281567,0.261224,0.243625,0.22825,0.213582,0.200101,0.188223,0.176036,0.165988,0.154674,0.146139,0.137302,0.129476,0.121561,0.115491,0.108605,0.102496,0.0970403,0.0914772,0.0865193,0.082073,0.077589,0.0731506,0.0691942,0.0656455,0.0621416,0.0589943,0.055907,0.0529091,0.050218,0.0476116,0.0452638,0.0429938,0.0408121
0.44,1.22883,5.21171,13.6165,17.3419,16.3323,14.941,13.8205,12.5012,11.2949,10.1993,9.20477,8.303,7.64456,6.89797,6.23643,5.66463,5.18962,4.79805,4.45178,4.22734,3.92244,3.52369,3.2394,2.97443,2.73213,2.51352,2.25764,2.09023,1.94145,1.80914,1.65481,1.55327,1.46215,1.38008,1.30591,1.21761,1.16862,1.11945,0.956186,0.846421,0.758437,0.686531,0.61906,0.563439,0.511559,0.474726,0.431595,0.400375,0.369193,0.342503,0.316359,0.295249,0.273922,0.25547,0.23935,0.223972,0.209837,0.197383,0.184605,0.174069,0.162206,0.153257,0.143992,0.135786,0.127486,0.121121,0.113901,0.107495,0.101774,0.0959408,0.090742,0.0860796,0.0813777,0.0767235,0.0725748,0.0688536,0.0651793,0.061879,0.0586415,0.0554979,0.0526759,0.0499427,0.0474807,0.0451003,0.0428125
0.46,1.28396,5.40986,13.8342,17.4205,16.3917,14.9952,13.8749,12.5591,11.3586,10.2703,9.28402,8.39076,7.73897,7.00011,6.34545,5.77991,5.31127,4.92627,4.5855,4.36528,4.06058,3.65804,3.36857,3.09718,2.84785,2.62207,2.35698,2.18312,2.0284,1.89063,1.72979,1.62389,1.5288,1.44313,1.36569,1.27346,1.22227,1.17088,1.00023,0.885468,0.793461,0.718259,0.64769,0.589512,0.535244,0.496715,0.451595,0.418936,0.386314,0.358392,0.33104,0.308954,0.286641,0.267336,0.25047,0.23438,0.21959,0.20656,0.19319,0.182166,0.169753,0.160389,0.150694,0.142108,0.133423,0.126763,0.119208,0.112505,0.106518,0.100414,0.0949739,0.090095,0.0851748,0.0803044,0.0759631,0.0720691,0.0682241,0.0647704,0.0613826,0.0580929,0.0551398,0.0522796,0.0497032,0.0472122,0.0448181
0.48,1.33902,5.60462,14.0394,17.4943,16.4473,15.0459,13.9259,12.6135,11.4185,10.3371,9.35862,8.4735,7.8281,7.09676,6.44892,5.88974,5.42767,5.04958,4.71474,4.49914,4.19523,3.78972,3.49564,3.21831,2.96234,2.72972,2.4557,2.27556,2.115,1.97188,1.80461,1.69439,1.59537,1.50613,1.42542,1.32928,1.27591,1.22232,1.0443,0.924543,0.828516,0.750019,0.676353,0.615617,0.55896,0.518735,0.471625,0.437524,0.403462,0.374307,0.345745,0.322683,0.299382,0.279222,0.26161,0.244807,0.229362,0.215754,0.201791,0.190278,0.177315,0.167535,0.15741,0.148442,0.139372,0.132416,0.124525,0.117525,0.111272,0.104897,0.0992149,0.0941191,0.0889802,0.0838934,0.0793591,0.0752919,0.0712759,0.0676687,0.0641302,0.0606942,0.0576097,0.0546223,0.0519313,0.0493294,0.0468288
0.5,1.39401,5.79601,14.2333,17.5636,16.4996,15.0937,13.974,12.6646,11.4749,10.4,9.42901,8.55166,7.91242,7.18841,6.54731,5.99452,5.53918,5.16825,4.83972,4.62909,4.32647,3.91874,3.62058,3.33779,3.07558,2.83641,2.55377,2.36751,2.20123,2.05284,1.87924,1.76475,1.66184,1.56905,1.48511,1.38507,1.32954,1.27375,1.08839,0.963642,0.863599,0.78181,0.705047,0.641753,0.582707,0.540783,0.491683,0.45614,0.420636,0.390246,0.360474,0.336434,0.312145,0.291129,0.272769,0.255252,0.239151,0.224965,0.210408,0.198406,0.184891,0.174695,0.164139,0.154789,0.145333,0.138081,0.129854,0.122555,0.116036,0.109389,0.103465,0.098152,0.0927941,0.0874903,0.0827627,0.078522,0.0743348,0.0705737,0.0668842,0.0633017,0.0600855,0.0569707,0.0541649,0.051452,0.0488447
0.52,1.44891,5.98407,14.4168,17.629,16.5489,15.1388,14.0193,12.7129,11.5281,10.4595,9.49558,8.62566,7.99236,7.27546,6.64102,6.09464,5.64614,5.28255,4.96062,4.75524,4.45439,4.04512,3.7434,3.4556,3.18752,2.9421,2.65115,2.45894,2.28707,2.13351,1.95366,1.83495,1.7282,1.6319,1.54474,1.44083,1.38314,1.32517,1.13248,1.00276,0.898709,0.813629,0.73377,0.667919,0.606483,0.562861,0.511769,0.474782,0.437836,0.40621,0.375226,0.350207,0.324929,0.303057,0.283947,0.265716,0.248958,0.234193,0.219042,0.206548,0.192481,0.181869,0.170881,0.161149,0.151305,0.143757,0.135194,0.127596,0.12081,0.113891,0.107724,0.102194,0.0966162,0.0910952,0.0861739,0.0817595,0.0774006,0.0734854,0.0696448,0.0659154,0.0625674,0.0593249,0.056404,0.0535799,0.0508657
0.54,1.50373,6.16881,14.5907,17.6907,16.5955,15.1813,14.0621,12.7586,11.5785,10.5158,9.55865,8.69586,8.06828,7.35831,6.73041,6.19042,5.74883,5.39273,5.07764,4.87776,4.57907,4.1689,3.86408,3.57172,3.29812,3.04677,2.74781,2.54981,2.37249,2.21385,2.02786,1.90499,1.79443,1.69464,1.6043,1.49655,1.43671,1.37657,1.17658,1.0419,0.933843,0.845476,0.762523,0.694113,0.630288,0.584967,0.531882,0.493451,0.455061,0.422198,0.390001,0.364003,0.337733,0.315004,0.295145,0.276198,0.258782,0.243437,0.22769,0.214706,0.200086,0.189056,0.177636,0.167521,0.15729,0.149445,0.140544,0.132647,0.125594,0.118402,0.111993,0.106244,0.100447,0.0947081,0.0895927,0.0850043,0.0804736,0.0764039,0.0724118,0.0685353,0.0650552,0.0616848,0.0586487,0.0557132,0.0528918
0.56,1.55848,6.35029,14.7558,17.7491,16.6396,15.2216,14.1027,12.8019,11.6262,10.5693,9.61853,8.76258,8.14051,7.43727,6.8158,6.28217,5.84752,5.49902,5.19097,4.99676,4.7006,4.29009,3.98263,3.6861,3.40738,3.15039,2.84373,2.64011,2.45747,2.29386,2.10181,1.97484,1.86052,1.75728,1.66378,1.55222,1.49025,1.42795,1.22069,1.08105,0.968998,0.877347,0.791302,0.720336,0.65412,0.6071,0.552022,0.512146,0.47231,0.438209,0.404799,0.37782,0.350559,0.326971,0.306361,0.286699,0.268624,0.252698,0.236355,0.222879,0.207705,0.196257,0.184404,0.173906,0.163287,0.155144,0.145905,0.137709,0.130388,0.122923,0.11627,0.110303,0.104286,0.0983289,0.0930192,0.0882563,0.0835534,0.0793291,0.0751853,0.0711614,0.067549,0.0640504,0.0608989,0.0578517,0.0549231
0.58,1.61314,6.52853,14.9129,17.8045,16.6814,15.2598,14.1411,12.8429,11.6715,10.62,9.67547,8.8261,8.20936,7.51264,6.89748,6.37016,5.94247,5.60163,5.30077,5.11239,4.81906,4.40873,4.09904,3.79876,3.51525,3.25291,2.93886,2.7298,2.54197,2.3735,2.17551,2.04449,1.92645,1.81981,1.72317,1.60783,1.54374,1.47929,1.26479,1.12022,1.00417,0.909242,0.820106,0.746585,0.677979,0.62926,0.572187,0.530865,0.489584,0.454245,0.41962,0.391659,0.363405,0.338958,0.317597,0.297217,0.278482,0.261975,0.245035,0.231067,0.215339,0.203472,0.191185,0.180303,0.169295,0.160854,0.151277,0.142781,0.135191,0.127453,0.120556,0.114371,0.108133,0.101958,0.0964532,0.0915157,0.0866403,0.0822611,0.0779652,0.0737937,0.0700488,0.0664218,0.0631547,0.0599956,0.0569595
0.6,1.66787,6.70408,15.0628,17.8572,16.7212,15.2962,14.1777,12.882,11.7147,10.6685,9.72986,8.88683,8.27525,7.5849,6.97594,6.45489,6.03417,5.70106,5.40751,5.2251,4.93487,4.52518,4.21365,3.90998,3.62203,3.35461,3.03345,2.81912,2.62623,2.45298,2.24915,2.11413,1.99241,1.88238,1.78264,1.66353,1.59734,1.53074,1.30902,1.15951,1.03947,0.941251,0.849018,0.772935,0.701933,0.65151,0.592436,0.549664,0.506932,0.470349,0.434505,0.405559,0.376309,0.350998,0.328883,0.307783,0.288386,0.271295,0.253756,0.239294,0.223008,0.210721,0.197999,0.186731,0.175333,0.166592,0.156675,0.147877,0.140019,0.132006,0.124864,0.118459,0.111999,0.105605,0.0999047,0.0947917,0.0897431,0.0852082,0.0807596,0.0764398,0.0725617,0.0688058,0.0654224,0.0621511,0.0590069
0.62,1.72237,6.87599,15.2054,17.9072,16.759,15.3307,14.2125,12.9192,11.7558,10.7145,9.78161,8.94466,8.33805,7.65388,7.05097,6.5361,6.1223,5.79691,5.51074,5.33437,5.04747,4.63885,4.32583,4.01914,3.72708,3.4549,3.12695,2.90754,2.70973,2.53184,2.32229,2.18335,2.05801,1.94465,1.84183,1.719,1.65072,1.582,1.35312,1.19869,1.07468,0.97319,0.877872,0.799236,0.725845,0.673722,0.612654,0.568435,0.524256,0.486432,0.449371,0.419442,0.389197,0.363025,0.340157,0.318338,0.29828,0.280606,0.262468,0.247512,0.23067,0.217963,0.204806,0.193153,0.181365,0.172325,0.162069,0.15297,0.144842,0.136555,0.129169,0.122544,0.115863,0.10925,0.103354,0.098066,0.0928442,0.0881538,0.0835527,0.0790847,0.0750736,0.0711888,0.0676894,0.0643058,0.0610538
0.64,1.77678,7.04479,15.3416,17.9548,16.7949,15.3635,14.2456,12.9546,11.795,10.7585,9.83104,8.99997,8.39816,7.71999,7.12301,6.61424,6.20732,5.88966,5.61091,5.44065,5.15726,4.75009,4.43592,4.12655,3.8307,3.55403,3.21959,2.99527,2.7927,2.61027,2.39511,2.25232,2.12341,2.00676,1.9009,1.77439,1.70405,1.63322,1.3972,1.23788,1.1099,1.00515,0.906748,0.82556,0.749781,0.69596,0.632895,0.587229,0.541602,0.502537,0.464259,0.433345,0.402105,0.375071,0.351449,0.328911,0.30819,0.289932,0.271196,0.255745,0.238346,0.225219,0.211627,0.199587,0.187409,0.17807,0.167474,0.158073,0.149676,0.141114,0.133482,0.126638,0.119735,0.112902,0.106811,0.101347,0.0959523,0.0911061,0.0863522,0.0817358,0.0775915,0.0735776,0.0699619,0.0664658,0.0631057
0.66,1.8311,7.21053,15.4717,18.0002,16.8292,15.3948,14.2772,12.9884,11.8324,10.8005,9.87834,9.05292,8.45577,7.78343,7.19225,6.6895,6.28942,5.97945,5.70815,5.54404,5.26435,4.85895,4.54394,4.23221,3.93287,3.65198,3.31136,3.08231,2.87511,2.68826,2.46762,2.32103,2.18861,2.06871,1.95985,1.82969,1.75729,1.68437,1.44126,1.27707,1.14513,1.03712,0.935643,0.851906,0.77374,0.71822,0.65316,0.606046,0.558971,0.518664,0.479167,0.447269,0.415033,0.387135,0.362759,0.3395,0.318117,0.299275,0.279938,0.263993,0.246036,0.232488,0.218459,0.206034,0.193464,0.183825,0.172889,0.163186,0.154519,0.145682,0.137805,0.13074,0.123616,0.116563,0.110276,0.104636,0.0990673,0.0940651,0.089158,0.084393,0.0801152,0.075972,0.0722399,0.0686312,0.0651628
0.68,1.88551,7.37377,15.5967,18.0437,16.862,15.4248,14.3075,13.0208,11.8683,10.8409,9.92377,9.10384,8.51122,7.84457,7.25909,6.76229,6.369,6.06673,5.80292,5.645,5.36914,4.96582,4.65025,4.33646,4.03391,3.74905,3.40252,3.1689,2.95721,2.76604,2.54001,2.38969,2.25381,2.13069,2.01886,1.88506,1.81063,1.73563,1.48544,1.31638,1.18049,1.06921,0.964651,0.878358,0.797799,0.740576,0.673514,0.624948,0.576418,0.534865,0.494145,0.461259,0.428022,0.399258,0.374123,0.350142,0.328093,0.308663,0.288724,0.272282,0.253765,0.239793,0.225327,0.212513,0.199551,0.189611,0.178332,0.168326,0.159388,0.150274,0.14215,0.134865,0.127517,0.120243,0.113759,0.107943,0.102199,0.0970403,0.0919795,0.087065,0.0826531,0.07838,0.0745308,0.0708089,0.0672317
0.7,1.93966,7.53353,15.7161,18.0852,16.8932,15.4534,14.3363,13.0517,11.9026,10.8794,9.96721,9.15256,8.56431,7.90318,7.32326,6.8323,6.44572,6.15107,5.89471,5.74297,5.47105,5.07007,4.75421,4.43864,4.13318,3.84461,3.49248,3.25448,3.03845,2.8431,2.61182,2.45786,2.31857,2.1923,2.07753,1.94016,1.86372,1.78665,1.52946,1.35556,1.21573,1.10121,0.993584,0.904747,0.821804,0.762883,0.693826,0.643811,0.593833,0.551036,0.509097,0.475224,0.440989,0.411361,0.38547,0.360767,0.338054,0.318038,0.297497,0.280559,0.261483,0.247089,0.232186,0.218984,0.20563,0.195389,0.183769,0.17346,0.164251,0.154861,0.146491,0.138984,0.131414,0.123919,0.117239,0.111246,0.105328,0.100013,0.0947984,0.0897347,0.0851889,0.080786,0.0768199,0.072985,0.0692992
0.72,1.99371,7.69037,15.8305,18.1249,16.9231,15.4808,14.3639,13.0813,11.9354,10.9164,10.0089,9.19937,8.61536,7.95961,7.38513,6.89992,6.51997,6.23289,5.98395,5.83838,5.5705,5.1721,4.85617,4.53908,4.23098,3.93896,3.58151,3.33931,3.11909,2.91967,2.68327,2.52572,2.38309,2.25371,2.13605,1.99514,1.91671,1.8376,1.57344,1.39474,1.25099,1.13322,1.02253,0.931154,0.845828,0.785212,0.71416,0.662697,0.611268,0.567228,0.524069,0.489209,0.453975,0.423482,0.396834,0.371408,0.34803,0.327429,0.306286,0.288851,0.269214,0.254398,0.239057,0.225467,0.21172,0.201178,0.189216,0.178604,0.169123,0.159457,0.150841,0.143113,0.135319,0.127604,0.120726,0.114556,0.108464,0.102992,0.0976237,0.0924106,0.0877306,0.0831978,0.0791146,0.0751664,0.0713718
0.74,2.04786,7.84488,15.9408,18.163,16.9519,15.5071,14.3905,13.1097,11.967,10.952,10.0491,9.24454,8.66466,8.01416,7.44503,6.96549,6.59213,6.31258,6.07107,5.93167,5.6679,5.27229,4.95653,4.63817,4.32765,4.03241,3.66991,3.42366,3.19938,2.99599,2.75457,2.59351,2.44759,2.31513,2.19461,2.05019,1.96979,1.88865,1.61755,1.43403,1.28636,1.16536,1.0516,0.957671,0.869957,0.807639,0.734586,0.68167,0.628786,0.583498,0.539113,0.503262,0.467026,0.435663,0.408256,0.382104,0.358058,0.336868,0.31512,0.297186,0.276987,0.261746,0.245964,0.231985,0.217843,0.206999,0.194693,0.183775,0.174023,0.164078,0.155214,0.147264,0.139246,0.131309,0.124233,0.117886,0.111618,0.105988,0.100465,0.095102,0.0902871,0.0856237,0.0814228,0.0773608,0.0734568
0.76,2.10172,7.99604,16.0464,18.1995,16.9793,15.5322,14.4158,13.137,11.9973,10.9861,10.0876,9.28788,8.712,8.0666,7.50267,7.02871,6.66183,6.38972,6.15555,6.02226,5.76265,5.37002,5.05461,4.73522,4.42254,4.12432,3.75704,3.50693,3.27874,3.07152,2.82523,2.66074,2.5116,2.37613,2.25279,2.10492,2.02258,1.93943,1.66146,1.47318,1.32161,1.19739,1.08057,0.984114,0.894021,0.83001,0.754962,0.700598,0.646264,0.599732,0.554125,0.517287,0.48005,0.447821,0.419656,0.392781,0.368068,0.34629,0.323938,0.305506,0.284746,0.269081,0.252861,0.238492,0.223957,0.21281,0.200162,0.18894,0.178915,0.168693,0.159582,0.15141,0.143168,0.135009,0.127735,0.121211,0.114768,0.108981,0.103304,0.0977904,0.0928408,0.088047,0.0837286,0.079553,0.0755397
0.78,2.15549,8.14443,16.148,18.2344,17.0057,15.5563,14.4402,13.1631,12.0264,11.0189,10.1248,9.32964,8.75765,8.11722,7.55839,7.0899,6.72943,6.46467,6.2378,6.11059,5.85519,5.46566,5.1508,4.83058,4.51597,4.21498,3.84321,3.5894,3.35745,3.14652,2.89548,2.72764,2.57534,2.4369,2.3108,2.15952,2.07525,1.99011,1.70533,1.51231,1.35686,1.22942,1.10956,1.01057,0.918103,0.852399,0.775358,0.719546,0.663762,0.615985,0.569157,0.53133,0.493093,0.459997,0.431072,0.403473,0.378093,0.355727,0.332771,0.313841,0.292519,0.27643,0.259769,0.245011,0.230081,0.218632,0.205641,0.194114,0.183817,0.173317,0.163958,0.155564,0.147098,0.138717,0.131245,0.124543,0.117925,0.11198,0.106148,0.100485,0.0954004,0.0904759,0.0860398,0.0817504,0.0776277
0.8,2.20937,8.29064,16.2461,18.2682,17.031,15.5795,14.4637,13.1884,12.0545,11.0506,10.1606,9.37007,8.80187,8.16631,7.61249,7.1494,6.79527,6.53783,6.31821,6.19705,5.9459,5.55965,5.24547,4.92464,4.6083,4.30475,3.92872,3.67137,3.43579,3.22125,2.96558,2.79444,2.63903,2.49767,2.36883,2.21417,2.128,2.04089,1.74932,1.55156,1.39224,1.26158,1.13867,1.03714,0.942292,0.87489,0.79585,0.738586,0.681346,0.63232,0.584264,0.545445,0.506203,0.472236,0.442549,0.414222,0.388172,0.365215,0.341652,0.322221,0.300334,0.283818,0.266716,0.251567,0.236241,0.224487,0.211151,0.199317,0.188746,0.177967,0.168359,0.159742,0.15105,0.142446,0.134776,0.127895,0.121101,0.114997,0.10901,0.103195,0.0979755,0.0929197,0.0883653,0.0839614,0.0797288
0.82,2.26294,8.43364,16.3404,18.3005,17.0553,15.6017,14.4861,13.2126,12.0814,11.0811,10.1951,9.40894,8.84442,8.21359,7.66466,7.20686,6.85897,6.60873,6.39628,6.2811,6.03419,5.6513,5.33798,5.01671,4.69885,4.39296,4.01292,3.75222,3.51315,3.29513,3.03497,2.86064,2.7022,2.55798,2.42645,2.26847,2.18042,2.09137,1.7931,1.59064,1.42747,1.29362,1.16768,1.06363,0.966408,0.897316,0.816285,0.757573,0.698884,0.648613,0.599335,0.559527,0.519282,0.484447,0.454,0.424948,0.39823,0.374682,0.350514,0.330584,0.308133,0.291193,0.27365,0.25811,0.242388,0.230332,0.216651,0.204512,0.193668,0.18261,0.172753,0.163913,0.154996,0.14617,0.138301,0.131242,0.124271,0.11801,0.111867,0.105902,0.100547,0.0953601,0.0906876,0.0861696,0.0818271
0.84,2.31642,8.57403,16.4312,18.3316,17.0787,15.6231,14.5078,13.2359,12.1074,11.1104,10.2284,9.44649,8.88555,8.25934,7.71519,7.26259,6.92087,6.67775,6.47238,6.36311,6.12046,5.74104,5.4287,5.10716,4.78798,4.47992,4.09613,3.83223,3.58981,3.36844,3.10392,2.92647,2.76506,2.61804,2.48387,2.32261,2.23272,2.14174,1.83681,1.62969,1.46269,1.32566,1.19669,1.09012,0.990538,0.919758,0.836738,0.776579,0.71644,0.664924,0.614423,0.573625,0.532379,0.496674,0.465468,0.435689,0.408302,0.384165,0.359391,0.33896,0.315946,0.298579,0.280595,0.264664,0.248547,0.236187,0.222161,0.209715,0.198598,0.187261,0.177156,0.168092,0.15895,0.149901,0.141833,0.134596,0.127449,0.121029,0.114731,0.108615,0.103124,0.0978061,0.0930153,0.0883829,0.0839305
0.86,2.37001,8.7124,16.5192,18.3617,17.1013,15.6438,14.5287,13.2584,12.1325,11.1389,10.2607,9.48294,8.9255,8.30382,7.76438,7.31691,6.98128,6.74523,6.5469,6.4435,6.20512,5.82925,5.51802,5.19638,4.87604,4.56602,4.17869,3.91172,3.66608,3.44146,3.17269,2.99218,2.82786,2.67807,2.5413,2.37681,2.28508,2.19219,1.88065,1.66888,1.49804,1.35783,1.22583,1.11674,1.01478,0.942307,0.85729,0.79568,0.734085,0.681319,0.62959,0.587799,0.545546,0.508969,0.476998,0.44649,0.418431,0.393701,0.368317,0.347384,0.323803,0.306009,0.287581,0.271256,0.254741,0.242076,0.227703,0.21495,0.203558,0.19194,0.181585,0.172297,0.162929,0.153654,0.145387,0.13797,0.130646,0.124067,0.117613,0.111345,0.105718,0.100268,0.095358,0.0906105,0.0860475
0.88,2.4235,8.84826,16.6042,18.3907,17.123,15.6636,14.5488,13.2801,12.1568,11.1664,10.2919,9.51819,8.96417,8.34691,7.81209,7.36967,7.04005,6.81097,6.61961,6.52202,6.28789,5.91565,5.60564,5.28403,4.96272,4.65088,4.26024,3.99038,3.74165,3.51388,3.24099,3.05751,2.89034,2.73785,2.59851,2.43083,2.3373,2.24252,1.92442,1.70803,1.53338,1.38999,1.25498,1.14337,1.03904,0.964873,0.877862,0.814801,0.751751,0.697735,0.644778,0.601993,0.558732,0.521281,0.488546,0.457308,0.428576,0.403253,0.377259,0.355823,0.331675,0.313452,0.29458,0.277862,0.260948,0.247977,0.233257,0.220196,0.208528,0.196629,0.186023,0.17651,0.166915,0.157417,0.148949,0.141352,0.133851,0.127112,0.120501,0.114081,0.108318,0.102735,0.0977065,0.0928438,0.08817
0.9,2.47645,8.98054,16.6857,18.4184,17.1438,15.6827,14.5681,13.3009,12.18,11.1927,10.3218,9.55204,9.00132,8.38835,7.858,7.42052,7.09678,6.87453,6.68999,6.59808,6.36816,5.99957,5.69086,5.36942,5.04729,4.73384,4.34013,4.06753,3.81588,3.58511,3.30826,3.1219,2.95198,2.79686,2.65503,2.48424,2.38894,2.29231,1.96777,1.74682,1.56841,1.42188,1.28388,1.16978,1.06311,0.987268,0.89828,0.83378,0.769288,0.714033,0.659857,0.616086,0.571826,0.533509,0.500015,0.468052,0.438653,0.41274,0.386141,0.364206,0.339494,0.320845,0.301533,0.284423,0.267114,0.253839,0.238775,0.225408,0.213466,0.201288,0.190434,0.180697,0.170877,0.161155,0.152488,0.144713,0.137035,0.130138,0.123372,0.116801,0.110902,0.105188,0.100041,0.0950638,0.09028
0.91,2.50333,9.04688,16.7261,18.4321,17.1541,15.6921,14.5776,13.3112,12.1916,11.2058,10.3367,9.56884,9.01977,8.40894,7.88084,7.44583,7.12505,6.90625,6.72514,6.63609,6.4083,6.04159,5.73357,5.41226,5.08977,4.77555,4.38037,4.10644,3.85337,3.62112,3.3423,3.1545,2.9832,2.82676,2.68368,2.51132,2.41514,2.31758,1.98979,1.76653,1.58622,1.4381,1.29858,1.18321,1.07535,0.998661,0.908668,0.843438,0.778212,0.722327,0.667532,0.623259,0.578491,0.539732,0.505853,0.473521,0.443782,0.41757,0.390663,0.368474,0.343475,0.32461,0.305073,0.287765,0.270254,0.256825,0.241585,0.228062,0.215981,0.203661,0.19268,0.182829,0.172895,0.163059,0.154291,0.146425,0.138658,0.13168,0.124834,0.118187,0.112218,0.106438,0.10123,0.0961947,0.0913548
0.92,2.52974,9.11152,16.7651,18.4453,17.164,15.7011,14.5868,13.3211,12.2027,11.2184,10.351,9.5851,9.03763,8.42889,7.90297,7.47037,7.15249,6.93704,6.75929,6.67304,6.44734,6.08247,5.77516,5.45401,5.1312,4.81627,4.41968,4.14448,3.89003,3.65635,3.37563,3.18645,3.0138,2.85609,2.71179,2.53791,2.44085,2.34238,2.01141,1.7859,1.60372,1.45404,1.31303,1.19642,1.08739,1.00987,0.918885,0.852937,0.78699,0.730485,0.675081,0.630316,0.585047,0.545856,0.511596,0.478902,0.44883,0.422322,0.395112,0.372673,0.347392,0.328314,0.308556,0.291052,0.273343,0.259762,0.24435,0.230673,0.218455,0.205996,0.19489,0.184928,0.17488,0.164933,0.156065,0.14811,0.140254,0.133197,0.126274,0.11955,0.113514,0.107668,0.102401,0.0973079,0.0924129
0.93,2.55635,9.17612,16.8038,18.4585,17.1738,15.7101,14.5959,13.331,12.2137,11.231,10.3653,9.60125,9.05538,8.44871,7.92498,7.49479,7.1798,6.96772,6.79334,6.70989,6.48629,6.12329,5.81671,5.49575,5.17266,4.85704,4.45909,4.18264,3.92682,3.69173,3.40912,3.21856,3.04459,2.88559,2.74008,2.56467,2.46675,2.36737,2.03321,1.80542,1.62136,1.47012,1.32761,1.20975,1.09954,1.02117,0.929195,0.862522,0.795848,0.738719,0.6827,0.637438,0.591665,0.552036,0.517394,0.484334,0.453924,0.427119,0.399604,0.376912,0.351347,0.332054,0.312073,0.294372,0.276462,0.262728,0.247141,0.23331,0.220954,0.208353,0.197122,0.187047,0.176885,0.166825,0.157857,0.149811,0.141866,0.134729,0.127727,0.120927,0.114822,0.108909,0.103583,0.098432,0.0934814
0.94,2.58293,9.24013,16.842,18.4714,17.1835,15.7189,14.6049,13.3407,12.2246,11.2433,10.3793,9.61715,9.07285,8.46825,7.94668,7.51888,7.20676,6.99804,6.82699,6.74633,6.52482,6.16369,5.85786,5.53712,5.21377,4.89751,4.49825,4.22057,3.96342,3.72695,3.44249,3.25057,3.07528,2.91503,2.76831,2.59139,2.49261,2.39232,2.05499,1.82494,1.63901,1.48619,1.34219,1.22308,1.11169,1.03248,0.939509,0.872112,0.804711,0.746957,0.690324,0.644564,0.598287,0.558221,0.523195,0.48977,0.459023,0.43192,0.404099,0.381155,0.355305,0.335796,0.315593,0.297694,0.279585,0.265697,0.249935,0.235949,0.223455,0.210713,0.199355,0.189168,0.178892,0.168719,0.15965,0.151514,0.14348,0.136262,0.129182,0.122306,0.116132,0.110153,0.104766,0.0995576,0.0945513
0.95,2.60925,9.30301,16.8791,18.4839,17.1929,15.7275,14.6136,13.3501,12.2352,11.2553,10.393,9.63267,9.08992,8.48733,7.96788,7.54244,7.23315,7.02772,6.85997,6.78204,6.56259,6.20334,5.89826,5.57776,5.2542,4.93734,4.53681,4.25797,3.99953,3.76171,3.47544,3.28219,3.10562,2.94413,2.79622,2.61782,2.5182,2.41702,2.07655,1.84427,1.65649,1.50212,1.35664,1.23629,1.12373,1.04369,0.949736,0.881621,0.8135,0.755127,0.697885,0.651632,0.604855,0.564355,0.52895,0.495162,0.46408,0.436682,0.408558,0.385364,0.359231,0.339509,0.319085,0.30099,0.282682,0.268642,0.252707,0.238568,0.225936,0.213055,0.201572,0.191272,0.180884,0.170599,0.16143,0.153204,0.145081,0.137784,0.130626,0.123674,0.117432,0.111387,0.105941,0.100675,0.095613
0.96,2.63578,9.36587,16.9161,18.4964,17.2022,15.7361,14.6222,13.3595,12.2457,11.2672,10.4066,9.64809,9.10689,8.5063,7.98898,7.56589,7.25943,7.05731,6.89286,6.81767,6.6003,6.24293,5.93863,5.6184,5.29465,4.97722,4.57547,4.29547,4.03576,3.79662,3.50856,3.31399,3.13614,2.97341,2.82433,2.64444,2.54397,2.4419,2.09829,1.86376,1.67411,1.51819,1.37122,1.24962,1.13589,1.05501,0.960057,0.891219,0.822372,0.763374,0.705518,0.658767,0.611486,0.570548,0.53476,0.500605,0.469186,0.441491,0.41306,0.389613,0.363196,0.343259,0.322611,0.304318,0.28581,0.271616,0.255507,0.241212,0.228442,0.215419,0.20381,0.193397,0.182895,0.172497,0.163227,0.154911,0.146699,0.139321,0.132084,0.125055,0.118745,0.112633,0.107127,0.101803,0.0966855
0.97,2.66229,9.42817,16.9524,18.5087,17.2113,15.7444,14.6307,13.3687,12.256,11.279,10.42,9.66328,9.1236,8.52501,8.00979,7.58903,7.28539,7.08655,6.92537,6.85291,6.6376,6.28212,5.97862,5.65868,5.33478,5.01681,4.61389,4.33277,4.07182,3.83137,3.54155,3.34569,3.16657,3.00262,2.85237,2.671,2.5697,2.46674,2.12001,1.88324,1.69174,1.53425,1.38579,1.26296,1.14804,1.06632,0.970383,0.900821,0.831248,0.771625,0.713155,0.665907,0.618121,0.576746,0.540574,0.506053,0.474296,0.446303,0.417566,0.393866,0.367164,0.347011,0.32614,0.307649,0.28894,0.274593,0.258309,0.243859,0.23095,0.217786,0.206051,0.195525,0.184908,0.174397,0.165026,0.156619,0.148318,0.14086,0.133544,0.126439,0.12006,0.113881,0.108315,0.102933,0.0977593
0.98,2.68877,9.4899,16.9881,18.5207,17.2203,15.7527,14.6391,13.3777,12.2661,11.2906,10.4332,9.67825,9.14008,8.54346,8.03032,7.61187,7.31103,7.11545,6.95753,6.88776,6.67451,6.32093,6.01823,5.69861,5.37458,5.0561,4.65205,4.36984,4.10769,3.86597,3.57442,3.37727,3.1969,3.03176,2.88035,2.69752,2.59539,2.49155,2.1417,1.90272,1.70936,1.55032,1.40037,1.27629,1.16021,1.07765,0.980713,0.910428,0.840128,0.779881,0.720796,0.673051,0.624761,0.582947,0.546392,0.511505,0.479411,0.451119,0.422075,0.398123,0.371135,0.350767,0.329672,0.310983,0.292074,0.277572,0.261114,0.246509,0.233461,0.220155,0.208294,0.197654,0.186923,0.176299,0.166827,0.15833,0.149939,0.142401,0.135005,0.127824,0.121376,0.11513,0.109504,0.104064,0.0988345
0.99,2.71522,9.55108,17.0234,18.5326,17.2292,15.7608,14.6473,13.3867,12.2762,11.302,10.4462,9.693,9.15632,8.56165,8.05057,7.63442,7.33635,7.14401,6.98933,6.92224,6.71104,6.35935,6.05747,5.73819,5.41405,5.0951,4.68997,4.40671,4.14337,3.9004,3.60716,3.40875,3.22715,3.06081,2.90826,2.72399,2.62104,2.51631,2.16338,1.92217,1.72697,1.56638,1.41495,1.28963,1.17237,1.08897,0.991046,0.920038,0.849013,0.788141,0.728443,0.6802,0.631405,0.589153,0.552214,0.516961,0.484529,0.455939,0.426589,0.402383,0.37511,0.354526,0.333208,0.31432,0.29521,0.280555,0.263921,0.249161,0.235975,0.222527,0.210539,0.199786,0.188941,0.178203,0.16863,0.160042,0.151562,0.143943,0.136469,0.12921,0.122693,0.116381,0.110695,0.105196,0.099911
0.995,2.72844,9.58145,17.0408,18.5384,17.2335,15.7648,14.6514,13.391,12.2811,11.3076,10.4526,9.70029,9.16435,8.57064,8.06059,7.64558,7.3489,7.15816,7.00508,6.93934,6.72915,6.37841,6.07695,5.75784,5.43367,5.1145,4.70886,4.42509,4.16117,3.91758,3.62349,3.42446,3.24225,3.07532,2.9222,2.7372,2.63384,2.52868,2.17421,1.9319,1.73577,1.57441,1.42224,1.29629,1.17845,1.09463,0.996214,0.924845,0.853457,0.792273,0.732267,0.683776,0.634728,0.592258,0.555127,0.519691,0.487089,0.45835,0.428847,0.404515,0.377098,0.356407,0.334977,0.31599,0.29678,0.282047,0.265326,0.250488,0.237232,0.223713,0.211663,0.200853,0.18995,0.179156,0.169532,0.160899,0.152374,0.144715,0.137201,0.129904,0.123353,0.117007,0.11129,0.105763,0.10045
0.999,2.73837,9.6042,17.0537,18.5428,17.2368,15.7677,14.6544,13.3943,12.2848,11.3118,10.4574,9.70574,9.17035,8.57737,8.06808,7.65393,7.35828,7.16875,7.01688,6.95213,6.7427,6.39268,6.09153,5.77257,5.44838,5.12905,4.72301,4.43886,4.1745,3.93046,3.63574,3.43624,3.25357,3.0862,2.93266,2.74713,2.64346,2.53798,2.18235,1.93921,1.74238,1.58044,1.42772,1.30131,1.18302,1.09889,1.0001,0.928459,0.856798,0.79538,0.735143,0.686464,0.637227,0.594592,0.557317,0.521743,0.489015,0.460163,0.430545,0.406118,0.378594,0.357821,0.336307,0.317246,0.29796,0.283169,0.266383,0.251486,0.238178,0.224606,0.212508,0.201655,0.190709,0.179872,0.170211,0.161544,0.152984,0.145295,0.137752,0.130426,0.123849,0.117478,0.111739,0.106189,0.100855
